/*--------------------------------*- C++ -*----------------------------------*\
| =========                 |                                                 |
| \\      /  F ield         | OpenFOAM: The Open Source CFD Toolbox           |
|  \\    /   O peration     | Version:                                        |
|   \\  /    A nd           | Website:  www.openfoam.com                      |
|    \\/     M anipulation  |                                                 |
\*---------------------------------------------------------------------------*/
FoamFile
{
    version     2.0;
    format      ascii;
    class       faceList;
    location    "constant/air/polyMesh";
    object      faces;
}
// * * * * * * * * * * * * * * * * * * * * * * * * * * * * * * * * * * * * * //


9069
(
4(12 110 174 16)
4(41 76 174 110)
4(13 111 175 17)
4(110 174 175 111)
4(14 112 176 18)
4(111 175 176 112)
4(112 176 177 113)
4(110 114 178 174)
4(43 78 178 114)
4(111 115 179 175)
4(114 178 179 115)
4(112 116 180 176)
4(115 179 180 116)
4(116 180 181 117)
4(114 118 182 178)
4(45 80 182 118)
4(115 119 183 179)
4(118 182 183 119)
4(116 120 184 180)
4(119 183 184 120)
4(120 184 185 121)
4(118 122 186 182)
4(47 82 186 122)
4(119 123 187 183)
4(122 186 187 123)
4(120 124 188 184)
4(123 187 188 124)
4(124 188 189 125)
4(122 126 190 186)
4(49 84 190 126)
4(123 127 191 187)
4(126 190 191 127)
4(124 128 192 188)
4(127 191 192 128)
4(128 192 193 129)
4(126 130 194 190)
4(51 86 194 130)
4(127 131 195 191)
4(130 194 195 131)
4(128 132 196 192)
4(131 195 196 132)
4(132 196 197 133)
4(130 134 198 194)
4(53 88 198 134)
4(131 135 199 195)
4(134 198 199 135)
4(132 136 200 196)
4(135 199 200 136)
4(136 200 201 137)
4(134 138 202 198)
4(55 90 202 138)
4(135 139 203 199)
4(138 202 203 139)
4(136 140 204 200)
4(139 203 204 140)
4(140 204 205 141)
4(138 142 206 202)
4(57 92 206 142)
4(139 143 207 203)
4(142 206 207 143)
4(140 144 208 204)
4(143 207 208 144)
4(144 208 209 145)
4(142 146 210 206)
4(59 94 210 146)
4(143 147 211 207)
4(146 210 211 147)
4(144 148 212 208)
4(147 211 212 148)
4(148 212 213 149)
4(146 150 214 210)
4(61 96 214 150)
4(147 151 215 211)
4(150 214 215 151)
4(148 152 216 212)
4(151 215 216 152)
4(152 216 217 153)
4(150 154 218 214)
4(63 98 218 154)
4(151 155 219 215)
4(154 218 219 155)
4(152 156 220 216)
4(155 219 220 156)
4(156 220 221 157)
4(154 158 222 218)
4(65 100 222 158)
4(155 159 223 219)
4(158 222 223 159)
4(156 160 224 220)
4(159 223 224 160)
4(160 224 225 161)
4(158 162 226 222)
4(67 102 226 162)
4(159 163 227 223)
4(162 226 227 163)
4(160 164 228 224)
4(163 227 228 164)
4(164 228 229 165)
4(162 166 230 226)
4(69 104 230 166)
4(163 167 231 227)
4(166 230 231 167)
4(164 168 232 228)
4(167 231 232 168)
4(168 232 233 169)
4(166 170 234 230)
4(74 109 234 170)
4(167 171 235 231)
4(170 234 235 171)
4(168 172 236 232)
4(171 235 236 172)
4(172 236 237 173)
4(22 286 350 26)
4(250 268 350 286)
4(23 287 351 27)
4(286 350 351 287)
4(24 288 352 28)
4(287 351 352 288)
4(288 352 353 289)
4(286 290 354 350)
4(251 269 354 290)
4(287 291 355 351)
4(290 354 355 291)
4(288 292 356 352)
4(291 355 356 292)
4(292 356 357 293)
4(290 294 358 354)
4(252 270 358 294)
4(291 295 359 355)
4(294 358 359 295)
4(292 296 360 356)
4(295 359 360 296)
4(296 360 361 297)
4(294 298 362 358)
4(253 271 362 298)
4(295 299 363 359)
4(298 362 363 299)
4(296 300 364 360)
4(299 363 364 300)
4(300 364 365 301)
4(298 302 366 362)
4(254 272 366 302)
4(299 303 367 363)
4(302 366 367 303)
4(300 304 368 364)
4(303 367 368 304)
4(304 368 369 305)
4(302 306 370 366)
4(255 273 370 306)
4(303 307 371 367)
4(306 370 371 307)
4(304 308 372 368)
4(307 371 372 308)
4(308 372 373 309)
4(306 310 374 370)
4(256 274 374 310)
4(307 311 375 371)
4(310 374 375 311)
4(308 312 376 372)
4(311 375 376 312)
4(312 376 377 313)
4(310 314 378 374)
4(257 275 378 314)
4(311 315 379 375)
4(314 378 379 315)
4(312 316 380 376)
4(315 379 380 316)
4(316 380 381 317)
4(314 318 382 378)
4(258 276 382 318)
4(315 319 383 379)
4(318 382 383 319)
4(316 320 384 380)
4(319 383 384 320)
4(320 384 385 321)
4(318 322 386 382)
4(259 277 386 322)
4(319 323 387 383)
4(322 386 387 323)
4(320 324 388 384)
4(323 387 388 324)
4(324 388 389 325)
4(322 326 390 386)
4(260 278 390 326)
4(323 327 391 387)
4(326 390 391 327)
4(324 328 392 388)
4(327 391 392 328)
4(328 392 393 329)
4(326 330 394 390)
4(261 279 394 330)
4(327 331 395 391)
4(330 394 395 331)
4(328 332 396 392)
4(331 395 396 332)
4(332 396 397 333)
4(330 334 398 394)
4(262 280 398 334)
4(331 335 399 395)
4(334 398 399 335)
4(332 336 400 396)
4(335 399 400 336)
4(336 400 401 337)
4(334 338 402 398)
4(263 281 402 338)
4(335 339 403 399)
4(338 402 403 339)
4(336 340 404 400)
4(339 403 404 340)
4(340 404 405 341)
4(338 342 406 402)
4(264 282 406 342)
4(339 343 407 403)
4(342 406 407 343)
4(340 344 408 404)
4(343 407 408 344)
4(344 408 409 345)
4(342 346 410 406)
4(267 285 410 346)
4(343 347 411 407)
4(346 410 411 347)
4(344 348 412 408)
4(347 411 412 348)
4(348 412 413 349)
4(71 453 553 106)
4(452 552 553 453)
4(70 105 552 452)
4(72 454 554 107)
4(453 553 554 454)
4(73 455 555 108)
4(454 554 555 455)
4(455 555 556 456)
4(74 456 556 109)
4(453 458 558 553)
4(457 557 558 458)
4(452 552 557 457)
4(454 459 559 554)
4(458 558 559 459)
4(455 460 560 555)
4(459 559 560 460)
4(460 560 561 461)
4(456 461 561 556)
4(458 463 563 558)
4(462 562 563 463)
4(457 557 562 462)
4(459 464 564 559)
4(463 563 564 464)
4(460 465 565 560)
4(464 564 565 465)
4(465 565 566 466)
4(461 466 566 561)
4(463 468 568 563)
4(467 567 568 468)
4(462 562 567 467)
4(464 469 569 564)
4(468 568 569 469)
4(465 470 570 565)
4(469 569 570 470)
4(470 570 571 471)
4(466 471 571 566)
4(468 473 573 568)
4(472 572 573 473)
4(467 567 572 472)
4(469 474 574 569)
4(473 573 574 474)
4(470 475 575 570)
4(474 574 575 475)
4(475 575 576 476)
4(471 476 576 571)
4(473 478 578 573)
4(477 577 578 478)
4(472 572 577 477)
4(474 479 579 574)
4(478 578 579 479)
4(475 480 580 575)
4(479 579 580 480)
4(480 580 581 481)
4(476 481 581 576)
4(478 483 583 578)
4(482 582 583 483)
4(477 577 582 482)
4(479 484 584 579)
4(483 583 584 484)
4(480 485 585 580)
4(484 584 585 485)
4(485 585 586 486)
4(481 486 586 581)
4(483 488 588 583)
4(487 587 588 488)
4(482 582 587 487)
4(484 489 589 584)
4(488 588 589 489)
4(485 490 590 585)
4(489 589 590 490)
4(490 590 591 491)
4(486 491 591 586)
4(488 493 593 588)
4(492 592 593 493)
4(487 587 592 492)
4(489 494 594 589)
4(493 593 594 494)
4(490 495 595 590)
4(494 594 595 495)
4(495 595 596 496)
4(491 496 596 591)
4(493 498 598 593)
4(497 597 598 498)
4(492 592 597 497)
4(494 499 599 594)
4(498 598 599 499)
4(495 500 600 595)
4(499 599 600 500)
4(500 600 601 501)
4(496 501 601 596)
4(498 503 603 598)
4(502 602 603 503)
4(497 597 602 502)
4(499 504 604 599)
4(503 603 604 504)
4(500 505 605 600)
4(504 604 605 505)
4(505 605 606 506)
4(501 506 606 601)
4(503 508 608 603)
4(507 607 608 508)
4(502 602 607 507)
4(504 509 609 604)
4(508 608 609 509)
4(505 510 610 605)
4(509 609 610 510)
4(510 610 611 511)
4(506 511 611 606)
4(508 513 613 608)
4(512 612 613 513)
4(507 607 612 512)
4(509 514 614 609)
4(513 613 614 514)
4(510 515 615 610)
4(514 614 615 515)
4(515 615 616 516)
4(511 516 616 611)
4(513 518 618 613)
4(517 617 618 518)
4(512 612 617 517)
4(514 519 619 614)
4(518 618 619 519)
4(515 520 620 615)
4(519 619 620 520)
4(520 620 621 521)
4(516 521 621 616)
4(518 523 623 618)
4(522 622 623 523)
4(517 617 622 522)
4(519 524 624 619)
4(523 623 624 524)
4(520 525 625 620)
4(524 624 625 525)
4(525 625 626 526)
4(521 526 626 621)
4(523 528 628 623)
4(527 627 628 528)
4(522 622 627 527)
4(524 529 629 624)
4(528 628 629 529)
4(525 530 630 625)
4(529 629 630 530)
4(530 630 631 531)
4(526 531 631 626)
4(528 533 633 628)
4(532 632 633 533)
4(527 627 632 532)
4(529 534 634 629)
4(533 633 634 534)
4(530 535 635 630)
4(534 634 635 535)
4(535 635 636 536)
4(531 536 636 631)
4(533 538 638 633)
4(537 637 638 538)
4(532 632 637 537)
4(534 539 639 634)
4(538 638 639 539)
4(535 540 640 635)
4(539 639 640 540)
4(540 640 641 541)
4(536 541 641 636)
4(538 543 643 638)
4(542 642 643 543)
4(537 637 642 542)
4(539 544 644 639)
4(543 643 644 544)
4(540 545 645 640)
4(544 644 645 545)
4(545 645 646 546)
4(541 546 646 641)
4(543 548 648 643)
4(542 642 647 547)
4(544 549 649 644)
4(545 550 650 645)
4(546 551 651 646)
4(170 652 732 234)
4(456 556 732 652)
4(171 653 733 235)
4(652 732 733 653)
4(172 654 734 236)
4(653 733 734 654)
4(654 734 735 655)
4(173 655 735 237)
4(652 656 736 732)
4(461 561 736 656)
4(653 657 737 733)
4(656 736 737 657)
4(654 658 738 734)
4(657 737 738 658)
4(658 738 739 659)
4(655 659 739 735)
4(656 660 740 736)
4(466 566 740 660)
4(657 661 741 737)
4(660 740 741 661)
4(658 662 742 738)
4(661 741 742 662)
4(662 742 743 663)
4(659 663 743 739)
4(660 664 744 740)
4(471 571 744 664)
4(661 665 745 741)
4(664 744 745 665)
4(662 666 746 742)
4(665 745 746 666)
4(666 746 747 667)
4(663 667 747 743)
4(664 668 748 744)
4(476 576 748 668)
4(665 669 749 745)
4(668 748 749 669)
4(666 670 750 746)
4(669 749 750 670)
4(670 750 751 671)
4(667 671 751 747)
4(668 672 752 748)
4(481 581 752 672)
4(669 673 753 749)
4(672 752 753 673)
4(670 674 754 750)
4(673 753 754 674)
4(674 754 755 675)
4(671 675 755 751)
4(672 676 756 752)
4(486 586 756 676)
4(673 677 757 753)
4(676 756 757 677)
4(674 678 758 754)
4(677 757 758 678)
4(678 758 759 679)
4(675 679 759 755)
4(676 680 760 756)
4(491 591 760 680)
4(677 681 761 757)
4(680 760 761 681)
4(678 682 762 758)
4(681 761 762 682)
4(682 762 763 683)
4(679 683 763 759)
4(680 684 764 760)
4(496 596 764 684)
4(681 685 765 761)
4(684 764 765 685)
4(682 686 766 762)
4(685 765 766 686)
4(686 766 767 687)
4(683 687 767 763)
4(684 688 768 764)
4(501 601 768 688)
4(685 689 769 765)
4(688 768 769 689)
4(686 690 770 766)
4(689 769 770 690)
4(690 770 771 691)
4(687 691 771 767)
4(688 692 772 768)
4(506 606 772 692)
4(689 693 773 769)
4(692 772 773 693)
4(690 694 774 770)
4(693 773 774 694)
4(694 774 775 695)
4(691 695 775 771)
4(692 696 776 772)
4(511 611 776 696)
4(693 697 777 773)
4(696 776 777 697)
4(694 698 778 774)
4(697 777 778 698)
4(698 778 779 699)
4(695 699 779 775)
4(696 700 780 776)
4(516 616 780 700)
4(697 701 781 777)
4(700 780 781 701)
4(698 702 782 778)
4(701 781 782 702)
4(702 782 783 703)
4(699 703 783 779)
4(700 704 784 780)
4(521 621 784 704)
4(701 705 785 781)
4(704 784 785 705)
4(702 706 786 782)
4(705 785 786 706)
4(706 786 787 707)
4(703 707 787 783)
4(704 708 788 784)
4(526 626 788 708)
4(705 709 789 785)
4(708 788 789 709)
4(706 710 790 786)
4(709 789 790 710)
4(710 790 791 711)
4(707 711 791 787)
4(708 712 792 788)
4(531 631 792 712)
4(709 713 793 789)
4(712 792 793 713)
4(710 714 794 790)
4(713 793 794 714)
4(714 794 795 715)
4(711 715 795 791)
4(712 716 796 792)
4(536 636 796 716)
4(713 717 797 793)
4(716 796 797 717)
4(714 718 798 794)
4(717 797 798 718)
4(718 798 799 719)
4(715 719 799 795)
4(716 720 800 796)
4(541 641 800 720)
4(717 721 801 797)
4(720 800 801 721)
4(718 722 802 798)
4(721 801 802 722)
4(722 802 803 723)
4(719 723 803 799)
4(720 724 804 800)
4(546 646 804 724)
4(721 725 805 801)
4(724 804 805 725)
4(722 726 806 802)
4(725 805 806 726)
4(726 806 807 727)
4(723 727 807 803)
4(724 728 808 804)
4(725 729 809 805)
4(726 730 810 806)
4(727 731 811 807)
4(238 812 872 241)
4(655 735 872 812)
4(239 813 873 242)
4(812 872 873 813)
4(813 873 874 814)
4(240 814 874 243)
4(812 815 875 872)
4(659 739 875 815)
4(813 816 876 873)
4(815 875 876 816)
4(816 876 877 817)
4(814 817 877 874)
4(815 818 878 875)
4(663 743 878 818)
4(816 819 879 876)
4(818 878 879 819)
4(819 879 880 820)
4(817 820 880 877)
4(818 821 881 878)
4(667 747 881 821)
4(819 822 882 879)
4(821 881 882 822)
4(822 882 883 823)
4(820 823 883 880)
4(821 824 884 881)
4(671 751 884 824)
4(822 825 885 882)
4(824 884 885 825)
4(825 885 886 826)
4(823 826 886 883)
4(824 827 887 884)
4(675 755 887 827)
4(825 828 888 885)
4(827 887 888 828)
4(828 888 889 829)
4(826 829 889 886)
4(827 830 890 887)
4(679 759 890 830)
4(828 831 891 888)
4(830 890 891 831)
4(831 891 892 832)
4(829 832 892 889)
4(830 833 893 890)
4(683 763 893 833)
4(831 834 894 891)
4(833 893 894 834)
4(834 894 895 835)
4(832 835 895 892)
4(833 836 896 893)
4(687 767 896 836)
4(834 837 897 894)
4(836 896 897 837)
4(837 897 898 838)
4(835 838 898 895)
4(836 839 899 896)
4(691 771 899 839)
4(837 840 900 897)
4(839 899 900 840)
4(840 900 901 841)
4(838 841 901 898)
4(839 842 902 899)
4(695 775 902 842)
4(840 843 903 900)
4(842 902 903 843)
4(843 903 904 844)
4(841 844 904 901)
4(842 845 905 902)
4(699 779 905 845)
4(843 846 906 903)
4(845 905 906 846)
4(846 906 907 847)
4(844 847 907 904)
4(845 848 908 905)
4(703 783 908 848)
4(846 849 909 906)
4(848 908 909 849)
4(849 909 910 850)
4(847 850 910 907)
4(848 851 911 908)
4(707 787 911 851)
4(849 852 912 909)
4(851 911 912 852)
4(852 912 913 853)
4(850 853 913 910)
4(851 854 914 911)
4(711 791 914 854)
4(852 855 915 912)
4(854 914 915 855)
4(855 915 916 856)
4(853 856 916 913)
4(854 857 917 914)
4(715 795 917 857)
4(855 858 918 915)
4(857 917 918 858)
4(858 918 919 859)
4(856 859 919 916)
4(857 860 920 917)
4(719 799 920 860)
4(858 861 921 918)
4(860 920 921 861)
4(861 921 922 862)
4(859 862 922 919)
4(860 863 923 920)
4(723 803 923 863)
4(861 864 924 921)
4(863 923 924 864)
4(864 924 925 865)
4(862 865 925 922)
4(863 866 926 923)
4(727 807 926 866)
4(864 867 927 924)
4(866 926 927 867)
4(867 927 928 868)
4(865 868 928 925)
4(866 869 929 926)
4(867 870 930 927)
4(868 871 931 928)
4(244 932 992 247)
4(814 874 992 932)
4(245 933 993 248)
4(932 992 993 933)
4(933 993 994 934)
4(246 934 994 249)
4(932 935 995 992)
4(817 877 995 935)
4(933 936 996 993)
4(935 995 996 936)
4(936 996 997 937)
4(934 937 997 994)
4(935 938 998 995)
4(820 880 998 938)
4(936 939 999 996)
4(938 998 999 939)
4(939 999 1000 940)
4(937 940 1000 997)
4(938 941 1001 998)
4(823 883 1001 941)
4(939 942 1002 999)
4(941 1001 1002 942)
4(942 1002 1003 943)
4(940 943 1003 1000)
4(941 944 1004 1001)
4(826 886 1004 944)
4(942 945 1005 1002)
4(944 1004 1005 945)
4(945 1005 1006 946)
4(943 946 1006 1003)
4(944 947 1007 1004)
4(829 889 1007 947)
4(945 948 1008 1005)
4(947 1007 1008 948)
4(948 1008 1009 949)
4(946 949 1009 1006)
4(947 950 1010 1007)
4(832 892 1010 950)
4(948 951 1011 1008)
4(950 1010 1011 951)
4(951 1011 1012 952)
4(949 952 1012 1009)
4(950 953 1013 1010)
4(835 895 1013 953)
4(951 954 1014 1011)
4(953 1013 1014 954)
4(954 1014 1015 955)
4(952 955 1015 1012)
4(953 956 1016 1013)
4(838 898 1016 956)
4(954 957 1017 1014)
4(956 1016 1017 957)
4(957 1017 1018 958)
4(955 958 1018 1015)
4(956 959 1019 1016)
4(841 901 1019 959)
4(957 960 1020 1017)
4(959 1019 1020 960)
4(960 1020 1021 961)
4(958 961 1021 1018)
4(959 962 1022 1019)
4(844 904 1022 962)
4(960 963 1023 1020)
4(962 1022 1023 963)
4(963 1023 1024 964)
4(961 964 1024 1021)
4(962 965 1025 1022)
4(847 907 1025 965)
4(963 966 1026 1023)
4(965 1025 1026 966)
4(966 1026 1027 967)
4(964 967 1027 1024)
4(965 968 1028 1025)
4(850 910 1028 968)
4(966 969 1029 1026)
4(968 1028 1029 969)
4(969 1029 1030 970)
4(967 970 1030 1027)
4(968 971 1031 1028)
4(853 913 1031 971)
4(969 972 1032 1029)
4(971 1031 1032 972)
4(972 1032 1033 973)
4(970 973 1033 1030)
4(971 974 1034 1031)
4(856 916 1034 974)
4(972 975 1035 1032)
4(974 1034 1035 975)
4(975 1035 1036 976)
4(973 976 1036 1033)
4(974 977 1037 1034)
4(859 919 1037 977)
4(975 978 1038 1035)
4(977 1037 1038 978)
4(978 1038 1039 979)
4(976 979 1039 1036)
4(977 980 1040 1037)
4(862 922 1040 980)
4(978 981 1041 1038)
4(980 1040 1041 981)
4(981 1041 1042 982)
4(979 982 1042 1039)
4(980 983 1043 1040)
4(865 925 1043 983)
4(981 984 1044 1041)
4(983 1043 1044 984)
4(984 1044 1045 985)
4(982 985 1045 1042)
4(983 986 1046 1043)
4(868 928 1046 986)
4(984 987 1047 1044)
4(986 1046 1047 987)
4(987 1047 1048 988)
4(985 988 1048 1045)
4(986 989 1049 1046)
4(987 990 1050 1047)
4(988 991 1051 1048)
4(265 1052 1112 283)
4(934 994 1112 1052)
4(266 1053 1113 284)
4(1052 1112 1113 1053)
4(1053 1113 1114 1054)
4(267 1054 1114 285)
4(1052 1055 1115 1112)
4(937 997 1115 1055)
4(1053 1056 1116 1113)
4(1055 1115 1116 1056)
4(1056 1116 1117 1057)
4(1054 1057 1117 1114)
4(1055 1058 1118 1115)
4(940 1000 1118 1058)
4(1056 1059 1119 1116)
4(1058 1118 1119 1059)
4(1059 1119 1120 1060)
4(1057 1060 1120 1117)
4(1058 1061 1121 1118)
4(943 1003 1121 1061)
4(1059 1062 1122 1119)
4(1061 1121 1122 1062)
4(1062 1122 1123 1063)
4(1060 1063 1123 1120)
4(1061 1064 1124 1121)
4(946 1006 1124 1064)
4(1062 1065 1125 1122)
4(1064 1124 1125 1065)
4(1065 1125 1126 1066)
4(1063 1066 1126 1123)
4(1064 1067 1127 1124)
4(949 1009 1127 1067)
4(1065 1068 1128 1125)
4(1067 1127 1128 1068)
4(1068 1128 1129 1069)
4(1066 1069 1129 1126)
4(1067 1070 1130 1127)
4(952 1012 1130 1070)
4(1068 1071 1131 1128)
4(1070 1130 1131 1071)
4(1071 1131 1132 1072)
4(1069 1072 1132 1129)
4(1070 1073 1133 1130)
4(955 1015 1133 1073)
4(1071 1074 1134 1131)
4(1073 1133 1134 1074)
4(1074 1134 1135 1075)
4(1072 1075 1135 1132)
4(1073 1076 1136 1133)
4(958 1018 1136 1076)
4(1074 1077 1137 1134)
4(1076 1136 1137 1077)
4(1077 1137 1138 1078)
4(1075 1078 1138 1135)
4(1076 1079 1139 1136)
4(961 1021 1139 1079)
4(1077 1080 1140 1137)
4(1079 1139 1140 1080)
4(1080 1140 1141 1081)
4(1078 1081 1141 1138)
4(1079 1082 1142 1139)
4(964 1024 1142 1082)
4(1080 1083 1143 1140)
4(1082 1142 1143 1083)
4(1083 1143 1144 1084)
4(1081 1084 1144 1141)
4(1082 1085 1145 1142)
4(967 1027 1145 1085)
4(1083 1086 1146 1143)
4(1085 1145 1146 1086)
4(1086 1146 1147 1087)
4(1084 1087 1147 1144)
4(1085 1088 1148 1145)
4(970 1030 1148 1088)
4(1086 1089 1149 1146)
4(1088 1148 1149 1089)
4(1089 1149 1150 1090)
4(1087 1090 1150 1147)
4(1088 1091 1151 1148)
4(973 1033 1151 1091)
4(1089 1092 1152 1149)
4(1091 1151 1152 1092)
4(1092 1152 1153 1093)
4(1090 1093 1153 1150)
4(1091 1094 1154 1151)
4(976 1036 1154 1094)
4(1092 1095 1155 1152)
4(1094 1154 1155 1095)
4(1095 1155 1156 1096)
4(1093 1096 1156 1153)
4(1094 1097 1157 1154)
4(979 1039 1157 1097)
4(1095 1098 1158 1155)
4(1097 1157 1158 1098)
4(1098 1158 1159 1099)
4(1096 1099 1159 1156)
4(1097 1100 1160 1157)
4(982 1042 1160 1100)
4(1098 1101 1161 1158)
4(1100 1160 1161 1101)
4(1101 1161 1162 1102)
4(1099 1102 1162 1159)
4(1100 1103 1163 1160)
4(985 1045 1163 1103)
4(1101 1104 1164 1161)
4(1103 1163 1164 1104)
4(1104 1164 1165 1105)
4(1102 1105 1165 1162)
4(1103 1106 1166 1163)
4(988 1048 1166 1106)
4(1104 1107 1167 1164)
4(1106 1166 1167 1107)
4(1107 1167 1168 1108)
4(1105 1108 1168 1165)
4(1106 1109 1169 1166)
4(1107 1110 1170 1167)
4(1108 1111 1171 1168)
4(346 1172 1252 410)
4(1054 1114 1252 1172)
4(347 1173 1253 411)
4(1172 1252 1253 1173)
4(348 1174 1254 412)
4(1173 1253 1254 1174)
4(1174 1254 1255 1175)
4(349 1175 1255 413)
4(1172 1176 1256 1252)
4(1057 1117 1256 1176)
4(1173 1177 1257 1253)
4(1176 1256 1257 1177)
4(1174 1178 1258 1254)
4(1177 1257 1258 1178)
4(1178 1258 1259 1179)
4(1175 1179 1259 1255)
4(1176 1180 1260 1256)
4(1060 1120 1260 1180)
4(1177 1181 1261 1257)
4(1180 1260 1261 1181)
4(1178 1182 1262 1258)
4(1181 1261 1262 1182)
4(1182 1262 1263 1183)
4(1179 1183 1263 1259)
4(1180 1184 1264 1260)
4(1063 1123 1264 1184)
4(1181 1185 1265 1261)
4(1184 1264 1265 1185)
4(1182 1186 1266 1262)
4(1185 1265 1266 1186)
4(1186 1266 1267 1187)
4(1183 1187 1267 1263)
4(1184 1188 1268 1264)
4(1066 1126 1268 1188)
4(1185 1189 1269 1265)
4(1188 1268 1269 1189)
4(1186 1190 1270 1266)
4(1189 1269 1270 1190)
4(1190 1270 1271 1191)
4(1187 1191 1271 1267)
4(1188 1192 1272 1268)
4(1069 1129 1272 1192)
4(1189 1193 1273 1269)
4(1192 1272 1273 1193)
4(1190 1194 1274 1270)
4(1193 1273 1274 1194)
4(1194 1274 1275 1195)
4(1191 1195 1275 1271)
4(1192 1196 1276 1272)
4(1072 1132 1276 1196)
4(1193 1197 1277 1273)
4(1196 1276 1277 1197)
4(1194 1198 1278 1274)
4(1197 1277 1278 1198)
4(1198 1278 1279 1199)
4(1195 1199 1279 1275)
4(1196 1200 1280 1276)
4(1075 1135 1280 1200)
4(1197 1201 1281 1277)
4(1200 1280 1281 1201)
4(1198 1202 1282 1278)
4(1201 1281 1282 1202)
4(1202 1282 1283 1203)
4(1199 1203 1283 1279)
4(1200 1204 1284 1280)
4(1078 1138 1284 1204)
4(1201 1205 1285 1281)
4(1204 1284 1285 1205)
4(1202 1206 1286 1282)
4(1205 1285 1286 1206)
4(1206 1286 1287 1207)
4(1203 1207 1287 1283)
4(1204 1208 1288 1284)
4(1081 1141 1288 1208)
4(1205 1209 1289 1285)
4(1208 1288 1289 1209)
4(1206 1210 1290 1286)
4(1209 1289 1290 1210)
4(1210 1290 1291 1211)
4(1207 1211 1291 1287)
4(1208 1212 1292 1288)
4(1084 1144 1292 1212)
4(1209 1213 1293 1289)
4(1212 1292 1293 1213)
4(1210 1214 1294 1290)
4(1213 1293 1294 1214)
4(1214 1294 1295 1215)
4(1211 1215 1295 1291)
4(1212 1216 1296 1292)
4(1087 1147 1296 1216)
4(1213 1217 1297 1293)
4(1216 1296 1297 1217)
4(1214 1218 1298 1294)
4(1217 1297 1298 1218)
4(1218 1298 1299 1219)
4(1215 1219 1299 1295)
4(1216 1220 1300 1296)
4(1090 1150 1300 1220)
4(1217 1221 1301 1297)
4(1220 1300 1301 1221)
4(1218 1222 1302 1298)
4(1221 1301 1302 1222)
4(1222 1302 1303 1223)
4(1219 1223 1303 1299)
4(1220 1224 1304 1300)
4(1093 1153 1304 1224)
4(1221 1225 1305 1301)
4(1224 1304 1305 1225)
4(1222 1226 1306 1302)
4(1225 1305 1306 1226)
4(1226 1306 1307 1227)
4(1223 1227 1307 1303)
4(1224 1228 1308 1304)
4(1096 1156 1308 1228)
4(1225 1229 1309 1305)
4(1228 1308 1309 1229)
4(1226 1230 1310 1306)
4(1229 1309 1310 1230)
4(1230 1310 1311 1231)
4(1227 1231 1311 1307)
4(1228 1232 1312 1308)
4(1099 1159 1312 1232)
4(1229 1233 1313 1309)
4(1232 1312 1313 1233)
4(1230 1234 1314 1310)
4(1233 1313 1314 1234)
4(1234 1314 1315 1235)
4(1231 1235 1315 1311)
4(1232 1236 1316 1312)
4(1102 1162 1316 1236)
4(1233 1237 1317 1313)
4(1236 1316 1317 1237)
4(1234 1238 1318 1314)
4(1237 1317 1318 1238)
4(1238 1318 1319 1239)
4(1235 1239 1319 1315)
4(1236 1240 1320 1316)
4(1105 1165 1320 1240)
4(1237 1241 1321 1317)
4(1240 1320 1321 1241)
4(1238 1242 1322 1318)
4(1241 1321 1322 1242)
4(1242 1322 1323 1243)
4(1239 1243 1323 1319)
4(1240 1244 1324 1320)
4(1108 1168 1324 1244)
4(1241 1245 1325 1321)
4(1244 1324 1325 1245)
4(1242 1246 1326 1322)
4(1245 1325 1326 1246)
4(1246 1326 1327 1247)
4(1243 1247 1327 1323)
4(1244 1248 1328 1324)
4(1245 1249 1329 1325)
4(1246 1250 1330 1326)
4(1247 1251 1331 1327)
4(429 1332 1412 448)
4(1175 1255 1412 1332)
4(430 1333 1413 449)
4(1332 1412 1413 1333)
4(431 1334 1414 450)
4(1333 1413 1414 1334)
4(1334 1414 1415 1335)
4(432 1335 1415 451)
4(1332 1336 1416 1412)
4(1179 1259 1416 1336)
4(1333 1337 1417 1413)
4(1336 1416 1417 1337)
4(1334 1338 1418 1414)
4(1337 1417 1418 1338)
4(1338 1418 1419 1339)
4(1335 1339 1419 1415)
4(1336 1340 1420 1416)
4(1183 1263 1420 1340)
4(1337 1341 1421 1417)
4(1340 1420 1421 1341)
4(1338 1342 1422 1418)
4(1341 1421 1422 1342)
4(1342 1422 1423 1343)
4(1339 1343 1423 1419)
4(1340 1344 1424 1420)
4(1187 1267 1424 1344)
4(1341 1345 1425 1421)
4(1344 1424 1425 1345)
4(1342 1346 1426 1422)
4(1345 1425 1426 1346)
4(1346 1426 1427 1347)
4(1343 1347 1427 1423)
4(1344 1348 1428 1424)
4(1191 1271 1428 1348)
4(1345 1349 1429 1425)
4(1348 1428 1429 1349)
4(1346 1350 1430 1426)
4(1349 1429 1430 1350)
4(1350 1430 1431 1351)
4(1347 1351 1431 1427)
4(1348 1352 1432 1428)
4(1195 1275 1432 1352)
4(1349 1353 1433 1429)
4(1352 1432 1433 1353)
4(1350 1354 1434 1430)
4(1353 1433 1434 1354)
4(1354 1434 1435 1355)
4(1351 1355 1435 1431)
4(1352 1356 1436 1432)
4(1199 1279 1436 1356)
4(1353 1357 1437 1433)
4(1356 1436 1437 1357)
4(1354 1358 1438 1434)
4(1357 1437 1438 1358)
4(1358 1438 1439 1359)
4(1355 1359 1439 1435)
4(1356 1360 1440 1436)
4(1203 1283 1440 1360)
4(1357 1361 1441 1437)
4(1360 1440 1441 1361)
4(1358 1362 1442 1438)
4(1361 1441 1442 1362)
4(1362 1442 1443 1363)
4(1359 1363 1443 1439)
4(1360 1364 1444 1440)
4(1207 1287 1444 1364)
4(1361 1365 1445 1441)
4(1364 1444 1445 1365)
4(1362 1366 1446 1442)
4(1365 1445 1446 1366)
4(1366 1446 1447 1367)
4(1363 1367 1447 1443)
4(1364 1368 1448 1444)
4(1211 1291 1448 1368)
4(1365 1369 1449 1445)
4(1368 1448 1449 1369)
4(1366 1370 1450 1446)
4(1369 1449 1450 1370)
4(1370 1450 1451 1371)
4(1367 1371 1451 1447)
4(1368 1372 1452 1448)
4(1215 1295 1452 1372)
4(1369 1373 1453 1449)
4(1372 1452 1453 1373)
4(1370 1374 1454 1450)
4(1373 1453 1454 1374)
4(1374 1454 1455 1375)
4(1371 1375 1455 1451)
4(1372 1376 1456 1452)
4(1219 1299 1456 1376)
4(1373 1377 1457 1453)
4(1376 1456 1457 1377)
4(1374 1378 1458 1454)
4(1377 1457 1458 1378)
4(1378 1458 1459 1379)
4(1375 1379 1459 1455)
4(1376 1380 1460 1456)
4(1223 1303 1460 1380)
4(1377 1381 1461 1457)
4(1380 1460 1461 1381)
4(1378 1382 1462 1458)
4(1381 1461 1462 1382)
4(1382 1462 1463 1383)
4(1379 1383 1463 1459)
4(1380 1384 1464 1460)
4(1227 1307 1464 1384)
4(1381 1385 1465 1461)
4(1384 1464 1465 1385)
4(1382 1386 1466 1462)
4(1385 1465 1466 1386)
4(1386 1466 1467 1387)
4(1383 1387 1467 1463)
4(1384 1388 1468 1464)
4(1231 1311 1468 1388)
4(1385 1389 1469 1465)
4(1388 1468 1469 1389)
4(1386 1390 1470 1466)
4(1389 1469 1470 1390)
4(1390 1470 1471 1391)
4(1387 1391 1471 1467)
4(1388 1392 1472 1468)
4(1235 1315 1472 1392)
4(1389 1393 1473 1469)
4(1392 1472 1473 1393)
4(1390 1394 1474 1470)
4(1393 1473 1474 1394)
4(1394 1474 1475 1395)
4(1391 1395 1475 1471)
4(1392 1396 1476 1472)
4(1239 1319 1476 1396)
4(1393 1397 1477 1473)
4(1396 1476 1477 1397)
4(1394 1398 1478 1474)
4(1397 1477 1478 1398)
4(1398 1478 1479 1399)
4(1395 1399 1479 1475)
4(1396 1400 1480 1476)
4(1243 1323 1480 1400)
4(1397 1401 1481 1477)
4(1400 1480 1481 1401)
4(1398 1402 1482 1478)
4(1401 1481 1482 1402)
4(1402 1482 1483 1403)
4(1399 1403 1483 1479)
4(1400 1404 1484 1480)
4(1247 1327 1484 1404)
4(1401 1405 1485 1481)
4(1404 1484 1485 1405)
4(1402 1406 1486 1482)
4(1405 1485 1486 1406)
4(1406 1486 1487 1407)
4(1403 1407 1487 1483)
4(1404 1408 1488 1484)
4(1405 1409 1489 1485)
4(1406 1410 1490 1486)
4(1407 1411 1491 1487)
4(1493 1513 1613 1593)
4(1512 1612 1613 1513)
4(1494 1514 1614 1594)
4(1513 1613 1614 1514)
4(1495 1515 1615 1595)
4(1514 1614 1615 1515)
4(1496 1516 1616 1596)
4(1515 1615 1616 1516)
4(1497 1517 1617 1597)
4(1516 1616 1617 1517)
4(1498 1518 1618 1598)
4(1517 1617 1618 1518)
4(1499 1519 1619 1599)
4(1518 1618 1619 1519)
4(1500 1520 1620 1600)
4(1519 1619 1620 1520)
4(1501 1521 1621 1601)
4(1520 1620 1621 1521)
4(1502 1522 1622 1602)
4(1521 1621 1622 1522)
4(1503 1523 1623 1603)
4(1522 1622 1623 1523)
4(1504 1524 1624 1604)
4(1523 1623 1624 1524)
4(1505 1525 1625 1605)
4(1524 1624 1625 1525)
4(1506 1526 1626 1606)
4(1525 1625 1626 1526)
4(1507 1527 1627 1607)
4(1526 1626 1627 1527)
4(1508 1528 1628 1608)
4(1527 1627 1628 1528)
4(1509 1529 1629 1609)
4(1528 1628 1629 1529)
4(1510 1530 1630 1610)
4(1529 1629 1630 1530)
4(1511 1531 1631 1611)
4(1530 1630 1631 1531)
4(1531 1631 7 1)
4(1513 1533 1633 1613)
4(1532 1632 1633 1533)
4(1514 1534 1634 1614)
4(1533 1633 1634 1534)
4(1515 1535 1635 1615)
4(1534 1634 1635 1535)
4(1516 1536 1636 1616)
4(1535 1635 1636 1536)
4(1517 1537 1637 1617)
4(1536 1636 1637 1537)
4(1518 1538 1638 1618)
4(1537 1637 1638 1538)
4(1519 1539 1639 1619)
4(1538 1638 1639 1539)
4(1520 1540 1640 1620)
4(1539 1639 1640 1540)
4(1521 1541 1641 1621)
4(1540 1640 1641 1541)
4(1522 1542 1642 1622)
4(1541 1641 1642 1542)
4(1523 1543 1643 1623)
4(1542 1642 1643 1543)
4(1524 1544 1644 1624)
4(1543 1643 1644 1544)
4(1525 1545 1645 1625)
4(1544 1644 1645 1545)
4(1526 1546 1646 1626)
4(1545 1645 1646 1546)
4(1527 1547 1647 1627)
4(1546 1646 1647 1547)
4(1528 1548 1648 1628)
4(1547 1647 1648 1548)
4(1529 1549 1649 1629)
4(1548 1648 1649 1549)
4(1530 1550 1650 1630)
4(1549 1649 1650 1550)
4(1531 1551 1651 1631)
4(1550 1650 1651 1551)
4(1551 1651 8 2)
4(1533 1553 1653 1633)
4(1552 1652 1653 1553)
4(1534 1554 1654 1634)
4(1553 1653 1654 1554)
4(1535 1555 1655 1635)
4(1554 1654 1655 1555)
4(1536 1556 1656 1636)
4(1555 1655 1656 1556)
4(1537 1557 1657 1637)
4(1556 1656 1657 1557)
4(1538 1558 1658 1638)
4(1557 1657 1658 1558)
4(1539 1559 1659 1639)
4(1558 1658 1659 1559)
4(1540 1560 1660 1640)
4(1559 1659 1660 1560)
4(1541 1561 1661 1641)
4(1560 1660 1661 1561)
4(1542 1562 1662 1642)
4(1561 1661 1662 1562)
4(1543 1563 1663 1643)
4(1562 1662 1663 1563)
4(1544 1564 1664 1644)
4(1563 1663 1664 1564)
4(1545 1565 1665 1645)
4(1564 1664 1665 1565)
4(1546 1566 1666 1646)
4(1565 1665 1666 1566)
4(1547 1567 1667 1647)
4(1566 1666 1667 1567)
4(1548 1568 1668 1648)
4(1567 1667 1668 1568)
4(1549 1569 1669 1649)
4(1568 1668 1669 1569)
4(1550 1570 1670 1650)
4(1569 1669 1670 1570)
4(1551 1571 1671 1651)
4(1570 1670 1671 1571)
4(1571 1671 9 3)
4(1553 1573 1673 1653)
4(1572 1672 1673 1573)
4(1554 1574 1674 1654)
4(1573 1673 1674 1574)
4(1555 1575 1675 1655)
4(1574 1674 1675 1575)
4(1556 1576 1676 1656)
4(1575 1675 1676 1576)
4(1557 1577 1677 1657)
4(1576 1676 1677 1577)
4(1558 1578 1678 1658)
4(1577 1677 1678 1578)
4(1559 1579 1679 1659)
4(1578 1678 1679 1579)
4(1560 1580 1680 1660)
4(1579 1679 1680 1580)
4(1561 1581 1681 1661)
4(1580 1680 1681 1581)
4(1562 1582 1682 1662)
4(1581 1681 1682 1582)
4(1563 1583 1683 1663)
4(1582 1682 1683 1583)
4(1564 1584 1684 1664)
4(1583 1683 1684 1584)
4(1565 1585 1685 1665)
4(1584 1684 1685 1585)
4(1566 1586 1686 1666)
4(1585 1685 1686 1586)
4(1567 1587 1687 1667)
4(1586 1686 1687 1587)
4(1568 1588 1688 1668)
4(1587 1687 1688 1588)
4(1569 1589 1689 1669)
4(1588 1688 1689 1589)
4(1570 1590 1690 1670)
4(1589 1689 1690 1590)
4(1571 1591 1691 1671)
4(1590 1690 1691 1591)
4(1591 1691 10 4)
4(1573 1693 2013 1673)
4(1692 2012 2013 1693)
4(1574 1694 2014 1674)
4(1693 2013 2014 1694)
4(1575 1695 2015 1675)
4(1694 2014 2015 1695)
4(1576 1696 2016 1676)
4(1695 2015 2016 1696)
4(1577 1697 2017 1677)
4(1696 2016 2017 1697)
4(1578 1698 2018 1678)
4(1697 2017 2018 1698)
4(1579 1699 2019 1679)
4(1698 2018 2019 1699)
4(1580 1700 2020 1680)
4(1699 2019 2020 1700)
4(1581 1701 2021 1681)
4(1700 2020 2021 1701)
4(1582 1702 2022 1682)
4(1701 2021 2022 1702)
4(1583 1703 2023 1683)
4(1702 2022 2023 1703)
4(1584 1704 2024 1684)
4(1703 2023 2024 1704)
4(1585 1705 2025 1685)
4(1704 2024 2025 1705)
4(1586 1706 2026 1686)
4(1705 2025 2026 1706)
4(1587 1707 2027 1687)
4(1706 2026 2027 1707)
4(1588 1708 2028 1688)
4(1707 2027 2028 1708)
4(1589 1709 2029 1689)
4(1708 2028 2029 1709)
4(1590 1710 2030 1690)
4(1709 2029 2030 1710)
4(1591 1711 2031 1691)
4(1710 2030 2031 1711)
4(1711 2031 75 40)
4(1693 1713 2033 2013)
4(1712 2032 2033 1713)
4(1694 1714 2034 2014)
4(1713 2033 2034 1714)
4(1695 1715 2035 2015)
4(1714 2034 2035 1715)
4(1696 1716 2036 2016)
4(1715 2035 2036 1716)
4(1697 1717 2037 2017)
4(1716 2036 2037 1717)
4(1698 1718 2038 2018)
4(1717 2037 2038 1718)
4(1699 1719 2039 2019)
4(1718 2038 2039 1719)
4(1700 1720 2040 2020)
4(1719 2039 2040 1720)
4(1701 1721 2041 2021)
4(1720 2040 2041 1721)
4(1702 1722 2042 2022)
4(1721 2041 2042 1722)
4(1703 1723 2043 2023)
4(1722 2042 2043 1723)
4(1704 1724 2044 2024)
4(1723 2043 2044 1724)
4(1705 1725 2045 2025)
4(1724 2044 2045 1725)
4(1706 1726 2046 2026)
4(1725 2045 2046 1726)
4(1707 1727 2047 2027)
4(1726 2046 2047 1727)
4(1708 1728 2048 2028)
4(1727 2047 2048 1728)
4(1709 1729 2049 2029)
4(1728 2048 2049 1729)
4(1710 1730 2050 2030)
4(1729 2049 2050 1730)
4(1711 1731 2051 2031)
4(1730 2050 2051 1731)
4(1731 2051 77 42)
4(1713 1733 2053 2033)
4(1732 2052 2053 1733)
4(1714 1734 2054 2034)
4(1733 2053 2054 1734)
4(1715 1735 2055 2035)
4(1734 2054 2055 1735)
4(1716 1736 2056 2036)
4(1735 2055 2056 1736)
4(1717 1737 2057 2037)
4(1736 2056 2057 1737)
4(1718 1738 2058 2038)
4(1737 2057 2058 1738)
4(1719 1739 2059 2039)
4(1738 2058 2059 1739)
4(1720 1740 2060 2040)
4(1739 2059 2060 1740)
4(1721 1741 2061 2041)
4(1740 2060 2061 1741)
4(1722 1742 2062 2042)
4(1741 2061 2062 1742)
4(1723 1743 2063 2043)
4(1742 2062 2063 1743)
4(1724 1744 2064 2044)
4(1743 2063 2064 1744)
4(1725 1745 2065 2045)
4(1744 2064 2065 1745)
4(1726 1746 2066 2046)
4(1745 2065 2066 1746)
4(1727 1747 2067 2047)
4(1746 2066 2067 1747)
4(1728 1748 2068 2048)
4(1747 2067 2068 1748)
4(1729 1749 2069 2049)
4(1748 2068 2069 1749)
4(1730 1750 2070 2050)
4(1749 2069 2070 1750)
4(1731 1751 2071 2051)
4(1750 2070 2071 1751)
4(1751 2071 79 44)
4(1733 1753 2073 2053)
4(1752 2072 2073 1753)
4(1734 1754 2074 2054)
4(1753 2073 2074 1754)
4(1735 1755 2075 2055)
4(1754 2074 2075 1755)
4(1736 1756 2076 2056)
4(1755 2075 2076 1756)
4(1737 1757 2077 2057)
4(1756 2076 2077 1757)
4(1738 1758 2078 2058)
4(1757 2077 2078 1758)
4(1739 1759 2079 2059)
4(1758 2078 2079 1759)
4(1740 1760 2080 2060)
4(1759 2079 2080 1760)
4(1741 1761 2081 2061)
4(1760 2080 2081 1761)
4(1742 1762 2082 2062)
4(1761 2081 2082 1762)
4(1743 1763 2083 2063)
4(1762 2082 2083 1763)
4(1744 1764 2084 2064)
4(1763 2083 2084 1764)
4(1745 1765 2085 2065)
4(1764 2084 2085 1765)
4(1746 1766 2086 2066)
4(1765 2085 2086 1766)
4(1747 1767 2087 2067)
4(1766 2086 2087 1767)
4(1748 1768 2088 2068)
4(1767 2087 2088 1768)
4(1749 1769 2089 2069)
4(1768 2088 2089 1769)
4(1750 1770 2090 2070)
4(1769 2089 2090 1770)
4(1751 1771 2091 2071)
4(1770 2090 2091 1771)
4(1771 2091 81 46)
4(1753 1773 2093 2073)
4(1772 2092 2093 1773)
4(1754 1774 2094 2074)
4(1773 2093 2094 1774)
4(1755 1775 2095 2075)
4(1774 2094 2095 1775)
4(1756 1776 2096 2076)
4(1775 2095 2096 1776)
4(1757 1777 2097 2077)
4(1776 2096 2097 1777)
4(1758 1778 2098 2078)
4(1777 2097 2098 1778)
4(1759 1779 2099 2079)
4(1778 2098 2099 1779)
4(1760 1780 2100 2080)
4(1779 2099 2100 1780)
4(1761 1781 2101 2081)
4(1780 2100 2101 1781)
4(1762 1782 2102 2082)
4(1781 2101 2102 1782)
4(1763 1783 2103 2083)
4(1782 2102 2103 1783)
4(1764 1784 2104 2084)
4(1783 2103 2104 1784)
4(1765 1785 2105 2085)
4(1784 2104 2105 1785)
4(1766 1786 2106 2086)
4(1785 2105 2106 1786)
4(1767 1787 2107 2087)
4(1786 2106 2107 1787)
4(1768 1788 2108 2088)
4(1787 2107 2108 1788)
4(1769 1789 2109 2089)
4(1788 2108 2109 1789)
4(1770 1790 2110 2090)
4(1789 2109 2110 1790)
4(1771 1791 2111 2091)
4(1790 2110 2111 1791)
4(1791 2111 83 48)
4(1773 1793 2113 2093)
4(1792 2112 2113 1793)
4(1774 1794 2114 2094)
4(1793 2113 2114 1794)
4(1775 1795 2115 2095)
4(1794 2114 2115 1795)
4(1776 1796 2116 2096)
4(1795 2115 2116 1796)
4(1777 1797 2117 2097)
4(1796 2116 2117 1797)
4(1778 1798 2118 2098)
4(1797 2117 2118 1798)
4(1779 1799 2119 2099)
4(1798 2118 2119 1799)
4(1780 1800 2120 2100)
4(1799 2119 2120 1800)
4(1781 1801 2121 2101)
4(1800 2120 2121 1801)
4(1782 1802 2122 2102)
4(1801 2121 2122 1802)
4(1783 1803 2123 2103)
4(1802 2122 2123 1803)
4(1784 1804 2124 2104)
4(1803 2123 2124 1804)
4(1785 1805 2125 2105)
4(1804 2124 2125 1805)
4(1786 1806 2126 2106)
4(1805 2125 2126 1806)
4(1787 1807 2127 2107)
4(1806 2126 2127 1807)
4(1788 1808 2128 2108)
4(1807 2127 2128 1808)
4(1789 1809 2129 2109)
4(1808 2128 2129 1809)
4(1790 1810 2130 2110)
4(1809 2129 2130 1810)
4(1791 1811 2131 2111)
4(1810 2130 2131 1811)
4(1811 2131 85 50)
4(1793 1813 2133 2113)
4(1812 2132 2133 1813)
4(1794 1814 2134 2114)
4(1813 2133 2134 1814)
4(1795 1815 2135 2115)
4(1814 2134 2135 1815)
4(1796 1816 2136 2116)
4(1815 2135 2136 1816)
4(1797 1817 2137 2117)
4(1816 2136 2137 1817)
4(1798 1818 2138 2118)
4(1817 2137 2138 1818)
4(1799 1819 2139 2119)
4(1818 2138 2139 1819)
4(1800 1820 2140 2120)
4(1819 2139 2140 1820)
4(1801 1821 2141 2121)
4(1820 2140 2141 1821)
4(1802 1822 2142 2122)
4(1821 2141 2142 1822)
4(1803 1823 2143 2123)
4(1822 2142 2143 1823)
4(1804 1824 2144 2124)
4(1823 2143 2144 1824)
4(1805 1825 2145 2125)
4(1824 2144 2145 1825)
4(1806 1826 2146 2126)
4(1825 2145 2146 1826)
4(1807 1827 2147 2127)
4(1826 2146 2147 1827)
4(1808 1828 2148 2128)
4(1827 2147 2148 1828)
4(1809 1829 2149 2129)
4(1828 2148 2149 1829)
4(1810 1830 2150 2130)
4(1829 2149 2150 1830)
4(1811 1831 2151 2131)
4(1830 2150 2151 1831)
4(1831 2151 87 52)
4(1813 1833 2153 2133)
4(1832 2152 2153 1833)
4(1814 1834 2154 2134)
4(1833 2153 2154 1834)
4(1815 1835 2155 2135)
4(1834 2154 2155 1835)
4(1816 1836 2156 2136)
4(1835 2155 2156 1836)
4(1817 1837 2157 2137)
4(1836 2156 2157 1837)
4(1818 1838 2158 2138)
4(1837 2157 2158 1838)
4(1819 1839 2159 2139)
4(1838 2158 2159 1839)
4(1820 1840 2160 2140)
4(1839 2159 2160 1840)
4(1821 1841 2161 2141)
4(1840 2160 2161 1841)
4(1822 1842 2162 2142)
4(1841 2161 2162 1842)
4(1823 1843 2163 2143)
4(1842 2162 2163 1843)
4(1824 1844 2164 2144)
4(1843 2163 2164 1844)
4(1825 1845 2165 2145)
4(1844 2164 2165 1845)
4(1826 1846 2166 2146)
4(1845 2165 2166 1846)
4(1827 1847 2167 2147)
4(1846 2166 2167 1847)
4(1828 1848 2168 2148)
4(1847 2167 2168 1848)
4(1829 1849 2169 2149)
4(1848 2168 2169 1849)
4(1830 1850 2170 2150)
4(1849 2169 2170 1850)
4(1831 1851 2171 2151)
4(1850 2170 2171 1851)
4(1851 2171 89 54)
4(1833 1853 2173 2153)
4(1852 2172 2173 1853)
4(1834 1854 2174 2154)
4(1853 2173 2174 1854)
4(1835 1855 2175 2155)
4(1854 2174 2175 1855)
4(1836 1856 2176 2156)
4(1855 2175 2176 1856)
4(1837 1857 2177 2157)
4(1856 2176 2177 1857)
4(1838 1858 2178 2158)
4(1857 2177 2178 1858)
4(1839 1859 2179 2159)
4(1858 2178 2179 1859)
4(1840 1860 2180 2160)
4(1859 2179 2180 1860)
4(1841 1861 2181 2161)
4(1860 2180 2181 1861)
4(1842 1862 2182 2162)
4(1861 2181 2182 1862)
4(1843 1863 2183 2163)
4(1862 2182 2183 1863)
4(1844 1864 2184 2164)
4(1863 2183 2184 1864)
4(1845 1865 2185 2165)
4(1864 2184 2185 1865)
4(1846 1866 2186 2166)
4(1865 2185 2186 1866)
4(1847 1867 2187 2167)
4(1866 2186 2187 1867)
4(1848 1868 2188 2168)
4(1867 2187 2188 1868)
4(1849 1869 2189 2169)
4(1868 2188 2189 1869)
4(1850 1870 2190 2170)
4(1869 2189 2190 1870)
4(1851 1871 2191 2171)
4(1870 2190 2191 1871)
4(1871 2191 91 56)
4(1853 1873 2193 2173)
4(1872 2192 2193 1873)
4(1854 1874 2194 2174)
4(1873 2193 2194 1874)
4(1855 1875 2195 2175)
4(1874 2194 2195 1875)
4(1856 1876 2196 2176)
4(1875 2195 2196 1876)
4(1857 1877 2197 2177)
4(1876 2196 2197 1877)
4(1858 1878 2198 2178)
4(1877 2197 2198 1878)
4(1859 1879 2199 2179)
4(1878 2198 2199 1879)
4(1860 1880 2200 2180)
4(1879 2199 2200 1880)
4(1861 1881 2201 2181)
4(1880 2200 2201 1881)
4(1862 1882 2202 2182)
4(1881 2201 2202 1882)
4(1863 1883 2203 2183)
4(1882 2202 2203 1883)
4(1864 1884 2204 2184)
4(1883 2203 2204 1884)
4(1865 1885 2205 2185)
4(1884 2204 2205 1885)
4(1866 1886 2206 2186)
4(1885 2205 2206 1886)
4(1867 1887 2207 2187)
4(1886 2206 2207 1887)
4(1868 1888 2208 2188)
4(1887 2207 2208 1888)
4(1869 1889 2209 2189)
4(1888 2208 2209 1889)
4(1870 1890 2210 2190)
4(1889 2209 2210 1890)
4(1871 1891 2211 2191)
4(1890 2210 2211 1891)
4(1891 2211 93 58)
4(1873 1893 2213 2193)
4(1892 2212 2213 1893)
4(1874 1894 2214 2194)
4(1893 2213 2214 1894)
4(1875 1895 2215 2195)
4(1894 2214 2215 1895)
4(1876 1896 2216 2196)
4(1895 2215 2216 1896)
4(1877 1897 2217 2197)
4(1896 2216 2217 1897)
4(1878 1898 2218 2198)
4(1897 2217 2218 1898)
4(1879 1899 2219 2199)
4(1898 2218 2219 1899)
4(1880 1900 2220 2200)
4(1899 2219 2220 1900)
4(1881 1901 2221 2201)
4(1900 2220 2221 1901)
4(1882 1902 2222 2202)
4(1901 2221 2222 1902)
4(1883 1903 2223 2203)
4(1902 2222 2223 1903)
4(1884 1904 2224 2204)
4(1903 2223 2224 1904)
4(1885 1905 2225 2205)
4(1904 2224 2225 1905)
4(1886 1906 2226 2206)
4(1905 2225 2226 1906)
4(1887 1907 2227 2207)
4(1906 2226 2227 1907)
4(1888 1908 2228 2208)
4(1907 2227 2228 1908)
4(1889 1909 2229 2209)
4(1908 2228 2229 1909)
4(1890 1910 2230 2210)
4(1909 2229 2230 1910)
4(1891 1911 2231 2211)
4(1910 2230 2231 1911)
4(1911 2231 95 60)
4(1893 1913 2233 2213)
4(1912 2232 2233 1913)
4(1894 1914 2234 2214)
4(1913 2233 2234 1914)
4(1895 1915 2235 2215)
4(1914 2234 2235 1915)
4(1896 1916 2236 2216)
4(1915 2235 2236 1916)
4(1897 1917 2237 2217)
4(1916 2236 2237 1917)
4(1898 1918 2238 2218)
4(1917 2237 2238 1918)
4(1899 1919 2239 2219)
4(1918 2238 2239 1919)
4(1900 1920 2240 2220)
4(1919 2239 2240 1920)
4(1901 1921 2241 2221)
4(1920 2240 2241 1921)
4(1902 1922 2242 2222)
4(1921 2241 2242 1922)
4(1903 1923 2243 2223)
4(1922 2242 2243 1923)
4(1904 1924 2244 2224)
4(1923 2243 2244 1924)
4(1905 1925 2245 2225)
4(1924 2244 2245 1925)
4(1906 1926 2246 2226)
4(1925 2245 2246 1926)
4(1907 1927 2247 2227)
4(1926 2246 2247 1927)
4(1908 1928 2248 2228)
4(1927 2247 2248 1928)
4(1909 1929 2249 2229)
4(1928 2248 2249 1929)
4(1910 1930 2250 2230)
4(1929 2249 2250 1930)
4(1911 1931 2251 2231)
4(1930 2250 2251 1931)
4(1931 2251 97 62)
4(1913 1933 2253 2233)
4(1932 2252 2253 1933)
4(1914 1934 2254 2234)
4(1933 2253 2254 1934)
4(1915 1935 2255 2235)
4(1934 2254 2255 1935)
4(1916 1936 2256 2236)
4(1935 2255 2256 1936)
4(1917 1937 2257 2237)
4(1936 2256 2257 1937)
4(1918 1938 2258 2238)
4(1937 2257 2258 1938)
4(1919 1939 2259 2239)
4(1938 2258 2259 1939)
4(1920 1940 2260 2240)
4(1939 2259 2260 1940)
4(1921 1941 2261 2241)
4(1940 2260 2261 1941)
4(1922 1942 2262 2242)
4(1941 2261 2262 1942)
4(1923 1943 2263 2243)
4(1942 2262 2263 1943)
4(1924 1944 2264 2244)
4(1943 2263 2264 1944)
4(1925 1945 2265 2245)
4(1944 2264 2265 1945)
4(1926 1946 2266 2246)
4(1945 2265 2266 1946)
4(1927 1947 2267 2247)
4(1946 2266 2267 1947)
4(1928 1948 2268 2248)
4(1947 2267 2268 1948)
4(1929 1949 2269 2249)
4(1948 2268 2269 1949)
4(1930 1950 2270 2250)
4(1949 2269 2270 1950)
4(1931 1951 2271 2251)
4(1950 2270 2271 1951)
4(1951 2271 99 64)
4(1933 1953 2273 2253)
4(1952 2272 2273 1953)
4(1934 1954 2274 2254)
4(1953 2273 2274 1954)
4(1935 1955 2275 2255)
4(1954 2274 2275 1955)
4(1936 1956 2276 2256)
4(1955 2275 2276 1956)
4(1937 1957 2277 2257)
4(1956 2276 2277 1957)
4(1938 1958 2278 2258)
4(1957 2277 2278 1958)
4(1939 1959 2279 2259)
4(1958 2278 2279 1959)
4(1940 1960 2280 2260)
4(1959 2279 2280 1960)
4(1941 1961 2281 2261)
4(1960 2280 2281 1961)
4(1942 1962 2282 2262)
4(1961 2281 2282 1962)
4(1943 1963 2283 2263)
4(1962 2282 2283 1963)
4(1944 1964 2284 2264)
4(1963 2283 2284 1964)
4(1945 1965 2285 2265)
4(1964 2284 2285 1965)
4(1946 1966 2286 2266)
4(1965 2285 2286 1966)
4(1947 1967 2287 2267)
4(1966 2286 2287 1967)
4(1948 1968 2288 2268)
4(1967 2287 2288 1968)
4(1949 1969 2289 2269)
4(1968 2288 2289 1969)
4(1950 1970 2290 2270)
4(1969 2289 2290 1970)
4(1951 1971 2291 2271)
4(1970 2290 2291 1971)
4(1971 2291 101 66)
4(1953 1973 2293 2273)
4(1972 2292 2293 1973)
4(1954 1974 2294 2274)
4(1973 2293 2294 1974)
4(1955 1975 2295 2275)
4(1974 2294 2295 1975)
4(1956 1976 2296 2276)
4(1975 2295 2296 1976)
4(1957 1977 2297 2277)
4(1976 2296 2297 1977)
4(1958 1978 2298 2278)
4(1977 2297 2298 1978)
4(1959 1979 2299 2279)
4(1978 2298 2299 1979)
4(1960 1980 2300 2280)
4(1979 2299 2300 1980)
4(1961 1981 2301 2281)
4(1980 2300 2301 1981)
4(1962 1982 2302 2282)
4(1981 2301 2302 1982)
4(1963 1983 2303 2283)
4(1982 2302 2303 1983)
4(1964 1984 2304 2284)
4(1983 2303 2304 1984)
4(1965 1985 2305 2285)
4(1984 2304 2305 1985)
4(1966 1986 2306 2286)
4(1985 2305 2306 1986)
4(1967 1987 2307 2287)
4(1986 2306 2307 1987)
4(1968 1988 2308 2288)
4(1987 2307 2308 1988)
4(1969 1989 2309 2289)
4(1988 2308 2309 1989)
4(1970 1990 2310 2290)
4(1989 2309 2310 1990)
4(1971 1991 2311 2291)
4(1990 2310 2311 1991)
4(1991 2311 103 68)
4(1973 1993 2313 2293)
4(1992 2312 2313 1993)
4(1974 1994 2314 2294)
4(1993 2313 2314 1994)
4(1975 1995 2315 2295)
4(1994 2314 2315 1995)
4(1976 1996 2316 2296)
4(1995 2315 2316 1996)
4(1977 1997 2317 2297)
4(1996 2316 2317 1997)
4(1978 1998 2318 2298)
4(1997 2317 2318 1998)
4(1979 1999 2319 2299)
4(1998 2318 2319 1999)
4(1980 2000 2320 2300)
4(1999 2319 2320 2000)
4(1981 2001 2321 2301)
4(2000 2320 2321 2001)
4(1982 2002 2322 2302)
4(2001 2321 2322 2002)
4(1983 2003 2323 2303)
4(2002 2322 2323 2003)
4(1984 2004 2324 2304)
4(2003 2323 2324 2004)
4(1985 2005 2325 2305)
4(2004 2324 2325 2005)
4(1986 2006 2326 2306)
4(2005 2325 2326 2006)
4(1987 2007 2327 2307)
4(2006 2326 2327 2007)
4(1988 2008 2328 2308)
4(2007 2327 2328 2008)
4(1989 2009 2329 2309)
4(2008 2328 2329 2009)
4(1990 2010 2330 2310)
4(2009 2329 2330 2010)
4(1991 2011 2331 2311)
4(2010 2330 2331 2011)
4(2011 2331 105 70)
4(1993 2333 2733 2313)
4(2332 2732 2733 2333)
4(1994 2334 2734 2314)
4(2333 2733 2734 2334)
4(1995 2335 2735 2315)
4(2334 2734 2735 2335)
4(1996 2336 2736 2316)
4(2335 2735 2736 2336)
4(1997 2337 2737 2317)
4(2336 2736 2737 2337)
4(1998 2338 2738 2318)
4(2337 2737 2738 2338)
4(1999 2339 2739 2319)
4(2338 2738 2739 2339)
4(2000 2340 2740 2320)
4(2339 2739 2740 2340)
4(2001 2341 2741 2321)
4(2340 2740 2741 2341)
4(2002 2342 2742 2322)
4(2341 2741 2742 2342)
4(2003 2343 2743 2323)
4(2342 2742 2743 2343)
4(2004 2344 2744 2324)
4(2343 2743 2744 2344)
4(2005 2345 2745 2325)
4(2344 2744 2745 2345)
4(2006 2346 2746 2326)
4(2345 2745 2746 2346)
4(2007 2347 2747 2327)
4(2346 2746 2747 2347)
4(2008 2348 2748 2328)
4(2347 2747 2748 2348)
4(2009 2349 2749 2329)
4(2348 2748 2749 2349)
4(2010 2350 2750 2330)
4(2349 2749 2750 2350)
4(2011 2351 2751 2331)
4(2350 2750 2751 2351)
4(2351 2751 552 452)
4(2333 2353 2753 2733)
4(2352 2752 2753 2353)
4(2334 2354 2754 2734)
4(2353 2753 2754 2354)
4(2335 2355 2755 2735)
4(2354 2754 2755 2355)
4(2336 2356 2756 2736)
4(2355 2755 2756 2356)
4(2337 2357 2757 2737)
4(2356 2756 2757 2357)
4(2338 2358 2758 2738)
4(2357 2757 2758 2358)
4(2339 2359 2759 2739)
4(2358 2758 2759 2359)
4(2340 2360 2760 2740)
4(2359 2759 2760 2360)
4(2341 2361 2761 2741)
4(2360 2760 2761 2361)
4(2342 2362 2762 2742)
4(2361 2761 2762 2362)
4(2343 2363 2763 2743)
4(2362 2762 2763 2363)
4(2344 2364 2764 2744)
4(2363 2763 2764 2364)
4(2345 2365 2765 2745)
4(2364 2764 2765 2365)
4(2346 2366 2766 2746)
4(2365 2765 2766 2366)
4(2347 2367 2767 2747)
4(2366 2766 2767 2367)
4(2348 2368 2768 2748)
4(2367 2767 2768 2368)
4(2349 2369 2769 2749)
4(2368 2768 2769 2369)
4(2350 2370 2770 2750)
4(2369 2769 2770 2370)
4(2351 2371 2771 2751)
4(2370 2770 2771 2371)
4(2371 2771 557 457)
4(2353 2373 2773 2753)
4(2372 2772 2773 2373)
4(2354 2374 2774 2754)
4(2373 2773 2774 2374)
4(2355 2375 2775 2755)
4(2374 2774 2775 2375)
4(2356 2376 2776 2756)
4(2375 2775 2776 2376)
4(2357 2377 2777 2757)
4(2376 2776 2777 2377)
4(2358 2378 2778 2758)
4(2377 2777 2778 2378)
4(2359 2379 2779 2759)
4(2378 2778 2779 2379)
4(2360 2380 2780 2760)
4(2379 2779 2780 2380)
4(2361 2381 2781 2761)
4(2380 2780 2781 2381)
4(2362 2382 2782 2762)
4(2381 2781 2782 2382)
4(2363 2383 2783 2763)
4(2382 2782 2783 2383)
4(2364 2384 2784 2764)
4(2383 2783 2784 2384)
4(2365 2385 2785 2765)
4(2384 2784 2785 2385)
4(2366 2386 2786 2766)
4(2385 2785 2786 2386)
4(2367 2387 2787 2767)
4(2386 2786 2787 2387)
4(2368 2388 2788 2768)
4(2387 2787 2788 2388)
4(2369 2389 2789 2769)
4(2388 2788 2789 2389)
4(2370 2390 2790 2770)
4(2389 2789 2790 2390)
4(2371 2391 2791 2771)
4(2390 2790 2791 2391)
4(2391 2791 562 462)
4(2373 2393 2793 2773)
4(2392 2792 2793 2393)
4(2374 2394 2794 2774)
4(2393 2793 2794 2394)
4(2375 2395 2795 2775)
4(2394 2794 2795 2395)
4(2376 2396 2796 2776)
4(2395 2795 2796 2396)
4(2377 2397 2797 2777)
4(2396 2796 2797 2397)
4(2378 2398 2798 2778)
4(2397 2797 2798 2398)
4(2379 2399 2799 2779)
4(2398 2798 2799 2399)
4(2380 2400 2800 2780)
4(2399 2799 2800 2400)
4(2381 2401 2801 2781)
4(2400 2800 2801 2401)
4(2382 2402 2802 2782)
4(2401 2801 2802 2402)
4(2383 2403 2803 2783)
4(2402 2802 2803 2403)
4(2384 2404 2804 2784)
4(2403 2803 2804 2404)
4(2385 2405 2805 2785)
4(2404 2804 2805 2405)
4(2386 2406 2806 2786)
4(2405 2805 2806 2406)
4(2387 2407 2807 2787)
4(2406 2806 2807 2407)
4(2388 2408 2808 2788)
4(2407 2807 2808 2408)
4(2389 2409 2809 2789)
4(2408 2808 2809 2409)
4(2390 2410 2810 2790)
4(2409 2809 2810 2410)
4(2391 2411 2811 2791)
4(2410 2810 2811 2411)
4(2411 2811 567 467)
4(2393 2413 2813 2793)
4(2412 2812 2813 2413)
4(2394 2414 2814 2794)
4(2413 2813 2814 2414)
4(2395 2415 2815 2795)
4(2414 2814 2815 2415)
4(2396 2416 2816 2796)
4(2415 2815 2816 2416)
4(2397 2417 2817 2797)
4(2416 2816 2817 2417)
4(2398 2418 2818 2798)
4(2417 2817 2818 2418)
4(2399 2419 2819 2799)
4(2418 2818 2819 2419)
4(2400 2420 2820 2800)
4(2419 2819 2820 2420)
4(2401 2421 2821 2801)
4(2420 2820 2821 2421)
4(2402 2422 2822 2802)
4(2421 2821 2822 2422)
4(2403 2423 2823 2803)
4(2422 2822 2823 2423)
4(2404 2424 2824 2804)
4(2423 2823 2824 2424)
4(2405 2425 2825 2805)
4(2424 2824 2825 2425)
4(2406 2426 2826 2806)
4(2425 2825 2826 2426)
4(2407 2427 2827 2807)
4(2426 2826 2827 2427)
4(2408 2428 2828 2808)
4(2427 2827 2828 2428)
4(2409 2429 2829 2809)
4(2428 2828 2829 2429)
4(2410 2430 2830 2810)
4(2429 2829 2830 2430)
4(2411 2431 2831 2811)
4(2430 2830 2831 2431)
4(2431 2831 572 472)
4(2413 2433 2833 2813)
4(2432 2832 2833 2433)
4(2414 2434 2834 2814)
4(2433 2833 2834 2434)
4(2415 2435 2835 2815)
4(2434 2834 2835 2435)
4(2416 2436 2836 2816)
4(2435 2835 2836 2436)
4(2417 2437 2837 2817)
4(2436 2836 2837 2437)
4(2418 2438 2838 2818)
4(2437 2837 2838 2438)
4(2419 2439 2839 2819)
4(2438 2838 2839 2439)
4(2420 2440 2840 2820)
4(2439 2839 2840 2440)
4(2421 2441 2841 2821)
4(2440 2840 2841 2441)
4(2422 2442 2842 2822)
4(2441 2841 2842 2442)
4(2423 2443 2843 2823)
4(2442 2842 2843 2443)
4(2424 2444 2844 2824)
4(2443 2843 2844 2444)
4(2425 2445 2845 2825)
4(2444 2844 2845 2445)
4(2426 2446 2846 2826)
4(2445 2845 2846 2446)
4(2427 2447 2847 2827)
4(2446 2846 2847 2447)
4(2428 2448 2848 2828)
4(2447 2847 2848 2448)
4(2429 2449 2849 2829)
4(2448 2848 2849 2449)
4(2430 2450 2850 2830)
4(2449 2849 2850 2450)
4(2431 2451 2851 2831)
4(2450 2850 2851 2451)
4(2451 2851 577 477)
4(2433 2453 2853 2833)
4(2452 2852 2853 2453)
4(2434 2454 2854 2834)
4(2453 2853 2854 2454)
4(2435 2455 2855 2835)
4(2454 2854 2855 2455)
4(2436 2456 2856 2836)
4(2455 2855 2856 2456)
4(2437 2457 2857 2837)
4(2456 2856 2857 2457)
4(2438 2458 2858 2838)
4(2457 2857 2858 2458)
4(2439 2459 2859 2839)
4(2458 2858 2859 2459)
4(2440 2460 2860 2840)
4(2459 2859 2860 2460)
4(2441 2461 2861 2841)
4(2460 2860 2861 2461)
4(2442 2462 2862 2842)
4(2461 2861 2862 2462)
4(2443 2463 2863 2843)
4(2462 2862 2863 2463)
4(2444 2464 2864 2844)
4(2463 2863 2864 2464)
4(2445 2465 2865 2845)
4(2464 2864 2865 2465)
4(2446 2466 2866 2846)
4(2465 2865 2866 2466)
4(2447 2467 2867 2847)
4(2466 2866 2867 2467)
4(2448 2468 2868 2848)
4(2467 2867 2868 2468)
4(2449 2469 2869 2849)
4(2468 2868 2869 2469)
4(2450 2470 2870 2850)
4(2469 2869 2870 2470)
4(2451 2471 2871 2851)
4(2470 2870 2871 2471)
4(2471 2871 582 482)
4(2453 2473 2873 2853)
4(2472 2872 2873 2473)
4(2454 2474 2874 2854)
4(2473 2873 2874 2474)
4(2455 2475 2875 2855)
4(2474 2874 2875 2475)
4(2456 2476 2876 2856)
4(2475 2875 2876 2476)
4(2457 2477 2877 2857)
4(2476 2876 2877 2477)
4(2458 2478 2878 2858)
4(2477 2877 2878 2478)
4(2459 2479 2879 2859)
4(2478 2878 2879 2479)
4(2460 2480 2880 2860)
4(2479 2879 2880 2480)
4(2461 2481 2881 2861)
4(2480 2880 2881 2481)
4(2462 2482 2882 2862)
4(2481 2881 2882 2482)
4(2463 2483 2883 2863)
4(2482 2882 2883 2483)
4(2464 2484 2884 2864)
4(2483 2883 2884 2484)
4(2465 2485 2885 2865)
4(2484 2884 2885 2485)
4(2466 2486 2886 2866)
4(2485 2885 2886 2486)
4(2467 2487 2887 2867)
4(2486 2886 2887 2487)
4(2468 2488 2888 2868)
4(2487 2887 2888 2488)
4(2469 2489 2889 2869)
4(2488 2888 2889 2489)
4(2470 2490 2890 2870)
4(2489 2889 2890 2490)
4(2471 2491 2891 2871)
4(2490 2890 2891 2491)
4(2491 2891 587 487)
4(2473 2493 2893 2873)
4(2492 2892 2893 2493)
4(2474 2494 2894 2874)
4(2493 2893 2894 2494)
4(2475 2495 2895 2875)
4(2494 2894 2895 2495)
4(2476 2496 2896 2876)
4(2495 2895 2896 2496)
4(2477 2497 2897 2877)
4(2496 2896 2897 2497)
4(2478 2498 2898 2878)
4(2497 2897 2898 2498)
4(2479 2499 2899 2879)
4(2498 2898 2899 2499)
4(2480 2500 2900 2880)
4(2499 2899 2900 2500)
4(2481 2501 2901 2881)
4(2500 2900 2901 2501)
4(2482 2502 2902 2882)
4(2501 2901 2902 2502)
4(2483 2503 2903 2883)
4(2502 2902 2903 2503)
4(2484 2504 2904 2884)
4(2503 2903 2904 2504)
4(2485 2505 2905 2885)
4(2504 2904 2905 2505)
4(2486 2506 2906 2886)
4(2505 2905 2906 2506)
4(2487 2507 2907 2887)
4(2506 2906 2907 2507)
4(2488 2508 2908 2888)
4(2507 2907 2908 2508)
4(2489 2509 2909 2889)
4(2508 2908 2909 2509)
4(2490 2510 2910 2890)
4(2509 2909 2910 2510)
4(2491 2511 2911 2891)
4(2510 2910 2911 2511)
4(2511 2911 592 492)
4(2493 2513 2913 2893)
4(2512 2912 2913 2513)
4(2494 2514 2914 2894)
4(2513 2913 2914 2514)
4(2495 2515 2915 2895)
4(2514 2914 2915 2515)
4(2496 2516 2916 2896)
4(2515 2915 2916 2516)
4(2497 2517 2917 2897)
4(2516 2916 2917 2517)
4(2498 2518 2918 2898)
4(2517 2917 2918 2518)
4(2499 2519 2919 2899)
4(2518 2918 2919 2519)
4(2500 2520 2920 2900)
4(2519 2919 2920 2520)
4(2501 2521 2921 2901)
4(2520 2920 2921 2521)
4(2502 2522 2922 2902)
4(2521 2921 2922 2522)
4(2503 2523 2923 2903)
4(2522 2922 2923 2523)
4(2504 2524 2924 2904)
4(2523 2923 2924 2524)
4(2505 2525 2925 2905)
4(2524 2924 2925 2525)
4(2506 2526 2926 2906)
4(2525 2925 2926 2526)
4(2507 2527 2927 2907)
4(2526 2926 2927 2527)
4(2508 2528 2928 2908)
4(2527 2927 2928 2528)
4(2509 2529 2929 2909)
4(2528 2928 2929 2529)
4(2510 2530 2930 2910)
4(2529 2929 2930 2530)
4(2511 2531 2931 2911)
4(2530 2930 2931 2531)
4(2531 2931 597 497)
4(2513 2533 2933 2913)
4(2532 2932 2933 2533)
4(2514 2534 2934 2914)
4(2533 2933 2934 2534)
4(2515 2535 2935 2915)
4(2534 2934 2935 2535)
4(2516 2536 2936 2916)
4(2535 2935 2936 2536)
4(2517 2537 2937 2917)
4(2536 2936 2937 2537)
4(2518 2538 2938 2918)
4(2537 2937 2938 2538)
4(2519 2539 2939 2919)
4(2538 2938 2939 2539)
4(2520 2540 2940 2920)
4(2539 2939 2940 2540)
4(2521 2541 2941 2921)
4(2540 2940 2941 2541)
4(2522 2542 2942 2922)
4(2541 2941 2942 2542)
4(2523 2543 2943 2923)
4(2542 2942 2943 2543)
4(2524 2544 2944 2924)
4(2543 2943 2944 2544)
4(2525 2545 2945 2925)
4(2544 2944 2945 2545)
4(2526 2546 2946 2926)
4(2545 2945 2946 2546)
4(2527 2547 2947 2927)
4(2546 2946 2947 2547)
4(2528 2548 2948 2928)
4(2547 2947 2948 2548)
4(2529 2549 2949 2929)
4(2548 2948 2949 2549)
4(2530 2550 2950 2930)
4(2549 2949 2950 2550)
4(2531 2551 2951 2931)
4(2550 2950 2951 2551)
4(2551 2951 602 502)
4(2533 2553 2953 2933)
4(2552 2952 2953 2553)
4(2534 2554 2954 2934)
4(2553 2953 2954 2554)
4(2535 2555 2955 2935)
4(2554 2954 2955 2555)
4(2536 2556 2956 2936)
4(2555 2955 2956 2556)
4(2537 2557 2957 2937)
4(2556 2956 2957 2557)
4(2538 2558 2958 2938)
4(2557 2957 2958 2558)
4(2539 2559 2959 2939)
4(2558 2958 2959 2559)
4(2540 2560 2960 2940)
4(2559 2959 2960 2560)
4(2541 2561 2961 2941)
4(2560 2960 2961 2561)
4(2542 2562 2962 2942)
4(2561 2961 2962 2562)
4(2543 2563 2963 2943)
4(2562 2962 2963 2563)
4(2544 2564 2964 2944)
4(2563 2963 2964 2564)
4(2545 2565 2965 2945)
4(2564 2964 2965 2565)
4(2546 2566 2966 2946)
4(2565 2965 2966 2566)
4(2547 2567 2967 2947)
4(2566 2966 2967 2567)
4(2548 2568 2968 2948)
4(2567 2967 2968 2568)
4(2549 2569 2969 2949)
4(2568 2968 2969 2569)
4(2550 2570 2970 2950)
4(2569 2969 2970 2570)
4(2551 2571 2971 2951)
4(2570 2970 2971 2571)
4(2571 2971 607 507)
4(2553 2573 2973 2953)
4(2572 2972 2973 2573)
4(2554 2574 2974 2954)
4(2573 2973 2974 2574)
4(2555 2575 2975 2955)
4(2574 2974 2975 2575)
4(2556 2576 2976 2956)
4(2575 2975 2976 2576)
4(2557 2577 2977 2957)
4(2576 2976 2977 2577)
4(2558 2578 2978 2958)
4(2577 2977 2978 2578)
4(2559 2579 2979 2959)
4(2578 2978 2979 2579)
4(2560 2580 2980 2960)
4(2579 2979 2980 2580)
4(2561 2581 2981 2961)
4(2580 2980 2981 2581)
4(2562 2582 2982 2962)
4(2581 2981 2982 2582)
4(2563 2583 2983 2963)
4(2582 2982 2983 2583)
4(2564 2584 2984 2964)
4(2583 2983 2984 2584)
4(2565 2585 2985 2965)
4(2584 2984 2985 2585)
4(2566 2586 2986 2966)
4(2585 2985 2986 2586)
4(2567 2587 2987 2967)
4(2586 2986 2987 2587)
4(2568 2588 2988 2968)
4(2587 2987 2988 2588)
4(2569 2589 2989 2969)
4(2588 2988 2989 2589)
4(2570 2590 2990 2970)
4(2589 2989 2990 2590)
4(2571 2591 2991 2971)
4(2590 2990 2991 2591)
4(2591 2991 612 512)
4(2573 2593 2993 2973)
4(2592 2992 2993 2593)
4(2574 2594 2994 2974)
4(2593 2993 2994 2594)
4(2575 2595 2995 2975)
4(2594 2994 2995 2595)
4(2576 2596 2996 2976)
4(2595 2995 2996 2596)
4(2577 2597 2997 2977)
4(2596 2996 2997 2597)
4(2578 2598 2998 2978)
4(2597 2997 2998 2598)
4(2579 2599 2999 2979)
4(2598 2998 2999 2599)
4(2580 2600 3000 2980)
4(2599 2999 3000 2600)
4(2581 2601 3001 2981)
4(2600 3000 3001 2601)
4(2582 2602 3002 2982)
4(2601 3001 3002 2602)
4(2583 2603 3003 2983)
4(2602 3002 3003 2603)
4(2584 2604 3004 2984)
4(2603 3003 3004 2604)
4(2585 2605 3005 2985)
4(2604 3004 3005 2605)
4(2586 2606 3006 2986)
4(2605 3005 3006 2606)
4(2587 2607 3007 2987)
4(2606 3006 3007 2607)
4(2588 2608 3008 2988)
4(2607 3007 3008 2608)
4(2589 2609 3009 2989)
4(2608 3008 3009 2609)
4(2590 2610 3010 2990)
4(2609 3009 3010 2610)
4(2591 2611 3011 2991)
4(2610 3010 3011 2611)
4(2611 3011 617 517)
4(2593 2613 3013 2993)
4(2612 3012 3013 2613)
4(2594 2614 3014 2994)
4(2613 3013 3014 2614)
4(2595 2615 3015 2995)
4(2614 3014 3015 2615)
4(2596 2616 3016 2996)
4(2615 3015 3016 2616)
4(2597 2617 3017 2997)
4(2616 3016 3017 2617)
4(2598 2618 3018 2998)
4(2617 3017 3018 2618)
4(2599 2619 3019 2999)
4(2618 3018 3019 2619)
4(2600 2620 3020 3000)
4(2619 3019 3020 2620)
4(2601 2621 3021 3001)
4(2620 3020 3021 2621)
4(2602 2622 3022 3002)
4(2621 3021 3022 2622)
4(2603 2623 3023 3003)
4(2622 3022 3023 2623)
4(2604 2624 3024 3004)
4(2623 3023 3024 2624)
4(2605 2625 3025 3005)
4(2624 3024 3025 2625)
4(2606 2626 3026 3006)
4(2625 3025 3026 2626)
4(2607 2627 3027 3007)
4(2626 3026 3027 2627)
4(2608 2628 3028 3008)
4(2627 3027 3028 2628)
4(2609 2629 3029 3009)
4(2628 3028 3029 2629)
4(2610 2630 3030 3010)
4(2629 3029 3030 2630)
4(2611 2631 3031 3011)
4(2630 3030 3031 2631)
4(2631 3031 622 522)
4(2613 2633 3033 3013)
4(2632 3032 3033 2633)
4(2614 2634 3034 3014)
4(2633 3033 3034 2634)
4(2615 2635 3035 3015)
4(2634 3034 3035 2635)
4(2616 2636 3036 3016)
4(2635 3035 3036 2636)
4(2617 2637 3037 3017)
4(2636 3036 3037 2637)
4(2618 2638 3038 3018)
4(2637 3037 3038 2638)
4(2619 2639 3039 3019)
4(2638 3038 3039 2639)
4(2620 2640 3040 3020)
4(2639 3039 3040 2640)
4(2621 2641 3041 3021)
4(2640 3040 3041 2641)
4(2622 2642 3042 3022)
4(2641 3041 3042 2642)
4(2623 2643 3043 3023)
4(2642 3042 3043 2643)
4(2624 2644 3044 3024)
4(2643 3043 3044 2644)
4(2625 2645 3045 3025)
4(2644 3044 3045 2645)
4(2626 2646 3046 3026)
4(2645 3045 3046 2646)
4(2627 2647 3047 3027)
4(2646 3046 3047 2647)
4(2628 2648 3048 3028)
4(2647 3047 3048 2648)
4(2629 2649 3049 3029)
4(2648 3048 3049 2649)
4(2630 2650 3050 3030)
4(2649 3049 3050 2650)
4(2631 2651 3051 3031)
4(2650 3050 3051 2651)
4(2651 3051 627 527)
4(2633 2653 3053 3033)
4(2652 3052 3053 2653)
4(2634 2654 3054 3034)
4(2653 3053 3054 2654)
4(2635 2655 3055 3035)
4(2654 3054 3055 2655)
4(2636 2656 3056 3036)
4(2655 3055 3056 2656)
4(2637 2657 3057 3037)
4(2656 3056 3057 2657)
4(2638 2658 3058 3038)
4(2657 3057 3058 2658)
4(2639 2659 3059 3039)
4(2658 3058 3059 2659)
4(2640 2660 3060 3040)
4(2659 3059 3060 2660)
4(2641 2661 3061 3041)
4(2660 3060 3061 2661)
4(2642 2662 3062 3042)
4(2661 3061 3062 2662)
4(2643 2663 3063 3043)
4(2662 3062 3063 2663)
4(2644 2664 3064 3044)
4(2663 3063 3064 2664)
4(2645 2665 3065 3045)
4(2664 3064 3065 2665)
4(2646 2666 3066 3046)
4(2665 3065 3066 2666)
4(2647 2667 3067 3047)
4(2666 3066 3067 2667)
4(2648 2668 3068 3048)
4(2667 3067 3068 2668)
4(2649 2669 3069 3049)
4(2668 3068 3069 2669)
4(2650 2670 3070 3050)
4(2669 3069 3070 2670)
4(2651 2671 3071 3051)
4(2670 3070 3071 2671)
4(2671 3071 632 532)
4(2653 2673 3073 3053)
4(2672 3072 3073 2673)
4(2654 2674 3074 3054)
4(2673 3073 3074 2674)
4(2655 2675 3075 3055)
4(2674 3074 3075 2675)
4(2656 2676 3076 3056)
4(2675 3075 3076 2676)
4(2657 2677 3077 3057)
4(2676 3076 3077 2677)
4(2658 2678 3078 3058)
4(2677 3077 3078 2678)
4(2659 2679 3079 3059)
4(2678 3078 3079 2679)
4(2660 2680 3080 3060)
4(2679 3079 3080 2680)
4(2661 2681 3081 3061)
4(2680 3080 3081 2681)
4(2662 2682 3082 3062)
4(2681 3081 3082 2682)
4(2663 2683 3083 3063)
4(2682 3082 3083 2683)
4(2664 2684 3084 3064)
4(2683 3083 3084 2684)
4(2665 2685 3085 3065)
4(2684 3084 3085 2685)
4(2666 2686 3086 3066)
4(2685 3085 3086 2686)
4(2667 2687 3087 3067)
4(2686 3086 3087 2687)
4(2668 2688 3088 3068)
4(2687 3087 3088 2688)
4(2669 2689 3089 3069)
4(2688 3088 3089 2689)
4(2670 2690 3090 3070)
4(2689 3089 3090 2690)
4(2671 2691 3091 3071)
4(2690 3090 3091 2691)
4(2691 3091 637 537)
4(2673 2693 3093 3073)
4(2692 3092 3093 2693)
4(2674 2694 3094 3074)
4(2693 3093 3094 2694)
4(2675 2695 3095 3075)
4(2694 3094 3095 2695)
4(2676 2696 3096 3076)
4(2695 3095 3096 2696)
4(2677 2697 3097 3077)
4(2696 3096 3097 2697)
4(2678 2698 3098 3078)
4(2697 3097 3098 2698)
4(2679 2699 3099 3079)
4(2698 3098 3099 2699)
4(2680 2700 3100 3080)
4(2699 3099 3100 2700)
4(2681 2701 3101 3081)
4(2700 3100 3101 2701)
4(2682 2702 3102 3082)
4(2701 3101 3102 2702)
4(2683 2703 3103 3083)
4(2702 3102 3103 2703)
4(2684 2704 3104 3084)
4(2703 3103 3104 2704)
4(2685 2705 3105 3085)
4(2704 3104 3105 2705)
4(2686 2706 3106 3086)
4(2705 3105 3106 2706)
4(2687 2707 3107 3087)
4(2706 3106 3107 2707)
4(2688 2708 3108 3088)
4(2707 3107 3108 2708)
4(2689 2709 3109 3089)
4(2708 3108 3109 2709)
4(2690 2710 3110 3090)
4(2709 3109 3110 2710)
4(2691 2711 3111 3091)
4(2710 3110 3111 2711)
4(2711 3111 642 542)
4(2693 2713 3113 3093)
4(2694 2714 3114 3094)
4(2695 2715 3115 3095)
4(2696 2716 3116 3096)
4(2697 2717 3117 3097)
4(2698 2718 3118 3098)
4(2699 2719 3119 3099)
4(2700 2720 3120 3100)
4(2701 2721 3121 3101)
4(2702 2722 3122 3102)
4(2703 2723 3123 3103)
4(2704 2724 3124 3104)
4(2705 2725 3125 3105)
4(2706 2726 3126 3106)
4(2707 2727 3127 3107)
4(2708 2728 3128 3108)
4(2709 2729 3129 3109)
4(2710 2730 3130 3110)
4(2711 2731 3131 3111)
4(3132 3152 3252 3232)
4(31 36 3252 3152)
4(3133 3153 3253 3233)
4(3152 3252 3253 3153)
4(3134 3154 3254 3234)
4(3153 3253 3254 3154)
4(3135 3155 3255 3235)
4(3154 3254 3255 3155)
4(3136 3156 3256 3236)
4(3155 3255 3256 3156)
4(3137 3157 3257 3237)
4(3156 3256 3257 3157)
4(3138 3158 3258 3238)
4(3157 3257 3258 3158)
4(3139 3159 3259 3239)
4(3158 3258 3259 3159)
4(3140 3160 3260 3240)
4(3159 3259 3260 3160)
4(3141 3161 3261 3241)
4(3160 3260 3261 3161)
4(3142 3162 3262 3242)
4(3161 3261 3262 3162)
4(3143 3163 3263 3243)
4(3162 3262 3263 3163)
4(3144 3164 3264 3244)
4(3163 3263 3264 3164)
4(3145 3165 3265 3245)
4(3164 3264 3265 3165)
4(3146 3166 3266 3246)
4(3165 3265 3266 3166)
4(3147 3167 3267 3247)
4(3166 3266 3267 3167)
4(3148 3168 3268 3248)
4(3167 3267 3268 3168)
4(3149 3169 3269 3249)
4(3168 3268 3269 3169)
4(3150 3170 3270 3250)
4(3169 3269 3270 3170)
4(3170 3270 3271 3171)
4(3152 3172 3272 3252)
4(32 37 3272 3172)
4(3153 3173 3273 3253)
4(3172 3272 3273 3173)
4(3154 3174 3274 3254)
4(3173 3273 3274 3174)
4(3155 3175 3275 3255)
4(3174 3274 3275 3175)
4(3156 3176 3276 3256)
4(3175 3275 3276 3176)
4(3157 3177 3277 3257)
4(3176 3276 3277 3177)
4(3158 3178 3278 3258)
4(3177 3277 3278 3178)
4(3159 3179 3279 3259)
4(3178 3278 3279 3179)
4(3160 3180 3280 3260)
4(3179 3279 3280 3180)
4(3161 3181 3281 3261)
4(3180 3280 3281 3181)
4(3162 3182 3282 3262)
4(3181 3281 3282 3182)
4(3163 3183 3283 3263)
4(3182 3282 3283 3183)
4(3164 3184 3284 3264)
4(3183 3283 3284 3184)
4(3165 3185 3285 3265)
4(3184 3284 3285 3185)
4(3166 3186 3286 3266)
4(3185 3285 3286 3186)
4(3167 3187 3287 3267)
4(3186 3286 3287 3187)
4(3168 3188 3288 3268)
4(3187 3287 3288 3188)
4(3169 3189 3289 3269)
4(3188 3288 3289 3189)
4(3170 3190 3290 3270)
4(3189 3289 3290 3190)
4(3190 3290 3291 3191)
4(3172 3192 3292 3272)
4(33 38 3292 3192)
4(3173 3193 3293 3273)
4(3192 3292 3293 3193)
4(3174 3194 3294 3274)
4(3193 3293 3294 3194)
4(3175 3195 3295 3275)
4(3194 3294 3295 3195)
4(3176 3196 3296 3276)
4(3195 3295 3296 3196)
4(3177 3197 3297 3277)
4(3196 3296 3297 3197)
4(3178 3198 3298 3278)
4(3197 3297 3298 3198)
4(3179 3199 3299 3279)
4(3198 3298 3299 3199)
4(3180 3200 3300 3280)
4(3199 3299 3300 3200)
4(3181 3201 3301 3281)
4(3200 3300 3301 3201)
4(3182 3202 3302 3282)
4(3201 3301 3302 3202)
4(3183 3203 3303 3283)
4(3202 3302 3303 3203)
4(3184 3204 3304 3284)
4(3203 3303 3304 3204)
4(3185 3205 3305 3285)
4(3204 3304 3305 3205)
4(3186 3206 3306 3286)
4(3205 3305 3306 3206)
4(3187 3207 3307 3287)
4(3206 3306 3307 3207)
4(3188 3208 3308 3288)
4(3207 3307 3308 3208)
4(3189 3209 3309 3289)
4(3208 3308 3309 3209)
4(3190 3210 3310 3290)
4(3209 3309 3310 3210)
4(3210 3310 3311 3211)
4(3192 3212 3312 3292)
4(34 39 3312 3212)
4(3193 3213 3313 3293)
4(3212 3312 3313 3213)
4(3194 3214 3314 3294)
4(3213 3313 3314 3214)
4(3195 3215 3315 3295)
4(3214 3314 3315 3215)
4(3196 3216 3316 3296)
4(3215 3315 3316 3216)
4(3197 3217 3317 3297)
4(3216 3316 3317 3217)
4(3198 3218 3318 3298)
4(3217 3317 3318 3218)
4(3199 3219 3319 3299)
4(3218 3318 3319 3219)
4(3200 3220 3320 3300)
4(3219 3319 3320 3220)
4(3201 3221 3321 3301)
4(3220 3320 3321 3221)
4(3202 3222 3322 3302)
4(3221 3321 3322 3222)
4(3203 3223 3323 3303)
4(3222 3322 3323 3223)
4(3204 3224 3324 3304)
4(3223 3323 3324 3224)
4(3205 3225 3325 3305)
4(3224 3324 3325 3225)
4(3206 3226 3326 3306)
4(3225 3325 3326 3226)
4(3207 3227 3327 3307)
4(3226 3326 3327 3227)
4(3208 3228 3328 3308)
4(3227 3327 3328 3228)
4(3209 3229 3329 3309)
4(3228 3328 3329 3229)
4(3210 3230 3330 3310)
4(3229 3329 3330 3230)
4(3230 3330 3331 3231)
4(3212 3332 3652 3312)
4(414 433 3652 3332)
4(3213 3333 3653 3313)
4(3332 3652 3653 3333)
4(3214 3334 3654 3314)
4(3333 3653 3654 3334)
4(3215 3335 3655 3315)
4(3334 3654 3655 3335)
4(3216 3336 3656 3316)
4(3335 3655 3656 3336)
4(3217 3337 3657 3317)
4(3336 3656 3657 3337)
4(3218 3338 3658 3318)
4(3337 3657 3658 3338)
4(3219 3339 3659 3319)
4(3338 3658 3659 3339)
4(3220 3340 3660 3320)
4(3339 3659 3660 3340)
4(3221 3341 3661 3321)
4(3340 3660 3661 3341)
4(3222 3342 3662 3322)
4(3341 3661 3662 3342)
4(3223 3343 3663 3323)
4(3342 3662 3663 3343)
4(3224 3344 3664 3324)
4(3343 3663 3664 3344)
4(3225 3345 3665 3325)
4(3344 3664 3665 3345)
4(3226 3346 3666 3326)
4(3345 3665 3666 3346)
4(3227 3347 3667 3327)
4(3346 3666 3667 3347)
4(3228 3348 3668 3328)
4(3347 3667 3668 3348)
4(3229 3349 3669 3329)
4(3348 3668 3669 3349)
4(3230 3350 3670 3330)
4(3349 3669 3670 3350)
4(3350 3670 3671 3351)
4(3332 3352 3672 3652)
4(415 434 3672 3352)
4(3333 3353 3673 3653)
4(3352 3672 3673 3353)
4(3334 3354 3674 3654)
4(3353 3673 3674 3354)
4(3335 3355 3675 3655)
4(3354 3674 3675 3355)
4(3336 3356 3676 3656)
4(3355 3675 3676 3356)
4(3337 3357 3677 3657)
4(3356 3676 3677 3357)
4(3338 3358 3678 3658)
4(3357 3677 3678 3358)
4(3339 3359 3679 3659)
4(3358 3678 3679 3359)
4(3340 3360 3680 3660)
4(3359 3679 3680 3360)
4(3341 3361 3681 3661)
4(3360 3680 3681 3361)
4(3342 3362 3682 3662)
4(3361 3681 3682 3362)
4(3343 3363 3683 3663)
4(3362 3682 3683 3363)
4(3344 3364 3684 3664)
4(3363 3683 3684 3364)
4(3345 3365 3685 3665)
4(3364 3684 3685 3365)
4(3346 3366 3686 3666)
4(3365 3685 3686 3366)
4(3347 3367 3687 3667)
4(3366 3686 3687 3367)
4(3348 3368 3688 3668)
4(3367 3687 3688 3368)
4(3349 3369 3689 3669)
4(3368 3688 3689 3369)
4(3350 3370 3690 3670)
4(3369 3689 3690 3370)
4(3370 3690 3691 3371)
4(3352 3372 3692 3672)
4(416 435 3692 3372)
4(3353 3373 3693 3673)
4(3372 3692 3693 3373)
4(3354 3374 3694 3674)
4(3373 3693 3694 3374)
4(3355 3375 3695 3675)
4(3374 3694 3695 3375)
4(3356 3376 3696 3676)
4(3375 3695 3696 3376)
4(3357 3377 3697 3677)
4(3376 3696 3697 3377)
4(3358 3378 3698 3678)
4(3377 3697 3698 3378)
4(3359 3379 3699 3679)
4(3378 3698 3699 3379)
4(3360 3380 3700 3680)
4(3379 3699 3700 3380)
4(3361 3381 3701 3681)
4(3380 3700 3701 3381)
4(3362 3382 3702 3682)
4(3381 3701 3702 3382)
4(3363 3383 3703 3683)
4(3382 3702 3703 3383)
4(3364 3384 3704 3684)
4(3383 3703 3704 3384)
4(3365 3385 3705 3685)
4(3384 3704 3705 3385)
4(3366 3386 3706 3686)
4(3385 3705 3706 3386)
4(3367 3387 3707 3687)
4(3386 3706 3707 3387)
4(3368 3388 3708 3688)
4(3387 3707 3708 3388)
4(3369 3389 3709 3689)
4(3388 3708 3709 3389)
4(3370 3390 3710 3690)
4(3389 3709 3710 3390)
4(3390 3710 3711 3391)
4(3372 3392 3712 3692)
4(417 436 3712 3392)
4(3373 3393 3713 3693)
4(3392 3712 3713 3393)
4(3374 3394 3714 3694)
4(3393 3713 3714 3394)
4(3375 3395 3715 3695)
4(3394 3714 3715 3395)
4(3376 3396 3716 3696)
4(3395 3715 3716 3396)
4(3377 3397 3717 3697)
4(3396 3716 3717 3397)
4(3378 3398 3718 3698)
4(3397 3717 3718 3398)
4(3379 3399 3719 3699)
4(3398 3718 3719 3399)
4(3380 3400 3720 3700)
4(3399 3719 3720 3400)
4(3381 3401 3721 3701)
4(3400 3720 3721 3401)
4(3382 3402 3722 3702)
4(3401 3721 3722 3402)
4(3383 3403 3723 3703)
4(3402 3722 3723 3403)
4(3384 3404 3724 3704)
4(3403 3723 3724 3404)
4(3385 3405 3725 3705)
4(3404 3724 3725 3405)
4(3386 3406 3726 3706)
4(3405 3725 3726 3406)
4(3387 3407 3727 3707)
4(3406 3726 3727 3407)
4(3388 3408 3728 3708)
4(3407 3727 3728 3408)
4(3389 3409 3729 3709)
4(3408 3728 3729 3409)
4(3390 3410 3730 3710)
4(3409 3729 3730 3410)
4(3410 3730 3731 3411)
4(3392 3412 3732 3712)
4(418 437 3732 3412)
4(3393 3413 3733 3713)
4(3412 3732 3733 3413)
4(3394 3414 3734 3714)
4(3413 3733 3734 3414)
4(3395 3415 3735 3715)
4(3414 3734 3735 3415)
4(3396 3416 3736 3716)
4(3415 3735 3736 3416)
4(3397 3417 3737 3717)
4(3416 3736 3737 3417)
4(3398 3418 3738 3718)
4(3417 3737 3738 3418)
4(3399 3419 3739 3719)
4(3418 3738 3739 3419)
4(3400 3420 3740 3720)
4(3419 3739 3740 3420)
4(3401 3421 3741 3721)
4(3420 3740 3741 3421)
4(3402 3422 3742 3722)
4(3421 3741 3742 3422)
4(3403 3423 3743 3723)
4(3422 3742 3743 3423)
4(3404 3424 3744 3724)
4(3423 3743 3744 3424)
4(3405 3425 3745 3725)
4(3424 3744 3745 3425)
4(3406 3426 3746 3726)
4(3425 3745 3746 3426)
4(3407 3427 3747 3727)
4(3426 3746 3747 3427)
4(3408 3428 3748 3728)
4(3427 3747 3748 3428)
4(3409 3429 3749 3729)
4(3428 3748 3749 3429)
4(3410 3430 3750 3730)
4(3429 3749 3750 3430)
4(3430 3750 3751 3431)
4(3412 3432 3752 3732)
4(419 438 3752 3432)
4(3413 3433 3753 3733)
4(3432 3752 3753 3433)
4(3414 3434 3754 3734)
4(3433 3753 3754 3434)
4(3415 3435 3755 3735)
4(3434 3754 3755 3435)
4(3416 3436 3756 3736)
4(3435 3755 3756 3436)
4(3417 3437 3757 3737)
4(3436 3756 3757 3437)
4(3418 3438 3758 3738)
4(3437 3757 3758 3438)
4(3419 3439 3759 3739)
4(3438 3758 3759 3439)
4(3420 3440 3760 3740)
4(3439 3759 3760 3440)
4(3421 3441 3761 3741)
4(3440 3760 3761 3441)
4(3422 3442 3762 3742)
4(3441 3761 3762 3442)
4(3423 3443 3763 3743)
4(3442 3762 3763 3443)
4(3424 3444 3764 3744)
4(3443 3763 3764 3444)
4(3425 3445 3765 3745)
4(3444 3764 3765 3445)
4(3426 3446 3766 3746)
4(3445 3765 3766 3446)
4(3427 3447 3767 3747)
4(3446 3766 3767 3447)
4(3428 3448 3768 3748)
4(3447 3767 3768 3448)
4(3429 3449 3769 3749)
4(3448 3768 3769 3449)
4(3430 3450 3770 3750)
4(3449 3769 3770 3450)
4(3450 3770 3771 3451)
4(3432 3452 3772 3752)
4(420 439 3772 3452)
4(3433 3453 3773 3753)
4(3452 3772 3773 3453)
4(3434 3454 3774 3754)
4(3453 3773 3774 3454)
4(3435 3455 3775 3755)
4(3454 3774 3775 3455)
4(3436 3456 3776 3756)
4(3455 3775 3776 3456)
4(3437 3457 3777 3757)
4(3456 3776 3777 3457)
4(3438 3458 3778 3758)
4(3457 3777 3778 3458)
4(3439 3459 3779 3759)
4(3458 3778 3779 3459)
4(3440 3460 3780 3760)
4(3459 3779 3780 3460)
4(3441 3461 3781 3761)
4(3460 3780 3781 3461)
4(3442 3462 3782 3762)
4(3461 3781 3782 3462)
4(3443 3463 3783 3763)
4(3462 3782 3783 3463)
4(3444 3464 3784 3764)
4(3463 3783 3784 3464)
4(3445 3465 3785 3765)
4(3464 3784 3785 3465)
4(3446 3466 3786 3766)
4(3465 3785 3786 3466)
4(3447 3467 3787 3767)
4(3466 3786 3787 3467)
4(3448 3468 3788 3768)
4(3467 3787 3788 3468)
4(3449 3469 3789 3769)
4(3468 3788 3789 3469)
4(3450 3470 3790 3770)
4(3469 3789 3790 3470)
4(3470 3790 3791 3471)
4(3452 3472 3792 3772)
4(421 440 3792 3472)
4(3453 3473 3793 3773)
4(3472 3792 3793 3473)
4(3454 3474 3794 3774)
4(3473 3793 3794 3474)
4(3455 3475 3795 3775)
4(3474 3794 3795 3475)
4(3456 3476 3796 3776)
4(3475 3795 3796 3476)
4(3457 3477 3797 3777)
4(3476 3796 3797 3477)
4(3458 3478 3798 3778)
4(3477 3797 3798 3478)
4(3459 3479 3799 3779)
4(3478 3798 3799 3479)
4(3460 3480 3800 3780)
4(3479 3799 3800 3480)
4(3461 3481 3801 3781)
4(3480 3800 3801 3481)
4(3462 3482 3802 3782)
4(3481 3801 3802 3482)
4(3463 3483 3803 3783)
4(3482 3802 3803 3483)
4(3464 3484 3804 3784)
4(3483 3803 3804 3484)
4(3465 3485 3805 3785)
4(3484 3804 3805 3485)
4(3466 3486 3806 3786)
4(3485 3805 3806 3486)
4(3467 3487 3807 3787)
4(3486 3806 3807 3487)
4(3468 3488 3808 3788)
4(3487 3807 3808 3488)
4(3469 3489 3809 3789)
4(3488 3808 3809 3489)
4(3470 3490 3810 3790)
4(3489 3809 3810 3490)
4(3490 3810 3811 3491)
4(3472 3492 3812 3792)
4(422 441 3812 3492)
4(3473 3493 3813 3793)
4(3492 3812 3813 3493)
4(3474 3494 3814 3794)
4(3493 3813 3814 3494)
4(3475 3495 3815 3795)
4(3494 3814 3815 3495)
4(3476 3496 3816 3796)
4(3495 3815 3816 3496)
4(3477 3497 3817 3797)
4(3496 3816 3817 3497)
4(3478 3498 3818 3798)
4(3497 3817 3818 3498)
4(3479 3499 3819 3799)
4(3498 3818 3819 3499)
4(3480 3500 3820 3800)
4(3499 3819 3820 3500)
4(3481 3501 3821 3801)
4(3500 3820 3821 3501)
4(3482 3502 3822 3802)
4(3501 3821 3822 3502)
4(3483 3503 3823 3803)
4(3502 3822 3823 3503)
4(3484 3504 3824 3804)
4(3503 3823 3824 3504)
4(3485 3505 3825 3805)
4(3504 3824 3825 3505)
4(3486 3506 3826 3806)
4(3505 3825 3826 3506)
4(3487 3507 3827 3807)
4(3506 3826 3827 3507)
4(3488 3508 3828 3808)
4(3507 3827 3828 3508)
4(3489 3509 3829 3809)
4(3508 3828 3829 3509)
4(3490 3510 3830 3810)
4(3509 3829 3830 3510)
4(3510 3830 3831 3511)
4(3492 3512 3832 3812)
4(423 442 3832 3512)
4(3493 3513 3833 3813)
4(3512 3832 3833 3513)
4(3494 3514 3834 3814)
4(3513 3833 3834 3514)
4(3495 3515 3835 3815)
4(3514 3834 3835 3515)
4(3496 3516 3836 3816)
4(3515 3835 3836 3516)
4(3497 3517 3837 3817)
4(3516 3836 3837 3517)
4(3498 3518 3838 3818)
4(3517 3837 3838 3518)
4(3499 3519 3839 3819)
4(3518 3838 3839 3519)
4(3500 3520 3840 3820)
4(3519 3839 3840 3520)
4(3501 3521 3841 3821)
4(3520 3840 3841 3521)
4(3502 3522 3842 3822)
4(3521 3841 3842 3522)
4(3503 3523 3843 3823)
4(3522 3842 3843 3523)
4(3504 3524 3844 3824)
4(3523 3843 3844 3524)
4(3505 3525 3845 3825)
4(3524 3844 3845 3525)
4(3506 3526 3846 3826)
4(3525 3845 3846 3526)
4(3507 3527 3847 3827)
4(3526 3846 3847 3527)
4(3508 3528 3848 3828)
4(3527 3847 3848 3528)
4(3509 3529 3849 3829)
4(3528 3848 3849 3529)
4(3510 3530 3850 3830)
4(3529 3849 3850 3530)
4(3530 3850 3851 3531)
4(3512 3532 3852 3832)
4(424 443 3852 3532)
4(3513 3533 3853 3833)
4(3532 3852 3853 3533)
4(3514 3534 3854 3834)
4(3533 3853 3854 3534)
4(3515 3535 3855 3835)
4(3534 3854 3855 3535)
4(3516 3536 3856 3836)
4(3535 3855 3856 3536)
4(3517 3537 3857 3837)
4(3536 3856 3857 3537)
4(3518 3538 3858 3838)
4(3537 3857 3858 3538)
4(3519 3539 3859 3839)
4(3538 3858 3859 3539)
4(3520 3540 3860 3840)
4(3539 3859 3860 3540)
4(3521 3541 3861 3841)
4(3540 3860 3861 3541)
4(3522 3542 3862 3842)
4(3541 3861 3862 3542)
4(3523 3543 3863 3843)
4(3542 3862 3863 3543)
4(3524 3544 3864 3844)
4(3543 3863 3864 3544)
4(3525 3545 3865 3845)
4(3544 3864 3865 3545)
4(3526 3546 3866 3846)
4(3545 3865 3866 3546)
4(3527 3547 3867 3847)
4(3546 3866 3867 3547)
4(3528 3548 3868 3848)
4(3547 3867 3868 3548)
4(3529 3549 3869 3849)
4(3548 3868 3869 3549)
4(3530 3550 3870 3850)
4(3549 3869 3870 3550)
4(3550 3870 3871 3551)
4(3532 3552 3872 3852)
4(425 444 3872 3552)
4(3533 3553 3873 3853)
4(3552 3872 3873 3553)
4(3534 3554 3874 3854)
4(3553 3873 3874 3554)
4(3535 3555 3875 3855)
4(3554 3874 3875 3555)
4(3536 3556 3876 3856)
4(3555 3875 3876 3556)
4(3537 3557 3877 3857)
4(3556 3876 3877 3557)
4(3538 3558 3878 3858)
4(3557 3877 3878 3558)
4(3539 3559 3879 3859)
4(3558 3878 3879 3559)
4(3540 3560 3880 3860)
4(3559 3879 3880 3560)
4(3541 3561 3881 3861)
4(3560 3880 3881 3561)
4(3542 3562 3882 3862)
4(3561 3881 3882 3562)
4(3543 3563 3883 3863)
4(3562 3882 3883 3563)
4(3544 3564 3884 3864)
4(3563 3883 3884 3564)
4(3545 3565 3885 3865)
4(3564 3884 3885 3565)
4(3546 3566 3886 3866)
4(3565 3885 3886 3566)
4(3547 3567 3887 3867)
4(3566 3886 3887 3567)
4(3548 3568 3888 3868)
4(3567 3887 3888 3568)
4(3549 3569 3889 3869)
4(3568 3888 3889 3569)
4(3550 3570 3890 3870)
4(3569 3889 3890 3570)
4(3570 3890 3891 3571)
4(3552 3572 3892 3872)
4(426 445 3892 3572)
4(3553 3573 3893 3873)
4(3572 3892 3893 3573)
4(3554 3574 3894 3874)
4(3573 3893 3894 3574)
4(3555 3575 3895 3875)
4(3574 3894 3895 3575)
4(3556 3576 3896 3876)
4(3575 3895 3896 3576)
4(3557 3577 3897 3877)
4(3576 3896 3897 3577)
4(3558 3578 3898 3878)
4(3577 3897 3898 3578)
4(3559 3579 3899 3879)
4(3578 3898 3899 3579)
4(3560 3580 3900 3880)
4(3579 3899 3900 3580)
4(3561 3581 3901 3881)
4(3580 3900 3901 3581)
4(3562 3582 3902 3882)
4(3581 3901 3902 3582)
4(3563 3583 3903 3883)
4(3582 3902 3903 3583)
4(3564 3584 3904 3884)
4(3583 3903 3904 3584)
4(3565 3585 3905 3885)
4(3584 3904 3905 3585)
4(3566 3586 3906 3886)
4(3585 3905 3906 3586)
4(3567 3587 3907 3887)
4(3586 3906 3907 3587)
4(3568 3588 3908 3888)
4(3587 3907 3908 3588)
4(3569 3589 3909 3889)
4(3588 3908 3909 3589)
4(3570 3590 3910 3890)
4(3589 3909 3910 3590)
4(3590 3910 3911 3591)
4(3572 3592 3912 3892)
4(427 446 3912 3592)
4(3573 3593 3913 3893)
4(3592 3912 3913 3593)
4(3574 3594 3914 3894)
4(3593 3913 3914 3594)
4(3575 3595 3915 3895)
4(3594 3914 3915 3595)
4(3576 3596 3916 3896)
4(3595 3915 3916 3596)
4(3577 3597 3917 3897)
4(3596 3916 3917 3597)
4(3578 3598 3918 3898)
4(3597 3917 3918 3598)
4(3579 3599 3919 3899)
4(3598 3918 3919 3599)
4(3580 3600 3920 3900)
4(3599 3919 3920 3600)
4(3581 3601 3921 3901)
4(3600 3920 3921 3601)
4(3582 3602 3922 3902)
4(3601 3921 3922 3602)
4(3583 3603 3923 3903)
4(3602 3922 3923 3603)
4(3584 3604 3924 3904)
4(3603 3923 3924 3604)
4(3585 3605 3925 3905)
4(3604 3924 3925 3605)
4(3586 3606 3926 3906)
4(3605 3925 3926 3606)
4(3587 3607 3927 3907)
4(3606 3926 3927 3607)
4(3588 3608 3928 3908)
4(3607 3927 3928 3608)
4(3589 3609 3929 3909)
4(3608 3928 3929 3609)
4(3590 3610 3930 3910)
4(3609 3929 3930 3610)
4(3610 3930 3931 3611)
4(3592 3612 3932 3912)
4(428 447 3932 3612)
4(3593 3613 3933 3913)
4(3612 3932 3933 3613)
4(3594 3614 3934 3914)
4(3613 3933 3934 3614)
4(3595 3615 3935 3915)
4(3614 3934 3935 3615)
4(3596 3616 3936 3916)
4(3615 3935 3936 3616)
4(3597 3617 3937 3917)
4(3616 3936 3937 3617)
4(3598 3618 3938 3918)
4(3617 3937 3938 3618)
4(3599 3619 3939 3919)
4(3618 3938 3939 3619)
4(3600 3620 3940 3920)
4(3619 3939 3940 3620)
4(3601 3621 3941 3921)
4(3620 3940 3941 3621)
4(3602 3622 3942 3922)
4(3621 3941 3942 3622)
4(3603 3623 3943 3923)
4(3622 3942 3943 3623)
4(3604 3624 3944 3924)
4(3623 3943 3944 3624)
4(3605 3625 3945 3925)
4(3624 3944 3945 3625)
4(3606 3626 3946 3926)
4(3625 3945 3946 3626)
4(3607 3627 3947 3927)
4(3626 3946 3947 3627)
4(3608 3628 3948 3928)
4(3627 3947 3948 3628)
4(3609 3629 3949 3929)
4(3628 3948 3949 3629)
4(3610 3630 3950 3930)
4(3629 3949 3950 3630)
4(3630 3950 3951 3631)
4(3612 3632 3952 3932)
4(432 451 3952 3632)
4(3613 3633 3953 3933)
4(3632 3952 3953 3633)
4(3614 3634 3954 3934)
4(3633 3953 3954 3634)
4(3615 3635 3955 3935)
4(3634 3954 3955 3635)
4(3616 3636 3956 3936)
4(3635 3955 3956 3636)
4(3617 3637 3957 3937)
4(3636 3956 3957 3637)
4(3618 3638 3958 3938)
4(3637 3957 3958 3638)
4(3619 3639 3959 3939)
4(3638 3958 3959 3639)
4(3620 3640 3960 3940)
4(3639 3959 3960 3640)
4(3621 3641 3961 3941)
4(3640 3960 3961 3641)
4(3622 3642 3962 3942)
4(3641 3961 3962 3642)
4(3623 3643 3963 3943)
4(3642 3962 3963 3643)
4(3624 3644 3964 3944)
4(3643 3963 3964 3644)
4(3625 3645 3965 3945)
4(3644 3964 3965 3645)
4(3626 3646 3966 3946)
4(3645 3965 3966 3646)
4(3627 3647 3967 3947)
4(3646 3966 3967 3647)
4(3628 3648 3968 3948)
4(3647 3967 3968 3648)
4(3629 3649 3969 3949)
4(3648 3968 3969 3649)
4(3630 3650 3970 3950)
4(3649 3969 3970 3650)
4(3650 3970 3971 3651)
4(3632 3972 4372 3952)
4(1335 1415 4372 3972)
4(3633 3973 4373 3953)
4(3972 4372 4373 3973)
4(3634 3974 4374 3954)
4(3973 4373 4374 3974)
4(3635 3975 4375 3955)
4(3974 4374 4375 3975)
4(3636 3976 4376 3956)
4(3975 4375 4376 3976)
4(3637 3977 4377 3957)
4(3976 4376 4377 3977)
4(3638 3978 4378 3958)
4(3977 4377 4378 3978)
4(3639 3979 4379 3959)
4(3978 4378 4379 3979)
4(3640 3980 4380 3960)
4(3979 4379 4380 3980)
4(3641 3981 4381 3961)
4(3980 4380 4381 3981)
4(3642 3982 4382 3962)
4(3981 4381 4382 3982)
4(3643 3983 4383 3963)
4(3982 4382 4383 3983)
4(3644 3984 4384 3964)
4(3983 4383 4384 3984)
4(3645 3985 4385 3965)
4(3984 4384 4385 3985)
4(3646 3986 4386 3966)
4(3985 4385 4386 3986)
4(3647 3987 4387 3967)
4(3986 4386 4387 3987)
4(3648 3988 4388 3968)
4(3987 4387 4388 3988)
4(3649 3989 4389 3969)
4(3988 4388 4389 3989)
4(3650 3990 4390 3970)
4(3989 4389 4390 3990)
4(3990 4390 4391 3991)
4(3972 3992 4392 4372)
4(1339 1419 4392 3992)
4(3973 3993 4393 4373)
4(3992 4392 4393 3993)
4(3974 3994 4394 4374)
4(3993 4393 4394 3994)
4(3975 3995 4395 4375)
4(3994 4394 4395 3995)
4(3976 3996 4396 4376)
4(3995 4395 4396 3996)
4(3977 3997 4397 4377)
4(3996 4396 4397 3997)
4(3978 3998 4398 4378)
4(3997 4397 4398 3998)
4(3979 3999 4399 4379)
4(3998 4398 4399 3999)
4(3980 4000 4400 4380)
4(3999 4399 4400 4000)
4(3981 4001 4401 4381)
4(4000 4400 4401 4001)
4(3982 4002 4402 4382)
4(4001 4401 4402 4002)
4(3983 4003 4403 4383)
4(4002 4402 4403 4003)
4(3984 4004 4404 4384)
4(4003 4403 4404 4004)
4(3985 4005 4405 4385)
4(4004 4404 4405 4005)
4(3986 4006 4406 4386)
4(4005 4405 4406 4006)
4(3987 4007 4407 4387)
4(4006 4406 4407 4007)
4(3988 4008 4408 4388)
4(4007 4407 4408 4008)
4(3989 4009 4409 4389)
4(4008 4408 4409 4009)
4(3990 4010 4410 4390)
4(4009 4409 4410 4010)
4(4010 4410 4411 4011)
4(3992 4012 4412 4392)
4(1343 1423 4412 4012)
4(3993 4013 4413 4393)
4(4012 4412 4413 4013)
4(3994 4014 4414 4394)
4(4013 4413 4414 4014)
4(3995 4015 4415 4395)
4(4014 4414 4415 4015)
4(3996 4016 4416 4396)
4(4015 4415 4416 4016)
4(3997 4017 4417 4397)
4(4016 4416 4417 4017)
4(3998 4018 4418 4398)
4(4017 4417 4418 4018)
4(3999 4019 4419 4399)
4(4018 4418 4419 4019)
4(4000 4020 4420 4400)
4(4019 4419 4420 4020)
4(4001 4021 4421 4401)
4(4020 4420 4421 4021)
4(4002 4022 4422 4402)
4(4021 4421 4422 4022)
4(4003 4023 4423 4403)
4(4022 4422 4423 4023)
4(4004 4024 4424 4404)
4(4023 4423 4424 4024)
4(4005 4025 4425 4405)
4(4024 4424 4425 4025)
4(4006 4026 4426 4406)
4(4025 4425 4426 4026)
4(4007 4027 4427 4407)
4(4026 4426 4427 4027)
4(4008 4028 4428 4408)
4(4027 4427 4428 4028)
4(4009 4029 4429 4409)
4(4028 4428 4429 4029)
4(4010 4030 4430 4410)
4(4029 4429 4430 4030)
4(4030 4430 4431 4031)
4(4012 4032 4432 4412)
4(1347 1427 4432 4032)
4(4013 4033 4433 4413)
4(4032 4432 4433 4033)
4(4014 4034 4434 4414)
4(4033 4433 4434 4034)
4(4015 4035 4435 4415)
4(4034 4434 4435 4035)
4(4016 4036 4436 4416)
4(4035 4435 4436 4036)
4(4017 4037 4437 4417)
4(4036 4436 4437 4037)
4(4018 4038 4438 4418)
4(4037 4437 4438 4038)
4(4019 4039 4439 4419)
4(4038 4438 4439 4039)
4(4020 4040 4440 4420)
4(4039 4439 4440 4040)
4(4021 4041 4441 4421)
4(4040 4440 4441 4041)
4(4022 4042 4442 4422)
4(4041 4441 4442 4042)
4(4023 4043 4443 4423)
4(4042 4442 4443 4043)
4(4024 4044 4444 4424)
4(4043 4443 4444 4044)
4(4025 4045 4445 4425)
4(4044 4444 4445 4045)
4(4026 4046 4446 4426)
4(4045 4445 4446 4046)
4(4027 4047 4447 4427)
4(4046 4446 4447 4047)
4(4028 4048 4448 4428)
4(4047 4447 4448 4048)
4(4029 4049 4449 4429)
4(4048 4448 4449 4049)
4(4030 4050 4450 4430)
4(4049 4449 4450 4050)
4(4050 4450 4451 4051)
4(4032 4052 4452 4432)
4(1351 1431 4452 4052)
4(4033 4053 4453 4433)
4(4052 4452 4453 4053)
4(4034 4054 4454 4434)
4(4053 4453 4454 4054)
4(4035 4055 4455 4435)
4(4054 4454 4455 4055)
4(4036 4056 4456 4436)
4(4055 4455 4456 4056)
4(4037 4057 4457 4437)
4(4056 4456 4457 4057)
4(4038 4058 4458 4438)
4(4057 4457 4458 4058)
4(4039 4059 4459 4439)
4(4058 4458 4459 4059)
4(4040 4060 4460 4440)
4(4059 4459 4460 4060)
4(4041 4061 4461 4441)
4(4060 4460 4461 4061)
4(4042 4062 4462 4442)
4(4061 4461 4462 4062)
4(4043 4063 4463 4443)
4(4062 4462 4463 4063)
4(4044 4064 4464 4444)
4(4063 4463 4464 4064)
4(4045 4065 4465 4445)
4(4064 4464 4465 4065)
4(4046 4066 4466 4446)
4(4065 4465 4466 4066)
4(4047 4067 4467 4447)
4(4066 4466 4467 4067)
4(4048 4068 4468 4448)
4(4067 4467 4468 4068)
4(4049 4069 4469 4449)
4(4068 4468 4469 4069)
4(4050 4070 4470 4450)
4(4069 4469 4470 4070)
4(4070 4470 4471 4071)
4(4052 4072 4472 4452)
4(1355 1435 4472 4072)
4(4053 4073 4473 4453)
4(4072 4472 4473 4073)
4(4054 4074 4474 4454)
4(4073 4473 4474 4074)
4(4055 4075 4475 4455)
4(4074 4474 4475 4075)
4(4056 4076 4476 4456)
4(4075 4475 4476 4076)
4(4057 4077 4477 4457)
4(4076 4476 4477 4077)
4(4058 4078 4478 4458)
4(4077 4477 4478 4078)
4(4059 4079 4479 4459)
4(4078 4478 4479 4079)
4(4060 4080 4480 4460)
4(4079 4479 4480 4080)
4(4061 4081 4481 4461)
4(4080 4480 4481 4081)
4(4062 4082 4482 4462)
4(4081 4481 4482 4082)
4(4063 4083 4483 4463)
4(4082 4482 4483 4083)
4(4064 4084 4484 4464)
4(4083 4483 4484 4084)
4(4065 4085 4485 4465)
4(4084 4484 4485 4085)
4(4066 4086 4486 4466)
4(4085 4485 4486 4086)
4(4067 4087 4487 4467)
4(4086 4486 4487 4087)
4(4068 4088 4488 4468)
4(4087 4487 4488 4088)
4(4069 4089 4489 4469)
4(4088 4488 4489 4089)
4(4070 4090 4490 4470)
4(4089 4489 4490 4090)
4(4090 4490 4491 4091)
4(4072 4092 4492 4472)
4(1359 1439 4492 4092)
4(4073 4093 4493 4473)
4(4092 4492 4493 4093)
4(4074 4094 4494 4474)
4(4093 4493 4494 4094)
4(4075 4095 4495 4475)
4(4094 4494 4495 4095)
4(4076 4096 4496 4476)
4(4095 4495 4496 4096)
4(4077 4097 4497 4477)
4(4096 4496 4497 4097)
4(4078 4098 4498 4478)
4(4097 4497 4498 4098)
4(4079 4099 4499 4479)
4(4098 4498 4499 4099)
4(4080 4100 4500 4480)
4(4099 4499 4500 4100)
4(4081 4101 4501 4481)
4(4100 4500 4501 4101)
4(4082 4102 4502 4482)
4(4101 4501 4502 4102)
4(4083 4103 4503 4483)
4(4102 4502 4503 4103)
4(4084 4104 4504 4484)
4(4103 4503 4504 4104)
4(4085 4105 4505 4485)
4(4104 4504 4505 4105)
4(4086 4106 4506 4486)
4(4105 4505 4506 4106)
4(4087 4107 4507 4487)
4(4106 4506 4507 4107)
4(4088 4108 4508 4488)
4(4107 4507 4508 4108)
4(4089 4109 4509 4489)
4(4108 4508 4509 4109)
4(4090 4110 4510 4490)
4(4109 4509 4510 4110)
4(4110 4510 4511 4111)
4(4092 4112 4512 4492)
4(1363 1443 4512 4112)
4(4093 4113 4513 4493)
4(4112 4512 4513 4113)
4(4094 4114 4514 4494)
4(4113 4513 4514 4114)
4(4095 4115 4515 4495)
4(4114 4514 4515 4115)
4(4096 4116 4516 4496)
4(4115 4515 4516 4116)
4(4097 4117 4517 4497)
4(4116 4516 4517 4117)
4(4098 4118 4518 4498)
4(4117 4517 4518 4118)
4(4099 4119 4519 4499)
4(4118 4518 4519 4119)
4(4100 4120 4520 4500)
4(4119 4519 4520 4120)
4(4101 4121 4521 4501)
4(4120 4520 4521 4121)
4(4102 4122 4522 4502)
4(4121 4521 4522 4122)
4(4103 4123 4523 4503)
4(4122 4522 4523 4123)
4(4104 4124 4524 4504)
4(4123 4523 4524 4124)
4(4105 4125 4525 4505)
4(4124 4524 4525 4125)
4(4106 4126 4526 4506)
4(4125 4525 4526 4126)
4(4107 4127 4527 4507)
4(4126 4526 4527 4127)
4(4108 4128 4528 4508)
4(4127 4527 4528 4128)
4(4109 4129 4529 4509)
4(4128 4528 4529 4129)
4(4110 4130 4530 4510)
4(4129 4529 4530 4130)
4(4130 4530 4531 4131)
4(4112 4132 4532 4512)
4(1367 1447 4532 4132)
4(4113 4133 4533 4513)
4(4132 4532 4533 4133)
4(4114 4134 4534 4514)
4(4133 4533 4534 4134)
4(4115 4135 4535 4515)
4(4134 4534 4535 4135)
4(4116 4136 4536 4516)
4(4135 4535 4536 4136)
4(4117 4137 4537 4517)
4(4136 4536 4537 4137)
4(4118 4138 4538 4518)
4(4137 4537 4538 4138)
4(4119 4139 4539 4519)
4(4138 4538 4539 4139)
4(4120 4140 4540 4520)
4(4139 4539 4540 4140)
4(4121 4141 4541 4521)
4(4140 4540 4541 4141)
4(4122 4142 4542 4522)
4(4141 4541 4542 4142)
4(4123 4143 4543 4523)
4(4142 4542 4543 4143)
4(4124 4144 4544 4524)
4(4143 4543 4544 4144)
4(4125 4145 4545 4525)
4(4144 4544 4545 4145)
4(4126 4146 4546 4526)
4(4145 4545 4546 4146)
4(4127 4147 4547 4527)
4(4146 4546 4547 4147)
4(4128 4148 4548 4528)
4(4147 4547 4548 4148)
4(4129 4149 4549 4529)
4(4148 4548 4549 4149)
4(4130 4150 4550 4530)
4(4149 4549 4550 4150)
4(4150 4550 4551 4151)
4(4132 4152 4552 4532)
4(1371 1451 4552 4152)
4(4133 4153 4553 4533)
4(4152 4552 4553 4153)
4(4134 4154 4554 4534)
4(4153 4553 4554 4154)
4(4135 4155 4555 4535)
4(4154 4554 4555 4155)
4(4136 4156 4556 4536)
4(4155 4555 4556 4156)
4(4137 4157 4557 4537)
4(4156 4556 4557 4157)
4(4138 4158 4558 4538)
4(4157 4557 4558 4158)
4(4139 4159 4559 4539)
4(4158 4558 4559 4159)
4(4140 4160 4560 4540)
4(4159 4559 4560 4160)
4(4141 4161 4561 4541)
4(4160 4560 4561 4161)
4(4142 4162 4562 4542)
4(4161 4561 4562 4162)
4(4143 4163 4563 4543)
4(4162 4562 4563 4163)
4(4144 4164 4564 4544)
4(4163 4563 4564 4164)
4(4145 4165 4565 4545)
4(4164 4564 4565 4165)
4(4146 4166 4566 4546)
4(4165 4565 4566 4166)
4(4147 4167 4567 4547)
4(4166 4566 4567 4167)
4(4148 4168 4568 4548)
4(4167 4567 4568 4168)
4(4149 4169 4569 4549)
4(4168 4568 4569 4169)
4(4150 4170 4570 4550)
4(4169 4569 4570 4170)
4(4170 4570 4571 4171)
4(4152 4172 4572 4552)
4(1375 1455 4572 4172)
4(4153 4173 4573 4553)
4(4172 4572 4573 4173)
4(4154 4174 4574 4554)
4(4173 4573 4574 4174)
4(4155 4175 4575 4555)
4(4174 4574 4575 4175)
4(4156 4176 4576 4556)
4(4175 4575 4576 4176)
4(4157 4177 4577 4557)
4(4176 4576 4577 4177)
4(4158 4178 4578 4558)
4(4177 4577 4578 4178)
4(4159 4179 4579 4559)
4(4178 4578 4579 4179)
4(4160 4180 4580 4560)
4(4179 4579 4580 4180)
4(4161 4181 4581 4561)
4(4180 4580 4581 4181)
4(4162 4182 4582 4562)
4(4181 4581 4582 4182)
4(4163 4183 4583 4563)
4(4182 4582 4583 4183)
4(4164 4184 4584 4564)
4(4183 4583 4584 4184)
4(4165 4185 4585 4565)
4(4184 4584 4585 4185)
4(4166 4186 4586 4566)
4(4185 4585 4586 4186)
4(4167 4187 4587 4567)
4(4186 4586 4587 4187)
4(4168 4188 4588 4568)
4(4187 4587 4588 4188)
4(4169 4189 4589 4569)
4(4188 4588 4589 4189)
4(4170 4190 4590 4570)
4(4189 4589 4590 4190)
4(4190 4590 4591 4191)
4(4172 4192 4592 4572)
4(1379 1459 4592 4192)
4(4173 4193 4593 4573)
4(4192 4592 4593 4193)
4(4174 4194 4594 4574)
4(4193 4593 4594 4194)
4(4175 4195 4595 4575)
4(4194 4594 4595 4195)
4(4176 4196 4596 4576)
4(4195 4595 4596 4196)
4(4177 4197 4597 4577)
4(4196 4596 4597 4197)
4(4178 4198 4598 4578)
4(4197 4597 4598 4198)
4(4179 4199 4599 4579)
4(4198 4598 4599 4199)
4(4180 4200 4600 4580)
4(4199 4599 4600 4200)
4(4181 4201 4601 4581)
4(4200 4600 4601 4201)
4(4182 4202 4602 4582)
4(4201 4601 4602 4202)
4(4183 4203 4603 4583)
4(4202 4602 4603 4203)
4(4184 4204 4604 4584)
4(4203 4603 4604 4204)
4(4185 4205 4605 4585)
4(4204 4604 4605 4205)
4(4186 4206 4606 4586)
4(4205 4605 4606 4206)
4(4187 4207 4607 4587)
4(4206 4606 4607 4207)
4(4188 4208 4608 4588)
4(4207 4607 4608 4208)
4(4189 4209 4609 4589)
4(4208 4608 4609 4209)
4(4190 4210 4610 4590)
4(4209 4609 4610 4210)
4(4210 4610 4611 4211)
4(4192 4212 4612 4592)
4(1383 1463 4612 4212)
4(4193 4213 4613 4593)
4(4212 4612 4613 4213)
4(4194 4214 4614 4594)
4(4213 4613 4614 4214)
4(4195 4215 4615 4595)
4(4214 4614 4615 4215)
4(4196 4216 4616 4596)
4(4215 4615 4616 4216)
4(4197 4217 4617 4597)
4(4216 4616 4617 4217)
4(4198 4218 4618 4598)
4(4217 4617 4618 4218)
4(4199 4219 4619 4599)
4(4218 4618 4619 4219)
4(4200 4220 4620 4600)
4(4219 4619 4620 4220)
4(4201 4221 4621 4601)
4(4220 4620 4621 4221)
4(4202 4222 4622 4602)
4(4221 4621 4622 4222)
4(4203 4223 4623 4603)
4(4222 4622 4623 4223)
4(4204 4224 4624 4604)
4(4223 4623 4624 4224)
4(4205 4225 4625 4605)
4(4224 4624 4625 4225)
4(4206 4226 4626 4606)
4(4225 4625 4626 4226)
4(4207 4227 4627 4607)
4(4226 4626 4627 4227)
4(4208 4228 4628 4608)
4(4227 4627 4628 4228)
4(4209 4229 4629 4609)
4(4228 4628 4629 4229)
4(4210 4230 4630 4610)
4(4229 4629 4630 4230)
4(4230 4630 4631 4231)
4(4212 4232 4632 4612)
4(1387 1467 4632 4232)
4(4213 4233 4633 4613)
4(4232 4632 4633 4233)
4(4214 4234 4634 4614)
4(4233 4633 4634 4234)
4(4215 4235 4635 4615)
4(4234 4634 4635 4235)
4(4216 4236 4636 4616)
4(4235 4635 4636 4236)
4(4217 4237 4637 4617)
4(4236 4636 4637 4237)
4(4218 4238 4638 4618)
4(4237 4637 4638 4238)
4(4219 4239 4639 4619)
4(4238 4638 4639 4239)
4(4220 4240 4640 4620)
4(4239 4639 4640 4240)
4(4221 4241 4641 4621)
4(4240 4640 4641 4241)
4(4222 4242 4642 4622)
4(4241 4641 4642 4242)
4(4223 4243 4643 4623)
4(4242 4642 4643 4243)
4(4224 4244 4644 4624)
4(4243 4643 4644 4244)
4(4225 4245 4645 4625)
4(4244 4644 4645 4245)
4(4226 4246 4646 4626)
4(4245 4645 4646 4246)
4(4227 4247 4647 4627)
4(4246 4646 4647 4247)
4(4228 4248 4648 4628)
4(4247 4647 4648 4248)
4(4229 4249 4649 4629)
4(4248 4648 4649 4249)
4(4230 4250 4650 4630)
4(4249 4649 4650 4250)
4(4250 4650 4651 4251)
4(4232 4252 4652 4632)
4(1391 1471 4652 4252)
4(4233 4253 4653 4633)
4(4252 4652 4653 4253)
4(4234 4254 4654 4634)
4(4253 4653 4654 4254)
4(4235 4255 4655 4635)
4(4254 4654 4655 4255)
4(4236 4256 4656 4636)
4(4255 4655 4656 4256)
4(4237 4257 4657 4637)
4(4256 4656 4657 4257)
4(4238 4258 4658 4638)
4(4257 4657 4658 4258)
4(4239 4259 4659 4639)
4(4258 4658 4659 4259)
4(4240 4260 4660 4640)
4(4259 4659 4660 4260)
4(4241 4261 4661 4641)
4(4260 4660 4661 4261)
4(4242 4262 4662 4642)
4(4261 4661 4662 4262)
4(4243 4263 4663 4643)
4(4262 4662 4663 4263)
4(4244 4264 4664 4644)
4(4263 4663 4664 4264)
4(4245 4265 4665 4645)
4(4264 4664 4665 4265)
4(4246 4266 4666 4646)
4(4265 4665 4666 4266)
4(4247 4267 4667 4647)
4(4266 4666 4667 4267)
4(4248 4268 4668 4648)
4(4267 4667 4668 4268)
4(4249 4269 4669 4649)
4(4268 4668 4669 4269)
4(4250 4270 4670 4650)
4(4269 4669 4670 4270)
4(4270 4670 4671 4271)
4(4252 4272 4672 4652)
4(1395 1475 4672 4272)
4(4253 4273 4673 4653)
4(4272 4672 4673 4273)
4(4254 4274 4674 4654)
4(4273 4673 4674 4274)
4(4255 4275 4675 4655)
4(4274 4674 4675 4275)
4(4256 4276 4676 4656)
4(4275 4675 4676 4276)
4(4257 4277 4677 4657)
4(4276 4676 4677 4277)
4(4258 4278 4678 4658)
4(4277 4677 4678 4278)
4(4259 4279 4679 4659)
4(4278 4678 4679 4279)
4(4260 4280 4680 4660)
4(4279 4679 4680 4280)
4(4261 4281 4681 4661)
4(4280 4680 4681 4281)
4(4262 4282 4682 4662)
4(4281 4681 4682 4282)
4(4263 4283 4683 4663)
4(4282 4682 4683 4283)
4(4264 4284 4684 4664)
4(4283 4683 4684 4284)
4(4265 4285 4685 4665)
4(4284 4684 4685 4285)
4(4266 4286 4686 4666)
4(4285 4685 4686 4286)
4(4267 4287 4687 4667)
4(4286 4686 4687 4287)
4(4268 4288 4688 4668)
4(4287 4687 4688 4288)
4(4269 4289 4689 4669)
4(4288 4688 4689 4289)
4(4270 4290 4690 4670)
4(4289 4689 4690 4290)
4(4290 4690 4691 4291)
4(4272 4292 4692 4672)
4(1399 1479 4692 4292)
4(4273 4293 4693 4673)
4(4292 4692 4693 4293)
4(4274 4294 4694 4674)
4(4293 4693 4694 4294)
4(4275 4295 4695 4675)
4(4294 4694 4695 4295)
4(4276 4296 4696 4676)
4(4295 4695 4696 4296)
4(4277 4297 4697 4677)
4(4296 4696 4697 4297)
4(4278 4298 4698 4678)
4(4297 4697 4698 4298)
4(4279 4299 4699 4679)
4(4298 4698 4699 4299)
4(4280 4300 4700 4680)
4(4299 4699 4700 4300)
4(4281 4301 4701 4681)
4(4300 4700 4701 4301)
4(4282 4302 4702 4682)
4(4301 4701 4702 4302)
4(4283 4303 4703 4683)
4(4302 4702 4703 4303)
4(4284 4304 4704 4684)
4(4303 4703 4704 4304)
4(4285 4305 4705 4685)
4(4304 4704 4705 4305)
4(4286 4306 4706 4686)
4(4305 4705 4706 4306)
4(4287 4307 4707 4687)
4(4306 4706 4707 4307)
4(4288 4308 4708 4688)
4(4307 4707 4708 4308)
4(4289 4309 4709 4689)
4(4308 4708 4709 4309)
4(4290 4310 4710 4690)
4(4309 4709 4710 4310)
4(4310 4710 4711 4311)
4(4292 4312 4712 4692)
4(1403 1483 4712 4312)
4(4293 4313 4713 4693)
4(4312 4712 4713 4313)
4(4294 4314 4714 4694)
4(4313 4713 4714 4314)
4(4295 4315 4715 4695)
4(4314 4714 4715 4315)
4(4296 4316 4716 4696)
4(4315 4715 4716 4316)
4(4297 4317 4717 4697)
4(4316 4716 4717 4317)
4(4298 4318 4718 4698)
4(4317 4717 4718 4318)
4(4299 4319 4719 4699)
4(4318 4718 4719 4319)
4(4300 4320 4720 4700)
4(4319 4719 4720 4320)
4(4301 4321 4721 4701)
4(4320 4720 4721 4321)
4(4302 4322 4722 4702)
4(4321 4721 4722 4322)
4(4303 4323 4723 4703)
4(4322 4722 4723 4323)
4(4304 4324 4724 4704)
4(4323 4723 4724 4324)
4(4305 4325 4725 4705)
4(4324 4724 4725 4325)
4(4306 4326 4726 4706)
4(4325 4725 4726 4326)
4(4307 4327 4727 4707)
4(4326 4726 4727 4327)
4(4308 4328 4728 4708)
4(4327 4727 4728 4328)
4(4309 4329 4729 4709)
4(4328 4728 4729 4329)
4(4310 4330 4730 4710)
4(4329 4729 4730 4330)
4(4330 4730 4731 4331)
4(4312 4332 4732 4712)
4(1407 1487 4732 4332)
4(4313 4333 4733 4713)
4(4332 4732 4733 4333)
4(4314 4334 4734 4714)
4(4333 4733 4734 4334)
4(4315 4335 4735 4715)
4(4334 4734 4735 4335)
4(4316 4336 4736 4716)
4(4335 4735 4736 4336)
4(4317 4337 4737 4717)
4(4336 4736 4737 4337)
4(4318 4338 4738 4718)
4(4337 4737 4738 4338)
4(4319 4339 4739 4719)
4(4338 4738 4739 4339)
4(4320 4340 4740 4720)
4(4339 4739 4740 4340)
4(4321 4341 4741 4721)
4(4340 4740 4741 4341)
4(4322 4342 4742 4722)
4(4341 4741 4742 4342)
4(4323 4343 4743 4723)
4(4342 4742 4743 4343)
4(4324 4344 4744 4724)
4(4343 4743 4744 4344)
4(4325 4345 4745 4725)
4(4344 4744 4745 4345)
4(4326 4346 4746 4726)
4(4345 4745 4746 4346)
4(4327 4347 4747 4727)
4(4346 4746 4747 4347)
4(4328 4348 4748 4728)
4(4347 4747 4748 4348)
4(4329 4349 4749 4729)
4(4348 4748 4749 4349)
4(4330 4350 4750 4730)
4(4349 4749 4750 4350)
4(4350 4750 4751 4351)
4(4332 4352 4752 4732)
4(4333 4353 4753 4733)
4(4334 4354 4754 4734)
4(4335 4355 4755 4735)
4(4336 4356 4756 4736)
4(4337 4357 4757 4737)
4(4338 4358 4758 4738)
4(4339 4359 4759 4739)
4(4340 4360 4760 4740)
4(4341 4361 4761 4741)
4(4342 4362 4762 4742)
4(4343 4363 4763 4743)
4(4344 4364 4764 4744)
4(4345 4365 4765 4745)
4(4346 4366 4766 4746)
4(4347 4367 4767 4747)
4(4348 4368 4768 4748)
4(4349 4369 4769 4749)
4(4350 4370 4770 4750)
4(1492 1592 1612 1512)
4(1512 1612 1632 1532)
4(1532 1632 1652 1552)
4(1552 1652 1672 1572)
4(1572 1672 2012 1692)
4(1692 2012 2032 1712)
4(1712 2032 2052 1732)
4(1732 2052 2072 1752)
4(1752 2072 2092 1772)
4(1772 2092 2112 1792)
4(1792 2112 2132 1812)
4(1812 2132 2152 1832)
4(1832 2152 2172 1852)
4(1852 2172 2192 1872)
4(1872 2192 2212 1892)
4(1892 2212 2232 1912)
4(1912 2232 2252 1932)
4(1932 2252 2272 1952)
4(1952 2272 2292 1972)
4(1972 2292 2312 1992)
4(1992 2312 2732 2332)
4(2332 2732 2752 2352)
4(2352 2752 2772 2372)
4(2372 2772 2792 2392)
4(2392 2792 2812 2412)
4(2412 2812 2832 2432)
4(2432 2832 2852 2452)
4(2452 2852 2872 2472)
4(2472 2872 2892 2492)
4(2492 2892 2912 2512)
4(2512 2912 2932 2532)
4(2532 2932 2952 2552)
4(2552 2952 2972 2572)
4(2572 2972 2992 2592)
4(2592 2992 3012 2612)
4(2612 3012 3032 2632)
4(2632 3032 3052 2652)
4(2652 3052 3072 2672)
4(2672 3072 3092 2692)
4(2692 3092 3112 2712)
4(3151 3171 3271 3251)
4(3171 3191 3291 3271)
4(3191 3211 3311 3291)
4(3211 3231 3331 3311)
4(3231 3351 3671 3331)
4(3351 3371 3691 3671)
4(3371 3391 3711 3691)
4(3391 3411 3731 3711)
4(3411 3431 3751 3731)
4(3431 3451 3771 3751)
4(3451 3471 3791 3771)
4(3471 3491 3811 3791)
4(3491 3511 3831 3811)
4(3511 3531 3851 3831)
4(3531 3551 3871 3851)
4(3551 3571 3891 3871)
4(3571 3591 3911 3891)
4(3591 3611 3931 3911)
4(3611 3631 3951 3931)
4(3631 3651 3971 3951)
4(3651 3991 4391 3971)
4(3991 4011 4411 4391)
4(4011 4031 4431 4411)
4(4031 4051 4451 4431)
4(4051 4071 4471 4451)
4(4071 4091 4491 4471)
4(4091 4111 4511 4491)
4(4111 4131 4531 4511)
4(4131 4151 4551 4531)
4(4151 4171 4571 4551)
4(4171 4191 4591 4571)
4(4191 4211 4611 4591)
4(4211 4231 4631 4611)
4(4231 4251 4651 4631)
4(4251 4271 4671 4651)
4(4271 4291 4691 4671)
4(4291 4311 4711 4691)
4(4311 4331 4731 4711)
4(4331 4351 4751 4731)
4(4351 4371 4771 4751)
4(1492 1493 1593 1592)
4(1493 1494 1594 1593)
4(1494 1495 1595 1594)
4(1495 1496 1596 1595)
4(1496 1497 1597 1596)
4(1497 1498 1598 1597)
4(1498 1499 1599 1598)
4(1499 1500 1600 1599)
4(1500 1501 1601 1600)
4(1501 1502 1602 1601)
4(1502 1503 1603 1602)
4(1503 1504 1604 1603)
4(1504 1505 1605 1604)
4(1505 1506 1606 1605)
4(1506 1507 1607 1606)
4(1507 1508 1608 1607)
4(1508 1509 1609 1608)
4(1509 1510 1610 1609)
4(1510 1511 1611 1610)
4(1511 0 6 1611)
4(30 3132 3232 35)
4(3132 3133 3233 3232)
4(3133 3134 3234 3233)
4(3134 3135 3235 3234)
4(3135 3136 3236 3235)
4(3136 3137 3237 3236)
4(3137 3138 3238 3237)
4(3138 3139 3239 3238)
4(3139 3140 3240 3239)
4(3140 3141 3241 3240)
4(3141 3142 3242 3241)
4(3142 3143 3243 3242)
4(3143 3144 3244 3243)
4(3144 3145 3245 3244)
4(3145 3146 3246 3245)
4(3146 3147 3247 3246)
4(3147 3148 3248 3247)
4(3148 3149 3249 3248)
4(3149 3150 3250 3249)
4(3150 3151 3251 3250)
4(2712 3112 3113 2713)
4(2713 3113 3114 2714)
4(2714 3114 3115 2715)
4(2715 3115 3116 2716)
4(2716 3116 3117 2717)
4(2717 3117 3118 2718)
4(2718 3118 3119 2719)
4(2719 3119 3120 2720)
4(2720 3120 3121 2721)
4(2721 3121 3122 2722)
4(2722 3122 3123 2723)
4(2723 3123 3124 2724)
4(2724 3124 3125 2725)
4(2725 3125 3126 2726)
4(2726 3126 3127 2727)
4(2727 3127 3128 2728)
4(2728 3128 3129 2729)
4(2729 3129 3130 2730)
4(2730 3130 3131 2731)
4(2731 3131 647 547)
4(547 647 648 548)
4(548 648 649 549)
4(549 649 650 550)
4(550 650 651 551)
4(551 651 808 728)
4(728 808 809 729)
4(729 809 810 730)
4(730 810 811 731)
4(731 811 929 869)
4(869 929 930 870)
4(870 930 931 871)
4(871 931 1049 989)
4(989 1049 1050 990)
4(990 1050 1051 991)
4(991 1051 1169 1109)
4(1109 1169 1170 1110)
4(1110 1170 1171 1111)
4(1111 1171 1328 1248)
4(1248 1328 1329 1249)
4(1249 1329 1330 1250)
4(1250 1330 1331 1251)
4(1251 1331 1488 1408)
4(1408 1488 1489 1409)
4(1409 1489 1490 1410)
4(1410 1490 1491 1411)
4(1411 1491 4752 4352)
4(4352 4752 4753 4353)
4(4353 4753 4754 4354)
4(4354 4754 4755 4355)
4(4355 4755 4756 4356)
4(4356 4756 4757 4357)
4(4357 4757 4758 4358)
4(4358 4758 4759 4359)
4(4359 4759 4760 4360)
4(4360 4760 4761 4361)
4(4361 4761 4762 4362)
4(4362 4762 4763 4363)
4(4363 4763 4764 4364)
4(4364 4764 4765 4365)
4(4365 4765 4766 4366)
4(4366 4766 4767 4367)
4(4367 4767 4768 4368)
4(4368 4768 4769 4369)
4(4369 4769 4770 4370)
4(4370 4770 4771 4371)
4(1492 1512 1513 1493)
4(1512 1532 1533 1513)
4(1532 1552 1553 1533)
4(1552 1572 1573 1553)
4(1493 1513 1514 1494)
4(1513 1533 1534 1514)
4(1533 1553 1554 1534)
4(1553 1573 1574 1554)
4(1494 1514 1515 1495)
4(1514 1534 1535 1515)
4(1534 1554 1555 1535)
4(1554 1574 1575 1555)
4(1495 1515 1516 1496)
4(1515 1535 1536 1516)
4(1535 1555 1556 1536)
4(1555 1575 1576 1556)
4(1496 1516 1517 1497)
4(1516 1536 1537 1517)
4(1536 1556 1557 1537)
4(1556 1576 1577 1557)
4(1497 1517 1518 1498)
4(1517 1537 1538 1518)
4(1537 1557 1558 1538)
4(1557 1577 1578 1558)
4(1498 1518 1519 1499)
4(1518 1538 1539 1519)
4(1538 1558 1559 1539)
4(1558 1578 1579 1559)
4(1499 1519 1520 1500)
4(1519 1539 1540 1520)
4(1539 1559 1560 1540)
4(1559 1579 1580 1560)
4(1500 1520 1521 1501)
4(1520 1540 1541 1521)
4(1540 1560 1561 1541)
4(1560 1580 1581 1561)
4(1501 1521 1522 1502)
4(1521 1541 1542 1522)
4(1541 1561 1562 1542)
4(1561 1581 1582 1562)
4(1502 1522 1523 1503)
4(1522 1542 1543 1523)
4(1542 1562 1563 1543)
4(1562 1582 1583 1563)
4(1503 1523 1524 1504)
4(1523 1543 1544 1524)
4(1543 1563 1564 1544)
4(1563 1583 1584 1564)
4(1504 1524 1525 1505)
4(1524 1544 1545 1525)
4(1544 1564 1565 1545)
4(1564 1584 1585 1565)
4(1505 1525 1526 1506)
4(1525 1545 1546 1526)
4(1545 1565 1566 1546)
4(1565 1585 1586 1566)
4(1506 1526 1527 1507)
4(1526 1546 1547 1527)
4(1546 1566 1567 1547)
4(1566 1586 1587 1567)
4(1507 1527 1528 1508)
4(1527 1547 1548 1528)
4(1547 1567 1568 1548)
4(1567 1587 1588 1568)
4(1508 1528 1529 1509)
4(1528 1548 1549 1529)
4(1548 1568 1569 1549)
4(1568 1588 1589 1569)
4(1509 1529 1530 1510)
4(1529 1549 1550 1530)
4(1549 1569 1570 1550)
4(1569 1589 1590 1570)
4(1510 1530 1531 1511)
4(1530 1550 1551 1531)
4(1550 1570 1571 1551)
4(1570 1590 1591 1571)
4(1511 1531 1 0)
4(1531 1551 2 1)
4(1551 1571 3 2)
4(1571 1591 4 3)
4(1572 1692 1693 1573)
4(1692 1712 1713 1693)
4(1712 1732 1733 1713)
4(1732 1752 1753 1733)
4(1752 1772 1773 1753)
4(1772 1792 1793 1773)
4(1792 1812 1813 1793)
4(1812 1832 1833 1813)
4(1832 1852 1853 1833)
4(1852 1872 1873 1853)
4(1872 1892 1893 1873)
4(1892 1912 1913 1893)
4(1912 1932 1933 1913)
4(1932 1952 1953 1933)
4(1952 1972 1973 1953)
4(1972 1992 1993 1973)
4(1573 1693 1694 1574)
4(1693 1713 1714 1694)
4(1713 1733 1734 1714)
4(1733 1753 1754 1734)
4(1753 1773 1774 1754)
4(1773 1793 1794 1774)
4(1793 1813 1814 1794)
4(1813 1833 1834 1814)
4(1833 1853 1854 1834)
4(1853 1873 1874 1854)
4(1873 1893 1894 1874)
4(1893 1913 1914 1894)
4(1913 1933 1934 1914)
4(1933 1953 1954 1934)
4(1953 1973 1974 1954)
4(1973 1993 1994 1974)
4(1574 1694 1695 1575)
4(1694 1714 1715 1695)
4(1714 1734 1735 1715)
4(1734 1754 1755 1735)
4(1754 1774 1775 1755)
4(1774 1794 1795 1775)
4(1794 1814 1815 1795)
4(1814 1834 1835 1815)
4(1834 1854 1855 1835)
4(1854 1874 1875 1855)
4(1874 1894 1895 1875)
4(1894 1914 1915 1895)
4(1914 1934 1935 1915)
4(1934 1954 1955 1935)
4(1954 1974 1975 1955)
4(1974 1994 1995 1975)
4(1575 1695 1696 1576)
4(1695 1715 1716 1696)
4(1715 1735 1736 1716)
4(1735 1755 1756 1736)
4(1755 1775 1776 1756)
4(1775 1795 1796 1776)
4(1795 1815 1816 1796)
4(1815 1835 1836 1816)
4(1835 1855 1856 1836)
4(1855 1875 1876 1856)
4(1875 1895 1896 1876)
4(1895 1915 1916 1896)
4(1915 1935 1936 1916)
4(1935 1955 1956 1936)
4(1955 1975 1976 1956)
4(1975 1995 1996 1976)
4(1576 1696 1697 1577)
4(1696 1716 1717 1697)
4(1716 1736 1737 1717)
4(1736 1756 1757 1737)
4(1756 1776 1777 1757)
4(1776 1796 1797 1777)
4(1796 1816 1817 1797)
4(1816 1836 1837 1817)
4(1836 1856 1857 1837)
4(1856 1876 1877 1857)
4(1876 1896 1897 1877)
4(1896 1916 1917 1897)
4(1916 1936 1937 1917)
4(1936 1956 1957 1937)
4(1956 1976 1977 1957)
4(1976 1996 1997 1977)
4(1577 1697 1698 1578)
4(1697 1717 1718 1698)
4(1717 1737 1738 1718)
4(1737 1757 1758 1738)
4(1757 1777 1778 1758)
4(1777 1797 1798 1778)
4(1797 1817 1818 1798)
4(1817 1837 1838 1818)
4(1837 1857 1858 1838)
4(1857 1877 1878 1858)
4(1877 1897 1898 1878)
4(1897 1917 1918 1898)
4(1917 1937 1938 1918)
4(1937 1957 1958 1938)
4(1957 1977 1978 1958)
4(1977 1997 1998 1978)
4(1578 1698 1699 1579)
4(1698 1718 1719 1699)
4(1718 1738 1739 1719)
4(1738 1758 1759 1739)
4(1758 1778 1779 1759)
4(1778 1798 1799 1779)
4(1798 1818 1819 1799)
4(1818 1838 1839 1819)
4(1838 1858 1859 1839)
4(1858 1878 1879 1859)
4(1878 1898 1899 1879)
4(1898 1918 1919 1899)
4(1918 1938 1939 1919)
4(1938 1958 1959 1939)
4(1958 1978 1979 1959)
4(1978 1998 1999 1979)
4(1579 1699 1700 1580)
4(1699 1719 1720 1700)
4(1719 1739 1740 1720)
4(1739 1759 1760 1740)
4(1759 1779 1780 1760)
4(1779 1799 1800 1780)
4(1799 1819 1820 1800)
4(1819 1839 1840 1820)
4(1839 1859 1860 1840)
4(1859 1879 1880 1860)
4(1879 1899 1900 1880)
4(1899 1919 1920 1900)
4(1919 1939 1940 1920)
4(1939 1959 1960 1940)
4(1959 1979 1980 1960)
4(1979 1999 2000 1980)
4(1580 1700 1701 1581)
4(1700 1720 1721 1701)
4(1720 1740 1741 1721)
4(1740 1760 1761 1741)
4(1760 1780 1781 1761)
4(1780 1800 1801 1781)
4(1800 1820 1821 1801)
4(1820 1840 1841 1821)
4(1840 1860 1861 1841)
4(1860 1880 1881 1861)
4(1880 1900 1901 1881)
4(1900 1920 1921 1901)
4(1920 1940 1941 1921)
4(1940 1960 1961 1941)
4(1960 1980 1981 1961)
4(1980 2000 2001 1981)
4(1581 1701 1702 1582)
4(1701 1721 1722 1702)
4(1721 1741 1742 1722)
4(1741 1761 1762 1742)
4(1761 1781 1782 1762)
4(1781 1801 1802 1782)
4(1801 1821 1822 1802)
4(1821 1841 1842 1822)
4(1841 1861 1862 1842)
4(1861 1881 1882 1862)
4(1881 1901 1902 1882)
4(1901 1921 1922 1902)
4(1921 1941 1942 1922)
4(1941 1961 1962 1942)
4(1961 1981 1982 1962)
4(1981 2001 2002 1982)
4(1582 1702 1703 1583)
4(1702 1722 1723 1703)
4(1722 1742 1743 1723)
4(1742 1762 1763 1743)
4(1762 1782 1783 1763)
4(1782 1802 1803 1783)
4(1802 1822 1823 1803)
4(1822 1842 1843 1823)
4(1842 1862 1863 1843)
4(1862 1882 1883 1863)
4(1882 1902 1903 1883)
4(1902 1922 1923 1903)
4(1922 1942 1943 1923)
4(1942 1962 1963 1943)
4(1962 1982 1983 1963)
4(1982 2002 2003 1983)
4(1583 1703 1704 1584)
4(1703 1723 1724 1704)
4(1723 1743 1744 1724)
4(1743 1763 1764 1744)
4(1763 1783 1784 1764)
4(1783 1803 1804 1784)
4(1803 1823 1824 1804)
4(1823 1843 1844 1824)
4(1843 1863 1864 1844)
4(1863 1883 1884 1864)
4(1883 1903 1904 1884)
4(1903 1923 1924 1904)
4(1923 1943 1944 1924)
4(1943 1963 1964 1944)
4(1963 1983 1984 1964)
4(1983 2003 2004 1984)
4(1584 1704 1705 1585)
4(1704 1724 1725 1705)
4(1724 1744 1745 1725)
4(1744 1764 1765 1745)
4(1764 1784 1785 1765)
4(1784 1804 1805 1785)
4(1804 1824 1825 1805)
4(1824 1844 1845 1825)
4(1844 1864 1865 1845)
4(1864 1884 1885 1865)
4(1884 1904 1905 1885)
4(1904 1924 1925 1905)
4(1924 1944 1945 1925)
4(1944 1964 1965 1945)
4(1964 1984 1985 1965)
4(1984 2004 2005 1985)
4(1585 1705 1706 1586)
4(1705 1725 1726 1706)
4(1725 1745 1746 1726)
4(1745 1765 1766 1746)
4(1765 1785 1786 1766)
4(1785 1805 1806 1786)
4(1805 1825 1826 1806)
4(1825 1845 1846 1826)
4(1845 1865 1866 1846)
4(1865 1885 1886 1866)
4(1885 1905 1906 1886)
4(1905 1925 1926 1906)
4(1925 1945 1946 1926)
4(1945 1965 1966 1946)
4(1965 1985 1986 1966)
4(1985 2005 2006 1986)
4(1586 1706 1707 1587)
4(1706 1726 1727 1707)
4(1726 1746 1747 1727)
4(1746 1766 1767 1747)
4(1766 1786 1787 1767)
4(1786 1806 1807 1787)
4(1806 1826 1827 1807)
4(1826 1846 1847 1827)
4(1846 1866 1867 1847)
4(1866 1886 1887 1867)
4(1886 1906 1907 1887)
4(1906 1926 1927 1907)
4(1926 1946 1947 1927)
4(1946 1966 1967 1947)
4(1966 1986 1987 1967)
4(1986 2006 2007 1987)
4(1587 1707 1708 1588)
4(1707 1727 1728 1708)
4(1727 1747 1748 1728)
4(1747 1767 1768 1748)
4(1767 1787 1788 1768)
4(1787 1807 1808 1788)
4(1807 1827 1828 1808)
4(1827 1847 1848 1828)
4(1847 1867 1868 1848)
4(1867 1887 1888 1868)
4(1887 1907 1908 1888)
4(1907 1927 1928 1908)
4(1927 1947 1948 1928)
4(1947 1967 1968 1948)
4(1967 1987 1988 1968)
4(1987 2007 2008 1988)
4(1588 1708 1709 1589)
4(1708 1728 1729 1709)
4(1728 1748 1749 1729)
4(1748 1768 1769 1749)
4(1768 1788 1789 1769)
4(1788 1808 1809 1789)
4(1808 1828 1829 1809)
4(1828 1848 1849 1829)
4(1848 1868 1869 1849)
4(1868 1888 1889 1869)
4(1888 1908 1909 1889)
4(1908 1928 1929 1909)
4(1928 1948 1949 1929)
4(1948 1968 1969 1949)
4(1968 1988 1989 1969)
4(1988 2008 2009 1989)
4(1589 1709 1710 1590)
4(1709 1729 1730 1710)
4(1729 1749 1750 1730)
4(1749 1769 1770 1750)
4(1769 1789 1790 1770)
4(1789 1809 1810 1790)
4(1809 1829 1830 1810)
4(1829 1849 1850 1830)
4(1849 1869 1870 1850)
4(1869 1889 1890 1870)
4(1889 1909 1910 1890)
4(1909 1929 1930 1910)
4(1929 1949 1950 1930)
4(1949 1969 1970 1950)
4(1969 1989 1990 1970)
4(1989 2009 2010 1990)
4(1590 1710 1711 1591)
4(1710 1730 1731 1711)
4(1730 1750 1751 1731)
4(1750 1770 1771 1751)
4(1770 1790 1791 1771)
4(1790 1810 1811 1791)
4(1810 1830 1831 1811)
4(1830 1850 1851 1831)
4(1850 1870 1871 1851)
4(1870 1890 1891 1871)
4(1890 1910 1911 1891)
4(1910 1930 1931 1911)
4(1930 1950 1951 1931)
4(1950 1970 1971 1951)
4(1970 1990 1991 1971)
4(1990 2010 2011 1991)
4(1591 1711 40 4)
4(1711 1731 42 40)
4(1731 1751 44 42)
4(1751 1771 46 44)
4(1771 1791 48 46)
4(1791 1811 50 48)
4(1811 1831 52 50)
4(1831 1851 54 52)
4(1851 1871 56 54)
4(1871 1891 58 56)
4(1891 1911 60 58)
4(1911 1931 62 60)
4(1931 1951 64 62)
4(1951 1971 66 64)
4(1971 1991 68 66)
4(1991 2011 70 68)
4(1992 2332 2333 1993)
4(2332 2352 2353 2333)
4(2352 2372 2373 2353)
4(2372 2392 2393 2373)
4(2392 2412 2413 2393)
4(2412 2432 2433 2413)
4(2432 2452 2453 2433)
4(2452 2472 2473 2453)
4(2472 2492 2493 2473)
4(2492 2512 2513 2493)
4(2512 2532 2533 2513)
4(2532 2552 2553 2533)
4(2552 2572 2573 2553)
4(2572 2592 2593 2573)
4(2592 2612 2613 2593)
4(2612 2632 2633 2613)
4(2632 2652 2653 2633)
4(2652 2672 2673 2653)
4(2672 2692 2693 2673)
4(2692 2712 2713 2693)
4(1993 2333 2334 1994)
4(2333 2353 2354 2334)
4(2353 2373 2374 2354)
4(2373 2393 2394 2374)
4(2393 2413 2414 2394)
4(2413 2433 2434 2414)
4(2433 2453 2454 2434)
4(2453 2473 2474 2454)
4(2473 2493 2494 2474)
4(2493 2513 2514 2494)
4(2513 2533 2534 2514)
4(2533 2553 2554 2534)
4(2553 2573 2574 2554)
4(2573 2593 2594 2574)
4(2593 2613 2614 2594)
4(2613 2633 2634 2614)
4(2633 2653 2654 2634)
4(2653 2673 2674 2654)
4(2673 2693 2694 2674)
4(2693 2713 2714 2694)
4(1994 2334 2335 1995)
4(2334 2354 2355 2335)
4(2354 2374 2375 2355)
4(2374 2394 2395 2375)
4(2394 2414 2415 2395)
4(2414 2434 2435 2415)
4(2434 2454 2455 2435)
4(2454 2474 2475 2455)
4(2474 2494 2495 2475)
4(2494 2514 2515 2495)
4(2514 2534 2535 2515)
4(2534 2554 2555 2535)
4(2554 2574 2575 2555)
4(2574 2594 2595 2575)
4(2594 2614 2615 2595)
4(2614 2634 2635 2615)
4(2634 2654 2655 2635)
4(2654 2674 2675 2655)
4(2674 2694 2695 2675)
4(2694 2714 2715 2695)
4(1995 2335 2336 1996)
4(2335 2355 2356 2336)
4(2355 2375 2376 2356)
4(2375 2395 2396 2376)
4(2395 2415 2416 2396)
4(2415 2435 2436 2416)
4(2435 2455 2456 2436)
4(2455 2475 2476 2456)
4(2475 2495 2496 2476)
4(2495 2515 2516 2496)
4(2515 2535 2536 2516)
4(2535 2555 2556 2536)
4(2555 2575 2576 2556)
4(2575 2595 2596 2576)
4(2595 2615 2616 2596)
4(2615 2635 2636 2616)
4(2635 2655 2656 2636)
4(2655 2675 2676 2656)
4(2675 2695 2696 2676)
4(2695 2715 2716 2696)
4(1996 2336 2337 1997)
4(2336 2356 2357 2337)
4(2356 2376 2377 2357)
4(2376 2396 2397 2377)
4(2396 2416 2417 2397)
4(2416 2436 2437 2417)
4(2436 2456 2457 2437)
4(2456 2476 2477 2457)
4(2476 2496 2497 2477)
4(2496 2516 2517 2497)
4(2516 2536 2537 2517)
4(2536 2556 2557 2537)
4(2556 2576 2577 2557)
4(2576 2596 2597 2577)
4(2596 2616 2617 2597)
4(2616 2636 2637 2617)
4(2636 2656 2657 2637)
4(2656 2676 2677 2657)
4(2676 2696 2697 2677)
4(2696 2716 2717 2697)
4(1997 2337 2338 1998)
4(2337 2357 2358 2338)
4(2357 2377 2378 2358)
4(2377 2397 2398 2378)
4(2397 2417 2418 2398)
4(2417 2437 2438 2418)
4(2437 2457 2458 2438)
4(2457 2477 2478 2458)
4(2477 2497 2498 2478)
4(2497 2517 2518 2498)
4(2517 2537 2538 2518)
4(2537 2557 2558 2538)
4(2557 2577 2578 2558)
4(2577 2597 2598 2578)
4(2597 2617 2618 2598)
4(2617 2637 2638 2618)
4(2637 2657 2658 2638)
4(2657 2677 2678 2658)
4(2677 2697 2698 2678)
4(2697 2717 2718 2698)
4(1998 2338 2339 1999)
4(2338 2358 2359 2339)
4(2358 2378 2379 2359)
4(2378 2398 2399 2379)
4(2398 2418 2419 2399)
4(2418 2438 2439 2419)
4(2438 2458 2459 2439)
4(2458 2478 2479 2459)
4(2478 2498 2499 2479)
4(2498 2518 2519 2499)
4(2518 2538 2539 2519)
4(2538 2558 2559 2539)
4(2558 2578 2579 2559)
4(2578 2598 2599 2579)
4(2598 2618 2619 2599)
4(2618 2638 2639 2619)
4(2638 2658 2659 2639)
4(2658 2678 2679 2659)
4(2678 2698 2699 2679)
4(2698 2718 2719 2699)
4(1999 2339 2340 2000)
4(2339 2359 2360 2340)
4(2359 2379 2380 2360)
4(2379 2399 2400 2380)
4(2399 2419 2420 2400)
4(2419 2439 2440 2420)
4(2439 2459 2460 2440)
4(2459 2479 2480 2460)
4(2479 2499 2500 2480)
4(2499 2519 2520 2500)
4(2519 2539 2540 2520)
4(2539 2559 2560 2540)
4(2559 2579 2580 2560)
4(2579 2599 2600 2580)
4(2599 2619 2620 2600)
4(2619 2639 2640 2620)
4(2639 2659 2660 2640)
4(2659 2679 2680 2660)
4(2679 2699 2700 2680)
4(2699 2719 2720 2700)
4(2000 2340 2341 2001)
4(2340 2360 2361 2341)
4(2360 2380 2381 2361)
4(2380 2400 2401 2381)
4(2400 2420 2421 2401)
4(2420 2440 2441 2421)
4(2440 2460 2461 2441)
4(2460 2480 2481 2461)
4(2480 2500 2501 2481)
4(2500 2520 2521 2501)
4(2520 2540 2541 2521)
4(2540 2560 2561 2541)
4(2560 2580 2581 2561)
4(2580 2600 2601 2581)
4(2600 2620 2621 2601)
4(2620 2640 2641 2621)
4(2640 2660 2661 2641)
4(2660 2680 2681 2661)
4(2680 2700 2701 2681)
4(2700 2720 2721 2701)
4(2001 2341 2342 2002)
4(2341 2361 2362 2342)
4(2361 2381 2382 2362)
4(2381 2401 2402 2382)
4(2401 2421 2422 2402)
4(2421 2441 2442 2422)
4(2441 2461 2462 2442)
4(2461 2481 2482 2462)
4(2481 2501 2502 2482)
4(2501 2521 2522 2502)
4(2521 2541 2542 2522)
4(2541 2561 2562 2542)
4(2561 2581 2582 2562)
4(2581 2601 2602 2582)
4(2601 2621 2622 2602)
4(2621 2641 2642 2622)
4(2641 2661 2662 2642)
4(2661 2681 2682 2662)
4(2681 2701 2702 2682)
4(2701 2721 2722 2702)
4(2002 2342 2343 2003)
4(2342 2362 2363 2343)
4(2362 2382 2383 2363)
4(2382 2402 2403 2383)
4(2402 2422 2423 2403)
4(2422 2442 2443 2423)
4(2442 2462 2463 2443)
4(2462 2482 2483 2463)
4(2482 2502 2503 2483)
4(2502 2522 2523 2503)
4(2522 2542 2543 2523)
4(2542 2562 2563 2543)
4(2562 2582 2583 2563)
4(2582 2602 2603 2583)
4(2602 2622 2623 2603)
4(2622 2642 2643 2623)
4(2642 2662 2663 2643)
4(2662 2682 2683 2663)
4(2682 2702 2703 2683)
4(2702 2722 2723 2703)
4(2003 2343 2344 2004)
4(2343 2363 2364 2344)
4(2363 2383 2384 2364)
4(2383 2403 2404 2384)
4(2403 2423 2424 2404)
4(2423 2443 2444 2424)
4(2443 2463 2464 2444)
4(2463 2483 2484 2464)
4(2483 2503 2504 2484)
4(2503 2523 2524 2504)
4(2523 2543 2544 2524)
4(2543 2563 2564 2544)
4(2563 2583 2584 2564)
4(2583 2603 2604 2584)
4(2603 2623 2624 2604)
4(2623 2643 2644 2624)
4(2643 2663 2664 2644)
4(2663 2683 2684 2664)
4(2683 2703 2704 2684)
4(2703 2723 2724 2704)
4(2004 2344 2345 2005)
4(2344 2364 2365 2345)
4(2364 2384 2385 2365)
4(2384 2404 2405 2385)
4(2404 2424 2425 2405)
4(2424 2444 2445 2425)
4(2444 2464 2465 2445)
4(2464 2484 2485 2465)
4(2484 2504 2505 2485)
4(2504 2524 2525 2505)
4(2524 2544 2545 2525)
4(2544 2564 2565 2545)
4(2564 2584 2585 2565)
4(2584 2604 2605 2585)
4(2604 2624 2625 2605)
4(2624 2644 2645 2625)
4(2644 2664 2665 2645)
4(2664 2684 2685 2665)
4(2684 2704 2705 2685)
4(2704 2724 2725 2705)
4(2005 2345 2346 2006)
4(2345 2365 2366 2346)
4(2365 2385 2386 2366)
4(2385 2405 2406 2386)
4(2405 2425 2426 2406)
4(2425 2445 2446 2426)
4(2445 2465 2466 2446)
4(2465 2485 2486 2466)
4(2485 2505 2506 2486)
4(2505 2525 2526 2506)
4(2525 2545 2546 2526)
4(2545 2565 2566 2546)
4(2565 2585 2586 2566)
4(2585 2605 2606 2586)
4(2605 2625 2626 2606)
4(2625 2645 2646 2626)
4(2645 2665 2666 2646)
4(2665 2685 2686 2666)
4(2685 2705 2706 2686)
4(2705 2725 2726 2706)
4(2006 2346 2347 2007)
4(2346 2366 2367 2347)
4(2366 2386 2387 2367)
4(2386 2406 2407 2387)
4(2406 2426 2427 2407)
4(2426 2446 2447 2427)
4(2446 2466 2467 2447)
4(2466 2486 2487 2467)
4(2486 2506 2507 2487)
4(2506 2526 2527 2507)
4(2526 2546 2547 2527)
4(2546 2566 2567 2547)
4(2566 2586 2587 2567)
4(2586 2606 2607 2587)
4(2606 2626 2627 2607)
4(2626 2646 2647 2627)
4(2646 2666 2667 2647)
4(2666 2686 2687 2667)
4(2686 2706 2707 2687)
4(2706 2726 2727 2707)
4(2007 2347 2348 2008)
4(2347 2367 2368 2348)
4(2367 2387 2388 2368)
4(2387 2407 2408 2388)
4(2407 2427 2428 2408)
4(2427 2447 2448 2428)
4(2447 2467 2468 2448)
4(2467 2487 2488 2468)
4(2487 2507 2508 2488)
4(2507 2527 2528 2508)
4(2527 2547 2548 2528)
4(2547 2567 2568 2548)
4(2567 2587 2588 2568)
4(2587 2607 2608 2588)
4(2607 2627 2628 2608)
4(2627 2647 2648 2628)
4(2647 2667 2668 2648)
4(2667 2687 2688 2668)
4(2687 2707 2708 2688)
4(2707 2727 2728 2708)
4(2008 2348 2349 2009)
4(2348 2368 2369 2349)
4(2368 2388 2389 2369)
4(2388 2408 2409 2389)
4(2408 2428 2429 2409)
4(2428 2448 2449 2429)
4(2448 2468 2469 2449)
4(2468 2488 2489 2469)
4(2488 2508 2509 2489)
4(2508 2528 2529 2509)
4(2528 2548 2549 2529)
4(2548 2568 2569 2549)
4(2568 2588 2589 2569)
4(2588 2608 2609 2589)
4(2608 2628 2629 2609)
4(2628 2648 2649 2629)
4(2648 2668 2669 2649)
4(2668 2688 2689 2669)
4(2688 2708 2709 2689)
4(2708 2728 2729 2709)
4(2009 2349 2350 2010)
4(2349 2369 2370 2350)
4(2369 2389 2390 2370)
4(2389 2409 2410 2390)
4(2409 2429 2430 2410)
4(2429 2449 2450 2430)
4(2449 2469 2470 2450)
4(2469 2489 2490 2470)
4(2489 2509 2510 2490)
4(2509 2529 2530 2510)
4(2529 2549 2550 2530)
4(2549 2569 2570 2550)
4(2569 2589 2590 2570)
4(2589 2609 2610 2590)
4(2609 2629 2630 2610)
4(2629 2649 2650 2630)
4(2649 2669 2670 2650)
4(2669 2689 2690 2670)
4(2689 2709 2710 2690)
4(2709 2729 2730 2710)
4(2010 2350 2351 2011)
4(2350 2370 2371 2351)
4(2370 2390 2391 2371)
4(2390 2410 2411 2391)
4(2410 2430 2431 2411)
4(2430 2450 2451 2431)
4(2450 2470 2471 2451)
4(2470 2490 2491 2471)
4(2490 2510 2511 2491)
4(2510 2530 2531 2511)
4(2530 2550 2551 2531)
4(2550 2570 2571 2551)
4(2570 2590 2591 2571)
4(2590 2610 2611 2591)
4(2610 2630 2631 2611)
4(2630 2650 2651 2631)
4(2650 2670 2671 2651)
4(2670 2690 2691 2671)
4(2690 2710 2711 2691)
4(2710 2730 2731 2711)
4(2011 2351 452 70)
4(2351 2371 457 452)
4(2371 2391 462 457)
4(2391 2411 467 462)
4(2411 2431 472 467)
4(2431 2451 477 472)
4(2451 2471 482 477)
4(2471 2491 487 482)
4(2491 2511 492 487)
4(2511 2531 497 492)
4(2531 2551 502 497)
4(2551 2571 507 502)
4(2571 2591 512 507)
4(2591 2611 517 512)
4(2611 2631 522 517)
4(2631 2651 527 522)
4(2651 2671 532 527)
4(2671 2691 537 532)
4(2691 2711 542 537)
4(2711 2731 547 542)
4(5 41 110 12)
4(41 43 114 110)
4(43 45 118 114)
4(45 47 122 118)
4(47 49 126 122)
4(49 51 130 126)
4(51 53 134 130)
4(53 55 138 134)
4(55 57 142 138)
4(57 59 146 142)
4(59 61 150 146)
4(61 63 154 150)
4(63 65 158 154)
4(65 67 162 158)
4(67 69 166 162)
4(69 74 170 166)
4(12 110 111 13)
4(110 114 115 111)
4(114 118 119 115)
4(118 122 123 119)
4(122 126 127 123)
4(126 130 131 127)
4(130 134 135 131)
4(134 138 139 135)
4(138 142 143 139)
4(142 146 147 143)
4(146 150 151 147)
4(150 154 155 151)
4(154 158 159 155)
4(158 162 163 159)
4(162 166 167 163)
4(166 170 171 167)
4(13 111 112 14)
4(111 115 116 112)
4(115 119 120 116)
4(119 123 124 120)
4(123 127 128 124)
4(127 131 132 128)
4(131 135 136 132)
4(135 139 140 136)
4(139 143 144 140)
4(143 147 148 144)
4(147 151 152 148)
4(151 155 156 152)
4(155 159 160 156)
4(159 163 164 160)
4(163 167 168 164)
4(167 171 172 168)
4(14 112 113 15)
4(112 116 117 113)
4(116 120 121 117)
4(120 124 125 121)
4(124 128 129 125)
4(128 132 133 129)
4(132 136 137 133)
4(136 140 141 137)
4(140 144 145 141)
4(144 148 149 145)
4(148 152 153 149)
4(152 156 157 153)
4(156 160 161 157)
4(160 164 165 161)
4(164 168 169 165)
4(168 172 173 169)
4(20 250 286 22)
4(250 251 290 286)
4(251 252 294 290)
4(252 253 298 294)
4(253 254 302 298)
4(254 255 306 302)
4(255 256 310 306)
4(256 257 314 310)
4(257 258 318 314)
4(258 259 322 318)
4(259 260 326 322)
4(260 261 330 326)
4(261 262 334 330)
4(262 263 338 334)
4(263 264 342 338)
4(264 267 346 342)
4(22 286 287 23)
4(286 290 291 287)
4(290 294 295 291)
4(294 298 299 295)
4(298 302 303 299)
4(302 306 307 303)
4(306 310 311 307)
4(310 314 315 311)
4(314 318 319 315)
4(318 322 323 319)
4(322 326 327 323)
4(326 330 331 327)
4(330 334 335 331)
4(334 338 339 335)
4(338 342 343 339)
4(342 346 347 343)
4(23 287 288 24)
4(287 291 292 288)
4(291 295 296 292)
4(295 299 300 296)
4(299 303 304 300)
4(303 307 308 304)
4(307 311 312 308)
4(311 315 316 312)
4(315 319 320 316)
4(319 323 324 320)
4(323 327 328 324)
4(327 331 332 328)
4(331 335 336 332)
4(335 339 340 336)
4(339 343 344 340)
4(343 347 348 344)
4(24 288 289 25)
4(288 292 293 289)
4(292 296 297 293)
4(296 300 301 297)
4(300 304 305 301)
4(304 308 309 305)
4(308 312 313 309)
4(312 316 317 313)
4(316 320 321 317)
4(320 324 325 321)
4(324 328 329 325)
4(328 332 333 329)
4(332 336 337 333)
4(336 340 341 337)
4(340 344 345 341)
4(344 348 349 345)
4(70 452 453 71)
4(452 457 458 453)
4(457 462 463 458)
4(462 467 468 463)
4(467 472 473 468)
4(472 477 478 473)
4(477 482 483 478)
4(482 487 488 483)
4(487 492 493 488)
4(492 497 498 493)
4(497 502 503 498)
4(502 507 508 503)
4(507 512 513 508)
4(512 517 518 513)
4(517 522 523 518)
4(522 527 528 523)
4(527 532 533 528)
4(532 537 538 533)
4(537 542 543 538)
4(542 547 548 543)
4(71 453 454 72)
4(453 458 459 454)
4(458 463 464 459)
4(463 468 469 464)
4(468 473 474 469)
4(473 478 479 474)
4(478 483 484 479)
4(483 488 489 484)
4(488 493 494 489)
4(493 498 499 494)
4(498 503 504 499)
4(503 508 509 504)
4(508 513 514 509)
4(513 518 519 514)
4(518 523 524 519)
4(523 528 529 524)
4(528 533 534 529)
4(533 538 539 534)
4(538 543 544 539)
4(543 548 549 544)
4(72 454 455 73)
4(454 459 460 455)
4(459 464 465 460)
4(464 469 470 465)
4(469 474 475 470)
4(474 479 480 475)
4(479 484 485 480)
4(484 489 490 485)
4(489 494 495 490)
4(494 499 500 495)
4(499 504 505 500)
4(504 509 510 505)
4(509 514 515 510)
4(514 519 520 515)
4(519 524 525 520)
4(524 529 530 525)
4(529 534 535 530)
4(534 539 540 535)
4(539 544 545 540)
4(544 549 550 545)
4(73 455 456 74)
4(455 460 461 456)
4(460 465 466 461)
4(465 470 471 466)
4(470 475 476 471)
4(475 480 481 476)
4(480 485 486 481)
4(485 490 491 486)
4(490 495 496 491)
4(495 500 501 496)
4(500 505 506 501)
4(505 510 511 506)
4(510 515 516 511)
4(515 520 521 516)
4(520 525 526 521)
4(525 530 531 526)
4(530 535 536 531)
4(535 540 541 536)
4(540 545 546 541)
4(545 550 551 546)
4(74 456 652 170)
4(456 461 656 652)
4(461 466 660 656)
4(466 471 664 660)
4(471 476 668 664)
4(476 481 672 668)
4(481 486 676 672)
4(486 491 680 676)
4(491 496 684 680)
4(496 501 688 684)
4(501 506 692 688)
4(506 511 696 692)
4(511 516 700 696)
4(516 521 704 700)
4(521 526 708 704)
4(526 531 712 708)
4(531 536 716 712)
4(536 541 720 716)
4(541 546 724 720)
4(546 551 728 724)
4(170 652 653 171)
4(652 656 657 653)
4(656 660 661 657)
4(660 664 665 661)
4(664 668 669 665)
4(668 672 673 669)
4(672 676 677 673)
4(676 680 681 677)
4(680 684 685 681)
4(684 688 689 685)
4(688 692 693 689)
4(692 696 697 693)
4(696 700 701 697)
4(700 704 705 701)
4(704 708 709 705)
4(708 712 713 709)
4(712 716 717 713)
4(716 720 721 717)
4(720 724 725 721)
4(724 728 729 725)
4(171 653 654 172)
4(653 657 658 654)
4(657 661 662 658)
4(661 665 666 662)
4(665 669 670 666)
4(669 673 674 670)
4(673 677 678 674)
4(677 681 682 678)
4(681 685 686 682)
4(685 689 690 686)
4(689 693 694 690)
4(693 697 698 694)
4(697 701 702 698)
4(701 705 706 702)
4(705 709 710 706)
4(709 713 714 710)
4(713 717 718 714)
4(717 721 722 718)
4(721 725 726 722)
4(725 729 730 726)
4(172 654 655 173)
4(654 658 659 655)
4(658 662 663 659)
4(662 666 667 663)
4(666 670 671 667)
4(670 674 675 671)
4(674 678 679 675)
4(678 682 683 679)
4(682 686 687 683)
4(686 690 691 687)
4(690 694 695 691)
4(694 698 699 695)
4(698 702 703 699)
4(702 706 707 703)
4(706 710 711 707)
4(710 714 715 711)
4(714 718 719 715)
4(718 722 723 719)
4(722 726 727 723)
4(726 730 731 727)
4(173 655 812 238)
4(655 659 815 812)
4(659 663 818 815)
4(663 667 821 818)
4(667 671 824 821)
4(671 675 827 824)
4(675 679 830 827)
4(679 683 833 830)
4(683 687 836 833)
4(687 691 839 836)
4(691 695 842 839)
4(695 699 845 842)
4(699 703 848 845)
4(703 707 851 848)
4(707 711 854 851)
4(711 715 857 854)
4(715 719 860 857)
4(719 723 863 860)
4(723 727 866 863)
4(727 731 869 866)
4(238 812 813 239)
4(812 815 816 813)
4(815 818 819 816)
4(818 821 822 819)
4(821 824 825 822)
4(824 827 828 825)
4(827 830 831 828)
4(830 833 834 831)
4(833 836 837 834)
4(836 839 840 837)
4(839 842 843 840)
4(842 845 846 843)
4(845 848 849 846)
4(848 851 852 849)
4(851 854 855 852)
4(854 857 858 855)
4(857 860 861 858)
4(860 863 864 861)
4(863 866 867 864)
4(866 869 870 867)
4(239 813 814 240)
4(813 816 817 814)
4(816 819 820 817)
4(819 822 823 820)
4(822 825 826 823)
4(825 828 829 826)
4(828 831 832 829)
4(831 834 835 832)
4(834 837 838 835)
4(837 840 841 838)
4(840 843 844 841)
4(843 846 847 844)
4(846 849 850 847)
4(849 852 853 850)
4(852 855 856 853)
4(855 858 859 856)
4(858 861 862 859)
4(861 864 865 862)
4(864 867 868 865)
4(867 870 871 868)
4(240 814 932 244)
4(814 817 935 932)
4(817 820 938 935)
4(820 823 941 938)
4(823 826 944 941)
4(826 829 947 944)
4(829 832 950 947)
4(832 835 953 950)
4(835 838 956 953)
4(838 841 959 956)
4(841 844 962 959)
4(844 847 965 962)
4(847 850 968 965)
4(850 853 971 968)
4(853 856 974 971)
4(856 859 977 974)
4(859 862 980 977)
4(862 865 983 980)
4(865 868 986 983)
4(868 871 989 986)
4(244 932 933 245)
4(932 935 936 933)
4(935 938 939 936)
4(938 941 942 939)
4(941 944 945 942)
4(944 947 948 945)
4(947 950 951 948)
4(950 953 954 951)
4(953 956 957 954)
4(956 959 960 957)
4(959 962 963 960)
4(962 965 966 963)
4(965 968 969 966)
4(968 971 972 969)
4(971 974 975 972)
4(974 977 978 975)
4(977 980 981 978)
4(980 983 984 981)
4(983 986 987 984)
4(986 989 990 987)
4(245 933 934 246)
4(933 936 937 934)
4(936 939 940 937)
4(939 942 943 940)
4(942 945 946 943)
4(945 948 949 946)
4(948 951 952 949)
4(951 954 955 952)
4(954 957 958 955)
4(957 960 961 958)
4(960 963 964 961)
4(963 966 967 964)
4(966 969 970 967)
4(969 972 973 970)
4(972 975 976 973)
4(975 978 979 976)
4(978 981 982 979)
4(981 984 985 982)
4(984 987 988 985)
4(987 990 991 988)
4(246 934 1052 265)
4(934 937 1055 1052)
4(937 940 1058 1055)
4(940 943 1061 1058)
4(943 946 1064 1061)
4(946 949 1067 1064)
4(949 952 1070 1067)
4(952 955 1073 1070)
4(955 958 1076 1073)
4(958 961 1079 1076)
4(961 964 1082 1079)
4(964 967 1085 1082)
4(967 970 1088 1085)
4(970 973 1091 1088)
4(973 976 1094 1091)
4(976 979 1097 1094)
4(979 982 1100 1097)
4(982 985 1103 1100)
4(985 988 1106 1103)
4(988 991 1109 1106)
4(265 1052 1053 266)
4(1052 1055 1056 1053)
4(1055 1058 1059 1056)
4(1058 1061 1062 1059)
4(1061 1064 1065 1062)
4(1064 1067 1068 1065)
4(1067 1070 1071 1068)
4(1070 1073 1074 1071)
4(1073 1076 1077 1074)
4(1076 1079 1080 1077)
4(1079 1082 1083 1080)
4(1082 1085 1086 1083)
4(1085 1088 1089 1086)
4(1088 1091 1092 1089)
4(1091 1094 1095 1092)
4(1094 1097 1098 1095)
4(1097 1100 1101 1098)
4(1100 1103 1104 1101)
4(1103 1106 1107 1104)
4(1106 1109 1110 1107)
4(266 1053 1054 267)
4(1053 1056 1057 1054)
4(1056 1059 1060 1057)
4(1059 1062 1063 1060)
4(1062 1065 1066 1063)
4(1065 1068 1069 1066)
4(1068 1071 1072 1069)
4(1071 1074 1075 1072)
4(1074 1077 1078 1075)
4(1077 1080 1081 1078)
4(1080 1083 1084 1081)
4(1083 1086 1087 1084)
4(1086 1089 1090 1087)
4(1089 1092 1093 1090)
4(1092 1095 1096 1093)
4(1095 1098 1099 1096)
4(1098 1101 1102 1099)
4(1101 1104 1105 1102)
4(1104 1107 1108 1105)
4(1107 1110 1111 1108)
4(267 1054 1172 346)
4(1054 1057 1176 1172)
4(1057 1060 1180 1176)
4(1060 1063 1184 1180)
4(1063 1066 1188 1184)
4(1066 1069 1192 1188)
4(1069 1072 1196 1192)
4(1072 1075 1200 1196)
4(1075 1078 1204 1200)
4(1078 1081 1208 1204)
4(1081 1084 1212 1208)
4(1084 1087 1216 1212)
4(1087 1090 1220 1216)
4(1090 1093 1224 1220)
4(1093 1096 1228 1224)
4(1096 1099 1232 1228)
4(1099 1102 1236 1232)
4(1102 1105 1240 1236)
4(1105 1108 1244 1240)
4(1108 1111 1248 1244)
4(346 1172 1173 347)
4(1172 1176 1177 1173)
4(1176 1180 1181 1177)
4(1180 1184 1185 1181)
4(1184 1188 1189 1185)
4(1188 1192 1193 1189)
4(1192 1196 1197 1193)
4(1196 1200 1201 1197)
4(1200 1204 1205 1201)
4(1204 1208 1209 1205)
4(1208 1212 1213 1209)
4(1212 1216 1217 1213)
4(1216 1220 1221 1217)
4(1220 1224 1225 1221)
4(1224 1228 1229 1225)
4(1228 1232 1233 1229)
4(1232 1236 1237 1233)
4(1236 1240 1241 1237)
4(1240 1244 1245 1241)
4(1244 1248 1249 1245)
4(347 1173 1174 348)
4(1173 1177 1178 1174)
4(1177 1181 1182 1178)
4(1181 1185 1186 1182)
4(1185 1189 1190 1186)
4(1189 1193 1194 1190)
4(1193 1197 1198 1194)
4(1197 1201 1202 1198)
4(1201 1205 1206 1202)
4(1205 1209 1210 1206)
4(1209 1213 1214 1210)
4(1213 1217 1218 1214)
4(1217 1221 1222 1218)
4(1221 1225 1226 1222)
4(1225 1229 1230 1226)
4(1229 1233 1234 1230)
4(1233 1237 1238 1234)
4(1237 1241 1242 1238)
4(1241 1245 1246 1242)
4(1245 1249 1250 1246)
4(348 1174 1175 349)
4(1174 1178 1179 1175)
4(1178 1182 1183 1179)
4(1182 1186 1187 1183)
4(1186 1190 1191 1187)
4(1190 1194 1195 1191)
4(1194 1198 1199 1195)
4(1198 1202 1203 1199)
4(1202 1206 1207 1203)
4(1206 1210 1211 1207)
4(1210 1214 1215 1211)
4(1214 1218 1219 1215)
4(1218 1222 1223 1219)
4(1222 1226 1227 1223)
4(1226 1230 1231 1227)
4(1230 1234 1235 1231)
4(1234 1238 1239 1235)
4(1238 1242 1243 1239)
4(1242 1246 1247 1243)
4(1246 1250 1251 1247)
4(349 1175 1332 429)
4(1175 1179 1336 1332)
4(1179 1183 1340 1336)
4(1183 1187 1344 1340)
4(1187 1191 1348 1344)
4(1191 1195 1352 1348)
4(1195 1199 1356 1352)
4(1199 1203 1360 1356)
4(1203 1207 1364 1360)
4(1207 1211 1368 1364)
4(1211 1215 1372 1368)
4(1215 1219 1376 1372)
4(1219 1223 1380 1376)
4(1223 1227 1384 1380)
4(1227 1231 1388 1384)
4(1231 1235 1392 1388)
4(1235 1239 1396 1392)
4(1239 1243 1400 1396)
4(1243 1247 1404 1400)
4(1247 1251 1408 1404)
4(429 1332 1333 430)
4(1332 1336 1337 1333)
4(1336 1340 1341 1337)
4(1340 1344 1345 1341)
4(1344 1348 1349 1345)
4(1348 1352 1353 1349)
4(1352 1356 1357 1353)
4(1356 1360 1361 1357)
4(1360 1364 1365 1361)
4(1364 1368 1369 1365)
4(1368 1372 1373 1369)
4(1372 1376 1377 1373)
4(1376 1380 1381 1377)
4(1380 1384 1385 1381)
4(1384 1388 1389 1385)
4(1388 1392 1393 1389)
4(1392 1396 1397 1393)
4(1396 1400 1401 1397)
4(1400 1404 1405 1401)
4(1404 1408 1409 1405)
4(430 1333 1334 431)
4(1333 1337 1338 1334)
4(1337 1341 1342 1338)
4(1341 1345 1346 1342)
4(1345 1349 1350 1346)
4(1349 1353 1354 1350)
4(1353 1357 1358 1354)
4(1357 1361 1362 1358)
4(1361 1365 1366 1362)
4(1365 1369 1370 1366)
4(1369 1373 1374 1370)
4(1373 1377 1378 1374)
4(1377 1381 1382 1378)
4(1381 1385 1386 1382)
4(1385 1389 1390 1386)
4(1389 1393 1394 1390)
4(1393 1397 1398 1394)
4(1397 1401 1402 1398)
4(1401 1405 1406 1402)
4(1405 1409 1410 1406)
4(431 1334 1335 432)
4(1334 1338 1339 1335)
4(1338 1342 1343 1339)
4(1342 1346 1347 1343)
4(1346 1350 1351 1347)
4(1350 1354 1355 1351)
4(1354 1358 1359 1355)
4(1358 1362 1363 1359)
4(1362 1366 1367 1363)
4(1366 1370 1371 1367)
4(1370 1374 1375 1371)
4(1374 1378 1379 1375)
4(1378 1382 1383 1379)
4(1382 1386 1387 1383)
4(1386 1390 1391 1387)
4(1390 1394 1395 1391)
4(1394 1398 1399 1395)
4(1398 1402 1403 1399)
4(1402 1406 1407 1403)
4(1406 1410 1411 1407)
4(30 31 3152 3132)
4(31 32 3172 3152)
4(32 33 3192 3172)
4(33 34 3212 3192)
4(3132 3152 3153 3133)
4(3152 3172 3173 3153)
4(3172 3192 3193 3173)
4(3192 3212 3213 3193)
4(3133 3153 3154 3134)
4(3153 3173 3174 3154)
4(3173 3193 3194 3174)
4(3193 3213 3214 3194)
4(3134 3154 3155 3135)
4(3154 3174 3175 3155)
4(3174 3194 3195 3175)
4(3194 3214 3215 3195)
4(3135 3155 3156 3136)
4(3155 3175 3176 3156)
4(3175 3195 3196 3176)
4(3195 3215 3216 3196)
4(3136 3156 3157 3137)
4(3156 3176 3177 3157)
4(3176 3196 3197 3177)
4(3196 3216 3217 3197)
4(3137 3157 3158 3138)
4(3157 3177 3178 3158)
4(3177 3197 3198 3178)
4(3197 3217 3218 3198)
4(3138 3158 3159 3139)
4(3158 3178 3179 3159)
4(3178 3198 3199 3179)
4(3198 3218 3219 3199)
4(3139 3159 3160 3140)
4(3159 3179 3180 3160)
4(3179 3199 3200 3180)
4(3199 3219 3220 3200)
4(3140 3160 3161 3141)
4(3160 3180 3181 3161)
4(3180 3200 3201 3181)
4(3200 3220 3221 3201)
4(3141 3161 3162 3142)
4(3161 3181 3182 3162)
4(3181 3201 3202 3182)
4(3201 3221 3222 3202)
4(3142 3162 3163 3143)
4(3162 3182 3183 3163)
4(3182 3202 3203 3183)
4(3202 3222 3223 3203)
4(3143 3163 3164 3144)
4(3163 3183 3184 3164)
4(3183 3203 3204 3184)
4(3203 3223 3224 3204)
4(3144 3164 3165 3145)
4(3164 3184 3185 3165)
4(3184 3204 3205 3185)
4(3204 3224 3225 3205)
4(3145 3165 3166 3146)
4(3165 3185 3186 3166)
4(3185 3205 3206 3186)
4(3205 3225 3226 3206)
4(3146 3166 3167 3147)
4(3166 3186 3187 3167)
4(3186 3206 3207 3187)
4(3206 3226 3227 3207)
4(3147 3167 3168 3148)
4(3167 3187 3188 3168)
4(3187 3207 3208 3188)
4(3207 3227 3228 3208)
4(3148 3168 3169 3149)
4(3168 3188 3189 3169)
4(3188 3208 3209 3189)
4(3208 3228 3229 3209)
4(3149 3169 3170 3150)
4(3169 3189 3190 3170)
4(3189 3209 3210 3190)
4(3209 3229 3230 3210)
4(3150 3170 3171 3151)
4(3170 3190 3191 3171)
4(3190 3210 3211 3191)
4(3210 3230 3231 3211)
4(34 414 3332 3212)
4(414 415 3352 3332)
4(415 416 3372 3352)
4(416 417 3392 3372)
4(417 418 3412 3392)
4(418 419 3432 3412)
4(419 420 3452 3432)
4(420 421 3472 3452)
4(421 422 3492 3472)
4(422 423 3512 3492)
4(423 424 3532 3512)
4(424 425 3552 3532)
4(425 426 3572 3552)
4(426 427 3592 3572)
4(427 428 3612 3592)
4(428 432 3632 3612)
4(3212 3332 3333 3213)
4(3332 3352 3353 3333)
4(3352 3372 3373 3353)
4(3372 3392 3393 3373)
4(3392 3412 3413 3393)
4(3412 3432 3433 3413)
4(3432 3452 3453 3433)
4(3452 3472 3473 3453)
4(3472 3492 3493 3473)
4(3492 3512 3513 3493)
4(3512 3532 3533 3513)
4(3532 3552 3553 3533)
4(3552 3572 3573 3553)
4(3572 3592 3593 3573)
4(3592 3612 3613 3593)
4(3612 3632 3633 3613)
4(3213 3333 3334 3214)
4(3333 3353 3354 3334)
4(3353 3373 3374 3354)
4(3373 3393 3394 3374)
4(3393 3413 3414 3394)
4(3413 3433 3434 3414)
4(3433 3453 3454 3434)
4(3453 3473 3474 3454)
4(3473 3493 3494 3474)
4(3493 3513 3514 3494)
4(3513 3533 3534 3514)
4(3533 3553 3554 3534)
4(3553 3573 3574 3554)
4(3573 3593 3594 3574)
4(3593 3613 3614 3594)
4(3613 3633 3634 3614)
4(3214 3334 3335 3215)
4(3334 3354 3355 3335)
4(3354 3374 3375 3355)
4(3374 3394 3395 3375)
4(3394 3414 3415 3395)
4(3414 3434 3435 3415)
4(3434 3454 3455 3435)
4(3454 3474 3475 3455)
4(3474 3494 3495 3475)
4(3494 3514 3515 3495)
4(3514 3534 3535 3515)
4(3534 3554 3555 3535)
4(3554 3574 3575 3555)
4(3574 3594 3595 3575)
4(3594 3614 3615 3595)
4(3614 3634 3635 3615)
4(3215 3335 3336 3216)
4(3335 3355 3356 3336)
4(3355 3375 3376 3356)
4(3375 3395 3396 3376)
4(3395 3415 3416 3396)
4(3415 3435 3436 3416)
4(3435 3455 3456 3436)
4(3455 3475 3476 3456)
4(3475 3495 3496 3476)
4(3495 3515 3516 3496)
4(3515 3535 3536 3516)
4(3535 3555 3556 3536)
4(3555 3575 3576 3556)
4(3575 3595 3596 3576)
4(3595 3615 3616 3596)
4(3615 3635 3636 3616)
4(3216 3336 3337 3217)
4(3336 3356 3357 3337)
4(3356 3376 3377 3357)
4(3376 3396 3397 3377)
4(3396 3416 3417 3397)
4(3416 3436 3437 3417)
4(3436 3456 3457 3437)
4(3456 3476 3477 3457)
4(3476 3496 3497 3477)
4(3496 3516 3517 3497)
4(3516 3536 3537 3517)
4(3536 3556 3557 3537)
4(3556 3576 3577 3557)
4(3576 3596 3597 3577)
4(3596 3616 3617 3597)
4(3616 3636 3637 3617)
4(3217 3337 3338 3218)
4(3337 3357 3358 3338)
4(3357 3377 3378 3358)
4(3377 3397 3398 3378)
4(3397 3417 3418 3398)
4(3417 3437 3438 3418)
4(3437 3457 3458 3438)
4(3457 3477 3478 3458)
4(3477 3497 3498 3478)
4(3497 3517 3518 3498)
4(3517 3537 3538 3518)
4(3537 3557 3558 3538)
4(3557 3577 3578 3558)
4(3577 3597 3598 3578)
4(3597 3617 3618 3598)
4(3617 3637 3638 3618)
4(3218 3338 3339 3219)
4(3338 3358 3359 3339)
4(3358 3378 3379 3359)
4(3378 3398 3399 3379)
4(3398 3418 3419 3399)
4(3418 3438 3439 3419)
4(3438 3458 3459 3439)
4(3458 3478 3479 3459)
4(3478 3498 3499 3479)
4(3498 3518 3519 3499)
4(3518 3538 3539 3519)
4(3538 3558 3559 3539)
4(3558 3578 3579 3559)
4(3578 3598 3599 3579)
4(3598 3618 3619 3599)
4(3618 3638 3639 3619)
4(3219 3339 3340 3220)
4(3339 3359 3360 3340)
4(3359 3379 3380 3360)
4(3379 3399 3400 3380)
4(3399 3419 3420 3400)
4(3419 3439 3440 3420)
4(3439 3459 3460 3440)
4(3459 3479 3480 3460)
4(3479 3499 3500 3480)
4(3499 3519 3520 3500)
4(3519 3539 3540 3520)
4(3539 3559 3560 3540)
4(3559 3579 3580 3560)
4(3579 3599 3600 3580)
4(3599 3619 3620 3600)
4(3619 3639 3640 3620)
4(3220 3340 3341 3221)
4(3340 3360 3361 3341)
4(3360 3380 3381 3361)
4(3380 3400 3401 3381)
4(3400 3420 3421 3401)
4(3420 3440 3441 3421)
4(3440 3460 3461 3441)
4(3460 3480 3481 3461)
4(3480 3500 3501 3481)
4(3500 3520 3521 3501)
4(3520 3540 3541 3521)
4(3540 3560 3561 3541)
4(3560 3580 3581 3561)
4(3580 3600 3601 3581)
4(3600 3620 3621 3601)
4(3620 3640 3641 3621)
4(3221 3341 3342 3222)
4(3341 3361 3362 3342)
4(3361 3381 3382 3362)
4(3381 3401 3402 3382)
4(3401 3421 3422 3402)
4(3421 3441 3442 3422)
4(3441 3461 3462 3442)
4(3461 3481 3482 3462)
4(3481 3501 3502 3482)
4(3501 3521 3522 3502)
4(3521 3541 3542 3522)
4(3541 3561 3562 3542)
4(3561 3581 3582 3562)
4(3581 3601 3602 3582)
4(3601 3621 3622 3602)
4(3621 3641 3642 3622)
4(3222 3342 3343 3223)
4(3342 3362 3363 3343)
4(3362 3382 3383 3363)
4(3382 3402 3403 3383)
4(3402 3422 3423 3403)
4(3422 3442 3443 3423)
4(3442 3462 3463 3443)
4(3462 3482 3483 3463)
4(3482 3502 3503 3483)
4(3502 3522 3523 3503)
4(3522 3542 3543 3523)
4(3542 3562 3563 3543)
4(3562 3582 3583 3563)
4(3582 3602 3603 3583)
4(3602 3622 3623 3603)
4(3622 3642 3643 3623)
4(3223 3343 3344 3224)
4(3343 3363 3364 3344)
4(3363 3383 3384 3364)
4(3383 3403 3404 3384)
4(3403 3423 3424 3404)
4(3423 3443 3444 3424)
4(3443 3463 3464 3444)
4(3463 3483 3484 3464)
4(3483 3503 3504 3484)
4(3503 3523 3524 3504)
4(3523 3543 3544 3524)
4(3543 3563 3564 3544)
4(3563 3583 3584 3564)
4(3583 3603 3604 3584)
4(3603 3623 3624 3604)
4(3623 3643 3644 3624)
4(3224 3344 3345 3225)
4(3344 3364 3365 3345)
4(3364 3384 3385 3365)
4(3384 3404 3405 3385)
4(3404 3424 3425 3405)
4(3424 3444 3445 3425)
4(3444 3464 3465 3445)
4(3464 3484 3485 3465)
4(3484 3504 3505 3485)
4(3504 3524 3525 3505)
4(3524 3544 3545 3525)
4(3544 3564 3565 3545)
4(3564 3584 3585 3565)
4(3584 3604 3605 3585)
4(3604 3624 3625 3605)
4(3624 3644 3645 3625)
4(3225 3345 3346 3226)
4(3345 3365 3366 3346)
4(3365 3385 3386 3366)
4(3385 3405 3406 3386)
4(3405 3425 3426 3406)
4(3425 3445 3446 3426)
4(3445 3465 3466 3446)
4(3465 3485 3486 3466)
4(3485 3505 3506 3486)
4(3505 3525 3526 3506)
4(3525 3545 3546 3526)
4(3545 3565 3566 3546)
4(3565 3585 3586 3566)
4(3585 3605 3606 3586)
4(3605 3625 3626 3606)
4(3625 3645 3646 3626)
4(3226 3346 3347 3227)
4(3346 3366 3367 3347)
4(3366 3386 3387 3367)
4(3386 3406 3407 3387)
4(3406 3426 3427 3407)
4(3426 3446 3447 3427)
4(3446 3466 3467 3447)
4(3466 3486 3487 3467)
4(3486 3506 3507 3487)
4(3506 3526 3527 3507)
4(3526 3546 3547 3527)
4(3546 3566 3567 3547)
4(3566 3586 3587 3567)
4(3586 3606 3607 3587)
4(3606 3626 3627 3607)
4(3626 3646 3647 3627)
4(3227 3347 3348 3228)
4(3347 3367 3368 3348)
4(3367 3387 3388 3368)
4(3387 3407 3408 3388)
4(3407 3427 3428 3408)
4(3427 3447 3448 3428)
4(3447 3467 3468 3448)
4(3467 3487 3488 3468)
4(3487 3507 3508 3488)
4(3507 3527 3528 3508)
4(3527 3547 3548 3528)
4(3547 3567 3568 3548)
4(3567 3587 3588 3568)
4(3587 3607 3608 3588)
4(3607 3627 3628 3608)
4(3627 3647 3648 3628)
4(3228 3348 3349 3229)
4(3348 3368 3369 3349)
4(3368 3388 3389 3369)
4(3388 3408 3409 3389)
4(3408 3428 3429 3409)
4(3428 3448 3449 3429)
4(3448 3468 3469 3449)
4(3468 3488 3489 3469)
4(3488 3508 3509 3489)
4(3508 3528 3529 3509)
4(3528 3548 3549 3529)
4(3548 3568 3569 3549)
4(3568 3588 3589 3569)
4(3588 3608 3609 3589)
4(3608 3628 3629 3609)
4(3628 3648 3649 3629)
4(3229 3349 3350 3230)
4(3349 3369 3370 3350)
4(3369 3389 3390 3370)
4(3389 3409 3410 3390)
4(3409 3429 3430 3410)
4(3429 3449 3450 3430)
4(3449 3469 3470 3450)
4(3469 3489 3490 3470)
4(3489 3509 3510 3490)
4(3509 3529 3530 3510)
4(3529 3549 3550 3530)
4(3549 3569 3570 3550)
4(3569 3589 3590 3570)
4(3589 3609 3610 3590)
4(3609 3629 3630 3610)
4(3629 3649 3650 3630)
4(3230 3350 3351 3231)
4(3350 3370 3371 3351)
4(3370 3390 3391 3371)
4(3390 3410 3411 3391)
4(3410 3430 3431 3411)
4(3430 3450 3451 3431)
4(3450 3470 3471 3451)
4(3470 3490 3491 3471)
4(3490 3510 3511 3491)
4(3510 3530 3531 3511)
4(3530 3550 3551 3531)
4(3550 3570 3571 3551)
4(3570 3590 3591 3571)
4(3590 3610 3611 3591)
4(3610 3630 3631 3611)
4(3630 3650 3651 3631)
4(432 1335 3972 3632)
4(1335 1339 3992 3972)
4(1339 1343 4012 3992)
4(1343 1347 4032 4012)
4(1347 1351 4052 4032)
4(1351 1355 4072 4052)
4(1355 1359 4092 4072)
4(1359 1363 4112 4092)
4(1363 1367 4132 4112)
4(1367 1371 4152 4132)
4(1371 1375 4172 4152)
4(1375 1379 4192 4172)
4(1379 1383 4212 4192)
4(1383 1387 4232 4212)
4(1387 1391 4252 4232)
4(1391 1395 4272 4252)
4(1395 1399 4292 4272)
4(1399 1403 4312 4292)
4(1403 1407 4332 4312)
4(1407 1411 4352 4332)
4(3632 3972 3973 3633)
4(3972 3992 3993 3973)
4(3992 4012 4013 3993)
4(4012 4032 4033 4013)
4(4032 4052 4053 4033)
4(4052 4072 4073 4053)
4(4072 4092 4093 4073)
4(4092 4112 4113 4093)
4(4112 4132 4133 4113)
4(4132 4152 4153 4133)
4(4152 4172 4173 4153)
4(4172 4192 4193 4173)
4(4192 4212 4213 4193)
4(4212 4232 4233 4213)
4(4232 4252 4253 4233)
4(4252 4272 4273 4253)
4(4272 4292 4293 4273)
4(4292 4312 4313 4293)
4(4312 4332 4333 4313)
4(4332 4352 4353 4333)
4(3633 3973 3974 3634)
4(3973 3993 3994 3974)
4(3993 4013 4014 3994)
4(4013 4033 4034 4014)
4(4033 4053 4054 4034)
4(4053 4073 4074 4054)
4(4073 4093 4094 4074)
4(4093 4113 4114 4094)
4(4113 4133 4134 4114)
4(4133 4153 4154 4134)
4(4153 4173 4174 4154)
4(4173 4193 4194 4174)
4(4193 4213 4214 4194)
4(4213 4233 4234 4214)
4(4233 4253 4254 4234)
4(4253 4273 4274 4254)
4(4273 4293 4294 4274)
4(4293 4313 4314 4294)
4(4313 4333 4334 4314)
4(4333 4353 4354 4334)
4(3634 3974 3975 3635)
4(3974 3994 3995 3975)
4(3994 4014 4015 3995)
4(4014 4034 4035 4015)
4(4034 4054 4055 4035)
4(4054 4074 4075 4055)
4(4074 4094 4095 4075)
4(4094 4114 4115 4095)
4(4114 4134 4135 4115)
4(4134 4154 4155 4135)
4(4154 4174 4175 4155)
4(4174 4194 4195 4175)
4(4194 4214 4215 4195)
4(4214 4234 4235 4215)
4(4234 4254 4255 4235)
4(4254 4274 4275 4255)
4(4274 4294 4295 4275)
4(4294 4314 4315 4295)
4(4314 4334 4335 4315)
4(4334 4354 4355 4335)
4(3635 3975 3976 3636)
4(3975 3995 3996 3976)
4(3995 4015 4016 3996)
4(4015 4035 4036 4016)
4(4035 4055 4056 4036)
4(4055 4075 4076 4056)
4(4075 4095 4096 4076)
4(4095 4115 4116 4096)
4(4115 4135 4136 4116)
4(4135 4155 4156 4136)
4(4155 4175 4176 4156)
4(4175 4195 4196 4176)
4(4195 4215 4216 4196)
4(4215 4235 4236 4216)
4(4235 4255 4256 4236)
4(4255 4275 4276 4256)
4(4275 4295 4296 4276)
4(4295 4315 4316 4296)
4(4315 4335 4336 4316)
4(4335 4355 4356 4336)
4(3636 3976 3977 3637)
4(3976 3996 3997 3977)
4(3996 4016 4017 3997)
4(4016 4036 4037 4017)
4(4036 4056 4057 4037)
4(4056 4076 4077 4057)
4(4076 4096 4097 4077)
4(4096 4116 4117 4097)
4(4116 4136 4137 4117)
4(4136 4156 4157 4137)
4(4156 4176 4177 4157)
4(4176 4196 4197 4177)
4(4196 4216 4217 4197)
4(4216 4236 4237 4217)
4(4236 4256 4257 4237)
4(4256 4276 4277 4257)
4(4276 4296 4297 4277)
4(4296 4316 4317 4297)
4(4316 4336 4337 4317)
4(4336 4356 4357 4337)
4(3637 3977 3978 3638)
4(3977 3997 3998 3978)
4(3997 4017 4018 3998)
4(4017 4037 4038 4018)
4(4037 4057 4058 4038)
4(4057 4077 4078 4058)
4(4077 4097 4098 4078)
4(4097 4117 4118 4098)
4(4117 4137 4138 4118)
4(4137 4157 4158 4138)
4(4157 4177 4178 4158)
4(4177 4197 4198 4178)
4(4197 4217 4218 4198)
4(4217 4237 4238 4218)
4(4237 4257 4258 4238)
4(4257 4277 4278 4258)
4(4277 4297 4298 4278)
4(4297 4317 4318 4298)
4(4317 4337 4338 4318)
4(4337 4357 4358 4338)
4(3638 3978 3979 3639)
4(3978 3998 3999 3979)
4(3998 4018 4019 3999)
4(4018 4038 4039 4019)
4(4038 4058 4059 4039)
4(4058 4078 4079 4059)
4(4078 4098 4099 4079)
4(4098 4118 4119 4099)
4(4118 4138 4139 4119)
4(4138 4158 4159 4139)
4(4158 4178 4179 4159)
4(4178 4198 4199 4179)
4(4198 4218 4219 4199)
4(4218 4238 4239 4219)
4(4238 4258 4259 4239)
4(4258 4278 4279 4259)
4(4278 4298 4299 4279)
4(4298 4318 4319 4299)
4(4318 4338 4339 4319)
4(4338 4358 4359 4339)
4(3639 3979 3980 3640)
4(3979 3999 4000 3980)
4(3999 4019 4020 4000)
4(4019 4039 4040 4020)
4(4039 4059 4060 4040)
4(4059 4079 4080 4060)
4(4079 4099 4100 4080)
4(4099 4119 4120 4100)
4(4119 4139 4140 4120)
4(4139 4159 4160 4140)
4(4159 4179 4180 4160)
4(4179 4199 4200 4180)
4(4199 4219 4220 4200)
4(4219 4239 4240 4220)
4(4239 4259 4260 4240)
4(4259 4279 4280 4260)
4(4279 4299 4300 4280)
4(4299 4319 4320 4300)
4(4319 4339 4340 4320)
4(4339 4359 4360 4340)
4(3640 3980 3981 3641)
4(3980 4000 4001 3981)
4(4000 4020 4021 4001)
4(4020 4040 4041 4021)
4(4040 4060 4061 4041)
4(4060 4080 4081 4061)
4(4080 4100 4101 4081)
4(4100 4120 4121 4101)
4(4120 4140 4141 4121)
4(4140 4160 4161 4141)
4(4160 4180 4181 4161)
4(4180 4200 4201 4181)
4(4200 4220 4221 4201)
4(4220 4240 4241 4221)
4(4240 4260 4261 4241)
4(4260 4280 4281 4261)
4(4280 4300 4301 4281)
4(4300 4320 4321 4301)
4(4320 4340 4341 4321)
4(4340 4360 4361 4341)
4(3641 3981 3982 3642)
4(3981 4001 4002 3982)
4(4001 4021 4022 4002)
4(4021 4041 4042 4022)
4(4041 4061 4062 4042)
4(4061 4081 4082 4062)
4(4081 4101 4102 4082)
4(4101 4121 4122 4102)
4(4121 4141 4142 4122)
4(4141 4161 4162 4142)
4(4161 4181 4182 4162)
4(4181 4201 4202 4182)
4(4201 4221 4222 4202)
4(4221 4241 4242 4222)
4(4241 4261 4262 4242)
4(4261 4281 4282 4262)
4(4281 4301 4302 4282)
4(4301 4321 4322 4302)
4(4321 4341 4342 4322)
4(4341 4361 4362 4342)
4(3642 3982 3983 3643)
4(3982 4002 4003 3983)
4(4002 4022 4023 4003)
4(4022 4042 4043 4023)
4(4042 4062 4063 4043)
4(4062 4082 4083 4063)
4(4082 4102 4103 4083)
4(4102 4122 4123 4103)
4(4122 4142 4143 4123)
4(4142 4162 4163 4143)
4(4162 4182 4183 4163)
4(4182 4202 4203 4183)
4(4202 4222 4223 4203)
4(4222 4242 4243 4223)
4(4242 4262 4263 4243)
4(4262 4282 4283 4263)
4(4282 4302 4303 4283)
4(4302 4322 4323 4303)
4(4322 4342 4343 4323)
4(4342 4362 4363 4343)
4(3643 3983 3984 3644)
4(3983 4003 4004 3984)
4(4003 4023 4024 4004)
4(4023 4043 4044 4024)
4(4043 4063 4064 4044)
4(4063 4083 4084 4064)
4(4083 4103 4104 4084)
4(4103 4123 4124 4104)
4(4123 4143 4144 4124)
4(4143 4163 4164 4144)
4(4163 4183 4184 4164)
4(4183 4203 4204 4184)
4(4203 4223 4224 4204)
4(4223 4243 4244 4224)
4(4243 4263 4264 4244)
4(4263 4283 4284 4264)
4(4283 4303 4304 4284)
4(4303 4323 4324 4304)
4(4323 4343 4344 4324)
4(4343 4363 4364 4344)
4(3644 3984 3985 3645)
4(3984 4004 4005 3985)
4(4004 4024 4025 4005)
4(4024 4044 4045 4025)
4(4044 4064 4065 4045)
4(4064 4084 4085 4065)
4(4084 4104 4105 4085)
4(4104 4124 4125 4105)
4(4124 4144 4145 4125)
4(4144 4164 4165 4145)
4(4164 4184 4185 4165)
4(4184 4204 4205 4185)
4(4204 4224 4225 4205)
4(4224 4244 4245 4225)
4(4244 4264 4265 4245)
4(4264 4284 4285 4265)
4(4284 4304 4305 4285)
4(4304 4324 4325 4305)
4(4324 4344 4345 4325)
4(4344 4364 4365 4345)
4(3645 3985 3986 3646)
4(3985 4005 4006 3986)
4(4005 4025 4026 4006)
4(4025 4045 4046 4026)
4(4045 4065 4066 4046)
4(4065 4085 4086 4066)
4(4085 4105 4106 4086)
4(4105 4125 4126 4106)
4(4125 4145 4146 4126)
4(4145 4165 4166 4146)
4(4165 4185 4186 4166)
4(4185 4205 4206 4186)
4(4205 4225 4226 4206)
4(4225 4245 4246 4226)
4(4245 4265 4266 4246)
4(4265 4285 4286 4266)
4(4285 4305 4306 4286)
4(4305 4325 4326 4306)
4(4325 4345 4346 4326)
4(4345 4365 4366 4346)
4(3646 3986 3987 3647)
4(3986 4006 4007 3987)
4(4006 4026 4027 4007)
4(4026 4046 4047 4027)
4(4046 4066 4067 4047)
4(4066 4086 4087 4067)
4(4086 4106 4107 4087)
4(4106 4126 4127 4107)
4(4126 4146 4147 4127)
4(4146 4166 4167 4147)
4(4166 4186 4187 4167)
4(4186 4206 4207 4187)
4(4206 4226 4227 4207)
4(4226 4246 4247 4227)
4(4246 4266 4267 4247)
4(4266 4286 4287 4267)
4(4286 4306 4307 4287)
4(4306 4326 4327 4307)
4(4326 4346 4347 4327)
4(4346 4366 4367 4347)
4(3647 3987 3988 3648)
4(3987 4007 4008 3988)
4(4007 4027 4028 4008)
4(4027 4047 4048 4028)
4(4047 4067 4068 4048)
4(4067 4087 4088 4068)
4(4087 4107 4108 4088)
4(4107 4127 4128 4108)
4(4127 4147 4148 4128)
4(4147 4167 4168 4148)
4(4167 4187 4188 4168)
4(4187 4207 4208 4188)
4(4207 4227 4228 4208)
4(4227 4247 4248 4228)
4(4247 4267 4268 4248)
4(4267 4287 4288 4268)
4(4287 4307 4308 4288)
4(4307 4327 4328 4308)
4(4327 4347 4348 4328)
4(4347 4367 4368 4348)
4(3648 3988 3989 3649)
4(3988 4008 4009 3989)
4(4008 4028 4029 4009)
4(4028 4048 4049 4029)
4(4048 4068 4069 4049)
4(4068 4088 4089 4069)
4(4088 4108 4109 4089)
4(4108 4128 4129 4109)
4(4128 4148 4149 4129)
4(4148 4168 4169 4149)
4(4168 4188 4189 4169)
4(4188 4208 4209 4189)
4(4208 4228 4229 4209)
4(4228 4248 4249 4229)
4(4248 4268 4269 4249)
4(4268 4288 4289 4269)
4(4288 4308 4309 4289)
4(4308 4328 4329 4309)
4(4328 4348 4349 4329)
4(4348 4368 4369 4349)
4(3649 3989 3990 3650)
4(3989 4009 4010 3990)
4(4009 4029 4030 4010)
4(4029 4049 4050 4030)
4(4049 4069 4070 4050)
4(4069 4089 4090 4070)
4(4089 4109 4110 4090)
4(4109 4129 4130 4110)
4(4129 4149 4150 4130)
4(4149 4169 4170 4150)
4(4169 4189 4190 4170)
4(4189 4209 4210 4190)
4(4209 4229 4230 4210)
4(4229 4249 4250 4230)
4(4249 4269 4270 4250)
4(4269 4289 4290 4270)
4(4289 4309 4310 4290)
4(4309 4329 4330 4310)
4(4329 4349 4350 4330)
4(4349 4369 4370 4350)
4(3650 3990 3991 3651)
4(3990 4010 4011 3991)
4(4010 4030 4031 4011)
4(4030 4050 4051 4031)
4(4050 4070 4071 4051)
4(4070 4090 4091 4071)
4(4090 4110 4111 4091)
4(4110 4130 4131 4111)
4(4130 4150 4151 4131)
4(4150 4170 4171 4151)
4(4170 4190 4191 4171)
4(4190 4210 4211 4191)
4(4210 4230 4231 4211)
4(4230 4250 4251 4231)
4(4250 4270 4271 4251)
4(4270 4290 4291 4271)
4(4290 4310 4311 4291)
4(4310 4330 4331 4311)
4(4330 4350 4351 4331)
4(4350 4370 4371 4351)
4(1592 1593 1613 1612)
4(1612 1613 1633 1632)
4(1632 1633 1653 1652)
4(1652 1653 1673 1672)
4(1593 1594 1614 1613)
4(1613 1614 1634 1633)
4(1633 1634 1654 1653)
4(1653 1654 1674 1673)
4(1594 1595 1615 1614)
4(1614 1615 1635 1634)
4(1634 1635 1655 1654)
4(1654 1655 1675 1674)
4(1595 1596 1616 1615)
4(1615 1616 1636 1635)
4(1635 1636 1656 1655)
4(1655 1656 1676 1675)
4(1596 1597 1617 1616)
4(1616 1617 1637 1636)
4(1636 1637 1657 1656)
4(1656 1657 1677 1676)
4(1597 1598 1618 1617)
4(1617 1618 1638 1637)
4(1637 1638 1658 1657)
4(1657 1658 1678 1677)
4(1598 1599 1619 1618)
4(1618 1619 1639 1638)
4(1638 1639 1659 1658)
4(1658 1659 1679 1678)
4(1599 1600 1620 1619)
4(1619 1620 1640 1639)
4(1639 1640 1660 1659)
4(1659 1660 1680 1679)
4(1600 1601 1621 1620)
4(1620 1621 1641 1640)
4(1640 1641 1661 1660)
4(1660 1661 1681 1680)
4(1601 1602 1622 1621)
4(1621 1622 1642 1641)
4(1641 1642 1662 1661)
4(1661 1662 1682 1681)
4(1602 1603 1623 1622)
4(1622 1623 1643 1642)
4(1642 1643 1663 1662)
4(1662 1663 1683 1682)
4(1603 1604 1624 1623)
4(1623 1624 1644 1643)
4(1643 1644 1664 1663)
4(1663 1664 1684 1683)
4(1604 1605 1625 1624)
4(1624 1625 1645 1644)
4(1644 1645 1665 1664)
4(1664 1665 1685 1684)
4(1605 1606 1626 1625)
4(1625 1626 1646 1645)
4(1645 1646 1666 1665)
4(1665 1666 1686 1685)
4(1606 1607 1627 1626)
4(1626 1627 1647 1646)
4(1646 1647 1667 1666)
4(1666 1667 1687 1686)
4(1607 1608 1628 1627)
4(1627 1628 1648 1647)
4(1647 1648 1668 1667)
4(1667 1668 1688 1687)
4(1608 1609 1629 1628)
4(1628 1629 1649 1648)
4(1648 1649 1669 1668)
4(1668 1669 1689 1688)
4(1609 1610 1630 1629)
4(1629 1630 1650 1649)
4(1649 1650 1670 1669)
4(1669 1670 1690 1689)
4(1610 1611 1631 1630)
4(1630 1631 1651 1650)
4(1650 1651 1671 1670)
4(1670 1671 1691 1690)
4(1611 6 7 1631)
4(1631 7 8 1651)
4(1651 8 9 1671)
4(1671 9 10 1691)
4(1672 1673 2013 2012)
4(2012 2013 2033 2032)
4(2032 2033 2053 2052)
4(2052 2053 2073 2072)
4(2072 2073 2093 2092)
4(2092 2093 2113 2112)
4(2112 2113 2133 2132)
4(2132 2133 2153 2152)
4(2152 2153 2173 2172)
4(2172 2173 2193 2192)
4(2192 2193 2213 2212)
4(2212 2213 2233 2232)
4(2232 2233 2253 2252)
4(2252 2253 2273 2272)
4(2272 2273 2293 2292)
4(2292 2293 2313 2312)
4(1673 1674 2014 2013)
4(2013 2014 2034 2033)
4(2033 2034 2054 2053)
4(2053 2054 2074 2073)
4(2073 2074 2094 2093)
4(2093 2094 2114 2113)
4(2113 2114 2134 2133)
4(2133 2134 2154 2153)
4(2153 2154 2174 2173)
4(2173 2174 2194 2193)
4(2193 2194 2214 2213)
4(2213 2214 2234 2233)
4(2233 2234 2254 2253)
4(2253 2254 2274 2273)
4(2273 2274 2294 2293)
4(2293 2294 2314 2313)
4(1674 1675 2015 2014)
4(2014 2015 2035 2034)
4(2034 2035 2055 2054)
4(2054 2055 2075 2074)
4(2074 2075 2095 2094)
4(2094 2095 2115 2114)
4(2114 2115 2135 2134)
4(2134 2135 2155 2154)
4(2154 2155 2175 2174)
4(2174 2175 2195 2194)
4(2194 2195 2215 2214)
4(2214 2215 2235 2234)
4(2234 2235 2255 2254)
4(2254 2255 2275 2274)
4(2274 2275 2295 2294)
4(2294 2295 2315 2314)
4(1675 1676 2016 2015)
4(2015 2016 2036 2035)
4(2035 2036 2056 2055)
4(2055 2056 2076 2075)
4(2075 2076 2096 2095)
4(2095 2096 2116 2115)
4(2115 2116 2136 2135)
4(2135 2136 2156 2155)
4(2155 2156 2176 2175)
4(2175 2176 2196 2195)
4(2195 2196 2216 2215)
4(2215 2216 2236 2235)
4(2235 2236 2256 2255)
4(2255 2256 2276 2275)
4(2275 2276 2296 2295)
4(2295 2296 2316 2315)
4(1676 1677 2017 2016)
4(2016 2017 2037 2036)
4(2036 2037 2057 2056)
4(2056 2057 2077 2076)
4(2076 2077 2097 2096)
4(2096 2097 2117 2116)
4(2116 2117 2137 2136)
4(2136 2137 2157 2156)
4(2156 2157 2177 2176)
4(2176 2177 2197 2196)
4(2196 2197 2217 2216)
4(2216 2217 2237 2236)
4(2236 2237 2257 2256)
4(2256 2257 2277 2276)
4(2276 2277 2297 2296)
4(2296 2297 2317 2316)
4(1677 1678 2018 2017)
4(2017 2018 2038 2037)
4(2037 2038 2058 2057)
4(2057 2058 2078 2077)
4(2077 2078 2098 2097)
4(2097 2098 2118 2117)
4(2117 2118 2138 2137)
4(2137 2138 2158 2157)
4(2157 2158 2178 2177)
4(2177 2178 2198 2197)
4(2197 2198 2218 2217)
4(2217 2218 2238 2237)
4(2237 2238 2258 2257)
4(2257 2258 2278 2277)
4(2277 2278 2298 2297)
4(2297 2298 2318 2317)
4(1678 1679 2019 2018)
4(2018 2019 2039 2038)
4(2038 2039 2059 2058)
4(2058 2059 2079 2078)
4(2078 2079 2099 2098)
4(2098 2099 2119 2118)
4(2118 2119 2139 2138)
4(2138 2139 2159 2158)
4(2158 2159 2179 2178)
4(2178 2179 2199 2198)
4(2198 2199 2219 2218)
4(2218 2219 2239 2238)
4(2238 2239 2259 2258)
4(2258 2259 2279 2278)
4(2278 2279 2299 2298)
4(2298 2299 2319 2318)
4(1679 1680 2020 2019)
4(2019 2020 2040 2039)
4(2039 2040 2060 2059)
4(2059 2060 2080 2079)
4(2079 2080 2100 2099)
4(2099 2100 2120 2119)
4(2119 2120 2140 2139)
4(2139 2140 2160 2159)
4(2159 2160 2180 2179)
4(2179 2180 2200 2199)
4(2199 2200 2220 2219)
4(2219 2220 2240 2239)
4(2239 2240 2260 2259)
4(2259 2260 2280 2279)
4(2279 2280 2300 2299)
4(2299 2300 2320 2319)
4(1680 1681 2021 2020)
4(2020 2021 2041 2040)
4(2040 2041 2061 2060)
4(2060 2061 2081 2080)
4(2080 2081 2101 2100)
4(2100 2101 2121 2120)
4(2120 2121 2141 2140)
4(2140 2141 2161 2160)
4(2160 2161 2181 2180)
4(2180 2181 2201 2200)
4(2200 2201 2221 2220)
4(2220 2221 2241 2240)
4(2240 2241 2261 2260)
4(2260 2261 2281 2280)
4(2280 2281 2301 2300)
4(2300 2301 2321 2320)
4(1681 1682 2022 2021)
4(2021 2022 2042 2041)
4(2041 2042 2062 2061)
4(2061 2062 2082 2081)
4(2081 2082 2102 2101)
4(2101 2102 2122 2121)
4(2121 2122 2142 2141)
4(2141 2142 2162 2161)
4(2161 2162 2182 2181)
4(2181 2182 2202 2201)
4(2201 2202 2222 2221)
4(2221 2222 2242 2241)
4(2241 2242 2262 2261)
4(2261 2262 2282 2281)
4(2281 2282 2302 2301)
4(2301 2302 2322 2321)
4(1682 1683 2023 2022)
4(2022 2023 2043 2042)
4(2042 2043 2063 2062)
4(2062 2063 2083 2082)
4(2082 2083 2103 2102)
4(2102 2103 2123 2122)
4(2122 2123 2143 2142)
4(2142 2143 2163 2162)
4(2162 2163 2183 2182)
4(2182 2183 2203 2202)
4(2202 2203 2223 2222)
4(2222 2223 2243 2242)
4(2242 2243 2263 2262)
4(2262 2263 2283 2282)
4(2282 2283 2303 2302)
4(2302 2303 2323 2322)
4(1683 1684 2024 2023)
4(2023 2024 2044 2043)
4(2043 2044 2064 2063)
4(2063 2064 2084 2083)
4(2083 2084 2104 2103)
4(2103 2104 2124 2123)
4(2123 2124 2144 2143)
4(2143 2144 2164 2163)
4(2163 2164 2184 2183)
4(2183 2184 2204 2203)
4(2203 2204 2224 2223)
4(2223 2224 2244 2243)
4(2243 2244 2264 2263)
4(2263 2264 2284 2283)
4(2283 2284 2304 2303)
4(2303 2304 2324 2323)
4(1684 1685 2025 2024)
4(2024 2025 2045 2044)
4(2044 2045 2065 2064)
4(2064 2065 2085 2084)
4(2084 2085 2105 2104)
4(2104 2105 2125 2124)
4(2124 2125 2145 2144)
4(2144 2145 2165 2164)
4(2164 2165 2185 2184)
4(2184 2185 2205 2204)
4(2204 2205 2225 2224)
4(2224 2225 2245 2244)
4(2244 2245 2265 2264)
4(2264 2265 2285 2284)
4(2284 2285 2305 2304)
4(2304 2305 2325 2324)
4(1685 1686 2026 2025)
4(2025 2026 2046 2045)
4(2045 2046 2066 2065)
4(2065 2066 2086 2085)
4(2085 2086 2106 2105)
4(2105 2106 2126 2125)
4(2125 2126 2146 2145)
4(2145 2146 2166 2165)
4(2165 2166 2186 2185)
4(2185 2186 2206 2205)
4(2205 2206 2226 2225)
4(2225 2226 2246 2245)
4(2245 2246 2266 2265)
4(2265 2266 2286 2285)
4(2285 2286 2306 2305)
4(2305 2306 2326 2325)
4(1686 1687 2027 2026)
4(2026 2027 2047 2046)
4(2046 2047 2067 2066)
4(2066 2067 2087 2086)
4(2086 2087 2107 2106)
4(2106 2107 2127 2126)
4(2126 2127 2147 2146)
4(2146 2147 2167 2166)
4(2166 2167 2187 2186)
4(2186 2187 2207 2206)
4(2206 2207 2227 2226)
4(2226 2227 2247 2246)
4(2246 2247 2267 2266)
4(2266 2267 2287 2286)
4(2286 2287 2307 2306)
4(2306 2307 2327 2326)
4(1687 1688 2028 2027)
4(2027 2028 2048 2047)
4(2047 2048 2068 2067)
4(2067 2068 2088 2087)
4(2087 2088 2108 2107)
4(2107 2108 2128 2127)
4(2127 2128 2148 2147)
4(2147 2148 2168 2167)
4(2167 2168 2188 2187)
4(2187 2188 2208 2207)
4(2207 2208 2228 2227)
4(2227 2228 2248 2247)
4(2247 2248 2268 2267)
4(2267 2268 2288 2287)
4(2287 2288 2308 2307)
4(2307 2308 2328 2327)
4(1688 1689 2029 2028)
4(2028 2029 2049 2048)
4(2048 2049 2069 2068)
4(2068 2069 2089 2088)
4(2088 2089 2109 2108)
4(2108 2109 2129 2128)
4(2128 2129 2149 2148)
4(2148 2149 2169 2168)
4(2168 2169 2189 2188)
4(2188 2189 2209 2208)
4(2208 2209 2229 2228)
4(2228 2229 2249 2248)
4(2248 2249 2269 2268)
4(2268 2269 2289 2288)
4(2288 2289 2309 2308)
4(2308 2309 2329 2328)
4(1689 1690 2030 2029)
4(2029 2030 2050 2049)
4(2049 2050 2070 2069)
4(2069 2070 2090 2089)
4(2089 2090 2110 2109)
4(2109 2110 2130 2129)
4(2129 2130 2150 2149)
4(2149 2150 2170 2169)
4(2169 2170 2190 2189)
4(2189 2190 2210 2209)
4(2209 2210 2230 2229)
4(2229 2230 2250 2249)
4(2249 2250 2270 2269)
4(2269 2270 2290 2289)
4(2289 2290 2310 2309)
4(2309 2310 2330 2329)
4(1690 1691 2031 2030)
4(2030 2031 2051 2050)
4(2050 2051 2071 2070)
4(2070 2071 2091 2090)
4(2090 2091 2111 2110)
4(2110 2111 2131 2130)
4(2130 2131 2151 2150)
4(2150 2151 2171 2170)
4(2170 2171 2191 2190)
4(2190 2191 2211 2210)
4(2210 2211 2231 2230)
4(2230 2231 2251 2250)
4(2250 2251 2271 2270)
4(2270 2271 2291 2290)
4(2290 2291 2311 2310)
4(2310 2311 2331 2330)
4(1691 10 75 2031)
4(2031 75 77 2051)
4(2051 77 79 2071)
4(2071 79 81 2091)
4(2091 81 83 2111)
4(2111 83 85 2131)
4(2131 85 87 2151)
4(2151 87 89 2171)
4(2171 89 91 2191)
4(2191 91 93 2211)
4(2211 93 95 2231)
4(2231 95 97 2251)
4(2251 97 99 2271)
4(2271 99 101 2291)
4(2291 101 103 2311)
4(2311 103 105 2331)
4(2312 2313 2733 2732)
4(2732 2733 2753 2752)
4(2752 2753 2773 2772)
4(2772 2773 2793 2792)
4(2792 2793 2813 2812)
4(2812 2813 2833 2832)
4(2832 2833 2853 2852)
4(2852 2853 2873 2872)
4(2872 2873 2893 2892)
4(2892 2893 2913 2912)
4(2912 2913 2933 2932)
4(2932 2933 2953 2952)
4(2952 2953 2973 2972)
4(2972 2973 2993 2992)
4(2992 2993 3013 3012)
4(3012 3013 3033 3032)
4(3032 3033 3053 3052)
4(3052 3053 3073 3072)
4(3072 3073 3093 3092)
4(3092 3093 3113 3112)
4(2313 2314 2734 2733)
4(2733 2734 2754 2753)
4(2753 2754 2774 2773)
4(2773 2774 2794 2793)
4(2793 2794 2814 2813)
4(2813 2814 2834 2833)
4(2833 2834 2854 2853)
4(2853 2854 2874 2873)
4(2873 2874 2894 2893)
4(2893 2894 2914 2913)
4(2913 2914 2934 2933)
4(2933 2934 2954 2953)
4(2953 2954 2974 2973)
4(2973 2974 2994 2993)
4(2993 2994 3014 3013)
4(3013 3014 3034 3033)
4(3033 3034 3054 3053)
4(3053 3054 3074 3073)
4(3073 3074 3094 3093)
4(3093 3094 3114 3113)
4(2314 2315 2735 2734)
4(2734 2735 2755 2754)
4(2754 2755 2775 2774)
4(2774 2775 2795 2794)
4(2794 2795 2815 2814)
4(2814 2815 2835 2834)
4(2834 2835 2855 2854)
4(2854 2855 2875 2874)
4(2874 2875 2895 2894)
4(2894 2895 2915 2914)
4(2914 2915 2935 2934)
4(2934 2935 2955 2954)
4(2954 2955 2975 2974)
4(2974 2975 2995 2994)
4(2994 2995 3015 3014)
4(3014 3015 3035 3034)
4(3034 3035 3055 3054)
4(3054 3055 3075 3074)
4(3074 3075 3095 3094)
4(3094 3095 3115 3114)
4(2315 2316 2736 2735)
4(2735 2736 2756 2755)
4(2755 2756 2776 2775)
4(2775 2776 2796 2795)
4(2795 2796 2816 2815)
4(2815 2816 2836 2835)
4(2835 2836 2856 2855)
4(2855 2856 2876 2875)
4(2875 2876 2896 2895)
4(2895 2896 2916 2915)
4(2915 2916 2936 2935)
4(2935 2936 2956 2955)
4(2955 2956 2976 2975)
4(2975 2976 2996 2995)
4(2995 2996 3016 3015)
4(3015 3016 3036 3035)
4(3035 3036 3056 3055)
4(3055 3056 3076 3075)
4(3075 3076 3096 3095)
4(3095 3096 3116 3115)
4(2316 2317 2737 2736)
4(2736 2737 2757 2756)
4(2756 2757 2777 2776)
4(2776 2777 2797 2796)
4(2796 2797 2817 2816)
4(2816 2817 2837 2836)
4(2836 2837 2857 2856)
4(2856 2857 2877 2876)
4(2876 2877 2897 2896)
4(2896 2897 2917 2916)
4(2916 2917 2937 2936)
4(2936 2937 2957 2956)
4(2956 2957 2977 2976)
4(2976 2977 2997 2996)
4(2996 2997 3017 3016)
4(3016 3017 3037 3036)
4(3036 3037 3057 3056)
4(3056 3057 3077 3076)
4(3076 3077 3097 3096)
4(3096 3097 3117 3116)
4(2317 2318 2738 2737)
4(2737 2738 2758 2757)
4(2757 2758 2778 2777)
4(2777 2778 2798 2797)
4(2797 2798 2818 2817)
4(2817 2818 2838 2837)
4(2837 2838 2858 2857)
4(2857 2858 2878 2877)
4(2877 2878 2898 2897)
4(2897 2898 2918 2917)
4(2917 2918 2938 2937)
4(2937 2938 2958 2957)
4(2957 2958 2978 2977)
4(2977 2978 2998 2997)
4(2997 2998 3018 3017)
4(3017 3018 3038 3037)
4(3037 3038 3058 3057)
4(3057 3058 3078 3077)
4(3077 3078 3098 3097)
4(3097 3098 3118 3117)
4(2318 2319 2739 2738)
4(2738 2739 2759 2758)
4(2758 2759 2779 2778)
4(2778 2779 2799 2798)
4(2798 2799 2819 2818)
4(2818 2819 2839 2838)
4(2838 2839 2859 2858)
4(2858 2859 2879 2878)
4(2878 2879 2899 2898)
4(2898 2899 2919 2918)
4(2918 2919 2939 2938)
4(2938 2939 2959 2958)
4(2958 2959 2979 2978)
4(2978 2979 2999 2998)
4(2998 2999 3019 3018)
4(3018 3019 3039 3038)
4(3038 3039 3059 3058)
4(3058 3059 3079 3078)
4(3078 3079 3099 3098)
4(3098 3099 3119 3118)
4(2319 2320 2740 2739)
4(2739 2740 2760 2759)
4(2759 2760 2780 2779)
4(2779 2780 2800 2799)
4(2799 2800 2820 2819)
4(2819 2820 2840 2839)
4(2839 2840 2860 2859)
4(2859 2860 2880 2879)
4(2879 2880 2900 2899)
4(2899 2900 2920 2919)
4(2919 2920 2940 2939)
4(2939 2940 2960 2959)
4(2959 2960 2980 2979)
4(2979 2980 3000 2999)
4(2999 3000 3020 3019)
4(3019 3020 3040 3039)
4(3039 3040 3060 3059)
4(3059 3060 3080 3079)
4(3079 3080 3100 3099)
4(3099 3100 3120 3119)
4(2320 2321 2741 2740)
4(2740 2741 2761 2760)
4(2760 2761 2781 2780)
4(2780 2781 2801 2800)
4(2800 2801 2821 2820)
4(2820 2821 2841 2840)
4(2840 2841 2861 2860)
4(2860 2861 2881 2880)
4(2880 2881 2901 2900)
4(2900 2901 2921 2920)
4(2920 2921 2941 2940)
4(2940 2941 2961 2960)
4(2960 2961 2981 2980)
4(2980 2981 3001 3000)
4(3000 3001 3021 3020)
4(3020 3021 3041 3040)
4(3040 3041 3061 3060)
4(3060 3061 3081 3080)
4(3080 3081 3101 3100)
4(3100 3101 3121 3120)
4(2321 2322 2742 2741)
4(2741 2742 2762 2761)
4(2761 2762 2782 2781)
4(2781 2782 2802 2801)
4(2801 2802 2822 2821)
4(2821 2822 2842 2841)
4(2841 2842 2862 2861)
4(2861 2862 2882 2881)
4(2881 2882 2902 2901)
4(2901 2902 2922 2921)
4(2921 2922 2942 2941)
4(2941 2942 2962 2961)
4(2961 2962 2982 2981)
4(2981 2982 3002 3001)
4(3001 3002 3022 3021)
4(3021 3022 3042 3041)
4(3041 3042 3062 3061)
4(3061 3062 3082 3081)
4(3081 3082 3102 3101)
4(3101 3102 3122 3121)
4(2322 2323 2743 2742)
4(2742 2743 2763 2762)
4(2762 2763 2783 2782)
4(2782 2783 2803 2802)
4(2802 2803 2823 2822)
4(2822 2823 2843 2842)
4(2842 2843 2863 2862)
4(2862 2863 2883 2882)
4(2882 2883 2903 2902)
4(2902 2903 2923 2922)
4(2922 2923 2943 2942)
4(2942 2943 2963 2962)
4(2962 2963 2983 2982)
4(2982 2983 3003 3002)
4(3002 3003 3023 3022)
4(3022 3023 3043 3042)
4(3042 3043 3063 3062)
4(3062 3063 3083 3082)
4(3082 3083 3103 3102)
4(3102 3103 3123 3122)
4(2323 2324 2744 2743)
4(2743 2744 2764 2763)
4(2763 2764 2784 2783)
4(2783 2784 2804 2803)
4(2803 2804 2824 2823)
4(2823 2824 2844 2843)
4(2843 2844 2864 2863)
4(2863 2864 2884 2883)
4(2883 2884 2904 2903)
4(2903 2904 2924 2923)
4(2923 2924 2944 2943)
4(2943 2944 2964 2963)
4(2963 2964 2984 2983)
4(2983 2984 3004 3003)
4(3003 3004 3024 3023)
4(3023 3024 3044 3043)
4(3043 3044 3064 3063)
4(3063 3064 3084 3083)
4(3083 3084 3104 3103)
4(3103 3104 3124 3123)
4(2324 2325 2745 2744)
4(2744 2745 2765 2764)
4(2764 2765 2785 2784)
4(2784 2785 2805 2804)
4(2804 2805 2825 2824)
4(2824 2825 2845 2844)
4(2844 2845 2865 2864)
4(2864 2865 2885 2884)
4(2884 2885 2905 2904)
4(2904 2905 2925 2924)
4(2924 2925 2945 2944)
4(2944 2945 2965 2964)
4(2964 2965 2985 2984)
4(2984 2985 3005 3004)
4(3004 3005 3025 3024)
4(3024 3025 3045 3044)
4(3044 3045 3065 3064)
4(3064 3065 3085 3084)
4(3084 3085 3105 3104)
4(3104 3105 3125 3124)
4(2325 2326 2746 2745)
4(2745 2746 2766 2765)
4(2765 2766 2786 2785)
4(2785 2786 2806 2805)
4(2805 2806 2826 2825)
4(2825 2826 2846 2845)
4(2845 2846 2866 2865)
4(2865 2866 2886 2885)
4(2885 2886 2906 2905)
4(2905 2906 2926 2925)
4(2925 2926 2946 2945)
4(2945 2946 2966 2965)
4(2965 2966 2986 2985)
4(2985 2986 3006 3005)
4(3005 3006 3026 3025)
4(3025 3026 3046 3045)
4(3045 3046 3066 3065)
4(3065 3066 3086 3085)
4(3085 3086 3106 3105)
4(3105 3106 3126 3125)
4(2326 2327 2747 2746)
4(2746 2747 2767 2766)
4(2766 2767 2787 2786)
4(2786 2787 2807 2806)
4(2806 2807 2827 2826)
4(2826 2827 2847 2846)
4(2846 2847 2867 2866)
4(2866 2867 2887 2886)
4(2886 2887 2907 2906)
4(2906 2907 2927 2926)
4(2926 2927 2947 2946)
4(2946 2947 2967 2966)
4(2966 2967 2987 2986)
4(2986 2987 3007 3006)
4(3006 3007 3027 3026)
4(3026 3027 3047 3046)
4(3046 3047 3067 3066)
4(3066 3067 3087 3086)
4(3086 3087 3107 3106)
4(3106 3107 3127 3126)
4(2327 2328 2748 2747)
4(2747 2748 2768 2767)
4(2767 2768 2788 2787)
4(2787 2788 2808 2807)
4(2807 2808 2828 2827)
4(2827 2828 2848 2847)
4(2847 2848 2868 2867)
4(2867 2868 2888 2887)
4(2887 2888 2908 2907)
4(2907 2908 2928 2927)
4(2927 2928 2948 2947)
4(2947 2948 2968 2967)
4(2967 2968 2988 2987)
4(2987 2988 3008 3007)
4(3007 3008 3028 3027)
4(3027 3028 3048 3047)
4(3047 3048 3068 3067)
4(3067 3068 3088 3087)
4(3087 3088 3108 3107)
4(3107 3108 3128 3127)
4(2328 2329 2749 2748)
4(2748 2749 2769 2768)
4(2768 2769 2789 2788)
4(2788 2789 2809 2808)
4(2808 2809 2829 2828)
4(2828 2829 2849 2848)
4(2848 2849 2869 2868)
4(2868 2869 2889 2888)
4(2888 2889 2909 2908)
4(2908 2909 2929 2928)
4(2928 2929 2949 2948)
4(2948 2949 2969 2968)
4(2968 2969 2989 2988)
4(2988 2989 3009 3008)
4(3008 3009 3029 3028)
4(3028 3029 3049 3048)
4(3048 3049 3069 3068)
4(3068 3069 3089 3088)
4(3088 3089 3109 3108)
4(3108 3109 3129 3128)
4(2329 2330 2750 2749)
4(2749 2750 2770 2769)
4(2769 2770 2790 2789)
4(2789 2790 2810 2809)
4(2809 2810 2830 2829)
4(2829 2830 2850 2849)
4(2849 2850 2870 2869)
4(2869 2870 2890 2889)
4(2889 2890 2910 2909)
4(2909 2910 2930 2929)
4(2929 2930 2950 2949)
4(2949 2950 2970 2969)
4(2969 2970 2990 2989)
4(2989 2990 3010 3009)
4(3009 3010 3030 3029)
4(3029 3030 3050 3049)
4(3049 3050 3070 3069)
4(3069 3070 3090 3089)
4(3089 3090 3110 3109)
4(3109 3110 3130 3129)
4(2330 2331 2751 2750)
4(2750 2751 2771 2770)
4(2770 2771 2791 2790)
4(2790 2791 2811 2810)
4(2810 2811 2831 2830)
4(2830 2831 2851 2850)
4(2850 2851 2871 2870)
4(2870 2871 2891 2890)
4(2890 2891 2911 2910)
4(2910 2911 2931 2930)
4(2930 2931 2951 2950)
4(2950 2951 2971 2970)
4(2970 2971 2991 2990)
4(2990 2991 3011 3010)
4(3010 3011 3031 3030)
4(3030 3031 3051 3050)
4(3050 3051 3071 3070)
4(3070 3071 3091 3090)
4(3090 3091 3111 3110)
4(3110 3111 3131 3130)
4(2331 105 552 2751)
4(2751 552 557 2771)
4(2771 557 562 2791)
4(2791 562 567 2811)
4(2811 567 572 2831)
4(2831 572 577 2851)
4(2851 577 582 2871)
4(2871 582 587 2891)
4(2891 587 592 2911)
4(2911 592 597 2931)
4(2931 597 602 2951)
4(2951 602 607 2971)
4(2971 607 612 2991)
4(2991 612 617 3011)
4(3011 617 622 3031)
4(3031 622 627 3051)
4(3051 627 632 3071)
4(3071 632 637 3091)
4(3091 637 642 3111)
4(3111 642 647 3131)
4(11 16 174 76)
4(76 174 178 78)
4(78 178 182 80)
4(80 182 186 82)
4(82 186 190 84)
4(84 190 194 86)
4(86 194 198 88)
4(88 198 202 90)
4(90 202 206 92)
4(92 206 210 94)
4(94 210 214 96)
4(96 214 218 98)
4(98 218 222 100)
4(100 222 226 102)
4(102 226 230 104)
4(104 230 234 109)
4(16 17 175 174)
4(174 175 179 178)
4(178 179 183 182)
4(182 183 187 186)
4(186 187 191 190)
4(190 191 195 194)
4(194 195 199 198)
4(198 199 203 202)
4(202 203 207 206)
4(206 207 211 210)
4(210 211 215 214)
4(214 215 219 218)
4(218 219 223 222)
4(222 223 227 226)
4(226 227 231 230)
4(230 231 235 234)
4(17 18 176 175)
4(175 176 180 179)
4(179 180 184 183)
4(183 184 188 187)
4(187 188 192 191)
4(191 192 196 195)
4(195 196 200 199)
4(199 200 204 203)
4(203 204 208 207)
4(207 208 212 211)
4(211 212 216 215)
4(215 216 220 219)
4(219 220 224 223)
4(223 224 228 227)
4(227 228 232 231)
4(231 232 236 235)
4(18 19 177 176)
4(176 177 181 180)
4(180 181 185 184)
4(184 185 189 188)
4(188 189 193 192)
4(192 193 197 196)
4(196 197 201 200)
4(200 201 205 204)
4(204 205 209 208)
4(208 209 213 212)
4(212 213 217 216)
4(216 217 221 220)
4(220 221 225 224)
4(224 225 229 228)
4(228 229 233 232)
4(232 233 237 236)
4(21 26 350 268)
4(268 350 354 269)
4(269 354 358 270)
4(270 358 362 271)
4(271 362 366 272)
4(272 366 370 273)
4(273 370 374 274)
4(274 374 378 275)
4(275 378 382 276)
4(276 382 386 277)
4(277 386 390 278)
4(278 390 394 279)
4(279 394 398 280)
4(280 398 402 281)
4(281 402 406 282)
4(282 406 410 285)
4(26 27 351 350)
4(350 351 355 354)
4(354 355 359 358)
4(358 359 363 362)
4(362 363 367 366)
4(366 367 371 370)
4(370 371 375 374)
4(374 375 379 378)
4(378 379 383 382)
4(382 383 387 386)
4(386 387 391 390)
4(390 391 395 394)
4(394 395 399 398)
4(398 399 403 402)
4(402 403 407 406)
4(406 407 411 410)
4(27 28 352 351)
4(351 352 356 355)
4(355 356 360 359)
4(359 360 364 363)
4(363 364 368 367)
4(367 368 372 371)
4(371 372 376 375)
4(375 376 380 379)
4(379 380 384 383)
4(383 384 388 387)
4(387 388 392 391)
4(391 392 396 395)
4(395 396 400 399)
4(399 400 404 403)
4(403 404 408 407)
4(407 408 412 411)
4(28 29 353 352)
4(352 353 357 356)
4(356 357 361 360)
4(360 361 365 364)
4(364 365 369 368)
4(368 369 373 372)
4(372 373 377 376)
4(376 377 381 380)
4(380 381 385 384)
4(384 385 389 388)
4(388 389 393 392)
4(392 393 397 396)
4(396 397 401 400)
4(400 401 405 404)
4(404 405 409 408)
4(408 409 413 412)
4(105 106 553 552)
4(552 553 558 557)
4(557 558 563 562)
4(562 563 568 567)
4(567 568 573 572)
4(572 573 578 577)
4(577 578 583 582)
4(582 583 588 587)
4(587 588 593 592)
4(592 593 598 597)
4(597 598 603 602)
4(602 603 608 607)
4(607 608 613 612)
4(612 613 618 617)
4(617 618 623 622)
4(622 623 628 627)
4(627 628 633 632)
4(632 633 638 637)
4(637 638 643 642)
4(642 643 648 647)
4(106 107 554 553)
4(553 554 559 558)
4(558 559 564 563)
4(563 564 569 568)
4(568 569 574 573)
4(573 574 579 578)
4(578 579 584 583)
4(583 584 589 588)
4(588 589 594 593)
4(593 594 599 598)
4(598 599 604 603)
4(603 604 609 608)
4(608 609 614 613)
4(613 614 619 618)
4(618 619 624 623)
4(623 624 629 628)
4(628 629 634 633)
4(633 634 639 638)
4(638 639 644 643)
4(643 644 649 648)
4(107 108 555 554)
4(554 555 560 559)
4(559 560 565 564)
4(564 565 570 569)
4(569 570 575 574)
4(574 575 580 579)
4(579 580 585 584)
4(584 585 590 589)
4(589 590 595 594)
4(594 595 600 599)
4(599 600 605 604)
4(604 605 610 609)
4(609 610 615 614)
4(614 615 620 619)
4(619 620 625 624)
4(624 625 630 629)
4(629 630 635 634)
4(634 635 640 639)
4(639 640 645 644)
4(644 645 650 649)
4(108 109 556 555)
4(555 556 561 560)
4(560 561 566 565)
4(565 566 571 570)
4(570 571 576 575)
4(575 576 581 580)
4(580 581 586 585)
4(585 586 591 590)
4(590 591 596 595)
4(595 596 601 600)
4(600 601 606 605)
4(605 606 611 610)
4(610 611 616 615)
4(615 616 621 620)
4(620 621 626 625)
4(625 626 631 630)
4(630 631 636 635)
4(635 636 641 640)
4(640 641 646 645)
4(645 646 651 650)
4(109 234 732 556)
4(556 732 736 561)
4(561 736 740 566)
4(566 740 744 571)
4(571 744 748 576)
4(576 748 752 581)
4(581 752 756 586)
4(586 756 760 591)
4(591 760 764 596)
4(596 764 768 601)
4(601 768 772 606)
4(606 772 776 611)
4(611 776 780 616)
4(616 780 784 621)
4(621 784 788 626)
4(626 788 792 631)
4(631 792 796 636)
4(636 796 800 641)
4(641 800 804 646)
4(646 804 808 651)
4(234 235 733 732)
4(732 733 737 736)
4(736 737 741 740)
4(740 741 745 744)
4(744 745 749 748)
4(748 749 753 752)
4(752 753 757 756)
4(756 757 761 760)
4(760 761 765 764)
4(764 765 769 768)
4(768 769 773 772)
4(772 773 777 776)
4(776 777 781 780)
4(780 781 785 784)
4(784 785 789 788)
4(788 789 793 792)
4(792 793 797 796)
4(796 797 801 800)
4(800 801 805 804)
4(804 805 809 808)
4(235 236 734 733)
4(733 734 738 737)
4(737 738 742 741)
4(741 742 746 745)
4(745 746 750 749)
4(749 750 754 753)
4(753 754 758 757)
4(757 758 762 761)
4(761 762 766 765)
4(765 766 770 769)
4(769 770 774 773)
4(773 774 778 777)
4(777 778 782 781)
4(781 782 786 785)
4(785 786 790 789)
4(789 790 794 793)
4(793 794 798 797)
4(797 798 802 801)
4(801 802 806 805)
4(805 806 810 809)
4(236 237 735 734)
4(734 735 739 738)
4(738 739 743 742)
4(742 743 747 746)
4(746 747 751 750)
4(750 751 755 754)
4(754 755 759 758)
4(758 759 763 762)
4(762 763 767 766)
4(766 767 771 770)
4(770 771 775 774)
4(774 775 779 778)
4(778 779 783 782)
4(782 783 787 786)
4(786 787 791 790)
4(790 791 795 794)
4(794 795 799 798)
4(798 799 803 802)
4(802 803 807 806)
4(806 807 811 810)
4(237 241 872 735)
4(735 872 875 739)
4(739 875 878 743)
4(743 878 881 747)
4(747 881 884 751)
4(751 884 887 755)
4(755 887 890 759)
4(759 890 893 763)
4(763 893 896 767)
4(767 896 899 771)
4(771 899 902 775)
4(775 902 905 779)
4(779 905 908 783)
4(783 908 911 787)
4(787 911 914 791)
4(791 914 917 795)
4(795 917 920 799)
4(799 920 923 803)
4(803 923 926 807)
4(807 926 929 811)
4(241 242 873 872)
4(872 873 876 875)
4(875 876 879 878)
4(878 879 882 881)
4(881 882 885 884)
4(884 885 888 887)
4(887 888 891 890)
4(890 891 894 893)
4(893 894 897 896)
4(896 897 900 899)
4(899 900 903 902)
4(902 903 906 905)
4(905 906 909 908)
4(908 909 912 911)
4(911 912 915 914)
4(914 915 918 917)
4(917 918 921 920)
4(920 921 924 923)
4(923 924 927 926)
4(926 927 930 929)
4(242 243 874 873)
4(873 874 877 876)
4(876 877 880 879)
4(879 880 883 882)
4(882 883 886 885)
4(885 886 889 888)
4(888 889 892 891)
4(891 892 895 894)
4(894 895 898 897)
4(897 898 901 900)
4(900 901 904 903)
4(903 904 907 906)
4(906 907 910 909)
4(909 910 913 912)
4(912 913 916 915)
4(915 916 919 918)
4(918 919 922 921)
4(921 922 925 924)
4(924 925 928 927)
4(927 928 931 930)
4(243 247 992 874)
4(874 992 995 877)
4(877 995 998 880)
4(880 998 1001 883)
4(883 1001 1004 886)
4(886 1004 1007 889)
4(889 1007 1010 892)
4(892 1010 1013 895)
4(895 1013 1016 898)
4(898 1016 1019 901)
4(901 1019 1022 904)
4(904 1022 1025 907)
4(907 1025 1028 910)
4(910 1028 1031 913)
4(913 1031 1034 916)
4(916 1034 1037 919)
4(919 1037 1040 922)
4(922 1040 1043 925)
4(925 1043 1046 928)
4(928 1046 1049 931)
4(247 248 993 992)
4(992 993 996 995)
4(995 996 999 998)
4(998 999 1002 1001)
4(1001 1002 1005 1004)
4(1004 1005 1008 1007)
4(1007 1008 1011 1010)
4(1010 1011 1014 1013)
4(1013 1014 1017 1016)
4(1016 1017 1020 1019)
4(1019 1020 1023 1022)
4(1022 1023 1026 1025)
4(1025 1026 1029 1028)
4(1028 1029 1032 1031)
4(1031 1032 1035 1034)
4(1034 1035 1038 1037)
4(1037 1038 1041 1040)
4(1040 1041 1044 1043)
4(1043 1044 1047 1046)
4(1046 1047 1050 1049)
4(248 249 994 993)
4(993 994 997 996)
4(996 997 1000 999)
4(999 1000 1003 1002)
4(1002 1003 1006 1005)
4(1005 1006 1009 1008)
4(1008 1009 1012 1011)
4(1011 1012 1015 1014)
4(1014 1015 1018 1017)
4(1017 1018 1021 1020)
4(1020 1021 1024 1023)
4(1023 1024 1027 1026)
4(1026 1027 1030 1029)
4(1029 1030 1033 1032)
4(1032 1033 1036 1035)
4(1035 1036 1039 1038)
4(1038 1039 1042 1041)
4(1041 1042 1045 1044)
4(1044 1045 1048 1047)
4(1047 1048 1051 1050)
4(249 283 1112 994)
4(994 1112 1115 997)
4(997 1115 1118 1000)
4(1000 1118 1121 1003)
4(1003 1121 1124 1006)
4(1006 1124 1127 1009)
4(1009 1127 1130 1012)
4(1012 1130 1133 1015)
4(1015 1133 1136 1018)
4(1018 1136 1139 1021)
4(1021 1139 1142 1024)
4(1024 1142 1145 1027)
4(1027 1145 1148 1030)
4(1030 1148 1151 1033)
4(1033 1151 1154 1036)
4(1036 1154 1157 1039)
4(1039 1157 1160 1042)
4(1042 1160 1163 1045)
4(1045 1163 1166 1048)
4(1048 1166 1169 1051)
4(283 284 1113 1112)
4(1112 1113 1116 1115)
4(1115 1116 1119 1118)
4(1118 1119 1122 1121)
4(1121 1122 1125 1124)
4(1124 1125 1128 1127)
4(1127 1128 1131 1130)
4(1130 1131 1134 1133)
4(1133 1134 1137 1136)
4(1136 1137 1140 1139)
4(1139 1140 1143 1142)
4(1142 1143 1146 1145)
4(1145 1146 1149 1148)
4(1148 1149 1152 1151)
4(1151 1152 1155 1154)
4(1154 1155 1158 1157)
4(1157 1158 1161 1160)
4(1160 1161 1164 1163)
4(1163 1164 1167 1166)
4(1166 1167 1170 1169)
4(284 285 1114 1113)
4(1113 1114 1117 1116)
4(1116 1117 1120 1119)
4(1119 1120 1123 1122)
4(1122 1123 1126 1125)
4(1125 1126 1129 1128)
4(1128 1129 1132 1131)
4(1131 1132 1135 1134)
4(1134 1135 1138 1137)
4(1137 1138 1141 1140)
4(1140 1141 1144 1143)
4(1143 1144 1147 1146)
4(1146 1147 1150 1149)
4(1149 1150 1153 1152)
4(1152 1153 1156 1155)
4(1155 1156 1159 1158)
4(1158 1159 1162 1161)
4(1161 1162 1165 1164)
4(1164 1165 1168 1167)
4(1167 1168 1171 1170)
4(285 410 1252 1114)
4(1114 1252 1256 1117)
4(1117 1256 1260 1120)
4(1120 1260 1264 1123)
4(1123 1264 1268 1126)
4(1126 1268 1272 1129)
4(1129 1272 1276 1132)
4(1132 1276 1280 1135)
4(1135 1280 1284 1138)
4(1138 1284 1288 1141)
4(1141 1288 1292 1144)
4(1144 1292 1296 1147)
4(1147 1296 1300 1150)
4(1150 1300 1304 1153)
4(1153 1304 1308 1156)
4(1156 1308 1312 1159)
4(1159 1312 1316 1162)
4(1162 1316 1320 1165)
4(1165 1320 1324 1168)
4(1168 1324 1328 1171)
4(410 411 1253 1252)
4(1252 1253 1257 1256)
4(1256 1257 1261 1260)
4(1260 1261 1265 1264)
4(1264 1265 1269 1268)
4(1268 1269 1273 1272)
4(1272 1273 1277 1276)
4(1276 1277 1281 1280)
4(1280 1281 1285 1284)
4(1284 1285 1289 1288)
4(1288 1289 1293 1292)
4(1292 1293 1297 1296)
4(1296 1297 1301 1300)
4(1300 1301 1305 1304)
4(1304 1305 1309 1308)
4(1308 1309 1313 1312)
4(1312 1313 1317 1316)
4(1316 1317 1321 1320)
4(1320 1321 1325 1324)
4(1324 1325 1329 1328)
4(411 412 1254 1253)
4(1253 1254 1258 1257)
4(1257 1258 1262 1261)
4(1261 1262 1266 1265)
4(1265 1266 1270 1269)
4(1269 1270 1274 1273)
4(1273 1274 1278 1277)
4(1277 1278 1282 1281)
4(1281 1282 1286 1285)
4(1285 1286 1290 1289)
4(1289 1290 1294 1293)
4(1293 1294 1298 1297)
4(1297 1298 1302 1301)
4(1301 1302 1306 1305)
4(1305 1306 1310 1309)
4(1309 1310 1314 1313)
4(1313 1314 1318 1317)
4(1317 1318 1322 1321)
4(1321 1322 1326 1325)
4(1325 1326 1330 1329)
4(412 413 1255 1254)
4(1254 1255 1259 1258)
4(1258 1259 1263 1262)
4(1262 1263 1267 1266)
4(1266 1267 1271 1270)
4(1270 1271 1275 1274)
4(1274 1275 1279 1278)
4(1278 1279 1283 1282)
4(1282 1283 1287 1286)
4(1286 1287 1291 1290)
4(1290 1291 1295 1294)
4(1294 1295 1299 1298)
4(1298 1299 1303 1302)
4(1302 1303 1307 1306)
4(1306 1307 1311 1310)
4(1310 1311 1315 1314)
4(1314 1315 1319 1318)
4(1318 1319 1323 1322)
4(1322 1323 1327 1326)
4(1326 1327 1331 1330)
4(413 448 1412 1255)
4(1255 1412 1416 1259)
4(1259 1416 1420 1263)
4(1263 1420 1424 1267)
4(1267 1424 1428 1271)
4(1271 1428 1432 1275)
4(1275 1432 1436 1279)
4(1279 1436 1440 1283)
4(1283 1440 1444 1287)
4(1287 1444 1448 1291)
4(1291 1448 1452 1295)
4(1295 1452 1456 1299)
4(1299 1456 1460 1303)
4(1303 1460 1464 1307)
4(1307 1464 1468 1311)
4(1311 1468 1472 1315)
4(1315 1472 1476 1319)
4(1319 1476 1480 1323)
4(1323 1480 1484 1327)
4(1327 1484 1488 1331)
4(448 449 1413 1412)
4(1412 1413 1417 1416)
4(1416 1417 1421 1420)
4(1420 1421 1425 1424)
4(1424 1425 1429 1428)
4(1428 1429 1433 1432)
4(1432 1433 1437 1436)
4(1436 1437 1441 1440)
4(1440 1441 1445 1444)
4(1444 1445 1449 1448)
4(1448 1449 1453 1452)
4(1452 1453 1457 1456)
4(1456 1457 1461 1460)
4(1460 1461 1465 1464)
4(1464 1465 1469 1468)
4(1468 1469 1473 1472)
4(1472 1473 1477 1476)
4(1476 1477 1481 1480)
4(1480 1481 1485 1484)
4(1484 1485 1489 1488)
4(449 450 1414 1413)
4(1413 1414 1418 1417)
4(1417 1418 1422 1421)
4(1421 1422 1426 1425)
4(1425 1426 1430 1429)
4(1429 1430 1434 1433)
4(1433 1434 1438 1437)
4(1437 1438 1442 1441)
4(1441 1442 1446 1445)
4(1445 1446 1450 1449)
4(1449 1450 1454 1453)
4(1453 1454 1458 1457)
4(1457 1458 1462 1461)
4(1461 1462 1466 1465)
4(1465 1466 1470 1469)
4(1469 1470 1474 1473)
4(1473 1474 1478 1477)
4(1477 1478 1482 1481)
4(1481 1482 1486 1485)
4(1485 1486 1490 1489)
4(450 451 1415 1414)
4(1414 1415 1419 1418)
4(1418 1419 1423 1422)
4(1422 1423 1427 1426)
4(1426 1427 1431 1430)
4(1430 1431 1435 1434)
4(1434 1435 1439 1438)
4(1438 1439 1443 1442)
4(1442 1443 1447 1446)
4(1446 1447 1451 1450)
4(1450 1451 1455 1454)
4(1454 1455 1459 1458)
4(1458 1459 1463 1462)
4(1462 1463 1467 1466)
4(1466 1467 1471 1470)
4(1470 1471 1475 1474)
4(1474 1475 1479 1478)
4(1478 1479 1483 1482)
4(1482 1483 1487 1486)
4(1486 1487 1491 1490)
4(35 3232 3252 36)
4(36 3252 3272 37)
4(37 3272 3292 38)
4(38 3292 3312 39)
4(3232 3233 3253 3252)
4(3252 3253 3273 3272)
4(3272 3273 3293 3292)
4(3292 3293 3313 3312)
4(3233 3234 3254 3253)
4(3253 3254 3274 3273)
4(3273 3274 3294 3293)
4(3293 3294 3314 3313)
4(3234 3235 3255 3254)
4(3254 3255 3275 3274)
4(3274 3275 3295 3294)
4(3294 3295 3315 3314)
4(3235 3236 3256 3255)
4(3255 3256 3276 3275)
4(3275 3276 3296 3295)
4(3295 3296 3316 3315)
4(3236 3237 3257 3256)
4(3256 3257 3277 3276)
4(3276 3277 3297 3296)
4(3296 3297 3317 3316)
4(3237 3238 3258 3257)
4(3257 3258 3278 3277)
4(3277 3278 3298 3297)
4(3297 3298 3318 3317)
4(3238 3239 3259 3258)
4(3258 3259 3279 3278)
4(3278 3279 3299 3298)
4(3298 3299 3319 3318)
4(3239 3240 3260 3259)
4(3259 3260 3280 3279)
4(3279 3280 3300 3299)
4(3299 3300 3320 3319)
4(3240 3241 3261 3260)
4(3260 3261 3281 3280)
4(3280 3281 3301 3300)
4(3300 3301 3321 3320)
4(3241 3242 3262 3261)
4(3261 3262 3282 3281)
4(3281 3282 3302 3301)
4(3301 3302 3322 3321)
4(3242 3243 3263 3262)
4(3262 3263 3283 3282)
4(3282 3283 3303 3302)
4(3302 3303 3323 3322)
4(3243 3244 3264 3263)
4(3263 3264 3284 3283)
4(3283 3284 3304 3303)
4(3303 3304 3324 3323)
4(3244 3245 3265 3264)
4(3264 3265 3285 3284)
4(3284 3285 3305 3304)
4(3304 3305 3325 3324)
4(3245 3246 3266 3265)
4(3265 3266 3286 3285)
4(3285 3286 3306 3305)
4(3305 3306 3326 3325)
4(3246 3247 3267 3266)
4(3266 3267 3287 3286)
4(3286 3287 3307 3306)
4(3306 3307 3327 3326)
4(3247 3248 3268 3267)
4(3267 3268 3288 3287)
4(3287 3288 3308 3307)
4(3307 3308 3328 3327)
4(3248 3249 3269 3268)
4(3268 3269 3289 3288)
4(3288 3289 3309 3308)
4(3308 3309 3329 3328)
4(3249 3250 3270 3269)
4(3269 3270 3290 3289)
4(3289 3290 3310 3309)
4(3309 3310 3330 3329)
4(3250 3251 3271 3270)
4(3270 3271 3291 3290)
4(3290 3291 3311 3310)
4(3310 3311 3331 3330)
4(39 3312 3652 433)
4(433 3652 3672 434)
4(434 3672 3692 435)
4(435 3692 3712 436)
4(436 3712 3732 437)
4(437 3732 3752 438)
4(438 3752 3772 439)
4(439 3772 3792 440)
4(440 3792 3812 441)
4(441 3812 3832 442)
4(442 3832 3852 443)
4(443 3852 3872 444)
4(444 3872 3892 445)
4(445 3892 3912 446)
4(446 3912 3932 447)
4(447 3932 3952 451)
4(3312 3313 3653 3652)
4(3652 3653 3673 3672)
4(3672 3673 3693 3692)
4(3692 3693 3713 3712)
4(3712 3713 3733 3732)
4(3732 3733 3753 3752)
4(3752 3753 3773 3772)
4(3772 3773 3793 3792)
4(3792 3793 3813 3812)
4(3812 3813 3833 3832)
4(3832 3833 3853 3852)
4(3852 3853 3873 3872)
4(3872 3873 3893 3892)
4(3892 3893 3913 3912)
4(3912 3913 3933 3932)
4(3932 3933 3953 3952)
4(3313 3314 3654 3653)
4(3653 3654 3674 3673)
4(3673 3674 3694 3693)
4(3693 3694 3714 3713)
4(3713 3714 3734 3733)
4(3733 3734 3754 3753)
4(3753 3754 3774 3773)
4(3773 3774 3794 3793)
4(3793 3794 3814 3813)
4(3813 3814 3834 3833)
4(3833 3834 3854 3853)
4(3853 3854 3874 3873)
4(3873 3874 3894 3893)
4(3893 3894 3914 3913)
4(3913 3914 3934 3933)
4(3933 3934 3954 3953)
4(3314 3315 3655 3654)
4(3654 3655 3675 3674)
4(3674 3675 3695 3694)
4(3694 3695 3715 3714)
4(3714 3715 3735 3734)
4(3734 3735 3755 3754)
4(3754 3755 3775 3774)
4(3774 3775 3795 3794)
4(3794 3795 3815 3814)
4(3814 3815 3835 3834)
4(3834 3835 3855 3854)
4(3854 3855 3875 3874)
4(3874 3875 3895 3894)
4(3894 3895 3915 3914)
4(3914 3915 3935 3934)
4(3934 3935 3955 3954)
4(3315 3316 3656 3655)
4(3655 3656 3676 3675)
4(3675 3676 3696 3695)
4(3695 3696 3716 3715)
4(3715 3716 3736 3735)
4(3735 3736 3756 3755)
4(3755 3756 3776 3775)
4(3775 3776 3796 3795)
4(3795 3796 3816 3815)
4(3815 3816 3836 3835)
4(3835 3836 3856 3855)
4(3855 3856 3876 3875)
4(3875 3876 3896 3895)
4(3895 3896 3916 3915)
4(3915 3916 3936 3935)
4(3935 3936 3956 3955)
4(3316 3317 3657 3656)
4(3656 3657 3677 3676)
4(3676 3677 3697 3696)
4(3696 3697 3717 3716)
4(3716 3717 3737 3736)
4(3736 3737 3757 3756)
4(3756 3757 3777 3776)
4(3776 3777 3797 3796)
4(3796 3797 3817 3816)
4(3816 3817 3837 3836)
4(3836 3837 3857 3856)
4(3856 3857 3877 3876)
4(3876 3877 3897 3896)
4(3896 3897 3917 3916)
4(3916 3917 3937 3936)
4(3936 3937 3957 3956)
4(3317 3318 3658 3657)
4(3657 3658 3678 3677)
4(3677 3678 3698 3697)
4(3697 3698 3718 3717)
4(3717 3718 3738 3737)
4(3737 3738 3758 3757)
4(3757 3758 3778 3777)
4(3777 3778 3798 3797)
4(3797 3798 3818 3817)
4(3817 3818 3838 3837)
4(3837 3838 3858 3857)
4(3857 3858 3878 3877)
4(3877 3878 3898 3897)
4(3897 3898 3918 3917)
4(3917 3918 3938 3937)
4(3937 3938 3958 3957)
4(3318 3319 3659 3658)
4(3658 3659 3679 3678)
4(3678 3679 3699 3698)
4(3698 3699 3719 3718)
4(3718 3719 3739 3738)
4(3738 3739 3759 3758)
4(3758 3759 3779 3778)
4(3778 3779 3799 3798)
4(3798 3799 3819 3818)
4(3818 3819 3839 3838)
4(3838 3839 3859 3858)
4(3858 3859 3879 3878)
4(3878 3879 3899 3898)
4(3898 3899 3919 3918)
4(3918 3919 3939 3938)
4(3938 3939 3959 3958)
4(3319 3320 3660 3659)
4(3659 3660 3680 3679)
4(3679 3680 3700 3699)
4(3699 3700 3720 3719)
4(3719 3720 3740 3739)
4(3739 3740 3760 3759)
4(3759 3760 3780 3779)
4(3779 3780 3800 3799)
4(3799 3800 3820 3819)
4(3819 3820 3840 3839)
4(3839 3840 3860 3859)
4(3859 3860 3880 3879)
4(3879 3880 3900 3899)
4(3899 3900 3920 3919)
4(3919 3920 3940 3939)
4(3939 3940 3960 3959)
4(3320 3321 3661 3660)
4(3660 3661 3681 3680)
4(3680 3681 3701 3700)
4(3700 3701 3721 3720)
4(3720 3721 3741 3740)
4(3740 3741 3761 3760)
4(3760 3761 3781 3780)
4(3780 3781 3801 3800)
4(3800 3801 3821 3820)
4(3820 3821 3841 3840)
4(3840 3841 3861 3860)
4(3860 3861 3881 3880)
4(3880 3881 3901 3900)
4(3900 3901 3921 3920)
4(3920 3921 3941 3940)
4(3940 3941 3961 3960)
4(3321 3322 3662 3661)
4(3661 3662 3682 3681)
4(3681 3682 3702 3701)
4(3701 3702 3722 3721)
4(3721 3722 3742 3741)
4(3741 3742 3762 3761)
4(3761 3762 3782 3781)
4(3781 3782 3802 3801)
4(3801 3802 3822 3821)
4(3821 3822 3842 3841)
4(3841 3842 3862 3861)
4(3861 3862 3882 3881)
4(3881 3882 3902 3901)
4(3901 3902 3922 3921)
4(3921 3922 3942 3941)
4(3941 3942 3962 3961)
4(3322 3323 3663 3662)
4(3662 3663 3683 3682)
4(3682 3683 3703 3702)
4(3702 3703 3723 3722)
4(3722 3723 3743 3742)
4(3742 3743 3763 3762)
4(3762 3763 3783 3782)
4(3782 3783 3803 3802)
4(3802 3803 3823 3822)
4(3822 3823 3843 3842)
4(3842 3843 3863 3862)
4(3862 3863 3883 3882)
4(3882 3883 3903 3902)
4(3902 3903 3923 3922)
4(3922 3923 3943 3942)
4(3942 3943 3963 3962)
4(3323 3324 3664 3663)
4(3663 3664 3684 3683)
4(3683 3684 3704 3703)
4(3703 3704 3724 3723)
4(3723 3724 3744 3743)
4(3743 3744 3764 3763)
4(3763 3764 3784 3783)
4(3783 3784 3804 3803)
4(3803 3804 3824 3823)
4(3823 3824 3844 3843)
4(3843 3844 3864 3863)
4(3863 3864 3884 3883)
4(3883 3884 3904 3903)
4(3903 3904 3924 3923)
4(3923 3924 3944 3943)
4(3943 3944 3964 3963)
4(3324 3325 3665 3664)
4(3664 3665 3685 3684)
4(3684 3685 3705 3704)
4(3704 3705 3725 3724)
4(3724 3725 3745 3744)
4(3744 3745 3765 3764)
4(3764 3765 3785 3784)
4(3784 3785 3805 3804)
4(3804 3805 3825 3824)
4(3824 3825 3845 3844)
4(3844 3845 3865 3864)
4(3864 3865 3885 3884)
4(3884 3885 3905 3904)
4(3904 3905 3925 3924)
4(3924 3925 3945 3944)
4(3944 3945 3965 3964)
4(3325 3326 3666 3665)
4(3665 3666 3686 3685)
4(3685 3686 3706 3705)
4(3705 3706 3726 3725)
4(3725 3726 3746 3745)
4(3745 3746 3766 3765)
4(3765 3766 3786 3785)
4(3785 3786 3806 3805)
4(3805 3806 3826 3825)
4(3825 3826 3846 3845)
4(3845 3846 3866 3865)
4(3865 3866 3886 3885)
4(3885 3886 3906 3905)
4(3905 3906 3926 3925)
4(3925 3926 3946 3945)
4(3945 3946 3966 3965)
4(3326 3327 3667 3666)
4(3666 3667 3687 3686)
4(3686 3687 3707 3706)
4(3706 3707 3727 3726)
4(3726 3727 3747 3746)
4(3746 3747 3767 3766)
4(3766 3767 3787 3786)
4(3786 3787 3807 3806)
4(3806 3807 3827 3826)
4(3826 3827 3847 3846)
4(3846 3847 3867 3866)
4(3866 3867 3887 3886)
4(3886 3887 3907 3906)
4(3906 3907 3927 3926)
4(3926 3927 3947 3946)
4(3946 3947 3967 3966)
4(3327 3328 3668 3667)
4(3667 3668 3688 3687)
4(3687 3688 3708 3707)
4(3707 3708 3728 3727)
4(3727 3728 3748 3747)
4(3747 3748 3768 3767)
4(3767 3768 3788 3787)
4(3787 3788 3808 3807)
4(3807 3808 3828 3827)
4(3827 3828 3848 3847)
4(3847 3848 3868 3867)
4(3867 3868 3888 3887)
4(3887 3888 3908 3907)
4(3907 3908 3928 3927)
4(3927 3928 3948 3947)
4(3947 3948 3968 3967)
4(3328 3329 3669 3668)
4(3668 3669 3689 3688)
4(3688 3689 3709 3708)
4(3708 3709 3729 3728)
4(3728 3729 3749 3748)
4(3748 3749 3769 3768)
4(3768 3769 3789 3788)
4(3788 3789 3809 3808)
4(3808 3809 3829 3828)
4(3828 3829 3849 3848)
4(3848 3849 3869 3868)
4(3868 3869 3889 3888)
4(3888 3889 3909 3908)
4(3908 3909 3929 3928)
4(3928 3929 3949 3948)
4(3948 3949 3969 3968)
4(3329 3330 3670 3669)
4(3669 3670 3690 3689)
4(3689 3690 3710 3709)
4(3709 3710 3730 3729)
4(3729 3730 3750 3749)
4(3749 3750 3770 3769)
4(3769 3770 3790 3789)
4(3789 3790 3810 3809)
4(3809 3810 3830 3829)
4(3829 3830 3850 3849)
4(3849 3850 3870 3869)
4(3869 3870 3890 3889)
4(3889 3890 3910 3909)
4(3909 3910 3930 3929)
4(3929 3930 3950 3949)
4(3949 3950 3970 3969)
4(3330 3331 3671 3670)
4(3670 3671 3691 3690)
4(3690 3691 3711 3710)
4(3710 3711 3731 3730)
4(3730 3731 3751 3750)
4(3750 3751 3771 3770)
4(3770 3771 3791 3790)
4(3790 3791 3811 3810)
4(3810 3811 3831 3830)
4(3830 3831 3851 3850)
4(3850 3851 3871 3870)
4(3870 3871 3891 3890)
4(3890 3891 3911 3910)
4(3910 3911 3931 3930)
4(3930 3931 3951 3950)
4(3950 3951 3971 3970)
4(451 3952 4372 1415)
4(1415 4372 4392 1419)
4(1419 4392 4412 1423)
4(1423 4412 4432 1427)
4(1427 4432 4452 1431)
4(1431 4452 4472 1435)
4(1435 4472 4492 1439)
4(1439 4492 4512 1443)
4(1443 4512 4532 1447)
4(1447 4532 4552 1451)
4(1451 4552 4572 1455)
4(1455 4572 4592 1459)
4(1459 4592 4612 1463)
4(1463 4612 4632 1467)
4(1467 4632 4652 1471)
4(1471 4652 4672 1475)
4(1475 4672 4692 1479)
4(1479 4692 4712 1483)
4(1483 4712 4732 1487)
4(1487 4732 4752 1491)
4(3952 3953 4373 4372)
4(4372 4373 4393 4392)
4(4392 4393 4413 4412)
4(4412 4413 4433 4432)
4(4432 4433 4453 4452)
4(4452 4453 4473 4472)
4(4472 4473 4493 4492)
4(4492 4493 4513 4512)
4(4512 4513 4533 4532)
4(4532 4533 4553 4552)
4(4552 4553 4573 4572)
4(4572 4573 4593 4592)
4(4592 4593 4613 4612)
4(4612 4613 4633 4632)
4(4632 4633 4653 4652)
4(4652 4653 4673 4672)
4(4672 4673 4693 4692)
4(4692 4693 4713 4712)
4(4712 4713 4733 4732)
4(4732 4733 4753 4752)
4(3953 3954 4374 4373)
4(4373 4374 4394 4393)
4(4393 4394 4414 4413)
4(4413 4414 4434 4433)
4(4433 4434 4454 4453)
4(4453 4454 4474 4473)
4(4473 4474 4494 4493)
4(4493 4494 4514 4513)
4(4513 4514 4534 4533)
4(4533 4534 4554 4553)
4(4553 4554 4574 4573)
4(4573 4574 4594 4593)
4(4593 4594 4614 4613)
4(4613 4614 4634 4633)
4(4633 4634 4654 4653)
4(4653 4654 4674 4673)
4(4673 4674 4694 4693)
4(4693 4694 4714 4713)
4(4713 4714 4734 4733)
4(4733 4734 4754 4753)
4(3954 3955 4375 4374)
4(4374 4375 4395 4394)
4(4394 4395 4415 4414)
4(4414 4415 4435 4434)
4(4434 4435 4455 4454)
4(4454 4455 4475 4474)
4(4474 4475 4495 4494)
4(4494 4495 4515 4514)
4(4514 4515 4535 4534)
4(4534 4535 4555 4554)
4(4554 4555 4575 4574)
4(4574 4575 4595 4594)
4(4594 4595 4615 4614)
4(4614 4615 4635 4634)
4(4634 4635 4655 4654)
4(4654 4655 4675 4674)
4(4674 4675 4695 4694)
4(4694 4695 4715 4714)
4(4714 4715 4735 4734)
4(4734 4735 4755 4754)
4(3955 3956 4376 4375)
4(4375 4376 4396 4395)
4(4395 4396 4416 4415)
4(4415 4416 4436 4435)
4(4435 4436 4456 4455)
4(4455 4456 4476 4475)
4(4475 4476 4496 4495)
4(4495 4496 4516 4515)
4(4515 4516 4536 4535)
4(4535 4536 4556 4555)
4(4555 4556 4576 4575)
4(4575 4576 4596 4595)
4(4595 4596 4616 4615)
4(4615 4616 4636 4635)
4(4635 4636 4656 4655)
4(4655 4656 4676 4675)
4(4675 4676 4696 4695)
4(4695 4696 4716 4715)
4(4715 4716 4736 4735)
4(4735 4736 4756 4755)
4(3956 3957 4377 4376)
4(4376 4377 4397 4396)
4(4396 4397 4417 4416)
4(4416 4417 4437 4436)
4(4436 4437 4457 4456)
4(4456 4457 4477 4476)
4(4476 4477 4497 4496)
4(4496 4497 4517 4516)
4(4516 4517 4537 4536)
4(4536 4537 4557 4556)
4(4556 4557 4577 4576)
4(4576 4577 4597 4596)
4(4596 4597 4617 4616)
4(4616 4617 4637 4636)
4(4636 4637 4657 4656)
4(4656 4657 4677 4676)
4(4676 4677 4697 4696)
4(4696 4697 4717 4716)
4(4716 4717 4737 4736)
4(4736 4737 4757 4756)
4(3957 3958 4378 4377)
4(4377 4378 4398 4397)
4(4397 4398 4418 4417)
4(4417 4418 4438 4437)
4(4437 4438 4458 4457)
4(4457 4458 4478 4477)
4(4477 4478 4498 4497)
4(4497 4498 4518 4517)
4(4517 4518 4538 4537)
4(4537 4538 4558 4557)
4(4557 4558 4578 4577)
4(4577 4578 4598 4597)
4(4597 4598 4618 4617)
4(4617 4618 4638 4637)
4(4637 4638 4658 4657)
4(4657 4658 4678 4677)
4(4677 4678 4698 4697)
4(4697 4698 4718 4717)
4(4717 4718 4738 4737)
4(4737 4738 4758 4757)
4(3958 3959 4379 4378)
4(4378 4379 4399 4398)
4(4398 4399 4419 4418)
4(4418 4419 4439 4438)
4(4438 4439 4459 4458)
4(4458 4459 4479 4478)
4(4478 4479 4499 4498)
4(4498 4499 4519 4518)
4(4518 4519 4539 4538)
4(4538 4539 4559 4558)
4(4558 4559 4579 4578)
4(4578 4579 4599 4598)
4(4598 4599 4619 4618)
4(4618 4619 4639 4638)
4(4638 4639 4659 4658)
4(4658 4659 4679 4678)
4(4678 4679 4699 4698)
4(4698 4699 4719 4718)
4(4718 4719 4739 4738)
4(4738 4739 4759 4758)
4(3959 3960 4380 4379)
4(4379 4380 4400 4399)
4(4399 4400 4420 4419)
4(4419 4420 4440 4439)
4(4439 4440 4460 4459)
4(4459 4460 4480 4479)
4(4479 4480 4500 4499)
4(4499 4500 4520 4519)
4(4519 4520 4540 4539)
4(4539 4540 4560 4559)
4(4559 4560 4580 4579)
4(4579 4580 4600 4599)
4(4599 4600 4620 4619)
4(4619 4620 4640 4639)
4(4639 4640 4660 4659)
4(4659 4660 4680 4679)
4(4679 4680 4700 4699)
4(4699 4700 4720 4719)
4(4719 4720 4740 4739)
4(4739 4740 4760 4759)
4(3960 3961 4381 4380)
4(4380 4381 4401 4400)
4(4400 4401 4421 4420)
4(4420 4421 4441 4440)
4(4440 4441 4461 4460)
4(4460 4461 4481 4480)
4(4480 4481 4501 4500)
4(4500 4501 4521 4520)
4(4520 4521 4541 4540)
4(4540 4541 4561 4560)
4(4560 4561 4581 4580)
4(4580 4581 4601 4600)
4(4600 4601 4621 4620)
4(4620 4621 4641 4640)
4(4640 4641 4661 4660)
4(4660 4661 4681 4680)
4(4680 4681 4701 4700)
4(4700 4701 4721 4720)
4(4720 4721 4741 4740)
4(4740 4741 4761 4760)
4(3961 3962 4382 4381)
4(4381 4382 4402 4401)
4(4401 4402 4422 4421)
4(4421 4422 4442 4441)
4(4441 4442 4462 4461)
4(4461 4462 4482 4481)
4(4481 4482 4502 4501)
4(4501 4502 4522 4521)
4(4521 4522 4542 4541)
4(4541 4542 4562 4561)
4(4561 4562 4582 4581)
4(4581 4582 4602 4601)
4(4601 4602 4622 4621)
4(4621 4622 4642 4641)
4(4641 4642 4662 4661)
4(4661 4662 4682 4681)
4(4681 4682 4702 4701)
4(4701 4702 4722 4721)
4(4721 4722 4742 4741)
4(4741 4742 4762 4761)
4(3962 3963 4383 4382)
4(4382 4383 4403 4402)
4(4402 4403 4423 4422)
4(4422 4423 4443 4442)
4(4442 4443 4463 4462)
4(4462 4463 4483 4482)
4(4482 4483 4503 4502)
4(4502 4503 4523 4522)
4(4522 4523 4543 4542)
4(4542 4543 4563 4562)
4(4562 4563 4583 4582)
4(4582 4583 4603 4602)
4(4602 4603 4623 4622)
4(4622 4623 4643 4642)
4(4642 4643 4663 4662)
4(4662 4663 4683 4682)
4(4682 4683 4703 4702)
4(4702 4703 4723 4722)
4(4722 4723 4743 4742)
4(4742 4743 4763 4762)
4(3963 3964 4384 4383)
4(4383 4384 4404 4403)
4(4403 4404 4424 4423)
4(4423 4424 4444 4443)
4(4443 4444 4464 4463)
4(4463 4464 4484 4483)
4(4483 4484 4504 4503)
4(4503 4504 4524 4523)
4(4523 4524 4544 4543)
4(4543 4544 4564 4563)
4(4563 4564 4584 4583)
4(4583 4584 4604 4603)
4(4603 4604 4624 4623)
4(4623 4624 4644 4643)
4(4643 4644 4664 4663)
4(4663 4664 4684 4683)
4(4683 4684 4704 4703)
4(4703 4704 4724 4723)
4(4723 4724 4744 4743)
4(4743 4744 4764 4763)
4(3964 3965 4385 4384)
4(4384 4385 4405 4404)
4(4404 4405 4425 4424)
4(4424 4425 4445 4444)
4(4444 4445 4465 4464)
4(4464 4465 4485 4484)
4(4484 4485 4505 4504)
4(4504 4505 4525 4524)
4(4524 4525 4545 4544)
4(4544 4545 4565 4564)
4(4564 4565 4585 4584)
4(4584 4585 4605 4604)
4(4604 4605 4625 4624)
4(4624 4625 4645 4644)
4(4644 4645 4665 4664)
4(4664 4665 4685 4684)
4(4684 4685 4705 4704)
4(4704 4705 4725 4724)
4(4724 4725 4745 4744)
4(4744 4745 4765 4764)
4(3965 3966 4386 4385)
4(4385 4386 4406 4405)
4(4405 4406 4426 4425)
4(4425 4426 4446 4445)
4(4445 4446 4466 4465)
4(4465 4466 4486 4485)
4(4485 4486 4506 4505)
4(4505 4506 4526 4525)
4(4525 4526 4546 4545)
4(4545 4546 4566 4565)
4(4565 4566 4586 4585)
4(4585 4586 4606 4605)
4(4605 4606 4626 4625)
4(4625 4626 4646 4645)
4(4645 4646 4666 4665)
4(4665 4666 4686 4685)
4(4685 4686 4706 4705)
4(4705 4706 4726 4725)
4(4725 4726 4746 4745)
4(4745 4746 4766 4765)
4(3966 3967 4387 4386)
4(4386 4387 4407 4406)
4(4406 4407 4427 4426)
4(4426 4427 4447 4446)
4(4446 4447 4467 4466)
4(4466 4467 4487 4486)
4(4486 4487 4507 4506)
4(4506 4507 4527 4526)
4(4526 4527 4547 4546)
4(4546 4547 4567 4566)
4(4566 4567 4587 4586)
4(4586 4587 4607 4606)
4(4606 4607 4627 4626)
4(4626 4627 4647 4646)
4(4646 4647 4667 4666)
4(4666 4667 4687 4686)
4(4686 4687 4707 4706)
4(4706 4707 4727 4726)
4(4726 4727 4747 4746)
4(4746 4747 4767 4766)
4(3967 3968 4388 4387)
4(4387 4388 4408 4407)
4(4407 4408 4428 4427)
4(4427 4428 4448 4447)
4(4447 4448 4468 4467)
4(4467 4468 4488 4487)
4(4487 4488 4508 4507)
4(4507 4508 4528 4527)
4(4527 4528 4548 4547)
4(4547 4548 4568 4567)
4(4567 4568 4588 4587)
4(4587 4588 4608 4607)
4(4607 4608 4628 4627)
4(4627 4628 4648 4647)
4(4647 4648 4668 4667)
4(4667 4668 4688 4687)
4(4687 4688 4708 4707)
4(4707 4708 4728 4727)
4(4727 4728 4748 4747)
4(4747 4748 4768 4767)
4(3968 3969 4389 4388)
4(4388 4389 4409 4408)
4(4408 4409 4429 4428)
4(4428 4429 4449 4448)
4(4448 4449 4469 4468)
4(4468 4469 4489 4488)
4(4488 4489 4509 4508)
4(4508 4509 4529 4528)
4(4528 4529 4549 4548)
4(4548 4549 4569 4568)
4(4568 4569 4589 4588)
4(4588 4589 4609 4608)
4(4608 4609 4629 4628)
4(4628 4629 4649 4648)
4(4648 4649 4669 4668)
4(4668 4669 4689 4688)
4(4688 4689 4709 4708)
4(4708 4709 4729 4728)
4(4728 4729 4749 4748)
4(4748 4749 4769 4768)
4(3969 3970 4390 4389)
4(4389 4390 4410 4409)
4(4409 4410 4430 4429)
4(4429 4430 4450 4449)
4(4449 4450 4470 4469)
4(4469 4470 4490 4489)
4(4489 4490 4510 4509)
4(4509 4510 4530 4529)
4(4529 4530 4550 4549)
4(4549 4550 4570 4569)
4(4569 4570 4590 4589)
4(4589 4590 4610 4609)
4(4609 4610 4630 4629)
4(4629 4630 4650 4649)
4(4649 4650 4670 4669)
4(4669 4670 4690 4689)
4(4689 4690 4710 4709)
4(4709 4710 4730 4729)
4(4729 4730 4750 4749)
4(4749 4750 4770 4769)
4(3970 3971 4391 4390)
4(4390 4391 4411 4410)
4(4410 4411 4431 4430)
4(4430 4431 4451 4450)
4(4450 4451 4471 4470)
4(4470 4471 4491 4490)
4(4490 4491 4511 4510)
4(4510 4511 4531 4530)
4(4530 4531 4551 4550)
4(4550 4551 4571 4570)
4(4570 4571 4591 4590)
4(4590 4591 4611 4610)
4(4610 4611 4631 4630)
4(4630 4631 4651 4650)
4(4650 4651 4671 4670)
4(4670 4671 4691 4690)
4(4690 4691 4711 4710)
4(4710 4711 4731 4730)
4(4730 4731 4751 4750)
4(4750 4751 4771 4770)
4(0 1 7 6)
4(1 2 8 7)
4(2 3 9 8)
4(3 4 10 9)
4(5 12 16 11)
4(12 13 17 16)
4(13 14 18 17)
4(14 15 19 18)
4(20 22 26 21)
4(22 23 27 26)
4(23 24 28 27)
4(24 25 29 28)
4(30 35 36 31)
4(31 36 37 32)
4(32 37 38 33)
4(33 38 39 34)
4(4 40 75 10)
4(5 11 76 41)
4(40 42 77 75)
4(41 76 78 43)
4(42 44 79 77)
4(43 78 80 45)
4(44 46 81 79)
4(45 80 82 47)
4(46 48 83 81)
4(47 82 84 49)
4(48 50 85 83)
4(49 84 86 51)
4(50 52 87 85)
4(51 86 88 53)
4(52 54 89 87)
4(53 88 90 55)
4(54 56 91 89)
4(55 90 92 57)
4(56 58 93 91)
4(57 92 94 59)
4(58 60 95 93)
4(59 94 96 61)
4(60 62 97 95)
4(61 96 98 63)
4(62 64 99 97)
4(63 98 100 65)
4(64 66 101 99)
4(65 100 102 67)
4(66 68 103 101)
4(67 102 104 69)
4(70 71 106 105)
4(68 70 105 103)
4(71 72 107 106)
4(72 73 108 107)
4(69 104 109 74)
4(73 74 109 108)
4(15 113 177 19)
4(113 117 181 177)
4(117 121 185 181)
4(121 125 189 185)
4(125 129 193 189)
4(129 133 197 193)
4(133 137 201 197)
4(137 141 205 201)
4(141 145 209 205)
4(145 149 213 209)
4(149 153 217 213)
4(153 157 221 217)
4(157 161 225 221)
4(161 165 229 225)
4(165 169 233 229)
4(169 173 237 233)
4(173 238 241 237)
4(238 239 242 241)
4(239 240 243 242)
4(240 244 247 243)
4(244 245 248 247)
4(245 246 249 248)
4(20 21 268 250)
4(250 268 269 251)
4(251 269 270 252)
4(252 270 271 253)
4(253 271 272 254)
4(254 272 273 255)
4(255 273 274 256)
4(256 274 275 257)
4(257 275 276 258)
4(258 276 277 259)
4(259 277 278 260)
4(260 278 279 261)
4(261 279 280 262)
4(262 280 281 263)
4(263 281 282 264)
4(246 265 283 249)
4(265 266 284 283)
4(264 282 285 267)
4(266 267 285 284)
4(25 289 353 29)
4(289 293 357 353)
4(293 297 361 357)
4(297 301 365 361)
4(301 305 369 365)
4(305 309 373 369)
4(309 313 377 373)
4(313 317 381 377)
4(317 321 385 381)
4(321 325 389 385)
4(325 329 393 389)
4(329 333 397 393)
4(333 337 401 397)
4(337 341 405 401)
4(341 345 409 405)
4(345 349 413 409)
4(34 39 433 414)
4(414 433 434 415)
4(415 434 435 416)
4(416 435 436 417)
4(417 436 437 418)
4(418 437 438 419)
4(419 438 439 420)
4(420 439 440 421)
4(421 440 441 422)
4(422 441 442 423)
4(423 442 443 424)
4(424 443 444 425)
4(425 444 445 426)
4(426 445 446 427)
4(427 446 447 428)
4(349 429 448 413)
4(429 430 449 448)
4(430 431 450 449)
4(431 432 451 450)
4(428 447 451 432)
)


// ************************************************************************* //
