/*--------------------------------*- C++ -*----------------------------------*\
| =========                 |                                                 |
| \\      /  F ield         | OpenFOAM: The Open Source CFD Toolbox           |
|  \\    /   O peration     | Version:                                        |
|   \\  /    A nd           | Website:  www.openfoam.com                      |
|    \\/     M anipulation  |                                                 |
\*---------------------------------------------------------------------------*/
FoamFile
{
    version     2.0;
    format      ascii;
    class       labelList;
    note        "nPoints:13248  nCells:11370  nFaces:35903  nInternalFaces:32317";
    location    "constant/polyMesh";
    object      neighbour;
}
// * * * * * * * * * * * * * * * * * * * * * * * * * * * * * * * * * * * * * //


32317
(
1
10
465
8460
2
11
466
8461
3
12
467
8462
4
13
468
8463
5
14
469
8464
6
15
470
8465
7
16
471
8466
8
17
472
8467
9
18
473
8468
19
150
474
8469
11
20
535
8560
12
21
536
8561
13
22
537
8562
14
23
538
8563
15
24
539
8564
16
25
540
8565
17
26
541
8566
18
27
542
8567
19
28
543
8568
29
151
544
8569
21
30
605
8660
22
31
606
8661
23
32
607
8662
24
33
608
8663
25
34
609
8664
26
35
610
8665
27
36
611
8666
28
37
612
8667
29
38
613
8668
39
152
614
8669
31
40
675
8760
32
41
676
8761
33
42
677
8762
34
43
678
8763
35
44
679
8764
36
45
680
8765
37
46
681
8766
38
47
682
8767
39
48
683
8768
49
153
684
8769
41
50
745
8860
42
51
746
8861
43
52
747
8862
44
53
748
8863
45
54
749
8864
46
55
750
8865
47
56
751
8866
48
57
752
8867
49
58
753
8868
59
154
754
8869
51
60
815
8960
52
61
816
8961
53
62
817
8962
54
63
818
8963
55
64
819
8964
56
65
820
8965
57
66
821
8966
58
67
822
8967
59
68
823
8968
69
155
824
8969
61
70
885
9060
62
71
886
9061
63
72
887
9062
64
73
888
9063
65
74
889
9064
66
75
890
9065
67
76
891
9066
68
77
892
9067
69
78
893
9068
79
156
894
9069
71
80
955
9160
72
81
956
9161
73
82
957
9162
74
83
958
9163
75
84
959
9164
76
85
960
9165
77
86
961
9166
78
87
962
9167
79
88
963
9168
89
157
964
9169
81
90
1025
9260
82
91
1026
9261
83
92
1027
9262
84
93
1028
9263
85
94
1029
9264
86
95
1030
9265
87
96
1031
9266
88
97
1032
9267
89
98
1033
9268
99
158
1034
9269
91
100
1095
9360
92
101
1096
9361
93
102
1097
9362
94
103
1098
9363
95
104
1099
9364
96
105
1100
9365
97
106
1101
9366
98
107
1102
9367
99
108
1103
9368
109
159
1104
9369
101
110
1165
9460
102
111
1166
9461
103
112
1167
9462
104
113
1168
9463
105
114
1169
9464
106
115
1170
9465
107
116
1171
9466
108
117
1172
9467
109
118
1173
9468
119
160
1174
9469
111
120
1235
9560
112
121
1236
9561
113
122
1237
9562
114
123
1238
9563
115
124
1239
9564
116
125
1240
9565
117
126
1241
9566
118
127
1242
9567
119
128
1243
9568
129
161
1244
9569
121
130
1305
9660
122
131
1306
9661
123
132
1307
9662
124
133
1308
9663
125
134
1309
9664
126
135
1310
9665
127
136
1311
9666
128
137
1312
9667
129
138
1313
9668
139
162
1314
9669
131
140
1375
9760
132
141
1376
9761
133
142
1377
9762
134
143
1378
9763
135
144
1379
9764
136
145
1380
9765
137
146
1381
9766
138
147
1382
9767
139
148
1383
9768
149
163
1384
9769
141
1445
9860
142
1446
9861
143
1447
9862
144
1448
9863
145
1449
9864
146
1450
9865
147
1451
9866
148
1452
9867
149
1453
9868
164
1454
9869
151
165
1515
152
169
1522
153
173
1529
154
177
1536
155
181
1543
156
185
1550
157
189
1557
158
193
1564
159
197
1571
160
201
1578
161
205
1585
162
209
1592
163
213
1599
164
217
1606
221
1613
166
169
1620
167
170
1621
168
171
1622
172
225
1623
170
173
1648
171
174
1649
172
175
1650
176
226
1651
174
177
1676
175
178
1677
176
179
1678
180
227
1679
178
181
1704
179
182
1705
180
183
1706
184
228
1707
182
185
1732
183
186
1733
184
187
1734
188
229
1735
186
189
1760
187
190
1761
188
191
1762
192
230
1763
190
193
1788
191
194
1789
192
195
1790
196
231
1791
194
197
1816
195
198
1817
196
199
1818
200
232
1819
198
201
1844
199
202
1845
200
203
1846
204
233
1847
202
205
1872
203
206
1873
204
207
1874
208
234
1875
206
209
1900
207
210
1901
208
211
1902
212
235
1903
210
213
1928
211
214
1929
212
215
1930
216
236
1931
214
217
1956
215
218
1957
216
219
1958
220
237
1959
218
221
1984
219
222
1985
220
223
1986
224
238
1987
222
2012
223
2013
224
2014
239
2015
226
240
2040
227
244
2047
228
248
2054
229
252
2061
230
256
2068
231
260
2075
232
264
2082
233
268
2089
234
272
2096
235
276
2103
236
280
2110
237
284
2117
238
288
2124
239
292
2131
296
2138
241
244
2145
242
245
2146
243
246
2147
247
300
2148
245
248
2173
246
249
2174
247
250
2175
251
301
2176
249
252
2201
250
253
2202
251
254
2203
255
302
2204
253
256
2229
254
257
2230
255
258
2231
259
303
2232
257
260
2257
258
261
2258
259
262
2259
263
304
2260
261
264
2285
262
265
2286
263
266
2287
267
305
2288
265
268
2313
266
269
2314
267
270
2315
271
306
2316
269
272
2341
270
273
2342
271
274
2343
275
307
2344
273
276
2369
274
277
2370
275
278
2371
279
308
2372
277
280
2397
278
281
2398
279
282
2399
283
309
2400
281
284
2425
282
285
2426
283
286
2427
287
310
2428
285
288
2453
286
289
2454
287
290
2455
291
311
2456
289
292
2481
290
293
2482
291
294
2483
295
312
2484
293
296
2509
294
297
2510
295
298
2511
299
313
2512
297
2537
298
2538
299
2539
314
2540
301
315
2565
302
325
2572
303
335
2579
304
345
2586
305
355
2593
306
365
2600
307
375
2607
308
385
2614
309
395
2621
310
405
2628
311
415
2635
312
425
2642
313
435
2649
314
445
2656
455
2663
316
325
2670
9960
317
326
2671
9961
318
327
2672
9962
319
328
2673
9963
320
329
2674
9964
321
330
2675
9965
322
331
2676
9966
323
332
2677
9967
324
333
2678
9968
334
2679
9969
326
335
2740
10060
327
336
2741
10061
328
337
2742
10062
329
338
2743
10063
330
339
2744
10064
331
340
2745
10065
332
341
2746
10066
333
342
2747
10067
334
343
2748
10068
344
2749
10069
336
345
2810
10160
337
346
2811
10161
338
347
2812
10162
339
348
2813
10163
340
349
2814
10164
341
350
2815
10165
342
351
2816
10166
343
352
2817
10167
344
353
2818
10168
354
2819
10169
346
355
2880
10260
347
356
2881
10261
348
357
2882
10262
349
358
2883
10263
350
359
2884
10264
351
360
2885
10265
352
361
2886
10266
353
362
2887
10267
354
363
2888
10268
364
2889
10269
356
365
2950
10360
357
366
2951
10361
358
367
2952
10362
359
368
2953
10363
360
369
2954
10364
361
370
2955
10365
362
371
2956
10366
363
372
2957
10367
364
373
2958
10368
374
2959
10369
366
375
3020
10460
367
376
3021
10461
368
377
3022
10462
369
378
3023
10463
370
379
3024
10464
371
380
3025
10465
372
381
3026
10466
373
382
3027
10467
374
383
3028
10468
384
3029
10469
376
385
3090
10560
377
386
3091
10561
378
387
3092
10562
379
388
3093
10563
380
389
3094
10564
381
390
3095
10565
382
391
3096
10566
383
392
3097
10567
384
393
3098
10568
394
3099
10569
386
395
3160
10660
387
396
3161
10661
388
397
3162
10662
389
398
3163
10663
390
399
3164
10664
391
400
3165
10665
392
401
3166
10666
393
402
3167
10667
394
403
3168
10668
404
3169
10669
396
405
3230
10760
397
406
3231
10761
398
407
3232
10762
399
408
3233
10763
400
409
3234
10764
401
410
3235
10765
402
411
3236
10766
403
412
3237
10767
404
413
3238
10768
414
3239
10769
406
415
3300
10860
407
416
3301
10861
408
417
3302
10862
409
418
3303
10863
410
419
3304
10864
411
420
3305
10865
412
421
3306
10866
413
422
3307
10867
414
423
3308
10868
424
3309
10869
416
425
3370
10960
417
426
3371
10961
418
427
3372
10962
419
428
3373
10963
420
429
3374
10964
421
430
3375
10965
422
431
3376
10966
423
432
3377
10967
424
433
3378
10968
434
3379
10969
426
435
3440
11060
427
436
3441
11061
428
437
3442
11062
429
438
3443
11063
430
439
3444
11064
431
440
3445
11065
432
441
3446
11066
433
442
3447
11067
434
443
3448
11068
444
3449
11069
436
445
3510
11160
437
446
3511
11161
438
447
3512
11162
439
448
3513
11163
440
449
3514
11164
441
450
3515
11165
442
451
3516
11166
443
452
3517
11167
444
453
3518
11168
454
3519
11169
446
455
3580
11260
447
456
3581
11261
448
457
3582
11262
449
458
3583
11263
450
459
3584
11264
451
460
3585
11265
452
461
3586
11266
453
462
3587
11267
454
463
3588
11268
464
3589
11269
456
3650
11360
457
3651
11361
458
3652
11362
459
3653
11363
460
3654
11364
461
3655
11365
462
3656
11366
463
3657
11367
464
3658
11368
3659
11369
466
475
535
467
476
536
468
477
537
469
478
538
470
479
539
471
480
540
472
481
541
473
482
542
474
483
543
484
544
1515
476
485
545
477
486
546
478
487
547
479
488
548
480
489
549
481
490
550
482
491
551
483
492
552
484
493
553
494
554
1516
486
495
555
487
496
556
488
497
557
489
498
558
490
499
559
491
500
560
492
501
561
493
502
562
494
503
563
504
564
1517
496
505
565
497
506
566
498
507
567
499
508
568
500
509
569
501
510
570
502
511
571
503
512
572
504
513
573
514
574
1518
506
515
575
507
516
576
508
517
577
509
518
578
510
519
579
511
520
580
512
521
581
513
522
582
514
523
583
524
584
1519
516
525
585
517
526
586
518
527
587
519
528
588
520
529
589
521
530
590
522
531
591
523
532
592
524
533
593
534
594
1520
526
595
3720
527
596
3721
528
597
3722
529
598
3723
530
599
3724
531
600
3725
532
601
3726
533
602
3727
534
603
3728
604
1521
3729
536
545
605
537
546
606
538
547
607
539
548
608
540
549
609
541
550
610
542
551
611
543
552
612
544
553
613
554
614
1522
546
555
615
547
556
616
548
557
617
549
558
618
550
559
619
551
560
620
552
561
621
553
562
622
554
563
623
564
624
1523
556
565
625
557
566
626
558
567
627
559
568
628
560
569
629
561
570
630
562
571
631
563
572
632
564
573
633
574
634
1524
566
575
635
567
576
636
568
577
637
569
578
638
570
579
639
571
580
640
572
581
641
573
582
642
574
583
643
584
644
1525
576
585
645
577
586
646
578
587
647
579
588
648
580
589
649
581
590
650
582
591
651
583
592
652
584
593
653
594
654
1526
586
595
655
587
596
656
588
597
657
589
598
658
590
599
659
591
600
660
592
601
661
593
602
662
594
603
663
604
664
1527
596
665
3820
597
666
3821
598
667
3822
599
668
3823
600
669
3824
601
670
3825
602
671
3826
603
672
3827
604
673
3828
674
1528
3829
606
615
675
607
616
676
608
617
677
609
618
678
610
619
679
611
620
680
612
621
681
613
622
682
614
623
683
624
684
1529
616
625
685
617
626
686
618
627
687
619
628
688
620
629
689
621
630
690
622
631
691
623
632
692
624
633
693
634
694
1530
626
635
695
627
636
696
628
637
697
629
638
698
630
639
699
631
640
700
632
641
701
633
642
702
634
643
703
644
704
1531
636
645
705
637
646
706
638
647
707
639
648
708
640
649
709
641
650
710
642
651
711
643
652
712
644
653
713
654
714
1532
646
655
715
647
656
716
648
657
717
649
658
718
650
659
719
651
660
720
652
661
721
653
662
722
654
663
723
664
724
1533
656
665
725
657
666
726
658
667
727
659
668
728
660
669
729
661
670
730
662
671
731
663
672
732
664
673
733
674
734
1534
666
735
3920
667
736
3921
668
737
3922
669
738
3923
670
739
3924
671
740
3925
672
741
3926
673
742
3927
674
743
3928
744
1535
3929
676
685
745
677
686
746
678
687
747
679
688
748
680
689
749
681
690
750
682
691
751
683
692
752
684
693
753
694
754
1536
686
695
755
687
696
756
688
697
757
689
698
758
690
699
759
691
700
760
692
701
761
693
702
762
694
703
763
704
764
1537
696
705
765
697
706
766
698
707
767
699
708
768
700
709
769
701
710
770
702
711
771
703
712
772
704
713
773
714
774
1538
706
715
775
707
716
776
708
717
777
709
718
778
710
719
779
711
720
780
712
721
781
713
722
782
714
723
783
724
784
1539
716
725
785
717
726
786
718
727
787
719
728
788
720
729
789
721
730
790
722
731
791
723
732
792
724
733
793
734
794
1540
726
735
795
727
736
796
728
737
797
729
738
798
730
739
799
731
740
800
732
741
801
733
742
802
734
743
803
744
804
1541
736
805
4020
737
806
4021
738
807
4022
739
808
4023
740
809
4024
741
810
4025
742
811
4026
743
812
4027
744
813
4028
814
1542
4029
746
755
815
747
756
816
748
757
817
749
758
818
750
759
819
751
760
820
752
761
821
753
762
822
754
763
823
764
824
1543
756
765
825
757
766
826
758
767
827
759
768
828
760
769
829
761
770
830
762
771
831
763
772
832
764
773
833
774
834
1544
766
775
835
767
776
836
768
777
837
769
778
838
770
779
839
771
780
840
772
781
841
773
782
842
774
783
843
784
844
1545
776
785
845
777
786
846
778
787
847
779
788
848
780
789
849
781
790
850
782
791
851
783
792
852
784
793
853
794
854
1546
786
795
855
787
796
856
788
797
857
789
798
858
790
799
859
791
800
860
792
801
861
793
802
862
794
803
863
804
864
1547
796
805
865
797
806
866
798
807
867
799
808
868
800
809
869
801
810
870
802
811
871
803
812
872
804
813
873
814
874
1548
806
875
4120
807
876
4121
808
877
4122
809
878
4123
810
879
4124
811
880
4125
812
881
4126
813
882
4127
814
883
4128
884
1549
4129
816
825
885
817
826
886
818
827
887
819
828
888
820
829
889
821
830
890
822
831
891
823
832
892
824
833
893
834
894
1550
826
835
895
827
836
896
828
837
897
829
838
898
830
839
899
831
840
900
832
841
901
833
842
902
834
843
903
844
904
1551
836
845
905
837
846
906
838
847
907
839
848
908
840
849
909
841
850
910
842
851
911
843
852
912
844
853
913
854
914
1552
846
855
915
847
856
916
848
857
917
849
858
918
850
859
919
851
860
920
852
861
921
853
862
922
854
863
923
864
924
1553
856
865
925
857
866
926
858
867
927
859
868
928
860
869
929
861
870
930
862
871
931
863
872
932
864
873
933
874
934
1554
866
875
935
867
876
936
868
877
937
869
878
938
870
879
939
871
880
940
872
881
941
873
882
942
874
883
943
884
944
1555
876
945
4220
877
946
4221
878
947
4222
879
948
4223
880
949
4224
881
950
4225
882
951
4226
883
952
4227
884
953
4228
954
1556
4229
886
895
955
887
896
956
888
897
957
889
898
958
890
899
959
891
900
960
892
901
961
893
902
962
894
903
963
904
964
1557
896
905
965
897
906
966
898
907
967
899
908
968
900
909
969
901
910
970
902
911
971
903
912
972
904
913
973
914
974
1558
906
915
975
907
916
976
908
917
977
909
918
978
910
919
979
911
920
980
912
921
981
913
922
982
914
923
983
924
984
1559
916
925
985
917
926
986
918
927
987
919
928
988
920
929
989
921
930
990
922
931
991
923
932
992
924
933
993
934
994
1560
926
935
995
927
936
996
928
937
997
929
938
998
930
939
999
931
940
1000
932
941
1001
933
942
1002
934
943
1003
944
1004
1561
936
945
1005
937
946
1006
938
947
1007
939
948
1008
940
949
1009
941
950
1010
942
951
1011
943
952
1012
944
953
1013
954
1014
1562
946
1015
4320
947
1016
4321
948
1017
4322
949
1018
4323
950
1019
4324
951
1020
4325
952
1021
4326
953
1022
4327
954
1023
4328
1024
1563
4329
956
965
1025
957
966
1026
958
967
1027
959
968
1028
960
969
1029
961
970
1030
962
971
1031
963
972
1032
964
973
1033
974
1034
1564
966
975
1035
967
976
1036
968
977
1037
969
978
1038
970
979
1039
971
980
1040
972
981
1041
973
982
1042
974
983
1043
984
1044
1565
976
985
1045
977
986
1046
978
987
1047
979
988
1048
980
989
1049
981
990
1050
982
991
1051
983
992
1052
984
993
1053
994
1054
1566
986
995
1055
987
996
1056
988
997
1057
989
998
1058
990
999
1059
991
1000
1060
992
1001
1061
993
1002
1062
994
1003
1063
1004
1064
1567
996
1005
1065
997
1006
1066
998
1007
1067
999
1008
1068
1000
1009
1069
1001
1010
1070
1002
1011
1071
1003
1012
1072
1004
1013
1073
1014
1074
1568
1006
1015
1075
1007
1016
1076
1008
1017
1077
1009
1018
1078
1010
1019
1079
1011
1020
1080
1012
1021
1081
1013
1022
1082
1014
1023
1083
1024
1084
1569
1016
1085
4420
1017
1086
4421
1018
1087
4422
1019
1088
4423
1020
1089
4424
1021
1090
4425
1022
1091
4426
1023
1092
4427
1024
1093
4428
1094
1570
4429
1026
1035
1095
1027
1036
1096
1028
1037
1097
1029
1038
1098
1030
1039
1099
1031
1040
1100
1032
1041
1101
1033
1042
1102
1034
1043
1103
1044
1104
1571
1036
1045
1105
1037
1046
1106
1038
1047
1107
1039
1048
1108
1040
1049
1109
1041
1050
1110
1042
1051
1111
1043
1052
1112
1044
1053
1113
1054
1114
1572
1046
1055
1115
1047
1056
1116
1048
1057
1117
1049
1058
1118
1050
1059
1119
1051
1060
1120
1052
1061
1121
1053
1062
1122
1054
1063
1123
1064
1124
1573
1056
1065
1125
1057
1066
1126
1058
1067
1127
1059
1068
1128
1060
1069
1129
1061
1070
1130
1062
1071
1131
1063
1072
1132
1064
1073
1133
1074
1134
1574
1066
1075
1135
1067
1076
1136
1068
1077
1137
1069
1078
1138
1070
1079
1139
1071
1080
1140
1072
1081
1141
1073
1082
1142
1074
1083
1143
1084
1144
1575
1076
1085
1145
1077
1086
1146
1078
1087
1147
1079
1088
1148
1080
1089
1149
1081
1090
1150
1082
1091
1151
1083
1092
1152
1084
1093
1153
1094
1154
1576
1086
1155
4520
1087
1156
4521
1088
1157
4522
1089
1158
4523
1090
1159
4524
1091
1160
4525
1092
1161
4526
1093
1162
4527
1094
1163
4528
1164
1577
4529
1096
1105
1165
1097
1106
1166
1098
1107
1167
1099
1108
1168
1100
1109
1169
1101
1110
1170
1102
1111
1171
1103
1112
1172
1104
1113
1173
1114
1174
1578
1106
1115
1175
1107
1116
1176
1108
1117
1177
1109
1118
1178
1110
1119
1179
1111
1120
1180
1112
1121
1181
1113
1122
1182
1114
1123
1183
1124
1184
1579
1116
1125
1185
1117
1126
1186
1118
1127
1187
1119
1128
1188
1120
1129
1189
1121
1130
1190
1122
1131
1191
1123
1132
1192
1124
1133
1193
1134
1194
1580
1126
1135
1195
1127
1136
1196
1128
1137
1197
1129
1138
1198
1130
1139
1199
1131
1140
1200
1132
1141
1201
1133
1142
1202
1134
1143
1203
1144
1204
1581
1136
1145
1205
1137
1146
1206
1138
1147
1207
1139
1148
1208
1140
1149
1209
1141
1150
1210
1142
1151
1211
1143
1152
1212
1144
1153
1213
1154
1214
1582
1146
1155
1215
1147
1156
1216
1148
1157
1217
1149
1158
1218
1150
1159
1219
1151
1160
1220
1152
1161
1221
1153
1162
1222
1154
1163
1223
1164
1224
1583
1156
1225
4620
1157
1226
4621
1158
1227
4622
1159
1228
4623
1160
1229
4624
1161
1230
4625
1162
1231
4626
1163
1232
4627
1164
1233
4628
1234
1584
4629
1166
1175
1235
1167
1176
1236
1168
1177
1237
1169
1178
1238
1170
1179
1239
1171
1180
1240
1172
1181
1241
1173
1182
1242
1174
1183
1243
1184
1244
1585
1176
1185
1245
1177
1186
1246
1178
1187
1247
1179
1188
1248
1180
1189
1249
1181
1190
1250
1182
1191
1251
1183
1192
1252
1184
1193
1253
1194
1254
1586
1186
1195
1255
1187
1196
1256
1188
1197
1257
1189
1198
1258
1190
1199
1259
1191
1200
1260
1192
1201
1261
1193
1202
1262
1194
1203
1263
1204
1264
1587
1196
1205
1265
1197
1206
1266
1198
1207
1267
1199
1208
1268
1200
1209
1269
1201
1210
1270
1202
1211
1271
1203
1212
1272
1204
1213
1273
1214
1274
1588
1206
1215
1275
1207
1216
1276
1208
1217
1277
1209
1218
1278
1210
1219
1279
1211
1220
1280
1212
1221
1281
1213
1222
1282
1214
1223
1283
1224
1284
1589
1216
1225
1285
1217
1226
1286
1218
1227
1287
1219
1228
1288
1220
1229
1289
1221
1230
1290
1222
1231
1291
1223
1232
1292
1224
1233
1293
1234
1294
1590
1226
1295
4720
1227
1296
4721
1228
1297
4722
1229
1298
4723
1230
1299
4724
1231
1300
4725
1232
1301
4726
1233
1302
4727
1234
1303
4728
1304
1591
4729
1236
1245
1305
1237
1246
1306
1238
1247
1307
1239
1248
1308
1240
1249
1309
1241
1250
1310
1242
1251
1311
1243
1252
1312
1244
1253
1313
1254
1314
1592
1246
1255
1315
1247
1256
1316
1248
1257
1317
1249
1258
1318
1250
1259
1319
1251
1260
1320
1252
1261
1321
1253
1262
1322
1254
1263
1323
1264
1324
1593
1256
1265
1325
1257
1266
1326
1258
1267
1327
1259
1268
1328
1260
1269
1329
1261
1270
1330
1262
1271
1331
1263
1272
1332
1264
1273
1333
1274
1334
1594
1266
1275
1335
1267
1276
1336
1268
1277
1337
1269
1278
1338
1270
1279
1339
1271
1280
1340
1272
1281
1341
1273
1282
1342
1274
1283
1343
1284
1344
1595
1276
1285
1345
1277
1286
1346
1278
1287
1347
1279
1288
1348
1280
1289
1349
1281
1290
1350
1282
1291
1351
1283
1292
1352
1284
1293
1353
1294
1354
1596
1286
1295
1355
1287
1296
1356
1288
1297
1357
1289
1298
1358
1290
1299
1359
1291
1300
1360
1292
1301
1361
1293
1302
1362
1294
1303
1363
1304
1364
1597
1296
1365
4820
1297
1366
4821
1298
1367
4822
1299
1368
4823
1300
1369
4824
1301
1370
4825
1302
1371
4826
1303
1372
4827
1304
1373
4828
1374
1598
4829
1306
1315
1375
1307
1316
1376
1308
1317
1377
1309
1318
1378
1310
1319
1379
1311
1320
1380
1312
1321
1381
1313
1322
1382
1314
1323
1383
1324
1384
1599
1316
1325
1385
1317
1326
1386
1318
1327
1387
1319
1328
1388
1320
1329
1389
1321
1330
1390
1322
1331
1391
1323
1332
1392
1324
1333
1393
1334
1394
1600
1326
1335
1395
1327
1336
1396
1328
1337
1397
1329
1338
1398
1330
1339
1399
1331
1340
1400
1332
1341
1401
1333
1342
1402
1334
1343
1403
1344
1404
1601
1336
1345
1405
1337
1346
1406
1338
1347
1407
1339
1348
1408
1340
1349
1409
1341
1350
1410
1342
1351
1411
1343
1352
1412
1344
1353
1413
1354
1414
1602
1346
1355
1415
1347
1356
1416
1348
1357
1417
1349
1358
1418
1350
1359
1419
1351
1360
1420
1352
1361
1421
1353
1362
1422
1354
1363
1423
1364
1424
1603
1356
1365
1425
1357
1366
1426
1358
1367
1427
1359
1368
1428
1360
1369
1429
1361
1370
1430
1362
1371
1431
1363
1372
1432
1364
1373
1433
1374
1434
1604
1366
1435
4920
1367
1436
4921
1368
1437
4922
1369
1438
4923
1370
1439
4924
1371
1440
4925
1372
1441
4926
1373
1442
4927
1374
1443
4928
1444
1605
4929
1376
1385
1445
1377
1386
1446
1378
1387
1447
1379
1388
1448
1380
1389
1449
1381
1390
1450
1382
1391
1451
1383
1392
1452
1384
1393
1453
1394
1454
1606
1386
1395
1455
1387
1396
1456
1388
1397
1457
1389
1398
1458
1390
1399
1459
1391
1400
1460
1392
1401
1461
1393
1402
1462
1394
1403
1463
1404
1464
1607
1396
1405
1465
1397
1406
1466
1398
1407
1467
1399
1408
1468
1400
1409
1469
1401
1410
1470
1402
1411
1471
1403
1412
1472
1404
1413
1473
1414
1474
1608
1406
1415
1475
1407
1416
1476
1408
1417
1477
1409
1418
1478
1410
1419
1479
1411
1420
1480
1412
1421
1481
1413
1422
1482
1414
1423
1483
1424
1484
1609
1416
1425
1485
1417
1426
1486
1418
1427
1487
1419
1428
1488
1420
1429
1489
1421
1430
1490
1422
1431
1491
1423
1432
1492
1424
1433
1493
1434
1494
1610
1426
1435
1495
1427
1436
1496
1428
1437
1497
1429
1438
1498
1430
1439
1499
1431
1440
1500
1432
1441
1501
1433
1442
1502
1434
1443
1503
1444
1504
1611
1436
1505
5020
1437
1506
5021
1438
1507
5022
1439
1508
5023
1440
1509
5024
1441
1510
5025
1442
1511
5026
1443
1512
5027
1444
1513
5028
1514
1612
5029
1446
1455
1447
1456
1448
1457
1449
1458
1450
1459
1451
1460
1452
1461
1453
1462
1454
1463
1464
1613
1456
1465
1457
1466
1458
1467
1459
1468
1460
1469
1461
1470
1462
1471
1463
1472
1464
1473
1474
1614
1466
1475
1467
1476
1468
1477
1469
1478
1470
1479
1471
1480
1472
1481
1473
1482
1474
1483
1484
1615
1476
1485
1477
1486
1478
1487
1479
1488
1480
1489
1481
1490
1482
1491
1483
1492
1484
1493
1494
1616
1486
1495
1487
1496
1488
1497
1489
1498
1490
1499
1491
1500
1492
1501
1493
1502
1494
1503
1504
1617
1496
1505
1497
1506
1498
1507
1499
1508
1500
1509
1501
1510
1502
1511
1503
1512
1504
1513
1514
1618
1506
5120
1507
5121
1508
5122
1509
5123
1510
5124
1511
5125
1512
5126
1513
5127
1514
5128
1619
5129
1516
1522
1620
1517
1523
1624
1518
1524
1628
1519
1525
1632
1520
1526
1636
1521
1527
1640
1528
1644
5220
1523
1529
1648
1524
1530
1652
1525
1531
1656
1526
1532
1660
1527
1533
1664
1528
1534
1668
1535
1672
5230
1530
1536
1676
1531
1537
1680
1532
1538
1684
1533
1539
1688
1534
1540
1692
1535
1541
1696
1542
1700
5240
1537
1543
1704
1538
1544
1708
1539
1545
1712
1540
1546
1716
1541
1547
1720
1542
1548
1724
1549
1728
5250
1544
1550
1732
1545
1551
1736
1546
1552
1740
1547
1553
1744
1548
1554
1748
1549
1555
1752
1556
1756
5260
1551
1557
1760
1552
1558
1764
1553
1559
1768
1554
1560
1772
1555
1561
1776
1556
1562
1780
1563
1784
5270
1558
1564
1788
1559
1565
1792
1560
1566
1796
1561
1567
1800
1562
1568
1804
1563
1569
1808
1570
1812
5280
1565
1571
1816
1566
1572
1820
1567
1573
1824
1568
1574
1828
1569
1575
1832
1570
1576
1836
1577
1840
5290
1572
1578
1844
1573
1579
1848
1574
1580
1852
1575
1581
1856
1576
1582
1860
1577
1583
1864
1584
1868
5300
1579
1585
1872
1580
1586
1876
1581
1587
1880
1582
1588
1884
1583
1589
1888
1584
1590
1892
1591
1896
5310
1586
1592
1900
1587
1593
1904
1588
1594
1908
1589
1595
1912
1590
1596
1916
1591
1597
1920
1598
1924
5320
1593
1599
1928
1594
1600
1932
1595
1601
1936
1596
1602
1940
1597
1603
1944
1598
1604
1948
1605
1952
5330
1600
1606
1956
1601
1607
1960
1602
1608
1964
1603
1609
1968
1604
1610
1972
1605
1611
1976
1612
1980
5340
1607
1613
1984
1608
1614
1988
1609
1615
1992
1610
1616
1996
1611
1617
2000
1612
1618
2004
1619
2008
5350
1614
2012
1615
2016
1616
2020
1617
2024
1618
2028
1619
2032
2036
5360
1621
1624
1648
1622
1625
1649
1623
1626
1650
1627
1651
2040
1625
1628
1652
1626
1629
1653
1627
1630
1654
1631
1655
2041
1629
1632
1656
1630
1633
1657
1631
1634
1658
1635
1659
2042
1633
1636
1660
1634
1637
1661
1635
1638
1662
1639
1663
2043
1637
1640
1664
1638
1641
1665
1639
1642
1666
1643
1667
2044
1641
1644
1668
1642
1645
1669
1643
1646
1670
1647
1671
2045
1645
1672
5370
1646
1673
5371
1647
1674
5372
1675
2046
5373
1649
1652
1676
1650
1653
1677
1651
1654
1678
1655
1679
2047
1653
1656
1680
1654
1657
1681
1655
1658
1682
1659
1683
2048
1657
1660
1684
1658
1661
1685
1659
1662
1686
1663
1687
2049
1661
1664
1688
1662
1665
1689
1663
1666
1690
1667
1691
2050
1665
1668
1692
1666
1669
1693
1667
1670
1694
1671
1695
2051
1669
1672
1696
1670
1673
1697
1671
1674
1698
1675
1699
2052
1673
1700
5410
1674
1701
5411
1675
1702
5412
1703
2053
5413
1677
1680
1704
1678
1681
1705
1679
1682
1706
1683
1707
2054
1681
1684
1708
1682
1685
1709
1683
1686
1710
1687
1711
2055
1685
1688
1712
1686
1689
1713
1687
1690
1714
1691
1715
2056
1689
1692
1716
1690
1693
1717
1691
1694
1718
1695
1719
2057
1693
1696
1720
1694
1697
1721
1695
1698
1722
1699
1723
2058
1697
1700
1724
1698
1701
1725
1699
1702
1726
1703
1727
2059
1701
1728
5450
1702
1729
5451
1703
1730
5452
1731
2060
5453
1705
1708
1732
1706
1709
1733
1707
1710
1734
1711
1735
2061
1709
1712
1736
1710
1713
1737
1711
1714
1738
1715
1739
2062
1713
1716
1740
1714
1717
1741
1715
1718
1742
1719
1743
2063
1717
1720
1744
1718
1721
1745
1719
1722
1746
1723
1747
2064
1721
1724
1748
1722
1725
1749
1723
1726
1750
1727
1751
2065
1725
1728
1752
1726
1729
1753
1727
1730
1754
1731
1755
2066
1729
1756
5490
1730
1757
5491
1731
1758
5492
1759
2067
5493
1733
1736
1760
1734
1737
1761
1735
1738
1762
1739
1763
2068
1737
1740
1764
1738
1741
1765
1739
1742
1766
1743
1767
2069
1741
1744
1768
1742
1745
1769
1743
1746
1770
1747
1771
2070
1745
1748
1772
1746
1749
1773
1747
1750
1774
1751
1775
2071
1749
1752
1776
1750
1753
1777
1751
1754
1778
1755
1779
2072
1753
1756
1780
1754
1757
1781
1755
1758
1782
1759
1783
2073
1757
1784
5530
1758
1785
5531
1759
1786
5532
1787
2074
5533
1761
1764
1788
1762
1765
1789
1763
1766
1790
1767
1791
2075
1765
1768
1792
1766
1769
1793
1767
1770
1794
1771
1795
2076
1769
1772
1796
1770
1773
1797
1771
1774
1798
1775
1799
2077
1773
1776
1800
1774
1777
1801
1775
1778
1802
1779
1803
2078
1777
1780
1804
1778
1781
1805
1779
1782
1806
1783
1807
2079
1781
1784
1808
1782
1785
1809
1783
1786
1810
1787
1811
2080
1785
1812
5570
1786
1813
5571
1787
1814
5572
1815
2081
5573
1789
1792
1816
1790
1793
1817
1791
1794
1818
1795
1819
2082
1793
1796
1820
1794
1797
1821
1795
1798
1822
1799
1823
2083
1797
1800
1824
1798
1801
1825
1799
1802
1826
1803
1827
2084
1801
1804
1828
1802
1805
1829
1803
1806
1830
1807
1831
2085
1805
1808
1832
1806
1809
1833
1807
1810
1834
1811
1835
2086
1809
1812
1836
1810
1813
1837
1811
1814
1838
1815
1839
2087
1813
1840
5610
1814
1841
5611
1815
1842
5612
1843
2088
5613
1817
1820
1844
1818
1821
1845
1819
1822
1846
1823
1847
2089
1821
1824
1848
1822
1825
1849
1823
1826
1850
1827
1851
2090
1825
1828
1852
1826
1829
1853
1827
1830
1854
1831
1855
2091
1829
1832
1856
1830
1833
1857
1831
1834
1858
1835
1859
2092
1833
1836
1860
1834
1837
1861
1835
1838
1862
1839
1863
2093
1837
1840
1864
1838
1841
1865
1839
1842
1866
1843
1867
2094
1841
1868
5650
1842
1869
5651
1843
1870
5652
1871
2095
5653
1845
1848
1872
1846
1849
1873
1847
1850
1874
1851
1875
2096
1849
1852
1876
1850
1853
1877
1851
1854
1878
1855
1879
2097
1853
1856
1880
1854
1857
1881
1855
1858
1882
1859
1883
2098
1857
1860
1884
1858
1861
1885
1859
1862
1886
1863
1887
2099
1861
1864
1888
1862
1865
1889
1863
1866
1890
1867
1891
2100
1865
1868
1892
1866
1869
1893
1867
1870
1894
1871
1895
2101
1869
1896
5690
1870
1897
5691
1871
1898
5692
1899
2102
5693
1873
1876
1900
1874
1877
1901
1875
1878
1902
1879
1903
2103
1877
1880
1904
1878
1881
1905
1879
1882
1906
1883
1907
2104
1881
1884
1908
1882
1885
1909
1883
1886
1910
1887
1911
2105
1885
1888
1912
1886
1889
1913
1887
1890
1914
1891
1915
2106
1889
1892
1916
1890
1893
1917
1891
1894
1918
1895
1919
2107
1893
1896
1920
1894
1897
1921
1895
1898
1922
1899
1923
2108
1897
1924
5730
1898
1925
5731
1899
1926
5732
1927
2109
5733
1901
1904
1928
1902
1905
1929
1903
1906
1930
1907
1931
2110
1905
1908
1932
1906
1909
1933
1907
1910
1934
1911
1935
2111
1909
1912
1936
1910
1913
1937
1911
1914
1938
1915
1939
2112
1913
1916
1940
1914
1917
1941
1915
1918
1942
1919
1943
2113
1917
1920
1944
1918
1921
1945
1919
1922
1946
1923
1947
2114
1921
1924
1948
1922
1925
1949
1923
1926
1950
1927
1951
2115
1925
1952
5770
1926
1953
5771
1927
1954
5772
1955
2116
5773
1929
1932
1956
1930
1933
1957
1931
1934
1958
1935
1959
2117
1933
1936
1960
1934
1937
1961
1935
1938
1962
1939
1963
2118
1937
1940
1964
1938
1941
1965
1939
1942
1966
1943
1967
2119
1941
1944
1968
1942
1945
1969
1943
1946
1970
1947
1971
2120
1945
1948
1972
1946
1949
1973
1947
1950
1974
1951
1975
2121
1949
1952
1976
1950
1953
1977
1951
1954
1978
1955
1979
2122
1953
1980
5810
1954
1981
5811
1955
1982
5812
1983
2123
5813
1957
1960
1984
1958
1961
1985
1959
1962
1986
1963
1987
2124
1961
1964
1988
1962
1965
1989
1963
1966
1990
1967
1991
2125
1965
1968
1992
1966
1969
1993
1967
1970
1994
1971
1995
2126
1969
1972
1996
1970
1973
1997
1971
1974
1998
1975
1999
2127
1973
1976
2000
1974
1977
2001
1975
1978
2002
1979
2003
2128
1977
1980
2004
1978
1981
2005
1979
1982
2006
1983
2007
2129
1981
2008
5850
1982
2009
5851
1983
2010
5852
2011
2130
5853
1985
1988
2012
1986
1989
2013
1987
1990
2014
1991
2015
2131
1989
1992
2016
1990
1993
2017
1991
1994
2018
1995
2019
2132
1993
1996
2020
1994
1997
2021
1995
1998
2022
1999
2023
2133
1997
2000
2024
1998
2001
2025
1999
2002
2026
2003
2027
2134
2001
2004
2028
2002
2005
2029
2003
2006
2030
2007
2031
2135
2005
2008
2032
2006
2009
2033
2007
2010
2034
2011
2035
2136
2009
2036
5890
2010
2037
5891
2011
2038
5892
2039
2137
5893
2013
2016
2014
2017
2015
2018
2019
2138
2017
2020
2018
2021
2019
2022
2023
2139
2021
2024
2022
2025
2023
2026
2027
2140
2025
2028
2026
2029
2027
2030
2031
2141
2029
2032
2030
2033
2031
2034
2035
2142
2033
2036
2034
2037
2035
2038
2039
2143
2037
5930
2038
5931
2039
5932
2144
5933
2041
2047
2145
2042
2048
2149
2043
2049
2153
2044
2050
2157
2045
2051
2161
2046
2052
2165
2053
2169
5970
2048
2054
2173
2049
2055
2177
2050
2056
2181
2051
2057
2185
2052
2058
2189
2053
2059
2193
2060
2197
5980
2055
2061
2201
2056
2062
2205
2057
2063
2209
2058
2064
2213
2059
2065
2217
2060
2066
2221
2067
2225
5990
2062
2068
2229
2063
2069
2233
2064
2070
2237
2065
2071
2241
2066
2072
2245
2067
2073
2249
2074
2253
6000
2069
2075
2257
2070
2076
2261
2071
2077
2265
2072
2078
2269
2073
2079
2273
2074
2080
2277
2081
2281
6010
2076
2082
2285
2077
2083
2289
2078
2084
2293
2079
2085
2297
2080
2086
2301
2081
2087
2305
2088
2309
6020
2083
2089
2313
2084
2090
2317
2085
2091
2321
2086
2092
2325
2087
2093
2329
2088
2094
2333
2095
2337
6030
2090
2096
2341
2091
2097
2345
2092
2098
2349
2093
2099
2353
2094
2100
2357
2095
2101
2361
2102
2365
6040
2097
2103
2369
2098
2104
2373
2099
2105
2377
2100
2106
2381
2101
2107
2385
2102
2108
2389
2109
2393
6050
2104
2110
2397
2105
2111
2401
2106
2112
2405
2107
2113
2409
2108
2114
2413
2109
2115
2417
2116
2421
6060
2111
2117
2425
2112
2118
2429
2113
2119
2433
2114
2120
2437
2115
2121
2441
2116
2122
2445
2123
2449
6070
2118
2124
2453
2119
2125
2457
2120
2126
2461
2121
2127
2465
2122
2128
2469
2123
2129
2473
2130
2477
6080
2125
2131
2481
2126
2132
2485
2127
2133
2489
2128
2134
2493
2129
2135
2497
2130
2136
2501
2137
2505
6090
2132
2138
2509
2133
2139
2513
2134
2140
2517
2135
2141
2521
2136
2142
2525
2137
2143
2529
2144
2533
6100
2139
2537
2140
2541
2141
2545
2142
2549
2143
2553
2144
2557
2561
6110
2146
2149
2173
2147
2150
2174
2148
2151
2175
2152
2176
2565
2150
2153
2177
2151
2154
2178
2152
2155
2179
2156
2180
2566
2154
2157
2181
2155
2158
2182
2156
2159
2183
2160
2184
2567
2158
2161
2185
2159
2162
2186
2160
2163
2187
2164
2188
2568
2162
2165
2189
2163
2166
2190
2164
2167
2191
2168
2192
2569
2166
2169
2193
2167
2170
2194
2168
2171
2195
2172
2196
2570
2170
2197
6120
2171
2198
6121
2172
2199
6122
2200
2571
6123
2174
2177
2201
2175
2178
2202
2176
2179
2203
2180
2204
2572
2178
2181
2205
2179
2182
2206
2180
2183
2207
2184
2208
2573
2182
2185
2209
2183
2186
2210
2184
2187
2211
2188
2212
2574
2186
2189
2213
2187
2190
2214
2188
2191
2215
2192
2216
2575
2190
2193
2217
2191
2194
2218
2192
2195
2219
2196
2220
2576
2194
2197
2221
2195
2198
2222
2196
2199
2223
2200
2224
2577
2198
2225
6160
2199
2226
6161
2200
2227
6162
2228
2578
6163
2202
2205
2229
2203
2206
2230
2204
2207
2231
2208
2232
2579
2206
2209
2233
2207
2210
2234
2208
2211
2235
2212
2236
2580
2210
2213
2237
2211
2214
2238
2212
2215
2239
2216
2240
2581
2214
2217
2241
2215
2218
2242
2216
2219
2243
2220
2244
2582
2218
2221
2245
2219
2222
2246
2220
2223
2247
2224
2248
2583
2222
2225
2249
2223
2226
2250
2224
2227
2251
2228
2252
2584
2226
2253
6200
2227
2254
6201
2228
2255
6202
2256
2585
6203
2230
2233
2257
2231
2234
2258
2232
2235
2259
2236
2260
2586
2234
2237
2261
2235
2238
2262
2236
2239
2263
2240
2264
2587
2238
2241
2265
2239
2242
2266
2240
2243
2267
2244
2268
2588
2242
2245
2269
2243
2246
2270
2244
2247
2271
2248
2272
2589
2246
2249
2273
2247
2250
2274
2248
2251
2275
2252
2276
2590
2250
2253
2277
2251
2254
2278
2252
2255
2279
2256
2280
2591
2254
2281
6240
2255
2282
6241
2256
2283
6242
2284
2592
6243
2258
2261
2285
2259
2262
2286
2260
2263
2287
2264
2288
2593
2262
2265
2289
2263
2266
2290
2264
2267
2291
2268
2292
2594
2266
2269
2293
2267
2270
2294
2268
2271
2295
2272
2296
2595
2270
2273
2297
2271
2274
2298
2272
2275
2299
2276
2300
2596
2274
2277
2301
2275
2278
2302
2276
2279
2303
2280
2304
2597
2278
2281
2305
2279
2282
2306
2280
2283
2307
2284
2308
2598
2282
2309
6280
2283
2310
6281
2284
2311
6282
2312
2599
6283
2286
2289
2313
2287
2290
2314
2288
2291
2315
2292
2316
2600
2290
2293
2317
2291
2294
2318
2292
2295
2319
2296
2320
2601
2294
2297
2321
2295
2298
2322
2296
2299
2323
2300
2324
2602
2298
2301
2325
2299
2302
2326
2300
2303
2327
2304
2328
2603
2302
2305
2329
2303
2306
2330
2304
2307
2331
2308
2332
2604
2306
2309
2333
2307
2310
2334
2308
2311
2335
2312
2336
2605
2310
2337
6320
2311
2338
6321
2312
2339
6322
2340
2606
6323
2314
2317
2341
2315
2318
2342
2316
2319
2343
2320
2344
2607
2318
2321
2345
2319
2322
2346
2320
2323
2347
2324
2348
2608
2322
2325
2349
2323
2326
2350
2324
2327
2351
2328
2352
2609
2326
2329
2353
2327
2330
2354
2328
2331
2355
2332
2356
2610
2330
2333
2357
2331
2334
2358
2332
2335
2359
2336
2360
2611
2334
2337
2361
2335
2338
2362
2336
2339
2363
2340
2364
2612
2338
2365
6360
2339
2366
6361
2340
2367
6362
2368
2613
6363
2342
2345
2369
2343
2346
2370
2344
2347
2371
2348
2372
2614
2346
2349
2373
2347
2350
2374
2348
2351
2375
2352
2376
2615
2350
2353
2377
2351
2354
2378
2352
2355
2379
2356
2380
2616
2354
2357
2381
2355
2358
2382
2356
2359
2383
2360
2384
2617
2358
2361
2385
2359
2362
2386
2360
2363
2387
2364
2388
2618
2362
2365
2389
2363
2366
2390
2364
2367
2391
2368
2392
2619
2366
2393
6400
2367
2394
6401
2368
2395
6402
2396
2620
6403
2370
2373
2397
2371
2374
2398
2372
2375
2399
2376
2400
2621
2374
2377
2401
2375
2378
2402
2376
2379
2403
2380
2404
2622
2378
2381
2405
2379
2382
2406
2380
2383
2407
2384
2408
2623
2382
2385
2409
2383
2386
2410
2384
2387
2411
2388
2412
2624
2386
2389
2413
2387
2390
2414
2388
2391
2415
2392
2416
2625
2390
2393
2417
2391
2394
2418
2392
2395
2419
2396
2420
2626
2394
2421
6440
2395
2422
6441
2396
2423
6442
2424
2627
6443
2398
2401
2425
2399
2402
2426
2400
2403
2427
2404
2428
2628
2402
2405
2429
2403
2406
2430
2404
2407
2431
2408
2432
2629
2406
2409
2433
2407
2410
2434
2408
2411
2435
2412
2436
2630
2410
2413
2437
2411
2414
2438
2412
2415
2439
2416
2440
2631
2414
2417
2441
2415
2418
2442
2416
2419
2443
2420
2444
2632
2418
2421
2445
2419
2422
2446
2420
2423
2447
2424
2448
2633
2422
2449
6480
2423
2450
6481
2424
2451
6482
2452
2634
6483
2426
2429
2453
2427
2430
2454
2428
2431
2455
2432
2456
2635
2430
2433
2457
2431
2434
2458
2432
2435
2459
2436
2460
2636
2434
2437
2461
2435
2438
2462
2436
2439
2463
2440
2464
2637
2438
2441
2465
2439
2442
2466
2440
2443
2467
2444
2468
2638
2442
2445
2469
2443
2446
2470
2444
2447
2471
2448
2472
2639
2446
2449
2473
2447
2450
2474
2448
2451
2475
2452
2476
2640
2450
2477
6520
2451
2478
6521
2452
2479
6522
2480
2641
6523
2454
2457
2481
2455
2458
2482
2456
2459
2483
2460
2484
2642
2458
2461
2485
2459
2462
2486
2460
2463
2487
2464
2488
2643
2462
2465
2489
2463
2466
2490
2464
2467
2491
2468
2492
2644
2466
2469
2493
2467
2470
2494
2468
2471
2495
2472
2496
2645
2470
2473
2497
2471
2474
2498
2472
2475
2499
2476
2500
2646
2474
2477
2501
2475
2478
2502
2476
2479
2503
2480
2504
2647
2478
2505
6560
2479
2506
6561
2480
2507
6562
2508
2648
6563
2482
2485
2509
2483
2486
2510
2484
2487
2511
2488
2512
2649
2486
2489
2513
2487
2490
2514
2488
2491
2515
2492
2516
2650
2490
2493
2517
2491
2494
2518
2492
2495
2519
2496
2520
2651
2494
2497
2521
2495
2498
2522
2496
2499
2523
2500
2524
2652
2498
2501
2525
2499
2502
2526
2500
2503
2527
2504
2528
2653
2502
2505
2529
2503
2506
2530
2504
2507
2531
2508
2532
2654
2506
2533
6600
2507
2534
6601
2508
2535
6602
2536
2655
6603
2510
2513
2537
2511
2514
2538
2512
2515
2539
2516
2540
2656
2514
2517
2541
2515
2518
2542
2516
2519
2543
2520
2544
2657
2518
2521
2545
2519
2522
2546
2520
2523
2547
2524
2548
2658
2522
2525
2549
2523
2526
2550
2524
2527
2551
2528
2552
2659
2526
2529
2553
2527
2530
2554
2528
2531
2555
2532
2556
2660
2530
2533
2557
2531
2534
2558
2532
2535
2559
2536
2560
2661
2534
2561
6640
2535
2562
6641
2536
2563
6642
2564
2662
6643
2538
2541
2539
2542
2540
2543
2544
2663
2542
2545
2543
2546
2544
2547
2548
2664
2546
2549
2547
2550
2548
2551
2552
2665
2550
2553
2551
2554
2552
2555
2556
2666
2554
2557
2555
2558
2556
2559
2560
2667
2558
2561
2559
2562
2560
2563
2564
2668
2562
6680
2563
6681
2564
6682
2669
6683
2566
2572
2670
2567
2573
2680
2568
2574
2690
2569
2575
2700
2570
2576
2710
2571
2577
2720
2578
2730
6720
2573
2579
2740
2574
2580
2750
2575
2581
2760
2576
2582
2770
2577
2583
2780
2578
2584
2790
2585
2800
6730
2580
2586
2810
2581
2587
2820
2582
2588
2830
2583
2589
2840
2584
2590
2850
2585
2591
2860
2592
2870
6740
2587
2593
2880
2588
2594
2890
2589
2595
2900
2590
2596
2910
2591
2597
2920
2592
2598
2930
2599
2940
6750
2594
2600
2950
2595
2601
2960
2596
2602
2970
2597
2603
2980
2598
2604
2990
2599
2605
3000
2606
3010
6760
2601
2607
3020
2602
2608
3030
2603
2609
3040
2604
2610
3050
2605
2611
3060
2606
2612
3070
2613
3080
6770
2608
2614
3090
2609
2615
3100
2610
2616
3110
2611
2617
3120
2612
2618
3130
2613
2619
3140
2620
3150
6780
2615
2621
3160
2616
2622
3170
2617
2623
3180
2618
2624
3190
2619
2625
3200
2620
2626
3210
2627
3220
6790
2622
2628
3230
2623
2629
3240
2624
2630
3250
2625
2631
3260
2626
2632
3270
2627
2633
3280
2634
3290
6800
2629
2635
3300
2630
2636
3310
2631
2637
3320
2632
2638
3330
2633
2639
3340
2634
2640
3350
2641
3360
6810
2636
2642
3370
2637
2643
3380
2638
2644
3390
2639
2645
3400
2640
2646
3410
2641
2647
3420
2648
3430
6820
2643
2649
3440
2644
2650
3450
2645
2651
3460
2646
2652
3470
2647
2653
3480
2648
2654
3490
2655
3500
6830
2650
2656
3510
2651
2657
3520
2652
2658
3530
2653
2659
3540
2654
2660
3550
2655
2661
3560
2662
3570
6840
2657
2663
3580
2658
2664
3590
2659
2665
3600
2660
2666
3610
2661
2667
3620
2662
2668
3630
2669
3640
6850
2664
3650
2665
3660
2666
3670
2667
3680
2668
3690
2669
3700
3710
6860
2671
2680
2740
2672
2681
2741
2673
2682
2742
2674
2683
2743
2675
2684
2744
2676
2685
2745
2677
2686
2746
2678
2687
2747
2679
2688
2748
2689
2749
2681
2690
2750
2682
2691
2751
2683
2692
2752
2684
2693
2753
2685
2694
2754
2686
2695
2755
2687
2696
2756
2688
2697
2757
2689
2698
2758
2699
2759
2691
2700
2760
2692
2701
2761
2693
2702
2762
2694
2703
2763
2695
2704
2764
2696
2705
2765
2697
2706
2766
2698
2707
2767
2699
2708
2768
2709
2769
2701
2710
2770
2702
2711
2771
2703
2712
2772
2704
2713
2773
2705
2714
2774
2706
2715
2775
2707
2716
2776
2708
2717
2777
2709
2718
2778
2719
2779
2711
2720
2780
2712
2721
2781
2713
2722
2782
2714
2723
2783
2715
2724
2784
2716
2725
2785
2717
2726
2786
2718
2727
2787
2719
2728
2788
2729
2789
2721
2730
2790
2722
2731
2791
2723
2732
2792
2724
2733
2793
2725
2734
2794
2726
2735
2795
2727
2736
2796
2728
2737
2797
2729
2738
2798
2739
2799
2731
2800
6870
2732
2801
6871
2733
2802
6872
2734
2803
6873
2735
2804
6874
2736
2805
6875
2737
2806
6876
2738
2807
6877
2739
2808
6878
2809
6879
2741
2750
2810
2742
2751
2811
2743
2752
2812
2744
2753
2813
2745
2754
2814
2746
2755
2815
2747
2756
2816
2748
2757
2817
2749
2758
2818
2759
2819
2751
2760
2820
2752
2761
2821
2753
2762
2822
2754
2763
2823
2755
2764
2824
2756
2765
2825
2757
2766
2826
2758
2767
2827
2759
2768
2828
2769
2829
2761
2770
2830
2762
2771
2831
2763
2772
2832
2764
2773
2833
2765
2774
2834
2766
2775
2835
2767
2776
2836
2768
2777
2837
2769
2778
2838
2779
2839
2771
2780
2840
2772
2781
2841
2773
2782
2842
2774
2783
2843
2775
2784
2844
2776
2785
2845
2777
2786
2846
2778
2787
2847
2779
2788
2848
2789
2849
2781
2790
2850
2782
2791
2851
2783
2792
2852
2784
2793
2853
2785
2794
2854
2786
2795
2855
2787
2796
2856
2788
2797
2857
2789
2798
2858
2799
2859
2791
2800
2860
2792
2801
2861
2793
2802
2862
2794
2803
2863
2795
2804
2864
2796
2805
2865
2797
2806
2866
2798
2807
2867
2799
2808
2868
2809
2869
2801
2870
6970
2802
2871
6971
2803
2872
6972
2804
2873
6973
2805
2874
6974
2806
2875
6975
2807
2876
6976
2808
2877
6977
2809
2878
6978
2879
6979
2811
2820
2880
2812
2821
2881
2813
2822
2882
2814
2823
2883
2815
2824
2884
2816
2825
2885
2817
2826
2886
2818
2827
2887
2819
2828
2888
2829
2889
2821
2830
2890
2822
2831
2891
2823
2832
2892
2824
2833
2893
2825
2834
2894
2826
2835
2895
2827
2836
2896
2828
2837
2897
2829
2838
2898
2839
2899
2831
2840
2900
2832
2841
2901
2833
2842
2902
2834
2843
2903
2835
2844
2904
2836
2845
2905
2837
2846
2906
2838
2847
2907
2839
2848
2908
2849
2909
2841
2850
2910
2842
2851
2911
2843
2852
2912
2844
2853
2913
2845
2854
2914
2846
2855
2915
2847
2856
2916
2848
2857
2917
2849
2858
2918
2859
2919
2851
2860
2920
2852
2861
2921
2853
2862
2922
2854
2863
2923
2855
2864
2924
2856
2865
2925
2857
2866
2926
2858
2867
2927
2859
2868
2928
2869
2929
2861
2870
2930
2862
2871
2931
2863
2872
2932
2864
2873
2933
2865
2874
2934
2866
2875
2935
2867
2876
2936
2868
2877
2937
2869
2878
2938
2879
2939
2871
2940
7070
2872
2941
7071
2873
2942
7072
2874
2943
7073
2875
2944
7074
2876
2945
7075
2877
2946
7076
2878
2947
7077
2879
2948
7078
2949
7079
2881
2890
2950
2882
2891
2951
2883
2892
2952
2884
2893
2953
2885
2894
2954
2886
2895
2955
2887
2896
2956
2888
2897
2957
2889
2898
2958
2899
2959
2891
2900
2960
2892
2901
2961
2893
2902
2962
2894
2903
2963
2895
2904
2964
2896
2905
2965
2897
2906
2966
2898
2907
2967
2899
2908
2968
2909
2969
2901
2910
2970
2902
2911
2971
2903
2912
2972
2904
2913
2973
2905
2914
2974
2906
2915
2975
2907
2916
2976
2908
2917
2977
2909
2918
2978
2919
2979
2911
2920
2980
2912
2921
2981
2913
2922
2982
2914
2923
2983
2915
2924
2984
2916
2925
2985
2917
2926
2986
2918
2927
2987
2919
2928
2988
2929
2989
2921
2930
2990
2922
2931
2991
2923
2932
2992
2924
2933
2993
2925
2934
2994
2926
2935
2995
2927
2936
2996
2928
2937
2997
2929
2938
2998
2939
2999
2931
2940
3000
2932
2941
3001
2933
2942
3002
2934
2943
3003
2935
2944
3004
2936
2945
3005
2937
2946
3006
2938
2947
3007
2939
2948
3008
2949
3009
2941
3010
7170
2942
3011
7171
2943
3012
7172
2944
3013
7173
2945
3014
7174
2946
3015
7175
2947
3016
7176
2948
3017
7177
2949
3018
7178
3019
7179
2951
2960
3020
2952
2961
3021
2953
2962
3022
2954
2963
3023
2955
2964
3024
2956
2965
3025
2957
2966
3026
2958
2967
3027
2959
2968
3028
2969
3029
2961
2970
3030
2962
2971
3031
2963
2972
3032
2964
2973
3033
2965
2974
3034
2966
2975
3035
2967
2976
3036
2968
2977
3037
2969
2978
3038
2979
3039
2971
2980
3040
2972
2981
3041
2973
2982
3042
2974
2983
3043
2975
2984
3044
2976
2985
3045
2977
2986
3046
2978
2987
3047
2979
2988
3048
2989
3049
2981
2990
3050
2982
2991
3051
2983
2992
3052
2984
2993
3053
2985
2994
3054
2986
2995
3055
2987
2996
3056
2988
2997
3057
2989
2998
3058
2999
3059
2991
3000
3060
2992
3001
3061
2993
3002
3062
2994
3003
3063
2995
3004
3064
2996
3005
3065
2997
3006
3066
2998
3007
3067
2999
3008
3068
3009
3069
3001
3010
3070
3002
3011
3071
3003
3012
3072
3004
3013
3073
3005
3014
3074
3006
3015
3075
3007
3016
3076
3008
3017
3077
3009
3018
3078
3019
3079
3011
3080
7270
3012
3081
7271
3013
3082
7272
3014
3083
7273
3015
3084
7274
3016
3085
7275
3017
3086
7276
3018
3087
7277
3019
3088
7278
3089
7279
3021
3030
3090
3022
3031
3091
3023
3032
3092
3024
3033
3093
3025
3034
3094
3026
3035
3095
3027
3036
3096
3028
3037
3097
3029
3038
3098
3039
3099
3031
3040
3100
3032
3041
3101
3033
3042
3102
3034
3043
3103
3035
3044
3104
3036
3045
3105
3037
3046
3106
3038
3047
3107
3039
3048
3108
3049
3109
3041
3050
3110
3042
3051
3111
3043
3052
3112
3044
3053
3113
3045
3054
3114
3046
3055
3115
3047
3056
3116
3048
3057
3117
3049
3058
3118
3059
3119
3051
3060
3120
3052
3061
3121
3053
3062
3122
3054
3063
3123
3055
3064
3124
3056
3065
3125
3057
3066
3126
3058
3067
3127
3059
3068
3128
3069
3129
3061
3070
3130
3062
3071
3131
3063
3072
3132
3064
3073
3133
3065
3074
3134
3066
3075
3135
3067
3076
3136
3068
3077
3137
3069
3078
3138
3079
3139
3071
3080
3140
3072
3081
3141
3073
3082
3142
3074
3083
3143
3075
3084
3144
3076
3085
3145
3077
3086
3146
3078
3087
3147
3079
3088
3148
3089
3149
3081
3150
7370
3082
3151
7371
3083
3152
7372
3084
3153
7373
3085
3154
7374
3086
3155
7375
3087
3156
7376
3088
3157
7377
3089
3158
7378
3159
7379
3091
3100
3160
3092
3101
3161
3093
3102
3162
3094
3103
3163
3095
3104
3164
3096
3105
3165
3097
3106
3166
3098
3107
3167
3099
3108
3168
3109
3169
3101
3110
3170
3102
3111
3171
3103
3112
3172
3104
3113
3173
3105
3114
3174
3106
3115
3175
3107
3116
3176
3108
3117
3177
3109
3118
3178
3119
3179
3111
3120
3180
3112
3121
3181
3113
3122
3182
3114
3123
3183
3115
3124
3184
3116
3125
3185
3117
3126
3186
3118
3127
3187
3119
3128
3188
3129
3189
3121
3130
3190
3122
3131
3191
3123
3132
3192
3124
3133
3193
3125
3134
3194
3126
3135
3195
3127
3136
3196
3128
3137
3197
3129
3138
3198
3139
3199
3131
3140
3200
3132
3141
3201
3133
3142
3202
3134
3143
3203
3135
3144
3204
3136
3145
3205
3137
3146
3206
3138
3147
3207
3139
3148
3208
3149
3209
3141
3150
3210
3142
3151
3211
3143
3152
3212
3144
3153
3213
3145
3154
3214
3146
3155
3215
3147
3156
3216
3148
3157
3217
3149
3158
3218
3159
3219
3151
3220
7470
3152
3221
7471
3153
3222
7472
3154
3223
7473
3155
3224
7474
3156
3225
7475
3157
3226
7476
3158
3227
7477
3159
3228
7478
3229
7479
3161
3170
3230
3162
3171
3231
3163
3172
3232
3164
3173
3233
3165
3174
3234
3166
3175
3235
3167
3176
3236
3168
3177
3237
3169
3178
3238
3179
3239
3171
3180
3240
3172
3181
3241
3173
3182
3242
3174
3183
3243
3175
3184
3244
3176
3185
3245
3177
3186
3246
3178
3187
3247
3179
3188
3248
3189
3249
3181
3190
3250
3182
3191
3251
3183
3192
3252
3184
3193
3253
3185
3194
3254
3186
3195
3255
3187
3196
3256
3188
3197
3257
3189
3198
3258
3199
3259
3191
3200
3260
3192
3201
3261
3193
3202
3262
3194
3203
3263
3195
3204
3264
3196
3205
3265
3197
3206
3266
3198
3207
3267
3199
3208
3268
3209
3269
3201
3210
3270
3202
3211
3271
3203
3212
3272
3204
3213
3273
3205
3214
3274
3206
3215
3275
3207
3216
3276
3208
3217
3277
3209
3218
3278
3219
3279
3211
3220
3280
3212
3221
3281
3213
3222
3282
3214
3223
3283
3215
3224
3284
3216
3225
3285
3217
3226
3286
3218
3227
3287
3219
3228
3288
3229
3289
3221
3290
7570
3222
3291
7571
3223
3292
7572
3224
3293
7573
3225
3294
7574
3226
3295
7575
3227
3296
7576
3228
3297
7577
3229
3298
7578
3299
7579
3231
3240
3300
3232
3241
3301
3233
3242
3302
3234
3243
3303
3235
3244
3304
3236
3245
3305
3237
3246
3306
3238
3247
3307
3239
3248
3308
3249
3309
3241
3250
3310
3242
3251
3311
3243
3252
3312
3244
3253
3313
3245
3254
3314
3246
3255
3315
3247
3256
3316
3248
3257
3317
3249
3258
3318
3259
3319
3251
3260
3320
3252
3261
3321
3253
3262
3322
3254
3263
3323
3255
3264
3324
3256
3265
3325
3257
3266
3326
3258
3267
3327
3259
3268
3328
3269
3329
3261
3270
3330
3262
3271
3331
3263
3272
3332
3264
3273
3333
3265
3274
3334
3266
3275
3335
3267
3276
3336
3268
3277
3337
3269
3278
3338
3279
3339
3271
3280
3340
3272
3281
3341
3273
3282
3342
3274
3283
3343
3275
3284
3344
3276
3285
3345
3277
3286
3346
3278
3287
3347
3279
3288
3348
3289
3349
3281
3290
3350
3282
3291
3351
3283
3292
3352
3284
3293
3353
3285
3294
3354
3286
3295
3355
3287
3296
3356
3288
3297
3357
3289
3298
3358
3299
3359
3291
3360
7670
3292
3361
7671
3293
3362
7672
3294
3363
7673
3295
3364
7674
3296
3365
7675
3297
3366
7676
3298
3367
7677
3299
3368
7678
3369
7679
3301
3310
3370
3302
3311
3371
3303
3312
3372
3304
3313
3373
3305
3314
3374
3306
3315
3375
3307
3316
3376
3308
3317
3377
3309
3318
3378
3319
3379
3311
3320
3380
3312
3321
3381
3313
3322
3382
3314
3323
3383
3315
3324
3384
3316
3325
3385
3317
3326
3386
3318
3327
3387
3319
3328
3388
3329
3389
3321
3330
3390
3322
3331
3391
3323
3332
3392
3324
3333
3393
3325
3334
3394
3326
3335
3395
3327
3336
3396
3328
3337
3397
3329
3338
3398
3339
3399
3331
3340
3400
3332
3341
3401
3333
3342
3402
3334
3343
3403
3335
3344
3404
3336
3345
3405
3337
3346
3406
3338
3347
3407
3339
3348
3408
3349
3409
3341
3350
3410
3342
3351
3411
3343
3352
3412
3344
3353
3413
3345
3354
3414
3346
3355
3415
3347
3356
3416
3348
3357
3417
3349
3358
3418
3359
3419
3351
3360
3420
3352
3361
3421
3353
3362
3422
3354
3363
3423
3355
3364
3424
3356
3365
3425
3357
3366
3426
3358
3367
3427
3359
3368
3428
3369
3429
3361
3430
7770
3362
3431
7771
3363
3432
7772
3364
3433
7773
3365
3434
7774
3366
3435
7775
3367
3436
7776
3368
3437
7777
3369
3438
7778
3439
7779
3371
3380
3440
3372
3381
3441
3373
3382
3442
3374
3383
3443
3375
3384
3444
3376
3385
3445
3377
3386
3446
3378
3387
3447
3379
3388
3448
3389
3449
3381
3390
3450
3382
3391
3451
3383
3392
3452
3384
3393
3453
3385
3394
3454
3386
3395
3455
3387
3396
3456
3388
3397
3457
3389
3398
3458
3399
3459
3391
3400
3460
3392
3401
3461
3393
3402
3462
3394
3403
3463
3395
3404
3464
3396
3405
3465
3397
3406
3466
3398
3407
3467
3399
3408
3468
3409
3469
3401
3410
3470
3402
3411
3471
3403
3412
3472
3404
3413
3473
3405
3414
3474
3406
3415
3475
3407
3416
3476
3408
3417
3477
3409
3418
3478
3419
3479
3411
3420
3480
3412
3421
3481
3413
3422
3482
3414
3423
3483
3415
3424
3484
3416
3425
3485
3417
3426
3486
3418
3427
3487
3419
3428
3488
3429
3489
3421
3430
3490
3422
3431
3491
3423
3432
3492
3424
3433
3493
3425
3434
3494
3426
3435
3495
3427
3436
3496
3428
3437
3497
3429
3438
3498
3439
3499
3431
3500
7870
3432
3501
7871
3433
3502
7872
3434
3503
7873
3435
3504
7874
3436
3505
7875
3437
3506
7876
3438
3507
7877
3439
3508
7878
3509
7879
3441
3450
3510
3442
3451
3511
3443
3452
3512
3444
3453
3513
3445
3454
3514
3446
3455
3515
3447
3456
3516
3448
3457
3517
3449
3458
3518
3459
3519
3451
3460
3520
3452
3461
3521
3453
3462
3522
3454
3463
3523
3455
3464
3524
3456
3465
3525
3457
3466
3526
3458
3467
3527
3459
3468
3528
3469
3529
3461
3470
3530
3462
3471
3531
3463
3472
3532
3464
3473
3533
3465
3474
3534
3466
3475
3535
3467
3476
3536
3468
3477
3537
3469
3478
3538
3479
3539
3471
3480
3540
3472
3481
3541
3473
3482
3542
3474
3483
3543
3475
3484
3544
3476
3485
3545
3477
3486
3546
3478
3487
3547
3479
3488
3548
3489
3549
3481
3490
3550
3482
3491
3551
3483
3492
3552
3484
3493
3553
3485
3494
3554
3486
3495
3555
3487
3496
3556
3488
3497
3557
3489
3498
3558
3499
3559
3491
3500
3560
3492
3501
3561
3493
3502
3562
3494
3503
3563
3495
3504
3564
3496
3505
3565
3497
3506
3566
3498
3507
3567
3499
3508
3568
3509
3569
3501
3570
7970
3502
3571
7971
3503
3572
7972
3504
3573
7973
3505
3574
7974
3506
3575
7975
3507
3576
7976
3508
3577
7977
3509
3578
7978
3579
7979
3511
3520
3580
3512
3521
3581
3513
3522
3582
3514
3523
3583
3515
3524
3584
3516
3525
3585
3517
3526
3586
3518
3527
3587
3519
3528
3588
3529
3589
3521
3530
3590
3522
3531
3591
3523
3532
3592
3524
3533
3593
3525
3534
3594
3526
3535
3595
3527
3536
3596
3528
3537
3597
3529
3538
3598
3539
3599
3531
3540
3600
3532
3541
3601
3533
3542
3602
3534
3543
3603
3535
3544
3604
3536
3545
3605
3537
3546
3606
3538
3547
3607
3539
3548
3608
3549
3609
3541
3550
3610
3542
3551
3611
3543
3552
3612
3544
3553
3613
3545
3554
3614
3546
3555
3615
3547
3556
3616
3548
3557
3617
3549
3558
3618
3559
3619
3551
3560
3620
3552
3561
3621
3553
3562
3622
3554
3563
3623
3555
3564
3624
3556
3565
3625
3557
3566
3626
3558
3567
3627
3559
3568
3628
3569
3629
3561
3570
3630
3562
3571
3631
3563
3572
3632
3564
3573
3633
3565
3574
3634
3566
3575
3635
3567
3576
3636
3568
3577
3637
3569
3578
3638
3579
3639
3571
3640
8070
3572
3641
8071
3573
3642
8072
3574
3643
8073
3575
3644
8074
3576
3645
8075
3577
3646
8076
3578
3647
8077
3579
3648
8078
3649
8079
3581
3590
3650
3582
3591
3651
3583
3592
3652
3584
3593
3653
3585
3594
3654
3586
3595
3655
3587
3596
3656
3588
3597
3657
3589
3598
3658
3599
3659
3591
3600
3660
3592
3601
3661
3593
3602
3662
3594
3603
3663
3595
3604
3664
3596
3605
3665
3597
3606
3666
3598
3607
3667
3599
3608
3668
3609
3669
3601
3610
3670
3602
3611
3671
3603
3612
3672
3604
3613
3673
3605
3614
3674
3606
3615
3675
3607
3616
3676
3608
3617
3677
3609
3618
3678
3619
3679
3611
3620
3680
3612
3621
3681
3613
3622
3682
3614
3623
3683
3615
3624
3684
3616
3625
3685
3617
3626
3686
3618
3627
3687
3619
3628
3688
3629
3689
3621
3630
3690
3622
3631
3691
3623
3632
3692
3624
3633
3693
3625
3634
3694
3626
3635
3695
3627
3636
3696
3628
3637
3697
3629
3638
3698
3639
3699
3631
3640
3700
3632
3641
3701
3633
3642
3702
3634
3643
3703
3635
3644
3704
3636
3645
3705
3637
3646
3706
3638
3647
3707
3639
3648
3708
3649
3709
3641
3710
8170
3642
3711
8171
3643
3712
8172
3644
3713
8173
3645
3714
8174
3646
3715
8175
3647
3716
8176
3648
3717
8177
3649
3718
8178
3719
8179
3651
3660
3652
3661
3653
3662
3654
3663
3655
3664
3656
3665
3657
3666
3658
3667
3659
3668
3669
3661
3670
3662
3671
3663
3672
3664
3673
3665
3674
3666
3675
3667
3676
3668
3677
3669
3678
3679
3671
3680
3672
3681
3673
3682
3674
3683
3675
3684
3676
3685
3677
3686
3678
3687
3679
3688
3689
3681
3690
3682
3691
3683
3692
3684
3693
3685
3694
3686
3695
3687
3696
3688
3697
3689
3698
3699
3691
3700
3692
3701
3693
3702
3694
3703
3695
3704
3696
3705
3697
3706
3698
3707
3699
3708
3709
3701
3710
3702
3711
3703
3712
3704
3713
3705
3714
3706
3715
3707
3716
3708
3717
3709
3718
3719
3711
8270
3712
8271
3713
8272
3714
8273
3715
8274
3716
8275
3717
8276
3718
8277
3719
8278
8279
3721
3730
3820
3722
3731
3821
3723
3732
3822
3724
3733
3823
3725
3734
3824
3726
3735
3825
3727
3736
3826
3728
3737
3827
3729
3738
3828
3739
3829
5220
3731
3740
3830
3732
3741
3831
3733
3742
3832
3734
3743
3833
3735
3744
3834
3736
3745
3835
3737
3746
3836
3738
3747
3837
3739
3748
3838
3749
3839
5221
3741
3750
3840
3742
3751
3841
3743
3752
3842
3744
3753
3843
3745
3754
3844
3746
3755
3845
3747
3756
3846
3748
3757
3847
3749
3758
3848
3759
3849
5222
3751
3760
3850
3752
3761
3851
3753
3762
3852
3754
3763
3853
3755
3764
3854
3756
3765
3855
3757
3766
3856
3758
3767
3857
3759
3768
3858
3769
3859
5223
3761
3770
3860
3762
3771
3861
3763
3772
3862
3764
3773
3863
3765
3774
3864
3766
3775
3865
3767
3776
3866
3768
3777
3867
3769
3778
3868
3779
3869
5224
3771
3780
3870
3772
3781
3871
3773
3782
3872
3774
3783
3873
3775
3784
3874
3776
3785
3875
3777
3786
3876
3778
3787
3877
3779
3788
3878
3789
3879
5225
3781
3790
3880
3782
3791
3881
3783
3792
3882
3784
3793
3883
3785
3794
3884
3786
3795
3885
3787
3796
3886
3788
3797
3887
3789
3798
3888
3799
3889
5226
3791
3800
3890
3792
3801
3891
3793
3802
3892
3794
3803
3893
3795
3804
3894
3796
3805
3895
3797
3806
3896
3798
3807
3897
3799
3808
3898
3809
3899
5227
3801
3810
3900
3802
3811
3901
3803
3812
3902
3804
3813
3903
3805
3814
3904
3806
3815
3905
3807
3816
3906
3808
3817
3907
3809
3818
3908
3819
3909
5228
3811
3910
3812
3911
3813
3912
3814
3913
3815
3914
3816
3915
3817
3916
3818
3917
3819
3918
3919
5229
3821
3830
3920
3822
3831
3921
3823
3832
3922
3824
3833
3923
3825
3834
3924
3826
3835
3925
3827
3836
3926
3828
3837
3927
3829
3838
3928
3839
3929
5230
3831
3840
3930
3832
3841
3931
3833
3842
3932
3834
3843
3933
3835
3844
3934
3836
3845
3935
3837
3846
3936
3838
3847
3937
3839
3848
3938
3849
3939
5231
3841
3850
3940
3842
3851
3941
3843
3852
3942
3844
3853
3943
3845
3854
3944
3846
3855
3945
3847
3856
3946
3848
3857
3947
3849
3858
3948
3859
3949
5232
3851
3860
3950
3852
3861
3951
3853
3862
3952
3854
3863
3953
3855
3864
3954
3856
3865
3955
3857
3866
3956
3858
3867
3957
3859
3868
3958
3869
3959
5233
3861
3870
3960
3862
3871
3961
3863
3872
3962
3864
3873
3963
3865
3874
3964
3866
3875
3965
3867
3876
3966
3868
3877
3967
3869
3878
3968
3879
3969
5234
3871
3880
3970
3872
3881
3971
3873
3882
3972
3874
3883
3973
3875
3884
3974
3876
3885
3975
3877
3886
3976
3878
3887
3977
3879
3888
3978
3889
3979
5235
3881
3890
3980
3882
3891
3981
3883
3892
3982
3884
3893
3983
3885
3894
3984
3886
3895
3985
3887
3896
3986
3888
3897
3987
3889
3898
3988
3899
3989
5236
3891
3900
3990
3892
3901
3991
3893
3902
3992
3894
3903
3993
3895
3904
3994
3896
3905
3995
3897
3906
3996
3898
3907
3997
3899
3908
3998
3909
3999
5237
3901
3910
4000
3902
3911
4001
3903
3912
4002
3904
3913
4003
3905
3914
4004
3906
3915
4005
3907
3916
4006
3908
3917
4007
3909
3918
4008
3919
4009
5238
3911
4010
3912
4011
3913
4012
3914
4013
3915
4014
3916
4015
3917
4016
3918
4017
3919
4018
4019
5239
3921
3930
4020
3922
3931
4021
3923
3932
4022
3924
3933
4023
3925
3934
4024
3926
3935
4025
3927
3936
4026
3928
3937
4027
3929
3938
4028
3939
4029
5240
3931
3940
4030
3932
3941
4031
3933
3942
4032
3934
3943
4033
3935
3944
4034
3936
3945
4035
3937
3946
4036
3938
3947
4037
3939
3948
4038
3949
4039
5241
3941
3950
4040
3942
3951
4041
3943
3952
4042
3944
3953
4043
3945
3954
4044
3946
3955
4045
3947
3956
4046
3948
3957
4047
3949
3958
4048
3959
4049
5242
3951
3960
4050
3952
3961
4051
3953
3962
4052
3954
3963
4053
3955
3964
4054
3956
3965
4055
3957
3966
4056
3958
3967
4057
3959
3968
4058
3969
4059
5243
3961
3970
4060
3962
3971
4061
3963
3972
4062
3964
3973
4063
3965
3974
4064
3966
3975
4065
3967
3976
4066
3968
3977
4067
3969
3978
4068
3979
4069
5244
3971
3980
4070
3972
3981
4071
3973
3982
4072
3974
3983
4073
3975
3984
4074
3976
3985
4075
3977
3986
4076
3978
3987
4077
3979
3988
4078
3989
4079
5245
3981
3990
4080
3982
3991
4081
3983
3992
4082
3984
3993
4083
3985
3994
4084
3986
3995
4085
3987
3996
4086
3988
3997
4087
3989
3998
4088
3999
4089
5246
3991
4000
4090
3992
4001
4091
3993
4002
4092
3994
4003
4093
3995
4004
4094
3996
4005
4095
3997
4006
4096
3998
4007
4097
3999
4008
4098
4009
4099
5247
4001
4010
4100
4002
4011
4101
4003
4012
4102
4004
4013
4103
4005
4014
4104
4006
4015
4105
4007
4016
4106
4008
4017
4107
4009
4018
4108
4019
4109
5248
4011
4110
4012
4111
4013
4112
4014
4113
4015
4114
4016
4115
4017
4116
4018
4117
4019
4118
4119
5249
4021
4030
4120
4022
4031
4121
4023
4032
4122
4024
4033
4123
4025
4034
4124
4026
4035
4125
4027
4036
4126
4028
4037
4127
4029
4038
4128
4039
4129
5250
4031
4040
4130
4032
4041
4131
4033
4042
4132
4034
4043
4133
4035
4044
4134
4036
4045
4135
4037
4046
4136
4038
4047
4137
4039
4048
4138
4049
4139
5251
4041
4050
4140
4042
4051
4141
4043
4052
4142
4044
4053
4143
4045
4054
4144
4046
4055
4145
4047
4056
4146
4048
4057
4147
4049
4058
4148
4059
4149
5252
4051
4060
4150
4052
4061
4151
4053
4062
4152
4054
4063
4153
4055
4064
4154
4056
4065
4155
4057
4066
4156
4058
4067
4157
4059
4068
4158
4069
4159
5253
4061
4070
4160
4062
4071
4161
4063
4072
4162
4064
4073
4163
4065
4074
4164
4066
4075
4165
4067
4076
4166
4068
4077
4167
4069
4078
4168
4079
4169
5254
4071
4080
4170
4072
4081
4171
4073
4082
4172
4074
4083
4173
4075
4084
4174
4076
4085
4175
4077
4086
4176
4078
4087
4177
4079
4088
4178
4089
4179
5255
4081
4090
4180
4082
4091
4181
4083
4092
4182
4084
4093
4183
4085
4094
4184
4086
4095
4185
4087
4096
4186
4088
4097
4187
4089
4098
4188
4099
4189
5256
4091
4100
4190
4092
4101
4191
4093
4102
4192
4094
4103
4193
4095
4104
4194
4096
4105
4195
4097
4106
4196
4098
4107
4197
4099
4108
4198
4109
4199
5257
4101
4110
4200
4102
4111
4201
4103
4112
4202
4104
4113
4203
4105
4114
4204
4106
4115
4205
4107
4116
4206
4108
4117
4207
4109
4118
4208
4119
4209
5258
4111
4210
4112
4211
4113
4212
4114
4213
4115
4214
4116
4215
4117
4216
4118
4217
4119
4218
4219
5259
4121
4130
4220
4122
4131
4221
4123
4132
4222
4124
4133
4223
4125
4134
4224
4126
4135
4225
4127
4136
4226
4128
4137
4227
4129
4138
4228
4139
4229
5260
4131
4140
4230
4132
4141
4231
4133
4142
4232
4134
4143
4233
4135
4144
4234
4136
4145
4235
4137
4146
4236
4138
4147
4237
4139
4148
4238
4149
4239
5261
4141
4150
4240
4142
4151
4241
4143
4152
4242
4144
4153
4243
4145
4154
4244
4146
4155
4245
4147
4156
4246
4148
4157
4247
4149
4158
4248
4159
4249
5262
4151
4160
4250
4152
4161
4251
4153
4162
4252
4154
4163
4253
4155
4164
4254
4156
4165
4255
4157
4166
4256
4158
4167
4257
4159
4168
4258
4169
4259
5263
4161
4170
4260
4162
4171
4261
4163
4172
4262
4164
4173
4263
4165
4174
4264
4166
4175
4265
4167
4176
4266
4168
4177
4267
4169
4178
4268
4179
4269
5264
4171
4180
4270
4172
4181
4271
4173
4182
4272
4174
4183
4273
4175
4184
4274
4176
4185
4275
4177
4186
4276
4178
4187
4277
4179
4188
4278
4189
4279
5265
4181
4190
4280
4182
4191
4281
4183
4192
4282
4184
4193
4283
4185
4194
4284
4186
4195
4285
4187
4196
4286
4188
4197
4287
4189
4198
4288
4199
4289
5266
4191
4200
4290
4192
4201
4291
4193
4202
4292
4194
4203
4293
4195
4204
4294
4196
4205
4295
4197
4206
4296
4198
4207
4297
4199
4208
4298
4209
4299
5267
4201
4210
4300
4202
4211
4301
4203
4212
4302
4204
4213
4303
4205
4214
4304
4206
4215
4305
4207
4216
4306
4208
4217
4307
4209
4218
4308
4219
4309
5268
4211
4310
4212
4311
4213
4312
4214
4313
4215
4314
4216
4315
4217
4316
4218
4317
4219
4318
4319
5269
4221
4230
4320
4222
4231
4321
4223
4232
4322
4224
4233
4323
4225
4234
4324
4226
4235
4325
4227
4236
4326
4228
4237
4327
4229
4238
4328
4239
4329
5270
4231
4240
4330
4232
4241
4331
4233
4242
4332
4234
4243
4333
4235
4244
4334
4236
4245
4335
4237
4246
4336
4238
4247
4337
4239
4248
4338
4249
4339
5271
4241
4250
4340
4242
4251
4341
4243
4252
4342
4244
4253
4343
4245
4254
4344
4246
4255
4345
4247
4256
4346
4248
4257
4347
4249
4258
4348
4259
4349
5272
4251
4260
4350
4252
4261
4351
4253
4262
4352
4254
4263
4353
4255
4264
4354
4256
4265
4355
4257
4266
4356
4258
4267
4357
4259
4268
4358
4269
4359
5273
4261
4270
4360
4262
4271
4361
4263
4272
4362
4264
4273
4363
4265
4274
4364
4266
4275
4365
4267
4276
4366
4268
4277
4367
4269
4278
4368
4279
4369
5274
4271
4280
4370
4272
4281
4371
4273
4282
4372
4274
4283
4373
4275
4284
4374
4276
4285
4375
4277
4286
4376
4278
4287
4377
4279
4288
4378
4289
4379
5275
4281
4290
4380
4282
4291
4381
4283
4292
4382
4284
4293
4383
4285
4294
4384
4286
4295
4385
4287
4296
4386
4288
4297
4387
4289
4298
4388
4299
4389
5276
4291
4300
4390
4292
4301
4391
4293
4302
4392
4294
4303
4393
4295
4304
4394
4296
4305
4395
4297
4306
4396
4298
4307
4397
4299
4308
4398
4309
4399
5277
4301
4310
4400
4302
4311
4401
4303
4312
4402
4304
4313
4403
4305
4314
4404
4306
4315
4405
4307
4316
4406
4308
4317
4407
4309
4318
4408
4319
4409
5278
4311
4410
4312
4411
4313
4412
4314
4413
4315
4414
4316
4415
4317
4416
4318
4417
4319
4418
4419
5279
4321
4330
4420
4322
4331
4421
4323
4332
4422
4324
4333
4423
4325
4334
4424
4326
4335
4425
4327
4336
4426
4328
4337
4427
4329
4338
4428
4339
4429
5280
4331
4340
4430
4332
4341
4431
4333
4342
4432
4334
4343
4433
4335
4344
4434
4336
4345
4435
4337
4346
4436
4338
4347
4437
4339
4348
4438
4349
4439
5281
4341
4350
4440
4342
4351
4441
4343
4352
4442
4344
4353
4443
4345
4354
4444
4346
4355
4445
4347
4356
4446
4348
4357
4447
4349
4358
4448
4359
4449
5282
4351
4360
4450
4352
4361
4451
4353
4362
4452
4354
4363
4453
4355
4364
4454
4356
4365
4455
4357
4366
4456
4358
4367
4457
4359
4368
4458
4369
4459
5283
4361
4370
4460
4362
4371
4461
4363
4372
4462
4364
4373
4463
4365
4374
4464
4366
4375
4465
4367
4376
4466
4368
4377
4467
4369
4378
4468
4379
4469
5284
4371
4380
4470
4372
4381
4471
4373
4382
4472
4374
4383
4473
4375
4384
4474
4376
4385
4475
4377
4386
4476
4378
4387
4477
4379
4388
4478
4389
4479
5285
4381
4390
4480
4382
4391
4481
4383
4392
4482
4384
4393
4483
4385
4394
4484
4386
4395
4485
4387
4396
4486
4388
4397
4487
4389
4398
4488
4399
4489
5286
4391
4400
4490
4392
4401
4491
4393
4402
4492
4394
4403
4493
4395
4404
4494
4396
4405
4495
4397
4406
4496
4398
4407
4497
4399
4408
4498
4409
4499
5287
4401
4410
4500
4402
4411
4501
4403
4412
4502
4404
4413
4503
4405
4414
4504
4406
4415
4505
4407
4416
4506
4408
4417
4507
4409
4418
4508
4419
4509
5288
4411
4510
4412
4511
4413
4512
4414
4513
4415
4514
4416
4515
4417
4516
4418
4517
4419
4518
4519
5289
4421
4430
4520
4422
4431
4521
4423
4432
4522
4424
4433
4523
4425
4434
4524
4426
4435
4525
4427
4436
4526
4428
4437
4527
4429
4438
4528
4439
4529
5290
4431
4440
4530
4432
4441
4531
4433
4442
4532
4434
4443
4533
4435
4444
4534
4436
4445
4535
4437
4446
4536
4438
4447
4537
4439
4448
4538
4449
4539
5291
4441
4450
4540
4442
4451
4541
4443
4452
4542
4444
4453
4543
4445
4454
4544
4446
4455
4545
4447
4456
4546
4448
4457
4547
4449
4458
4548
4459
4549
5292
4451
4460
4550
4452
4461
4551
4453
4462
4552
4454
4463
4553
4455
4464
4554
4456
4465
4555
4457
4466
4556
4458
4467
4557
4459
4468
4558
4469
4559
5293
4461
4470
4560
4462
4471
4561
4463
4472
4562
4464
4473
4563
4465
4474
4564
4466
4475
4565
4467
4476
4566
4468
4477
4567
4469
4478
4568
4479
4569
5294
4471
4480
4570
4472
4481
4571
4473
4482
4572
4474
4483
4573
4475
4484
4574
4476
4485
4575
4477
4486
4576
4478
4487
4577
4479
4488
4578
4489
4579
5295
4481
4490
4580
4482
4491
4581
4483
4492
4582
4484
4493
4583
4485
4494
4584
4486
4495
4585
4487
4496
4586
4488
4497
4587
4489
4498
4588
4499
4589
5296
4491
4500
4590
4492
4501
4591
4493
4502
4592
4494
4503
4593
4495
4504
4594
4496
4505
4595
4497
4506
4596
4498
4507
4597
4499
4508
4598
4509
4599
5297
4501
4510
4600
4502
4511
4601
4503
4512
4602
4504
4513
4603
4505
4514
4604
4506
4515
4605
4507
4516
4606
4508
4517
4607
4509
4518
4608
4519
4609
5298
4511
4610
4512
4611
4513
4612
4514
4613
4515
4614
4516
4615
4517
4616
4518
4617
4519
4618
4619
5299
4521
4530
4620
4522
4531
4621
4523
4532
4622
4524
4533
4623
4525
4534
4624
4526
4535
4625
4527
4536
4626
4528
4537
4627
4529
4538
4628
4539
4629
5300
4531
4540
4630
4532
4541
4631
4533
4542
4632
4534
4543
4633
4535
4544
4634
4536
4545
4635
4537
4546
4636
4538
4547
4637
4539
4548
4638
4549
4639
5301
4541
4550
4640
4542
4551
4641
4543
4552
4642
4544
4553
4643
4545
4554
4644
4546
4555
4645
4547
4556
4646
4548
4557
4647
4549
4558
4648
4559
4649
5302
4551
4560
4650
4552
4561
4651
4553
4562
4652
4554
4563
4653
4555
4564
4654
4556
4565
4655
4557
4566
4656
4558
4567
4657
4559
4568
4658
4569
4659
5303
4561
4570
4660
4562
4571
4661
4563
4572
4662
4564
4573
4663
4565
4574
4664
4566
4575
4665
4567
4576
4666
4568
4577
4667
4569
4578
4668
4579
4669
5304
4571
4580
4670
4572
4581
4671
4573
4582
4672
4574
4583
4673
4575
4584
4674
4576
4585
4675
4577
4586
4676
4578
4587
4677
4579
4588
4678
4589
4679
5305
4581
4590
4680
4582
4591
4681
4583
4592
4682
4584
4593
4683
4585
4594
4684
4586
4595
4685
4587
4596
4686
4588
4597
4687
4589
4598
4688
4599
4689
5306
4591
4600
4690
4592
4601
4691
4593
4602
4692
4594
4603
4693
4595
4604
4694
4596
4605
4695
4597
4606
4696
4598
4607
4697
4599
4608
4698
4609
4699
5307
4601
4610
4700
4602
4611
4701
4603
4612
4702
4604
4613
4703
4605
4614
4704
4606
4615
4705
4607
4616
4706
4608
4617
4707
4609
4618
4708
4619
4709
5308
4611
4710
4612
4711
4613
4712
4614
4713
4615
4714
4616
4715
4617
4716
4618
4717
4619
4718
4719
5309
4621
4630
4720
4622
4631
4721
4623
4632
4722
4624
4633
4723
4625
4634
4724
4626
4635
4725
4627
4636
4726
4628
4637
4727
4629
4638
4728
4639
4729
5310
4631
4640
4730
4632
4641
4731
4633
4642
4732
4634
4643
4733
4635
4644
4734
4636
4645
4735
4637
4646
4736
4638
4647
4737
4639
4648
4738
4649
4739
5311
4641
4650
4740
4642
4651
4741
4643
4652
4742
4644
4653
4743
4645
4654
4744
4646
4655
4745
4647
4656
4746
4648
4657
4747
4649
4658
4748
4659
4749
5312
4651
4660
4750
4652
4661
4751
4653
4662
4752
4654
4663
4753
4655
4664
4754
4656
4665
4755
4657
4666
4756
4658
4667
4757
4659
4668
4758
4669
4759
5313
4661
4670
4760
4662
4671
4761
4663
4672
4762
4664
4673
4763
4665
4674
4764
4666
4675
4765
4667
4676
4766
4668
4677
4767
4669
4678
4768
4679
4769
5314
4671
4680
4770
4672
4681
4771
4673
4682
4772
4674
4683
4773
4675
4684
4774
4676
4685
4775
4677
4686
4776
4678
4687
4777
4679
4688
4778
4689
4779
5315
4681
4690
4780
4682
4691
4781
4683
4692
4782
4684
4693
4783
4685
4694
4784
4686
4695
4785
4687
4696
4786
4688
4697
4787
4689
4698
4788
4699
4789
5316
4691
4700
4790
4692
4701
4791
4693
4702
4792
4694
4703
4793
4695
4704
4794
4696
4705
4795
4697
4706
4796
4698
4707
4797
4699
4708
4798
4709
4799
5317
4701
4710
4800
4702
4711
4801
4703
4712
4802
4704
4713
4803
4705
4714
4804
4706
4715
4805
4707
4716
4806
4708
4717
4807
4709
4718
4808
4719
4809
5318
4711
4810
4712
4811
4713
4812
4714
4813
4715
4814
4716
4815
4717
4816
4718
4817
4719
4818
4819
5319
4721
4730
4820
4722
4731
4821
4723
4732
4822
4724
4733
4823
4725
4734
4824
4726
4735
4825
4727
4736
4826
4728
4737
4827
4729
4738
4828
4739
4829
5320
4731
4740
4830
4732
4741
4831
4733
4742
4832
4734
4743
4833
4735
4744
4834
4736
4745
4835
4737
4746
4836
4738
4747
4837
4739
4748
4838
4749
4839
5321
4741
4750
4840
4742
4751
4841
4743
4752
4842
4744
4753
4843
4745
4754
4844
4746
4755
4845
4747
4756
4846
4748
4757
4847
4749
4758
4848
4759
4849
5322
4751
4760
4850
4752
4761
4851
4753
4762
4852
4754
4763
4853
4755
4764
4854
4756
4765
4855
4757
4766
4856
4758
4767
4857
4759
4768
4858
4769
4859
5323
4761
4770
4860
4762
4771
4861
4763
4772
4862
4764
4773
4863
4765
4774
4864
4766
4775
4865
4767
4776
4866
4768
4777
4867
4769
4778
4868
4779
4869
5324
4771
4780
4870
4772
4781
4871
4773
4782
4872
4774
4783
4873
4775
4784
4874
4776
4785
4875
4777
4786
4876
4778
4787
4877
4779
4788
4878
4789
4879
5325
4781
4790
4880
4782
4791
4881
4783
4792
4882
4784
4793
4883
4785
4794
4884
4786
4795
4885
4787
4796
4886
4788
4797
4887
4789
4798
4888
4799
4889
5326
4791
4800
4890
4792
4801
4891
4793
4802
4892
4794
4803
4893
4795
4804
4894
4796
4805
4895
4797
4806
4896
4798
4807
4897
4799
4808
4898
4809
4899
5327
4801
4810
4900
4802
4811
4901
4803
4812
4902
4804
4813
4903
4805
4814
4904
4806
4815
4905
4807
4816
4906
4808
4817
4907
4809
4818
4908
4819
4909
5328
4811
4910
4812
4911
4813
4912
4814
4913
4815
4914
4816
4915
4817
4916
4818
4917
4819
4918
4919
5329
4821
4830
4920
4822
4831
4921
4823
4832
4922
4824
4833
4923
4825
4834
4924
4826
4835
4925
4827
4836
4926
4828
4837
4927
4829
4838
4928
4839
4929
5330
4831
4840
4930
4832
4841
4931
4833
4842
4932
4834
4843
4933
4835
4844
4934
4836
4845
4935
4837
4846
4936
4838
4847
4937
4839
4848
4938
4849
4939
5331
4841
4850
4940
4842
4851
4941
4843
4852
4942
4844
4853
4943
4845
4854
4944
4846
4855
4945
4847
4856
4946
4848
4857
4947
4849
4858
4948
4859
4949
5332
4851
4860
4950
4852
4861
4951
4853
4862
4952
4854
4863
4953
4855
4864
4954
4856
4865
4955
4857
4866
4956
4858
4867
4957
4859
4868
4958
4869
4959
5333
4861
4870
4960
4862
4871
4961
4863
4872
4962
4864
4873
4963
4865
4874
4964
4866
4875
4965
4867
4876
4966
4868
4877
4967
4869
4878
4968
4879
4969
5334
4871
4880
4970
4872
4881
4971
4873
4882
4972
4874
4883
4973
4875
4884
4974
4876
4885
4975
4877
4886
4976
4878
4887
4977
4879
4888
4978
4889
4979
5335
4881
4890
4980
4882
4891
4981
4883
4892
4982
4884
4893
4983
4885
4894
4984
4886
4895
4985
4887
4896
4986
4888
4897
4987
4889
4898
4988
4899
4989
5336
4891
4900
4990
4892
4901
4991
4893
4902
4992
4894
4903
4993
4895
4904
4994
4896
4905
4995
4897
4906
4996
4898
4907
4997
4899
4908
4998
4909
4999
5337
4901
4910
5000
4902
4911
5001
4903
4912
5002
4904
4913
5003
4905
4914
5004
4906
4915
5005
4907
4916
5006
4908
4917
5007
4909
4918
5008
4919
5009
5338
4911
5010
4912
5011
4913
5012
4914
5013
4915
5014
4916
5015
4917
5016
4918
5017
4919
5018
5019
5339
4921
4930
5020
4922
4931
5021
4923
4932
5022
4924
4933
5023
4925
4934
5024
4926
4935
5025
4927
4936
5026
4928
4937
5027
4929
4938
5028
4939
5029
5340
4931
4940
5030
4932
4941
5031
4933
4942
5032
4934
4943
5033
4935
4944
5034
4936
4945
5035
4937
4946
5036
4938
4947
5037
4939
4948
5038
4949
5039
5341
4941
4950
5040
4942
4951
5041
4943
4952
5042
4944
4953
5043
4945
4954
5044
4946
4955
5045
4947
4956
5046
4948
4957
5047
4949
4958
5048
4959
5049
5342
4951
4960
5050
4952
4961
5051
4953
4962
5052
4954
4963
5053
4955
4964
5054
4956
4965
5055
4957
4966
5056
4958
4967
5057
4959
4968
5058
4969
5059
5343
4961
4970
5060
4962
4971
5061
4963
4972
5062
4964
4973
5063
4965
4974
5064
4966
4975
5065
4967
4976
5066
4968
4977
5067
4969
4978
5068
4979
5069
5344
4971
4980
5070
4972
4981
5071
4973
4982
5072
4974
4983
5073
4975
4984
5074
4976
4985
5075
4977
4986
5076
4978
4987
5077
4979
4988
5078
4989
5079
5345
4981
4990
5080
4982
4991
5081
4983
4992
5082
4984
4993
5083
4985
4994
5084
4986
4995
5085
4987
4996
5086
4988
4997
5087
4989
4998
5088
4999
5089
5346
4991
5000
5090
4992
5001
5091
4993
5002
5092
4994
5003
5093
4995
5004
5094
4996
5005
5095
4997
5006
5096
4998
5007
5097
4999
5008
5098
5009
5099
5347
5001
5010
5100
5002
5011
5101
5003
5012
5102
5004
5013
5103
5005
5014
5104
5006
5015
5105
5007
5016
5106
5008
5017
5107
5009
5018
5108
5019
5109
5348
5011
5110
5012
5111
5013
5112
5014
5113
5015
5114
5016
5115
5017
5116
5018
5117
5019
5118
5119
5349
5021
5030
5120
5022
5031
5121
5023
5032
5122
5024
5033
5123
5025
5034
5124
5026
5035
5125
5027
5036
5126
5028
5037
5127
5029
5038
5128
5039
5129
5350
5031
5040
5130
5032
5041
5131
5033
5042
5132
5034
5043
5133
5035
5044
5134
5036
5045
5135
5037
5046
5136
5038
5047
5137
5039
5048
5138
5049
5139
5351
5041
5050
5140
5042
5051
5141
5043
5052
5142
5044
5053
5143
5045
5054
5144
5046
5055
5145
5047
5056
5146
5048
5057
5147
5049
5058
5148
5059
5149
5352
5051
5060
5150
5052
5061
5151
5053
5062
5152
5054
5063
5153
5055
5064
5154
5056
5065
5155
5057
5066
5156
5058
5067
5157
5059
5068
5158
5069
5159
5353
5061
5070
5160
5062
5071
5161
5063
5072
5162
5064
5073
5163
5065
5074
5164
5066
5075
5165
5067
5076
5166
5068
5077
5167
5069
5078
5168
5079
5169
5354
5071
5080
5170
5072
5081
5171
5073
5082
5172
5074
5083
5173
5075
5084
5174
5076
5085
5175
5077
5086
5176
5078
5087
5177
5079
5088
5178
5089
5179
5355
5081
5090
5180
5082
5091
5181
5083
5092
5182
5084
5093
5183
5085
5094
5184
5086
5095
5185
5087
5096
5186
5088
5097
5187
5089
5098
5188
5099
5189
5356
5091
5100
5190
5092
5101
5191
5093
5102
5192
5094
5103
5193
5095
5104
5194
5096
5105
5195
5097
5106
5196
5098
5107
5197
5099
5108
5198
5109
5199
5357
5101
5110
5200
5102
5111
5201
5103
5112
5202
5104
5113
5203
5105
5114
5204
5106
5115
5205
5107
5116
5206
5108
5117
5207
5109
5118
5208
5119
5209
5358
5111
5210
5112
5211
5113
5212
5114
5213
5115
5214
5116
5215
5117
5216
5118
5217
5119
5218
5219
5359
5121
5130
5122
5131
5123
5132
5124
5133
5125
5134
5126
5135
5127
5136
5128
5137
5129
5138
5139
5360
5131
5140
5132
5141
5133
5142
5134
5143
5135
5144
5136
5145
5137
5146
5138
5147
5139
5148
5149
5361
5141
5150
5142
5151
5143
5152
5144
5153
5145
5154
5146
5155
5147
5156
5148
5157
5149
5158
5159
5362
5151
5160
5152
5161
5153
5162
5154
5163
5155
5164
5156
5165
5157
5166
5158
5167
5159
5168
5169
5363
5161
5170
5162
5171
5163
5172
5164
5173
5165
5174
5166
5175
5167
5176
5168
5177
5169
5178
5179
5364
5171
5180
5172
5181
5173
5182
5174
5183
5175
5184
5176
5185
5177
5186
5178
5187
5179
5188
5189
5365
5181
5190
5182
5191
5183
5192
5184
5193
5185
5194
5186
5195
5187
5196
5188
5197
5189
5198
5199
5366
5191
5200
5192
5201
5193
5202
5194
5203
5195
5204
5196
5205
5197
5206
5198
5207
5199
5208
5209
5367
5201
5210
5202
5211
5203
5212
5204
5213
5205
5214
5206
5215
5207
5216
5208
5217
5209
5218
5219
5368
5211
5212
5213
5214
5215
5216
5217
5218
5219
5369
5221
5230
5370
5222
5231
5374
5223
5232
5378
5224
5233
5382
5225
5234
5386
5226
5235
5390
5227
5236
5394
5228
5237
5398
5229
5238
5402
5239
5406
5231
5240
5410
5232
5241
5414
5233
5242
5418
5234
5243
5422
5235
5244
5426
5236
5245
5430
5237
5246
5434
5238
5247
5438
5239
5248
5442
5249
5446
5241
5250
5450
5242
5251
5454
5243
5252
5458
5244
5253
5462
5245
5254
5466
5246
5255
5470
5247
5256
5474
5248
5257
5478
5249
5258
5482
5259
5486
5251
5260
5490
5252
5261
5494
5253
5262
5498
5254
5263
5502
5255
5264
5506
5256
5265
5510
5257
5266
5514
5258
5267
5518
5259
5268
5522
5269
5526
5261
5270
5530
5262
5271
5534
5263
5272
5538
5264
5273
5542
5265
5274
5546
5266
5275
5550
5267
5276
5554
5268
5277
5558
5269
5278
5562
5279
5566
5271
5280
5570
5272
5281
5574
5273
5282
5578
5274
5283
5582
5275
5284
5586
5276
5285
5590
5277
5286
5594
5278
5287
5598
5279
5288
5602
5289
5606
5281
5290
5610
5282
5291
5614
5283
5292
5618
5284
5293
5622
5285
5294
5626
5286
5295
5630
5287
5296
5634
5288
5297
5638
5289
5298
5642
5299
5646
5291
5300
5650
5292
5301
5654
5293
5302
5658
5294
5303
5662
5295
5304
5666
5296
5305
5670
5297
5306
5674
5298
5307
5678
5299
5308
5682
5309
5686
5301
5310
5690
5302
5311
5694
5303
5312
5698
5304
5313
5702
5305
5314
5706
5306
5315
5710
5307
5316
5714
5308
5317
5718
5309
5318
5722
5319
5726
5311
5320
5730
5312
5321
5734
5313
5322
5738
5314
5323
5742
5315
5324
5746
5316
5325
5750
5317
5326
5754
5318
5327
5758
5319
5328
5762
5329
5766
5321
5330
5770
5322
5331
5774
5323
5332
5778
5324
5333
5782
5325
5334
5786
5326
5335
5790
5327
5336
5794
5328
5337
5798
5329
5338
5802
5339
5806
5331
5340
5810
5332
5341
5814
5333
5342
5818
5334
5343
5822
5335
5344
5826
5336
5345
5830
5337
5346
5834
5338
5347
5838
5339
5348
5842
5349
5846
5341
5350
5850
5342
5351
5854
5343
5352
5858
5344
5353
5862
5345
5354
5866
5346
5355
5870
5347
5356
5874
5348
5357
5878
5349
5358
5882
5359
5886
5351
5360
5890
5352
5361
5894
5353
5362
5898
5354
5363
5902
5355
5364
5906
5356
5365
5910
5357
5366
5914
5358
5367
5918
5359
5368
5922
5369
5926
5361
5930
5362
5934
5363
5938
5364
5942
5365
5946
5366
5950
5367
5954
5368
5958
5369
5962
5966
5371
5374
5410
5372
5375
5411
5373
5376
5412
5377
5413
5970
5375
5378
5414
5376
5379
5415
5377
5380
5416
5381
5417
5971
5379
5382
5418
5380
5383
5419
5381
5384
5420
5385
5421
5972
5383
5386
5422
5384
5387
5423
5385
5388
5424
5389
5425
5973
5387
5390
5426
5388
5391
5427
5389
5392
5428
5393
5429
5974
5391
5394
5430
5392
5395
5431
5393
5396
5432
5397
5433
5975
5395
5398
5434
5396
5399
5435
5397
5400
5436
5401
5437
5976
5399
5402
5438
5400
5403
5439
5401
5404
5440
5405
5441
5977
5403
5406
5442
5404
5407
5443
5405
5408
5444
5409
5445
5978
5407
5446
5408
5447
5409
5448
5449
5979
5411
5414
5450
5412
5415
5451
5413
5416
5452
5417
5453
5980
5415
5418
5454
5416
5419
5455
5417
5420
5456
5421
5457
5981
5419
5422
5458
5420
5423
5459
5421
5424
5460
5425
5461
5982
5423
5426
5462
5424
5427
5463
5425
5428
5464
5429
5465
5983
5427
5430
5466
5428
5431
5467
5429
5432
5468
5433
5469
5984
5431
5434
5470
5432
5435
5471
5433
5436
5472
5437
5473
5985
5435
5438
5474
5436
5439
5475
5437
5440
5476
5441
5477
5986
5439
5442
5478
5440
5443
5479
5441
5444
5480
5445
5481
5987
5443
5446
5482
5444
5447
5483
5445
5448
5484
5449
5485
5988
5447
5486
5448
5487
5449
5488
5489
5989
5451
5454
5490
5452
5455
5491
5453
5456
5492
5457
5493
5990
5455
5458
5494
5456
5459
5495
5457
5460
5496
5461
5497
5991
5459
5462
5498
5460
5463
5499
5461
5464
5500
5465
5501
5992
5463
5466
5502
5464
5467
5503
5465
5468
5504
5469
5505
5993
5467
5470
5506
5468
5471
5507
5469
5472
5508
5473
5509
5994
5471
5474
5510
5472
5475
5511
5473
5476
5512
5477
5513
5995
5475
5478
5514
5476
5479
5515
5477
5480
5516
5481
5517
5996
5479
5482
5518
5480
5483
5519
5481
5484
5520
5485
5521
5997
5483
5486
5522
5484
5487
5523
5485
5488
5524
5489
5525
5998
5487
5526
5488
5527
5489
5528
5529
5999
5491
5494
5530
5492
5495
5531
5493
5496
5532
5497
5533
6000
5495
5498
5534
5496
5499
5535
5497
5500
5536
5501
5537
6001
5499
5502
5538
5500
5503
5539
5501
5504
5540
5505
5541
6002
5503
5506
5542
5504
5507
5543
5505
5508
5544
5509
5545
6003
5507
5510
5546
5508
5511
5547
5509
5512
5548
5513
5549
6004
5511
5514
5550
5512
5515
5551
5513
5516
5552
5517
5553
6005
5515
5518
5554
5516
5519
5555
5517
5520
5556
5521
5557
6006
5519
5522
5558
5520
5523
5559
5521
5524
5560
5525
5561
6007
5523
5526
5562
5524
5527
5563
5525
5528
5564
5529
5565
6008
5527
5566
5528
5567
5529
5568
5569
6009
5531
5534
5570
5532
5535
5571
5533
5536
5572
5537
5573
6010
5535
5538
5574
5536
5539
5575
5537
5540
5576
5541
5577
6011
5539
5542
5578
5540
5543
5579
5541
5544
5580
5545
5581
6012
5543
5546
5582
5544
5547
5583
5545
5548
5584
5549
5585
6013
5547
5550
5586
5548
5551
5587
5549
5552
5588
5553
5589
6014
5551
5554
5590
5552
5555
5591
5553
5556
5592
5557
5593
6015
5555
5558
5594
5556
5559
5595
5557
5560
5596
5561
5597
6016
5559
5562
5598
5560
5563
5599
5561
5564
5600
5565
5601
6017
5563
5566
5602
5564
5567
5603
5565
5568
5604
5569
5605
6018
5567
5606
5568
5607
5569
5608
5609
6019
5571
5574
5610
5572
5575
5611
5573
5576
5612
5577
5613
6020
5575
5578
5614
5576
5579
5615
5577
5580
5616
5581
5617
6021
5579
5582
5618
5580
5583
5619
5581
5584
5620
5585
5621
6022
5583
5586
5622
5584
5587
5623
5585
5588
5624
5589
5625
6023
5587
5590
5626
5588
5591
5627
5589
5592
5628
5593
5629
6024
5591
5594
5630
5592
5595
5631
5593
5596
5632
5597
5633
6025
5595
5598
5634
5596
5599
5635
5597
5600
5636
5601
5637
6026
5599
5602
5638
5600
5603
5639
5601
5604
5640
5605
5641
6027
5603
5606
5642
5604
5607
5643
5605
5608
5644
5609
5645
6028
5607
5646
5608
5647
5609
5648
5649
6029
5611
5614
5650
5612
5615
5651
5613
5616
5652
5617
5653
6030
5615
5618
5654
5616
5619
5655
5617
5620
5656
5621
5657
6031
5619
5622
5658
5620
5623
5659
5621
5624
5660
5625
5661
6032
5623
5626
5662
5624
5627
5663
5625
5628
5664
5629
5665
6033
5627
5630
5666
5628
5631
5667
5629
5632
5668
5633
5669
6034
5631
5634
5670
5632
5635
5671
5633
5636
5672
5637
5673
6035
5635
5638
5674
5636
5639
5675
5637
5640
5676
5641
5677
6036
5639
5642
5678
5640
5643
5679
5641
5644
5680
5645
5681
6037
5643
5646
5682
5644
5647
5683
5645
5648
5684
5649
5685
6038
5647
5686
5648
5687
5649
5688
5689
6039
5651
5654
5690
5652
5655
5691
5653
5656
5692
5657
5693
6040
5655
5658
5694
5656
5659
5695
5657
5660
5696
5661
5697
6041
5659
5662
5698
5660
5663
5699
5661
5664
5700
5665
5701
6042
5663
5666
5702
5664
5667
5703
5665
5668
5704
5669
5705
6043
5667
5670
5706
5668
5671
5707
5669
5672
5708
5673
5709
6044
5671
5674
5710
5672
5675
5711
5673
5676
5712
5677
5713
6045
5675
5678
5714
5676
5679
5715
5677
5680
5716
5681
5717
6046
5679
5682
5718
5680
5683
5719
5681
5684
5720
5685
5721
6047
5683
5686
5722
5684
5687
5723
5685
5688
5724
5689
5725
6048
5687
5726
5688
5727
5689
5728
5729
6049
5691
5694
5730
5692
5695
5731
5693
5696
5732
5697
5733
6050
5695
5698
5734
5696
5699
5735
5697
5700
5736
5701
5737
6051
5699
5702
5738
5700
5703
5739
5701
5704
5740
5705
5741
6052
5703
5706
5742
5704
5707
5743
5705
5708
5744
5709
5745
6053
5707
5710
5746
5708
5711
5747
5709
5712
5748
5713
5749
6054
5711
5714
5750
5712
5715
5751
5713
5716
5752
5717
5753
6055
5715
5718
5754
5716
5719
5755
5717
5720
5756
5721
5757
6056
5719
5722
5758
5720
5723
5759
5721
5724
5760
5725
5761
6057
5723
5726
5762
5724
5727
5763
5725
5728
5764
5729
5765
6058
5727
5766
5728
5767
5729
5768
5769
6059
5731
5734
5770
5732
5735
5771
5733
5736
5772
5737
5773
6060
5735
5738
5774
5736
5739
5775
5737
5740
5776
5741
5777
6061
5739
5742
5778
5740
5743
5779
5741
5744
5780
5745
5781
6062
5743
5746
5782
5744
5747
5783
5745
5748
5784
5749
5785
6063
5747
5750
5786
5748
5751
5787
5749
5752
5788
5753
5789
6064
5751
5754
5790
5752
5755
5791
5753
5756
5792
5757
5793
6065
5755
5758
5794
5756
5759
5795
5757
5760
5796
5761
5797
6066
5759
5762
5798
5760
5763
5799
5761
5764
5800
5765
5801
6067
5763
5766
5802
5764
5767
5803
5765
5768
5804
5769
5805
6068
5767
5806
5768
5807
5769
5808
5809
6069
5771
5774
5810
5772
5775
5811
5773
5776
5812
5777
5813
6070
5775
5778
5814
5776
5779
5815
5777
5780
5816
5781
5817
6071
5779
5782
5818
5780
5783
5819
5781
5784
5820
5785
5821
6072
5783
5786
5822
5784
5787
5823
5785
5788
5824
5789
5825
6073
5787
5790
5826
5788
5791
5827
5789
5792
5828
5793
5829
6074
5791
5794
5830
5792
5795
5831
5793
5796
5832
5797
5833
6075
5795
5798
5834
5796
5799
5835
5797
5800
5836
5801
5837
6076
5799
5802
5838
5800
5803
5839
5801
5804
5840
5805
5841
6077
5803
5806
5842
5804
5807
5843
5805
5808
5844
5809
5845
6078
5807
5846
5808
5847
5809
5848
5849
6079
5811
5814
5850
5812
5815
5851
5813
5816
5852
5817
5853
6080
5815
5818
5854
5816
5819
5855
5817
5820
5856
5821
5857
6081
5819
5822
5858
5820
5823
5859
5821
5824
5860
5825
5861
6082
5823
5826
5862
5824
5827
5863
5825
5828
5864
5829
5865
6083
5827
5830
5866
5828
5831
5867
5829
5832
5868
5833
5869
6084
5831
5834
5870
5832
5835
5871
5833
5836
5872
5837
5873
6085
5835
5838
5874
5836
5839
5875
5837
5840
5876
5841
5877
6086
5839
5842
5878
5840
5843
5879
5841
5844
5880
5845
5881
6087
5843
5846
5882
5844
5847
5883
5845
5848
5884
5849
5885
6088
5847
5886
5848
5887
5849
5888
5889
6089
5851
5854
5890
5852
5855
5891
5853
5856
5892
5857
5893
6090
5855
5858
5894
5856
5859
5895
5857
5860
5896
5861
5897
6091
5859
5862
5898
5860
5863
5899
5861
5864
5900
5865
5901
6092
5863
5866
5902
5864
5867
5903
5865
5868
5904
5869
5905
6093
5867
5870
5906
5868
5871
5907
5869
5872
5908
5873
5909
6094
5871
5874
5910
5872
5875
5911
5873
5876
5912
5877
5913
6095
5875
5878
5914
5876
5879
5915
5877
5880
5916
5881
5917
6096
5879
5882
5918
5880
5883
5919
5881
5884
5920
5885
5921
6097
5883
5886
5922
5884
5887
5923
5885
5888
5924
5889
5925
6098
5887
5926
5888
5927
5889
5928
5929
6099
5891
5894
5930
5892
5895
5931
5893
5896
5932
5897
5933
6100
5895
5898
5934
5896
5899
5935
5897
5900
5936
5901
5937
6101
5899
5902
5938
5900
5903
5939
5901
5904
5940
5905
5941
6102
5903
5906
5942
5904
5907
5943
5905
5908
5944
5909
5945
6103
5907
5910
5946
5908
5911
5947
5909
5912
5948
5913
5949
6104
5911
5914
5950
5912
5915
5951
5913
5916
5952
5917
5953
6105
5915
5918
5954
5916
5919
5955
5917
5920
5956
5921
5957
6106
5919
5922
5958
5920
5923
5959
5921
5924
5960
5925
5961
6107
5923
5926
5962
5924
5927
5963
5925
5928
5964
5929
5965
6108
5927
5966
5928
5967
5929
5968
5969
6109
5931
5934
5932
5935
5933
5936
5937
6110
5935
5938
5936
5939
5937
5940
5941
6111
5939
5942
5940
5943
5941
5944
5945
6112
5943
5946
5944
5947
5945
5948
5949
6113
5947
5950
5948
5951
5949
5952
5953
6114
5951
5954
5952
5955
5953
5956
5957
6115
5955
5958
5956
5959
5957
5960
5961
6116
5959
5962
5960
5963
5961
5964
5965
6117
5963
5966
5964
5967
5965
5968
5969
6118
5967
5968
5969
6119
5971
5980
6120
5972
5981
6124
5973
5982
6128
5974
5983
6132
5975
5984
6136
5976
5985
6140
5977
5986
6144
5978
5987
6148
5979
5988
6152
5989
6156
5981
5990
6160
5982
5991
6164
5983
5992
6168
5984
5993
6172
5985
5994
6176
5986
5995
6180
5987
5996
6184
5988
5997
6188
5989
5998
6192
5999
6196
5991
6000
6200
5992
6001
6204
5993
6002
6208
5994
6003
6212
5995
6004
6216
5996
6005
6220
5997
6006
6224
5998
6007
6228
5999
6008
6232
6009
6236
6001
6010
6240
6002
6011
6244
6003
6012
6248
6004
6013
6252
6005
6014
6256
6006
6015
6260
6007
6016
6264
6008
6017
6268
6009
6018
6272
6019
6276
6011
6020
6280
6012
6021
6284
6013
6022
6288
6014
6023
6292
6015
6024
6296
6016
6025
6300
6017
6026
6304
6018
6027
6308
6019
6028
6312
6029
6316
6021
6030
6320
6022
6031
6324
6023
6032
6328
6024
6033
6332
6025
6034
6336
6026
6035
6340
6027
6036
6344
6028
6037
6348
6029
6038
6352
6039
6356
6031
6040
6360
6032
6041
6364
6033
6042
6368
6034
6043
6372
6035
6044
6376
6036
6045
6380
6037
6046
6384
6038
6047
6388
6039
6048
6392
6049
6396
6041
6050
6400
6042
6051
6404
6043
6052
6408
6044
6053
6412
6045
6054
6416
6046
6055
6420
6047
6056
6424
6048
6057
6428
6049
6058
6432
6059
6436
6051
6060
6440
6052
6061
6444
6053
6062
6448
6054
6063
6452
6055
6064
6456
6056
6065
6460
6057
6066
6464
6058
6067
6468
6059
6068
6472
6069
6476
6061
6070
6480
6062
6071
6484
6063
6072
6488
6064
6073
6492
6065
6074
6496
6066
6075
6500
6067
6076
6504
6068
6077
6508
6069
6078
6512
6079
6516
6071
6080
6520
6072
6081
6524
6073
6082
6528
6074
6083
6532
6075
6084
6536
6076
6085
6540
6077
6086
6544
6078
6087
6548
6079
6088
6552
6089
6556
6081
6090
6560
6082
6091
6564
6083
6092
6568
6084
6093
6572
6085
6094
6576
6086
6095
6580
6087
6096
6584
6088
6097
6588
6089
6098
6592
6099
6596
6091
6100
6600
6092
6101
6604
6093
6102
6608
6094
6103
6612
6095
6104
6616
6096
6105
6620
6097
6106
6624
6098
6107
6628
6099
6108
6632
6109
6636
6101
6110
6640
6102
6111
6644
6103
6112
6648
6104
6113
6652
6105
6114
6656
6106
6115
6660
6107
6116
6664
6108
6117
6668
6109
6118
6672
6119
6676
6111
6680
6112
6684
6113
6688
6114
6692
6115
6696
6116
6700
6117
6704
6118
6708
6119
6712
6716
6121
6124
6160
6122
6125
6161
6123
6126
6162
6127
6163
6720
6125
6128
6164
6126
6129
6165
6127
6130
6166
6131
6167
6721
6129
6132
6168
6130
6133
6169
6131
6134
6170
6135
6171
6722
6133
6136
6172
6134
6137
6173
6135
6138
6174
6139
6175
6723
6137
6140
6176
6138
6141
6177
6139
6142
6178
6143
6179
6724
6141
6144
6180
6142
6145
6181
6143
6146
6182
6147
6183
6725
6145
6148
6184
6146
6149
6185
6147
6150
6186
6151
6187
6726
6149
6152
6188
6150
6153
6189
6151
6154
6190
6155
6191
6727
6153
6156
6192
6154
6157
6193
6155
6158
6194
6159
6195
6728
6157
6196
6158
6197
6159
6198
6199
6729
6161
6164
6200
6162
6165
6201
6163
6166
6202
6167
6203
6730
6165
6168
6204
6166
6169
6205
6167
6170
6206
6171
6207
6731
6169
6172
6208
6170
6173
6209
6171
6174
6210
6175
6211
6732
6173
6176
6212
6174
6177
6213
6175
6178
6214
6179
6215
6733
6177
6180
6216
6178
6181
6217
6179
6182
6218
6183
6219
6734
6181
6184
6220
6182
6185
6221
6183
6186
6222
6187
6223
6735
6185
6188
6224
6186
6189
6225
6187
6190
6226
6191
6227
6736
6189
6192
6228
6190
6193
6229
6191
6194
6230
6195
6231
6737
6193
6196
6232
6194
6197
6233
6195
6198
6234
6199
6235
6738
6197
6236
6198
6237
6199
6238
6239
6739
6201
6204
6240
6202
6205
6241
6203
6206
6242
6207
6243
6740
6205
6208
6244
6206
6209
6245
6207
6210
6246
6211
6247
6741
6209
6212
6248
6210
6213
6249
6211
6214
6250
6215
6251
6742
6213
6216
6252
6214
6217
6253
6215
6218
6254
6219
6255
6743
6217
6220
6256
6218
6221
6257
6219
6222
6258
6223
6259
6744
6221
6224
6260
6222
6225
6261
6223
6226
6262
6227
6263
6745
6225
6228
6264
6226
6229
6265
6227
6230
6266
6231
6267
6746
6229
6232
6268
6230
6233
6269
6231
6234
6270
6235
6271
6747
6233
6236
6272
6234
6237
6273
6235
6238
6274
6239
6275
6748
6237
6276
6238
6277
6239
6278
6279
6749
6241
6244
6280
6242
6245
6281
6243
6246
6282
6247
6283
6750
6245
6248
6284
6246
6249
6285
6247
6250
6286
6251
6287
6751
6249
6252
6288
6250
6253
6289
6251
6254
6290
6255
6291
6752
6253
6256
6292
6254
6257
6293
6255
6258
6294
6259
6295
6753
6257
6260
6296
6258
6261
6297
6259
6262
6298
6263
6299
6754
6261
6264
6300
6262
6265
6301
6263
6266
6302
6267
6303
6755
6265
6268
6304
6266
6269
6305
6267
6270
6306
6271
6307
6756
6269
6272
6308
6270
6273
6309
6271
6274
6310
6275
6311
6757
6273
6276
6312
6274
6277
6313
6275
6278
6314
6279
6315
6758
6277
6316
6278
6317
6279
6318
6319
6759
6281
6284
6320
6282
6285
6321
6283
6286
6322
6287
6323
6760
6285
6288
6324
6286
6289
6325
6287
6290
6326
6291
6327
6761
6289
6292
6328
6290
6293
6329
6291
6294
6330
6295
6331
6762
6293
6296
6332
6294
6297
6333
6295
6298
6334
6299
6335
6763
6297
6300
6336
6298
6301
6337
6299
6302
6338
6303
6339
6764
6301
6304
6340
6302
6305
6341
6303
6306
6342
6307
6343
6765
6305
6308
6344
6306
6309
6345
6307
6310
6346
6311
6347
6766
6309
6312
6348
6310
6313
6349
6311
6314
6350
6315
6351
6767
6313
6316
6352
6314
6317
6353
6315
6318
6354
6319
6355
6768
6317
6356
6318
6357
6319
6358
6359
6769
6321
6324
6360
6322
6325
6361
6323
6326
6362
6327
6363
6770
6325
6328
6364
6326
6329
6365
6327
6330
6366
6331
6367
6771
6329
6332
6368
6330
6333
6369
6331
6334
6370
6335
6371
6772
6333
6336
6372
6334
6337
6373
6335
6338
6374
6339
6375
6773
6337
6340
6376
6338
6341
6377
6339
6342
6378
6343
6379
6774
6341
6344
6380
6342
6345
6381
6343
6346
6382
6347
6383
6775
6345
6348
6384
6346
6349
6385
6347
6350
6386
6351
6387
6776
6349
6352
6388
6350
6353
6389
6351
6354
6390
6355
6391
6777
6353
6356
6392
6354
6357
6393
6355
6358
6394
6359
6395
6778
6357
6396
6358
6397
6359
6398
6399
6779
6361
6364
6400
6362
6365
6401
6363
6366
6402
6367
6403
6780
6365
6368
6404
6366
6369
6405
6367
6370
6406
6371
6407
6781
6369
6372
6408
6370
6373
6409
6371
6374
6410
6375
6411
6782
6373
6376
6412
6374
6377
6413
6375
6378
6414
6379
6415
6783
6377
6380
6416
6378
6381
6417
6379
6382
6418
6383
6419
6784
6381
6384
6420
6382
6385
6421
6383
6386
6422
6387
6423
6785
6385
6388
6424
6386
6389
6425
6387
6390
6426
6391
6427
6786
6389
6392
6428
6390
6393
6429
6391
6394
6430
6395
6431
6787
6393
6396
6432
6394
6397
6433
6395
6398
6434
6399
6435
6788
6397
6436
6398
6437
6399
6438
6439
6789
6401
6404
6440
6402
6405
6441
6403
6406
6442
6407
6443
6790
6405
6408
6444
6406
6409
6445
6407
6410
6446
6411
6447
6791
6409
6412
6448
6410
6413
6449
6411
6414
6450
6415
6451
6792
6413
6416
6452
6414
6417
6453
6415
6418
6454
6419
6455
6793
6417
6420
6456
6418
6421
6457
6419
6422
6458
6423
6459
6794
6421
6424
6460
6422
6425
6461
6423
6426
6462
6427
6463
6795
6425
6428
6464
6426
6429
6465
6427
6430
6466
6431
6467
6796
6429
6432
6468
6430
6433
6469
6431
6434
6470
6435
6471
6797
6433
6436
6472
6434
6437
6473
6435
6438
6474
6439
6475
6798
6437
6476
6438
6477
6439
6478
6479
6799
6441
6444
6480
6442
6445
6481
6443
6446
6482
6447
6483
6800
6445
6448
6484
6446
6449
6485
6447
6450
6486
6451
6487
6801
6449
6452
6488
6450
6453
6489
6451
6454
6490
6455
6491
6802
6453
6456
6492
6454
6457
6493
6455
6458
6494
6459
6495
6803
6457
6460
6496
6458
6461
6497
6459
6462
6498
6463
6499
6804
6461
6464
6500
6462
6465
6501
6463
6466
6502
6467
6503
6805
6465
6468
6504
6466
6469
6505
6467
6470
6506
6471
6507
6806
6469
6472
6508
6470
6473
6509
6471
6474
6510
6475
6511
6807
6473
6476
6512
6474
6477
6513
6475
6478
6514
6479
6515
6808
6477
6516
6478
6517
6479
6518
6519
6809
6481
6484
6520
6482
6485
6521
6483
6486
6522
6487
6523
6810
6485
6488
6524
6486
6489
6525
6487
6490
6526
6491
6527
6811
6489
6492
6528
6490
6493
6529
6491
6494
6530
6495
6531
6812
6493
6496
6532
6494
6497
6533
6495
6498
6534
6499
6535
6813
6497
6500
6536
6498
6501
6537
6499
6502
6538
6503
6539
6814
6501
6504
6540
6502
6505
6541
6503
6506
6542
6507
6543
6815
6505
6508
6544
6506
6509
6545
6507
6510
6546
6511
6547
6816
6509
6512
6548
6510
6513
6549
6511
6514
6550
6515
6551
6817
6513
6516
6552
6514
6517
6553
6515
6518
6554
6519
6555
6818
6517
6556
6518
6557
6519
6558
6559
6819
6521
6524
6560
6522
6525
6561
6523
6526
6562
6527
6563
6820
6525
6528
6564
6526
6529
6565
6527
6530
6566
6531
6567
6821
6529
6532
6568
6530
6533
6569
6531
6534
6570
6535
6571
6822
6533
6536
6572
6534
6537
6573
6535
6538
6574
6539
6575
6823
6537
6540
6576
6538
6541
6577
6539
6542
6578
6543
6579
6824
6541
6544
6580
6542
6545
6581
6543
6546
6582
6547
6583
6825
6545
6548
6584
6546
6549
6585
6547
6550
6586
6551
6587
6826
6549
6552
6588
6550
6553
6589
6551
6554
6590
6555
6591
6827
6553
6556
6592
6554
6557
6593
6555
6558
6594
6559
6595
6828
6557
6596
6558
6597
6559
6598
6599
6829
6561
6564
6600
6562
6565
6601
6563
6566
6602
6567
6603
6830
6565
6568
6604
6566
6569
6605
6567
6570
6606
6571
6607
6831
6569
6572
6608
6570
6573
6609
6571
6574
6610
6575
6611
6832
6573
6576
6612
6574
6577
6613
6575
6578
6614
6579
6615
6833
6577
6580
6616
6578
6581
6617
6579
6582
6618
6583
6619
6834
6581
6584
6620
6582
6585
6621
6583
6586
6622
6587
6623
6835
6585
6588
6624
6586
6589
6625
6587
6590
6626
6591
6627
6836
6589
6592
6628
6590
6593
6629
6591
6594
6630
6595
6631
6837
6593
6596
6632
6594
6597
6633
6595
6598
6634
6599
6635
6838
6597
6636
6598
6637
6599
6638
6639
6839
6601
6604
6640
6602
6605
6641
6603
6606
6642
6607
6643
6840
6605
6608
6644
6606
6609
6645
6607
6610
6646
6611
6647
6841
6609
6612
6648
6610
6613
6649
6611
6614
6650
6615
6651
6842
6613
6616
6652
6614
6617
6653
6615
6618
6654
6619
6655
6843
6617
6620
6656
6618
6621
6657
6619
6622
6658
6623
6659
6844
6621
6624
6660
6622
6625
6661
6623
6626
6662
6627
6663
6845
6625
6628
6664
6626
6629
6665
6627
6630
6666
6631
6667
6846
6629
6632
6668
6630
6633
6669
6631
6634
6670
6635
6671
6847
6633
6636
6672
6634
6637
6673
6635
6638
6674
6639
6675
6848
6637
6676
6638
6677
6639
6678
6679
6849
6641
6644
6680
6642
6645
6681
6643
6646
6682
6647
6683
6850
6645
6648
6684
6646
6649
6685
6647
6650
6686
6651
6687
6851
6649
6652
6688
6650
6653
6689
6651
6654
6690
6655
6691
6852
6653
6656
6692
6654
6657
6693
6655
6658
6694
6659
6695
6853
6657
6660
6696
6658
6661
6697
6659
6662
6698
6663
6699
6854
6661
6664
6700
6662
6665
6701
6663
6666
6702
6667
6703
6855
6665
6668
6704
6666
6669
6705
6667
6670
6706
6671
6707
6856
6669
6672
6708
6670
6673
6709
6671
6674
6710
6675
6711
6857
6673
6676
6712
6674
6677
6713
6675
6678
6714
6679
6715
6858
6677
6716
6678
6717
6679
6718
6719
6859
6681
6684
6682
6685
6683
6686
6687
6860
6685
6688
6686
6689
6687
6690
6691
6861
6689
6692
6690
6693
6691
6694
6695
6862
6693
6696
6694
6697
6695
6698
6699
6863
6697
6700
6698
6701
6699
6702
6703
6864
6701
6704
6702
6705
6703
6706
6707
6865
6705
6708
6706
6709
6707
6710
6711
6866
6709
6712
6710
6713
6711
6714
6715
6867
6713
6716
6714
6717
6715
6718
6719
6868
6717
6718
6719
6869
6721
6730
6870
6722
6731
6880
6723
6732
6890
6724
6733
6900
6725
6734
6910
6726
6735
6920
6727
6736
6930
6728
6737
6940
6729
6738
6950
6739
6960
6731
6740
6970
6732
6741
6980
6733
6742
6990
6734
6743
7000
6735
6744
7010
6736
6745
7020
6737
6746
7030
6738
6747
7040
6739
6748
7050
6749
7060
6741
6750
7070
6742
6751
7080
6743
6752
7090
6744
6753
7100
6745
6754
7110
6746
6755
7120
6747
6756
7130
6748
6757
7140
6749
6758
7150
6759
7160
6751
6760
7170
6752
6761
7180
6753
6762
7190
6754
6763
7200
6755
6764
7210
6756
6765
7220
6757
6766
7230
6758
6767
7240
6759
6768
7250
6769
7260
6761
6770
7270
6762
6771
7280
6763
6772
7290
6764
6773
7300
6765
6774
7310
6766
6775
7320
6767
6776
7330
6768
6777
7340
6769
6778
7350
6779
7360
6771
6780
7370
6772
6781
7380
6773
6782
7390
6774
6783
7400
6775
6784
7410
6776
6785
7420
6777
6786
7430
6778
6787
7440
6779
6788
7450
6789
7460
6781
6790
7470
6782
6791
7480
6783
6792
7490
6784
6793
7500
6785
6794
7510
6786
6795
7520
6787
6796
7530
6788
6797
7540
6789
6798
7550
6799
7560
6791
6800
7570
6792
6801
7580
6793
6802
7590
6794
6803
7600
6795
6804
7610
6796
6805
7620
6797
6806
7630
6798
6807
7640
6799
6808
7650
6809
7660
6801
6810
7670
6802
6811
7680
6803
6812
7690
6804
6813
7700
6805
6814
7710
6806
6815
7720
6807
6816
7730
6808
6817
7740
6809
6818
7750
6819
7760
6811
6820
7770
6812
6821
7780
6813
6822
7790
6814
6823
7800
6815
6824
7810
6816
6825
7820
6817
6826
7830
6818
6827
7840
6819
6828
7850
6829
7860
6821
6830
7870
6822
6831
7880
6823
6832
7890
6824
6833
7900
6825
6834
7910
6826
6835
7920
6827
6836
7930
6828
6837
7940
6829
6838
7950
6839
7960
6831
6840
7970
6832
6841
7980
6833
6842
7990
6834
6843
8000
6835
6844
8010
6836
6845
8020
6837
6846
8030
6838
6847
8040
6839
6848
8050
6849
8060
6841
6850
8070
6842
6851
8080
6843
6852
8090
6844
6853
8100
6845
6854
8110
6846
6855
8120
6847
6856
8130
6848
6857
8140
6849
6858
8150
6859
8160
6851
6860
8170
6852
6861
8180
6853
6862
8190
6854
6863
8200
6855
6864
8210
6856
6865
8220
6857
6866
8230
6858
6867
8240
6859
6868
8250
6869
8260
6861
8270
6862
8280
6863
8290
6864
8300
6865
8310
6866
8320
6867
8330
6868
8340
6869
8350
8360
6871
6880
6970
6872
6881
6971
6873
6882
6972
6874
6883
6973
6875
6884
6974
6876
6885
6975
6877
6886
6976
6878
6887
6977
6879
6888
6978
6889
6979
6881
6890
6980
6882
6891
6981
6883
6892
6982
6884
6893
6983
6885
6894
6984
6886
6895
6985
6887
6896
6986
6888
6897
6987
6889
6898
6988
6899
6989
6891
6900
6990
6892
6901
6991
6893
6902
6992
6894
6903
6993
6895
6904
6994
6896
6905
6995
6897
6906
6996
6898
6907
6997
6899
6908
6998
6909
6999
6901
6910
7000
6902
6911
7001
6903
6912
7002
6904
6913
7003
6905
6914
7004
6906
6915
7005
6907
6916
7006
6908
6917
7007
6909
6918
7008
6919
7009
6911
6920
7010
6912
6921
7011
6913
6922
7012
6914
6923
7013
6915
6924
7014
6916
6925
7015
6917
6926
7016
6918
6927
7017
6919
6928
7018
6929
7019
6921
6930
7020
6922
6931
7021
6923
6932
7022
6924
6933
7023
6925
6934
7024
6926
6935
7025
6927
6936
7026
6928
6937
7027
6929
6938
7028
6939
7029
6931
6940
7030
6932
6941
7031
6933
6942
7032
6934
6943
7033
6935
6944
7034
6936
6945
7035
6937
6946
7036
6938
6947
7037
6939
6948
7038
6949
7039
6941
6950
7040
6942
6951
7041
6943
6952
7042
6944
6953
7043
6945
6954
7044
6946
6955
7045
6947
6956
7046
6948
6957
7047
6949
6958
7048
6959
7049
6951
6960
7050
6952
6961
7051
6953
6962
7052
6954
6963
7053
6955
6964
7054
6956
6965
7055
6957
6966
7056
6958
6967
7057
6959
6968
7058
6969
7059
6961
7060
6962
7061
6963
7062
6964
7063
6965
7064
6966
7065
6967
7066
6968
7067
6969
7068
7069
6971
6980
7070
6972
6981
7071
6973
6982
7072
6974
6983
7073
6975
6984
7074
6976
6985
7075
6977
6986
7076
6978
6987
7077
6979
6988
7078
6989
7079
6981
6990
7080
6982
6991
7081
6983
6992
7082
6984
6993
7083
6985
6994
7084
6986
6995
7085
6987
6996
7086
6988
6997
7087
6989
6998
7088
6999
7089
6991
7000
7090
6992
7001
7091
6993
7002
7092
6994
7003
7093
6995
7004
7094
6996
7005
7095
6997
7006
7096
6998
7007
7097
6999
7008
7098
7009
7099
7001
7010
7100
7002
7011
7101
7003
7012
7102
7004
7013
7103
7005
7014
7104
7006
7015
7105
7007
7016
7106
7008
7017
7107
7009
7018
7108
7019
7109
7011
7020
7110
7012
7021
7111
7013
7022
7112
7014
7023
7113
7015
7024
7114
7016
7025
7115
7017
7026
7116
7018
7027
7117
7019
7028
7118
7029
7119
7021
7030
7120
7022
7031
7121
7023
7032
7122
7024
7033
7123
7025
7034
7124
7026
7035
7125
7027
7036
7126
7028
7037
7127
7029
7038
7128
7039
7129
7031
7040
7130
7032
7041
7131
7033
7042
7132
7034
7043
7133
7035
7044
7134
7036
7045
7135
7037
7046
7136
7038
7047
7137
7039
7048
7138
7049
7139
7041
7050
7140
7042
7051
7141
7043
7052
7142
7044
7053
7143
7045
7054
7144
7046
7055
7145
7047
7056
7146
7048
7057
7147
7049
7058
7148
7059
7149
7051
7060
7150
7052
7061
7151
7053
7062
7152
7054
7063
7153
7055
7064
7154
7056
7065
7155
7057
7066
7156
7058
7067
7157
7059
7068
7158
7069
7159
7061
7160
7062
7161
7063
7162
7064
7163
7065
7164
7066
7165
7067
7166
7068
7167
7069
7168
7169
7071
7080
7170
7072
7081
7171
7073
7082
7172
7074
7083
7173
7075
7084
7174
7076
7085
7175
7077
7086
7176
7078
7087
7177
7079
7088
7178
7089
7179
7081
7090
7180
7082
7091
7181
7083
7092
7182
7084
7093
7183
7085
7094
7184
7086
7095
7185
7087
7096
7186
7088
7097
7187
7089
7098
7188
7099
7189
7091
7100
7190
7092
7101
7191
7093
7102
7192
7094
7103
7193
7095
7104
7194
7096
7105
7195
7097
7106
7196
7098
7107
7197
7099
7108
7198
7109
7199
7101
7110
7200
7102
7111
7201
7103
7112
7202
7104
7113
7203
7105
7114
7204
7106
7115
7205
7107
7116
7206
7108
7117
7207
7109
7118
7208
7119
7209
7111
7120
7210
7112
7121
7211
7113
7122
7212
7114
7123
7213
7115
7124
7214
7116
7125
7215
7117
7126
7216
7118
7127
7217
7119
7128
7218
7129
7219
7121
7130
7220
7122
7131
7221
7123
7132
7222
7124
7133
7223
7125
7134
7224
7126
7135
7225
7127
7136
7226
7128
7137
7227
7129
7138
7228
7139
7229
7131
7140
7230
7132
7141
7231
7133
7142
7232
7134
7143
7233
7135
7144
7234
7136
7145
7235
7137
7146
7236
7138
7147
7237
7139
7148
7238
7149
7239
7141
7150
7240
7142
7151
7241
7143
7152
7242
7144
7153
7243
7145
7154
7244
7146
7155
7245
7147
7156
7246
7148
7157
7247
7149
7158
7248
7159
7249
7151
7160
7250
7152
7161
7251
7153
7162
7252
7154
7163
7253
7155
7164
7254
7156
7165
7255
7157
7166
7256
7158
7167
7257
7159
7168
7258
7169
7259
7161
7260
7162
7261
7163
7262
7164
7263
7165
7264
7166
7265
7167
7266
7168
7267
7169
7268
7269
7171
7180
7270
7172
7181
7271
7173
7182
7272
7174
7183
7273
7175
7184
7274
7176
7185
7275
7177
7186
7276
7178
7187
7277
7179
7188
7278
7189
7279
7181
7190
7280
7182
7191
7281
7183
7192
7282
7184
7193
7283
7185
7194
7284
7186
7195
7285
7187
7196
7286
7188
7197
7287
7189
7198
7288
7199
7289
7191
7200
7290
7192
7201
7291
7193
7202
7292
7194
7203
7293
7195
7204
7294
7196
7205
7295
7197
7206
7296
7198
7207
7297
7199
7208
7298
7209
7299
7201
7210
7300
7202
7211
7301
7203
7212
7302
7204
7213
7303
7205
7214
7304
7206
7215
7305
7207
7216
7306
7208
7217
7307
7209
7218
7308
7219
7309
7211
7220
7310
7212
7221
7311
7213
7222
7312
7214
7223
7313
7215
7224
7314
7216
7225
7315
7217
7226
7316
7218
7227
7317
7219
7228
7318
7229
7319
7221
7230
7320
7222
7231
7321
7223
7232
7322
7224
7233
7323
7225
7234
7324
7226
7235
7325
7227
7236
7326
7228
7237
7327
7229
7238
7328
7239
7329
7231
7240
7330
7232
7241
7331
7233
7242
7332
7234
7243
7333
7235
7244
7334
7236
7245
7335
7237
7246
7336
7238
7247
7337
7239
7248
7338
7249
7339
7241
7250
7340
7242
7251
7341
7243
7252
7342
7244
7253
7343
7245
7254
7344
7246
7255
7345
7247
7256
7346
7248
7257
7347
7249
7258
7348
7259
7349
7251
7260
7350
7252
7261
7351
7253
7262
7352
7254
7263
7353
7255
7264
7354
7256
7265
7355
7257
7266
7356
7258
7267
7357
7259
7268
7358
7269
7359
7261
7360
7262
7361
7263
7362
7264
7363
7265
7364
7266
7365
7267
7366
7268
7367
7269
7368
7369
7271
7280
7370
7272
7281
7371
7273
7282
7372
7274
7283
7373
7275
7284
7374
7276
7285
7375
7277
7286
7376
7278
7287
7377
7279
7288
7378
7289
7379
7281
7290
7380
7282
7291
7381
7283
7292
7382
7284
7293
7383
7285
7294
7384
7286
7295
7385
7287
7296
7386
7288
7297
7387
7289
7298
7388
7299
7389
7291
7300
7390
7292
7301
7391
7293
7302
7392
7294
7303
7393
7295
7304
7394
7296
7305
7395
7297
7306
7396
7298
7307
7397
7299
7308
7398
7309
7399
7301
7310
7400
7302
7311
7401
7303
7312
7402
7304
7313
7403
7305
7314
7404
7306
7315
7405
7307
7316
7406
7308
7317
7407
7309
7318
7408
7319
7409
7311
7320
7410
7312
7321
7411
7313
7322
7412
7314
7323
7413
7315
7324
7414
7316
7325
7415
7317
7326
7416
7318
7327
7417
7319
7328
7418
7329
7419
7321
7330
7420
7322
7331
7421
7323
7332
7422
7324
7333
7423
7325
7334
7424
7326
7335
7425
7327
7336
7426
7328
7337
7427
7329
7338
7428
7339
7429
7331
7340
7430
7332
7341
7431
7333
7342
7432
7334
7343
7433
7335
7344
7434
7336
7345
7435
7337
7346
7436
7338
7347
7437
7339
7348
7438
7349
7439
7341
7350
7440
7342
7351
7441
7343
7352
7442
7344
7353
7443
7345
7354
7444
7346
7355
7445
7347
7356
7446
7348
7357
7447
7349
7358
7448
7359
7449
7351
7360
7450
7352
7361
7451
7353
7362
7452
7354
7363
7453
7355
7364
7454
7356
7365
7455
7357
7366
7456
7358
7367
7457
7359
7368
7458
7369
7459
7361
7460
7362
7461
7363
7462
7364
7463
7365
7464
7366
7465
7367
7466
7368
7467
7369
7468
7469
7371
7380
7470
7372
7381
7471
7373
7382
7472
7374
7383
7473
7375
7384
7474
7376
7385
7475
7377
7386
7476
7378
7387
7477
7379
7388
7478
7389
7479
7381
7390
7480
7382
7391
7481
7383
7392
7482
7384
7393
7483
7385
7394
7484
7386
7395
7485
7387
7396
7486
7388
7397
7487
7389
7398
7488
7399
7489
7391
7400
7490
7392
7401
7491
7393
7402
7492
7394
7403
7493
7395
7404
7494
7396
7405
7495
7397
7406
7496
7398
7407
7497
7399
7408
7498
7409
7499
7401
7410
7500
7402
7411
7501
7403
7412
7502
7404
7413
7503
7405
7414
7504
7406
7415
7505
7407
7416
7506
7408
7417
7507
7409
7418
7508
7419
7509
7411
7420
7510
7412
7421
7511
7413
7422
7512
7414
7423
7513
7415
7424
7514
7416
7425
7515
7417
7426
7516
7418
7427
7517
7419
7428
7518
7429
7519
7421
7430
7520
7422
7431
7521
7423
7432
7522
7424
7433
7523
7425
7434
7524
7426
7435
7525
7427
7436
7526
7428
7437
7527
7429
7438
7528
7439
7529
7431
7440
7530
7432
7441
7531
7433
7442
7532
7434
7443
7533
7435
7444
7534
7436
7445
7535
7437
7446
7536
7438
7447
7537
7439
7448
7538
7449
7539
7441
7450
7540
7442
7451
7541
7443
7452
7542
7444
7453
7543
7445
7454
7544
7446
7455
7545
7447
7456
7546
7448
7457
7547
7449
7458
7548
7459
7549
7451
7460
7550
7452
7461
7551
7453
7462
7552
7454
7463
7553
7455
7464
7554
7456
7465
7555
7457
7466
7556
7458
7467
7557
7459
7468
7558
7469
7559
7461
7560
7462
7561
7463
7562
7464
7563
7465
7564
7466
7565
7467
7566
7468
7567
7469
7568
7569
7471
7480
7570
7472
7481
7571
7473
7482
7572
7474
7483
7573
7475
7484
7574
7476
7485
7575
7477
7486
7576
7478
7487
7577
7479
7488
7578
7489
7579
7481
7490
7580
7482
7491
7581
7483
7492
7582
7484
7493
7583
7485
7494
7584
7486
7495
7585
7487
7496
7586
7488
7497
7587
7489
7498
7588
7499
7589
7491
7500
7590
7492
7501
7591
7493
7502
7592
7494
7503
7593
7495
7504
7594
7496
7505
7595
7497
7506
7596
7498
7507
7597
7499
7508
7598
7509
7599
7501
7510
7600
7502
7511
7601
7503
7512
7602
7504
7513
7603
7505
7514
7604
7506
7515
7605
7507
7516
7606
7508
7517
7607
7509
7518
7608
7519
7609
7511
7520
7610
7512
7521
7611
7513
7522
7612
7514
7523
7613
7515
7524
7614
7516
7525
7615
7517
7526
7616
7518
7527
7617
7519
7528
7618
7529
7619
7521
7530
7620
7522
7531
7621
7523
7532
7622
7524
7533
7623
7525
7534
7624
7526
7535
7625
7527
7536
7626
7528
7537
7627
7529
7538
7628
7539
7629
7531
7540
7630
7532
7541
7631
7533
7542
7632
7534
7543
7633
7535
7544
7634
7536
7545
7635
7537
7546
7636
7538
7547
7637
7539
7548
7638
7549
7639
7541
7550
7640
7542
7551
7641
7543
7552
7642
7544
7553
7643
7545
7554
7644
7546
7555
7645
7547
7556
7646
7548
7557
7647
7549
7558
7648
7559
7649
7551
7560
7650
7552
7561
7651
7553
7562
7652
7554
7563
7653
7555
7564
7654
7556
7565
7655
7557
7566
7656
7558
7567
7657
7559
7568
7658
7569
7659
7561
7660
7562
7661
7563
7662
7564
7663
7565
7664
7566
7665
7567
7666
7568
7667
7569
7668
7669
7571
7580
7670
7572
7581
7671
7573
7582
7672
7574
7583
7673
7575
7584
7674
7576
7585
7675
7577
7586
7676
7578
7587
7677
7579
7588
7678
7589
7679
7581
7590
7680
7582
7591
7681
7583
7592
7682
7584
7593
7683
7585
7594
7684
7586
7595
7685
7587
7596
7686
7588
7597
7687
7589
7598
7688
7599
7689
7591
7600
7690
7592
7601
7691
7593
7602
7692
7594
7603
7693
7595
7604
7694
7596
7605
7695
7597
7606
7696
7598
7607
7697
7599
7608
7698
7609
7699
7601
7610
7700
7602
7611
7701
7603
7612
7702
7604
7613
7703
7605
7614
7704
7606
7615
7705
7607
7616
7706
7608
7617
7707
7609
7618
7708
7619
7709
7611
7620
7710
7612
7621
7711
7613
7622
7712
7614
7623
7713
7615
7624
7714
7616
7625
7715
7617
7626
7716
7618
7627
7717
7619
7628
7718
7629
7719
7621
7630
7720
7622
7631
7721
7623
7632
7722
7624
7633
7723
7625
7634
7724
7626
7635
7725
7627
7636
7726
7628
7637
7727
7629
7638
7728
7639
7729
7631
7640
7730
7632
7641
7731
7633
7642
7732
7634
7643
7733
7635
7644
7734
7636
7645
7735
7637
7646
7736
7638
7647
7737
7639
7648
7738
7649
7739
7641
7650
7740
7642
7651
7741
7643
7652
7742
7644
7653
7743
7645
7654
7744
7646
7655
7745
7647
7656
7746
7648
7657
7747
7649
7658
7748
7659
7749
7651
7660
7750
7652
7661
7751
7653
7662
7752
7654
7663
7753
7655
7664
7754
7656
7665
7755
7657
7666
7756
7658
7667
7757
7659
7668
7758
7669
7759
7661
7760
7662
7761
7663
7762
7664
7763
7665
7764
7666
7765
7667
7766
7668
7767
7669
7768
7769
7671
7680
7770
7672
7681
7771
7673
7682
7772
7674
7683
7773
7675
7684
7774
7676
7685
7775
7677
7686
7776
7678
7687
7777
7679
7688
7778
7689
7779
7681
7690
7780
7682
7691
7781
7683
7692
7782
7684
7693
7783
7685
7694
7784
7686
7695
7785
7687
7696
7786
7688
7697
7787
7689
7698
7788
7699
7789
7691
7700
7790
7692
7701
7791
7693
7702
7792
7694
7703
7793
7695
7704
7794
7696
7705
7795
7697
7706
7796
7698
7707
7797
7699
7708
7798
7709
7799
7701
7710
7800
7702
7711
7801
7703
7712
7802
7704
7713
7803
7705
7714
7804
7706
7715
7805
7707
7716
7806
7708
7717
7807
7709
7718
7808
7719
7809
7711
7720
7810
7712
7721
7811
7713
7722
7812
7714
7723
7813
7715
7724
7814
7716
7725
7815
7717
7726
7816
7718
7727
7817
7719
7728
7818
7729
7819
7721
7730
7820
7722
7731
7821
7723
7732
7822
7724
7733
7823
7725
7734
7824
7726
7735
7825
7727
7736
7826
7728
7737
7827
7729
7738
7828
7739
7829
7731
7740
7830
7732
7741
7831
7733
7742
7832
7734
7743
7833
7735
7744
7834
7736
7745
7835
7737
7746
7836
7738
7747
7837
7739
7748
7838
7749
7839
7741
7750
7840
7742
7751
7841
7743
7752
7842
7744
7753
7843
7745
7754
7844
7746
7755
7845
7747
7756
7846
7748
7757
7847
7749
7758
7848
7759
7849
7751
7760
7850
7752
7761
7851
7753
7762
7852
7754
7763
7853
7755
7764
7854
7756
7765
7855
7757
7766
7856
7758
7767
7857
7759
7768
7858
7769
7859
7761
7860
7762
7861
7763
7862
7764
7863
7765
7864
7766
7865
7767
7866
7768
7867
7769
7868
7869
7771
7780
7870
7772
7781
7871
7773
7782
7872
7774
7783
7873
7775
7784
7874
7776
7785
7875
7777
7786
7876
7778
7787
7877
7779
7788
7878
7789
7879
7781
7790
7880
7782
7791
7881
7783
7792
7882
7784
7793
7883
7785
7794
7884
7786
7795
7885
7787
7796
7886
7788
7797
7887
7789
7798
7888
7799
7889
7791
7800
7890
7792
7801
7891
7793
7802
7892
7794
7803
7893
7795
7804
7894
7796
7805
7895
7797
7806
7896
7798
7807
7897
7799
7808
7898
7809
7899
7801
7810
7900
7802
7811
7901
7803
7812
7902
7804
7813
7903
7805
7814
7904
7806
7815
7905
7807
7816
7906
7808
7817
7907
7809
7818
7908
7819
7909
7811
7820
7910
7812
7821
7911
7813
7822
7912
7814
7823
7913
7815
7824
7914
7816
7825
7915
7817
7826
7916
7818
7827
7917
7819
7828
7918
7829
7919
7821
7830
7920
7822
7831
7921
7823
7832
7922
7824
7833
7923
7825
7834
7924
7826
7835
7925
7827
7836
7926
7828
7837
7927
7829
7838
7928
7839
7929
7831
7840
7930
7832
7841
7931
7833
7842
7932
7834
7843
7933
7835
7844
7934
7836
7845
7935
7837
7846
7936
7838
7847
7937
7839
7848
7938
7849
7939
7841
7850
7940
7842
7851
7941
7843
7852
7942
7844
7853
7943
7845
7854
7944
7846
7855
7945
7847
7856
7946
7848
7857
7947
7849
7858
7948
7859
7949
7851
7860
7950
7852
7861
7951
7853
7862
7952
7854
7863
7953
7855
7864
7954
7856
7865
7955
7857
7866
7956
7858
7867
7957
7859
7868
7958
7869
7959
7861
7960
7862
7961
7863
7962
7864
7963
7865
7964
7866
7965
7867
7966
7868
7967
7869
7968
7969
7871
7880
7970
7872
7881
7971
7873
7882
7972
7874
7883
7973
7875
7884
7974
7876
7885
7975
7877
7886
7976
7878
7887
7977
7879
7888
7978
7889
7979
7881
7890
7980
7882
7891
7981
7883
7892
7982
7884
7893
7983
7885
7894
7984
7886
7895
7985
7887
7896
7986
7888
7897
7987
7889
7898
7988
7899
7989
7891
7900
7990
7892
7901
7991
7893
7902
7992
7894
7903
7993
7895
7904
7994
7896
7905
7995
7897
7906
7996
7898
7907
7997
7899
7908
7998
7909
7999
7901
7910
8000
7902
7911
8001
7903
7912
8002
7904
7913
8003
7905
7914
8004
7906
7915
8005
7907
7916
8006
7908
7917
8007
7909
7918
8008
7919
8009
7911
7920
8010
7912
7921
8011
7913
7922
8012
7914
7923
8013
7915
7924
8014
7916
7925
8015
7917
7926
8016
7918
7927
8017
7919
7928
8018
7929
8019
7921
7930
8020
7922
7931
8021
7923
7932
8022
7924
7933
8023
7925
7934
8024
7926
7935
8025
7927
7936
8026
7928
7937
8027
7929
7938
8028
7939
8029
7931
7940
8030
7932
7941
8031
7933
7942
8032
7934
7943
8033
7935
7944
8034
7936
7945
8035
7937
7946
8036
7938
7947
8037
7939
7948
8038
7949
8039
7941
7950
8040
7942
7951
8041
7943
7952
8042
7944
7953
8043
7945
7954
8044
7946
7955
8045
7947
7956
8046
7948
7957
8047
7949
7958
8048
7959
8049
7951
7960
8050
7952
7961
8051
7953
7962
8052
7954
7963
8053
7955
7964
8054
7956
7965
8055
7957
7966
8056
7958
7967
8057
7959
7968
8058
7969
8059
7961
8060
7962
8061
7963
8062
7964
8063
7965
8064
7966
8065
7967
8066
7968
8067
7969
8068
8069
7971
7980
8070
7972
7981
8071
7973
7982
8072
7974
7983
8073
7975
7984
8074
7976
7985
8075
7977
7986
8076
7978
7987
8077
7979
7988
8078
7989
8079
7981
7990
8080
7982
7991
8081
7983
7992
8082
7984
7993
8083
7985
7994
8084
7986
7995
8085
7987
7996
8086
7988
7997
8087
7989
7998
8088
7999
8089
7991
8000
8090
7992
8001
8091
7993
8002
8092
7994
8003
8093
7995
8004
8094
7996
8005
8095
7997
8006
8096
7998
8007
8097
7999
8008
8098
8009
8099
8001
8010
8100
8002
8011
8101
8003
8012
8102
8004
8013
8103
8005
8014
8104
8006
8015
8105
8007
8016
8106
8008
8017
8107
8009
8018
8108
8019
8109
8011
8020
8110
8012
8021
8111
8013
8022
8112
8014
8023
8113
8015
8024
8114
8016
8025
8115
8017
8026
8116
8018
8027
8117
8019
8028
8118
8029
8119
8021
8030
8120
8022
8031
8121
8023
8032
8122
8024
8033
8123
8025
8034
8124
8026
8035
8125
8027
8036
8126
8028
8037
8127
8029
8038
8128
8039
8129
8031
8040
8130
8032
8041
8131
8033
8042
8132
8034
8043
8133
8035
8044
8134
8036
8045
8135
8037
8046
8136
8038
8047
8137
8039
8048
8138
8049
8139
8041
8050
8140
8042
8051
8141
8043
8052
8142
8044
8053
8143
8045
8054
8144
8046
8055
8145
8047
8056
8146
8048
8057
8147
8049
8058
8148
8059
8149
8051
8060
8150
8052
8061
8151
8053
8062
8152
8054
8063
8153
8055
8064
8154
8056
8065
8155
8057
8066
8156
8058
8067
8157
8059
8068
8158
8069
8159
8061
8160
8062
8161
8063
8162
8064
8163
8065
8164
8066
8165
8067
8166
8068
8167
8069
8168
8169
8071
8080
8170
8072
8081
8171
8073
8082
8172
8074
8083
8173
8075
8084
8174
8076
8085
8175
8077
8086
8176
8078
8087
8177
8079
8088
8178
8089
8179
8081
8090
8180
8082
8091
8181
8083
8092
8182
8084
8093
8183
8085
8094
8184
8086
8095
8185
8087
8096
8186
8088
8097
8187
8089
8098
8188
8099
8189
8091
8100
8190
8092
8101
8191
8093
8102
8192
8094
8103
8193
8095
8104
8194
8096
8105
8195
8097
8106
8196
8098
8107
8197
8099
8108
8198
8109
8199
8101
8110
8200
8102
8111
8201
8103
8112
8202
8104
8113
8203
8105
8114
8204
8106
8115
8205
8107
8116
8206
8108
8117
8207
8109
8118
8208
8119
8209
8111
8120
8210
8112
8121
8211
8113
8122
8212
8114
8123
8213
8115
8124
8214
8116
8125
8215
8117
8126
8216
8118
8127
8217
8119
8128
8218
8129
8219
8121
8130
8220
8122
8131
8221
8123
8132
8222
8124
8133
8223
8125
8134
8224
8126
8135
8225
8127
8136
8226
8128
8137
8227
8129
8138
8228
8139
8229
8131
8140
8230
8132
8141
8231
8133
8142
8232
8134
8143
8233
8135
8144
8234
8136
8145
8235
8137
8146
8236
8138
8147
8237
8139
8148
8238
8149
8239
8141
8150
8240
8142
8151
8241
8143
8152
8242
8144
8153
8243
8145
8154
8244
8146
8155
8245
8147
8156
8246
8148
8157
8247
8149
8158
8248
8159
8249
8151
8160
8250
8152
8161
8251
8153
8162
8252
8154
8163
8253
8155
8164
8254
8156
8165
8255
8157
8166
8256
8158
8167
8257
8159
8168
8258
8169
8259
8161
8260
8162
8261
8163
8262
8164
8263
8165
8264
8166
8265
8167
8266
8168
8267
8169
8268
8269
8171
8180
8270
8172
8181
8271
8173
8182
8272
8174
8183
8273
8175
8184
8274
8176
8185
8275
8177
8186
8276
8178
8187
8277
8179
8188
8278
8189
8279
8181
8190
8280
8182
8191
8281
8183
8192
8282
8184
8193
8283
8185
8194
8284
8186
8195
8285
8187
8196
8286
8188
8197
8287
8189
8198
8288
8199
8289
8191
8200
8290
8192
8201
8291
8193
8202
8292
8194
8203
8293
8195
8204
8294
8196
8205
8295
8197
8206
8296
8198
8207
8297
8199
8208
8298
8209
8299
8201
8210
8300
8202
8211
8301
8203
8212
8302
8204
8213
8303
8205
8214
8304
8206
8215
8305
8207
8216
8306
8208
8217
8307
8209
8218
8308
8219
8309
8211
8220
8310
8212
8221
8311
8213
8222
8312
8214
8223
8313
8215
8224
8314
8216
8225
8315
8217
8226
8316
8218
8227
8317
8219
8228
8318
8229
8319
8221
8230
8320
8222
8231
8321
8223
8232
8322
8224
8233
8323
8225
8234
8324
8226
8235
8325
8227
8236
8326
8228
8237
8327
8229
8238
8328
8239
8329
8231
8240
8330
8232
8241
8331
8233
8242
8332
8234
8243
8333
8235
8244
8334
8236
8245
8335
8237
8246
8336
8238
8247
8337
8239
8248
8338
8249
8339
8241
8250
8340
8242
8251
8341
8243
8252
8342
8244
8253
8343
8245
8254
8344
8246
8255
8345
8247
8256
8346
8248
8257
8347
8249
8258
8348
8259
8349
8251
8260
8350
8252
8261
8351
8253
8262
8352
8254
8263
8353
8255
8264
8354
8256
8265
8355
8257
8266
8356
8258
8267
8357
8259
8268
8358
8269
8359
8261
8360
8262
8361
8263
8362
8264
8363
8265
8364
8266
8365
8267
8366
8268
8367
8269
8368
8369
8271
8280
8272
8281
8273
8282
8274
8283
8275
8284
8276
8285
8277
8286
8278
8287
8279
8288
8289
8281
8290
8282
8291
8283
8292
8284
8293
8285
8294
8286
8295
8287
8296
8288
8297
8289
8298
8299
8291
8300
8292
8301
8293
8302
8294
8303
8295
8304
8296
8305
8297
8306
8298
8307
8299
8308
8309
8301
8310
8302
8311
8303
8312
8304
8313
8305
8314
8306
8315
8307
8316
8308
8317
8309
8318
8319
8311
8320
8312
8321
8313
8322
8314
8323
8315
8324
8316
8325
8317
8326
8318
8327
8319
8328
8329
8321
8330
8322
8331
8323
8332
8324
8333
8325
8334
8326
8335
8327
8336
8328
8337
8329
8338
8339
8331
8340
8332
8341
8333
8342
8334
8343
8335
8344
8336
8345
8337
8346
8338
8347
8339
8348
8349
8341
8350
8342
8351
8343
8352
8344
8353
8345
8354
8346
8355
8347
8356
8348
8357
8349
8358
8359
8351
8360
8352
8361
8353
8362
8354
8363
8355
8364
8356
8365
8357
8366
8358
8367
8359
8368
8369
8361
8362
8363
8364
8365
8366
8367
8368
8369
8371
8380
8470
8372
8381
8471
8373
8382
8472
8374
8383
8473
8375
8384
8474
8376
8385
8475
8377
8386
8476
8378
8387
8477
8379
8388
8478
8389
8479
8381
8390
8480
8382
8391
8481
8383
8392
8482
8384
8393
8483
8385
8394
8484
8386
8395
8485
8387
8396
8486
8388
8397
8487
8389
8398
8488
8399
8489
8391
8400
8490
8392
8401
8491
8393
8402
8492
8394
8403
8493
8395
8404
8494
8396
8405
8495
8397
8406
8496
8398
8407
8497
8399
8408
8498
8409
8499
8401
8410
8500
8402
8411
8501
8403
8412
8502
8404
8413
8503
8405
8414
8504
8406
8415
8505
8407
8416
8506
8408
8417
8507
8409
8418
8508
8419
8509
8411
8420
8510
8412
8421
8511
8413
8422
8512
8414
8423
8513
8415
8424
8514
8416
8425
8515
8417
8426
8516
8418
8427
8517
8419
8428
8518
8429
8519
8421
8430
8520
8422
8431
8521
8423
8432
8522
8424
8433
8523
8425
8434
8524
8426
8435
8525
8427
8436
8526
8428
8437
8527
8429
8438
8528
8439
8529
8431
8440
8530
8432
8441
8531
8433
8442
8532
8434
8443
8533
8435
8444
8534
8436
8445
8535
8437
8446
8536
8438
8447
8537
8439
8448
8538
8449
8539
8441
8450
8540
8442
8451
8541
8443
8452
8542
8444
8453
8543
8445
8454
8544
8446
8455
8545
8447
8456
8546
8448
8457
8547
8449
8458
8548
8459
8549
8451
8460
8550
8452
8461
8551
8453
8462
8552
8454
8463
8553
8455
8464
8554
8456
8465
8555
8457
8466
8556
8458
8467
8557
8459
8468
8558
8469
8559
8461
8560
8462
8561
8463
8562
8464
8563
8465
8564
8466
8565
8467
8566
8468
8567
8469
8568
8569
8471
8480
8570
8472
8481
8571
8473
8482
8572
8474
8483
8573
8475
8484
8574
8476
8485
8575
8477
8486
8576
8478
8487
8577
8479
8488
8578
8489
8579
8481
8490
8580
8482
8491
8581
8483
8492
8582
8484
8493
8583
8485
8494
8584
8486
8495
8585
8487
8496
8586
8488
8497
8587
8489
8498
8588
8499
8589
8491
8500
8590
8492
8501
8591
8493
8502
8592
8494
8503
8593
8495
8504
8594
8496
8505
8595
8497
8506
8596
8498
8507
8597
8499
8508
8598
8509
8599
8501
8510
8600
8502
8511
8601
8503
8512
8602
8504
8513
8603
8505
8514
8604
8506
8515
8605
8507
8516
8606
8508
8517
8607
8509
8518
8608
8519
8609
8511
8520
8610
8512
8521
8611
8513
8522
8612
8514
8523
8613
8515
8524
8614
8516
8525
8615
8517
8526
8616
8518
8527
8617
8519
8528
8618
8529
8619
8521
8530
8620
8522
8531
8621
8523
8532
8622
8524
8533
8623
8525
8534
8624
8526
8535
8625
8527
8536
8626
8528
8537
8627
8529
8538
8628
8539
8629
8531
8540
8630
8532
8541
8631
8533
8542
8632
8534
8543
8633
8535
8544
8634
8536
8545
8635
8537
8546
8636
8538
8547
8637
8539
8548
8638
8549
8639
8541
8550
8640
8542
8551
8641
8543
8552
8642
8544
8553
8643
8545
8554
8644
8546
8555
8645
8547
8556
8646
8548
8557
8647
8549
8558
8648
8559
8649
8551
8560
8650
8552
8561
8651
8553
8562
8652
8554
8563
8653
8555
8564
8654
8556
8565
8655
8557
8566
8656
8558
8567
8657
8559
8568
8658
8569
8659
8561
8660
8562
8661
8563
8662
8564
8663
8565
8664
8566
8665
8567
8666
8568
8667
8569
8668
8669
8571
8580
8670
8572
8581
8671
8573
8582
8672
8574
8583
8673
8575
8584
8674
8576
8585
8675
8577
8586
8676
8578
8587
8677
8579
8588
8678
8589
8679
8581
8590
8680
8582
8591
8681
8583
8592
8682
8584
8593
8683
8585
8594
8684
8586
8595
8685
8587
8596
8686
8588
8597
8687
8589
8598
8688
8599
8689
8591
8600
8690
8592
8601
8691
8593
8602
8692
8594
8603
8693
8595
8604
8694
8596
8605
8695
8597
8606
8696
8598
8607
8697
8599
8608
8698
8609
8699
8601
8610
8700
8602
8611
8701
8603
8612
8702
8604
8613
8703
8605
8614
8704
8606
8615
8705
8607
8616
8706
8608
8617
8707
8609
8618
8708
8619
8709
8611
8620
8710
8612
8621
8711
8613
8622
8712
8614
8623
8713
8615
8624
8714
8616
8625
8715
8617
8626
8716
8618
8627
8717
8619
8628
8718
8629
8719
8621
8630
8720
8622
8631
8721
8623
8632
8722
8624
8633
8723
8625
8634
8724
8626
8635
8725
8627
8636
8726
8628
8637
8727
8629
8638
8728
8639
8729
8631
8640
8730
8632
8641
8731
8633
8642
8732
8634
8643
8733
8635
8644
8734
8636
8645
8735
8637
8646
8736
8638
8647
8737
8639
8648
8738
8649
8739
8641
8650
8740
8642
8651
8741
8643
8652
8742
8644
8653
8743
8645
8654
8744
8646
8655
8745
8647
8656
8746
8648
8657
8747
8649
8658
8748
8659
8749
8651
8660
8750
8652
8661
8751
8653
8662
8752
8654
8663
8753
8655
8664
8754
8656
8665
8755
8657
8666
8756
8658
8667
8757
8659
8668
8758
8669
8759
8661
8760
8662
8761
8663
8762
8664
8763
8665
8764
8666
8765
8667
8766
8668
8767
8669
8768
8769
8671
8680
8770
8672
8681
8771
8673
8682
8772
8674
8683
8773
8675
8684
8774
8676
8685
8775
8677
8686
8776
8678
8687
8777
8679
8688
8778
8689
8779
8681
8690
8780
8682
8691
8781
8683
8692
8782
8684
8693
8783
8685
8694
8784
8686
8695
8785
8687
8696
8786
8688
8697
8787
8689
8698
8788
8699
8789
8691
8700
8790
8692
8701
8791
8693
8702
8792
8694
8703
8793
8695
8704
8794
8696
8705
8795
8697
8706
8796
8698
8707
8797
8699
8708
8798
8709
8799
8701
8710
8800
8702
8711
8801
8703
8712
8802
8704
8713
8803
8705
8714
8804
8706
8715
8805
8707
8716
8806
8708
8717
8807
8709
8718
8808
8719
8809
8711
8720
8810
8712
8721
8811
8713
8722
8812
8714
8723
8813
8715
8724
8814
8716
8725
8815
8717
8726
8816
8718
8727
8817
8719
8728
8818
8729
8819
8721
8730
8820
8722
8731
8821
8723
8732
8822
8724
8733
8823
8725
8734
8824
8726
8735
8825
8727
8736
8826
8728
8737
8827
8729
8738
8828
8739
8829
8731
8740
8830
8732
8741
8831
8733
8742
8832
8734
8743
8833
8735
8744
8834
8736
8745
8835
8737
8746
8836
8738
8747
8837
8739
8748
8838
8749
8839
8741
8750
8840
8742
8751
8841
8743
8752
8842
8744
8753
8843
8745
8754
8844
8746
8755
8845
8747
8756
8846
8748
8757
8847
8749
8758
8848
8759
8849
8751
8760
8850
8752
8761
8851
8753
8762
8852
8754
8763
8853
8755
8764
8854
8756
8765
8855
8757
8766
8856
8758
8767
8857
8759
8768
8858
8769
8859
8761
8860
8762
8861
8763
8862
8764
8863
8765
8864
8766
8865
8767
8866
8768
8867
8769
8868
8869
8771
8780
8870
8772
8781
8871
8773
8782
8872
8774
8783
8873
8775
8784
8874
8776
8785
8875
8777
8786
8876
8778
8787
8877
8779
8788
8878
8789
8879
8781
8790
8880
8782
8791
8881
8783
8792
8882
8784
8793
8883
8785
8794
8884
8786
8795
8885
8787
8796
8886
8788
8797
8887
8789
8798
8888
8799
8889
8791
8800
8890
8792
8801
8891
8793
8802
8892
8794
8803
8893
8795
8804
8894
8796
8805
8895
8797
8806
8896
8798
8807
8897
8799
8808
8898
8809
8899
8801
8810
8900
8802
8811
8901
8803
8812
8902
8804
8813
8903
8805
8814
8904
8806
8815
8905
8807
8816
8906
8808
8817
8907
8809
8818
8908
8819
8909
8811
8820
8910
8812
8821
8911
8813
8822
8912
8814
8823
8913
8815
8824
8914
8816
8825
8915
8817
8826
8916
8818
8827
8917
8819
8828
8918
8829
8919
8821
8830
8920
8822
8831
8921
8823
8832
8922
8824
8833
8923
8825
8834
8924
8826
8835
8925
8827
8836
8926
8828
8837
8927
8829
8838
8928
8839
8929
8831
8840
8930
8832
8841
8931
8833
8842
8932
8834
8843
8933
8835
8844
8934
8836
8845
8935
8837
8846
8936
8838
8847
8937
8839
8848
8938
8849
8939
8841
8850
8940
8842
8851
8941
8843
8852
8942
8844
8853
8943
8845
8854
8944
8846
8855
8945
8847
8856
8946
8848
8857
8947
8849
8858
8948
8859
8949
8851
8860
8950
8852
8861
8951
8853
8862
8952
8854
8863
8953
8855
8864
8954
8856
8865
8955
8857
8866
8956
8858
8867
8957
8859
8868
8958
8869
8959
8861
8960
8862
8961
8863
8962
8864
8963
8865
8964
8866
8965
8867
8966
8868
8967
8869
8968
8969
8871
8880
8970
8872
8881
8971
8873
8882
8972
8874
8883
8973
8875
8884
8974
8876
8885
8975
8877
8886
8976
8878
8887
8977
8879
8888
8978
8889
8979
8881
8890
8980
8882
8891
8981
8883
8892
8982
8884
8893
8983
8885
8894
8984
8886
8895
8985
8887
8896
8986
8888
8897
8987
8889
8898
8988
8899
8989
8891
8900
8990
8892
8901
8991
8893
8902
8992
8894
8903
8993
8895
8904
8994
8896
8905
8995
8897
8906
8996
8898
8907
8997
8899
8908
8998
8909
8999
8901
8910
9000
8902
8911
9001
8903
8912
9002
8904
8913
9003
8905
8914
9004
8906
8915
9005
8907
8916
9006
8908
8917
9007
8909
8918
9008
8919
9009
8911
8920
9010
8912
8921
9011
8913
8922
9012
8914
8923
9013
8915
8924
9014
8916
8925
9015
8917
8926
9016
8918
8927
9017
8919
8928
9018
8929
9019
8921
8930
9020
8922
8931
9021
8923
8932
9022
8924
8933
9023
8925
8934
9024
8926
8935
9025
8927
8936
9026
8928
8937
9027
8929
8938
9028
8939
9029
8931
8940
9030
8932
8941
9031
8933
8942
9032
8934
8943
9033
8935
8944
9034
8936
8945
9035
8937
8946
9036
8938
8947
9037
8939
8948
9038
8949
9039
8941
8950
9040
8942
8951
9041
8943
8952
9042
8944
8953
9043
8945
8954
9044
8946
8955
9045
8947
8956
9046
8948
8957
9047
8949
8958
9048
8959
9049
8951
8960
9050
8952
8961
9051
8953
8962
9052
8954
8963
9053
8955
8964
9054
8956
8965
9055
8957
8966
9056
8958
8967
9057
8959
8968
9058
8969
9059
8961
9060
8962
9061
8963
9062
8964
9063
8965
9064
8966
9065
8967
9066
8968
9067
8969
9068
9069
8971
8980
9070
8972
8981
9071
8973
8982
9072
8974
8983
9073
8975
8984
9074
8976
8985
9075
8977
8986
9076
8978
8987
9077
8979
8988
9078
8989
9079
8981
8990
9080
8982
8991
9081
8983
8992
9082
8984
8993
9083
8985
8994
9084
8986
8995
9085
8987
8996
9086
8988
8997
9087
8989
8998
9088
8999
9089
8991
9000
9090
8992
9001
9091
8993
9002
9092
8994
9003
9093
8995
9004
9094
8996
9005
9095
8997
9006
9096
8998
9007
9097
8999
9008
9098
9009
9099
9001
9010
9100
9002
9011
9101
9003
9012
9102
9004
9013
9103
9005
9014
9104
9006
9015
9105
9007
9016
9106
9008
9017
9107
9009
9018
9108
9019
9109
9011
9020
9110
9012
9021
9111
9013
9022
9112
9014
9023
9113
9015
9024
9114
9016
9025
9115
9017
9026
9116
9018
9027
9117
9019
9028
9118
9029
9119
9021
9030
9120
9022
9031
9121
9023
9032
9122
9024
9033
9123
9025
9034
9124
9026
9035
9125
9027
9036
9126
9028
9037
9127
9029
9038
9128
9039
9129
9031
9040
9130
9032
9041
9131
9033
9042
9132
9034
9043
9133
9035
9044
9134
9036
9045
9135
9037
9046
9136
9038
9047
9137
9039
9048
9138
9049
9139
9041
9050
9140
9042
9051
9141
9043
9052
9142
9044
9053
9143
9045
9054
9144
9046
9055
9145
9047
9056
9146
9048
9057
9147
9049
9058
9148
9059
9149
9051
9060
9150
9052
9061
9151
9053
9062
9152
9054
9063
9153
9055
9064
9154
9056
9065
9155
9057
9066
9156
9058
9067
9157
9059
9068
9158
9069
9159
9061
9160
9062
9161
9063
9162
9064
9163
9065
9164
9066
9165
9067
9166
9068
9167
9069
9168
9169
9071
9080
9170
9072
9081
9171
9073
9082
9172
9074
9083
9173
9075
9084
9174
9076
9085
9175
9077
9086
9176
9078
9087
9177
9079
9088
9178
9089
9179
9081
9090
9180
9082
9091
9181
9083
9092
9182
9084
9093
9183
9085
9094
9184
9086
9095
9185
9087
9096
9186
9088
9097
9187
9089
9098
9188
9099
9189
9091
9100
9190
9092
9101
9191
9093
9102
9192
9094
9103
9193
9095
9104
9194
9096
9105
9195
9097
9106
9196
9098
9107
9197
9099
9108
9198
9109
9199
9101
9110
9200
9102
9111
9201
9103
9112
9202
9104
9113
9203
9105
9114
9204
9106
9115
9205
9107
9116
9206
9108
9117
9207
9109
9118
9208
9119
9209
9111
9120
9210
9112
9121
9211
9113
9122
9212
9114
9123
9213
9115
9124
9214
9116
9125
9215
9117
9126
9216
9118
9127
9217
9119
9128
9218
9129
9219
9121
9130
9220
9122
9131
9221
9123
9132
9222
9124
9133
9223
9125
9134
9224
9126
9135
9225
9127
9136
9226
9128
9137
9227
9129
9138
9228
9139
9229
9131
9140
9230
9132
9141
9231
9133
9142
9232
9134
9143
9233
9135
9144
9234
9136
9145
9235
9137
9146
9236
9138
9147
9237
9139
9148
9238
9149
9239
9141
9150
9240
9142
9151
9241
9143
9152
9242
9144
9153
9243
9145
9154
9244
9146
9155
9245
9147
9156
9246
9148
9157
9247
9149
9158
9248
9159
9249
9151
9160
9250
9152
9161
9251
9153
9162
9252
9154
9163
9253
9155
9164
9254
9156
9165
9255
9157
9166
9256
9158
9167
9257
9159
9168
9258
9169
9259
9161
9260
9162
9261
9163
9262
9164
9263
9165
9264
9166
9265
9167
9266
9168
9267
9169
9268
9269
9171
9180
9270
9172
9181
9271
9173
9182
9272
9174
9183
9273
9175
9184
9274
9176
9185
9275
9177
9186
9276
9178
9187
9277
9179
9188
9278
9189
9279
9181
9190
9280
9182
9191
9281
9183
9192
9282
9184
9193
9283
9185
9194
9284
9186
9195
9285
9187
9196
9286
9188
9197
9287
9189
9198
9288
9199
9289
9191
9200
9290
9192
9201
9291
9193
9202
9292
9194
9203
9293
9195
9204
9294
9196
9205
9295
9197
9206
9296
9198
9207
9297
9199
9208
9298
9209
9299
9201
9210
9300
9202
9211
9301
9203
9212
9302
9204
9213
9303
9205
9214
9304
9206
9215
9305
9207
9216
9306
9208
9217
9307
9209
9218
9308
9219
9309
9211
9220
9310
9212
9221
9311
9213
9222
9312
9214
9223
9313
9215
9224
9314
9216
9225
9315
9217
9226
9316
9218
9227
9317
9219
9228
9318
9229
9319
9221
9230
9320
9222
9231
9321
9223
9232
9322
9224
9233
9323
9225
9234
9324
9226
9235
9325
9227
9236
9326
9228
9237
9327
9229
9238
9328
9239
9329
9231
9240
9330
9232
9241
9331
9233
9242
9332
9234
9243
9333
9235
9244
9334
9236
9245
9335
9237
9246
9336
9238
9247
9337
9239
9248
9338
9249
9339
9241
9250
9340
9242
9251
9341
9243
9252
9342
9244
9253
9343
9245
9254
9344
9246
9255
9345
9247
9256
9346
9248
9257
9347
9249
9258
9348
9259
9349
9251
9260
9350
9252
9261
9351
9253
9262
9352
9254
9263
9353
9255
9264
9354
9256
9265
9355
9257
9266
9356
9258
9267
9357
9259
9268
9358
9269
9359
9261
9360
9262
9361
9263
9362
9264
9363
9265
9364
9266
9365
9267
9366
9268
9367
9269
9368
9369
9271
9280
9370
9272
9281
9371
9273
9282
9372
9274
9283
9373
9275
9284
9374
9276
9285
9375
9277
9286
9376
9278
9287
9377
9279
9288
9378
9289
9379
9281
9290
9380
9282
9291
9381
9283
9292
9382
9284
9293
9383
9285
9294
9384
9286
9295
9385
9287
9296
9386
9288
9297
9387
9289
9298
9388
9299
9389
9291
9300
9390
9292
9301
9391
9293
9302
9392
9294
9303
9393
9295
9304
9394
9296
9305
9395
9297
9306
9396
9298
9307
9397
9299
9308
9398
9309
9399
9301
9310
9400
9302
9311
9401
9303
9312
9402
9304
9313
9403
9305
9314
9404
9306
9315
9405
9307
9316
9406
9308
9317
9407
9309
9318
9408
9319
9409
9311
9320
9410
9312
9321
9411
9313
9322
9412
9314
9323
9413
9315
9324
9414
9316
9325
9415
9317
9326
9416
9318
9327
9417
9319
9328
9418
9329
9419
9321
9330
9420
9322
9331
9421
9323
9332
9422
9324
9333
9423
9325
9334
9424
9326
9335
9425
9327
9336
9426
9328
9337
9427
9329
9338
9428
9339
9429
9331
9340
9430
9332
9341
9431
9333
9342
9432
9334
9343
9433
9335
9344
9434
9336
9345
9435
9337
9346
9436
9338
9347
9437
9339
9348
9438
9349
9439
9341
9350
9440
9342
9351
9441
9343
9352
9442
9344
9353
9443
9345
9354
9444
9346
9355
9445
9347
9356
9446
9348
9357
9447
9349
9358
9448
9359
9449
9351
9360
9450
9352
9361
9451
9353
9362
9452
9354
9363
9453
9355
9364
9454
9356
9365
9455
9357
9366
9456
9358
9367
9457
9359
9368
9458
9369
9459
9361
9460
9362
9461
9363
9462
9364
9463
9365
9464
9366
9465
9367
9466
9368
9467
9369
9468
9469
9371
9380
9470
9372
9381
9471
9373
9382
9472
9374
9383
9473
9375
9384
9474
9376
9385
9475
9377
9386
9476
9378
9387
9477
9379
9388
9478
9389
9479
9381
9390
9480
9382
9391
9481
9383
9392
9482
9384
9393
9483
9385
9394
9484
9386
9395
9485
9387
9396
9486
9388
9397
9487
9389
9398
9488
9399
9489
9391
9400
9490
9392
9401
9491
9393
9402
9492
9394
9403
9493
9395
9404
9494
9396
9405
9495
9397
9406
9496
9398
9407
9497
9399
9408
9498
9409
9499
9401
9410
9500
9402
9411
9501
9403
9412
9502
9404
9413
9503
9405
9414
9504
9406
9415
9505
9407
9416
9506
9408
9417
9507
9409
9418
9508
9419
9509
9411
9420
9510
9412
9421
9511
9413
9422
9512
9414
9423
9513
9415
9424
9514
9416
9425
9515
9417
9426
9516
9418
9427
9517
9419
9428
9518
9429
9519
9421
9430
9520
9422
9431
9521
9423
9432
9522
9424
9433
9523
9425
9434
9524
9426
9435
9525
9427
9436
9526
9428
9437
9527
9429
9438
9528
9439
9529
9431
9440
9530
9432
9441
9531
9433
9442
9532
9434
9443
9533
9435
9444
9534
9436
9445
9535
9437
9446
9536
9438
9447
9537
9439
9448
9538
9449
9539
9441
9450
9540
9442
9451
9541
9443
9452
9542
9444
9453
9543
9445
9454
9544
9446
9455
9545
9447
9456
9546
9448
9457
9547
9449
9458
9548
9459
9549
9451
9460
9550
9452
9461
9551
9453
9462
9552
9454
9463
9553
9455
9464
9554
9456
9465
9555
9457
9466
9556
9458
9467
9557
9459
9468
9558
9469
9559
9461
9560
9462
9561
9463
9562
9464
9563
9465
9564
9466
9565
9467
9566
9468
9567
9469
9568
9569
9471
9480
9570
9472
9481
9571
9473
9482
9572
9474
9483
9573
9475
9484
9574
9476
9485
9575
9477
9486
9576
9478
9487
9577
9479
9488
9578
9489
9579
9481
9490
9580
9482
9491
9581
9483
9492
9582
9484
9493
9583
9485
9494
9584
9486
9495
9585
9487
9496
9586
9488
9497
9587
9489
9498
9588
9499
9589
9491
9500
9590
9492
9501
9591
9493
9502
9592
9494
9503
9593
9495
9504
9594
9496
9505
9595
9497
9506
9596
9498
9507
9597
9499
9508
9598
9509
9599
9501
9510
9600
9502
9511
9601
9503
9512
9602
9504
9513
9603
9505
9514
9604
9506
9515
9605
9507
9516
9606
9508
9517
9607
9509
9518
9608
9519
9609
9511
9520
9610
9512
9521
9611
9513
9522
9612
9514
9523
9613
9515
9524
9614
9516
9525
9615
9517
9526
9616
9518
9527
9617
9519
9528
9618
9529
9619
9521
9530
9620
9522
9531
9621
9523
9532
9622
9524
9533
9623
9525
9534
9624
9526
9535
9625
9527
9536
9626
9528
9537
9627
9529
9538
9628
9539
9629
9531
9540
9630
9532
9541
9631
9533
9542
9632
9534
9543
9633
9535
9544
9634
9536
9545
9635
9537
9546
9636
9538
9547
9637
9539
9548
9638
9549
9639
9541
9550
9640
9542
9551
9641
9543
9552
9642
9544
9553
9643
9545
9554
9644
9546
9555
9645
9547
9556
9646
9548
9557
9647
9549
9558
9648
9559
9649
9551
9560
9650
9552
9561
9651
9553
9562
9652
9554
9563
9653
9555
9564
9654
9556
9565
9655
9557
9566
9656
9558
9567
9657
9559
9568
9658
9569
9659
9561
9660
9562
9661
9563
9662
9564
9663
9565
9664
9566
9665
9567
9666
9568
9667
9569
9668
9669
9571
9580
9670
9572
9581
9671
9573
9582
9672
9574
9583
9673
9575
9584
9674
9576
9585
9675
9577
9586
9676
9578
9587
9677
9579
9588
9678
9589
9679
9581
9590
9680
9582
9591
9681
9583
9592
9682
9584
9593
9683
9585
9594
9684
9586
9595
9685
9587
9596
9686
9588
9597
9687
9589
9598
9688
9599
9689
9591
9600
9690
9592
9601
9691
9593
9602
9692
9594
9603
9693
9595
9604
9694
9596
9605
9695
9597
9606
9696
9598
9607
9697
9599
9608
9698
9609
9699
9601
9610
9700
9602
9611
9701
9603
9612
9702
9604
9613
9703
9605
9614
9704
9606
9615
9705
9607
9616
9706
9608
9617
9707
9609
9618
9708
9619
9709
9611
9620
9710
9612
9621
9711
9613
9622
9712
9614
9623
9713
9615
9624
9714
9616
9625
9715
9617
9626
9716
9618
9627
9717
9619
9628
9718
9629
9719
9621
9630
9720
9622
9631
9721
9623
9632
9722
9624
9633
9723
9625
9634
9724
9626
9635
9725
9627
9636
9726
9628
9637
9727
9629
9638
9728
9639
9729
9631
9640
9730
9632
9641
9731
9633
9642
9732
9634
9643
9733
9635
9644
9734
9636
9645
9735
9637
9646
9736
9638
9647
9737
9639
9648
9738
9649
9739
9641
9650
9740
9642
9651
9741
9643
9652
9742
9644
9653
9743
9645
9654
9744
9646
9655
9745
9647
9656
9746
9648
9657
9747
9649
9658
9748
9659
9749
9651
9660
9750
9652
9661
9751
9653
9662
9752
9654
9663
9753
9655
9664
9754
9656
9665
9755
9657
9666
9756
9658
9667
9757
9659
9668
9758
9669
9759
9661
9760
9662
9761
9663
9762
9664
9763
9665
9764
9666
9765
9667
9766
9668
9767
9669
9768
9769
9671
9680
9770
9672
9681
9771
9673
9682
9772
9674
9683
9773
9675
9684
9774
9676
9685
9775
9677
9686
9776
9678
9687
9777
9679
9688
9778
9689
9779
9681
9690
9780
9682
9691
9781
9683
9692
9782
9684
9693
9783
9685
9694
9784
9686
9695
9785
9687
9696
9786
9688
9697
9787
9689
9698
9788
9699
9789
9691
9700
9790
9692
9701
9791
9693
9702
9792
9694
9703
9793
9695
9704
9794
9696
9705
9795
9697
9706
9796
9698
9707
9797
9699
9708
9798
9709
9799
9701
9710
9800
9702
9711
9801
9703
9712
9802
9704
9713
9803
9705
9714
9804
9706
9715
9805
9707
9716
9806
9708
9717
9807
9709
9718
9808
9719
9809
9711
9720
9810
9712
9721
9811
9713
9722
9812
9714
9723
9813
9715
9724
9814
9716
9725
9815
9717
9726
9816
9718
9727
9817
9719
9728
9818
9729
9819
9721
9730
9820
9722
9731
9821
9723
9732
9822
9724
9733
9823
9725
9734
9824
9726
9735
9825
9727
9736
9826
9728
9737
9827
9729
9738
9828
9739
9829
9731
9740
9830
9732
9741
9831
9733
9742
9832
9734
9743
9833
9735
9744
9834
9736
9745
9835
9737
9746
9836
9738
9747
9837
9739
9748
9838
9749
9839
9741
9750
9840
9742
9751
9841
9743
9752
9842
9744
9753
9843
9745
9754
9844
9746
9755
9845
9747
9756
9846
9748
9757
9847
9749
9758
9848
9759
9849
9751
9760
9850
9752
9761
9851
9753
9762
9852
9754
9763
9853
9755
9764
9854
9756
9765
9855
9757
9766
9856
9758
9767
9857
9759
9768
9858
9769
9859
9761
9860
9762
9861
9763
9862
9764
9863
9765
9864
9766
9865
9767
9866
9768
9867
9769
9868
9869
9771
9780
9772
9781
9773
9782
9774
9783
9775
9784
9776
9785
9777
9786
9778
9787
9779
9788
9789
9781
9790
9782
9791
9783
9792
9784
9793
9785
9794
9786
9795
9787
9796
9788
9797
9789
9798
9799
9791
9800
9792
9801
9793
9802
9794
9803
9795
9804
9796
9805
9797
9806
9798
9807
9799
9808
9809
9801
9810
9802
9811
9803
9812
9804
9813
9805
9814
9806
9815
9807
9816
9808
9817
9809
9818
9819
9811
9820
9812
9821
9813
9822
9814
9823
9815
9824
9816
9825
9817
9826
9818
9827
9819
9828
9829
9821
9830
9822
9831
9823
9832
9824
9833
9825
9834
9826
9835
9827
9836
9828
9837
9829
9838
9839
9831
9840
9832
9841
9833
9842
9834
9843
9835
9844
9836
9845
9837
9846
9838
9847
9839
9848
9849
9841
9850
9842
9851
9843
9852
9844
9853
9845
9854
9846
9855
9847
9856
9848
9857
9849
9858
9859
9851
9860
9852
9861
9853
9862
9854
9863
9855
9864
9856
9865
9857
9866
9858
9867
9859
9868
9869
9861
9862
9863
9864
9865
9866
9867
9868
9869
9871
9880
9970
9872
9881
9971
9873
9882
9972
9874
9883
9973
9875
9884
9974
9876
9885
9975
9877
9886
9976
9878
9887
9977
9879
9888
9978
9889
9979
9881
9890
9980
9882
9891
9981
9883
9892
9982
9884
9893
9983
9885
9894
9984
9886
9895
9985
9887
9896
9986
9888
9897
9987
9889
9898
9988
9899
9989
9891
9900
9990
9892
9901
9991
9893
9902
9992
9894
9903
9993
9895
9904
9994
9896
9905
9995
9897
9906
9996
9898
9907
9997
9899
9908
9998
9909
9999
9901
9910
10000
9902
9911
10001
9903
9912
10002
9904
9913
10003
9905
9914
10004
9906
9915
10005
9907
9916
10006
9908
9917
10007
9909
9918
10008
9919
10009
9911
9920
10010
9912
9921
10011
9913
9922
10012
9914
9923
10013
9915
9924
10014
9916
9925
10015
9917
9926
10016
9918
9927
10017
9919
9928
10018
9929
10019
9921
9930
10020
9922
9931
10021
9923
9932
10022
9924
9933
10023
9925
9934
10024
9926
9935
10025
9927
9936
10026
9928
9937
10027
9929
9938
10028
9939
10029
9931
9940
10030
9932
9941
10031
9933
9942
10032
9934
9943
10033
9935
9944
10034
9936
9945
10035
9937
9946
10036
9938
9947
10037
9939
9948
10038
9949
10039
9941
9950
10040
9942
9951
10041
9943
9952
10042
9944
9953
10043
9945
9954
10044
9946
9955
10045
9947
9956
10046
9948
9957
10047
9949
9958
10048
9959
10049
9951
9960
10050
9952
9961
10051
9953
9962
10052
9954
9963
10053
9955
9964
10054
9956
9965
10055
9957
9966
10056
9958
9967
10057
9959
9968
10058
9969
10059
9961
10060
9962
10061
9963
10062
9964
10063
9965
10064
9966
10065
9967
10066
9968
10067
9969
10068
10069
9971
9980
10070
9972
9981
10071
9973
9982
10072
9974
9983
10073
9975
9984
10074
9976
9985
10075
9977
9986
10076
9978
9987
10077
9979
9988
10078
9989
10079
9981
9990
10080
9982
9991
10081
9983
9992
10082
9984
9993
10083
9985
9994
10084
9986
9995
10085
9987
9996
10086
9988
9997
10087
9989
9998
10088
9999
10089
9991
10000
10090
9992
10001
10091
9993
10002
10092
9994
10003
10093
9995
10004
10094
9996
10005
10095
9997
10006
10096
9998
10007
10097
9999
10008
10098
10009
10099
10001
10010
10100
10002
10011
10101
10003
10012
10102
10004
10013
10103
10005
10014
10104
10006
10015
10105
10007
10016
10106
10008
10017
10107
10009
10018
10108
10019
10109
10011
10020
10110
10012
10021
10111
10013
10022
10112
10014
10023
10113
10015
10024
10114
10016
10025
10115
10017
10026
10116
10018
10027
10117
10019
10028
10118
10029
10119
10021
10030
10120
10022
10031
10121
10023
10032
10122
10024
10033
10123
10025
10034
10124
10026
10035
10125
10027
10036
10126
10028
10037
10127
10029
10038
10128
10039
10129
10031
10040
10130
10032
10041
10131
10033
10042
10132
10034
10043
10133
10035
10044
10134
10036
10045
10135
10037
10046
10136
10038
10047
10137
10039
10048
10138
10049
10139
10041
10050
10140
10042
10051
10141
10043
10052
10142
10044
10053
10143
10045
10054
10144
10046
10055
10145
10047
10056
10146
10048
10057
10147
10049
10058
10148
10059
10149
10051
10060
10150
10052
10061
10151
10053
10062
10152
10054
10063
10153
10055
10064
10154
10056
10065
10155
10057
10066
10156
10058
10067
10157
10059
10068
10158
10069
10159
10061
10160
10062
10161
10063
10162
10064
10163
10065
10164
10066
10165
10067
10166
10068
10167
10069
10168
10169
10071
10080
10170
10072
10081
10171
10073
10082
10172
10074
10083
10173
10075
10084
10174
10076
10085
10175
10077
10086
10176
10078
10087
10177
10079
10088
10178
10089
10179
10081
10090
10180
10082
10091
10181
10083
10092
10182
10084
10093
10183
10085
10094
10184
10086
10095
10185
10087
10096
10186
10088
10097
10187
10089
10098
10188
10099
10189
10091
10100
10190
10092
10101
10191
10093
10102
10192
10094
10103
10193
10095
10104
10194
10096
10105
10195
10097
10106
10196
10098
10107
10197
10099
10108
10198
10109
10199
10101
10110
10200
10102
10111
10201
10103
10112
10202
10104
10113
10203
10105
10114
10204
10106
10115
10205
10107
10116
10206
10108
10117
10207
10109
10118
10208
10119
10209
10111
10120
10210
10112
10121
10211
10113
10122
10212
10114
10123
10213
10115
10124
10214
10116
10125
10215
10117
10126
10216
10118
10127
10217
10119
10128
10218
10129
10219
10121
10130
10220
10122
10131
10221
10123
10132
10222
10124
10133
10223
10125
10134
10224
10126
10135
10225
10127
10136
10226
10128
10137
10227
10129
10138
10228
10139
10229
10131
10140
10230
10132
10141
10231
10133
10142
10232
10134
10143
10233
10135
10144
10234
10136
10145
10235
10137
10146
10236
10138
10147
10237
10139
10148
10238
10149
10239
10141
10150
10240
10142
10151
10241
10143
10152
10242
10144
10153
10243
10145
10154
10244
10146
10155
10245
10147
10156
10246
10148
10157
10247
10149
10158
10248
10159
10249
10151
10160
10250
10152
10161
10251
10153
10162
10252
10154
10163
10253
10155
10164
10254
10156
10165
10255
10157
10166
10256
10158
10167
10257
10159
10168
10258
10169
10259
10161
10260
10162
10261
10163
10262
10164
10263
10165
10264
10166
10265
10167
10266
10168
10267
10169
10268
10269
10171
10180
10270
10172
10181
10271
10173
10182
10272
10174
10183
10273
10175
10184
10274
10176
10185
10275
10177
10186
10276
10178
10187
10277
10179
10188
10278
10189
10279
10181
10190
10280
10182
10191
10281
10183
10192
10282
10184
10193
10283
10185
10194
10284
10186
10195
10285
10187
10196
10286
10188
10197
10287
10189
10198
10288
10199
10289
10191
10200
10290
10192
10201
10291
10193
10202
10292
10194
10203
10293
10195
10204
10294
10196
10205
10295
10197
10206
10296
10198
10207
10297
10199
10208
10298
10209
10299
10201
10210
10300
10202
10211
10301
10203
10212
10302
10204
10213
10303
10205
10214
10304
10206
10215
10305
10207
10216
10306
10208
10217
10307
10209
10218
10308
10219
10309
10211
10220
10310
10212
10221
10311
10213
10222
10312
10214
10223
10313
10215
10224
10314
10216
10225
10315
10217
10226
10316
10218
10227
10317
10219
10228
10318
10229
10319
10221
10230
10320
10222
10231
10321
10223
10232
10322
10224
10233
10323
10225
10234
10324
10226
10235
10325
10227
10236
10326
10228
10237
10327
10229
10238
10328
10239
10329
10231
10240
10330
10232
10241
10331
10233
10242
10332
10234
10243
10333
10235
10244
10334
10236
10245
10335
10237
10246
10336
10238
10247
10337
10239
10248
10338
10249
10339
10241
10250
10340
10242
10251
10341
10243
10252
10342
10244
10253
10343
10245
10254
10344
10246
10255
10345
10247
10256
10346
10248
10257
10347
10249
10258
10348
10259
10349
10251
10260
10350
10252
10261
10351
10253
10262
10352
10254
10263
10353
10255
10264
10354
10256
10265
10355
10257
10266
10356
10258
10267
10357
10259
10268
10358
10269
10359
10261
10360
10262
10361
10263
10362
10264
10363
10265
10364
10266
10365
10267
10366
10268
10367
10269
10368
10369
10271
10280
10370
10272
10281
10371
10273
10282
10372
10274
10283
10373
10275
10284
10374
10276
10285
10375
10277
10286
10376
10278
10287
10377
10279
10288
10378
10289
10379
10281
10290
10380
10282
10291
10381
10283
10292
10382
10284
10293
10383
10285
10294
10384
10286
10295
10385
10287
10296
10386
10288
10297
10387
10289
10298
10388
10299
10389
10291
10300
10390
10292
10301
10391
10293
10302
10392
10294
10303
10393
10295
10304
10394
10296
10305
10395
10297
10306
10396
10298
10307
10397
10299
10308
10398
10309
10399
10301
10310
10400
10302
10311
10401
10303
10312
10402
10304
10313
10403
10305
10314
10404
10306
10315
10405
10307
10316
10406
10308
10317
10407
10309
10318
10408
10319
10409
10311
10320
10410
10312
10321
10411
10313
10322
10412
10314
10323
10413
10315
10324
10414
10316
10325
10415
10317
10326
10416
10318
10327
10417
10319
10328
10418
10329
10419
10321
10330
10420
10322
10331
10421
10323
10332
10422
10324
10333
10423
10325
10334
10424
10326
10335
10425
10327
10336
10426
10328
10337
10427
10329
10338
10428
10339
10429
10331
10340
10430
10332
10341
10431
10333
10342
10432
10334
10343
10433
10335
10344
10434
10336
10345
10435
10337
10346
10436
10338
10347
10437
10339
10348
10438
10349
10439
10341
10350
10440
10342
10351
10441
10343
10352
10442
10344
10353
10443
10345
10354
10444
10346
10355
10445
10347
10356
10446
10348
10357
10447
10349
10358
10448
10359
10449
10351
10360
10450
10352
10361
10451
10353
10362
10452
10354
10363
10453
10355
10364
10454
10356
10365
10455
10357
10366
10456
10358
10367
10457
10359
10368
10458
10369
10459
10361
10460
10362
10461
10363
10462
10364
10463
10365
10464
10366
10465
10367
10466
10368
10467
10369
10468
10469
10371
10380
10470
10372
10381
10471
10373
10382
10472
10374
10383
10473
10375
10384
10474
10376
10385
10475
10377
10386
10476
10378
10387
10477
10379
10388
10478
10389
10479
10381
10390
10480
10382
10391
10481
10383
10392
10482
10384
10393
10483
10385
10394
10484
10386
10395
10485
10387
10396
10486
10388
10397
10487
10389
10398
10488
10399
10489
10391
10400
10490
10392
10401
10491
10393
10402
10492
10394
10403
10493
10395
10404
10494
10396
10405
10495
10397
10406
10496
10398
10407
10497
10399
10408
10498
10409
10499
10401
10410
10500
10402
10411
10501
10403
10412
10502
10404
10413
10503
10405
10414
10504
10406
10415
10505
10407
10416
10506
10408
10417
10507
10409
10418
10508
10419
10509
10411
10420
10510
10412
10421
10511
10413
10422
10512
10414
10423
10513
10415
10424
10514
10416
10425
10515
10417
10426
10516
10418
10427
10517
10419
10428
10518
10429
10519
10421
10430
10520
10422
10431
10521
10423
10432
10522
10424
10433
10523
10425
10434
10524
10426
10435
10525
10427
10436
10526
10428
10437
10527
10429
10438
10528
10439
10529
10431
10440
10530
10432
10441
10531
10433
10442
10532
10434
10443
10533
10435
10444
10534
10436
10445
10535
10437
10446
10536
10438
10447
10537
10439
10448
10538
10449
10539
10441
10450
10540
10442
10451
10541
10443
10452
10542
10444
10453
10543
10445
10454
10544
10446
10455
10545
10447
10456
10546
10448
10457
10547
10449
10458
10548
10459
10549
10451
10460
10550
10452
10461
10551
10453
10462
10552
10454
10463
10553
10455
10464
10554
10456
10465
10555
10457
10466
10556
10458
10467
10557
10459
10468
10558
10469
10559
10461
10560
10462
10561
10463
10562
10464
10563
10465
10564
10466
10565
10467
10566
10468
10567
10469
10568
10569
10471
10480
10570
10472
10481
10571
10473
10482
10572
10474
10483
10573
10475
10484
10574
10476
10485
10575
10477
10486
10576
10478
10487
10577
10479
10488
10578
10489
10579
10481
10490
10580
10482
10491
10581
10483
10492
10582
10484
10493
10583
10485
10494
10584
10486
10495
10585
10487
10496
10586
10488
10497
10587
10489
10498
10588
10499
10589
10491
10500
10590
10492
10501
10591
10493
10502
10592
10494
10503
10593
10495
10504
10594
10496
10505
10595
10497
10506
10596
10498
10507
10597
10499
10508
10598
10509
10599
10501
10510
10600
10502
10511
10601
10503
10512
10602
10504
10513
10603
10505
10514
10604
10506
10515
10605
10507
10516
10606
10508
10517
10607
10509
10518
10608
10519
10609
10511
10520
10610
10512
10521
10611
10513
10522
10612
10514
10523
10613
10515
10524
10614
10516
10525
10615
10517
10526
10616
10518
10527
10617
10519
10528
10618
10529
10619
10521
10530
10620
10522
10531
10621
10523
10532
10622
10524
10533
10623
10525
10534
10624
10526
10535
10625
10527
10536
10626
10528
10537
10627
10529
10538
10628
10539
10629
10531
10540
10630
10532
10541
10631
10533
10542
10632
10534
10543
10633
10535
10544
10634
10536
10545
10635
10537
10546
10636
10538
10547
10637
10539
10548
10638
10549
10639
10541
10550
10640
10542
10551
10641
10543
10552
10642
10544
10553
10643
10545
10554
10644
10546
10555
10645
10547
10556
10646
10548
10557
10647
10549
10558
10648
10559
10649
10551
10560
10650
10552
10561
10651
10553
10562
10652
10554
10563
10653
10555
10564
10654
10556
10565
10655
10557
10566
10656
10558
10567
10657
10559
10568
10658
10569
10659
10561
10660
10562
10661
10563
10662
10564
10663
10565
10664
10566
10665
10567
10666
10568
10667
10569
10668
10669
10571
10580
10670
10572
10581
10671
10573
10582
10672
10574
10583
10673
10575
10584
10674
10576
10585
10675
10577
10586
10676
10578
10587
10677
10579
10588
10678
10589
10679
10581
10590
10680
10582
10591
10681
10583
10592
10682
10584
10593
10683
10585
10594
10684
10586
10595
10685
10587
10596
10686
10588
10597
10687
10589
10598
10688
10599
10689
10591
10600
10690
10592
10601
10691
10593
10602
10692
10594
10603
10693
10595
10604
10694
10596
10605
10695
10597
10606
10696
10598
10607
10697
10599
10608
10698
10609
10699
10601
10610
10700
10602
10611
10701
10603
10612
10702
10604
10613
10703
10605
10614
10704
10606
10615
10705
10607
10616
10706
10608
10617
10707
10609
10618
10708
10619
10709
10611
10620
10710
10612
10621
10711
10613
10622
10712
10614
10623
10713
10615
10624
10714
10616
10625
10715
10617
10626
10716
10618
10627
10717
10619
10628
10718
10629
10719
10621
10630
10720
10622
10631
10721
10623
10632
10722
10624
10633
10723
10625
10634
10724
10626
10635
10725
10627
10636
10726
10628
10637
10727
10629
10638
10728
10639
10729
10631
10640
10730
10632
10641
10731
10633
10642
10732
10634
10643
10733
10635
10644
10734
10636
10645
10735
10637
10646
10736
10638
10647
10737
10639
10648
10738
10649
10739
10641
10650
10740
10642
10651
10741
10643
10652
10742
10644
10653
10743
10645
10654
10744
10646
10655
10745
10647
10656
10746
10648
10657
10747
10649
10658
10748
10659
10749
10651
10660
10750
10652
10661
10751
10653
10662
10752
10654
10663
10753
10655
10664
10754
10656
10665
10755
10657
10666
10756
10658
10667
10757
10659
10668
10758
10669
10759
10661
10760
10662
10761
10663
10762
10664
10763
10665
10764
10666
10765
10667
10766
10668
10767
10669
10768
10769
10671
10680
10770
10672
10681
10771
10673
10682
10772
10674
10683
10773
10675
10684
10774
10676
10685
10775
10677
10686
10776
10678
10687
10777
10679
10688
10778
10689
10779
10681
10690
10780
10682
10691
10781
10683
10692
10782
10684
10693
10783
10685
10694
10784
10686
10695
10785
10687
10696
10786
10688
10697
10787
10689
10698
10788
10699
10789
10691
10700
10790
10692
10701
10791
10693
10702
10792
10694
10703
10793
10695
10704
10794
10696
10705
10795
10697
10706
10796
10698
10707
10797
10699
10708
10798
10709
10799
10701
10710
10800
10702
10711
10801
10703
10712
10802
10704
10713
10803
10705
10714
10804
10706
10715
10805
10707
10716
10806
10708
10717
10807
10709
10718
10808
10719
10809
10711
10720
10810
10712
10721
10811
10713
10722
10812
10714
10723
10813
10715
10724
10814
10716
10725
10815
10717
10726
10816
10718
10727
10817
10719
10728
10818
10729
10819
10721
10730
10820
10722
10731
10821
10723
10732
10822
10724
10733
10823
10725
10734
10824
10726
10735
10825
10727
10736
10826
10728
10737
10827
10729
10738
10828
10739
10829
10731
10740
10830
10732
10741
10831
10733
10742
10832
10734
10743
10833
10735
10744
10834
10736
10745
10835
10737
10746
10836
10738
10747
10837
10739
10748
10838
10749
10839
10741
10750
10840
10742
10751
10841
10743
10752
10842
10744
10753
10843
10745
10754
10844
10746
10755
10845
10747
10756
10846
10748
10757
10847
10749
10758
10848
10759
10849
10751
10760
10850
10752
10761
10851
10753
10762
10852
10754
10763
10853
10755
10764
10854
10756
10765
10855
10757
10766
10856
10758
10767
10857
10759
10768
10858
10769
10859
10761
10860
10762
10861
10763
10862
10764
10863
10765
10864
10766
10865
10767
10866
10768
10867
10769
10868
10869
10771
10780
10870
10772
10781
10871
10773
10782
10872
10774
10783
10873
10775
10784
10874
10776
10785
10875
10777
10786
10876
10778
10787
10877
10779
10788
10878
10789
10879
10781
10790
10880
10782
10791
10881
10783
10792
10882
10784
10793
10883
10785
10794
10884
10786
10795
10885
10787
10796
10886
10788
10797
10887
10789
10798
10888
10799
10889
10791
10800
10890
10792
10801
10891
10793
10802
10892
10794
10803
10893
10795
10804
10894
10796
10805
10895
10797
10806
10896
10798
10807
10897
10799
10808
10898
10809
10899
10801
10810
10900
10802
10811
10901
10803
10812
10902
10804
10813
10903
10805
10814
10904
10806
10815
10905
10807
10816
10906
10808
10817
10907
10809
10818
10908
10819
10909
10811
10820
10910
10812
10821
10911
10813
10822
10912
10814
10823
10913
10815
10824
10914
10816
10825
10915
10817
10826
10916
10818
10827
10917
10819
10828
10918
10829
10919
10821
10830
10920
10822
10831
10921
10823
10832
10922
10824
10833
10923
10825
10834
10924
10826
10835
10925
10827
10836
10926
10828
10837
10927
10829
10838
10928
10839
10929
10831
10840
10930
10832
10841
10931
10833
10842
10932
10834
10843
10933
10835
10844
10934
10836
10845
10935
10837
10846
10936
10838
10847
10937
10839
10848
10938
10849
10939
10841
10850
10940
10842
10851
10941
10843
10852
10942
10844
10853
10943
10845
10854
10944
10846
10855
10945
10847
10856
10946
10848
10857
10947
10849
10858
10948
10859
10949
10851
10860
10950
10852
10861
10951
10853
10862
10952
10854
10863
10953
10855
10864
10954
10856
10865
10955
10857
10866
10956
10858
10867
10957
10859
10868
10958
10869
10959
10861
10960
10862
10961
10863
10962
10864
10963
10865
10964
10866
10965
10867
10966
10868
10967
10869
10968
10969
10871
10880
10970
10872
10881
10971
10873
10882
10972
10874
10883
10973
10875
10884
10974
10876
10885
10975
10877
10886
10976
10878
10887
10977
10879
10888
10978
10889
10979
10881
10890
10980
10882
10891
10981
10883
10892
10982
10884
10893
10983
10885
10894
10984
10886
10895
10985
10887
10896
10986
10888
10897
10987
10889
10898
10988
10899
10989
10891
10900
10990
10892
10901
10991
10893
10902
10992
10894
10903
10993
10895
10904
10994
10896
10905
10995
10897
10906
10996
10898
10907
10997
10899
10908
10998
10909
10999
10901
10910
11000
10902
10911
11001
10903
10912
11002
10904
10913
11003
10905
10914
11004
10906
10915
11005
10907
10916
11006
10908
10917
11007
10909
10918
11008
10919
11009
10911
10920
11010
10912
10921
11011
10913
10922
11012
10914
10923
11013
10915
10924
11014
10916
10925
11015
10917
10926
11016
10918
10927
11017
10919
10928
11018
10929
11019
10921
10930
11020
10922
10931
11021
10923
10932
11022
10924
10933
11023
10925
10934
11024
10926
10935
11025
10927
10936
11026
10928
10937
11027
10929
10938
11028
10939
11029
10931
10940
11030
10932
10941
11031
10933
10942
11032
10934
10943
11033
10935
10944
11034
10936
10945
11035
10937
10946
11036
10938
10947
11037
10939
10948
11038
10949
11039
10941
10950
11040
10942
10951
11041
10943
10952
11042
10944
10953
11043
10945
10954
11044
10946
10955
11045
10947
10956
11046
10948
10957
11047
10949
10958
11048
10959
11049
10951
10960
11050
10952
10961
11051
10953
10962
11052
10954
10963
11053
10955
10964
11054
10956
10965
11055
10957
10966
11056
10958
10967
11057
10959
10968
11058
10969
11059
10961
11060
10962
11061
10963
11062
10964
11063
10965
11064
10966
11065
10967
11066
10968
11067
10969
11068
11069
10971
10980
11070
10972
10981
11071
10973
10982
11072
10974
10983
11073
10975
10984
11074
10976
10985
11075
10977
10986
11076
10978
10987
11077
10979
10988
11078
10989
11079
10981
10990
11080
10982
10991
11081
10983
10992
11082
10984
10993
11083
10985
10994
11084
10986
10995
11085
10987
10996
11086
10988
10997
11087
10989
10998
11088
10999
11089
10991
11000
11090
10992
11001
11091
10993
11002
11092
10994
11003
11093
10995
11004
11094
10996
11005
11095
10997
11006
11096
10998
11007
11097
10999
11008
11098
11009
11099
11001
11010
11100
11002
11011
11101
11003
11012
11102
11004
11013
11103
11005
11014
11104
11006
11015
11105
11007
11016
11106
11008
11017
11107
11009
11018
11108
11019
11109
11011
11020
11110
11012
11021
11111
11013
11022
11112
11014
11023
11113
11015
11024
11114
11016
11025
11115
11017
11026
11116
11018
11027
11117
11019
11028
11118
11029
11119
11021
11030
11120
11022
11031
11121
11023
11032
11122
11024
11033
11123
11025
11034
11124
11026
11035
11125
11027
11036
11126
11028
11037
11127
11029
11038
11128
11039
11129
11031
11040
11130
11032
11041
11131
11033
11042
11132
11034
11043
11133
11035
11044
11134
11036
11045
11135
11037
11046
11136
11038
11047
11137
11039
11048
11138
11049
11139
11041
11050
11140
11042
11051
11141
11043
11052
11142
11044
11053
11143
11045
11054
11144
11046
11055
11145
11047
11056
11146
11048
11057
11147
11049
11058
11148
11059
11149
11051
11060
11150
11052
11061
11151
11053
11062
11152
11054
11063
11153
11055
11064
11154
11056
11065
11155
11057
11066
11156
11058
11067
11157
11059
11068
11158
11069
11159
11061
11160
11062
11161
11063
11162
11064
11163
11065
11164
11066
11165
11067
11166
11068
11167
11069
11168
11169
11071
11080
11170
11072
11081
11171
11073
11082
11172
11074
11083
11173
11075
11084
11174
11076
11085
11175
11077
11086
11176
11078
11087
11177
11079
11088
11178
11089
11179
11081
11090
11180
11082
11091
11181
11083
11092
11182
11084
11093
11183
11085
11094
11184
11086
11095
11185
11087
11096
11186
11088
11097
11187
11089
11098
11188
11099
11189
11091
11100
11190
11092
11101
11191
11093
11102
11192
11094
11103
11193
11095
11104
11194
11096
11105
11195
11097
11106
11196
11098
11107
11197
11099
11108
11198
11109
11199
11101
11110
11200
11102
11111
11201
11103
11112
11202
11104
11113
11203
11105
11114
11204
11106
11115
11205
11107
11116
11206
11108
11117
11207
11109
11118
11208
11119
11209
11111
11120
11210
11112
11121
11211
11113
11122
11212
11114
11123
11213
11115
11124
11214
11116
11125
11215
11117
11126
11216
11118
11127
11217
11119
11128
11218
11129
11219
11121
11130
11220
11122
11131
11221
11123
11132
11222
11124
11133
11223
11125
11134
11224
11126
11135
11225
11127
11136
11226
11128
11137
11227
11129
11138
11228
11139
11229
11131
11140
11230
11132
11141
11231
11133
11142
11232
11134
11143
11233
11135
11144
11234
11136
11145
11235
11137
11146
11236
11138
11147
11237
11139
11148
11238
11149
11239
11141
11150
11240
11142
11151
11241
11143
11152
11242
11144
11153
11243
11145
11154
11244
11146
11155
11245
11147
11156
11246
11148
11157
11247
11149
11158
11248
11159
11249
11151
11160
11250
11152
11161
11251
11153
11162
11252
11154
11163
11253
11155
11164
11254
11156
11165
11255
11157
11166
11256
11158
11167
11257
11159
11168
11258
11169
11259
11161
11260
11162
11261
11163
11262
11164
11263
11165
11264
11166
11265
11167
11266
11168
11267
11169
11268
11269
11171
11180
11270
11172
11181
11271
11173
11182
11272
11174
11183
11273
11175
11184
11274
11176
11185
11275
11177
11186
11276
11178
11187
11277
11179
11188
11278
11189
11279
11181
11190
11280
11182
11191
11281
11183
11192
11282
11184
11193
11283
11185
11194
11284
11186
11195
11285
11187
11196
11286
11188
11197
11287
11189
11198
11288
11199
11289
11191
11200
11290
11192
11201
11291
11193
11202
11292
11194
11203
11293
11195
11204
11294
11196
11205
11295
11197
11206
11296
11198
11207
11297
11199
11208
11298
11209
11299
11201
11210
11300
11202
11211
11301
11203
11212
11302
11204
11213
11303
11205
11214
11304
11206
11215
11305
11207
11216
11306
11208
11217
11307
11209
11218
11308
11219
11309
11211
11220
11310
11212
11221
11311
11213
11222
11312
11214
11223
11313
11215
11224
11314
11216
11225
11315
11217
11226
11316
11218
11227
11317
11219
11228
11318
11229
11319
11221
11230
11320
11222
11231
11321
11223
11232
11322
11224
11233
11323
11225
11234
11324
11226
11235
11325
11227
11236
11326
11228
11237
11327
11229
11238
11328
11239
11329
11231
11240
11330
11232
11241
11331
11233
11242
11332
11234
11243
11333
11235
11244
11334
11236
11245
11335
11237
11246
11336
11238
11247
11337
11239
11248
11338
11249
11339
11241
11250
11340
11242
11251
11341
11243
11252
11342
11244
11253
11343
11245
11254
11344
11246
11255
11345
11247
11256
11346
11248
11257
11347
11249
11258
11348
11259
11349
11251
11260
11350
11252
11261
11351
11253
11262
11352
11254
11263
11353
11255
11264
11354
11256
11265
11355
11257
11266
11356
11258
11267
11357
11259
11268
11358
11269
11359
11261
11360
11262
11361
11263
11362
11264
11363
11265
11364
11266
11365
11267
11366
11268
11367
11269
11368
11369
11271
11280
11272
11281
11273
11282
11274
11283
11275
11284
11276
11285
11277
11286
11278
11287
11279
11288
11289
11281
11290
11282
11291
11283
11292
11284
11293
11285
11294
11286
11295
11287
11296
11288
11297
11289
11298
11299
11291
11300
11292
11301
11293
11302
11294
11303
11295
11304
11296
11305
11297
11306
11298
11307
11299
11308
11309
11301
11310
11302
11311
11303
11312
11304
11313
11305
11314
11306
11315
11307
11316
11308
11317
11309
11318
11319
11311
11320
11312
11321
11313
11322
11314
11323
11315
11324
11316
11325
11317
11326
11318
11327
11319
11328
11329
11321
11330
11322
11331
11323
11332
11324
11333
11325
11334
11326
11335
11327
11336
11328
11337
11329
11338
11339
11331
11340
11332
11341
11333
11342
11334
11343
11335
11344
11336
11345
11337
11346
11338
11347
11339
11348
11349
11341
11350
11342
11351
11343
11352
11344
11353
11345
11354
11346
11355
11347
11356
11348
11357
11349
11358
11359
11351
11360
11352
11361
11353
11362
11354
11363
11355
11364
11356
11365
11357
11366
11358
11367
11359
11368
11369
11361
11362
11363
11364
11365
11366
11367
11368
11369
)


// ************************************************************************* //
