/*--------------------------------*- C++ -*----------------------------------*\
| =========                 |                                                 |
| \\      /  F ield         | OpenFOAM: The Open Source CFD Toolbox           |
|  \\    /   O peration     | Version:                                        |
|   \\  /    A nd           | Website:  www.openfoam.com                      |
|    \\/     M anipulation  |                                                 |
\*---------------------------------------------------------------------------*/
FoamFile
{
    version     2.0;
    format      ascii;
    class       volVectorField;
    location    "0.8";
    object      flux;
}
// * * * * * * * * * * * * * * * * * * * * * * * * * * * * * * * * * * * * * //

dimensions      [0 1 -1 1 0 0 0];


internalField   nonuniform List<vector> 
4352
(
(-1.73496 1.6946 -1.18636e-08)
(-0.51187 0.919409 -2.36131e-08)
(-0.195638 0.555579 -2.69692e-08)
(-0.0961456 0.354727 -2.56123e-08)
(-0.0560743 0.230968 -2.17831e-08)
(-0.0356562 0.150075 -1.72998e-08)
(-0.0233843 0.0960389 -1.32363e-08)
(-0.015334 0.0600312 -1.0021e-08)
(-1.03856 0.473393 -4.30267e-09)
(-0.62715 0.513547 4.74851e-09)
(-0.369045 0.400875 1.75917e-08)
(-0.228466 0.287578 2.8286e-08)
(-0.148577 0.198536 3.35489e-08)
(-0.0992725 0.133119 3.28643e-08)
(-0.0666597 0.0866487 2.77681e-08)
(-0.0442413 0.0545977 2.11302e-08)
(-0.748016 0.160653 2.33224e-09)
(-0.584388 0.265735 1.35655e-08)
(-0.421606 0.254651 2.96146e-08)
(-0.298485 0.205604 4.33302e-08)
(-0.210534 0.152348 5.01683e-08)
(-0.147543 0.106544 4.85326e-08)
(-0.101905 0.070936 3.96565e-08)
(-0.0687643 0.0450093 2.70216e-08)
(-0.612168 0.0657898 3.65629e-09)
(-0.533151 0.138794 3.30026e-08)
(-0.429176 0.153455 6.38915e-08)
(-0.330769 0.136288 8.56653e-08)
(-0.247637 0.107506 9.27214e-08)
(-0.180684 0.0780108 8.4504e-08)
(-0.128194 0.0525867 6.50728e-08)
(-0.0879632 0.0328402 4.40007e-08)
(-0.543432 0.030916 1.18041e-08)
(-0.496723 0.0742138 4.22746e-08)
(-0.424112 0.0900979 7.32368e-08)
(-0.344434 0.085729 9.51614e-08)
(-0.268811 0.0707208 1.02468e-07)
(-0.202462 0.0521393 9.38867e-08)
(-0.147076 0.0341126 7.14361e-08)
(-0.102398 0.0189429 4.12478e-08)
(-0.507039 0.0157209 8.74741e-09)
(-0.473969 0.0402934 4.62514e-08)
(-0.417661 0.0518172 8.33719e-08)
(-0.350146 0.0514642 1.08339e-07)
(-0.281227 0.0431784 1.1461e-07)
(-0.217293 0.0306598 9.91045e-08)
(-0.161391 0.0164822 6.29034e-08)
(-0.113809 0.00280646 2.22851e-08)
(-0.487418 0.00827122 1.40408e-08)
(-0.460627 0.0218943 4.85515e-08)
(-0.412941 0.0290437 8.22625e-08)
(-0.353073 0.0292838 1.07187e-07)
(-0.289615 0.0238168 1.20361e-07)
(-0.229158 0.0138848 1.22601e-07)
(-0.174929 -6.16504e-05 1.21525e-07)
(-0.125554 -0.0176342 1.37969e-07)
(-0.476873 0.00437327 1.02004e-08)
(-0.453197 0.0117404 4.45416e-08)
(-0.410271 0.0157299 7.95998e-08)
(-0.355373 0.0156017 1.09002e-07)
(-0.296626 0.0113008 1.31099e-07)
(-0.241171 0.00238756 1.46766e-07)
(-0.19291 -0.0135476 1.54589e-07)
(-0.145506 -0.0444984 1.44489e-07)
(-1.73496 1.6946 -4.40549e-09)
(-0.51187 0.919409 1.34455e-08)
(-0.195638 0.555579 3.60677e-08)
(-0.0961456 0.354727 5.56656e-08)
(-0.0560743 0.230968 6.88997e-08)
(-0.0356561 0.150075 7.46247e-08)
(-0.0233843 0.0960389 7.35826e-08)
(-0.015334 0.0600312 6.72109e-08)
(-1.03856 0.473393 6.40229e-08)
(-0.627149 0.513547 1.81644e-07)
(-0.369045 0.400875 2.77543e-07)
(-0.228466 0.287579 3.39906e-07)
(-0.148577 0.198536 3.65174e-07)
(-0.0992725 0.133119 3.58073e-07)
(-0.0666597 0.0866488 3.27265e-07)
(-0.0442413 0.0545978 2.83041e-07)
(-0.748016 0.160653 8.56142e-08)
(-0.584388 0.265735 2.65346e-07)
(-0.421606 0.254651 4.1618e-07)
(-0.298485 0.205604 5.17242e-07)
(-0.210534 0.152348 5.62223e-07)
(-0.147543 0.106544 5.56224e-07)
(-0.101905 0.0709361 5.11489e-07)
(-0.0687644 0.0450094 4.42135e-07)
(-0.612168 0.0657898 1.26781e-07)
(-0.533151 0.138794 3.70183e-07)
(-0.429176 0.153455 5.67417e-07)
(-0.330769 0.136288 6.9454e-07)
(-0.247637 0.107506 7.45844e-07)
(-0.180685 0.0780109 7.31031e-07)
(-0.128194 0.0525867 6.68429e-07)
(-0.0879633 0.0328402 5.80553e-07)
(-0.543432 0.030916 1.29807e-07)
(-0.496723 0.0742139 3.87258e-07)
(-0.424112 0.090098 5.97698e-07)
(-0.344434 0.085729 7.35219e-07)
(-0.268811 0.0707208 7.93717e-07)
(-0.202462 0.0521394 7.82293e-07)
(-0.147076 0.0341126 7.17731e-07)
(-0.102398 0.0189428 6.17954e-07)
(-0.507039 0.0157209 1.34371e-07)
(-0.473969 0.0402935 3.9456e-07)
(-0.417661 0.0518173 6.0368e-07)
(-0.350146 0.0514643 7.35937e-07)
(-0.281227 0.0431785 7.85658e-07)
(-0.217293 0.0306598 7.61895e-07)
(-0.161391 0.0164823 6.83107e-07)
(-0.113809 0.00280665 5.80448e-07)
(-0.487418 0.00827123 1.18583e-07)
(-0.460626 0.0218943 3.49114e-07)
(-0.412941 0.0290437 5.33942e-07)
(-0.353073 0.0292838 6.50626e-07)
(-0.289615 0.0238168 6.96305e-07)
(-0.229158 0.0138849 6.81669e-07)
(-0.174929 -6.1467e-05 6.29888e-07)
(-0.125554 -0.0176339 5.73054e-07)
(-0.476873 0.00437327 1.01746e-07)
(-0.453197 0.0117404 2.97692e-07)
(-0.410271 0.0157299 4.51343e-07)
(-0.355373 0.0156016 5.43725e-07)
(-0.296626 0.0113007 5.71203e-07)
(-0.241171 0.00238756 5.42671e-07)
(-0.19291 -0.0135476 4.70168e-07)
(-0.145506 -0.0444986 3.59827e-07)
(-1.73496 1.6946 2.01268e-08)
(-0.51187 0.91941 7.24013e-08)
(-0.195638 0.55558 1.30855e-07)
(-0.0961455 0.354728 1.77812e-07)
(-0.0560743 0.230968 2.08266e-07)
(-0.0356561 0.150076 2.22899e-07)
(-0.0233843 0.0960397 2.23613e-07)
(-0.0153341 0.0600319 2.12329e-07)
(-1.03856 0.473393 1.80707e-07)
(-0.627149 0.513547 5.03742e-07)
(-0.369044 0.400876 7.48891e-07)
(-0.228466 0.287579 9.04961e-07)
(-0.148577 0.198537 9.74413e-07)
(-0.0992726 0.13312 9.7076e-07)
(-0.0666598 0.0866496 9.12488e-07)
(-0.0442415 0.0545984 8.14883e-07)
(-0.748015 0.160653 2.86818e-07)
(-0.584387 0.265735 7.90228e-07)
(-0.421606 0.254652 1.18572e-06)
(-0.298485 0.205604 1.44138e-06)
(-0.210534 0.152349 1.55816e-06)
(-0.147543 0.106545 1.55963e-06)
(-0.101906 0.0709367 1.47654e-06)
(-0.0687646 0.0450099 1.3339e-06)
(-0.612168 0.0657899 3.70168e-07)
(-0.533151 0.138794 1.01427e-06)
(-0.429175 0.153455 1.50411e-06)
(-0.330769 0.136288 1.81798e-06)
(-0.247637 0.107506 1.96551e-06)
(-0.180685 0.0780112 1.97947e-06)
(-0.128195 0.0525871 1.8971e-06)
(-0.0879636 0.0328405 1.73604e-06)
(-0.543431 0.030916 3.84072e-07)
(-0.496722 0.0742139 1.05636e-06)
(-0.424112 0.090098 1.57672e-06)
(-0.344434 0.0857291 1.91362e-06)
(-0.268811 0.0707209 2.07713e-06)
(-0.202462 0.0521394 2.10505e-06)
(-0.147076 0.0341126 2.04207e-06)
(-0.102398 0.0189429 1.91227e-06)
(-0.507038 0.0157209 3.80278e-07)
(-0.473968 0.0402934 1.037e-06)
(-0.41766 0.0518171 1.53305e-06)
(-0.350146 0.0514641 1.84799e-06)
(-0.281227 0.0431782 1.99886e-06)
(-0.217293 0.0306596 2.03412e-06)
(-0.161391 0.016482 2.00991e-06)
(-0.113809 0.00280637 1.92856e-06)
(-0.487417 0.00827116 3.29767e-07)
(-0.460626 0.0218942 8.99264e-07)
(-0.412941 0.0290434 1.32446e-06)
(-0.353073 0.0292834 1.57845e-06)
(-0.289615 0.0238163 1.66842e-06)
(-0.229158 0.0138843 1.62849e-06)
(-0.174929 -6.20763e-05 1.49024e-06)
(-0.125554 -0.0176346 1.22346e-06)
(-0.476872 0.00437319 2.73226e-07)
(-0.453196 0.0117401 7.3399e-07)
(-0.410271 0.0157296 1.05519e-06)
(-0.355373 0.0156012 1.20757e-06)
(-0.296626 0.0113002 1.18852e-06)
(-0.241171 0.00238697 1.01849e-06)
(-0.19291 -0.0135482 7.37826e-07)
(-0.145506 -0.0444993 4.12211e-07)
(-1.73496 1.6946 1.26687e-08)
(-0.51187 0.91941 3.53427e-08)
(-0.195637 0.555581 6.78176e-08)
(-0.0961454 0.354729 9.65341e-08)
(-0.0560742 0.23097 1.17584e-07)
(-0.0356561 0.150078 1.30975e-07)
(-0.0233843 0.0960412 1.36794e-07)
(-0.0153341 0.0600333 1.35097e-07)
(-1.03855 0.473393 1.12382e-07)
(-0.627148 0.513548 3.26847e-07)
(-0.369044 0.400877 4.8894e-07)
(-0.228465 0.287581 5.93342e-07)
(-0.148577 0.198538 6.42788e-07)
(-0.0992726 0.133121 6.45552e-07)
(-0.06666 0.0866513 6.12991e-07)
(-0.0442418 0.0546 5.52972e-07)
(-0.748014 0.160653 2.03536e-07)
(-0.584386 0.265736 5.38447e-07)
(-0.421605 0.254653 7.99152e-07)
(-0.298484 0.205606 9.6747e-07)
(-0.210534 0.15235 1.04611e-06)
(-0.147543 0.106546 1.05194e-06)
(-0.101906 0.070938 1.00471e-06)
(-0.068765 0.0450112 9.18786e-07)
(-0.612166 0.06579 2.47044e-07)
(-0.533149 0.138794 6.77088e-07)
(-0.429174 0.153456 1.00059e-06)
(-0.330768 0.136289 1.20911e-06)
(-0.247637 0.107507 1.31239e-06)
(-0.180685 0.078012 1.33294e-06)
(-0.128195 0.0525879 1.29375e-06)
(-0.0879641 0.0328414 1.19949e-06)
(-0.54343 0.030916 2.66069e-07)
(-0.49672 0.0742139 7.11375e-07)
(-0.42411 0.090098 1.05225e-06)
(-0.344433 0.0857291 1.27356e-06)
(-0.268811 0.0707209 1.38588e-06)
(-0.202462 0.0521395 1.41665e-06)
(-0.147076 0.0341128 1.39578e-06)
(-0.102398 0.0189432 1.33557e-06)
(-0.507036 0.0157208 2.54655e-07)
(-0.473967 0.0402931 6.88694e-07)
(-0.417659 0.0518167 1.01274e-06)
(-0.350145 0.0514636 1.22039e-06)
(-0.281226 0.0431777 1.32781e-06)
(-0.217293 0.0306589 1.37133e-06)
(-0.161391 0.0164812 1.38971e-06)
(-0.11381 0.00280527 1.37039e-06)
(-0.487416 0.00827101 2.25224e-07)
(-0.460624 0.0218937 5.98702e-07)
(-0.41294 0.0290427 8.72784e-07)
(-0.353072 0.0292825 1.03501e-06)
(-0.289615 0.0238152 1.09248e-06)
(-0.229159 0.0138828 1.06942e-06)
(-0.17493 -6.40112e-05 9.81874e-07)
(-0.125555 -0.017637 7.88372e-07)
(-0.476871 0.00437302 1.81681e-07)
(-0.453195 0.0117397 4.80839e-07)
(-0.41027 0.0157288 6.83444e-07)
(-0.355373 0.0156002 7.72848e-07)
(-0.296626 0.011299 7.48417e-07)
(-0.241172 0.00238544 6.2258e-07)
(-0.192911 -0.01355 4.22247e-07)
(-0.145507 -0.0445008 1.96873e-07)
(-0.00988193 0.0364635 -7.37859e-09)
(-0.00619782 0.0214614 -4.90811e-09)
(-0.00376337 0.0122254 -2.79725e-09)
(-0.00220723 0.00673959 -1.25319e-09)
(-0.00124971 0.00359741 -3.36425e-10)
(-0.000683362 0.00186073 1.06523e-10)
(-0.000361228 0.000933514 2.45211e-10)
(-0.000184798 0.000454697 2.4003e-10)
(-9.16041e-05 0.000215229 1.81443e-10)
(-4.40503e-05 9.90956e-05 1.2026e-10)
(-2.05725e-05 4.44187e-05 7.21897e-11)
(-9.34097e-06 1.94001e-05 4.0467e-11)
(-4.12765e-06 8.26261e-06 2.12916e-11)
(-1.77677e-06 3.43437e-06 1.06806e-11)
(-7.45709e-07 1.39418e-06 5.10459e-12)
(-3.05414e-07 5.53153e-07 2.34756e-12)
(-1.22164e-07 2.1465e-07 1.03681e-12)
(-4.77606e-08 8.15203e-08 4.45096e-13)
(-1.82638e-08 3.03203e-08 1.82828e-13)
(-6.83619e-09 1.10511e-08 7.24304e-14)
(-2.50631e-09 3.94953e-09 2.74535e-14)
(-9.00611e-10 1.38485e-09 1.05141e-14)
(-3.17389e-10 4.76678e-10 4.08881e-15)
(-1.0976e-10 1.61154e-10 1.75235e-15)
(-3.72713e-11 5.35401e-11 0)
(-1.24335e-11 1.74884e-11 0)
(-4.07713e-12 5.61803e-12 1.16823e-15)
(-1.31543e-12 1.77688e-12 0)
(-4.19395e-13 5.51406e-13 0)
(-1.26169e-13 1.69394e-13 0)
(-4.20564e-14 5.25704e-14 -2.33646e-15)
(-1.63553e-14 8.17763e-15 1.16823e-15)
(-0.0286879 0.0332184 1.58035e-08)
(-0.0180403 0.0195 1.25153e-08)
(-0.0109584 0.0110511 1.03779e-08)
(-0.00642078 0.00605389 8.48007e-09)
(-0.00362916 0.00321029 6.56923e-09)
(-0.00198053 0.00165013 4.74928e-09)
(-0.0010448 0.00082315 3.20613e-09)
(-0.000533488 0.000398924 2.02833e-09)
(-0.000263998 0.000188003 1.2105e-09)
(-0.00012676 8.62352e-05 6.84662e-10)
(-5.9123e-05 3.85301e-05 3.69035e-10)
(-2.68151e-05 1.67821e-05 1.90188e-10)
(-1.1838e-05 7.13096e-06 9.41017e-11)
(-5.09166e-06 2.95811e-06 4.47988e-11)
(-2.13551e-06 1.1988e-06 2.05831e-11)
(-8.74115e-07 4.74942e-07 9.14083e-12)
(-3.49469e-07 1.84069e-07 3.93344e-12)
(-1.36569e-07 6.98309e-08 1.64137e-12)
(-5.22054e-08 2.59483e-08 6.64724e-13)
(-1.95346e-08 9.44993e-09 2.60516e-13)
(-7.15996e-09 3.37488e-09 1.00468e-13)
(-2.57225e-09 1.18262e-09 3.85517e-14)
(-9.06311e-10 4.06846e-10 1.57711e-14)
(-3.13377e-10 1.37478e-10 4.67293e-15)
(-1.06393e-10 4.56533e-11 5.84116e-16)
(-3.54874e-11 1.49055e-11 -1.16823e-15)
(-1.16344e-11 4.78508e-12 5.84116e-16)
(-3.75236e-12 1.51169e-12 0)
(-1.1916e-12 4.69629e-13 -1.16823e-15)
(-3.72666e-13 1.41356e-13 0)
(-1.16823e-13 3.73834e-14 0)
(-4.43928e-14 9.34586e-15 0)
(-0.0449796 0.0272141 1.61842e-08)
(-0.0283652 0.0157386 1.18371e-08)
(-0.0172095 0.0087501 1.06868e-08)
(-0.010048 0.00469751 9.76122e-09)
(-0.00565347 0.00244329 8.21554e-09)
(-0.0030705 0.00123405 6.25944e-09)
(-0.00161243 0.000606191 4.36703e-09)
(-0.000819944 0.000289914 2.81932e-09)
(-0.000404293 0.000135099 1.70458e-09)
(-0.000193523 6.13806e-05 9.72165e-10)
(-9.00255e-05 2.72053e-05 5.26917e-10)
(-4.07401e-05 1.17693e-05 2.72573e-10)
(-1.79517e-05 4.97233e-06 1.35213e-10)
(-7.70893e-06 2.05263e-06 6.44917e-11)
(-3.22887e-06 8.28408e-07 2.96725e-11)
(-1.32014e-06 3.2704e-07 1.31888e-11)
(-5.27275e-07 1.26364e-07 5.68111e-12)
(-2.05882e-07 4.78137e-08 2.37151e-12)
(-7.86447e-08 1.77268e-08 9.61455e-13)
(-2.94096e-08 6.44313e-09 3.77923e-13)
(-1.07736e-08 2.29712e-09 1.47197e-13)
(-3.86865e-09 8.03752e-10 5.60751e-14)
(-1.36254e-09 2.76142e-10 2.16123e-14)
(-4.70955e-10 9.32039e-11 8.76174e-15)
(-1.59845e-10 3.09149e-11 4.08881e-15)
(-5.32994e-11 1.0083e-11 1.16823e-15)
(-1.74697e-11 3.23483e-12 5.84116e-16)
(-5.63322e-12 1.0187e-12 0)
(-1.7874e-12 3.13086e-13 0)
(-5.58415e-13 9.5795e-14 0)
(-1.75235e-13 2.57011e-14 0)
(-6.30845e-14 5.84116e-15 -5.84116e-16)
(-0.0579586 0.0189535 3.30737e-08)
(-0.0365043 0.0102837 2.94236e-08)
(-0.0219995 0.00533364 2.6761e-08)
(-0.0127276 0.00267526 2.2641e-08)
(-0.00709262 0.00130693 1.74634e-08)
(-0.00381763 0.000624268 1.23617e-08)
(-0.00198894 0.000292102 8.12099e-09)
(-0.00100458 0.000133983 5.00037e-09)
(-0.000492531 6.02503e-05 2.90922e-09)
(-0.000234653 2.65583e-05 1.60898e-09)
(-0.000108734 1.14731e-05 8.50172e-10)
(-4.90481e-05 4.85648e-06 4.30762e-10)
(-2.15548e-05 2.01413e-06 2.09986e-10)
(-9.23559e-06 8.18429e-07 9.87185e-11)
(-3.8611e-06 3.25873e-07 4.48648e-11)
(-1.57616e-06 1.27165e-07 1.9742e-11)
(-6.28695e-07 4.8646e-08 8.42821e-12)
(-2.45206e-07 1.82482e-08 3.4936e-12)
(-9.3576e-08 6.71485e-09 1.4083e-12)
(-3.49643e-08 2.4247e-09 5.5199e-13)
(-1.27993e-08 8.59524e-10 2.12618e-13)
(-4.59322e-09 2.99237e-10 8.0608e-14)
(-1.61686e-09 1.02355e-10 3.0374e-14)
(-5.58602e-10 3.44161e-11 1.10982e-14)
(-1.89514e-10 1.13774e-11 5.84116e-15)
(-6.31733e-11 3.69745e-12 1.75235e-15)
(-2.06976e-11 1.17875e-12 1.16823e-15)
(-6.67061e-12 3.71498e-13 1.75235e-15)
(-2.1145e-12 1.16823e-13 1.75235e-15)
(-6.61219e-13 3.38787e-14 1.16823e-15)
(-2.06777e-13 1.28506e-14 1.16823e-15)
(-7.59351e-14 5.84116e-15 1.16823e-15)
(-0.0675361 0.00826708 1.18212e-08)
(-0.041985 0.00286747 1.33539e-08)
(-0.0248179 0.000679481 1.83924e-08)
(-0.0140747 -2.87291e-05 1.89146e-08)
(-0.00770446 -0.000174841 1.59145e-08)
(-0.00408533 -0.00015104 1.17088e-08)
(-0.00210272 -9.82092e-05 7.82426e-09)
(-0.0010518 -5.59871e-05 4.84875e-09)
(-0.000511717 -2.942e-05 2.82554e-09)
(-0.000242301 -1.45775e-05 1.5611e-09)
(-0.000111727 -6.89472e-06 8.23236e-10)
(-5.0199e-05 -3.13577e-06 4.16025e-10)
(-2.19897e-05 -1.37801e-06 2.02282e-10)
(-9.39719e-06 -5.87084e-07 9.48441e-11)
(-3.92014e-06 -2.43089e-07 4.30015e-11)
(-1.59737e-06 -9.80122e-08 1.88775e-11)
(-6.36192e-07 -3.85406e-08 8.04269e-12)
(-2.47813e-07 -1.47993e-08 3.32829e-12)
(-9.44682e-08 -5.55558e-09 1.34055e-12)
(-3.52649e-08 -2.04082e-09 5.2512e-13)
(-1.28991e-08 -7.34247e-10 2.02104e-13)
(-4.62582e-09 -2.58934e-10 7.59351e-14)
(-1.62736e-09 -8.95695e-11 3.0374e-14)
(-5.61933e-10 -3.04126e-11 1.10982e-14)
(-1.90561e-10 -1.01403e-11 5.25704e-15)
(-6.34946e-11 -3.32596e-12 3.5047e-15)
(-2.0798e-11 -1.07361e-12 1.16823e-15)
(-6.69864e-12 -3.4346e-13 1.75235e-15)
(-2.12151e-12 -1.05141e-13 5.84116e-16)
(-6.61219e-13 -3.0374e-14 5.84116e-16)
(-2.06777e-13 -5.84116e-15 -5.84116e-16)
(-8.0608e-14 0 5.84116e-16)
(-0.074034 -0.00667443 3.69612e-08)
(-0.0440919 -0.00743965 4.34288e-08)
(-0.0248957 -0.00543778 4.03999e-08)
(-0.0135819 -0.00337341 3.25338e-08)
(-0.00721493 -0.0019126 2.36364e-08)
(-0.003741 -0.00102151 1.58532e-08)
(-0.00189388 -0.000521473 9.95048e-09)
(-0.00093579 -0.000256424 5.9018e-09)
(-0.000451121 -0.000122003 3.32862e-09)
(-0.000212128 -5.63245e-05 1.7946e-09)
(-9.72926e-05 -2.52802e-05 9.28122e-10)
(-4.35314e-05 -1.10471e-05 4.61986e-10)
(-1.90061e-05 -4.7054e-06 2.21814e-10)
(-8.10066e-06 -1.95549e-06 1.02974e-10)
(-3.37203e-06 -7.93594e-07 4.62924e-11)
(-1.37161e-06 -3.14753e-07 2.01882e-11)
(-5.45482e-07 -1.22093e-07 8.55146e-12)
(-2.12221e-07 -4.6351e-08 3.52456e-12)
(-8.08175e-08 -1.72332e-08 1.41415e-12)
(-3.0143e-08 -6.27891e-09 5.53158e-13)
(-1.10175e-08 -2.24325e-09 2.10866e-13)
(-3.94854e-09 -7.86316e-10 8.00239e-14)
(-1.38834e-09 -2.70577e-10 3.15423e-14)
(-4.79174e-10 -9.14504e-11 1.40188e-14)
(-1.62429e-10 -3.03717e-11 7.59351e-15)
(-5.41055e-11 -9.91946e-12 5.84116e-15)
(-1.77139e-11 -3.18577e-12 1.75235e-15)
(-5.70214e-12 -1.00468e-12 1.75235e-15)
(-1.80375e-12 -3.11918e-13 -5.84116e-16)
(-5.6192e-13 -9.22903e-14 -5.84116e-16)
(-1.74067e-13 -2.68693e-14 -1.16823e-15)
(-7.12622e-14 -8.17763e-15 -1.16823e-15)
(-0.0777822 -0.0317584 1.26285e-07)
(-0.0407484 -0.0221009 9.88168e-08)
(-0.0207516 -0.0128901 7.1025e-08)
(-0.0105495 -0.0069976 4.80533e-08)
(-0.00535256 -0.0036428 3.08783e-08)
(-0.0026942 -0.00183729 1.89262e-08)
(-0.00133764 -0.000901263 1.10987e-08)
(-0.000652326 -0.000430671 6.24221e-09)
(-0.000311618 -0.000200626 3.37499e-09)
(-0.000145578 -9.11566e-05 1.75763e-09)
(-6.64499e-05 -4.04141e-05 8.83381e-10)
(-2.96242e-05 -1.74908e-05 4.29167e-10)
(-1.28981e-05 -7.39301e-06 2.01872e-10)
(-5.48538e-06 -3.05339e-06 9.20549e-11)
(-2.2794e-06 -1.23288e-06 4.07526e-11)
(-9.25869e-07 -4.86933e-07 1.75328e-11)
(-3.6779e-07 -1.88222e-07 7.34059e-12)
(-1.42953e-07 -7.12463e-08 2.99418e-12)
(-5.43962e-08 -2.64234e-08 1.18926e-12)
(-2.0275e-08 -9.60701e-09 4.60283e-13)
(-7.40649e-09 -3.42606e-09 1.73482e-13)
(-2.65315e-09 -1.19906e-09 6.42528e-14)
(-9.3249e-10 -4.1205e-10 2.39488e-14)
(-3.21728e-10 -1.39103e-10 9.34586e-15)
(-1.09029e-10 -4.61533e-11 4.08881e-15)
(-3.63087e-11 -1.50538e-11 2.33646e-15)
(-1.18844e-11 -4.82714e-12 2.33646e-15)
(-3.82596e-12 -1.52337e-12 1.16823e-15)
(-1.20795e-12 -4.70798e-13 0)
(-3.77339e-13 -1.44861e-13 -1.16823e-15)
(-1.20328e-13 -4.55611e-14 -1.16823e-15)
(-4.67293e-14 -1.28506e-14 -1.16823e-15)
(-0.0785007 -0.0856837 7.53579e-08)
(-0.0252236 -0.0403106 4.77999e-08)
(-0.00979245 -0.0197118 3.14229e-08)
(-0.00433459 -0.00976652 2.02451e-08)
(-0.00205461 -0.00482767 1.25826e-08)
(-0.000999461 -0.00235934 7.51989e-09)
(-0.000487269 -0.00113401 4.32044e-09)
(-0.000235153 -0.000534436 2.38952e-09)
(-0.000111607 -0.000246532 1.27367e-09)
(-5.19164e-05 -0.000111211 6.55425e-10)
(-2.36268e-05 -4.90381e-05 3.26003e-10)
(-1.05103e-05 -2.11344e-05 1.56989e-10)
(-4.56864e-06 -8.90361e-06 7.32674e-11)
(-1.94053e-06 -3.66758e-06 3.31877e-11)
(-8.05573e-07 -1.4777e-06 1.46029e-11)
(-3.26956e-07 -5.82602e-07 6.25063e-12)
(-1.29796e-07 -2.24874e-07 2.60399e-12)
(-5.04226e-08 -8.50166e-08 1.05842e-12)
(-1.91782e-08 -3.14982e-08 4.18811e-13)
(-7.14565e-09 -1.14422e-08 1.618e-13)
(-2.6095e-09 -4.07751e-09 6.0164e-14)
(-9.34532e-10 -1.42616e-09 2.10282e-14)
(-3.28381e-10 -4.89826e-10 8.17763e-15)
(-1.13278e-10 -1.65286e-10 2.33646e-15)
(-3.83823e-11 -5.48205e-11 1.75235e-15)
(-1.27781e-11 -1.78751e-11 5.84116e-16)
(-4.18461e-12 -5.73252e-12 5.84116e-16)
(-1.34464e-12 -1.80726e-12 5.84116e-16)
(-4.27573e-13 -5.63088e-13 0)
(-1.35515e-13 -1.72898e-13 5.84116e-16)
(-4.20564e-14 -5.0234e-14 0)
(-1.16823e-14 -8.17763e-15 1.16823e-15)
(-0.00988192 0.0364636 5.76681e-08)
(-0.00619781 0.0214614 4.68245e-08)
(-0.00376336 0.0122254 3.60301e-08)
(-0.00220722 0.00673961 2.62142e-08)
(-0.0012497 0.00359742 1.8034e-08)
(-0.000683361 0.00186074 1.17408e-08)
(-0.000361228 0.000933521 7.25523e-09)
(-0.000184798 0.000454702 4.26627e-09)
(-9.16043e-05 0.000215232 2.39584e-09)
(-4.40505e-05 9.90972e-05 1.28807e-09)
(-2.05726e-05 4.44196e-05 6.65086e-10)
(-9.34107e-06 1.94005e-05 3.30448e-10)
(-4.1277e-06 8.26284e-06 1.58403e-10)
(-1.7768e-06 3.43448e-06 7.33609e-11)
(-7.45726e-07 1.39423e-06 3.28986e-11)
(-3.05422e-07 5.53176e-07 1.42968e-11)
(-1.22168e-07 2.1466e-07 6.03392e-12)
(-4.77623e-08 8.15245e-08 2.47315e-12)
(-1.82645e-08 3.0322e-08 9.86572e-13)
(-6.8365e-09 1.10518e-08 3.83764e-13)
(-2.50644e-09 3.94979e-09 1.44277e-13)
(-9.00659e-10 1.38495e-09 5.25704e-14)
(-3.17404e-10 4.76717e-10 1.98599e-14)
(-1.09769e-10 1.61168e-10 7.00939e-15)
(-3.72748e-11 5.35436e-11 2.33646e-15)
(-1.24335e-11 1.74884e-11 1.75235e-15)
(-4.0783e-12 5.61803e-12 5.84116e-16)
(-1.31543e-12 1.77805e-12 1.16823e-15)
(-4.19395e-13 5.51406e-13 0)
(-1.3201e-13 1.69394e-13 0)
(-3.73834e-14 4.78975e-14 -2.92058e-15)
(-1.5187e-14 1.05141e-14 0)
(-0.0286879 0.0332184 2.33545e-07)
(-0.0180403 0.0195 1.84068e-07)
(-0.0109584 0.0110511 1.37951e-07)
(-0.00642079 0.00605392 9.80487e-08)
(-0.00362917 0.00321031 6.60134e-08)
(-0.00198054 0.00165014 4.21784e-08)
(-0.00104481 0.000823158 2.5629e-08)
(-0.000533492 0.000398929 1.4859e-08)
(-0.000264 0.000188006 8.24095e-09)
(-0.000126762 8.62369e-05 4.38555e-09)
(-5.9124e-05 3.8531e-05 2.24426e-09)
(-2.68157e-05 1.67826e-05 1.10715e-09)
(-1.18383e-05 7.13119e-06 5.27436e-10)
(-5.09181e-06 2.95821e-06 2.43121e-10)
(-2.13558e-06 1.19885e-06 1.08583e-10)
(-8.74149e-07 4.74964e-07 4.70605e-11)
(-3.49484e-07 1.84079e-07 1.9815e-11)
(-1.36575e-07 6.98348e-08 8.11629e-12)
(-5.22082e-08 2.59499e-08 3.23659e-12)
(-1.95357e-08 9.45054e-09 1.25527e-12)
(-7.1604e-09 3.37512e-09 4.7547e-13)
(-2.57242e-09 1.18272e-09 1.76987e-13)
(-9.06379e-10 4.06882e-10 6.60051e-14)
(-3.13404e-10 1.3749e-10 2.33646e-14)
(-1.06404e-10 4.56592e-11 7.59351e-15)
(-3.54886e-11 1.49055e-11 2.92058e-15)
(-1.16333e-11 4.78625e-12 1.16823e-15)
(-3.75353e-12 1.51052e-12 1.16823e-15)
(-1.19043e-12 4.69629e-13 -1.16823e-15)
(-3.73834e-13 1.41356e-13 -5.84116e-16)
(-1.17991e-13 4.08881e-14 -2.33646e-15)
(-4.20564e-14 5.84116e-15 -2.33646e-15)
(-0.0449796 0.0272141 3.62511e-07)
(-0.0283652 0.0157387 2.84561e-07)
(-0.0172095 0.00875013 2.12905e-07)
(-0.010048 0.00469754 1.50945e-07)
(-0.00565348 0.00244331 1.01357e-07)
(-0.00307051 0.00123406 6.45097e-08)
(-0.00161244 0.0006062 3.90561e-08)
(-0.000819949 0.00028992 2.25502e-08)
(-0.000404296 0.000135102 1.24635e-08)
(-0.000193526 6.13824e-05 6.60889e-09)
(-9.00269e-05 2.72063e-05 3.37255e-09)
(-4.07409e-05 1.17698e-05 1.65903e-09)
(-1.79521e-05 4.97256e-06 7.8867e-10)
(-7.70914e-06 2.05274e-06 3.6275e-10)
(-3.22898e-06 8.28457e-07 1.61765e-10)
(-1.32019e-06 3.27061e-07 6.99981e-11)
(-5.27297e-07 1.26373e-07 2.94424e-11)
(-2.05891e-07 4.78174e-08 1.20456e-11)
(-7.86487e-08 1.77283e-08 4.79851e-12)
(-2.94112e-08 6.44372e-09 1.86275e-12)
(-1.07743e-08 2.29734e-09 7.06196e-13)
(-3.8689e-09 8.03834e-10 2.63436e-13)
(-1.36263e-09 2.76172e-10 9.69633e-14)
(-4.70994e-10 9.32144e-11 3.44628e-14)
(-1.59859e-10 3.09231e-11 1.34347e-14)
(-5.33076e-11 1.00865e-11 5.84116e-15)
(-1.74686e-11 3.23483e-12 2.92058e-15)
(-5.63672e-12 1.01987e-12 1.16823e-15)
(-1.78623e-12 3.15423e-13 0)
(-5.57247e-13 9.5795e-14 0)
(-1.77571e-13 2.80376e-14 -5.84116e-16)
(-6.19163e-14 4.67293e-15 0)
(-0.0579586 0.0189535 4.86426e-07)
(-0.0365043 0.0102837 3.88718e-07)
(-0.0219995 0.00533365 2.92814e-07)
(-0.0127276 0.00267528 2.07381e-07)
(-0.00709264 0.00130694 1.3835e-07)
(-0.00381765 0.000624279 8.73485e-08)
(-0.00198895 0.000292109 5.24083e-08)
(-0.00100459 0.000133987 3.00139e-08)
(-0.000492538 6.02526e-05 1.64595e-08)
(-0.000234657 2.65595e-05 8.67133e-09)
(-0.000108737 1.14737e-05 4.39859e-09)
(-4.90494e-05 4.85676e-06 2.15351e-09)
(-2.15554e-05 2.01426e-06 1.01929e-09)
(-9.23592e-06 8.1849e-07 4.67286e-10)
(-3.86126e-06 3.25899e-07 2.0775e-10)
(-1.57623e-06 1.27176e-07 8.97097e-11)
(-6.28727e-07 4.86507e-08 3.76603e-11)
(-2.4522e-07 1.82501e-08 1.53897e-11)
(-9.35819e-08 6.71561e-09 6.12387e-12)
(-3.49667e-08 2.425e-09 2.37794e-12)
(-1.28003e-08 8.59635e-10 9.01291e-13)
(-4.59359e-09 2.99277e-10 3.3353e-13)
(-1.617e-09 1.02368e-10 1.21496e-13)
(-5.5865e-10 3.44208e-11 4.49769e-14)
(-1.89534e-10 1.13809e-11 1.69394e-14)
(-6.31803e-11 3.7033e-12 5.84116e-15)
(-2.06999e-11 1.18342e-12 1.75235e-15)
(-6.66827e-12 3.73834e-13 1.16823e-15)
(-2.11684e-12 1.1916e-13 1.75235e-15)
(-6.62388e-13 3.62152e-14 5.84116e-16)
(-2.06777e-13 1.05141e-14 -5.84116e-16)
(-7.82716e-14 8.17763e-15 -1.16823e-15)
(-0.0675362 0.00826709 4.97637e-07)
(-0.041985 0.0028675 3.96351e-07)
(-0.0248179 0.000679508 2.99793e-07)
(-0.0140747 -2.87093e-05 2.12422e-07)
(-0.00770448 -0.000174828 1.41303e-07)
(-0.00408535 -0.000151033 8.87707e-08)
(-0.00210273 -9.82055e-05 5.29703e-08)
(-0.00105181 -5.59853e-05 3.01689e-08)
(-0.000511724 -2.94192e-05 1.6462e-08)
(-0.000242305 -1.45771e-05 8.63341e-09)
(-0.00011173 -6.89457e-06 4.36243e-09)
(-5.02003e-05 -3.13571e-06 2.12855e-09)
(-2.19904e-05 -1.37799e-06 1.00464e-09)
(-9.3975e-06 -5.87076e-07 4.59442e-10)
(-3.92029e-06 -2.43086e-07 2.03862e-10)
(-1.59744e-06 -9.80113e-08 8.78808e-11)
(-6.36223e-07 -3.85404e-08 3.68443e-11)
(-2.47826e-07 -1.47992e-08 1.50381e-11)
(-9.44738e-08 -5.55557e-09 5.98135e-12)
(-3.52672e-08 -2.04082e-09 2.32069e-12)
(-1.29e-08 -7.34254e-10 8.79095e-13)
(-4.62617e-09 -2.58936e-10 3.25353e-13)
(-1.62749e-09 -8.95684e-11 1.17991e-13)
(-5.6198e-10 -3.04079e-11 4.14722e-14)
(-1.90576e-10 -1.01391e-11 1.46029e-14)
(-6.35039e-11 -3.32012e-12 5.84116e-15)
(-2.08004e-11 -1.07361e-12 2.92058e-15)
(-6.70098e-12 -3.42292e-13 0)
(-2.12268e-12 -1.09814e-13 0)
(-6.65892e-13 -3.5047e-14 0)
(-2.04441e-13 -1.05141e-14 -5.84116e-16)
(-7.82716e-14 -3.5047e-15 -1.16823e-15)
(-0.0740339 -0.0066742 5.18546e-07)
(-0.0440919 -0.00743948 4.19984e-07)
(-0.0248957 -0.00543768 3.11564e-07)
(-0.0135819 -0.00337335 2.15078e-07)
(-0.00721496 -0.00191257 1.39746e-07)
(-0.00374102 -0.00102149 8.61086e-08)
(-0.0018939 -0.000521466 5.06012e-08)
(-0.000935804 -0.000256421 2.84688e-08)
(-0.00045113 -0.000122002 1.53849e-08)
(-0.000212133 -5.63241e-05 8.00533e-09)
(-9.72953e-05 -2.52801e-05 4.01971e-09)
(-4.35328e-05 -1.1047e-05 1.9511e-09)
(-1.90068e-05 -4.7054e-06 9.17013e-10)
(-8.10101e-06 -1.95549e-06 4.17885e-10)
(-3.3722e-06 -7.93599e-07 1.84896e-10)
(-1.37169e-06 -3.14756e-07 7.95146e-11)
(-5.45515e-07 -1.22094e-07 3.32753e-11)
(-2.12235e-07 -4.63516e-08 1.35638e-11)
(-8.08235e-08 -1.72335e-08 5.38906e-12)
(-3.01454e-08 -6.27904e-09 2.0888e-12)
(-1.10184e-08 -2.2433e-09 7.90309e-13)
(-3.9489e-09 -7.86337e-10 2.92642e-13)
(-1.38847e-09 -2.70587e-10 1.06309e-13)
(-4.79219e-10 -9.14527e-11 3.79675e-14)
(-1.62446e-10 -3.03729e-11 1.40188e-14)
(-5.41137e-11 -9.91712e-12 5.84116e-15)
(-1.77233e-11 -3.18343e-12 2.33646e-15)
(-5.70565e-12 -1.00585e-12 5.84116e-16)
(-1.80726e-12 -3.11918e-13 0)
(-5.64256e-13 -9.11221e-14 0)
(-1.7874e-13 -2.68693e-14 0)
(-6.30845e-14 -9.34586e-15 -1.16823e-15)
(-0.0777823 -0.0317584 4.60535e-07)
(-0.0407485 -0.0221009 3.51379e-07)
(-0.0207517 -0.0128901 2.50335e-07)
(-0.0105496 -0.00699763 1.67715e-07)
(-0.00535262 -0.00364282 1.06477e-07)
(-0.00269424 -0.0018373 6.44441e-08)
(-0.00133766 -0.000901274 3.73276e-08)
(-0.000652341 -0.000430678 2.07603e-08)
(-0.000311627 -0.00020063 1.11118e-08)
(-0.000145583 -9.11589e-05 5.73672e-09)
(-6.64525e-05 -4.04153e-05 2.86134e-09)
(-2.96256e-05 -1.74914e-05 1.38123e-09)
(-1.28988e-05 -7.39331e-06 6.46079e-10)
(-5.4857e-06 -3.05353e-06 2.93269e-10)
(-2.27955e-06 -1.23294e-06 1.29313e-10)
(-9.25936e-07 -4.86961e-07 5.54577e-11)
(-3.67819e-07 -1.88233e-07 2.31509e-11)
(-1.42966e-07 -7.12512e-08 9.41946e-12)
(-5.44012e-08 -2.64254e-08 3.73601e-12)
(-2.0277e-08 -9.60779e-09 1.44569e-12)
(-7.40728e-09 -3.42636e-09 5.45564e-13)
(-2.65345e-09 -1.19918e-09 2.0152e-13)
(-9.326e-10 -4.12093e-10 7.47669e-14)
(-3.21771e-10 -1.39121e-10 2.5117e-14)
(-1.0904e-10 -4.61627e-11 8.76174e-15)
(-3.63122e-11 -1.50632e-11 2.92058e-15)
(-1.18903e-11 -4.83064e-12 -1.16823e-15)
(-3.8283e-12 -1.52337e-12 0)
(-1.21146e-12 -4.73134e-13 0)
(-3.78507e-13 -1.43693e-13 -1.75235e-15)
(-1.21496e-13 -4.20564e-14 -5.84116e-16)
(-4.20564e-14 -8.17763e-15 1.16823e-15)
(-0.0785009 -0.0856841 1.83792e-07)
(-0.0252237 -0.0403109 1.14923e-07)
(-0.0097925 -0.019712 7.65634e-08)
(-0.00433463 -0.00976665 5.03525e-08)
(-0.00205464 -0.00482776 3.18555e-08)
(-0.000999478 -0.00235939 1.92784e-08)
(-0.00048728 -0.00113404 1.11713e-08)
(-0.000235159 -0.000534453 6.21211e-09)
(-0.000111611 -0.000246542 3.32334e-09)
(-5.19182e-05 -0.000111216 1.71399e-09)
(-2.36278e-05 -4.90405e-05 8.53905e-10)
(-1.05108e-05 -2.11355e-05 4.11583e-10)
(-4.56889e-06 -8.90416e-06 1.92237e-10)
(-1.94065e-06 -3.66783e-06 8.71104e-11)
(-8.05627e-07 -1.47781e-06 3.83461e-11)
(-3.2698e-07 -5.82649e-07 1.64166e-11)
(-1.29806e-07 -2.24894e-07 6.84e-12)
(-5.0427e-08 -8.50247e-08 2.77806e-12)
(-1.918e-08 -3.15014e-08 1.09989e-12)
(-7.14637e-09 -1.14434e-08 4.25821e-13)
(-2.60979e-09 -4.07797e-09 1.60048e-13)
(-9.34635e-10 -1.42633e-09 5.89957e-14)
(-3.28417e-10 -4.89891e-10 2.21964e-14)
(-1.13292e-10 -1.65312e-10 7.00939e-15)
(-3.83858e-11 -5.48321e-11 4.08881e-15)
(-1.27828e-11 -1.78833e-11 1.16823e-15)
(-4.1811e-12 -5.73719e-12 0)
(-1.34931e-12 -1.81076e-12 1.16823e-15)
(-4.25237e-13 -5.60751e-13 -5.84116e-16)
(-1.36683e-13 -1.72898e-13 0)
(-4.20564e-14 -4.78975e-14 1.75235e-15)
(-1.28506e-14 -8.17763e-15 1.75235e-15)
(-0.00988197 0.0364641 1.89963e-07)
(-0.00619786 0.0214618 1.58493e-07)
(-0.00376341 0.0122258 1.22895e-07)
(-0.00220726 0.00673984 8.88041e-08)
(-0.00124974 0.00359757 6.01357e-08)
(-0.000683384 0.00186084 3.83846e-08)
(-0.000361243 0.00093358 2.32248e-08)
(-0.000184807 0.000454736 1.33827e-08)
(-9.16101e-05 0.00021525 7.37428e-09)
(-4.40537e-05 9.91069e-05 3.89851e-09)
(-2.05744e-05 4.44245e-05 1.98313e-09)
(-9.34198e-06 1.94029e-05 9.7291e-10)
(-4.12816e-06 8.26398e-06 4.61328e-10)
(-1.77702e-06 3.435e-06 2.11776e-10)
(-7.45827e-07 1.39446e-06 9.42793e-11)
(-3.05468e-07 5.53276e-07 4.07538e-11)
(-1.22188e-07 2.14701e-07 1.71304e-11)
(-4.77707e-08 8.15415e-08 7.00589e-12)
(-1.82679e-08 3.03288e-08 2.79383e-12)
(-6.83787e-09 1.10544e-08 1.08646e-12)
(-2.50698e-09 3.95077e-09 4.13554e-13)
(-9.0086e-10 1.38532e-09 1.54207e-13)
(-3.17482e-10 4.76849e-10 5.43228e-14)
(-1.09796e-10 1.61214e-10 1.81076e-14)
(-3.7283e-11 5.35588e-11 5.84116e-15)
(-1.24335e-11 1.74966e-11 1.16823e-15)
(-4.07947e-12 5.6227e-12 1.16823e-15)
(-1.31893e-12 1.77805e-12 -1.16823e-15)
(-4.17059e-13 5.49069e-13 5.84116e-16)
(-1.33178e-13 1.64721e-13 0)
(-4.08881e-14 4.20564e-14 0)
(-1.16823e-14 8.17763e-15 -1.16823e-15)
(-0.0286881 0.033219 6.89363e-07)
(-0.0180405 0.0195005 5.48613e-07)
(-0.0109586 0.0110514 4.09332e-07)
(-0.00642092 0.00605414 2.86664e-07)
(-0.00362927 0.00321046 1.89195e-07)
(-0.00198061 0.00165023 1.18201e-07)
(-0.00104486 0.000823213 7.02324e-08)
(-0.000533522 0.00039896 3.98411e-08)
(-0.000264019 0.000188023 2.16554e-08)
(-0.000126772 8.62458e-05 1.131e-08)
(-5.91296e-05 3.85355e-05 5.69078e-09)
(-2.68186e-05 1.67848e-05 2.76426e-09)
(-1.18398e-05 7.13222e-06 1.29882e-09)
(-5.0925e-06 2.95869e-06 5.91224e-10)
(-2.1359e-06 1.19906e-06 2.61135e-10)
(-8.74293e-07 4.75053e-07 1.1205e-10)
(-3.49547e-07 1.84116e-07 4.67678e-11)
(-1.36602e-07 6.985e-08 1.90054e-11)
(-5.22191e-08 2.59559e-08 7.52692e-12)
(-1.95401e-08 9.45289e-09 2.90948e-12)
(-7.16212e-09 3.37601e-09 1.09697e-12)
(-2.57307e-09 1.18304e-09 4.04792e-13)
(-9.06619e-10 4.06999e-10 1.44277e-13)
(-3.13493e-10 1.37532e-10 5.25704e-14)
(-1.06434e-10 4.56767e-11 1.75235e-14)
(-3.55014e-11 1.49137e-11 5.84116e-15)
(-1.16368e-11 4.78858e-12 1.75235e-15)
(-3.7582e-12 1.51403e-12 5.84116e-16)
(-1.19393e-12 4.69629e-13 0)
(-3.75003e-13 1.41356e-13 -1.16823e-15)
(-1.14487e-13 4.43928e-14 -5.84116e-16)
(-4.08881e-14 7.00939e-15 0)
(-0.0449799 0.0272146 1.14298e-06)
(-0.0283655 0.015739 9.12431e-07)
(-0.0172097 0.00875041 6.76978e-07)
(-0.0100482 0.00469773 4.6943e-07)
(-0.00565364 0.00244343 3.06246e-07)
(-0.00307063 0.00123414 1.89221e-07)
(-0.00161252 0.000606244 1.11284e-07)
(-0.000819997 0.000289944 6.25834e-08)
(-0.000404325 0.000135115 3.37615e-08)
(-0.000193542 6.13892e-05 1.75263e-08)
(-9.00354e-05 2.72096e-05 8.77323e-09)
(-4.07452e-05 1.17714e-05 4.24463e-09)
(-1.79543e-05 4.97331e-06 1.98771e-09)
(-7.71018e-06 2.05308e-06 9.02613e-10)
(-3.22946e-06 8.28607e-07 3.9787e-10)
(-1.32041e-06 3.27125e-07 1.70509e-10)
(-5.27391e-07 1.26399e-07 7.1098e-11)
(-2.05931e-07 4.78283e-08 2.88822e-11)
(-7.86651e-08 1.77326e-08 1.14376e-11)
(-2.94178e-08 6.44538e-09 4.42059e-12)
(-1.07768e-08 2.29797e-09 1.66824e-12)
(-3.86987e-09 8.04066e-10 6.16242e-13)
(-1.36299e-09 2.76254e-10 2.20796e-13)
(-4.71124e-10 9.32483e-11 8.0608e-14)
(-1.59902e-10 3.09348e-11 2.74535e-14)
(-5.33216e-11 1.00889e-11 1.05141e-14)
(-1.74803e-11 3.23483e-12 3.5047e-15)
(-5.63906e-12 1.0187e-12 3.5047e-15)
(-1.78973e-12 3.17759e-13 5.84116e-16)
(-5.58415e-13 1.00468e-13 -1.16823e-15)
(-1.72898e-13 2.92058e-14 5.84116e-16)
(-6.30845e-14 5.84116e-15 1.75235e-15)
(-0.057959 0.0189537 1.49077e-06)
(-0.0365047 0.0102839 1.18779e-06)
(-0.0219999 0.00533381 8.75448e-07)
(-0.0127279 0.00267538 6.0111e-07)
(-0.00709286 0.00130701 3.88055e-07)
(-0.0038178 0.000624316 2.37316e-07)
(-0.00198905 0.00029213 1.38319e-07)
(-0.00100465 0.000133998 7.71726e-08)
(-0.000492574 6.02583e-05 4.13633e-08)
(-0.000234677 2.65624e-05 2.13545e-08)
(-0.000108747 1.14751e-05 1.06437e-08)
(-4.90549e-05 4.85741e-06 5.131e-09)
(-2.15581e-05 2.01456e-06 2.39638e-09)
(-9.23721e-06 8.18623e-07 1.08579e-09)
(-3.86186e-06 3.25957e-07 4.77913e-10)
(-1.5765e-06 1.27201e-07 2.04574e-10)
(-6.28844e-07 4.86608e-08 8.52558e-11)
(-2.45269e-07 1.82542e-08 3.462e-11)
(-9.3602e-08 6.71722e-09 1.37133e-11)
(-3.49748e-08 2.42562e-09 5.30377e-12)
(-1.28034e-08 8.59871e-10 2.00527e-12)
(-4.59478e-09 2.99362e-10 7.41243e-13)
(-1.61744e-09 1.02399e-10 2.69278e-13)
(-5.58811e-10 3.4429e-11 9.69633e-14)
(-1.89595e-10 1.13786e-11 3.27105e-14)
(-6.31967e-11 3.69862e-12 1.22664e-14)
(-2.07104e-11 1.18342e-12 6.42528e-15)
(-6.67411e-12 3.71498e-13 2.92058e-15)
(-2.11333e-12 1.16823e-13 0)
(-6.63556e-13 3.62152e-14 0)
(-2.10282e-13 1.05141e-14 -1.16823e-15)
(-7.35986e-14 2.33646e-15 -1.16823e-15)
(-0.0675366 0.00826715 1.7076e-06)
(-0.0419854 0.00286753 1.35111e-06)
(-0.0248182 0.000679518 9.71593e-07)
(-0.014075 -2.87137e-05 6.4953e-07)
(-0.00770471 -0.000174838 4.09419e-07)
(-0.00408551 -0.000151042 2.45459e-07)
(-0.00210284 -9.82128e-05 1.40762e-07)
(-0.00105187 -5.59902e-05 7.75083e-08)
(-0.00051176 -2.94221e-05 4.10968e-08)
(-0.000242325 -1.45788e-05 2.10289e-08)
(-0.00011174 -6.89548e-06 1.04033e-08)
(-5.02057e-05 -3.13618e-06 4.98365e-09)
(-2.19931e-05 -1.37822e-06 2.31498e-09)
(-9.39879e-06 -5.87183e-07 1.04404e-09)
(-3.92088e-06 -2.43135e-07 4.57663e-10)
(-1.5977e-06 -9.80326e-08 1.95208e-10)
(-6.36337e-07 -3.85494e-08 8.10928e-11)
(-2.47874e-07 -1.4803e-08 3.28396e-11)
(-9.44937e-08 -5.55705e-09 1.29738e-11)
(-3.52752e-08 -2.0414e-09 5.00646e-12)
(-1.29031e-08 -7.34471e-10 1.88728e-12)
(-4.62735e-09 -2.59015e-10 6.98019e-13)
(-1.62793e-09 -8.95976e-11 2.51754e-13)
(-5.62139e-10 -3.04231e-11 8.99539e-14)
(-1.90632e-10 -1.01449e-11 3.21264e-14)
(-6.35191e-11 -3.32479e-12 1.22664e-14)
(-2.0805e-11 -1.07477e-12 5.25704e-15)
(-6.70682e-12 -3.42292e-13 3.5047e-15)
(-2.12268e-12 -1.07477e-13 1.75235e-15)
(-6.63556e-13 -3.27105e-14 1.16823e-15)
(-2.09114e-13 -5.84116e-15 1.75235e-15)
(-7.71033e-14 3.5047e-15 0)
(-0.0740343 -0.0066745 1.62469e-06)
(-0.0440923 -0.00743974 1.27996e-06)
(-0.0248961 -0.00543788 9.1006e-07)
(-0.0135823 -0.0033735 5.98094e-07)
(-0.00721519 -0.00191267 3.70599e-07)
(-0.00374117 -0.00102156 2.18971e-07)
(-0.001894 -0.000521504 1.24125e-07)
(-0.000935861 -0.000256443 6.77488e-08)
(-0.000451162 -0.000122014 3.56879e-08)
(-0.000212151 -5.63303e-05 1.81758e-08)
(-9.73047e-05 -2.52832e-05 8.96267e-09)
(-4.35376e-05 -1.10486e-05 4.28462e-09)
(-1.90091e-05 -4.70612e-06 1.98798e-09)
(-8.10213e-06 -1.95582e-06 8.9621e-10)
(-3.37271e-06 -7.93743e-07 3.92949e-10)
(-1.37192e-06 -3.14818e-07 1.67732e-10)
(-5.45614e-07 -1.2212e-07 6.9761e-11)
(-2.12276e-07 -4.63622e-08 2.8294e-11)
(-8.08405e-08 -1.72377e-08 1.12004e-11)
(-3.01522e-08 -6.28067e-09 4.33064e-12)
(-1.1021e-08 -2.24392e-09 1.63669e-12)
(-3.94991e-09 -7.86567e-10 6.03976e-13)
(-1.38885e-09 -2.70668e-10 2.17875e-13)
(-4.79357e-10 -9.14831e-11 7.59351e-14)
(-1.62494e-10 -3.03834e-11 2.68693e-14)
(-5.413e-11 -9.92413e-12 9.34586e-15)
(-1.77268e-11 -3.19161e-12 4.67293e-15)
(-5.70565e-12 -1.00935e-12 2.33646e-15)
(-1.80492e-12 -3.11918e-13 2.33646e-15)
(-5.6192e-13 -9.5795e-14 1.16823e-15)
(-1.76403e-13 -2.80376e-14 0)
(-6.89257e-14 -7.00939e-15 1.75235e-15)
(-0.0777827 -0.0317591 9.65846e-07)
(-0.0407488 -0.0221015 6.94956e-07)
(-0.020752 -0.0128906 4.73447e-07)
(-0.0105498 -0.00699793 3.06326e-07)
(-0.00535277 -0.00364301 1.88757e-07)
(-0.00269434 -0.00183742 1.11203e-07)
(-0.00133772 -0.000901342 6.28741e-08)
(-0.000652378 -0.000430715 3.42164e-08)
(-0.000311648 -0.00020065 1.79656e-08)
(-0.000145594 -9.11692e-05 9.11751e-09)
(-6.64586e-05 -4.04205e-05 4.47953e-09)
(-2.96286e-05 -1.74939e-05 2.13339e-09)
(-1.29003e-05 -7.39446e-06 9.86115e-10)
(-5.48641e-06 -3.05405e-06 4.42856e-10)
(-2.27988e-06 -1.23317e-06 1.93435e-10)
(-9.26082e-07 -4.87059e-07 8.22511e-11)
(-3.67882e-07 -1.88274e-07 3.40767e-11)
(-1.42992e-07 -7.12679e-08 1.37664e-11)
(-5.44121e-08 -2.6432e-08 5.42761e-12)
(-2.02814e-08 -9.61033e-09 2.09114e-12)
(-7.40898e-09 -3.42732e-09 7.87388e-13)
(-2.65409e-09 -1.19953e-09 2.88553e-13)
(-9.32839e-10 -4.12217e-10 1.03389e-13)
(-3.21857e-10 -1.39163e-10 3.62152e-14)
(-1.09078e-10 -4.61755e-11 1.10982e-14)
(-3.63262e-11 -1.50679e-11 2.92058e-15)
(-1.18891e-11 -4.83298e-12 1.75235e-15)
(-3.82713e-12 -1.52104e-12 0)
(-1.21146e-12 -4.70798e-13 5.84116e-16)
(-3.78507e-13 -1.46029e-13 -1.16823e-15)
(-1.16823e-13 -4.20564e-14 0)
(-4.43928e-14 -8.17763e-15 1.16823e-15)
(-0.0785012 -0.085685 2.15525e-07)
(-0.0252238 -0.0403115 1.31906e-07)
(-0.00979257 -0.0197124 8.71825e-08)
(-0.00433468 -0.00976695 5.74972e-08)
(-0.00205467 -0.00482795 3.6472e-08)
(-0.000999503 -0.00235951 2.20554e-08)
(-0.000487296 -0.00113411 1.27302e-08)
(-0.000235169 -0.00053449 7.03773e-09)
(-0.000111616 -0.000246561 3.73936e-09)
(-5.19213e-05 -0.000111226 1.91493e-09)
(-2.36294e-05 -4.90455e-05 9.47326e-10)
(-1.05116e-05 -2.11379e-05 4.53559e-10)
(-4.56929e-06 -8.90529e-06 2.10493e-10)
(-1.94084e-06 -3.66834e-06 9.48161e-11)
(-8.05715e-07 -1.47804e-06 4.1505e-11)
(-3.27019e-07 -5.82745e-07 1.76713e-11)
(-1.29823e-07 -2.24934e-07 7.32715e-12)
(-5.04341e-08 -8.5041e-08 2.96147e-12)
(-1.91829e-08 -3.15078e-08 1.16765e-12)
(-7.14753e-09 -1.14459e-08 4.48601e-13)
(-2.61024e-09 -4.07892e-09 1.69978e-13)
(-9.34805e-10 -1.42668e-09 6.30845e-14)
(-3.28484e-10 -4.9002e-10 2.10282e-14)
(-1.13316e-10 -1.65354e-10 8.76174e-15)
(-3.83963e-11 -5.4845e-11 1.75235e-15)
(-1.27851e-11 -1.7881e-11 0)
(-4.18461e-12 -5.73135e-12 0)
(-1.34347e-12 -1.80959e-12 0)
(-4.26405e-13 -5.63088e-13 5.84116e-16)
(-1.34347e-13 -1.68225e-13 0)
(-3.97199e-14 -5.0234e-14 1.16823e-15)
(-1.75235e-14 -1.16823e-14 1.16823e-15)
(-0.00988203 0.0364653 1.24917e-07)
(-0.00619794 0.0214628 1.06761e-07)
(-0.0037635 0.0122265 8.40674e-08)
(-0.00220735 0.00674036 6.13367e-08)
(-0.0012498 0.00359792 4.17653e-08)
(-0.000683435 0.00186105 2.67503e-08)
(-0.000361278 0.000933708 1.62148e-08)
(-0.00018483 0.000454808 9.35649e-09)
(-9.16233e-05 0.00021529 5.15988e-09)
(-4.40613e-05 9.91276e-05 2.7307e-09)
(-2.05785e-05 4.4435e-05 1.39024e-09)
(-9.34411e-06 1.9408e-05 6.82929e-10)
(-4.12923e-06 8.26636e-06 3.24217e-10)
(-1.77754e-06 3.43609e-06 1.49094e-10)
(-7.46068e-07 1.39494e-06 6.64858e-11)
(-3.05576e-07 5.53482e-07 2.88039e-11)
(-1.22235e-07 2.14787e-07 1.21338e-11)
(-4.77909e-08 8.15765e-08 4.97959e-12)
(-1.82764e-08 3.03427e-08 1.99008e-12)
(-6.84126e-09 1.10598e-08 7.76874e-13)
(-2.5083e-09 3.95281e-09 2.95563e-13)
(-9.01378e-10 1.38607e-09 1.10982e-13)
(-3.17674e-10 4.77113e-10 3.97199e-14)
(-1.09865e-10 1.61309e-10 1.46029e-14)
(-3.73063e-11 5.35915e-11 6.42528e-15)
(-1.24463e-11 1.75036e-11 1.75235e-15)
(-4.08063e-12 5.62504e-12 0)
(-1.31777e-12 1.77805e-12 0)
(-4.14722e-13 5.51406e-13 1.16823e-15)
(-1.3201e-13 1.67057e-13 1.75235e-15)
(-4.20564e-14 4.43928e-14 2.33646e-15)
(-1.5187e-14 5.84116e-15 1.16823e-15)
(-0.0286885 0.0332203 4.71621e-07)
(-0.0180409 0.0195015 3.7706e-07)
(-0.0109589 0.0110522 2.81759e-07)
(-0.00642123 0.00605468 1.97096e-07)
(-0.0036295 0.0032108 1.29751e-07)
(-0.00198077 0.00165044 8.07722e-08)
(-0.00104496 0.000823334 4.78094e-08)
(-0.000533589 0.000399027 2.70104e-08)
(-0.000264058 0.000188059 1.46249e-08)
(-0.000126794 8.62641e-05 7.60916e-09)
(-5.91411e-05 3.85446e-05 3.81555e-09)
(-2.68245e-05 1.67891e-05 1.8473e-09)
(-1.18427e-05 7.13424e-06 8.65485e-10)
(-5.09389e-06 2.9596e-06 3.92902e-10)
(-2.13654e-06 1.19946e-06 1.73137e-10)
(-8.74577e-07 4.75223e-07 7.41302e-11)
(-3.4967e-07 1.84187e-07 3.08863e-11)
(-1.36654e-07 6.98785e-08 1.2531e-11)
(-5.22404e-08 2.59672e-08 4.95739e-12)
(-1.95486e-08 9.45721e-09 1.91415e-12)
(-7.16541e-09 3.37764e-09 7.21383e-13)
(-2.57432e-09 1.18364e-09 2.65773e-13)
(-9.07083e-10 4.07215e-10 9.40427e-14)
(-3.1366e-10 1.37611e-10 3.44628e-14)
(-1.06495e-10 4.56977e-11 1.16823e-14)
(-3.55224e-11 1.49218e-11 4.08881e-15)
(-1.16426e-11 4.79326e-12 1.16823e-15)
(-3.75703e-12 1.51637e-12 0)
(-1.1951e-12 4.68461e-13 1.16823e-15)
(-3.72666e-13 1.3902e-13 1.16823e-15)
(-1.1916e-13 4.20564e-14 5.84116e-16)
(-3.97199e-14 9.34586e-15 0)
(-0.0449805 0.0272157 7.96651e-07)
(-0.0283661 0.0157399 6.39707e-07)
(-0.0172104 0.00875107 4.74759e-07)
(-0.0100487 0.00469817 3.28246e-07)
(-0.00565404 0.00244371 2.13104e-07)
(-0.0030709 0.0012343 1.30971e-07)
(-0.00161269 0.000606337 7.65949e-08)
(-0.000820104 0.000289994 4.28525e-08)
(-0.000404386 0.000135142 2.30026e-08)
(-0.000193576 6.14025e-05 1.18896e-08)
(-9.00535e-05 2.72162e-05 5.9276e-09)
(-4.07544e-05 1.17746e-05 2.85817e-09)
(-1.79588e-05 4.97476e-06 1.33425e-09)
(-7.71232e-06 2.05373e-06 6.04356e-10)
(-3.23044e-06 8.2889e-07 2.65777e-10)
(-1.32085e-06 3.27246e-07 1.13701e-10)
(-5.2758e-07 1.2645e-07 4.73338e-11)
(-2.0601e-07 4.78487e-08 1.92081e-11)
(-7.86976e-08 1.77407e-08 7.59935e-12)
(-2.94308e-08 6.4485e-09 2.93518e-12)
(-1.07819e-08 2.29916e-09 1.10924e-12)
(-3.87179e-09 8.04508e-10 4.08881e-13)
(-1.3637e-09 2.76422e-10 1.47781e-13)
(-4.71382e-10 9.33055e-11 5.25704e-14)
(-1.59999e-10 3.0957e-11 1.75235e-14)
(-5.33508e-11 1.01005e-11 5.84116e-15)
(-1.74873e-11 3.24184e-12 2.33646e-15)
(-5.64022e-12 1.02804e-12 1.75235e-15)
(-1.79324e-12 3.20096e-13 1.75235e-15)
(-5.60751e-13 9.81315e-14 0)
(-1.72898e-13 2.80376e-14 1.16823e-15)
(-6.42528e-14 8.17763e-15 0)
(-0.0579597 0.0189546 1.03742e-06)
(-0.0365055 0.0102845 8.28492e-07)
(-0.0220007 0.00533424 6.09395e-07)
(-0.0127286 0.00267564 4.1637e-07)
(-0.00709337 0.00130715 2.67168e-07)
(-0.00381815 0.000624391 1.6233e-07)
(-0.00198927 0.000292168 9.40314e-08)
(-0.00100478 0.000134017 5.2159e-08)
(-0.000492649 6.02673e-05 2.7813e-08)
(-0.000234719 2.65665e-05 1.42922e-08)
(-0.000108769 1.14769e-05 7.09523e-09)
(-4.90659e-05 4.85824e-06 3.40825e-09)
(-2.15635e-05 2.01492e-06 1.58707e-09)
(-9.23975e-06 8.18773e-07 7.17219e-10)
(-3.86302e-06 3.26019e-07 3.15027e-10)
(-1.57702e-06 1.27226e-07 1.34606e-10)
(-6.29067e-07 4.86707e-08 5.6022e-11)
(-2.45363e-07 1.8258e-08 2.27245e-11)
(-9.36405e-08 6.71868e-09 8.99597e-12)
(-3.49901e-08 2.42617e-09 3.47783e-12)
(-1.28094e-08 8.60072e-10 1.31485e-12)
(-4.59706e-09 2.99438e-10 4.87153e-13)
(-1.61829e-09 1.02428e-10 1.77571e-13)
(-5.59124e-10 3.44383e-11 6.36687e-14)
(-1.89703e-10 1.13868e-11 2.21964e-14)
(-6.32329e-11 3.7033e-12 9.34586e-15)
(-2.07198e-11 1.18459e-12 4.08881e-15)
(-6.67995e-12 3.71498e-13 3.5047e-15)
(-2.12151e-12 1.16823e-13 1.16823e-15)
(-6.65892e-13 3.62152e-14 0)
(-2.06777e-13 1.40188e-14 1.16823e-15)
(-7.59351e-14 3.5047e-15 2.33646e-15)
(-0.0675373 0.00826736 1.22178e-06)
(-0.0419865 0.00286768 9.68115e-07)
(-0.0248193 0.000679577 6.90192e-07)
(-0.0140758 -2.87154e-05 4.56022e-07)
(-0.00770528 -0.000174863 2.8403e-07)
(-0.00408589 -0.000151069 1.68397e-07)
(-0.00210307 -9.82339e-05 9.56155e-08)
(-0.001052 -5.60042e-05 5.21882e-08)
(-0.000511837 -2.94305e-05 2.74604e-08)
(-0.000242366 -1.45834e-05 1.39566e-08)
(-0.000111762 -6.89793e-06 6.8641e-09)
(-5.02164e-05 -3.1374e-06 3.27113e-09)
(-2.19982e-05 -1.3788e-06 1.51263e-09)
(-9.40122e-06 -5.87455e-07 6.79439e-10)
(-3.92199e-06 -2.43256e-07 2.96801e-10)
(-1.59819e-06 -9.8085e-08 1.26205e-10)
(-6.36547e-07 -3.85714e-08 5.22901e-11)
(-2.47962e-07 -1.48119e-08 2.11257e-11)
(-9.45295e-08 -5.56059e-09 8.33183e-12)
(-3.52894e-08 -2.04277e-09 3.20855e-12)
(-1.29086e-08 -7.34986e-10 1.20912e-12)
(-4.62944e-09 -2.5921e-10 4.45681e-13)
(-1.6287e-09 -8.96723e-11 1.62384e-13)
(-5.62421e-10 -3.045e-11 5.84116e-14)
(-1.90733e-10 -1.01519e-11 2.10282e-14)
(-6.35565e-11 -3.32596e-12 7.59351e-15)
(-2.08179e-11 -1.07361e-12 4.08881e-15)
(-6.70682e-12 -3.46965e-13 2.33646e-15)
(-2.12852e-12 -1.07477e-13 1.75235e-15)
(-6.65892e-13 -3.27105e-14 0)
(-2.06777e-13 -9.34586e-15 1.16823e-15)
(-8.0608e-14 -2.33646e-15 1.16823e-15)
(-0.0740352 -0.00667568 1.1431e-06)
(-0.0440933 -0.00744079 9.03404e-07)
(-0.0248971 -0.00543867 6.38895e-07)
(-0.013583 -0.00337404 4.15549e-07)
(-0.00721572 -0.00191302 2.5449e-07)
(-0.00374152 -0.00102176 1.48715e-07)
(-0.00189421 -0.000521622 8.34746e-08)
(-0.00093598 -0.000256508 4.51818e-08)
(-0.000451229 -0.000122048 2.36316e-08)
(-0.000212186 -5.6348e-05 1.19651e-08)
(-9.7323e-05 -2.52919e-05 5.87109e-09)
(-4.35468e-05 -1.10527e-05 2.79551e-09)
(-1.90136e-05 -4.70806e-06 1.29278e-09)
(-8.10421e-06 -1.9567e-06 5.81299e-10)
(-3.37365e-06 -7.94127e-07 2.54347e-10)
(-1.37233e-06 -3.14982e-07 1.08405e-10)
(-5.45794e-07 -1.22188e-07 4.50371e-11)
(-2.12352e-07 -4.63898e-08 1.82554e-11)
(-8.08714e-08 -1.72486e-08 7.22376e-12)
(-3.01645e-08 -6.28487e-09 2.79441e-12)
(-1.10259e-08 -2.24551e-09 1.05667e-12)
(-3.95174e-09 -7.87157e-10 3.9019e-13)
(-1.38953e-09 -2.70881e-10 1.40772e-13)
(-4.79603e-10 -9.1559e-11 5.08181e-14)
(-1.62579e-10 -3.04138e-11 1.81076e-14)
(-5.41581e-11 -9.93348e-12 8.76174e-15)
(-1.77349e-11 -3.19278e-12 4.67293e-15)
(-5.71382e-12 -1.01052e-12 2.92058e-15)
(-1.81076e-12 -3.13086e-13 5.84116e-16)
(-5.66593e-13 -9.5795e-14 -1.16823e-15)
(-1.76403e-13 -3.0374e-14 -1.16823e-15)
(-6.65892e-14 -7.00939e-15 -5.84116e-16)
(-0.0777834 -0.0317612 6.31597e-07)
(-0.0407494 -0.0221032 4.42393e-07)
(-0.0207525 -0.0128918 2.94137e-07)
(-0.0105502 -0.00699871 1.86665e-07)
(-0.00535301 -0.00364349 1.13157e-07)
(-0.00269449 -0.0018377 6.56854e-08)
(-0.00133782 -0.000901497 3.66451e-08)
(-0.000652431 -0.000430799 1.96983e-08)
(-0.000311677 -0.000200694 1.02288e-08)
(-0.00014561 -9.11914e-05 5.13841e-09)
(-6.64665e-05 -4.04314e-05 2.50156e-09)
(-2.96326e-05 -1.74991e-05 1.18133e-09)
(-1.29022e-05 -7.39686e-06 5.41908e-10)
(-5.48729e-06 -3.05513e-06 2.41643e-10)
(-2.28027e-06 -1.23364e-06 1.04875e-10)
(-9.26255e-07 -4.87261e-07 4.43239e-11)
(-3.67956e-07 -1.88358e-07 1.82636e-11)
(-1.43023e-07 -7.13019e-08 7.34234e-12)
(-5.44246e-08 -2.64455e-08 2.88261e-12)
(-2.02863e-08 -9.61555e-09 1.10748e-12)
(-7.41089e-09 -3.4293e-09 4.14138e-13)
(-2.65482e-09 -1.20026e-09 1.5187e-13)
(-9.33106e-10 -4.12488e-10 5.37387e-14)
(-3.21953e-10 -1.39258e-10 1.92758e-14)
(-1.09108e-10 -4.62106e-11 7.00939e-15)
(-3.6332e-11 -1.50807e-11 4.08881e-15)
(-1.18949e-11 -4.83882e-12 2.92058e-15)
(-3.83297e-12 -1.52805e-12 1.16823e-15)
(-1.21146e-12 -4.7547e-13 0)
(-3.80844e-13 -1.43693e-13 0)
(-1.16823e-13 -4.08881e-14 -1.16823e-15)
(-4.32246e-14 -9.34586e-15 0)
(-0.0785014 -0.0856865 1.07091e-07)
(-0.0252239 -0.0403125 6.47832e-08)
(-0.00979265 -0.0197131 4.2042e-08)
(-0.00433473 -0.00976738 2.73899e-08)
(-0.00205471 -0.00482821 1.71992e-08)
(-0.000999525 -0.00235966 1.0297e-08)
(-0.00048731 -0.00113419 5.87935e-09)
(-0.000235177 -0.000534536 3.21514e-09)
(-0.000111621 -0.000246585 1.68969e-09)
(-5.19238e-05 -0.000111238 8.56367e-10)
(-2.36307e-05 -4.90514e-05 4.19426e-10)
(-1.05123e-05 -2.11407e-05 1.98965e-10)
(-4.5696e-06 -8.90655e-06 9.15251e-11)
(-1.94099e-06 -3.6689e-06 4.08934e-11)
(-8.05782e-07 -1.47828e-06 1.77612e-11)
(-3.27049e-07 -5.82849e-07 7.50706e-12)
(-1.29835e-07 -2.24977e-07 3.09114e-12)
(-5.04393e-08 -8.50581e-08 1.24183e-12)
(-1.91851e-08 -3.15146e-08 4.87153e-13)
(-7.14836e-09 -1.14485e-08 1.86917e-13)
(-2.61056e-09 -4.07989e-09 7.12622e-14)
(-9.34932e-10 -1.42703e-09 2.62852e-14)
(-3.28528e-10 -4.90139e-10 7.59351e-15)
(-1.13328e-10 -1.65398e-10 4.67293e-15)
(-3.84021e-11 -5.48578e-11 1.16823e-15)
(-1.27851e-11 -1.78903e-11 1.75235e-15)
(-4.18461e-12 -5.73952e-12 1.75235e-15)
(-1.34931e-12 -1.80959e-12 1.16823e-15)
(-4.24068e-13 -5.6192e-13 0)
(-1.34347e-13 -1.69394e-13 1.16823e-15)
(-4.20564e-14 -4.90658e-14 -1.16823e-15)
(-1.75235e-14 -9.34586e-15 -1.16823e-15)
(-0.471305 0.00228581 1.12723e-08)
(-0.44927 0.00615855 3.90407e-08)
(-0.40908 0.00820669 6.69141e-08)
(-0.357502 0.0078019 9.06768e-08)
(-0.30283 0.00457662 1.09315e-07)
(-0.254006 -0.00213964 1.24437e-07)
(-0.221815 -0.0142506 1.27048e-07)
(-0.227952 -0.0369384 5.92111e-08)
(-0.468429 0.00117624 8.13158e-09)
(-0.447276 0.00316569 3.2055e-08)
(-0.408628 0.00417326 5.69993e-08)
(-0.359003 0.00380056 7.90693e-08)
(-0.306567 0.00183398 9.55342e-08)
(-0.259998 -0.00178781 9.85464e-08)
(-0.227709 -0.0065482 7.30064e-08)
(-0.21615 -0.00889423 2.88583e-08)
(-0.466963 0.000604543 6.73973e-09)
(-0.446273 0.00162954 2.38443e-08)
(-0.408445 0.00214995 4.12634e-08)
(-0.359841 0.00195669 5.62517e-08)
(-0.308418 0.000977463 6.66893e-08)
(-0.262389 -0.000653664 6.79782e-08)
(-0.228922 -0.00230955 5.13133e-08)
(-0.21251 -0.00223594 1.89819e-08)
(-0.466195 0.000327365 4.70416e-09)
(-0.445731 0.000898598 1.79429e-08)
(-0.408301 0.00124228 3.184e-08)
(-0.360176 0.00127053 4.3933e-08)
(-0.309178 0.000967433 5.18059e-08)
(-0.263285 0.000410477 5.0058e-08)
(-0.229291 -0.000166661 3.33351e-08)
(-0.211604 -0.00030948 1.05936e-08)
(-0.465737 0.00020961 3.09391e-09)
(-0.445358 0.000607087 1.18669e-08)
(-0.408073 0.000951862 2.14721e-08)
(-0.360116 0.00124041 3.06009e-08)
(-0.309278 0.00148493 3.85752e-08)
(-0.263523 0.00165736 4.1779e-08)
(-0.229642 0.00157863 3.99634e-08)
(-0.212034 0.000831386 2.3613e-08)
(-0.465378 0.000175941 1.99734e-09)
(-0.444988 0.000550918 8.75793e-09)
(-0.407668 0.00100797 1.72909e-08)
(-0.359643 0.00163392 2.78381e-08)
(-0.308761 0.00251843 4.0206e-08)
(-0.263192 0.00362176 5.10625e-08)
(-0.230117 0.00439799 4.26521e-08)
(-0.214014 0.00307691 3.05319e-09)
(-0.46501 0.000181108 7.79213e-10)
(-0.444526 0.000604014 4.35478e-09)
(-0.40699 0.00123278 9.19844e-09)
(-0.358606 0.00228042 1.51554e-08)
(-0.30729 0.00404719 2.16142e-08)
(-0.261643 0.00682184 2.27916e-08)
(-0.230186 0.0102762 1.78349e-08)
(-0.219508 0.0107319 3.43587e-08)
(-0.464593 0.000193377 -8.91164e-10)
(-0.443937 0.000668992 1.6393e-10)
(-0.405991 0.00145153 2.6808e-09)
(-0.356828 0.00289489 6.79543e-09)
(-0.304219 0.00563843 1.45706e-08)
(-0.256963 0.010898 3.20651e-08)
(-0.226207 0.0211498 5.95007e-08)
(-0.235022 0.0420495 1.47329e-08)
(-0.471304 0.00228581 7.92015e-08)
(-0.44927 0.00615853 2.3027e-07)
(-0.40908 0.00820664 3.45801e-07)
(-0.357502 0.00780184 4.0997e-07)
(-0.302829 0.00457654 4.20591e-07)
(-0.254006 -0.00213974 3.86155e-07)
(-0.221815 -0.0142508 3.07062e-07)
(-0.227952 -0.0369386 1.30602e-07)
(-0.468429 0.00117623 5.96072e-08)
(-0.447276 0.00316565 1.71781e-07)
(-0.408628 0.00417321 2.53999e-07)
(-0.359003 0.00380049 2.93592e-07)
(-0.306567 0.00183389 2.88354e-07)
(-0.259998 -0.00178792 2.40258e-07)
(-0.227709 -0.00654835 1.53463e-07)
(-0.21615 -0.00889431 5.71601e-08)
(-0.466963 0.000604536 4.14737e-08)
(-0.446273 0.00162951 1.18322e-07)
(-0.408445 0.0021499 1.71079e-07)
(-0.359841 0.00195662 1.90738e-07)
(-0.308418 0.000977376 1.77407e-07)
(-0.262389 -0.000653761 1.37459e-07)
(-0.228922 -0.00230963 7.98467e-08)
(-0.21251 -0.00223597 2.37561e-08)
(-0.466195 0.000327358 2.86489e-08)
(-0.445731 0.000898574 8.00353e-08)
(-0.408301 0.00124224 1.12086e-07)
(-0.360176 0.00127047 1.18571e-07)
(-0.309178 0.000967377 1.00964e-07)
(-0.263285 0.000410425 6.58706e-08)
(-0.229291 -0.000166684 2.61368e-08)
(-0.211604 -0.00030947 3.34142e-09)
(-0.465737 0.000209604 1.83007e-08)
(-0.445358 0.000607068 5.05162e-08)
(-0.408073 0.000951832 6.74968e-08)
(-0.360116 0.00124038 6.55935e-08)
(-0.309278 0.00148491 4.86644e-08)
(-0.263523 0.00165736 2.50275e-08)
(-0.229642 0.00157864 1.24163e-08)
(-0.212034 0.000831371 9.72333e-09)
(-0.465378 0.000175936 1.29707e-08)
(-0.444988 0.000550903 3.45008e-08)
(-0.407667 0.00100795 4.39882e-08)
(-0.359643 0.00163389 4.00367e-08)
(-0.308761 0.00251839 2.59817e-08)
(-0.263192 0.00362172 9.76321e-09)
(-0.230117 0.00439794 -1.03416e-08)
(-0.214014 0.00307693 -2.72483e-08)
(-0.46501 0.000181103 8.8121e-09)
(-0.444526 0.000603997 2.32687e-08)
(-0.40699 0.00123275 2.72952e-08)
(-0.358606 0.00228038 1.94478e-08)
(-0.30729 0.00404714 2.49226e-09)
(-0.261643 0.0068218 -1.92516e-08)
(-0.230186 0.0102762 -2.7943e-08)
(-0.219509 0.010732 1.88114e-08)
(-0.464593 0.000193373 8.18685e-09)
(-0.443937 0.000668979 2.19279e-08)
(-0.405991 0.0014515 2.80481e-08)
(-0.356828 0.00289485 2.57242e-08)
(-0.304219 0.00563837 1.98469e-08)
(-0.256963 0.0108979 2.1797e-08)
(-0.226207 0.0211496 3.72984e-08)
(-0.235023 0.0420492 -9.9718e-09)
(-0.471304 0.00228573 2.07607e-07)
(-0.449269 0.0061583 5.5238e-07)
(-0.40908 0.00820629 7.78079e-07)
(-0.357502 0.0078014 8.56118e-07)
(-0.30283 0.00457605 7.81316e-07)
(-0.254007 -0.00214025 5.67458e-07)
(-0.221816 -0.0142513 2.65342e-07)
(-0.227953 -0.036939 1.13586e-07)
(-0.468428 0.00117616 1.48754e-07)
(-0.447276 0.00316546 3.8678e-07)
(-0.408628 0.00417291 5.21093e-07)
(-0.359003 0.00380013 5.29683e-07)
(-0.306567 0.00183349 4.16967e-07)
(-0.259999 -0.00178831 2.30296e-07)
(-0.227709 -0.00654866 6.99868e-08)
(-0.21615 -0.00889444 2.76734e-09)
(-0.466962 0.000604481 1.0182e-07)
(-0.446273 0.00162936 2.57489e-07)
(-0.408445 0.00214967 3.30287e-07)
(-0.359841 0.00195634 3.04349e-07)
(-0.308418 0.000977088 1.89891e-07)
(-0.262389 -0.000654012 3.40257e-08)
(-0.228922 -0.0023098 -6.7202e-08)
(-0.21251 -0.00223604 -3.92784e-08)
(-0.466194 0.000327319 6.55092e-08)
(-0.445731 0.000898463 1.58437e-07)
(-0.408301 0.00124207 1.83952e-07)
(-0.360176 0.00127028 1.33783e-07)
(-0.309178 0.000967175 2.4976e-08)
(-0.263285 0.000410252 -8.93818e-08)
(-0.229291 -0.000166796 -1.29881e-07)
(-0.211604 -0.000309508 -6.13043e-08)
(-0.465736 0.000209578 4.20615e-08)
(-0.445358 0.000606996 9.42715e-08)
(-0.408073 0.000951725 9.13621e-08)
(-0.360116 0.00124025 2.73029e-08)
(-0.309278 0.00148478 -8.2138e-08)
(-0.263523 0.00165725 -1.87252e-07)
(-0.229642 0.00157855 -2.23543e-07)
(-0.212034 0.000831325 -1.20141e-07)
(-0.465378 0.000175922 2.77287e-08)
(-0.444988 0.000550863 5.5611e-08)
(-0.407668 0.00100789 3.38941e-08)
(-0.359643 0.00163382 -4.52494e-08)
(-0.308761 0.00251834 -1.69589e-07)
(-0.263192 0.00362167 -2.9544e-07)
(-0.230117 0.00439791 -3.15923e-07)
(-0.214014 0.00307693 -1.21769e-07)
(-0.46501 0.000181099 2.20974e-08)
(-0.444526 0.000603989 4.29511e-08)
(-0.40699 0.00123274 2.26918e-08)
(-0.358606 0.00228039 -4.50222e-08)
(-0.30729 0.00404718 -1.49389e-07)
(-0.261643 0.00682187 -2.44922e-07)
(-0.230186 0.0102763 -2.54774e-07)
(-0.219508 0.010732 -1.78982e-07)
(-0.464593 0.000193376 2.70241e-08)
(-0.443937 0.000668993 5.96914e-08)
(-0.405991 0.00145154 5.862e-08)
(-0.356828 0.00289491 1.99919e-08)
(-0.304219 0.00563848 -5.5469e-08)
(-0.256963 0.0108981 -1.65932e-07)
(-0.226207 0.0211498 -2.85336e-07)
(-0.235023 0.0420493 -1.49766e-07)
(-0.471303 0.00228556 1.39678e-07)
(-0.449269 0.00615783 3.6115e-07)
(-0.409079 0.00820557 4.99193e-07)
(-0.357502 0.00780048 5.36825e-07)
(-0.30283 0.004575 4.7004e-07)
(-0.254007 -0.00214132 3.0574e-07)
(-0.221816 -0.0142521 8.53278e-08)
(-0.227953 -0.0369394 4.21947e-08)
(-0.468428 0.00117602 9.72786e-08)
(-0.447275 0.00316506 2.47053e-07)
(-0.408628 0.00417232 3.24093e-07)
(-0.359003 0.00379939 3.1516e-07)
(-0.306568 0.00183271 2.24148e-07)
(-0.259999 -0.00178899 8.85842e-08)
(-0.227709 -0.00654902 -1.04694e-08)
(-0.21615 -0.00889461 -2.55344e-08)
(-0.466962 0.00060437 6.70863e-08)
(-0.446272 0.00162906 1.63011e-07)
(-0.408445 0.00214923 2.00471e-07)
(-0.359842 0.00195583 1.69862e-07)
(-0.308418 0.000976592 7.91735e-08)
(-0.262389 -0.0006544 -3.5455e-08)
(-0.228922 -0.00231003 -9.57354e-08)
(-0.21251 -0.0022361 -4.40526e-08)
(-0.466194 0.000327238 4.15644e-08)
(-0.44573 0.000898248 9.63444e-08)
(-0.408301 0.00124176 1.03706e-07)
(-0.360176 0.00126992 5.91459e-08)
(-0.309178 0.000966833 -2.41819e-08)
(-0.263286 0.000409982 -1.05194e-07)
(-0.229291 -0.000166996 -1.22683e-07)
(-0.211604 -0.000309632 -5.40522e-08)
(-0.465736 0.000209529 2.68547e-08)
(-0.445358 0.000606863 5.56222e-08)
(-0.408073 0.000951532 4.53374e-08)
(-0.360117 0.00124002 -7.68966e-09)
(-0.309278 0.00148452 -9.22271e-08)
(-0.263523 0.00165695 -1.705e-07)
(-0.229641 0.00157827 -1.95996e-07)
(-0.212033 0.00083125 -1.06251e-07)
(-0.465378 0.000175896 1.67553e-08)
(-0.444988 0.0005508 2.98681e-08)
(-0.407668 0.00100781 7.19678e-09)
(-0.359643 0.00163374 -5.74479e-08)
(-0.308761 0.00251826 -1.55365e-07)
(-0.263192 0.00362161 -2.5414e-07)
(-0.230117 0.00439788 -2.6293e-07)
(-0.214014 0.00307681 -9.14674e-08)
(-0.46501 0.000181101 1.40645e-08)
(-0.444526 0.000604005 2.40372e-08)
(-0.406991 0.0012328 4.5951e-09)
(-0.358606 0.00228051 -4.93146e-08)
(-0.307291 0.00404737 -1.30267e-07)
(-0.261643 0.00682206 -2.02879e-07)
(-0.230186 0.0102763 -2.08996e-07)
(-0.219508 0.0107319 -1.63435e-07)
(-0.464593 0.000193393 1.7946e-08)
(-0.443937 0.000669054 3.79274e-08)
(-0.405991 0.00145167 3.32527e-08)
(-0.356828 0.00289517 1.06317e-09)
(-0.30422 0.00563889 -6.07452e-08)
(-0.256963 0.0108986 -1.55664e-07)
(-0.226207 0.0211504 -2.63134e-07)
(-0.235022 0.0420502 -1.25061e-07)
(-0.464147 0.000189701 -1.23182e-09)
(-0.443268 0.000667146 -2.1214e-09)
(-0.404764 0.00148547 -2.87326e-09)
(-0.354419 0.00305034 -4.70129e-09)
(-0.299287 0.00613206 -8.65141e-09)
(-0.246132 0.0123089 -1.67472e-08)
(-0.199035 0.0251356 -4.37509e-08)
(-0.151994 0.0537427 -1.12167e-07)
(-0.463736 0.000159593 -3.5873e-09)
(-0.442641 0.000563267 -7.68927e-09)
(-0.403608 0.00125747 -1.29384e-08)
(-0.352182 0.00257101 -2.24715e-08)
(-0.294961 0.00507289 -3.89931e-08)
(-0.237959 0.00972317 -6.47982e-08)
(-0.184773 0.0179235 -9.79064e-08)
(-0.134697 0.030573 -9.97232e-08)
(-0.463425 0.000105598 -2.61593e-09)
(-0.44217 0.000371982 -6.17227e-09)
(-0.402757 0.000825231 -1.07559e-08)
(-0.350603 0.00166293 -1.90328e-08)
(-0.292135 0.00319066 -3.31503e-08)
(-0.233281 0.00582262 -5.38625e-08)
(-0.178185 0.00989762 -7.79344e-08)
(-0.128652 0.0149392 -8.95941e-08)
(-0.463258 3.68498e-05 -4.08689e-09)
(-0.441921 0.000129521 -8.92942e-09)
(-0.402317 0.000285737 -1.4891e-08)
(-0.349816 0.000569705 -2.4922e-08)
(-0.290801 0.00107359 -4.02292e-08)
(-0.231252 0.00190415 -5.96188e-08)
(-0.175656 0.00310316 -7.72804e-08)
(-0.126661 0.00443298 -7.96947e-08)
(-0.463258 -3.66529e-05 -2.64247e-09)
(-0.441921 -0.000128868 -5.5609e-09)
(-0.402317 -0.000284431 -8.87859e-09)
(-0.349816 -0.000567442 -1.48435e-08)
(-0.2908 -0.00107004 -2.47019e-08)
(-0.231252 -0.00189914 -3.82179e-08)
(-0.175656 -0.00309687 -5.38551e-08)
(-0.126661 -0.00442575 -6.66873e-08)
(-0.463424 -0.000105462 -2.62478e-09)
(-0.442169 -0.000371513 -4.9061e-09)
(-0.402756 -0.000824232 -7.40039e-09)
(-0.350602 -0.00166106 -1.27161e-08)
(-0.292133 -0.00318745 -2.24725e-08)
(-0.233279 -0.0058175 -3.8939e-08)
(-0.178183 -0.0098902 -6.35518e-08)
(-0.128652 -0.0149302 -8.56789e-08)
(-0.463735 -0.000159568 -1.58059e-09)
(-0.44264 -0.000563155 -1.67537e-09)
(-0.403606 -0.00125714 -5.83534e-10)
(-0.352179 -0.00257026 8.13556e-10)
(-0.294957 -0.00507145 3.73553e-09)
(-0.237954 -0.00972072 9.95947e-09)
(-0.184769 -0.01792 2.49685e-08)
(-0.134696 -0.030571 7.03502e-08)
(-0.464147 -0.000189857 -3.28285e-11)
(-0.443267 -0.000667602 2.62324e-09)
(-0.404763 -0.00148624 7.76204e-09)
(-0.354416 -0.00305151 1.6539e-08)
(-0.299283 -0.00613392 3.17417e-08)
(-0.246128 -0.0123121 5.60344e-08)
(-0.199033 -0.0251412 8.74642e-08)
(-0.151997 -0.0537507 1.0722e-07)
(-0.464147 0.000189696 8.45434e-09)
(-0.443268 0.00066713 2.35384e-08)
(-0.404764 0.00148544 3.18421e-08)
(-0.354419 0.00305028 3.26765e-08)
(-0.299287 0.00613195 2.73791e-08)
(-0.246132 0.0123087 1.79443e-08)
(-0.199035 0.0251353 -7.61361e-09)
(-0.151994 0.0537424 -6.65861e-08)
(-0.463736 0.00015959 9.45802e-09)
(-0.442641 0.000563259 2.82254e-08)
(-0.403608 0.00125745 4.26629e-08)
(-0.352182 0.00257098 5.22619e-08)
(-0.294961 0.00507284 5.93618e-08)
(-0.237959 0.0097231 6.61489e-08)
(-0.184773 0.0179234 7.53156e-08)
(-0.134697 0.030573 1.16929e-07)
(-0.463425 0.000105597 1.17675e-08)
(-0.44217 0.00037198 3.508e-08)
(-0.402757 0.000825227 5.57895e-08)
(-0.350603 0.00166292 7.5039e-08)
(-0.292135 0.00319066 9.58085e-08)
(-0.233281 0.00582263 1.21007e-07)
(-0.178185 0.00989767 1.51557e-07)
(-0.128652 0.0149392 1.90795e-07)
(-0.463258 3.68498e-05 1.19604e-08)
(-0.441921 0.000129522 3.7482e-08)
(-0.402317 0.000285741 6.17313e-08)
(-0.349816 0.000569713 8.60965e-08)
(-0.290801 0.0010736 1.14886e-07)
(-0.231252 0.00190418 1.51684e-07)
(-0.175656 0.00310321 1.9725e-07)
(-0.126661 0.00443303 2.48947e-07)
(-0.463258 -3.665e-05 1.34231e-08)
(-0.441921 -0.00012886 4.06514e-08)
(-0.402317 -0.000284416 6.70423e-08)
(-0.349816 -0.000567418 9.45404e-08)
(-0.2908 -0.00107 1.27067e-07)
(-0.231252 -0.0018991 1.66977e-07)
(-0.175656 -0.00309684 2.10582e-07)
(-0.126661 -0.00442577 2.47048e-07)
(-0.463424 -0.00010546 1.19492e-08)
(-0.442169 -0.000371505 3.69842e-08)
(-0.402756 -0.000824215 6.00522e-08)
(-0.350602 -0.00166103 8.2173e-08)
(-0.292133 -0.0031874 1.06883e-07)
(-0.233279 -0.00581741 1.35101e-07)
(-0.178183 -0.00989004 1.64052e-07)
(-0.128652 -0.0149299 1.94406e-07)
(-0.463735 -0.000159562 1.17106e-08)
(-0.44264 -0.000563139 3.46853e-08)
(-0.403606 -0.00125711 5.50705e-08)
(-0.352179 -0.0025702 7.42417e-08)
(-0.294957 -0.00507134 9.78242e-08)
(-0.237954 -0.00972053 1.30787e-07)
(-0.184769 -0.0179197 1.79559e-07)
(-0.134696 -0.0305706 2.57731e-07)
(-0.464147 -0.000189854 1.00532e-08)
(-0.443267 -0.000667592 2.93541e-08)
(-0.404763 -0.00148622 4.36089e-08)
(-0.354416 -0.00305148 5.42819e-08)
(-0.299283 -0.00613386 6.56e-08)
(-0.246127 -0.012312 8.35285e-08)
(-0.199033 -0.0251411 1.10064e-07)
(-0.151997 -0.0537508 1.31029e-07)
(-0.464147 0.000189704 3.20341e-08)
(-0.443268 0.000667158 8.02278e-08)
(-0.404764 0.0014855 1.07164e-07)
(-0.354419 0.00305039 1.1516e-07)
(-0.299287 0.00613214 1.12651e-07)
(-0.246132 0.012309 1.11186e-07)
(-0.199035 0.0251356 1.45215e-07)
(-0.151994 0.0537429 3.14997e-07)
(-0.463736 0.000159599 4.6469e-08)
(-0.442641 0.00056329 1.2492e-07)
(-0.403608 0.00125752 1.9698e-07)
(-0.352182 0.00257109 2.7906e-07)
(-0.294961 0.00507303 3.93269e-07)
(-0.237959 0.00972338 5.60424e-07)
(-0.184773 0.0179238 7.79491e-07)
(-0.134697 0.0305735 9.44321e-07)
(-0.463424 0.000105603 5.12939e-08)
(-0.44217 0.000372001 1.44025e-07)
(-0.402757 0.000825269 2.38025e-07)
(-0.350603 0.00166299 3.53595e-07)
(-0.292135 0.00319077 5.1599e-07)
(-0.233281 0.00582279 7.43976e-07)
(-0.178185 0.00989787 1.02781e-06)
(-0.128652 0.0149394 1.27994e-06)
(-0.463258 3.68531e-05 5.8955e-08)
(-0.441921 0.000129532 1.65662e-07)
(-0.402317 0.00028576 2.78232e-07)
(-0.349816 0.000569744 4.19673e-07)
(-0.290801 0.00107365 6.13233e-07)
(-0.231252 0.00190425 8.68176e-07)
(-0.175656 0.00310328 1.15707e-06)
(-0.126661 0.00443309 1.38767e-06)
(-0.463258 -3.66529e-05 5.70084e-08)
(-0.441921 -0.000128869 1.60824e-07)
(-0.402316 -0.000284434 2.68411e-07)
(-0.349815 -0.00056745 4.01478e-07)
(-0.2908 -0.00107005 5.82617e-07)
(-0.231252 -0.00189917 8.21401e-07)
(-0.175656 -0.00309693 1.09795e-06)
(-0.126661 -0.00442586 1.34115e-06)
(-0.463424 -0.000105466 5.22835e-08)
(-0.442169 -0.000371525 1.44498e-07)
(-0.402755 -0.000824256 2.36282e-07)
(-0.350602 -0.0016611 3.47346e-07)
(-0.292133 -0.00318751 5.00813e-07)
(-0.233279 -0.00581757 7.16566e-07)
(-0.178183 -0.00989026 9.94838e-07)
(-0.128652 -0.0149302 1.26674e-06)
(-0.463735 -0.000159571 4.4827e-08)
(-0.44264 -0.00056317 1.18917e-07)
(-0.403606 -0.00125718 1.8131e-07)
(-0.352179 -0.00257032 2.44197e-07)
(-0.294957 -0.00507153 3.20645e-07)
(-0.237954 -0.00972082 4.2102e-07)
(-0.184769 -0.0179201 5.33386e-07)
(-0.134696 -0.0305711 5.54456e-07)
(-0.464147 -0.000189861 3.20516e-08)
(-0.443267 -0.000667619 7.73926e-08)
(-0.404763 -0.00148628 9.65324e-08)
(-0.354416 -0.00305158 8.67598e-08)
(-0.299283 -0.00613404 4.79844e-08)
(-0.246127 -0.0123123 -1.86991e-08)
(-0.199033 -0.0251414 -1.04001e-07)
(-0.151997 -0.0537512 -1.53591e-07)
(-0.464147 0.000189735 2.23479e-08)
(-0.443268 0.00066726 5.4568e-08)
(-0.404764 0.00148572 7.2449e-08)
(-0.354419 0.0030508 7.7782e-08)
(-0.299287 0.00613285 7.66205e-08)
(-0.246132 0.0123102 7.64948e-08)
(-0.199035 0.0251374 1.09078e-07)
(-0.151993 0.0537446 2.69416e-07)
(-0.463736 0.000159629 3.34236e-08)
(-0.442641 0.000563387 8.90053e-08)
(-0.403608 0.00125772 1.41378e-07)
(-0.352181 0.00257146 2.04327e-07)
(-0.29496 0.00507365 2.94914e-07)
(-0.237958 0.00972437 4.29477e-07)
(-0.184772 0.0179252 6.06269e-07)
(-0.134696 0.030575 7.27669e-07)
(-0.463424 0.000105622 3.69105e-08)
(-0.44217 0.000372061 1.02773e-07)
(-0.402756 0.000825389 1.7148e-07)
(-0.350603 0.0016632 2.59523e-07)
(-0.292134 0.0031911 3.87031e-07)
(-0.23328 0.00582325 5.69107e-07)
(-0.178184 0.00989842 7.98316e-07)
(-0.128652 0.0149401 9.99555e-07)
(-0.463258 3.68612e-05 4.29077e-08)
(-0.441921 0.000129556 1.19251e-07)
(-0.402317 0.000285802 2.0161e-07)
(-0.349816 0.000569809 3.08654e-07)
(-0.2908 0.00107374 4.58117e-07)
(-0.231251 0.00190434 6.56873e-07)
(-0.175655 0.00310335 8.82538e-07)
(-0.126661 0.00443315 1.05903e-06)
(-0.463258 -3.66633e-05 4.09429e-08)
(-0.441921 -0.000128902 1.14612e-07)
(-0.402316 -0.0002845 1.92491e-07)
(-0.349815 -0.000567562 2.92094e-07)
(-0.2908 -0.00107023 4.30848e-07)
(-0.231251 -0.0018994 6.16205e-07)
(-0.175655 -0.00309716 8.33517e-07)
(-0.12666 -0.00442601 1.02741e-06)
(-0.463424 -0.000105485 3.77095e-08)
(-0.442169 -0.000371589 1.02608e-07)
(-0.402755 -0.000824389 1.6883e-07)
(-0.350601 -0.00166134 2.52457e-07)
(-0.292132 -0.00318792 3.71458e-07)
(-0.233278 -0.00581821 5.42526e-07)
(-0.178182 -0.00989117 7.67234e-07)
(-0.128651 -0.0149315 9.86658e-07)
(-0.463735 -0.000159603 3.15358e-08)
(-0.44264 -0.000563274 8.25567e-08)
(-0.403606 -0.00125739 1.25656e-07)
(-0.352179 -0.00257073 1.70769e-07)
(-0.294956 -0.00507224 2.26556e-07)
(-0.237954 -0.009722 3.00193e-07)
(-0.184769 -0.0179219 3.78795e-07)
(-0.134696 -0.0305735 3.67075e-07)
(-0.464146 -0.000189888 2.19656e-08)
(-0.443267 -0.000667709 5.06618e-08)
(-0.404763 -0.00148647 6.06856e-08)
(-0.354416 -0.00305195 4.9017e-08)
(-0.299283 -0.00613466 1.41261e-08)
(-0.246128 -0.0123133 -4.61933e-08)
(-0.199033 -0.0251428 -1.26601e-07)
(-0.151996 -0.0537522 -1.774e-07)
(-0.0830483 0.0957685 -8.25242e-08)
(-0.0271883 0.0462176 -5.12018e-08)
(-0.0108421 0.0231036 -2.84423e-08)
(-0.00493315 0.0116497 -1.45719e-08)
(-0.00239372 0.00583512 -6.9475e-09)
(-0.00118571 0.00287886 -3.05798e-09)
(-0.000585827 0.00139267 -1.22143e-09)
(-0.000285388 0.000658998 -4.18539e-10)
(-0.00013631 0.000304661 -1.05473e-10)
(-6.3659e-05 0.000137541 -7.99655e-13)
(-2.90333e-05 6.06316e-05 2.26275e-11)
(-1.29255e-05 2.61031e-05 2.08448e-11)
(-5.61719e-06 1.09788e-05 1.37577e-11)
(-2.38353e-06 4.51303e-06 7.88674e-12)
(-9.87942e-07 1.81405e-06 4.09933e-12)
(-4.0019e-07 7.13377e-07 2.00001e-12)
(-1.58511e-07 2.74608e-07 9.20567e-13)
(-6.14277e-08 1.03531e-07 4.06545e-13)
(-2.33039e-08 3.82497e-08 1.71146e-13)
(-8.65982e-09 1.38555e-08 7.12622e-14)
(-3.15395e-09 4.92368e-09 2.68693e-14)
(-1.12645e-09 1.71734e-09 9.92997e-15)
(-3.94751e-10 5.88225e-10 3.5047e-15)
(-1.35808e-10 1.97957e-10 0)
(-4.58975e-11 6.54853e-11 0)
(-1.52384e-11 2.13039e-11 0)
(-4.97667e-12 6.8178e-12 1.16823e-15)
(-1.59697e-12 2.14838e-12 0)
(-5.03508e-13 6.67061e-13 0)
(-1.60048e-13 2.03272e-13 -1.16823e-15)
(-5.0234e-14 6.19163e-14 0)
(-1.75235e-14 1.16823e-14 0)
(-0.0848836 0.0412646 -7.16382e-08)
(-0.0454765 0.0280836 -4.24389e-08)
(-0.0237259 0.0163707 -2.10591e-08)
(-0.0123354 0.00891483 -8.29485e-09)
(-0.00637709 0.00465328 -1.88746e-09)
(-0.00325674 0.00234985 6.90706e-10)
(-0.00163404 0.00115245 1.34693e-09)
(-0.000802616 0.000549914 1.21375e-09)
(-0.000385146 0.000255574 8.69767e-10)
(-0.00018037 0.000115774 5.48743e-10)
(-8.24048e-05 5.11518e-05 3.17662e-10)
(-3.67273e-05 2.20556e-05 1.71907e-10)
(-1.59728e-05 9.28631e-06 8.80905e-11)
(-6.78117e-06 3.8202e-06 4.30237e-11)
(-2.81171e-06 1.5364e-06 2.01503e-11)
(-1.13925e-06 6.04436e-07 9.08008e-12)
(-4.51334e-07 2.32744e-07 3.94862e-12)
(-1.74931e-07 8.77683e-08 1.66181e-12)
(-6.63715e-08 3.24322e-08 6.76991e-13)
(-2.46662e-08 1.175e-08 2.67525e-13)
(-8.98427e-09 4.17598e-09 1.02804e-13)
(-3.209e-09 1.4567e-09 3.73834e-14)
(-1.12462e-09 4.98995e-10 1.28506e-14)
(-3.86931e-10 1.67943e-10 4.08881e-15)
(-1.30759e-10 5.556e-11 5.84116e-16)
(-4.34232e-11 1.80796e-11 -5.84116e-16)
(-1.41788e-11 5.78976e-12 0)
(-4.55727e-12 1.82712e-12 -5.84116e-16)
(-1.4416e-12 5.66593e-13 5.84116e-16)
(-4.47433e-13 1.74067e-13 -5.84116e-16)
(-1.37851e-13 5.14022e-14 -1.75235e-15)
(-5.84116e-14 1.16823e-14 -1.75235e-15)
(-0.0855377 0.0179332 -7.7742e-08)
(-0.0520823 0.0140626 -5.31405e-08)
(-0.0300108 0.00909698 -2.95838e-08)
(-0.0166506 0.00529698 -1.32245e-08)
(-0.00895869 0.0028837 -4.06032e-09)
(-0.00468654 0.00149523 5.614e-11)
(-0.00238577 0.000745688 1.38461e-09)
(-0.00118226 0.000359658 1.44832e-09)
(-0.000570449 0.000168324 1.10124e-09)
(-0.000268081 7.66039e-05 7.17419e-10)
(-0.000122752 3.39511e-05 4.2385e-10)
(-5.4791e-05 1.46704e-05 2.32599e-10)
(-2.38526e-05 6.18614e-06 1.20409e-10)
(-1.01334e-05 2.54759e-06 5.92673e-11)
(-4.20371e-06 1.02539e-06 2.79283e-11)
(-1.70384e-06 4.03638e-07 1.26455e-11)
(-6.75179e-07 1.55495e-07 5.52165e-12)
(-2.61739e-07 5.86585e-08 2.33179e-12)
(-9.93222e-08 2.16818e-08 9.50941e-13)
(-3.69161e-08 7.85704e-09 3.76171e-13)
(-1.34473e-08 2.79297e-09 1.44277e-13)
(-4.80344e-09 9.74434e-10 5.37387e-14)
(-1.68351e-09 3.33848e-10 1.98599e-14)
(-5.79243e-10 1.12377e-10 7.59351e-15)
(-1.95758e-10 3.71825e-11 1.75235e-15)
(-6.50121e-11 1.20982e-11 0)
(-2.12256e-11 3.87619e-12 -1.16823e-15)
(-6.82364e-12 1.22197e-12 -1.16823e-15)
(-2.15772e-12 3.78507e-13 -5.84116e-16)
(-6.71734e-13 1.14487e-13 -1.75235e-15)
(-2.12618e-13 3.5047e-14 -1.16823e-15)
(-8.0608e-14 8.17763e-15 -5.84116e-16)
(-0.0857601 0.00509463 -6.04459e-08)
(-0.0543127 0.00421062 -3.333e-08)
(-0.0324915 0.00286374 -1.14975e-08)
(-0.0185486 0.00172938 1.08226e-09)
(-0.0101788 0.00096509 6.09618e-09)
(-0.00539475 0.000508722 6.71262e-09)
(-0.00276961 0.000256487 5.46298e-09)
(-0.00137998 0.00012461 3.81429e-09)
(-0.000668201 5.86048e-05 2.4075e-09)
(-0.000314743 2.67607e-05 1.40841e-09)
(-0.000144338 1.18884e-05 7.74933e-10)
(-6.44922e-05 5.14578e-06 4.04628e-10)
(-2.80957e-05 2.17258e-06 2.01823e-10)
(-1.19419e-05 8.9559e-07 9.65818e-11)
(-4.95567e-06 3.60749e-07 4.45114e-11)
(-2.00915e-06 1.42097e-07 1.98062e-11)
(-7.96313e-07 5.47706e-08 8.52985e-12)
(-3.08744e-07 2.06714e-08 3.55785e-12)
(-1.17173e-07 7.64403e-09 1.4416e-12)
(-4.3555e-08 2.77115e-09 5.66593e-13)
(-1.58669e-08 9.85438e-10 2.16707e-13)
(-5.66812e-09 3.4393e-10 8.0608e-14)
(-1.98668e-09 1.17873e-10 2.62852e-14)
(-6.83598e-10 3.96919e-11 9.34586e-15)
(-2.31035e-10 1.31379e-11 4.08881e-15)
(-7.67295e-11 4.27456e-12 2.33646e-15)
(-2.50586e-11 1.36683e-12 -1.16823e-15)
(-8.05262e-12 4.26405e-13 0)
(-2.54558e-12 1.35515e-13 0)
(-7.92061e-13 4.32246e-14 0)
(-2.48833e-13 1.28506e-14 -1.75235e-15)
(-9.81315e-14 3.5047e-15 -5.84116e-16)
(-0.08576 -0.00508744 -7.37574e-08)
(-0.0543132 -0.00420429 -4.60882e-08)
(-0.0324921 -0.00285866 -1.9005e-08)
(-0.0185492 -0.00172567 -2.88667e-09)
(-0.0101793 -0.000962598 3.98348e-09)
(-0.00539514 -0.00050716 5.52787e-09)
(-0.00276988 -0.000255564 4.77855e-09)
(-0.00138015 -0.000124092 3.41572e-09)
(-0.000668299 -5.83265e-05 2.18075e-09)
(-0.000314797 -2.66171e-05 1.28312e-09)
(-0.000144367 -1.1817e-05 7.08483e-10)
(-6.45068e-05 -5.11149e-06 3.70643e-10)
(-2.81028e-05 -2.15664e-06 1.8514e-10)
(-1.19453e-05 -8.88396e-07 8.86682e-11)
(-4.9572e-06 -3.57596e-07 4.08957e-11)
(-2.00982e-06 -1.40753e-07 1.82046e-11)
(-7.96605e-07 -5.42122e-08 7.84351e-12)
(-3.08866e-07 -2.04454e-08 3.27339e-12)
(-1.17222e-07 -7.55473e-09 1.32536e-12)
(-4.35747e-08 -2.73669e-09 5.21032e-13)
(-1.58745e-08 -9.72438e-10 1.99768e-13)
(-5.671e-09 -3.39132e-10 7.41827e-14)
(-1.98775e-09 -1.1614e-10 2.57011e-14)
(-6.83979e-10 -3.90797e-11 8.76174e-15)
(-2.31174e-10 -1.2923e-11 2.33646e-15)
(-7.67832e-11 -4.20564e-12 1.16823e-15)
(-2.50761e-11 -1.34931e-12 5.84116e-16)
(-8.05262e-12 -4.26405e-13 5.84116e-16)
(-2.54324e-12 -1.35515e-13 -5.84116e-16)
(-7.94398e-13 -4.32246e-14 -1.75235e-15)
(-2.48833e-13 -1.28506e-14 -2.33646e-15)
(-9.81315e-14 -3.5047e-15 -5.84116e-16)
(-0.0855386 -0.0179254 -4.11154e-08)
(-0.052084 -0.0140564 -7.64493e-09)
(-0.0300129 -0.00909252 9.43096e-09)
(-0.0166526 -0.00529407 1.49421e-08)
(-0.00896033 -0.0028819 1.42133e-08)
(-0.00468772 -0.00149417 1.1077e-08)
(-0.00238655 -0.000745088 7.65311e-09)
(-0.00118274 -0.000359331 4.85267e-09)
(-0.000570726 -0.000168152 2.87361e-09)
(-0.000268234 -7.65163e-05 1.60777e-09)
(-0.000122833 -3.39079e-05 8.5577e-10)
(-5.48318e-05 -1.46498e-05 4.35845e-10)
(-2.38726e-05 -6.1766e-06 2.13156e-10)
(-1.01429e-05 -2.5433e-06 1.00457e-10)
(-4.20803e-06 -1.02351e-06 4.57205e-11)
(-1.70576e-06 -4.02837e-07 2.01438e-11)
(-6.76006e-07 -1.55162e-07 8.60578e-12)
(-2.62086e-07 -5.85236e-08 3.56953e-12)
(-9.94643e-08 -2.16284e-08 1.43809e-12)
(-3.69727e-08 -7.8364e-09 5.62504e-13)
(-1.34693e-08 -2.78517e-09 2.14371e-13)
(-4.81183e-09 -9.71549e-10 8.0608e-14)
(-1.68663e-09 -3.32802e-10 2.92058e-14)
(-5.80381e-10 -1.12004e-10 1.05141e-14)
(-1.96165e-10 -3.7054e-11 2.92058e-15)
(-6.51558e-11 -1.20573e-11 2.92058e-15)
(-2.12793e-11 -3.86334e-12 1.16823e-15)
(-6.83766e-12 -1.2173e-12 1.75235e-15)
(-2.1624e-12 -3.8318e-13 1.75235e-15)
(-6.71734e-13 -1.20328e-13 1.75235e-15)
(-2.10282e-13 -4.08881e-14 0)
(-7.94398e-14 -1.16823e-14 0)
(-0.0848862 -0.0412648 8.70053e-08)
(-0.0454803 -0.0280843 7.65988e-08)
(-0.0237297 -0.0163716 5.88461e-08)
(-0.0123386 -0.00891568 4.16884e-08)
(-0.00637945 -0.00465393 2.7747e-08)
(-0.00325833 -0.0023503 1.74922e-08)
(-0.00163504 -0.00115272 1.04969e-08)
(-0.000803211 -0.000550074 6.0175e-09)
(-0.000385484 -0.000255662 3.3058e-09)
(-0.000180554 -0.000115821 1.74478e-09)
(-8.25005e-05 -5.1175e-05 8.86873e-10)
(-3.67755e-05 -2.20669e-05 4.34988e-10)
(-1.59962e-05 -9.29159e-06 2.06272e-10)
(-6.79219e-06 -3.8226e-06 9.47098e-11)
(-2.81674e-06 -1.53746e-06 4.21738e-11)
(-1.14147e-06 -6.04889e-07 1.82338e-11)
(-4.52292e-07 -2.32933e-07 7.66652e-12)
(-1.75332e-07 -8.78452e-08 3.13554e-12)
(-6.65353e-08 -3.24627e-08 1.24826e-12)
(-2.47315e-08 -1.17618e-08 4.854e-13)
(-9.00962e-09 -4.18046e-09 1.83997e-13)
(-3.21864e-09 -1.45836e-09 6.89257e-14)
(-1.12821e-09 -4.99597e-10 2.62852e-14)
(-3.88232e-10 -1.68158e-10 9.34586e-15)
(-1.31225e-10 -5.56371e-11 2.92058e-15)
(-4.35926e-11 -1.81029e-11 3.5047e-15)
(-1.42349e-11 -5.7956e-12 3.5047e-15)
(-4.57246e-12 -1.82478e-12 1.75235e-15)
(-1.44627e-12 -5.64256e-13 5.84116e-16)
(-4.52106e-13 -1.74067e-13 5.84116e-16)
(-1.40188e-13 -5.37387e-14 2.33646e-15)
(-4.78975e-14 -9.34586e-15 1.16823e-15)
(-0.0830519 -0.0957834 6.01675e-08)
(-0.0271908 -0.0462295 4.07394e-08)
(-0.0108443 -0.0231123 2.78993e-08)
(-0.0049349 -0.0116555 1.84732e-08)
(-0.00239495 -0.00583877 1.17214e-08)
(-0.00118652 -0.00288104 7.12624e-09)
(-0.000586323 -0.00139391 4.15495e-09)
(-0.000285679 -0.000659683 2.32784e-09)
(-0.000136473 -0.000305023 1.25489e-09)
(-6.37469e-05 -0.000137726 6.5223e-10)
(-2.9079e-05 -6.07229e-05 3.27249e-10)
(-1.29484e-05 -2.61467e-05 1.58802e-10)
(-5.62829e-06 -1.0999e-05 7.4608e-11)
(-2.38874e-06 -4.52212e-06 3.3995e-11)
(-9.90314e-07 -1.81802e-06 1.50351e-11)
(-4.01239e-07 -7.15069e-07 6.46266e-12)
(-1.58962e-07 -2.7531e-07 2.70271e-12)
(-6.16164e-08 -1.03815e-07 1.10047e-12)
(-2.33809e-08 -3.83619e-08 4.36335e-13)
(-8.69044e-09 -1.38988e-08 1.6881e-13)
(-3.16585e-09 -4.94001e-09 6.30845e-14)
(-1.13097e-09 -1.72336e-09 2.39488e-14)
(-3.96429e-10 -5.90402e-10 7.59351e-15)
(-1.3642e-10 -1.98727e-10 2.92058e-15)
(-4.6109e-11 -6.57516e-11 5.84116e-16)
(-1.53179e-11 -2.13903e-11 1.16823e-15)
(-5.00237e-12 -6.84467e-12 1.16823e-15)
(-1.60515e-12 -2.15539e-12 0)
(-5.11686e-13 -6.64724e-13 0)
(-1.60048e-13 -1.97431e-13 5.84116e-16)
(-4.67293e-14 -5.37387e-14 5.84116e-16)
(-1.5187e-14 -1.05141e-14 5.84116e-16)
(-0.0830481 0.0957682 -1.96773e-08)
(-0.0271882 0.0462174 7.44591e-09)
(-0.010842 0.0231035 1.93935e-08)
(-0.0049331 0.0116496 2.06713e-08)
(-0.00239369 0.0058351 1.69832e-08)
(-0.0011857 0.00287886 1.21067e-08)
(-0.000585822 0.00139267 7.8598e-09)
(-0.000285386 0.000658999 4.7486e-09)
(-0.000136309 0.000304662 2.70775e-09)
(-6.36587e-05 0.000137542 1.46767e-09)
(-2.90333e-05 6.06323e-05 7.61043e-10)
(-1.29256e-05 2.61034e-05 3.78732e-10)
(-5.61722e-06 1.0979e-05 1.81582e-10)
(-2.38355e-06 4.51314e-06 8.40169e-11)
(-9.87954e-07 1.8141e-06 3.76206e-11)
(-4.00196e-07 7.13399e-07 1.63179e-11)
(-1.58515e-07 2.74618e-07 6.87037e-12)
(-6.14292e-08 1.03535e-07 2.80901e-12)
(-2.33046e-08 3.82514e-08 1.11741e-12)
(-8.66011e-09 1.38562e-08 4.31662e-13)
(-3.15407e-09 4.92394e-09 1.62968e-13)
(-1.1265e-09 1.71743e-09 5.89957e-14)
(-3.94771e-10 5.88259e-10 2.10282e-14)
(-1.35815e-10 1.97966e-10 5.84116e-15)
(-4.58975e-11 6.54853e-11 5.84116e-16)
(-1.52373e-11 2.13039e-11 0)
(-4.97433e-12 6.82014e-12 1.16823e-15)
(-1.60048e-12 2.14955e-12 1.16823e-15)
(-5.04676e-13 6.68229e-13 -1.16823e-15)
(-1.61216e-13 2.00936e-13 0)
(-4.78975e-14 5.84116e-14 -2.33646e-15)
(-1.75235e-14 1.05141e-14 0)
(-0.0848835 0.0412647 1.51729e-07)
(-0.0454764 0.0280836 1.616e-07)
(-0.0237258 0.0163707 1.41304e-07)
(-0.0123353 0.00891483 1.08532e-07)
(-0.00637707 0.00465328 7.59455e-08)
(-0.00325674 0.00234986 4.94463e-08)
(-0.00163404 0.00115245 3.02949e-08)
(-0.000802617 0.000549918 1.76128e-08)
(-0.000385148 0.000255576 9.76524e-09)
(-0.000180371 0.000115776 5.18692e-09)
(-8.24055e-05 5.11526e-05 2.64695e-09)
(-3.67277e-05 2.2056e-05 1.30164e-09)
(-1.59731e-05 9.28652e-06 6.17977e-10)
(-6.78131e-06 3.82031e-06 2.83874e-10)
(-2.81178e-06 1.53645e-06 1.26343e-10)
(-1.13928e-06 6.04457e-07 5.45728e-11)
(-4.51349e-07 2.32753e-07 2.29009e-11)
(-1.74937e-07 8.77721e-08 9.34703e-12)
(-6.63743e-08 3.24338e-08 3.71498e-12)
(-2.46674e-08 1.17506e-08 1.43926e-12)
(-8.98473e-09 4.17621e-09 5.42644e-13)
(-3.20918e-09 1.45679e-09 1.99184e-13)
(-1.12469e-09 4.99029e-10 6.95098e-14)
(-3.86955e-10 1.67957e-10 2.27805e-14)
(-1.30768e-10 5.55658e-11 7.59351e-15)
(-4.34255e-11 1.80796e-11 1.16823e-15)
(-1.41788e-11 5.78625e-12 0)
(-4.55611e-12 1.82478e-12 0)
(-1.44043e-12 5.65424e-13 0)
(-4.52106e-13 1.72898e-13 0)
(-1.41356e-13 4.90658e-14 -1.75235e-15)
(-5.25704e-14 1.05141e-14 -1.16823e-15)
(-0.0855376 0.0179332 2.23929e-07)
(-0.0520822 0.0140627 2.23696e-07)
(-0.0300107 0.00909699 1.93596e-07)
(-0.0166505 0.005297 1.49667e-07)
(-0.00895867 0.00288371 1.05895e-07)
(-0.00468653 0.00149525 6.95942e-08)
(-0.00238576 0.000745696 4.29876e-08)
(-0.00118226 0.000359663 2.51338e-08)
(-0.000570451 0.000168327 1.40015e-08)
(-0.000268082 7.66056e-05 7.46018e-09)
(-0.000122753 3.3952e-05 3.81772e-09)
(-5.47916e-05 1.46709e-05 1.88068e-09)
(-2.3853e-05 6.18637e-06 8.94495e-10)
(-1.01336e-05 2.5477e-06 4.11348e-10)
(-4.2038e-06 1.02544e-06 1.8332e-10)
(-1.70389e-06 4.03659e-07 7.92459e-11)
(-6.75199e-07 1.55504e-07 3.32911e-11)
(-2.61748e-07 5.86623e-08 1.35971e-11)
(-9.93261e-08 2.16833e-08 5.40891e-12)
(-3.69177e-08 7.85763e-09 2.09698e-12)
(-1.34479e-08 2.7932e-09 7.91477e-13)
(-4.80369e-09 9.74521e-10 2.9089e-13)
(-1.6836e-09 3.33874e-10 1.03389e-13)
(-5.7928e-10 1.12386e-10 3.32946e-14)
(-1.9577e-10 3.71883e-11 1.22664e-14)
(-6.5018e-11 1.21029e-11 4.67293e-15)
(-2.12303e-11 3.87386e-12 0)
(-6.82248e-12 1.21847e-12 0)
(-2.15656e-12 3.78507e-13 5.84116e-16)
(-6.75238e-13 1.14487e-13 -1.75235e-15)
(-2.09114e-13 3.5047e-14 -5.84116e-16)
(-7.71033e-14 5.84116e-15 -1.16823e-15)
(-0.08576 0.00509464 2.87652e-07)
(-0.0543126 0.00421064 2.87142e-07)
(-0.0324914 0.00286376 2.49214e-07)
(-0.0185486 0.0017294 1.93087e-07)
(-0.0101788 0.000965106 1.36506e-07)
(-0.00539476 0.000508733 8.95645e-08)
(-0.00276962 0.000256494 5.51579e-08)
(-0.00137999 0.000124614 3.21647e-08)
(-0.000668206 5.8607e-05 1.78639e-08)
(-0.000314746 2.67618e-05 9.49633e-09)
(-0.00014434 1.1889e-05 4.84797e-09)
(-6.44934e-05 5.14605e-06 2.38436e-09)
(-2.80963e-05 2.17271e-06 1.13214e-09)
(-1.19422e-05 8.95649e-07 5.20157e-10)
(-4.95582e-06 3.60775e-07 2.31579e-10)
(-2.00922e-06 1.42108e-07 1.0008e-10)
(-7.96346e-07 5.47752e-08 4.20289e-11)
(-3.08758e-07 2.06733e-08 1.7173e-11)
(-1.17179e-07 7.64478e-09 6.83182e-12)
(-4.35575e-08 2.77144e-09 2.64897e-12)
(-1.58678e-08 9.8555e-10 1.00293e-12)
(-5.6685e-09 3.43971e-10 3.69745e-13)
(-1.98682e-09 1.17887e-10 1.31426e-13)
(-6.83644e-10 3.96954e-11 4.49769e-14)
(-2.31051e-10 1.31391e-11 1.63553e-14)
(-7.67388e-11 4.27923e-12 5.25704e-15)
(-2.50633e-11 1.37034e-12 1.16823e-15)
(-8.05029e-12 4.33414e-13 5.84116e-16)
(-2.54558e-12 1.35515e-13 5.84116e-16)
(-7.95566e-13 4.43928e-14 0)
(-2.5117e-13 1.28506e-14 -1.16823e-15)
(-9.22903e-14 4.67293e-15 -2.33646e-15)
(-0.08576 -0.0050874 2.56011e-07)
(-0.0543131 -0.00420423 2.57186e-07)
(-0.032492 -0.00285861 2.27929e-07)
(-0.0185492 -0.00172564 1.79104e-07)
(-0.0101793 -0.000962581 1.27681e-07)
(-0.00539514 -0.000507151 8.41667e-08)
(-0.00276988 -0.00025556 5.19847e-08)
(-0.00138015 -0.000124089 3.03695e-08)
(-0.000668303 -5.83255e-05 1.68904e-08)
(-0.0003148 -2.66167e-05 8.98822e-09)
(-0.000144369 -1.18169e-05 4.59312e-09)
(-6.45079e-05 -5.11143e-06 2.26092e-09)
(-2.81034e-05 -2.15661e-06 1.0745e-09)
(-1.19456e-05 -8.88388e-07 4.94073e-10)
(-4.95734e-06 -3.57593e-07 2.20167e-10)
(-2.00989e-06 -1.40752e-07 9.52308e-11)
(-7.96634e-07 -5.42121e-08 4.00306e-11)
(-3.08879e-07 -2.04454e-08 1.63734e-11)
(-1.17228e-07 -7.55473e-09 6.52341e-12)
(-4.35769e-08 -2.7367e-09 2.53331e-12)
(-1.58754e-08 -9.72441e-10 9.59703e-13)
(-5.67135e-09 -3.39132e-10 3.55727e-13)
(-1.98788e-09 -1.16134e-10 1.27921e-13)
(-6.84024e-10 -3.90739e-11 4.49769e-14)
(-2.31188e-10 -1.2923e-11 1.5187e-14)
(-7.67879e-11 -4.2033e-12 5.84116e-15)
(-2.50796e-11 -1.3458e-12 4.08881e-15)
(-8.05379e-12 -4.229e-13 2.92058e-15)
(-2.54558e-12 -1.29674e-13 1.16823e-15)
(-7.97903e-13 -3.85517e-14 5.84116e-16)
(-2.47665e-13 -9.34586e-15 0)
(-9.5795e-14 0 -1.16823e-15)
(-0.0855385 -0.0179251 2.69844e-07)
(-0.0520839 -0.0140561 2.74782e-07)
(-0.0300128 -0.00909237 2.33584e-07)
(-0.0166526 -0.00529398 1.76399e-07)
(-0.00896034 -0.00288185 1.2212e-07)
(-0.00468773 -0.00149415 7.88412e-08)
(-0.00238656 -0.000745076 4.80002e-08)
(-0.00118275 -0.000359326 2.77543e-08)
(-0.000570733 -0.000168149 1.53249e-08)
(-0.000268238 -7.65154e-05 8.11138e-09)
(-0.000122835 -3.39076e-05 4.1292e-09)
(-5.48331e-05 -1.46497e-05 2.02654e-09)
(-2.38732e-05 -6.17656e-06 9.61091e-10)
(-1.01432e-05 -2.54329e-06 4.412e-10)
(-4.20819e-06 -1.02351e-06 1.96387e-10)
(-1.70584e-06 -4.02837e-07 8.48715e-11)
(-6.76039e-07 -1.55162e-07 3.56609e-11)
(-2.62101e-07 -5.85238e-08 1.4583e-11)
(-9.94703e-08 -2.16285e-08 5.80903e-12)
(-3.69752e-08 -7.83648e-09 2.2541e-12)
(-1.34703e-08 -2.7852e-09 8.54562e-13)
(-4.8122e-09 -9.71561e-10 3.16007e-13)
(-1.68677e-09 -3.32805e-10 1.13903e-13)
(-5.80434e-10 -1.12004e-10 4.0304e-14)
(-1.96178e-10 -3.70552e-11 1.46029e-14)
(-6.51593e-11 -1.20538e-11 5.84116e-15)
(-2.12829e-11 -3.85633e-12 2.33646e-15)
(-6.83649e-12 -1.21613e-12 4.08881e-15)
(-2.16123e-12 -3.80844e-13 2.92058e-15)
(-6.75238e-13 -1.14487e-13 1.75235e-15)
(-2.14955e-13 -3.5047e-14 1.16823e-15)
(-8.0608e-14 -1.05141e-14 0)
(-0.0848862 -0.0412646 2.72744e-07)
(-0.0454804 -0.0280842 2.46888e-07)
(-0.0237298 -0.0163716 1.95155e-07)
(-0.0123386 -0.00891567 1.40213e-07)
(-0.0063795 -0.00465393 9.36605e-08)
(-0.00325837 -0.0023503 5.89402e-08)
(-0.00163506 -0.00115273 3.5204e-08)
(-0.000803225 -0.000550079 2.00685e-08)
(-0.000385493 -0.000255665 1.09588e-08)
(-0.000180559 -0.000115822 5.75147e-09)
(-8.25031e-05 -5.1176e-05 2.90778e-09)
(-3.67768e-05 -2.20674e-05 1.4195e-09)
(-1.59969e-05 -9.29187e-06 6.70211e-10)
(-6.79252e-06 -3.82274e-06 3.06612e-10)
(-2.81689e-06 -1.53752e-06 1.36083e-10)
(-1.14154e-06 -6.04916e-07 5.86832e-11)
(-4.52322e-07 -2.32944e-07 2.46094e-11)
(-1.75345e-07 -8.78501e-08 1.00491e-11)
(-6.65406e-08 -3.24647e-08 3.99711e-12)
(-2.47336e-08 -1.17626e-08 1.55024e-12)
(-9.01045e-09 -4.18076e-09 5.85868e-13)
(-3.21895e-09 -1.45847e-09 2.17291e-13)
(-1.12832e-09 -4.99639e-10 7.82716e-14)
(-3.88276e-10 -1.68173e-10 2.86217e-14)
(-1.31238e-10 -5.56394e-11 1.05141e-14)
(-4.35902e-11 -1.81076e-11 5.84116e-15)
(-1.42396e-11 -5.7956e-12 4.08881e-15)
(-4.57713e-12 -1.82712e-12 4.08881e-15)
(-1.44627e-12 -5.68929e-13 2.92058e-15)
(-4.52106e-13 -1.76403e-13 2.92058e-15)
(-1.41356e-13 -5.14022e-14 2.33646e-15)
(-5.25704e-14 -9.34586e-15 0)
(-0.083052 -0.0957837 8.48658e-08)
(-0.0271909 -0.0462297 6.5055e-08)
(-0.0108443 -0.0231124 5.02179e-08)
(-0.00493494 -0.0116556 3.65704e-08)
(-0.00239498 -0.00583884 2.48867e-08)
(-0.00118653 -0.00288109 1.59053e-08)
(-0.000586333 -0.00139394 9.61615e-09)
(-0.000285685 -0.0006597 5.53139e-09)
(-0.000136477 -0.000305033 3.04185e-09)
(-6.37488e-05 -0.000137731 1.60482e-09)
(-2.908e-05 -6.07253e-05 8.14778e-10)
(-1.29489e-05 -2.61478e-05 3.98993e-10)
(-5.62854e-06 -1.09995e-05 1.88865e-10)
(-2.38886e-06 -4.52238e-06 8.6559e-11)
(-9.90369e-07 -1.81814e-06 3.84728e-11)
(-4.01263e-07 -7.15118e-07 1.66035e-11)
(-1.58973e-07 -2.75331e-07 6.96792e-12)
(-6.1621e-08 -1.03824e-07 2.84523e-12)
(-2.33828e-08 -3.83653e-08 1.13143e-12)
(-8.69119e-09 -1.39001e-08 4.38087e-13)
(-3.16614e-09 -4.9405e-09 1.66473e-13)
(-1.13108e-09 -1.72355e-09 6.13322e-14)
(-3.96471e-10 -5.90471e-10 2.21964e-14)
(-1.36434e-10 -1.98754e-10 8.76174e-15)
(-4.61125e-11 -6.5761e-11 4.08881e-15)
(-1.53179e-11 -2.14008e-11 5.84116e-16)
(-5.00354e-12 -6.85519e-12 1.75235e-15)
(-1.60749e-12 -2.16006e-12 0)
(-5.07013e-13 -6.68229e-13 1.16823e-15)
(-1.5888e-13 -2.03272e-13 2.92058e-15)
(-4.78975e-14 -5.95798e-14 2.33646e-15)
(-1.98599e-14 -1.16823e-14 0)
(-0.0830481 0.0957688 2.88359e-07)
(-0.0271883 0.0462179 2.8159e-07)
(-0.010842 0.023104 2.25135e-07)
(-0.00493315 0.0116499 1.57828e-07)
(-0.00239373 0.00583531 1.01827e-07)
(-0.00118573 0.00287899 6.19131e-08)
(-0.000585842 0.00139274 3.58707e-08)
(-0.000285399 0.000659042 1.99221e-08)
(-0.000136317 0.000304686 1.06424e-08)
(-6.36629e-05 0.000137554 5.48199e-09)
(-2.90355e-05 6.06384e-05 2.72796e-09)
(-1.29267e-05 2.61064e-05 1.31353e-09)
(-5.61778e-06 1.09804e-05 6.12873e-10)
(-2.38382e-06 4.51377e-06 2.77438e-10)
(-9.88078e-07 1.81438e-06 1.22006e-10)
(-4.00251e-07 7.13518e-07 5.21709e-11)
(-1.58539e-07 2.74668e-07 2.1718e-11)
(-6.14392e-08 1.03555e-07 8.80555e-12)
(-2.33087e-08 3.82594e-08 3.48192e-12)
(-8.66173e-09 1.38593e-08 1.34347e-12)
(-3.15469e-09 4.92509e-09 5.07013e-13)
(-1.12674e-09 1.71785e-09 1.87501e-13)
(-3.94859e-10 5.88408e-10 6.71734e-14)
(-1.35847e-10 1.98019e-10 2.45329e-14)
(-4.5908e-11 6.55063e-11 9.92997e-15)
(-1.52431e-11 2.13097e-11 4.08881e-15)
(-4.97667e-12 6.82131e-12 5.84116e-16)
(-1.60048e-12 2.14955e-12 0)
(-5.0234e-13 6.64724e-13 1.16823e-15)
(-1.61216e-13 2.05609e-13 1.75235e-15)
(-5.0234e-14 5.60751e-14 0)
(-1.5187e-14 1.16823e-14 0)
(-0.0848835 0.0412651 1.0238e-06)
(-0.0454766 0.028084 8.99297e-07)
(-0.023726 0.016371 6.78211e-07)
(-0.0123355 0.00891509 4.63371e-07)
(-0.00637721 0.00465345 2.9532e-07)
(-0.00325684 0.00234997 1.78161e-07)
(-0.0016341 0.00115252 1.0257e-07)
(-0.000802657 0.000549955 5.66129e-08)
(-0.000385171 0.000255596 3.0057e-08)
(-0.000180384 0.000115786 1.53851e-08)
(-8.24125e-05 5.11579e-05 7.60808e-09)
(-3.67313e-05 2.20586e-05 3.6404e-09)
(-1.59749e-05 9.28773e-06 1.68812e-09)
(-6.78215e-06 3.82086e-06 7.59572e-10)
(-2.81217e-06 1.53669e-06 3.32053e-10)
(-1.13946e-06 6.04561e-07 1.41173e-10)
(-4.51424e-07 2.32796e-07 5.84373e-11)
(-1.74969e-07 8.77899e-08 2.35685e-11)
(-6.63874e-08 3.24408e-08 9.27167e-12)
(-2.46726e-08 1.17533e-08 3.55844e-12)
(-8.98675e-09 4.17724e-09 1.33471e-12)
(-3.20995e-09 1.45716e-09 4.90073e-13)
(-1.12498e-09 4.99159e-10 1.75235e-13)
(-3.87054e-10 1.67996e-10 6.0164e-14)
(-1.30802e-10 5.5581e-11 1.98599e-14)
(-4.34407e-11 1.80854e-11 5.84116e-15)
(-1.41812e-11 5.78742e-12 5.84116e-16)
(-4.55727e-12 1.82828e-12 1.75235e-15)
(-1.4416e-12 5.67761e-13 0)
(-4.49769e-13 1.68225e-13 5.84116e-16)
(-1.43693e-13 5.37387e-14 -1.75235e-15)
(-5.0234e-14 9.34586e-15 0)
(-0.0855376 0.0179335 1.33139e-06)
(-0.0520823 0.0140629 1.16954e-06)
(-0.030011 0.00909719 9.02359e-07)
(-0.0166507 0.00529715 6.3264e-07)
(-0.00895885 0.00288382 4.11867e-07)
(-0.00468667 0.00149531 2.52506e-07)
(-0.00238586 0.000745738 1.47029e-07)
(-0.00118232 0.000359687 8.18227e-08)
(-0.000570485 0.00016834 4.36901e-08)
(-0.000268101 7.66125e-05 2.24619e-08)
(-0.000122763 3.39555e-05 1.1143e-08)
(-5.47968e-05 1.46726e-05 5.34652e-09)
(-2.38555e-05 6.18717e-06 2.4846e-09)
(-1.01349e-05 2.54807e-06 1.12032e-09)
(-4.20437e-06 1.0256e-06 4.90631e-10)
(-1.70414e-06 4.03729e-07 2.08999e-10)
(-6.7531e-07 1.55533e-07 8.66641e-11)
(-2.61795e-07 5.86741e-08 3.50277e-11)
(-9.93452e-08 2.1688e-08 1.38062e-11)
(-3.69253e-08 7.85946e-09 5.31312e-12)
(-1.34509e-08 2.79389e-09 1.99826e-12)
(-4.80481e-09 9.74774e-10 7.3365e-13)
(-1.68402e-09 3.3397e-10 2.6402e-13)
(-5.79424e-10 1.1242e-10 9.28745e-14)
(-1.95819e-10 3.72e-11 3.27105e-14)
(-6.50355e-11 1.21064e-11 9.92997e-15)
(-2.12338e-11 3.87736e-12 4.08881e-15)
(-6.82364e-12 1.22314e-12 1.75235e-15)
(-2.16123e-12 3.8318e-13 2.92058e-15)
(-6.72902e-13 1.16823e-13 2.33646e-15)
(-2.1145e-13 3.62152e-14 0)
(-7.82716e-14 5.84116e-15 0)
(-0.08576 0.0050947 1.43368e-06)
(-0.0543128 0.00421069 1.27558e-06)
(-0.0324917 0.00286381 1.00055e-06)
(-0.0185489 0.00172943 7.11195e-07)
(-0.010179 0.000965134 4.67859e-07)
(-0.00539492 0.000508751 2.88917e-07)
(-0.00276973 0.000256505 1.69126e-07)
(-0.00138005 0.00012462 9.44661e-08)
(-0.000668246 5.86106e-05 5.05901e-08)
(-0.000314769 2.67637e-05 2.60657e-08)
(-0.000144352 1.18899e-05 1.29569e-08)
(-6.44997e-05 5.14654e-06 6.22693e-09)
(-2.80994e-05 2.17294e-06 2.89869e-09)
(-1.19437e-05 8.95756e-07 1.30898e-09)
(-4.95651e-06 3.60823e-07 5.74216e-10)
(-2.00953e-06 1.42129e-07 2.44981e-10)
(-7.96479e-07 5.47841e-08 1.01765e-10)
(-3.08814e-07 2.0677e-08 4.11995e-11)
(-1.17202e-07 7.64626e-09 1.62706e-11)
(-4.35667e-08 2.77202e-09 6.27224e-12)
(-1.58714e-08 9.85773e-10 2.36275e-12)
(-5.66987e-09 3.44061e-10 8.69749e-13)
(-1.98733e-09 1.17924e-10 3.14839e-13)
(-6.83824e-10 3.97129e-11 1.10982e-13)
(-2.31117e-10 1.31414e-11 3.91358e-14)
(-7.67622e-11 4.27807e-12 1.16823e-14)
(-2.50644e-11 1.37501e-12 4.67293e-15)
(-8.05262e-12 4.32246e-13 2.33646e-15)
(-2.54791e-12 1.35515e-13 1.16823e-15)
(-7.97903e-13 4.55611e-14 0)
(-2.50002e-13 1.28506e-14 0)
(-9.46268e-14 3.5047e-15 1.16823e-15)
(-0.08576 -0.00508747 1.44601e-06)
(-0.0543132 -0.00420431 1.2738e-06)
(-0.0324922 -0.00285869 9.79439e-07)
(-0.0185494 -0.0017257 6.8454e-07)
(-0.0101795 -0.000962626 4.44861e-07)
(-0.00539529 -0.000507182 2.72443e-07)
(-0.00276999 -0.000255579 1.58588e-07)
(-0.00138022 -0.0001241 8.82427e-08)
(-0.000668341 -5.83316e-05 4.71304e-08)
(-0.000314822 -2.66199e-05 2.42365e-08)
(-0.00014438 -1.18185e-05 1.20297e-08)
(-6.45138e-05 -5.11221e-06 5.77464e-09)
(-2.81063e-05 -2.15698e-06 2.68548e-09)
(-1.1947e-05 -8.88553e-07 1.2117e-09)
(-4.958e-06 -3.57666e-07 5.31132e-10)
(-2.01018e-06 -1.40783e-07 2.26448e-10)
(-7.96762e-07 -5.4225e-08 9.40059e-11)
(-3.08933e-07 -2.04506e-08 3.80365e-11)
(-1.1725e-07 -7.55678e-09 1.50124e-11)
(-4.35858e-08 -2.73748e-09 5.78509e-12)
(-1.58788e-08 -9.72736e-10 2.17758e-12)
(-5.67267e-09 -3.39239e-10 8.01991e-13)
(-1.98837e-09 -1.16175e-10 2.89137e-13)
(-6.84207e-10 -3.90867e-11 1.00468e-13)
(-2.31254e-10 -1.29277e-11 3.44628e-14)
(-7.68043e-11 -4.20797e-12 1.05141e-14)
(-2.50796e-11 -1.3458e-12 4.08881e-15)
(-8.05847e-12 -4.20564e-13 2.92058e-15)
(-2.54908e-12 -1.3201e-13 5.84116e-16)
(-7.95566e-13 -3.97199e-14 1.16823e-15)
(-2.53506e-13 -1.16823e-14 0)
(-9.5795e-14 -1.16823e-15 -5.84116e-16)
(-0.0855385 -0.0179254 1.25508e-06)
(-0.052084 -0.0140564 1.10942e-06)
(-0.0300131 -0.00909259 8.46965e-07)
(-0.0166528 -0.00529414 5.84316e-07)
(-0.00896053 -0.00288196 3.75234e-07)
(-0.00468787 -0.00149422 2.27848e-07)
(-0.00238665 -0.000745121 1.31921e-07)
(-0.00118281 -0.000359351 7.32018e-08)
(-0.000570766 -0.000168163 3.90599e-08)
(-0.000268256 -7.65228e-05 2.00939e-08)
(-0.000122845 -3.39113e-05 9.98619e-09)
(-5.48382e-05 -1.46515e-05 4.80294e-09)
(-2.38757e-05 -6.17741e-06 2.23892e-09)
(-1.01444e-05 -2.54368e-06 1.01296e-09)
(-4.20874e-06 -1.02368e-06 4.45342e-10)
(-1.70608e-06 -4.0291e-07 1.90477e-10)
(-6.76147e-07 -1.55193e-07 7.93399e-11)
(-2.62146e-07 -5.85362e-08 3.2214e-11)
(-9.94889e-08 -2.16334e-08 1.276e-11)
(-3.69826e-08 -7.83836e-09 4.93695e-12)
(-1.34732e-08 -2.78591e-09 1.86508e-12)
(-4.81331e-09 -9.71824e-10 6.89841e-13)
(-1.68718e-09 -3.32899e-10 2.48833e-13)
(-5.80579e-10 -1.1204e-10 8.76174e-14)
(-1.96236e-10 -3.70633e-11 3.15423e-14)
(-6.51792e-11 -1.20562e-11 9.34586e-15)
(-2.12793e-11 -3.86101e-12 4.08881e-15)
(-6.84117e-12 -1.21613e-12 5.84116e-16)
(-2.16473e-12 -3.78507e-13 5.84116e-16)
(-6.75238e-13 -1.15655e-13 1.16823e-15)
(-2.14955e-13 -3.38787e-14 1.16823e-15)
(-8.0608e-14 -8.17763e-15 5.84116e-16)
(-0.0848862 -0.0412651 5.75496e-07)
(-0.0454805 -0.0280847 4.8239e-07)
(-0.0237299 -0.016372 3.64685e-07)
(-0.0123388 -0.00891596 2.54263e-07)
(-0.00637962 -0.00465412 1.65669e-07)
(-0.00325845 -0.00235042 1.01895e-07)
(-0.00163512 -0.0011528 5.9604e-08)
(-0.000803259 -0.000550118 3.33329e-08)
(-0.000385513 -0.000255686 1.78921e-08)
(-0.00018057 -0.000115834 9.2449e-09)
(-8.25092e-05 -5.11816e-05 4.6095e-09)
(-3.67799e-05 -2.20701e-05 2.22201e-09)
(-1.59985e-05 -9.29314e-06 1.03739e-09)
(-6.79326e-06 -3.82331e-06 4.69746e-10)
(-2.81723e-06 -1.53777e-06 2.06588e-10)
(-1.1417e-06 -6.05025e-07 8.83435e-11)
(-4.52389e-07 -2.3299e-07 3.67748e-11)
(-1.75373e-07 -8.78687e-08 1.49166e-11)
(-6.65523e-08 -3.24721e-08 5.90132e-12)
(-2.47383e-08 -1.17655e-08 2.27805e-12)
(-9.01229e-09 -4.18183e-09 8.59235e-13)
(-3.21965e-09 -1.45886e-09 3.16591e-13)
(-1.12858e-09 -4.9978e-10 1.15071e-13)
(-3.88371e-10 -1.6822e-10 4.0304e-14)
(-1.31274e-10 -5.56581e-11 1.46029e-14)
(-4.36019e-11 -1.81123e-11 3.5047e-15)
(-1.42361e-11 -5.7991e-12 0)
(-4.57597e-12 -1.83179e-12 5.84116e-16)
(-1.44978e-12 -5.68929e-13 2.92058e-15)
(-4.50938e-13 -1.7173e-13 2.33646e-15)
(-1.46029e-13 -5.14022e-14 2.33646e-15)
(-5.37387e-14 -9.34586e-15 5.84116e-16)
(-0.083052 -0.0957841 -2.55091e-08)
(-0.0271909 -0.0462301 9.50351e-09)
(-0.0108443 -0.0231127 2.17857e-08)
(-0.00493496 -0.0116558 2.29106e-08)
(-0.00239499 -0.005839 1.87459e-08)
(-0.00118655 -0.00288119 1.33062e-08)
(-0.000586344 -0.001394 8.57666e-09)
(-0.000285692 -0.000659735 5.14076e-09)
(-0.000136481 -0.000305051 2.90548e-09)
(-6.37514e-05 -0.000137741 1.56196e-09)
(-2.90814e-05 -6.07303e-05 8.03462e-10)
(-1.29497e-05 -2.61503e-05 3.97118e-10)
(-5.62892e-06 -1.10007e-05 1.89207e-10)
(-2.38904e-06 -4.52291e-06 8.71145e-11)
(-9.90454e-07 -1.81837e-06 3.88396e-11)
(-4.01302e-07 -7.1522e-07 1.67957e-11)
(-1.5899e-07 -2.75373e-07 7.05495e-12)
(-6.16281e-08 -1.03841e-07 2.88378e-12)
(-2.33857e-08 -3.83722e-08 1.14837e-12)
(-8.69238e-09 -1.39028e-08 4.45681e-13)
(-3.1666e-09 -4.94151e-09 1.67641e-13)
(-1.13126e-09 -1.72392e-09 6.30845e-14)
(-3.96537e-10 -5.90606e-10 2.33646e-14)
(-1.36454e-10 -1.98802e-10 8.76174e-15)
(-4.61265e-11 -6.57796e-11 3.5047e-15)
(-1.53225e-11 -2.14032e-11 2.92058e-15)
(-4.99887e-12 -6.85635e-12 -1.16823e-15)
(-1.60982e-12 -2.16473e-12 2.33646e-15)
(-5.05845e-13 -6.71734e-13 5.84116e-16)
(-1.5888e-13 -2.09114e-13 1.75235e-15)
(-5.25704e-14 -6.19163e-14 1.75235e-15)
(-1.98599e-14 -1.16823e-14 1.16823e-15)
(-0.0830482 0.0957708 2.25512e-07)
(-0.0271884 0.0462198 2.22942e-07)
(-0.0108422 0.0231053 1.77299e-07)
(-0.00493335 0.0116509 1.22585e-07)
(-0.00239389 0.0058359 7.78964e-08)
(-0.00118583 0.00287934 4.67484e-08)
(-0.000585906 0.00139294 2.67895e-08)
(-0.000285437 0.000659152 1.4755e-08)
(-0.000136338 0.000304744 7.8292e-09)
(-6.36746e-05 0.000137584 4.01352e-09)
(-2.90416e-05 6.06529e-05 1.98954e-09)
(-1.29298e-05 2.61133e-05 9.55638e-10)
(-5.61929e-06 1.09836e-05 4.45048e-10)
(-2.38453e-06 4.51521e-06 2.01307e-10)
(-9.88405e-07 1.815e-06 8.84837e-11)
(-4.00397e-07 7.13785e-07 3.78531e-11)
(-1.58601e-07 2.74778e-07 1.57665e-11)
(-6.14657e-08 1.036e-07 6.40366e-12)
(-2.33195e-08 3.82769e-08 2.53506e-12)
(-8.66605e-09 1.3866e-08 9.81899e-13)
(-3.15638e-09 4.92762e-09 3.71498e-13)
(-1.12738e-09 1.71878e-09 1.36099e-13)
(-3.95096e-10 5.88739e-10 4.90658e-14)
(-1.35931e-10 1.98135e-10 1.81076e-14)
(-4.59384e-11 6.55425e-11 6.42528e-15)
(-1.52571e-11 2.13202e-11 2.33646e-15)
(-4.97784e-12 6.82481e-12 0)
(-1.59814e-12 2.15188e-12 5.84116e-16)
(-5.05845e-13 6.70565e-13 1.75235e-15)
(-1.62384e-13 2.04441e-13 0)
(-5.0234e-14 5.14022e-14 0)
(-1.63553e-14 1.16823e-14 5.84116e-16)
(-0.0848836 0.0412667 8.00429e-07)
(-0.0454771 0.0280853 6.95258e-07)
(-0.0237267 0.016372 5.15848e-07)
(-0.0123361 0.00891578 3.46544e-07)
(-0.00637764 0.0046539 2.17487e-07)
(-0.00325712 0.00235024 1.29406e-07)
(-0.00163428 0.00115268 7.36223e-08)
(-0.000802762 0.000550041 4.02139e-08)
(-0.00038523 0.000255642 2.11615e-08)
(-0.000180416 0.00011581 1.07469e-08)
(-8.2429e-05 5.11694e-05 5.27879e-09)
(-3.67396e-05 2.20641e-05 2.51066e-09)
(-1.59788e-05 9.29027e-06 1.15824e-09)
(-6.78402e-06 3.82199e-06 5.18721e-10)
(-2.81302e-06 1.53718e-06 2.25861e-10)
(-1.13983e-06 6.0477e-07 9.56806e-11)
(-4.51584e-07 2.32883e-07 3.94851e-11)
(-1.75036e-07 8.78246e-08 1.58827e-11)
(-6.64144e-08 3.24544e-08 6.23427e-12)
(-2.46833e-08 1.17586e-08 2.38728e-12)
(-8.99087e-09 4.1792e-09 8.94866e-13)
(-3.2115e-09 1.45788e-09 3.27105e-13)
(-1.12555e-09 4.99423e-10 1.17991e-13)
(-3.87267e-10 1.68089e-10 4.14722e-14)
(-1.30876e-10 5.56125e-11 1.34347e-14)
(-4.34617e-11 1.80936e-11 4.67293e-15)
(-1.41882e-11 5.7921e-12 2.92058e-15)
(-4.55727e-12 1.82595e-12 1.16823e-15)
(-1.4416e-12 5.67761e-13 1.75235e-15)
(-4.55611e-13 1.75235e-13 2.33646e-15)
(-1.43693e-13 5.25704e-14 -1.16823e-15)
(-4.90658e-14 8.17763e-15 1.16823e-15)
(-0.0855378 0.017934 1.02972e-06)
(-0.052083 0.0140634 8.92703e-07)
(-0.0300118 0.00909764 6.79179e-07)
(-0.0166515 0.0052975 4.69749e-07)
(-0.00895943 0.00288406 3.01911e-07)
(-0.00468706 0.00149547 1.82968e-07)
(-0.00238611 0.00074583 1.05426e-07)
(-0.00118247 0.000359739 5.81372e-08)
(-0.00057057 0.000168368 3.07899e-08)
(-0.000268147 7.6627e-05 1.57191e-08)
(-0.000122787 3.39627e-05 7.74913e-09)
(-5.48089e-05 1.46761e-05 3.69844e-09)
(-2.38614e-05 6.18879e-06 1.71051e-09)
(-1.01376e-05 2.5488e-06 7.6824e-10)
(-4.20563e-06 1.02592e-06 3.35239e-10)
(-1.7047e-06 4.03867e-07 1.424e-10)
(-6.75547e-07 1.55591e-07 5.88958e-11)
(-2.61894e-07 5.86975e-08 2.37589e-11)
(-9.93855e-08 2.16973e-08 9.34819e-12)
(-3.69413e-08 7.86306e-09 3.5929e-12)
(-1.34571e-08 2.79525e-09 1.34989e-12)
(-4.80716e-09 9.75281e-10 4.97667e-13)
(-1.68489e-09 3.34155e-10 1.79908e-13)
(-5.79741e-10 1.12489e-10 6.42528e-14)
(-1.95937e-10 3.72257e-11 2.21964e-14)
(-6.50775e-11 1.21146e-11 5.25704e-15)
(-2.12455e-11 3.8797e-12 5.84116e-16)
(-6.82131e-12 1.2208e-12 0)
(-2.15539e-12 3.79675e-13 1.75235e-15)
(-6.79911e-13 1.1215e-13 2.92058e-15)
(-2.16123e-13 3.62152e-14 0)
(-7.59351e-14 4.67293e-15 0)
(-0.0857602 0.00509487 1.08558e-06)
(-0.0543135 0.00421085 9.55107e-07)
(-0.0324926 0.00286391 7.39842e-07)
(-0.0185497 0.0017295 5.1919e-07)
(-0.0101797 0.000965172 3.37449e-07)
(-0.00539535 0.000508773 2.06065e-07)
(-0.00277001 0.000256517 1.19432e-07)
(-0.00138022 0.000124627 6.61157e-08)
(-0.000668342 5.86138e-05 3.51337e-08)
(-0.000314822 2.67654e-05 1.79778e-08)
(-0.00014438 1.18907e-05 8.88385e-09)
(-6.45135e-05 5.14691e-06 4.2472e-09)
(-2.81061e-05 2.17311e-06 1.96837e-09)
(-1.19469e-05 8.95832e-07 8.854e-10)
(-4.95795e-06 3.60856e-07 3.87147e-10)
(-2.01016e-06 1.42143e-07 1.64707e-10)
(-7.96753e-07 5.47899e-08 6.82639e-11)
(-3.08929e-07 2.06793e-08 2.75843e-11)
(-1.17249e-07 7.6472e-09 1.08774e-11)
(-4.35853e-08 2.77238e-09 4.18986e-12)
(-1.58786e-08 9.85909e-10 1.57711e-12)
(-5.6726e-09 3.44106e-10 5.8178e-13)
(-1.98834e-09 1.17938e-10 2.1145e-13)
(-6.84196e-10 3.97129e-11 7.47669e-14)
(-2.31252e-10 1.31414e-11 2.57011e-14)
(-7.68054e-11 4.28157e-12 8.76174e-15)
(-2.50819e-11 1.37034e-12 2.92058e-15)
(-8.0573e-12 4.32246e-13 -1.16823e-15)
(-2.55025e-12 1.29674e-13 0)
(-8.00239e-13 4.08881e-14 -1.16823e-15)
(-2.48833e-13 1.28506e-14 -1.16823e-15)
(-9.11221e-14 5.84116e-15 1.16823e-15)
(-0.0857601 -0.00508776 1.11624e-06)
(-0.054314 -0.00420457 9.70525e-07)
(-0.0324931 -0.00285892 7.32505e-07)
(-0.0185502 -0.00172589 5.02549e-07)
(-0.0101802 -0.000962767 3.21163e-07)
(-0.00539571 -0.000507274 1.93804e-07)
(-0.00277025 -0.000255634 1.11381e-07)
(-0.00138037 -0.000124132 6.1289e-08)
(-0.000668431 -5.83486e-05 3.24208e-08)
(-0.00031487 -2.66287e-05 1.65314e-08)
(-0.000144406 -1.18228e-05 8.14506e-09)
(-6.45265e-05 -5.11428e-06 3.88436e-09)
(-2.81125e-05 -2.15793e-06 1.79613e-09)
(-1.19499e-05 -8.8898e-07 8.0629e-10)
(-4.95931e-06 -3.57851e-07 3.51861e-10)
(-2.01076e-06 -1.40861e-07 1.49422e-10)
(-7.97011e-07 -5.42569e-08 6.18182e-11)
(-3.09037e-07 -2.04633e-08 2.49371e-11)
(-1.17292e-07 -7.56175e-09 9.81607e-12)
(-4.36026e-08 -2.73937e-09 3.77456e-12)
(-1.58853e-08 -9.73434e-10 1.41882e-12)
(-5.67513e-09 -3.39494e-10 5.21032e-13)
(-1.98928e-09 -1.16266e-10 1.87501e-13)
(-6.84534e-10 -3.91206e-11 6.5421e-14)
(-2.31368e-10 -1.29405e-11 2.21964e-14)
(-7.68486e-11 -4.20797e-12 8.76174e-15)
(-2.50971e-11 -1.34697e-12 0)
(-8.05963e-12 -4.24068e-13 0)
(-2.54908e-12 -1.29674e-13 -5.84116e-16)
(-7.96734e-13 -3.62152e-14 0)
(-2.52338e-13 -7.00939e-15 -1.16823e-15)
(-9.34586e-14 -1.16823e-15 5.84116e-16)
(-0.0855388 -0.0179268 9.4412e-07)
(-0.0520847 -0.0140577 8.26989e-07)
(-0.0300139 -0.0090936 6.22812e-07)
(-0.0166535 -0.00529484 4.22859e-07)
(-0.00896105 -0.00288241 2.67328e-07)
(-0.00468822 -0.00149449 1.60084e-07)
(-0.00238687 -0.000745274 9.15738e-08)
(-0.00118294 -0.000359436 5.03002e-08)
(-0.000570839 -0.000168208 2.66086e-08)
(-0.000268296 -7.65454e-05 1.35903e-08)
(-0.000122866 -3.39224e-05 6.71277e-09)
(-5.48486e-05 -1.46568e-05 3.21224e-09)
(-2.38808e-05 -6.17985e-06 1.49098e-09)
(-1.01468e-05 -2.54477e-06 6.72215e-10)
(-4.20983e-06 -1.02416e-06 2.94675e-10)
(-1.70657e-06 -4.03113e-07 1.25749e-10)
(-6.76356e-07 -1.55277e-07 5.22825e-11)
(-2.62234e-07 -5.85701e-08 2.12011e-11)
(-9.95248e-08 -2.16468e-08 8.39024e-12)
(-3.6997e-08 -7.84349e-09 3.24652e-12)
(-1.34788e-08 -2.78784e-09 1.22606e-12)
(-4.81543e-09 -9.72531e-10 4.53858e-13)
(-1.68797e-09 -3.33153e-10 1.64721e-13)
(-5.80867e-10 -1.12126e-10 5.84116e-14)
(-1.96338e-10 -3.70925e-11 1.86917e-14)
(-6.52154e-11 -1.20655e-11 8.76174e-15)
(-2.12992e-11 -3.86334e-12 1.16823e-15)
(-6.84234e-12 -1.21963e-12 -1.75235e-15)
(-2.15889e-12 -3.77339e-13 0)
(-6.76406e-13 -1.15655e-13 1.16823e-15)
(-2.13786e-13 -3.27105e-14 5.84116e-16)
(-8.41127e-14 -5.84116e-15 1.16823e-15)
(-0.0848863 -0.0412671 3.89758e-07)
(-0.0454808 -0.0280864 3.12101e-07)
(-0.0237302 -0.0163732 2.28376e-07)
(-0.012339 -0.00891679 1.55739e-07)
(-0.00637981 -0.00465465 9.97551e-08)
(-0.00325858 -0.00235073 6.0447e-08)
(-0.0016352 -0.00115298 3.48969e-08)
(-0.000803309 -0.000550215 1.92819e-08)
(-0.000385541 -0.000255737 1.02392e-08)
(-0.000180585 -0.00011586 5.23821e-09)
(-8.25172e-05 -5.11944e-05 2.58859e-09)
(-3.6784e-05 -2.20763e-05 1.2375e-09)
(-1.60004e-05 -9.29597e-06 5.73452e-10)
(-6.79418e-06 -3.82459e-06 2.57845e-10)
(-2.81765e-06 -1.53833e-06 1.1268e-10)
(-1.14188e-06 -6.05264e-07 4.78946e-11)
(-4.52469e-07 -2.33089e-07 1.9829e-11)
(-1.75407e-07 -8.79088e-08 8.00122e-12)
(-6.65659e-08 -3.2488e-08 3.15189e-12)
(-2.47437e-08 -1.17716e-08 1.21321e-12)
(-9.01438e-09 -4.18416e-09 4.56779e-13)
(-3.22044e-09 -1.45972e-09 1.67641e-13)
(-1.12888e-09 -5.00091e-10 6.07481e-14)
(-3.88476e-10 -1.68329e-10 2.04441e-14)
(-1.31308e-10 -5.56943e-11 7.59351e-15)
(-4.36183e-11 -1.8124e-11 4.08881e-15)
(-1.42466e-11 -5.80495e-12 0)
(-4.57246e-12 -1.82828e-12 -1.75235e-15)
(-1.4451e-12 -5.66593e-13 1.16823e-15)
(-4.53274e-13 -1.74067e-13 5.84116e-16)
(-1.43693e-13 -5.0234e-14 0)
(-5.72434e-14 -9.34586e-15 1.75235e-15)
(-0.0830517 -0.0957848 -5.02074e-08)
(-0.0271908 -0.0462307 -1.48121e-08)
(-0.0108443 -0.0231132 -5.32897e-10)
(-0.00493494 -0.0116561 4.81338e-09)
(-0.00239499 -0.00583921 5.58051e-09)
(-0.00118655 -0.00288132 4.52707e-09)
(-0.000586349 -0.00139408 3.11547e-09)
(-0.000285696 -0.000659777 1.93721e-09)
(-0.000136484 -0.000305074 1.11852e-09)
(-6.3753e-05 -0.000137753 6.09368e-10)
(-2.90823e-05 -6.07361e-05 3.15936e-10)
(-1.29502e-05 -2.61531e-05 1.56927e-10)
(-5.62916e-06 -1.1002e-05 7.49497e-11)
(-2.38916e-06 -4.52349e-06 3.45481e-11)
(-9.9051e-07 -1.81863e-06 1.54008e-11)
(-4.01327e-07 -7.15329e-07 6.656e-12)
(-1.59001e-07 -2.75419e-07 2.79091e-12)
(-6.16328e-08 -1.03859e-07 1.13611e-12)
(-2.33876e-08 -3.83794e-08 4.51522e-13)
(-8.69315e-09 -1.39056e-08 1.75235e-13)
(-3.1669e-09 -4.94255e-09 6.48369e-14)
(-1.13137e-09 -1.7243e-09 2.5117e-14)
(-3.96577e-10 -5.90746e-10 9.92997e-15)
(-1.36473e-10 -1.98851e-10 3.5047e-15)
(-4.613e-11 -6.5796e-11 2.33646e-15)
(-1.53272e-11 -2.14137e-11 1.16823e-15)
(-5.00587e-12 -6.85168e-12 -1.75235e-15)
(-1.60398e-12 -2.16006e-12 -1.16823e-15)
(-5.04676e-13 -6.75238e-13 1.16823e-15)
(-1.56543e-13 -2.07945e-13 -5.84116e-16)
(-5.0234e-14 -6.42528e-14 1.75235e-15)
(-2.45329e-14 -1.5187e-14 1.16823e-15)
(-0.464593 -0.000193686 -8.3941e-11)
(-0.443936 -0.000669922 3.02132e-09)
(-0.40599 -0.00145313 8.80512e-09)
(-0.356826 -0.00289733 1.81789e-08)
(-0.304217 -0.00564207 3.33913e-08)
(-0.256962 -0.0109035 5.79691e-08)
(-0.226208 -0.0211579 7.93726e-08)
(-0.235028 -0.0420573 3.64268e-08)
(-0.46501 -0.000181568 1.32645e-09)
(-0.444526 -0.000605369 6.56618e-09)
(-0.40699 -0.00123502 1.46853e-08)
(-0.358605 -0.00228357 2.58998e-08)
(-0.307289 -0.00405126 3.97209e-08)
(-0.261643 -0.00682657 4.8245e-08)
(-0.230187 -0.0102806 3.66105e-08)
(-0.219509 -0.0107348 1.47754e-08)
(-0.46538 -0.000176513 9.9709e-10)
(-0.44499 -0.000552583 5.7415e-09)
(-0.407668 -0.00101062 1.25107e-08)
(-0.359643 -0.00163737 2.09011e-08)
(-0.30876 -0.00252241 3.00672e-08)
(-0.263191 -0.00362568 3.55831e-08)
(-0.230116 -0.0044006 2.68931e-08)
(-0.214013 -0.00307776 9.20132e-09)
(-0.465739 -0.000210278 1.28057e-09)
(-0.44536 -0.000608989 7.88641e-09)
(-0.408075 -0.000954761 1.661e-08)
(-0.360117 -0.00124392 2.57487e-08)
(-0.309278 -0.00148848 3.31566e-08)
(-0.263522 -0.00166025 3.33861e-08)
(-0.229639 -0.00158039 2.2555e-08)
(-0.21203 -0.000831862 7.10081e-09)
(-0.466199 -0.000328104 2.56288e-09)
(-0.445734 -0.000900713 1.01394e-08)
(-0.408303 -0.00124549 1.91026e-08)
(-0.360176 -0.0012744 2.79896e-08)
(-0.309177 -0.000971344 3.5725e-08)
(-0.263283 -0.000413681 3.85337e-08)
(-0.229287 0.000164656 3.50251e-08)
(-0.2116 0.000308863 2.00446e-08)
(-0.466968 -0.000605301 1.25673e-09)
(-0.446278 -0.00163171 1.21169e-08)
(-0.408449 -0.00215333 2.62218e-08)
(-0.359843 -0.00196099 4.12119e-08)
(-0.308417 -0.000982275 5.51877e-08)
(-0.262386 0.00064898 6.41504e-08)
(-0.228917 0.00230623 5.37206e-08)
(-0.212504 0.00223471 9.88757e-09)
(-0.468436 -0.00117686 5.71522e-09)
(-0.447282 -0.0031675 1.9713e-08)
(-0.408632 -0.00417616 3.44293e-08)
(-0.359005 -0.00380444 4.71597e-08)
(-0.306567 -0.00183873 5.52956e-08)
(-0.259994 0.00178248 5.26045e-08)
(-0.227702 0.00654323 3.57696e-08)
(-0.216141 0.00889097 3.38976e-08)
(-0.471313 -0.00228609 1.0368e-09)
(-0.449277 -0.00615938 1.78992e-08)
(-0.409085 -0.0082081 3.84749e-08)
(-0.357505 -0.00780403 5.67541e-08)
(-0.30283 -0.00457979 7.06425e-08)
(-0.254004 0.00213475 8.30575e-08)
(-0.221808 0.0142431 9.53233e-08)
(-0.227938 0.0369302 3.74959e-08)
(-0.464593 -0.000193683 9.54239e-09)
(-0.443936 -0.000669914 2.62737e-08)
(-0.40599 -0.00145312 3.60792e-08)
(-0.356826 -0.00289731 3.87744e-08)
(-0.304217 -0.00564205 3.88982e-08)
(-0.256962 -0.0109035 4.53589e-08)
(-0.226208 -0.021158 5.24064e-08)
(-0.235028 -0.0420574 1.1974e-08)
(-0.46501 -0.000181566 1.01391e-08)
(-0.444526 -0.000605363 2.7616e-08)
(-0.40699 -0.00123501 3.57017e-08)
(-0.358605 -0.00228357 3.2804e-08)
(-0.307289 -0.00405126 2.16322e-08)
(-0.261643 -0.00682662 3.80323e-09)
(-0.230187 -0.0102807 -1.63652e-08)
(-0.219509 -0.0107348 -9.30388e-09)
(-0.46538 -0.000176513 1.30737e-08)
(-0.44499 -0.000552581 3.46919e-08)
(-0.407668 -0.00101061 4.42631e-08)
(-0.359643 -0.00163737 3.93378e-08)
(-0.30876 -0.00252242 2.28876e-08)
(-0.263191 -0.00362571 1.45915e-09)
(-0.230116 -0.00440063 -1.82038e-08)
(-0.214013 -0.00307778 -1.37891e-08)
(-0.465739 -0.000210275 1.80827e-08)
(-0.44536 -0.00060898 5.13007e-08)
(-0.408075 -0.000954748 6.99676e-08)
(-0.360117 -0.0012439 6.9461e-08)
(-0.309278 -0.00148847 5.17246e-08)
(-0.263522 -0.00166024 2.31676e-08)
(-0.229639 -0.00158037 -2.10239e-09)
(-0.21203 -0.00083184 -6.49861e-09)
(-0.466199 -0.000328104 2.86122e-08)
(-0.445734 -0.000900704 7.83234e-08)
(-0.408303 -0.00124547 1.09053e-07)
(-0.360176 -0.00127436 1.15127e-07)
(-0.309177 -0.0009713 9.88557e-08)
(-0.263283 -0.00041362 6.80538e-08)
(-0.229287 0.000164718 3.93134e-08)
(-0.2116 0.000308868 1.78064e-08)
(-0.466968 -0.000605295 3.89519e-08)
(-0.446278 -0.00163169 1.15859e-07)
(-0.408448 -0.0021533 1.70784e-07)
(-0.359843 -0.00196095 1.9425e-07)
(-0.308417 -0.000982236 1.85288e-07)
(-0.262386 0.000649009 1.50562e-07)
(-0.228917 0.00230624 9.21783e-08)
(-0.212504 0.00223474 1.46752e-08)
(-0.468436 -0.00117686 6.0532e-08)
(-0.447282 -0.00316749 1.68842e-07)
(-0.408632 -0.00417614 2.46431e-07)
(-0.359005 -0.00380441 2.81354e-07)
(-0.306567 -0.0018387 2.70688e-07)
(-0.259994 0.00178252 2.17851e-07)
(-0.227702 0.00654331 1.37879e-07)
(-0.216141 0.00889102 7.53297e-08)
(-0.471313 -0.00228608 7.31701e-08)
(-0.449277 -0.00615935 2.22758e-07)
(-0.409085 -0.00820806 3.39708e-07)
(-0.357505 -0.00780398 4.05004e-07)
(-0.30283 -0.00457975 4.14641e-07)
(-0.254004 0.00213478 3.77659e-07)
(-0.221808 0.0142431 3.03197e-07)
(-0.227938 0.03693 1.20035e-07)
(-0.464593 -0.000193685 2.78762e-08)
(-0.443936 -0.000669926 6.08739e-08)
(-0.40599 -0.00145315 5.69592e-08)
(-0.356826 -0.00289737 9.80112e-09)
(-0.304217 -0.00564216 -8.20176e-08)
(-0.256962 -0.0109037 -2.14941e-07)
(-0.226208 -0.0211581 -3.36148e-07)
(-0.235028 -0.0420575 -1.55977e-07)
(-0.46501 -0.000181561 2.36341e-08)
(-0.444526 -0.000605352 4.60613e-08)
(-0.40699 -0.001235 2.33719e-08)
(-0.358605 -0.00228357 -5.26745e-08)
(-0.307289 -0.00405129 -1.73973e-07)
(-0.261643 -0.00682666 -2.93976e-07)
(-0.230187 -0.0102807 -3.11421e-07)
(-0.219509 -0.0107348 -1.44952e-07)
(-0.465379 -0.000176497 3.21581e-08)
(-0.44499 -0.000552536 6.95478e-08)
(-0.407668 -0.00101055 5.62412e-08)
(-0.359643 -0.0016373 -1.56608e-08)
(-0.308761 -0.00252235 -1.33734e-07)
(-0.263191 -0.00362564 -2.51055e-07)
(-0.230116 -0.00440057 -2.65711e-07)
(-0.214013 -0.00307776 -1.11875e-07)
(-0.465739 -0.000210247 4.86268e-08)
(-0.44536 -0.000608902 1.12372e-07)
(-0.408075 -0.000954632 1.1871e-07)
(-0.360117 -0.00124376 6.00028e-08)
(-0.309278 -0.00148833 -4.69718e-08)
(-0.263522 -0.00166011 -1.49749e-07)
(-0.229639 -0.00158027 -1.72406e-07)
(-0.21203 -0.000831799 -7.47247e-08)
(-0.466199 -0.000328062 7.37479e-08)
(-0.445734 -0.000900584 1.87586e-07)
(-0.408303 -0.00124529 2.32637e-07)
(-0.360176 -0.00127415 1.96917e-07)
(-0.309177 -0.000971077 9.31858e-08)
(-0.263283 -0.000413426 -2.98845e-08)
(-0.229288 0.000164845 -1.05115e-07)
(-0.2116 0.000308905 -7.26623e-08)
(-0.466968 -0.000605237 1.16861e-07)
(-0.446277 -0.00163153 2.97459e-07)
(-0.408448 -0.00215305 3.91969e-07)
(-0.359843 -0.00196066 3.79395e-07)
(-0.308417 -0.000981931 2.66163e-07)
(-0.262386 0.00064928 9.47163e-08)
(-0.228917 0.00230643 -3.70811e-08)
(-0.212504 0.00223483 -1.73204e-08)
(-0.468435 -0.00117679 1.60074e-07)
(-0.447282 -0.00316728 4.32707e-07)
(-0.408632 -0.00417583 6.01761e-07)
(-0.359005 -0.00380402 6.40841e-07)
(-0.306567 -0.00183827 5.52845e-07)
(-0.259995 0.00178294 3.8215e-07)
(-0.227702 0.00654365 2.07502e-07)
(-0.216142 0.00889118 1.82594e-08)
(-0.471312 -0.002286 2.32424e-07)
(-0.449276 -0.00615913 6.15498e-07)
(-0.409085 -0.00820771 8.7728e-07)
(-0.357505 -0.00780354 9.85917e-07)
(-0.30283 -0.00457926 9.34234e-07)
(-0.254004 0.00213529 7.32739e-07)
(-0.221809 0.0142436 4.08932e-07)
(-0.227939 0.0369304 1.68409e-07)
(-0.464592 -0.0001937 1.82499e-08)
(-0.443936 -0.000669977 3.76215e-08)
(-0.40599 -0.00145326 2.96851e-08)
(-0.356827 -0.00289759 -1.07943e-08)
(-0.304218 -0.0056425 -8.75245e-08)
(-0.256962 -0.0109041 -2.0233e-07)
(-0.226208 -0.0211584 -3.09182e-07)
(-0.235027 -0.0420574 -1.31524e-07)
(-0.46501 -0.000181557 1.48214e-08)
(-0.444526 -0.000605346 2.50114e-08)
(-0.40699 -0.00123501 2.35547e-09)
(-0.358605 -0.00228362 -5.95787e-08)
(-0.30729 -0.00405137 -1.55884e-07)
(-0.261644 -0.00682669 -2.49534e-07)
(-0.230187 -0.0102805 -2.58445e-07)
(-0.219508 -0.0107348 -1.20873e-07)
(-0.465379 -0.000176463 2.00815e-08)
(-0.44499 -0.000552448 4.05975e-08)
(-0.407668 -0.00101042 2.44887e-08)
(-0.359643 -0.00163715 -3.40976e-08)
(-0.308761 -0.00252217 -1.26555e-07)
(-0.263191 -0.00362542 -2.16931e-07)
(-0.230116 -0.00440035 -2.20614e-07)
(-0.214012 -0.00307764 -8.88847e-08)
(-0.465739 -0.000210192 3.18246e-08)
(-0.44536 -0.000608744 6.89573e-08)
(-0.408075 -0.000954395 6.53526e-08)
(-0.360117 -0.00124348 1.62904e-08)
(-0.309278 -0.00148802 -6.55397e-08)
(-0.263522 -0.0016598 -1.39531e-07)
(-0.229639 -0.00158005 -1.47748e-07)
(-0.21203 -0.000831762 -6.11253e-08)
(-0.466198 -0.000327968 4.76986e-08)
(-0.445734 -0.000900334 1.19402e-07)
(-0.408303 -0.00124493 1.42686e-07)
(-0.360177 -0.00127373 1.0978e-07)
(-0.309177 -0.000970673 3.00551e-08)
(-0.263283 -0.000413131 -5.94045e-08)
(-0.229288 0.000164989 -1.09403e-07)
(-0.2116 0.000308983 -7.04241e-08)
(-0.466967 -0.000605122 7.91656e-08)
(-0.446277 -0.0016312 1.93717e-07)
(-0.408448 -0.00215256 2.47406e-07)
(-0.359843 -0.00196006 2.26357e-07)
(-0.308417 -0.000981316 1.36063e-07)
(-0.262386 0.000649833 8.30469e-09)
(-0.228917 0.00230686 -7.55388e-08)
(-0.212504 0.00223492 -2.2108e-08)
(-0.468435 -0.00117663 1.05257e-07)
(-0.447281 -0.00316685 2.83578e-07)
(-0.408632 -0.00417517 3.89759e-07)
(-0.359005 -0.0038032 4.06647e-07)
(-0.306567 -0.00183736 3.37452e-07)
(-0.259995 0.0017838 2.16904e-07)
(-0.227702 0.0065442 1.05393e-07)
(-0.216142 0.00889139 -2.31726e-08)
(-0.471311 -0.00228584 1.60291e-07)
(-0.449276 -0.00615866 4.10639e-07)
(-0.409085 -0.00820699 5.76047e-07)
(-0.357505 -0.00780261 6.37667e-07)
(-0.30283 -0.00457816 5.90235e-07)
(-0.254005 0.00213648 4.38137e-07)
(-0.221809 0.0142448 2.01058e-07)
(-0.227939 0.0369317 8.58694e-08)
(-0.476881 -0.00437303 1.05114e-08)
(-0.453204 -0.0117397 3.44433e-08)
(-0.410277 -0.015729 5.68748e-08)
(-0.355377 -0.0156007 7.19994e-08)
(-0.296628 -0.0113003 7.56288e-08)
(-0.241171 -0.00238841 6.46335e-08)
(-0.192906 0.0135441 2.72761e-08)
(-0.145498 0.0444912 -5.18239e-08)
(-0.487425 -0.0082703 1.7363e-09)
(-0.460633 -0.0218917 2.6254e-08)
(-0.412947 -0.0290396 5.3364e-08)
(-0.353077 -0.0292786 7.11742e-08)
(-0.289618 -0.0238107 7.22251e-08)
(-0.229159 -0.013878 5.2723e-08)
(-0.174929 6.86993e-05 1.6358e-08)
(-0.125551 0.0176389 -1.73287e-09)
(-0.507043 -0.0157194 1.64168e-08)
(-0.473973 -0.0402891 5.27502e-08)
(-0.417664 -0.0518105 8.49044e-08)
(-0.350148 -0.0514557 1.04694e-07)
(-0.281227 -0.0431684 1.06896e-07)
(-0.217292 -0.0306485 9.06427e-08)
(-0.161389 -0.0164698 6.13714e-08)
(-0.113806 -0.0027938 3.57715e-08)
(-0.543434 -0.030914 4.8756e-09)
(-0.496724 -0.0742084 3.74092e-08)
(-0.424113 -0.0900896 7.30269e-08)
(-0.344434 -0.0857187 9.92651e-08)
(-0.268811 -0.0707093 1.1009e-07)
(-0.202461 -0.0521275 1.05283e-07)
(-0.147074 -0.0341009 9.05348e-08)
(-0.102396 -0.0189317 7.6482e-08)
(-0.612166 -0.0657878 2.11847e-08)
(-0.533149 -0.138788 6.67589e-08)
(-0.429174 -0.153446 1.06333e-07)
(-0.330768 -0.136277 1.32477e-07)
(-0.247636 -0.107494 1.41583e-07)
(-0.180684 -0.078 1.3512e-07)
(-0.128194 -0.052577 1.182e-07)
(-0.087963 -0.0328323 9.8049e-08)
(-0.74801 -0.160651 9.34866e-09)
(-0.584383 -0.265731 4.29209e-08)
(-0.421602 -0.254645 7.82337e-08)
(-0.298483 -0.205597 1.05043e-07)
(-0.210533 -0.152341 1.19066e-07)
(-0.147543 -0.106538 1.2015e-07)
(-0.101906 -0.070931 1.11501e-07)
(-0.068766 -0.0450058 9.74953e-08)
(-1.03855 -0.473393 2.69568e-08)
(-0.627143 -0.513549 9.6105e-08)
(-0.36904 -0.400878 1.53627e-07)
(-0.228464 -0.287583 1.90475e-07)
(-0.148577 -0.19854 2.04034e-07)
(-0.0992734 -0.133123 1.96937e-07)
(-0.0666616 -0.0866536 1.75086e-07)
(-0.0442439 -0.0546025 1.45525e-07)
(-1.73495 -1.6946 4.43063e-08)
(-0.511867 -0.919418 8.60486e-08)
(-0.195636 -0.555591 1.09079e-07)
(-0.0961446 -0.354742 1.17945e-07)
(-0.0560741 -0.230983 1.14907e-07)
(-0.0356566 -0.150091 1.03128e-07)
(-0.0233852 -0.0960532 8.64172e-08)
(-0.0153352 -0.0600439 6.82806e-08)
(-0.476881 -0.00437303 1.05578e-07)
(-0.453204 -0.0117397 2.96852e-07)
(-0.410277 -0.015729 4.43378e-07)
(-0.355377 -0.0156007 5.26302e-07)
(-0.296628 -0.0113003 5.39378e-07)
(-0.241172 -0.00238847 4.8743e-07)
(-0.192907 0.0135439 3.70876e-07)
(-0.145498 0.0444911 1.91013e-07)
(-0.487425 -0.00827029 1.09744e-07)
(-0.460633 -0.0218917 3.39007e-07)
(-0.412946 -0.0290396 5.25686e-07)
(-0.353076 -0.0292785 6.42436e-07)
(-0.289618 -0.0238106 6.81382e-07)
(-0.229159 -0.0138779 6.49227e-07)
(-0.174929 6.87675e-05 5.65147e-07)
(-0.125551 0.0176391 4.76059e-07)
(-0.507043 -0.0157194 1.42826e-07)
(-0.473973 -0.0402891 4.01551e-07)
(-0.417664 -0.0518105 6.05706e-07)
(-0.350148 -0.0514556 7.33605e-07)
(-0.281227 -0.0431683 7.80442e-07)
(-0.217292 -0.0306484 7.57247e-07)
(-0.16139 -0.0164696 6.85512e-07)
(-0.113806 -0.00279364 5.94166e-07)
(-0.543434 -0.030914 1.2221e-07)
(-0.496724 -0.0742084 3.82491e-07)
(-0.424113 -0.0900896 5.99023e-07)
(-0.344434 -0.0857186 7.42791e-07)
(-0.26881 -0.0707093 8.07033e-07)
(-0.202461 -0.0521274 8.01636e-07)
(-0.147074 -0.0341008 7.46569e-07)
(-0.102396 -0.0189316 6.63416e-07)
(-0.612166 -0.0657878 1.39849e-07)
(-0.533149 -0.138788 3.88496e-07)
(-0.429174 -0.153446 5.84868e-07)
(-0.330768 -0.136277 7.09915e-07)
(-0.247636 -0.107494 7.60326e-07)
(-0.180684 -0.078 7.47271e-07)
(-0.128194 -0.052577 6.88741e-07)
(-0.0879631 -0.0328323 6.03277e-07)
(-0.74801 -0.160651 8.67892e-08)
(-0.584382 -0.265731 2.78711e-07)
(-0.421602 -0.254645 4.40061e-07)
(-0.298483 -0.205597 5.483e-07)
(-0.210533 -0.152341 5.98173e-07)
(-0.147543 -0.106538 5.95726e-07)
(-0.101906 -0.0709309 5.54367e-07)
(-0.0687661 -0.0450057 4.8754e-07)
(-1.03855 -0.473393 8.87725e-08)
(-0.627143 -0.513549 2.53381e-07)
(-0.36904 -0.400878 3.81927e-07)
(-0.228464 -0.287583 4.61682e-07)
(-0.148577 -0.19854 4.90942e-07)
(-0.0992735 -0.133124 4.7729e-07)
(-0.0666617 -0.0866537 4.32834e-07)
(-0.044244 -0.0546025 3.70518e-07)
(-1.73495 -1.6946 4.71078e-08)
(-0.511867 -0.919418 1.01745e-07)
(-0.195636 -0.555592 1.35345e-07)
(-0.0961446 -0.354742 1.51539e-07)
(-0.0560741 -0.230984 1.52799e-07)
(-0.0356566 -0.150091 1.42801e-07)
(-0.0233852 -0.0960537 1.25831e-07)
(-0.0153352 -0.0600443 1.05556e-07)
(-0.47688 -0.00437295 2.80641e-07)
(-0.453203 -0.0117395 7.77823e-07)
(-0.410277 -0.0157286 1.13732e-06)
(-0.355377 -0.0156003 1.32809e-06)
(-0.296628 -0.0112998 1.35068e-06)
(-0.241172 -0.00238787 1.23237e-06)
(-0.192907 0.0135446 1.0329e-06)
(-0.145498 0.0444919 8.61774e-07)
(-0.487424 -0.00827023 3.55829e-07)
(-0.460632 -0.0218915 9.57817e-07)
(-0.412946 -0.0290393 1.4161e-06)
(-0.353076 -0.0292782 1.70344e-06)
(-0.289618 -0.0238102 1.83147e-06)
(-0.229159 -0.0138774 1.84226e-06)
(-0.174929 6.93286e-05 1.77745e-06)
(-0.125551 0.0176397 1.60429e-06)
(-0.507042 -0.0157193 3.70094e-07)
(-0.473973 -0.040289 1.03389e-06)
(-0.417663 -0.0518104 1.54047e-06)
(-0.350148 -0.0514555 1.86655e-06)
(-0.281227 -0.0431682 2.02748e-06)
(-0.217292 -0.0306482 2.06746e-06)
(-0.16139 -0.0164694 2.03086e-06)
(-0.113807 -0.00279342 1.90951e-06)
(-0.543433 -0.030914 3.9211e-07)
(-0.496723 -0.0742084 1.05528e-06)
(-0.424112 -0.0900897 1.5694e-06)
(-0.344434 -0.0857187 1.90503e-06)
(-0.26881 -0.0707094 2.07109e-06)
(-0.202461 -0.0521275 2.10215e-06)
(-0.147074 -0.0341009 2.0325e-06)
(-0.102396 -0.0189317 1.86817e-06)
(-0.612165 -0.0657879 3.32213e-07)
(-0.533148 -0.138788 9.25845e-07)
(-0.429174 -0.153447 1.37369e-06)
(-0.330768 -0.136278 1.65859e-06)
(-0.247636 -0.107495 1.79068e-06)
(-0.180684 -0.0780004 1.79881e-06)
(-0.128194 -0.0525774 1.71419e-06)
(-0.0879634 -0.0328327 1.55161e-06)
(-0.748009 -0.160651 2.62074e-07)
(-0.584382 -0.265731 6.94791e-07)
(-0.421602 -0.254646 1.02726e-06)
(-0.298482 -0.205598 1.2385e-06)
(-0.210533 -0.152342 1.3323e-06)
(-0.147543 -0.106538 1.32935e-06)
(-0.101906 -0.0709315 1.25285e-06)
(-0.0687663 -0.0450062 1.12045e-06)
(-1.03855 -0.473394 1.15413e-07)
(-0.627143 -0.513549 2.79796e-07)
(-0.36904 -0.400879 3.84681e-07)
(-0.228463 -0.287583 4.4406e-07)
(-0.148577 -0.198541 4.69006e-07)
(-0.0992736 -0.133124 4.69296e-07)
(-0.0666618 -0.0866545 4.51313e-07)
(-0.0442441 -0.0546032 4.15976e-07)
(-1.73495 -1.6946 -7.01244e-08)
(-0.511867 -0.919419 -1.13829e-07)
(-0.195636 -0.555592 -1.30845e-07)
(-0.0961445 -0.354743 -1.30595e-07)
(-0.0560741 -0.230984 -1.15139e-07)
(-0.0356566 -0.150092 -8.82212e-08)
(-0.0233852 -0.0960543 -5.59207e-08)
(-0.0153352 -0.0600448 -2.53472e-08)
(-0.476879 -0.00437278 1.85575e-07)
(-0.453202 -0.011739 5.15415e-07)
(-0.410276 -0.0157279 7.50816e-07)
(-0.355377 -0.0155993 8.73785e-07)
(-0.296628 -0.0112985 8.86935e-07)
(-0.241172 -0.00238625 8.09576e-07)
(-0.192907 0.0135466 6.89298e-07)
(-0.145499 0.044494 6.18937e-07)
(-0.487423 -0.00827011 2.47821e-07)
(-0.460631 -0.0218912 6.45064e-07)
(-0.412945 -0.0290388 9.43778e-07)
(-0.353076 -0.0292774 1.13217e-06)
(-0.289617 -0.0238093 1.22231e-06)
(-0.229159 -0.0138763 1.24575e-06)
(-0.174929 7.07634e-05 1.22866e-06)
(-0.125551 0.0176412 1.1265e-06)
(-0.50704 -0.0157193 2.43685e-07)
(-0.473971 -0.0402889 6.85087e-07)
(-0.417662 -0.0518102 1.01967e-06)
(-0.350147 -0.0514552 1.23764e-06)
(-0.281227 -0.0431679 1.35393e-06)
(-0.217292 -0.0306478 1.40085e-06)
(-0.16139 -0.0164691 1.40671e-06)
(-0.113807 -0.00279311 1.35112e-06)
(-0.543431 -0.0309141 2.74776e-07)
(-0.496722 -0.0742086 7.10194e-07)
(-0.424111 -0.0900899 1.04341e-06)
(-0.344433 -0.085719 1.2615e-06)
(-0.26881 -0.0707097 1.37415e-06)
(-0.202461 -0.0521279 1.4058e-06)
(-0.147074 -0.0341014 1.37647e-06)
(-0.102397 -0.0189323 1.28123e-06)
(-0.612163 -0.0657881 2.13548e-07)
(-0.533147 -0.138789 6.04108e-07)
(-0.429173 -0.153447 8.95156e-07)
(-0.330767 -0.136279 1.08116e-06)
(-0.247636 -0.107496 1.17194e-06)
(-0.180684 -0.0780015 1.18666e-06)
(-0.128194 -0.0525786 1.14365e-06)
(-0.0879639 -0.0328338 1.04638e-06)
(-0.748008 -0.160652 1.84634e-07)
(-0.584381 -0.265732 4.59001e-07)
(-0.421601 -0.254647 6.6543e-07)
(-0.298482 -0.205599 7.95238e-07)
(-0.210533 -0.152344 8.53189e-07)
(-0.147543 -0.10654 8.5377e-07)
(-0.101907 -0.0709334 8.09982e-07)
(-0.0687667 -0.0450079 7.30407e-07)
(-1.03855 -0.473394 5.3597e-08)
(-0.627142 -0.513551 1.2252e-07)
(-0.36904 -0.400881 1.56381e-07)
(-0.228463 -0.287585 1.72853e-07)
(-0.148577 -0.198543 1.82099e-07)
(-0.0992735 -0.133126 1.88943e-07)
(-0.0666618 -0.0866563 1.93566e-07)
(-0.0442441 -0.0546048 1.90984e-07)
(-1.73495 -1.6946 -7.2926e-08)
(-0.511867 -0.919419 -1.29525e-07)
(-0.195636 -0.555592 -1.57111e-07)
(-0.0961445 -0.354743 -1.64189e-07)
(-0.0560741 -0.230985 -1.53031e-07)
(-0.0356565 -0.150092 -1.27894e-07)
(-0.0233851 -0.0960545 -9.53341e-08)
(-0.0153351 -0.0600451 -6.26229e-08)
(-0.0784942 0.0856684 -5.03269e-08)
(-0.0252202 0.0402997 -3.15732e-08)
(-0.00979006 0.0197045 -1.62522e-08)
(-0.00433292 0.00976186 -7.233e-09)
(-0.00205352 0.00482485 -2.72311e-09)
(-0.000998783 0.0023577 -7.45795e-10)
(-0.000486868 0.00113309 -1.32629e-11)
(-0.000234924 0.000533935 1.84212e-10)
(-0.000111481 0.00024627 1.83369e-10)
(-5.18493e-05 0.000111078 1.32122e-10)
(-2.35923e-05 4.89723e-05 8.17254e-11)
(-1.04931e-05 2.11029e-05 4.61925e-11)
(-4.56031e-06 8.889e-06 2.43127e-11)
(-1.93662e-06 3.66098e-06 1.21449e-11)
(-8.03792e-07 1.4748e-06 5.77516e-12)
(-3.26167e-07 5.81362e-07 2.64137e-12)
(-1.29455e-07 2.24357e-07 1.16122e-12)
(-5.02796e-08 8.48063e-08 4.94746e-13)
(-1.91197e-08 3.14146e-08 2.03857e-13)
(-7.12225e-09 1.14097e-08 8.17763e-14)
(-2.60038e-09 4.06521e-09 3.27105e-14)
(-9.31051e-10 1.42159e-09 1.28506e-14)
(-3.27079e-10 4.88162e-10 5.84116e-15)
(-1.12799e-10 1.64695e-10 1.16823e-15)
(-3.82164e-11 5.4616e-11 0)
(-1.2715e-11 1.78109e-11 0)
(-4.16241e-12 5.71499e-12 0)
(-1.3423e-12 1.80492e-12 0)
(-4.24068e-13 5.60751e-13 -5.84116e-16)
(-1.36683e-13 1.72898e-13 0)
(-4.20564e-14 4.67293e-14 0)
(-1.16823e-14 4.67293e-15 0)
(-0.0777771 0.0317601 6.62669e-10)
(-0.0407437 0.0221017 7.21206e-09)
(-0.0207478 0.0128905 1.08513e-08)
(-0.0105467 0.00699769 1.09481e-08)
(-0.00535064 0.00364276 9.0433e-09)
(-0.00269298 0.00183722 6.57137e-09)
(-0.0013369 0.000901203 4.35731e-09)
(-0.000651895 0.000430628 2.68689e-09)
(-0.000311377 0.000200599 1.56115e-09)
(-0.000145448 9.11409e-05 8.6102e-10)
(-6.63823e-05 4.04055e-05 4.53685e-10)
(-2.95903e-05 1.74864e-05 2.29206e-10)
(-1.28816e-05 7.3908e-06 1.11465e-10)
(-5.47757e-06 3.05234e-06 5.22807e-11)
(-2.27583e-06 1.23239e-06 2.37169e-11)
(-9.24278e-07 4.86716e-07 1.042e-11)
(-3.67101e-07 1.88128e-07 4.44396e-12)
(-1.42663e-07 7.1207e-08 1.83938e-12)
(-5.42768e-08 2.64074e-08 7.38907e-13)
(-2.02272e-08 9.60062e-09 2.89722e-13)
(-7.38777e-09 3.42358e-09 1.08646e-13)
(-2.646e-09 1.19812e-09 4.08881e-14)
(-9.29812e-10 4.11703e-10 1.5187e-14)
(-3.20747e-10 1.38978e-10 4.08881e-15)
(-1.08671e-10 4.61125e-11 1.16823e-15)
(-3.61802e-11 1.5048e-11 0)
(-1.18447e-11 4.82714e-12 -5.84116e-16)
(-3.81428e-12 1.52221e-12 -1.75235e-15)
(-1.20562e-12 4.73134e-13 -1.75235e-15)
(-3.80844e-13 1.44861e-13 0)
(-1.21496e-13 4.20564e-14 0)
(-4.20564e-14 9.34586e-15 0)
(-0.0740313 0.00668495 2.53933e-08)
(-0.0440899 0.00744772 2.23884e-08)
(-0.0248941 0.00544333 2.03214e-08)
(-0.0135806 0.00337692 1.7076e-08)
(-0.00721399 0.00191471 1.30942e-08)
(-0.00374034 0.00102271 9.21496e-09)
(-0.00189346 0.000522135 6.03057e-09)
(-0.000935529 0.000256776 3.70129e-09)
(-0.000450968 0.000122185 2.14964e-09)
(-0.000212043 5.64152e-05 1.18733e-09)
(-9.72468e-05 2.53242e-05 6.27145e-10)
(-4.35078e-05 1.10678e-05 3.17719e-10)
(-1.89943e-05 4.71489e-06 1.54951e-10)
(-8.09503e-06 1.95972e-06 7.28825e-11)
(-3.36941e-06 7.9543e-07 3.31515e-11)
(-1.37043e-06 3.1553e-07 1.45994e-11)
(-5.44965e-07 1.22413e-07 6.23894e-12)
(-2.12e-07 4.64802e-08 2.5888e-12)
(-8.07261e-08 1.72841e-08 1.04323e-12)
(-3.0106e-08 6.29849e-09 4.08297e-13)
(-1.10029e-08 2.25062e-09 1.55959e-13)
(-3.94293e-09 7.8904e-10 5.84116e-14)
(-1.38622e-09 2.71565e-10 2.21964e-14)
(-4.78391e-10 9.18032e-11 5.25704e-15)
(-1.62141e-10 3.04979e-11 1.16823e-15)
(-5.40027e-11 9.95801e-12 -2.33646e-15)
(-1.7687e-11 3.20096e-12 -2.92058e-15)
(-5.69864e-12 1.01052e-12 -5.84116e-16)
(-1.80025e-12 3.14254e-13 -1.75235e-15)
(-5.68929e-13 8.99539e-14 -1.16823e-15)
(-1.79908e-13 2.21964e-14 5.84116e-16)
(-6.07481e-14 5.84116e-15 0)
(-0.0675356 -0.00825757 6.54146e-08)
(-0.0419853 -0.00285993 5.50534e-08)
(-0.0248186 -0.000673976 4.41198e-08)
(-0.0140753 3.24608e-05 3.32073e-08)
(-0.00770486 0.000177216 2.34172e-08)
(-0.00408555 0.000152472 1.55266e-08)
(-0.00210283 9.90329e-05 9.72493e-09)
(-0.00105185 5.64412e-05 5.78176e-09)
(-0.000511738 2.96607e-05 3.27681e-09)
(-0.000242309 1.47005e-05 1.77675e-09)
(-0.00011173 6.95555e-06 9.24646e-10)
(-5.01996e-05 3.16488e-06 4.63027e-10)
(-2.19897e-05 1.39152e-06 2.23653e-10)
(-9.39703e-06 5.9317e-07 1.04389e-10)
(-3.92002e-06 2.45755e-07 4.71744e-11)
(-1.5973e-06 9.91491e-08 2.06666e-11)
(-6.3615e-07 3.90129e-08 8.7927e-12)
(-2.47792e-07 1.49907e-08 3.63554e-12)
(-9.44586e-08 5.63126e-09 1.46146e-12)
(-3.52606e-08 2.07005e-09 5.72434e-13)
(-1.28972e-08 7.45288e-10 2.18459e-13)
(-4.62505e-09 2.63013e-10 8.23604e-14)
(-1.62705e-09 9.1045e-11 2.74535e-14)
(-5.61815e-10 3.09348e-11 7.59351e-15)
(-1.90513e-10 1.03225e-11 2.92058e-15)
(-6.34794e-11 3.38203e-12 5.84116e-16)
(-2.07934e-11 1.08879e-12 -1.75235e-15)
(-6.70098e-12 3.46965e-13 -1.16823e-15)
(-2.12735e-12 1.07477e-13 -1.75235e-15)
(-6.69397e-13 2.68693e-14 -1.16823e-15)
(-2.09114e-13 1.05141e-14 1.75235e-15)
(-6.89257e-14 1.16823e-15 0)
(-0.0579596 -0.0189472 7.89719e-08)
(-0.0365063 -0.0102788 6.18014e-08)
(-0.0220017 -0.00533004 4.65474e-08)
(-0.0127295 -0.00267271 3.3456e-08)
(-0.00709398 -0.00130522 2.28618e-08)
(-0.00381853 -0.000623195 1.48403e-08)
(-0.00198949 -0.000291462 9.16812e-09)
(-0.0010049 -0.000133619 5.40098e-09)
(-0.000492709 -6.00528e-05 3.04333e-09)
(-0.000234748 -2.64553e-05 1.64376e-09)
(-0.000108782 -1.14213e-05 8.53465e-10)
(-4.90718e-05 -4.83133e-06 4.26726e-10)
(-2.15661e-05 -2.00232e-06 2.05965e-10)
(-9.24079e-06 -8.13051e-07 9.60883e-11)
(-3.86343e-06 -3.23495e-07 4.3422e-11)
(-1.57717e-06 -1.26143e-07 1.90247e-11)
(-6.29123e-07 -4.82184e-08 8.09643e-12)
(-2.45382e-07 -1.80739e-08 3.34932e-12)
(-9.36467e-08 -6.64551e-09 1.34756e-12)
(-3.4992e-08 -2.39778e-09 5.29209e-13)
(-1.28099e-08 -8.49307e-10 2.02688e-13)
(-4.59717e-09 -2.95445e-10 7.47669e-14)
(-1.6183e-09 -1.00978e-10 2.68693e-14)
(-5.59114e-10 -3.39208e-11 8.76174e-15)
(-1.89698e-10 -1.12033e-11 2.92058e-15)
(-6.32352e-11 -3.64138e-12 1.16823e-15)
(-2.07221e-11 -1.16706e-12 -5.84116e-16)
(-6.67995e-12 -3.67993e-13 -1.16823e-15)
(-2.12034e-12 -1.15655e-13 -1.16823e-15)
(-6.65892e-13 -3.27105e-14 5.84116e-16)
(-2.04441e-13 -8.17763e-15 0)
(-7.35986e-14 -1.16823e-15 -5.84116e-16)
(-0.0449821 -0.0272118 8.12609e-08)
(-0.0283682 -0.0157371 6.46196e-08)
(-0.0172124 -0.008749 4.88496e-08)
(-0.0100505 -0.0046967 3.50401e-08)
(-0.00565534 -0.00244272 2.38318e-08)
(-0.00307179 -0.00123367 1.53965e-08)
(-0.00161325 -0.00060595 9.46551e-09)
(-0.000820437 -0.000289771 5.55451e-09)
(-0.000404574 -0.000135018 3.11821e-09)
(-0.000193677 -6.13368e-05 1.67953e-09)
(-9.01059e-05 -2.71826e-05 8.69672e-10)
(-4.07806e-05 -1.17581e-05 4.33995e-10)
(-1.79714e-05 -4.9669e-06 2.09063e-10)
(-7.71821e-06 -2.05011e-06 9.74148e-11)
(-3.23311e-06 -8.27273e-07 4.39623e-11)
(-1.32202e-06 -3.26544e-07 1.92472e-11)
(-5.28081e-07 -1.26153e-07 8.18405e-12)
(-2.06219e-07 -4.77265e-08 3.38495e-12)
(-7.87825e-08 -1.76917e-08 1.36216e-12)
(-2.94644e-08 -6.42931e-09 5.34466e-13)
(-1.07949e-08 -2.29182e-09 2.03857e-13)
(-3.87673e-09 -8.01761e-10 7.65192e-14)
(-1.36552e-09 -2.75412e-10 2.86217e-14)
(-4.72037e-10 -9.29434e-11 9.92997e-15)
(-1.60237e-10 -3.08285e-11 2.92058e-15)
(-5.34419e-11 -1.00573e-11 2.33646e-15)
(-1.75188e-11 -3.22783e-12 5.84116e-16)
(-5.6484e-12 -1.01987e-12 0)
(-1.7909e-12 -3.15423e-13 -1.16823e-15)
(-5.63088e-13 -9.34586e-14 -1.16823e-15)
(-1.76403e-13 -2.92058e-14 -5.84116e-16)
(-5.95798e-14 -5.84116e-15 0)
(-0.0286909 -0.0332227 1.1417e-07)
(-0.0180435 -0.0195036 8.5021e-08)
(-0.0109613 -0.0110537 6.02673e-08)
(-0.00642317 -0.00605571 4.07369e-08)
(-0.00363094 -0.00321145 2.6295e-08)
(-0.00198176 -0.00165083 1.62328e-08)
(-0.00104559 -0.000823549 9.60036e-09)
(-0.000533969 -0.000399143 5.44875e-09)
(-0.000264275 -0.000188119 2.97319e-09)
(-0.000126913 -8.62936e-05 1.56241e-09)
(-5.92037e-05 -3.85587e-05 7.92097e-10)
(-2.68561e-05 -1.67957e-05 3.87996e-10)
(-1.18581e-05 -7.13723e-06 1.83925e-10)
(-5.10116e-06 -2.96091e-06 8.44819e-11)
(-2.13986e-06 -1.20002e-06 3.76556e-11)
(-8.76053e-07 -4.75458e-07 1.6305e-11)
(-3.50306e-07 -1.84282e-07 6.86512e-12)
(-1.36921e-07 -6.99166e-08 2.81369e-12)
(-5.23495e-08 -2.5982e-08 1.12384e-12)
(-1.95921e-08 -9.46285e-09 4.36919e-13)
(-7.18236e-09 -3.37974e-09 1.67057e-13)
(-2.58077e-09 -1.18441e-09 6.30845e-14)
(-9.09479e-10 -4.0749e-10 2.27805e-14)
(-3.14531e-10 -1.37709e-10 7.59351e-15)
(-1.06808e-10 -4.57363e-11 2.92058e-15)
(-3.56358e-11 -1.49312e-11 1.16823e-15)
(-1.16847e-11 -4.79209e-12 1.75235e-15)
(-3.76872e-12 -1.51286e-12 5.84116e-16)
(-1.1951e-12 -4.68461e-13 0)
(-3.78507e-13 -1.41356e-13 0)
(-1.16823e-13 -3.73834e-14 -5.84116e-16)
(-4.08881e-14 -8.17763e-15 -5.84116e-16)
(-0.00988324 -0.0364742 5.12398e-08)
(-0.00619915 -0.0214697 3.66906e-08)
(-0.00376459 -0.0122315 2.51333e-08)
(-0.00220823 -0.00674382 1.64969e-08)
(-0.00125046 -0.00360014 1.03853e-08)
(-0.000683886 -0.00186241 6.27783e-09)
(-0.000361568 -0.000934499 3.6473e-09)
(-0.000185006 -0.000455249 2.03952e-09)
(-9.17249e-05 -0.000215525 1.09886e-09)
(-4.41172e-05 -9.92485e-05 5.71356e-10)
(-2.0608e-05 -4.44949e-05 2.87008e-10)
(-9.35909e-06 -1.94368e-05 1.39506e-10)
(-4.13655e-06 -8.27976e-06 6.56815e-11)
(-1.781e-06 -3.44213e-06 2.99979e-11)
(-7.47655e-07 -1.39759e-06 1.33009e-11)
(-3.06282e-07 -5.54613e-07 5.73602e-12)
(-1.2254e-07 -2.15258e-07 2.40597e-12)
(-4.7919e-08 -8.17672e-08 9.80731e-13)
(-1.83287e-08 -3.04181e-08 3.9019e-13)
(-6.86216e-09 -1.1089e-08 1.50118e-13)
(-2.51645e-09 -3.96384e-09 5.60751e-14)
(-9.04475e-10 -1.39014e-09 2.04441e-14)
(-3.18826e-10 -4.78594e-10 8.17763e-15)
(-1.10285e-10 -1.61838e-10 2.33646e-15)
(-3.7457e-11 -5.37807e-11 0)
(-1.24989e-11 -1.7569e-11 0)
(-4.09933e-12 -5.64723e-12 0)
(-1.32478e-12 -1.78389e-12 0)
(-4.21732e-13 -5.56079e-13 0)
(-1.3201e-13 -1.67057e-13 0)
(-4.20564e-14 -4.67293e-14 -1.16823e-15)
(-1.16823e-14 -5.84116e-15 0)
(-0.0784941 0.0856683 9.22627e-08)
(-0.0252202 0.0402996 6.46202e-08)
(-0.00979001 0.0197044 4.99861e-08)
(-0.00433289 0.00976187 3.68105e-08)
(-0.0020535 0.00482486 2.51799e-08)
(-0.000998778 0.00235771 1.60742e-08)
(-0.000486866 0.0011331 9.68314e-09)
(-0.000234924 0.000533941 5.54149e-09)
(-0.000111481 0.000246273 3.03271e-09)
(-5.18495e-05 0.00011108 1.5923e-09)
(-2.35925e-05 4.89734e-05 8.05153e-10)
(-1.04932e-05 2.11034e-05 3.92743e-10)
(-4.56038e-06 8.88927e-06 1.85297e-10)
(-1.93666e-06 3.66111e-06 8.4639e-11)
(-8.03811e-07 1.47486e-06 3.7509e-11)
(-3.26176e-07 5.81388e-07 1.61356e-11)
(-1.29459e-07 2.24368e-07 6.75063e-12)
(-5.02815e-08 8.48109e-08 2.74651e-12)
(-1.91205e-08 3.14165e-08 1.08938e-12)
(-7.12259e-09 1.14105e-08 4.21148e-13)
(-2.60052e-09 4.06549e-09 1.58295e-13)
(-9.31106e-10 1.42169e-09 5.72434e-14)
(-3.27102e-10 4.88205e-10 2.10282e-14)
(-1.12812e-10 1.64704e-10 5.84116e-15)
(-3.82152e-11 5.4616e-11 2.92058e-15)
(-1.27185e-11 1.78085e-11 1.16823e-15)
(-4.16124e-12 5.71149e-12 -1.16823e-15)
(-1.3458e-12 1.80141e-12 0)
(-4.25237e-13 5.56079e-13 -1.16823e-15)
(-1.3201e-13 1.69394e-13 -1.16823e-15)
(-3.97199e-14 5.0234e-14 0)
(-1.40188e-14 8.17763e-15 1.16823e-15)
(-0.0777771 0.0317603 3.77687e-07)
(-0.0407437 0.0221019 2.93857e-07)
(-0.0207478 0.0128906 2.14413e-07)
(-0.0105467 0.00699774 1.46624e-07)
(-0.00535065 0.00364279 9.45842e-08)
(-0.00269299 0.00183724 5.79684e-08)
(-0.0013369 0.000901215 3.39089e-08)
(-0.0006519 0.000430635 1.90117e-08)
(-0.00031138 0.000200603 1.0243e-08)
(-0.00014545 9.1143e-05 5.31754e-09)
(-6.63836e-05 4.04066e-05 2.66435e-09)
(-2.95909e-05 1.74869e-05 1.29102e-09)
(-1.2882e-05 7.39106e-06 6.05716e-10)
(-5.47775e-06 3.05246e-06 2.75604e-10)
(-2.27591e-06 1.23245e-06 1.21734e-10)
(-9.24317e-07 4.8674e-07 5.22661e-11)
(-3.67118e-07 1.88138e-07 2.18302e-11)
(-1.4267e-07 7.12112e-08 8.87856e-12)
(-5.42799e-08 2.6409e-08 3.51872e-12)
(-2.02284e-08 9.60127e-09 1.36099e-12)
(-7.38827e-09 3.42383e-09 5.12854e-13)
(-2.64618e-09 1.19821e-09 1.88669e-13)
(-9.29886e-10 4.11736e-10 6.89257e-14)
(-3.20779e-10 1.38988e-10 2.39488e-14)
(-1.08681e-10 4.6116e-11 8.76174e-15)
(-3.61848e-11 1.50445e-11 1.75235e-15)
(-1.18459e-11 4.82129e-12 5.84116e-16)
(-3.81428e-12 1.52221e-12 0)
(-1.20562e-12 4.70798e-13 -1.75235e-15)
(-3.75003e-13 1.44861e-13 -1.75235e-15)
(-1.1916e-13 3.97199e-14 0)
(-4.43928e-14 8.17763e-15 5.84116e-16)
(-0.0740314 0.00668508 4.96564e-07)
(-0.0440899 0.00744781 3.90406e-07)
(-0.0248941 0.0054434 2.86799e-07)
(-0.0135807 0.00337697 1.97641e-07)
(-0.007214 0.00191474 1.28639e-07)
(-0.00374036 0.00102273 7.94874e-08)
(-0.00189347 0.000522146 4.68627e-08)
(-0.000935536 0.000256783 2.6445e-08)
(-0.000450973 0.000122188 1.43328e-08)
(-0.000212046 5.64171e-05 7.47598e-09)
(-9.72485e-05 2.53251e-05 3.76235e-09)
(-4.35087e-05 1.10682e-05 1.82937e-09)
(-1.89948e-05 4.71511e-06 8.61152e-10)
(-8.09528e-06 1.95982e-06 3.92847e-10)
(-3.36953e-06 7.95477e-07 1.73973e-10)
(-1.37048e-06 3.15551e-07 7.48463e-11)
(-5.44989e-07 1.22422e-07 3.13308e-11)
(-2.12011e-07 4.64838e-08 1.27659e-11)
(-8.07304e-08 1.72855e-08 5.07013e-12)
(-3.01078e-08 6.29906e-09 1.96205e-12)
(-1.10036e-08 2.25084e-09 7.40075e-13)
(-3.9432e-09 7.8912e-10 2.72782e-13)
(-1.38632e-09 2.71587e-10 9.81315e-14)
(-4.78432e-10 9.18125e-11 3.56311e-14)
(-1.62158e-10 3.05037e-11 1.05141e-14)
(-5.4012e-11 9.96268e-12 2.92058e-15)
(-1.76859e-11 3.20096e-12 -1.16823e-15)
(-5.69513e-12 1.00818e-12 0)
(-1.80025e-12 3.13086e-13 -1.16823e-15)
(-5.63088e-13 8.99539e-14 -1.16823e-15)
(-1.76403e-13 2.57011e-14 2.33646e-15)
(-6.42528e-14 4.67293e-15 5.84116e-16)
(-0.0675357 -0.00825746 5.59731e-07)
(-0.0419853 -0.00285985 4.43619e-07)
(-0.0248186 -0.000673924 3.28851e-07)
(-0.0140754 3.24935e-05 2.28795e-07)
(-0.00770489 0.000177236 1.50174e-07)
(-0.00408558 0.000152483 9.35088e-08)
(-0.00210285 9.90392e-05 5.54737e-08)
(-0.00105186 5.64446e-05 3.14805e-08)
(-0.000511746 2.96625e-05 1.71386e-08)
(-0.000242313 1.47014e-05 8.97683e-09)
(-0.000111732 6.956e-06 4.5327e-09)
(-5.0201e-05 3.16509e-06 2.21111e-09)
(-2.19904e-05 1.39162e-06 1.04358e-09)
(-9.39739e-06 5.93216e-07 4.77357e-10)
(-3.92018e-06 2.45776e-07 2.11868e-10)
(-1.59737e-06 9.9158e-08 9.13704e-11)
(-6.36184e-07 3.90167e-08 3.83227e-11)
(-2.47807e-07 1.49922e-08 1.5652e-11)
(-9.44647e-08 5.63187e-09 6.22726e-12)
(-3.52631e-08 2.07029e-09 2.41649e-12)
(-1.28982e-08 7.45384e-10 9.1531e-13)
(-4.62543e-09 2.6305e-10 3.38787e-13)
(-1.6272e-09 9.10567e-11 1.22664e-13)
(-5.61862e-10 3.09395e-11 4.20564e-14)
(-1.9053e-10 1.0326e-11 1.34347e-14)
(-6.34876e-11 3.38787e-12 4.67293e-15)
(-2.0798e-11 1.09463e-12 1.75235e-15)
(-6.70332e-12 3.48133e-13 0)
(-2.12501e-12 1.09814e-13 -1.16823e-15)
(-6.61219e-13 3.0374e-14 0)
(-2.06777e-13 7.00939e-15 1.16823e-15)
(-7.35986e-14 -1.16823e-15 5.84116e-16)
(-0.0579596 -0.0189471 5.02346e-07)
(-0.0365063 -0.0102788 3.94968e-07)
(-0.0220018 -0.00533003 2.92195e-07)
(-0.0127295 -0.0026727 2.03722e-07)
(-0.00709401 -0.00130522 1.34299e-07)
(-0.00381855 -0.000623195 8.40631e-08)
(-0.00198951 -0.000291462 5.01434e-08)
(-0.00100491 -0.00013362 2.86051e-08)
(-0.000492716 -6.00531e-05 1.565e-08)
(-0.000234752 -2.64555e-05 8.23379e-09)
(-0.000108785 -1.14214e-05 4.17461e-09)
(-4.90731e-05 -4.83139e-06 2.04391e-09)
(-2.15667e-05 -2.00235e-06 9.67936e-10)
(-9.24112e-06 -8.13065e-07 4.44106e-10)
(-3.86359e-06 -3.23501e-07 1.97674e-10)
(-1.57724e-06 -1.26146e-07 8.54702e-11)
(-6.29154e-07 -4.82196e-08 3.59377e-11)
(-2.45395e-07 -1.80744e-08 1.4711e-11)
(-9.36523e-08 -6.64571e-09 5.86745e-12)
(-3.49943e-08 -2.39785e-09 2.28214e-12)
(-1.28108e-08 -8.49336e-10 8.66244e-13)
(-4.59752e-09 -2.95455e-10 3.22432e-13)
(-1.61843e-09 -1.00978e-10 1.15655e-13)
(-5.59161e-10 -3.39185e-11 4.0304e-14)
(-1.89713e-10 -1.12045e-11 1.22664e-14)
(-6.32434e-11 -3.64255e-12 4.67293e-15)
(-2.07256e-11 -1.16356e-12 5.84116e-16)
(-6.67995e-12 -3.65657e-13 -1.16823e-15)
(-2.11917e-12 -1.10982e-13 -5.84116e-16)
(-6.63556e-13 -3.38787e-14 1.16823e-15)
(-2.06777e-13 -1.16823e-14 0)
(-7.12622e-14 -3.5047e-15 5.84116e-16)
(-0.0449822 -0.0272117 4.06345e-07)
(-0.0283682 -0.0157371 3.19908e-07)
(-0.0172125 -0.00874897 2.37598e-07)
(-0.0100505 -0.00469668 1.66551e-07)
(-0.00565538 -0.00244271 1.10512e-07)
(-0.00307182 -0.00123366 6.96188e-08)
(-0.00161327 -0.000605949 4.17913e-08)
(-0.000820449 -0.000289771 2.39757e-08)
(-0.000404582 -0.000135018 1.31863e-08)
(-0.000193681 -6.1337e-05 6.96911e-09)
(-9.01084e-05 -2.71828e-05 3.5481e-09)
(-4.07819e-05 -1.17581e-05 1.74338e-09)
(-1.79721e-05 -4.96695e-06 8.28333e-10)
(-7.71854e-06 -2.05013e-06 3.81138e-10)
(-3.23326e-06 -8.27284e-07 1.701e-10)
(-1.32209e-06 -3.26549e-07 7.3723e-11)
(-5.28113e-07 -1.26155e-07 3.1068e-11)
(-2.06233e-07 -4.77276e-08 1.27437e-11)
(-7.87882e-08 -1.76921e-08 5.09174e-12)
(-2.94667e-08 -6.42949e-09 1.98599e-12)
(-1.07958e-08 -2.29189e-09 7.5643e-13)
(-3.87708e-09 -8.01786e-10 2.81544e-13)
(-1.36566e-09 -2.7542e-10 1.00468e-13)
(-4.7209e-10 -9.29457e-11 3.27105e-14)
(-1.60251e-10 -3.08285e-11 8.76174e-15)
(-5.34455e-11 -1.0055e-11 4.67293e-15)
(-1.75223e-11 -3.22315e-12 2.92058e-15)
(-5.65074e-12 -1.01403e-12 0)
(-1.79324e-12 -3.16591e-13 0)
(-5.63088e-13 -9.34586e-14 0)
(-1.75235e-13 -2.80376e-14 1.75235e-15)
(-5.84116e-14 -5.84116e-15 5.84116e-16)
(-0.028691 -0.0332228 3.00666e-07)
(-0.0180436 -0.0195036 2.31406e-07)
(-0.0109614 -0.0110538 1.68783e-07)
(-0.00642324 -0.00605575 1.16765e-07)
(-0.00363099 -0.00321148 7.67225e-08)
(-0.00198179 -0.00165085 4.80047e-08)
(-0.00104562 -0.000823561 2.86697e-08)
(-0.000533982 -0.00039915 1.63898e-08)
(-0.000264283 -0.000188123 8.98918e-09)
(-0.000126917 -8.62959e-05 4.7419e-09)
(-5.9206e-05 -3.85599e-05 2.41042e-09)
(-2.68573e-05 -1.67963e-05 1.18317e-09)
(-1.18587e-05 -7.13752e-06 5.61674e-10)
(-5.10145e-06 -2.96104e-06 2.58318e-10)
(-2.14e-06 -1.20008e-06 1.1524e-10)
(-8.76114e-07 -4.75485e-07 4.99408e-11)
(-3.50333e-07 -1.84294e-07 2.10457e-11)
(-1.36932e-07 -6.99214e-08 8.63382e-12)
(-5.23543e-08 -2.59839e-08 3.45271e-12)
(-1.9594e-08 -9.46362e-09 1.34697e-12)
(-7.18311e-09 -3.38004e-09 5.11686e-13)
(-2.58105e-09 -1.18452e-09 1.90422e-13)
(-9.09593e-10 -4.07527e-10 6.83416e-14)
(-3.14571e-10 -1.37724e-10 2.33646e-14)
(-1.06822e-10 -4.57421e-11 7.00939e-15)
(-3.56369e-11 -1.49347e-11 2.92058e-15)
(-1.16858e-11 -4.79559e-12 0)
(-3.77222e-12 -1.51169e-12 1.16823e-15)
(-1.19744e-12 -4.66125e-13 -1.75235e-15)
(-3.79675e-13 -1.42524e-13 0)
(-1.17991e-13 -4.08881e-14 0)
(-3.73834e-14 -5.84116e-15 0)
(-0.0098833 -0.0364745 8.46034e-08)
(-0.00619921 -0.02147 6.47001e-08)
(-0.00376463 -0.0122317 4.71167e-08)
(-0.00220826 -0.00674393 3.26307e-08)
(-0.00125048 -0.00360022 2.15024e-08)
(-0.0006839 -0.00186246 1.34992e-08)
(-0.000361577 -0.000934526 8.09197e-09)
(-0.000185011 -0.000455264 4.64152e-09)
(-9.17278e-05 -0.000215533 2.55387e-09)
(-4.41188e-05 -9.92527e-05 1.35078e-09)
(-2.06088e-05 -4.44971e-05 6.88292e-10)
(-9.35953e-06 -1.94379e-05 3.38487e-10)
(-4.13677e-06 -8.28026e-06 1.60952e-10)
(-1.78111e-06 -3.44236e-06 7.41091e-11)
(-7.47704e-07 -1.39769e-06 3.30943e-11)
(-3.06304e-07 -5.54657e-07 1.43506e-11)
(-1.22549e-07 -2.15276e-07 6.05027e-12)
(-4.7923e-08 -8.17748e-08 2.48249e-12)
(-1.83304e-08 -3.04212e-08 9.90661e-13)
(-6.86283e-09 -1.10901e-08 3.85517e-13)
(-2.51671e-09 -3.96428e-09 1.45445e-13)
(-9.04569e-10 -1.39031e-09 5.31546e-14)
(-3.18862e-10 -4.7866e-10 2.04441e-14)
(-1.10302e-10 -1.61856e-10 7.59351e-15)
(-3.74617e-11 -5.37866e-11 1.16823e-15)
(-1.25001e-11 -1.75714e-11 0)
(-4.09933e-12 -5.6484e-12 0)
(-1.32478e-12 -1.78856e-12 0)
(-4.21732e-13 -5.56079e-13 -5.84116e-16)
(-1.35515e-13 -1.64721e-13 -1.16823e-15)
(-3.97199e-14 -4.20564e-14 -5.84116e-16)
(-1.05141e-14 -4.67293e-15 0)
(-0.0784944 0.0856693 5.04712e-07)
(-0.0252203 0.0403004 3.72754e-07)
(-0.00979011 0.019705 2.62501e-07)
(-0.00433297 0.00976223 1.71375e-07)
(-0.00205356 0.00482509 1.05334e-07)
(-0.000998814 0.00235785 6.17574e-08)
(-0.000486889 0.00113318 3.47746e-08)
(-0.000234937 0.000533984 1.88836e-08)
(-0.000111489 0.000246296 9.90902e-09)
(-5.18537e-05 0.000111091 5.03307e-09)
(-2.35947e-05 4.89793e-05 2.47704e-09)
(-1.04943e-05 2.11063e-05 1.18255e-09)
(-4.56092e-06 8.89058e-06 5.48112e-10)
(-1.93692e-06 3.6617e-06 2.46883e-10)
(-8.03929e-07 1.47512e-06 1.08159e-10)
(-3.26228e-07 5.81499e-07 4.61241e-11)
(-1.29482e-07 2.24414e-07 1.91648e-11)
(-5.02909e-08 8.48295e-08 7.76349e-12)
(-1.91243e-08 3.14239e-08 3.06895e-12)
(-7.12411e-09 1.14133e-08 1.18284e-12)
(-2.6011e-09 4.06655e-09 4.44512e-13)
(-9.31326e-10 1.42208e-09 1.65305e-13)
(-3.27182e-10 4.88342e-10 5.95798e-14)
(-1.12838e-10 1.64755e-10 2.16123e-14)
(-3.82234e-11 5.46359e-11 8.76174e-15)
(-1.27244e-11 1.78179e-11 3.5047e-15)
(-4.16241e-12 5.71616e-12 0)
(-1.3423e-12 1.80492e-12 1.16823e-15)
(-4.26405e-13 5.57247e-13 1.16823e-15)
(-1.36683e-13 1.67057e-13 1.16823e-15)
(-3.97199e-14 4.43928e-14 -5.84116e-16)
(-1.16823e-14 8.17763e-15 0)
(-0.0777775 0.0317609 1.36922e-06)
(-0.040744 0.0221024 1.05512e-06)
(-0.0207481 0.012891 7.36649e-07)
(-0.0105469 0.00699801 4.77698e-07)
(-0.00535082 0.00364297 2.92941e-07)
(-0.0026931 0.00183735 1.71583e-07)
(-0.00133697 0.000901278 9.65433e-08)
(-0.000651942 0.00043067 5.23464e-08)
(-0.000311404 0.000200621 2.74118e-08)
(-0.000145463 9.11527e-05 1.38837e-08)
(-6.63904e-05 4.04115e-05 6.81073e-09)
(-2.95944e-05 1.74892e-05 3.23932e-09)
(-1.28836e-05 7.39215e-06 1.49549e-09)
(-5.47854e-06 3.05295e-06 6.70773e-10)
(-2.27627e-06 1.23266e-06 2.92602e-10)
(-9.24478e-07 4.86834e-07 1.24232e-10)
(-3.67187e-07 1.88177e-07 5.13859e-11)
(-1.42699e-07 7.12271e-08 2.07233e-11)
(-5.42919e-08 2.64153e-08 8.15368e-12)
(-2.02332e-08 9.6037e-09 3.13028e-12)
(-7.39012e-09 3.42474e-09 1.17466e-12)
(-2.64688e-09 1.19855e-09 4.30494e-13)
(-9.30141e-10 4.11858e-10 1.53623e-13)
(-3.20868e-10 1.39037e-10 5.5491e-14)
(-1.08716e-10 4.613e-11 2.10282e-14)
(-3.61942e-11 1.50538e-11 8.76174e-15)
(-1.18494e-11 4.83181e-12 2.92058e-15)
(-3.81895e-12 1.52337e-12 1.75235e-15)
(-1.20912e-12 4.74302e-13 1.16823e-15)
(-3.77339e-13 1.47197e-13 -1.16823e-15)
(-1.1916e-13 4.78975e-14 -2.33646e-15)
(-4.20564e-14 9.34586e-15 1.16823e-15)
(-0.0740317 0.00668531 1.63815e-06)
(-0.0440903 0.00744802 1.27521e-06)
(-0.0248945 0.00544356 9.10794e-07)
(-0.013581 0.00337709 6.06522e-07)
(-0.00721422 0.00191482 3.81158e-07)
(-0.00374051 0.00102278 2.27975e-07)
(-0.00189356 0.000522179 1.30463e-07)
(-0.000935594 0.000256801 7.17232e-08)
(-0.000451006 0.000122199 3.79758e-08)
(-0.000212064 5.64226e-05 1.94123e-08)
(-9.72581e-05 2.53279e-05 9.59446e-09)
(-4.35136e-05 1.10696e-05 4.59318e-09)
(-1.89972e-05 4.71577e-06 2.13214e-09)
(-8.09641e-06 1.96012e-06 9.61114e-10)
(-3.37005e-06 7.95611e-07 4.21057e-10)
(-1.37072e-06 3.15608e-07 1.79512e-10)
(-5.45089e-07 1.22446e-07 7.45256e-11)
(-2.12053e-07 4.64938e-08 3.01661e-11)
(-8.07477e-08 1.72895e-08 1.19101e-11)
(-3.01147e-08 6.3006e-09 4.58998e-12)
(-1.10063e-08 2.25143e-09 1.72723e-12)
(-3.94421e-09 7.89339e-10 6.36687e-13)
(-1.3867e-09 2.7167e-10 2.27805e-13)
(-4.78565e-10 9.18394e-11 8.23604e-14)
(-1.62207e-10 3.05084e-11 2.97899e-14)
(-5.40237e-11 9.96268e-12 1.28506e-14)
(-1.76917e-11 3.19979e-12 7.00939e-15)
(-5.6998e-12 1.01169e-12 1.75235e-15)
(-1.80258e-12 3.11918e-13 1.16823e-15)
(-5.64256e-13 9.5795e-14 0)
(-1.76403e-13 2.45329e-14 -1.16823e-15)
(-6.77575e-14 3.5047e-15 -5.84116e-16)
(-0.0675361 -0.00825756 1.60133e-06)
(-0.0419858 -0.00285992 1.26274e-06)
(-0.024819 -0.000673965 9.19727e-07)
(-0.0140757 3.24729e-05 6.25011e-07)
(-0.00770513 0.000177227 4.00134e-07)
(-0.00408574 0.000152481 2.43125e-07)
(-0.00210295 9.90395e-05 1.41001e-07)
(-0.00105192 5.64455e-05 7.83707e-08)
(-0.000511783 2.96633e-05 4.18838e-08)
(-0.000242334 1.4702e-05 2.15759e-08)
(-0.000111743 6.95637e-06 1.07361e-08)
(-5.02065e-05 3.1653e-06 5.16923e-09)
(-2.19931e-05 1.39173e-06 2.41206e-09)
(-9.3987e-06 5.93272e-07 1.09221e-09)
(-3.92079e-06 2.45802e-07 4.80537e-10)
(-1.59764e-06 9.91704e-08 2.05646e-10)
(-6.36302e-07 3.90222e-08 8.56945e-11)
(-2.47856e-07 1.49946e-08 3.48022e-11)
(-9.4485e-08 5.63285e-09 1.37886e-11)
(-3.52712e-08 2.0707e-09 5.33006e-12)
(-1.29014e-08 7.45544e-10 2.01345e-12)
(-4.62664e-09 2.6311e-10 7.42996e-13)
(-1.62764e-09 9.10812e-11 2.68109e-13)
(-5.62029e-10 3.09441e-11 9.81315e-14)
(-1.90591e-10 1.03283e-11 3.27105e-14)
(-6.35016e-11 3.38437e-12 1.16823e-14)
(-2.08015e-11 1.09113e-12 5.84116e-15)
(-6.70682e-12 3.4346e-13 2.33646e-15)
(-2.12618e-12 1.06309e-13 2.33646e-15)
(-6.64724e-13 2.80376e-14 2.92058e-15)
(-2.07945e-13 8.17763e-15 1.16823e-15)
(-7.35986e-14 2.33646e-15 1.16823e-15)
(-0.05796 -0.0189475 1.3159e-06)
(-0.0365067 -0.0102791 1.03716e-06)
(-0.0220021 -0.00533022 7.60984e-07)
(-0.0127298 -0.00267283 5.22882e-07)
(-0.00709422 -0.0013053 3.38788e-07)
(-0.00381869 -0.000623242 2.08216e-07)
(-0.0019896 -0.000291489 1.21995e-07)
(-0.00100497 -0.000133634 6.84089e-08)
(-0.00049275 -6.00607e-05 3.68346e-08)
(-0.000234771 -2.64593e-05 1.90946e-08)
(-0.000108795 -1.14232e-05 9.55136e-09)
(-4.90783e-05 -4.83226e-06 4.61896e-09)
(-2.15693e-05 -2.00275e-06 2.16312e-09)
(-9.24233e-06 -8.13244e-07 9.82467e-10)
(-3.86415e-06 -3.23579e-07 4.33345e-10)
(-1.5775e-06 -1.26178e-07 1.85846e-10)
(-6.29264e-07 -4.82329e-08 7.75805e-11)
(-2.45442e-07 -1.80797e-08 3.15551e-11)
(-9.36716e-08 -6.64778e-09 1.25164e-11)
(-3.5002e-08 -2.39864e-09 4.84758e-12)
(-1.28138e-08 -8.49627e-10 1.83296e-12)
(-4.59867e-09 -2.95562e-10 6.76406e-13)
(-1.61886e-09 -1.01021e-10 2.44161e-13)
(-5.5932e-10 -3.39406e-11 8.58651e-14)
(-1.89768e-10 -1.1215e-11 3.09582e-14)
(-6.32598e-11 -3.64255e-12 1.05141e-14)
(-2.07303e-11 -1.16356e-12 5.84116e-15)
(-6.68579e-12 -3.69161e-13 4.08881e-15)
(-2.11684e-12 -1.13319e-13 5.84116e-16)
(-6.62388e-13 -3.38787e-14 2.92058e-15)
(-2.06777e-13 -8.17763e-15 2.33646e-15)
(-7.47669e-14 0 2.33646e-15)
(-0.0449825 -0.0272122 9.44874e-07)
(-0.0283685 -0.0157374 7.46861e-07)
(-0.0172127 -0.00874924 5.52792e-07)
(-0.0100507 -0.00469687 3.84391e-07)
(-0.00565554 -0.00244283 2.52267e-07)
(-0.00307193 -0.00123374 1.57021e-07)
(-0.00161334 -0.000605993 9.30967e-08)
(-0.000820494 -0.000289795 5.27791e-08)
(-0.000404608 -0.000135031 2.87026e-08)
(-0.000193696 -6.13438e-05 1.50149e-08)
(-9.01163e-05 -2.71862e-05 7.57302e-09)
(-4.0786e-05 -1.17598e-05 3.6903e-09)
(-1.79741e-05 -4.96772e-06 1.74046e-09)
(-7.71953e-06 -2.05048e-06 7.95734e-10)
(-3.23372e-06 -8.27438e-07 3.5317e-10)
(-1.3223e-06 -3.26615e-07 1.52361e-10)
(-5.28203e-07 -1.26183e-07 6.3963e-11)
(-2.06271e-07 -4.77387e-08 2.61602e-11)
(-7.8804e-08 -1.76965e-08 1.04329e-11)
(-2.94731e-08 -6.43118e-09 4.06078e-12)
(-1.07983e-08 -2.29252e-09 1.54265e-12)
(-3.87803e-09 -8.02023e-10 5.74186e-13)
(-1.36602e-09 -2.7551e-10 2.07361e-13)
(-4.72223e-10 -9.29749e-11 7.24304e-14)
(-1.60292e-10 -3.08402e-11 2.39488e-14)
(-5.34548e-11 -1.00608e-11 8.17763e-15)
(-1.7527e-11 -3.22899e-12 4.08881e-15)
(-5.65658e-12 -1.01753e-12 2.33646e-15)
(-1.78973e-12 -3.15423e-13 1.75235e-15)
(-5.58415e-13 -9.81315e-14 1.75235e-15)
(-1.7173e-13 -2.68693e-14 1.75235e-15)
(-6.77575e-14 -5.84116e-15 1.75235e-15)
(-0.0286912 -0.0332234 3.62774e-07)
(-0.0180437 -0.0195041 2.96212e-07)
(-0.0109615 -0.0110541 2.25811e-07)
(-0.00642335 -0.00605598 1.61075e-07)
(-0.00363108 -0.00321163 1.0802e-07)
(-0.00198185 -0.00165094 6.84482e-08)
(-0.00104566 -0.000823617 4.11847e-08)
(-0.000534008 -0.000399181 2.36289e-08)
(-0.000264298 -0.00018814 1.29749e-08)
(-0.000126926 -8.63049e-05 6.8399e-09)
(-5.92108e-05 -3.85645e-05 3.47109e-09)
(-2.68598e-05 -1.67986e-05 1.69953e-09)
(-1.186e-05 -7.13856e-06 8.04505e-10)
(-5.10206e-06 -2.96152e-06 3.68815e-10)
(-2.14028e-06 -1.20029e-06 1.64008e-10)
(-8.76241e-07 -4.75577e-07 7.08393e-11)
(-3.50388e-07 -1.84332e-07 2.9759e-11)
(-1.36956e-07 -6.99371e-08 1.21712e-11)
(-5.23641e-08 -2.59902e-08 4.85225e-12)
(-1.9598e-08 -9.46605e-09 1.88611e-12)
(-7.18468e-09 -3.38096e-09 7.1671e-13)
(-2.58166e-09 -1.18486e-09 2.65773e-13)
(-9.09817e-10 -4.07652e-10 9.5795e-14)
(-3.1465e-10 -1.37761e-10 3.32946e-14)
(-1.06851e-10 -4.57515e-11 1.05141e-14)
(-3.56474e-11 -1.49382e-11 2.92058e-15)
(-1.16905e-11 -4.80027e-12 5.84116e-16)
(-3.77222e-12 -1.51403e-12 0)
(-1.19861e-12 -4.71966e-13 0)
(-3.72666e-13 -1.41356e-13 5.84116e-16)
(-1.15655e-13 -4.55611e-14 2.92058e-15)
(-4.20564e-14 -9.34586e-15 1.75235e-15)
(-0.00988332 -0.0364749 -2.25912e-09)
(-0.00619923 -0.0214703 1.11712e-08)
(-0.00376466 -0.012232 1.6218e-08)
(-0.00220828 -0.00674411 1.58039e-08)
(-0.0012505 -0.00360034 1.28004e-08)
(-0.000683913 -0.00186253 9.20552e-09)
(-0.000361586 -0.000934573 6.06158e-09)
(-0.000185017 -0.000455291 3.71883e-09)
(-9.17315e-05 -0.000215548 2.14963e-09)
(-4.41209e-05 -9.92606e-05 1.17977e-09)
(-2.061e-05 -4.45011e-05 6.18254e-10)
(-9.36014e-06 -1.94398e-05 3.10686e-10)
(-4.13708e-06 -8.2812e-06 1.50228e-10)
(-1.78126e-06 -3.4428e-06 7.00869e-11)
(-7.47775e-07 -1.39789e-06 3.16217e-11)
(-3.06336e-07 -5.54742e-07 1.38219e-11)
(-1.22564e-07 -2.15312e-07 5.86453e-12)
(-4.79291e-08 -8.17894e-08 2.41766e-12)
(-1.83329e-08 -3.0427e-08 9.70217e-13)
(-6.86385e-09 -1.10924e-08 3.79091e-13)
(-2.51711e-09 -3.96515e-09 1.44277e-13)
(-9.04725e-10 -1.39063e-09 5.37387e-14)
(-3.18919e-10 -4.78768e-10 1.86917e-14)
(-1.10323e-10 -1.61898e-10 7.59351e-15)
(-3.7471e-11 -5.37959e-11 1.75235e-15)
(-1.25024e-11 -1.75772e-11 1.16823e-15)
(-4.10166e-12 -5.64723e-12 0)
(-1.32478e-12 -1.78272e-12 -5.84116e-16)
(-4.18227e-13 -5.49069e-13 -1.16823e-15)
(-1.34347e-13 -1.64721e-13 1.16823e-15)
(-4.08881e-14 -4.43928e-14 0)
(-9.34586e-15 -8.17763e-15 0)
(-0.0784951 0.085672 3.62122e-07)
(-0.0252207 0.0403025 2.76561e-07)
(-0.00979041 0.0197064 1.96262e-07)
(-0.00433321 0.00976316 1.27332e-07)
(-0.00205372 0.00482566 7.74312e-08)
(-0.000998919 0.00235818 4.49374e-08)
(-0.000486952 0.00113336 2.50782e-08)
(-0.000234973 0.000534084 1.35263e-08)
(-0.000111509 0.000246348 7.05967e-09)
(-5.18643e-05 0.000111117 3.57289e-09)
(-2.36002e-05 4.8992e-05 1.75361e-09)
(-1.0497e-05 2.11123e-05 8.35997e-10)
(-4.56225e-06 8.89336e-06 3.87127e-10)
(-1.93754e-06 3.66295e-06 1.74387e-10)
(-8.04212e-07 1.47566e-06 7.64252e-11)
(-3.26354e-07 5.81729e-07 3.26305e-11)
(-1.29536e-07 2.24509e-07 1.35743e-11)
(-5.03137e-08 8.48679e-08 5.51055e-12)
(-1.91337e-08 3.1439e-08 2.18284e-12)
(-7.12784e-09 1.14191e-08 8.45216e-13)
(-2.60255e-09 4.06873e-09 3.18927e-13)
(-9.31877e-10 1.42288e-09 1.19744e-13)
(-3.27389e-10 4.88629e-10 4.32246e-14)
(-1.12911e-10 1.64857e-10 1.63553e-14)
(-3.82526e-11 5.46744e-11 6.42528e-15)
(-1.27349e-11 1.78319e-11 2.92058e-15)
(-4.16942e-12 5.72083e-12 0)
(-1.34113e-12 1.80375e-12 0)
(-4.25237e-13 5.5491e-13 0)
(-1.34347e-13 1.67057e-13 0)
(-4.32246e-14 4.43928e-14 1.75235e-15)
(-1.16823e-14 5.84116e-15 -1.16823e-15)
(-0.0777782 0.0317625 9.92197e-07)
(-0.0407449 0.0221037 7.68474e-07)
(-0.0207489 0.0128919 5.33087e-07)
(-0.0105476 0.00699861 3.42022e-07)
(-0.00535127 0.00364335 2.074e-07)
(-0.00269338 0.00183757 1.20186e-07)
(-0.00133714 0.000901407 6.69917e-08)
(-0.000652039 0.000430741 3.60215e-08)
(-0.000311457 0.000200659 1.873e-08)
(-0.000145491 9.11718e-05 9.42719e-09)
(-6.64049e-05 4.04209e-05 4.60006e-09)
(-2.96016e-05 1.74937e-05 2.1775e-09)
(-1.28871e-05 7.39423e-06 1.00124e-09)
(-5.48016e-06 3.05389e-06 4.4745e-10)
(-2.277e-06 1.23307e-06 1.94584e-10)
(-9.24799e-07 4.87007e-07 8.23849e-11)
(-3.67325e-07 1.88249e-07 3.39991e-11)
(-1.42757e-07 7.1256e-08 1.36823e-11)
(-5.43151e-08 2.64267e-08 5.37504e-12)
(-2.02424e-08 9.60808e-09 2.05959e-12)
(-7.39367e-09 3.42639e-09 7.71033e-13)
(-2.64822e-09 1.19915e-09 2.82712e-13)
(-9.30635e-10 4.12074e-10 1.01636e-13)
(-3.21044e-10 1.3911e-10 3.5047e-14)
(-1.08776e-10 4.61569e-11 1.22664e-14)
(-3.62175e-11 1.50608e-11 5.84116e-15)
(-1.18599e-11 4.83298e-12 2.33646e-15)
(-3.82129e-12 1.52337e-12 0)
(-1.21263e-12 4.73134e-13 0)
(-3.78507e-13 1.41356e-13 -5.84116e-16)
(-1.16823e-13 4.20564e-14 0)
(-3.97199e-14 8.17763e-15 0)
(-0.0740326 0.00668554 1.16698e-06)
(-0.0440913 0.00744823 9.07189e-07)
(-0.0248955 0.00544376 6.44317e-07)
(-0.0135817 0.00337726 4.25957e-07)
(-0.00721476 0.00191495 2.65614e-07)
(-0.00374086 0.00102287 1.57702e-07)
(-0.00189378 0.000522235 8.96306e-08)
(-0.000935721 0.000256835 4.89795e-08)
(-0.000451078 0.000122217 2.57927e-08)
(-0.000212102 5.64324e-05 1.31236e-08)
(-9.72782e-05 2.5333e-05 6.45925e-09)
(-4.35237e-05 1.10721e-05 3.08153e-09)
(-1.90021e-05 4.71695e-06 1.42594e-09)
(-8.0987e-06 1.96066e-06 6.41149e-10)
(-3.37109e-06 7.95853e-07 2.80237e-10)
(-1.37118e-06 3.15713e-07 1.19266e-10)
(-5.45287e-07 1.22491e-07 4.94337e-11)
(-2.12136e-07 4.6512e-08 1.99873e-11)
(-8.07816e-08 1.72968e-08 7.88381e-12)
(-3.01282e-08 6.30346e-09 3.0374e-12)
(-1.10115e-08 2.25252e-09 1.1437e-12)
(-3.9462e-09 7.89745e-10 4.21148e-13)
(-1.38743e-09 2.71815e-10 1.50118e-13)
(-4.78828e-10 9.18931e-11 5.37387e-14)
(-1.623e-10 3.05271e-11 1.98599e-14)
(-5.40599e-11 9.96853e-12 6.42528e-15)
(-1.77046e-11 3.20446e-12 1.75235e-15)
(-5.70331e-12 1.01052e-12 0)
(-1.80726e-12 3.15423e-13 0)
(-5.64256e-13 9.81315e-14 -5.84116e-16)
(-1.7874e-13 2.68693e-14 -1.16823e-15)
(-6.07481e-14 3.5047e-15 -1.16823e-15)
(-0.0675369 -0.00825811 1.10701e-06)
(-0.0419867 -0.00286033 8.74172e-07)
(-0.0248199 -0.000674223 6.34996e-07)
(-0.0140764 3.23262e-05 4.29423e-07)
(-0.00770566 0.000177151 2.73377e-07)
(-0.0040861 0.000152444 1.65143e-07)
(-0.00210318 9.90223e-05 9.52518e-08)
(-0.00105206 5.6438e-05 5.26719e-08)
(-0.000511859 2.96602e-05 2.8022e-08)
(-0.000242376 1.47008e-05 1.43758e-08)
(-0.000111765 6.95591e-06 7.12809e-09)
(-5.02176e-05 3.16514e-06 3.42115e-09)
(-2.19985e-05 1.39168e-06 1.59214e-09)
(-9.40125e-06 5.93259e-07 7.1924e-10)
(-3.92196e-06 2.458e-07 3.15844e-10)
(-1.59816e-06 9.91706e-08 1.34943e-10)
(-6.36526e-07 3.90228e-08 5.61633e-11)
(-2.47951e-07 1.4995e-08 2.27864e-11)
(-9.45236e-08 5.63308e-09 9.02284e-12)
(-3.52867e-08 2.07081e-09 3.48776e-12)
(-1.29074e-08 7.45593e-10 1.31777e-12)
(-4.62892e-09 2.63131e-10 4.85985e-13)
(-1.62849e-09 9.10906e-11 1.74651e-13)
(-5.62334e-10 3.09476e-11 6.19163e-14)
(-1.90699e-10 1.0326e-11 2.21964e-14)
(-6.35425e-11 3.38554e-12 8.76174e-15)
(-2.08167e-11 1.0923e-12 2.92058e-15)
(-6.70799e-12 3.51638e-13 0)
(-2.12501e-12 1.10982e-13 1.75235e-15)
(-6.65892e-13 3.62152e-14 1.16823e-15)
(-2.10282e-13 1.16823e-14 0)
(-7.47669e-14 5.84116e-15 0)
(-0.0579607 -0.0189484 8.9253e-07)
(-0.0365075 -0.0102799 7.03997e-07)
(-0.0220028 -0.00533077 5.15336e-07)
(-0.0127303 -0.00267318 3.52616e-07)
(-0.00709464 -0.00130552 2.2735e-07)
(-0.00381899 -0.000623367 1.38993e-07)
(-0.00198979 -0.000291558 8.10196e-08)
(-0.00100508 -0.000133671 4.52048e-08)
(-0.000492815 -6.00795e-05 2.42279e-08)
(-0.000234807 -2.64686e-05 1.25046e-08)
(-0.000108814 -1.14277e-05 6.23022e-09)
(-4.90879e-05 -4.83435e-06 3.00177e-09)
(-2.1574e-05 -2.00369e-06 1.40114e-09)
(-9.24458e-06 -8.13658e-07 6.3445e-10)
(-3.86518e-06 -3.23756e-07 2.79094e-10)
(-1.57795e-06 -1.26252e-07 1.19402e-10)
(-6.29463e-07 -4.82631e-08 4.97398e-11)
(-2.45526e-07 -1.80916e-08 2.01929e-11)
(-9.37058e-08 -6.65242e-09 7.99889e-12)
(-3.50157e-08 -2.40039e-09 3.09406e-12)
(-1.28192e-08 -8.50278e-10 1.16823e-12)
(-4.6007e-09 -2.95795e-10 4.30494e-13)
(-1.61961e-09 -1.01102e-10 1.54791e-13)
(-5.5959e-10 -3.39675e-11 5.43228e-14)
(-1.89865e-10 -1.1222e-11 1.98599e-14)
(-6.32937e-11 -3.64839e-12 7.00939e-15)
(-2.07361e-11 -1.16706e-12 2.92058e-15)
(-6.68813e-12 -3.65657e-13 3.5047e-15)
(-2.12034e-12 -1.1215e-13 2.33646e-15)
(-6.64724e-13 -3.5047e-14 1.75235e-15)
(-2.10282e-13 -1.05141e-14 5.84116e-16)
(-7.59351e-14 -2.33646e-15 0)
(-0.044983 -0.0272137 6.1979e-07)
(-0.028369 -0.0157385 4.91572e-07)
(-0.0172132 -0.00875004 3.64044e-07)
(-0.0100511 -0.00469741 2.5288e-07)
(-0.00565584 -0.00244317 1.65587e-07)
(-0.00307213 -0.00123394 1.02799e-07)
(-0.00161348 -0.000606111 6.0771e-08)
(-0.000820578 -0.00028986 3.4358e-08)
(-0.000404657 -0.000135066 1.86345e-08)
(-0.000193724 -6.13615e-05 9.72528e-09)
(-9.0131e-05 -2.71949e-05 4.89459e-09)
(-4.07936e-05 -1.1764e-05 2.38091e-09)
(-1.79779e-05 -4.96966e-06 1.12119e-09)
(-7.72132e-06 -2.05136e-06 5.12011e-10)
(-3.23455e-06 -8.27823e-07 2.27032e-10)
(-1.32267e-06 -3.26779e-07 9.78862e-11)
(-5.28366e-07 -1.26251e-07 4.10785e-11)
(-2.0634e-07 -4.77663e-08 1.67992e-11)
(-7.88324e-08 -1.77075e-08 6.70098e-12)
(-2.94845e-08 -6.43541e-09 2.60983e-12)
(-1.08028e-08 -2.29412e-09 9.92413e-13)
(-3.87975e-09 -8.02608e-10 3.69161e-13)
(-1.36666e-09 -2.75717e-10 1.34347e-13)
(-4.72454e-10 -9.30509e-11 4.90658e-14)
(-1.6038e-10 -3.08694e-11 1.69394e-14)
(-5.34863e-11 -1.0069e-11 5.84116e-15)
(-1.75363e-11 -3.23367e-12 5.84116e-16)
(-5.65191e-12 -1.0222e-12 1.75235e-15)
(-1.79324e-12 -3.16591e-13 2.33646e-15)
(-5.65424e-13 -9.69633e-14 1.16823e-15)
(-1.75235e-13 -2.80376e-14 -5.84116e-16)
(-6.30845e-14 -5.84116e-15 0)
(-0.0286913 -0.0332247 1.76278e-07)
(-0.0180438 -0.0195051 1.49827e-07)
(-0.0109617 -0.0110548 1.17296e-07)
(-0.00642347 -0.00605649 8.50471e-08)
(-0.00363118 -0.00321196 5.75922e-08)
(-0.00198193 -0.00165114 3.66763e-08)
(-0.00104571 -0.000823735 2.21154e-08)
(-0.000534038 -0.000399248 1.26879e-08)
(-0.000264317 -0.000188176 6.95891e-09)
(-0.000126936 -8.63235e-05 3.6604e-09)
(-5.92163e-05 -3.85738e-05 1.85277e-09)
(-2.68627e-05 -1.68031e-05 9.04351e-10)
(-1.18614e-05 -7.1407e-06 4.26756e-10)
(-5.10274e-06 -2.9625e-06 1.94979e-10)
(-2.1406e-06 -1.20072e-06 8.64241e-11)
(-8.76383e-07 -4.75762e-07 3.72029e-11)
(-3.5045e-07 -1.8441e-07 1.5579e-11)
(-1.36982e-07 -6.99689e-08 6.35168e-12)
(-5.23748e-08 -2.60029e-08 2.52338e-12)
(-1.96023e-08 -9.47098e-09 9.7781e-13)
(-7.18635e-09 -3.38283e-09 3.7033e-13)
(-2.5823e-09 -1.18556e-09 1.37851e-13)
(-9.10058e-10 -4.07905e-10 5.0234e-14)
(-3.14742e-10 -1.37856e-10 1.63553e-14)
(-1.06883e-10 -4.57854e-11 5.84116e-15)
(-3.56568e-11 -1.49522e-11 1.75235e-15)
(-1.16905e-11 -4.80143e-12 0)
(-3.76872e-12 -1.5187e-12 1.16823e-15)
(-1.19627e-12 -4.71966e-13 2.92058e-15)
(-3.77339e-13 -1.42524e-13 2.33646e-15)
(-1.1916e-13 -3.97199e-14 0)
(-4.32246e-14 -9.34586e-15 0)
(-0.00988323 -0.0364752 -3.56228e-08)
(-0.00619917 -0.0214706 -1.68383e-08)
(-0.00376462 -0.0122322 -5.76541e-09)
(-0.00220827 -0.00674428 -3.29909e-10)
(-0.00125049 -0.00360046 1.6832e-09)
(-0.000683913 -0.00186261 1.9841e-09)
(-0.000361588 -0.00093462 1.61691e-09)
(-0.000185019 -0.000455318 1.11682e-09)
(-9.17329e-05 -0.000215563 6.94614e-10)
(-4.41219e-05 -9.92688e-05 4.00344e-10)
(-2.06106e-05 -4.45053e-05 2.16968e-10)
(-9.36046e-06 -1.94419e-05 1.11705e-10)
(-4.13725e-06 -8.28217e-06 5.49589e-11)
(-1.78134e-06 -3.44324e-06 2.59745e-11)
(-7.47816e-07 -1.39809e-06 1.18272e-11)
(-3.06355e-07 -5.54826e-07 5.20739e-12)
(-1.22572e-07 -2.15348e-07 2.21847e-12)
(-4.79328e-08 -8.1804e-08 9.17646e-13)
(-1.83345e-08 -3.04328e-08 3.68577e-13)
(-6.86448e-09 -1.10947e-08 1.44277e-13)
(-2.51736e-09 -3.966e-09 5.66593e-14)
(-9.04823e-10 -1.39095e-09 2.04441e-14)
(-3.18955e-10 -4.78886e-10 8.17763e-15)
(-1.10335e-10 -1.61935e-10 1.75235e-15)
(-3.74769e-11 -5.38088e-11 1.16823e-15)
(-1.25024e-11 -1.75784e-11 0)
(-4.10166e-12 -5.6484e-12 0)
(-1.32478e-12 -1.78389e-12 0)
(-4.18227e-13 -5.5491e-13 1.16823e-15)
(-1.3201e-13 -1.69394e-13 5.84116e-16)
(-4.20564e-14 -4.78975e-14 5.84116e-16)
(-1.16823e-14 -7.00939e-15 0)
)
;

boundaryField
{
    base
    {
        type            calculated;
        value           nonuniform List<vector> 
160
(
(-2.71418 1.6946 -1.18636e-08)
(-1.28246 0.473393 -4.30267e-09)
(-0.820611 0.160653 2.33224e-09)
(-0.639852 0.0657898 3.65629e-09)
(-0.557452 0.030916 1.18041e-08)
(-0.516188 0.0157209 8.74741e-09)
(-0.494568 0.00827122 1.40408e-08)
(-0.483103 0.00437327 1.02004e-08)
(-2.71418 1.6946 -4.40549e-09)
(-1.28246 0.473393 6.40229e-08)
(-0.820611 0.160653 8.56142e-08)
(-0.639852 0.0657898 1.26781e-07)
(-0.557451 0.030916 1.29807e-07)
(-0.516188 0.0157209 1.34371e-07)
(-0.494568 0.00827123 1.18583e-07)
(-0.483103 0.00437327 1.01746e-07)
(-2.71418 1.6946 2.01268e-08)
(-1.28246 0.473393 1.80707e-07)
(-0.82061 0.160653 2.86818e-07)
(-0.639851 0.0657899 3.70168e-07)
(-0.55745 0.030916 3.84072e-07)
(-0.516187 0.0157209 3.80278e-07)
(-0.494567 0.00827116 3.29767e-07)
(-0.483102 0.00437319 2.73226e-07)
(-2.71418 1.6946 1.26687e-08)
(-1.28246 0.473393 1.12382e-07)
(-0.820608 0.160653 2.03536e-07)
(-0.639849 0.06579 2.47044e-07)
(-0.557448 0.030916 2.66069e-07)
(-0.516185 0.0157208 2.54655e-07)
(-0.494565 0.00827101 2.25224e-07)
(-0.483101 0.00437302 1.81681e-07)
(-0.477075 0.00228581 1.12723e-08)
(-0.47396 0.00117624 8.13158e-09)
(-0.47237 0.000604543 6.73973e-09)
(-0.471542 0.000327365 4.70416e-09)
(-0.471061 0.00020961 3.09391e-09)
(-0.470703 0.000175941 1.99734e-09)
(-0.470357 0.000181108 7.79213e-10)
(-0.469979 0.000193377 -8.91164e-10)
(-0.477075 0.00228581 7.92015e-08)
(-0.47396 0.00117623 5.96072e-08)
(-0.47237 0.000604536 4.14737e-08)
(-0.471542 0.000327358 2.86489e-08)
(-0.47106 0.000209604 1.83007e-08)
(-0.470703 0.000175936 1.29707e-08)
(-0.470357 0.000181103 8.8121e-09)
(-0.469979 0.000193373 8.18685e-09)
(-0.477074 0.00228573 2.07607e-07)
(-0.473959 0.00117616 1.48754e-07)
(-0.47237 0.000604481 1.0182e-07)
(-0.471542 0.000327319 6.55092e-08)
(-0.47106 0.000209578 4.20615e-08)
(-0.470703 0.000175922 2.77287e-08)
(-0.470357 0.000181099 2.20974e-08)
(-0.469979 0.000193376 2.70241e-08)
(-0.477073 0.00228556 1.39678e-07)
(-0.473959 0.00117602 9.72786e-08)
(-0.472369 0.00060437 6.70863e-08)
(-0.471541 0.000327238 4.15644e-08)
(-0.47106 0.000209529 2.68547e-08)
(-0.470703 0.000175896 1.67553e-08)
(-0.470357 0.000181101 1.40645e-08)
(-0.469979 0.000193393 1.7946e-08)
(-0.469583 0.000189701 -1.23182e-09)
(-0.46922 0.000159593 -3.5873e-09)
(-0.468945 0.000105598 -2.61593e-09)
(-0.468798 3.68498e-05 -4.08689e-09)
(-0.468797 -3.66529e-05 -2.64247e-09)
(-0.468944 -0.000105462 -2.62478e-09)
(-0.469219 -0.000159568 -1.58059e-09)
(-0.469583 -0.000189857 -3.28285e-11)
(-0.469583 0.000189696 8.45434e-09)
(-0.46922 0.00015959 9.45802e-09)
(-0.468945 0.000105597 1.17675e-08)
(-0.468798 3.68498e-05 1.19604e-08)
(-0.468797 -3.665e-05 1.34231e-08)
(-0.468944 -0.00010546 1.19492e-08)
(-0.469219 -0.000159562 1.17106e-08)
(-0.469583 -0.000189854 1.00532e-08)
(-0.469583 0.000189704 3.20341e-08)
(-0.46922 0.000159599 4.6469e-08)
(-0.468945 0.000105603 5.12939e-08)
(-0.468798 3.68531e-05 5.8955e-08)
(-0.468797 -3.66529e-05 5.70084e-08)
(-0.468944 -0.000105466 5.22835e-08)
(-0.469219 -0.000159571 4.4827e-08)
(-0.469583 -0.000189861 3.20516e-08)
(-0.469583 0.000189735 2.23479e-08)
(-0.46922 0.000159629 3.34236e-08)
(-0.468944 0.000105622 3.69105e-08)
(-0.468797 3.68612e-05 4.29077e-08)
(-0.468797 -3.66633e-05 4.09429e-08)
(-0.468944 -0.000105485 3.77095e-08)
(-0.469219 -0.000159603 3.15358e-08)
(-0.469582 -0.000189888 2.19656e-08)
(-0.469979 -0.000193686 -8.3941e-11)
(-0.470357 -0.000181568 1.32645e-09)
(-0.470705 -0.000176513 9.9709e-10)
(-0.471063 -0.000210278 1.28057e-09)
(-0.471546 -0.000328104 2.56288e-09)
(-0.472376 -0.000605301 1.25673e-09)
(-0.473967 -0.00117686 5.71522e-09)
(-0.477083 -0.00228609 1.0368e-09)
(-0.469979 -0.000193683 9.54239e-09)
(-0.470357 -0.000181566 1.01391e-08)
(-0.470705 -0.000176513 1.30737e-08)
(-0.471063 -0.000210275 1.80827e-08)
(-0.471546 -0.000328104 2.86122e-08)
(-0.472376 -0.000605295 3.89519e-08)
(-0.473967 -0.00117686 6.0532e-08)
(-0.477083 -0.00228608 7.31701e-08)
(-0.469979 -0.000193685 2.78762e-08)
(-0.470357 -0.000181561 2.36341e-08)
(-0.470705 -0.000176497 3.21581e-08)
(-0.471063 -0.000210247 4.86268e-08)
(-0.471546 -0.000328062 7.37479e-08)
(-0.472375 -0.000605237 1.16861e-07)
(-0.473967 -0.00117679 1.60074e-07)
(-0.477083 -0.002286 2.32424e-07)
(-0.469979 -0.0001937 1.82499e-08)
(-0.470357 -0.000181557 1.48214e-08)
(-0.470705 -0.000176463 2.00815e-08)
(-0.471063 -0.000210192 3.18246e-08)
(-0.471546 -0.000327968 4.76986e-08)
(-0.472375 -0.000605122 7.91656e-08)
(-0.473966 -0.00117663 1.05257e-07)
(-0.477081 -0.00228584 1.60291e-07)
(-0.483112 -0.00437303 1.05114e-08)
(-0.494575 -0.0082703 1.7363e-09)
(-0.516193 -0.0157194 1.64168e-08)
(-0.557453 -0.030914 4.8756e-09)
(-0.639849 -0.0657878 2.11847e-08)
(-0.820604 -0.160651 9.34866e-09)
(-1.28245 -0.473393 2.69568e-08)
(-2.71418 -1.6946 4.43063e-08)
(-0.483112 -0.00437303 1.05578e-07)
(-0.494575 -0.00827029 1.09744e-07)
(-0.516193 -0.0157194 1.42826e-07)
(-0.557453 -0.030914 1.2221e-07)
(-0.639849 -0.0657878 1.39849e-07)
(-0.820604 -0.160651 8.67892e-08)
(-1.28245 -0.473393 8.87725e-08)
(-2.71418 -1.6946 4.71078e-08)
(-0.483111 -0.00437295 2.80641e-07)
(-0.494574 -0.00827023 3.55829e-07)
(-0.516192 -0.0157193 3.70094e-07)
(-0.557452 -0.030914 3.9211e-07)
(-0.639848 -0.0657879 3.32213e-07)
(-0.820603 -0.160651 2.62074e-07)
(-1.28245 -0.473394 1.15413e-07)
(-2.71418 -1.6946 -7.01244e-08)
(-0.483109 -0.00437278 1.85575e-07)
(-0.494572 -0.00827011 2.47821e-07)
(-0.51619 -0.0157193 2.43685e-07)
(-0.55745 -0.0309141 2.74776e-07)
(-0.639846 -0.0657881 2.13548e-07)
(-0.820602 -0.160652 1.84634e-07)
(-1.28245 -0.473394 5.3597e-08)
(-2.71418 -1.6946 -7.2926e-08)
)
;
    }
    cooled
    {
        type            calculated;
        value           nonuniform List<vector> 
992
(
(-1.73496 2.67334 -1.18636e-08)
(-1.73496 2.67334 -4.40549e-09)
(-1.73496 2.67334 2.01268e-08)
(-1.73496 2.67334 1.26687e-08)
(-0.51187 1.16188 -2.36131e-08)
(-0.51187 1.16188 1.34455e-08)
(-0.51187 1.16188 7.24013e-08)
(-0.51187 1.16188 3.53427e-08)
(-0.195638 0.625858 -2.69692e-08)
(-0.195638 0.625858 3.60677e-08)
(-0.195638 0.625858 1.30855e-07)
(-0.195637 0.625859 6.78176e-08)
(-0.0961456 0.379328 -2.56123e-08)
(-0.0961456 0.379328 5.56656e-08)
(-0.0961455 0.379329 1.77812e-07)
(-0.0961454 0.37933 9.65341e-08)
(-0.0560743 0.241276 -2.17831e-08)
(-0.0560743 0.241275 6.88997e-08)
(-0.0560743 0.241276 2.08266e-07)
(-0.0560742 0.241277 1.17584e-07)
(-0.0356562 0.155031 -1.72998e-08)
(-0.0356561 0.155031 7.46247e-08)
(-0.0356561 0.155032 2.22899e-07)
(-0.0356561 0.155033 1.30975e-07)
(-0.0233843 0.098651 -1.32363e-08)
(-0.0233843 0.0986509 7.35826e-08)
(-0.0233843 0.0986516 2.23613e-07)
(-0.0233843 0.0986527 1.36794e-07)
(-0.015334 0.0614937 -1.0021e-08)
(-0.015334 0.0614936 6.72109e-08)
(-0.0153341 0.0614943 2.12329e-07)
(-0.0153341 0.0614953 1.35097e-07)
(-0.00988193 0.0373149 -7.37859e-09)
(-0.00988192 0.0373149 5.76681e-08)
(-0.00988197 0.0373154 1.89963e-07)
(-0.00988203 0.0373164 1.24917e-07)
(-0.00619782 0.021966 -4.90811e-09)
(-0.00619781 0.021966 4.68245e-08)
(-0.00619786 0.0219664 1.58493e-07)
(-0.00619794 0.0219672 1.06761e-07)
(-0.00376337 0.0125237 -2.79725e-09)
(-0.00376336 0.0125236 3.60301e-08)
(-0.00376341 0.012524 1.22895e-07)
(-0.0037635 0.0125246 8.40674e-08)
(-0.00220723 0.00691251 -1.25319e-09)
(-0.00220722 0.0069125 2.62142e-08)
(-0.00220726 0.00691272 8.88041e-08)
(-0.00220735 0.00691321 6.13367e-08)
(-0.00124971 0.00369476 -3.36425e-10)
(-0.0012497 0.00369475 1.8034e-08)
(-0.00124974 0.0036949 6.01357e-08)
(-0.0012498 0.00369523 4.17653e-08)
(-0.000683362 0.00191369 1.06523e-10)
(-0.000683361 0.00191369 1.17408e-08)
(-0.000683384 0.00191378 3.83846e-08)
(-0.000683435 0.00191399 2.67503e-08)
(-0.000361228 0.000961307 2.45211e-10)
(-0.000361228 0.000961309 7.25523e-09)
(-0.000361243 0.000961365 2.32248e-08)
(-0.000361278 0.000961495 1.62148e-08)
(-0.000184798 0.000468773 2.4003e-10)
(-0.000184798 0.000468775 4.26627e-09)
(-0.000184807 0.000468807 1.33827e-08)
(-0.00018483 0.000468882 9.35649e-09)
(-9.16041e-05 0.000222116 1.81443e-10)
(-9.16043e-05 0.000222118 2.39584e-09)
(-9.16101e-05 0.000222135 7.37428e-09)
(-9.16233e-05 0.000222177 5.15988e-09)
(-4.40503e-05 0.000102356 1.2026e-10)
(-4.40505e-05 0.000102357 1.28807e-09)
(-4.40537e-05 0.000102367 3.89851e-09)
(-4.40613e-05 0.000102389 2.7307e-09)
(-2.05725e-05 4.59151e-05 7.21897e-11)
(-2.05726e-05 4.59157e-05 6.65086e-10)
(-2.05744e-05 4.59204e-05 1.98313e-09)
(-2.05785e-05 4.59315e-05 1.39024e-09)
(-9.34097e-06 2.00666e-05 4.0467e-11)
(-9.34107e-06 2.00669e-05 3.30448e-10)
(-9.34198e-06 2.00692e-05 9.7291e-10)
(-9.34411e-06 2.00747e-05 6.82929e-10)
(-4.12765e-06 8.55122e-06 2.12916e-11)
(-4.1277e-06 8.55139e-06 1.58403e-10)
(-4.12816e-06 8.55248e-06 4.61328e-10)
(-4.12923e-06 8.55508e-06 3.24217e-10)
(-1.77677e-06 3.55601e-06 1.06806e-11)
(-1.7768e-06 3.55609e-06 7.33609e-11)
(-1.77702e-06 3.5566e-06 2.11776e-10)
(-1.77754e-06 3.55779e-06 1.49094e-10)
(-7.45709e-07 1.44414e-06 5.10459e-12)
(-7.45726e-07 1.44418e-06 3.28986e-11)
(-7.45827e-07 1.4444e-06 9.42793e-11)
(-7.46068e-07 1.44493e-06 6.64858e-11)
(-3.05414e-07 5.73173e-07 2.34756e-12)
(-3.05422e-07 5.73192e-07 1.42968e-11)
(-3.05468e-07 5.73287e-07 4.07538e-11)
(-3.05576e-07 5.73518e-07 2.88039e-11)
(-1.22164e-07 2.22484e-07 1.03681e-12)
(-1.22168e-07 2.22492e-07 6.03392e-12)
(-1.22188e-07 2.22532e-07 1.71304e-11)
(-1.22235e-07 2.22629e-07 1.21338e-11)
(-4.77606e-08 8.45171e-08 4.45096e-13)
(-4.77623e-08 8.45207e-08 2.47315e-12)
(-4.77707e-08 8.45369e-08 7.00589e-12)
(-4.77909e-08 8.45767e-08 4.97959e-12)
(-1.82638e-08 3.14418e-08 1.82828e-13)
(-1.82645e-08 3.14433e-08 9.86572e-13)
(-1.82679e-08 3.14497e-08 2.79383e-12)
(-1.82764e-08 3.14656e-08 1.99008e-12)
(-6.83619e-09 1.1462e-08 7.24304e-14)
(-6.8365e-09 1.14626e-08 3.83764e-13)
(-6.83787e-09 1.14651e-08 1.08646e-12)
(-6.84126e-09 1.14713e-08 7.76874e-13)
(-2.50631e-09 4.09706e-09 2.74535e-14)
(-2.50644e-09 4.09728e-09 1.44277e-13)
(-2.50698e-09 4.09822e-09 4.13554e-13)
(-2.5083e-09 4.10058e-09 2.95563e-13)
(-9.00611e-10 1.43679e-09 1.05141e-14)
(-9.00659e-10 1.43687e-09 5.25704e-14)
(-9.0086e-10 1.43721e-09 1.54207e-13)
(-9.01378e-10 1.4381e-09 1.10982e-13)
(-3.17389e-10 4.94613e-10 4.08881e-15)
(-3.17404e-10 4.94647e-10 1.98599e-14)
(-3.17482e-10 4.9477e-10 5.43228e-14)
(-3.17674e-10 4.95083e-10 3.97199e-14)
(-1.0976e-10 1.67237e-10 1.75235e-15)
(-1.09769e-10 1.67252e-10 7.00939e-15)
(-1.09796e-10 1.6729e-10 1.81076e-14)
(-1.09865e-10 1.67401e-10 1.46029e-14)
(-3.72713e-11 5.55682e-11 0)
(-3.72748e-11 5.5572e-11 2.33646e-15)
(-3.7283e-11 5.55758e-11 5.84116e-15)
(-3.73063e-11 5.56256e-11 6.42528e-15)
(-1.24335e-11 1.81527e-11 0)
(-1.24335e-11 1.81565e-11 1.75235e-15)
(-1.24335e-11 1.81603e-11 1.16823e-15)
(-1.24463e-11 1.81718e-11 1.75235e-15)
(-4.07713e-12 5.83397e-12 1.16823e-15)
(-4.0783e-12 5.83397e-12 5.84116e-16)
(-4.07947e-12 5.84162e-12 1.16823e-15)
(-4.08063e-12 5.84162e-12 0)
(-1.31543e-12 1.84513e-12 0)
(-1.31543e-12 1.84895e-12 1.16823e-15)
(-1.31893e-12 1.84513e-12 -1.16823e-15)
(-1.31777e-12 1.84513e-12 0)
(-4.19395e-13 5.70381e-13 0)
(-4.19395e-13 5.70381e-13 0)
(-4.17059e-13 5.70381e-13 5.84116e-16)
(-4.14722e-13 5.78038e-13 1.16823e-15)
(-1.26169e-13 1.72263e-13 0)
(-1.3201e-13 1.72263e-13 0)
(-1.33178e-13 1.68435e-13 0)
(-1.3201e-13 1.79919e-13 1.75235e-15)
(-4.20564e-14 6.1249e-14 -2.33646e-15)
(-3.73834e-14 4.59368e-14 -2.92058e-15)
(-4.08881e-14 3.82806e-14 0)
(-4.20564e-14 4.97648e-14 2.33646e-15)
(-1.63553e-14 3.82806e-15 1.16823e-15)
(-1.5187e-14 1.14842e-14 0)
(-1.16823e-14 3.82806e-15 -1.16823e-15)
(-1.5187e-14 7.65613e-15 1.16823e-15)
(-3.82806e-15 8.17763e-15 1.16823e-15)
(-3.06245e-14 9.34586e-15 0)
(-4.21087e-14 5.84116e-15 -5.84116e-16)
(-5.35929e-14 5.84116e-15 1.16823e-15)
(-6.1249e-14 0 5.84116e-16)
(-5.35929e-14 -8.17763e-15 -1.16823e-15)
(-2.67964e-14 -1.28506e-14 -1.16823e-15)
(0 -8.17763e-15 1.16823e-15)
(-1.14842e-14 1.05141e-14 0)
(-2.67964e-14 5.84116e-15 -2.33646e-15)
(-3.44526e-14 4.67293e-15 0)
(-5.35929e-14 8.17763e-15 -1.16823e-15)
(-6.1249e-14 -3.5047e-15 -1.16823e-15)
(-3.82806e-14 -9.34586e-15 -1.16823e-15)
(-2.29684e-14 -8.17763e-15 1.16823e-15)
(-7.65613e-15 -8.17763e-15 1.75235e-15)
(-3.82806e-15 8.17763e-15 -1.16823e-15)
(-2.29684e-14 7.00939e-15 0)
(-4.21087e-14 5.84116e-15 1.75235e-15)
(-4.21087e-14 2.33646e-15 -1.16823e-15)
(-5.35929e-14 3.5047e-15 0)
(-4.97648e-14 -7.00939e-15 1.75235e-15)
(-3.06245e-14 -8.17763e-15 1.16823e-15)
(-1.53123e-14 -1.16823e-14 1.16823e-15)
(-7.65613e-15 5.84116e-15 1.16823e-15)
(-2.29684e-14 9.34586e-15 0)
(-4.59368e-14 8.17763e-15 0)
(-5.35929e-14 3.5047e-15 2.33646e-15)
(-6.1249e-14 -2.33646e-15 1.16823e-15)
(-4.59368e-14 -7.00939e-15 -5.84116e-16)
(-3.06245e-14 -9.34586e-15 0)
(-1.14842e-14 -9.34586e-15 -1.16823e-15)
(-7.65613e-15 1.16823e-14 0)
(-4.21087e-14 1.16823e-14 -1.75235e-15)
(-5.35929e-14 8.17763e-15 -5.84116e-16)
(-6.50771e-14 3.5047e-15 -5.84116e-16)
(-6.89051e-14 -3.5047e-15 -5.84116e-16)
(-4.97648e-14 -1.16823e-14 0)
(-2.67964e-14 -9.34586e-15 1.16823e-15)
(-7.65613e-15 -1.05141e-14 5.84116e-16)
(-7.65613e-15 1.05141e-14 0)
(-3.44526e-14 1.05141e-14 -1.16823e-15)
(-4.97648e-14 5.84116e-15 -1.16823e-15)
(-5.35929e-14 4.67293e-15 -2.33646e-15)
(-6.89051e-14 0 -1.16823e-15)
(-4.97648e-14 -1.05141e-14 0)
(-3.06245e-14 -9.34586e-15 0)
(-1.14842e-14 -1.16823e-14 0)
(-7.65613e-15 1.16823e-14 0)
(-3.44526e-14 9.34586e-15 0)
(-4.59368e-14 5.84116e-15 0)
(-5.74209e-14 3.5047e-15 1.16823e-15)
(-6.1249e-14 -1.16823e-15 -5.84116e-16)
(-4.97648e-14 -8.17763e-15 5.84116e-16)
(-3.06245e-14 -9.34586e-15 5.84116e-16)
(-1.14842e-14 -1.16823e-14 1.16823e-15)
(-1.14842e-14 1.16823e-14 5.84116e-16)
(-3.82806e-14 8.17763e-15 1.16823e-15)
(-4.59368e-14 4.67293e-15 0)
(-6.1249e-14 5.84116e-15 1.16823e-15)
(-6.50771e-14 -1.16823e-15 5.84116e-16)
(-5.74209e-14 -5.84116e-15 1.16823e-15)
(-4.21087e-14 -9.34586e-15 1.75235e-15)
(-1.91403e-14 -1.5187e-14 1.16823e-15)
(0 4.67293e-15 0)
(-1.91403e-14 9.34586e-15 0)
(-3.82806e-14 5.84116e-15 0)
(-3.82806e-14 1.16823e-15 0)
(-4.21087e-14 -1.16823e-15 -5.84116e-16)
(-3.06245e-14 -5.84116e-15 0)
(-2.29684e-14 -8.17763e-15 -5.84116e-16)
(0 -5.84116e-15 0)
(-3.82806e-15 8.17763e-15 1.16823e-15)
(-2.29684e-14 8.17763e-15 5.84116e-16)
(-4.21087e-14 4.67293e-15 5.84116e-16)
(-4.21087e-14 -1.16823e-15 5.84116e-16)
(-3.44526e-14 -3.5047e-15 5.84116e-16)
(-2.67964e-14 -5.84116e-15 5.84116e-16)
(-1.53123e-14 -5.84116e-15 0)
(0 -4.67293e-15 0)
(-7.65613e-15 8.17763e-15 0)
(-2.67964e-14 9.34586e-15 1.16823e-15)
(-4.21087e-14 3.5047e-15 -5.84116e-16)
(-4.21087e-14 2.33646e-15 1.16823e-15)
(-4.97648e-14 0 2.33646e-15)
(-4.59368e-14 -5.84116e-15 1.75235e-15)
(-2.67964e-14 -9.34586e-15 1.75235e-15)
(0 -8.17763e-15 0)
(0 5.84116e-15 -1.16823e-15)
(-2.67964e-14 8.17763e-15 0)
(-3.44526e-14 3.5047e-15 -1.16823e-15)
(-4.59368e-14 5.84116e-15 0)
(-4.97648e-14 -2.33646e-15 0)
(-4.21087e-14 -5.84116e-15 0)
(-2.67964e-14 -9.34586e-15 0)
(0 -7.00939e-15 0)
(-0.0785007 -0.12343 7.53579e-08)
(-0.0785009 -0.123431 1.83792e-07)
(-0.0785012 -0.123432 2.15525e-07)
(-0.0785014 -0.123432 1.07091e-07)
(-0.0252236 -0.0499004 4.77999e-08)
(-0.0252237 -0.0499007 1.14923e-07)
(-0.0252238 -0.0499013 1.31906e-07)
(-0.0252239 -0.0499018 6.47832e-08)
(-0.00979245 -0.0225358 3.14229e-08)
(-0.0097925 -0.0225361 7.65634e-08)
(-0.00979257 -0.0225365 8.71825e-08)
(-0.00979265 -0.0225368 4.2042e-08)
(-0.00433459 -0.0107306 2.02451e-08)
(-0.00433463 -0.0107307 5.03525e-08)
(-0.00433468 -0.010731 5.74972e-08)
(-0.00433473 -0.0107312 2.73899e-08)
(-0.00205461 -0.00519747 1.25826e-08)
(-0.00205464 -0.00519757 3.18555e-08)
(-0.00205467 -0.00519772 3.6472e-08)
(-0.00205471 -0.00519786 1.71992e-08)
(-0.000999461 -0.00251212 7.51989e-09)
(-0.000999478 -0.00251218 1.92784e-08)
(-0.000999503 -0.00251227 2.20554e-08)
(-0.000999525 -0.00251236 1.0297e-08)
(-0.000487269 -0.00119962 4.32044e-09)
(-0.00048728 -0.00119966 1.11713e-08)
(-0.000487296 -0.00119971 1.27302e-08)
(-0.00048731 -0.00119976 5.87935e-09)
(-0.000235153 -0.000563041 2.38952e-09)
(-0.000235159 -0.00056306 6.21211e-09)
(-0.000235169 -0.000563091 7.03773e-09)
(-0.000235177 -0.000563117 3.21514e-09)
(-0.000111607 -0.000259011 1.27367e-09)
(-0.000111611 -0.000259021 3.32334e-09)
(-0.000111616 -0.000259038 3.73936e-09)
(-0.000111621 -0.000259051 1.68969e-09)
(-5.19164e-05 -0.000116612 6.55425e-10)
(-5.19182e-05 -0.000116617 1.71399e-09)
(-5.19213e-05 -0.000116626 1.91493e-09)
(-5.19238e-05 -0.000116633 8.56367e-10)
(-2.36268e-05 -5.13456e-05 3.26003e-10)
(-2.36278e-05 -5.13482e-05 8.53905e-10)
(-2.36294e-05 -5.13525e-05 9.47326e-10)
(-2.36307e-05 -5.13558e-05 4.19426e-10)
(-1.05103e-05 -2.21047e-05 1.56989e-10)
(-1.05108e-05 -2.21059e-05 4.11583e-10)
(-1.05116e-05 -2.2108e-05 4.53559e-10)
(-1.05123e-05 -2.21096e-05 1.98965e-10)
(-4.56864e-06 -9.30447e-06 7.32674e-11)
(-4.56889e-06 -9.30505e-06 1.92237e-10)
(-4.56929e-06 -9.306e-06 2.10493e-10)
(-4.5696e-06 -9.30674e-06 9.15251e-11)
(-1.94053e-06 -3.83011e-06 3.31877e-11)
(-1.94065e-06 -3.83038e-06 8.71104e-11)
(-1.94084e-06 -3.83081e-06 9.48161e-11)
(-1.94099e-06 -3.83114e-06 4.08934e-11)
(-8.05573e-07 -1.54235e-06 1.46029e-11)
(-8.05627e-07 -1.54246e-06 3.83461e-11)
(-8.05715e-07 -1.54265e-06 4.1505e-11)
(-8.05782e-07 -1.5428e-06 1.77612e-11)
(-3.26956e-07 -6.07819e-07 6.25063e-12)
(-3.2698e-07 -6.07869e-07 1.64166e-11)
(-3.27019e-07 -6.0795e-07 1.76713e-11)
(-3.27049e-07 -6.0801e-07 7.50706e-12)
(-1.29796e-07 -2.34521e-07 2.60399e-12)
(-1.29806e-07 -2.34542e-07 6.84e-12)
(-1.29823e-07 -2.34576e-07 7.32715e-12)
(-1.29835e-07 -2.34601e-07 3.09114e-12)
(-5.04226e-08 -8.86366e-08 1.05842e-12)
(-5.0427e-08 -8.86451e-08 2.77806e-12)
(-5.04341e-08 -8.86588e-08 2.96147e-12)
(-5.04393e-08 -8.86688e-08 1.24183e-12)
(-1.91782e-08 -3.28309e-08 4.18811e-13)
(-1.918e-08 -3.28343e-08 1.09989e-12)
(-1.91829e-08 -3.28397e-08 1.16765e-12)
(-1.91851e-08 -3.28436e-08 4.87153e-13)
(-7.14565e-09 -1.19237e-08 1.618e-13)
(-7.14637e-09 -1.1925e-08 4.25821e-13)
(-7.14753e-09 -1.19271e-08 4.48601e-13)
(-7.14836e-09 -1.19286e-08 1.86917e-13)
(-2.6095e-09 -4.24832e-09 6.0164e-14)
(-2.60979e-09 -4.2488e-09 1.60048e-13)
(-2.61024e-09 -4.2496e-09 1.69978e-13)
(-2.61056e-09 -4.25016e-09 7.12622e-14)
(-9.34532e-10 -1.48566e-09 2.10282e-14)
(-9.34635e-10 -1.48584e-09 5.89957e-14)
(-9.34805e-10 -1.48613e-09 6.30845e-14)
(-9.34932e-10 -1.48634e-09 2.62852e-14)
(-3.28381e-10 -5.10197e-10 8.17763e-15)
(-3.28417e-10 -5.10262e-10 2.21964e-14)
(-3.28484e-10 -5.10373e-10 2.10282e-14)
(-3.28528e-10 -5.10434e-10 7.59351e-15)
(-1.13278e-10 -1.7214e-10 2.33646e-15)
(-1.13292e-10 -1.72163e-10 7.00939e-15)
(-1.13316e-10 -1.72198e-10 8.76174e-15)
(-1.13328e-10 -1.72232e-10 4.67293e-15)
(-3.83823e-11 -5.70841e-11 1.75235e-15)
(-3.83858e-11 -5.70994e-11 4.08881e-15)
(-3.83963e-11 -5.71109e-11 1.75235e-15)
(-3.84021e-11 -5.71185e-11 1.16823e-15)
(-1.27781e-11 -1.8612e-11 5.84116e-16)
(-1.27828e-11 -1.86197e-11 1.16823e-15)
(-1.27851e-11 -1.86159e-11 0)
(-1.27851e-11 -1.86274e-11 1.75235e-15)
(-4.18461e-12 -5.97178e-12 5.84116e-16)
(-4.1811e-12 -5.97561e-12 0)
(-4.18461e-12 -5.96412e-12 0)
(-4.18461e-12 -5.97943e-12 1.75235e-15)
(-1.34464e-12 -1.87575e-12 5.84116e-16)
(-1.34931e-12 -1.88341e-12 1.16823e-15)
(-1.34347e-12 -1.88341e-12 0)
(-1.34931e-12 -1.88724e-12 1.16823e-15)
(-4.27573e-13 -5.89522e-13 0)
(-4.25237e-13 -5.85694e-13 -5.84116e-16)
(-4.26405e-13 -5.89522e-13 5.84116e-16)
(-4.24068e-13 -5.89522e-13 0)
(-1.35515e-13 -1.72263e-13 5.84116e-16)
(-1.36683e-13 -1.76091e-13 0)
(-1.34347e-13 -1.76091e-13 0)
(-1.34347e-13 -1.79919e-13 1.16823e-15)
(-4.20564e-14 -4.59368e-14 0)
(-4.20564e-14 -4.59368e-14 1.75235e-15)
(-3.97199e-14 -5.74209e-14 1.16823e-15)
(-4.20564e-14 -5.35929e-14 -1.16823e-15)
(-1.16823e-14 0 1.16823e-15)
(-1.28506e-14 -7.65613e-15 1.75235e-15)
(-1.75235e-14 -1.53123e-14 1.16823e-15)
(-1.75235e-14 -1.14842e-14 -1.16823e-15)
(-0.244477 -0.0369384 5.92111e-08)
(-0.21615 -0.00889423 2.88583e-08)
(-0.2089 -0.00223594 1.89819e-08)
(-0.207206 -0.00030948 1.05936e-08)
(-0.207662 0.000831386 2.3613e-08)
(-0.210531 0.00307691 3.05319e-09)
(-0.21997 0.0107319 3.43587e-08)
(-0.253459 0.0420495 1.47329e-08)
(-0.244478 -0.0369386 1.30602e-07)
(-0.21615 -0.00889431 5.71601e-08)
(-0.208901 -0.00223597 2.37561e-08)
(-0.207206 -0.00030947 3.34142e-09)
(-0.207663 0.000831371 9.72333e-09)
(-0.210531 0.00307693 -2.72483e-08)
(-0.21997 0.010732 1.88114e-08)
(-0.253459 0.0420492 -9.9718e-09)
(-0.244478 -0.036939 1.13586e-07)
(-0.21615 -0.00889444 2.76734e-09)
(-0.208901 -0.00223604 -3.92784e-08)
(-0.207206 -0.000309508 -6.13043e-08)
(-0.207663 0.000831325 -1.20141e-07)
(-0.210531 0.00307693 -1.21769e-07)
(-0.21997 0.010732 -1.78982e-07)
(-0.253459 0.0420493 -1.49766e-07)
(-0.244479 -0.0369394 4.21947e-08)
(-0.21615 -0.00889461 -2.55344e-08)
(-0.2089 -0.0022361 -4.40526e-08)
(-0.207205 -0.000309632 -5.40522e-08)
(-0.207662 0.00083125 -1.06251e-07)
(-0.21053 0.00307681 -9.14674e-08)
(-0.219969 0.0107319 -1.63435e-07)
(-0.253458 0.0420502 -1.25061e-07)
(-0.0830483 0.134688 -8.25242e-08)
(-0.0830481 0.134687 -1.96773e-08)
(-0.0830481 0.134688 2.88359e-07)
(-0.0830482 0.13469 2.25512e-07)
(-0.0271883 0.0559749 -5.12018e-08)
(-0.0271882 0.0559745 7.44591e-09)
(-0.0271883 0.055975 2.8159e-07)
(-0.0271884 0.0559768 2.22942e-07)
(-0.0108421 0.0259348 -2.84423e-08)
(-0.010842 0.0259345 1.93935e-08)
(-0.010842 0.0259349 2.25135e-07)
(-0.0108422 0.0259363 1.77299e-07)
(-0.00493315 0.0126067 -1.45719e-08)
(-0.0049331 0.0126066 2.06713e-08)
(-0.00493315 0.0126069 1.57828e-07)
(-0.00493335 0.0126079 1.22585e-07)
(-0.00239372 0.00620216 -6.9475e-09)
(-0.00239369 0.00620211 1.69832e-08)
(-0.00239373 0.0062023 1.01827e-07)
(-0.00239389 0.00620292 7.78964e-08)
(-0.00118571 0.00303184 -3.05798e-09)
(-0.0011857 0.00303182 1.21067e-08)
(-0.00118573 0.00303194 6.19131e-08)
(-0.00118583 0.00303231 4.67484e-08)
(-0.000585827 0.00145931 -1.22143e-09)
(-0.000585822 0.0014593 7.8598e-09)
(-0.000585842 0.00145938 3.58707e-08)
(-0.000585906 0.00145959 2.67895e-08)
(-0.000285388 0.000688536 -4.18539e-10)
(-0.000285386 0.000688532 4.7486e-09)
(-0.000285399 0.000688574 1.99221e-08)
(-0.000285437 0.000688692 1.4755e-08)
(-0.00013631 0.000317759 -1.05473e-10)
(-0.000136309 0.000317758 2.70775e-09)
(-0.000136317 0.00031778 1.06424e-08)
(-0.000136338 0.000317843 7.8292e-09)
(-6.3659e-05 0.000143295 -7.99655e-13)
(-6.36587e-05 0.000143295 1.46767e-09)
(-6.36629e-05 0.000143307 5.48199e-09)
(-6.36746e-05 0.000143339 4.01352e-09)
(-2.90333e-05 6.31225e-05 2.26275e-11)
(-2.90333e-05 6.31227e-05 7.61043e-10)
(-2.90355e-05 6.31286e-05 2.72796e-09)
(-2.90416e-05 6.31445e-05 1.98954e-09)
(-1.29255e-05 2.71622e-05 2.08448e-11)
(-1.29256e-05 2.71624e-05 3.78732e-10)
(-1.29267e-05 2.71652e-05 1.31353e-09)
(-1.29298e-05 2.71729e-05 9.55638e-10)
(-5.61719e-06 1.14204e-05 1.37577e-11)
(-5.61722e-06 1.14205e-05 1.81582e-10)
(-5.61778e-06 1.14218e-05 6.12873e-10)
(-5.61929e-06 1.14254e-05 4.45048e-10)
(-2.38353e-06 4.69343e-06 7.88674e-12)
(-2.38355e-06 4.69349e-06 8.40169e-11)
(-2.38382e-06 4.6941e-06 2.77438e-10)
(-2.38453e-06 4.69571e-06 2.01307e-10)
(-9.87942e-07 1.88623e-06 4.09933e-12)
(-9.87954e-07 1.88626e-06 3.76206e-11)
(-9.88078e-07 1.88653e-06 1.22006e-10)
(-9.88405e-07 1.88723e-06 8.84837e-11)
(-4.0019e-07 7.41662e-07 2.00001e-12)
(-4.00196e-07 7.41678e-07 1.63179e-11)
(-4.00251e-07 7.41793e-07 5.21709e-11)
(-4.00397e-07 7.42096e-07 3.78531e-11)
(-1.58511e-07 2.85467e-07 9.20567e-13)
(-1.58515e-07 2.85475e-07 6.87037e-12)
(-1.58539e-07 2.85522e-07 2.1718e-11)
(-1.58601e-07 2.85648e-07 1.57665e-11)
(-6.14277e-08 1.07616e-07 4.06545e-13)
(-6.14292e-08 1.07619e-07 2.80901e-12)
(-6.14392e-08 1.07639e-07 8.80555e-12)
(-6.14657e-08 1.0769e-07 6.40366e-12)
(-2.33039e-08 3.97564e-08 1.71146e-13)
(-2.33046e-08 3.97577e-08 1.11741e-12)
(-2.33087e-08 3.97653e-08 3.48192e-12)
(-2.33195e-08 3.97856e-08 2.53506e-12)
(-8.65982e-09 1.44005e-08 7.12622e-14)
(-8.66011e-09 1.44011e-08 4.31662e-13)
(-8.66173e-09 1.4404e-08 1.34347e-12)
(-8.66605e-09 1.44118e-08 9.81899e-13)
(-3.15395e-09 5.11709e-09 2.68693e-14)
(-3.15407e-09 5.11731e-09 1.62968e-13)
(-3.15469e-09 5.11839e-09 5.07013e-13)
(-3.15638e-09 5.12136e-09 3.71498e-13)
(-1.12645e-09 1.78472e-09 9.92997e-15)
(-1.1265e-09 1.7848e-09 5.89957e-14)
(-1.12674e-09 1.7852e-09 1.87501e-13)
(-1.12738e-09 1.78629e-09 1.36099e-13)
(-3.94751e-10 6.1128e-10 3.5047e-15)
(-3.94771e-10 6.11311e-10 2.10282e-14)
(-3.94859e-10 6.11453e-10 6.71734e-14)
(-3.95096e-10 6.11843e-10 4.90658e-14)
(-1.35808e-10 2.05712e-10 0)
(-1.35815e-10 2.05712e-10 5.84116e-15)
(-1.35847e-10 2.05762e-10 2.45329e-14)
(-1.35931e-10 2.05908e-10 1.81076e-14)
(-4.58975e-11 6.80477e-11 0)
(-4.58975e-11 6.80438e-11 5.84116e-16)
(-4.5908e-11 6.8063e-11 9.92997e-15)
(-4.59384e-11 6.81166e-11 6.42528e-15)
(-1.52384e-11 2.213e-11 0)
(-1.52373e-11 2.213e-11 0)
(-1.52431e-11 2.21339e-11 4.08881e-15)
(-1.52571e-11 2.21568e-11 2.33646e-15)
(-4.97667e-12 7.08192e-12 1.16823e-15)
(-4.97433e-12 7.08957e-12 1.16823e-15)
(-4.97667e-12 7.08957e-12 5.84116e-16)
(-4.97784e-12 7.0934e-12 0)
(-1.59697e-12 2.22793e-12 0)
(-1.60048e-12 2.23176e-12 1.16823e-15)
(-1.60048e-12 2.22793e-12 0)
(-1.59814e-12 2.23559e-12 5.84116e-16)
(-5.03508e-13 6.96708e-13 0)
(-5.04676e-13 6.96708e-13 -1.16823e-15)
(-5.0234e-13 6.89051e-13 1.16823e-15)
(-5.05845e-13 7.04364e-13 1.75235e-15)
(-1.60048e-13 2.10543e-13 -1.16823e-15)
(-1.61216e-13 2.02887e-13 0)
(-1.61216e-13 2.14372e-13 1.75235e-15)
(-1.62384e-13 2.14372e-13 0)
(-5.0234e-14 6.1249e-14 0)
(-4.78975e-14 5.74209e-14 -2.33646e-15)
(-5.0234e-14 4.97648e-14 0)
(-5.0234e-14 5.35929e-14 0)
(-1.75235e-14 7.65613e-15 0)
(-1.75235e-14 7.65613e-15 0)
(-1.5187e-14 7.65613e-15 0)
(-1.63553e-14 1.14842e-14 5.84116e-16)
(-0.0830519 -0.13471 6.01675e-08)
(-0.083052 -0.13471 8.48658e-08)
(-0.083052 -0.134711 -2.55091e-08)
(-0.0830517 -0.13471 -5.02074e-08)
(-0.0271908 -0.0559917 4.07394e-08)
(-0.0271909 -0.055992 6.5055e-08)
(-0.0271909 -0.0559922 9.50351e-09)
(-0.0271908 -0.0559921 -1.48121e-08)
(-0.0108443 -0.0259466 2.78993e-08)
(-0.0108443 -0.0259469 5.02179e-08)
(-0.0108443 -0.025947 2.17857e-08)
(-0.0108443 -0.025947 -5.32897e-10)
(-0.0049349 -0.0126145 1.84732e-08)
(-0.00493494 -0.0126147 3.65704e-08)
(-0.00493496 -0.0126148 2.29106e-08)
(-0.00493494 -0.0126149 4.81338e-09)
(-0.00239495 -0.00620702 1.17214e-08)
(-0.00239498 -0.00620711 2.48867e-08)
(-0.00239499 -0.00620722 1.87459e-08)
(-0.00239499 -0.00620726 5.58051e-09)
(-0.00118652 -0.00303472 7.12624e-09)
(-0.00118653 -0.00303478 1.59053e-08)
(-0.00118655 -0.00303485 1.33062e-08)
(-0.00118655 -0.00303488 4.52707e-09)
(-0.000586323 -0.00146094 4.15495e-09)
(-0.000586333 -0.00146098 9.61615e-09)
(-0.000586344 -0.00146102 8.57666e-09)
(-0.000586349 -0.00146105 3.11547e-09)
(-0.000285679 -0.000689427 2.32784e-09)
(-0.000285685 -0.000689446 5.53139e-09)
(-0.000285692 -0.000689471 5.14076e-09)
(-0.000285696 -0.000689487 1.93721e-09)
(-0.000136473 -0.000318228 1.25489e-09)
(-0.000136477 -0.000318238 3.04185e-09)
(-0.000136481 -0.000318252 2.90548e-09)
(-0.000136484 -0.000318261 1.11852e-09)
(-6.37469e-05 -0.000143534 6.5223e-10)
(-6.37488e-05 -0.000143539 1.60482e-09)
(-6.37514e-05 -0.000143547 1.56196e-09)
(-6.3753e-05 -0.000143552 6.09368e-10)
(-2.9079e-05 -6.32401e-05 3.27249e-10)
(-2.908e-05 -6.32427e-05 8.14778e-10)
(-2.90814e-05 -6.32466e-05 8.03462e-10)
(-2.90823e-05 -6.32491e-05 3.15936e-10)
(-1.29484e-05 -2.72183e-05 1.58802e-10)
(-1.29489e-05 -2.72195e-05 3.98993e-10)
(-1.29497e-05 -2.72214e-05 3.97118e-10)
(-1.29502e-05 -2.72227e-05 1.56927e-10)
(-5.62829e-06 -1.14463e-05 7.4608e-11)
(-5.62854e-06 -1.14469e-05 1.88865e-10)
(-5.62892e-06 -1.14478e-05 1.89207e-10)
(-5.62916e-06 -1.14484e-05 7.49497e-11)
(-2.38874e-06 -4.70509e-06 3.3995e-11)
(-2.38886e-06 -4.70536e-06 8.6559e-11)
(-2.38904e-06 -4.70578e-06 8.71145e-11)
(-2.38916e-06 -4.70606e-06 3.45481e-11)
(-9.90314e-07 -1.89132e-06 1.50351e-11)
(-9.90369e-07 -1.89144e-06 3.84728e-11)
(-9.90454e-07 -1.89163e-06 3.88396e-11)
(-9.9051e-07 -1.89175e-06 1.54008e-11)
(-4.01239e-07 -7.43829e-07 6.46266e-12)
(-4.01263e-07 -7.43881e-07 1.66035e-11)
(-4.01302e-07 -7.43962e-07 1.67957e-11)
(-4.01327e-07 -7.44015e-07 6.656e-12)
(-1.58962e-07 -2.86365e-07 2.70271e-12)
(-1.58973e-07 -2.86387e-07 6.96792e-12)
(-1.5899e-07 -2.86421e-07 7.05495e-12)
(-1.59001e-07 -2.86444e-07 2.79091e-12)
(-6.16164e-08 -1.07979e-07 1.10047e-12)
(-6.1621e-08 -1.07988e-07 2.84523e-12)
(-6.16281e-08 -1.08002e-07 2.88378e-12)
(-6.16328e-08 -1.08011e-07 1.13611e-12)
(-2.33809e-08 -3.98997e-08 4.36335e-13)
(-2.33828e-08 -3.99032e-08 1.13143e-12)
(-2.33857e-08 -3.99088e-08 1.14837e-12)
(-2.33876e-08 -3.99124e-08 4.51522e-13)
(-8.69044e-09 -1.44558e-08 1.6881e-13)
(-8.69119e-09 -1.44571e-08 4.38087e-13)
(-8.69238e-09 -1.44593e-08 4.45681e-13)
(-8.69315e-09 -1.44607e-08 1.75235e-13)
(-3.16585e-09 -5.13793e-09 6.30845e-14)
(-3.16614e-09 -5.13844e-09 1.66473e-13)
(-3.1666e-09 -5.13927e-09 1.67641e-13)
(-3.1669e-09 -5.13978e-09 6.48369e-14)
(-1.13097e-09 -1.79241e-09 2.39488e-14)
(-1.13108e-09 -1.7926e-09 6.13322e-14)
(-1.13126e-09 -1.7929e-09 6.30845e-14)
(-1.13137e-09 -1.7931e-09 2.5117e-14)
(-3.96429e-10 -6.14063e-10 7.59351e-15)
(-3.96471e-10 -6.14125e-10 2.21964e-14)
(-3.96537e-10 -6.14243e-10 2.33646e-14)
(-3.96577e-10 -6.14316e-10 9.92997e-15)
(-1.3642e-10 -2.06689e-10 2.92058e-15)
(-1.36434e-10 -2.06712e-10 8.76174e-15)
(-1.36454e-10 -2.06758e-10 8.76174e-15)
(-1.36473e-10 -2.06784e-10 3.5047e-15)
(-4.6109e-11 -6.83845e-11 5.84116e-16)
(-4.61125e-11 -6.83922e-11 4.08881e-15)
(-4.61265e-11 -6.84151e-11 3.5047e-15)
(-4.613e-11 -6.84266e-11 2.33646e-15)
(-1.53179e-11 -2.22449e-11 1.16823e-15)
(-1.53179e-11 -2.22525e-11 5.84116e-16)
(-1.53225e-11 -2.22564e-11 2.92058e-15)
(-1.53272e-11 -2.22678e-11 1.16823e-15)
(-5.00237e-12 -7.11637e-12 1.16823e-15)
(-5.00354e-12 -7.12785e-12 1.75235e-15)
(-4.99887e-12 -7.13168e-12 -1.16823e-15)
(-5.00587e-12 -7.11637e-12 -1.75235e-15)
(-1.60515e-12 -2.24325e-12 0)
(-1.60749e-12 -2.23942e-12 0)
(-1.60982e-12 -2.2509e-12 2.33646e-15)
(-1.60398e-12 -2.24707e-12 -1.16823e-15)
(-5.11686e-13 -6.92879e-13 0)
(-5.07013e-13 -6.92879e-13 1.16823e-15)
(-5.05845e-13 -7.00536e-13 5.84116e-16)
(-5.04676e-13 -7.04364e-13 1.16823e-15)
(-1.60048e-13 -1.99059e-13 5.84116e-16)
(-1.5888e-13 -2.06715e-13 2.92058e-15)
(-1.5888e-13 -2.22028e-13 1.75235e-15)
(-1.56543e-13 -2.182e-13 -5.84116e-16)
(-4.67293e-14 -4.97648e-14 5.84116e-16)
(-4.78975e-14 -6.1249e-14 2.33646e-15)
(-5.25704e-14 -6.50771e-14 1.75235e-15)
(-5.0234e-14 -7.65613e-14 1.75235e-15)
(-1.5187e-14 -7.65613e-15 5.84116e-16)
(-1.98599e-14 -1.14842e-14 0)
(-1.98599e-14 -1.14842e-14 1.16823e-15)
(-2.45329e-14 -1.91403e-14 1.16823e-15)
(-0.253468 -0.0420573 3.64268e-08)
(-0.21997 -0.0107348 1.47754e-08)
(-0.210529 -0.00307776 9.20132e-09)
(-0.207659 -0.000831862 7.10081e-09)
(-0.207201 0.000308863 2.00446e-08)
(-0.208895 0.00223471 9.88757e-09)
(-0.21614 0.00889097 3.38976e-08)
(-0.244459 0.0369302 3.74959e-08)
(-0.253468 -0.0420574 1.1974e-08)
(-0.21997 -0.0107348 -9.30388e-09)
(-0.210529 -0.00307778 -1.37891e-08)
(-0.207659 -0.00083184 -6.49861e-09)
(-0.207202 0.000308868 1.78064e-08)
(-0.208895 0.00223474 1.46752e-08)
(-0.216141 0.00889102 7.53297e-08)
(-0.244459 0.03693 1.20035e-07)
(-0.253468 -0.0420575 -1.55977e-07)
(-0.21997 -0.0107348 -1.44952e-07)
(-0.210529 -0.00307776 -1.11875e-07)
(-0.207659 -0.000831799 -7.47247e-08)
(-0.207202 0.000308905 -7.26623e-08)
(-0.208895 0.00223483 -1.73204e-08)
(-0.216141 0.00889118 1.82594e-08)
(-0.24446 0.0369304 1.68409e-07)
(-0.253467 -0.0420574 -1.31524e-07)
(-0.219969 -0.0107348 -1.20873e-07)
(-0.210528 -0.00307764 -8.88847e-08)
(-0.207659 -0.000831762 -6.11253e-08)
(-0.207201 0.000308983 -7.04241e-08)
(-0.208895 0.00223492 -2.2108e-08)
(-0.216141 0.00889139 -2.31726e-08)
(-0.24446 0.0369317 8.58694e-08)
(-0.0784942 0.123406 -5.03269e-08)
(-0.0784941 0.123406 9.22627e-08)
(-0.0784944 0.123407 5.04712e-07)
(-0.0784951 0.12341 3.62122e-07)
(-0.0252202 0.0498841 -3.15732e-08)
(-0.0252202 0.0498839 6.46202e-08)
(-0.0252203 0.0498846 3.72754e-07)
(-0.0252207 0.0498869 2.76561e-07)
(-0.00979006 0.0225252 -1.62522e-08)
(-0.00979001 0.022525 4.99861e-08)
(-0.00979011 0.0225256 2.62501e-07)
(-0.00979041 0.0225271 1.96262e-07)
(-0.00433292 0.0107239 -7.233e-09)
(-0.00433289 0.0107238 3.68105e-08)
(-0.00433297 0.0107242 1.71375e-07)
(-0.00433321 0.0107252 1.27332e-07)
(-0.00205352 0.00519348 -2.72311e-09)
(-0.0020535 0.00519346 2.51799e-08)
(-0.00205356 0.00519368 1.05334e-07)
(-0.00205372 0.0051943 7.74312e-08)
(-0.000998783 0.00250983 -7.45795e-10)
(-0.000998778 0.00250982 1.60742e-08)
(-0.000998814 0.00250996 6.17574e-08)
(-0.000998919 0.00251032 4.49374e-08)
(-0.000486868 0.00119835 -1.32629e-11)
(-0.000486866 0.00119835 9.68314e-09)
(-0.000486889 0.00119843 3.47746e-08)
(-0.000486952 0.00119863 2.50782e-08)
(-0.000234924 0.000562357 1.84212e-10)
(-0.000234924 0.000562358 5.54149e-09)
(-0.000234937 0.000562401 1.88836e-08)
(-0.000234973 0.000562509 1.35263e-08)
(-0.000111481 0.000258654 1.83369e-10)
(-0.000111481 0.000258656 3.03271e-09)
(-0.000111489 0.000258679 9.90902e-09)
(-0.000111509 0.000258735 7.05967e-09)
(-5.18493e-05 0.000116432 1.32122e-10)
(-5.18495e-05 0.000116433 1.5923e-09)
(-5.18537e-05 0.000116444 5.03307e-09)
(-5.18643e-05 0.000116473 3.57289e-09)
(-2.35923e-05 5.12572e-05 8.17254e-11)
(-2.35925e-05 5.12579e-05 8.05153e-10)
(-2.35947e-05 5.12637e-05 2.47704e-09)
(-2.36002e-05 5.12777e-05 1.75361e-09)
(-1.04931e-05 2.20626e-05 4.61925e-11)
(-1.04932e-05 2.2063e-05 3.92743e-10)
(-1.04943e-05 2.20657e-05 1.18255e-09)
(-1.0497e-05 2.20724e-05 8.35997e-10)
(-4.56031e-06 9.28499e-06 2.43127e-11)
(-4.56038e-06 9.28518e-06 1.85297e-10)
(-4.56092e-06 9.28647e-06 5.48112e-10)
(-4.56225e-06 9.28957e-06 3.87127e-10)
(-1.93662e-06 3.82135e-06 1.21449e-11)
(-1.93666e-06 3.82144e-06 8.4639e-11)
(-1.93692e-06 3.82202e-06 2.46883e-10)
(-1.93754e-06 3.82342e-06 1.74387e-10)
(-8.03792e-07 1.53851e-06 5.77516e-12)
(-8.03811e-07 1.53855e-06 3.7509e-11)
(-8.03929e-07 1.53881e-06 1.08159e-10)
(-8.04212e-07 1.53942e-06 7.64252e-11)
(-3.26167e-07 6.0618e-07 2.64137e-12)
(-3.26176e-07 6.06201e-07 1.61356e-11)
(-3.26228e-07 6.06309e-07 4.61241e-11)
(-3.26354e-07 6.0657e-07 3.26305e-11)
(-1.29455e-07 2.3384e-07 1.16122e-12)
(-1.29459e-07 2.33849e-07 6.75063e-12)
(-1.29482e-07 2.33894e-07 1.91648e-11)
(-1.29536e-07 2.34002e-07 1.35743e-11)
(-5.02796e-08 8.83599e-08 4.94746e-13)
(-5.02815e-08 8.83638e-08 2.74651e-12)
(-5.02909e-08 8.83819e-08 7.76349e-12)
(-5.03137e-08 8.8426e-08 5.51055e-12)
(-1.91197e-08 3.27212e-08 2.03857e-13)
(-1.91205e-08 3.27229e-08 1.08938e-12)
(-1.91243e-08 3.27299e-08 3.06895e-12)
(-1.91337e-08 3.27474e-08 2.18284e-12)
(-7.12225e-09 1.18812e-08 8.17763e-14)
(-7.12259e-09 1.18819e-08 4.21148e-13)
(-7.12411e-09 1.18846e-08 1.18284e-12)
(-7.12784e-09 1.18913e-08 8.45216e-13)
(-2.60038e-09 4.23223e-09 3.27105e-14)
(-2.60052e-09 4.23249e-09 1.58295e-13)
(-2.6011e-09 4.2335e-09 4.44512e-13)
(-2.60255e-09 4.23605e-09 3.18927e-13)
(-9.31051e-10 1.47969e-09 1.28506e-14)
(-9.31106e-10 1.47979e-09 5.72434e-14)
(-9.31326e-10 1.48016e-09 1.65305e-13)
(-9.31877e-10 1.48111e-09 1.19744e-13)
(-3.27079e-10 5.08022e-10 5.84116e-15)
(-3.27102e-10 5.08068e-10 2.10282e-14)
(-3.27182e-10 5.08195e-10 5.95798e-14)
(-3.27389e-10 5.08539e-10 4.32246e-14)
(-1.12799e-10 1.71375e-10 1.16823e-15)
(-1.12812e-10 1.71382e-10 5.84116e-15)
(-1.12838e-10 1.71421e-10 2.16123e-14)
(-1.12911e-10 1.71555e-10 1.63553e-14)
(-3.82164e-11 5.68199e-11 0)
(-3.82152e-11 5.68199e-11 2.92058e-15)
(-3.82234e-11 5.68429e-11 8.76174e-15)
(-3.82526e-11 5.68927e-11 6.42528e-15)
(-1.2715e-11 1.85202e-11 0)
(-1.27185e-11 1.85202e-11 1.16823e-15)
(-1.27244e-11 1.85317e-11 3.5047e-15)
(-1.27349e-11 1.85508e-11 2.92058e-15)
(-4.16241e-12 5.95264e-12 0)
(-4.16124e-12 5.94881e-12 -1.16823e-15)
(-4.16241e-12 5.94498e-12 0)
(-4.16942e-12 5.94881e-12 0)
(-1.3423e-12 1.87575e-12 0)
(-1.3458e-12 1.87192e-12 0)
(-1.3423e-12 1.87958e-12 1.16823e-15)
(-1.34113e-12 1.87958e-12 0)
(-4.24068e-13 5.81866e-13 -5.84116e-16)
(-4.25237e-13 5.70381e-13 -1.16823e-15)
(-4.26405e-13 5.78038e-13 1.16823e-15)
(-4.25237e-13 5.78038e-13 0)
(-1.36683e-13 1.76091e-13 0)
(-1.3201e-13 1.72263e-13 -1.16823e-15)
(-1.36683e-13 1.72263e-13 1.16823e-15)
(-1.34347e-13 1.76091e-13 0)
(-4.20564e-14 4.21087e-14 0)
(-3.97199e-14 4.59368e-14 0)
(-3.97199e-14 3.44526e-14 -5.84116e-16)
(-4.32246e-14 4.59368e-14 1.75235e-15)
(-1.16823e-14 0 0)
(-1.40188e-14 3.82806e-15 1.16823e-15)
(-1.16823e-14 7.65613e-15 0)
(-1.16823e-14 0 -1.16823e-15)
(-1.73495 -2.67334 4.43063e-08)
(-1.73495 -2.67334 4.71078e-08)
(-1.73495 -2.67334 -7.01244e-08)
(-1.73495 -2.67334 -7.2926e-08)
(-0.511867 -1.16189 8.60486e-08)
(-0.511867 -1.16189 1.01745e-07)
(-0.511867 -1.16189 -1.13829e-07)
(-0.511867 -1.16189 -1.29525e-07)
(-0.195636 -0.625873 1.09079e-07)
(-0.195636 -0.625874 1.35345e-07)
(-0.195636 -0.625874 -1.30845e-07)
(-0.195636 -0.625873 -1.57111e-07)
(-0.0961446 -0.379346 1.17945e-07)
(-0.0961446 -0.379347 1.51539e-07)
(-0.0961445 -0.379347 -1.30595e-07)
(-0.0961445 -0.379346 -1.64189e-07)
(-0.0560741 -0.241295 1.14907e-07)
(-0.0560741 -0.241295 1.52799e-07)
(-0.0560741 -0.241296 -1.15139e-07)
(-0.0560741 -0.241294 -1.53031e-07)
(-0.0356566 -0.15505 1.03128e-07)
(-0.0356566 -0.15505 1.42801e-07)
(-0.0356566 -0.155051 -8.82212e-08)
(-0.0356565 -0.15505 -1.27894e-07)
(-0.0233852 -0.0986683 8.64172e-08)
(-0.0233852 -0.0986689 1.25831e-07)
(-0.0233852 -0.0986693 -5.59207e-08)
(-0.0233851 -0.0986685 -9.53341e-08)
(-0.0153352 -0.0615089 6.82806e-08)
(-0.0153352 -0.0615094 1.05556e-07)
(-0.0153352 -0.0615097 -2.53472e-08)
(-0.0153351 -0.0615092 -6.26229e-08)
(-0.00988324 -0.0373276 5.12398e-08)
(-0.0098833 -0.037328 8.46034e-08)
(-0.00988332 -0.0373283 -2.25912e-09)
(-0.00988323 -0.037328 -3.56228e-08)
(-0.00619915 -0.0219759 3.66906e-08)
(-0.00619921 -0.0219762 6.47001e-08)
(-0.00619923 -0.0219764 1.11712e-08)
(-0.00619917 -0.0219763 -1.68383e-08)
(-0.00376459 -0.012531 2.51333e-08)
(-0.00376463 -0.0125312 4.71167e-08)
(-0.00376466 -0.0125313 1.6218e-08)
(-0.00376462 -0.0125313 -5.76541e-09)
(-0.00220823 -0.00691756 1.64969e-08)
(-0.00220826 -0.00691769 3.26307e-08)
(-0.00220828 -0.00691782 1.58039e-08)
(-0.00220827 -0.00691782 -3.29909e-10)
(-0.00125046 -0.00369804 1.03853e-08)
(-0.00125048 -0.00369813 2.15024e-08)
(-0.0012505 -0.00369822 1.28004e-08)
(-0.00125049 -0.00369823 1.6832e-09)
(-0.000683886 -0.00191572 6.27783e-09)
(-0.0006839 -0.00191577 1.34992e-08)
(-0.000683913 -0.00191582 9.20552e-09)
(-0.000683913 -0.00191584 1.9841e-09)
(-0.000361568 -0.0009625 3.6473e-09)
(-0.000361577 -0.000962529 8.09197e-09)
(-0.000361586 -0.000962565 6.06158e-09)
(-0.000361588 -0.000962578 1.61691e-09)
(-0.000185006 -0.000469443 2.03952e-09)
(-0.000185011 -0.00046946 4.64152e-09)
(-0.000185017 -0.00046948 3.71883e-09)
(-0.000185019 -0.000469489 1.11682e-09)
(-9.17249e-05 -0.000222477 1.09886e-09)
(-9.17278e-05 -0.000222486 2.55387e-09)
(-9.17315e-05 -0.000222498 2.14963e-09)
(-9.17329e-05 -0.000222503 6.94614e-10)
(-4.41172e-05 -0.000102544 5.71356e-10)
(-4.41188e-05 -0.000102548 1.35078e-09)
(-4.41209e-05 -0.000102555 1.17977e-09)
(-4.41219e-05 -0.000102558 4.00344e-10)
(-2.0608e-05 -4.60087e-05 2.87008e-10)
(-2.06088e-05 -4.6011e-05 6.88292e-10)
(-2.061e-05 -4.60142e-05 6.18254e-10)
(-2.06106e-05 -4.6016e-05 2.16968e-10)
(-9.35909e-06 -2.01118e-05 1.39506e-10)
(-9.35953e-06 -2.01129e-05 3.38487e-10)
(-9.36014e-06 -2.01145e-05 3.10686e-10)
(-9.36046e-06 -2.01154e-05 1.11705e-10)
(-4.13655e-06 -8.57237e-06 6.56815e-11)
(-4.13677e-06 -8.5729e-06 1.60952e-10)
(-4.13708e-06 -8.57366e-06 1.50228e-10)
(-4.13725e-06 -8.5741e-06 5.49589e-11)
(-1.781e-06 -3.56561e-06 2.99979e-11)
(-1.78111e-06 -3.56585e-06 7.41091e-11)
(-1.78126e-06 -3.5662e-06 7.00869e-11)
(-1.78134e-06 -3.56641e-06 2.59745e-11)
(-7.47655e-07 -1.44837e-06 1.33009e-11)
(-7.47704e-07 -1.44847e-06 3.30943e-11)
(-7.47775e-07 -1.44863e-06 3.16217e-11)
(-7.47816e-07 -1.44873e-06 1.18272e-11)
(-3.06282e-07 -5.74984e-07 5.73602e-12)
(-3.06304e-07 -5.7503e-07 1.43506e-11)
(-3.06336e-07 -5.75099e-07 1.38219e-11)
(-3.06355e-07 -5.7514e-07 5.20739e-12)
(-1.2254e-07 -2.23239e-07 2.40597e-12)
(-1.22549e-07 -2.23259e-07 6.05027e-12)
(-1.22564e-07 -2.23288e-07 5.86453e-12)
(-1.22572e-07 -2.23306e-07 2.21847e-12)
(-4.7919e-08 -8.48241e-08 9.80731e-13)
(-4.7923e-08 -8.4832e-08 2.48249e-12)
(-4.79291e-08 -8.4844e-08 2.41766e-12)
(-4.79328e-08 -8.48513e-08 9.17646e-13)
(-1.83287e-08 -3.15636e-08 3.9019e-13)
(-1.83304e-08 -3.15667e-08 9.90661e-13)
(-1.83329e-08 -3.15715e-08 9.70217e-13)
(-1.83345e-08 -3.15744e-08 3.68577e-13)
(-6.86216e-09 -1.15092e-08 1.50118e-13)
(-6.86283e-09 -1.15104e-08 3.85517e-13)
(-6.86385e-09 -1.15123e-08 3.79091e-13)
(-6.86448e-09 -1.15134e-08 1.44277e-13)
(-2.51645e-09 -4.1149e-09 5.60751e-14)
(-2.51671e-09 -4.11535e-09 1.45445e-13)
(-2.51711e-09 -4.11606e-09 1.44277e-13)
(-2.51736e-09 -4.11651e-09 5.66593e-14)
(-9.04475e-10 -1.44339e-09 2.04441e-14)
(-9.04569e-10 -1.44355e-09 5.31546e-14)
(-9.04725e-10 -1.44382e-09 5.37387e-14)
(-9.04823e-10 -1.44398e-09 2.04441e-14)
(-3.18826e-10 -4.97001e-10 8.17763e-15)
(-3.18862e-10 -4.97074e-10 2.04441e-14)
(-3.18919e-10 -4.97158e-10 1.86917e-14)
(-3.18955e-10 -4.97223e-10 8.17763e-15)
(-1.10285e-10 -1.68083e-10 2.33646e-15)
(-1.10302e-10 -1.68102e-10 7.59351e-15)
(-1.10323e-10 -1.6814e-10 7.59351e-15)
(-1.10335e-10 -1.68159e-10 1.75235e-15)
(-3.7457e-11 -5.58668e-11 0)
(-3.74617e-11 -5.58706e-11 1.16823e-15)
(-3.7471e-11 -5.58706e-11 1.75235e-15)
(-3.74769e-11 -5.58821e-11 1.16823e-15)
(-1.24989e-11 -1.82522e-11 0)
(-1.25001e-11 -1.82522e-11 0)
(-1.25024e-11 -1.8256e-11 1.16823e-15)
(-1.25024e-11 -1.8256e-11 0)
(-4.09933e-12 -5.86842e-12 0)
(-4.09933e-12 -5.86842e-12 0)
(-4.10166e-12 -5.86459e-12 0)
(-4.10166e-12 -5.86842e-12 0)
(-1.32478e-12 -1.85278e-12 0)
(-1.32478e-12 -1.85661e-12 0)
(-1.32478e-12 -1.84513e-12 -5.84116e-16)
(-1.32478e-12 -1.84895e-12 0)
(-4.21732e-13 -5.74209e-13 0)
(-4.21732e-13 -5.74209e-13 -5.84116e-16)
(-4.18227e-13 -5.66553e-13 -1.16823e-15)
(-4.18227e-13 -5.70381e-13 1.16823e-15)
(-1.3201e-13 -1.68435e-13 0)
(-1.35515e-13 -1.64607e-13 -1.16823e-15)
(-1.34347e-13 -1.64607e-13 1.16823e-15)
(-1.3201e-13 -1.72263e-13 5.84116e-16)
(-4.20564e-14 -4.59368e-14 -1.16823e-15)
(-3.97199e-14 -3.82806e-14 -5.84116e-16)
(-4.08881e-14 -3.44526e-14 0)
(-4.20564e-14 -4.21087e-14 5.84116e-16)
(-1.16823e-14 0 0)
(-1.05141e-14 0 0)
(-9.34586e-15 0 0)
(-1.16823e-14 0 0)
)
;
    }
    front
    {
        type            symmetryPlane;
    }
    back
    {
        type            symmetryPlane;
    }
}


// ************************************************************************* //
