/*--------------------------------*- C++ -*----------------------------------*\
| =========                 |                                                 |
| \\      /  F ield         | OpenFOAM: The Open Source CFD Toolbox           |
|  \\    /   O peration     | Version:                                        |
|   \\  /    A nd           | Website:  www.openfoam.com                      |
|    \\/     M anipulation  |                                                 |
\*---------------------------------------------------------------------------*/
FoamFile
{
    version     2.0;
    format      ascii;
    class       volVectorField;
    location    "0.6";
    object      flux;
}
// * * * * * * * * * * * * * * * * * * * * * * * * * * * * * * * * * * * * * //

dimensions      [0 1 -1 1 0 0 0];


internalField   nonuniform List<vector> 
4352
(
(-1.74167 1.68769 -2.71075e-08)
(-0.517459 0.899865 -5.43515e-08)
(-0.199299 0.526638 -6.06033e-08)
(-0.0975793 0.32076 -5.42647e-08)
(-0.0554895 0.196391 -4.19412e-08)
(-0.0336149 0.118438 -2.90225e-08)
(-0.0205786 0.0695397 -1.85696e-08)
(-0.0123876 0.0394847 -1.15041e-08)
(-1.0583 0.466871 -1.75848e-08)
(-0.643589 0.495113 -1.37115e-08)
(-0.379806 0.373587 2.87995e-09)
(-0.232667 0.255574 1.95354e-08)
(-0.146832 0.166001 2.91248e-08)
(-0.0932365 0.10342 3.00193e-08)
(-0.0583752 0.0618713 2.44282e-08)
(-0.035553 0.0355002 1.64008e-08)
(-0.779683 0.154851 -9.76419e-09)
(-0.610744 0.249339 -9.92429e-09)
(-0.438837 0.230401 7.12674e-09)
(-0.305165 0.177217 2.69782e-08)
(-0.207644 0.123596 3.95855e-08)
(-0.137744 0.0804727 4.0753e-08)
(-0.0884988 0.0494302 3.17858e-08)
(-0.0547483 0.0287231 1.75461e-08)
(-0.654112 0.0609203 -9.23612e-09)
(-0.568038 0.125045 1.95967e-08)
(-0.451928 0.133163 5.85846e-08)
(-0.339473 0.112639 8.74524e-08)
(-0.243577 0.0837575 9.60256e-08)
(-0.167402 0.0568263 8.37544e-08)
(-0.110125 0.0356229 5.73176e-08)
(-0.0691848 0.0206194 2.98109e-08)
(-0.593718 0.0270633 5.05215e-09)
(-0.538501 0.0633552 3.24944e-08)
(-0.451243 0.0741435 6.68046e-08)
(-0.354571 0.0673096 9.13073e-08)
(-0.263456 0.0525799 9.67089e-08)
(-0.185879 0.0365916 8.18476e-08)
(-0.124706 0.022659 5.10416e-08)
(-0.0793863 0.0120155 1.32563e-08)
(-0.563694 0.0128498 -3.02581e-10)
(-0.520958 0.0322287 3.64721e-08)
(-0.447973 0.0400702 7.74042e-08)
(-0.361037 0.0381593 1.03251e-07)
(-0.274295 0.0306225 1.04764e-07)
(-0.197323 0.0209546 7.97424e-08)
(-0.134701 0.0111979 3.21592e-08)
(-0.0867544 0.00254629 -1.41852e-08)
(-0.54864 0.00625782 8.91893e-09)
(-0.511281 0.0162716 3.95429e-08)
(-0.445313 0.0209777 7.1603e-08)
(-0.364019 0.0204689 9.27004e-08)
(-0.280661 0.0162237 9.8829e-08)
(-0.205303 0.00957764 9.27942e-08)
(-0.143114 0.00096776 8.76323e-08)
(-0.0936946 -0.00959168 1.07806e-07)
(-0.541164 0.00304404 3.14854e-09)
(-0.506238 0.00806027 3.17776e-08)
(-0.443776 0.0105719 6.31765e-08)
(-0.365791 0.0102837 8.78253e-08)
(-0.285186 0.00748061 1.04191e-07)
(-0.212579 0.00210148 1.15359e-07)
(-0.15387 -0.00747189 1.22201e-07)
(-0.105499 -0.0269892 1.18869e-07)
(-1.74167 1.68769 -1.19646e-08)
(-0.51746 0.899865 1.61003e-08)
(-0.199299 0.526638 5.32836e-08)
(-0.0975792 0.32076 8.25743e-08)
(-0.0554895 0.196391 9.73037e-08)
(-0.0336148 0.118439 9.69682e-08)
(-0.0205786 0.0695397 8.57069e-08)
(-0.0123876 0.0394847 6.86811e-08)
(-1.0583 0.466871 1.07784e-07)
(-0.643589 0.495113 3.03725e-07)
(-0.379806 0.373587 4.48806e-07)
(-0.232667 0.255575 5.19841e-07)
(-0.146832 0.166001 5.16963e-07)
(-0.0932365 0.103421 4.59656e-07)
(-0.0583752 0.0618714 3.7359e-07)
(-0.035553 0.0355003 2.82601e-07)
(-0.779683 0.154851 1.38812e-07)
(-0.610744 0.249339 4.27578e-07)
(-0.438837 0.230401 6.48907e-07)
(-0.305165 0.177217 7.63111e-07)
(-0.207644 0.123596 7.68503e-07)
(-0.137744 0.0804728 6.90288e-07)
(-0.0884989 0.0494302 5.65743e-07)
(-0.0547483 0.0287231 4.28841e-07)
(-0.654112 0.0609203 1.98116e-07)
(-0.568038 0.125045 5.73982e-07)
(-0.451928 0.133164 8.49738e-07)
(-0.339473 0.112639 9.82717e-07)
(-0.243577 0.0837576 9.76483e-07)
(-0.167402 0.0568264 8.68254e-07)
(-0.110125 0.035623 7.07279e-07)
(-0.0691849 0.0206194 5.40013e-07)
(-0.593718 0.0270633 1.92267e-07)
(-0.538501 0.0633552 5.65901e-07)
(-0.451243 0.0741436 8.41383e-07)
(-0.354571 0.0673097 9.76009e-07)
(-0.263456 0.0525799 9.73832e-07)
(-0.185879 0.0365916 8.70849e-07)
(-0.124706 0.022659 7.1344e-07)
(-0.0793864 0.0120154 5.40981e-07)
(-0.563694 0.0128498 1.84705e-07)
(-0.520958 0.0322287 5.36929e-07)
(-0.447973 0.0400702 7.92407e-07)
(-0.361037 0.0381593 9.12339e-07)
(-0.274295 0.0306225 9.02363e-07)
(-0.197323 0.0209547 7.96468e-07)
(-0.134701 0.011198 6.39355e-07)
(-0.0867544 0.00254647 4.84414e-07)
(-0.548639 0.00625783 1.51528e-07)
(-0.51128 0.0162716 4.39257e-07)
(-0.445312 0.0209777 6.46524e-07)
(-0.364019 0.0204689 7.43432e-07)
(-0.280661 0.0162237 7.38423e-07)
(-0.205303 0.00957771 6.63546e-07)
(-0.143114 0.00096794 5.64948e-07)
(-0.0936946 -0.00959141 4.86312e-07)
(-0.541164 0.00304404 1.1841e-07)
(-0.506238 0.00806024 3.42697e-07)
(-0.443776 0.0105719 5.01261e-07)
(-0.365791 0.0102836 5.72096e-07)
(-0.285186 0.00748057 5.62037e-07)
(-0.212579 0.00210148 4.96492e-07)
(-0.15387 -0.00747186 4.01829e-07)
(-0.105499 -0.0269893 2.94884e-07)
(-1.74167 1.68769 5.60892e-08)
(-0.517459 0.899866 1.75418e-07)
(-0.199299 0.526639 2.83616e-07)
(-0.0975792 0.320761 3.46147e-07)
(-0.0554895 0.196392 3.59103e-07)
(-0.0336149 0.11844 3.34459e-07)
(-0.0205787 0.0695406 2.88022e-07)
(-0.0123877 0.0394854 2.33657e-07)
(-1.0583 0.466872 3.60284e-07)
(-0.643588 0.495114 9.74569e-07)
(-0.379806 0.373588 1.38054e-06)
(-0.232667 0.255576 1.55387e-06)
(-0.146832 0.166002 1.52304e-06)
(-0.0932368 0.103422 1.35182e-06)
(-0.0583755 0.0618723 1.11295e-06)
(-0.0355533 0.0355009 8.62491e-07)
(-0.779682 0.154851 5.50844e-07)
(-0.610743 0.249339 1.4692e-06)
(-0.438837 0.230402 2.09225e-06)
(-0.305165 0.177218 2.36385e-06)
(-0.207644 0.123596 2.32502e-06)
(-0.137744 0.0804735 2.07664e-06)
(-0.0884994 0.0494308 1.72968e-06)
(-0.0547488 0.0287236 1.36801e-06)
(-0.654111 0.0609204 6.6757e-07)
(-0.568037 0.125045 1.77276e-06)
(-0.451927 0.133164 2.50015e-06)
(-0.339473 0.112639 2.81185e-06)
(-0.243577 0.0837579 2.76887e-06)
(-0.167402 0.0568267 2.49385e-06)
(-0.110125 0.0356232 2.11525e-06)
(-0.0691854 0.0206197 1.7139e-06)
(-0.593716 0.0270633 6.52818e-07)
(-0.5385 0.0633551 1.73763e-06)
(-0.451242 0.0741434 2.4625e-06)
(-0.354571 0.0673095 2.78051e-06)
(-0.263456 0.0525798 2.75433e-06)
(-0.185879 0.0365915 2.51006e-06)
(-0.124706 0.0226589 2.17918e-06)
(-0.079387 0.0120154 1.8435e-06)
(-0.563692 0.0128497 5.99088e-07)
(-0.520957 0.0322284 1.58285e-06)
(-0.447972 0.0400698 2.22779e-06)
(-0.361036 0.0381588 2.50821e-06)
(-0.274295 0.030622 2.49144e-06)
(-0.197323 0.0209542 2.3051e-06)
(-0.134702 0.0111976 2.07944e-06)
(-0.0867548 0.00254618 1.84799e-06)
(-0.548638 0.00625769 4.83452e-07)
(-0.51128 0.0162712 1.27703e-06)
(-0.445312 0.0209771 1.79357e-06)
(-0.364019 0.0204682 2.00691e-06)
(-0.280661 0.016223 1.96759e-06)
(-0.205304 0.00957704 1.77103e-06)
(-0.143114 0.000967285 1.49569e-06)
(-0.093695 -0.00959206 1.13164e-06)
(-0.541163 0.00304391 3.71854e-07)
(-0.506237 0.00805988 9.68923e-07)
(-0.443775 0.0105713 1.3354e-06)
(-0.365791 0.010283 1.44808e-06)
(-0.285186 0.00747989 1.33826e-06)
(-0.212579 0.00210081 1.07001e-06)
(-0.153871 -0.00747252 7.19433e-07)
(-0.105499 -0.02699 3.56483e-07)
(-1.74167 1.68769 4.09463e-08)
(-0.517459 0.899868 1.04967e-07)
(-0.199298 0.526641 1.69729e-07)
(-0.0975791 0.320764 2.09308e-07)
(-0.0554895 0.196395 2.19858e-07)
(-0.033615 0.118442 2.08469e-07)
(-0.0205788 0.0695425 1.83746e-07)
(-0.0123878 0.0394869 1.53472e-07)
(-1.0583 0.466872 2.34916e-07)
(-0.643587 0.495116 6.57133e-07)
(-0.379805 0.37359 9.34614e-07)
(-0.232667 0.255579 1.05357e-06)
(-0.146833 0.166005 1.0352e-06)
(-0.0932373 0.103424 9.22179e-07)
(-0.0583762 0.0618743 7.6379e-07)
(-0.035554 0.0355025 5.96291e-07)
(-0.779679 0.154851 4.02268e-07)
(-0.610741 0.24934 1.03169e-06)
(-0.438835 0.230404 1.45047e-06)
(-0.305165 0.17722 1.62772e-06)
(-0.207644 0.123598 1.5961e-06)
(-0.137745 0.0804751 1.42711e-06)
(-0.0885003 0.0494322 1.19572e-06)
(-0.0547497 0.0287248 9.56719e-07)
(-0.654107 0.0609205 4.60217e-07)
(-0.568034 0.125045 1.21837e-06)
(-0.451925 0.133164 1.70899e-06)
(-0.339472 0.11264 1.91658e-06)
(-0.243577 0.0837585 1.88841e-06)
(-0.167403 0.0568273 1.70935e-06)
(-0.110126 0.0356239 1.46529e-06)
(-0.0691865 0.0206204 1.2037e-06)
(-0.593713 0.0270632 4.65603e-07)
(-0.538497 0.0633549 1.20423e-06)
(-0.451241 0.074143 1.68792e-06)
(-0.354571 0.0673091 1.89581e-06)
(-0.263457 0.0525794 1.8772e-06)
(-0.18588 0.0365912 1.72106e-06)
(-0.124707 0.0226589 1.51678e-06)
(-0.0793878 0.0120157 1.31577e-06)
(-0.563689 0.0128494 4.1408e-07)
(-0.520954 0.0322278 1.08239e-06)
(-0.447971 0.0400688 1.51279e-06)
(-0.361036 0.0381577 1.69913e-06)
(-0.274295 0.0306209 1.69384e-06)
(-0.197324 0.0209532 1.58837e-06)
(-0.134702 0.0111966 1.47224e-06)
(-0.0867557 0.00254505 1.34939e-06)
(-0.548636 0.00625737 3.40842e-07)
(-0.511278 0.0162704 8.77315e-07)
(-0.445311 0.0209759 1.21865e-06)
(-0.364019 0.0204668 1.35618e-06)
(-0.280661 0.0162214 1.328e-06)
(-0.205304 0.00957524 1.20028e-06)
(-0.143115 0.00096522 1.01838e-06)
(-0.0936959 -0.0095944 7.53129e-07)
(-0.541162 0.0030436 2.56593e-07)
(-0.506236 0.00805905 6.58003e-07)
(-0.443775 0.0105701 8.9732e-07)
(-0.365791 0.0102815 9.6381e-07)
(-0.285187 0.00747831 8.80411e-07)
(-0.21258 0.00209908 6.88881e-07)
(-0.153872 -0.00747439 4.39805e-07)
(-0.1055 -0.0269914 1.80469e-07)
(-0.0072322 0.0215991 -7.10844e-09)
(-0.00406684 0.0113624 -4.16802e-09)
(-0.00219567 0.00574581 -2.22419e-09)
(-0.00113706 0.00279437 -1.01975e-09)
(-0.000564998 0.0013083 -3.85149e-10)
(-0.000269667 0.000590445 -9.26391e-11)
(-0.000123811 0.000257228 9.43464e-12)
(-5.47696e-05 0.00010833 3.25645e-11)
(-2.33826e-05 4.41668e-05 2.69938e-11)
(-9.64991e-06 1.74564e-05 1.71648e-11)
(-3.85575e-06 6.6973e-06 9.26058e-12)
(-1.4938e-06 2.49733e-06 4.56604e-12)
(-5.6193e-07 9.0615e-07 2.06076e-12)
(-2.05516e-07 3.20302e-07 8.80263e-13)
(-7.31673e-08 1.10412e-07 3.51054e-13)
(-2.53863e-08 3.71545e-08 1.33178e-13)
(-8.59333e-09 1.22167e-08 4.78975e-14)
(-2.84085e-09 3.92856e-09 1.75235e-14)
(-9.1807e-10 1.23659e-09 4.67293e-15)
(-2.90295e-10 3.81309e-10 1.75235e-15)
(-8.98873e-11 1.15268e-10 5.84116e-16)
(-2.72782e-11 3.41883e-11 0)
(-8.11921e-12 9.95334e-12 0)
(-2.37034e-12 2.84815e-12 -5.84116e-16)
(-6.81079e-13 8.02576e-13 -5.84116e-16)
(-1.9159e-13 2.24301e-13 -5.84116e-16)
(-5.37387e-14 6.19163e-14 -5.84116e-16)
(-1.86917e-14 1.75235e-14 0)
(-3.5047e-15 4.67293e-15 0)
(-2.33646e-15 -1.16823e-15 5.84116e-16)
(2.33646e-15 0 0)
(0 0 0)
(-0.0208901 0.0195107 9.87308e-09)
(-0.0117864 0.01027 6.02027e-09)
(-0.00637238 0.00518261 4.02157e-09)
(-0.00330046 0.0025113 2.82096e-09)
(-0.00163893 0.0011706 1.94642e-09)
(-0.000781403 0.000525857 1.26244e-09)
(-0.000358304 0.000228052 7.61575e-10)
(-0.000158291 9.56338e-05 4.2646e-10)
(-6.74913e-05 3.8838e-05 2.23205e-10)
(-2.78196e-05 1.52961e-05 1.09646e-10)
(-1.11033e-05 5.84999e-06 5.0911e-11)
(-4.29735e-06 2.17527e-06 2.24172e-11)
(-1.6151e-06 7.87328e-07 9.40894e-12)
(-5.90221e-07 2.77689e-07 3.77164e-12)
(-2.0998e-07 9.55368e-08 1.44978e-12)
(-7.28095e-08 3.20932e-08 5.3213e-13)
(-2.46326e-08 1.05363e-08 1.88085e-13)
(-8.13922e-09 3.38358e-09 6.42528e-14)
(-2.62918e-09 1.06374e-09 1.92758e-14)
(-8.31023e-10 3.27651e-10 4.67293e-15)
(-2.57232e-10 9.89516e-11 2.92058e-15)
(-7.80391e-11 2.9318e-11 1.16823e-15)
(-2.3221e-11 8.52693e-12 5.84116e-16)
(-6.77925e-12 2.4346e-12 -5.84116e-16)
(-1.94511e-12 6.79911e-13 0)
(-5.46733e-13 1.83412e-13 -1.75235e-15)
(-1.5187e-13 4.90658e-14 5.84116e-16)
(-4.43928e-14 1.16823e-14 0)
(-1.28506e-14 3.5047e-15 1.16823e-15)
(-3.5047e-15 1.16823e-15 1.75235e-15)
(1.16823e-15 -3.5047e-15 5.84116e-16)
(0 0 -1.16823e-15)
(-0.0324624 0.0157983 5.36646e-09)
(-0.0183949 0.00825209 1.03616e-09)
(-0.00995436 0.00411207 7.93414e-10)
(-0.00514907 0.00196326 1.3058e-09)
(-0.00255044 0.000901321 1.45048e-09)
(-0.00121221 0.000399029 1.20907e-09)
(-0.000554034 0.000170739 8.40505e-10)
(-0.000243983 7.07383e-05 5.12159e-10)
(-0.00010372 2.84208e-05 2.82677e-10)
(-4.2638e-05 1.1088e-05 1.43791e-10)
(-1.69766e-05 4.20559e-06 6.83486e-11)
(-6.55647e-06 1.55251e-06 3.05978e-11)
(-2.45951e-06 5.58366e-07 1.29925e-11)
(-8.97307e-07 1.95842e-07 5.25471e-12)
(-3.18763e-07 6.70495e-08 2.03389e-12)
(-1.10387e-07 2.2427e-08 7.52342e-13)
(-3.7303e-08 7.33497e-09 2.66941e-13)
(-1.23134e-08 2.34762e-09 8.99539e-14)
(-3.974e-09 7.35855e-10 2.74535e-14)
(-1.25508e-09 2.26055e-10 7.59351e-15)
(-3.88221e-10 6.81056e-11 2.33646e-15)
(-1.17705e-10 2.01356e-11 1.75235e-15)
(-3.50037e-11 5.84583e-12 1.75235e-15)
(-1.02174e-11 1.66356e-12 5.84116e-16)
(-2.92993e-12 4.60283e-13 5.84116e-16)
(-8.21267e-13 1.25001e-13 0)
(-2.26637e-13 3.0374e-14 5.84116e-16)
(-6.42528e-14 5.84116e-15 0)
(-1.5187e-14 0 0)
(-8.17763e-15 0 1.16823e-15)
(0 0 2.92058e-15)
(3.5047e-15 -1.16823e-15 0)
(-0.0413611 0.0109849 1.56449e-08)
(-0.0234727 0.00546273 1.13975e-08)
(-0.0126612 0.00257321 9.89679e-09)
(-0.0065112 0.00116058 8.11192e-09)
(-0.00320316 0.000504776 5.90293e-09)
(-0.00151198 0.000212673 3.83631e-09)
(-0.000686595 8.70446e-05 2.26646e-09)
(-0.000300609 3.4671e-05 1.23485e-09)
(-0.000127142 1.34558e-05 6.28028e-10)
(-5.20348e-05 5.09264e-06 3.00564e-10)
(-2.06388e-05 1.88094e-06 1.3633e-10)
(-7.94457e-06 6.78384e-07 5.88696e-11)
(-2.97176e-06 2.39056e-07 2.43109e-11)
(-1.08154e-06 8.2357e-08 9.62565e-12)
(-3.83395e-07 2.77545e-08 3.66708e-12)
(-1.32524e-07 9.15486e-09 1.34405e-12)
(-4.47119e-08 2.95743e-09 4.74302e-13)
(-1.47383e-08 9.36222e-10 1.62384e-13)
(-4.75074e-09 2.90601e-10 5.31546e-14)
(-1.49878e-09 8.84971e-11 1.57711e-14)
(-4.63151e-10 2.64523e-11 5.84116e-15)
(-1.40297e-10 7.76874e-12 2.33646e-15)
(-4.16919e-11 2.24067e-12 2.33646e-15)
(-1.2166e-11 6.37855e-13 1.75235e-15)
(-3.48484e-12 1.76403e-13 3.5047e-15)
(-9.80147e-13 4.55611e-14 1.75235e-15)
(-2.69862e-13 5.84116e-15 1.16823e-15)
(-7.24304e-14 0 1.16823e-15)
(-1.75235e-14 0 1.75235e-15)
(-3.5047e-15 0 5.84116e-16)
(0 5.84116e-15 5.84116e-16)
(0 1.16823e-15 5.84116e-16)
(-0.0476191 0.00508945 -1.95976e-08)
(-0.0268066 0.0017789 -1.3885e-08)
(-0.0142565 0.000493185 -3.5759e-09)
(-0.0072175 7.97401e-05 1.78973e-09)
(-0.00349834 -2.09785e-05 3.11878e-09)
(-0.00162994 -2.96659e-05 2.64331e-09)
(-0.000732036 -1.96795e-05 1.76219e-09)
(-0.000317572 -1.04883e-05 1.0224e-09)
(-0.000133299 -4.97751e-06 5.39166e-10)
(-5.42128e-05 -2.18668e-06 2.63648e-10)
(-2.13909e-05 -9.06384e-07 1.21244e-10)
(-8.19835e-06 -3.58377e-07 5.28035e-11)
(-3.05553e-06 -1.36109e-07 2.19324e-11)
(-1.10861e-06 -4.98911e-08 8.71384e-12)
(-3.91966e-07 -1.77118e-08 3.32713e-12)
(-1.35184e-07 -6.10618e-09 1.22022e-12)
(-4.55216e-08 -2.04865e-09 4.32246e-13)
(-1.49802e-08 -6.70075e-10 1.4895e-13)
(-4.82172e-09 -2.13986e-10 4.96499e-14)
(-1.51923e-09 -6.68054e-11 1.57711e-14)
(-4.68949e-10 -2.04102e-11 5.84116e-15)
(-1.41915e-10 -6.10985e-12 2.33646e-15)
(-4.21358e-11 -1.79324e-12 3.5047e-15)
(-1.2284e-11 -5.18695e-13 1.75235e-15)
(-3.51988e-12 -1.44861e-13 4.08881e-15)
(-9.89493e-13 -4.32246e-14 3.5047e-15)
(-2.72198e-13 -1.28506e-14 5.84116e-16)
(-7.24304e-14 -5.84116e-15 1.75235e-15)
(-1.5187e-14 -2.33646e-15 5.84116e-16)
(-2.33646e-15 0 5.84116e-16)
(0 0 -5.84116e-16)
(-1.16823e-15 0 1.16823e-15)
(-0.0515977 -0.00311043 7.66356e-09)
(-0.028069 -0.00345541 1.85123e-08)
(-0.0143604 -0.00234105 1.88714e-08)
(-0.00702537 -0.00131538 1.47093e-08)
(-0.00331256 -0.000665917 9.8458e-09)
(-0.00151069 -0.000314234 5.92647e-09)
(-0.000667417 -0.000140545 3.2824e-09)
(-0.000285907 -6.01385e-05 1.69764e-09)
(-0.00011884 -2.47591e-05 8.27268e-10)
(-4.79636e-05 -9.84499e-06 3.82589e-10)
(-1.88105e-05 -3.79124e-06 1.68692e-10)
(-7.1743e-06 -1.41693e-06 7.12219e-11)
(-2.66328e-06 -5.14825e-07 2.88705e-11)
(-9.63141e-07 -1.82115e-07 1.12688e-11)
(-3.3961e-07 -6.28003e-08 4.24477e-12)
(-1.16861e-07 -2.1135e-08 1.54499e-12)
(-3.92758e-08 -6.94891e-09 5.4498e-13)
(-1.29037e-08 -2.23421e-09 1.87501e-13)
(-4.14748e-09 -7.03091e-10 6.30845e-14)
(-1.30519e-09 -2.1674e-10 1.98599e-14)
(-4.02454e-10 -6.54934e-11 5.25704e-15)
(-1.21683e-10 -1.94137e-11 3.5047e-15)
(-3.61007e-11 -5.6484e-12 3.5047e-15)
(-1.05153e-11 -1.61333e-12 4.67293e-15)
(-3.01053e-12 -4.48601e-13 3.5047e-15)
(-8.48137e-13 -1.21496e-13 3.5047e-15)
(-2.33646e-13 -3.27105e-14 2.33646e-15)
(-6.19163e-14 -8.17763e-15 1.75235e-15)
(-1.05141e-14 -1.16823e-15 1.75235e-15)
(0 0 5.84116e-16)
(-2.33646e-15 -2.33646e-15 0)
(0 -1.16823e-15 5.84116e-16)
(-0.0536208 -0.0177768 9.85755e-08)
(-0.0260373 -0.0114443 7.1688e-08)
(-0.0121165 -0.00604756 4.62818e-08)
(-0.00554237 -0.00293344 2.76091e-08)
(-0.0024972 -0.00134994 1.54683e-08)
(-0.00110457 -0.000596755 8.20153e-09)
(-0.00047794 -0.000254796 4.13584e-09)
(-0.000201786 -0.000105373 1.99026e-09)
(-8.30052e-05 -4.22819e-05 9.16834e-10)
(-3.32449e-05 -1.64828e-05 4.05249e-10)
(-1.29628e-05 -6.24923e-06 1.72291e-10)
(-4.92194e-06 -2.30662e-06 7.05799e-11)
(-1.82072e-06 -8.29629e-07 2.79167e-11)
(-6.56584e-07 -2.91036e-07 1.06747e-11)
(-2.30985e-07 -9.96656e-08 3.95155e-12)
(-7.93323e-08 -3.33463e-08 1.41882e-12)
(-2.66209e-08 -1.09097e-08 4.94746e-13)
(-8.73442e-09 -3.49286e-09 1.68225e-13)
(-2.80425e-09 -1.09518e-09 5.60751e-14)
(-8.81636e-10 -3.36543e-10 1.75235e-14)
(-2.71626e-10 -1.01427e-10 4.08881e-15)
(-8.20706e-11 -3.00002e-11 5.84116e-16)
(-2.43331e-11 -8.71268e-12 1.75235e-15)
(-7.08299e-12 -2.48249e-12 1.75235e-15)
(-2.02922e-12 -6.95098e-13 1.16823e-15)
(-5.7477e-13 -1.89254e-13 2.33646e-15)
(-1.56543e-13 -4.78975e-14 1.75235e-15)
(-3.85517e-14 -1.05141e-14 0)
(-9.34586e-15 -4.67293e-15 0)
(-2.33646e-15 0 0)
(-1.16823e-15 0 0)
(1.16823e-15 -2.33646e-15 1.16823e-15)
(-0.0534503 -0.0520952 5.85335e-08)
(-0.0163397 -0.0222265 3.38339e-08)
(-0.00584956 -0.00971828 1.98183e-08)
(-0.00232775 -0.00426043 1.12288e-08)
(-0.000975878 -0.00184815 6.08136e-09)
(-0.000415538 -0.000787349 3.14578e-09)
(-0.000176035 -0.000328042 1.55538e-09)
(-7.33928e-05 -0.000133374 7.36834e-10)
(-2.99501e-05 -5.28629e-05 3.34952e-10)
(-1.1931e-05 -2.04188e-05 1.46462e-10)
(-4.63437e-06 -7.68697e-06 6.16844e-11)
(-1.75469e-06 -2.82156e-06 2.50761e-11)
(-6.47697e-07 -1.01034e-06 9.84995e-12)
(-2.33177e-07 -3.53148e-07 3.74594e-12)
(-8.19205e-08 -1.20575e-07 1.38027e-12)
(-2.81048e-08 -4.0242e-08 4.92994e-13)
(-9.42234e-09 -1.31381e-08 1.71146e-13)
(-3.08917e-09 -4.19883e-09 5.84116e-14)
(-9.91162e-10 -1.31453e-09 1.98599e-14)
(-3.11446e-10 -4.03423e-10 5.84116e-15)
(-9.59095e-11 -1.21449e-10 1.75235e-15)
(-2.89698e-11 -3.58869e-11 1.16823e-15)
(-8.58417e-12 -1.04125e-11 1.16823e-15)
(-2.49768e-12 -2.96965e-12 5.84116e-16)
(-7.16126e-13 -8.30613e-13 0)
(-2.00936e-13 -2.24301e-13 1.16823e-15)
(-5.72434e-14 -5.60751e-14 1.16823e-15)
(-1.5187e-14 -1.05141e-14 5.84116e-16)
(0 0 1.16823e-15)
(0 0 0)
(0 0 0)
(0 3.5047e-15 0)
(-0.00723219 0.0215991 5.08806e-08)
(-0.00406683 0.0113624 3.536e-08)
(-0.00219567 0.00574582 2.32254e-08)
(-0.00113705 0.00279437 1.44332e-08)
(-0.000564996 0.0013083 8.48573e-09)
(-0.000269666 0.000590447 4.72154e-09)
(-0.00012381 0.000257229 2.49001e-09)
(-5.47696e-05 0.000108331 1.24688e-09)
(-2.33826e-05 4.41673e-05 5.94503e-10)
(-9.64995e-06 1.74567e-05 2.70449e-10)
(-3.85578e-06 6.69742e-06 1.17729e-10)
(-1.49382e-06 2.49739e-06 4.91177e-11)
(-5.61938e-07 9.06173e-07 1.96941e-11)
(-2.05519e-07 3.20311e-07 7.59468e-12)
(-7.31688e-08 1.10416e-07 2.8242e-12)
(-2.53869e-08 3.71558e-08 1.01169e-12)
(-8.59357e-09 1.22171e-08 3.51054e-13)
(-2.84094e-09 3.92872e-09 1.16239e-13)
(-9.18105e-10 1.23664e-09 3.67993e-14)
(-2.90306e-10 3.81321e-10 1.05141e-14)
(-8.98908e-11 1.15273e-10 2.92058e-15)
(-2.72782e-11 3.41883e-11 0)
(-8.11921e-12 9.95334e-12 -1.16823e-15)
(-2.37385e-12 2.84698e-12 -1.16823e-15)
(-6.78743e-13 7.99071e-13 -2.33646e-15)
(-1.9159e-13 2.20796e-13 -1.16823e-15)
(-5.37387e-14 5.72434e-14 -1.75235e-15)
(-1.40188e-14 1.75235e-14 0)
(-3.5047e-15 5.84116e-15 1.16823e-15)
(-1.16823e-15 4.67293e-15 1.16823e-15)
(-2.33646e-15 2.33646e-15 0)
(2.33646e-15 0 0)
(-0.0208901 0.0195107 2.01709e-07)
(-0.0117865 0.01027 1.36913e-07)
(-0.00637239 0.00518261 8.83452e-08)
(-0.00330046 0.0025113 5.41025e-08)
(-0.00163893 0.0011706 3.13852e-08)
(-0.000781405 0.00052586 1.72571e-08)
(-0.000358306 0.000228054 9.00343e-09)
(-0.000158292 9.56348e-05 4.4685e-09)
(-6.74919e-05 3.88385e-05 2.11436e-09)
(-2.78199e-05 1.52964e-05 9.565e-10)
(-1.11035e-05 5.85011e-06 4.1459e-10)
(-4.29743e-06 2.17532e-06 1.72593e-10)
(-1.61514e-06 7.8735e-07 6.91331e-11)
(-5.90237e-07 2.77698e-07 2.66941e-11)
(-2.09987e-07 9.55401e-08 9.94808e-12)
(-7.2812e-08 3.20945e-08 3.58355e-12)
(-2.46335e-08 1.05367e-08 1.24884e-12)
(-8.13956e-09 3.38372e-09 4.21148e-13)
(-2.6293e-09 1.06379e-09 1.35515e-13)
(-8.31056e-10 3.27665e-10 4.08881e-14)
(-2.5724e-10 9.89574e-11 1.22664e-14)
(-7.80449e-11 2.93215e-11 3.5047e-15)
(-2.3221e-11 8.53277e-12 2.33646e-15)
(-6.78159e-12 2.43576e-12 5.84116e-16)
(-1.94627e-12 6.83416e-13 0)
(-5.46733e-13 1.85749e-13 -1.16823e-15)
(-1.49534e-13 5.14022e-14 -5.84116e-16)
(-4.08881e-14 1.16823e-14 0)
(-9.34586e-15 2.33646e-15 0)
(-3.5047e-15 0 1.75235e-15)
(-2.33646e-15 2.33646e-15 1.16823e-15)
(-1.16823e-15 -1.16823e-15 -5.84116e-16)
(-0.0324625 0.0157983 3.04708e-07)
(-0.0183949 0.0082521 2.06637e-07)
(-0.00995436 0.00411208 1.33776e-07)
(-0.00514907 0.00196327 8.21765e-08)
(-0.00255044 0.000901329 4.78009e-08)
(-0.00121221 0.000399034 2.62954e-08)
(-0.000554035 0.000170742 1.37177e-08)
(-0.000243985 7.07399e-05 6.79745e-09)
(-0.000103721 2.84216e-05 3.21173e-09)
(-4.26384e-05 1.10884e-05 1.44977e-09)
(-1.69769e-05 4.20576e-06 6.2738e-10)
(-6.55658e-06 1.55258e-06 2.60665e-10)
(-2.45956e-06 5.58396e-07 1.04283e-10)
(-8.97329e-07 1.95854e-07 4.02111e-11)
(-3.18772e-07 6.70539e-08 1.49791e-11)
(-1.1039e-07 2.24286e-08 5.39373e-12)
(-3.73043e-08 7.33554e-09 1.88085e-12)
(-1.23139e-08 2.34781e-09 6.34934e-13)
(-3.97416e-09 7.35922e-10 2.06193e-13)
(-1.25513e-09 2.26076e-10 6.42528e-14)
(-3.88234e-10 6.81103e-11 1.86917e-14)
(-1.17706e-10 2.01392e-11 7.59351e-15)
(-3.50049e-11 5.847e-12 2.92058e-15)
(-1.02209e-11 1.66707e-12 1.75235e-15)
(-2.93109e-12 4.68461e-13 2.92058e-15)
(-8.24772e-13 1.28506e-13 2.33646e-15)
(-2.25469e-13 3.27105e-14 -1.16823e-15)
(-6.30845e-14 5.84116e-15 0)
(-1.40188e-14 0 0)
(-1.16823e-15 0 1.16823e-15)
(-2.33646e-15 -2.33646e-15 1.16823e-15)
(-2.33646e-15 1.16823e-15 0)
(-0.0413611 0.0109849 3.96768e-07)
(-0.0234727 0.0054627 2.78807e-07)
(-0.0126612 0.0025732 1.84878e-07)
(-0.00651121 0.00116058 1.15034e-07)
(-0.00320317 0.00050478 6.71315e-08)
(-0.00151199 0.000212676 3.68817e-08)
(-0.0006866 8.70465e-05 1.91485e-08)
(-0.000300613 3.46721e-05 9.43901e-09)
(-0.000127143 1.34563e-05 4.43293e-09)
(-5.20357e-05 5.09288e-06 1.99091e-09)
(-2.06393e-05 1.88105e-06 8.57272e-10)
(-7.9448e-06 6.78429e-07 3.54911e-10)
(-2.97186e-06 2.39074e-07 1.41531e-10)
(-1.08158e-06 8.2364e-08 5.44817e-11)
(-3.83412e-07 2.7757e-08 2.02717e-11)
(-1.3253e-07 9.15579e-09 7.30204e-12)
(-4.47143e-08 2.95776e-09 2.54791e-12)
(-1.47392e-08 9.36337e-10 8.62155e-13)
(-4.75104e-09 2.90644e-10 2.81544e-13)
(-1.49887e-09 8.85099e-11 8.82015e-14)
(-4.63176e-10 2.64593e-11 2.74535e-14)
(-1.40307e-10 7.77108e-12 9.34586e-15)
(-4.1693e-11 2.24417e-12 4.08881e-15)
(-1.21636e-11 6.37855e-13 2.92058e-15)
(-3.48484e-12 1.79908e-13 2.92058e-15)
(-9.82483e-13 5.14022e-14 1.16823e-15)
(-2.72198e-13 1.16823e-14 1.75235e-15)
(-7.24304e-14 2.33646e-15 0)
(-1.86917e-14 0 1.16823e-15)
(-5.84116e-15 -4.67293e-15 5.84116e-16)
(0 -2.33646e-15 -1.16823e-15)
(0 4.67293e-15 0)
(-0.0476192 0.00508943 3.78552e-07)
(-0.0268066 0.00177891 2.67504e-07)
(-0.0142565 0.000493203 1.8099e-07)
(-0.00721749 7.97533e-05 1.14279e-07)
(-0.00349834 -2.09706e-05 6.72147e-08)
(-0.00162995 -2.96617e-05 3.70213e-08)
(-0.000732039 -1.96775e-05 1.92175e-08)
(-0.000317575 -1.04874e-05 9.45582e-09)
(-0.0001333 -4.97711e-06 4.43073e-09)
(-5.42136e-05 -2.18652e-06 1.98489e-09)
(-2.13913e-05 -9.0632e-07 8.52759e-10)
(-8.19855e-06 -3.58352e-07 3.52307e-10)
(-3.05562e-06 -1.361e-07 1.40267e-10)
(-1.10865e-06 -4.98878e-08 5.39221e-11)
(-3.91981e-07 -1.77107e-08 2.00474e-11)
(-1.3519e-07 -6.10578e-09 7.21675e-12)
(-4.55238e-08 -2.04851e-09 2.51812e-12)
(-1.4981e-08 -6.70024e-10 8.52809e-13)
(-4.82199e-09 -2.13968e-10 2.79207e-13)
(-1.51932e-09 -6.67995e-11 8.82015e-14)
(-4.68974e-10 -2.04114e-11 2.68693e-14)
(-1.41922e-10 -6.10869e-12 7.59351e-15)
(-4.21381e-11 -1.7944e-12 2.92058e-15)
(-1.22816e-11 -5.12854e-13 1.75235e-15)
(-3.51638e-12 -1.46029e-13 1.75235e-15)
(-9.92997e-13 -3.85517e-14 2.92058e-15)
(-2.75703e-13 -1.16823e-14 1.16823e-15)
(-7.47669e-14 -4.67293e-15 1.16823e-15)
(-1.75235e-14 -2.33646e-15 -5.84116e-16)
(-3.5047e-15 0 0)
(1.16823e-15 0 -5.84116e-16)
(-1.16823e-15 -2.33646e-15 0)
(-0.0515976 -0.0031102 4.0551e-07)
(-0.0280689 -0.00345524 3.02412e-07)
(-0.0143604 -0.00234095 2.02779e-07)
(-0.00702539 -0.00131533 1.24703e-07)
(-0.00331258 -0.000665892 7.13566e-08)
(-0.0015107 -0.000314223 3.83649e-08)
(-0.000667426 -0.000140541 1.95217e-08)
(-0.000285912 -6.01365e-05 9.44959e-09)
(-0.000118843 -2.47584e-05 4.36975e-09)
(-4.79649e-05 -9.84471e-06 1.93653e-09)
(-1.88111e-05 -3.79114e-06 8.24791e-10)
(-7.17458e-06 -1.41689e-06 3.38349e-10)
(-2.6634e-06 -5.14813e-07 1.3396e-10)
(-9.6319e-07 -1.82111e-07 5.1272e-11)
(-3.3963e-07 -6.27991e-08 1.89995e-11)
(-1.16868e-07 -2.11346e-08 6.8254e-12)
(-3.92785e-08 -6.94879e-09 2.3791e-12)
(-1.29046e-08 -2.23417e-09 8.04912e-13)
(-4.14781e-09 -7.03076e-10 2.65189e-13)
(-1.30531e-09 -2.16733e-10 8.52809e-14)
(-4.02489e-10 -6.54934e-11 2.68693e-14)
(-1.21687e-10 -1.9416e-11 8.76174e-15)
(-3.60984e-11 -5.6484e-12 3.5047e-15)
(-1.05164e-11 -1.61216e-12 1.75235e-15)
(-3.0117e-12 -4.50938e-13 1.75235e-15)
(-8.48137e-13 -1.25001e-13 1.75235e-15)
(-2.37151e-13 -3.0374e-14 0)
(-6.5421e-14 -9.34586e-15 1.16823e-15)
(-1.40188e-14 -1.16823e-15 1.16823e-15)
(-3.5047e-15 0 0)
(0 0 1.16823e-15)
(0 -2.33646e-15 0)
(-0.0536209 -0.0177767 3.65413e-07)
(-0.0260374 -0.0114442 2.57503e-07)
(-0.0121166 -0.00604756 1.66022e-07)
(-0.00554243 -0.00293345 9.90349e-08)
(-0.00249724 -0.00134995 5.53029e-08)
(-0.0011046 -0.000596761 2.91692e-08)
(-0.000477953 -0.0002548 1.46144e-08)
(-0.000201792 -0.000105375 6.98791e-09)
(-8.30084e-05 -4.22828e-05 3.19894e-09)
(-3.32464e-05 -1.64832e-05 1.40633e-09)
(-1.29635e-05 -6.24945e-06 5.94992e-10)
(-4.92223e-06 -2.30671e-06 2.42812e-10)
(-1.82084e-06 -8.29667e-07 9.57255e-11)
(-6.56632e-07 -2.91051e-07 3.65207e-11)
(-2.31004e-07 -9.96714e-08 1.35001e-11)
(-7.93393e-08 -3.33484e-08 4.84291e-12)
(-2.66234e-08 -1.09104e-08 1.68459e-12)
(-8.7353e-09 -3.49311e-09 5.70681e-13)
(-2.80455e-09 -1.09526e-09 1.88085e-13)
(-8.81741e-10 -3.36569e-10 5.89957e-14)
(-2.71657e-10 -1.01436e-10 1.86917e-14)
(-8.20753e-11 -3.00025e-11 5.84116e-15)
(-2.43319e-11 -8.71384e-12 2.92058e-15)
(-7.08766e-12 -2.48833e-12 1.16823e-15)
(-2.02805e-12 -6.98603e-13 0)
(-5.72434e-13 -1.92758e-13 5.84116e-16)
(-1.61216e-13 -5.14022e-14 0)
(-4.32246e-14 -9.34586e-15 0)
(-8.17763e-15 -4.67293e-15 -1.16823e-15)
(-2.33646e-15 0 0)
(0 0 0)
(0 0 5.84116e-16)
(-0.0534505 -0.0520955 1.39906e-07)
(-0.0163398 -0.0222267 7.82766e-08)
(-0.0058496 -0.00971841 4.64083e-08)
(-0.00232778 -0.0042605 2.70786e-08)
(-0.000975894 -0.0018482 1.51033e-08)
(-0.000415547 -0.000787372 7.99633e-09)
(-0.000176039 -0.000328053 4.02361e-09)
(-7.33952e-05 -0.000133379 1.9298e-09)
(-2.99512e-05 -5.28654e-05 8.85244e-10)
(-1.19315e-05 -2.04199e-05 3.89483e-10)
(-4.63462e-06 -7.68743e-06 1.64797e-10)
(-1.7548e-06 -2.82176e-06 6.71967e-11)
(-6.4774e-07 -1.01041e-06 2.64558e-11)
(-2.33194e-07 -3.53177e-07 1.00719e-11)
(-8.1927e-08 -1.20586e-07 3.71439e-12)
(-2.81073e-08 -4.02459e-08 1.32711e-12)
(-9.42321e-09 -1.31395e-08 4.60283e-13)
(-3.08947e-09 -4.19929e-09 1.55959e-13)
(-9.91267e-10 -1.31468e-09 5.08181e-14)
(-3.11481e-10 -4.03471e-10 1.63553e-14)
(-9.592e-11 -1.21461e-10 3.5047e-15)
(-2.89687e-11 -3.58928e-11 2.92058e-15)
(-8.583e-12 -1.04206e-11 1.75235e-15)
(-2.50119e-12 -2.97432e-12 1.16823e-15)
(-7.1379e-13 -8.35286e-13 0)
(-2.03272e-13 -2.30142e-13 0)
(-5.60751e-14 -6.19163e-14 5.84116e-16)
(-1.5187e-14 -1.40188e-14 2.92058e-15)
(-3.5047e-15 0 0)
(0 0 0)
(0 0 0)
(0 0 1.16823e-15)
(-0.00723227 0.0215996 1.79432e-07)
(-0.00406689 0.0113628 1.29492e-07)
(-0.00219572 0.00574604 8.73322e-08)
(-0.00113709 0.00279451 5.4989e-08)
(-0.000565017 0.00130838 3.24239e-08)
(-0.000269679 0.000590489 1.797e-08)
(-0.000123817 0.000257251 9.40766e-09)
(-5.47734e-05 0.000108342 4.67055e-09)
(-2.33845e-05 4.41722e-05 2.20849e-09)
(-9.65086e-06 1.74589e-05 9.97665e-10)
(-3.8562e-06 6.69837e-06 4.32056e-10)
(-1.494e-06 2.49777e-06 1.79758e-10)
(-5.62014e-07 9.06327e-07 7.20542e-11)
(-2.0555e-07 3.20371e-07 2.78647e-11)
(-7.31805e-08 1.10438e-07 1.042e-11)
(-2.53912e-08 3.71637e-08 3.77105e-12)
(-8.59512e-09 1.22199e-08 1.32361e-12)
(-2.84148e-09 3.92964e-09 4.49185e-13)
(-9.18283e-10 1.23693e-09 1.48365e-13)
(-2.90358e-10 3.81413e-10 4.84816e-14)
(-8.99118e-11 1.15301e-10 1.5187e-14)
(-2.72852e-11 3.41965e-11 4.08881e-15)
(-8.12272e-12 9.95684e-12 1.16823e-15)
(-2.37151e-12 2.84698e-12 0)
(-6.81079e-13 8.00239e-13 0)
(-1.9159e-13 2.18459e-13 -1.16823e-15)
(-5.14022e-14 5.84116e-14 1.16823e-15)
(-1.5187e-14 1.5187e-14 -1.16823e-15)
(-2.33646e-15 4.67293e-15 0)
(-2.33646e-15 2.33646e-15 -1.16823e-15)
(0 0 0)
(0 -1.16823e-15 -5.84116e-16)
(-0.0208904 0.0195112 6.32335e-07)
(-0.0117867 0.0102703 4.37242e-07)
(-0.00637254 0.00518283 2.84027e-07)
(-0.00330057 0.00251143 1.73171e-07)
(-0.001639 0.00117068 9.93068e-08)
(-0.000781448 0.0005259 5.37369e-08)
(-0.00035833 0.000228074 2.75478e-08)
(-0.000158305 9.56449e-05 1.34276e-08)
(-6.74983e-05 3.88433e-05 6.24557e-09)
(-2.7823e-05 1.52985e-05 2.78038e-09)
(-1.11049e-05 5.85101e-06 1.18805e-09)
(-4.29804e-06 2.17569e-06 4.88368e-10)
(-1.61539e-06 7.87497e-07 1.93559e-10)
(-5.9034e-07 2.77755e-07 7.40893e-11)
(-2.10027e-07 9.55611e-08 2.74348e-11)
(-7.28269e-08 3.2102e-08 9.84002e-12)
(-2.46389e-08 1.05394e-08 3.42467e-12)
(-8.14145e-09 3.38461e-09 1.15597e-12)
(-2.62994e-09 1.06408e-09 3.8026e-13)
(-8.3127e-10 3.27757e-10 1.21496e-13)
(-2.57307e-10 9.89831e-11 3.73834e-14)
(-7.80601e-11 2.9332e-11 1.16823e-14)
(-2.32268e-11 8.5351e-12 3.5047e-15)
(-6.78509e-12 2.44044e-12 1.16823e-15)
(-1.94511e-12 6.86921e-13 0)
(-5.49069e-13 1.93927e-13 0)
(-1.5187e-13 5.14022e-14 -1.16823e-15)
(-4.20564e-14 1.5187e-14 -1.16823e-15)
(-7.00939e-15 3.5047e-15 -1.75235e-15)
(-3.5047e-15 2.33646e-15 -5.84116e-16)
(-4.67293e-15 0 0)
(0 0 0)
(-0.0324629 0.0157987 1.03008e-06)
(-0.0183953 0.00825238 7.24986e-07)
(-0.00995461 0.00411226 4.74032e-07)
(-0.00514924 0.00196338 2.88721e-07)
(-0.00255055 0.000901392 1.64648e-07)
(-0.00121228 0.000399068 8.84578e-08)
(-0.000554073 0.000170759 4.49929e-08)
(-0.000244004 7.07482e-05 2.17744e-08)
(-0.000103731 2.84254e-05 1.0061e-08)
(-4.26431e-05 1.10901e-05 4.45481e-09)
(-1.6979e-05 4.20648e-06 1.8947e-09)
(-6.55751e-06 1.55287e-06 7.76229e-10)
(-2.45995e-06 5.58511e-07 3.06823e-10)
(-8.97486e-07 1.95898e-07 1.17272e-10)
(-3.18833e-07 6.70701e-08 4.33899e-11)
(-1.10413e-07 2.24344e-08 1.55696e-11)
(-3.73125e-08 7.33756e-09 5.42235e-12)
(-1.23168e-08 2.3485e-09 1.83237e-12)
(-3.97514e-09 7.3615e-10 6.03392e-13)
(-1.25546e-09 2.26151e-10 1.92174e-13)
(-3.88336e-10 6.81383e-11 6.0164e-14)
(-1.17734e-10 2.01473e-11 2.04441e-14)
(-3.50131e-11 5.85051e-12 5.84116e-15)
(-1.02209e-11 1.67057e-12 4.08881e-15)
(-2.92993e-12 4.67293e-13 2.33646e-15)
(-8.2594e-13 1.27337e-13 1.75235e-15)
(-2.3131e-13 3.5047e-14 1.16823e-15)
(-6.30845e-14 5.84116e-15 1.75235e-15)
(-1.75235e-14 0 0)
(-3.5047e-15 -2.33646e-15 -1.16823e-15)
(0 -1.16823e-15 -1.16823e-15)
(0 0 1.75235e-15)
(-0.0413616 0.0109851 1.31082e-06)
(-0.0234731 0.00546285 9.33449e-07)
(-0.0126615 0.00257331 6.13233e-07)
(-0.00651144 0.00116064 3.7298e-07)
(-0.00320331 0.000504815 2.11736e-07)
(-0.00151208 0.000212695 1.13048e-07)
(-0.00068665 8.70556e-05 5.71428e-08)
(-0.000300639 3.46764e-05 2.74863e-08)
(-0.000127156 1.34582e-05 1.26352e-08)
(-5.20419e-05 5.09371e-06 5.56928e-09)
(-2.06421e-05 1.88139e-06 2.36057e-09)
(-7.94601e-06 6.78568e-07 9.64364e-10)
(-2.97236e-06 2.39128e-07 3.80512e-10)
(-1.08178e-06 8.23845e-08 1.45257e-10)
(-3.8349e-07 2.77646e-08 5.37317e-11)
(-1.32559e-07 9.15851e-09 1.92858e-11)
(-4.47248e-08 2.95871e-09 6.72376e-12)
(-1.47429e-08 9.36658e-10 2.27688e-12)
(-4.75229e-09 2.90747e-10 7.50589e-13)
(-1.49928e-09 8.8545e-11 2.41824e-13)
(-4.6331e-10 2.64675e-11 7.76874e-14)
(-1.40346e-10 7.76758e-12 2.5117e-14)
(-4.17047e-11 2.2395e-12 8.17763e-15)
(-1.2166e-11 6.33182e-13 4.08881e-15)
(-3.48951e-12 1.74067e-13 1.16823e-15)
(-9.81315e-13 4.43928e-14 5.84116e-16)
(-2.74535e-13 9.34586e-15 1.16823e-15)
(-7.47669e-14 0 2.33646e-15)
(-1.5187e-14 -2.33646e-15 0)
(-5.84116e-15 0 0)
(-3.5047e-15 1.16823e-15 0)
(3.5047e-15 0 -1.16823e-15)
(-0.0476197 0.00508947 1.51021e-06)
(-0.026807 0.00177895 1.0859e-06)
(-0.0142568 0.00049322 7.0069e-07)
(-0.00721773 7.97594e-05 4.15508e-07)
(-0.0034985 -2.09701e-05 2.30013e-07)
(-0.00163004 -2.96629e-05 1.20094e-07)
(-0.000732091 -1.96788e-05 5.9552e-08)
(-0.000317602 -1.04883e-05 2.81867e-08)
(-0.000133314 -4.97764e-06 1.27814e-08)
(-5.42199e-05 -2.18679e-06 5.56927e-09)
(-2.13941e-05 -9.06449e-07 2.33745e-09)
(-8.19978e-06 -3.5841e-07 9.46949e-10)
(-3.05613e-06 -1.36124e-07 3.70934e-10)
(-1.10885e-06 -4.98975e-08 1.40722e-10)
(-3.92059e-07 -1.77144e-08 5.17708e-11)
(-1.35219e-07 -6.10713e-09 1.8496e-11)
(-4.55343e-08 -2.04899e-09 6.42177e-12)
(-1.49847e-08 -6.70187e-10 2.1659e-12)
(-4.82325e-09 -2.1402e-10 7.12038e-13)
(-1.51974e-09 -6.68135e-11 2.27805e-13)
(-4.69109e-10 -2.04114e-11 7.0678e-14)
(-1.41964e-10 -6.10752e-12 2.21964e-14)
(-4.21475e-11 -1.79324e-12 7.59351e-15)
(-1.22863e-11 -5.16359e-13 5.25704e-15)
(-3.51988e-12 -1.47197e-13 5.84116e-16)
(-9.90661e-13 -3.97199e-14 0)
(-2.74535e-13 -1.5187e-14 1.75235e-15)
(-7.59351e-14 -3.5047e-15 1.75235e-15)
(-1.5187e-14 0 1.75235e-15)
(-4.67293e-15 0 0)
(0 2.33646e-15 0)
(0 1.16823e-15 0)
(-0.0515981 -0.00311046 1.43421e-06)
(-0.0280694 -0.00345543 1.04528e-06)
(-0.0143607 -0.00234108 6.75582e-07)
(-0.00702563 -0.00131541 3.96674e-07)
(-0.00331274 -0.000665941 2.16634e-07)
(-0.00151079 -0.00031425 1.11649e-07)
(-0.000667475 -0.000140555 5.47644e-08)
(-0.000285938 -6.01434e-05 2.57009e-08)
(-0.000118855 -2.47616e-05 1.15811e-08)
(-4.79707e-05 -9.84615e-06 5.02413e-09)
(-1.88137e-05 -3.79176e-06 2.10283e-09)
(-7.17568e-06 -1.41715e-06 8.50677e-10)
(-2.66385e-06 -5.14914e-07 3.33137e-10)
(-9.6337e-07 -1.8215e-07 1.26472e-10)
(-3.39699e-07 -6.28134e-08 4.66037e-11)
(-1.16894e-07 -2.11397e-08 1.66888e-11)
(-3.92879e-08 -6.95058e-09 5.81079e-12)
(-1.29079e-08 -2.23478e-09 1.96847e-12)
(-4.14892e-09 -7.03275e-10 6.49537e-13)
(-1.30567e-09 -2.16796e-10 2.10282e-13)
(-4.02607e-10 -6.55156e-11 6.71734e-14)
(-1.21726e-10 -1.94219e-11 1.98599e-14)
(-3.61147e-11 -5.65191e-12 5.84116e-15)
(-1.05211e-11 -1.618e-12 0)
(-3.01053e-12 -4.53274e-13 -1.75235e-15)
(-8.50473e-13 -1.27337e-13 -5.84116e-16)
(-2.34815e-13 -3.62152e-14 0)
(-6.07481e-14 -9.34586e-15 5.84116e-16)
(-1.16823e-14 0 0)
(-2.33646e-15 -2.33646e-15 0)
(-2.33646e-15 0 0)
(-1.16823e-15 0 0)
(-0.0536213 -0.0177774 8.31347e-07)
(-0.0260376 -0.0114447 5.42369e-07)
(-0.0121168 -0.00604787 3.31375e-07)
(-0.00554259 -0.00293364 1.9051e-07)
(-0.00249734 -0.00135006 1.03336e-07)
(-0.00110465 -0.000596816 5.312e-08)
(-0.000477985 -0.000254827 2.60042e-08)
(-0.000201809 -0.000105388 1.21722e-08)
(-8.30164e-05 -4.22888e-05 5.46669e-09)
(-3.32501e-05 -1.64859e-05 2.36199e-09)
(-1.29651e-05 -6.25055e-06 9.84095e-10)
(-4.92293e-06 -2.30716e-06 3.96103e-10)
(-1.82113e-06 -8.29844e-07 1.54286e-10)
(-6.56749e-07 -2.91119e-07 5.8237e-11)
(-2.31049e-07 -9.96962e-08 2.13308e-11)
(-7.9356e-08 -3.33573e-08 7.58708e-12)
(-2.66294e-08 -1.09135e-08 2.62268e-12)
(-8.73742e-09 -3.49415e-09 8.81431e-13)
(-2.80527e-09 -1.0956e-09 2.86801e-13)
(-8.81974e-10 -3.3668e-10 9.28745e-14)
(-2.71734e-10 -1.01469e-10 2.86217e-14)
(-8.2101e-11 -3.00119e-11 7.59351e-15)
(-2.43425e-11 -8.71501e-12 0)
(-7.08766e-12 -2.486e-12 -1.16823e-15)
(-2.02922e-12 -6.95098e-13 -1.16823e-15)
(-5.73602e-13 -1.89254e-13 -5.84116e-16)
(-1.5888e-13 -4.78975e-14 0)
(-4.08881e-14 -8.17763e-15 1.16823e-15)
(-7.00939e-15 -1.16823e-15 1.16823e-15)
(-2.33646e-15 0 0)
(0 -2.33646e-15 0)
(0 0 0)
(-0.0534507 -0.0520962 1.67184e-07)
(-0.0163399 -0.0222271 8.79677e-08)
(-0.00584966 -0.0097187 5.08648e-08)
(-0.00232782 -0.00426068 2.9852e-08)
(-0.000975916 -0.00184829 1.68631e-08)
(-0.00041556 -0.000787423 9.01163e-09)
(-0.000176047 -0.000328079 4.55235e-09)
(-7.33991e-05 -0.000133392 2.18246e-09)
(-2.99531e-05 -5.2871e-05 9.97618e-10)
(-1.19324e-05 -2.04223e-05 4.36547e-10)
(-4.63502e-06 -7.68849e-06 1.83491e-10)
(-1.75497e-06 -2.82218e-06 7.42785e-11)
(-6.47811e-07 -1.01058e-06 2.90212e-11)
(-2.33222e-07 -3.53241e-07 1.09627e-11)
(-8.1938e-08 -1.2061e-07 4.00937e-12)
(-2.81113e-08 -4.02544e-08 1.42115e-12)
(-9.42469e-09 -1.31424e-08 4.88321e-13)
(-3.08999e-09 -4.20028e-09 1.618e-13)
(-9.91441e-10 -1.31501e-09 5.25704e-14)
(-3.11539e-10 -4.03576e-10 1.63553e-14)
(-9.59364e-11 -1.21495e-10 5.84116e-15)
(-2.89733e-11 -3.59021e-11 1.75235e-15)
(-8.58767e-12 -1.04218e-11 -1.16823e-15)
(-2.50235e-12 -2.97081e-12 -1.16823e-15)
(-7.1379e-13 -8.3295e-13 1.16823e-15)
(-2.02104e-13 -2.27805e-13 0)
(-5.37387e-14 -5.60751e-14 0)
(-1.5187e-14 -1.5187e-14 0)
(-4.67293e-15 -4.67293e-15 1.16823e-15)
(0 0 0)
(-1.16823e-15 0 0)
(0 0 0)
(-0.0072324 0.0216007 1.21443e-07)
(-0.00406701 0.0113636 8.99643e-08)
(-0.00219582 0.00574656 6.18827e-08)
(-0.00113716 0.00279483 3.95361e-08)
(-0.00056507 0.00130856 2.35531e-08)
(-0.000269712 0.000590591 1.31558e-08)
(-0.000123837 0.000257303 6.92709e-09)
(-5.4784e-05 0.000108367 3.45623e-09)
(-2.339e-05 4.41842e-05 1.64099e-09)
(-9.6535e-06 1.74642e-05 7.44379e-10)
(-3.85741e-06 6.70066e-06 3.23588e-10)
(-1.49454e-06 2.49872e-06 1.35207e-10)
(-5.62242e-07 9.06704e-07 5.44215e-11)
(-2.05643e-07 3.20515e-07 2.11491e-11)
(-7.3217e-08 1.10492e-07 7.94924e-12)
(-2.54051e-08 3.7183e-08 2.89371e-12)
(-8.60021e-09 1.22266e-08 1.0222e-12)
(-2.84329e-09 3.93193e-09 3.5047e-13)
(-9.18906e-10 1.23769e-09 1.16823e-13)
(-2.90571e-10 3.81658e-10 3.85517e-14)
(-8.99784e-11 1.15379e-10 1.10982e-14)
(-2.73098e-11 3.42175e-11 4.08881e-15)
(-8.12622e-12 9.96268e-12 5.84116e-16)
(-2.37618e-12 2.84815e-12 1.16823e-15)
(-6.78743e-13 7.96734e-13 0)
(-1.93927e-13 2.16123e-13 1.16823e-15)
(-5.14022e-14 5.72434e-14 0)
(-1.5187e-14 9.34586e-15 -1.16823e-15)
(-2.33646e-15 -1.16823e-15 0)
(-1.16823e-15 -1.16823e-15 0)
(0 -1.16823e-15 0)
(0 -1.16823e-15 5.84116e-16)
(-0.0208909 0.0195124 4.40499e-07)
(-0.0117872 0.0102712 3.0635e-07)
(-0.00637291 0.00518339 1.99704e-07)
(-0.00330083 0.00251177 1.21889e-07)
(-0.00163917 0.00117087 6.9868e-08)
(-0.000781549 0.000526001 3.77422e-08)
(-0.000358386 0.000228125 1.93059e-08)
(-0.000158335 9.5669e-05 9.38554e-09)
(-6.75132e-05 3.88543e-05 4.35442e-09)
(-2.783e-05 1.53033e-05 1.93352e-09)
(-1.11081e-05 5.85304e-06 8.24368e-10)
(-4.29942e-06 2.17651e-06 3.38192e-10)
(-1.61596e-06 7.87819e-07 1.33834e-10)
(-5.90569e-07 2.77877e-07 5.1168e-11)
(-2.10115e-07 9.56061e-08 1.89376e-11)
(-7.286e-08 3.21181e-08 6.79152e-12)
(-2.46509e-08 1.05449e-08 2.36275e-12)
(-8.14565e-09 3.38649e-09 7.97903e-13)
(-2.63136e-09 1.0647e-09 2.62852e-13)
(-8.31743e-10 3.27952e-10 8.52809e-14)
(-2.5746e-10 9.90474e-11 2.80376e-14)
(-7.81103e-11 2.9353e-11 7.59351e-15)
(-2.32396e-11 8.54095e-12 2.92058e-15)
(-6.79327e-12 2.44277e-12 1.75235e-15)
(-1.94978e-12 6.86921e-13 -1.16823e-15)
(-5.50237e-13 1.88085e-13 -1.75235e-15)
(-1.48365e-13 5.14022e-14 -1.16823e-15)
(-4.43928e-14 1.75235e-14 -1.75235e-15)
(-9.34586e-15 3.5047e-15 -2.33646e-15)
(0 0 -2.33646e-15)
(0 0 -1.16823e-15)
(0 0 0)
(-0.0324637 0.0157997 7.30738e-07)
(-0.0183961 0.0082531 5.19385e-07)
(-0.00995524 0.00411274 3.41049e-07)
(-0.00514968 0.00196367 2.07851e-07)
(-0.00255084 0.000901554 1.18298e-07)
(-0.00121245 0.000399153 6.33714e-08)
(-0.000554169 0.000170801 3.21157e-08)
(-0.000244054 7.0768e-05 1.54891e-08)
(-0.000103756 2.84344e-05 7.13191e-09)
(-4.26547e-05 1.1094e-05 3.14884e-09)
(-1.69842e-05 4.20811e-06 1.33566e-09)
(-6.55975e-06 1.55353e-06 5.4616e-10)
(-2.46088e-06 5.58769e-07 2.15531e-10)
(-8.97856e-07 1.95996e-07 8.23166e-11)
(-3.18976e-07 6.71065e-08 3.0443e-11)
(-1.10466e-07 2.24475e-08 1.09294e-11)
(-3.73318e-08 7.34214e-09 3.80785e-12)
(-1.23235e-08 2.35006e-09 1.29031e-12)
(-3.97744e-09 7.36665e-10 4.25237e-13)
(-1.25622e-09 2.26317e-10 1.36099e-13)
(-3.88579e-10 6.81909e-11 4.38087e-14)
(-1.17815e-10 2.01684e-11 1.34347e-14)
(-3.50376e-11 5.85635e-12 3.5047e-15)
(-1.02267e-11 1.67291e-12 1.16823e-15)
(-2.93694e-12 4.70798e-13 0)
(-8.2594e-13 1.3201e-13 -1.75235e-15)
(-2.26637e-13 3.85517e-14 0)
(-6.30845e-14 1.5187e-14 1.16823e-15)
(-1.75235e-14 7.00939e-15 0)
(-4.67293e-15 3.5047e-15 0)
(1.16823e-15 0 0)
(-1.16823e-15 1.16823e-15 1.16823e-15)
(-0.0413627 0.0109858 9.297e-07)
(-0.0234741 0.00546342 6.66039e-07)
(-0.0126623 0.00257366 4.38252e-07)
(-0.00651202 0.00116083 2.66057e-07)
(-0.00320369 0.00050491 1.50508e-07)
(-0.0015123 0.000212739 8.00024e-08)
(-0.000686771 8.70756e-05 4.02608e-08)
(-0.000300702 3.46849e-05 1.92822e-08)
(-0.000127187 1.34617e-05 8.83027e-09)
(-5.20563e-05 5.09511e-06 3.87893e-09)
(-2.06485e-05 1.88193e-06 1.63963e-09)
(-7.94876e-06 6.7877e-07 6.68322e-10)
(-2.9735e-06 2.39202e-07 2.63291e-10)
(-1.08223e-06 8.24109e-08 1.00401e-10)
(-3.83664e-07 2.77738e-08 3.71264e-11)
(-1.32624e-07 9.16165e-09 1.3326e-11)
(-4.47483e-08 2.95976e-09 4.65015e-12)
(-1.47511e-08 9.37003e-10 1.57711e-12)
(-4.75511e-09 2.90859e-10 5.20447e-13)
(-1.50021e-09 8.858e-11 1.6881e-13)
(-4.63609e-10 2.64792e-11 5.43228e-14)
(-1.40444e-10 7.77342e-12 1.92758e-14)
(-4.17363e-11 2.24768e-12 7.00939e-15)
(-1.21765e-11 6.39023e-13 2.92058e-15)
(-3.49301e-12 1.76403e-13 5.84116e-16)
(-9.82483e-13 5.0234e-14 1.16823e-15)
(-2.69862e-13 1.28506e-14 5.84116e-16)
(-7.24304e-14 2.33646e-15 2.92058e-15)
(-2.10282e-14 2.33646e-15 1.75235e-15)
(-8.17763e-15 -2.33646e-15 1.16823e-15)
(-1.16823e-15 0 1.16823e-15)
(0 0 1.16823e-15)
(-0.0476207 0.00508968 1.11206e-06)
(-0.0268082 0.00177914 8.0451e-07)
(-0.0142578 0.000493327 5.16124e-07)
(-0.00721843 7.98006e-05 3.03019e-07)
(-0.00349893 -2.09608e-05 1.65917e-07)
(-0.00163029 -2.96645e-05 8.57163e-08)
(-0.000732223 -1.96823e-05 4.20967e-08)
(-0.000317668 -1.0491e-05 1.97533e-08)
(-0.000133345 -4.97922e-06 8.88982e-09)
(-5.42345e-05 -2.18761e-06 3.84803e-09)
(-2.14005e-05 -9.06835e-07 1.60593e-09)
(-8.20249e-06 -3.5858e-07 6.47444e-10)
(-3.05723e-06 -1.36194e-07 2.52599e-10)
(-1.10928e-06 -4.99253e-08 9.55129e-11)
(-3.92225e-07 -1.77249e-08 3.50511e-11)
(-1.3528e-07 -6.11097e-09 1.24989e-11)
(-4.55564e-08 -2.05033e-09 4.33414e-12)
(-1.49924e-08 -6.70642e-10 1.46087e-12)
(-4.82587e-09 -2.14169e-10 4.81312e-13)
(-1.5206e-09 -6.68591e-11 1.53038e-13)
(-4.69385e-10 -2.043e-11 4.90658e-14)
(-1.42044e-10 -6.1192e-12 1.63553e-14)
(-4.21732e-11 -1.79791e-12 7.59351e-15)
(-1.2298e-11 -5.222e-13 2.92058e-15)
(-3.52572e-12 -1.49534e-13 1.16823e-15)
(-9.89493e-13 -4.32246e-14 0)
(-2.72198e-13 -1.28506e-14 1.75235e-15)
(-7.47669e-14 -8.17763e-15 1.75235e-15)
(-2.10282e-14 -2.33646e-15 2.92058e-15)
(-5.84116e-15 -1.16823e-15 0)
(2.33646e-15 0 5.84116e-16)
(-3.5047e-15 0 1.16823e-15)
(-0.0515992 -0.00311155 1.03636e-06)
(-0.0280705 -0.00345633 7.61381e-07)
(-0.0143617 -0.00234169 4.91675e-07)
(-0.0070263 -0.00131578 2.8668e-07)
(-0.00331315 -0.000666146 1.55123e-07)
(-0.00151102 -0.000314357 7.9211e-08)
(-0.000667598 -0.000140608 3.85252e-08)
(-0.000285999 -6.01686e-05 1.79489e-08)
(-0.000118884 -2.4773e-05 8.03861e-09)
(-4.79839e-05 -9.85113e-06 3.47019e-09)
(-1.88195e-05 -3.79385e-06 1.44673e-09)
(-7.17812e-06 -1.418e-06 5.83549e-10)
(-2.66484e-06 -5.15246e-07 2.28047e-10)
(-9.63763e-07 -1.82276e-07 8.6469e-11)
(-3.39849e-07 -6.286e-08 3.18478e-11)
(-1.1695e-07 -2.11564e-08 1.14066e-11)
(-3.9308e-08 -6.95639e-09 3.97549e-12)
(-1.2915e-08 -2.23674e-09 1.35048e-12)
(-4.15133e-09 -7.03925e-10 4.46849e-13)
(-1.30648e-09 -2.17004e-10 1.44861e-13)
(-4.02867e-10 -6.55787e-11 4.49769e-14)
(-1.21809e-10 -1.94452e-11 1.46029e-14)
(-3.61381e-11 -5.66359e-12 4.67293e-15)
(-1.05316e-11 -1.61917e-12 1.16823e-15)
(-3.01287e-12 -4.55611e-13 0)
(-8.458e-13 -1.26169e-13 5.84116e-16)
(-2.33646e-13 -3.62152e-14 2.33646e-15)
(-6.30845e-14 -1.16823e-14 1.16823e-15)
(-1.75235e-14 -7.00939e-15 0)
(-5.84116e-15 -2.33646e-15 -1.16823e-15)
(0 -2.33646e-15 -2.33646e-15)
(2.33646e-15 -1.16823e-15 0)
(-0.0536221 -0.0177793 5.64509e-07)
(-0.0260384 -0.0114461 3.56554e-07)
(-0.0121173 -0.00604881 2.11635e-07)
(-0.00554289 -0.00293418 1.19084e-07)
(-0.00249751 -0.00135035 6.35011e-08)
(-0.00110475 -0.000596966 3.21524e-08)
(-0.000478035 -0.0002549 1.55256e-08)
(-0.000201834 -0.000105422 7.17452e-09)
(-8.3028e-05 -4.2304e-05 3.18459e-09)
(-3.32553e-05 -1.64924e-05 1.36092e-09)
(-1.29674e-05 -6.25329e-06 5.61394e-10)
(-4.92388e-06 -2.30826e-06 2.23872e-10)
(-1.82151e-06 -8.30275e-07 8.64766e-11)
(-6.56898e-07 -2.91282e-07 3.23904e-11)
(-2.31105e-07 -9.97565e-08 1.17816e-11)
(-7.93767e-08 -3.3379e-08 4.16416e-12)
(-2.66368e-08 -1.09211e-08 1.43284e-12)
(-8.73997e-09 -3.49672e-09 4.80143e-13)
(-2.80613e-09 -1.09646e-09 1.57127e-13)
(-8.82257e-10 -3.36958e-10 5.08181e-14)
(-2.71827e-10 -1.01559e-10 1.5187e-14)
(-8.21314e-11 -3.00388e-11 4.08881e-15)
(-2.43483e-11 -8.7302e-12 1.16823e-15)
(-7.09e-12 -2.49067e-12 1.16823e-15)
(-2.03039e-12 -6.95098e-13 -1.16823e-15)
(-5.70097e-13 -1.90422e-13 0)
(-1.5888e-13 -5.0234e-14 1.16823e-15)
(-4.43928e-14 -1.28506e-14 0)
(-9.34586e-15 -3.5047e-15 -1.16823e-15)
(-2.33646e-15 0 -5.84116e-16)
(0 0 -5.84116e-16)
(2.33646e-15 0 0)
(-0.053451 -0.0520975 8.58115e-08)
(-0.01634 -0.0222279 4.3525e-08)
(-0.00584972 -0.00971918 2.42748e-08)
(-0.00232785 -0.00426094 1.40022e-08)
(-0.000975936 -0.00184844 7.84113e-09)
(-0.000415572 -0.000787496 4.16108e-09)
(-0.000176053 -0.000328114 2.08413e-09)
(-7.34023e-05 -0.000133408 9.8949e-10)
(-2.99547e-05 -5.28783e-05 4.47326e-10)
(-1.19332e-05 -2.04255e-05 1.93525e-10)
(-4.63534e-06 -7.68977e-06 8.0379e-11)
(-1.75511e-06 -2.8227e-06 3.21579e-11)
(-6.47866e-07 -1.01078e-06 1.24154e-11)
(-2.33244e-07 -3.53315e-07 4.63671e-12)
(-8.19461e-08 -1.20637e-07 1.677e-12)
(-2.81143e-08 -4.02639e-08 5.86453e-13)
(-9.42573e-09 -1.31457e-08 1.99768e-13)
(-3.09034e-09 -4.20137e-09 6.60051e-14)
(-9.9156e-10 -1.31536e-09 2.10282e-14)
(-3.11576e-10 -4.03687e-10 6.42528e-15)
(-9.59481e-11 -1.21529e-10 2.33646e-15)
(-2.89803e-11 -3.59103e-11 1.16823e-15)
(-8.59001e-12 -1.04171e-11 -1.75235e-15)
(-2.49651e-12 -2.97198e-12 0)
(-7.14958e-13 -8.31781e-13 1.16823e-15)
(-2.00936e-13 -2.27805e-13 0)
(-5.60751e-14 -6.07481e-14 1.16823e-15)
(-1.75235e-14 -1.28506e-14 -5.84116e-16)
(-3.5047e-15 0 -1.16823e-15)
(-2.33646e-15 2.33646e-15 -1.16823e-15)
(0 2.33646e-15 -1.16823e-15)
(2.33646e-15 0 0)
(-0.537535 0.00145592 5.7485e-09)
(-0.503753 0.00388464 2.59889e-08)
(-0.443089 0.00510732 4.76301e-08)
(-0.36711 0.00482912 6.5096e-08)
(-0.288843 0.00295525 7.83963e-08)
(-0.220256 -0.000898229 9.23228e-08)
(-0.172205 -0.00816079 1.02697e-07)
(-0.160969 -0.0229151 4.65545e-08)
(-0.535824 0.000679804 1.92019e-09)
(-0.502586 0.00181728 1.7337e-08)
(-0.442831 0.00237632 3.55358e-08)
(-0.367943 0.00216817 5.2242e-08)
(-0.290913 0.0011097 6.62665e-08)
(-0.223695 -0.000867417 7.1613e-08)
(-0.175887 -0.00362587 5.24254e-08)
(-0.15408 -0.00528631 2.04515e-08)
(-0.535038 0.000311067 1.37975e-09)
(-0.502056 0.000832712 1.02441e-08)
(-0.442738 0.00108707 2.09808e-08)
(-0.368377 0.000978793 3.08572e-08)
(-0.291879 0.000479258 3.90923e-08)
(-0.224991 -0.000362185 4.26336e-08)
(-0.176624 -0.00126371 3.29064e-08)
(-0.152057 -0.00127846 1.20401e-08)
(-0.53468 0.000143753 -5.93457e-10)
(-0.50181 0.000389661 4.70471e-09)
(-0.442685 0.000525398 1.23704e-08)
(-0.368551 0.000514899 2.01219e-08)
(-0.292254 0.000356959 2.68147e-08)
(-0.225438 8.89961e-05 2.8146e-08)
(-0.176803 -0.00017845 1.87722e-08)
(-0.151538 -0.000206502 5.51118e-09)
(-0.534505 7.40759e-05 -1.41989e-09)
(-0.501675 0.000211474 6.08552e-10)
(-0.442613 0.000324702 4.99543e-09)
(-0.368545 0.000418487 1.04721e-08)
(-0.292305 0.000511653 1.72588e-08)
(-0.225527 0.000608929 2.25084e-08)
(-0.176919 0.000636912 2.58523e-08)
(-0.151672 0.000372808 1.8732e-08)
(-0.534394 5.07228e-05 -2.23929e-09)
(-0.50156 0.000160956 -1.67161e-09)
(-0.442478 0.000306449 1.9944e-09)
(-0.368364 0.00053626 8.96535e-09)
(-0.292064 0.000919136 2.00325e-08)
(-0.225312 0.00148539 3.32915e-08)
(-0.177039 0.0020178 3.2156e-08)
(-0.152548 0.00157464 -1.13684e-09)
(-0.534293 4.77296e-05 -2.78253e-09)
(-0.501419 0.000167343 -4.0369e-09)
(-0.442238 0.000374958 -2.7295e-09)
(-0.367933 0.000782848 7.58989e-10)
(-0.291355 0.00158277 6.15514e-09)
(-0.224428 0.00302818 7.90591e-09)
(-0.17683 0.00512917 3.08185e-09)
(-0.155264 0.00599254 2.71754e-08)
(-0.534179 5.03155e-05 -3.87422e-09)
(-0.501233 0.000186319 -7.10009e-09)
(-0.441863 0.000453055 -8.03643e-09)
(-0.367156 0.00103322 -7.21791e-09)
(-0.289819 0.00230884 -2.48698e-09)
(-0.221766 0.00509647 1.32424e-08)
(-0.174075 0.0112058 4.46204e-08)
(-0.16367 0.0249722 9.12791e-09)
(-0.537535 0.00145592 8.49159e-08)
(-0.503753 0.00388461 2.42861e-07)
(-0.443089 0.00510727 3.5087e-07)
(-0.36711 0.00482905 3.93625e-07)
(-0.288843 0.00295518 3.78468e-07)
(-0.220256 -0.000898316 3.27166e-07)
(-0.172205 -0.00816093 2.52353e-07)
(-0.160969 -0.0229153 9.93838e-08)
(-0.535824 0.000679795 5.78173e-08)
(-0.502586 0.00181725 1.64595e-07)
(-0.442831 0.00237626 2.3401e-07)
(-0.367943 0.00216811 2.55804e-07)
(-0.290913 0.00110962 2.3562e-07)
(-0.223695 -0.000867517 1.83332e-07)
(-0.175887 -0.00362601 1.06208e-07)
(-0.154081 -0.00528638 3.73999e-08)
(-0.535038 0.000311062 3.7257e-08)
(-0.502056 0.000832686 1.03877e-07)
(-0.442738 0.00108703 1.42463e-07)
(-0.368377 0.000978729 1.4716e-07)
(-0.291879 0.000479179 1.2424e-07)
(-0.224991 -0.000362272 8.52472e-08)
(-0.176624 -0.00126378 4.05512e-08)
(-0.152057 -0.00127849 8.56605e-09)
(-0.53468 0.000143748 2.34139e-08)
(-0.50181 0.000389642 6.3871e-08)
(-0.442685 0.000525366 8.30754e-08)
(-0.368551 0.000514859 7.80018e-08)
(-0.292254 0.000356916 5.50878e-08)
(-0.225438 8.89559e-05 2.40142e-08)
(-0.176803 -0.000178464 -2.56507e-09)
(-0.151538 -0.000206488 -6.89834e-09)
(-0.534505 7.40727e-05 1.43006e-08)
(-0.501675 0.000211461 3.74276e-08)
(-0.442613 0.000324681 4.36666e-08)
(-0.368545 0.000418464 3.22921e-08)
(-0.292305 0.00051164 1.11695e-08)
(-0.225527 0.000608939 -9.31046e-09)
(-0.176919 0.000636938 -1.21801e-08)
(-0.151672 0.000372795 1.16512e-09)
(-0.534394 5.07201e-05 9.2687e-09)
(-0.50156 0.000160947 2.29228e-08)
(-0.442478 0.000306434 2.27658e-08)
(-0.368364 0.00053624 1.01352e-08)
(-0.292064 0.000919114 -7.64988e-09)
(-0.225312 0.00148536 -2.00178e-08)
(-0.17704 0.00201776 -2.8626e-08)
(-0.152548 0.00157465 -3.45413e-08)
(-0.534293 4.77263e-05 6.09989e-09)
(-0.501419 0.000167332 1.38113e-08)
(-0.442238 0.000374938 8.7647e-09)
(-0.367933 0.000782816 -8.04253e-09)
(-0.291355 0.00158273 -3.03622e-08)
(-0.224428 0.00302814 -5.19436e-08)
(-0.17683 0.00512919 -5.71246e-08)
(-0.155264 0.00599256 5.77969e-09)
(-0.534179 5.03131e-05 4.74931e-09)
(-0.501233 0.000186311 1.01535e-08)
(-0.441863 0.000453039 4.59516e-09)
(-0.367156 0.00103319 -1.07274e-08)
(-0.289819 0.00230879 -2.67829e-08)
(-0.221766 0.0050964 -2.81875e-08)
(-0.174075 0.0112057 -3.64357e-09)
(-0.16367 0.0249719 -3.01235e-08)
(-0.537535 0.0014558 2.64089e-07)
(-0.503752 0.00388429 6.81029e-07)
(-0.443089 0.00510679 9.21455e-07)
(-0.36711 0.00482849 9.6632e-07)
(-0.288843 0.0029546 8.36049e-07)
(-0.220256 -0.000898855 5.70194e-07)
(-0.172205 -0.00816138 2.31296e-07)
(-0.16097 -0.0229156 8.92002e-08)
(-0.535823 0.000679708 1.79636e-07)
(-0.502586 0.001817 4.51164e-07)
(-0.442831 0.0023759 5.84254e-07)
(-0.367943 0.00216768 5.66535e-07)
(-0.290914 0.00110919 4.19329e-07)
(-0.223695 -0.000867901 2.05571e-07)
(-0.175887 -0.0036263 3.94779e-08)
(-0.154081 -0.00528649 -1.37962e-08)
(-0.535038 0.000310998 1.19131e-07)
(-0.502056 0.00083251 2.89502e-07)
(-0.442738 0.00108677 3.55388e-07)
(-0.368377 0.000978437 3.10895e-07)
(-0.291879 0.000478897 1.7825e-07)
(-0.224991 -0.000362504 1.16308e-08)
(-0.176624 -0.00126393 -8.95115e-08)
(-0.152057 -0.00127855 -4.86176e-08)
(-0.53468 0.000143707 7.81542e-08)
(-0.50181 0.000389528 1.79827e-07)
(-0.442685 0.000525201 1.9932e-07)
(-0.368551 0.00051467 1.37417e-07)
(-0.292254 0.000356733 1.95958e-08)
(-0.225438 8.8807e-05 -9.81172e-08)
(-0.176803 -0.000178555 -1.38011e-07)
(-0.151538 -0.000206517 -6.40013e-08)
(-0.534505 7.40477e-05 5.34387e-08)
(-0.501674 0.000211392 1.13866e-07)
(-0.442613 0.000324581 1.06568e-07)
(-0.368546 0.000418351 3.45456e-08)
(-0.292305 0.000511528 -7.91943e-08)
(-0.225527 0.000608841 -1.83789e-07)
(-0.176919 0.00063686 -2.18406e-07)
(-0.151672 0.000372753 -1.19569e-07)
(-0.534394 5.07064e-05 3.91192e-08)
(-0.50156 0.000160909 7.54083e-08)
(-0.442478 0.00030638 5.06555e-08)
(-0.368364 0.000536179 -3.44185e-08)
(-0.292064 0.000919053 -1.61022e-07)
(-0.225313 0.0014853 -2.86634e-07)
(-0.17704 0.00201771 -3.12182e-07)
(-0.152548 0.00157465 -1.17958e-07)
(-0.534293 4.77205e-05 3.21e-08)
(-0.501419 0.000167317 5.81583e-08)
(-0.442238 0.000374922 2.99144e-08)
(-0.367933 0.000782807 -4.98398e-08)
(-0.291356 0.00158273 -1.61573e-07)
(-0.224428 0.00302817 -2.56456e-07)
(-0.17683 0.00512922 -2.54469e-07)
(-0.155264 0.00599255 -1.78094e-07)
(-0.534179 5.03121e-05 3.26047e-08)
(-0.501233 0.00018631 6.20009e-08)
(-0.441863 0.000453045 4.39824e-08)
(-0.367156 0.00103322 -1.52137e-08)
(-0.289819 0.00230884 -1.0311e-07)
(-0.221766 0.00509647 -2.12e-07)
(-0.174075 0.0112058 -3.24881e-07)
(-0.16367 0.024972 -1.72781e-07)
(-0.537533 0.00145553 1.84921e-07)
(-0.503751 0.00388358 4.64157e-07)
(-0.443089 0.00510576 6.18216e-07)
(-0.367111 0.00482729 6.37791e-07)
(-0.288844 0.00295334 5.35977e-07)
(-0.220257 -0.000900045 3.35351e-07)
(-0.172206 -0.00816229 8.16398e-08)
(-0.16097 -0.022916 3.63709e-08)
(-0.535822 0.000679505 1.23739e-07)
(-0.502586 0.00181647 3.03905e-07)
(-0.442831 0.00237513 3.8578e-07)
(-0.367943 0.0021668 3.62973e-07)
(-0.290914 0.00110831 2.49975e-07)
(-0.223696 -0.000868634 9.38519e-08)
(-0.175888 -0.00362665 -1.43042e-08)
(-0.154081 -0.00528665 -3.07446e-08)
(-0.535037 0.000310859 8.32537e-08)
(-0.502056 0.000832144 1.95869e-07)
(-0.442738 0.00108626 2.33905e-07)
(-0.368377 0.000977871 1.94592e-07)
(-0.291879 0.00047838 9.31024e-08)
(-0.224992 -0.00036288 -3.09828e-08)
(-0.176624 -0.00126414 -9.71562e-08)
(-0.152057 -0.00127859 -4.51436e-08)
(-0.534679 0.000143616 5.41468e-08)
(-0.50181 0.000389291 1.20661e-07)
(-0.442685 0.000524869 1.28615e-07)
(-0.368551 0.000514306 7.95371e-08)
(-0.292255 0.000356401 -8.67732e-09)
(-0.225438 8.8565e-05 -9.39853e-08)
(-0.176803 -0.000178722 -1.16674e-07)
(-0.151538 -0.00020663 -5.15918e-08)
(-0.534504 7.39946e-05 3.77182e-08)
(-0.501674 0.000211252 7.7047e-08)
(-0.442613 0.000324384 6.78965e-08)
(-0.368546 0.000418121 1.27256e-08)
(-0.292305 0.000511279 -7.3105e-08)
(-0.225527 0.000608562 -1.51971e-07)
(-0.176919 0.00063659 -1.80374e-07)
(-0.151671 0.000372687 -1.02002e-07)
(-0.534394 5.06774e-05 2.76112e-08)
(-0.50156 0.000160836 5.08139e-08)
(-0.442479 0.000306281 2.98841e-08)
(-0.368364 0.000536071 -3.55883e-08)
(-0.292064 0.000918949 -1.3334e-07)
(-0.225313 0.00148521 -2.33325e-07)
(-0.177039 0.00201769 -2.514e-07)
(-0.152547 0.00157454 -8.45538e-08)
(-0.534293 4.77133e-05 2.32176e-08)
(-0.501419 0.000167305 4.03101e-08)
(-0.442238 0.000374925 1.84202e-08)
(-0.367933 0.000782854 -4.10382e-08)
(-0.291356 0.00158284 -1.25056e-07)
(-0.224428 0.00302829 -1.96606e-07)
(-0.17683 0.00512917 -1.94262e-07)
(-0.155263 0.00599245 -1.56698e-07)
(-0.534179 5.03149e-05 2.39812e-08)
(-0.501233 0.000186328 4.47473e-08)
(-0.441863 0.000453102 3.13508e-08)
(-0.367156 0.00103335 -1.17042e-08)
(-0.289819 0.0023091 -7.88142e-08)
(-0.221766 0.00509685 -1.7057e-07)
(-0.174075 0.0112062 -2.76617e-07)
(-0.163669 0.0249727 -1.33529e-07)
(-0.534056 4.92522e-05 -3.97322e-09)
(-0.501016 0.000186207 -8.14913e-09)
(-0.441391 0.00046588 -1.10851e-08)
(-0.366077 0.00109222 -1.44738e-08)
(-0.287292 0.00250762 -1.92615e-08)
(-0.215531 0.0057118 -2.72928e-08)
(-0.156954 0.0131 -5.39715e-08)
(-0.108351 0.0309939 -1.19623e-07)
(-0.533944 4.09444e-05 -5.43165e-09)
(-0.500816 0.000155057 -1.21785e-08)
(-0.440957 0.000386935 -1.93513e-08)
(-0.365114 0.000895257 -3.07305e-08)
(-0.285199 0.00199294 -4.93178e-08)
(-0.211174 0.00426666 -7.72418e-08)
(-0.148793 0.00865519 -1.09979e-07)
(-0.0983635 0.0158828 -1.06865e-07)
(-0.53386 2.66408e-05 -4.92979e-09)
(-0.50067 0.000100356 -1.12345e-08)
(-0.440651 0.000247282 -1.76619e-08)
(-0.364471 0.000558931 -2.74162e-08)
(-0.283921 0.00119682 -4.26424e-08)
(-0.208869 0.00240854 -6.38724e-08)
(-0.145338 0.00444047 -8.71962e-08)
(-0.0951388 0.00709921 -9.64053e-08)
(-0.533817 9.18683e-06 -5.71373e-09)
(-0.500595 3.44572e-05 -1.30338e-08)
(-0.440498 8.40931e-05 -2.08118e-08)
(-0.364164 0.000187058 -3.25053e-08)
(-0.283349 0.000390847 -4.94817e-08)
(-0.20793 0.000758719 -7.03552e-08)
(-0.144102 0.00132967 -8.88148e-08)
(-0.0941518 0.00199417 -9.08443e-08)
(-0.533817 -9.1264e-06 -5.13083e-09)
(-0.500595 -3.42385e-05 -1.15315e-08)
(-0.440498 -8.36004e-05 -1.78005e-08)
(-0.364164 -0.000186101 -2.68727e-08)
(-0.283349 -0.000389198 -4.01126e-08)
(-0.20793 -0.000756238 -5.69053e-08)
(-0.144103 -0.00132643 -7.53064e-08)
(-0.0941516 -0.00199021 -9.00465e-08)
(-0.53386 -2.65975e-05 -5.06654e-09)
(-0.50067 -0.000100183 -1.11426e-08)
(-0.44065 -0.000246841 -1.70381e-08)
(-0.36447 -0.000557952 -2.61633e-08)
(-0.28392 -0.00119487 -4.037e-08)
(-0.208867 -0.002405 -6.19395e-08)
(-0.145336 -0.00443482 -9.17483e-08)
(-0.0951382 -0.00709201 -1.13576e-07)
(-0.533944 -4.09442e-05 -4.66717e-09)
(-0.500815 -0.000155027 -9.59888e-09)
(-0.440956 -0.000386768 -1.31283e-08)
(-0.365112 -0.000894761 -1.70538e-08)
(-0.285196 -0.00199181 -2.01175e-08)
(-0.21117 -0.00426447 -1.96153e-08)
(-0.14879 -0.00865174 -6.5258e-09)
(-0.0983627 -0.0158805 4.12795e-08)
(-0.534056 -4.93465e-05 -3.61649e-09)
(-0.501016 -0.000186479 -6.32373e-09)
(-0.44139 -0.000466327 -6.12781e-09)
(-0.366075 -0.0010929 -2.5283e-09)
(-0.287289 -0.00250875 7.56024e-09)
(-0.215527 -0.00571393 2.74518e-08)
(-0.156952 -0.013104 5.56535e-08)
(-0.108353 -0.0309999 7.92179e-08)
(-0.534056 4.92491e-05 4.38222e-09)
(-0.501016 0.000186197 9.32422e-09)
(-0.441391 0.000465857 3.42117e-09)
(-0.366077 0.00109217 -1.2036e-08)
(-0.287292 0.00250752 -3.14929e-08)
(-0.215531 0.00571162 -4.92244e-08)
(-0.156954 0.0130996 -7.58317e-08)
(-0.108351 0.0309936 -1.2478e-07)
(-0.533944 4.09425e-05 4.07792e-09)
(-0.500816 0.000155051 9.14069e-09)
(-0.440957 0.000386922 4.34566e-09)
(-0.365114 0.000895231 -9.27907e-09)
(-0.285199 0.00199289 -2.5248e-08)
(-0.211174 0.00426659 -3.66437e-08)
(-0.148793 0.00865512 -3.53453e-08)
(-0.0983634 0.0158828 1.03754e-08)
(-0.53386 2.66402e-05 4.87005e-09)
(-0.50067 0.000100354 1.15814e-08)
(-0.440651 0.000247279 9.54218e-09)
(-0.364471 0.000558927 1.14988e-09)
(-0.283921 0.00119682 -6.18701e-09)
(-0.208869 0.00240855 -4.56874e-09)
(-0.145338 0.00444051 1.12604e-08)
(-0.0951388 0.00709924 4.65599e-08)
(-0.533817 9.18643e-06 4.6675e-09)
(-0.500595 3.44566e-05 1.16796e-08)
(-0.440498 8.40928e-05 1.04816e-08)
(-0.364165 0.000187059 3.55772e-09)
(-0.283349 0.000390852 -5.36796e-10)
(-0.20793 0.000758733 7.06768e-09)
(-0.144102 0.0013297 3.17644e-08)
(-0.0941518 0.00199419 7.38987e-08)
(-0.533817 -9.1251e-06 5.3052e-09)
(-0.500595 -3.42347e-05 1.32585e-08)
(-0.440498 -8.35928e-05 1.34674e-08)
(-0.364164 -0.000186088 8.84478e-09)
(-0.283349 -0.00038918 7.64933e-09)
(-0.20793 -0.000756221 1.76474e-08)
(-0.144103 -0.00132644 3.94733e-08)
(-0.0941516 -0.00199026 6.49259e-08)
(-0.53386 -2.65965e-05 4.93577e-09)
(-0.50067 -0.000100179 1.23522e-08)
(-0.44065 -0.000246832 1.13644e-08)
(-0.36447 -0.000557932 4.09136e-09)
(-0.28392 -0.00119483 -1.61686e-09)
(-0.208867 -0.00240493 -2.30568e-10)
(-0.145336 -0.00443469 9.60888e-09)
(-0.0951381 -0.00709175 3.58385e-08)
(-0.533944 -4.09413e-05 5.13393e-09)
(-0.500815 -0.000155017 1.25375e-08)
(-0.440956 -0.000386746 1.17371e-08)
(-0.365112 -0.000894714 5.54545e-09)
(-0.285196 -0.00199171 4.16784e-09)
(-0.21117 -0.00426429 1.76991e-08)
(-0.148789 -0.00865144 5.84746e-08)
(-0.0983626 -0.0158801 1.39266e-07)
(-0.534056 -4.93447e-05 5.13017e-09)
(-0.501016 -0.000186473 1.23547e-08)
(-0.44139 -0.000466312 1.02059e-08)
(-0.366075 -0.00109287 2.19658e-09)
(-0.287289 -0.00250869 -3.04509e-09)
(-0.215527 -0.00571383 4.32424e-09)
(-0.156952 -0.0131039 2.8288e-08)
(-0.108353 -0.0309999 6.12736e-08)
(-0.534056 4.92509e-05 3.29927e-08)
(-0.501016 0.000186205 6.66999e-08)
(-0.441391 0.000465879 6.14148e-08)
(-0.366077 0.00109222 2.8796e-08)
(-0.287292 0.00250762 -9.69235e-09)
(-0.215531 0.00571178 -3.14144e-08)
(-0.156954 0.0130999 5.19261e-09)
(-0.108351 0.0309939 1.90017e-07)
(-0.533944 4.09453e-05 3.9324e-08)
(-0.500816 0.000155062 8.79426e-08)
(-0.440957 0.000386947 1.09813e-07)
(-0.365114 0.000895284 1.29583e-07)
(-0.285199 0.00199299 1.84021e-07)
(-0.211174 0.00426675 3.07575e-07)
(-0.148793 0.00865536 5.01392e-07)
(-0.0983633 0.0158831 6.54511e-07)
(-0.53386 2.6642e-05 4.03927e-08)
(-0.50067 0.000100361 9.35701e-08)
(-0.440651 0.000247294 1.24252e-07)
(-0.364471 0.000558956 1.59734e-07)
(-0.283921 0.00119687 2.39293e-07)
(-0.208869 0.00240863 3.9694e-07)
(-0.145338 0.00444061 6.32508e-07)
(-0.0951386 0.00709933 8.57215e-07)
(-0.533817 9.1877e-06 4.35727e-08)
(-0.500595 3.44605e-05 1.03063e-07)
(-0.440498 8.41009e-05 1.43211e-07)
(-0.364165 0.000187073 1.93042e-07)
(-0.283349 0.000390875 2.8981e-07)
(-0.20793 0.000758763 4.58306e-07)
(-0.144102 0.00132973 6.8302e-07)
(-0.0941516 0.00199421 8.76927e-07)
(-0.533817 -9.12586e-06 4.29439e-08)
(-0.500595 -3.42372e-05 1.01375e-07)
(-0.440498 -8.35986e-05 1.39233e-07)
(-0.364164 -0.0001861 1.84517e-07)
(-0.283349 -0.0003892 2.73894e-07)
(-0.20793 -0.000756252 4.32128e-07)
(-0.144102 -0.00132648 6.5168e-07)
(-0.0941515 -0.00199029 8.67895e-07)
(-0.53386 -2.65978e-05 4.14025e-08)
(-0.50067 -0.000100185 9.58278e-08)
(-0.44065 -0.000246844 1.2749e-07)
(-0.36447 -0.000557959 1.64044e-07)
(-0.28392 -0.00119487 2.4327e-07)
(-0.208867 -0.002405 4.00727e-07)
(-0.145336 -0.00443479 6.4714e-07)
(-0.095138 -0.00709187 9.02362e-07)
(-0.533944 -4.09439e-05 3.93918e-08)
(-0.500815 -0.000155027 8.7477e-08)
(-0.440956 -0.000386771 1.05813e-07)
(-0.365112 -0.000894765 1.15746e-07)
(-0.285196 -0.00199181 1.44649e-07)
(-0.21117 -0.00426446 2.14857e-07)
(-0.148789 -0.0086517 3.13483e-07)
(-0.0983625 -0.0158804 3.33926e-07)
(-0.534056 -4.93461e-05 3.39727e-08)
(-0.501016 -0.00018648 6.82749e-08)
(-0.44139 -0.000466332 6.11873e-08)
(-0.366075 -0.00109292 2.02266e-08)
(-0.287289 -0.00250878 -4.17726e-08)
(-0.215527 -0.00571398 -1.14078e-07)
(-0.156952 -0.0131041 -1.83896e-07)
(-0.108353 -0.0310002 -2.19007e-07)
(-0.534056 4.92626e-05 2.46373e-08)
(-0.501016 0.000186249 4.92266e-08)
(-0.441391 0.000465989 4.69085e-08)
(-0.366077 0.00109246 2.63582e-08)
(-0.287292 0.0025081 2.53908e-09)
(-0.215531 0.00571266 -9.48283e-09)
(-0.156954 0.0131013 2.70528e-08)
(-0.108351 0.0309953 1.95174e-07)
(-0.533944 4.09573e-05 2.98145e-08)
(-0.500816 0.000155105 6.66234e-08)
(-0.440957 0.000387047 8.61164e-08)
(-0.365114 0.000895493 1.08132e-07)
(-0.285199 0.00199339 1.59951e-07)
(-0.211173 0.00426745 2.66977e-07)
(-0.148792 0.00865638 4.26759e-07)
(-0.0983629 0.0158842 5.37271e-07)
(-0.53386 2.66487e-05 3.05929e-08)
(-0.50067 0.000100385 7.07542e-08)
(-0.440651 0.000247346 9.70475e-08)
(-0.364471 0.000559054 1.31168e-07)
(-0.28392 0.00119703 2.02837e-07)
(-0.208868 0.00240886 3.37636e-07)
(-0.145337 0.00444088 5.34051e-07)
(-0.0951382 0.00709968 7.14249e-07)
(-0.533817 9.19153e-06 3.31914e-08)
(-0.500595 3.44722e-05 7.83499e-08)
(-0.440498 8.41227e-05 1.11918e-07)
(-0.364164 0.000187109 1.56979e-07)
(-0.283349 0.000390921 2.40866e-07)
(-0.207929 0.000758803 3.80883e-07)
(-0.144102 0.00132974 5.6244e-07)
(-0.0941513 0.00199421 7.12184e-07)
(-0.533817 -9.12944e-06 3.25079e-08)
(-0.500595 -3.42492e-05 7.65849e-08)
(-0.440498 -8.36243e-05 1.07965e-07)
(-0.364164 -0.000186146 1.48799e-07)
(-0.283349 -0.000389273 2.26132e-07)
(-0.207929 -0.000756336 3.57575e-07)
(-0.144102 -0.00132651 5.369e-07)
(-0.094151 -0.00199021 7.12922e-07)
(-0.53386 -2.66036e-05 3.14002e-08)
(-0.50067 -0.000100207 7.2333e-08)
(-0.44065 -0.000246898 9.90877e-08)
(-0.36447 -0.00055807 1.3379e-07)
(-0.283919 -0.00119509 2.04517e-07)
(-0.208867 -0.00240536 3.39018e-07)
(-0.145335 -0.00443536 5.45783e-07)
(-0.0951377 -0.00709282 7.52947e-07)
(-0.533943 -4.09562e-05 2.95907e-08)
(-0.500815 -0.000155072 6.53407e-08)
(-0.440956 -0.000386879 8.0948e-08)
(-0.365112 -0.000895001 9.31473e-08)
(-0.285196 -0.00199228 1.20364e-07)
(-0.21117 -0.00426532 1.77542e-07)
(-0.148789 -0.0086531 2.48483e-07)
(-0.0983625 -0.0158823 2.3594e-07)
(-0.534056 -4.93553e-05 2.5226e-08)
(-0.501016 -0.000186516 4.95964e-08)
(-0.44139 -0.000466426 4.48536e-08)
(-0.366075 -0.00109313 1.55017e-08)
(-0.287289 -0.0025092 -3.11673e-08)
(-0.215527 -0.00571473 -9.09501e-08)
(-0.156952 -0.0131052 -1.5653e-07)
(-0.108353 -0.0310009 -2.01063e-07)
(-0.0553208 0.0559631 -8.16403e-08)
(-0.0171233 0.0242965 -4.68353e-08)
(-0.00623799 0.0107912 -2.39276e-08)
(-0.00252802 0.00479332 -1.1256e-08)
(-0.00107712 0.0021013 -4.95868e-09)
(-0.000464756 0.000902512 -2.05085e-09)
(-0.000198941 0.000378334 -7.99276e-10)
(-8.36063e-05 0.00015451 -2.90557e-10)
(-3.43224e-05 6.14313e-05 -9.83313e-11)
(-1.37327e-05 2.37771e-05 -3.00434e-11)
(-5.35073e-06 8.96202e-06 -8.06781e-12)
(-2.03013e-06 3.29134e-06 -1.62793e-12)
(-7.50322e-07 1.17857e-06 -1.01636e-13)
(-2.70295e-07 4.11791e-07 1.40772e-13)
(-9.49744e-08 1.405e-07 1.03389e-13)
(-3.25751e-08 4.68477e-08 5.19863e-14)
(-1.0915e-08 1.52776e-08 2.04441e-14)
(-3.57571e-09 4.87648e-09 8.76174e-15)
(-1.14616e-09 1.52463e-09 1.75235e-15)
(-3.59755e-10 4.6724e-10 0)
(-1.10656e-10 1.40452e-10 -5.84116e-16)
(-3.33752e-11 4.14372e-11 0)
(-9.87623e-12 1.20094e-11 0)
(-2.87268e-12 3.41942e-12 -5.84116e-16)
(-8.23604e-13 9.55614e-13 0)
(-2.30142e-13 2.60516e-13 0)
(-6.30845e-14 6.89257e-14 5.84116e-16)
(-1.63553e-14 1.98599e-14 0)
(-2.33646e-15 5.84116e-15 0)
(-2.33646e-15 2.33646e-15 0)
(0 0 0)
(0 -1.16823e-15 0)
(-0.0569108 0.0218676 -7.43076e-08)
(-0.0280485 0.0137601 -4.35887e-08)
(-0.0132652 0.00725622 -2.24472e-08)
(-0.00616191 0.00352694 -1.03053e-08)
(-0.00281369 0.00162689 -4.19541e-09)
(-0.00125821 0.000720324 -1.47694e-09)
(-0.000549061 0.000307749 -4.09632e-10)
(-0.000233296 0.00012724 -5.60973e-11)
(-9.64102e-05 5.10076e-05 3.11223e-11)
(-3.87366e-05 1.98546e-05 3.54909e-11)
(-1.5135e-05 7.51345e-06 2.31047e-11)
(-5.75331e-06 2.76727e-06 1.22501e-11)
(-2.12923e-06 9.92994e-07 5.78509e-12)
(-7.67776e-07 3.47495e-07 2.50411e-12)
(-2.69969e-07 1.18703e-07 1.01344e-12)
(-9.26468e-08 3.96162e-08 3.87853e-13)
(-3.10563e-08 1.29285e-08 1.36683e-13)
(-1.01773e-08 4.12899e-09 4.61452e-14)
(-3.26308e-09 1.2915e-09 1.40188e-14)
(-1.02442e-09 3.95935e-10 2.33646e-15)
(-3.15147e-10 1.19052e-10 0)
(-9.50696e-11 3.51346e-11 -5.84116e-16)
(-2.81404e-11 1.01846e-11 -5.84116e-16)
(-8.17996e-12 2.89955e-12 -5.84116e-16)
(-2.3353e-12 8.1309e-13 -1.16823e-15)
(-6.53042e-13 2.26637e-13 -5.84116e-16)
(-1.79908e-13 6.30845e-14 0)
(-5.14022e-14 1.75235e-14 -1.16823e-15)
(-1.40188e-14 2.33646e-15 -5.84116e-16)
(-3.5047e-15 2.33646e-15 -5.84116e-16)
(-2.33646e-15 0 -1.16823e-15)
(0 1.16823e-15 -1.16823e-15)
(-0.0574435 0.00865216 -8.17282e-08)
(-0.0317347 0.00639694 -5.56096e-08)
(-0.0164711 0.00379968 -3.20044e-08)
(-0.00815736 0.00199886 -1.61015e-08)
(-0.00388374 0.000971219 -7.16797e-09)
(-0.00178389 0.000445072 -2.82193e-09)
(-0.000792025 0.000194589 -9.54086e-10)
(-0.000340348 8.17271e-05 -2.53364e-10)
(-0.000141708 3.31207e-05 -3.14313e-11)
(-5.72268e-05 1.29913e-05 1.92863e-11)
(-2.24381e-05 4.94325e-06 2.05609e-11)
(-8.55059e-06 1.82793e-06 1.27752e-11)
(-3.1701e-06 6.57872e-07 6.52341e-12)
(-1.14459e-06 2.30734e-07 2.96147e-12)
(-4.02853e-07 7.89527e-08 1.23657e-12)
(-1.3835e-07 2.63847e-08 4.81312e-13)
(-4.64022e-08 8.61951e-09 1.74067e-13)
(-1.52127e-08 2.75512e-09 5.95798e-14)
(-4.87922e-09 8.62357e-10 1.75235e-14)
(-1.5322e-09 2.6452e-10 3.5047e-15)
(-4.71458e-10 7.9573e-11 0)
(-1.42245e-10 2.3492e-11 0)
(-4.21113e-11 6.80963e-12 -1.16823e-15)
(-1.22419e-11 1.94277e-12 1.16823e-15)
(-3.49652e-12 5.45564e-13 -5.84116e-16)
(-9.82483e-13 1.48365e-13 0)
(-2.69862e-13 4.20564e-14 -1.16823e-15)
(-7.82716e-14 7.00939e-15 -1.16823e-15)
(-1.75235e-14 2.33646e-15 -1.16823e-15)
(-3.5047e-15 0 -1.16823e-15)
(-2.33646e-15 2.33646e-15 0)
(0 0 -1.16823e-15)
(-0.057613 0.00231687 -7.06524e-08)
(-0.032901 0.00182489 -4.32661e-08)
(-0.0176633 0.00115031 -2.15175e-08)
(-0.00899037 0.000632448 -8.56561e-09)
(-0.00436747 0.000317025 -2.3893e-09)
(-0.00203484 0.00014847 -6.147e-11)
(-0.000912407 6.59044e-05 5.2182e-10)
(-0.000394764 2.79772e-05 4.87313e-10)
(-0.000165146 1.14249e-05 3.20092e-10)
(-6.69141e-05 4.50621e-06 1.7818e-10)
(-2.62983e-05 1.72168e-06 8.92629e-11)
(-1.00387e-05 6.38623e-07 4.12999e-11)
(-3.72643e-06 2.30389e-07 1.793e-11)
(-1.3467e-06 8.09564e-08 7.36454e-12)
(-4.74319e-07 2.77437e-08 2.88203e-12)
(-1.6298e-07 9.28313e-09 1.07828e-12)
(-5.46859e-08 3.03585e-09 3.86685e-13)
(-1.79344e-08 9.71245e-10 1.31426e-13)
(-5.75369e-09 3.04235e-10 4.08881e-14)
(-1.8072e-09 9.33861e-11 1.10982e-14)
(-5.56175e-10 2.81088e-11 2.92058e-15)
(-1.67829e-10 8.30496e-12 1.16823e-15)
(-4.96908e-11 2.40773e-12 0)
(-1.44464e-11 6.90425e-13 -1.75235e-15)
(-4.12853e-12 1.9159e-13 -5.84116e-16)
(-1.15655e-12 5.25704e-14 0)
(-3.21264e-13 1.16823e-14 0)
(-8.99539e-14 2.33646e-15 0)
(-2.10282e-14 3.5047e-15 0)
(-3.5047e-15 3.5047e-15 0)
(-2.33646e-15 2.33646e-15 -2.33646e-15)
(-2.33646e-15 0 0)
(-0.0576128 -0.00231282 -9.62932e-08)
(-0.0329012 -0.00182137 -6.40918e-08)
(-0.0176636 -0.00114758 -3.33502e-08)
(-0.00899064 -0.000630573 -1.45322e-08)
(-0.00436772 -0.000315865 -5.259e-09)
(-0.00203501 -0.000147814 -1.42046e-09)
(-0.000912519 -6.55586e-05 -1.12281e-10)
(-0.000394828 -2.78061e-05 1.95701e-10)
(-0.000165179 -1.13446e-05 1.89286e-10)
(-6.693e-05 -4.47031e-06 1.2099e-10)
(-2.63057e-05 -1.70629e-06 6.50688e-11)
(-1.00419e-05 -6.32283e-07 3.13711e-11)
(-3.72776e-06 -2.2787e-07 1.39943e-11)
(-1.34723e-06 -7.99886e-08 5.85226e-12)
(-4.74527e-07 -2.73836e-08 2.31894e-12)
(-1.63058e-07 -9.15307e-09 8.74422e-13)
(-5.47141e-08 -2.99021e-09 3.14254e-13)
(-1.79444e-08 -9.55657e-10 1.05141e-13)
(-5.75708e-09 -2.99052e-10 3.27105e-14)
(-1.80833e-09 -9.17027e-11 8.76174e-15)
(-5.56538e-10 -2.75738e-11 5.84116e-16)
(-1.67944e-10 -8.13674e-12 -5.84116e-16)
(-4.9727e-11 -2.35749e-12 -5.84116e-16)
(-1.4458e-11 -6.7407e-13 -1.75235e-15)
(-4.13437e-12 -1.88085e-13 -5.84116e-16)
(-1.16239e-12 -5.25704e-14 0)
(-3.236e-13 -1.75235e-14 5.84116e-16)
(-8.41127e-14 -8.17763e-15 -1.16823e-15)
(-1.75235e-14 -2.33646e-15 -1.75235e-15)
(-5.84116e-15 -2.33646e-15 -1.75235e-15)
(-1.16823e-15 -2.33646e-15 -2.92058e-15)
(-4.67293e-15 0 -5.84116e-16)
(-0.0574442 -0.00864598 -6.11088e-08)
(-0.0317358 -0.00639215 -2.44878e-08)
(-0.0164725 -0.00379652 -5.96788e-09)
(-0.00815866 -0.00199699 1.30108e-09)
(-0.00388471 -0.000970196 3.02668e-09)
(-0.00178453 -0.000444544 2.64057e-09)
(-0.000792399 -0.000194329 1.77417e-09)
(-0.00034055 -8.16048e-05 1.03576e-09)
(-0.00014181 -3.30653e-05 5.48439e-10)
(-5.72757e-05 -1.29672e-05 2.69529e-10)
(-2.24603e-05 -4.9331e-06 1.24418e-10)
(-8.56026e-06 -1.82381e-06 5.44425e-11)
(-3.17413e-06 -6.56249e-07 2.26993e-11)
(-1.14621e-06 -2.30115e-07 9.06139e-12)
(-4.03484e-07 -7.87231e-08 3.47199e-12)
(-1.38587e-07 -2.63021e-08 1.27921e-12)
(-4.64885e-08 -8.59053e-09 4.56195e-13)
(-1.52433e-08 -2.74522e-09 1.55959e-13)
(-4.88973e-09 -8.59055e-10 5.08181e-14)
(-1.53573e-09 -2.63449e-10 1.40188e-14)
(-4.72607e-10 -7.9233e-11 3.5047e-15)
(-1.42615e-10 -2.33868e-11 1.16823e-15)
(-4.22258e-11 -6.78159e-12 0)
(-1.22781e-11 -1.93459e-12 -5.84116e-16)
(-3.50937e-12 -5.43228e-13 0)
(-9.8482e-13 -1.53038e-13 1.16823e-15)
(-2.75703e-13 -4.20564e-14 5.84116e-16)
(-7.47669e-14 -1.28506e-14 2.33646e-15)
(-1.5187e-14 -7.00939e-15 0)
(-4.67293e-15 -5.84116e-15 0)
(0 -2.33646e-15 0)
(0 -1.16823e-15 0)
(-0.0569129 -0.0218667 5.87973e-08)
(-0.0280518 -0.0137598 4.87448e-08)
(-0.0132684 -0.00725634 3.35258e-08)
(-0.00616432 -0.00352718 2.08282e-08)
(-0.00281527 -0.00162711 1.20345e-08)
(-0.00125915 -0.000720475 6.54483e-09)
(-0.000549579 -0.000307839 3.37299e-09)
(-0.000233564 -0.000127288 1.65409e-09)
(-9.65412e-05 -5.1031e-05 7.74683e-10)
(-3.87978e-05 -1.98655e-05 3.474e-10)
(-1.51623e-05 -7.51824e-06 1.49582e-10)
(-5.76503e-06 -2.76929e-06 6.19543e-11)
(-2.13407e-06 -9.93808e-07 2.47402e-11)
(-7.69706e-07 -3.47812e-07 9.53686e-12)
(-2.70714e-07 -1.18823e-07 3.55551e-12)
(-9.29251e-08 -3.96598e-08 1.2833e-12)
(-3.11572e-08 -1.2944e-08 4.49769e-13)
(-1.02129e-08 -4.1343e-09 1.52454e-13)
(-3.2753e-09 -1.29328e-09 4.78975e-14)
(-1.02851e-09 -3.96521e-10 1.63553e-14)
(-3.16475e-10 -1.19243e-10 4.67293e-15)
(-9.54925e-11 -3.5193e-11 1.16823e-15)
(-2.82759e-11 -1.02022e-11 5.84116e-16)
(-8.22085e-12 -2.90773e-12 5.84116e-16)
(-2.35048e-12 -8.1309e-13 5.84116e-16)
(-6.62388e-13 -2.23132e-13 2.92058e-15)
(-1.82244e-13 -6.30845e-14 1.75235e-15)
(-4.90658e-14 -1.16823e-14 1.75235e-15)
(-1.05141e-14 -4.67293e-15 1.16823e-15)
(0 -1.16823e-15 0)
(0 0 0)
(0 1.16823e-15 -1.75235e-15)
(-0.0553235 -0.0559742 4.14477e-08)
(-0.0171254 -0.0243051 2.53339e-08)
(-0.00623992 -0.010797 1.53378e-08)
(-0.00252942 -0.00479682 8.87372e-09)
(-0.001078 -0.00210326 4.88158e-09)
(-0.000465261 -0.000903546 2.55977e-09)
(-0.000199211 -0.00037885 1.28155e-09)
(-8.37428e-05 -0.000154756 6.14361e-10)
(-3.43881e-05 -6.15435e-05 2.82389e-10)
(-1.3763e-05 -2.38262e-05 1.24772e-10)
(-5.36411e-06 -8.98276e-06 5.305e-11)
(-2.03583e-06 -3.29979e-06 2.17542e-11)
(-7.52662e-07 -1.1819e-06 8.61162e-12)
(-2.71224e-07 -4.13062e-07 3.29675e-12)
(-9.5331e-08 -1.4097e-07 1.22139e-12)
(-3.2708e-08 -4.70169e-08 4.38087e-13)
(-1.0963e-08 -1.53368e-08 1.53038e-13)
(-3.59261e-09 -4.89666e-09 5.08181e-14)
(-1.15195e-09 -1.53133e-09 1.63553e-14)
(-3.61684e-10 -4.69409e-10 4.08881e-15)
(-1.11282e-10 -1.41139e-10 1.16823e-15)
(-3.3575e-11 -4.16522e-11 1.16823e-15)
(-9.94166e-12 -1.20702e-11 0)
(-2.89021e-12 -3.43577e-12 0)
(-8.24772e-13 -9.61455e-13 0)
(-2.33646e-13 -2.59348e-13 1.75235e-15)
(-6.30845e-14 -6.5421e-14 1.75235e-15)
(-1.5187e-14 -1.40188e-14 0)
(-4.67293e-15 0 0)
(0 1.16823e-15 0)
(0 0 0)
(0 0 0)
(-0.0553206 0.0559628 -5.19432e-08)
(-0.0171232 0.0242964 -1.63674e-08)
(-0.00623792 0.0107911 1.24335e-11)
(-0.00252798 0.00479328 5.02591e-09)
(-0.0010771 0.00210128 4.99937e-09)
(-0.000464748 0.000902505 3.52989e-09)
(-0.000198938 0.000378331 2.11975e-09)
(-8.36049e-05 0.000154509 1.14483e-09)
(-3.43219e-05 6.14312e-05 5.72067e-10)
(-1.37325e-05 2.37771e-05 2.67954e-10)
(-5.35067e-06 8.96205e-06 1.18878e-10)
(-2.03012e-06 3.29136e-06 5.01802e-11)
(-7.50318e-07 1.17858e-06 2.02677e-11)
(-2.70295e-07 4.11797e-07 7.84351e-12)
(-9.49745e-08 1.40502e-07 2.92058e-12)
(-3.25753e-08 4.68486e-08 1.04382e-12)
(-1.09151e-08 1.52779e-08 3.59816e-13)
(-3.57575e-09 4.87659e-09 1.18576e-13)
(-1.14618e-09 1.52466e-09 3.62152e-14)
(-3.59759e-10 4.67248e-10 1.05141e-14)
(-1.10656e-10 1.4045e-10 1.75235e-15)
(-3.33776e-11 4.14349e-11 0)
(-9.8774e-12 1.20071e-11 -1.16823e-15)
(-2.87151e-12 3.41708e-12 -1.16823e-15)
(-8.21267e-13 9.52109e-13 -1.16823e-15)
(-2.27805e-13 2.60516e-13 1.16823e-15)
(-6.30845e-14 7.12622e-14 1.16823e-15)
(-1.86917e-14 1.98599e-14 1.16823e-15)
(-4.67293e-15 4.67293e-15 -1.16823e-15)
(-1.16823e-15 0 -5.84116e-16)
(0 -1.16823e-15 -5.84116e-16)
(1.16823e-15 -1.16823e-15 0)
(-0.0569106 0.0218676 5.45469e-08)
(-0.0280484 0.01376 7.43195e-08)
(-0.0132652 0.00725621 6.5889e-08)
(-0.00616187 0.00352693 4.75581e-08)
(-0.00281367 0.00162688 3.01951e-08)
(-0.0012582 0.000720323 1.74877e-08)
(-0.000549058 0.000307749 9.40455e-09)
(-0.000233295 0.00012724 4.75254e-09)
(-9.641e-05 5.10077e-05 2.27243e-09)
(-3.87367e-05 1.98547e-05 1.03412e-09)
(-1.5135e-05 7.51351e-06 4.49535e-10)
(-5.75335e-06 2.7673e-06 1.87325e-10)
(-2.12925e-06 9.93008e-07 7.50028e-11)
(-7.67786e-07 3.47501e-07 2.89202e-11)
(-2.69974e-07 1.18705e-07 1.07547e-11)
(-9.26486e-08 3.96171e-08 3.86101e-12)
(-3.10569e-08 1.29288e-08 1.33821e-12)
(-1.01775e-08 4.12909e-09 4.48017e-13)
(-3.26317e-09 1.29153e-09 1.45445e-13)
(-1.02445e-09 3.95944e-10 4.49769e-14)
(-3.15154e-10 1.19055e-10 1.16823e-14)
(-9.50707e-11 3.51369e-11 2.92058e-15)
(-2.81392e-11 1.01823e-11 -1.16823e-15)
(-8.18347e-12 2.90189e-12 -5.84116e-16)
(-2.33413e-12 8.1309e-13 0)
(-6.51874e-13 2.26637e-13 -2.33646e-15)
(-1.77571e-13 5.84116e-14 -1.16823e-15)
(-5.14022e-14 1.5187e-14 0)
(-1.40188e-14 1.16823e-15 -1.16823e-15)
(-5.84116e-15 0 -1.16823e-15)
(0 0 0)
(0 1.16823e-15 0)
(-0.0574434 0.00865217 8.47113e-08)
(-0.0317346 0.00639694 9.57203e-08)
(-0.016471 0.00379968 8.29549e-08)
(-0.00815731 0.00199886 6.06718e-08)
(-0.00388371 0.000971222 3.93665e-08)
(-0.00178388 0.000445075 2.32406e-08)
(-0.00079202 0.000194591 1.27117e-08)
(-0.000340346 8.17281e-05 6.50609e-09)
(-0.000141707 3.31213e-05 3.14471e-09)
(-5.72267e-05 1.29916e-05 1.44246e-09)
(-2.24381e-05 4.94338e-06 6.31442e-10)
(-8.55062e-06 1.82799e-06 2.6449e-10)
(-3.17012e-06 6.57897e-07 1.0642e-10)
(-1.1446e-06 2.30744e-07 4.11866e-11)
(-4.02858e-07 7.89564e-08 1.53751e-11)
(-1.38352e-07 2.63861e-08 5.53917e-12)
(-4.6403e-08 8.62001e-09 1.92875e-12)
(-1.52131e-08 2.75529e-09 6.46617e-13)
(-4.87933e-09 8.6241e-10 2.08529e-13)
(-1.53224e-09 2.64534e-10 6.42528e-14)
(-4.71467e-10 7.958e-11 1.92758e-14)
(-1.42249e-10 2.34967e-11 4.67293e-15)
(-4.21101e-11 6.81079e-12 -5.84116e-16)
(-1.22431e-11 1.94043e-12 -1.75235e-15)
(-3.49652e-12 5.45564e-13 -1.16823e-15)
(-9.80147e-13 1.50702e-13 0)
(-2.73366e-13 4.32246e-14 -5.84116e-16)
(-7.71033e-14 7.00939e-15 0)
(-1.86917e-14 2.33646e-15 0)
(-3.5047e-15 0 -1.16823e-15)
(0 0 -5.84116e-16)
(1.16823e-15 0 0)
(-0.0576129 0.00231684 1.14516e-07)
(-0.0329009 0.00182487 1.26043e-07)
(-0.0176632 0.00115031 1.09297e-07)
(-0.00899033 0.000632451 8.03229e-08)
(-0.00436745 0.000317029 5.21942e-08)
(-0.00203483 0.000148473 3.08289e-08)
(-0.000912405 6.59061e-05 1.68331e-08)
(-0.000394765 2.79781e-05 8.60353e-09)
(-0.000165147 1.14253e-05 4.14922e-09)
(-6.69145e-05 4.50641e-06 1.90092e-09)
(-2.62986e-05 1.72177e-06 8.30926e-10)
(-1.00388e-05 6.3866e-07 3.47988e-10)
(-3.7265e-06 2.30404e-07 1.39992e-10)
(-1.34673e-06 8.09622e-08 5.42486e-11)
(-4.74332e-07 2.77459e-08 2.02811e-11)
(-1.62985e-07 9.28392e-09 7.33007e-12)
(-5.46878e-08 3.03613e-09 2.5631e-12)
(-1.79351e-08 9.71341e-10 8.65076e-13)
(-5.75392e-09 3.0427e-10 2.82128e-13)
(-1.80728e-09 9.33943e-11 8.70333e-14)
(-5.56195e-10 2.81112e-11 2.68693e-14)
(-1.67839e-10 8.30496e-12 7.59351e-15)
(-4.96966e-11 2.41006e-12 0)
(-1.44487e-11 6.89257e-13 -1.16823e-15)
(-4.12503e-12 1.92758e-13 -1.16823e-15)
(-1.15421e-12 5.37387e-14 0)
(-3.21264e-13 1.28506e-14 -1.75235e-15)
(-9.22903e-14 2.33646e-15 0)
(-2.10282e-14 3.5047e-15 0)
(-5.84116e-15 4.67293e-15 0)
(-1.16823e-15 0 -5.84116e-16)
(1.16823e-15 0 0)
(-0.0576127 -0.0023128 7.6268e-08)
(-0.0329011 -0.00182133 9.40178e-08)
(-0.0176635 -0.00114755 8.93029e-08)
(-0.00899059 -0.000630553 6.90318e-08)
(-0.00436769 -0.000315854 4.61548e-08)
(-0.002035 -0.000147808 2.7717e-08)
(-0.000912515 -6.55561e-05 1.52954e-08)
(-0.000394827 -2.7805e-05 7.87311e-09)
(-0.000165179 -1.13442e-05 3.81728e-09)
(-6.69303e-05 -4.47012e-06 1.75603e-09)
(-2.63058e-05 -1.70622e-06 7.70339e-10)
(-1.0042e-05 -6.32257e-07 3.23601e-10)
(-3.72782e-06 -2.27861e-07 1.30566e-10)
(-1.34726e-06 -7.99852e-08 5.07328e-11)
(-4.74537e-07 -2.73824e-08 1.90206e-11)
(-1.63062e-07 -9.15267e-09 6.89374e-12)
(-5.47156e-08 -2.99007e-09 2.41707e-12)
(-1.79449e-08 -9.55607e-10 8.21267e-13)
(-5.75727e-09 -2.99034e-10 2.70446e-13)
(-1.80839e-09 -9.16969e-11 8.35286e-14)
(-5.56556e-10 -2.75726e-11 2.62852e-14)
(-1.67951e-10 -8.13674e-12 8.17763e-15)
(-4.9727e-11 -2.35632e-12 0)
(-1.4458e-11 -6.71734e-13 -5.84116e-16)
(-4.13204e-12 -1.85749e-13 -1.16823e-15)
(-1.15889e-12 -5.14022e-14 1.16823e-15)
(-3.236e-13 -1.28506e-14 2.33646e-15)
(-8.99539e-14 -2.33646e-15 2.33646e-15)
(-1.86917e-14 -1.16823e-15 -1.16823e-15)
(-8.17763e-15 0 -1.75235e-15)
(-1.16823e-15 0 0)
(1.16823e-15 0 -1.16823e-15)
(-0.057444 -0.00864567 1.22427e-07)
(-0.0317357 -0.00639193 1.38892e-07)
(-0.0164725 -0.00379638 1.14925e-07)
(-0.00815864 -0.00199692 8.03593e-08)
(-0.00388471 -0.000970162 5.01939e-08)
(-0.00178453 -0.000444528 2.8764e-08)
(-0.000792402 -0.000194322 1.53656e-08)
(-0.000340553 -8.16018e-05 7.72661e-09)
(-0.000141812 -3.30642e-05 3.6839e-09)
(-5.72766e-05 -1.29667e-05 1.67363e-09)
(-2.24607e-05 -4.93293e-06 7.27548e-10)
(-8.56047e-06 -1.82375e-06 3.03551e-10)
(-3.17423e-06 -6.56228e-07 1.21889e-10)
(-1.14625e-06 -2.30108e-07 4.72007e-11)
(-4.03499e-07 -7.87206e-08 1.76607e-11)
(-1.38593e-07 -2.63012e-08 6.39432e-12)
(-4.64907e-08 -8.59027e-09 2.24359e-12)
(-1.52441e-08 -2.74513e-09 7.62856e-13)
(-4.89002e-09 -8.59027e-10 2.50586e-13)
(-1.53582e-09 -2.63436e-10 7.76874e-14)
(-4.72633e-10 -7.9226e-11 2.27805e-14)
(-1.42625e-10 -2.3388e-11 5.84116e-15)
(-4.22293e-11 -6.77808e-12 5.84116e-16)
(-1.22758e-11 -1.93109e-12 0)
(-3.5047e-12 -5.40891e-13 5.84116e-16)
(-9.83651e-13 -1.49534e-13 1.75235e-15)
(-2.74535e-13 -4.08881e-14 1.16823e-15)
(-7.82716e-14 -7.00939e-15 2.33646e-15)
(-1.86917e-14 -4.67293e-15 2.33646e-15)
(-4.67293e-15 -4.67293e-15 0)
(0 1.16823e-15 0)
(0 -3.5047e-15 0)
(-0.0569129 -0.0218665 1.59542e-07)
(-0.0280518 -0.0137597 1.42838e-07)
(-0.0132684 -0.00725629 1.0519e-07)
(-0.00616437 -0.00352717 6.82847e-08)
(-0.0028153 -0.0016271 4.04903e-08)
(-0.00125916 -0.000720475 2.23626e-08)
(-0.000549589 -0.00030784 1.16242e-08)
(-0.000233569 -0.000127288 5.72939e-09)
(-9.65438e-05 -5.10315e-05 2.69013e-09)
(-3.8799e-05 -1.98658e-05 1.20833e-09)
(-1.51629e-05 -7.51838e-06 5.2064e-10)
(-5.76528e-06 -2.76935e-06 2.1582e-10)
(-2.13417e-06 -9.93836e-07 8.6229e-11)
(-7.69749e-07 -3.47824e-07 3.32794e-11)
(-2.7073e-07 -1.18827e-07 1.24206e-11)
(-9.29313e-08 -3.96614e-08 4.49185e-12)
(-3.11595e-08 -1.29446e-08 1.57419e-12)
(-1.02137e-08 -4.13451e-09 5.33882e-13)
(-3.27558e-09 -1.29335e-09 1.75235e-13)
(-1.02859e-09 -3.96538e-10 5.49069e-14)
(-3.16506e-10 -1.19246e-10 1.5187e-14)
(-9.55006e-11 -3.5193e-11 3.5047e-15)
(-2.82759e-11 -1.02022e-11 2.33646e-15)
(-8.22085e-12 -2.90773e-12 1.16823e-15)
(-2.34698e-12 -8.1309e-13 1.16823e-15)
(-6.60051e-13 -2.21964e-13 1.75235e-15)
(-1.83412e-13 -6.07481e-14 0)
(-5.14022e-14 -1.5187e-14 2.92058e-15)
(-1.40188e-14 -1.16823e-15 1.16823e-15)
(-2.33646e-15 0 0)
(-1.16823e-15 0 0)
(1.16823e-15 0 0)
(-0.0553236 -0.0559744 3.95927e-08)
(-0.0171255 -0.0243053 2.86163e-08)
(-0.00623995 -0.0107971 2.08742e-08)
(-0.00252944 -0.00479688 1.41406e-08)
(-0.00107802 -0.00210329 8.77246e-09)
(-0.000465268 -0.000903564 5.02312e-09)
(-0.000199215 -0.000378859 2.68459e-09)
(-8.37448e-05 -0.00015476 1.35075e-09)
(-3.43891e-05 -6.15456e-05 6.44344e-10)
(-1.37634e-05 -2.38272e-05 2.92851e-10)
(-5.36432e-06 -8.98316e-06 1.27343e-10)
(-2.03592e-06 -3.29996e-06 5.3137e-11)
(-7.52699e-07 -1.18197e-06 2.13366e-11)
(-2.71239e-07 -4.13087e-07 8.26115e-12)
(-9.53367e-08 -1.40979e-07 3.08939e-12)
(-3.27101e-08 -4.70204e-08 1.11625e-12)
(-1.09638e-08 -1.5338e-08 3.89605e-13)
(-3.59288e-09 -4.89707e-09 1.3201e-13)
(-1.15204e-09 -1.53146e-09 4.32246e-14)
(-3.61712e-10 -4.69451e-10 1.34347e-14)
(-1.11289e-10 -1.41153e-10 4.08881e-15)
(-3.35785e-11 -4.16557e-11 5.84116e-16)
(-9.94166e-12 -1.20737e-11 1.16823e-15)
(-2.89021e-12 -3.43811e-12 1.16823e-15)
(-8.22435e-13 -9.63792e-13 2.33646e-15)
(-2.3131e-13 -2.68693e-13 0)
(-6.5421e-14 -7.35986e-14 1.75235e-15)
(-1.75235e-14 -1.98599e-14 1.16823e-15)
(-3.5047e-15 -4.67293e-15 1.16823e-15)
(-3.5047e-15 0 5.84116e-16)
(0 0 -5.84116e-16)
(1.16823e-15 3.5047e-15 0)
(-0.0553206 0.0559631 1.90173e-07)
(-0.0171232 0.0242967 1.95993e-07)
(-0.00623795 0.0107914 1.49474e-07)
(-0.00252801 0.00479343 9.54695e-08)
(-0.00107712 0.00210137 5.47674e-08)
(-0.000464762 0.000902554 2.91726e-08)
(-0.000198946 0.000378357 1.46618e-08)
(-8.36094e-05 0.000154521 7.01287e-09)
(-3.43242e-05 6.1437e-05 3.20863e-09)
(-1.37336e-05 2.37797e-05 1.40896e-09)
(-5.35116e-06 8.96315e-06 5.95384e-10)
(-2.03033e-06 3.29182e-06 2.42556e-10)
(-7.50407e-07 1.17876e-06 9.54557e-11)
(-2.7033e-07 4.11865e-07 3.63314e-11)
(-9.4988e-08 1.40527e-07 1.33973e-11)
(-3.25802e-08 4.68575e-08 4.79092e-12)
(-1.09168e-08 1.5281e-08 1.66415e-12)
(-3.57636e-09 4.87762e-09 5.56663e-13)
(-1.14638e-09 1.52499e-09 1.82828e-13)
(-3.59823e-10 4.67349e-10 5.66593e-14)
(-1.10675e-10 1.40481e-10 1.81076e-14)
(-3.33811e-11 4.14454e-11 5.84116e-15)
(-9.88208e-12 1.20071e-11 1.16823e-15)
(-2.87151e-12 3.41474e-12 0)
(-8.18931e-13 9.55614e-13 0)
(-2.27805e-13 2.60516e-13 -1.16823e-15)
(-6.30845e-14 7.24304e-14 -1.16823e-15)
(-2.10282e-14 1.75235e-14 0)
(-2.33646e-15 2.33646e-15 0)
(0 0 5.84116e-16)
(-1.16823e-15 0 5.84116e-16)
(1.16823e-15 0 5.84116e-16)
(-0.0569106 0.0218679 7.41525e-07)
(-0.0280485 0.0137603 6.28444e-07)
(-0.0132653 0.00725639 4.36856e-07)
(-0.00616198 0.00352705 2.68029e-07)
(-0.00281375 0.00162695 1.50886e-07)
(-0.00125825 0.000720364 7.94962e-08)
(-0.000549087 0.000307771 3.96375e-08)
(-0.00023331 0.000127251 1.88246e-08)
(-9.64176e-05 5.10127e-05 8.55381e-09)
(-3.87403e-05 1.9857e-05 3.73029e-09)
(-1.51367e-05 7.51448e-06 1.56537e-09)
(-5.75406e-06 2.7677e-06 6.33339e-10)
(-2.12955e-06 9.93167e-07 2.47524e-10)
(-7.67905e-07 3.47562e-07 9.35766e-11)
(-2.7002e-07 1.18728e-07 3.4273e-11)
(-9.26656e-08 3.96252e-08 1.21724e-11)
(-3.10631e-08 1.29317e-08 4.19921e-12)
(-1.01797e-08 4.13005e-09 1.40538e-12)
(-3.26389e-09 1.29185e-09 4.57363e-13)
(-1.02469e-09 3.96045e-10 1.43693e-13)
(-3.1523e-10 1.19087e-10 4.49769e-14)
(-9.50941e-11 3.51416e-11 1.40188e-14)
(-2.81497e-11 1.01823e-11 2.92058e-15)
(-8.17879e-12 2.89838e-12 -1.16823e-15)
(-2.33763e-12 8.10753e-13 0)
(-6.5421e-13 2.21964e-13 -5.84116e-16)
(-1.77571e-13 5.72434e-14 -1.75235e-15)
(-5.25704e-14 1.86917e-14 -1.16823e-15)
(-1.28506e-14 2.33646e-15 0)
(-2.33646e-15 2.33646e-15 -1.16823e-15)
(0 0 0)
(0 0 0)
(-0.0574434 0.00865228 9.00582e-07)
(-0.0317347 0.00639704 7.58121e-07)
(-0.0164712 0.00379976 5.42103e-07)
(-0.00815745 0.00199892 3.44564e-07)
(-0.00388381 0.000971263 2.00188e-07)
(-0.00178395 0.000445099 1.08233e-07)
(-0.000792059 0.000194604 5.50507e-08)
(-0.000340367 8.17348e-05 2.65566e-08)
(-0.000141718 3.31244e-05 1.22124e-08)
(-5.72318e-05 1.2993e-05 5.37816e-09)
(-2.24404e-05 4.94401e-06 2.27457e-09)
(-8.55164e-06 1.82826e-06 9.26674e-10)
(-3.17054e-06 6.58002e-07 3.64311e-10)
(-1.14477e-06 2.30785e-07 1.38525e-10)
(-4.02925e-07 7.89717e-08 5.10027e-11)
(-1.38377e-07 2.63917e-08 1.82139e-11)
(-4.6412e-08 8.62196e-09 6.31488e-12)
(-1.52162e-08 2.75596e-09 2.12969e-12)
(-4.88039e-09 8.6263e-10 6.97435e-13)
(-1.53258e-09 2.64605e-10 2.23132e-13)
(-4.71577e-10 7.9601e-11 6.89257e-14)
(-1.42284e-10 2.35002e-11 2.10282e-14)
(-4.21241e-11 6.8143e-12 4.67293e-15)
(-1.22442e-11 1.94277e-12 -1.16823e-15)
(-3.49652e-12 5.44396e-13 0)
(-9.80147e-13 1.5187e-13 -2.33646e-15)
(-2.68693e-13 3.97199e-14 -2.33646e-15)
(-7.59351e-14 1.16823e-14 1.75235e-15)
(-1.86917e-14 4.67293e-15 2.33646e-15)
(-4.67293e-15 3.5047e-15 1.16823e-15)
(0 0 5.84116e-16)
(0 0 -5.84116e-16)
(-0.0576129 0.00231685 9.17067e-07)
(-0.032901 0.00182489 7.89462e-07)
(-0.0176634 0.00115032 5.79636e-07)
(-0.00899048 0.000632465 3.76733e-07)
(-0.00436757 0.000317039 2.22763e-07)
(-0.00203491 0.000148479 1.22023e-07)
(-0.000912451 6.59095e-05 6.2699e-08)
(-0.00039479 2.79799e-05 3.04787e-08)
(-0.000165159 1.14262e-05 1.41057e-08)
(-6.69207e-05 4.50683e-06 6.24379e-09)
(-2.63014e-05 1.72196e-06 2.65313e-09)
(-1.00401e-05 6.38741e-07 1.08532e-09)
(-3.72702e-06 2.30438e-07 4.28443e-10)
(-1.34694e-06 8.09755e-08 1.63537e-10)
(-4.74413e-07 2.7751e-08 6.04613e-11)
(-1.63015e-07 9.28584e-09 2.16801e-11)
(-5.46988e-08 3.03683e-09 7.55087e-12)
(-1.7939e-08 9.71591e-10 2.55784e-12)
(-5.75524e-09 3.04358e-10 8.42295e-13)
(-1.80771e-09 9.34235e-11 2.69862e-13)
(-5.56334e-10 2.81229e-11 8.41127e-14)
(-1.67881e-10 8.31197e-12 2.5117e-14)
(-4.97094e-11 2.41123e-12 7.59351e-15)
(-1.44499e-11 6.92762e-13 2.33646e-15)
(-4.1262e-12 1.92758e-13 1.16823e-15)
(-1.15772e-12 5.49069e-14 -1.75235e-15)
(-3.17759e-13 1.98599e-14 -1.16823e-15)
(-8.64492e-14 2.33646e-15 2.33646e-15)
(-2.10282e-14 4.67293e-15 1.16823e-15)
(-7.00939e-15 0 0)
(-4.67293e-15 2.33646e-15 0)
(0 0 0)
(-0.0576127 -0.0023128 9.71887e-07)
(-0.0329012 -0.00182134 8.22003e-07)
(-0.0176636 -0.00114757 5.84375e-07)
(-0.00899073 -0.000630573 3.69427e-07)
(-0.0043678 -0.000315869 2.13905e-07)
(-0.00203508 -0.000147818 1.15409e-07)
(-0.000912558 -6.55616e-05 5.86545e-08)
(-0.000394851 -2.78078e-05 2.82886e-08)
(-0.000165191 -1.13456e-05 1.30158e-08)
(-6.69361e-05 -4.47076e-06 5.73651e-09)
(-2.63085e-05 -1.7065e-06 2.42943e-09)
(-1.00432e-05 -6.32372e-07 9.91282e-10)
(-3.72831e-06 -2.27906e-07 3.90516e-10)
(-1.34746e-06 -8.00027e-08 1.48822e-10)
(-4.74614e-07 -2.73888e-08 5.49472e-11)
(-1.63091e-07 -9.15494e-09 1.9683e-11)
(-5.47262e-08 -2.99085e-09 6.85051e-12)
(-1.79487e-08 -9.55865e-10 2.32011e-12)
(-5.75855e-09 -2.99115e-10 7.6344e-13)
(-1.80882e-09 -9.17214e-11 2.43576e-13)
(-5.56688e-10 -2.75831e-11 7.5351e-14)
(-1.67995e-10 -8.13791e-12 2.21964e-14)
(-4.97433e-11 -2.35632e-12 5.25704e-15)
(-1.44627e-11 -6.70565e-13 0)
(-4.13087e-12 -1.85749e-13 -1.16823e-15)
(-1.15772e-12 -5.0234e-14 -1.16823e-15)
(-3.18927e-13 -1.40188e-14 0)
(-8.99539e-14 -2.33646e-15 1.75235e-15)
(-2.10282e-14 0 1.16823e-15)
(-5.84116e-15 0 0)
(-2.33646e-15 0 0)
(-2.33646e-15 0 0)
(-0.057444 -0.00864581 8.78575e-07)
(-0.0317358 -0.00639206 7.52248e-07)
(-0.0164726 -0.00379648 5.3288e-07)
(-0.00815878 -0.00199699 3.3189e-07)
(-0.00388482 -0.000970208 1.89149e-07)
(-0.0017846 -0.000444555 1.00768e-07)
(-0.000792441 -0.000194337 5.07658e-08)
(-0.000340574 -8.1609e-05 2.43541e-08)
(-0.000141822 -3.30676e-05 1.11768e-08)
(-5.72816e-05 -1.29682e-05 4.92357e-09)
(-2.24631e-05 -4.9336e-06 2.08747e-09)
(-8.56147e-06 -1.82403e-06 8.53702e-10)
(-3.17465e-06 -6.56338e-07 3.37413e-10)
(-1.14642e-06 -2.3015e-07 1.291e-10)
(-4.03565e-07 -7.87363e-08 4.78864e-11)
(-1.38617e-07 -2.63069e-08 1.72443e-11)
(-4.64997e-08 -8.59222e-09 6.03567e-12)
(-1.52473e-08 -2.7458e-09 2.0555e-12)
(-4.8911e-09 -8.59245e-10 6.81079e-13)
(-1.53618e-09 -2.63505e-10 2.20212e-13)
(-4.72751e-10 -7.9254e-11 6.89257e-14)
(-1.42656e-10 -2.33974e-11 2.10282e-14)
(-4.22398e-11 -6.77691e-12 7.00939e-15)
(-1.22781e-11 -1.93226e-12 3.5047e-15)
(-3.5082e-12 -5.37387e-13 2.33646e-15)
(-9.85988e-13 -1.50702e-13 -5.84116e-16)
(-2.69862e-13 -4.43928e-14 -1.16823e-15)
(-7.47669e-14 -1.16823e-14 0)
(-1.86917e-14 -5.84116e-15 -1.16823e-15)
(-5.84116e-15 -1.16823e-15 1.16823e-15)
(-2.33646e-15 -2.33646e-15 0)
(0 0 0)
(-0.0569129 -0.0218669 3.68781e-07)
(-0.0280519 -0.01376 2.90691e-07)
(-0.0132685 -0.00725653 2.01558e-07)
(-0.00616445 -0.00352732 1.26885e-07)
(-0.00281536 -0.00162719 7.36513e-08)
(-0.0012592 -0.000720523 3.9907e-08)
(-0.000549612 -0.000307864 2.038e-08)
(-0.000233582 -0.0001273 9.87747e-09)
(-9.65502e-05 -5.10371e-05 4.56735e-09)
(-3.88021e-05 -1.98682e-05 2.02273e-09)
(-1.51643e-05 -7.51944e-06 8.60692e-10)
(-5.7659e-06 -2.76979e-06 3.52746e-10)
(-2.13443e-06 -9.94009e-07 1.39551e-10)
(-7.69854e-07 -3.4789e-07 5.33853e-11)
(-2.70771e-07 -1.18852e-07 1.97788e-11)
(-9.29468e-08 -3.96703e-08 7.10811e-12)
(-3.11651e-08 -1.29477e-08 2.47899e-12)
(-1.02157e-08 -4.13557e-09 8.40543e-13)
(-3.27626e-09 -1.2937e-09 2.78039e-13)
(-1.02883e-09 -3.96649e-10 8.87856e-14)
(-3.1658e-10 -1.19279e-10 2.68693e-14)
(-9.55182e-11 -3.52023e-11 8.76174e-15)
(-2.82794e-11 -1.02033e-11 3.5047e-15)
(-8.22319e-12 -2.90423e-12 1.75235e-15)
(-2.35048e-12 -8.15426e-13 1.16823e-15)
(-6.61219e-13 -2.25469e-13 -5.84116e-16)
(-1.79908e-13 -6.07481e-14 0)
(-5.0234e-14 -1.63553e-14 -1.16823e-15)
(-1.28506e-14 -3.5047e-15 0)
(-4.67293e-15 -2.33646e-15 1.16823e-15)
(0 0 0)
(0 0 1.75235e-15)
(-0.0553236 -0.0559746 -7.26582e-08)
(-0.0171255 -0.0243055 -2.8805e-08)
(-0.00623995 -0.0107973 -8.28293e-09)
(-0.00252945 -0.00479699 3.77449e-10)
(-0.00107802 -0.00210336 2.6898e-09)
(-0.000465273 -0.000903601 2.46798e-09)
(-0.000199219 -0.000378879 1.65189e-09)
(-8.37468e-05 -0.00015477 9.4623e-10)
(-3.43902e-05 -6.15502e-05 4.89931e-10)
(-1.3764e-05 -2.38292e-05 2.35225e-10)
(-5.36459e-06 -8.98405e-06 1.0625e-10)
(-2.03604e-06 -3.30033e-06 4.55476e-11)
(-7.52751e-07 -1.18211e-06 1.86415e-11)
(-2.7126e-07 -4.13145e-07 7.31547e-12)
(-9.53453e-08 -1.41001e-07 2.75995e-12)
(-3.27134e-08 -4.70281e-08 1.00468e-12)
(-1.0965e-08 -1.53407e-08 3.5047e-13)
(-3.5933e-09 -4.89799e-09 1.19744e-13)
(-1.15218e-09 -1.53177e-09 3.91358e-14)
(-3.61763e-10 -4.69546e-10 1.34347e-14)
(-1.11304e-10 -1.41177e-10 3.5047e-15)
(-3.35808e-11 -4.16615e-11 2.33646e-15)
(-9.94049e-12 -1.20784e-11 1.75235e-15)
(-2.88904e-12 -3.44161e-12 1.75235e-15)
(-8.28277e-13 -9.6496e-13 5.84116e-16)
(-2.33646e-13 -2.62852e-13 0)
(-6.07481e-14 -7.12622e-14 -5.84116e-16)
(-1.98599e-14 -1.98599e-14 -1.16823e-15)
(-3.5047e-15 -4.67293e-15 0)
(0 -2.33646e-15 1.16823e-15)
(-3.5047e-15 0 5.84116e-16)
(1.16823e-15 0 0)
(-0.0553206 0.0559646 1.60476e-07)
(-0.0171233 0.024298 1.65525e-07)
(-0.00623812 0.0107923 1.25534e-07)
(-0.00252817 0.00479401 7.91877e-08)
(-0.00107724 0.00210169 4.48093e-08)
(-0.000464828 0.000902722 2.35918e-08)
(-0.000198982 0.00037844 1.17428e-08)
(-8.36278e-05 0.000154561 5.57748e-09)
(-3.43331e-05 6.14547e-05 2.53823e-09)
(-1.37377e-05 2.37874e-05 1.11096e-09)
(-5.353e-06 8.96637e-06 4.68438e-10)
(-2.03112e-06 3.29312e-06 1.90745e-10)
(-7.50731e-07 1.17927e-06 7.50864e-11)
(-2.70459e-07 4.12057e-07 2.86293e-11)
(-9.50376e-08 1.40597e-07 1.05813e-11)
(-3.25988e-08 4.68825e-08 3.79617e-12)
(-1.09235e-08 1.52897e-08 1.32419e-12)
(-3.57871e-09 4.88052e-09 4.49185e-13)
(-1.14718e-09 1.52594e-09 1.47197e-13)
(-3.60089e-10 4.67648e-10 4.78975e-14)
(-1.1076e-10 1.40578e-10 1.46029e-14)
(-3.34114e-11 4.14711e-11 4.08881e-15)
(-9.88792e-12 1.20129e-11 0)
(-2.87268e-12 3.41474e-12 1.16823e-15)
(-8.22435e-13 9.50941e-13 0)
(-2.30142e-13 2.57011e-13 -5.84116e-16)
(-6.07481e-14 6.65892e-14 -5.84116e-16)
(-1.5187e-14 1.5187e-14 0)
(-4.67293e-15 5.84116e-15 1.16823e-15)
(-1.16823e-15 0 0)
(0 -3.5047e-15 0)
(0 -1.16823e-15 0)
(-0.0569107 0.021869 6.12671e-07)
(-0.0280491 0.0137612 5.10536e-07)
(-0.0132659 0.00725699 3.4852e-07)
(-0.00616245 0.00352743 2.10166e-07)
(-0.00281405 0.00162717 1.16495e-07)
(-0.00125842 0.000720481 6.05315e-08)
(-0.00054918 0.00030783 2.98233e-08)
(-0.000233357 0.000127279 1.4016e-08)
(-9.64402e-05 5.10257e-05 6.31251e-09)
(-3.87506e-05 1.98627e-05 2.73166e-09)
(-1.51412e-05 7.51687e-06 1.13894e-09)
(-5.75598e-06 2.76867e-06 4.58263e-10)
(-2.13033e-06 9.93545e-07 1.78305e-10)
(-7.68212e-07 3.47705e-07 6.71628e-11)
(-2.70136e-07 1.18781e-07 2.45311e-11)
(-9.27087e-08 3.96439e-08 8.69632e-12)
(-3.10785e-08 1.29381e-08 2.99768e-12)
(-1.0185e-08 4.13223e-09 1.0041e-12)
(-3.26569e-09 1.29256e-09 3.27105e-13)
(-1.02527e-09 3.96274e-10 1.02804e-13)
(-3.15417e-10 1.19156e-10 3.21264e-14)
(-9.51525e-11 3.5165e-11 9.92997e-15)
(-2.81684e-11 1.01905e-11 2.92058e-15)
(-8.18814e-12 2.89955e-12 0)
(-2.33763e-12 8.11921e-13 -1.16823e-15)
(-6.5421e-13 2.21964e-13 0)
(-1.7874e-13 5.95798e-14 -1.16823e-15)
(-4.78975e-14 1.75235e-14 -1.16823e-15)
(-1.05141e-14 3.5047e-15 2.33646e-15)
(-5.84116e-15 2.33646e-15 1.16823e-15)
(-2.33646e-15 2.33646e-15 -5.84116e-16)
(2.33646e-15 -2.33646e-15 0)
(-0.0574436 0.00865252 7.34142e-07)
(-0.0317353 0.00639726 6.06791e-07)
(-0.0164719 0.00379997 4.27143e-07)
(-0.00815799 0.00199908 2.67791e-07)
(-0.00388418 0.000971366 1.53653e-07)
(-0.00178417 0.00044516 8.21703e-08)
(-0.000792184 0.000194637 4.1385e-08)
(-0.000340432 8.17515e-05 1.97972e-08)
(-0.00014175 3.31324e-05 9.03622e-09)
(-5.72466e-05 1.29966e-05 3.95499e-09)
(-2.2447e-05 4.94556e-06 1.66368e-09)
(-8.55444e-06 1.8289e-06 6.7496e-10)
(-3.17169e-06 6.58259e-07 2.64415e-10)
(-1.14522e-06 2.30884e-07 1.00299e-10)
(-4.03099e-07 7.90088e-08 3.68612e-11)
(-1.38441e-07 2.64051e-08 1.31555e-11)
(-4.64352e-08 8.62672e-09 4.56136e-12)
(-1.52243e-08 2.7576e-09 1.53973e-12)
(-4.88314e-09 8.63179e-10 5.07597e-13)
(-1.53349e-09 2.64787e-10 1.618e-13)
(-4.71868e-10 7.96582e-11 5.08181e-14)
(-1.42377e-10 2.352e-11 1.63553e-14)
(-4.21533e-11 6.81897e-12 4.67293e-15)
(-1.22513e-11 1.94744e-12 1.75235e-15)
(-3.50353e-12 5.47901e-13 0)
(-9.81315e-13 1.49534e-13 -1.16823e-15)
(-2.66357e-13 4.20564e-14 0)
(-7.00939e-14 1.16823e-14 0)
(-1.75235e-14 4.67293e-15 1.75235e-15)
(-8.17763e-15 -3.5047e-15 1.16823e-15)
(-1.16823e-15 -2.33646e-15 0)
(0 2.33646e-15 0)
(-0.0576131 0.00231698 7.31898e-07)
(-0.0329016 0.001825 6.20153e-07)
(-0.0176641 0.00115039 4.48822e-07)
(-0.00899105 0.000632501 2.87845e-07)
(-0.00436796 0.000317056 1.6818e-07)
(-0.00203515 0.000148487 9.11328e-08)
(-0.000912589 6.59133e-05 4.63877e-08)
(-0.000394862 2.79815e-05 2.23625e-08)
(-0.000165195 1.14269e-05 1.02766e-08)
(-6.69374e-05 4.50713e-06 4.52105e-09)
(-2.63089e-05 1.72208e-06 1.91146e-09)
(-1.00433e-05 6.38789e-07 7.78629e-10)
(-3.72834e-06 2.30457e-07 3.06381e-10)
(-1.34746e-06 8.09828e-08 1.16652e-10)
(-4.74615e-07 2.77538e-08 4.30599e-11)
(-1.63091e-07 9.28685e-09 1.54277e-11)
(-5.4726e-08 3.0372e-09 5.37387e-12)
(-1.79485e-08 9.71723e-10 1.82244e-12)
(-5.7585e-09 3.04402e-10 6.02224e-13)
(-1.8088e-09 9.34387e-11 1.94511e-13)
(-5.56685e-10 2.8124e-11 6.0164e-14)
(-1.67991e-10 8.30847e-12 1.86917e-14)
(-4.97422e-11 2.4124e-12 6.42528e-15)
(-1.44604e-11 6.88089e-13 1.75235e-15)
(-4.13437e-12 1.92758e-13 5.84116e-16)
(-1.15772e-12 5.49069e-14 -1.16823e-15)
(-3.16591e-13 1.75235e-14 0)
(-8.52809e-14 3.5047e-15 -1.16823e-15)
(-2.57011e-14 -2.33646e-15 1.16823e-15)
(-1.16823e-14 0 -2.92058e-15)
(2.33646e-15 -2.33646e-15 -1.16823e-15)
(2.33646e-15 0 1.16823e-15)
(-0.0576128 -0.00231288 7.99326e-07)
(-0.0329019 -0.00182141 6.63893e-07)
(-0.0176644 -0.00114764 4.61722e-07)
(-0.00899133 -0.000630643 2.85863e-07)
(-0.0043682 -0.000315922 1.62491e-07)
(-0.00203531 -0.000147851 8.62718e-08)
(-0.00091269 -6.558e-05 4.32468e-08)
(-0.000394918 -2.78172e-05 2.06112e-08)
(-0.000165224 -1.135e-05 9.38784e-09)
(-6.69514e-05 -4.47276e-06 4.10147e-09)
(-2.63153e-05 -1.70735e-06 1.72416e-09)
(-1.00461e-05 -6.3272e-07 6.99053e-10)
(-3.7295e-06 -2.28043e-07 2.73946e-10)
(-1.34793e-06 -8.00541e-08 1.03942e-10)
(-4.74795e-07 -2.74076e-08 3.82462e-11)
(-1.63158e-07 -9.16154e-09 1.36642e-11)
(-5.47503e-08 -2.9931e-09 4.74653e-12)
(-1.79571e-08 -9.56612e-10 1.60574e-12)
(-5.76143e-09 -2.99355e-10 5.29209e-13)
(-1.80977e-09 -9.17962e-11 1.69394e-13)
(-5.56998e-10 -2.76018e-11 5.25704e-14)
(-1.68091e-10 -8.14608e-12 1.46029e-14)
(-4.97725e-11 -2.361e-12 5.25704e-15)
(-1.44697e-11 -6.69397e-13 5.84116e-16)
(-4.13437e-12 -1.86917e-13 1.16823e-15)
(-1.16005e-12 -4.78975e-14 -5.84116e-16)
(-3.17759e-13 -1.40188e-14 -2.33646e-15)
(-8.76174e-14 -5.84116e-15 0)
(-2.33646e-14 -3.5047e-15 0)
(-9.34586e-15 1.16823e-15 -2.33646e-15)
(0 0 -1.75235e-15)
(2.33646e-15 -2.33646e-15 0)
(-0.0574443 -0.00864687 6.95039e-07)
(-0.0317364 -0.00639299 5.88868e-07)
(-0.0164733 -0.00379715 4.11987e-07)
(-0.00815932 -0.0019974 2.52831e-07)
(-0.00388517 -0.000970442 1.41982e-07)
(-0.00178481 -0.000444679 7.46445e-08)
(-0.000792555 -0.000194399 3.71744e-08)
(-0.000340632 -8.16387e-05 1.76632e-08)
(-0.000141851 -3.30811e-05 8.04131e-09)
(-5.72948e-05 -1.29741e-05 3.51947e-09)
(-2.24689e-05 -4.93607e-06 1.48434e-09)
(-8.56397e-06 -1.82503e-06 6.04593e-10)
(-3.17567e-06 -6.5673e-07 2.38224e-10)
(-1.14683e-06 -2.30298e-07 9.09586e-11)
(-4.03723e-07 -7.8791e-08 3.36982e-11)
(-1.38676e-07 -2.63264e-08 1.21303e-11)
(-4.65211e-08 -8.59901e-09 4.24828e-12)
(-1.52548e-08 -2.74809e-09 1.44919e-12)
(-4.89368e-09 -8.60001e-10 4.8248e-13)
(-1.53705e-09 -2.63746e-10 1.57127e-13)
(-4.73032e-10 -7.93253e-11 4.96499e-14)
(-1.42746e-10 -2.34102e-11 1.5187e-14)
(-4.22655e-11 -6.78042e-12 4.67293e-15)
(-1.22886e-11 -1.93109e-12 2.33646e-15)
(-3.51171e-12 -5.38555e-13 0)
(-9.85988e-13 -1.47197e-13 5.84116e-16)
(-2.73366e-13 -3.97199e-14 0)
(-7.82716e-14 -1.28506e-14 -1.75235e-15)
(-1.75235e-14 -5.84116e-15 -1.16823e-15)
(-3.5047e-15 -1.16823e-15 -1.16823e-15)
(-2.33646e-15 4.67293e-15 -5.84116e-16)
(2.33646e-15 0 0)
(-0.056913 -0.0218684 2.68037e-07)
(-0.0280522 -0.0137612 1.96598e-07)
(-0.0132688 -0.00725738 1.29894e-07)
(-0.00616462 -0.00352783 7.94286e-08)
(-0.00281548 -0.00162748 4.51955e-08)
(-0.00125927 -0.000720672 2.40892e-08)
(-0.000549649 -0.000307938 1.21288e-08)
(-0.000233601 -0.000127335 5.80217e-09)
(-9.65595e-05 -5.10529e-05 2.6519e-09)
(-3.88065e-05 -1.98751e-05 1.1618e-09)
(-1.51662e-05 -7.52235e-06 4.89633e-10)
(-5.76672e-06 -2.77097e-06 1.98883e-10)
(-2.13477e-06 -9.94474e-07 7.80613e-11)
(-7.69988e-07 -3.48067e-07 2.96421e-11)
(-2.70823e-07 -1.18917e-07 1.0913e-11)
(-9.29659e-08 -3.96939e-08 3.89664e-12)
(-3.1172e-08 -1.29559e-08 1.35398e-12)
(-1.02181e-08 -4.13839e-09 4.57947e-13)
(-3.27708e-09 -1.29464e-09 1.51286e-13)
(-1.0291e-09 -3.96954e-10 4.96499e-14)
(-3.16665e-10 -1.19378e-10 1.57711e-14)
(-9.55462e-11 -3.52315e-11 7.00939e-15)
(-2.82922e-11 -1.02115e-11 1.75235e-15)
(-8.22552e-12 -2.90773e-12 0)
(-2.35282e-12 -8.1309e-13 0)
(-6.62388e-13 -2.24301e-13 5.84116e-16)
(-1.82244e-13 -6.30845e-14 0)
(-5.14022e-14 -1.5187e-14 -5.84116e-16)
(-1.16823e-14 -3.5047e-15 -1.16823e-15)
(-1.16823e-15 0 -1.16823e-15)
(0 0 0)
(0 2.33646e-15 -5.84116e-16)
(-0.0553232 -0.055975 -7.08031e-08)
(-0.0171254 -0.0243058 -3.20874e-08)
(-0.00623989 -0.0107975 -1.38194e-08)
(-0.00252942 -0.00479714 -4.88948e-09)
(-0.00107801 -0.00210344 -1.20109e-09)
(-0.00046527 -0.000903649 4.63146e-12)
(-0.000199218 -0.000378903 2.48852e-10)
(-8.37471e-05 -0.000154782 2.09844e-10)
(-3.43905e-05 -6.15557e-05 1.27975e-10)
(-1.37642e-05 -2.38317e-05 6.71471e-11)
(-5.3647e-06 -8.9851e-06 3.19576e-11)
(-2.0361e-06 -3.30076e-06 1.41636e-11)
(-7.52775e-07 -1.18228e-06 5.9171e-12)
(-2.7127e-07 -4.13209e-07 2.35107e-12)
(-9.53493e-08 -1.41024e-07 8.92529e-13)
(-3.27149e-08 -4.70366e-08 3.26521e-13)
(-1.09656e-08 -1.53437e-08 1.14487e-13)
(-3.59351e-09 -4.89898e-09 3.73834e-14)
(-1.15225e-09 -1.53209e-09 1.22664e-14)
(-3.61786e-10 -4.69653e-10 3.5047e-15)
(-1.11308e-10 -1.41211e-10 1.16823e-15)
(-3.3582e-11 -4.16779e-11 1.75235e-15)
(-9.94282e-12 -1.2083e-11 0)
(-2.88904e-12 -3.44278e-12 1.16823e-15)
(-8.28277e-13 -9.66128e-13 1.16823e-15)
(-2.35983e-13 -2.65189e-13 0)
(-6.42528e-14 -6.89257e-14 -1.16823e-15)
(-1.98599e-14 -1.5187e-14 -1.16823e-15)
(-1.16823e-15 0 -1.16823e-15)
(1.16823e-15 0 0)
(-1.16823e-15 0 0)
(0 0 1.16823e-15)
(-0.534179 -5.05062e-05 -3.7761e-09)
(-0.501232 -0.000186887 -6.44743e-09)
(-0.441862 -0.000454022 -5.87125e-09)
(-0.367155 -0.00103471 -1.68285e-09)
(-0.289817 -0.00231116 9.0417e-09)
(-0.221765 -0.00510031 3.16962e-08)
(-0.174075 -0.0112121 5.87522e-08)
(-0.163673 -0.0249782 2.56301e-08)
(-0.534294 -4.80548e-05 -2.96864e-09)
(-0.501419 -0.000168283 -3.92316e-09)
(-0.442238 -0.000376478 -8.31937e-10)
(-0.367932 -0.00078495 6.48213e-09)
(-0.291355 -0.00158551 1.87126e-08)
(-0.224428 -0.00303146 2.93112e-08)
(-0.17683 -0.00513226 2.19649e-08)
(-0.155264 -0.00599469 8.57011e-09)
(-0.534396 -5.12029e-05 -3.35035e-09)
(-0.501561 -0.000162326 -5.22879e-09)
(-0.442479 -0.000308548 -3.64182e-09)
(-0.368364 -0.000538892 9.84545e-10)
(-0.292064 -0.000922083 8.79032e-09)
(-0.225312 -0.00148825 1.64401e-08)
(-0.177039 -0.00201961 1.39004e-08)
(-0.152546 -0.00157515 4.63531e-09)
(-0.534507 -7.47685e-05 -3.85999e-09)
(-0.501676 -0.000213393 -4.78358e-09)
(-0.442614 -0.000327506 -1.67579e-09)
(-0.368546 -0.000421695 3.93521e-09)
(-0.292304 -0.000514695 1.09452e-08)
(-0.225526 -0.000611208 1.46389e-08)
(-0.176917 -0.000638183 1.01168e-08)
(-0.151669 -0.000373107 2.65505e-09)
(-0.534684 -0.000144687 -3.24566e-09)
(-0.501814 -0.00039227 -4.79266e-09)
(-0.442687 -0.000529203 -2.45544e-09)
(-0.368551 -0.000519244 2.52156e-09)
(-0.292253 -0.000361102 9.90544e-09)
(-0.225435 -9.22038e-05 1.63471e-08)
(-0.176801 0.000176525 2.04258e-08)
(-0.151535 0.000205927 1.57937e-08)
(-0.535044 -0.000312253 -6.18225e-09)
(-0.502061 -0.000835996 -5.92993e-09)
(-0.442741 -0.00109192 7.99421e-10)
(-0.368378 -0.000984533 1.16146e-08)
(-0.291877 -0.000485216 2.54222e-08)
(-0.224988 0.000356746 3.93048e-08)
(-0.176619 0.00126001 3.83474e-08)
(-0.152052 0.00127714 3.04711e-09)
(-0.535832 -0.000681063 -2.65485e-09)
(-0.502593 -0.00182082 -2.2375e-09)
(-0.442836 -0.00238157 3.13547e-09)
(-0.367944 -0.0021745 1.09215e-08)
(-0.290912 -0.00111652 1.88075e-08)
(-0.22369 0.000860634 2.026e-08)
(-0.17588 0.00362012 1.0128e-08)
(-0.154072 0.0052828 2.4935e-08)
(-0.537546 -0.00145698 -1.09519e-08)
(-0.503761 -0.00388756 -8.43613e-09)
(-0.443095 -0.00511165 3.98754e-09)
(-0.367113 -0.00483437 1.81656e-08)
(-0.288842 -0.00296117 3.11438e-08)
(-0.220251 0.000891347 4.67912e-08)
(-0.172197 0.00815213 7.02222e-08)
(-0.160955 0.0229066 2.6319e-08)
(-0.534179 -5.05049e-05 5.32466e-09)
(-0.501232 -0.000186883 1.22422e-08)
(-0.441862 -0.000454012 8.98443e-09)
(-0.367155 -0.00103469 -2.31386e-09)
(-0.289817 -0.00231114 -1.25371e-08)
(-0.221765 -0.0051003 -8.41439e-09)
(-0.174076 -0.0112121 9.67487e-09)
(-0.163674 -0.0249783 -1.12916e-08)
(-0.534294 -4.8054e-05 6.54731e-09)
(-0.501419 -0.000168281 1.57893e-08)
(-0.442238 -0.000376473 1.3512e-08)
(-0.367932 -0.000784945 8.76837e-10)
(-0.291355 -0.00158551 -1.51272e-08)
(-0.224428 -0.00303149 -3.03319e-08)
(-0.17683 -0.00513235 -4.26557e-08)
(-0.155264 -0.00599473 -2.02003e-08)
(-0.534396 -5.12047e-05 9.05387e-09)
(-0.501561 -0.000162328 2.1984e-08)
(-0.442479 -0.00030855 2.13482e-08)
(-0.368364 -0.000538897 7.49248e-09)
(-0.292064 -0.000922099 -1.26124e-08)
(-0.225312 -0.00148828 -3.03141e-08)
(-0.177039 -0.00201963 -3.94641e-08)
(-0.152547 -0.00157516 -2.13678e-08)
(-0.534507 -7.47683e-05 1.33252e-08)
(-0.501676 -0.000213392 3.64891e-08)
(-0.442614 -0.000327504 4.38931e-08)
(-0.368546 -0.000421692 3.39881e-08)
(-0.292304 -0.000514692 1.29106e-08)
(-0.225526 -0.000611208 -1.09214e-08)
(-0.176917 -0.00063817 -2.51825e-08)
(-0.151669 -0.000373085 -1.47409e-08)
(-0.534684 -0.000144691 2.29827e-08)
(-0.501814 -0.000392272 6.07073e-08)
(-0.442687 -0.000529198 7.81068e-08)
(-0.368551 -0.000519228 7.26586e-08)
(-0.292253 -0.000361073 5.13097e-08)
(-0.225435 -9.21545e-05 2.45742e-08)
(-0.176801 0.000176582 9.29094e-09)
(-0.151535 0.000205927 7.9182e-09)
(-0.535044 -0.000312252 3.3408e-08)
(-0.502061 -0.000835991 9.92255e-08)
(-0.442741 -0.00109191 1.4023e-07)
(-0.368378 -0.000984516 1.49737e-07)
(-0.291877 -0.000485198 1.32446e-07)
(-0.224988 0.000356753 1.00286e-07)
(-0.176619 0.00125999 5.63979e-08)
(-0.152052 0.00127716 -8.2392e-10)
(-0.535832 -0.000681072 5.82434e-08)
(-0.502593 -0.00182082 1.58963e-07)
(-0.442836 -0.00238157 2.23054e-07)
(-0.367944 -0.00217448 2.40945e-07)
(-0.290912 -0.00111651 2.16269e-07)
(-0.22369 0.000860649 1.58983e-07)
(-0.17588 0.00362019 8.72402e-08)
(-0.154072 0.00528284 5.59648e-08)
(-0.537546 -0.00145698 7.56128e-08)
(-0.503761 -0.00388755 2.31741e-07)
(-0.443095 -0.00511162 3.43954e-07)
(-0.367113 -0.00483434 3.91686e-07)
(-0.288842 -0.00296115 3.78457e-07)
(-0.220251 0.000891353 3.2537e-07)
(-0.172197 0.00815209 2.54274e-07)
(-0.160955 0.0229063 9.26998e-08)
(-0.534179 -5.05034e-05 3.41007e-08)
(-0.501232 -0.000186881 6.59632e-08)
(-0.441862 -0.000454016 4.89688e-08)
(-0.367155 -0.00103471 -1.2963e-08)
(-0.289817 -0.00231119 -1.10646e-07)
(-0.221765 -0.00510038 -2.37547e-07)
(-0.174076 -0.0112122 -3.54457e-07)
(-0.163673 -0.0249784 -1.66697e-07)
(-0.534294 -4.80474e-05 3.41975e-08)
(-0.501419 -0.000168264 6.34599e-08)
(-0.442238 -0.000376453 3.57702e-08)
(-0.367932 -0.000784931 -4.79449e-08)
(-0.291355 -0.00158551 -1.72525e-07)
(-0.224428 -0.00303151 -2.9138e-07)
(-0.17683 -0.00513236 -3.0445e-07)
(-0.155264 -0.00599471 -1.43962e-07)
(-0.534396 -5.11894e-05 4.3067e-08)
(-0.501561 -0.000162285 8.85645e-08)
(-0.442479 -0.000308487 7.22226e-08)
(-0.368364 -0.000538826 -5.14914e-09)
(-0.292064 -0.000922027 -1.24749e-07)
(-0.225312 -0.00148821 -2.40819e-07)
(-0.177039 -0.00201957 -2.58064e-07)
(-0.152546 -0.00157514 -1.08748e-07)
(-0.534507 -7.47406e-05 6.05164e-08)
(-0.501676 -0.000213315 1.33092e-07)
(-0.442614 -0.000327393 1.35404e-07)
(-0.368546 -0.000421565 6.84299e-08)
(-0.292304 -0.000514567 -4.41361e-08)
(-0.225526 -0.000611098 -1.48794e-07)
(-0.176917 -0.000638086 -1.7149e-07)
(-0.151669 -0.000373049 -7.45409e-08)
(-0.534684 -0.000144647 8.73916e-08)
(-0.501813 -0.000392145 2.12756e-07)
(-0.442687 -0.000529011 2.52919e-07)
(-0.368551 -0.000519012 2.0427e-07)
(-0.292253 -0.000360863 8.87057e-08)
(-0.225436 -9.19814e-05 -4.02195e-08)
(-0.176801 0.000176688 -1.16361e-07)
(-0.151535 0.000205954 -8.0218e-08)
(-0.535044 -0.000312183 1.39052e-07)
(-0.502061 -0.000835799 3.41936e-07)
(-0.442741 -0.00109163 4.34016e-07)
(-0.368378 -0.000984197 4.02419e-07)
(-0.291877 -0.000484886 2.66048e-07)
(-0.224988 0.000357014 7.62456e-08)
(-0.176619 0.00126017 -6.3541e-08)
(-0.152052 0.00127723 -2.65734e-08)
(-0.535832 -0.000680978 1.98402e-07)
(-0.502593 -0.00182055 5.22475e-07)
(-0.442836 -0.00238117 7.0225e-07)
(-0.367944 -0.00217401 7.1706e-07)
(-0.290912 -0.00111603 5.88034e-07)
(-0.22369 0.000861084 3.80858e-07)
(-0.17588 0.00362052 1.94552e-07)
(-0.154073 0.00528298 5.88607e-09)
(-0.537545 -0.00145685 3.06491e-07)
(-0.503761 -0.0038872 7.89195e-07)
(-0.443095 -0.00511112 1.08421e-06)
(-0.367113 -0.00483375 1.16424e-06)
(-0.288842 -0.00296054 1.04817e-06)
(-0.220252 0.000891921 7.77933e-07)
(-0.172197 0.00815257 3.99523e-07)
(-0.160955 0.0229067 1.51169e-07)
(-0.534179 -5.05045e-05 2.5e-08)
(-0.501232 -0.000186892 4.72735e-08)
(-0.441862 -0.000454063 3.41131e-08)
(-0.367155 -0.00103482 -1.2332e-08)
(-0.289818 -0.0023114 -8.90668e-08)
(-0.221766 -0.00510066 -1.97436e-07)
(-0.174075 -0.0112124 -3.05379e-07)
(-0.163673 -0.0249782 -1.29776e-07)
(-0.534293 -4.80361e-05 2.46815e-08)
(-0.501419 -0.000168235 4.37475e-08)
(-0.442238 -0.000376427 2.14263e-08)
(-0.367933 -0.000784929 -4.23396e-08)
(-0.291355 -0.00158554 -1.38685e-07)
(-0.224428 -0.0030315 -2.31737e-07)
(-0.17683 -0.00513216 -2.3983e-07)
(-0.155263 -0.00599462 -1.15192e-07)
(-0.534395 -5.11521e-05 3.06628e-08)
(-0.501561 -0.000162189 6.13517e-08)
(-0.442479 -0.00030835 4.72326e-08)
(-0.368364 -0.000538665 -1.16571e-08)
(-0.292064 -0.000921842 -1.03346e-07)
(-0.225312 -0.001488 -1.94065e-07)
(-0.177038 -0.00201937 -2.04699e-07)
(-0.152546 -0.00157503 -8.27444e-08)
(-0.534507 -7.46796e-05 4.33312e-08)
(-0.501676 -0.000213143 9.18196e-08)
(-0.442614 -0.000327142 8.98351e-08)
(-0.368546 -0.000421273 3.8377e-08)
(-0.292305 -0.000514265 -4.61015e-08)
(-0.225526 -0.000610807 -1.23233e-07)
(-0.176917 -0.000637887 -1.3619e-07)
(-0.151669 -0.000373028 -5.71449e-08)
(-0.534683 -0.000144534 6.11632e-08)
(-0.501813 -0.000391855 1.47256e-07)
(-0.442687 -0.000528601 1.72357e-07)
(-0.368551 -0.00051856 1.34133e-07)
(-0.292254 -0.000360453 4.73015e-08)
(-0.225436 -9.17044e-05 -4.84465e-08)
(-0.176801 0.000176798 -1.05226e-07)
(-0.151535 0.000206023 -7.23425e-08)
(-0.535043 -0.00031203 9.94617e-08)
(-0.50206 -0.000835371 2.36781e-07)
(-0.442741 -0.00109101 2.94585e-07)
(-0.368378 -0.000983491 2.64296e-07)
(-0.291878 -0.0004842 1.59024e-07)
(-0.224989 0.000357596 1.52643e-08)
(-0.176619 0.00126061 -8.15915e-08)
(-0.152052 0.00127733 -2.27024e-08)
(-0.535831 -0.000680737 1.37504e-07)
(-0.502592 -0.00181993 3.61275e-07)
(-0.442835 -0.00238027 4.82331e-07)
(-0.367944 -0.00217296 4.87037e-07)
(-0.290913 -0.00111495 3.90573e-07)
(-0.223691 0.000862052 2.42134e-07)
(-0.175881 0.00362111 1.17439e-07)
(-0.154073 0.0052832 -2.51437e-08)
(-0.537544 -0.00145658 2.19927e-07)
(-0.50376 -0.00388645 5.49017e-07)
(-0.443094 -0.00511 7.44248e-07)
(-0.367113 -0.00483243 7.90718e-07)
(-0.288843 -0.00295914 7.00858e-07)
(-0.220253 0.000893296 4.99353e-07)
(-0.172198 0.00815381 2.15471e-07)
(-0.160956 0.022908 8.47879e-08)
(-0.541177 -0.00304447 -7.19199e-11)
(-0.506248 -0.00806147 6.98109e-09)
(-0.443783 -0.0105737 1.87626e-08)
(-0.365794 -0.0102858 2.84402e-08)
(-0.285186 -0.00748301 3.10975e-08)
(-0.212577 -0.00210462 2.3103e-08)
(-0.153865 0.00746693 -9.27553e-09)
(-0.10549 0.0269814 -8.20634e-08)
(-0.548652 -0.00625717 -1.58625e-08)
(-0.511291 -0.0162698 -6.39732e-09)
(-0.445319 -0.0209749 1.64245e-08)
(-0.364022 -0.0204654 3.43352e-08)
(-0.280661 -0.0162195 3.59222e-08)
(-0.205301 -0.00957265 1.60309e-08)
(-0.143111 -0.000962105 -1.9346e-08)
(-0.0936893 0.00959546 -3.01873e-08)
(-0.563704 -0.0128478 7.62885e-09)
(-0.520966 -0.0322233 3.16745e-08)
(-0.447978 -0.0400622 5.75668e-08)
(-0.361038 -0.0381498 7.38624e-08)
(-0.274294 -0.0306121 7.34486e-08)
(-0.19732 -0.0209437 5.51874e-08)
(-0.134697 -0.0111863 2.58564e-08)
(-0.08675 -0.00253463 3.73677e-09)
(-0.593723 -0.0270601 -1.41801e-08)
(-0.538505 -0.0633465 9.79347e-09)
(-0.451246 -0.0741308 5.01567e-08)
(-0.354572 -0.067295 8.36136e-08)
(-0.263455 -0.0525651 9.81518e-08)
(-0.185876 -0.0365778 9.23372e-08)
(-0.124702 -0.0226468 7.38707e-08)
(-0.0793832 -0.012005 5.65084e-08)
(-0.65411 -0.0609164 2.14451e-08)
(-0.568036 -0.125034 7.15632e-08)
(-0.451927 -0.133148 1.16179e-07)
(-0.339473 -0.112622 1.42974e-07)
(-0.243576 -0.0837406 1.46765e-07)
(-0.167401 -0.0568114 1.31137e-07)
(-0.110124 -0.0356111 1.04672e-07)
(-0.0691844 -0.020611 7.75068e-08)
(-0.779674 -0.154847 -2.63756e-10)
(-0.610737 -0.24933 3.84138e-08)
(-0.438833 -0.23039 8.73605e-08)
(-0.305164 -0.177204 1.24707e-07)
(-0.207644 -0.123583 1.41126e-07)
(-0.137746 -0.0804623 1.36673e-07)
(-0.0885015 -0.0494224 1.17933e-07)
(-0.0547512 -0.028718 9.34407e-08)
(-1.05829 -0.466872 4.45911e-08)
(-0.643579 -0.495115 1.58589e-07)
(-0.379801 -0.37359 2.46042e-07)
(-0.232666 -0.255579 2.90295e-07)
(-0.146834 -0.166005 2.90685e-07)
(-0.0932404 -0.103425 2.57979e-07)
(-0.0583798 -0.0618753 2.07642e-07)
(-0.0355575 -0.0355039 1.54014e-07)
(-1.74166 -1.68769 7.60527e-08)
(-0.517455 -0.89988 1.42224e-07)
(-0.199296 -0.526658 1.71598e-07)
(-0.0975787 -0.320782 1.74242e-07)
(-0.0554904 -0.196413 1.57302e-07)
(-0.0336166 -0.118458 1.29128e-07)
(-0.0205807 -0.0695557 9.7708e-08)
(-0.0123898 -0.0394973 6.88624e-08)
(-0.541177 -0.00304448 1.23041e-07)
(-0.506248 -0.00806147 3.39031e-07)
(-0.443783 -0.0105736 4.89151e-07)
(-0.365794 -0.0102857 5.52337e-07)
(-0.285186 -0.007483 5.31533e-07)
(-0.212577 -0.00210469 4.46042e-07)
(-0.153865 0.00746675 3.07644e-07)
(-0.10549 0.0269812 1.25265e-07)
(-0.548652 -0.00625715 1.36093e-07)
(-0.511291 -0.0162697 4.23885e-07)
(-0.445319 -0.0209748 6.40108e-07)
(-0.364022 -0.0204653 7.45796e-07)
(-0.280661 -0.0162194 7.40691e-07)
(-0.205302 -0.00957259 6.50714e-07)
(-0.143111 -0.000962035 5.17041e-07)
(-0.0936893 0.00959563 4.02152e-07)
(-0.563704 -0.0128478 1.98458e-07)
(-0.520966 -0.0322233 5.45927e-07)
(-0.447978 -0.0400621 7.9322e-07)
(-0.361038 -0.0381497 9.08874e-07)
(-0.274294 -0.030612 8.99303e-07)
(-0.19732 -0.0209435 7.99388e-07)
(-0.134697 -0.0111861 6.56095e-07)
(-0.0867501 -0.00253446 5.15353e-07)
(-0.593723 -0.0270601 1.76795e-07)
(-0.538505 -0.0633464 5.58468e-07)
(-0.451245 -0.0741307 8.50682e-07)
(-0.354572 -0.0672949 1.00212e-06)
(-0.263455 -0.052565 1.01296e-06)
(-0.185876 -0.0365777 9.18989e-07)
(-0.124702 -0.0226467 7.70671e-07)
(-0.0793833 -0.0120048 6.1293e-07)
(-0.65411 -0.0609164 2.2451e-07)
(-0.568036 -0.125034 6.09078e-07)
(-0.451927 -0.133148 8.8074e-07)
(-0.339472 -0.112622 1.00726e-06)
(-0.243576 -0.0837405 9.96982e-07)
(-0.167401 -0.0568113 8.8944e-07)
(-0.110124 -0.035611 7.33112e-07)
(-0.0691845 -0.0206109 5.69139e-07)
(-0.779674 -0.154847 1.4031e-07)
(-0.610737 -0.24933 4.55732e-07)
(-0.438833 -0.230389 6.99808e-07)
(-0.305164 -0.177204 8.27212e-07)
(-0.207644 -0.123583 8.37531e-07)
(-0.137746 -0.080462 7.58473e-07)
(-0.0885016 -0.0494222 6.30707e-07)
(-0.0547513 -0.0287179 4.89464e-07)
(-1.05829 -0.466872 1.58667e-07)
(-0.643579 -0.495115 4.41941e-07)
(-0.379801 -0.37359 6.3886e-07)
(-0.232666 -0.255579 7.26637e-07)
(-0.146834 -0.166005 7.13361e-07)
(-0.0932406 -0.103425 6.28812e-07)
(-0.05838 -0.0618753 5.087e-07)
(-0.0355577 -0.0355039 3.8351e-07)
(-1.74166 -1.68769 8.2592e-08)
(-0.517455 -0.89988 1.73988e-07)
(-0.199296 -0.526658 2.21073e-07)
(-0.0975787 -0.320783 2.31715e-07)
(-0.0554905 -0.196414 2.14449e-07)
(-0.0336168 -0.118459 1.80447e-07)
(-0.0205809 -0.0695563 1.40669e-07)
(-0.0123899 -0.0394977 1.02955e-07)
(-0.541176 -0.00304435 3.95691e-07)
(-0.506247 -0.00806109 1.0725e-06)
(-0.443782 -0.0105731 1.50949e-06)
(-0.365794 -0.010285 1.67242e-06)
(-0.285186 -0.00748229 1.5944e-06)
(-0.212577 -0.00210397 1.3524e-06)
(-0.153866 0.00746745 1.05407e-06)
(-0.105491 0.026982 8.32502e-07)
(-0.548651 -0.00625702 5.42909e-07)
(-0.51129 -0.0162693 1.41755e-06)
(-0.445319 -0.0209743 2.00239e-06)
(-0.364022 -0.0204646 2.26274e-06)
(-0.280661 -0.0162187 2.25253e-06)
(-0.205302 -0.00957194 2.08127e-06)
(-0.143111 -0.000961408 1.84853e-06)
(-0.0936897 0.00959624 1.54845e-06)
(-0.563702 -0.0128477 6.01413e-07)
(-0.520964 -0.032223 1.64072e-06)
(-0.447977 -0.0400618 2.33701e-06)
(-0.361038 -0.0381492 2.65106e-06)
(-0.274294 -0.0306115 2.64438e-06)
(-0.19732 -0.0209431 2.44259e-06)
(-0.134697 -0.0111858 2.16871e-06)
(-0.0867505 -0.00253421 1.8599e-06)
(-0.593722 -0.0270601 6.90022e-07)
(-0.538504 -0.0633463 1.79664e-06)
(-0.451245 -0.0741307 2.54019e-06)
(-0.354572 -0.0672948 2.87191e-06)
(-0.263455 -0.0525649 2.85075e-06)
(-0.185876 -0.0365777 2.6e-06)
(-0.124702 -0.0226467 2.24265e-06)
(-0.0793838 -0.0120048 1.84427e-06)
(-0.654109 -0.0609165 6.09662e-07)
(-0.568035 -0.125035 1.65738e-06)
(-0.451926 -0.133149 2.3457e-06)
(-0.339472 -0.112622 2.64045e-06)
(-0.243577 -0.0837409 2.5994e-06)
(-0.167402 -0.0568117 2.33568e-06)
(-0.110125 -0.0356114 1.96715e-06)
(-0.069185 -0.0206113 1.56994e-06)
(-0.779673 -0.154847 5.16221e-07)
(-0.610736 -0.24933 1.3208e-06)
(-0.438832 -0.23039 1.8512e-06)
(-0.305164 -0.177205 2.07237e-06)
(-0.207645 -0.123584 2.02672e-06)
(-0.137747 -0.0804628 1.80363e-06)
(-0.088502 -0.0494228 1.49534e-06)
(-0.0547517 -0.0287184 1.1696e-06)
(-1.05829 -0.466872 2.33113e-07)
(-0.643578 -0.495116 5.56955e-07)
(-0.3798 -0.373591 7.29387e-07)
(-0.232666 -0.25558 7.76095e-07)
(-0.146834 -0.166006 7.31766e-07)
(-0.0932408 -0.103426 6.35746e-07)
(-0.0583803 -0.0618763 5.2164e-07)
(-0.035558 -0.0355046 4.08922e-07)
(-1.74166 -1.68769 -1.10336e-07)
(-0.517455 -0.899881 -1.61847e-07)
(-0.199296 -0.526659 -1.72864e-07)
(-0.0975787 -0.320784 -1.64139e-07)
(-0.0554905 -0.196415 -1.41004e-07)
(-0.0336168 -0.118459 -1.08699e-07)
(-0.0205809 -0.069557 -7.363e-08)
(-0.0123899 -0.0394983 -4.22397e-08)
(-0.541174 -0.00304401 2.72579e-07)
(-0.506246 -0.00806021 7.40455e-07)
(-0.443781 -0.0105718 1.0391e-06)
(-0.365794 -0.0102835 1.14852e-06)
(-0.285187 -0.0074806 1.09396e-06)
(-0.212578 -0.00210208 9.29457e-07)
(-0.153866 0.00746965 7.37152e-07)
(-0.105492 0.026984 6.25174e-07)
(-0.548648 -0.00625674 3.90954e-07)
(-0.511288 -0.0162686 9.8727e-07)
(-0.445317 -0.0209732 1.37871e-06)
(-0.364021 -0.0204633 1.55128e-06)
(-0.280661 -0.0162173 1.54776e-06)
(-0.205302 -0.0095704 1.44659e-06)
(-0.143112 -0.000959805 1.31215e-06)
(-0.0936905 0.00959768 1.11611e-06)
(-0.563699 -0.0128475 4.10584e-07)
(-0.520962 -0.0322225 1.12647e-06)
(-0.447976 -0.040061 1.60135e-06)
(-0.361038 -0.0381484 1.81605e-06)
(-0.274294 -0.0306108 1.81853e-06)
(-0.197321 -0.0209425 1.69839e-06)
(-0.134698 -0.0111853 1.53847e-06)
(-0.0867515 -0.00253387 1.34828e-06)
(-0.593718 -0.0270601 4.99047e-07)
(-0.538501 -0.0633464 1.24796e-06)
(-0.451243 -0.0741307 1.73967e-06)
(-0.354571 -0.0672949 1.9534e-06)
(-0.263455 -0.0525651 1.93595e-06)
(-0.185877 -0.0365779 1.77335e-06)
(-0.124703 -0.0226471 1.54585e-06)
(-0.0793849 -0.0120054 1.28785e-06)
(-0.654105 -0.0609167 4.06597e-07)
(-0.568033 -0.125035 1.11986e-06)
(-0.451925 -0.13315 1.58114e-06)
(-0.339472 -0.112623 1.77616e-06)
(-0.243577 -0.0837421 1.74919e-06)
(-0.167403 -0.0568129 1.57738e-06)
(-0.110126 -0.0356125 1.33871e-06)
(-0.0691861 -0.0206123 1.07831e-06)
(-0.77967 -0.154848 3.75647e-07)
(-0.610734 -0.249332 9.03483e-07)
(-0.438831 -0.230393 1.23875e-06)
(-0.305164 -0.177208 1.36986e-06)
(-0.207645 -0.123587 1.33032e-06)
(-0.137747 -0.0804654 1.18183e-06)
(-0.0885029 -0.049425 9.82569e-07)
(-0.0547526 -0.0287202 7.73581e-07)
(-1.05829 -0.466873 1.19037e-07)
(-0.643578 -0.495118 2.73604e-07)
(-0.3798 -0.373594 3.3657e-07)
(-0.232666 -0.255583 3.39754e-07)
(-0.146835 -0.166009 3.0909e-07)
(-0.093241 -0.103428 2.64913e-07)
(-0.0583804 -0.0618785 2.20582e-07)
(-0.0355581 -0.0355063 1.79425e-07)
(-1.74166 -1.68769 -1.16875e-07)
(-0.517455 -0.899881 -1.93611e-07)
(-0.199296 -0.526659 -2.22339e-07)
(-0.0975786 -0.320785 -2.21612e-07)
(-0.0554904 -0.196415 -1.9815e-07)
(-0.0336166 -0.11846 -1.60018e-07)
(-0.0205807 -0.0695572 -1.16591e-07)
(-0.0123898 -0.0394985 -7.63319e-08)
(-0.0534433 0.0520801 -6.26395e-08)
(-0.016336 0.0222165 -3.57176e-08)
(-0.00584707 0.00971214 -1.72797e-08)
(-0.00232616 0.00425693 -7.43467e-09)
(-0.000974942 0.00184628 -2.87931e-09)
(-0.000415029 0.000786399 -9.86211e-10)
(-0.000175772 0.00032758 -2.82833e-10)
(-7.32641e-05 0.000133159 -5.29554e-11)
(-2.98896e-05 5.27661e-05 6.22142e-12)
(-1.19037e-05 2.03768e-05 1.39954e-11)
(-4.62246e-06 7.66943e-06 9.82191e-12)
(-1.74968e-06 2.81447e-06 5.37562e-12)
(-6.45657e-07 1.00755e-06 2.56193e-12)
(-2.32373e-07 3.52088e-07 1.12267e-12)
(-8.16131e-08 1.20183e-07 4.57947e-13)
(-2.79907e-08 4.0101e-08 1.76987e-13)
(-9.38115e-09 1.30887e-08 6.48369e-14)
(-3.07469e-09 4.18197e-09 2.39488e-14)
(-9.86209e-10 1.30892e-09 7.59351e-15)
(-3.09789e-10 4.01595e-10 3.5047e-15)
(-9.53721e-11 1.20869e-10 0)
(-2.87969e-11 3.5707e-11 0)
(-8.53043e-12 1.03575e-11 0)
(-2.48016e-12 2.95329e-12 0)
(-7.10285e-13 8.29445e-13 0)
(-1.95095e-13 2.30142e-13 -1.16823e-15)
(-5.60751e-14 5.95798e-14 0)
(-1.86917e-14 1.40188e-14 0)
(-4.67293e-15 2.33646e-15 0)
(0 2.33646e-15 0)
(0 0 0)
(0 0 0)
(-0.0536145 0.0177781 -1.87444e-08)
(-0.0260319 0.011445 -6.65161e-09)
(-0.0121125 0.00604789 2.21912e-10)
(-0.0055397 0.00293354 2.60708e-09)
(-0.00249559 0.00134994 2.67432e-09)
(-0.00110368 0.000596729 1.96216e-09)
(-0.000477468 0.000254772 1.22088e-09)
(-0.00020155 0.000105356 6.80367e-10)
(-8.28921e-05 4.22727e-05 3.49533e-10)
(-3.3193e-05 1.64781e-05 1.67848e-10)
(-1.29399e-05 6.247e-06 7.61781e-11)
(-4.9122e-06 2.30562e-06 3.28507e-11)
(-1.81672e-06 8.29205e-07 1.35427e-11)
(-6.54996e-07 2.90864e-07 5.34758e-12)
(-2.30374e-07 9.95981e-08 2.03272e-12)
(-7.91038e-08 3.33208e-08 7.4358e-13)
(-2.65379e-08 1.09004e-08 2.63436e-13)
(-8.70511e-09 3.48955e-09 8.99539e-14)
(-2.79416e-09 1.09403e-09 2.97899e-14)
(-8.78255e-10 3.36165e-10 1.05141e-14)
(-2.70518e-10 1.01302e-10 1.16823e-15)
(-8.17178e-11 2.99581e-11 -1.16823e-15)
(-2.42221e-11 8.70333e-12 0)
(-7.04678e-12 2.48249e-12 -1.75235e-15)
(-2.01403e-12 6.99771e-13 -2.92058e-15)
(-5.70097e-13 1.95095e-13 -1.75235e-15)
(-1.61216e-13 4.90658e-14 -1.16823e-15)
(-4.32246e-14 9.34586e-15 1.16823e-15)
(-5.84116e-15 2.33646e-15 0)
(-2.33646e-15 0 -1.16823e-15)
(-2.33646e-15 0 0)
(0 0 0)
(-0.0515938 0.0031198 -5.86544e-10)
(-0.0280663 0.00346225 1.91889e-09)
(-0.0143585 0.00234539 4.23957e-09)
(-0.00702411 0.00131787 4.62938e-09)
(-0.00331175 0.000667242 3.79345e-09)
(-0.0015102 0.000314899 2.60715e-09)
(-0.000667145 0.000140864 1.58926e-09)
(-0.000285763 6.02844e-05 8.81867e-10)
(-0.000118768 2.48235e-05 4.54052e-10)
(-4.79293e-05 9.87243e-06 2.19106e-10)
(-1.87949e-05 3.80255e-06 1.00004e-10)
(-7.16748e-06 1.42144e-06 4.33805e-11)
(-2.66041e-06 5.16571e-07 1.79791e-11)
(-9.6198e-07 1.82772e-07 7.13848e-12)
(-3.39156e-07 6.30402e-08 2.72373e-12)
(-1.16688e-07 2.12203e-08 1.00001e-12)
(-3.92124e-08 6.97849e-09 3.55143e-13)
(-1.2881e-08 2.24421e-09 1.21496e-13)
(-4.13959e-09 7.06386e-10 4.0304e-14)
(-1.30252e-09 2.17801e-10 1.16823e-14)
(-4.01575e-10 6.58311e-11 2.33646e-15)
(-1.21398e-10 1.95188e-11 0)
(-3.60061e-11 5.68462e-12 -5.84116e-16)
(-1.04837e-11 1.62968e-12 -1.75235e-15)
(-2.99768e-12 4.55611e-13 -2.33646e-15)
(-8.48137e-13 1.26169e-13 -4.08881e-15)
(-2.40656e-13 3.85517e-14 -1.75235e-15)
(-6.5421e-14 1.16823e-14 -1.16823e-15)
(-1.28506e-14 1.16823e-15 0)
(-3.5047e-15 -2.33646e-15 -1.16823e-15)
(-2.33646e-15 -1.16823e-15 0)
(2.33646e-15 0 0)
(-0.0476177 -0.00508121 4.37152e-08)
(-0.0268063 -0.00177291 3.33438e-08)
(-0.0142568 -0.000489213 2.41181e-08)
(-0.00721786 -7.73217e-05 1.62508e-08)
(-0.00349856 2.23462e-05 1.01644e-08)
(-0.00163005 3.03916e-05 5.92364e-09)
(-0.000732083 2.00438e-05 3.23487e-09)
(-0.00031759 1.06623e-05 1.66456e-09)
(-0.000133304 5.05695e-06 8.11362e-10)
(-5.4214e-05 2.22149e-06 3.76183e-10)
(-2.13909e-05 9.21067e-07 1.66566e-10)
(-8.19818e-06 3.64352e-07 7.06307e-11)
(-3.05539e-06 1.3846e-07 2.87718e-11)
(-1.10853e-06 5.07872e-08 1.12746e-11)
(-3.91925e-07 1.80432e-08 4.26054e-12)
(-1.35166e-07 6.22523e-09 1.55492e-12)
(-4.5514e-08 2.09025e-09 5.48485e-13)
(-1.49772e-08 6.84235e-10 1.87501e-13)
(-4.82057e-09 2.18681e-10 6.19163e-14)
(-1.51881e-09 6.83194e-11 1.98599e-14)
(-4.688e-10 2.08845e-11 5.84116e-15)
(-1.41862e-10 6.25939e-12 2.92058e-15)
(-4.21148e-11 1.83529e-12 -1.16823e-15)
(-1.22746e-11 5.28041e-13 -5.84116e-16)
(-3.51638e-12 1.48365e-13 -1.16823e-15)
(-9.87156e-13 3.5047e-14 -1.75235e-15)
(-2.75703e-13 1.16823e-14 -2.92058e-15)
(-8.0608e-14 5.84116e-15 -1.16823e-15)
(-1.86917e-14 2.33646e-15 -1.16823e-15)
(-5.84116e-15 0 0)
(0 1.16823e-15 5.84116e-16)
(1.16823e-15 0 5.84116e-16)
(-0.0413617 -0.0109791 5.50931e-08)
(-0.0234743 -0.0054589 3.79051e-08)
(-0.0126629 -0.00257072 2.5088e-08)
(-0.00651255 -0.00115902 1.58199e-08)
(-0.00320404 -0.000503855 9.45976e-09)
(-0.0015125 -0.000212162 5.35017e-09)
(-0.000686874 -8.67775e-05 2.86709e-09)
(-0.00030075 -3.4539e-05 1.45754e-09)
(-0.000127209 -1.33936e-05 7.0548e-10)
(-5.20652e-05 -5.06473e-06 3.257e-10)
(-2.0652e-05 -1.86892e-06 1.43935e-10)
(-7.95009e-06 -6.73399e-07 6.09782e-11)
(-2.97398e-06 -2.37063e-07 2.48419e-11)
(-1.0824e-06 -8.15868e-08 9.73838e-12)
(-3.83718e-07 -2.74661e-08 3.6846e-12)
(-1.32641e-07 -9.05013e-09 1.34464e-12)
(-4.47534e-08 -2.92047e-09 4.73718e-13)
(-1.47526e-08 -9.23531e-10 1.62968e-13)
(-4.75551e-09 -2.86356e-10 5.37387e-14)
(-1.50032e-09 -8.71139e-11 1.81076e-14)
(-4.63637e-10 -2.60154e-11 7.00939e-15)
(-1.40444e-10 -7.63089e-12 1.16823e-15)
(-4.17363e-11 -2.19978e-12 0)
(-1.2173e-11 -6.22668e-13 0)
(-3.49068e-12 -1.75235e-13 -1.16823e-15)
(-9.83651e-13 -5.14022e-14 0)
(-2.69862e-13 -1.75235e-14 -1.16823e-15)
(-7.71033e-14 -5.84116e-15 -1.75235e-15)
(-1.86917e-14 0 -1.16823e-15)
(-4.67293e-15 0 0)
(0 0 0)
(0 -1.16823e-15 -5.84116e-16)
(-0.0324655 -0.0157955 6.92094e-08)
(-0.018398 -0.0082505 4.83055e-08)
(-0.00995696 -0.00411113 3.17995e-08)
(-0.00515099 -0.00196269 1.97659e-08)
(-0.00255171 -0.000900982 1.16021e-08)
(-0.00121298 -0.000398835 6.44697e-09)
(-0.00055446 -0.000170633 3.39715e-09)
(-0.000244206 -7.06841e-05 1.70315e-09)
(-0.00010383 -2.83943e-05 8.14132e-10)
(-4.26893e-05 -1.10757e-05 3.72248e-10)
(-1.69996e-05 -4.20012e-06 1.63116e-10)
(-6.56633e-06 -1.55017e-06 6.8688e-11)
(-2.46358e-06 -5.57409e-07 2.78401e-11)
(-8.9893e-07 -1.95464e-07 1.08862e-11)
(-3.19388e-07 -6.69048e-08 4.10926e-12)
(-1.1062e-07 -2.23734e-08 1.50118e-12)
(-3.73874e-08 -7.3157e-09 5.29793e-13)
(-1.23431e-08 -2.34088e-09 1.8166e-13)
(-3.98415e-09 -7.33567e-10 6.25004e-14)
(-1.25847e-09 -2.25292e-10 2.10282e-14)
(-3.89318e-10 -6.78626e-11 7.00939e-15)
(-1.18046e-10 -2.00632e-11 2.92058e-15)
(-3.51065e-11 -5.82364e-12 5.84116e-16)
(-1.02477e-11 -1.66123e-12 0)
(-2.94395e-12 -4.66125e-13 0)
(-8.3295e-13 -1.28506e-13 0)
(-2.28974e-13 -3.73834e-14 1.16823e-15)
(-6.19163e-14 -9.34586e-15 0)
(-1.28506e-14 -3.5047e-15 -5.84116e-16)
(-5.84116e-15 0 -5.84116e-16)
(0 0 5.84116e-16)
(1.16823e-15 0 1.16823e-15)
(-0.0208942 -0.0195139 1.06496e-07)
(-0.01179 -0.0102724 6.91985e-08)
(-0.00637512 -0.00518429 4.24756e-08)
(-0.0033024 -0.00251235 2.47185e-08)
(-0.00164018 -0.0011712 1.36767e-08)
(-0.000782154 -0.000526178 7.21138e-09)
(-0.000358723 -0.000228213 3.63193e-09)
(-0.000158511 -9.57108e-05 1.75062e-09)
(-6.76003e-05 -3.88731e-05 8.09319e-10)
(-2.7871e-05 -1.53114e-05 3.59484e-10)
(-1.11265e-05 -5.85641e-06 1.53721e-10)
(-4.30738e-06 -2.17786e-06 6.3376e-11)
(-1.61927e-06 -7.88345e-07 2.52362e-11)
(-5.91893e-07 -2.78075e-07 9.71619e-12)
(-2.10628e-07 -9.56784e-08 3.62327e-12)
(-7.30523e-08 -3.21438e-08 1.31017e-12)
(-2.47209e-08 -1.05539e-08 4.57363e-13)
(-8.17046e-09 -3.38951e-09 1.55959e-13)
(-2.63992e-09 -1.0657e-09 5.19863e-14)
(-8.34615e-10 -3.28278e-10 1.75235e-14)
(-2.58408e-10 -9.91467e-11 7.00939e-15)
(-7.84059e-11 -2.93764e-11 2.33646e-15)
(-2.33319e-11 -8.54679e-12 1.16823e-15)
(-6.8178e-12 -2.44628e-12 5.84116e-16)
(-1.96029e-12 -6.85752e-13 0)
(-5.52574e-13 -1.85749e-13 0)
(-1.5187e-13 -4.67293e-14 1.16823e-15)
(-4.20564e-14 -1.16823e-14 0)
(-9.34586e-15 -2.33646e-15 0)
(-2.33646e-15 0 0)
(0 0 0)
(0 0 0)
(-0.0072341 -0.0216085 4.55799e-08)
(-0.00406841 -0.011369 2.85166e-08)
(-0.00219687 -0.00575008 1.69369e-08)
(-0.0011379 -0.00279697 9.58222e-09)
(-0.000565541 -0.00130978 5.17506e-09)
(-0.000269992 -0.000591244 2.674e-09)
(-0.000123993 -0.000257635 1.32375e-09)
(-5.48655e-05 -0.000108528 6.29096e-10)
(-2.34304e-05 -4.42582e-05 2.87344e-10)
(-9.67259e-06 -1.7497e-05 1.2639e-10)
(-3.86602e-06 -6.71461e-06 5.35891e-11)
(-1.49826e-06 -2.50444e-06 2.19423e-11)
(-5.63789e-07 -9.08972e-07 8.68464e-12)
(-2.06263e-07 -3.21386e-07 3.32771e-12)
(-7.34576e-08 -1.10816e-07 1.23657e-12)
(-2.54954e-08 -3.73001e-08 4.45681e-13)
(-8.63313e-09 -1.22678e-08 1.54207e-13)
(-2.85494e-09 -3.94603e-09 5.25704e-14)
(-9.22917e-10 -1.2424e-09 1.69394e-14)
(-2.91919e-10 -3.83195e-10 5.84116e-15)
(-9.04188e-11 -1.15864e-10 1.16823e-15)
(-2.74429e-11 -3.43729e-11 0)
(-8.17529e-12 -1.00106e-11 0)
(-2.38787e-12 -2.86334e-12 0)
(-6.83416e-13 -8.0608e-13 0)
(-1.93927e-13 -2.20796e-13 0)
(-5.49069e-14 -5.95798e-14 -1.75235e-15)
(-1.75235e-14 -1.40188e-14 5.84116e-16)
(-2.33646e-15 -2.33646e-15 0)
(0 0 0)
(-1.16823e-15 0 0)
(1.16823e-15 1.16823e-15 1.16823e-15)
(-0.0534432 0.0520799 5.44662e-08)
(-0.016336 0.0222164 3.65316e-08)
(-0.00584702 0.00971211 2.7503e-08)
(-0.00232613 0.00425692 1.91033e-08)
(-0.000974929 0.00184628 1.19544e-08)
(-0.000415023 0.000786401 6.82047e-09)
(-0.000175771 0.000327582 3.61179e-09)
(-7.32636e-05 0.00013316 1.79399e-09)
(-2.98894e-05 5.27668e-05 8.44078e-10)
(-1.19036e-05 2.03772e-05 3.77994e-10)
(-4.62248e-06 7.66961e-06 1.6201e-10)
(-1.74969e-06 2.81454e-06 6.66038e-11)
(-6.45665e-07 1.00758e-06 2.63582e-11)
(-2.32377e-07 3.52101e-07 1.00515e-11)
(-8.1615e-08 1.20188e-07 3.7033e-12)
(-2.79915e-08 4.01028e-08 1.31777e-12)
(-9.38145e-09 1.30894e-08 4.53858e-13)
(-3.07481e-09 4.1822e-09 1.51286e-13)
(-9.86248e-10 1.30899e-09 4.90658e-14)
(-3.09803e-10 4.01624e-10 1.46029e-14)
(-9.5378e-11 1.20875e-10 2.92058e-15)
(-2.87981e-11 3.5707e-11 5.84116e-16)
(-8.53043e-12 1.03575e-11 5.84116e-16)
(-2.48249e-12 2.94979e-12 0)
(-7.12622e-13 8.23604e-13 0)
(-1.95095e-13 2.24301e-13 0)
(-5.60751e-14 5.72434e-14 0)
(-1.86917e-14 1.40188e-14 -1.16823e-15)
(-3.5047e-15 0 0)
(1.16823e-15 0 0)
(0 0 -5.84116e-16)
(0 -1.16823e-15 -5.84116e-16)
(-0.0536145 0.0177783 2.96383e-07)
(-0.0260319 0.0114451 2.13722e-07)
(-0.0121124 0.00604794 1.41885e-07)
(-0.0055397 0.00293357 8.6802e-08)
(-0.00249559 0.00134996 4.94231e-08)
(-0.00110368 0.000596736 2.64546e-08)
(-0.00047747 0.000254776 1.33991e-08)
(-0.000201551 0.000105358 6.45905e-09)
(-8.28931e-05 4.22736e-05 2.97409e-09)
(-3.31935e-05 1.64785e-05 1.31278e-09)
(-1.29402e-05 6.24719e-06 5.56776e-10)
(-4.91233e-06 2.3057e-06 2.27448e-10)
(-1.81678e-06 8.29236e-07 8.96367e-11)
(-6.55019e-07 2.90876e-07 3.41387e-11)
(-2.30383e-07 9.96026e-08 1.25819e-11)
(-7.91073e-08 3.33225e-08 4.49127e-12)
(-2.65392e-08 1.09009e-08 1.55316e-12)
(-8.70558e-09 3.48974e-09 5.20447e-13)
(-2.79432e-09 1.0941e-09 1.69394e-13)
(-8.78311e-10 3.3618e-10 5.25704e-14)
(-2.70539e-10 1.01308e-10 1.5187e-14)
(-8.17225e-11 2.99605e-11 1.75235e-15)
(-2.42245e-11 8.70099e-12 0)
(-7.05145e-12 2.48133e-12 0)
(-2.0152e-12 6.96266e-13 -1.75235e-15)
(-5.66593e-13 1.89254e-13 -1.16823e-15)
(-1.55375e-13 4.43928e-14 1.16823e-15)
(-4.20564e-14 1.16823e-14 5.84116e-16)
(-9.34586e-15 2.33646e-15 -1.16823e-15)
(-2.33646e-15 0 -1.16823e-15)
(0 0 0)
(0 1.16823e-15 -5.84116e-16)
(-0.0515938 0.00311993 3.93341e-07)
(-0.0280663 0.00346233 2.81064e-07)
(-0.0143585 0.00234544 1.85642e-07)
(-0.00702411 0.0013179 1.13729e-07)
(-0.00331176 0.000667257 6.51517e-08)
(-0.00151021 0.000314907 3.51254e-08)
(-0.000667149 0.000140868 1.7935e-08)
(-0.000285766 6.02863e-05 8.70838e-09)
(-0.000118769 2.48244e-05 4.0386e-09)
(-4.793e-05 9.87285e-06 1.79348e-09)
(-1.87953e-05 3.80273e-06 7.65131e-10)
(-7.16764e-06 1.42152e-06 3.14098e-10)
(-2.66048e-06 5.16602e-07 1.2439e-10)
(-9.62011e-07 1.82784e-07 4.75681e-11)
(-3.39168e-07 6.30447e-08 1.76023e-11)
(-1.16693e-07 2.12219e-08 6.30553e-12)
(-3.92142e-08 6.97906e-09 2.18868e-12)
(-1.28816e-08 2.2444e-09 7.38323e-13)
(-4.13981e-09 7.06448e-10 2.41824e-13)
(-1.3026e-09 2.17819e-10 7.47669e-14)
(-4.01597e-10 6.58369e-11 2.21964e-14)
(-1.21404e-10 1.95247e-11 7.59351e-15)
(-3.60108e-11 5.68228e-12 2.92058e-15)
(-1.04884e-11 1.62618e-12 0)
(-3.00119e-12 4.57947e-13 -2.92058e-15)
(-8.48137e-13 1.25001e-13 -2.92058e-15)
(-2.33646e-13 3.38787e-14 0)
(-6.07481e-14 5.84116e-15 1.16823e-15)
(-1.40188e-14 0 0)
(-1.16823e-15 0 0)
(-2.33646e-15 -1.16823e-15 5.84116e-16)
(2.33646e-15 0 0)
(-0.0476177 -0.0050811 4.62732e-07)
(-0.0268064 -0.00177284 3.27652e-07)
(-0.0142569 -0.000489172 2.15903e-07)
(-0.00721789 -7.72993e-05 1.32626e-07)
(-0.00349859 2.23575e-05 7.63104e-08)
(-0.00163007 3.03971e-05 4.13688e-08)
(-0.000732091 2.00463e-05 2.12319e-08)
(-0.000317594 1.06635e-05 1.0365e-08)
(-0.000133307 5.05745e-06 4.82958e-09)
(-5.42153e-05 2.2217e-06 2.15531e-09)
(-2.13915e-05 9.21155e-07 9.23469e-10)
(-8.19846e-06 3.64387e-07 3.80866e-10)
(-3.05551e-06 1.38474e-07 1.51466e-10)
(-1.10858e-06 5.07924e-08 5.81955e-11)
(-3.91944e-07 1.80451e-08 2.16287e-11)
(-1.35173e-07 6.22592e-09 7.78744e-12)
(-4.55167e-08 2.09049e-09 2.71672e-12)
(-1.49782e-08 6.84315e-10 9.21735e-13)
(-4.82091e-09 2.18708e-10 3.03156e-13)
(-1.51892e-09 6.83322e-11 9.5795e-14)
(-4.68833e-10 2.08962e-11 2.86217e-14)
(-1.41877e-10 6.25939e-12 8.17763e-15)
(-4.21218e-11 1.83763e-12 2.33646e-15)
(-1.2277e-11 5.32714e-13 -2.33646e-15)
(-3.51638e-12 1.50702e-13 -1.75235e-15)
(-9.90661e-13 4.32246e-14 -1.75235e-15)
(-2.75703e-13 1.63553e-14 -5.84116e-16)
(-7.71033e-14 3.5047e-15 -1.75235e-15)
(-1.75235e-14 2.33646e-15 -1.75235e-15)
(0 0 0)
(0 0 0)
(0 -1.16823e-15 0)
(-0.0413618 -0.010979 4.18808e-07)
(-0.0234744 -0.00545887 2.906e-07)
(-0.012663 -0.00257071 1.89231e-07)
(-0.00651258 -0.00115901 1.15671e-07)
(-0.00320406 -0.000503852 6.65327e-08)
(-0.00151252 -0.000212161 3.61535e-08)
(-0.000686882 -8.67772e-05 1.86278e-08)
(-0.000300754 -3.45389e-05 9.1357e-09)
(-0.000127211 -1.33936e-05 4.27801e-09)
(-5.20663e-05 -5.06474e-06 1.91868e-09)
(-2.06526e-05 -1.86892e-06 8.26165e-10)
(-7.95032e-06 -6.73403e-07 3.42357e-10)
(-2.97408e-06 -2.37065e-07 1.36785e-10)
(-1.08244e-06 -8.15875e-08 5.27895e-11)
(-3.83735e-07 -2.74664e-08 1.97057e-11)
(-1.32648e-07 -9.05024e-09 7.12446e-12)
(-4.47558e-08 -2.92051e-09 2.49768e-12)
(-1.47534e-08 -9.23541e-10 8.50473e-13)
(-4.75579e-09 -2.86356e-10 2.81544e-13)
(-1.50041e-09 -8.71116e-11 9.11221e-14)
(-4.6367e-10 -2.60142e-11 3.09582e-14)
(-1.40461e-10 -7.62972e-12 9.34586e-15)
(-4.17374e-11 -2.19511e-12 2.92058e-15)
(-1.21741e-11 -6.20331e-13 -5.84116e-16)
(-3.49185e-12 -1.7173e-13 -1.75235e-15)
(-9.83651e-13 -4.67293e-14 0)
(-2.73366e-13 -1.05141e-14 -1.16823e-15)
(-7.47669e-14 -2.33646e-15 -1.16823e-15)
(-1.75235e-14 0 -5.84116e-16)
(-3.5047e-15 -1.16823e-15 1.16823e-15)
(0 0 -5.84116e-16)
(1.16823e-15 0 0)
(-0.0324656 -0.0157954 3.57547e-07)
(-0.0183981 -0.00825044 2.45904e-07)
(-0.00995701 -0.00411109 1.59188e-07)
(-0.00515103 -0.00196267 9.70134e-08)
(-0.00255174 -0.000900974 5.57932e-08)
(-0.00121299 -0.000398832 3.03578e-08)
(-0.000554469 -0.000170632 1.56823e-08)
(-0.000244211 -7.06835e-05 7.71391e-09)
(-0.000103832 -2.83941e-05 3.62458e-09)
(-4.26906e-05 -1.10756e-05 1.63107e-09)
(-1.70002e-05 -4.2001e-06 7.04802e-10)
(-6.5666e-06 -1.55017e-06 2.9305e-10)
(-2.46369e-06 -5.57408e-07 1.17496e-10)
(-8.98977e-07 -1.95464e-07 4.54991e-11)
(-3.19407e-07 -6.69049e-08 1.70457e-11)
(-1.10627e-07 -2.23735e-08 6.18813e-12)
(-3.739e-08 -7.31572e-09 2.17758e-12)
(-1.2344e-08 -2.3409e-09 7.44748e-13)
(-3.98448e-09 -7.3357e-10 2.47665e-13)
(-1.25858e-09 -2.25295e-10 8.11921e-14)
(-3.89352e-10 -6.78614e-11 2.68693e-14)
(-1.18062e-10 -2.00609e-11 6.42528e-15)
(-3.51136e-11 -5.82247e-12 1.75235e-15)
(-1.02512e-11 -1.66006e-12 -1.16823e-15)
(-2.94395e-12 -4.64956e-13 -2.92058e-15)
(-8.28277e-13 -1.27337e-13 1.16823e-15)
(-2.30142e-13 -3.38787e-14 0)
(-6.42528e-14 -7.00939e-15 -1.16823e-15)
(-1.40188e-14 0 0)
(-2.33646e-15 1.16823e-15 0)
(0 1.16823e-15 0)
(0 1.16823e-15 5.84116e-16)
(-0.0208944 -0.0195139 2.71754e-07)
(-0.0117901 -0.0102725 1.81748e-07)
(-0.00637521 -0.00518432 1.14853e-07)
(-0.00330246 -0.00251237 6.86859e-08)
(-0.00164022 -0.00117121 3.89243e-08)
(-0.000782174 -0.000526185 2.09534e-08)
(-0.000358734 -0.000228217 1.07371e-08)
(-0.000158517 -9.57129e-05 5.25204e-09)
(-6.76031e-05 -3.88741e-05 2.45772e-09)
(-2.78723e-05 -1.53119e-05 1.10316e-09)
(-1.11271e-05 -5.85663e-06 4.75858e-10)
(-4.30763e-06 -2.17796e-06 1.97713e-10)
(-1.61938e-06 -7.88383e-07 7.92517e-11)
(-5.91936e-07 -2.7809e-07 3.07052e-11)
(-2.10645e-07 -9.56841e-08 1.15129e-11)
(-7.30587e-08 -3.21459e-08 4.18402e-12)
(-2.47232e-08 -1.05546e-08 1.47548e-12)
(-8.17126e-09 -3.38977e-09 5.04092e-13)
(-2.64019e-09 -1.06579e-09 1.68225e-13)
(-8.34705e-10 -3.28308e-10 5.31546e-14)
(-2.58435e-10 -9.91607e-11 1.81076e-14)
(-7.84188e-11 -2.93845e-11 5.84116e-15)
(-2.33378e-11 -8.54562e-12 1.16823e-15)
(-6.8178e-12 -2.44394e-12 -5.84116e-16)
(-1.96029e-12 -6.85752e-13 0)
(-5.51406e-13 -1.85749e-13 1.16823e-15)
(-1.53038e-13 -5.0234e-14 0)
(-4.20564e-14 -9.34586e-15 0)
(-1.16823e-14 0 0)
(-2.33646e-15 0 0)
(0 0 0)
(0 0 0)
(-0.00723418 -0.0216088 7.13715e-08)
(-0.00406847 -0.0113692 4.70158e-08)
(-0.00219691 -0.0057502 2.94537e-08)
(-0.00113792 -0.00279704 1.75395e-08)
(-0.000565554 -0.00130982 9.93261e-09)
(-0.00027 -0.000591263 5.3528e-09)
(-0.000123997 -0.000257645 2.74985e-09)
(-5.48676e-05 -0.000108532 1.34892e-09)
(-2.34314e-05 -4.42604e-05 6.3325e-10)
(-9.67306e-06 -1.7498e-05 2.85042e-10)
(-3.86623e-06 -6.71502e-06 1.23289e-10)
(-1.49835e-06 -2.50461e-06 5.13315e-11)
(-5.63827e-07 -9.09039e-07 2.06105e-11)
(-2.06278e-07 -3.21412e-07 7.99304e-12)
(-7.34634e-08 -1.10825e-07 2.99827e-12)
(-2.54976e-08 -3.73036e-08 1.08938e-12)
(-8.63391e-09 -1.2269e-08 3.82596e-13)
(-2.85521e-09 -3.94645e-09 1.30842e-13)
(-9.23013e-10 -1.24254e-09 4.32246e-14)
(-2.91948e-10 -3.83241e-10 1.22664e-14)
(-9.04305e-11 -1.15882e-10 4.67293e-15)
(-2.74476e-11 -3.43764e-11 -5.84116e-16)
(-8.17529e-12 -1.00153e-11 0)
(-2.38787e-12 -2.86567e-12 0)
(-6.83416e-13 -8.0608e-13 -5.84116e-16)
(-1.95095e-13 -2.21964e-13 0)
(-5.37387e-14 -5.95798e-14 -1.16823e-15)
(-1.5187e-14 -1.63553e-14 0)
(-4.67293e-15 -4.67293e-15 1.16823e-15)
(0 0 -5.84116e-16)
(0 0 0)
(0 0 1.16823e-15)
(-0.0534435 0.0520808 4.53777e-07)
(-0.0163361 0.022217 3.16036e-07)
(-0.00584711 0.00971248 2.05289e-07)
(-0.00232619 0.00425715 1.20828e-07)
(-0.000974967 0.00184641 6.57852e-08)
(-0.000415045 0.000786465 3.37191e-08)
(-0.000175782 0.000327614 1.64339e-08)
(-7.32697e-05 0.000133175 7.66505e-09)
(-2.98924e-05 5.27737e-05 3.43381e-09)
(-1.1905e-05 2.03802e-05 1.48165e-09)
(-4.62308e-06 7.67087e-06 6.16955e-10)
(-1.74995e-06 2.81505e-06 2.48321e-10)
(-6.4577e-07 1.00778e-06 9.67483e-11)
(-2.32418e-07 3.52176e-07 3.65283e-11)
(-8.16306e-08 1.20216e-07 1.33833e-11)
(-2.79972e-08 4.01126e-08 4.75996e-12)
(-9.38348e-09 1.30927e-08 1.64721e-12)
(-3.07551e-09 4.18332e-09 5.54326e-13)
(-9.86482e-10 1.30935e-09 1.8166e-13)
(-3.09882e-10 4.01731e-10 5.72434e-14)
(-9.54013e-11 1.20906e-10 1.75235e-14)
(-2.88016e-11 3.57105e-11 5.84116e-15)
(-8.53277e-12 1.03587e-11 2.33646e-15)
(-2.48249e-12 2.95212e-12 1.16823e-15)
(-7.07949e-13 8.24772e-13 1.16823e-15)
(-1.97431e-13 2.27805e-13 1.16823e-15)
(-5.60751e-14 6.19163e-14 -1.75235e-15)
(-1.63553e-14 1.40188e-14 0)
(-4.67293e-15 0 0)
(-1.16823e-15 -1.16823e-15 0)
(0 -3.5047e-15 0)
(1.16823e-15 0 5.84116e-16)
(-0.0536149 0.0177788 1.24317e-06)
(-0.0260322 0.0114455 8.88013e-07)
(-0.0121127 0.00604821 5.63061e-07)
(-0.00553989 0.00293373 3.25838e-07)
(-0.00249571 0.00135005 1.75841e-07)
(-0.00110375 0.000596786 8.96524e-08)
(-0.000477508 0.000254801 4.35332e-08)
(-0.00020157 0.00010537 2.02314e-08)
(-8.29024e-05 4.22791e-05 9.03027e-09)
(-3.31978e-05 1.64809e-05 3.88064e-09)
(-1.29421e-05 6.24821e-06 1.60894e-09)
(-4.91314e-06 2.30611e-06 6.44622e-10)
(-1.81711e-06 8.29402e-07 2.49953e-10)
(-6.5515e-07 2.90939e-07 9.3913e-11)
(-2.30433e-07 9.96259e-08 3.42327e-11)
(-7.91259e-08 3.33308e-08 1.21169e-11)
(-2.65458e-08 1.09038e-08 4.16884e-12)
(-8.70788e-09 3.49072e-09 1.3937e-12)
(-2.7951e-09 1.09442e-09 4.53274e-13)
(-8.78566e-10 3.36284e-10 1.42524e-13)
(-2.70621e-10 1.01341e-10 4.20564e-14)
(-8.17447e-11 2.99733e-11 1.28506e-14)
(-2.4228e-11 8.70683e-12 3.5047e-15)
(-7.05145e-12 2.486e-12 1.75235e-15)
(-2.0152e-12 6.97435e-13 2.92058e-15)
(-5.64256e-13 1.9159e-13 2.33646e-15)
(-1.57711e-13 5.25704e-14 1.75235e-15)
(-4.55611e-14 1.5187e-14 0)
(-1.16823e-14 4.67293e-15 0)
(0 3.5047e-15 0)
(-1.16823e-15 3.5047e-15 0)
(1.16823e-15 0 5.84116e-16)
(-0.0515942 0.00312013 1.46138e-06)
(-0.0280667 0.00346247 1.03542e-06)
(-0.0143589 0.00234554 6.65557e-07)
(-0.00702435 0.00131796 3.94264e-07)
(-0.00331191 0.000667296 2.18099e-07)
(-0.0015103 0.000314929 1.13799e-07)
(-0.000667198 0.000140879 5.63794e-08)
(-0.000285791 6.02922e-05 2.66625e-08)
(-0.000118782 2.48272e-05 1.20777e-08)
(-4.79359e-05 9.87412e-06 5.25776e-09)
(-1.87979e-05 3.80328e-06 2.20423e-09)
(-7.16876e-06 1.42175e-06 8.92054e-10)
(-2.66095e-06 5.16695e-07 3.48983e-10)
(-9.62194e-07 1.8282e-07 1.32227e-10)
(-3.39239e-07 6.30583e-08 4.85693e-11)
(-1.16719e-07 2.12269e-08 1.7322e-11)
(-3.92236e-08 6.98082e-09 5.99946e-12)
(-1.28849e-08 2.24501e-09 2.02221e-12)
(-4.14092e-09 7.06652e-10 6.62972e-13)
(-1.30296e-09 2.17888e-10 2.1145e-13)
(-4.01711e-10 6.58603e-11 6.42528e-14)
(-1.21438e-10 1.95328e-11 1.92758e-14)
(-3.60201e-11 5.68695e-12 4.67293e-15)
(-1.04907e-11 1.62501e-12 2.92058e-15)
(-3.00352e-12 4.55611e-13 2.33646e-15)
(-8.44632e-13 1.25001e-13 2.33646e-15)
(-2.32478e-13 3.15423e-14 1.75235e-15)
(-6.5421e-14 5.84116e-15 0)
(-1.5187e-14 0 0)
(-4.67293e-15 -2.33646e-15 0)
(0 0 0)
(0 0 -5.84116e-16)
(-0.0476182 -0.00508116 1.42216e-06)
(-0.0268068 -0.00177289 1.00826e-06)
(-0.0142572 -0.000489206 6.56476e-07)
(-0.00721814 -7.73178e-05 3.95688e-07)
(-0.00349875 2.2349e-05 2.22874e-07)
(-0.00163016 3.03936e-05 1.18242e-07)
(-0.000732145 2.00451e-05 5.94682e-08)
(-0.000317622 1.06632e-05 2.84932e-08)
(-0.00013332 5.05743e-06 1.30586e-08)
(-5.42218e-05 2.22174e-06 5.74281e-09)
(-2.13945e-05 9.21189e-07 2.43003e-09)
(-8.19972e-06 3.64409e-07 9.91564e-10)
(-3.05604e-06 1.38485e-07 3.90942e-10)
(-1.10879e-06 5.07976e-08 1.49179e-10)
(-3.92026e-07 1.80474e-08 5.51797e-11)
(-1.35203e-07 6.22687e-09 1.98074e-11)
(-4.55277e-08 2.09087e-09 6.90893e-12)
(-1.4982e-08 6.84461e-10 2.34289e-12)
(-4.82222e-09 2.18763e-10 7.75122e-13)
(-1.51936e-09 6.83521e-11 2.47081e-13)
(-4.68975e-10 2.09008e-11 7.65192e-14)
(-1.41916e-10 6.26056e-12 2.10282e-14)
(-4.21335e-11 1.83997e-12 6.42528e-15)
(-1.2284e-11 5.26873e-13 2.92058e-15)
(-3.51638e-12 1.47197e-13 0)
(-9.87156e-13 3.97199e-14 1.75235e-15)
(-2.75703e-13 1.05141e-14 5.84116e-16)
(-7.82716e-14 0 0)
(-1.98599e-14 -2.33646e-15 0)
(0 2.33646e-15 5.84116e-16)
(0 0 -5.84116e-16)
(0 0 0)
(-0.0413623 -0.0109793 1.1772e-06)
(-0.0234748 -0.00545906 8.21336e-07)
(-0.0126633 -0.00257083 5.32373e-07)
(-0.00651279 -0.00115909 3.2177e-07)
(-0.0032042 -0.000503896 1.82413e-07)
(-0.0015126 -0.000212184 9.75457e-08)
(-0.000686928 -8.67886e-05 4.94605e-08)
(-0.000300779 -3.45443e-05 2.38831e-08)
(-0.000127223 -1.33961e-05 1.10236e-08)
(-5.20721e-05 -5.06578e-06 4.8789e-09)
(-2.06552e-05 -1.86935e-06 2.0761e-09)
(-7.95147e-06 -6.73575e-07 8.51378e-10)
(-2.97456e-06 -2.37131e-07 3.37135e-10)
(-1.08263e-06 -8.16121e-08 1.29146e-10)
(-3.83809e-07 -2.74753e-08 4.79302e-11)
(-1.32676e-07 -9.05333e-09 1.72583e-11)
(-4.4766e-08 -2.92155e-09 6.03626e-12)
(-1.4757e-08 -9.23884e-10 2.052e-12)
(-4.75703e-09 -2.86468e-10 6.79327e-13)
(-1.50082e-09 -8.71419e-11 2.19044e-13)
(-4.63802e-10 -2.60212e-11 6.77575e-14)
(-1.40502e-10 -7.63323e-12 2.04441e-14)
(-4.17538e-11 -2.20212e-12 5.25704e-15)
(-1.21835e-11 -6.22668e-13 5.84116e-16)
(-3.49068e-12 -1.76403e-13 1.16823e-15)
(-9.80147e-13 -4.78975e-14 5.84116e-16)
(-2.72198e-13 -1.5187e-14 1.16823e-15)
(-7.82716e-14 -4.67293e-15 1.16823e-15)
(-1.5187e-14 0 -1.16823e-15)
(-2.33646e-15 0 0)
(0 0 5.84116e-16)
(0 0 5.84116e-16)
(-0.032466 -0.0157957 8.62944e-07)
(-0.0183984 -0.00825072 5.9781e-07)
(-0.00995725 -0.00411128 3.87894e-07)
(-0.0051512 -0.00196279 2.36062e-07)
(-0.00255184 -0.000901038 1.35175e-07)
(-0.00121306 -0.000398866 7.31331e-08)
(-0.000554505 -0.000170649 3.75352e-08)
(-0.00024423 -7.06918e-05 1.83458e-08)
(-0.000103842 -2.83979e-05 8.56803e-09)
(-4.26951e-05 -1.10773e-05 3.83523e-09)
(-1.70023e-05 -4.20082e-06 1.64976e-09)
(-6.5675e-06 -1.55046e-06 6.83582e-10)
(-2.46407e-06 -5.57524e-07 2.73401e-10)
(-8.9913e-07 -1.95508e-07 1.05741e-10)
(-3.19467e-07 -6.69212e-08 3.96136e-11)
(-1.1065e-07 -2.23793e-08 1.43967e-11)
(-3.73983e-08 -7.31774e-09 5.08123e-12)
(-1.2347e-08 -2.34157e-09 1.74359e-12)
(-3.98548e-09 -7.33791e-10 5.8178e-13)
(-1.25891e-09 -2.25371e-10 1.89838e-13)
(-3.89465e-10 -6.78848e-11 5.89957e-14)
(-1.18093e-10 -2.00679e-11 1.86917e-14)
(-3.51252e-11 -5.82597e-12 5.25704e-15)
(-1.02571e-11 -1.66123e-12 0)
(-2.94161e-12 -4.64956e-13 0)
(-8.24772e-13 -1.26169e-13 0)
(-2.33646e-13 -3.5047e-14 0)
(-6.30845e-14 -9.34586e-15 1.16823e-15)
(-1.16823e-14 2.33646e-15 0)
(0 -2.33646e-15 5.84116e-16)
(-2.33646e-15 0 0)
(0 0 -5.84116e-16)
(-0.0208946 -0.0195144 3.05391e-07)
(-0.0117903 -0.0102728 2.15375e-07)
(-0.00637535 -0.00518455 1.42621e-07)
(-0.00330255 -0.00251251 8.85573e-08)
(-0.00164028 -0.00117129 5.16658e-08)
(-0.000782211 -0.000526228 2.8417e-08)
(-0.000358755 -0.000228239 1.47944e-08)
(-0.000158528 -9.57235e-05 7.3183e-09)
(-6.76086e-05 -3.88791e-05 3.4523e-09)
(-2.7875e-05 -1.53141e-05 1.55798e-09)
(-1.11283e-05 -5.85757e-06 6.74582e-10)
(-4.30817e-06 -2.17835e-06 2.8093e-10)
(-1.6196e-06 -7.88538e-07 1.12781e-10)
(-5.92028e-07 -2.7815e-07 4.37281e-11)
(-2.10681e-07 -9.57065e-08 1.64055e-11)
(-7.30724e-08 -3.2154e-08 5.96383e-12)
(-2.47283e-08 -1.05575e-08 2.10574e-12)
(-8.17307e-09 -3.39074e-09 7.19631e-13)
(-2.64082e-09 -1.06611e-09 2.40656e-13)
(-8.34915e-10 -3.28415e-10 7.71033e-14)
(-2.58503e-10 -9.91923e-11 2.27805e-14)
(-7.84409e-11 -2.93927e-11 7.59351e-15)
(-2.33471e-11 -8.55146e-12 1.75235e-15)
(-6.82131e-12 -2.44277e-12 -2.33646e-15)
(-1.95913e-12 -6.81079e-13 -1.75235e-15)
(-5.49069e-13 -1.89254e-13 -1.16823e-15)
(-1.53038e-13 -4.78975e-14 -1.16823e-15)
(-4.20564e-14 -9.34586e-15 -5.84116e-16)
(-9.34586e-15 -2.33646e-15 0)
(-2.33646e-15 0 0)
(0 0 0)
(0 0 0)
(-0.00723421 -0.0216091 -1.90844e-08)
(-0.00406849 -0.0113694 -5.18625e-09)
(-0.00219693 -0.00575037 1.31763e-09)
(-0.00113794 -0.00279714 3.27403e-09)
(-0.000565565 -0.00130988 3.08267e-09)
(-0.000270007 -0.000591296 2.22116e-09)
(-0.000124001 -0.000257662 1.3799e-09)
(-5.48698e-05 -0.000108541 7.7328e-10)
(-2.34326e-05 -4.42644e-05 4.00041e-10)
(-9.67361e-06 -1.74998e-05 1.93682e-10)
(-3.86649e-06 -6.71581e-06 8.85724e-11)
(-1.49847e-06 -2.50494e-06 3.85043e-11)
(-5.63876e-07 -9.09171e-07 1.59908e-11)
(-2.06299e-07 -3.21463e-07 6.36687e-12)
(-7.34714e-08 -1.10845e-07 2.43693e-12)
(-2.55006e-08 -3.73106e-08 8.98371e-13)
(-8.63504e-09 -1.22715e-08 3.21848e-13)
(-2.85562e-09 -3.9473e-09 1.10982e-13)
(-9.23156e-10 -1.24282e-09 3.85517e-14)
(-2.91997e-10 -3.83327e-10 1.16823e-14)
(-9.04422e-11 -1.15911e-10 4.08881e-15)
(-2.7457e-11 -3.43834e-11 0)
(-8.17412e-12 -1.00129e-11 -1.16823e-15)
(-2.3867e-12 -2.86334e-12 1.16823e-15)
(-6.88089e-13 -8.02576e-13 -2.33646e-15)
(-1.92758e-13 -2.20796e-13 -2.33646e-15)
(-5.60751e-14 -5.95798e-14 0)
(-1.5187e-14 -1.16823e-14 -1.75235e-15)
(0 -2.33646e-15 -1.75235e-15)
(0 0 0)
(0 0 0)
(0 0 0)
(-0.0534442 0.0520833 3.36671e-07)
(-0.0163365 0.0222188 2.43786e-07)
(-0.00584741 0.00971365 1.60506e-07)
(-0.00232641 0.00425782 9.42901e-08)
(-0.000975104 0.00184677 5.09515e-08)
(-0.000415122 0.000786647 2.59124e-08)
(-0.000175823 0.000327702 1.25393e-08)
(-7.32896e-05 0.000133216 5.81811e-09)
(-2.99018e-05 5.27917e-05 2.59595e-09)
(-1.19093e-05 2.03879e-05 1.11765e-09)
(-4.62494e-06 7.67406e-06 4.64765e-10)
(-1.75073e-06 2.81633e-06 1.87095e-10)
(-6.46089e-07 1.00828e-06 7.29497e-11)
(-2.32544e-07 3.52362e-07 2.75995e-11)
(-8.16785e-08 1.20283e-07 1.01368e-11)
(-2.8015e-08 4.01366e-08 3.6186e-12)
(-9.38986e-09 1.3101e-08 1.25702e-12)
(-3.07774e-09 4.18609e-09 4.26405e-13)
(-9.87243e-10 1.31026e-09 1.40772e-13)
(-3.10134e-10 4.02019e-10 4.73134e-14)
(-9.5482e-11 1.20994e-10 1.34347e-14)
(-2.88273e-11 3.57409e-11 5.84116e-15)
(-8.54211e-12 1.03646e-11 5.84116e-16)
(-2.48249e-12 2.95329e-12 5.84116e-16)
(-7.11453e-13 8.29445e-13 1.75235e-15)
(-2.00936e-13 2.26637e-13 0)
(-5.60751e-14 6.07481e-14 -5.84116e-16)
(-1.75235e-14 1.16823e-14 0)
(-3.5047e-15 -1.16823e-15 -5.84116e-16)
(2.33646e-15 -1.16823e-15 0)
(0 -1.16823e-15 5.84116e-16)
(0 -1.16823e-15 0)
(-0.0536158 0.0177803 9.28047e-07)
(-0.0260332 0.0114465 6.67639e-07)
(-0.0121136 0.00604886 4.21398e-07)
(-0.00554047 0.00293411 2.41643e-07)
(-0.00249607 0.00135026 1.29092e-07)
(-0.00110394 0.000596896 6.516e-08)
(-0.000477609 0.000254856 3.13549e-08)
(-0.00020162 0.000105396 1.44527e-08)
(-8.29258e-05 4.22908e-05 6.40571e-09)
(-3.32084e-05 1.6486e-05 2.7357e-09)
(-1.29467e-05 6.25036e-06 1.12834e-09)
(-4.91505e-06 2.30698e-06 4.50024e-10)
(-1.81788e-06 8.29741e-07 1.7386e-10)
(-6.5545e-07 2.91067e-07 6.51219e-11)
(-2.30546e-07 9.9673e-08 2.3683e-11)
(-7.91675e-08 3.33476e-08 8.36805e-12)
(-2.65606e-08 1.09096e-08 2.87677e-12)
(-8.71301e-09 3.49268e-09 9.62039e-13)
(-2.79683e-09 1.09506e-09 3.14254e-13)
(-8.79132e-10 3.36487e-10 9.87156e-14)
(-2.708e-10 1.01403e-10 2.97899e-14)
(-8.17996e-11 2.99874e-11 9.34586e-15)
(-2.42443e-11 8.70917e-12 2.33646e-15)
(-7.05379e-12 2.48483e-12 0)
(-2.01754e-12 6.96266e-13 1.16823e-15)
(-5.66593e-13 1.92758e-13 0)
(-1.5888e-13 5.14022e-14 0)
(-4.55611e-14 1.16823e-14 -5.84116e-16)
(-8.17763e-15 1.16823e-15 0)
(-1.16823e-15 0 0)
(0 -2.33646e-15 0)
(0 -2.33646e-15 0)
(-0.0515954 0.00312028 1.06745e-06)
(-0.0280679 0.00346257 7.56273e-07)
(-0.0143598 0.00234563 4.84154e-07)
(-0.007025 0.00131804 2.85164e-07)
(-0.00331232 0.000667352 1.5674e-07)
(-0.00151053 0.000314964 8.12808e-08)
(-0.000667323 0.000140899 4.00337e-08)
(-0.000285854 6.03029e-05 1.8836e-08)
(-0.000118812 2.48325e-05 8.49315e-09)
(-4.79498e-05 9.87658e-06 3.68338e-09)
(-1.8804e-05 3.80437e-06 1.5391e-09)
(-7.17135e-06 1.42221e-06 6.21335e-10)
(-2.662e-06 5.16884e-07 2.42572e-10)
(-9.62612e-07 1.82894e-07 9.17973e-11)
(-3.39398e-07 6.30866e-08 3.36901e-11)
(-1.16778e-07 2.12373e-08 1.20164e-11)
(-3.92448e-08 6.98454e-09 4.16475e-12)
(-1.28923e-08 2.2463e-09 1.40538e-12)
(-4.14343e-09 7.07091e-10 4.61452e-13)
(-1.3038e-09 2.18032e-10 1.47197e-13)
(-4.01982e-10 6.59058e-11 4.38087e-14)
(-1.21522e-10 1.95445e-11 1.34347e-14)
(-3.60423e-11 5.68812e-12 1.75235e-15)
(-1.04954e-11 1.62852e-12 1.16823e-15)
(-3.00236e-12 4.55611e-13 5.84116e-16)
(-8.48137e-13 1.26169e-13 5.84116e-16)
(-2.35983e-13 3.27105e-14 0)
(-6.65892e-14 5.84116e-15 -1.16823e-15)
(-1.40188e-14 0 -1.16823e-15)
(-3.5047e-15 0 0)
(0 0 -5.84116e-16)
(2.33646e-15 0 -1.16823e-15)
(-0.0476194 -0.00508167 1.00315e-06)
(-0.0268079 -0.00177327 7.13948e-07)
(-0.0142581 -0.000489438 4.64691e-07)
(-0.00721875 -7.74443e-05 2.79312e-07)
(-0.00349914 2.22862e-05 1.56728e-07)
(-0.0016304 3.03646e-05 8.27965e-08)
(-0.000732271 2.00325e-05 4.14712e-08)
(-0.000317687 1.06579e-05 1.97928e-08)
(-0.000133352 5.05534e-06 9.04037e-09)
(-5.42365e-05 2.22095e-06 3.96369e-09)
(-2.1401e-05 9.20899e-07 1.67312e-09)
(-8.20253e-06 3.64306e-07 6.81328e-10)
(-3.05719e-06 1.3845e-07 2.68248e-10)
(-1.10925e-06 5.07862e-08 1.0226e-10)
(-3.92203e-07 1.80439e-08 3.78104e-11)
(-1.3527e-07 6.2258e-09 1.35749e-11)
(-4.55517e-08 2.09057e-09 4.73893e-12)
(-1.49905e-08 6.84378e-10 1.60982e-12)
(-4.8251e-09 2.18741e-10 5.3213e-13)
(-1.52032e-09 6.83474e-11 1.71146e-13)
(-4.69285e-10 2.09032e-11 5.43228e-14)
(-1.42017e-10 6.26172e-12 1.63553e-14)
(-4.21615e-11 1.83997e-12 4.08881e-15)
(-1.22863e-11 5.28041e-13 1.75235e-15)
(-3.51755e-12 1.49534e-13 1.75235e-15)
(-9.91829e-13 4.20564e-14 1.75235e-15)
(-2.79207e-13 1.16823e-14 0)
(-7.94398e-14 3.5047e-15 -1.16823e-15)
(-1.5187e-14 0 0)
(-3.5047e-15 0 0)
(2.33646e-15 2.33646e-15 0)
(0 2.33646e-15 0)
(-0.0413633 -0.0109801 8.13481e-07)
(-0.0234756 -0.00545969 5.68641e-07)
(-0.012664 -0.00257124 3.68229e-07)
(-0.00651328 -0.00115933 2.21919e-07)
(-0.00320451 -0.000504027 1.2534e-07)
(-0.00151278 -0.000212251 6.67423e-08)
(-0.000687029 -8.68211e-05 3.36998e-08)
(-0.000300831 -3.45592e-05 1.62049e-08)
(-0.000127249 -1.34026e-05 7.45109e-09)
(-5.20842e-05 -5.06855e-06 3.28592e-09)
(-2.06606e-05 -1.87048e-06 1.39387e-09)
(-7.9538e-06 -6.74019e-07 5.69999e-10)
(-2.97552e-06 -2.373e-07 2.2519e-10)
(-1.08302e-06 -8.16744e-08 8.60958e-11)
(-3.83959e-07 -2.74975e-08 3.19079e-11)
(-1.32732e-07 -9.06106e-09 1.14796e-11)
(-4.47862e-08 -2.92416e-09 4.01346e-12)
(-1.47641e-08 -9.2474e-10 1.36391e-12)
(-4.75946e-09 -2.86743e-10 4.50938e-13)
(-1.50164e-09 -8.72261e-11 1.46613e-13)
(-4.64066e-10 -2.60481e-11 4.49769e-14)
(-1.40587e-10 -7.64024e-12 1.34347e-14)
(-4.17772e-11 -2.20095e-12 2.92058e-15)
(-1.21835e-11 -6.27341e-13 1.16823e-15)
(-3.49068e-12 -1.74067e-13 2.92058e-15)
(-9.85988e-13 -5.14022e-14 2.33646e-15)
(-2.72198e-13 -1.5187e-14 0)
(-7.59351e-14 0 5.84116e-16)
(-1.98599e-14 2.33646e-15 0)
(-1.16823e-15 1.16823e-15 0)
(0 0 0)
(0 0 0)
(-0.0324668 -0.0157971 5.74606e-07)
(-0.018399 -0.00825165 4.00211e-07)
(-0.00995774 -0.00411187 2.60506e-07)
(-0.00515154 -0.00196314 1.58814e-07)
(-0.00255206 -0.000901236 9.09834e-08)
(-0.00121319 -0.00039897 4.92222e-08)
(-0.000554579 -0.000170701 2.525e-08)
(-0.000244269 -7.07166e-05 1.2335e-08)
(-0.000103861 -2.84092e-05 5.75758e-09)
(-4.27044e-05 -1.10823e-05 2.57641e-09)
(-1.70065e-05 -4.2029e-06 1.10807e-09)
(-6.56935e-06 -1.55131e-06 4.59219e-10)
(-2.46485e-06 -5.57857e-07 1.83746e-10)
(-8.99445e-07 -1.95634e-07 7.11266e-11)
(-3.1959e-07 -6.6968e-08 2.66772e-11)
(-1.10696e-07 -2.2396e-08 9.70976e-12)
(-3.74153e-08 -7.32359e-09 3.43402e-12)
(-1.2353e-08 -2.34356e-09 1.18108e-12)
(-3.98759e-09 -7.34447e-10 3.95447e-13)
(-1.25962e-09 -2.25582e-10 1.27921e-13)
(-3.89698e-10 -6.79514e-11 4.0304e-14)
(-1.1817e-10 -2.00854e-11 1.22664e-14)
(-3.51474e-11 -5.83065e-12 2.92058e-15)
(-1.02594e-11 -1.66356e-12 0)
(-2.94278e-12 -4.70798e-13 1.75235e-15)
(-8.29445e-13 -1.3201e-13 0)
(-2.30142e-13 -3.5047e-14 0)
(-6.07481e-14 -1.16823e-14 1.16823e-15)
(-1.5187e-14 0 1.75235e-15)
(-3.5047e-15 -1.16823e-15 0)
(0 0 0)
(0 0 0)
(-0.0208948 -0.0195157 1.40132e-07)
(-0.0117904 -0.0102737 1.02826e-07)
(-0.00637546 -0.00518509 7.02434e-08)
(-0.00330264 -0.00251283 4.45899e-08)
(-0.00164034 -0.00117148 2.64182e-08)
(-0.000782248 -0.000526327 1.4675e-08)
(-0.000358776 -0.00022829 7.68924e-09)
(-0.000158539 -9.57481e-05 3.81688e-09)
(-6.76146e-05 -3.88905e-05 1.8039e-09)
(-2.78779e-05 -1.53192e-05 8.14304e-10)
(-1.11297e-05 -5.85975e-06 3.52446e-10)
(-4.30876e-06 -2.17925e-06 1.46592e-10)
(-1.61985e-06 -7.88898e-07 5.87644e-11)
(-5.92129e-07 -2.78288e-07 2.27414e-11)
(-2.1072e-07 -9.57585e-08 8.517e-12)
(-7.30873e-08 -3.21729e-08 3.08822e-12)
(-2.47337e-08 -1.05641e-08 1.08704e-12)
(-8.175e-09 -3.39304e-09 3.71498e-13)
(-2.64148e-09 -1.06688e-09 1.24417e-13)
(-8.35139e-10 -3.28663e-10 3.91358e-14)
(-2.58573e-10 -9.92694e-11 1.28506e-14)
(-7.84631e-11 -2.94196e-11 4.08881e-15)
(-2.33553e-11 -8.5573e-12 1.16823e-15)
(-6.82598e-12 -2.44394e-12 -5.84116e-16)
(-1.95796e-12 -6.88089e-13 0)
(-5.51406e-13 -1.88085e-13 -1.16823e-15)
(-1.50702e-13 -5.14022e-14 0)
(-4.20564e-14 -1.28506e-14 -1.16823e-15)
(-8.17763e-15 -3.5047e-15 -1.16823e-15)
(-1.16823e-15 0 0)
(0 0 0)
(0 0 0)
(-0.00723411 -0.0216093 -4.4876e-08)
(-0.00406843 -0.0113696 -2.36854e-08)
(-0.00219689 -0.00575049 -1.11992e-08)
(-0.00113792 -0.00279722 -4.68327e-09)
(-0.000565556 -0.00130993 -1.67488e-09)
(-0.000270003 -0.000591325 -4.57636e-10)
(-0.000124 -0.000257677 -4.62077e-11)
(-5.48696e-05 -0.000108549 5.34577e-11)
(-2.34326e-05 -4.42681e-05 5.41347e-11)
(-9.67368e-06 -1.75015e-05 3.50277e-11)
(-3.86654e-06 -6.71655e-06 1.88734e-11)
(-1.4985e-06 -2.50525e-06 9.11455e-12)
(-5.63891e-07 -9.09297e-07 4.06428e-12)
(-2.06305e-07 -3.21512e-07 1.70153e-12)
(-7.34743e-08 -1.10863e-07 6.74654e-13)
(-2.55018e-08 -3.73173e-08 2.55843e-13)
(-8.63549e-09 -1.22739e-08 9.17062e-14)
(-2.85578e-09 -3.94811e-09 3.15423e-14)
(-9.23211e-10 -1.24309e-09 1.05141e-14)
(-2.92018e-10 -3.83415e-10 4.67293e-15)
(-9.04504e-11 -1.15937e-10 1.16823e-15)
(-2.7457e-11 -3.43904e-11 0)
(-8.17295e-12 -1.00141e-11 1.16823e-15)
(-2.39137e-12 -2.861e-12 0)
(-6.86921e-13 -7.99071e-13 0)
(-1.92758e-13 -2.17291e-13 0)
(-5.37387e-14 -5.49069e-14 0)
(-1.75235e-14 -9.34586e-15 0)
(-2.33646e-15 0 -1.16823e-15)
(2.33646e-15 0 0)
(0 0 -5.84116e-16)
(2.33646e-15 0 0)
)
;

boundaryField
{
    base
    {
        type            calculated;
        value           nonuniform List<vector> 
160
(
(-2.7212 1.68769 -2.71075e-08)
(-1.3031 0.466871 -1.75848e-08)
(-0.85371 0.154851 -9.76419e-09)
(-0.683699 0.0609203 -9.23612e-09)
(-0.610029 0.0270633 5.05215e-09)
(-0.575445 0.0128498 -3.02581e-10)
(-0.55863 0.00625782 8.91893e-09)
(-0.550414 0.00304404 3.14854e-09)
(-2.7212 1.68769 -1.19646e-08)
(-1.3031 0.466871 1.07784e-07)
(-0.85371 0.154851 1.38812e-07)
(-0.683699 0.0609203 1.98116e-07)
(-0.610029 0.0270633 1.92267e-07)
(-0.575445 0.0128498 1.84705e-07)
(-0.55863 0.00625783 1.51528e-07)
(-0.550414 0.00304404 1.1841e-07)
(-2.7212 1.68769 5.60892e-08)
(-1.3031 0.466872 3.60284e-07)
(-0.853709 0.154851 5.50844e-07)
(-0.683697 0.0609204 6.6757e-07)
(-0.610028 0.0270633 6.52818e-07)
(-0.575444 0.0128497 5.99088e-07)
(-0.558629 0.00625769 4.83452e-07)
(-0.550413 0.00304391 3.71854e-07)
(-2.7212 1.68769 4.09463e-08)
(-1.3031 0.466872 2.34916e-07)
(-0.853706 0.154851 4.02268e-07)
(-0.683693 0.0609205 4.60217e-07)
(-0.610024 0.0270632 4.65603e-07)
(-0.575441 0.0128494 4.1408e-07)
(-0.558626 0.00625737 3.40842e-07)
(-0.550411 0.0030436 2.56593e-07)
(-0.546454 0.00145592 5.7485e-09)
(-0.54459 0.000679804 1.92019e-09)
(-0.543735 0.000311067 1.37975e-09)
(-0.543346 0.000143753 -5.93457e-10)
(-0.54316 7.40759e-05 -1.41989e-09)
(-0.54305 5.07228e-05 -2.23929e-09)
(-0.542957 4.77296e-05 -2.78253e-09)
(-0.542859 5.03155e-05 -3.87422e-09)
(-0.546454 0.00145592 8.49159e-08)
(-0.54459 0.000679795 5.78173e-08)
(-0.543735 0.000311062 3.7257e-08)
(-0.543346 0.000143748 2.34139e-08)
(-0.54316 7.40727e-05 1.43006e-08)
(-0.54305 5.07201e-05 9.2687e-09)
(-0.542957 4.77263e-05 6.09989e-09)
(-0.542859 5.03131e-05 4.74931e-09)
(-0.546453 0.0014558 2.64089e-07)
(-0.54459 0.000679708 1.79636e-07)
(-0.543735 0.000310998 1.19131e-07)
(-0.543346 0.000143707 7.81542e-08)
(-0.54316 7.40477e-05 5.34387e-08)
(-0.54305 5.07064e-05 3.91192e-08)
(-0.542957 4.77205e-05 3.21e-08)
(-0.542859 5.03121e-05 3.26047e-08)
(-0.546452 0.00145553 1.84921e-07)
(-0.544589 0.000679505 1.23739e-07)
(-0.543734 0.000310859 8.32537e-08)
(-0.543345 0.000143616 5.41468e-08)
(-0.543159 7.39946e-05 3.77182e-08)
(-0.543049 5.06774e-05 2.76112e-08)
(-0.542957 4.77133e-05 2.32176e-08)
(-0.542859 5.03149e-05 2.39812e-08)
(-0.542756 4.92522e-05 -3.97322e-09)
(-0.542662 4.09444e-05 -5.43165e-09)
(-0.542592 2.66408e-05 -4.92979e-09)
(-0.542555 9.18683e-06 -5.71373e-09)
(-0.542555 -9.1264e-06 -5.13083e-09)
(-0.542592 -2.65975e-05 -5.06654e-09)
(-0.542662 -4.09442e-05 -4.66717e-09)
(-0.542756 -4.93465e-05 -3.61649e-09)
(-0.542756 4.92491e-05 4.38222e-09)
(-0.542662 4.09425e-05 4.07792e-09)
(-0.542592 2.66402e-05 4.87005e-09)
(-0.542555 9.18643e-06 4.6675e-09)
(-0.542555 -9.1251e-06 5.3052e-09)
(-0.542592 -2.65965e-05 4.93577e-09)
(-0.542662 -4.09413e-05 5.13393e-09)
(-0.542756 -4.93447e-05 5.13017e-09)
(-0.542756 4.92509e-05 3.29927e-08)
(-0.542662 4.09453e-05 3.9324e-08)
(-0.542592 2.6642e-05 4.03927e-08)
(-0.542555 9.1877e-06 4.35727e-08)
(-0.542555 -9.12586e-06 4.29439e-08)
(-0.542592 -2.65978e-05 4.14025e-08)
(-0.542662 -4.09439e-05 3.93918e-08)
(-0.542756 -4.93461e-05 3.39727e-08)
(-0.542756 4.92626e-05 2.46373e-08)
(-0.542662 4.09573e-05 2.98145e-08)
(-0.542592 2.66487e-05 3.05929e-08)
(-0.542555 9.19153e-06 3.31914e-08)
(-0.542555 -9.12944e-06 3.25079e-08)
(-0.542592 -2.66036e-05 3.14002e-08)
(-0.542661 -4.09562e-05 2.95907e-08)
(-0.542755 -4.93553e-05 2.5226e-08)
(-0.542859 -5.05062e-05 -3.7761e-09)
(-0.542958 -4.80548e-05 -2.96864e-09)
(-0.543051 -5.12029e-05 -3.35035e-09)
(-0.543162 -7.47685e-05 -3.85999e-09)
(-0.54335 -0.000144687 -3.24566e-09)
(-0.543741 -0.000312253 -6.18225e-09)
(-0.544599 -0.000681063 -2.65485e-09)
(-0.546465 -0.00145698 -1.09519e-08)
(-0.542859 -5.05049e-05 5.32466e-09)
(-0.542958 -4.8054e-05 6.54731e-09)
(-0.543051 -5.12047e-05 9.05387e-09)
(-0.543162 -7.47683e-05 1.33252e-08)
(-0.54335 -0.000144691 2.29827e-08)
(-0.543741 -0.000312252 3.3408e-08)
(-0.544599 -0.000681072 5.82434e-08)
(-0.546466 -0.00145698 7.56128e-08)
(-0.542859 -5.05034e-05 3.41007e-08)
(-0.542958 -4.80474e-05 3.41975e-08)
(-0.543051 -5.11894e-05 4.3067e-08)
(-0.543162 -7.47406e-05 6.05164e-08)
(-0.54335 -0.000144647 8.73916e-08)
(-0.543741 -0.000312183 1.39052e-07)
(-0.544599 -0.000680978 1.98402e-07)
(-0.546465 -0.00145685 3.06491e-07)
(-0.542859 -5.05045e-05 2.5e-08)
(-0.542957 -4.80361e-05 2.46815e-08)
(-0.543051 -5.11521e-05 3.06628e-08)
(-0.543162 -7.46796e-05 4.33312e-08)
(-0.54335 -0.000144534 6.11632e-08)
(-0.54374 -0.00031203 9.94617e-08)
(-0.544598 -0.000680737 1.37504e-07)
(-0.546463 -0.00145658 2.19927e-07)
(-0.550427 -0.00304447 -7.19199e-11)
(-0.558643 -0.00625717 -1.58625e-08)
(-0.575456 -0.0128478 7.62885e-09)
(-0.610035 -0.0270601 -1.41801e-08)
(-0.683696 -0.0609164 2.14451e-08)
(-0.8537 -0.154847 -2.63756e-10)
(-1.30308 -0.466872 4.45911e-08)
(-2.72119 -1.68769 7.60527e-08)
(-0.550427 -0.00304448 1.23041e-07)
(-0.558643 -0.00625715 1.36093e-07)
(-0.575456 -0.0128478 1.98458e-07)
(-0.610035 -0.0270601 1.76795e-07)
(-0.683696 -0.0609164 2.2451e-07)
(-0.8537 -0.154847 1.4031e-07)
(-1.30308 -0.466872 1.58667e-07)
(-2.72119 -1.68769 8.2592e-08)
(-0.550426 -0.00304435 3.95691e-07)
(-0.558642 -0.00625702 5.42909e-07)
(-0.575454 -0.0128477 6.01413e-07)
(-0.610033 -0.0270601 6.90022e-07)
(-0.683695 -0.0609165 6.09662e-07)
(-0.853699 -0.154847 5.16221e-07)
(-1.30308 -0.466872 2.33113e-07)
(-2.72119 -1.68769 -1.10336e-07)
(-0.550424 -0.00304401 2.72579e-07)
(-0.558639 -0.00625674 3.90954e-07)
(-0.575451 -0.0128475 4.10584e-07)
(-0.610029 -0.0270601 4.99047e-07)
(-0.683691 -0.0609167 4.06597e-07)
(-0.853696 -0.154848 3.75647e-07)
(-1.30308 -0.466873 1.19037e-07)
(-2.72119 -1.68769 -1.16875e-07)
)
;
    }
    cooled
    {
        type            calculated;
        value           nonuniform List<vector> 
992
(
(-1.74167 2.66632 -2.71075e-08)
(-1.74167 2.66632 -1.19646e-08)
(-1.74167 2.66632 5.60892e-08)
(-1.74167 2.66632 4.09463e-08)
(-0.517459 1.14205 -5.43515e-08)
(-0.51746 1.14205 1.61003e-08)
(-0.517459 1.14205 1.75418e-07)
(-0.517459 1.14205 1.04967e-07)
(-0.199299 0.596486 -6.06033e-08)
(-0.199299 0.596486 5.32836e-08)
(-0.199299 0.596486 2.83616e-07)
(-0.199298 0.596488 1.69729e-07)
(-0.0975793 0.344851 -5.42647e-08)
(-0.0975792 0.34485 8.25743e-08)
(-0.0975792 0.344851 3.46147e-07)
(-0.0975791 0.344853 2.09308e-07)
(-0.0554895 0.206169 -4.19412e-08)
(-0.0554895 0.206169 9.73037e-08)
(-0.0554895 0.20617 3.59103e-07)
(-0.0554895 0.206171 2.19858e-07)
(-0.0336149 0.122893 -2.90225e-08)
(-0.0336148 0.122892 9.69682e-08)
(-0.0336149 0.122894 3.34459e-07)
(-0.033615 0.122895 2.08469e-07)
(-0.0205786 0.0717094 -1.85696e-08)
(-0.0205786 0.0717093 8.57069e-08)
(-0.0205787 0.0717101 2.88022e-07)
(-0.0205788 0.0717116 1.83746e-07)
(-0.0123876 0.0405783 -1.15041e-08)
(-0.0123876 0.0405782 6.86811e-08)
(-0.0123877 0.0405788 2.33657e-07)
(-0.0123878 0.0405801 1.53472e-07)
(-0.0072322 0.0221588 -7.10844e-09)
(-0.00723219 0.0221588 5.08806e-08)
(-0.00723227 0.0221592 1.79432e-07)
(-0.0072324 0.0221602 1.21443e-07)
(-0.00406684 0.0116495 -4.16802e-09)
(-0.00406683 0.0116494 3.536e-08)
(-0.00406689 0.0116497 1.29492e-07)
(-0.00406701 0.0116505 8.99643e-08)
(-0.00219567 0.00589149 -2.22419e-09)
(-0.00219567 0.00589147 2.32254e-08)
(-0.00219572 0.00589167 8.73322e-08)
(-0.00219582 0.00589217 6.18827e-08)
(-0.00113706 0.00286677 -1.01975e-09)
(-0.00113705 0.00286676 1.44332e-08)
(-0.00113709 0.00286688 5.4989e-08)
(-0.00113716 0.0028672 3.95361e-08)
(-0.000564998 0.00134326 -3.85149e-10)
(-0.000564996 0.00134325 8.48573e-09)
(-0.000565017 0.00134333 3.24239e-08)
(-0.00056507 0.00134351 2.35531e-08)
(-0.000269667 0.000606774 -9.26391e-11)
(-0.000269666 0.000606774 4.72154e-09)
(-0.000269679 0.000606812 1.797e-08)
(-0.000269712 0.000606917 1.31558e-08)
(-0.000123811 0.000264589 9.43464e-12)
(-0.00012381 0.00026459 2.49001e-09)
(-0.000123817 0.000264609 9.40766e-09)
(-0.000123837 0.000264665 6.92709e-09)
(-5.47696e-05 0.000111532 3.25645e-11)
(-5.47696e-05 0.000111532 1.24688e-09)
(-5.47734e-05 0.000111542 4.67055e-09)
(-5.4784e-05 0.00011157 3.45623e-09)
(-2.33826e-05 4.55111e-05 2.69938e-11)
(-2.33826e-05 4.55113e-05 5.94503e-10)
(-2.33845e-05 4.55159e-05 2.20849e-09)
(-2.339e-05 4.5529e-05 1.64099e-09)
(-9.64991e-06 1.80018e-05 1.71648e-11)
(-9.64995e-06 1.8002e-05 2.70449e-10)
(-9.65086e-06 1.8004e-05 9.97665e-10)
(-9.6535e-06 1.801e-05 7.44379e-10)
(-3.85575e-06 6.91147e-06 9.26058e-12)
(-3.85578e-06 6.91154e-06 1.17729e-10)
(-3.8562e-06 6.91241e-06 4.32056e-10)
(-3.85741e-06 6.915e-06 3.23588e-10)
(-1.4938e-06 2.57883e-06 4.56604e-12)
(-1.49382e-06 2.57887e-06 4.91177e-11)
(-1.494e-06 2.57922e-06 1.79758e-10)
(-1.49454e-06 2.58031e-06 1.35207e-10)
(-5.6193e-07 9.36253e-07 2.06076e-12)
(-5.61938e-07 9.36269e-07 1.96941e-11)
(-5.62014e-07 9.3641e-07 7.20542e-11)
(-5.62242e-07 9.36846e-07 5.44215e-11)
(-2.05516e-07 3.3111e-07 8.80263e-13)
(-2.05519e-07 3.31117e-07 7.59468e-12)
(-2.0555e-07 3.31171e-07 2.78647e-11)
(-2.05643e-07 3.3134e-07 2.11491e-11)
(-7.31673e-08 1.14189e-07 3.51054e-13)
(-7.31688e-08 1.14192e-07 2.8242e-12)
(-7.31805e-08 1.14212e-07 1.042e-11)
(-7.3217e-08 1.14275e-07 7.94924e-12)
(-2.53863e-08 3.84406e-08 1.33178e-13)
(-2.53869e-08 3.84417e-08 1.01169e-12)
(-2.53912e-08 3.84487e-08 3.77105e-12)
(-2.54051e-08 3.84718e-08 2.89371e-12)
(-8.59333e-09 1.2644e-08 4.78975e-14)
(-8.59357e-09 1.26444e-08 3.51054e-13)
(-8.59512e-09 1.26468e-08 1.32361e-12)
(-8.60021e-09 1.2655e-08 1.0222e-12)
(-2.84085e-09 4.06727e-09 1.75235e-14)
(-2.84094e-09 4.06741e-09 1.16239e-13)
(-2.84148e-09 4.0682e-09 4.49185e-13)
(-2.84329e-09 4.071e-09 3.5047e-13)
(-9.1807e-10 1.28061e-09 4.67293e-15)
(-9.18105e-10 1.28065e-09 3.67993e-14)
(-9.18283e-10 1.2809e-09 1.48365e-13)
(-9.18906e-10 1.28184e-09 1.16823e-13)
(-2.90295e-10 3.9498e-10 1.75235e-15)
(-2.90306e-10 3.94991e-10 1.05141e-14)
(-2.90358e-10 3.95071e-10 4.84816e-14)
(-2.90571e-10 3.95378e-10 3.85517e-14)
(-8.98873e-11 1.19436e-10 5.84116e-16)
(-8.98908e-11 1.19432e-10 2.92058e-15)
(-8.99118e-11 1.19462e-10 1.5187e-14)
(-8.99784e-11 1.19554e-10 1.10982e-14)
(-2.72782e-11 3.54326e-11 0)
(-2.72782e-11 3.54287e-11 0)
(-2.72852e-11 3.54326e-11 4.08881e-15)
(-2.73098e-11 3.54632e-11 4.08881e-15)
(-8.11921e-12 1.03205e-11 0)
(-8.11921e-12 1.03166e-11 -1.16823e-15)
(-8.12272e-12 1.03166e-11 1.16823e-15)
(-8.12622e-12 1.03243e-11 5.84116e-16)
(-2.37034e-12 2.95526e-12 -5.84116e-16)
(-2.37385e-12 2.94761e-12 -1.16823e-15)
(-2.37151e-12 2.94761e-12 0)
(-2.37618e-12 2.95144e-12 1.16823e-15)
(-6.81079e-13 8.38346e-13 -5.84116e-16)
(-6.78743e-13 8.26862e-13 -2.33646e-15)
(-6.81079e-13 8.23034e-13 0)
(-6.78743e-13 8.26862e-13 0)
(-1.9159e-13 2.33512e-13 -5.84116e-16)
(-1.9159e-13 2.29684e-13 -1.16823e-15)
(-1.9159e-13 2.22028e-13 -1.16823e-15)
(-1.93927e-13 2.25856e-13 1.16823e-15)
(-5.37387e-14 6.89051e-14 -5.84116e-16)
(-5.37387e-14 5.74209e-14 -1.75235e-15)
(-5.14022e-14 6.1249e-14 1.16823e-15)
(-5.14022e-14 6.1249e-14 0)
(-1.86917e-14 1.91403e-14 0)
(-1.40188e-14 1.91403e-14 0)
(-1.5187e-14 1.53123e-14 -1.16823e-15)
(-1.5187e-14 1.14842e-14 -1.16823e-15)
(-3.5047e-15 0 0)
(-3.5047e-15 3.82806e-15 1.16823e-15)
(-2.33646e-15 3.82806e-15 0)
(-2.33646e-15 3.82806e-15 0)
(-2.33646e-15 -3.82806e-15 5.84116e-16)
(-1.16823e-15 7.65613e-15 1.16823e-15)
(-2.33646e-15 0 -1.16823e-15)
(-1.16823e-15 0 0)
(2.33646e-15 0 0)
(-2.33646e-15 -3.82806e-15 0)
(0 0 0)
(0 0 0)
(0 0 0)
(2.33646e-15 0 0)
(0 -3.82806e-15 -5.84116e-16)
(0 0 5.84116e-16)
(0 0 0)
(-3.82806e-15 0 -1.16823e-15)
(3.82806e-15 -1.16823e-15 0)
(0 1.16823e-15 5.84116e-16)
(0 0 1.16823e-15)
(0 -1.16823e-15 5.84116e-16)
(7.65613e-15 -2.33646e-15 1.16823e-15)
(3.82806e-15 3.5047e-15 0)
(0 0 0)
(0 -1.16823e-15 -5.84116e-16)
(3.82806e-15 1.16823e-15 0)
(-3.82806e-15 4.67293e-15 0)
(-7.65613e-15 -2.33646e-15 0)
(0 -2.33646e-15 0)
(0 0 5.84116e-16)
(3.82806e-15 0 1.16823e-15)
(3.82806e-15 -1.16823e-15 -5.84116e-16)
(3.82806e-15 0 0)
(0 0 1.75235e-15)
(7.65613e-15 0 -1.16823e-15)
(0 1.16823e-15 0)
(0 0 0)
(0 0 0)
(0 0 0)
(0 -1.16823e-15 5.84116e-16)
(3.82806e-15 0 0)
(-7.65613e-15 1.16823e-15 1.16823e-15)
(0 0 1.16823e-15)
(-7.65613e-15 0 1.16823e-15)
(0 -1.16823e-15 0)
(0 0 0)
(0 0 0)
(3.82806e-15 -1.16823e-15 0)
(0 1.16823e-15 -1.16823e-15)
(-3.82806e-15 0 -1.16823e-15)
(0 0 0)
(-3.82806e-15 0 -5.84116e-16)
(3.82806e-15 -1.16823e-15 0)
(0 1.16823e-15 -1.75235e-15)
(0 0 0)
(3.82806e-15 -1.16823e-15 0)
(0 1.16823e-15 0)
(0 0 0)
(0 0 0)
(0 0 -1.16823e-15)
(3.82806e-15 -3.5047e-15 0)
(1.14842e-14 0 0)
(0 3.5047e-15 0)
(0 0 5.84116e-16)
(0 0 0)
(0 0 -5.84116e-16)
(0 0 0)
(0 0 0)
(0 0 0)
(0 0 1.75235e-15)
(3.82806e-15 0 0)
(0 -1.16823e-15 0)
(0 -2.33646e-15 0)
(3.82806e-15 2.33646e-15 0)
(-3.82806e-15 0 1.16823e-15)
(0 -2.33646e-15 0)
(3.82806e-15 0 0)
(3.82806e-15 2.33646e-15 -5.84116e-16)
(-3.82806e-15 0 1.16823e-15)
(0 0 0)
(0 0 0)
(0 0 0)
(3.82806e-15 0 5.84116e-16)
(0 -1.16823e-15 -5.84116e-16)
(7.65613e-15 0 1.16823e-15)
(0 0 0)
(1.14842e-14 1.16823e-15 1.16823e-15)
(3.82806e-15 -1.16823e-15 -5.84116e-16)
(3.82806e-15 1.16823e-15 -5.84116e-16)
(0 0 0)
(0 -1.16823e-15 0)
(3.82806e-15 0 0)
(0 1.16823e-15 5.84116e-16)
(0 0 0)
(3.82806e-15 0 1.16823e-15)
(0 0 5.84116e-16)
(0 0 5.84116e-16)
(0 0 -5.84116e-16)
(3.82806e-15 0 0)
(0 0 5.84116e-16)
(3.82806e-15 0 -5.84116e-16)
(0 0 0)
(3.82806e-15 0 0)
(0 -1.16823e-15 0)
(0 -2.33646e-15 0)
(7.65613e-15 0 -1.16823e-15)
(0 2.33646e-15 0)
(0 0 0)
(3.82806e-15 0 0)
(0 0 0)
(3.82806e-15 0 0)
(-0.0534503 -0.0766813 5.85335e-08)
(-0.0534505 -0.0766818 1.39906e-07)
(-0.0534507 -0.0766824 1.67184e-07)
(-0.053451 -0.0766831 8.58115e-08)
(-0.0163397 -0.0281472 3.38339e-08)
(-0.0163398 -0.0281474 7.82766e-08)
(-0.0163399 -0.0281478 8.79677e-08)
(-0.01634 -0.0281482 4.3525e-08)
(-0.00584956 -0.0113225 1.98183e-08)
(-0.0058496 -0.0113227 4.64083e-08)
(-0.00584966 -0.0113229 5.08648e-08)
(-0.00584972 -0.0113231 2.42748e-08)
(-0.00232775 -0.00474895 1.12288e-08)
(-0.00232778 -0.00474904 2.70786e-08)
(-0.00232782 -0.00474916 2.9852e-08)
(-0.00232785 -0.00474928 1.40022e-08)
(-0.000975878 -0.00201153 6.08136e-09)
(-0.000975894 -0.00201157 1.51033e-08)
(-0.000975916 -0.00201165 1.68631e-08)
(-0.000975936 -0.00201171 7.84113e-09)
(-0.000415538 -0.000845437 3.14578e-09)
(-0.000415547 -0.000845462 7.99633e-09)
(-0.00041556 -0.000845501 9.01163e-09)
(-0.000415572 -0.000845534 4.16108e-09)
(-0.000176035 -0.000349373 1.55538e-09)
(-0.000176039 -0.000349385 4.02361e-09)
(-0.000176047 -0.000349405 4.55235e-09)
(-0.000176053 -0.000349422 2.08413e-09)
(-7.33928e-05 -0.000141298 7.36834e-10)
(-7.33952e-05 -0.000141304 1.9298e-09)
(-7.33991e-05 -0.000141314 2.18246e-09)
(-7.34023e-05 -0.000141322 9.8949e-10)
(-2.99501e-05 -5.58016e-05 3.34952e-10)
(-2.99512e-05 -5.58043e-05 8.85244e-10)
(-2.99531e-05 -5.58087e-05 9.97618e-10)
(-2.99547e-05 -5.58123e-05 4.47326e-10)
(-1.1931e-05 -2.1498e-05 1.46462e-10)
(-1.19315e-05 -2.14992e-05 3.89483e-10)
(-1.19324e-05 -2.15012e-05 4.36547e-10)
(-1.19332e-05 -2.15027e-05 1.93525e-10)
(-4.63437e-06 -8.07763e-06 6.16844e-11)
(-4.63462e-06 -8.07812e-06 1.64797e-10)
(-4.63502e-06 -8.07895e-06 1.83491e-10)
(-4.63534e-06 -8.07959e-06 8.0379e-11)
(-1.75469e-06 -2.96055e-06 2.50761e-11)
(-1.7548e-06 -2.96075e-06 6.71967e-11)
(-1.75497e-06 -2.96108e-06 7.42785e-11)
(-1.75511e-06 -2.96134e-06 3.21579e-11)
(-6.47697e-07 -1.05886e-06 9.84995e-12)
(-6.4774e-07 -1.05894e-06 2.64558e-11)
(-6.47811e-07 -1.05907e-06 2.90212e-11)
(-6.47866e-07 -1.05917e-06 1.24154e-11)
(-2.33177e-07 -3.69757e-07 3.74594e-12)
(-2.33194e-07 -3.69787e-07 1.00719e-11)
(-2.33222e-07 -3.69838e-07 1.09627e-11)
(-2.33244e-07 -3.69875e-07 4.63671e-12)
(-8.19205e-08 -1.26149e-07 1.38027e-12)
(-8.1927e-08 -1.2616e-07 3.71439e-12)
(-8.1938e-08 -1.26178e-07 4.00937e-12)
(-8.19461e-08 -1.26192e-07 1.677e-12)
(-2.81048e-08 -4.20751e-08 4.92994e-13)
(-2.81073e-08 -4.2079e-08 1.32711e-12)
(-2.81113e-08 -4.20857e-08 1.42115e-12)
(-2.81143e-08 -4.20904e-08 5.86453e-13)
(-9.42234e-09 -1.37292e-08 1.71146e-13)
(-9.42321e-09 -1.37305e-08 4.60283e-13)
(-9.42469e-09 -1.37329e-08 4.88321e-13)
(-9.42573e-09 -1.37345e-08 1.99768e-13)
(-3.08917e-09 -4.38572e-09 5.84116e-14)
(-3.08947e-09 -4.38619e-09 1.55959e-13)
(-3.08999e-09 -4.38697e-09 1.618e-13)
(-3.09034e-09 -4.38749e-09 6.60051e-14)
(-9.91162e-10 -1.37251e-09 1.98599e-14)
(-9.91267e-10 -1.37266e-09 5.08181e-14)
(-9.91441e-10 -1.37292e-09 5.25704e-14)
(-9.9156e-10 -1.37308e-09 2.10282e-14)
(-3.11446e-10 -4.21075e-10 5.84116e-15)
(-3.11481e-10 -4.21121e-10 1.63553e-14)
(-3.11539e-10 -4.21206e-10 1.63553e-14)
(-3.11576e-10 -4.21255e-10 6.42528e-15)
(-9.59095e-11 -1.26728e-10 1.75235e-15)
(-9.592e-11 -1.26736e-10 3.5047e-15)
(-9.59364e-11 -1.26762e-10 5.84116e-15)
(-9.59481e-11 -1.26778e-10 2.33646e-15)
(-2.89698e-11 -3.74308e-11 1.16823e-15)
(-2.89687e-11 -3.74385e-11 2.92058e-15)
(-2.89733e-11 -3.74499e-11 1.75235e-15)
(-2.89803e-11 -3.74576e-11 1.16823e-15)
(-8.58417e-12 -1.08602e-11 1.16823e-15)
(-8.583e-12 -1.08679e-11 1.75235e-15)
(-8.58767e-12 -1.08717e-11 -1.16823e-15)
(-8.59001e-12 -1.08602e-11 -1.75235e-15)
(-2.49768e-12 -3.09308e-12 5.84116e-16)
(-2.50119e-12 -3.10073e-12 1.16823e-15)
(-2.50235e-12 -3.0969e-12 -1.16823e-15)
(-2.49651e-12 -3.0969e-12 0)
(-7.16126e-13 -8.65142e-13 0)
(-7.1379e-13 -8.65142e-13 0)
(-7.1379e-13 -8.6897e-13 1.16823e-15)
(-7.14958e-13 -8.72798e-13 1.16823e-15)
(-2.00936e-13 -2.33512e-13 1.16823e-15)
(-2.03272e-13 -2.41168e-13 0)
(-2.02104e-13 -2.3734e-13 0)
(-2.00936e-13 -2.3734e-13 0)
(-5.72434e-14 -5.74209e-14 1.16823e-15)
(-5.60751e-14 -6.1249e-14 5.84116e-16)
(-5.37387e-14 -5.74209e-14 0)
(-5.60751e-14 -6.50771e-14 1.16823e-15)
(-1.5187e-14 -3.82806e-15 5.84116e-16)
(-1.5187e-14 -1.53123e-14 2.92058e-15)
(-1.5187e-14 -2.29684e-14 0)
(-1.75235e-14 -1.53123e-14 -5.84116e-16)
(0 3.82806e-15 1.16823e-15)
(-3.5047e-15 0 0)
(-4.67293e-15 -3.82806e-15 1.16823e-15)
(-3.5047e-15 0 -1.16823e-15)
(0 0 0)
(0 0 0)
(0 -3.82806e-15 0)
(-2.33646e-15 3.82806e-15 -1.16823e-15)
(0 0 0)
(0 0 0)
(-1.16823e-15 -3.82806e-15 0)
(0 3.82806e-15 -1.16823e-15)
(0 3.82806e-15 0)
(0 3.82806e-15 1.16823e-15)
(0 0 0)
(2.33646e-15 0 0)
(-0.167285 -0.0229151 4.65545e-08)
(-0.150288 -0.00528631 2.04515e-08)
(-0.14614 -0.00127846 1.20401e-08)
(-0.145174 -0.000206502 5.51118e-09)
(-0.145314 0.000372808 1.8732e-08)
(-0.146665 0.00157464 -1.13684e-09)
(-0.151613 0.00599254 2.71754e-08)
(-0.170635 0.0249722 9.12791e-09)
(-0.167286 -0.0229153 9.93838e-08)
(-0.150288 -0.00528638 3.73999e-08)
(-0.14614 -0.00127849 8.56605e-09)
(-0.145174 -0.000206488 -6.89834e-09)
(-0.145314 0.000372795 1.16512e-09)
(-0.146665 0.00157465 -3.45413e-08)
(-0.151613 0.00599256 5.77969e-09)
(-0.170635 0.0249719 -3.01235e-08)
(-0.167286 -0.0229156 8.92002e-08)
(-0.150288 -0.00528649 -1.37962e-08)
(-0.14614 -0.00127855 -4.86176e-08)
(-0.145174 -0.000206517 -6.40013e-08)
(-0.145314 0.000372753 -1.19569e-07)
(-0.146665 0.00157465 -1.17958e-07)
(-0.151613 0.00599255 -1.78094e-07)
(-0.170635 0.024972 -1.72781e-07)
(-0.167286 -0.022916 3.63709e-08)
(-0.150288 -0.00528665 -3.07446e-08)
(-0.14614 -0.00127859 -4.51436e-08)
(-0.145174 -0.00020663 -5.15918e-08)
(-0.145313 0.000372687 -1.02002e-07)
(-0.146664 0.00157454 -8.45538e-08)
(-0.151611 0.00599245 -1.56698e-07)
(-0.170634 0.0249727 -1.33529e-07)
(-0.0553208 0.080863 -8.16403e-08)
(-0.0553206 0.0808623 -5.19432e-08)
(-0.0553206 0.0808626 1.90173e-07)
(-0.0553206 0.0808638 1.60476e-07)
(-0.0171233 0.0302183 -4.68353e-08)
(-0.0171232 0.0302179 -1.63674e-08)
(-0.0171232 0.0302182 1.95993e-07)
(-0.0171233 0.0302195 1.65525e-07)
(-0.00623799 0.0123698 -2.39276e-08)
(-0.00623792 0.0123696 1.24335e-11)
(-0.00623795 0.0123698 1.49474e-07)
(-0.00623812 0.0123708 1.25534e-07)
(-0.00252802 0.00526637 -1.1256e-08)
(-0.00252798 0.00526628 5.02591e-09)
(-0.00252801 0.00526641 9.54695e-08)
(-0.00252817 0.00526705 7.91877e-08)
(-0.00107712 0.00225773 -4.95868e-09)
(-0.0010771 0.00225769 4.99937e-09)
(-0.00107712 0.00225777 5.47674e-08)
(-0.00107724 0.00225813 4.48093e-08)
(-0.000464756 0.000957888 -2.05085e-09)
(-0.000464748 0.000957871 3.52989e-09)
(-0.000464762 0.000957916 2.91726e-08)
(-0.000464828 0.000958105 2.35918e-08)
(-0.000198941 0.000398704 -7.99276e-10)
(-0.000198938 0.000398698 2.11975e-09)
(-0.000198946 0.000398721 1.46618e-08)
(-0.000198982 0.000398815 1.17428e-08)
(-8.36063e-05 0.000162123 -2.90557e-10)
(-8.36049e-05 0.00016212 1.14483e-09)
(-8.36094e-05 0.000162132 7.01287e-09)
(-8.36278e-05 0.000162176 5.57748e-09)
(-3.43224e-05 6.42787e-05 -9.83313e-11)
(-3.43219e-05 6.42779e-05 5.72067e-10)
(-3.43242e-05 6.42832e-05 3.20863e-09)
(-3.43331e-05 6.43036e-05 2.53823e-09)
(-1.37327e-05 2.48328e-05 -3.00434e-11)
(-1.37325e-05 2.48326e-05 2.67954e-10)
(-1.37336e-05 2.4835e-05 1.40896e-09)
(-1.37377e-05 2.48439e-05 1.11096e-09)
(-5.35073e-06 9.3479e-06 -8.06781e-12)
(-5.35067e-06 9.34784e-06 1.18878e-10)
(-5.35116e-06 9.34885e-06 5.95384e-10)
(-5.353e-06 9.3526e-06 4.68438e-10)
(-2.03013e-06 3.42992e-06 -1.62793e-12)
(-2.03012e-06 3.4299e-06 5.01802e-11)
(-2.03033e-06 3.43032e-06 2.42556e-10)
(-2.03112e-06 3.43184e-06 1.90745e-10)
(-7.50322e-07 1.22737e-06 -1.01636e-13)
(-7.50318e-07 1.22737e-06 2.02677e-11)
(-7.50407e-07 1.22753e-06 9.54557e-11)
(-7.50731e-07 1.22813e-06 7.50864e-11)
(-2.70295e-07 4.28628e-07 1.40772e-13)
(-2.70295e-07 4.28629e-07 7.84351e-12)
(-2.7033e-07 4.2869e-07 3.63314e-11)
(-2.70459e-07 4.28919e-07 2.86293e-11)
(-9.49744e-08 1.46188e-07 1.03389e-13)
(-9.49745e-08 1.46189e-07 2.92058e-12)
(-9.4988e-08 1.46212e-07 1.33973e-11)
(-9.50376e-08 1.46296e-07 1.05813e-11)
(-3.25751e-08 4.87302e-08 5.19863e-14)
(-3.25753e-08 4.87307e-08 1.04382e-12)
(-3.25802e-08 4.87386e-08 4.79092e-12)
(-3.25988e-08 4.8769e-08 3.79617e-12)
(-1.0915e-08 1.58879e-08 2.04441e-14)
(-1.09151e-08 1.5888e-08 3.59816e-13)
(-1.09168e-08 1.58907e-08 1.66415e-12)
(-1.09235e-08 1.59013e-08 1.32419e-12)
(-3.57571e-09 5.07033e-09 8.76174e-15)
(-3.57575e-09 5.0704e-09 1.18576e-13)
(-3.57636e-09 5.07127e-09 5.56663e-13)
(-3.57871e-09 5.07486e-09 4.49185e-13)
(-1.14616e-09 1.585e-09 1.75235e-15)
(-1.14618e-09 1.58502e-09 3.62152e-14)
(-1.14638e-09 1.58529e-09 1.82828e-13)
(-1.14718e-09 1.58648e-09 1.47197e-13)
(-3.59755e-10 4.85686e-10 0)
(-3.59759e-10 4.85689e-10 1.05141e-14)
(-3.59823e-10 4.85766e-10 5.66593e-14)
(-3.60089e-10 4.86145e-10 4.78975e-14)
(-1.10656e-10 1.45983e-10 -5.84116e-16)
(-1.10656e-10 1.45979e-10 1.75235e-15)
(-1.10675e-10 1.46002e-10 1.81076e-14)
(-1.1076e-10 1.46121e-10 1.46029e-14)
(-3.33752e-11 4.30657e-11 0)
(-3.33776e-11 4.30619e-11 0)
(-3.33811e-11 4.30695e-11 5.84116e-15)
(-3.34114e-11 4.3104e-11 4.08881e-15)
(-9.87623e-12 1.24795e-11 0)
(-9.8774e-12 1.24757e-11 -1.16823e-15)
(-9.88208e-12 1.24757e-11 1.16823e-15)
(-9.88792e-12 1.24795e-11 0)
(-2.87268e-12 3.55627e-12 -5.84116e-16)
(-2.87151e-12 3.54861e-12 -1.16823e-15)
(-2.87151e-12 3.54479e-12 0)
(-2.87268e-12 3.55244e-12 1.16823e-15)
(-8.23604e-13 9.91468e-13 0)
(-8.21267e-13 9.8764e-13 -1.16823e-15)
(-8.18931e-13 9.8764e-13 0)
(-8.22435e-13 9.8764e-13 0)
(-2.30142e-13 2.64136e-13 0)
(-2.27805e-13 2.67964e-13 1.16823e-15)
(-2.27805e-13 2.67964e-13 -1.16823e-15)
(-2.30142e-13 2.60308e-13 -5.84116e-16)
(-6.30845e-14 6.89051e-14 5.84116e-16)
(-6.30845e-14 7.65613e-14 1.16823e-15)
(-6.30845e-14 7.65613e-14 -1.16823e-15)
(-6.07481e-14 6.89051e-14 -5.84116e-16)
(-1.63553e-14 1.14842e-14 0)
(-1.86917e-14 1.53123e-14 1.16823e-15)
(-2.10282e-14 1.14842e-14 0)
(-1.5187e-14 1.53123e-14 0)
(-2.33646e-15 7.65613e-15 0)
(-4.67293e-15 3.82806e-15 -1.16823e-15)
(-2.33646e-15 0 0)
(-4.67293e-15 7.65613e-15 1.16823e-15)
(-2.33646e-15 0 0)
(-1.16823e-15 -3.82806e-15 -5.84116e-16)
(0 0 5.84116e-16)
(-1.16823e-15 0 0)
(0 0 0)
(0 -3.82806e-15 -5.84116e-16)
(-1.16823e-15 -3.82806e-15 5.84116e-16)
(0 0 0)
(0 -3.82806e-15 0)
(1.16823e-15 -3.82806e-15 0)
(1.16823e-15 0 5.84116e-16)
(0 0 0)
(-0.0553235 -0.0808799 4.14477e-08)
(-0.0553236 -0.0808802 3.95927e-08)
(-0.0553236 -0.0808802 -7.26582e-08)
(-0.0553232 -0.0808796 -7.08031e-08)
(-0.0171254 -0.030231 2.53339e-08)
(-0.0171255 -0.0302312 2.86163e-08)
(-0.0171255 -0.0302312 -2.8805e-08)
(-0.0171254 -0.0302309 -3.20874e-08)
(-0.00623992 -0.0123781 1.53378e-08)
(-0.00623995 -0.0123783 2.08742e-08)
(-0.00623995 -0.0123783 -8.28293e-09)
(-0.00623989 -0.0123782 -1.38194e-08)
(-0.00252942 -0.00527131 8.87372e-09)
(-0.00252944 -0.00527138 1.41406e-08)
(-0.00252945 -0.00527142 3.77449e-10)
(-0.00252942 -0.00527138 -4.88948e-09)
(-0.001078 -0.00226044 4.88158e-09)
(-0.00107802 -0.00226048 8.77246e-09)
(-0.00107802 -0.00226051 2.6898e-09)
(-0.00107801 -0.0022605 -1.20109e-09)
(-0.000465261 -0.000959295 2.55977e-09)
(-0.000465268 -0.000959315 5.02312e-09)
(-0.000465273 -0.000959335 2.46798e-09)
(-0.00046527 -0.000959335 4.63146e-12)
(-0.000199211 -0.000399398 1.28155e-09)
(-0.000199215 -0.000399408 2.68459e-09)
(-0.000199219 -0.000399419 1.65189e-09)
(-0.000199218 -0.000399421 2.48852e-10)
(-8.37428e-05 -0.00016245 6.14361e-10)
(-8.37448e-05 -0.000162455 1.35075e-09)
(-8.37468e-05 -0.000162461 9.4623e-10)
(-8.37471e-05 -0.000162462 2.09844e-10)
(-3.43881e-05 -6.44269e-05 2.82389e-10)
(-3.43891e-05 -6.44291e-05 6.44344e-10)
(-3.43902e-05 -6.4432e-05 4.89931e-10)
(-3.43905e-05 -6.4433e-05 1.27975e-10)
(-1.3763e-05 -2.48974e-05 1.24772e-10)
(-1.37634e-05 -2.48984e-05 2.92851e-10)
(-1.3764e-05 -2.48997e-05 2.35225e-10)
(-1.37642e-05 -2.49003e-05 6.71471e-11)
(-5.36411e-06 -9.37502e-06 5.305e-11)
(-5.36432e-06 -9.37544e-06 1.27343e-10)
(-5.36459e-06 -9.37604e-06 1.0625e-10)
(-5.3647e-06 -9.37629e-06 3.19576e-11)
(-2.03583e-06 -3.44092e-06 2.17542e-11)
(-2.03592e-06 -3.44109e-06 5.3137e-11)
(-2.03604e-06 -3.44134e-06 4.55476e-11)
(-2.0361e-06 -3.44146e-06 1.41636e-11)
(-7.52662e-07 -1.23169e-06 8.61162e-12)
(-7.52699e-07 -1.23176e-06 2.13366e-11)
(-7.52751e-07 -1.23186e-06 1.86415e-11)
(-7.52775e-07 -1.23191e-06 5.9171e-12)
(-2.71224e-07 -4.30272e-07 3.29675e-12)
(-2.71239e-07 -4.30299e-07 8.26115e-12)
(-2.7126e-07 -4.30338e-07 7.31547e-12)
(-2.7127e-07 -4.30357e-07 2.35107e-12)
(-9.5331e-08 -1.46796e-07 1.22139e-12)
(-9.53367e-08 -1.46806e-07 3.08939e-12)
(-9.53453e-08 -1.46821e-07 2.75995e-12)
(-9.53493e-08 -1.46828e-07 8.92529e-13)
(-3.2708e-08 -4.89483e-08 4.38087e-13)
(-3.27101e-08 -4.89518e-08 1.11625e-12)
(-3.27134e-08 -4.89573e-08 1.00468e-12)
(-3.27149e-08 -4.89599e-08 3.26521e-13)
(-1.0963e-08 -1.5964e-08 1.53038e-13)
(-1.09638e-08 -1.59653e-08 3.89605e-13)
(-1.0965e-08 -1.59671e-08 3.5047e-13)
(-1.09656e-08 -1.59681e-08 1.14487e-13)
(-3.59261e-09 -5.09625e-09 5.08181e-14)
(-3.59288e-09 -5.09665e-09 1.3201e-13)
(-3.5933e-09 -5.0973e-09 1.19744e-13)
(-3.59351e-09 -5.09761e-09 3.73834e-14)
(-1.15195e-09 -1.59359e-09 1.63553e-14)
(-1.15204e-09 -1.59372e-09 4.32246e-14)
(-1.15218e-09 -1.59394e-09 3.91358e-14)
(-1.15225e-09 -1.59404e-09 1.22664e-14)
(-3.61684e-10 -4.88461e-10 4.08881e-15)
(-3.61712e-10 -4.88495e-10 1.34347e-14)
(-3.61763e-10 -4.88568e-10 1.34347e-14)
(-3.61786e-10 -4.88599e-10 3.5047e-15)
(-1.11282e-10 -1.46856e-10 1.16823e-15)
(-1.11289e-10 -1.46867e-10 4.08881e-15)
(-1.11304e-10 -1.46887e-10 3.5047e-15)
(-1.11308e-10 -1.46894e-10 1.16823e-15)
(-3.3575e-11 -4.33337e-11 1.16823e-15)
(-3.35785e-11 -4.33413e-11 5.84116e-16)
(-3.35808e-11 -4.33452e-11 2.33646e-15)
(-3.3582e-11 -4.33566e-11 1.75235e-15)
(-9.94166e-12 -1.2556e-11 0)
(-9.94166e-12 -1.2556e-11 1.16823e-15)
(-9.94049e-12 -1.25675e-11 1.75235e-15)
(-9.94282e-12 -1.25675e-11 0)
(-2.89021e-12 -3.57158e-12 0)
(-2.89021e-12 -3.57158e-12 1.16823e-15)
(-2.88904e-12 -3.58307e-12 1.75235e-15)
(-2.88904e-12 -3.5869e-12 1.16823e-15)
(-8.24772e-13 -9.95296e-13 0)
(-8.22435e-13 -9.99124e-13 2.33646e-15)
(-8.28277e-13 -1.00678e-12 5.84116e-16)
(-8.28277e-13 -1.01061e-12 1.16823e-15)
(-2.33646e-13 -2.67964e-13 1.75235e-15)
(-2.3131e-13 -2.79449e-13 0)
(-2.33646e-13 -2.71792e-13 0)
(-2.35983e-13 -2.75621e-13 0)
(-6.30845e-14 -6.1249e-14 1.75235e-15)
(-6.5421e-14 -7.65613e-14 1.75235e-15)
(-6.07481e-14 -7.65613e-14 -5.84116e-16)
(-6.42528e-14 -6.89051e-14 -1.16823e-15)
(-1.5187e-14 -1.53123e-14 0)
(-1.75235e-14 -1.91403e-14 1.16823e-15)
(-1.98599e-14 -1.91403e-14 -1.16823e-15)
(-1.98599e-14 -1.14842e-14 -1.16823e-15)
(-4.67293e-15 0 0)
(-3.5047e-15 -3.82806e-15 1.16823e-15)
(-3.5047e-15 -3.82806e-15 0)
(-1.16823e-15 0 -1.16823e-15)
(0 3.82806e-15 0)
(-3.5047e-15 0 5.84116e-16)
(0 -3.82806e-15 1.16823e-15)
(1.16823e-15 -3.82806e-15 0)
(0 0 0)
(0 3.82806e-15 -5.84116e-16)
(-3.5047e-15 0 5.84116e-16)
(-1.16823e-15 0 0)
(0 0 0)
(1.16823e-15 0 0)
(1.16823e-15 3.82806e-15 0)
(0 -3.82806e-15 1.16823e-15)
(-0.170642 -0.0249782 2.56301e-08)
(-0.151612 -0.00599469 8.57011e-09)
(-0.146663 -0.00157515 4.63531e-09)
(-0.145312 -0.000373107 2.65505e-09)
(-0.145171 0.000205927 1.57937e-08)
(-0.146135 0.00127714 3.04711e-09)
(-0.150279 0.0052828 2.4935e-08)
(-0.167266 0.0229066 2.6319e-08)
(-0.170642 -0.0249783 -1.12916e-08)
(-0.151612 -0.00599473 -2.02003e-08)
(-0.146663 -0.00157516 -2.13678e-08)
(-0.145312 -0.000373085 -1.47409e-08)
(-0.145171 0.000205927 7.9182e-09)
(-0.146135 0.00127716 -8.2392e-10)
(-0.150279 0.00528284 5.59648e-08)
(-0.167267 0.0229063 9.26998e-08)
(-0.170642 -0.0249784 -1.66697e-07)
(-0.151612 -0.00599471 -1.43962e-07)
(-0.146663 -0.00157514 -1.08748e-07)
(-0.145311 -0.000373049 -7.45409e-08)
(-0.145171 0.000205954 -8.0218e-08)
(-0.146135 0.00127723 -2.65734e-08)
(-0.15028 0.00528298 5.88607e-09)
(-0.167267 0.0229067 1.51169e-07)
(-0.170641 -0.0249782 -1.29776e-07)
(-0.151611 -0.00599462 -1.15192e-07)
(-0.146662 -0.00157503 -8.27444e-08)
(-0.145311 -0.000373028 -5.71449e-08)
(-0.14517 0.000206023 -7.23425e-08)
(-0.146135 0.00127733 -2.27024e-08)
(-0.150279 0.0052832 -2.51437e-08)
(-0.167268 0.022908 8.47879e-08)
(-0.0534433 0.0766576 -6.26395e-08)
(-0.0534432 0.0766571 5.44662e-08)
(-0.0534435 0.0766581 4.53777e-07)
(-0.0534442 0.0766608 3.36671e-07)
(-0.016336 0.0281321 -3.57176e-08)
(-0.016336 0.0281319 3.65316e-08)
(-0.0163361 0.0281324 3.16036e-07)
(-0.0163365 0.0281344 2.43786e-07)
(-0.00584707 0.0113135 -1.72797e-08)
(-0.00584702 0.0113133 2.7503e-08)
(-0.00584711 0.0113137 2.05289e-07)
(-0.00584741 0.011315 1.60506e-07)
(-0.00232616 0.00474386 -7.43467e-09)
(-0.00232613 0.0047438 1.91033e-08)
(-0.00232619 0.00474401 1.20828e-07)
(-0.00232641 0.00474476 9.42901e-08)
(-0.000974942 0.00200884 -2.87931e-09)
(-0.000974929 0.00200882 1.19544e-08)
(-0.000974967 0.00200894 6.57852e-08)
(-0.000975104 0.00200934 5.09515e-08)
(-0.000415029 0.000844089 -9.86211e-10)
(-0.000415023 0.000844081 6.82047e-09)
(-0.000415045 0.000844143 3.37191e-08)
(-0.000415122 0.00084435 2.59124e-08)
(-0.000175772 0.000348725 -2.82833e-10)
(-0.000175771 0.000348723 3.61179e-09)
(-0.000175782 0.000348754 1.64339e-08)
(-0.000175823 0.000348854 1.25393e-08)
(-7.32641e-05 0.000140999 -5.29554e-11)
(-7.32636e-05 0.000140999 1.79399e-09)
(-7.32697e-05 0.000141013 7.66505e-09)
(-7.32896e-05 0.00014106 5.81811e-09)
(-2.98896e-05 5.56685e-05 6.22142e-12)
(-2.98894e-05 5.56685e-05 8.44078e-10)
(-2.98924e-05 5.56752e-05 3.43381e-09)
(-2.99018e-05 5.5696e-05 2.59595e-09)
(-1.19037e-05 2.14408e-05 1.39954e-11)
(-1.19036e-05 2.14409e-05 3.77994e-10)
(-1.1905e-05 2.14438e-05 1.48165e-09)
(-1.19093e-05 2.14528e-05 1.11765e-09)
(-4.62246e-06 8.05384e-06 9.82191e-12)
(-4.62248e-06 8.05392e-06 1.6201e-10)
(-4.62308e-06 8.05513e-06 6.16955e-10)
(-4.62494e-06 8.05885e-06 4.64765e-10)
(-1.74968e-06 2.95097e-06 5.37562e-12)
(-1.74969e-06 2.95101e-06 6.66038e-11)
(-1.74995e-06 2.9515e-06 2.48321e-10)
(-1.75073e-06 2.953e-06 1.87095e-10)
(-6.45657e-07 1.05512e-06 2.56193e-12)
(-6.45665e-07 1.05514e-06 2.63582e-11)
(-6.4577e-07 1.05533e-06 9.67483e-11)
(-6.46089e-07 1.05591e-06 7.29497e-11)
(-2.32373e-07 3.6834e-07 1.12267e-12)
(-2.32377e-07 3.68349e-07 1.00515e-11)
(-2.32418e-07 3.68421e-07 3.65283e-11)
(-2.32544e-07 3.68642e-07 2.75995e-11)
(-8.16131e-08 1.25627e-07 4.57947e-13)
(-8.1615e-08 1.2563e-07 3.7033e-12)
(-8.16306e-08 1.25656e-07 1.33833e-11)
(-8.16785e-08 1.25737e-07 1.01368e-11)
(-2.79907e-08 4.18881e-08 1.76987e-13)
(-2.79915e-08 4.18895e-08 1.31777e-12)
(-2.79972e-08 4.18986e-08 4.75996e-12)
(-2.8015e-08 4.19276e-08 3.6186e-12)
(-9.38115e-09 1.36639e-08 6.48369e-14)
(-9.38145e-09 1.36644e-08 4.53858e-13)
(-9.38348e-09 1.36675e-08 1.64721e-12)
(-9.38986e-09 1.36776e-08 1.25702e-12)
(-3.07469e-09 4.36352e-09 2.39488e-14)
(-3.07481e-09 4.3637e-09 1.51286e-13)
(-3.07551e-09 4.36473e-09 5.54326e-13)
(-3.07774e-09 4.36814e-09 4.26405e-13)
(-9.86209e-10 1.36514e-09 7.59351e-15)
(-9.86248e-10 1.3652e-09 4.90658e-14)
(-9.86482e-10 1.36553e-09 1.8166e-13)
(-9.87243e-10 1.36665e-09 1.40772e-13)
(-3.09789e-10 4.18679e-10 3.5047e-15)
(-3.09803e-10 4.1871e-10 1.46029e-14)
(-3.09882e-10 4.18798e-10 5.72434e-14)
(-3.10134e-10 4.19169e-10 4.73134e-14)
(-9.53721e-11 1.25974e-10 0)
(-9.5378e-11 1.25982e-10 2.92058e-15)
(-9.54013e-11 1.26001e-10 1.75235e-14)
(-9.5482e-11 1.26112e-10 1.34347e-14)
(-2.87969e-11 3.71973e-11 0)
(-2.87981e-11 3.72011e-11 5.84116e-16)
(-2.88016e-11 3.71973e-11 5.84116e-15)
(-2.88273e-11 3.72471e-11 5.84116e-15)
(-8.53043e-12 1.07837e-11 0)
(-8.53043e-12 1.07875e-11 5.84116e-16)
(-8.53277e-12 1.07875e-11 2.33646e-15)
(-8.54211e-12 1.0799e-11 5.84116e-16)
(-2.48016e-12 3.07393e-12 0)
(-2.48249e-12 3.07393e-12 0)
(-2.48249e-12 3.07011e-12 1.16823e-15)
(-2.48249e-12 3.08159e-12 5.84116e-16)
(-7.10285e-13 8.57486e-13 0)
(-7.12622e-13 8.57486e-13 0)
(-7.07949e-13 8.57486e-13 1.16823e-15)
(-7.11453e-13 8.6897e-13 1.75235e-15)
(-1.95095e-13 2.3734e-13 -1.16823e-15)
(-1.95095e-13 2.29684e-13 0)
(-1.97431e-13 2.3734e-13 1.16823e-15)
(-2.00936e-13 2.3734e-13 0)
(-5.60751e-14 7.27332e-14 0)
(-5.60751e-14 7.27332e-14 0)
(-5.60751e-14 6.89051e-14 -1.75235e-15)
(-5.60751e-14 6.1249e-14 -5.84116e-16)
(-1.86917e-14 1.53123e-14 0)
(-1.86917e-14 1.14842e-14 -1.16823e-15)
(-1.63553e-14 1.14842e-14 0)
(-1.75235e-14 1.14842e-14 0)
(-4.67293e-15 0 0)
(-3.5047e-15 -3.82806e-15 0)
(-4.67293e-15 3.82806e-15 0)
(-3.5047e-15 -3.82806e-15 -5.84116e-16)
(0 0 0)
(1.16823e-15 0 0)
(-1.16823e-15 -3.82806e-15 0)
(2.33646e-15 0 0)
(0 0 0)
(0 0 -5.84116e-16)
(0 -7.65613e-15 0)
(0 0 5.84116e-16)
(0 0 0)
(0 -3.82806e-15 -5.84116e-16)
(1.16823e-15 0 5.84116e-16)
(0 0 0)
(-1.74166 -2.66633 7.60527e-08)
(-1.74166 -2.66633 8.2592e-08)
(-1.74166 -2.66633 -1.10336e-07)
(-1.74166 -2.66633 -1.16875e-07)
(-0.517455 -1.14206 1.42224e-07)
(-0.517455 -1.14206 1.73988e-07)
(-0.517455 -1.14207 -1.61847e-07)
(-0.517455 -1.14206 -1.93611e-07)
(-0.199296 -0.596511 1.71598e-07)
(-0.199296 -0.596512 2.21073e-07)
(-0.199296 -0.596512 -1.72864e-07)
(-0.199296 -0.596511 -2.22339e-07)
(-0.0975787 -0.344878 1.74242e-07)
(-0.0975787 -0.34488 2.31715e-07)
(-0.0975787 -0.34488 -1.64139e-07)
(-0.0975786 -0.344878 -2.21612e-07)
(-0.0554904 -0.206196 1.57302e-07)
(-0.0554905 -0.206197 2.14449e-07)
(-0.0554905 -0.206198 -1.41004e-07)
(-0.0554904 -0.206196 -1.9815e-07)
(-0.0336166 -0.122917 1.29128e-07)
(-0.0336168 -0.122918 1.80447e-07)
(-0.0336168 -0.122918 -1.08699e-07)
(-0.0336166 -0.122917 -1.60018e-07)
(-0.0205807 -0.0717293 9.7708e-08)
(-0.0205809 -0.0717301 1.40669e-07)
(-0.0205809 -0.0717305 -7.363e-08)
(-0.0205807 -0.0717295 -1.16591e-07)
(-0.0123898 -0.0405938 6.88624e-08)
(-0.0123899 -0.0405944 1.02955e-07)
(-0.0123899 -0.0405946 -4.22397e-08)
(-0.0123898 -0.040594 -7.63319e-08)
(-0.0072341 -0.0221703 4.55799e-08)
(-0.00723418 -0.0221707 7.13715e-08)
(-0.00723421 -0.0221709 -1.90844e-08)
(-0.00723411 -0.0221705 -4.4876e-08)
(-0.00406841 -0.0116574 2.85166e-08)
(-0.00406847 -0.0116576 4.70158e-08)
(-0.00406849 -0.0116578 -5.18625e-09)
(-0.00406843 -0.0116576 -2.36854e-08)
(-0.00219687 -0.00589665 1.69369e-08)
(-0.00219691 -0.00589678 2.94537e-08)
(-0.00219693 -0.00589688 1.31763e-09)
(-0.00219689 -0.00589679 -1.11992e-08)
(-0.0011379 -0.00286991 9.58222e-09)
(-0.00113792 -0.00286998 1.75395e-08)
(-0.00113794 -0.00287005 3.27403e-09)
(-0.00113792 -0.00287001 -4.68327e-09)
(-0.000565541 -0.00134505 5.17506e-09)
(-0.000565554 -0.0013451 9.93261e-09)
(-0.000565565 -0.00134513 3.08267e-09)
(-0.000565556 -0.00134512 -1.67488e-09)
(-0.000269992 -0.000607744 2.674e-09)
(-0.00027 -0.000607765 5.3528e-09)
(-0.000270007 -0.000607787 2.22116e-09)
(-0.000270003 -0.000607783 -4.57636e-10)
(-0.000123993 -0.000265085 1.32375e-09)
(-0.000123997 -0.000265096 2.74985e-09)
(-0.000124001 -0.000265107 1.3799e-09)
(-0.000124 -0.000265107 -4.62077e-11)
(-5.48655e-05 -0.000111773 6.29096e-10)
(-5.48676e-05 -0.000111778 1.34892e-09)
(-5.48698e-05 -0.000111784 7.7328e-10)
(-5.48696e-05 -0.000111785 5.34577e-11)
(-2.34304e-05 -4.56231e-05 2.87344e-10)
(-2.34314e-05 -4.56254e-05 6.3325e-10)
(-2.34326e-05 -4.56282e-05 4.00041e-10)
(-2.34326e-05 -4.56286e-05 5.41347e-11)
(-9.67259e-06 -1.80517e-05 1.2639e-10)
(-9.67306e-06 -1.80527e-05 2.85042e-10)
(-9.67361e-06 -1.8054e-05 1.93682e-10)
(-9.67368e-06 -1.80543e-05 3.50277e-11)
(-3.86602e-06 -6.93278e-06 5.35891e-11)
(-3.86623e-06 -6.93321e-06 1.23289e-10)
(-3.86649e-06 -6.93377e-06 8.85724e-11)
(-3.86654e-06 -6.93392e-06 1.88734e-11)
(-1.49826e-06 -2.58761e-06 2.19423e-11)
(-1.49835e-06 -2.58779e-06 5.13315e-11)
(-1.49847e-06 -2.58802e-06 3.85043e-11)
(-1.4985e-06 -2.58809e-06 9.11455e-12)
(-5.63789e-07 -9.39743e-07 8.68464e-12)
(-5.63827e-07 -9.39812e-07 2.06105e-11)
(-5.63876e-07 -9.39908e-07 1.59908e-11)
(-5.63891e-07 -9.3994e-07 4.06428e-12)
(-2.06263e-07 -3.32452e-07 3.32771e-12)
(-2.06278e-07 -3.32479e-07 7.99304e-12)
(-2.06299e-07 -3.32516e-07 6.36687e-12)
(-2.06305e-07 -3.3253e-07 1.70153e-12)
(-7.34576e-08 -1.14689e-07 1.23657e-12)
(-7.34634e-08 -1.14699e-07 2.99827e-12)
(-7.34714e-08 -1.14713e-07 2.43693e-12)
(-7.34743e-08 -1.14719e-07 6.74654e-13)
(-2.54954e-08 -3.86215e-08 4.45681e-13)
(-2.54976e-08 -3.86251e-08 1.08938e-12)
(-2.55006e-08 -3.86302e-08 8.98371e-13)
(-2.55018e-08 -3.86323e-08 2.55843e-13)
(-8.63313e-09 -1.27076e-08 1.54207e-13)
(-8.63391e-09 -1.27088e-08 3.82596e-13)
(-8.63504e-09 -1.27107e-08 3.21848e-13)
(-8.63549e-09 -1.27114e-08 9.17062e-14)
(-2.85494e-09 -4.08901e-09 5.25704e-14)
(-2.85521e-09 -4.08943e-09 1.30842e-13)
(-2.85562e-09 -4.09006e-09 1.10982e-13)
(-2.85578e-09 -4.09031e-09 3.15423e-14)
(-9.22917e-10 -1.28785e-09 1.69394e-14)
(-9.23013e-10 -1.28799e-09 4.32246e-14)
(-9.23156e-10 -1.2882e-09 3.85517e-14)
(-9.23211e-10 -1.28828e-09 1.05141e-14)
(-2.91919e-10 -3.97334e-10 5.84116e-15)
(-2.91948e-10 -3.9738e-10 1.22664e-14)
(-2.91997e-10 -3.97433e-10 1.16823e-14)
(-2.92018e-10 -3.97472e-10 4.67293e-15)
(-9.04188e-11 -1.20171e-10 1.16823e-15)
(-9.04305e-11 -1.20186e-10 4.67293e-15)
(-9.04422e-11 -1.20209e-10 4.08881e-15)
(-9.04504e-11 -1.20216e-10 1.16823e-15)
(-2.74429e-11 -3.56661e-11 0)
(-2.74476e-11 -3.56622e-11 -5.84116e-16)
(-2.7457e-11 -3.56661e-11 0)
(-2.7457e-11 -3.56622e-11 0)
(-8.17529e-12 -1.03894e-11 0)
(-8.17529e-12 -1.03932e-11 0)
(-8.17412e-12 -1.03817e-11 -1.16823e-15)
(-8.17295e-12 -1.03894e-11 1.16823e-15)
(-2.38787e-12 -2.96675e-12 0)
(-2.38787e-12 -2.96675e-12 0)
(-2.3867e-12 -2.97058e-12 1.16823e-15)
(-2.39137e-12 -2.97058e-12 0)
(-6.83416e-13 -8.38346e-13 0)
(-6.83416e-13 -8.38346e-13 -5.84116e-16)
(-6.88089e-13 -8.3069e-13 -2.33646e-15)
(-6.86921e-13 -8.26862e-13 0)
(-1.93927e-13 -2.29684e-13 0)
(-1.95095e-13 -2.29684e-13 0)
(-1.92758e-13 -2.25856e-13 -2.33646e-15)
(-1.92758e-13 -2.22028e-13 0)
(-5.49069e-14 -6.89051e-14 -1.75235e-15)
(-5.37387e-14 -5.74209e-14 -1.16823e-15)
(-5.60751e-14 -6.1249e-14 0)
(-5.37387e-14 -5.74209e-14 0)
(-1.75235e-14 -7.65613e-15 5.84116e-16)
(-1.5187e-14 -1.53123e-14 0)
(-1.5187e-14 -3.82806e-15 -1.75235e-15)
(-1.75235e-14 -3.82806e-15 0)
(-2.33646e-15 0 0)
(-4.67293e-15 -3.82806e-15 1.16823e-15)
(0 0 -1.75235e-15)
(-2.33646e-15 7.65613e-15 -1.16823e-15)
(0 0 0)
(0 3.82806e-15 -5.84116e-16)
(0 3.82806e-15 0)
(2.33646e-15 3.82806e-15 0)
(-1.16823e-15 0 0)
(0 0 0)
(0 0 0)
(0 3.82806e-15 -5.84116e-16)
(1.16823e-15 1.14842e-14 1.16823e-15)
(0 3.82806e-15 1.16823e-15)
(0 3.82806e-15 0)
(2.33646e-15 3.82806e-15 0)
)
;
    }
    front
    {
        type            symmetryPlane;
    }
    back
    {
        type            symmetryPlane;
    }
}


// ************************************************************************* //
