/*--------------------------------*- C++ -*----------------------------------*\
| =========                 |                                                 |
| \\      /  F ield         | OpenFOAM: The Open Source CFD Toolbox           |
|  \\    /   O peration     | Version:                                        |
|   \\  /    A nd           | Website:  www.openfoam.com                      |
|    \\/     M anipulation  |                                                 |
\*---------------------------------------------------------------------------*/
FoamFile
{
    version     2.0;
    format      ascii;
    class       volVectorField;
    location    "1.0";
    object      flux;
}
// * * * * * * * * * * * * * * * * * * * * * * * * * * * * * * * * * * * * * //

dimensions      [0 1 -1 1 0 0 0];


internalField   nonuniform List<vector> 
4352
(
(-1.731 1.69865 -6.36595e-09)
(-0.508433 0.931003 -1.25221e-08)
(-0.19313 0.573202 -1.43755e-08)
(-0.0947831 0.376216 -1.40018e-08)
(-0.0558568 0.253948 -1.24583e-08)
(-0.0363981 0.172385 -1.05367e-08)
(-0.0247844 0.116042 -8.65834e-09)
(-0.0170589 0.0767645 -6.98217e-09)
(-1.02687 0.477251 -9.88723e-10)
(-0.61701 0.524594 7.08134e-09)
(-0.361657 0.417649 1.68045e-08)
(-0.224471 0.307995 2.48188e-08)
(-0.147974 0.220304 2.92461e-08)
(-0.101509 0.154155 2.97715e-08)
(-0.0708363 0.105385 2.72752e-08)
(-0.0493627 0.0701338 2.35651e-08)
(-0.729154 0.164156 4.29916e-09)
(-0.568035 0.275755 1.59001e-08)
(-0.40973 0.269828 2.94284e-08)
(-0.292129 0.223993 4.06929e-08)
(-0.209697 0.171812 4.70179e-08)
(-0.151316 0.125137 4.74001e-08)
(-0.108805 0.0872097 4.24775e-08)
(-0.0771397 0.0581791 3.44108e-08)
(-0.586962 0.0688152 5.73316e-09)
(-0.511338 0.147429 2.9807e-08)
(-0.413418 0.166472 5.3969e-08)
(-0.322487 0.151922 7.18488e-08)
(-0.246831 0.123805 7.98833e-08)
(-0.186111 0.0931885 7.73372e-08)
(-0.137794 0.0653299 6.63905e-08)
(-0.0994158 0.0425128 5.33142e-08)
(-0.512909 0.0333956 1.14637e-08)
(-0.470378 0.0812656 3.79798e-08)
(-0.405236 0.100637 6.41421e-08)
(-0.334796 0.0981806 8.40054e-08)
(-0.268431 0.0833127 9.37868e-08)
(-0.209791 0.0632155 9.20556e-08)
(-0.159481 0.0424409 7.93385e-08)
(-0.116821 0.0240074 5.92861e-08)
(-0.472301 0.0176447 1.01031e-08)
(-0.444097 0.0457312 4.23726e-08)
(-0.396503 0.0598261 7.37323e-08)
(-0.339811 0.0606502 9.66178e-08)
(-0.281796 0.0519168 1.06317e-07)
(-0.226982 0.0373406 9.97787e-08)
(-0.177002 0.0197909 7.64527e-08)
(-0.13136 0.00213909 4.62728e-08)
(-0.449533 0.00968162 1.37772e-08)
(-0.428197 0.0258442 4.51767e-08)
(-0.390317 0.0347287 7.56996e-08)
(-0.342705 0.0354821 1.00015e-07)
(-0.29174 0.0290257 1.15752e-07)
(-0.241917 0.0164489 1.22538e-07)
(-0.194683 -0.00182702 1.24238e-07)
(-0.147093 -0.0251137 1.36534e-07)
(-0.436775 0.00535221 1.1709e-08)
(-0.41905 0.0144482 4.38368e-08)
(-0.386865 0.0195049 7.5955e-08)
(-0.345514 0.0194127 1.03716e-07)
(-0.300829 0.0138119 1.25526e-07)
(-0.257835 0.00194902 1.41106e-07)
(-0.218565 -0.0191512 1.48179e-07)
(-0.173807 -0.0590649 1.36506e-07)
(-1.731 1.69865 -1.82583e-09)
(-0.508433 0.931003 1.05799e-08)
(-0.19313 0.573202 2.62624e-08)
(-0.0947831 0.376216 4.09922e-08)
(-0.0558568 0.253948 5.27935e-08)
(-0.0363981 0.172385 6.05761e-08)
(-0.0247844 0.116042 6.40366e-08)
(-0.0170589 0.0767645 6.32286e-08)
(-1.02687 0.477251 4.17271e-08)
(-0.61701 0.524594 1.19548e-07)
(-0.361657 0.417649 1.87332e-07)
(-0.224471 0.307995 2.38676e-07)
(-0.147974 0.220304 2.70423e-07)
(-0.101509 0.154155 2.82999e-07)
(-0.0708364 0.105385 2.78714e-07)
(-0.0493628 0.0701339 2.61315e-07)
(-0.729153 0.164156 5.73282e-08)
(-0.568035 0.275755 1.7875e-07)
(-0.40973 0.269828 2.87024e-07)
(-0.292129 0.223993 3.7049e-07)
(-0.209697 0.171812 4.23662e-07)
(-0.151316 0.125137 4.45943e-07)
(-0.108806 0.0872098 4.40188e-07)
(-0.0771397 0.0581792 4.11067e-07)
(-0.586962 0.0688152 8.60488e-08)
(-0.511338 0.147429 2.53318e-07)
(-0.413418 0.166472 3.97644e-07)
(-0.322487 0.151923 5.05241e-07)
(-0.246831 0.123805 5.70227e-07)
(-0.186111 0.0931886 5.93692e-07)
(-0.137794 0.0653299 5.81384e-07)
(-0.0994159 0.0425129 5.42976e-07)
(-0.512909 0.0333956 9.08968e-08)
(-0.470378 0.0812656 2.73594e-07)
(-0.405236 0.100637 4.32368e-07)
(-0.334796 0.0981806 5.51547e-07)
(-0.268431 0.0833127 6.24465e-07)
(-0.209791 0.0632155 6.51463e-07)
(-0.159481 0.0424409 6.37003e-07)
(-0.116821 0.0240073 5.87565e-07)
(-0.472301 0.0176447 9.72265e-08)
(-0.444097 0.0457313 2.87494e-07)
(-0.396503 0.0598261 4.49439e-07)
(-0.339811 0.0606503 5.66577e-07)
(-0.281796 0.0519168 6.32025e-07)
(-0.226983 0.0373407 6.46143e-07)
(-0.177002 0.019791 6.151e-07)
(-0.13136 0.00213925 5.55225e-07)
(-0.449533 0.00968162 8.88759e-08)
(-0.428197 0.0258442 2.63818e-07)
(-0.390317 0.0347287 4.11953e-07)
(-0.342705 0.0354821 5.17845e-07)
(-0.29174 0.0290257 5.76385e-07)
(-0.241917 0.016449 5.89673e-07)
(-0.194683 -0.00182688 5.6825e-07)
(-0.147093 -0.0251135 5.33365e-07)
(-0.436775 0.00535221 7.9364e-08)
(-0.41905 0.0144482 2.33172e-07)
(-0.386865 0.0195049 3.59605e-07)
(-0.345514 0.0194127 4.44683e-07)
(-0.300829 0.0138119 4.82652e-07)
(-0.257835 0.00194902 4.75312e-07)
(-0.218565 -0.0191513 4.26615e-07)
(-0.173807 -0.059065 3.35765e-07)
(-1.731 1.69865 9.7401e-09)
(-0.508433 0.931003 3.93738e-08)
(-0.19313 0.573203 7.72864e-08)
(-0.094783 0.376217 1.13554e-07)
(-0.0558568 0.253949 1.44621e-07)
(-0.0363981 0.172386 1.68936e-07)
(-0.0247844 0.116042 1.84764e-07)
(-0.017059 0.0767651 1.90207e-07)
(-1.02687 0.477251 1.08689e-07)
(-0.617009 0.524595 3.08978e-07)
(-0.361657 0.41765 4.75091e-07)
(-0.224471 0.307995 6.02697e-07)
(-0.147974 0.220304 6.90178e-07)
(-0.101509 0.154156 7.38326e-07)
(-0.0708364 0.105386 7.48819e-07)
(-0.0493628 0.0701345 7.21767e-07)
(-0.729153 0.164156 1.75112e-07)
(-0.568034 0.275755 4.92665e-07)
(-0.409729 0.269828 7.64968e-07)
(-0.292128 0.223994 9.75083e-07)
(-0.209696 0.171812 1.11826e-06)
(-0.151316 0.125137 1.19734e-06)
(-0.108806 0.0872103 1.21685e-06)
(-0.0771398 0.0581797 1.17859e-06)
(-0.586962 0.0688152 2.33053e-07)
(-0.511337 0.147429 6.51063e-07)
(-0.413418 0.166472 9.96928e-07)
(-0.322486 0.151923 1.26042e-06)
(-0.246831 0.123805 1.441e-06)
(-0.186111 0.0931889 1.54531e-06)
(-0.137794 0.0653303 1.57952e-06)
(-0.099416 0.0425132 1.53757e-06)
(-0.512908 0.0333956 2.4836e-07)
(-0.470378 0.0812656 6.96237e-07)
(-0.405236 0.100637 1.07184e-06)
(-0.334796 0.0981807 1.35727e-06)
(-0.26843 0.0833128 1.55147e-06)
(-0.209791 0.0632156 1.66441e-06)
(-0.159481 0.0424409 1.70823e-06)
(-0.116821 0.0240074 1.68305e-06)
(-0.4723 0.0176447 2.53561e-07)
(-0.444096 0.0457312 7.03918e-07)
(-0.396503 0.059826 1.07017e-06)
(-0.33981 0.0606502 1.34011e-06)
(-0.281796 0.0519167 1.51744e-06)
(-0.226983 0.0373405 1.62144e-06)
(-0.177002 0.0197907 1.67629e-06)
(-0.13136 0.00213898 1.67367e-06)
(-0.449532 0.00968158 2.2632e-07)
(-0.428196 0.0258441 6.27099e-07)
(-0.390317 0.0347285 9.4662e-07)
(-0.342705 0.0354819 1.16561e-06)
(-0.29174 0.0290254 1.28057e-06)
(-0.241917 0.0164485 1.30295e-06)
(-0.194683 -0.0018274 1.24423e-06)
(-0.147093 -0.0251141 1.07039e-06)
(-0.436775 0.00535216 1.91626e-07)
(-0.419049 0.0144481 5.22484e-07)
(-0.386865 0.0195046 7.66276e-07)
(-0.345514 0.0194124 8.99672e-07)
(-0.300829 0.0138115 9.12758e-07)
(-0.257835 0.00194853 8.09633e-07)
(-0.218565 -0.0191518 6.10372e-07)
(-0.173807 -0.0590657 3.64461e-07)
(-1.731 1.69865 5.19998e-09)
(-0.508433 0.931004 1.62718e-08)
(-0.19313 0.573203 3.66484e-08)
(-0.0947829 0.376218 5.85601e-08)
(-0.0558567 0.25395 7.9369e-08)
(-0.036398 0.172387 9.78229e-08)
(-0.0247844 0.116044 1.12069e-07)
(-0.0170589 0.0767663 1.19997e-07)
(-1.02687 0.477251 6.59735e-08)
(-0.617009 0.524595 1.96511e-07)
(-0.361656 0.417651 3.04563e-07)
(-0.22447 0.307996 3.88839e-07)
(-0.147974 0.220306 4.49001e-07)
(-0.101508 0.154157 4.85099e-07)
(-0.0708364 0.105387 4.9738e-07)
(-0.0493629 0.0701359 4.84017e-07)
(-0.729152 0.164156 1.22083e-07)
(-0.568034 0.275756 3.29816e-07)
(-0.409729 0.269829 5.07373e-07)
(-0.292128 0.223995 6.45285e-07)
(-0.209696 0.171813 7.41615e-07)
(-0.151316 0.125138 7.98798e-07)
(-0.108806 0.0872115 8.19141e-07)
(-0.07714 0.0581808 8.01938e-07)
(-0.58696 0.0688153 1.52737e-07)
(-0.511336 0.14743 4.27551e-07)
(-0.413417 0.166472 6.53253e-07)
(-0.322486 0.151923 8.27029e-07)
(-0.24683 0.123805 9.50653e-07)
(-0.18611 0.0931895 1.02896e-06)
(-0.137794 0.0653309 1.06452e-06)
(-0.0994162 0.0425139 1.04791e-06)
(-0.512907 0.0333957 1.68927e-07)
(-0.470376 0.0812657 4.60623e-07)
(-0.405235 0.100637 7.03611e-07)
(-0.334795 0.0981808 8.89726e-07)
(-0.26843 0.0833129 1.02079e-06)
(-0.209791 0.0632157 1.105e-06)
(-0.159481 0.0424411 1.15057e-06)
(-0.116821 0.0240076 1.15477e-06)
(-0.472299 0.0176446 1.66437e-07)
(-0.444095 0.0457311 4.58796e-07)
(-0.396502 0.0598258 6.94464e-07)
(-0.33981 0.0606499 8.70151e-07)
(-0.281796 0.0519163 9.91729e-07)
(-0.226982 0.0373399 1.07508e-06)
(-0.177002 0.01979 1.13764e-06)
(-0.131361 0.00213802 1.16472e-06)
(-0.449531 0.0096815 1.51221e-07)
(-0.428195 0.0258439 4.08458e-07)
(-0.390316 0.0347281 6.10367e-07)
(-0.342705 0.0354813 7.47777e-07)
(-0.29174 0.0290245 8.19933e-07)
(-0.241917 0.0164473 8.3582e-07)
(-0.194683 -0.00182901 8.0022e-07)
(-0.147094 -0.0251161 6.73555e-07)
(-0.436774 0.00535205 1.23971e-07)
(-0.419049 0.0144478 3.33149e-07)
(-0.386865 0.0195041 4.82626e-07)
(-0.345513 0.0194116 5.58704e-07)
(-0.300829 0.0138105 5.55631e-07)
(-0.257836 0.00194729 4.75426e-07)
(-0.218565 -0.0191533 3.31937e-07)
(-0.173808 -0.059067 1.65202e-07)
(-0.0116395 0.0496199 -5.30536e-09)
(-0.00778243 0.0312422 -3.45117e-09)
(-0.00506703 0.0191364 -1.70825e-09)
(-0.00320338 0.0114011 -3.78494e-10)
(-0.0019649 0.00660982 4.10755e-10)
(-0.00116974 0.00373151 7.49252e-10)
(-0.000676392 0.00205281 7.82442e-10)
(-0.000380268 0.00110125 6.66212e-10)
(-0.000208054 0.000576477 5.00174e-10)
(-0.000110878 0.000294643 3.45085e-10)
(-5.76036e-05 0.000147119 2.22015e-10)
(-2.9195e-05 7.18001e-05 1.35326e-10)
(-1.4445e-05 3.42675e-05 7.84579e-11)
(-6.98149e-06 1.6001e-05 4.36674e-11)
(-3.29809e-06 7.31355e-06 2.33454e-11)
(-1.52372e-06 3.27358e-06 1.20673e-11)
(-6.88842e-07 1.43559e-06 6.02749e-12)
(-3.04884e-07 6.17093e-07 2.92525e-12)
(-1.32183e-07 2.60121e-07 1.37559e-12)
(-5.61647e-08 1.07572e-07 6.29677e-13)
(-2.33999e-08 4.36624e-08 2.81544e-13)
(-9.56393e-09 1.74018e-08 1.22664e-13)
(-3.83652e-09 6.81298e-09 5.19863e-14)
(-1.51118e-09 2.62133e-09 2.10282e-14)
(-5.84752e-10 9.91566e-10 7.59351e-15)
(-2.22378e-10 3.689e-10 5.25704e-15)
(-8.31478e-11 1.35035e-10 1.16823e-15)
(-3.05843e-11 4.86534e-11 0)
(-1.10725e-11 1.72513e-11 0)
(-3.95914e-12 6.00705e-12 0)
(-1.43693e-12 2.00118e-12 -5.84116e-16)
(-6.42528e-13 4.66125e-13 0)
(-0.0338828 0.0453046 2.04816e-08)
(-0.0227012 0.0283851 1.8406e-08)
(-0.0147741 0.0172623 1.65899e-08)
(-0.00932316 0.0102036 1.43965e-08)
(-0.00570466 0.00587018 1.17898e-08)
(-0.00338728 0.00329079 9.06163e-09)
(-0.00195387 0.00179931 6.55634e-09)
(-0.00109606 0.000960245 4.48494e-09)
(-0.000598553 0.000500478 2.91683e-09)
(-0.00031848 0.000254876 1.81098e-09)
(-0.000165239 0.000126883 1.07813e-09)
(-8.36564e-05 6.17719e-05 6.17183e-10)
(-4.13541e-05 2.94215e-05 3.40828e-10)
(-1.99724e-05 1.37152e-05 1.81909e-10)
(-9.42938e-06 6.26001e-06 9.40631e-11)
(-4.35423e-06 2.79875e-06 4.71802e-11)
(-1.96764e-06 1.22617e-06 2.30007e-11)
(-8.70588e-07 5.26642e-07 1.09078e-11)
(-3.77338e-07 2.2184e-07 5.03742e-12)
(-1.60294e-07 9.16873e-08 2.26812e-12)
(-6.677e-08 3.71966e-08 9.98839e-13)
(-2.72855e-08 1.48185e-08 4.27573e-13)
(-1.09439e-08 5.79949e-09 1.81076e-13)
(-4.31024e-09 2.23068e-09 7.35986e-14)
(-1.66768e-09 8.43565e-10 2.97899e-14)
(-6.34151e-10 3.13765e-10 1.34347e-14)
(-2.37099e-10 1.14833e-10 6.42528e-15)
(-8.72027e-11 4.13636e-11 2.92058e-15)
(-3.15703e-11 1.46672e-11 1.16823e-15)
(-1.12945e-11 5.10634e-12 -2.33646e-15)
(-4.10166e-12 1.6951e-12 -1.16823e-15)
(-1.82478e-12 3.97199e-13 -1.16823e-15)
(-0.0533882 0.0371566 2.69762e-08)
(-0.0358247 0.022822 2.36105e-08)
(-0.0232485 0.0135587 2.18938e-08)
(-0.0145955 0.00782904 1.96795e-08)
(-0.00887771 0.00440807 1.65495e-08)
(-0.00524061 0.00242497 1.29274e-08)
(-0.00300694 0.00130484 9.4443e-09)
(-0.0016791 0.000687138 6.49363e-09)
(-0.000913424 0.000354222 4.23525e-09)
(-0.000484473 0.000178776 2.63282e-09)
(-0.000250707 8.83459e-05 1.56831e-09)
(-0.000126657 4.27519e-05 8.97844e-10)
(-6.25017e-05 2.02619e-05 4.95779e-10)
(-3.0143e-05 9.40685e-06 2.64553e-10)
(-1.42145e-05 4.2791e-06 1.36769e-10)
(-6.55756e-06 1.90776e-06 6.85881e-11)
(-2.96096e-06 8.33853e-07 3.34336e-11)
(-1.30921e-06 3.57435e-07 1.58517e-11)
(-5.67137e-07 1.50314e-07 7.3219e-12)
(-2.40808e-07 6.20376e-08 3.29792e-12)
(-1.00269e-07 2.51377e-08 1.4527e-12)
(-4.0961e-08 1.00041e-08 6.25004e-13)
(-1.64243e-08 3.91184e-09 2.63436e-13)
(-6.4671e-09 1.50348e-09 1.08061e-13)
(-2.50166e-09 5.68188e-10 4.32246e-14)
(-9.51112e-10 2.11219e-10 1.75235e-14)
(-3.55548e-10 7.72634e-11 7.00939e-15)
(-1.30752e-10 2.78191e-11 1.75235e-15)
(-4.73321e-11 9.85988e-12 1.16823e-15)
(-1.69289e-11 3.42759e-12 -1.16823e-15)
(-6.14607e-12 1.14136e-12 0)
(-2.736e-12 2.69862e-13 0)
(-0.0692399 0.0256489 4.65914e-08)
(-0.046299 0.0146291 4.40647e-08)
(-0.0297671 0.00803416 4.09799e-08)
(-0.0184738 0.004302 3.56476e-08)
(-0.0111087 0.00226236 2.8735e-08)
(-0.00649051 0.00117264 2.1591e-08)
(-0.0036917 0.000599808 1.52479e-08)
(-0.00204668 0.000302734 1.01979e-08)
(-0.00110691 0.000150659 6.49843e-09)
(-0.000584356 7.38585e-05 3.96434e-09)
(-0.000301263 3.56348e-05 2.32409e-09)
(-0.00015174 1.69071e-05 1.31324e-09)
(-7.46991e-05 7.88336e-06 7.17039e-10)
(-3.59552e-05 3.61084e-06 3.79056e-10)
(-1.69285e-05 1.62419e-06 1.94368e-10)
(-7.79947e-06 7.17346e-07 9.6805e-11)
(-3.51796e-06 3.11081e-07 4.68993e-11)
(-1.55413e-06 1.32463e-07 2.2124e-11)
(-6.72736e-07 5.53928e-08 1.01724e-11)
(-2.8547e-07 2.27525e-08 4.5637e-12)
(-1.18803e-07 9.18172e-09 2.00118e-12)
(-4.85114e-08 3.64128e-09 8.58067e-13)
(-1.94446e-08 1.41953e-09 3.604e-13)
(-7.65389e-09 5.44163e-10 1.4895e-13)
(-2.95994e-09 2.05182e-10 6.13322e-14)
(-1.12508e-09 7.61267e-11 2.45329e-14)
(-4.20497e-10 2.77957e-11 8.17763e-15)
(-1.54606e-10 9.99539e-12 2.33646e-15)
(-5.5963e-11 3.53858e-12 2.92058e-15)
(-2.00106e-11 1.22898e-12 2.33646e-15)
(-7.26173e-12 4.11218e-13 1.75235e-15)
(-3.23483e-12 1.00468e-13 1.75235e-15)
(-0.081272 0.0104966 3.7269e-08)
(-0.0534394 0.00347445 3.68215e-08)
(-0.0335756 0.000583371 3.80048e-08)
(-0.0203673 -0.000333804 3.50172e-08)
(-0.0120071 -0.000476952 2.89201e-08)
(-0.00690317 -0.000383332 2.18861e-08)
(-0.00387685 -0.000255899 1.54497e-08)
(-0.00212825 -0.000154821 1.02926e-08)
(-0.0011423 -8.78164e-05 6.52607e-09)
(-0.000599497 -4.7477e-05 3.95985e-09)
(-0.000307659 -2.46914e-05 2.30972e-09)
(-0.000154408 -1.2422e-05 1.29885e-09)
(-7.57979e-05 -6.0675e-06 7.06161e-10)
(-3.64022e-05 -2.88465e-06 3.71835e-10)
(-1.7108e-05 -1.33736e-06 1.90011e-10)
(-7.87067e-06 -6.0546e-07 9.43371e-11)
(-3.54584e-06 -2.67978e-07 4.55786e-11)
(-1.5649e-06 -1.16064e-07 2.14464e-11)
(-6.76848e-07 -4.92303e-08 9.8406e-12)
(-2.87019e-07 -2.0465e-08 4.40716e-12)
(-1.1938e-07 -8.34283e-09 1.92875e-12)
(-4.87232e-08 -3.3373e-09 8.25356e-13)
(-1.95214e-08 -1.31067e-09 3.48133e-13)
(-7.68145e-09 -5.0563e-10 1.4194e-13)
(-2.9697e-09 -1.91694e-10 6.0164e-14)
(-1.1285e-09 -7.14596e-11 2.33646e-14)
(-4.21682e-10 -2.62034e-11 8.76174e-15)
(-1.55008e-10 -9.45918e-12 3.5047e-15)
(-5.60962e-11 -3.3575e-12 1.16823e-15)
(-2.0055e-11 -1.1659e-12 -5.84116e-16)
(-7.27575e-12 -3.84348e-13 -1.16823e-15)
(-3.24769e-12 -8.87856e-14 -5.84116e-16)
(-0.0897728 -0.0104817 5.55857e-08)
(-0.0562123 -0.0116659 5.87698e-08)
(-0.0335753 -0.00891906 5.42125e-08)
(-0.0195342 -0.00588372 4.5163e-08)
(-0.0111583 -0.00358537 3.47446e-08)
(-0.00626945 -0.00207537 2.50497e-08)
(-0.00346319 -0.00115623 1.70875e-08)
(-0.0018786 -0.000624175 1.11077e-08)
(-0.000999571 -0.000327709 6.91383e-09)
(-0.000521231 -0.000167702 4.13727e-09)
(-0.000266208 -8.37641e-05 2.38664e-09)
(-0.000133117 -4.08758e-05 1.33068e-09)
(-6.51617e-05 -1.95021e-05 7.18316e-10)
(-3.12251e-05 -9.10264e-06 3.76129e-10)
(-1.46493e-05 -4.15871e-06 1.91276e-10)
(-6.73009e-06 -1.86067e-06 9.46075e-11)
(-3.02857e-06 -8.15655e-07 4.55558e-11)
(-1.33538e-06 -3.50485e-07 2.13816e-11)
(-5.77137e-07 -1.4769e-07 9.78803e-12)
(-2.44583e-07 -6.10585e-08 4.37561e-12)
(-1.01676e-07 -2.47766e-08 1.91006e-12)
(-4.14793e-08 -9.8724e-09 8.17763e-13)
(-1.66129e-08 -3.86432e-09 3.42292e-13)
(-6.53492e-09 -1.48653e-09 1.42524e-13)
(-2.52577e-09 -5.62204e-10 5.78275e-14)
(-9.59586e-10 -2.09131e-10 2.33646e-14)
(-3.58497e-10 -7.65437e-11 8.76174e-15)
(-1.31758e-10 -2.75738e-11 4.67293e-15)
(-4.76709e-11 -9.7781e-12 1.75235e-15)
(-1.70422e-11 -3.40306e-12 0)
(-6.18228e-12 -1.13319e-12 -1.16823e-15)
(-2.76053e-12 -2.67525e-13 -1.16823e-15)
(-0.095077 -0.0442737 1.25755e-07)
(-0.0518768 -0.0322608 1.03079e-07)
(-0.0277934 -0.0199904 7.92422e-08)
(-0.0150336 -0.0116472 5.80407e-08)
(-0.00819872 -0.0065611 4.07059e-08)
(-0.00447402 -0.00360567 2.74039e-08)
(-0.00242565 -0.0019387 1.77445e-08)
(-0.00129973 -0.00102071 1.1072e-08)
(-0.000685827 -0.000526287 6.6691e-09)
(-0.000355552 -0.000265737 3.88406e-09)
(-0.000180832 -0.000131394 2.19049e-09)
(-9.01459e-05 -6.36214e-05 1.19786e-09)
(-4.40248e-05 -3.01702e-05 6.35967e-10)
(-2.10588e-05 -1.40144e-05 3.28168e-10)
(-9.86603e-06 -6.3781e-06 1.64766e-10)
(-4.52762e-06 -2.84477e-06 8.05654e-11)
(-2.03565e-06 -1.24387e-06 3.84015e-11)
(-8.96937e-07 -5.33365e-07 1.78582e-11)
(-3.87422e-07 -2.24362e-07 8.10812e-12)
(-1.64106e-07 -9.26214e-08 3.59523e-12)
(-6.81938e-08 -3.75383e-08 1.55784e-12)
(-2.7811e-08 -1.4942e-08 6.62388e-13)
(-1.11356e-08 -5.84359e-09 2.75703e-13)
(-4.37933e-09 -2.24624e-09 1.13903e-13)
(-1.69231e-09 -8.48999e-10 4.49769e-14)
(-6.42837e-10 -3.15639e-10 1.92758e-14)
(-2.40125e-10 -1.15469e-10 9.92997e-15)
(-8.82436e-11 -4.15786e-11 2.92058e-15)
(-3.19231e-11 -1.47384e-11 1.16823e-15)
(-1.14113e-11 -5.13321e-12 0)
(-4.14138e-12 -1.71146e-12 -5.84116e-16)
(-1.84581e-12 -4.06545e-13 -5.84116e-16)
(-0.0969199 -0.113471 7.40234e-08)
(-0.031929 -0.0566261 4.99295e-08)
(-0.0129617 -0.0296655 3.53776e-08)
(-0.00610488 -0.015871 2.47743e-08)
(-0.00311675 -0.00852702 1.68448e-08)
(-0.00164706 -0.00455554 1.10729e-08)
(-0.000878225 -0.00240594 7.03156e-09)
(-0.000466189 -0.00125166 4.31695e-09)
(-0.000244598 -0.000640023 2.56451e-09)
(-0.000126338 -0.000321236 1.47603e-09)
(-6.40924e-05 -0.000158133 8.23865e-10)
(-3.18927e-05 -7.63118e-05 4.46512e-10)
(-1.55548e-05 -3.60944e-05 2.35174e-10)
(-7.43297e-06 -1.67322e-05 1.2051e-10)
(-3.47963e-06 -7.60267e-06 6.01231e-11)
(-1.59586e-06 -3.38653e-06 2.92362e-11)
(-7.17164e-07 -1.47919e-06 1.38646e-11)
(-3.15869e-07 -6.33719e-07 6.41885e-12)
(-1.36393e-07 -2.66385e-07 2.90247e-12)
(-5.77588e-08 -1.09904e-07 1.28272e-12)
(-2.39964e-08 -4.45208e-08 5.53742e-13)
(-9.78451e-09 -1.7714e-08 2.34231e-13)
(-3.91715e-09 -6.92526e-09 9.63792e-14)
(-1.54033e-09 -2.66125e-09 4.0304e-14)
(-5.95164e-10 -1.00561e-09 1.57711e-14)
(-2.26056e-10 -3.73781e-10 7.59351e-15)
(-8.44363e-11 -1.36712e-10 4.67293e-15)
(-3.10282e-11 -4.922e-11 1.75235e-15)
(-1.12255e-11 -1.74429e-11 5.84116e-16)
(-4.01405e-12 -6.0678e-12 1.16823e-15)
(-1.45445e-12 -2.01987e-12 1.16823e-15)
(-6.44864e-13 -4.70798e-13 0)
(-0.0116395 0.04962 5.88938e-08)
(-0.00778242 0.0312422 5.19627e-08)
(-0.00506702 0.0191364 4.34468e-08)
(-0.00320337 0.0114011 3.43749e-08)
(-0.0019649 0.00660985 2.57749e-08)
(-0.00116973 0.00373153 1.835e-08)
(-0.000676392 0.00205282 1.24508e-08)
(-0.000380268 0.00110126 8.07382e-09)
(-0.000208055 0.000576484 5.02219e-09)
(-0.000110879 0.000294647 3.00351e-09)
(-5.7604e-05 0.000147122 1.73216e-09)
(-2.91953e-05 7.18016e-05 9.64907e-10)
(-1.44452e-05 3.42683e-05 5.2041e-10)
(-6.9816e-06 1.60015e-05 2.72064e-10)
(-3.29815e-06 7.31378e-06 1.38131e-10)
(-1.52376e-06 3.2737e-06 6.8164e-11)
(-6.88861e-07 1.43565e-06 3.27467e-11)
(-3.04893e-07 6.17121e-07 1.53237e-11)
(-1.32187e-07 2.60134e-07 6.99362e-12)
(-5.61669e-08 1.07577e-07 3.11509e-12)
(-2.34009e-08 4.3665e-08 1.35573e-12)
(-9.56438e-09 1.74029e-08 5.77107e-13)
(-3.83672e-09 6.81345e-09 2.38903e-13)
(-1.51127e-09 2.62152e-09 9.81315e-14)
(-5.84784e-10 9.91641e-10 3.73834e-14)
(-2.22392e-10 3.68936e-10 1.5187e-14)
(-8.31571e-11 1.3505e-10 8.76174e-15)
(-3.05855e-11 4.86592e-11 1.75235e-15)
(-1.10725e-11 1.72536e-11 1.16823e-15)
(-3.96264e-12 6.00471e-12 0)
(-1.43693e-12 1.99651e-12 -2.33646e-15)
(-6.39023e-13 4.66125e-13 0)
(-0.0338828 0.0453046 2.34246e-07)
(-0.0227012 0.0283851 2.00514e-07)
(-0.0147741 0.0172624 1.63193e-07)
(-0.00932317 0.0102036 1.26108e-07)
(-0.00570467 0.00587021 9.25572e-08)
(-0.00338729 0.00329082 6.47014e-08)
(-0.00195388 0.00179933 4.31927e-08)
(-0.00109607 0.000960257 2.76314e-08)
(-0.000598558 0.000500485 1.69821e-08)
(-0.000318484 0.00025488 1.0056e-08)
(-0.000165242 0.000126886 5.7483e-09)
(-8.36579e-05 6.17734e-05 3.17908e-09)
(-4.1355e-05 2.94224e-05 1.70344e-09)
(-1.99729e-05 1.37156e-05 8.8588e-10)
(-9.42965e-06 6.26024e-06 4.47623e-10)
(-4.35437e-06 2.79887e-06 2.20065e-10)
(-1.96772e-06 1.22623e-06 1.05357e-10)
(-8.70624e-07 5.26668e-07 4.91744e-11)
(-3.77356e-07 2.21852e-07 2.23915e-11)
(-1.60302e-07 9.16926e-08 9.95684e-12)
(-6.67737e-08 3.71989e-08 4.32713e-12)
(-2.72872e-08 1.48195e-08 1.83938e-12)
(-1.09446e-08 5.79991e-09 7.6636e-13)
(-4.31054e-09 2.23085e-09 3.1075e-13)
(-1.6678e-09 8.43638e-10 1.25585e-13)
(-6.34198e-10 3.13792e-10 4.96499e-14)
(-2.37121e-10 1.14842e-10 1.98599e-14)
(-8.7212e-11 4.13683e-11 8.76174e-15)
(-3.15785e-11 1.46695e-11 2.92058e-15)
(-1.1298e-11 5.10517e-12 1.16823e-15)
(-4.10049e-12 1.69861e-12 1.16823e-15)
(-1.82127e-12 3.97199e-13 1.16823e-15)
(-0.0533883 0.0371567 3.65325e-07)
(-0.0358247 0.0228221 3.10676e-07)
(-0.0232485 0.0135588 2.5171e-07)
(-0.0145955 0.00782908 1.93569e-07)
(-0.00887773 0.0044081 1.41435e-07)
(-0.00524062 0.00242499 9.83822e-08)
(-0.00300695 0.00130486 6.53988e-08)
(-0.00167911 0.00068715 4.1659e-08)
(-0.000913431 0.000354229 2.55164e-08)
(-0.000484478 0.00017878 1.50596e-08)
(-0.000250711 8.83484e-05 8.58687e-09)
(-0.000126659 4.27533e-05 4.73722e-09)
(-6.2503e-05 2.02626e-05 2.53379e-09)
(-3.01437e-05 9.40725e-06 1.31531e-09)
(-1.42149e-05 4.2793e-06 6.63774e-10)
(-6.55777e-06 1.90785e-06 3.25892e-10)
(-2.96106e-06 8.33901e-07 1.55885e-10)
(-1.30927e-06 3.57458e-07 7.26874e-11)
(-5.67163e-07 1.50324e-07 3.30785e-11)
(-2.4082e-07 6.20421e-08 1.46999e-11)
(-1.00274e-07 2.51397e-08 6.38731e-12)
(-4.09634e-08 1.0005e-08 2.71497e-12)
(-1.64254e-08 3.9122e-09 1.1291e-12)
(-6.46754e-09 1.50363e-09 4.59699e-13)
(-2.50184e-09 5.68249e-10 1.83412e-13)
(-9.51186e-10 2.11239e-10 7.35986e-14)
(-3.5558e-10 7.7268e-11 2.80376e-14)
(-1.30763e-10 2.78179e-11 9.34586e-15)
(-4.73356e-11 9.86105e-12 2.92058e-15)
(-1.69312e-11 3.43343e-12 1.16823e-15)
(-6.14607e-12 1.14253e-12 1.75235e-15)
(-2.736e-12 2.72198e-13 1.16823e-15)
(-0.0692399 0.0256489 4.88452e-07)
(-0.046299 0.0146291 4.18641e-07)
(-0.0297671 0.00803419 3.3894e-07)
(-0.0184739 0.00430203 2.59142e-07)
(-0.0111088 0.00226239 1.87682e-07)
(-0.00649053 0.00117266 1.29385e-07)
(-0.00369172 0.00059982 8.52468e-08)
(-0.0020467 0.000302742 5.38917e-08)
(-0.00110693 0.000150663 3.27822e-08)
(-0.000584365 7.38611e-05 1.92406e-08)
(-0.000301269 3.56362e-05 1.09164e-08)
(-0.000151744 1.69079e-05 5.99901e-09)
(-7.4701e-05 7.88378e-06 3.1974e-09)
(-3.59563e-05 3.61106e-06 1.65538e-09)
(-1.6929e-05 1.62429e-06 8.33326e-10)
(-7.79977e-06 7.17398e-07 4.0841e-10)
(-3.51811e-06 3.11105e-07 1.95024e-10)
(-1.5542e-06 1.32475e-07 9.08341e-11)
(-6.72771e-07 5.53978e-08 4.12918e-11)
(-2.85486e-07 2.27547e-08 1.83372e-11)
(-1.18811e-07 9.18268e-09 7.9615e-12)
(-4.85147e-08 3.64168e-09 3.38203e-12)
(-1.9446e-08 1.4197e-09 1.40655e-12)
(-7.65449e-09 5.4423e-10 5.74186e-13)
(-2.96019e-09 2.05215e-10 2.30726e-13)
(-1.12518e-09 7.61384e-11 8.99539e-14)
(-4.20541e-10 2.78016e-11 3.38787e-14)
(-1.54618e-10 9.99539e-12 1.16823e-14)
(-5.59642e-11 3.53858e-12 5.84116e-15)
(-2.00153e-11 1.23015e-12 1.75235e-15)
(-7.26173e-12 4.08881e-13 0)
(-3.23834e-12 9.92997e-14 0)
(-0.081272 0.0104966 5.09636e-07)
(-0.0534394 0.00347448 4.33198e-07)
(-0.0335756 0.000583397 3.49817e-07)
(-0.0203673 -0.000333785 2.66236e-07)
(-0.0120071 -0.00047694 1.9164e-07)
(-0.00690319 -0.000383325 1.31222e-07)
(-0.00387687 -0.000255896 8.59035e-08)
(-0.00212826 -0.000154819 5.39884e-08)
(-0.00114231 -8.78155e-05 3.26748e-08)
(-0.000599505 -4.74767e-05 1.9093e-08)
(-0.000307664 -2.46913e-05 1.07926e-08)
(-0.000154411 -1.2422e-05 5.91202e-09)
(-7.57998e-05 -6.06749e-06 3.1427e-09)
(-3.64032e-05 -2.88466e-06 1.62334e-09)
(-1.71086e-05 -1.33736e-06 8.15664e-10)
(-7.87096e-06 -6.05465e-07 3.99102e-10)
(-3.54598e-06 -2.67981e-07 1.90328e-10)
(-1.56497e-06 -1.16066e-07 8.85462e-11)
(-6.76882e-07 -4.92311e-08 4.0217e-11)
(-2.87035e-07 -2.04654e-08 1.78465e-11)
(-1.19387e-07 -8.34302e-09 7.74304e-12)
(-4.87264e-08 -3.33738e-09 3.28741e-12)
(-1.95228e-08 -1.31071e-09 1.36625e-12)
(-7.68202e-09 -5.05641e-10 5.57247e-13)
(-2.96994e-09 -1.91703e-10 2.24885e-13)
(-1.1286e-09 -7.14631e-11 8.64492e-14)
(-4.21722e-10 -2.62034e-11 3.15423e-14)
(-1.55023e-10 -9.45801e-12 1.05141e-14)
(-5.6102e-11 -3.35867e-12 4.08881e-15)
(-2.00609e-11 -1.17291e-12 2.92058e-15)
(-7.27575e-12 -3.9019e-13 0)
(-3.24184e-12 -9.34586e-14 -1.16823e-15)
(-0.0897728 -0.0104816 5.14982e-07)
(-0.0562123 -0.0116658 4.38621e-07)
(-0.0335754 -0.00891897 3.46612e-07)
(-0.0195342 -0.00588367 2.57564e-07)
(-0.0111583 -0.00358535 1.81707e-07)
(-0.00626949 -0.00207536 1.22459e-07)
(-0.00346322 -0.00115623 7.92007e-08)
(-0.00187862 -0.000624173 4.93087e-08)
(-0.000999585 -0.000327709 2.96283e-08)
(-0.00052124 -0.000167702 1.72138e-08)
(-0.000266214 -8.37644e-05 9.68725e-09)
(-0.00013312 -4.0876e-05 5.28732e-09)
(-6.51637e-05 -1.95022e-05 2.80268e-09)
(-3.12261e-05 -9.10273e-06 1.44426e-09)
(-1.46498e-05 -4.15876e-06 7.24345e-10)
(-6.73039e-06 -1.8607e-06 3.5386e-10)
(-3.02871e-06 -8.1567e-07 1.6855e-10)
(-1.33545e-06 -3.50492e-07 7.83323e-11)
(-5.77171e-07 -1.47694e-07 3.55511e-11)
(-2.44598e-07 -6.10601e-08 1.57665e-11)
(-1.01683e-07 -2.47773e-08 6.83708e-12)
(-4.14824e-08 -9.87273e-09 2.90072e-12)
(-1.66143e-08 -3.86446e-09 1.2062e-12)
(-6.53549e-09 -1.48658e-09 4.91242e-13)
(-2.52601e-09 -5.62229e-10 1.96263e-13)
(-9.59682e-10 -2.09138e-10 7.76874e-14)
(-3.58535e-10 -7.65402e-11 2.97899e-14)
(-1.31775e-10 -2.75714e-11 9.34586e-15)
(-4.76802e-11 -9.77927e-12 3.5047e-15)
(-1.70468e-11 -3.40072e-12 0)
(-6.18345e-12 -1.13085e-12 -5.84116e-16)
(-2.75469e-12 -2.67525e-13 0)
(-0.095077 -0.0442736 4.4684e-07)
(-0.0518769 -0.0322608 3.5909e-07)
(-0.0277935 -0.0199904 2.73064e-07)
(-0.0150337 -0.0116472 1.97397e-07)
(-0.00819878 -0.00656113 1.36393e-07)
(-0.00447407 -0.0036057 9.04748e-08)
(-0.00242569 -0.00193872 5.77798e-08)
(-0.00129975 -0.00102072 3.56133e-08)
(-0.000685841 -0.000526296 2.12208e-08)
(-0.000355561 -0.000265743 1.22452e-08)
(-0.000180838 -0.000131397 6.8507e-09)
(-9.0149e-05 -6.36232e-05 3.72095e-09)
(-4.40265e-05 -3.01712e-05 1.96392e-09)
(-2.10597e-05 -1.40149e-05 1.00842e-09)
(-9.86652e-06 -6.37837e-06 5.04127e-10)
(-4.52787e-06 -2.8449e-06 2.4562e-10)
(-2.03578e-06 -1.24394e-06 1.16705e-10)
(-8.96998e-07 -5.33395e-07 5.41289e-11)
(-3.87451e-07 -2.24376e-07 2.45206e-11)
(-1.64119e-07 -9.26275e-08 1.08564e-11)
(-6.81996e-08 -3.75411e-08 4.70097e-12)
(-2.78135e-08 -1.49432e-08 1.99242e-12)
(-1.11367e-08 -5.84408e-09 8.27108e-13)
(-4.37979e-09 -2.24645e-09 3.37035e-13)
(-1.69249e-09 -8.4908e-10 1.34931e-13)
(-6.4291e-10 -3.15669e-10 5.37387e-14)
(-2.40157e-10 -1.15481e-10 1.98599e-14)
(-8.82599e-11 -4.15821e-11 7.59351e-15)
(-3.19325e-11 -1.47396e-11 2.92058e-15)
(-1.14148e-11 -5.13204e-12 -1.16823e-15)
(-4.14138e-12 -1.70796e-12 -2.33646e-15)
(-1.8423e-12 -4.0304e-13 0)
(-0.0969201 -0.113472 1.80242e-07)
(-0.0319291 -0.0566264 1.20882e-07)
(-0.0129618 -0.0296657 8.67562e-08)
(-0.00610492 -0.0158712 6.17131e-08)
(-0.00311678 -0.00852713 4.24736e-08)
(-0.00164708 -0.00455562 2.81385e-08)
(-0.000878238 -0.00240599 1.79558e-08)
(-0.000466198 -0.00125169 1.10546e-08)
(-0.000244603 -0.000640041 6.57877e-09)
(-0.000126341 -0.000321247 3.79026e-09)
(-6.40945e-05 -0.000158139 2.11725e-09)
(-3.18939e-05 -7.63151e-05 1.14802e-09)
(-1.55554e-05 -3.60962e-05 6.04957e-10)
(-7.43332e-06 -1.67331e-05 3.10098e-10)
(-3.47981e-06 -7.60312e-06 1.54781e-10)
(-1.59595e-06 -3.38675e-06 7.52861e-11)
(-7.1721e-07 -1.4793e-06 3.57175e-11)
(-3.15891e-07 -6.33768e-07 1.6541e-11)
(-1.36403e-07 -2.66407e-07 7.48077e-12)
(-5.77635e-08 -1.09914e-07 3.30668e-12)
(-2.39984e-08 -4.4525e-08 1.42875e-12)
(-9.78543e-09 -1.77158e-08 6.05144e-13)
(-3.91754e-09 -6.92601e-09 2.50586e-13)
(-1.54049e-09 -2.66156e-09 1.0222e-13)
(-5.95231e-10 -1.00573e-09 4.14722e-14)
(-2.26083e-10 -3.73834e-10 1.75235e-14)
(-8.44457e-11 -1.36739e-10 5.84116e-15)
(-3.10364e-11 -4.92293e-11 4.08881e-15)
(-1.12267e-11 -1.74452e-11 1.16823e-15)
(-4.01405e-12 -6.0678e-12 1.75235e-15)
(-1.45445e-12 -2.01754e-12 0)
(-6.47201e-13 -4.70798e-13 2.33646e-15)
(-0.0116395 0.0496205 1.83336e-07)
(-0.00778246 0.0312427 1.64302e-07)
(-0.00506706 0.0191368 1.36935e-07)
(-0.00320341 0.0114014 1.0671e-07)
(-0.00196493 0.00661006 7.82848e-08)
(-0.00116976 0.00373168 5.44214e-08)
(-0.000676412 0.00205292 3.60507e-08)
(-0.000380282 0.00110132 2.28628e-08)
(-0.000208064 0.000576521 1.3932e-08)
(-0.000110885 0.000294669 8.18263e-09)
(-5.76077e-05 0.000147134 4.64315e-09)
(-2.91974e-05 7.18084e-05 2.55074e-09)
(-1.44464e-05 3.42719e-05 1.35889e-09)
(-6.98225e-06 1.60034e-05 7.03081e-10)
(-3.29849e-06 7.31472e-06 3.5374e-10)
(-1.52394e-06 3.27415e-06 1.73259e-10)
(-6.88948e-07 1.43587e-06 8.26997e-11)
(-3.04935e-07 6.17222e-07 3.85008e-11)
(-1.32207e-07 2.6018e-07 1.74984e-11)
(-5.6176e-08 1.07598e-07 7.7705e-12)
(-2.34049e-08 4.36738e-08 3.37385e-12)
(-9.56616e-09 1.74066e-08 1.43167e-12)
(-3.83747e-09 6.815e-09 5.95798e-13)
(-1.51158e-09 2.62215e-09 2.40656e-13)
(-5.84914e-10 9.91892e-10 9.5795e-14)
(-2.22437e-10 3.69029e-10 3.62152e-14)
(-8.31723e-11 1.35092e-10 1.46029e-14)
(-3.05983e-11 4.86744e-11 5.84116e-15)
(-1.10783e-11 1.72595e-11 2.92058e-15)
(-3.96381e-12 6.00822e-12 1.16823e-15)
(-1.43926e-12 1.99885e-12 0)
(-6.37855e-13 4.67293e-13 -1.16823e-15)
(-0.0338829 0.0453052 6.57878e-07)
(-0.0227013 0.0283856 5.63699e-07)
(-0.0147742 0.0172627 4.5356e-07)
(-0.0093233 0.0102039 3.43733e-07)
(-0.00570479 0.00587041 2.46622e-07)
(-0.00338738 0.00329096 1.68353e-07)
(-0.00195394 0.00179941 1.09859e-07)
(-0.00109611 0.000960312 6.87835e-08)
(-0.000598588 0.000500519 4.14571e-08)
(-0.000318503 0.0002549 2.41128e-08)
(-0.000165253 0.000126897 1.35649e-08)
(-8.36645e-05 6.17794e-05 7.39326e-09)
(-4.13587e-05 2.94256e-05 3.91042e-09)
(-1.9975e-05 1.37173e-05 2.00961e-09)
(-9.43071e-06 6.26106e-06 1.00475e-09)
(-4.35491e-06 2.79927e-06 4.89194e-10)
(-1.96799e-06 1.22642e-06 2.32183e-10)
(-8.70754e-07 5.26757e-07 1.07511e-10)
(-3.77417e-07 2.21892e-07 4.86125e-11)
(-1.6033e-07 9.17105e-08 2.14785e-11)
(-6.67862e-08 3.72067e-08 9.27985e-12)
(-2.72926e-08 1.48228e-08 3.92409e-12)
(-1.0947e-08 5.80127e-09 1.62326e-12)
(-4.31152e-09 2.23141e-09 6.59467e-13)
(-1.6682e-09 8.43857e-10 2.62268e-13)
(-6.34364e-10 3.13884e-10 1.01636e-13)
(-2.37182e-10 1.14872e-10 3.85517e-14)
(-8.72377e-11 4.13811e-11 1.28506e-14)
(-3.15855e-11 1.46707e-11 4.67293e-15)
(-1.13003e-11 5.10868e-12 2.92058e-15)
(-4.10166e-12 1.70095e-12 5.84116e-16)
(-1.82595e-12 3.99535e-13 5.84116e-16)
(-0.0533884 0.0371571 1.07969e-06)
(-0.0358249 0.0228225 9.22257e-07)
(-0.0232487 0.0135591 7.35073e-07)
(-0.0145957 0.00782931 5.50542e-07)
(-0.0088779 0.00440826 3.90252e-07)
(-0.00524076 0.0024251 2.63543e-07)
(-0.00300705 0.00130493 1.70358e-07)
(-0.00167918 0.000687191 1.05845e-07)
(-0.000913477 0.000354254 6.33838e-08)
(-0.000484507 0.000178794 3.66799e-08)
(-0.000250728 8.83563e-05 2.05474e-08)
(-0.000126669 4.27575e-05 1.11629e-08)
(-6.25085e-05 2.02649e-05 5.88826e-09)
(-3.01467e-05 9.40839e-06 3.02009e-09)
(-1.42165e-05 4.27987e-06 1.50743e-09)
(-6.55858e-06 1.90813e-06 7.33125e-10)
(-2.96146e-06 8.34032e-07 3.47628e-10)
(-1.30946e-06 3.57519e-07 1.60888e-10)
(-5.67253e-07 1.50352e-07 7.2716e-11)
(-2.40862e-07 6.20543e-08 3.21258e-11)
(-1.00293e-07 2.5145e-08 1.38792e-11)
(-4.09716e-08 1.00072e-08 5.87153e-12)
(-1.64288e-08 3.91312e-09 2.43109e-12)
(-6.469e-09 1.50401e-09 9.8774e-13)
(-2.50244e-09 5.68399e-10 3.94278e-13)
(-9.5142e-10 2.11299e-10 1.54791e-13)
(-3.55678e-10 7.72902e-11 5.89957e-14)
(-1.30799e-10 2.78238e-11 2.39488e-14)
(-4.7352e-11 9.86455e-12 8.17763e-15)
(-1.69324e-11 3.43227e-12 4.08881e-15)
(-6.1449e-12 1.14136e-12 1.75235e-15)
(-2.74067e-12 2.68693e-13 1.75235e-15)
(-0.0692401 0.0256492 1.40219e-06)
(-0.0462993 0.0146293 1.18873e-06)
(-0.0297674 0.00803436 9.37479e-07)
(-0.0184741 0.00430214 6.93647e-07)
(-0.011109 0.00226246 4.85994e-07)
(-0.00649071 0.00117271 3.24739e-07)
(-0.00369185 0.000599849 2.08064e-07)
(-0.00204679 0.000302759 1.28308e-07)
(-0.00110698 0.000150673 7.63797e-08)
(-0.0005844 7.38665e-05 4.39833e-08)
(-0.00030129 3.56392e-05 2.45455e-08)
(-0.000151756 1.69094e-05 1.32933e-08)
(-7.47078e-05 7.88458e-06 6.99576e-09)
(-3.596e-05 3.61146e-06 3.58122e-09)
(-1.6931e-05 1.62449e-06 1.78515e-09)
(-7.80075e-06 7.17493e-07 8.67235e-10)
(-3.5186e-06 3.1115e-07 4.10962e-10)
(-1.55443e-06 1.32495e-07 1.90102e-10)
(-6.72881e-07 5.54071e-08 8.59095e-11)
(-2.85537e-07 2.27588e-08 3.79535e-11)
(-1.18833e-07 9.18443e-09 1.64031e-11)
(-4.85245e-08 3.64242e-09 6.94047e-12)
(-1.94502e-08 1.42e-09 2.87677e-12)
(-7.65625e-09 5.44355e-10 1.17057e-12)
(-2.96091e-09 2.05263e-10 4.65541e-13)
(-1.12547e-09 7.61536e-11 1.83997e-13)
(-4.20657e-10 2.78051e-11 7.35986e-14)
(-1.54663e-10 9.99539e-12 2.86217e-14)
(-5.5977e-11 3.53974e-12 1.05141e-14)
(-2.00235e-11 1.23248e-12 4.08881e-15)
(-7.26757e-12 4.08881e-13 1.16823e-15)
(-3.23483e-12 9.5795e-14 0)
(-0.0812723 0.0104967 1.57369e-06)
(-0.0534398 0.00347449 1.31714e-06)
(-0.0335759 0.000583386 1.0127e-06)
(-0.0203676 -0.000333807 7.30676e-07)
(-0.0120073 -0.000476964 5.01128e-07)
(-0.00690338 -0.000383346 3.29191e-07)
(-0.003877 -0.000255911 2.081e-07)
(-0.00212835 -0.00015483 1.26981e-07)
(-0.00114237 -8.78227e-05 7.49563e-08)
(-0.000599541 -4.74811e-05 4.28726e-08)
(-0.000307685 -2.46939e-05 2.37932e-08)
(-0.000154423 -1.24235e-05 1.28267e-08)
(-7.58065e-05 -6.06829e-06 6.72396e-09)
(-3.64068e-05 -2.88508e-06 3.43069e-09)
(-1.71104e-05 -1.33758e-06 1.70517e-09)
(-7.87192e-06 -6.05569e-07 8.26298e-10)
(-3.54646e-06 -2.68031e-07 3.90683e-10)
(-1.5652e-06 -1.16089e-07 1.80361e-10)
(-6.7699e-07 -4.92418e-08 8.13586e-11)
(-2.87084e-07 -2.04701e-08 3.58852e-11)
(-1.19409e-07 -8.34508e-09 1.54843e-11)
(-4.8736e-08 -3.33826e-09 6.54327e-12)
(-1.95269e-08 -1.31107e-09 2.70738e-12)
(-7.68373e-09 -5.05794e-10 1.09931e-12)
(-2.97064e-09 -1.91763e-10 4.36335e-13)
(-1.12888e-09 -7.14876e-11 1.71146e-13)
(-4.21833e-10 -2.62128e-11 6.83416e-14)
(-1.55065e-10 -9.45918e-12 2.80376e-14)
(-5.61137e-11 -3.35984e-12 1.05141e-14)
(-2.00644e-11 -1.17291e-12 4.67293e-15)
(-7.28159e-12 -3.87853e-13 2.92058e-15)
(-3.24652e-12 -8.64492e-14 1.16823e-15)
(-0.089773 -0.0104819 1.47836e-06)
(-0.0562126 -0.011666 1.22403e-06)
(-0.0335757 -0.00891921 9.26491e-07)
(-0.0195345 -0.00588385 6.56085e-07)
(-0.0111585 -0.00358548 4.42302e-07)
(-0.00626966 -0.00207545 2.86533e-07)
(-0.00346333 -0.00115629 1.79201e-07)
(-0.0018787 -0.000624211 1.0848e-07)
(-0.000999635 -0.000327732 6.36611e-08)
(-0.000521271 -0.000167716 3.62607e-08)
(-0.000266232 -8.3772e-05 2.00649e-08)
(-0.00013313 -4.08801e-05 1.07962e-08)
(-6.51694e-05 -1.95044e-05 5.65293e-09)
(-3.12292e-05 -9.10387e-06 2.8827e-09)
(-1.46515e-05 -4.15933e-06 1.43273e-09)
(-6.73121e-06 -1.86098e-06 6.94526e-10)
(-3.02912e-06 -8.15803e-07 3.28603e-10)
(-1.33565e-06 -3.50554e-07 1.51851e-10)
(-5.77262e-07 -1.47722e-07 6.85805e-11)
(-2.4464e-07 -6.10725e-08 3.02928e-11)
(-1.01701e-07 -2.47827e-08 1.30918e-11)
(-4.14905e-08 -9.87499e-09 5.53859e-12)
(-1.66177e-08 -3.8654e-09 2.29733e-12)
(-6.53694e-09 -1.48697e-09 9.32833e-13)
(-2.5266e-09 -5.62381e-10 3.71498e-13)
(-9.59922e-10 -2.09195e-10 1.45445e-13)
(-3.58627e-10 -7.65683e-11 5.72434e-14)
(-1.3181e-10 -2.75831e-11 2.33646e-14)
(-4.76919e-11 -9.78044e-12 8.76174e-15)
(-1.70503e-11 -3.40773e-12 3.5047e-15)
(-6.18228e-12 -1.13669e-12 5.84116e-16)
(-2.75936e-12 -2.67525e-13 0)
(-0.0950773 -0.0442743 8.84759e-07)
(-0.0518771 -0.0322614 6.76927e-07)
(-0.0277937 -0.0199909 4.94524e-07)
(-0.0150339 -0.0116476 3.4579e-07)
(-0.00819894 -0.00656137 2.3204e-07)
(-0.00447418 -0.00360586 1.49925e-07)
(-0.00242576 -0.00193882 9.35468e-08)
(-0.0012998 -0.00102079 5.64859e-08)
(-0.000685873 -0.000526334 3.30613e-08)
(-0.00035558 -0.000265764 1.87793e-08)
(-0.000180849 -0.000131409 1.03631e-08)
(-9.01557e-05 -6.36297e-05 5.56048e-09)
(-4.40302e-05 -3.01746e-05 2.90357e-09)
(-2.10617e-05 -1.40167e-05 1.47662e-09)
(-9.86756e-06 -6.37924e-06 7.31927e-10)
(-4.52839e-06 -2.84533e-06 3.5385e-10)
(-2.03603e-06 -1.24414e-06 1.66974e-10)
(-8.97122e-07 -5.33489e-07 7.69526e-11)
(-3.87509e-07 -2.24418e-07 3.46609e-11)
(-1.64145e-07 -9.26463e-08 1.52694e-11)
(-6.82115e-08 -3.75492e-08 6.58065e-12)
(-2.78187e-08 -1.49466e-08 2.7763e-12)
(-1.11389e-08 -5.8455e-09 1.1472e-12)
(-4.38072e-09 -2.24702e-09 4.64372e-13)
(-1.69287e-09 -8.49309e-10 1.83997e-13)
(-6.43066e-10 -3.1576e-10 7.18463e-14)
(-2.40219e-10 -1.15514e-10 2.68693e-14)
(-8.82763e-11 -4.15914e-11 1.05141e-14)
(-3.19395e-11 -1.47419e-11 3.5047e-15)
(-1.14171e-11 -5.12971e-12 2.33646e-15)
(-4.14255e-12 -1.70796e-12 1.16823e-15)
(-1.84347e-12 -4.04208e-13 1.75235e-15)
(-0.0969203 -0.113473 2.04557e-07)
(-0.0319292 -0.0566271 1.36582e-07)
(-0.0129618 -0.0296662 9.781e-08)
(-0.00610497 -0.0158715 6.96735e-08)
(-0.00311682 -0.00852737 4.79226e-08)
(-0.0016471 -0.00455578 3.16379e-08)
(-0.000878259 -0.00240609 2.0078e-08)
(-0.000466212 -0.00125175 1.22833e-08)
(-0.000244612 -0.000640078 7.26282e-09)
(-0.000126347 -0.000321269 4.15873e-09)
(-6.40977e-05 -0.000158151 2.3098e-09)
(-3.18957e-05 -7.63215e-05 1.24595e-09)
(-1.55564e-05 -3.60996e-05 6.53452e-10)
(-7.43387e-06 -1.67348e-05 3.33527e-10)
(-3.4801e-06 -7.60399e-06 1.6582e-10)
(-1.5961e-06 -3.38718e-06 8.03656e-11)
(-7.17281e-07 -1.4795e-06 3.79991e-11)
(-3.15926e-07 -6.3386e-07 1.75404e-11)
(-1.36419e-07 -2.66449e-07 7.9101e-12)
(-5.77709e-08 -1.09932e-07 3.48893e-12)
(-2.40018e-08 -4.4533e-08 1.5041e-12)
(-9.78687e-09 -1.77192e-08 6.35518e-13)
(-3.91816e-09 -6.92742e-09 2.62268e-13)
(-1.54074e-09 -2.66213e-09 1.06309e-13)
(-5.95336e-10 -1.00596e-09 4.20564e-14)
(-2.26125e-10 -3.73923e-10 1.5187e-14)
(-8.44644e-11 -1.36766e-10 5.25704e-15)
(-3.10388e-11 -4.9241e-11 2.92058e-15)
(-1.12279e-11 -1.74522e-11 1.16823e-15)
(-4.01521e-12 -6.0713e-12 1.16823e-15)
(-1.45679e-12 -2.01754e-12 5.84116e-16)
(-6.48369e-13 -4.73134e-13 5.84116e-16)
(-0.0116395 0.0496217 1.19136e-07)
(-0.00778251 0.0312437 1.08888e-07)
(-0.00506714 0.0191376 9.17801e-08)
(-0.00320349 0.011402 7.1957e-08)
(-0.001965 0.0066105 5.29207e-08)
(-0.00116982 0.00373197 3.68207e-08)
(-0.000676455 0.00205311 2.43824e-08)
(-0.000380312 0.00110144 1.54552e-08)
(-0.000208084 0.000576595 9.40999e-09)
(-0.000110897 0.000294712 5.5242e-09)
(-5.76153e-05 0.000147158 3.133e-09)
(-2.92019e-05 7.18215e-05 1.72116e-09)
(-1.44488e-05 3.42789e-05 9.16941e-10)
(-6.98361e-06 1.60069e-05 4.74686e-10)
(-3.29921e-06 7.3165e-06 2.38954e-10)
(-1.5243e-06 3.27502e-06 1.17164e-10)
(-6.8913e-07 1.43628e-06 5.59805e-11)
(-3.05023e-07 6.17413e-07 2.6103e-11)
(-1.32249e-07 2.60266e-07 1.18803e-11)
(-5.61951e-08 1.07636e-07 5.28567e-12)
(-2.34136e-08 4.36903e-08 2.29733e-12)
(-9.56994e-09 1.74136e-08 9.78979e-13)
(-3.8391e-09 6.81788e-09 4.06545e-13)
(-1.51226e-09 2.62332e-09 1.66473e-13)
(-5.85194e-10 9.92357e-10 6.65892e-14)
(-2.22554e-10 3.69212e-10 2.68693e-14)
(-8.32179e-11 1.35157e-10 7.59351e-15)
(-3.061e-11 4.86954e-11 4.08881e-15)
(-1.10842e-11 1.72665e-11 1.75235e-15)
(-3.96498e-12 6.01055e-12 1.16823e-15)
(-1.43926e-12 1.99885e-12 1.16823e-15)
(-6.41359e-13 4.64956e-13 1.16823e-15)
(-0.0338831 0.0453064 4.44113e-07)
(-0.0227016 0.0283866 3.81591e-07)
(-0.0147745 0.0172635 3.06957e-07)
(-0.00932358 0.0102045 2.32021e-07)
(-0.00570502 0.00587084 1.65855e-07)
(-0.00338757 0.00329124 1.12713e-07)
(-0.00195408 0.00179959 7.32226e-08)
(-0.00109621 0.000960423 4.56371e-08)
(-0.000598648 0.000500584 2.73918e-08)
(-0.000318539 0.000254937 1.58678e-08)
(-0.000165275 0.000126918 8.89471e-09)
(-8.36772e-05 6.17906e-05 4.83137e-09)
(-4.13658e-05 2.94314e-05 2.5478e-09)
(-1.99788e-05 1.37202e-05 1.30564e-09)
(-9.43269e-06 6.26254e-06 6.51191e-10)
(-4.35592e-06 2.79999e-06 3.16311e-10)
(-1.96848e-06 1.22676e-06 1.4983e-10)
(-8.70991e-07 5.26912e-07 6.92458e-11)
(-3.77528e-07 2.21963e-07 3.12601e-11)
(-1.60381e-07 9.17413e-08 1.37892e-11)
(-6.68088e-08 3.722e-08 5.95097e-12)
(-2.73025e-08 1.48284e-08 2.51287e-12)
(-1.09512e-08 5.80359e-09 1.03856e-12)
(-4.31327e-09 2.23234e-09 4.21148e-13)
(-1.66891e-09 8.44231e-10 1.67057e-13)
(-6.34649e-10 3.14027e-10 6.48369e-14)
(-2.37295e-10 1.14933e-10 2.45329e-14)
(-8.72798e-11 4.14045e-11 8.76174e-15)
(-3.16007e-11 1.46812e-11 2.92058e-15)
(-1.13038e-11 5.10868e-12 1.16823e-15)
(-4.104e-12 1.70095e-12 1.16823e-15)
(-1.82712e-12 4.01872e-13 0)
(-0.0533888 0.0371582 7.41338e-07)
(-0.0358254 0.0228233 6.35192e-07)
(-0.0232492 0.0135598 5.05258e-07)
(-0.0145962 0.00782978 3.76653e-07)
(-0.0088783 0.00440858 2.65367e-07)
(-0.00524106 0.00242531 1.78088e-07)
(-0.00300727 0.00130506 1.14404e-07)
(-0.00167932 0.000687269 7.06801e-08)
(-0.00091357 0.000354299 4.21026e-08)
(-0.000484564 0.00017882 2.42531e-08)
(-0.000250762 8.83704e-05 1.35288e-08)
(-0.000126688 4.27651e-05 7.32356e-09)
(-6.25192e-05 2.02688e-05 3.85024e-09)
(-3.01525e-05 9.41039e-06 1.96934e-09)
(-1.42195e-05 4.28086e-06 9.80425e-10)
(-6.56009e-06 1.90861e-06 4.75822e-10)
(-2.96221e-06 8.34258e-07 2.25174e-10)
(-1.30982e-06 3.57623e-07 1.04054e-10)
(-5.6742e-07 1.50399e-07 4.69588e-11)
(-2.40938e-07 6.20751e-08 2.07244e-11)
(-1.00327e-07 2.5154e-08 8.94515e-12)
(-4.09863e-08 1.0011e-08 3.77923e-12)
(-1.64351e-08 3.91471e-09 1.56368e-12)
(-6.47162e-09 1.50465e-09 6.3435e-13)
(-2.50351e-09 5.6866e-10 2.53506e-13)
(-9.51851e-10 2.11406e-10 9.98839e-14)
(-3.55846e-10 7.7337e-11 3.85517e-14)
(-1.30862e-10 2.78483e-11 1.57711e-14)
(-4.73777e-11 9.8739e-12 7.00939e-15)
(-1.69452e-11 3.43694e-12 1.75235e-15)
(-6.14957e-12 1.14253e-12 0)
(-2.74067e-12 2.69862e-13 0)
(-0.0692406 0.0256499 9.60334e-07)
(-0.0463 0.0146299 8.14156e-07)
(-0.0297681 0.00803475 6.39519e-07)
(-0.0184748 0.00430239 4.70152e-07)
(-0.0111095 0.00226261 3.27047e-07)
(-0.00649109 0.00117279 2.16945e-07)
(-0.00369211 0.000599896 1.38065e-07)
(-0.00204696 0.000302784 8.46141e-08)
(-0.0011071 0.000150687 5.00959e-08)
(-0.000584468 7.38735e-05 2.8707e-08)
(-0.00030133 3.56427e-05 1.59533e-08)
(-0.000151779 1.69112e-05 8.60751e-09)
(-7.47204e-05 7.88545e-06 4.5154e-09)
(-3.59667e-05 3.61188e-06 2.30489e-09)
(-1.69345e-05 1.62469e-06 1.14619e-09)
(-7.80252e-06 7.17584e-07 5.5563e-10)
(-3.51947e-06 3.11191e-07 2.62838e-10)
(-1.55485e-06 1.32513e-07 1.21392e-10)
(-6.73076e-07 5.54151e-08 5.47907e-11)
(-2.85625e-07 2.27622e-08 2.41789e-11)
(-1.18873e-07 9.18588e-09 1.04417e-11)
(-4.85418e-08 3.64302e-09 4.4165e-12)
(-1.94575e-08 1.42025e-09 1.8312e-12)
(-7.65931e-09 5.44453e-10 7.4358e-13)
(-2.96216e-09 2.05299e-10 2.97899e-13)
(-1.12597e-09 7.61664e-11 1.17407e-13)
(-4.2085e-10 2.78144e-11 4.67293e-14)
(-1.54744e-10 1.00036e-11 2.10282e-14)
(-5.60144e-11 3.54091e-12 7.59351e-15)
(-2.0034e-11 1.23132e-12 2.92058e-15)
(-7.26757e-12 4.12386e-13 1.75235e-15)
(-3.24184e-12 9.81315e-14 1.75235e-15)
(-0.0812727 0.0104968 1.10132e-06)
(-0.0534406 0.00347455 9.20766e-07)
(-0.0335768 0.000583375 7.00886e-07)
(-0.0203683 -0.00033386 4.99458e-07)
(-0.0120079 -0.000477028 3.38408e-07)
(-0.00690378 -0.000383401 2.19855e-07)
(-0.00387728 -0.000255953 1.37646e-07)
(-0.00212853 -0.000154859 8.32856e-08)
(-0.00114248 -8.7841e-05 4.88075e-08)
(-0.000599608 -4.74921e-05 2.77395e-08)
(-0.000307724 -2.47003e-05 1.53103e-08)
(-0.000154445 -1.2427e-05 8.21354e-09)
(-7.58186e-05 -6.07018e-06 4.28742e-09)
(-3.64132e-05 -2.88606e-06 2.17919e-09)
(-1.71138e-05 -1.33807e-06 1.07952e-09)
(-7.87359e-06 -6.0581e-07 5.21533e-10)
(-3.54728e-06 -2.68146e-07 2.45933e-10)
(-1.56559e-06 -1.16142e-07 1.13262e-10)
(-6.77171e-07 -4.92657e-08 5.09828e-11)
(-2.87167e-07 -2.04807e-08 2.24429e-11)
(-1.19446e-07 -8.34964e-09 9.67004e-12)
(-4.8752e-08 -3.34018e-09 4.08063e-12)
(-1.95337e-08 -1.31187e-09 1.6881e-12)
(-7.68657e-09 -5.06116e-10 6.84584e-13)
(-2.9718e-09 -1.91891e-10 2.71614e-13)
(-1.12934e-09 -7.15367e-11 1.06309e-13)
(-4.2201e-10 -2.62338e-11 4.26405e-14)
(-1.55135e-10 -9.47086e-12 1.81076e-14)
(-5.61464e-11 -3.36217e-12 7.59351e-15)
(-2.00784e-11 -1.17407e-12 2.33646e-15)
(-7.28276e-12 -3.92526e-13 1.16823e-15)
(-3.25002e-12 -9.5795e-14 1.16823e-15)
(-0.0897737 -0.0104829 1.01896e-06)
(-0.0562134 -0.011667 8.44178e-07)
(-0.0335765 -0.00892001 6.34091e-07)
(-0.0195352 -0.00588444 4.43684e-07)
(-0.011159 -0.00358589 2.95339e-07)
(-0.00627002 -0.00207572 1.89124e-07)
(-0.00346357 -0.00115645 1.17088e-07)
(-0.00187885 -0.000624314 7.02793e-08)
(-0.000999729 -0.000327793 4.09466e-08)
(-0.000521328 -0.000167751 2.31841e-08)
(-0.000266265 -8.37912e-05 1.27643e-08)
(-0.000133149 -4.08905e-05 6.83952e-09)
(-6.51795e-05 -1.95099e-05 3.56857e-09)
(-3.12346e-05 -9.10663e-06 1.81457e-09)
(-1.46542e-05 -4.1607e-06 8.99655e-10)
(-6.73259e-06 -1.86164e-06 4.35272e-10)
(-3.0298e-06 -8.16117e-07 2.05608e-10)
(-1.33597e-06 -3.50699e-07 9.48978e-11)
(-5.77414e-07 -1.47787e-07 4.28169e-11)
(-2.44709e-07 -6.11014e-08 1.89008e-11)
(-1.01732e-07 -2.47951e-08 8.16536e-12)
(-4.1504e-08 -9.88026e-09 3.45563e-12)
(-1.66235e-08 -3.86758e-09 1.434e-12)
(-6.53934e-09 -1.48785e-09 5.82948e-13)
(-2.52758e-09 -5.62736e-10 2.32478e-13)
(-9.60314e-10 -2.09336e-10 9.17062e-14)
(-3.58779e-10 -7.66243e-11 3.62152e-14)
(-1.31871e-10 -2.76065e-11 1.5187e-14)
(-4.77188e-11 -9.79095e-12 6.42528e-15)
(-1.70609e-11 -3.40657e-12 1.75235e-15)
(-6.1928e-12 -1.13552e-12 1.16823e-15)
(-2.75586e-12 -2.66357e-13 -1.75235e-15)
(-0.0950778 -0.0442762 5.63674e-07)
(-0.0518776 -0.032263 4.20916e-07)
(-0.0277941 -0.0199921 3.00702e-07)
(-0.0150342 -0.0116484 2.06433e-07)
(-0.00819917 -0.00656192 1.36353e-07)
(-0.00447434 -0.00360621 8.68541e-08)
(-0.00242587 -0.00193904 5.35116e-08)
(-0.00129987 -0.00102092 3.19446e-08)
(-0.000685916 -0.000526409 1.85096e-08)
(-0.000355606 -0.000265807 1.04182e-08)
(-0.000180864 -0.000131433 5.70285e-09)
(-9.01639e-05 -6.36423e-05 3.03739e-09)
(-4.40347e-05 -3.01812e-05 1.57562e-09)
(-2.10641e-05 -1.402e-05 7.96374e-10)
(-9.86877e-06 -6.3809e-06 3.92567e-10)
(-4.529e-06 -2.84613e-06 1.88796e-10)
(-2.03633e-06 -1.24452e-06 8.86694e-11)
(-8.97263e-07 -5.33664e-07 4.06819e-11)
(-3.87574e-07 -2.24497e-07 1.82484e-11)
(-1.64175e-07 -9.26812e-08 8.00823e-12)
(-6.82246e-08 -3.75642e-08 3.43928e-12)
(-2.78244e-08 -1.4953e-08 1.44627e-12)
(-1.11413e-08 -5.84815e-09 5.96383e-13)
(-4.38172e-09 -2.2481e-09 2.41824e-13)
(-1.69328e-09 -8.49741e-10 9.46268e-14)
(-6.43222e-10 -3.15931e-10 3.73834e-14)
(-2.40282e-10 -1.1558e-10 1.5187e-14)
(-8.83032e-11 -4.16206e-11 5.84116e-15)
(-3.19476e-11 -1.47548e-11 2.92058e-15)
(-1.14206e-11 -5.13321e-12 1.75235e-15)
(-4.14372e-12 -1.70912e-12 1.16823e-15)
(-1.84698e-12 -3.99535e-13 1.75235e-15)
(-0.0969205 -0.113474 9.83381e-08)
(-0.0319293 -0.056628 6.56292e-08)
(-0.0129619 -0.0296669 4.64313e-08)
(-0.00610502 -0.015872 3.27347e-08)
(-0.00311686 -0.00852769 2.22939e-08)
(-0.00164713 -0.00455598 1.45723e-08)
(-0.000878277 -0.00240622 9.15373e-09)
(-0.000466224 -0.00125183 5.54567e-09)
(-0.000244619 -0.000640122 3.24856e-09)
(-0.000126351 -0.000321293 1.8445e-09)
(-6.41003e-05 -0.000158164 1.01642e-09)
(-3.18972e-05 -7.63287e-05 5.44441e-10)
(-1.55572e-05 -3.61033e-05 2.83669e-10)
(-7.43429e-06 -1.67367e-05 1.43937e-10)
(-3.48032e-06 -7.60492e-06 7.11629e-11)
(-1.59621e-06 -3.38762e-06 3.43145e-11)
(-7.17335e-07 -1.47971e-06 1.61467e-11)
(-3.15951e-07 -6.33957e-07 7.42061e-12)
(-1.36431e-07 -2.66493e-07 3.33121e-12)
(-5.77763e-08 -1.09951e-07 1.46321e-12)
(-2.40042e-08 -4.45411e-08 6.29677e-13)
(-9.78791e-09 -1.77226e-08 2.65189e-13)
(-3.9186e-09 -6.92883e-09 1.0923e-13)
(-1.54093e-09 -2.6627e-09 4.49769e-14)
(-5.95413e-10 -1.00618e-09 1.81076e-14)
(-2.26155e-10 -3.74008e-10 7.00939e-15)
(-8.44737e-11 -1.36803e-10 4.08881e-15)
(-3.10434e-11 -4.9255e-11 1.75235e-15)
(-1.12314e-11 -1.74557e-11 5.84116e-16)
(-4.01638e-12 -6.07481e-12 0)
(-1.45562e-12 -2.01871e-12 -5.84116e-16)
(-6.49537e-13 -4.74302e-13 0)
(-0.429733 0.00293568 1.20994e-08)
(-0.414044 0.00793258 3.95524e-08)
(-0.385353 0.0105959 6.65705e-08)
(-0.348398 0.0100115 8.99247e-08)
(-0.309204 0.00558213 1.08146e-07)
(-0.27488 -0.00356074 1.21121e-07)
(-0.255697 -0.0195818 1.1937e-07)
(-0.276451 -0.0482747 5.65345e-08)
(-0.425907 0.00159968 1.00588e-08)
(-0.41139 0.00431182 3.4685e-08)
(-0.384787 0.00568487 5.91466e-08)
(-0.350528 0.00513367 8.01936e-08)
(-0.314402 0.00233921 9.48588e-08)
(-0.282999 -0.00271651 9.59284e-08)
(-0.263279 -0.00912486 7.12176e-08)
(-0.26047 -0.0118892 2.83064e-08)
(-0.423821 0.000889851 8.33219e-09)
(-0.409959 0.00240592 2.70704e-08)
(-0.384531 0.003191 4.51979e-08)
(-0.351744 0.00292755 6.02298e-08)
(-0.317054 0.00150665 6.97835e-08)
(-0.286344 -0.000845212 6.94625e-08)
(-0.264869 -0.00317314 5.20608e-08)
(-0.255437 -0.00302677 1.93583e-08)
(-0.422611 0.000542995 6.83014e-09)
(-0.409088 0.00150201 2.22589e-08)
(-0.384265 0.00211032 3.71698e-08)
(-0.352212 0.00222212 4.93137e-08)
(-0.318174 0.00179983 5.61416e-08)
(-0.287679 0.000953825 5.28003e-08)
(-0.26546 2.92282e-05 3.48511e-08)
(-0.25427 -0.000327386 1.12036e-08)
(-0.421776 0.000404497 4.85939e-09)
(-0.408392 0.00117765 1.58452e-08)
(-0.383811 0.00185807 2.67119e-08)
(-0.352055 0.00241997 3.62014e-08)
(-0.318322 0.00284857 4.33733e-08)
(-0.288115 0.00306101 4.49397e-08)
(-0.26615 0.00276294 4.10032e-08)
(-0.255139 0.00136788 2.26319e-08)
(-0.421029 0.000380997 3.98501e-09)
(-0.407635 0.00117792 1.32455e-08)
(-0.383023 0.00209222 2.32589e-08)
(-0.351221 0.00322787 3.41266e-08)
(-0.317533 0.00465921 4.52246e-08)
(-0.287764 0.00623157 5.31538e-08)
(-0.267153 0.00705126 4.21406e-08)
(-0.258401 0.00460576 4.82862e-09)
(-0.420217 0.000409257 2.48073e-09)
(-0.40668 0.00132418 8.31726e-09)
(-0.381761 0.00255415 1.46984e-08)
(-0.349488 0.00438631 2.14715e-08)
(-0.315319 0.00717299 2.79562e-08)
(-0.285723 0.011152 2.90566e-08)
(-0.267776 0.0155848 2.47908e-08)
(-0.266796 0.0151557 3.4287e-08)
(-0.419296 0.000438826 9.03875e-10)
(-0.40549 0.00146009 4.80664e-09)
(-0.379961 0.00296049 9.76953e-09)
(-0.346603 0.00543506 1.60488e-08)
(-0.310768 0.00970431 2.52204e-08)
(-0.279353 0.017232 4.17745e-08)
(-0.26315 0.0308855 6.32782e-08)
(-0.289142 0.05712 1.82904e-08)
(-0.429733 0.00293568 6.37835e-08)
(-0.414044 0.00793256 1.8663e-07)
(-0.385353 0.0105959 2.84843e-07)
(-0.348398 0.0100114 3.45723e-07)
(-0.309204 0.00558207 3.64683e-07)
(-0.27488 -0.00356083 3.43964e-07)
(-0.255697 -0.0195819 2.78451e-07)
(-0.276452 -0.0482749 1.23276e-07)
(-0.425907 0.00159967 5.00038e-08)
(-0.411389 0.00431179 1.44099e-07)
(-0.384787 0.00568483 2.15636e-07)
(-0.350528 0.00513361 2.53909e-07)
(-0.314402 0.00233914 2.54946e-07)
(-0.282999 -0.00271662 2.17699e-07)
(-0.263279 -0.009125 1.4384e-07)
(-0.26047 -0.0118893 5.48843e-08)
(-0.423821 0.000889844 3.54441e-08)
(-0.409959 0.00240589 1.01685e-07)
(-0.384531 0.00319095 1.49058e-07)
(-0.351744 0.00292749 1.69521e-07)
(-0.317054 0.00150658 1.61612e-07)
(-0.286344 -0.000845299 1.29023e-07)
(-0.264869 -0.00317321 7.83791e-08)
(-0.255437 -0.0030268 2.47017e-08)
(-0.422611 0.000542988 2.55155e-08)
(-0.409088 0.00150199 7.09088e-08)
(-0.384265 0.00211028 1.00376e-07)
(-0.352212 0.00222207 1.08204e-07)
(-0.318174 0.00179977 9.45948e-08)
(-0.287679 0.000953776 6.43709e-08)
(-0.26546 2.92061e-05 2.80276e-08)
(-0.25427 -0.000327379 4.9571e-09)
(-0.421776 0.000404491 1.62191e-08)
(-0.408392 0.00117764 4.52046e-08)
(-0.383811 0.00185805 6.167e-08)
(-0.352054 0.00241994 6.20267e-08)
(-0.318322 0.00284855 4.88089e-08)
(-0.288115 0.00306101 2.86365e-08)
(-0.266151 0.00276295 1.66612e-08)
(-0.255139 0.00136786 1.05802e-08)
(-0.421029 0.000380992 1.25373e-08)
(-0.407635 0.00117791 3.32763e-08)
(-0.383023 0.0020922 4.39633e-08)
(-0.351221 0.00322784 4.29189e-08)
(-0.317533 0.00465917 3.20872e-08)
(-0.287764 0.00623154 1.74476e-08)
(-0.267153 0.00705123 -3.17131e-09)
(-0.258401 0.00460578 -2.0738e-08)
(-0.420217 0.000409251 9.01462e-09)
(-0.40668 0.00132416 2.4758e-08)
(-0.381761 0.00255412 3.21507e-08)
(-0.349488 0.00438627 2.94049e-08)
(-0.315319 0.00717295 1.80305e-08)
(-0.285723 0.011152 8.76815e-10)
(-0.267776 0.0155848 -6.82561e-09)
(-0.266796 0.0151557 2.46276e-08)
(-0.419296 0.000438822 1.03108e-08)
(-0.40549 0.00146008 2.88573e-08)
(-0.379961 0.00296047 4.17515e-08)
(-0.346603 0.00543503 4.77366e-08)
(-0.310767 0.00970426 4.95082e-08)
(-0.279353 0.0172319 5.47056e-08)
(-0.26315 0.0308854 6.40431e-08)
(-0.289142 0.0571197 8.99333e-09)
(-0.429732 0.00293563 1.4861e-07)
(-0.414044 0.0079324 4.00039e-07)
(-0.385353 0.0105956 5.72023e-07)
(-0.348398 0.0100111 6.40629e-07)
(-0.309204 0.00558168 5.96075e-07)
(-0.27488 -0.00356126 4.42387e-07)
(-0.255697 -0.0195823 2.16069e-07)
(-0.276452 -0.0482753 9.86732e-08)
(-0.425907 0.00159962 1.06401e-07)
(-0.411389 0.00431165 2.79901e-07)
(-0.384786 0.0056846 3.80332e-07)
(-0.350528 0.00513332 3.89021e-07)
(-0.314402 0.00233881 3.06686e-07)
(-0.282999 -0.00271694 1.67999e-07)
(-0.263279 -0.00912526 4.9067e-08)
(-0.260471 -0.0118894 1.9108e-09)
(-0.423821 0.000889802 7.21669e-08)
(-0.409959 0.00240577 1.83313e-07)
(-0.384531 0.00319076 2.3424e-07)
(-0.351744 0.00292726 2.11101e-07)
(-0.317054 0.00150633 1.21054e-07)
(-0.286344 -0.000845519 1.76133e-09)
(-0.264869 -0.00317337 -7.02715e-08)
(-0.255438 -0.00302687 -3.6822e-08)
(-0.422611 0.000542956 4.35366e-08)
(-0.409088 0.0015019 1.05077e-07)
(-0.384265 0.00211015 1.16477e-07)
(-0.352212 0.0022219 7.04046e-08)
(-0.318174 0.0017996 -1.90365e-08)
(-0.287679 0.000953624 -1.07389e-07)
(-0.26546 2.91048e-05 -1.28809e-07)
(-0.25427 -0.000327414 -5.84089e-08)
(-0.421776 0.000404471 2.57823e-08)
(-0.408392 0.00117758 5.53373e-08)
(-0.383811 0.00185796 4.37431e-08)
(-0.352055 0.00241984 -1.49211e-08)
(-0.318322 0.00284844 -1.07402e-07)
(-0.288115 0.00306092 -1.91171e-07)
(-0.266151 0.00276288 -2.1218e-07)
(-0.255139 0.00136783 -1.09088e-07)
(-0.421029 0.000380982 1.53961e-08)
(-0.407635 0.00117788 2.7764e-08)
(-0.383023 0.00209217 2.08879e-09)
(-0.351221 0.0032278 -6.91058e-08)
(-0.317533 0.00465914 -1.75432e-07)
(-0.287765 0.00623152 -2.78412e-07)
(-0.267153 0.00705121 -2.85007e-07)
(-0.258401 0.00460579 -1.10223e-07)
(-0.420217 0.000409253 1.4092e-08)
(-0.40668 0.00132417 2.68863e-08)
(-0.381761 0.00255414 8.96274e-09)
(-0.349488 0.00438631 -4.69567e-08)
(-0.315319 0.00717302 -1.33361e-07)
(-0.285723 0.0111521 -2.12512e-07)
(-0.267776 0.0155849 -2.22197e-07)
(-0.266796 0.0151557 -1.54272e-07)
(-0.419296 0.000438832 2.39221e-08)
(-0.40549 0.00146011 5.71813e-08)
(-0.37996 0.00296053 6.48093e-08)
(-0.346603 0.00543514 4.09557e-08)
(-0.310768 0.00970442 -1.71936e-08)
(-0.279353 0.0172321 -1.10574e-07)
(-0.26315 0.0308856 -2.14698e-07)
(-0.289142 0.0571199 -1.09579e-07)
(-0.429732 0.00293551 9.69261e-08)
(-0.414043 0.00793208 2.52961e-07)
(-0.385352 0.0105951 3.53751e-07)
(-0.348398 0.0100104 3.84832e-07)
(-0.309204 0.00558086 3.39538e-07)
(-0.274881 -0.00356211 2.19544e-07)
(-0.255697 -0.0195831 5.69886e-08)
(-0.276452 -0.0482757 3.19321e-08)
(-0.425906 0.00159952 6.64561e-08)
(-0.411389 0.00431136 1.70487e-07)
(-0.384786 0.00568415 2.23843e-07)
(-0.350528 0.00513275 2.15306e-07)
(-0.314402 0.00233819 1.46598e-07)
(-0.283 -0.0027175 4.6229e-08)
(-0.263279 -0.00912557 -2.35558e-08)
(-0.26047 -0.0118895 -2.46672e-08)
(-0.423821 0.000889719 4.50549e-08)
(-0.409959 0.00240555 1.08698e-07)
(-0.384531 0.00319042 1.3038e-07)
(-0.351744 0.00292685 1.01809e-07)
(-0.317054 0.00150593 2.92256e-08)
(-0.286345 -0.000845849 -5.77995e-08)
(-0.264869 -0.00317357 -9.65898e-08)
(-0.255437 -0.00302692 -4.21654e-08)
(-0.422611 0.000542895 2.48513e-08)
(-0.409088 0.00150173 5.64272e-08)
(-0.384265 0.0021099 5.32715e-08)
(-0.352212 0.00222162 1.15139e-08)
(-0.318175 0.00179932 -5.74897e-08)
(-0.287679 0.00095339 -1.18959e-07)
(-0.26546 2.89223e-05 -1.21985e-07)
(-0.25427 -0.000327524 -5.21624e-08)
(-0.421776 0.000404435 1.44226e-08)
(-0.408392 0.00117748 2.59778e-08)
(-0.383811 0.00185782 8.78507e-09)
(-0.352055 0.00241966 -4.07464e-08)
(-0.318323 0.00284823 -1.12838e-07)
(-0.288115 0.00306067 -1.74868e-07)
(-0.26615 0.00276264 -1.87838e-07)
(-0.255139 0.00136776 -9.70362e-08)
(-0.421029 0.000380968 6.84376e-09)
(-0.407635 0.00117785 7.73322e-09)
(-0.383023 0.00209213 -1.86157e-08)
(-0.351222 0.00322777 -7.7898e-08)
(-0.317534 0.00465912 -1.62294e-07)
(-0.287765 0.0062315 -2.42705e-07)
(-0.267153 0.00705121 -2.39696e-07)
(-0.2584 0.00460569 -8.46568e-08)
(-0.420217 0.000409268 7.5581e-09)
(-0.40668 0.00132422 1.04456e-08)
(-0.381761 0.00255424 -8.48955e-09)
(-0.349488 0.00438649 -5.489e-08)
(-0.315319 0.00717326 -1.23435e-07)
(-0.285723 0.0111523 -1.84332e-07)
(-0.267776 0.015585 -1.9058e-07)
(-0.266796 0.0151557 -1.44612e-07)
(-0.419295 0.000438862 1.45153e-08)
(-0.40549 0.00146021 3.31307e-08)
(-0.379961 0.00296073 3.28274e-08)
(-0.346603 0.00543546 9.2679e-09)
(-0.310768 0.0097049 -4.14815e-08)
(-0.279353 0.0172327 -1.23505e-07)
(-0.26315 0.0308863 -2.15463e-07)
(-0.289141 0.0571208 -1.00282e-07)
(-0.418318 0.000429913 5.88246e-10)
(-0.404159 0.00145065 2.47785e-09)
(-0.377786 0.00301263 4.30247e-09)
(-0.342744 0.0056974 5.11488e-09)
(-0.303522 0.0105296 3.89063e-09)
(-0.264542 0.0195094 -1.40188e-09)
(-0.227888 0.0370392 -2.37787e-08)
(-0.18452 0.0743893 -8.47642e-08)
(-0.417415 0.000362856 -1.86953e-09)
(-0.402907 0.0012297 -2.48596e-09)
(-0.375714 0.00256719 -3.85793e-09)
(-0.339086 0.0048588 -8.58777e-09)
(-0.296956 0.00888171 -1.90696e-08)
(-0.252843 0.0158773 -3.77856e-08)
(-0.20827 0.027584 -6.50114e-08)
(-0.160733 0.0450267 -6.92227e-08)
(-0.416726 0.000241554 -4.56526e-10)
(-0.401954 0.000818373 -2.28913e-10)
(-0.374157 0.00170357 -7.64441e-10)
(-0.336429 0.00319436 -4.26231e-09)
(-0.292503 0.00571692 -1.2738e-08)
(-0.245839 0.00981062 -2.72917e-08)
(-0.198739 0.0158658 -4.61042e-08)
(-0.152026 0.0231467 -5.65185e-08)
(-0.416355 8.46511e-05 -2.20992e-09)
(-0.401445 0.000286472 -2.91733e-09)
(-0.373338 0.000594322 -4.1733e-09)
(-0.335072 0.00110612 -8.53105e-09)
(-0.290339 0.00195198 -1.71948e-08)
(-0.242694 0.0032708 -2.96727e-08)
(-0.194934 0.00509766 -4.19022e-08)
(-0.149035 0.00707638 -4.31529e-08)
(-0.416355 -8.43184e-05 -1.28565e-10)
(-0.401445 -0.000285413 1.62589e-09)
(-0.373337 -0.000592336 3.35888e-09)
(-0.335072 -0.00110291 3.26903e-09)
(-0.290339 -0.00194725 1.29242e-10)
(-0.242694 -0.00326442 -6.40301e-09)
(-0.194933 -0.0050899 -1.57578e-08)
(-0.149035 -0.00706773 -2.44589e-08)
(-0.416725 -0.000241321 -3.52055e-10)
(-0.401953 -0.000817617 1.96215e-09)
(-0.374155 -0.00170211 4.51783e-09)
(-0.336427 -0.00319189 5.22065e-09)
(-0.292501 -0.00571305 2.57659e-09)
(-0.245837 -0.00980493 -5.74803e-09)
(-0.198737 -0.0158581 -2.19721e-08)
(-0.152026 -0.0231377 -4.04587e-08)
(-0.417414 -0.00036279 1.05058e-09)
(-0.402906 -0.00122947 5.73448e-09)
(-0.375711 -0.00256669 1.16764e-08)
(-0.339082 -0.00485787 1.83069e-08)
(-0.296952 -0.00888016 2.63884e-08)
(-0.252839 -0.015875 3.66256e-08)
(-0.208266 -0.0275809 5.15685e-08)
(-0.160733 -0.0450252 8.93112e-08)
(-0.418317 -0.000430084 2.40769e-09)
(-0.404157 -0.00145115 9.15246e-09)
(-0.377784 -0.0030135 1.80297e-08)
(-0.342741 -0.00569873 3.00993e-08)
(-0.303518 -0.0105317 4.74401e-08)
(-0.264538 -0.0195128 7.18219e-08)
(-0.227887 -0.0370451 1.00966e-07)
(-0.184524 -0.0743977 1.15199e-07)
(-0.418318 0.000429908 1.19277e-08)
(-0.404159 0.00145063 3.49924e-08)
(-0.377786 0.0030126 5.35422e-08)
(-0.342744 0.00569735 6.63367e-08)
(-0.303522 0.0105295 7.28954e-08)
(-0.264542 0.0195092 7.28269e-08)
(-0.227888 0.037039 5.36397e-08)
(-0.18452 0.0743891 -3.9252e-09)
(-0.417415 0.000362854 1.49152e-08)
(-0.402907 0.0012297 4.59977e-08)
(-0.375714 0.00256718 7.54118e-08)
(-0.339086 0.00485878 1.02103e-07)
(-0.296956 0.00888168 1.26252e-07)
(-0.252843 0.0158773 1.46995e-07)
(-0.20827 0.0275839 1.62841e-07)
(-0.160733 0.0450267 1.97701e-07)
(-0.416726 0.000241554 1.87977e-08)
(-0.401954 0.000818372 5.73723e-08)
(-0.374157 0.00170357 9.60502e-08)
(-0.336429 0.00319436 1.35334e-07)
(-0.292503 0.00571693 1.75809e-07)
(-0.245839 0.00981064 2.17176e-07)
(-0.198739 0.0158658 2.57144e-07)
(-0.152026 0.0231467 2.96662e-07)
(-0.416355 8.46517e-05 1.96638e-08)
(-0.401445 0.000286475 6.2576e-08)
(-0.373338 0.00059433 1.07249e-07)
(-0.335072 0.00110613 1.54357e-07)
(-0.290339 0.00195201 2.05619e-07)
(-0.242694 0.00327084 2.61096e-07)
(-0.194934 0.00509772 3.18232e-07)
(-0.149035 0.00707644 3.72424e-07)
(-0.416355 -8.43147e-05 2.16731e-08)
(-0.401445 -0.000285404 6.65255e-08)
(-0.373337 -0.000592319 1.13317e-07)
(-0.335072 -0.00110288 1.6335e-07)
(-0.290339 -0.00194721 2.18029e-07)
(-0.242694 -0.00326437 2.76419e-07)
(-0.194933 -0.00508986 3.32439e-07)
(-0.149035 -0.00706773 3.74631e-07)
(-0.416725 -0.000241319 1.89233e-08)
(-0.401953 -0.000817609 5.96996e-08)
(-0.374155 -0.00170209 1.01269e-07)
(-0.336427 -0.00319186 1.44035e-07)
(-0.292501 -0.005713 1.89107e-07)
(-0.245837 -0.00980485 2.34678e-07)
(-0.198737 -0.0158579 2.75334e-07)
(-0.152026 -0.0231375 3.07063e-07)
(-0.417414 -0.000362784 1.78024e-08)
(-0.402905 -0.00122946 5.36696e-08)
(-0.375711 -0.00256666 8.91016e-08)
(-0.339082 -0.00485782 1.24733e-07)
(-0.296952 -0.00888007 1.63412e-07)
(-0.252839 -0.0158748 2.06669e-07)
(-0.208266 -0.0275807 2.56373e-07)
(-0.160733 -0.0450249 3.23857e-07)
(-0.418317 -0.000430082 1.38636e-08)
(-0.404157 -0.00145115 4.17949e-08)
(-0.377784 -0.00301349 6.66196e-08)
(-0.342741 -0.00569871 8.88539e-08)
(-0.303518 -0.0105317 1.10436e-07)
(-0.264538 -0.0195128 1.34466e-07)
(-0.227887 -0.037045 1.60555e-07)
(-0.184524 -0.0743978 1.71201e-07)
(-0.418318 0.000429923 3.40986e-08)
(-0.404159 0.00145068 9.30657e-08)
(-0.377786 0.0030127 1.38528e-07)
(-0.342744 0.00569751 1.69448e-07)
(-0.303522 0.0105298 1.88286e-07)
(-0.264542 0.0195096 1.99732e-07)
(-0.227888 0.0370394 2.28754e-07)
(-0.18452 0.0743896 3.65167e-07)
(-0.417415 0.00036287 5.46624e-08)
(-0.402907 0.00122975 1.54347e-07)
(-0.375714 0.00256727 2.53405e-07)
(-0.339085 0.00485894 3.63321e-07)
(-0.296955 0.00888192 4.97412e-07)
(-0.252843 0.0158776 6.67652e-07)
(-0.20827 0.0275844 8.72392e-07)
(-0.160733 0.0450273 1.02303e-06)
(-0.416726 0.000241564 6.31522e-08)
(-0.401954 0.000818406 1.85203e-07)
(-0.374157 0.00170364 3.14785e-07)
(-0.336429 0.00319446 4.67013e-07)
(-0.292503 0.00571708 6.57937e-07)
(-0.245839 0.00981085 8.96873e-07)
(-0.198739 0.0158661 1.17151e-06)
(-0.152026 0.023147 1.40865e-06)
(-0.416355 8.46568e-05 7.41059e-08)
(-0.401445 0.00028649 2.15179e-07)
(-0.373338 0.000594356 3.68041e-07)
(-0.335072 0.00110617 5.50707e-07)
(-0.290339 0.00195207 7.77583e-07)
(-0.242694 0.00327092 1.04989e-06)
(-0.194933 0.00509781 1.33918e-06)
(-0.149035 0.00707653 1.565e-06)
(-0.416355 -8.43199e-05 7.09945e-08)
(-0.401445 -0.000285419 2.07796e-07)
(-0.373337 -0.000592348 3.5416e-07)
(-0.335071 -0.00110293 5.26922e-07)
(-0.290338 -0.00194728 7.39957e-07)
(-0.242693 -0.00326447 9.94878e-07)
(-0.194933 -0.00508998 1.26935e-06)
(-0.149035 -0.00706786 1.50032e-06)
(-0.416725 -0.000241329 6.36044e-08)
(-0.401953 -0.000817643 1.82744e-07)
(-0.374155 -0.00170216 3.07021e-07)
(-0.336427 -0.00319196 4.50703e-07)
(-0.292501 -0.00571316 6.27912e-07)
(-0.245837 -0.00980507 8.48987e-07)
(-0.198737 -0.0158582 1.11003e-06)
(-0.152025 -0.0231378 1.35889e-06)
(-0.417414 -0.0003628 5.10123e-08)
(-0.402905 -0.00122951 1.42538e-07)
(-0.375711 -0.00256676 2.27696e-07)
(-0.339082 -0.00485798 3.14257e-07)
(-0.296951 -0.00888032 4.0842e-07)
(-0.252838 -0.0158752 5.14375e-07)
(-0.208266 -0.0275812 6.22475e-07)
(-0.160732 -0.0450255 6.44864e-07)
(-0.418317 -0.000430096 3.25312e-08)
(-0.404157 -0.00145119 8.4702e-08)
(-0.377784 -0.00301358 1.17799e-07)
(-0.342741 -0.00569886 1.26461e-07)
(-0.303518 -0.0105319 1.06455e-07)
(-0.264538 -0.0195131 5.47509e-08)
(-0.227887 -0.0370454 -2.3574e-08)
(-0.184524 -0.0743983 -7.35427e-08)
(-0.418318 0.000429969 2.27591e-08)
(-0.404159 0.00145082 6.05512e-08)
(-0.377786 0.00301298 8.92887e-08)
(-0.342744 0.00569799 1.08226e-07)
(-0.303522 0.0105306 1.19281e-07)
(-0.264542 0.0195108 1.25503e-07)
(-0.227888 0.0370411 1.51335e-07)
(-0.18452 0.0743913 2.84328e-07)
(-0.417415 0.000362912 3.78776e-08)
(-0.402907 0.00122988 1.05863e-07)
(-0.375713 0.00256753 1.74136e-07)
(-0.339085 0.00485937 2.5263e-07)
(-0.296955 0.00888262 3.52091e-07)
(-0.252842 0.0158787 4.82872e-07)
(-0.208269 0.0275858 6.4454e-07)
(-0.160732 0.0450288 7.56106e-07)
(-0.416725 0.000241592 4.3898e-08)
(-0.401954 0.000818494 1.27602e-07)
(-0.374156 0.0017038 2.1797e-07)
(-0.336429 0.00319473 3.27417e-07)
(-0.292502 0.00571749 4.69391e-07)
(-0.245838 0.0098114 6.52406e-07)
(-0.198738 0.0158668 8.68258e-07)
(-0.152026 0.0231478 1.05547e-06)
(-0.416355 8.46674e-05 5.22321e-08)
(-0.401445 0.00028652 1.49686e-07)
(-0.373337 0.000594409 2.56618e-07)
(-0.335071 0.00110625 3.87818e-07)
(-0.290338 0.00195217 5.54769e-07)
(-0.242693 0.00327104 7.59123e-07)
(-0.194933 0.00509791 9.79047e-07)
(-0.149034 0.00707662 1.14942e-06)
(-0.416354 -8.43357e-05 4.91929e-08)
(-0.401444 -0.000285469 1.42896e-07)
(-0.373337 -0.000592441 2.44201e-07)
(-0.335071 -0.00110308 3.66841e-07)
(-0.290338 -0.00194751 5.22057e-07)
(-0.242693 -0.00326477 7.12056e-07)
(-0.194932 -0.00509032 9.2115e-07)
(-0.149034 -0.00706814 1.10123e-06)
(-0.416724 -0.000241359 4.4329e-08)
(-0.401953 -0.000817739 1.25006e-07)
(-0.374155 -0.00170235 2.1027e-07)
(-0.336427 -0.00319228 3.11889e-07)
(-0.2925 -0.00571366 4.41381e-07)
(-0.245836 -0.00980581 6.08561e-07)
(-0.198736 -0.0158592 8.12725e-07)
(-0.152025 -0.0231392 1.01136e-06)
(-0.417413 -0.000362846 3.42605e-08)
(-0.402905 -0.00122966 9.46024e-08)
(-0.375711 -0.00256704 1.50271e-07)
(-0.339082 -0.00485847 2.07831e-07)
(-0.296951 -0.00888111 2.71397e-07)
(-0.252838 -0.0158764 3.44332e-07)
(-0.208266 -0.027583 4.17671e-07)
(-0.160732 -0.0450278 4.10318e-07)
(-0.418317 -0.000430137 2.10753e-08)
(-0.404157 -0.00145132 5.20596e-08)
(-0.377784 -0.00301383 6.92089e-08)
(-0.342741 -0.0056993 6.7706e-08)
(-0.303518 -0.0105326 4.34588e-08)
(-0.264538 -0.0195142 -7.89347e-09)
(-0.227887 -0.0370468 -8.31629e-08)
(-0.184524 -0.0743993 -1.29545e-07)
(-0.10468 0.13144 -6.66533e-08)
(-0.035309 0.0677291 -4.31162e-08)
(-0.0148379 0.0364544 -2.47631e-08)
(-0.0072396 0.0199144 -1.29825e-08)
(-0.00380631 0.0108623 -6.19185e-09)
(-0.00205635 0.00586322 -2.58773e-09)
(-0.0011137 0.00311668 -8.46878e-10)
(-0.000597384 0.00162715 -1.00101e-10)
(-0.000315462 0.000833116 1.54004e-10)
(-0.000163506 0.000418014 1.96224e-10)
(-8.30519e-05 0.000205457 1.61557e-10)
(-4.13114e-05 9.89122e-05 1.12695e-10)
(-2.01172e-05 4.66438e-05 7.09181e-11)
(-9.59018e-06 2.15487e-05 4.17012e-11)
(-4.47614e-06 9.75506e-06 2.31503e-11)
(-2.04597e-06 4.32856e-06 1.23021e-11)
(-9.16097e-07 1.88321e-06 6.26757e-12)
(-4.0196e-07 8.03609e-07 3.08822e-12)
(-1.72896e-07 3.36464e-07 1.47022e-12)
(-7.29319e-08 1.38274e-07 6.79327e-13)
(-3.01827e-08 5.57979e-08 3.0374e-13)
(-1.22599e-08 2.21174e-08 1.33178e-13)
(-4.88966e-09 8.61504e-09 5.66593e-14)
(-1.91566e-09 3.29878e-09 2.27805e-14)
(-7.37526e-10 1.24218e-09 9.34586e-15)
(-2.79149e-10 4.60172e-10 3.5047e-15)
(-1.03912e-10 1.67766e-10 1.75235e-15)
(-3.80575e-11 6.02154e-11 5.84116e-16)
(-1.37232e-11 2.12782e-11 -1.16823e-15)
(-4.89372e-12 7.38673e-12 -1.75235e-15)
(-1.7687e-12 2.45446e-12 -1.16823e-15)
(-7.87388e-13 5.77107e-13 -1.16823e-15)
(-0.10627 0.060078 -4.90159e-08)
(-0.0596764 0.0428737 -2.6436e-08)
(-0.0329769 0.026596 -9.52451e-09)
(-0.0183525 0.0155615 3.8082e-10)
(-0.0102448 0.00879364 4.8205e-09)
(-0.00568929 0.00483824 5.87064e-09)
(-0.00312237 0.00259964 5.24496e-09)
(-0.00168618 0.00136572 4.03226e-09)
(-0.000893672 0.000701883 2.81682e-09)
(-0.000464152 0.000352977 1.83184e-09)
(-0.00023605 0.000173742 1.12545e-09)
(-0.000117502 8.37214e-05 6.58573e-10)
(-5.72463e-05 3.95045e-05 3.69466e-10)
(-2.72985e-05 1.8258e-05 1.99458e-10)
(-1.2744e-05 8.26776e-06 1.04009e-10)
(-5.82588e-06 3.66937e-06 5.24951e-11)
(-2.60885e-06 1.59666e-06 2.57064e-11)
(-1.14479e-06 6.81412e-07 1.22308e-11)
(-4.92439e-07 2.85327e-07 5.66417e-12)
(-2.07734e-07 1.17268e-07 2.55551e-12)
(-8.5974e-08 4.73242e-08 1.12267e-12)
(-3.49229e-08 1.87596e-08 4.83064e-13)
(-1.3929e-08 7.30751e-09 2.00936e-13)
(-5.4572e-09 2.79824e-09 8.23604e-14)
(-2.10108e-09 1.05375e-09 3.15423e-14)
(-7.95267e-10 3.90378e-10 1.16823e-14)
(-2.96043e-10 1.42332e-10 4.67293e-15)
(-1.08434e-10 5.10903e-11 0)
(-3.91054e-11 1.80539e-11 0)
(-1.39335e-11 6.2664e-12 -1.75235e-15)
(-5.03859e-12 2.08062e-12 -2.33646e-15)
(-2.24534e-12 4.87153e-13 -1.75235e-15)
(-0.106833 0.0275636 -4.85297e-08)
(-0.068791 0.0223891 -2.99203e-08)
(-0.0421501 0.0152671 -1.18685e-08)
(-0.025042 0.00947939 2.47272e-10)
(-0.0145296 0.00555335 6.2325e-09)
(-0.00825036 0.00312259 7.85781e-09)
(-0.00458622 0.00170002 7.16245e-09)
(-0.00249514 0.000900312 5.57568e-09)
(-0.00132821 0.000465001 3.92987e-09)
(-0.000691647 0.00023458 2.57145e-09)
(-0.000352307 0.000115696 1.58736e-09)
(-0.000175549 5.5823e-05 9.32137e-10)
(-8.55805e-05 2.63633e-05 5.24441e-10)
(-4.08269e-05 1.21917e-05 2.83767e-10)
(-1.90648e-05 5.52307e-06 1.48261e-10)
(-8.71707e-06 2.45197e-06 7.49526e-11)
(-3.90405e-06 1.06718e-06 3.6759e-11)
(-1.71329e-06 4.55522e-07 1.75118e-11)
(-7.3704e-07 1.90768e-07 8.11805e-12)
(-3.10935e-07 7.84141e-08 3.66591e-12)
(-1.28691e-07 3.16478e-08 1.61391e-12)
(-5.22765e-08 1.25466e-08 6.95098e-13)
(-2.0851e-08 4.88775e-09 2.92642e-13)
(-8.16942e-09 1.87181e-09 1.20328e-13)
(-3.14539e-09 7.04929e-10 4.90658e-14)
(-1.19056e-09 2.61171e-10 1.81076e-14)
(-4.43203e-10 9.52308e-11 5.25704e-15)
(-1.62339e-10 3.41801e-11 5.84116e-16)
(-5.85448e-11 1.20795e-11 5.84116e-16)
(-2.08646e-11 4.19162e-12 -2.33646e-15)
(-7.54678e-12 1.3937e-12 -1.75235e-15)
(-3.35633e-12 3.25937e-13 -1.16823e-15)
(-0.107027 0.00808903 -2.76701e-08)
(-0.0719729 0.00688209 -6.13491e-09)
(-0.0458866 0.00490657 1.05881e-08)
(-0.0280663 0.003145 1.90042e-08)
(-0.0166016 0.00188156 2.05028e-08)
(-0.00954262 0.00107231 1.79937e-08)
(-0.00534465 0.000588797 1.39523e-08)
(-0.0029212 0.000313514 9.9141e-09)
(-0.0015594 0.00016249 6.58354e-09)
(-0.000813457 8.2158e-05 4.1348e-09)
(-0.000414807 4.05821e-05 2.47561e-09)
(-0.000206835 1.96014e-05 1.42076e-09)
(-0.000100878 9.26408e-06 7.84817e-10)
(-4.81388e-05 4.28661e-06 4.18544e-10)
(-2.24837e-05 1.94279e-06 2.16052e-10)
(-1.02818e-05 8.62825e-07 1.08154e-10)
(-4.6053e-06 3.75651e-07 5.25967e-11)
(-2.02119e-06 1.60393e-07 2.4881e-11)
(-8.69548e-07 6.71892e-08 1.1465e-11)
(-3.66854e-07 2.76248e-08 5.15074e-12)
(-1.51841e-07 1.11521e-08 2.25878e-12)
(-6.1683e-08 4.42227e-09 9.67296e-13)
(-2.46037e-08 1.72319e-09 4.04792e-13)
(-9.64003e-09 6.60066e-10 1.65305e-13)
(-3.71172e-09 2.48644e-10 6.71734e-14)
(-1.40497e-09 9.2142e-11 2.62852e-14)
(-5.23032e-10 3.35995e-11 9.34586e-15)
(-1.91582e-10 1.2062e-11 3.5047e-15)
(-6.90939e-11 4.26405e-12 1.75235e-15)
(-2.46228e-11 1.48132e-12 0)
(-8.90543e-12 4.89489e-13 -1.16823e-15)
(-3.96264e-12 1.14487e-13 0)
(-0.107027 -0.00808051 -3.11428e-08)
(-0.0719734 -0.0068745 -1.10891e-08)
(-0.0458872 -0.00490031 8.09565e-09)
(-0.028067 -0.00314022 1.80055e-08)
(-0.0166022 -0.00187816 2.00513e-08)
(-0.00954312 -0.00107003 1.76763e-08)
(-0.00534502 -0.000587334 1.36787e-08)
(-0.00292144 -0.000312617 9.68054e-09)
(-0.00155956 -0.00016196 6.40285e-09)
(-0.000813555 -8.18553e-05 4.00578e-09)
(-0.000414864 -4.04148e-05 2.39056e-09)
(-0.000206867 -1.95117e-05 1.36785e-09)
(-0.000100895 -9.21731e-06 7.53743e-10)
(-4.81482e-05 -4.26289e-06 4.01066e-10)
(-2.24886e-05 -1.93107e-06 2.0665e-10)
(-1.02842e-05 -8.57177e-07 1.03269e-10)
(-4.60648e-06 -3.72995e-07 5.01534e-11)
(-2.02175e-06 -1.59173e-07 2.36941e-11)
(-8.69808e-07 -6.66416e-08 1.09066e-11)
(-3.66972e-07 -2.73843e-08 4.89489e-12)
(-1.51893e-07 -1.10488e-08 2.14371e-12)
(-6.17055e-08 -4.37876e-09 9.1823e-13)
(-2.46133e-08 -1.70524e-09 3.83764e-13)
(-9.64396e-09 -6.52807e-10 1.56543e-13)
(-3.71332e-09 -2.45759e-10 6.25004e-14)
(-1.40561e-09 -9.10216e-11 2.45329e-14)
(-5.23284e-10 -3.31778e-11 1.05141e-14)
(-1.91673e-10 -1.1909e-11 4.08881e-15)
(-6.91255e-11 -4.2068e-12 1.16823e-15)
(-2.4638e-11 -1.46146e-12 -1.16823e-15)
(-8.91361e-12 -4.89489e-13 -1.75235e-15)
(-3.96031e-12 -1.16823e-13 -5.84116e-16)
(-0.106834 -0.0275558 -7.06457e-09)
(-0.0687927 -0.0223827 1.8387e-08)
(-0.0421523 -0.0152623 3.04584e-08)
(-0.0250442 -0.00947602 3.23937e-08)
(-0.0145314 -0.0055511 2.85433e-08)
(-0.00825179 -0.00312115 2.24264e-08)
(-0.00458724 -0.00169912 1.62196e-08)
(-0.00249582 -0.000899773 1.09941e-08)
(-0.00132864 -0.000464687 7.05715e-09)
(-0.000691912 -0.000234403 4.32245e-09)
(-0.000352463 -0.000115598 2.53823e-09)
(-0.000175637 -5.57708e-05 1.4349e-09)
(-8.56288e-05 -2.63362e-05 7.82975e-10)
(-4.08525e-05 -1.2178e-05 4.13487e-10)
(-1.9078e-05 -5.51628e-06 2.11682e-10)
(-8.72371e-06 -2.4487e-06 1.05255e-10)
(-3.9073e-06 -1.06564e-06 5.08929e-11)
(-1.71484e-06 -4.54814e-07 2.39639e-11)
(-7.37759e-07 -1.9045e-07 1.09972e-11)
(-3.11262e-07 -7.8274e-08 4.9241e-12)
(-1.28836e-07 -3.15875e-08 2.15188e-12)
(-5.23395e-08 -1.25212e-08 9.18815e-13)
(-2.08778e-08 -4.87724e-09 3.84933e-13)
(-8.18054e-09 -1.86755e-09 1.58295e-13)
(-3.14993e-09 -7.03234e-10 6.19163e-14)
(-1.19238e-09 -2.60516e-10 2.62852e-14)
(-4.43919e-10 -9.49784e-11 1.16823e-14)
(-1.62609e-10 -3.40867e-11 5.84116e-15)
(-5.86488e-11 -1.20445e-11 1.75235e-15)
(-2.09067e-11 -4.18694e-12 1.75235e-15)
(-7.55963e-12 -1.39253e-12 1.16823e-15)
(-3.35633e-12 -3.29441e-13 0)
(-0.106272 -0.0600788 1.02314e-07)
(-0.05968 -0.0428751 9.27483e-08)
(-0.0329805 -0.0265975 7.57864e-08)
(-0.0183558 -0.0155628 5.79311e-08)
(-0.0102474 -0.00879462 4.19468e-08)
(-0.00569114 -0.00483893 2.89417e-08)
(-0.00312364 -0.0026001 1.9103e-08)
(-0.00168701 -0.00136601 1.21002e-08)
(-0.000894193 -0.000702055 7.37501e-09)
(-0.000464466 -0.000353076 4.33515e-09)
(-0.000236232 -0.000173797 2.4627e-09)
(-0.000117605 -8.37512e-05 1.35432e-09)
(-5.73024e-05 -3.95201e-05 7.2218e-10)
(-2.73283e-05 -1.8266e-05 3.73893e-10)
(-1.27593e-05 -8.27171e-06 1.88193e-10)
(-5.83356e-06 -3.67127e-06 9.21875e-11)
(-2.6126e-06 -1.59756e-06 4.3998e-11)
(-1.14657e-06 -6.81826e-07 2.0475e-11)
(-4.93267e-07 -2.85514e-07 9.29913e-12)
(-2.0811e-07 -1.1735e-07 4.12678e-12)
(-8.61406e-08 -4.73595e-08 1.78856e-12)
(-3.49952e-08 -1.87745e-08 7.58767e-13)
(-1.39596e-08 -7.31367e-09 3.17175e-13)
(-5.46995e-09 -2.80074e-09 1.2909e-13)
(-2.10628e-09 -1.05474e-09 5.19863e-14)
(-7.97349e-10 -3.90768e-10 2.39488e-14)
(-2.96857e-10 -1.42476e-10 1.05141e-14)
(-1.08744e-10 -5.11405e-11 4.67293e-15)
(-3.92246e-11 -1.80749e-11 1.75235e-15)
(-1.39814e-11 -6.27574e-12 1.75235e-15)
(-5.05728e-12 -2.08529e-12 1.75235e-15)
(-2.2395e-12 -4.85985e-13 5.84116e-16)
(-0.104684 -0.131455 6.74688e-08)
(-0.0353114 -0.0677417 4.86423e-08)
(-0.01484 -0.0364641 3.5931e-08)
(-0.00724131 -0.0199212 2.58617e-08)
(-0.0038076 -0.010867 1.79388e-08)
(-0.00205727 -0.00586626 1.19768e-08)
(-0.00111432 -0.00311858 7.70056e-09)
(-0.000597782 -0.0016283 4.77544e-09)
(-0.000315709 -0.000833788 2.85994e-09)
(-0.000163655 -0.000418394 1.65684e-09)
(-8.31379e-05 -0.000205667 9.29586e-10)
(-4.13598e-05 -9.90242e-05 5.0588e-10)
(-2.01435e-05 -4.6702e-05 2.67291e-10)
(-9.60412e-06 -2.15782e-05 1.37305e-10)
(-4.48331e-06 -9.76962e-06 6.86266e-11)
(-2.04956e-06 -4.33557e-06 3.34144e-11)
(-9.1785e-07 -1.88651e-06 1.58599e-11)
(-4.02794e-07 -8.05123e-07 7.34526e-12)
(-1.73283e-07 -3.37143e-07 3.32187e-12)
(-7.31076e-08 -1.38573e-07 1.4673e-12)
(-3.02606e-08 -5.59262e-08 6.33766e-13)
(-1.22937e-08 -2.21714e-08 2.69278e-13)
(-4.90401e-09 -8.63734e-09 1.10982e-13)
(-1.92162e-09 -3.3078e-09 4.49769e-14)
(-7.39955e-10 -1.24577e-09 1.81076e-14)
(-2.80119e-10 -4.61558e-10 8.76174e-15)
(-1.04292e-10 -1.68298e-10 4.08881e-15)
(-3.82047e-11 -6.04116e-11 5.84116e-16)
(-1.3784e-11 -2.13494e-11 0)
(-4.91592e-12 -7.40192e-12 1.16823e-15)
(-1.77454e-12 -2.45095e-12 1.75235e-15)
(-7.82716e-13 -5.72434e-13 1.16823e-15)
(-0.10468 0.13144 1.54937e-08)
(-0.035309 0.067729 3.18525e-08)
(-0.0148378 0.0364544 3.82922e-08)
(-0.00723956 0.0199143 3.60515e-08)
(-0.00380629 0.0108623 2.94759e-08)
(-0.00205634 0.00586323 2.19035e-08)
(-0.0011137 0.00311669 1.51792e-08)
(-0.000597382 0.00162716 9.9365e-09)
(-0.000315461 0.000833122 6.2024e-09)
(-0.000163506 0.000418018 3.70946e-09)
(-8.3052e-05 0.00020546 2.13568e-09)
(-4.13116e-05 9.89137e-05 1.18639e-09)
(-2.01173e-05 4.66446e-05 6.37803e-10)
(-9.59027e-06 2.15492e-05 3.32251e-10)
(-4.4762e-06 9.75531e-06 1.68082e-10)
(-2.046e-06 4.32869e-06 8.26413e-11)
(-9.16115e-07 1.88327e-06 3.95593e-11)
(-4.01969e-07 8.0364e-07 1.84464e-11)
(-1.72901e-07 3.36478e-07 8.39024e-12)
(-7.29343e-08 1.38281e-07 3.72374e-12)
(-3.01838e-08 5.58007e-08 1.61567e-12)
(-1.22604e-08 2.21186e-08 6.84e-13)
(-4.88989e-09 8.61556e-09 2.84465e-13)
(-1.91575e-09 3.29899e-09 1.13903e-13)
(-7.37565e-10 1.24227e-09 4.73134e-14)
(-2.79165e-10 4.60204e-10 1.81076e-14)
(-1.03918e-10 1.6778e-10 7.59351e-15)
(-3.80633e-11 6.02212e-11 2.92058e-15)
(-1.37291e-11 2.12782e-11 -5.84116e-16)
(-4.89372e-12 7.37855e-12 -1.16823e-15)
(-1.76637e-12 2.44628e-12 -1.75235e-15)
(-7.83884e-13 5.72434e-13 0)
(-0.106269 0.060078 2.21182e-07)
(-0.0596764 0.0428737 2.23079e-07)
(-0.0329768 0.0265961 1.97472e-07)
(-0.0183525 0.0155615 1.5863e-07)
(-0.0102448 0.00879366 1.18265e-07)
(-0.00568929 0.00483826 8.30369e-08)
(-0.00312238 0.00259965 5.53648e-08)
(-0.00168618 0.00136573 3.5282e-08)
(-0.000893676 0.00070189 2.15739e-08)
(-0.000464155 0.000352982 1.27046e-08)
(-0.000236052 0.000173745 7.22148e-09)
(-0.000117504 8.3723e-05 3.97186e-09)
(-5.72472e-05 3.95054e-05 2.11692e-09)
(-2.7299e-05 1.82585e-05 1.09533e-09)
(-1.27443e-05 8.26801e-06 5.50777e-10)
(-5.82604e-06 3.66949e-06 2.69535e-10)
(-2.60893e-06 1.59672e-06 1.28476e-10)
(-1.14483e-06 6.8144e-07 5.97171e-11)
(-4.92459e-07 2.8534e-07 2.70855e-11)
(-2.07743e-07 1.17274e-07 1.20012e-11)
(-8.59782e-08 4.73268e-08 5.19571e-12)
(-3.49248e-08 1.87607e-08 2.19803e-12)
(-1.39298e-08 7.30798e-09 9.10053e-13)
(-5.45754e-09 2.79844e-09 3.69161e-13)
(-2.10122e-09 1.05383e-09 1.48365e-13)
(-7.95322e-10 3.90409e-10 5.5491e-14)
(-2.96064e-10 1.42339e-10 2.10282e-14)
(-1.08441e-10 5.1088e-11 8.17763e-15)
(-3.91101e-11 1.80562e-11 1.75235e-15)
(-1.39417e-11 6.26873e-12 -1.75235e-15)
(-5.03742e-12 2.08062e-12 -2.92058e-15)
(-2.23833e-12 4.90658e-13 -1.75235e-15)
(-0.106833 0.0275637 3.23701e-07)
(-0.0687909 0.0223891 3.16934e-07)
(-0.04215 0.0152672 2.79334e-07)
(-0.025042 0.00947942 2.25398e-07)
(-0.0145295 0.00555338 1.69211e-07)
(-0.00825036 0.00312262 1.19459e-07)
(-0.00458623 0.00170004 8.00218e-08)
(-0.00249514 0.000900323 5.11458e-08)
(-0.00132821 0.000465008 3.13523e-08)
(-0.000691652 0.000234585 1.84889e-08)
(-0.000352311 0.000115698 1.05237e-08)
(-0.000175551 5.58245e-05 5.7919e-09)
(-8.55818e-05 2.63641e-05 3.08951e-09)
(-4.08276e-05 1.21922e-05 1.59909e-09)
(-1.90652e-05 5.52329e-06 8.04553e-10)
(-8.71729e-06 2.45208e-06 3.938e-10)
(-3.90417e-06 1.06723e-06 1.87796e-10)
(-1.71335e-06 4.55548e-07 8.72997e-11)
(-7.37067e-07 1.9078e-07 3.9613e-11)
(-3.10948e-07 7.84193e-08 1.75527e-11)
(-1.28697e-07 3.16501e-08 7.60227e-12)
(-5.22792e-08 1.25476e-08 3.22082e-12)
(-2.08522e-08 4.88816e-09 1.33295e-12)
(-8.1699e-09 1.87197e-09 5.40891e-13)
(-3.14559e-09 7.04998e-10 2.17875e-13)
(-1.19065e-09 2.61198e-10 8.41127e-14)
(-4.43238e-10 9.52401e-11 3.21264e-14)
(-1.62348e-10 3.41883e-11 1.28506e-14)
(-5.85518e-11 1.2083e-11 2.92058e-15)
(-2.08693e-11 4.19395e-12 0)
(-7.54328e-12 1.3937e-12 -1.75235e-15)
(-3.35166e-12 3.24769e-13 -1.16823e-15)
(-0.107027 0.00808906 4.06948e-07)
(-0.0719729 0.00688213 4.00129e-07)
(-0.0458865 0.00490661 3.53819e-07)
(-0.0280663 0.00314503 2.85921e-07)
(-0.0166016 0.00188159 2.14403e-07)
(-0.00954263 0.00107233 1.51088e-07)
(-0.00534467 0.00058881 1.0093e-07)
(-0.00292121 0.000313523 6.43556e-08)
(-0.00155941 0.000162495 3.93467e-08)
(-0.000813466 8.21609e-05 2.31574e-08)
(-0.000414812 4.05837e-05 1.31539e-08)
(-0.000206838 1.96023e-05 7.2292e-09)
(-0.00010088 9.26453e-06 3.85043e-09)
(-4.81399e-05 4.28685e-06 1.99108e-09)
(-2.24843e-05 1.9429e-06 1.00074e-09)
(-1.02821e-05 8.62881e-07 4.89567e-10)
(-4.60547e-06 3.75677e-07 2.33311e-10)
(-2.02128e-06 1.60405e-07 1.08438e-10)
(-8.69587e-07 6.71947e-08 4.91867e-11)
(-3.66873e-07 2.76273e-08 2.17951e-11)
(-1.5185e-07 1.11532e-08 9.4399e-12)
(-6.16867e-08 4.42272e-09 3.99944e-12)
(-2.46054e-08 1.72337e-09 1.65772e-12)
(-9.6407e-09 6.60142e-10 6.72318e-13)
(-3.71199e-09 2.48672e-10 2.68693e-13)
(-1.40508e-09 9.21548e-11 1.04557e-13)
(-5.23077e-10 3.36089e-11 4.14722e-14)
(-1.91597e-10 1.20655e-11 1.63553e-14)
(-6.91044e-11 4.26638e-12 5.84116e-15)
(-2.46275e-11 1.48132e-12 5.84116e-16)
(-8.90543e-12 4.94162e-13 -1.75235e-15)
(-3.95914e-12 1.16823e-13 -5.84116e-16)
(-0.107027 -0.00808047 3.83734e-07)
(-0.0719734 -0.00687445 3.76175e-07)
(-0.0458871 -0.00490027 3.35339e-07)
(-0.028067 -0.00314019 2.72575e-07)
(-0.0166022 -0.00187814 2.05071e-07)
(-0.00954313 -0.00107002 1.4474e-07)
(-0.00534504 -0.000587329 9.677e-08)
(-0.00292146 -0.000312614 6.17247e-08)
(-0.00155957 -0.000161959 3.77473e-08)
(-0.000813563 -8.1855e-05 2.22181e-08)
(-0.000414869 -4.04147e-05 1.26221e-08)
(-0.00020687 -1.95116e-05 6.93745e-09)
(-0.000100897 -9.21731e-06 3.69559e-09)
(-4.81493e-05 -4.2629e-06 1.91122e-09)
(-2.24892e-05 -1.93108e-06 9.60792e-10)
(-1.02845e-05 -8.57183e-07 4.70105e-10)
(-4.60664e-06 -3.72998e-07 2.24096e-10)
(-2.02183e-06 -1.59175e-07 1.04181e-10)
(-8.69845e-07 -6.66425e-08 4.72719e-11)
(-3.66989e-07 -2.73848e-08 2.09534e-11)
(-1.51901e-07 -1.1049e-08 9.07892e-12)
(-6.1709e-08 -4.37886e-09 3.84991e-12)
(-2.46148e-08 -1.70528e-09 1.59639e-12)
(-9.6446e-09 -6.52823e-10 6.47785e-13)
(-3.71358e-09 -2.45767e-10 2.59348e-13)
(-1.40571e-09 -9.10216e-11 1.01636e-13)
(-5.23327e-10 -3.31755e-11 4.14722e-14)
(-1.91691e-10 -1.19031e-11 1.63553e-14)
(-6.91371e-11 -4.2033e-12 7.59351e-15)
(-2.46427e-11 -1.45679e-12 1.75235e-15)
(-8.91011e-12 -4.84816e-13 1.16823e-15)
(-3.96031e-12 -1.14487e-13 5.84116e-16)
(-0.106834 -0.0275555 3.67235e-07)
(-0.0687927 -0.0223825 3.64862e-07)
(-0.0421522 -0.0152622 3.18194e-07)
(-0.0250442 -0.00947594 2.52809e-07)
(-0.0145314 -0.00555106 1.87001e-07)
(-0.00825182 -0.00312113 1.30419e-07)
(-0.00458727 -0.00169911 8.65031e-08)
(-0.00249584 -0.000899768 5.48701e-08)
(-0.00132866 -0.000464685 3.34322e-08)
(-0.000691921 -0.000234402 1.96257e-08)
(-0.000352469 -0.000115598 1.11297e-08)
(-0.000175641 -5.57709e-05 6.10894e-09)
(-8.56308e-05 -2.63363e-05 3.25145e-09)
(-4.08537e-05 -1.2178e-05 1.68036e-09)
(-1.90786e-05 -5.51632e-06 8.44402e-10)
(-8.72403e-06 -2.44872e-06 4.13017e-10)
(-3.90746e-06 -1.06565e-06 1.96859e-10)
(-1.71492e-06 -4.54821e-07 9.15076e-11)
(-7.37797e-07 -1.90453e-07 4.15248e-11)
(-3.11279e-07 -7.82756e-08 1.84061e-11)
(-1.28844e-07 -3.15883e-08 7.97552e-12)
(-5.2343e-08 -1.25215e-08 3.38086e-12)
(-2.08793e-08 -4.87738e-09 1.40363e-12)
(-8.18119e-09 -1.8676e-09 5.69513e-13)
(-3.15019e-09 -7.03258e-10 2.27805e-13)
(-1.19249e-09 -2.60518e-10 8.99539e-14)
(-4.4396e-10 -9.49761e-11 3.62152e-14)
(-1.62626e-10 -3.40867e-11 1.63553e-14)
(-5.86569e-11 -1.20468e-11 5.84116e-15)
(-2.09067e-11 -4.17993e-12 2.92058e-15)
(-7.5643e-12 -1.38786e-12 2.92058e-15)
(-3.35984e-12 -3.29441e-13 2.33646e-15)
(-0.106272 -0.0600787 3.33501e-07)
(-0.05968 -0.042875 3.06349e-07)
(-0.0329806 -0.0265975 2.53551e-07)
(-0.0183558 -0.0155628 1.94212e-07)
(-0.0102474 -0.00879464 1.39918e-07)
(-0.00569118 -0.00483896 9.57563e-08)
(-0.00312368 -0.00260011 6.26173e-08)
(-0.00168703 -0.00136602 3.93006e-08)
(-0.000894208 -0.000702064 2.37451e-08)
(-0.000464476 -0.000353082 1.38484e-08)
(-0.000236238 -0.000173801 7.81072e-09)
(-0.000117609 -8.37531e-05 4.2686e-09)
(-5.73044e-05 -3.95211e-05 2.26338e-09)
(-2.73293e-05 -1.82665e-05 1.16616e-09)
(-1.27599e-05 -8.272e-06 5.84416e-10)
(-5.83385e-06 -3.67142e-06 2.85224e-10)
(-2.61274e-06 -1.59763e-06 1.35674e-10)
(-1.14664e-06 -6.81859e-07 6.29648e-11)
(-4.933e-07 -2.85529e-07 2.853e-11)
(-2.08125e-07 -1.17357e-07 1.26315e-11)
(-8.61473e-08 -4.73625e-08 5.46733e-12)
(-3.49981e-08 -1.87758e-08 2.31719e-12)
(-1.39609e-08 -7.31422e-09 9.61455e-13)
(-5.47049e-09 -2.80097e-09 3.92526e-13)
(-2.1065e-09 -1.05483e-09 1.55959e-13)
(-7.97429e-10 -3.90802e-10 6.30845e-14)
(-2.96896e-10 -1.42493e-10 2.62852e-14)
(-1.0876e-10 -5.11487e-11 1.16823e-14)
(-3.92304e-11 -1.80784e-11 5.25704e-15)
(-1.39814e-11 -6.27808e-12 2.92058e-15)
(-5.05961e-12 -2.08179e-12 2.92058e-15)
(-2.24534e-12 -4.85985e-13 1.16823e-15)
(-0.104684 -0.131456 1.12538e-07)
(-0.0353114 -0.067742 8.95207e-08)
(-0.01484 -0.0364643 7.22283e-08)
(-0.00724134 -0.0199214 5.56025e-08)
(-0.00380763 -0.0108671 4.04637e-08)
(-0.00205729 -0.00586634 2.7932e-08)
(-0.00111433 -0.00311863 1.83898e-08)
(-0.000597792 -0.00162833 1.15985e-08)
(-0.000315715 -0.000833808 7.03404e-09)
(-0.000163658 -0.000418406 4.11314e-09)
(-8.31402e-05 -0.000205674 2.32467e-09)
(-4.13611e-05 -9.90279e-05 1.27219e-09)
(-2.01443e-05 -4.6704e-05 6.75302e-10)
(-9.60452e-06 -2.15792e-05 3.4815e-10)
(-4.48352e-06 -9.77014e-06 1.74557e-10)
(-2.04966e-06 -4.33582e-06 8.52021e-11)
(-9.17902e-07 -1.88663e-06 4.05301e-11)
(-4.02819e-07 -8.05179e-07 1.88062e-11)
(-1.73295e-07 -3.37169e-07 8.51933e-12)
(-7.3113e-08 -1.38584e-07 3.77047e-12)
(-3.0263e-08 -5.5931e-08 1.6326e-12)
(-1.22947e-08 -2.21735e-08 6.90425e-13)
(-4.90446e-09 -8.63819e-09 2.87385e-13)
(-1.9218e-09 -3.30815e-09 1.18576e-13)
(-7.4003e-10 -1.2459e-09 4.78975e-14)
(-2.80148e-10 -4.61625e-10 1.92758e-14)
(-1.04307e-10 -1.68326e-10 7.59351e-15)
(-3.82117e-11 -6.04245e-11 2.92058e-15)
(-1.37828e-11 -2.13553e-11 1.75235e-15)
(-4.91358e-12 -7.40776e-12 1.75235e-15)
(-1.77454e-12 -2.4603e-12 1.75235e-15)
(-7.88557e-13 -5.7477e-13 0)
(-0.10468 0.13144 3.21048e-07)
(-0.035309 0.0677296 3.08612e-07)
(-0.0148379 0.0364549 2.55669e-07)
(-0.00723962 0.0199147 1.90691e-07)
(-0.00380634 0.0108626 1.32863e-07)
(-0.00205638 0.00586343 8.80866e-08)
(-0.00111373 0.00311682 5.60381e-08)
(-0.000597402 0.00162724 3.43651e-08)
(-0.000315474 0.000833171 2.03654e-08)
(-0.000163514 0.000418046 1.16862e-08)
(-8.30569e-05 0.000205476 6.50209e-09)
(-4.13144e-05 9.89225e-05 3.51248e-09)
(-2.01189e-05 4.66493e-05 1.84421e-09)
(-9.59112e-06 2.15515e-05 9.42116e-10)
(-4.47664e-06 9.7565e-06 4.68694e-10)
(-2.04622e-06 4.32926e-06 2.2727e-10)
(-9.16225e-07 1.88355e-06 1.07504e-10)
(-4.02022e-07 8.03766e-07 4.96388e-11)
(-1.72925e-07 3.36535e-07 2.23933e-11)
(-7.29455e-08 1.38306e-07 9.87448e-12)
(-3.01888e-08 5.58115e-08 4.25937e-12)
(-1.22625e-08 2.21232e-08 1.79908e-12)
(-4.89081e-09 8.61743e-09 7.44164e-13)
(-1.91613e-09 3.29975e-09 3.01404e-13)
(-7.37721e-10 1.24257e-09 1.19744e-13)
(-2.79225e-10 4.6032e-10 4.49769e-14)
(-1.03941e-10 1.67827e-10 1.69394e-14)
(-3.80739e-11 6.02364e-11 7.00939e-15)
(-1.37314e-11 2.12829e-11 3.5047e-15)
(-4.89606e-12 7.38323e-12 4.08881e-15)
(-1.76754e-12 2.44628e-12 5.84116e-16)
(-7.82716e-13 5.7477e-13 1.16823e-15)
(-0.106269 0.0600786 1.09036e-06)
(-0.0596765 0.0428743 9.82251e-07)
(-0.032977 0.0265965 7.80543e-07)
(-0.0183527 0.0155619 5.71254e-07)
(-0.010245 0.00879392 3.94324e-07)
(-0.00568941 0.00483843 2.59754e-07)
(-0.00312247 0.00259977 1.64348e-07)
(-0.00168624 0.0013658 1.00234e-07)
(-0.000893717 0.000701933 5.90818e-08)
(-0.000464181 0.000353007 3.37164e-08)
(-0.000236067 0.000173759 1.8659e-08)
(-0.000117513 8.37306e-05 1.00255e-08)
(-5.7252e-05 3.95094e-05 5.23642e-09)
(-2.73017e-05 1.82605e-05 2.66119e-09)
(-1.27456e-05 8.26903e-06 1.31729e-09)
(-5.82673e-06 3.66999e-06 6.35604e-10)
(-2.60927e-06 1.59696e-06 2.99215e-10)
(-1.14499e-06 6.81549e-07 1.37516e-10)
(-4.92535e-07 2.8539e-07 6.17522e-11)
(-2.07778e-07 1.17295e-07 2.71094e-11)
(-8.59936e-08 4.73361e-08 1.16438e-11)
(-3.49315e-08 1.87647e-08 4.89489e-12)
(-1.39326e-08 7.3096e-09 2.01578e-12)
(-5.45873e-09 2.79909e-09 8.11921e-13)
(-2.10171e-09 1.05409e-09 3.2068e-13)
(-7.95519e-10 3.90512e-10 1.24417e-13)
(-2.96141e-10 1.42379e-10 4.73134e-14)
(-1.08472e-10 5.11067e-11 1.69394e-14)
(-3.91229e-11 1.80585e-11 7.00939e-15)
(-1.39417e-11 6.26757e-12 2.92058e-15)
(-5.04209e-12 2.08062e-12 5.84116e-16)
(-2.236e-12 4.83648e-13 -1.16823e-15)
(-0.106833 0.027564 1.46475e-06)
(-0.0687911 0.0223894 1.32387e-06)
(-0.0421503 0.0152675 1.07256e-06)
(-0.0250422 0.00947964 8.01103e-07)
(-0.0145298 0.00555354 5.61775e-07)
(-0.00825054 0.00312273 3.74255e-07)
(-0.00458636 0.00170011 2.38551e-07)
(-0.00249524 0.00090037 1.46226e-07)
(-0.00132827 0.000465036 8.64692e-08)
(-0.000691689 0.000234601 4.94626e-08)
(-0.000352333 0.000115707 2.74152e-08)
(-0.000175564 5.58295e-05 1.47499e-08)
(-8.55889e-05 2.63668e-05 7.71116e-09)
(-4.08315e-05 1.21935e-05 3.92274e-09)
(-1.90672e-05 5.52397e-06 1.9432e-09)
(-8.7183e-06 2.45241e-06 9.38456e-10)
(-3.90466e-06 1.06738e-06 4.42107e-10)
(-1.71359e-06 4.5562e-07 2.03383e-10)
(-7.37179e-07 1.90812e-07 9.14037e-11)
(-3.10999e-07 7.84337e-08 4.01697e-11)
(-1.2872e-07 3.16563e-08 1.72694e-11)
(-5.22891e-08 1.25502e-08 7.26991e-12)
(-2.08564e-08 4.88924e-09 2.99593e-12)
(-8.17165e-09 1.87241e-09 1.2097e-12)
(-3.1463e-09 7.05168e-10 4.80728e-13)
(-1.19094e-09 2.61269e-10 1.86917e-13)
(-4.43348e-10 9.5267e-11 7.0678e-14)
(-1.62394e-10 3.42e-11 2.74535e-14)
(-5.85693e-11 1.20889e-11 1.22664e-14)
(-2.08751e-11 4.19746e-12 5.25704e-15)
(-7.54912e-12 1.3937e-12 1.75235e-15)
(-3.34932e-12 3.27105e-13 -5.84116e-16)
(-0.107027 0.00808915 1.61761e-06)
(-0.071973 0.00688221 1.47535e-06)
(-0.0458868 0.00490668 1.20973e-06)
(-0.0280666 0.00314509 9.12407e-07)
(-0.0166019 0.00188163 6.44372e-07)
(-0.00954285 0.00107236 4.31256e-07)
(-0.00534483 0.000588831 2.75758e-07)
(-0.00292132 0.000313536 1.69371e-07)
(-0.00155949 0.000162503 1.0031e-07)
(-0.00081351 8.21655e-05 5.74384e-08)
(-0.000414839 4.05863e-05 3.18672e-08)
(-0.000206853 1.96037e-05 1.71575e-08)
(-0.000100888 9.26529e-06 8.97738e-09)
(-4.81445e-05 4.28724e-06 4.56995e-09)
(-2.24867e-05 1.9431e-06 2.26574e-09)
(-1.02833e-05 8.62977e-07 1.09502e-09)
(-4.60606e-06 3.75723e-07 5.16343e-10)
(-2.02156e-06 1.60427e-07 2.37726e-10)
(-8.69721e-07 6.72045e-08 1.06949e-10)
(-3.66934e-07 2.76316e-08 4.7043e-11)
(-1.51877e-07 1.11551e-08 2.02478e-11)
(-6.16986e-08 4.42353e-09 8.5316e-12)
(-2.46104e-08 1.72372e-09 3.5228e-12)
(-9.6428e-09 6.60284e-10 1.42466e-12)
(-3.71285e-09 2.48727e-10 5.67761e-13)
(-1.40542e-09 9.21759e-11 2.20212e-13)
(-5.23208e-10 3.36194e-11 8.41127e-14)
(-1.91652e-10 1.20725e-11 3.15423e-14)
(-6.91231e-11 4.26989e-12 1.16823e-14)
(-2.4638e-11 1.48599e-12 4.08881e-15)
(-8.91128e-12 4.9533e-13 -1.16823e-15)
(-3.9568e-12 1.16823e-13 -1.16823e-15)
(-0.107027 -0.00808059 1.60027e-06)
(-0.0719735 -0.00687457 1.44962e-06)
(-0.0458874 -0.00490038 1.17182e-06)
(-0.0280673 -0.00314029 8.73508e-07)
(-0.0166025 -0.00187821 6.11947e-07)
(-0.00954334 -0.00107007 4.0746e-07)
(-0.00534519 -0.000587362 2.59707e-07)
(-0.00292156 -0.000312635 1.59194e-07)
(-0.00155964 -0.000161972 9.41595e-08)
(-0.000813605 -8.18624e-05 5.38685e-08)
(-0.000414895 -4.04189e-05 2.98661e-08)
(-0.000206885 -1.95139e-05 1.60712e-08)
(-0.000100905 -9.21851e-06 8.40467e-09)
(-4.81537e-05 -4.26351e-06 4.2764e-09)
(-2.24914e-05 -1.93138e-06 2.11917e-09)
(-1.02857e-05 -8.5733e-07 1.02371e-09)
(-4.60722e-06 -3.73068e-07 4.82479e-10)
(-2.02211e-06 -1.59207e-07 2.22031e-10)
(-8.69974e-07 -6.66569e-08 9.98365e-11)
(-3.67048e-07 -2.73911e-08 4.38946e-11)
(-1.51928e-07 -1.10517e-08 1.88839e-11)
(-6.17204e-08 -4.38e-09 7.95274e-12)
(-2.46197e-08 -1.70575e-09 3.28098e-12)
(-9.64663e-09 -6.53014e-10 1.32711e-12)
(-3.71441e-09 -2.4584e-10 5.26873e-13)
(-1.40604e-09 -9.10532e-11 2.06193e-13)
(-5.23451e-10 -3.31871e-11 7.82716e-14)
(-1.91744e-10 -1.19101e-11 3.21264e-14)
(-6.91558e-11 -4.20447e-12 1.16823e-14)
(-2.46462e-11 -1.45912e-12 3.5047e-15)
(-8.91945e-12 -4.80143e-13 1.16823e-15)
(-3.96264e-12 -1.1215e-13 -5.84116e-16)
(-0.106834 -0.0275559 1.36295e-06)
(-0.0687928 -0.0223828 1.2357e-06)
(-0.0421525 -0.0152625 9.91805e-07)
(-0.0250444 -0.00947617 7.31471e-07)
(-0.0145317 -0.00555123 5.07802e-07)
(-0.008252 -0.00312125 3.36064e-07)
(-0.00458739 -0.00169919 2.13438e-07)
(-0.00249593 -0.000899818 1.3062e-07)
(-0.00132871 -0.000464715 7.72293e-08)
(-0.000691957 -0.000234419 4.42057e-08)
(-0.00035249 -0.000115608 2.45346e-08)
(-0.000175653 -5.57762e-05 1.32217e-08)
(-8.56376e-05 -2.63391e-05 6.92628e-09)
(-4.08573e-05 -1.21795e-05 3.53095e-09)
(-1.90805e-05 -5.51703e-06 1.75334e-09)
(-8.725e-06 -2.44907e-06 8.48826e-10)
(-3.90794e-06 -1.06581e-06 4.00956e-10)
(-1.71515e-06 -4.54897e-07 1.84945e-10)
(-7.37905e-07 -1.90487e-07 8.33586e-11)
(-3.11329e-07 -7.82907e-08 3.67415e-11)
(-1.28866e-07 -3.15948e-08 1.58465e-11)
(-5.23526e-08 -1.25242e-08 6.6928e-12)
(-2.08834e-08 -4.87851e-09 2.76871e-12)
(-8.1829e-09 -1.86806e-09 1.12209e-12)
(-3.15089e-09 -7.0344e-10 4.48017e-13)
(-1.19277e-09 -2.60592e-10 1.74651e-13)
(-4.44065e-10 -9.50088e-11 6.71734e-14)
(-1.6267e-10 -3.4096e-11 2.45329e-14)
(-5.86721e-11 -1.20515e-11 9.34586e-15)
(-2.09125e-11 -4.18344e-12 4.67293e-15)
(-7.56664e-12 -1.3902e-12 2.92058e-15)
(-3.36334e-12 -3.25937e-13 5.84116e-16)
(-0.106272 -0.0600794 6.58575e-07)
(-0.0596801 -0.0428756 5.73255e-07)
(-0.0329808 -0.026598 4.57613e-07)
(-0.018356 -0.0155631 3.40851e-07)
(-0.0102476 -0.00879492 2.39588e-07)
(-0.00569129 -0.00483914 1.60276e-07)
(-0.00312376 -0.00260023 1.02671e-07)
(-0.00168709 -0.0013661 6.32459e-08)
(-0.000894243 -0.000702108 3.75826e-08)
(-0.000464498 -0.000353107 2.15925e-08)
(-0.000236251 -0.000173815 1.20176e-08)
(-0.000117616 -8.37609e-05 6.48903e-09)
(-5.73087e-05 -3.95253e-05 3.40398e-09)
(-2.73316e-05 -1.82686e-05 1.7367e-09)
(-1.27611e-05 -8.27305e-06 8.62719e-10)
(-5.83446e-06 -3.67193e-06 4.17652e-10)
(-2.61304e-06 -1.59787e-06 1.97224e-10)
(-1.14678e-06 -6.81971e-07 9.09165e-11)
(-4.93368e-07 -2.8558e-07 4.0946e-11)
(-2.08156e-07 -1.17379e-07 1.80276e-11)
(-8.61612e-08 -4.73722e-08 7.76524e-12)
(-3.50042e-08 -1.87799e-08 3.27455e-12)
(-1.39635e-08 -7.3159e-09 1.3534e-12)
(-5.47156e-09 -2.80165e-09 5.48485e-13)
(-2.10694e-09 -1.0551e-09 2.17875e-13)
(-7.97609e-10 -3.90908e-10 8.41127e-14)
(-2.96958e-10 -1.42534e-10 3.15423e-14)
(-1.08786e-10 -5.11674e-11 1.22664e-14)
(-3.92444e-11 -1.80831e-11 4.67293e-15)
(-1.39849e-11 -6.27808e-12 2.92058e-15)
(-5.05961e-12 -2.08413e-12 2.33646e-15)
(-2.24885e-12 -4.89489e-13 5.84116e-16)
(-0.104684 -0.131456 2.07166e-08)
(-0.0353115 -0.0677425 4.45513e-08)
(-0.01484 -0.0364647 4.9631e-08)
(-0.00724137 -0.0199217 4.50298e-08)
(-0.00380766 -0.0108673 3.59696e-08)
(-0.00205731 -0.00586651 2.62544e-08)
(-0.00111435 -0.00311874 1.78942e-08)
(-0.000597805 -0.0016284 1.15402e-08)
(-0.000315724 -0.000833849 7.10173e-09)
(-0.000163664 -0.00041843 4.19381e-09)
(-8.31436e-05 -0.000205687 2.38602e-09)
(-4.13631e-05 -9.90352e-05 1.31167e-09)
(-2.01454e-05 -4.67079e-05 6.98322e-10)
(-9.60512e-06 -2.15812e-05 3.60714e-10)
(-4.48384e-06 -9.77114e-06 1.81056e-10)
(-2.04983e-06 -4.33631e-06 8.84229e-11)
(-9.17982e-07 -1.88686e-06 4.20651e-11)
(-4.02858e-07 -8.05287e-07 1.95147e-11)
(-1.73313e-07 -3.37218e-07 8.83651e-12)
(-7.31214e-08 -1.38605e-07 3.90657e-12)
(-3.02668e-08 -5.59404e-08 1.6881e-12)
(-1.22963e-08 -2.21774e-08 7.14374e-13)
(-4.90515e-09 -8.63984e-09 2.96147e-13)
(-1.92209e-09 -3.30882e-09 1.20328e-13)
(-7.40157e-10 -1.24617e-09 5.0234e-14)
(-2.80198e-10 -4.61724e-10 1.81076e-14)
(-1.04323e-10 -1.68364e-10 5.84116e-15)
(-3.82175e-11 -6.0442e-11 2.92058e-15)
(-1.3784e-11 -2.13611e-11 1.16823e-15)
(-4.91592e-12 -7.4136e-12 2.92058e-15)
(-1.77922e-12 -2.46147e-12 1.75235e-15)
(-7.87388e-13 -5.7477e-13 0)
(-0.10468 0.131443 2.38901e-07)
(-0.0353091 0.0677315 2.33644e-07)
(-0.0148381 0.0364564 1.92614e-07)
(-0.00723981 0.0199159 1.41657e-07)
(-0.0038065 0.0108634 9.71948e-08)
(-0.0020565 0.00586393 6.35954e-08)
(-0.00111381 0.00311713 4.00121e-08)
(-0.000597454 0.00162742 2.43285e-08)
(-0.000315507 0.000833281 1.4317e-08)
(-0.000163534 0.000418108 8.17299e-09)
(-8.30684e-05 0.00020551 4.52797e-09)
(-4.13209e-05 9.89408e-05 2.43878e-09)
(-2.01225e-05 4.66588e-05 1.27733e-09)
(-9.59303e-06 2.15564e-05 6.51567e-10)
(-4.47763e-06 9.75889e-06 3.2376e-10)
(-2.04672e-06 4.33042e-06 1.5693e-10)
(-9.1647e-07 1.88409e-06 7.42114e-11)
(-4.02139e-07 8.04014e-07 3.42812e-11)
(-1.7298e-07 3.36646e-07 1.54709e-11)
(-7.29705e-08 1.38355e-07 6.83124e-12)
(-3.02e-08 5.58325e-08 2.94979e-12)
(-1.22674e-08 2.2132e-08 1.24709e-12)
(-4.89288e-09 8.62108e-09 5.15775e-13)
(-1.917e-09 3.30122e-09 2.09698e-13)
(-7.38077e-10 1.24315e-09 8.29445e-14)
(-2.7937e-10 4.60543e-10 3.27105e-14)
(-1.03995e-10 1.6791e-10 1.16823e-14)
(-3.8089e-11 6.02668e-11 4.67293e-15)
(-1.37372e-11 2.12992e-11 4.08881e-15)
(-4.89957e-12 7.39024e-12 1.75235e-15)
(-1.77104e-12 2.44861e-12 1.16823e-15)
(-7.8622e-13 5.72434e-13 0)
(-0.10627 0.0600803 8.20162e-07)
(-0.059677 0.0428757 7.32736e-07)
(-0.0329776 0.0265977 5.73546e-07)
(-0.0183533 0.0155627 4.13004e-07)
(-0.0102454 0.00879452 2.80879e-07)
(-0.00568975 0.00483883 1.82588e-07)
(-0.0031227 0.00260002 1.14229e-07)
(-0.00168639 0.00136596 6.89839e-08)
(-0.000893809 0.000702022 4.03247e-08)
(-0.000464236 0.000353057 2.28436e-08)
(-0.000236099 0.000173787 1.2563e-08)
(-0.000117531 8.37455e-05 6.71219e-09)
(-5.72619e-05 3.95171e-05 3.48897e-09)
(-2.73069e-05 1.82645e-05 1.76532e-09)
(-1.27483e-05 8.27096e-06 8.70526e-10)
(-5.82808e-06 3.67091e-06 4.18564e-10)
(-2.60993e-06 1.59739e-06 1.96446e-10)
(-1.1453e-06 6.81748e-07 9.0031e-11)
(-4.9268e-07 2.85478e-07 4.03315e-11)
(-2.07843e-07 1.17334e-07 1.76643e-11)
(-8.60226e-08 4.73528e-08 7.57307e-12)
(-3.4944e-08 1.87717e-08 3.18051e-12)
(-1.39379e-08 7.31248e-09 1.30608e-12)
(-5.46093e-09 2.80025e-09 5.24536e-13)
(-2.1026e-09 1.05455e-09 2.05609e-13)
(-7.95871e-10 3.90688e-10 8.00239e-14)
(-2.96279e-10 1.42446e-10 3.0374e-14)
(-1.08522e-10 5.11324e-11 1.16823e-14)
(-3.91405e-11 1.80702e-11 5.84116e-15)
(-1.3951e-11 6.26873e-12 1.75235e-15)
(-5.04326e-12 2.08062e-12 1.16823e-15)
(-2.2395e-12 4.85985e-13 1.16823e-15)
(-0.106833 0.0275647 1.09252e-06)
(-0.0687917 0.0223901 9.77016e-07)
(-0.0421511 0.015268 7.81354e-07)
(-0.025043 0.0094801 5.75952e-07)
(-0.0145304 0.00555388 3.98797e-07)
(-0.008251 0.00312296 2.62653e-07)
(-0.00458668 0.00170026 1.65691e-07)
(-0.00249545 0.000900462 1.00656e-07)
(-0.00132841 0.000465091 5.90468e-08)
(-0.00069177 0.000234632 3.35452e-08)
(-0.00035238 0.000115725 1.84789e-08)
(-0.00017559 5.58388e-05 9.89013e-09)
(-8.56035e-05 2.63716e-05 5.14609e-09)
(-4.08392e-05 1.2196e-05 2.60742e-09)
(-1.90712e-05 5.52519e-06 1.28691e-09)
(-8.72029e-06 2.453e-06 6.19608e-10)
(-3.90564e-06 1.06766e-06 2.91071e-10)
(-1.71405e-06 4.55748e-07 1.33593e-10)
(-7.37394e-07 1.9087e-07 5.99081e-11)
(-3.11096e-07 7.84591e-08 2.62829e-11)
(-1.28763e-07 3.16673e-08 1.12804e-11)
(-5.23077e-08 1.25548e-08 4.74302e-12)
(-2.08643e-08 4.89117e-09 1.95387e-12)
(-8.17493e-09 1.8732e-09 7.90309e-13)
(-3.14764e-09 7.05488e-10 3.1075e-13)
(-1.19147e-09 2.6139e-10 1.19744e-13)
(-4.43552e-10 9.53149e-11 4.38087e-14)
(-1.62465e-10 3.42164e-11 1.81076e-14)
(-5.85985e-11 1.20935e-11 8.76174e-15)
(-2.08892e-11 4.19746e-12 2.33646e-15)
(-7.55613e-12 1.39136e-12 1.16823e-15)
(-3.35166e-12 3.25937e-13 0)
(-0.107027 0.00808933 1.18299e-06)
(-0.0719737 0.00688238 1.06909e-06)
(-0.0458876 0.00490681 8.66503e-07)
(-0.0280674 0.00314518 6.4549e-07)
(-0.0166026 0.00188169 4.50472e-07)
(-0.00954337 0.0010724 2.98162e-07)
(-0.00534519 0.000588853 1.8878e-07)
(-0.00292156 0.000313549 1.14929e-07)
(-0.00155964 0.000162511 6.7547e-08)
(-0.000813602 8.21697e-05 3.84158e-08)
(-0.000414893 4.05886e-05 2.11889e-08)
(-0.000206884 1.96049e-05 1.1349e-08)
(-0.000100905 9.26592e-06 5.91177e-09)
(-4.81533e-05 4.28755e-06 2.99742e-09)
(-2.24913e-05 1.94326e-06 1.48105e-09)
(-1.02856e-05 8.63052e-07 7.13607e-10)
(-4.60718e-06 3.75758e-07 3.35629e-10)
(-2.02209e-06 1.60443e-07 1.5417e-10)
(-8.69969e-07 6.72116e-08 6.92254e-11)
(-3.67046e-07 2.76347e-08 3.03997e-11)
(-1.51927e-07 1.11564e-08 1.30661e-11)
(-6.17202e-08 4.42409e-09 5.49887e-12)
(-2.46196e-08 1.72395e-09 2.26988e-12)
(-9.64661e-09 6.60374e-10 9.17646e-13)
(-3.7144e-09 2.48765e-10 3.64488e-13)
(-1.40605e-09 9.21957e-11 1.41356e-13)
(-5.23453e-10 3.36252e-11 5.31546e-14)
(-1.91742e-10 1.20737e-11 2.04441e-14)
(-6.91593e-11 4.26638e-12 8.76174e-15)
(-2.46555e-11 1.47898e-12 1.75235e-15)
(-8.91361e-12 4.92994e-13 0)
(-3.95563e-12 1.16823e-13 1.16823e-15)
(-0.107027 -0.00808098 1.18539e-06)
(-0.0719742 -0.00687493 1.06235e-06)
(-0.0458883 -0.0049007 8.44579e-07)
(-0.0280681 -0.00314056 6.18938e-07)
(-0.0166032 -0.00187841 4.26927e-07)
(-0.00954384 -0.00107021 2.80397e-07)
(-0.00534553 -0.000587454 1.76616e-07)
(-0.00292179 -0.000312692 1.0715e-07)
(-0.00155978 -0.000162005 6.28151e-08)
(-0.000813692 -8.18814e-05 3.56561e-08)
(-0.000414945 -4.04293e-05 1.96345e-08)
(-0.000206913 -1.95195e-05 1.05016e-08)
(-0.000100921 -9.22142e-06 5.46282e-09)
(-4.81618e-05 -4.26498e-06 2.76624e-09)
(-2.24957e-05 -1.9321e-06 1.36503e-09)
(-1.02878e-05 -8.57675e-07 6.56872e-10)
(-4.60825e-06 -3.73229e-07 3.08537e-10)
(-2.0226e-06 -1.59281e-07 1.41545e-10)
(-8.70201e-07 -6.66897e-08 6.3473e-11)
(-3.67151e-07 -2.74054e-08 2.78378e-11)
(-1.51973e-07 -1.10578e-08 1.19487e-11)
(-6.17402e-08 -4.38254e-09 5.02165e-12)
(-2.4628e-08 -1.70679e-09 2.06894e-12)
(-9.65011e-09 -6.53427e-10 8.3587e-13)
(-3.71582e-09 -2.46009e-10 3.30026e-13)
(-1.40661e-09 -9.11139e-11 1.29674e-13)
(-5.23673e-10 -3.32093e-11 4.90658e-14)
(-1.91826e-10 -1.19183e-11 1.92758e-14)
(-6.91921e-11 -4.21148e-12 6.42528e-15)
(-2.46625e-11 -1.45679e-12 1.16823e-15)
(-8.91945e-12 -4.77807e-13 0)
(-3.96148e-12 -1.13319e-13 0)
(-0.106834 -0.0275574 9.8865e-07)
(-0.0687934 -0.0223842 8.89229e-07)
(-0.0421533 -0.0152636 7.0407e-07)
(-0.0250451 -0.009477 5.11055e-07)
(-0.0145322 -0.0055518 3.49344e-07)
(-0.00825241 -0.00312162 2.28072e-07)
(-0.00458768 -0.00169943 1.43154e-07)
(-0.00249611 -0.00089996 8.67442e-08)
(-0.00132883 -0.000464798 5.08542e-08)
(-0.000692027 -0.000234466 2.89025e-08)
(-0.000352531 -0.000115633 1.59431e-08)
(-0.000175676 -5.579e-05 8.54763e-09)
(-8.56502e-05 -2.63463e-05 4.4578e-09)
(-4.0864e-05 -1.21831e-05 2.26408e-09)
(-1.9084e-05 -5.51883e-06 1.12062e-09)
(-8.72673e-06 -2.44993e-06 5.41063e-10)
(-3.90879e-06 -1.06622e-06 2.5499e-10)
(-1.71556e-06 -4.55083e-07 1.17398e-10)
(-7.38093e-07 -1.90571e-07 5.28321e-11)
(-3.11414e-07 -7.83273e-08 2.32583e-11)
(-1.28904e-07 -3.16105e-08 1.00205e-11)
(-5.23692e-08 -1.25308e-08 4.22958e-12)
(-2.08905e-08 -4.88123e-09 1.74943e-12)
(-8.18583e-09 -1.86916e-09 7.10285e-13)
(-3.15209e-09 -7.03873e-10 2.8096e-13)
(-1.19325e-09 -2.6076e-10 1.10982e-13)
(-4.44258e-10 -9.50707e-11 4.20564e-14)
(-1.62743e-10 -3.41252e-11 1.46029e-14)
(-5.86955e-11 -1.20597e-11 5.84116e-15)
(-2.09219e-11 -4.17993e-12 2.92058e-15)
(-7.57248e-12 -1.38786e-12 5.84116e-16)
(-3.36451e-12 -3.25937e-13 0)
(-0.106272 -0.0600814 4.27387e-07)
(-0.0596804 -0.0428774 3.59655e-07)
(-0.0329811 -0.0265994 2.79848e-07)
(-0.0183563 -0.0155641 2.04571e-07)
(-0.0102478 -0.00879559 1.41617e-07)
(-0.00569146 -0.00483957 9.34611e-08)
(-0.00312387 -0.0026005 5.91571e-08)
(-0.00168716 -0.00136626 3.60454e-08)
(-0.000894291 -0.000702204 2.12125e-08)
(-0.000464527 -0.000353162 1.20793e-08)
(-0.000236269 -0.000173845 6.66959e-09)
(-0.000117626 -8.37769e-05 3.57475e-09)
(-5.73139e-05 -3.95336e-05 1.86277e-09)
(-2.73344e-05 -1.82729e-05 9.44434e-10)
(-1.27625e-05 -8.27514e-06 4.66497e-10)
(-5.83518e-06 -3.67294e-06 2.24615e-10)
(-2.6134e-06 -1.59835e-06 1.05547e-10)
(-1.14695e-06 -6.8219e-07 4.84261e-11)
(-4.93446e-07 -2.85678e-07 2.17163e-11)
(-2.08191e-07 -1.17422e-07 9.52343e-12)
(-8.61768e-08 -4.73909e-08 4.08648e-12)
(-3.50109e-08 -1.87878e-08 1.71789e-12)
(-1.39663e-08 -7.31916e-09 7.07949e-13)
(-5.47275e-09 -2.80297e-09 2.8388e-13)
(-2.10742e-09 -1.05563e-09 1.13903e-13)
(-7.97803e-10 -3.91115e-10 4.49769e-14)
(-2.97036e-10 -1.42617e-10 1.63553e-14)
(-1.08815e-10 -5.11931e-11 5.84116e-15)
(-3.92514e-11 -1.80936e-11 1.75235e-15)
(-1.39896e-11 -6.28158e-12 1.75235e-15)
(-5.06195e-12 -2.08413e-12 0)
(-2.24885e-12 -4.85985e-13 0)
(-0.104684 -0.131457 -2.43526e-08)
(-0.0353114 -0.0677432 3.67296e-09)
(-0.01484 -0.0364653 1.33336e-08)
(-0.00724137 -0.0199222 1.5289e-08)
(-0.00380767 -0.0108677 1.34448e-08)
(-0.00205732 -0.00586671 1.02992e-08)
(-0.00111436 -0.00311887 7.20501e-09)
(-0.000597813 -0.00162848 4.71713e-09)
(-0.00031573 -0.000833898 2.92764e-09)
(-0.000163668 -0.000418458 1.73751e-09)
(-8.3146e-05 -0.000205703 9.90931e-10)
(-4.13645e-05 -9.90435e-05 5.45359e-10)
(-2.01462e-05 -4.67122e-05 2.90313e-10)
(-9.60555e-06 -2.15834e-05 1.49867e-10)
(-4.48406e-06 -9.77222e-06 7.51249e-11)
(-2.04994e-06 -4.33684e-06 3.66352e-11)
(-9.1804e-07 -1.8871e-06 1.73944e-11)
(-4.02885e-07 -8.054e-07 8.05146e-12)
(-1.73326e-07 -3.37268e-07 3.63729e-12)
(-7.31273e-08 -1.38628e-07 1.60515e-12)
(-3.02694e-08 -5.59499e-08 6.92178e-13)
(-1.22975e-08 -2.21815e-08 2.92642e-13)
(-4.90564e-09 -8.64149e-09 1.21496e-13)
(-1.9223e-09 -3.30948e-09 4.90658e-14)
(-7.40235e-10 -1.24644e-09 1.86917e-14)
(-2.80234e-10 -4.61829e-10 7.59351e-15)
(-1.04338e-10 -1.684e-10 1.75235e-15)
(-3.82187e-11 -6.04537e-11 1.16823e-15)
(-1.37851e-11 -2.13658e-11 1.16823e-15)
(-4.91358e-12 -7.41827e-12 5.84116e-16)
(-1.77805e-12 -2.46497e-12 1.16823e-15)
(-7.92061e-13 -5.77107e-13 1.75235e-15)
(-0.419295 -0.000439184 2.34041e-09)
(-0.405489 -0.00146117 9.42498e-09)
(-0.379959 -0.00296235 1.85225e-08)
(-0.346601 -0.00543788 3.03991e-08)
(-0.310766 -0.00970839 4.64514e-08)
(-0.279352 -0.0172379 6.86436e-08)
(-0.263151 -0.0308937 8.35138e-08)
(-0.289148 -0.0571279 3.96252e-08)
(-0.420217 -0.000409763 3.74457e-09)
(-0.40668 -0.00132568 1.22899e-08)
(-0.38176 -0.00255665 2.25688e-08)
(-0.349487 -0.00438981 3.45868e-08)
(-0.315318 -0.00717746 4.73294e-08)
(-0.285723 -0.0111571 5.34615e-08)
(-0.267777 -0.0155895 4.09897e-08)
(-0.266797 -0.0151586 1.68908e-08)
(-0.42103 -0.000381576 3.2871e-09)
(-0.407636 -0.00117962 1.14265e-08)
(-0.383023 -0.00209496 2.04059e-08)
(-0.351221 -0.00323149 2.96828e-08)
(-0.317533 -0.00466341 3.80321e-08)
(-0.287764 -0.00623571 4.1283e-08)
(-0.267152 -0.0070541 3.01916e-08)
(-0.2584 -0.00460674 1.0372e-08)
(-0.421779 -0.000405097 3.95917e-09)
(-0.408394 -0.00117938 1.37602e-08)
(-0.383812 -0.00186076 2.41547e-08)
(-0.352055 -0.00242331 3.3493e-08)
(-0.318322 -0.00285204 3.95258e-08)
(-0.288114 -0.00306395 3.75304e-08)
(-0.266148 -0.00276481 2.51175e-08)
(-0.255136 -0.00136841 8.17208e-09)
(-0.422615 -0.000543575 5.01503e-09)
(-0.409091 -0.00150369 1.61168e-08)
(-0.384267 -0.00211293 2.71002e-08)
(-0.352213 -0.00222534 3.64776e-08)
(-0.318174 -0.00180317 4.29348e-08)
(-0.287677 -0.000956633 4.32191e-08)
(-0.265457 -3.1011e-05 3.62774e-08)
(-0.254266 0.00032683 1.87337e-08)
(-0.423826 -0.000890358 4.63607e-09)
(-0.409963 -0.0024074 1.88677e-08)
(-0.384534 -0.00319338 3.427e-08)
(-0.351745 -0.00293069 4.87385e-08)
(-0.317053 -0.00151031 6.02627e-08)
(-0.286342 0.000841562 6.51326e-08)
(-0.264865 0.00317053 5.19527e-08)
(-0.255432 0.00302579 1.14332e-08)
(-0.425913 -0.0016 8.19469e-09)
(-0.411394 -0.00431281 2.56114e-08)
(-0.38479 -0.00568656 4.21332e-08)
(-0.35053 -0.00513613 5.53379e-08)
(-0.314401 -0.00234248 6.27794e-08)
(-0.282996 0.0027126 5.92229e-08)
(-0.263273 0.00912102 4.23456e-08)
(-0.260463 0.0118866 3.2868e-08)
(-0.429739 -0.0029357 5.32119e-09)
(-0.41405 -0.00793268 2.5055e-08)
(-0.385357 -0.0105963 4.60357e-08)
(-0.348401 -0.0100123 6.38872e-08)
(-0.309205 -0.00558392 7.68452e-08)
(-0.274878 0.00355731 8.65463e-08)
(-0.255691 0.0195759 9.21999e-08)
(-0.27644 0.0482679 3.73742e-08)
(-0.419295 -0.000439181 1.20273e-08)
(-0.405489 -0.00146117 3.40635e-08)
(-0.379959 -0.00296235 5.07461e-08)
(-0.346601 -0.00543787 6.11991e-08)
(-0.310766 -0.00970839 6.76772e-08)
(-0.279352 -0.0172379 7.57246e-08)
(-0.263151 -0.0308938 7.66243e-08)
(-0.289148 -0.0571281 2.87907e-08)
(-0.420217 -0.000409761 1.08108e-08)
(-0.40668 -0.00132568 3.00221e-08)
(-0.38176 -0.00255664 4.14071e-08)
(-0.349487 -0.00438981 4.29086e-08)
(-0.315318 -0.00717748 3.56951e-08)
(-0.285723 -0.0111572 2.02474e-08)
(-0.267777 -0.0155896 5.90062e-10)
(-0.266797 -0.0151587 -1.14769e-09)
(-0.42103 -0.000381575 1.27076e-08)
(-0.407636 -0.00117962 3.3975e-08)
(-0.383023 -0.00209496 4.50018e-08)
(-0.351221 -0.00323149 4.3141e-08)
(-0.317533 -0.00466342 3.00531e-08)
(-0.287764 -0.00623575 1.08533e-08)
(-0.267153 -0.00705413 -8.97719e-09)
(-0.2584 -0.00460676 -9.28351e-09)
(-0.421779 -0.000405093 1.65545e-08)
(-0.408394 -0.00117937 4.67219e-08)
(-0.383812 -0.00186075 6.45704e-08)
(-0.352055 -0.00242329 6.56888e-08)
(-0.318322 -0.00285203 5.09831e-08)
(-0.288114 -0.00306394 2.56591e-08)
(-0.266148 -0.00276479 2.43716e-09)
(-0.255136 -0.0013684 -3.88277e-09)
(-0.422615 -0.000543573 2.52726e-08)
(-0.409091 -0.00150368 6.94003e-08)
(-0.384267 -0.00211291 9.78217e-08)
(-0.352213 -0.00222531 1.05272e-07)
(-0.318174 -0.00180313 9.27489e-08)
(-0.287677 -0.000956577 6.62347e-08)
(-0.265457 -3.09574e-05 3.92207e-08)
(-0.254267 0.000326837 1.67558e-08)
(-0.423826 -0.000890351 3.37538e-08)
(-0.409963 -0.00240738 9.97846e-08)
(-0.384534 -0.00319335 1.48312e-07)
(-0.351745 -0.00293066 1.7112e-07)
(-0.317053 -0.00151027 1.66081e-07)
(-0.286342 0.000841594 1.37148e-07)
(-0.264865 0.00317054 8.55846e-08)
(-0.255432 0.00302582 1.66966e-08)
(-0.425913 -0.0016 5.0168e-08)
(-0.411394 -0.0043128 1.40834e-07)
(-0.38479 -0.00568654 2.08236e-07)
(-0.35053 -0.0051361 2.42316e-07)
(-0.314401 -0.00234244 2.3895e-07)
(-0.282996 0.00271264 1.98649e-07)
(-0.263273 0.0091211 1.3184e-07)
(-0.260463 0.0118866 6.97637e-08)
(-0.429739 -0.0029357 5.92702e-08)
(-0.414049 -0.00793266 1.79738e-07)
(-0.385357 -0.0105962 2.77277e-07)
(-0.348401 -0.0100123 3.37318e-07)
(-0.309205 -0.00558389 3.5445e-07)
(-0.274878 0.00355734 3.31768e-07)
(-0.255691 0.0195759 2.71118e-07)
(-0.27644 0.0482678 1.12022e-07)
(-0.419295 -0.00043919 2.32095e-08)
(-0.405489 -0.00146119 5.32847e-08)
(-0.379959 -0.00296241 5.42334e-08)
(-0.346601 -0.00543797 1.84182e-08)
(-0.310766 -0.00970854 -5.7696e-08)
(-0.279352 -0.0172381 -1.71704e-07)
(-0.263151 -0.030894 -2.73927e-07)
(-0.289148 -0.0571283 -1.22899e-07)
(-0.420217 -0.000409762 1.39822e-08)
(-0.40668 -0.00132568 2.51419e-08)
(-0.38176 -0.00255666 1.65996e-09)
(-0.349487 -0.00438985 -6.49291e-08)
(-0.315318 -0.00717754 -1.68129e-07)
(-0.285723 -0.0111573 -2.67457e-07)
(-0.267777 -0.0155897 -2.77961e-07)
(-0.266797 -0.0151587 -1.26175e-07)
(-0.42103 -0.000381564 1.88355e-08)
(-0.407636 -0.00117959 3.78292e-08)
(-0.383023 -0.00209492 1.77871e-08)
(-0.351222 -0.00323144 -4.85837e-08)
(-0.317533 -0.00466338 -1.50292e-07)
(-0.287764 -0.0062357 -2.45815e-07)
(-0.267153 -0.00705409 -2.46889e-07)
(-0.2584 -0.00460675 -1.02373e-07)
(-0.421779 -0.000405071 3.01448e-08)
(-0.408394 -0.00117931 6.77806e-08)
(-0.383812 -0.00186066 6.26538e-08)
(-0.352055 -0.00242318 7.94125e-09)
(-0.318322 -0.00285192 -8.18232e-08)
(-0.288114 -0.00306384 -1.61651e-07)
(-0.266148 -0.00276471 -1.68797e-07)
(-0.255136 -0.00136836 -7.08233e-08)
(-0.422615 -0.00054354 4.99996e-08)
(-0.409091 -0.00150358 1.27253e-07)
(-0.384267 -0.00211276 1.53904e-07)
(-0.352213 -0.00222513 1.19888e-07)
(-0.318174 -0.00180294 3.56409e-08)
(-0.287677 -0.00095641 -5.86777e-08)
(-0.265457 -3.08447e-05 -1.07767e-07)
(-0.254267 0.000326871 -6.58334e-08)
(-0.423826 -0.000890308 8.22336e-08)
(-0.409963 -0.00240726 2.10729e-07)
(-0.384534 -0.00319315 2.77619e-07)
(-0.351745 -0.00293042 2.6555e-07)
(-0.317054 -0.00151002 1.78482e-07)
(-0.286342 0.000841827 4.96176e-08)
(-0.264865 0.00317071 -4.40021e-08)
(-0.255432 0.0030259 -1.8895e-08)
(-0.425912 -0.00159995 1.13646e-07)
(-0.411394 -0.00431265 3.10048e-07)
(-0.38479 -0.00568631 4.35338e-07)
(-0.35053 -0.0051358 4.68344e-07)
(-0.314401 -0.0023421 4.0802e-07)
(-0.282996 0.00271298 2.84759e-07)
(-0.263273 0.00912139 1.55029e-07)
(-0.260463 0.0118868 1.22543e-08)
(-0.429738 -0.00293564 1.63514e-07)
(-0.414049 -0.0079325 4.3836e-07)
(-0.385357 -0.010596 6.34607e-07)
(-0.348401 -0.0100119 7.26999e-07)
(-0.309205 -0.0055835 7.03946e-07)
(-0.274878 0.00355776 5.65088e-07)
(-0.255691 0.0195764 3.25905e-07)
(-0.27644 0.0482682 1.40851e-07)
(-0.419295 -0.000439218 1.35227e-08)
(-0.405489 -0.00146128 2.86461e-08)
(-0.379959 -0.00296258 2.20098e-08)
(-0.346601 -0.00543825 -1.23818e-08)
(-0.310766 -0.00970894 -7.89218e-08)
(-0.279352 -0.0172386 -1.78785e-07)
(-0.263151 -0.0308944 -2.67038e-07)
(-0.289147 -0.0571282 -1.12064e-07)
(-0.420217 -0.00040977 6.91598e-09)
(-0.40668 -0.00132571 7.40973e-09)
(-0.381761 -0.00255672 -1.71783e-08)
(-0.349487 -0.00438995 -7.32509e-08)
(-0.315318 -0.00717766 -1.56495e-07)
(-0.285723 -0.0111573 -2.34243e-07)
(-0.267777 -0.0155895 -2.37562e-07)
(-0.266796 -0.0151586 -1.08136e-07)
(-0.42103 -0.000381543 9.41501e-09)
(-0.407636 -0.00117953 1.52807e-08)
(-0.383023 -0.00209484 -6.80868e-09)
(-0.351222 -0.00323135 -6.20418e-08)
(-0.317533 -0.00466325 -1.42313e-07)
(-0.287764 -0.00623553 -2.15385e-07)
(-0.267152 -0.00705391 -2.0772e-07)
(-0.258399 -0.00460665 -8.27174e-08)
(-0.421778 -0.000405031 1.75495e-08)
(-0.408394 -0.00117919 3.48188e-08)
(-0.383812 -0.00186048 2.22381e-08)
(-0.352055 -0.00242296 -2.42546e-08)
(-0.318322 -0.00285166 -9.32804e-08)
(-0.288114 -0.00306357 -1.4978e-07)
(-0.266148 -0.00276452 -1.46117e-07)
(-0.255136 -0.00136832 -5.87684e-08)
(-0.422614 -0.000543469 2.97421e-08)
(-0.409091 -0.00150339 7.39698e-08)
(-0.384267 -0.00211248 8.31828e-08)
(-0.352213 -0.0022248 5.10939e-08)
(-0.318174 -0.00180261 -1.41732e-08)
(-0.287677 -0.000956155 -8.16934e-08)
(-0.265457 -3.07078e-05 -1.10711e-07)
(-0.254266 0.00032694 -6.38555e-08)
(-0.423825 -0.000890224 5.31159e-08)
(-0.409963 -0.00240701 1.29813e-07)
(-0.384534 -0.00319278 1.63577e-07)
(-0.351745 -0.00292996 1.43168e-07)
(-0.317054 -0.00150953 7.26637e-08)
(-0.286342 0.000842281 -2.23974e-08)
(-0.264865 0.00317107 -7.7634e-08)
(-0.255432 0.00302598 -2.41584e-08)
(-0.425912 -0.00159984 7.16731e-08)
(-0.411394 -0.00431234 1.94826e-07)
(-0.38479 -0.00568583 2.69235e-07)
(-0.35053 -0.00513518 2.81366e-07)
(-0.314402 -0.00234139 2.3185e-07)
(-0.282996 0.00271367 1.45332e-07)
(-0.263273 0.00912184 6.5535e-08)
(-0.260463 0.011887 -2.46414e-08)
(-0.429738 -0.00293554 1.09565e-07)
(-0.414049 -0.00793219 2.83677e-07)
(-0.385357 -0.0105955 4.03366e-07)
(-0.348401 -0.0100113 4.53568e-07)
(-0.309205 -0.00558266 4.2634e-07)
(-0.274879 0.00355871 3.19867e-07)
(-0.255692 0.0195773 1.46987e-07)
(-0.276441 0.0482693 6.62029e-08)
(-0.436781 -0.00535184 1.20164e-08)
(-0.419055 -0.0144472 3.72942e-08)
(-0.38687 -0.0195034 6.00516e-08)
(-0.345517 -0.0194111 7.58367e-08)
(-0.300832 -0.0138107 8.11413e-08)
(-0.257836 -0.00194904 7.30383e-08)
(-0.218562 0.0191487 4.18594e-08)
(-0.173801 0.0590589 -2.5828e-08)
(-0.449538 -0.0096808 6.18484e-09)
(-0.428201 -0.0258419 3.08869e-08)
(-0.390321 -0.034725 5.56362e-08)
(-0.342709 -0.0354773 7.24079e-08)
(-0.291743 -0.0290201 7.5853e-08)
(-0.241919 -0.0164427 6.26606e-08)
(-0.194683 0.0018333 3.42399e-08)
(-0.147091 0.0251179 1.72014e-08)
(-0.472304 -0.0176435 1.5301e-08)
(-0.444099 -0.0457279 4.77191e-08)
(-0.396505 -0.0598208 7.62796e-08)
(-0.339812 -0.0606434 9.53186e-08)
(-0.281797 -0.0519084 1.00807e-07)
(-0.226983 -0.037331 9.1481e-08)
(-0.177001 -0.0197801 7.05238e-08)
(-0.131359 -0.00212807 5.03392e-08)
(-0.512909 -0.0333943 7.7637e-09)
(-0.470378 -0.0812619 3.57927e-08)
(-0.405236 -0.100631 6.43936e-08)
(-0.334796 -0.0981731 8.59956e-08)
(-0.26843 -0.0833038 9.68282e-08)
(-0.20979 -0.0632058 9.65064e-08)
(-0.15948 -0.0424309 8.85418e-08)
(-0.11682 -0.0239975 8.02847e-08)
(-0.58696 -0.068814 1.6446e-08)
(-0.511336 -0.147426 5.1364e-08)
(-0.413417 -0.166466 8.23954e-08)
(-0.322485 -0.151916 1.04919e-07)
(-0.24683 -0.123797 1.16313e-07)
(-0.18611 -0.0931804 1.16849e-07)
(-0.137793 -0.0653221 1.09171e-07)
(-0.0994156 -0.042506 9.7718e-08)
(-0.729149 -0.164155 8.8464e-09)
(-0.568031 -0.275753 3.41334e-08)
(-0.409726 -0.269824 5.99401e-08)
(-0.292126 -0.22399 8.05475e-08)
(-0.209695 -0.171808 9.34704e-08)
(-0.151316 -0.125133 9.83136e-08)
(-0.108805 -0.0872063 9.65573e-08)
(-0.0771405 -0.0581765 9.03613e-08)
(-1.02687 -0.477251 1.74981e-08)
(-0.617005 -0.524596 6.26168e-08)
(-0.361654 -0.417652 1.01955e-07)
(-0.224469 -0.307998 1.30253e-07)
(-0.147973 -0.220308 1.45359e-07)
(-0.101508 -0.154159 1.47719e-07)
(-0.070837 -0.10539 1.39658e-07)
(-0.0493641 -0.0701384 1.24555e-07)
(-1.731 -1.69865 2.82575e-08)
(-0.508432 -0.931009 5.60072e-08)
(-0.193129 -0.573211 7.29821e-08)
(-0.0947821 -0.376227 8.18169e-08)
(-0.0558563 -0.25396 8.33721e-08)
(-0.036398 -0.172397 7.89646e-08)
(-0.0247847 -0.116054 7.0449e-08)
(-0.0170595 -0.0767758 5.97579e-08)
(-0.436781 -0.00535184 8.11379e-08)
(-0.419055 -0.0144472 2.30353e-07)
(-0.38687 -0.0195034 3.50085e-07)
(-0.345517 -0.019411 4.2626e-07)
(-0.300832 -0.0138107 4.51305e-07)
(-0.257836 -0.00194909 4.24168e-07)
(-0.218562 0.0191486 3.40009e-07)
(-0.173801 0.0590589 1.9468e-07)
(-0.449538 -0.0096808 8.2391e-08)
(-0.428201 -0.0258419 2.54142e-07)
(-0.390321 -0.034725 4.00501e-07)
(-0.342709 -0.0354773 5.03102e-07)
(-0.291743 -0.02902 5.53731e-07)
(-0.241919 -0.0164427 5.51836e-07)
(-0.194683 0.00183336 5.04966e-07)
(-0.147091 0.0251181 4.44974e-07)
(-0.472304 -0.0176435 1.01697e-07)
(-0.444099 -0.0457279 2.89605e-07)
(-0.396505 -0.0598208 4.46795e-07)
(-0.339812 -0.0606433 5.59315e-07)
(-0.281797 -0.0519084 6.20871e-07)
(-0.226983 -0.0373309 6.33513e-07)
(-0.177002 -0.01978 6.06012e-07)
(-0.131359 -0.00212795 5.54962e-07)
(-0.512909 -0.0333943 8.55609e-08)
(-0.470378 -0.0812619 2.67782e-07)
(-0.405236 -0.100631 4.27777e-07)
(-0.334796 -0.098173 5.48464e-07)
(-0.26843 -0.0833038 6.23311e-07)
(-0.20979 -0.0632058 6.53565e-07)
(-0.15948 -0.0424308 6.46169e-07)
(-0.11682 -0.0239974 6.10356e-07)
(-0.58696 -0.068814 9.30837e-08)
(-0.511336 -0.147426 2.62575e-07)
(-0.413417 -0.166466 4.05901e-07)
(-0.322485 -0.151916 5.12097e-07)
(-0.24683 -0.123797 5.76629e-07)
(-0.18611 -0.0931804 6.01472e-07)
(-0.137793 -0.0653221 5.92139e-07)
(-0.0994157 -0.042506 5.55495e-07)
(-0.729149 -0.164155 5.7647e-08)
(-0.568031 -0.275753 1.85063e-07)
(-0.409726 -0.269824 2.98603e-07)
(-0.292126 -0.223989 3.86038e-07)
(-0.209695 -0.171808 4.427e-07)
(-0.151316 -0.125133 4.68513e-07)
(-0.108806 -0.0872062 4.66872e-07)
(-0.0771406 -0.0581764 4.41556e-07)
(-1.02687 -0.477251 5.5983e-08)
(-0.617005 -0.524596 1.62303e-07)
(-0.361653 -0.417652 2.51436e-07)
(-0.224469 -0.307998 3.16308e-07)
(-0.147973 -0.220308 3.54262e-07)
(-0.101508 -0.154159 3.66579e-07)
(-0.070837 -0.10539 3.56788e-07)
(-0.0493642 -0.0701385 3.29593e-07)
(-1.731 -1.69865 2.99042e-08)
(-0.508431 -0.931009 6.57502e-08)
(-0.193128 -0.573211 9.02273e-08)
(-0.0947821 -0.376227 1.05629e-07)
(-0.0558563 -0.253961 1.128e-07)
(-0.036398 -0.172398 1.12924e-07)
(-0.0247847 -0.116054 1.07515e-07)
(-0.0170596 -0.0767762 9.7958e-08)
(-0.43678 -0.00535179 1.93907e-07)
(-0.419055 -0.014447 5.43913e-07)
(-0.38687 -0.0195031 8.11177e-07)
(-0.345517 -0.0194107 9.73197e-07)
(-0.300832 -0.0138103 1.02317e-06)
(-0.257836 -0.0019486 9.69396e-07)
(-0.218563 0.0191492 8.44674e-07)
(-0.173801 0.0590596 7.29103e-07)
(-0.449537 -0.00968076 2.39516e-07)
(-0.4282 -0.0258418 6.55605e-07)
(-0.390321 -0.0347248 9.94035e-07)
(-0.342708 -0.0354771 1.2372e-06)
(-0.291743 -0.0290197 1.38566e-06)
(-0.241919 -0.0164423 1.45612e-06)
(-0.194683 0.00183383 1.46567e-06)
(-0.147091 0.0251186 1.37743e-06)
(-0.472303 -0.0176435 2.4328e-07)
(-0.444099 -0.0457279 6.89775e-07)
(-0.396505 -0.0598208 1.05614e-06)
(-0.339812 -0.0606433 1.33009e-06)
(-0.281797 -0.0519083 1.51531e-06)
(-0.226983 -0.0373308 1.62796e-06)
(-0.177002 -0.0197799 1.68246e-06)
(-0.131359 -0.00212774 1.65754e-06)
(-0.512909 -0.0333943 2.49287e-07)
(-0.470378 -0.0812619 6.84615e-07)
(-0.405236 -0.100631 1.05073e-06)
(-0.334796 -0.0981732 1.33201e-06)
(-0.26843 -0.0833039 1.52723e-06)
(-0.20979 -0.0632059 1.64422e-06)
(-0.15948 -0.0424309 1.68706e-06)
(-0.11682 -0.0239975 1.64132e-06)
(-0.586959 -0.068814 2.07482e-07)
(-0.511335 -0.147426 5.8795e-07)
(-0.413416 -0.166467 9.00224e-07)
(-0.322485 -0.151916 1.13731e-06)
(-0.24683 -0.123797 1.29974e-06)
(-0.18611 -0.0931807 1.39261e-06)
(-0.137793 -0.0653225 1.41892e-06)
(-0.0994158 -0.0425063 1.37136e-06)
(-0.729148 -0.164155 1.5814e-07)
(-0.56803 -0.275753 4.29234e-07)
(-0.409726 -0.269825 6.58033e-07)
(-0.292126 -0.22399 8.3372e-07)
(-0.209695 -0.171808 9.5366e-07)
(-0.151316 -0.125133 1.02006e-06)
(-0.108806 -0.0872067 1.03409e-06)
(-0.0771407 -0.0581769 9.94298e-07)
(-1.02687 -0.477251 6.93803e-08)
(-0.617005 -0.524596 1.71182e-07)
(-0.361653 -0.417652 2.45672e-07)
(-0.224468 -0.307999 3.02686e-07)
(-0.147973 -0.220308 3.46859e-07)
(-0.101508 -0.15416 3.7951e-07)
(-0.070837 -0.105391 3.98479e-07)
(-0.0493642 -0.0701391 3.98241e-07)
(-1.731 -1.69865 -4.58461e-08)
(-0.508431 -0.931009 -7.67018e-08)
(-0.193128 -0.573211 -8.94932e-08)
(-0.0947821 -0.376228 -8.92064e-08)
(-0.0558563 -0.253961 -7.66894e-08)
(-0.036398 -0.172398 -5.45512e-08)
(-0.0247847 -0.116055 -2.76295e-08)
(-0.0170596 -0.0767766 -1.94016e-09)
(-0.436779 -0.00535168 1.24785e-07)
(-0.419054 -0.0144467 3.50855e-07)
(-0.386869 -0.0195026 5.21144e-07)
(-0.345517 -0.01941 6.22773e-07)
(-0.300832 -0.0138093 6.53006e-07)
(-0.257836 -0.0019473 6.18266e-07)
(-0.218563 0.0191509 5.46525e-07)
(-0.173802 0.0590614 5.08595e-07)
(-0.449536 -0.0096807 1.6331e-07)
(-0.4282 -0.0258416 4.3235e-07)
(-0.39032 -0.0347245 6.49171e-07)
(-0.342708 -0.0354766 8.06501e-07)
(-0.291742 -0.029019 9.07782e-07)
(-0.241919 -0.0164413 9.66941e-07)
(-0.194683 0.00183503 9.94939e-07)
(-0.147091 0.0251199 9.4966e-07)
(-0.472302 -0.0176435 1.56884e-07)
(-0.444097 -0.0457279 4.4789e-07)
(-0.396504 -0.0598207 6.85625e-07)
(-0.339811 -0.0606431 8.66089e-07)
(-0.281797 -0.0519081 9.95242e-07)
(-0.226982 -0.0373306 1.08593e-06)
(-0.177002 -0.0197796 1.14698e-06)
(-0.131359 -0.00212742 1.15291e-06)
(-0.512907 -0.0333944 1.7149e-07)
(-0.470377 -0.0812621 4.52626e-07)
(-0.405235 -0.100631 6.87349e-07)
(-0.334795 -0.0981734 8.69537e-07)
(-0.26843 -0.0833042 1.00075e-06)
(-0.20979 -0.0632063 1.08716e-06)
(-0.15948 -0.0424314 1.12943e-06)
(-0.11682 -0.0239979 1.11125e-06)
(-0.586958 -0.0688141 1.30844e-07)
(-0.511334 -0.147426 3.76739e-07)
(-0.413415 -0.166467 5.76719e-07)
(-0.322485 -0.151917 7.30137e-07)
(-0.246829 -0.123798 8.39423e-07)
(-0.18611 -0.0931816 9.0799e-07)
(-0.137793 -0.0653234 9.35954e-07)
(-0.099416 -0.0425072 9.13582e-07)
(-0.729148 -0.164155 1.09339e-07)
(-0.56803 -0.275753 2.78304e-07)
(-0.409725 -0.269826 4.1937e-07)
(-0.292126 -0.223991 5.2823e-07)
(-0.209695 -0.171809 6.0443e-07)
(-0.151316 -0.125135 6.49857e-07)
(-0.108806 -0.0872082 6.63775e-07)
(-0.0771408 -0.0581784 6.43103e-07)
(-1.02687 -0.477252 3.08955e-08)
(-0.617005 -0.524597 7.14955e-08)
(-0.361653 -0.417653 9.61912e-08)
(-0.224468 -0.308 1.1663e-07)
(-0.147973 -0.22031 1.37956e-07)
(-0.101508 -0.154161 1.6065e-07)
(-0.070837 -0.105392 1.8135e-07)
(-0.0493642 -0.0701405 1.93203e-07)
(-1.731 -1.69865 -4.74928e-08)
(-0.508432 -0.931009 -8.64447e-08)
(-0.193128 -0.573211 -1.06738e-07)
(-0.094782 -0.376228 -1.13019e-07)
(-0.0558563 -0.253961 -1.06117e-07)
(-0.0363979 -0.172399 -8.85104e-08)
(-0.0247846 -0.116055 -6.4695e-08)
(-0.0170595 -0.076777 -4.01402e-08)
(-0.0969147 0.113458 -3.35087e-08)
(-0.0319264 0.0566165 -2.21971e-08)
(-0.0129598 0.0296587 -1.14356e-08)
(-0.00610348 0.0158663 -4.75285e-09)
(-0.00311577 0.00852394 -1.32322e-09)
(-0.0016464 0.00455358 1.57418e-10)
(-0.000877796 0.00240473 6.31268e-10)
(-0.000465918 0.00125093 6.58631e-10)
(-0.000244432 0.000639597 5.26401e-10)
(-0.000126239 0.000320994 3.70284e-10)
(-6.40352e-05 0.000157999 2.39159e-10)
(-3.18605e-05 7.62398e-05 1.45372e-10)
(-1.55372e-05 3.60567e-05 8.38767e-11)
(-7.4236e-06 1.67129e-05 4.64162e-11)
(-3.47478e-06 7.59307e-06 2.46812e-11)
(-1.59342e-06 3.38187e-06 1.26946e-11)
(-7.15962e-07 1.47698e-06 6.31079e-12)
(-3.15293e-07 6.32695e-07 3.05025e-12)
(-1.36123e-07 2.65921e-07 1.43108e-12)
(-5.76356e-08 1.09699e-07 6.54794e-13)
(-2.39413e-08 4.44317e-08 2.90306e-13)
(-9.76047e-09 1.76762e-08 1.26753e-13)
(-3.90687e-09 6.90953e-09 5.37387e-14)
(-1.53602e-09 2.65484e-09 2.21964e-14)
(-5.93398e-10 1.00305e-09 8.76174e-15)
(-2.25343e-10 3.72785e-10 2.92058e-15)
(-8.41583e-11 1.3633e-10 1.16823e-15)
(-3.09231e-11 4.90786e-11 0)
(-1.11835e-11 1.73915e-11 0)
(-3.99652e-12 6.05027e-12 0)
(-1.44861e-12 2.0117e-12 -1.16823e-15)
(-6.46032e-13 4.70798e-13 -5.84116e-16)
(-0.0950732 0.0442751 1.52841e-08)
(-0.0518732 0.0322615 1.80637e-08)
(-0.0277903 0.0199907 1.93014e-08)
(-0.0150312 0.0116472 1.78808e-08)
(-0.00819698 0.00656103 1.47915e-08)
(-0.00447282 0.00360558 1.12126e-08)
(-0.00242485 0.00193861 7.93418e-09)
(-0.00129921 0.00102065 5.30059e-09)
(-0.000685506 0.000526244 3.37181e-09)
(-0.000355358 0.000265709 2.05285e-09)
(-0.00018072 0.000131377 1.20166e-09)
(-9.0082e-05 6.36116e-05 6.78116e-10)
(-4.39897e-05 3.01648e-05 3.6998e-10)
(-2.104e-05 1.40115e-05 1.95474e-10)
(-9.85627e-06 6.37658e-06 1.0022e-10)
(-4.52268e-06 2.844e-06 4.99133e-11)
(-2.03322e-06 1.2435e-06 2.41888e-11)
(-8.95766e-07 5.33186e-07 1.14125e-11)
(-3.86873e-07 2.24278e-07 5.25004e-12)
(-1.63854e-07 9.25834e-08 2.35632e-12)
(-6.80812e-08 3.75215e-08 1.0298e-12)
(-2.77617e-08 1.49347e-08 4.42176e-13)
(-1.11144e-08 5.84051e-09 1.84581e-13)
(-4.37047e-09 2.24496e-09 7.59351e-14)
(-1.68866e-09 8.48479e-10 2.86217e-14)
(-6.41365e-10 3.15436e-10 9.92997e-15)
(-2.39551e-10 1.15392e-10 2.92058e-15)
(-8.80205e-11 4.15493e-11 1.75235e-15)
(-3.18402e-11 1.47302e-11 0)
(-1.13868e-11 5.1262e-12 0)
(-4.12853e-12 1.70211e-12 1.16823e-15)
(-1.83763e-12 3.98367e-13 0)
(-0.089771 0.0104911 4.0546e-08)
(-0.0562108 0.0116733 3.61744e-08)
(-0.0335741 0.00892444 3.23796e-08)
(-0.0195331 0.00588737 2.74342e-08)
(-0.0111574 0.00358774 2.17464e-08)
(-0.00626882 0.00207685 1.61474e-08)
(-0.00346273 0.00115713 1.13188e-08)
(-0.00187829 0.000624706 7.52982e-09)
(-0.000999369 0.000328014 4.78371e-09)
(-0.000521106 0.000167873 2.91233e-09)
(-0.000266133 8.38568e-05 1.70611e-09)
(-0.000133073 4.09249e-05 9.63782e-10)
(-6.51373e-05 1.95275e-05 5.26501e-10)
(-3.12118e-05 9.11545e-06 2.78518e-10)
(-1.46423e-05 4.16501e-06 1.42977e-10)
(-6.7265e-06 1.8637e-06 7.12943e-11)
(-3.02678e-06 8.17078e-07 3.4589e-11)
(-1.33451e-06 3.51137e-07 1.63377e-11)
(-5.76725e-07 1.47983e-07 7.52517e-12)
(-2.44393e-07 6.11872e-08 3.38028e-12)
(-1.0159e-07 2.48319e-08 1.48365e-12)
(-4.14415e-08 9.89571e-09 6.35518e-13)
(-1.65966e-08 3.87396e-09 2.65189e-13)
(-6.52804e-09 1.49043e-09 1.08061e-13)
(-2.52292e-09 5.63758e-10 4.20564e-14)
(-9.58434e-10 2.09734e-10 1.34347e-14)
(-3.58044e-10 7.67774e-11 4.08881e-15)
(-1.31583e-10 2.76614e-11 0)
(-4.7609e-11 9.80731e-12 -5.84116e-16)
(-1.70258e-11 3.41241e-12 0)
(-6.17411e-12 1.13435e-12 5.84116e-16)
(-2.74651e-12 2.6402e-13 0)
(-0.0812718 -0.0104878 7.31496e-08)
(-0.0534398 -0.00346712 6.5272e-08)
(-0.0335763 -0.000577696 5.55918e-08)
(-0.0203679 0.00033792 4.47457e-08)
(-0.0120075 0.000479782 3.39965e-08)
(-0.00690343 0.00038519 2.44663e-08)
(-0.003877 0.000257071 1.67466e-08)
(-0.00212833 0.000155534 1.09481e-08)
(-0.00114234 8.82352e-05 6.8604e-09)
(-0.000599516 4.77156e-05 4.1333e-09)
(-0.000307667 2.48233e-05 2.40052e-09)
(-0.000154411 1.24929e-05 1.34684e-09)
(-7.57991e-05 6.10451e-06 7.31424e-10)
(-3.64025e-05 2.90348e-06 3.85069e-10)
(-1.7108e-05 1.34669e-06 1.96828e-10)
(-7.87061e-06 6.09973e-07 9.77986e-11)
(-3.54578e-06 2.70108e-07 4.72953e-11)
(-1.56486e-06 1.17046e-07 2.22794e-11)
(-6.76823e-07 4.96726e-08 1.02349e-11)
(-2.87005e-07 2.06599e-08 4.58882e-12)
(-1.19373e-07 8.4269e-09 2.00994e-12)
(-4.87196e-08 3.3728e-09 8.60403e-13)
(-1.95197e-08 1.32536e-09 3.58647e-13)
(-7.68067e-09 5.11592e-10 1.46613e-13)
(-2.96935e-09 1.94071e-10 5.84116e-14)
(-1.12835e-09 7.23813e-11 2.10282e-14)
(-4.21623e-10 2.65586e-11 5.84116e-15)
(-1.54991e-10 9.59002e-12 2.33646e-15)
(-5.6088e-11 3.4054e-12 0)
(-2.00597e-11 1.18342e-12 -1.16823e-15)
(-7.27692e-12 3.97199e-13 1.16823e-15)
(-3.23717e-12 9.5795e-14 5.84116e-16)
(-0.0692407 -0.025643 8.51957e-08)
(-0.0463007 -0.0146242 7.21473e-08)
(-0.0297691 -0.00803027 5.8792e-08)
(-0.0184756 -0.00429904 4.57987e-08)
(-0.0111102 -0.00226024 3.40249e-08)
(-0.00649153 -0.00117119 2.41147e-08)
(-0.00369239 -0.000598863 1.63381e-08)
(-0.00204712 -0.000302145 1.06051e-08)
(-0.00110719 -0.000150305 6.61307e-09)
(-0.000584518 -7.36538e-05 3.96982e-09)
(-0.000301356 -3.55201e-05 2.29959e-09)
(-0.000151792 -1.68448e-05 1.28751e-09)
(-7.47267e-05 -7.85051e-06 6.98113e-10)
(-3.59696e-05 -3.594e-06 3.67032e-10)
(-1.69358e-05 -1.61578e-06 1.87415e-10)
(-7.80309e-06 -7.13256e-07 9.30304e-11)
(-3.5197e-06 -3.0914e-07 4.49559e-11)
(-1.55495e-06 -1.31564e-07 2.11637e-11)
(-6.73111e-07 -5.4986e-08 9.71852e-12)
(-2.85638e-07 -2.25725e-08 4.35459e-12)
(-1.18877e-07 -9.10383e-09 1.90655e-12)
(-4.8543e-08 -3.60827e-09 8.14842e-13)
(-1.94578e-08 -1.40583e-09 3.4054e-13)
(-7.65933e-09 -5.38584e-10 1.37851e-13)
(-2.96214e-09 -2.02958e-10 5.43228e-14)
(-1.12595e-09 -7.52599e-11 2.21964e-14)
(-4.20835e-10 -2.74698e-11 7.00939e-15)
(-1.54737e-10 -9.86923e-12 1.75235e-15)
(-5.60144e-11 -3.49185e-12 0)
(-2.00328e-11 -1.21146e-12 5.84116e-16)
(-7.26524e-12 -4.01872e-13 0)
(-3.23717e-12 -9.34586e-14 -5.84116e-16)
(-0.05339 -0.0371547 8.11719e-08)
(-0.0358271 -0.0228206 6.98409e-08)
(-0.0232511 -0.0135576 5.73033e-08)
(-0.0145979 -0.0078281 4.47483e-08)
(-0.00887966 -0.00440735 3.32536e-08)
(-0.00524206 -0.00242445 2.3563e-08)
(-0.00300796 -0.00130449 1.59542e-08)
(-0.00167977 -0.000686906 1.03522e-08)
(-0.000913848 -0.000354078 6.45185e-09)
(-0.000484731 -0.00017869 3.87221e-09)
(-0.000250858 -8.82964e-05 2.24212e-09)
(-0.000126742 -4.27244e-05 1.2552e-09)
(-6.25483e-05 -2.02471e-05 6.80371e-10)
(-3.01678e-05 -9.39914e-06 3.57695e-10)
(-1.42273e-05 -4.27519e-06 1.82597e-10)
(-6.56397e-06 -1.90583e-06 9.0642e-11)
(-2.96409e-06 -8.32926e-07 4.37929e-11)
(-1.31071e-06 -3.57001e-07 2.06175e-11)
(-5.67831e-07 -1.50115e-07 9.46619e-12)
(-2.41123e-07 -6.19487e-08 4.24419e-12)
(-1.00408e-07 -2.50989e-08 1.85574e-12)
(-4.10216e-08 -9.98753e-09 7.94982e-13)
(-1.645e-08 -3.90489e-09 3.32362e-13)
(-6.4778e-09 -1.50063e-09 1.35515e-13)
(-2.50603e-09 -5.67047e-10 5.43228e-14)
(-9.52858e-10 -2.10765e-10 2.27805e-14)
(-3.56233e-10 -7.7094e-11 9.34586e-15)
(-1.31011e-10 -2.77549e-11 1.75235e-15)
(-4.74337e-11 -9.83418e-12 0)
(-1.69697e-11 -3.41825e-12 -1.16823e-15)
(-6.15658e-12 -1.13903e-12 0)
(-2.74184e-12 -2.67525e-13 0)
(-0.0338848 -0.0453089 1.05641e-07)
(-0.0227036 -0.0283888 8.5554e-08)
(-0.0147766 -0.0172652 6.62646e-08)
(-0.00932541 -0.0102057 4.91386e-08)
(-0.0057065 -0.00587164 3.49233e-08)
(-0.00338867 -0.00329175 2.38208e-08)
(-0.00195485 -0.00179991 1.56177e-08)
(-0.00109672 -0.000960607 9.85859e-09)
(-0.000598971 -0.000500689 6.00178e-09)
(-0.000318736 -0.000254995 3.52939e-09)
(-0.00016539 -0.000126948 2.00793e-09)
(-8.37424e-05 -6.18067e-05 1.10668e-09)
(-4.14015e-05 -2.94395e-05 5.91714e-10)
(-1.99977e-05 -1.37243e-05 3.07271e-10)
(-9.44247e-06 -6.26448e-06 1.55155e-10)
(-4.36083e-06 -2.8009e-06 7.62558e-11)
(-1.97088e-06 -1.22718e-06 3.6516e-11)
(-8.72135e-07 -5.27102e-07 1.70509e-11)
(-3.78059e-07 -2.22046e-07 7.7705e-12)
(-1.60622e-07 -9.17774e-08 3.45972e-12)
(-6.69159e-08 -3.72352e-08 1.50585e-12)
(-2.7349e-08 -1.48347e-08 6.41944e-13)
(-1.09709e-08 -5.80616e-09 2.67525e-13)
(-4.3215e-09 -2.23338e-09 1.10398e-13)
(-1.67227e-09 -8.44635e-10 4.38087e-14)
(-6.35993e-10 -3.14179e-10 1.75235e-14)
(-2.37824e-10 -1.14989e-10 7.59351e-15)
(-8.74784e-11 -4.14255e-11 2.92058e-15)
(-3.16778e-11 -1.46882e-11 1.16823e-15)
(-1.13365e-11 -5.11335e-12 0)
(-4.11568e-12 -1.69861e-12 0)
(-1.83179e-12 -4.00704e-13 0)
(-0.0116404 -0.04963 4.84964e-08)
(-0.00778344 -0.0312506 3.77819e-08)
(-0.00506806 -0.019143 2.82986e-08)
(-0.00320432 -0.011406 2.03935e-08)
(-0.00196567 -0.00661327 1.41472e-08)
(-0.00117032 -0.00373382 9.45509e-09)
(-0.000676811 -0.00205428 6.09289e-09)
(-0.00038055 -0.00110216 3.79038e-09)
(-0.000208236 -0.000577018 2.27873e-09)
(-0.00011099 -0.000294954 1.32573e-09)
(-5.76699e-05 -0.000147292 7.47162e-10)
(-2.92329e-05 -7.18933e-05 4.08474e-10)
(-1.44659e-05 -3.43163e-05 2.16824e-10)
(-6.99271e-06 -1.60259e-05 1.11887e-10)
(-3.30392e-06 -7.32591e-06 5.6175e-11)
(-1.52667e-06 -3.27957e-06 2.74739e-11)
(-6.9029e-07 -1.43842e-06 1.30953e-11)
(-3.05577e-07 -6.18397e-07 6.09058e-12)
(-1.32507e-07 -2.60708e-07 2.76462e-12)
(-5.63123e-08 -1.0783e-07 1.22781e-12)
(-2.34656e-08 -4.3774e-08 5.3213e-13)
(-9.59256e-09 -1.74489e-08 2.26053e-13)
(-3.84872e-09 -6.83248e-09 9.52109e-14)
(-1.51627e-09 -2.62924e-09 3.85517e-14)
(-5.86829e-10 -9.94713e-10 1.46029e-14)
(-2.23212e-10 -3.70132e-10 4.67293e-15)
(-8.34772e-11 -1.35508e-10 2.92058e-15)
(-3.07105e-11 -4.88298e-11 1.16823e-15)
(-1.11204e-11 -1.73202e-11 0)
(-3.98134e-12 -6.02925e-12 0)
(-1.4451e-12 -2.00585e-12 0)
(-6.41359e-13 -4.67293e-13 1.16823e-15)
(-0.0969147 0.113458 1.00397e-07)
(-0.0319263 0.0566165 7.35682e-08)
(-0.0129598 0.0296587 5.91187e-08)
(-0.00610346 0.0158664 4.58262e-08)
(-0.00311576 0.00852397 3.34974e-08)
(-0.00164639 0.0045536 2.31469e-08)
(-0.000877795 0.00240474 1.52446e-08)
(-0.000465919 0.00125094 9.61596e-09)
(-0.000244432 0.000639605 5.83816e-09)
(-0.00012624 0.000320999 3.41934e-09)
(-6.40357e-05 0.000158002 1.93755e-09)
(-3.18608e-05 7.62414e-05 1.06341e-09)
(-1.55374e-05 3.60576e-05 5.66459e-10)
(-7.42372e-06 1.67134e-05 2.93065e-10)
(-3.47485e-06 7.59332e-06 1.47501e-10)
(-1.59345e-06 3.382e-06 7.22546e-11)
(-7.15981e-07 1.47704e-06 3.44967e-11)
(-3.15303e-07 6.32724e-07 1.60585e-11)
(-1.36128e-07 2.65935e-07 7.29795e-12)
(-5.76378e-08 1.09705e-07 3.23834e-12)
(-2.39424e-08 4.44343e-08 1.4048e-12)
(-9.76094e-09 1.76773e-08 5.95214e-13)
(-3.90708e-09 6.91001e-09 2.47665e-13)
(-1.53611e-09 2.65504e-09 9.92997e-14)
(-5.93434e-10 1.00312e-09 3.91358e-14)
(-2.2536e-10 3.7281e-10 1.5187e-14)
(-8.41618e-11 1.36339e-10 5.84116e-15)
(-3.09266e-11 4.90821e-11 2.92058e-15)
(-1.11835e-11 1.73915e-11 0)
(-3.99886e-12 6.05261e-12 0)
(-1.44861e-12 2.01403e-12 -1.16823e-15)
(-6.43696e-13 4.70798e-13 5.84116e-16)
(-0.0950732 0.0442753 3.69367e-07)
(-0.0518732 0.0322616 3.02068e-07)
(-0.0277903 0.0199908 2.34488e-07)
(-0.0150312 0.0116473 1.72511e-07)
(-0.008197 0.00656108 1.20843e-07)
(-0.00447283 0.00360561 8.10451e-08)
(-0.00242486 0.00193864 5.22182e-08)
(-0.00129922 0.00102066 3.24284e-08)
(-0.000685512 0.000526252 1.94467e-08)
(-0.000355363 0.000265715 1.12848e-08)
(-0.000180722 0.00013138 6.34423e-09)
(-9.00837e-05 6.36132e-05 3.46088e-09)
(-4.39906e-05 3.01657e-05 1.83355e-09)
(-2.10406e-05 1.4012e-05 9.44632e-10)
(-9.85656e-06 6.37682e-06 4.73598e-10)
(-4.52283e-06 2.84412e-06 2.31318e-10)
(-2.03329e-06 1.24355e-06 1.10139e-10)
(-8.95804e-07 5.33212e-07 5.11715e-11)
(-3.86891e-07 2.24291e-07 2.32116e-11)
(-1.63863e-07 9.25889e-08 1.0288e-11)
(-6.8085e-08 3.75239e-08 4.45797e-12)
(-2.77634e-08 1.49357e-08 1.88845e-12)
(-1.11152e-08 5.84093e-09 7.85052e-13)
(-4.37078e-09 2.24514e-09 3.18343e-13)
(-1.68879e-09 8.48547e-10 1.26169e-13)
(-6.41417e-10 3.15458e-10 4.84816e-14)
(-2.39567e-10 1.15397e-10 1.98599e-14)
(-8.80263e-11 4.15493e-11 7.59351e-15)
(-3.18425e-11 1.47267e-11 5.84116e-16)
(-1.13821e-11 5.12387e-12 1.16823e-15)
(-4.12853e-12 1.70328e-12 1.75235e-15)
(-1.8423e-12 4.00704e-13 5.84116e-16)
(-0.0897711 0.0104912 4.88912e-07)
(-0.0562108 0.0116734 4.074e-07)
(-0.0335741 0.00892451 3.19894e-07)
(-0.0195331 0.00588742 2.37654e-07)
(-0.0111574 0.00358778 1.68042e-07)
(-0.00626884 0.00207688 1.13584e-07)
(-0.00346275 0.00115715 7.36955e-08)
(-0.0018783 0.000624717 4.60158e-08)
(-0.000999379 0.000328021 2.77274e-08)
(-0.000521112 0.000167877 1.61484e-08)
(-0.000266137 8.38592e-05 9.10839e-09)
(-0.000133075 4.09262e-05 4.98084e-09)
(-6.51386e-05 1.95282e-05 2.64495e-09)
(-3.12126e-05 9.11583e-06 1.36494e-09)
(-1.46427e-05 4.16521e-06 6.85488e-10)
(-6.72672e-06 1.8638e-06 3.35217e-10)
(-3.02689e-06 8.17124e-07 1.59821e-10)
(-1.33456e-06 3.51159e-07 7.43212e-11)
(-5.76751e-07 1.47993e-07 3.37491e-11)
(-2.44405e-07 6.11916e-08 1.49674e-11)
(-1.01595e-07 2.48339e-08 6.49128e-12)
(-4.14439e-08 9.89655e-09 2.75411e-12)
(-1.65977e-08 3.8743e-09 1.14487e-12)
(-6.52849e-09 1.49057e-09 4.66125e-13)
(-2.52311e-09 5.63817e-10 1.83997e-13)
(-9.58511e-10 2.09758e-10 7.12622e-14)
(-3.58069e-10 7.67832e-11 2.74535e-14)
(-1.31593e-10 2.76614e-11 1.16823e-14)
(-4.76125e-11 9.80731e-12 2.92058e-15)
(-1.70188e-11 3.4089e-12 5.84116e-16)
(-6.17528e-12 1.13552e-12 2.92058e-15)
(-2.74768e-12 2.6402e-13 2.92058e-15)
(-0.0812718 -0.0104877 5.47616e-07)
(-0.0534399 -0.00346704 4.62993e-07)
(-0.0335763 -0.000577644 3.6822e-07)
(-0.020368 0.000337957 2.76668e-07)
(-0.0120075 0.000479807 1.97418e-07)
(-0.00690347 0.000385206 1.34468e-07)
(-0.00387703 0.000257081 8.77633e-08)
(-0.00212835 0.00015554 5.50771e-08)
(-0.00114235 8.82389e-05 3.33151e-08)
(-0.000599525 4.77177e-05 1.94689e-08)
(-0.000307673 2.48245e-05 1.10095e-08)
(-0.000154415 1.24935e-05 6.03499e-09)
(-7.5801e-05 6.10485e-06 3.21049e-09)
(-3.64036e-05 2.90366e-06 1.65979e-09)
(-1.71086e-05 1.34678e-06 8.3468e-10)
(-7.87091e-06 6.10017e-07 4.08769e-10)
(-3.54593e-06 2.70129e-07 1.95097e-10)
(-1.56494e-06 1.17056e-07 9.08406e-11)
(-6.76858e-07 4.9677e-08 4.12894e-11)
(-2.87022e-07 2.06618e-08 1.83366e-11)
(-1.1938e-07 8.42774e-09 7.95858e-12)
(-4.87229e-08 3.37316e-09 3.38086e-12)
(-1.95212e-08 1.32551e-09 1.40538e-12)
(-7.68127e-09 5.11652e-10 5.71266e-13)
(-2.9696e-09 1.94098e-10 2.26637e-13)
(-1.12845e-09 7.23965e-11 8.87856e-14)
(-4.21664e-10 2.65644e-11 3.32946e-14)
(-1.55001e-10 9.59119e-12 1.10982e-14)
(-5.60973e-11 3.40657e-12 2.92058e-15)
(-2.0055e-11 1.18692e-12 1.75235e-15)
(-7.27341e-12 3.93694e-13 1.16823e-15)
(-3.24068e-12 9.22903e-14 0)
(-0.0692407 -0.025643 4.95801e-07)
(-0.0463008 -0.0146242 4.18628e-07)
(-0.0297691 -0.00803027 3.3382e-07)
(-0.0184757 -0.00429904 2.52074e-07)
(-0.0111102 -0.00226024 1.80927e-07)
(-0.00649156 -0.00117119 1.23955e-07)
(-0.00369241 -0.000598865 8.1341e-08)
(-0.00204714 -0.000302146 5.12904e-08)
(-0.0011072 -0.000150306 3.11543e-08)
(-0.000584526 -7.36543e-05 1.82707e-08)
(-0.000301361 -3.55204e-05 1.03637e-08)
(-0.000151795 -1.6845e-05 5.69572e-09)
(-7.47285e-05 -7.85061e-06 3.0369e-09)
(-3.59706e-05 -3.59405e-06 1.57309e-09)
(-1.69363e-05 -1.61581e-06 7.92455e-10)
(-7.80337e-06 -7.1327e-07 3.88669e-10)
(-3.51985e-06 -3.09147e-07 1.85761e-10)
(-1.55502e-06 -1.31568e-07 8.66005e-11)
(-6.73145e-07 -5.49876e-08 3.9408e-11)
(-2.85654e-07 -2.25732e-08 1.75188e-11)
(-1.18884e-07 -9.10414e-09 7.61337e-12)
(-4.85461e-08 -3.6084e-09 3.23659e-12)
(-1.94592e-08 -1.40588e-09 1.34756e-12)
(-7.65991e-09 -5.38606e-10 5.47317e-13)
(-2.96237e-09 -2.02967e-10 2.17291e-13)
(-1.12604e-09 -7.52563e-11 8.58651e-14)
(-4.20877e-10 -2.7464e-11 3.21264e-14)
(-1.54751e-10 -9.86572e-12 1.05141e-14)
(-5.60156e-11 -3.48951e-12 1.75235e-15)
(-2.00328e-11 -1.21379e-12 2.92058e-15)
(-7.26757e-12 -4.0304e-13 1.16823e-15)
(-3.23483e-12 -9.46268e-14 5.84116e-16)
(-0.05339 -0.0371547 3.96515e-07)
(-0.0358272 -0.0228206 3.36934e-07)
(-0.0232512 -0.0135576 2.70804e-07)
(-0.0145979 -0.00782809 2.06174e-07)
(-0.0088797 -0.00440735 1.49211e-07)
(-0.00524209 -0.00242445 1.02989e-07)
(-0.00300798 -0.00130449 6.8043e-08)
(-0.00167979 -0.000686907 4.3153e-08)
(-0.000913861 -0.000354079 2.63453e-08)
(-0.000484739 -0.000178691 1.5516e-08)
(-0.000250863 -8.8297e-05 8.83412e-09)
(-0.000126745 -4.27247e-05 4.87011e-09)
(-6.25501e-05 -2.02473e-05 2.60389e-09)
(-3.01688e-05 -9.39926e-06 1.3519e-09)
(-1.42278e-05 -4.27525e-06 6.82457e-10)
(-6.56425e-06 -1.90586e-06 3.35311e-10)
(-2.96423e-06 -8.32943e-07 1.60522e-10)
(-1.31078e-06 -3.57009e-07 7.49374e-11)
(-5.67864e-07 -1.50119e-07 3.41468e-11)
(-2.41138e-07 -6.19505e-08 1.51993e-11)
(-1.00415e-07 -2.50997e-08 6.61395e-12)
(-4.10247e-08 -9.98787e-09 2.8131e-12)
(-1.64514e-08 -3.90503e-09 1.17115e-12)
(-6.47836e-09 -1.50069e-09 4.74886e-13)
(-2.50625e-09 -5.67069e-10 1.87501e-13)
(-9.52947e-10 -2.10775e-10 7.59351e-14)
(-3.56272e-10 -7.70893e-11 2.86217e-14)
(-1.31031e-10 -2.77537e-11 9.92997e-15)
(-4.74384e-11 -9.83184e-12 2.92058e-15)
(-1.69686e-11 -3.41825e-12 1.16823e-15)
(-6.15658e-12 -1.13903e-12 2.33646e-15)
(-2.74184e-12 -2.67525e-13 1.16823e-15)
(-0.0338849 -0.0453089 2.89545e-07)
(-0.0227037 -0.0283888 2.41765e-07)
(-0.0147766 -0.0172653 1.91747e-07)
(-0.00932547 -0.0102058 1.44645e-07)
(-0.00570655 -0.00587168 1.03983e-07)
(-0.0033887 -0.00329178 7.1444e-08)
(-0.00195488 -0.00179993 4.70353e-08)
(-0.00109674 -0.00096062 2.97545e-08)
(-0.000598984 -0.000500697 1.81259e-08)
(-0.000318744 -0.000255 1.06576e-08)
(-0.000165395 -0.000126951 6.05857e-09)
(-8.37452e-05 -6.18084e-05 3.33594e-09)
(-4.14031e-05 -2.94405e-05 1.78146e-09)
(-1.99986e-05 -1.37248e-05 9.24029e-10)
(-9.44293e-06 -6.26473e-06 4.66014e-10)
(-4.36106e-06 -2.80103e-06 2.28797e-10)
(-1.971e-06 -1.22724e-06 1.09448e-10)
(-8.72192e-07 -5.27131e-07 5.1064e-11)
(-3.78087e-07 -2.2206e-07 2.3256e-11)
(-1.60634e-07 -9.17834e-08 1.0347e-11)
(-6.69216e-08 -3.72379e-08 4.50237e-12)
(-2.73515e-08 -1.48358e-08 1.91532e-12)
(-1.0972e-08 -5.80664e-09 7.97318e-13)
(-4.32194e-09 -2.23357e-09 3.24184e-13)
(-1.67246e-09 -8.44714e-10 1.30258e-13)
(-6.36067e-10 -3.14214e-10 5.08181e-14)
(-2.37853e-10 -1.15003e-10 1.98599e-14)
(-8.74924e-11 -4.14255e-11 7.59351e-15)
(-3.16825e-11 -1.46858e-11 1.16823e-15)
(-1.13412e-11 -5.11102e-12 1.16823e-15)
(-4.11451e-12 -1.69861e-12 0)
(-1.83062e-12 -3.96031e-13 -5.84116e-16)
(-0.0116404 -0.0496303 8.54553e-08)
(-0.00778348 -0.0312509 7.11829e-08)
(-0.0050681 -0.0191432 5.65085e-08)
(-0.00320435 -0.0114061 4.27302e-08)
(-0.00196569 -0.00661337 3.08189e-08)
(-0.00117034 -0.00373389 2.12423e-08)
(-0.000676822 -0.00205433 1.40281e-08)
(-0.000380558 -0.00110219 8.89672e-09)
(-0.000208241 -0.000577035 5.43189e-09)
(-0.000110993 -0.000294963 3.19917e-09)
(-5.76718e-05 -0.000147297 1.82121e-09)
(-2.9234e-05 -7.18963e-05 1.00373e-09)
(-1.44665e-05 -3.43179e-05 5.36424e-10)
(-6.99303e-06 -1.60268e-05 2.78345e-10)
(-3.30409e-06 -7.32634e-06 1.40419e-10)
(-1.52676e-06 -3.27977e-06 6.89397e-11)
(-6.90333e-07 -1.43852e-06 3.29763e-11)
(-3.05598e-07 -6.18443e-07 1.53809e-11)
(-1.32516e-07 -2.60729e-07 7.00122e-12)
(-5.63168e-08 -1.0784e-07 3.11334e-12)
(-2.34676e-08 -4.37781e-08 1.35457e-12)
(-9.59344e-09 -1.74506e-08 5.75354e-13)
(-3.84909e-09 -6.8332e-09 2.38903e-13)
(-1.51643e-09 -2.62953e-09 9.63792e-14)
(-5.86896e-10 -9.94831e-10 3.62152e-14)
(-2.23235e-10 -3.70178e-10 1.46029e-14)
(-8.34842e-11 -1.35529e-10 4.67293e-15)
(-3.0714e-11 -4.88391e-11 1.75235e-15)
(-1.11251e-11 -1.73249e-11 1.16823e-15)
(-3.98134e-12 -6.02925e-12 -5.84116e-16)
(-1.44277e-12 -2.00585e-12 5.84116e-16)
(-6.43696e-13 -4.69629e-13 5.84116e-16)
(-0.0969149 0.113459 4.47386e-07)
(-0.0319264 0.0566172 3.44816e-07)
(-0.0129599 0.0296592 2.56838e-07)
(-0.00610353 0.0158668 1.79948e-07)
(-0.00311582 0.00852425 1.20101e-07)
(-0.00164643 0.00455379 7.71642e-08)
(-0.000877823 0.00240486 4.79585e-08)
(-0.000465937 0.00125102 2.89119e-08)
(-0.000244444 0.000639647 1.69235e-08)
(-0.000126247 0.000321024 9.6277e-09)
(-6.40399e-05 0.000158016 5.32559e-09)
(-3.18633e-05 7.62488e-05 2.86643e-09)
(-1.55387e-05 3.60615e-05 1.50193e-09)
(-7.42444e-06 1.67154e-05 7.66658e-10)
(-3.47522e-06 7.59432e-06 3.81451e-10)
(-1.59364e-06 3.38248e-06 1.8512e-10)
(-7.16074e-07 1.47727e-06 8.76828e-11)
(-3.15347e-07 6.32829e-07 4.05593e-11)
(-1.36149e-07 2.65983e-07 1.83348e-11)
(-5.76473e-08 1.09726e-07 8.10227e-12)
(-2.39466e-08 4.44434e-08 3.50236e-12)
(-9.76278e-09 1.76811e-08 1.48307e-12)
(-3.90786e-09 6.91159e-09 6.15658e-13)
(-1.53643e-09 2.65568e-09 2.50586e-13)
(-5.93566e-10 1.00338e-09 1.01052e-13)
(-2.25412e-10 3.72913e-10 4.0304e-14)
(-8.41816e-11 1.36385e-10 1.5187e-14)
(-3.09348e-11 4.90985e-11 7.59351e-15)
(-1.11893e-11 1.73973e-11 3.5047e-15)
(-3.99769e-12 6.05027e-12 1.75235e-15)
(-1.44978e-12 2.0117e-12 1.16823e-15)
(-6.44864e-13 4.73134e-13 1.16823e-15)
(-0.0950734 0.0442759 1.22016e-06)
(-0.0518735 0.0322622 9.87153e-07)
(-0.0277906 0.0199912 7.33932e-07)
(-0.0150315 0.0116476 5.13108e-07)
(-0.00819717 0.0065613 3.42642e-07)
(-0.00447296 0.00360576 2.20314e-07)
(-0.00242495 0.00193873 1.36979e-07)
(-0.00129928 0.00102072 8.25196e-08)
(-0.000685548 0.000526288 4.82346e-08)
(-0.000355385 0.000265735 2.73783e-08)
(-0.000180735 0.000131391 1.51038e-08)
(-9.00911e-05 6.36194e-05 8.10343e-09)
(-4.39947e-05 3.01689e-05 4.23158e-09)
(-2.10427e-05 1.40136e-05 2.15204e-09)
(-9.85769e-06 6.37766e-06 1.06673e-09)
(-4.5234e-06 2.84453e-06 5.1567e-10)
(-2.03358e-06 1.24375e-06 2.43293e-10)
(-8.9594e-07 5.33302e-07 1.12092e-10)
(-3.86955e-07 2.24331e-07 5.04694e-11)
(-1.63892e-07 9.26069e-08 2.22157e-11)
(-6.8098e-08 3.75317e-08 9.56841e-12)
(-2.7769e-08 1.4939e-08 4.03332e-12)
(-1.11176e-08 5.8423e-09 1.6659e-12)
(-4.37178e-09 2.2457e-09 6.75822e-13)
(-1.6892e-09 8.4877e-10 2.69862e-13)
(-6.4158e-10 3.15548e-10 1.07477e-13)
(-2.39629e-10 1.15433e-10 4.14722e-14)
(-8.80567e-11 4.15692e-11 1.75235e-14)
(-3.18577e-11 1.47337e-11 5.84116e-15)
(-1.13844e-11 5.12971e-12 5.84116e-16)
(-4.13087e-12 1.71146e-12 0)
(-1.84113e-12 4.01872e-13 1.16823e-15)
(-0.0897713 0.0104914 1.4928e-06)
(-0.0562112 0.0116736 1.22925e-06)
(-0.0335744 0.00892471 9.37808e-07)
(-0.0195334 0.00588758 6.73359e-07)
(-0.0111577 0.0035879 4.60103e-07)
(-0.00626901 0.00207696 3.014e-07)
(-0.00346287 0.0011572 1.90105e-07)
(-0.00187838 0.000624751 1.15818e-07)
(-0.000999429 0.000328042 6.82818e-08)
(-0.000521143 0.000167889 3.90253e-08)
(-0.000266155 8.38661e-05 2.16448e-08)
(-0.000133086 4.09301e-05 1.16653e-08)
(-6.51445e-05 1.95302e-05 6.11359e-09)
(-3.12157e-05 9.11689e-06 3.11919e-09)
(-1.46443e-05 4.16574e-06 1.55021e-09)
(-6.72755e-06 1.86406e-06 7.51261e-10)
(-3.0273e-06 8.17248e-07 3.55188e-10)
(-1.33476e-06 3.51217e-07 1.63991e-10)
(-5.76844e-07 1.48019e-07 7.3969e-11)
(-2.44447e-07 6.12033e-08 3.26241e-11)
(-1.01614e-07 2.48389e-08 1.40749e-11)
(-4.14522e-08 9.8987e-09 5.94572e-12)
(-1.66012e-08 3.8752e-09 2.45971e-12)
(-6.52996e-09 1.49093e-09 9.98254e-13)
(-2.52371e-09 5.63958e-10 3.97783e-13)
(-9.58746e-10 2.09814e-10 1.57711e-13)
(-3.58162e-10 7.68031e-11 6.30845e-14)
(-1.31634e-10 2.76672e-11 2.39488e-14)
(-4.76288e-11 9.80965e-12 9.34586e-15)
(-1.70235e-11 3.41708e-12 5.25704e-15)
(-6.17411e-12 1.13319e-12 1.16823e-15)
(-2.75703e-12 2.66357e-13 -1.16823e-15)
(-0.0812721 -0.0104878 1.48829e-06)
(-0.0534402 -0.00346709 1.24684e-06)
(-0.0335767 -0.000577669 9.71557e-07)
(-0.0203683 0.000337949 7.11745e-07)
(-0.0120078 0.000479808 4.94846e-07)
(-0.00690365 0.00038521 3.2875e-07)
(-0.00387716 0.000257086 2.09732e-07)
(-0.00212844 0.000155544 1.28929e-07)
(-0.00114241 8.82421e-05 7.65723e-08)
(-0.000599561 4.77199e-05 4.40203e-08)
(-0.000307694 2.48258e-05 2.45367e-08)
(-0.000154427 1.24943e-05 1.32772e-08)
(-7.58079e-05 6.10529e-06 6.9833e-09)
(-3.64073e-05 2.9039e-06 3.57352e-09)
(-1.71105e-05 1.34691e-06 1.78093e-09)
(-7.87189e-06 6.1008e-07 8.65107e-10)
(-3.54642e-06 2.7016e-07 4.09956e-10)
(-1.56517e-06 1.1707e-07 1.89655e-10)
(-6.76968e-07 4.96839e-08 8.5719e-11)
(-2.87072e-07 2.0665e-08 3.78735e-11)
(-1.19403e-07 8.42914e-09 1.63716e-11)
(-4.87327e-08 3.37377e-09 6.92703e-12)
(-1.95254e-08 1.32577e-09 2.87093e-12)
(-7.68302e-09 5.11755e-10 1.16765e-12)
(-2.97032e-09 1.9414e-10 4.63788e-13)
(-1.12874e-09 7.24117e-11 1.82828e-13)
(-4.21776e-10 2.65679e-11 7.12622e-14)
(-1.5505e-10 9.59002e-12 2.68693e-14)
(-5.6109e-11 3.4054e-12 1.22664e-14)
(-2.00609e-11 1.18576e-12 7.00939e-15)
(-7.27925e-12 3.93694e-13 1.75235e-15)
(-3.24301e-12 9.11221e-14 2.33646e-15)
(-0.069241 -0.0256433 1.24097e-06)
(-0.0463011 -0.0146245 1.04606e-06)
(-0.0297694 -0.00803046 8.24662e-07)
(-0.0184759 -0.00429918 6.12353e-07)
(-0.0111104 -0.00226033 4.31367e-07)
(-0.00649173 -0.00117125 2.89944e-07)
(-0.00369253 -0.000598903 1.86817e-07)
(-0.00204722 -0.000302169 1.15788e-07)
(-0.00110725 -0.000150319 6.92277e-08)
(-0.000584559 -7.36617e-05 4.00131e-08)
(-0.000301381 -3.55244e-05 2.23995e-08)
(-0.000151806 -1.68471e-05 1.21628e-08)
(-7.47349e-05 -7.85172e-06 6.41477e-09)
(-3.59741e-05 -3.59461e-06 3.28983e-09)
(-1.69381e-05 -1.61608e-06 1.6424e-09)
(-7.8043e-06 -7.13402e-07 7.9892e-10)
(-3.52031e-06 -3.09209e-07 3.78997e-10)
(-1.55524e-06 -1.31596e-07 1.7548e-10)
(-6.7325e-07 -5.50003e-08 7.93621e-11)
(-2.85702e-07 -2.25788e-08 3.50843e-11)
(-1.18906e-07 -9.10652e-09 1.51718e-11)
(-4.85555e-08 -3.60941e-09 6.4206e-12)
(-1.94632e-08 -1.4063e-09 2.66006e-12)
(-7.66159e-09 -5.38778e-10 1.08178e-12)
(-2.96306e-09 -2.03038e-10 4.31662e-13)
(-1.12632e-09 -7.52844e-11 1.69394e-13)
(-4.20985e-10 -2.74768e-11 6.71734e-14)
(-1.54798e-10 -9.87273e-12 2.68693e-14)
(-5.60296e-11 -3.49185e-12 1.05141e-14)
(-2.0034e-11 -1.21263e-12 5.84116e-15)
(-7.27108e-12 -4.01872e-13 3.5047e-15)
(-3.24068e-12 -9.34586e-14 2.33646e-15)
(-0.0533902 -0.0371551 9.00402e-07)
(-0.0358274 -0.0228209 7.6469e-07)
(-0.0232514 -0.0135579 6.09758e-07)
(-0.0145981 -0.00782831 4.58675e-07)
(-0.00887986 -0.0044075 3.2721e-07)
(-0.00524222 -0.00242455 2.22514e-07)
(-0.00300807 -0.00130455 1.44853e-07)
(-0.00167985 -0.000686949 9.05968e-08)
(-0.000913903 -0.000354104 5.45937e-08)
(-0.000484766 -0.000178705 3.17743e-08)
(-0.000250879 -8.8305e-05 1.7896e-08)
(-0.000126754 -4.27291e-05 9.77084e-09)
(-6.25554e-05 -2.02496e-05 5.17866e-09)
(-3.01716e-05 -9.40044e-06 2.66797e-09)
(-1.42293e-05 -4.27584e-06 1.33753e-09)
(-6.56502e-06 -1.90615e-06 6.53195e-10)
(-2.96461e-06 -8.33079e-07 3.11025e-10)
(-1.31096e-06 -3.57072e-07 1.44526e-10)
(-5.67951e-07 -1.50148e-07 6.55892e-11)
(-2.41178e-07 -6.1963e-08 2.90937e-11)
(-1.00433e-07 -2.51051e-08 1.26227e-11)
(-4.10325e-08 -9.99017e-09 5.35927e-12)
(-1.64547e-08 -3.90599e-09 2.22899e-12)
(-6.47976e-09 -1.50107e-09 9.07132e-13)
(-2.50683e-09 -5.67221e-10 3.62152e-13)
(-9.53176e-10 -2.10839e-10 1.43693e-13)
(-3.56365e-10 -7.71173e-11 5.5491e-14)
(-1.31063e-10 -2.7763e-11 2.27805e-14)
(-4.74513e-11 -9.83651e-12 1.16823e-14)
(-1.69709e-11 -3.42409e-12 6.42528e-15)
(-6.16009e-12 -1.13903e-12 1.75235e-15)
(-2.74651e-12 -2.69862e-13 5.84116e-16)
(-0.033885 -0.0453095 3.74231e-07)
(-0.0227038 -0.0283893 3.28457e-07)
(-0.0147768 -0.0172656 2.69458e-07)
(-0.00932558 -0.0102061 2.07554e-07)
(-0.00570665 -0.00587188 1.50991e-07)
(-0.00338878 -0.00329192 1.04314e-07)
(-0.00195493 -0.00180002 6.87774e-08)
(-0.00109677 -0.000960676 4.34519e-08)
(-0.00059901 -0.000500731 2.63946e-08)
(-0.00031876 -0.000255019 1.54578e-08)
(-0.000165405 -0.000126962 8.74843e-09)
(-8.37509e-05 -6.18144e-05 4.79388e-09)
(-4.14063e-05 -2.94437e-05 2.54778e-09)
(-2.00003e-05 -1.37264e-05 1.31511e-09)
(-9.44386e-06 -6.26557e-06 6.6017e-10)
(-4.36154e-06 -2.80143e-06 3.22641e-10)
(-1.97123e-06 -1.22743e-06 1.5368e-10)
(-8.72307e-07 -5.27221e-07 7.14053e-11)
(-3.78141e-07 -2.221e-07 3.23916e-11)
(-1.60659e-07 -9.18016e-08 1.43582e-11)
(-6.69328e-08 -3.72457e-08 6.22434e-12)
(-2.73564e-08 -1.48392e-08 2.63962e-12)
(-1.09741e-08 -5.80803e-09 1.0958e-12)
(-4.32283e-09 -2.23413e-09 4.43928e-13)
(-1.67282e-09 -8.44939e-10 1.76403e-13)
(-6.36212e-10 -3.14301e-10 6.83416e-14)
(-2.3791e-10 -1.15037e-10 2.68693e-14)
(-8.75158e-11 -4.1443e-11 9.34586e-15)
(-3.16906e-11 -1.46917e-11 4.67293e-15)
(-1.13365e-11 -5.11452e-12 2.92058e-15)
(-4.11685e-12 -1.70095e-12 2.33646e-15)
(-1.83412e-12 -3.99535e-13 1.75235e-15)
(-0.0116404 -0.0496308 1.73693e-08)
(-0.0077835 -0.0312513 2.80545e-08)
(-0.00506812 -0.0191435 3.09077e-08)
(-0.00320437 -0.0114064 2.83999e-08)
(-0.00196572 -0.00661354 2.32153e-08)
(-0.00117036 -0.003734 1.74093e-08)
(-0.000676835 -0.00205441 1.21899e-08)
(-0.000380568 -0.00110224 8.0602e-09)
(-0.000208247 -0.000577065 5.07214e-09)
(-0.000110997 -0.000294981 3.05469e-09)
(-5.76743e-05 -0.000147307 1.7681e-09)
(-2.92355e-05 -7.1902e-05 9.86779e-10)
(-1.44674e-05 -3.4321e-05 5.32403e-10)
(-6.9935e-06 -1.60284e-05 2.7828e-10)
(-3.30434e-06 -7.32713e-06 1.41163e-10)
(-1.52688e-06 -3.28016e-06 6.95992e-11)
(-6.90397e-07 -1.4387e-06 3.33992e-11)
(-3.05629e-07 -6.18529e-07 1.56146e-11)
(-1.32531e-07 -2.60769e-07 7.12154e-12)
(-5.63236e-08 -1.07857e-07 3.17058e-12)
(-2.34707e-08 -4.37857e-08 1.37968e-12)
(-9.59479e-09 -1.74539e-08 5.87621e-13)
(-3.84968e-09 -6.83455e-09 2.44161e-13)
(-1.51667e-09 -2.63008e-09 9.92997e-14)
(-5.86995e-10 -9.95046e-10 3.91358e-14)
(-2.23273e-10 -3.70262e-10 1.63553e-14)
(-8.35029e-11 -1.35559e-10 6.42528e-15)
(-3.0721e-11 -4.88461e-11 2.33646e-15)
(-1.11216e-11 -1.73261e-11 5.84116e-16)
(-3.98367e-12 -6.03158e-12 1.75235e-15)
(-1.44277e-12 -2.00819e-12 -5.84116e-16)
(-6.43696e-13 -4.69629e-13 0)
(-0.0969154 0.113462 3.1348e-07)
(-0.0319267 0.0566191 2.49051e-07)
(-0.0129601 0.0296606 1.86284e-07)
(-0.00610373 0.0158677 1.29369e-07)
(-0.00311597 0.00852489 8.52807e-08)
(-0.00164654 0.0045542 5.41747e-08)
(-0.000877892 0.00240511 3.33451e-08)
(-0.000465981 0.00125117 1.99546e-08)
(-0.000244471 0.000639735 1.16117e-08)
(-0.000126263 0.000321073 6.57864e-09)
(-6.40492e-05 0.000158043 3.6272e-09)
(-3.18685e-05 7.62633e-05 1.94839e-09)
(-1.55416e-05 3.60691e-05 1.01935e-09)
(-7.42596e-06 1.67192e-05 5.20009e-10)
(-3.47601e-06 7.59622e-06 2.58631e-10)
(-1.59404e-06 3.3834e-06 1.25559e-10)
(-7.1627e-07 1.4777e-06 5.94963e-11)
(-3.15441e-07 6.33029e-07 2.75504e-11)
(-1.36193e-07 2.66072e-07 1.24668e-11)
(-5.76675e-08 1.09765e-07 5.51814e-12)
(-2.39556e-08 4.44605e-08 2.38903e-12)
(-9.76672e-09 1.76883e-08 1.01461e-12)
(-3.90954e-09 6.91457e-09 4.21732e-13)
(-1.53713e-09 2.65688e-09 1.73482e-13)
(-5.93858e-10 1.00386e-09 7.00939e-14)
(-2.25533e-10 3.73101e-10 2.62852e-14)
(-8.4226e-11 1.36455e-10 9.34586e-15)
(-3.09488e-11 4.91253e-11 3.5047e-15)
(-1.11952e-11 1.74067e-11 2.33646e-15)
(-4.00236e-12 6.05378e-12 1.75235e-15)
(-1.45094e-12 2.01403e-12 1.16823e-15)
(-6.46032e-13 4.73134e-13 1.16823e-15)
(-0.0950739 0.0442774 8.66078e-07)
(-0.0518742 0.0322634 7.03148e-07)
(-0.0277913 0.0199921 5.18746e-07)
(-0.015032 0.0116483 3.58478e-07)
(-0.00819758 0.00656176 2.36591e-07)
(-0.00447324 0.00360606 1.50481e-07)
(-0.00242514 0.00193892 9.26952e-08)
(-0.0012994 0.00102083 5.53918e-08)
(-0.000685623 0.000526355 3.21598e-08)
(-0.000355429 0.000265773 1.81464e-08)
(-0.000180761 0.000131413 9.96128e-09)
(-9.01054e-05 6.36308e-05 5.32067e-09)
(-4.40025e-05 3.01749e-05 2.76801e-09)
(-2.10469e-05 1.40167e-05 1.40288e-09)
(-9.85983e-06 6.37915e-06 6.93355e-10)
(-4.52447e-06 2.84525e-06 3.34265e-10)
(-2.0341e-06 1.24409e-06 1.57342e-10)
(-8.9619e-07 5.33459e-07 7.2334e-11)
(-3.87071e-07 2.24402e-07 3.25084e-11)
(-1.63945e-07 9.26379e-08 1.42857e-11)
(-6.81213e-08 3.7545e-08 6.14315e-12)
(-2.77792e-08 1.49446e-08 2.58705e-12)
(-1.11219e-08 5.84462e-09 1.06776e-12)
(-4.37358e-09 2.24663e-09 4.31662e-13)
(-1.68993e-09 8.49141e-10 1.72314e-13)
(-6.41872e-10 3.15695e-10 6.77575e-14)
(-2.39748e-10 1.15493e-10 2.57011e-14)
(-8.80999e-11 4.15844e-11 8.76174e-15)
(-3.18752e-11 1.47419e-11 4.08881e-15)
(-1.13926e-11 5.12971e-12 0)
(-4.1297e-12 1.70679e-12 1.16823e-15)
(-1.84113e-12 3.96031e-13 0)
(-0.0897719 0.0104917 1.04444e-06)
(-0.056212 0.0116739 8.58028e-07)
(-0.0335752 0.00892499 6.50294e-07)
(-0.0195341 0.00588782 4.63138e-07)
(-0.0111582 0.00358809 3.13807e-07)
(-0.00626938 0.0020771 2.03964e-07)
(-0.00346312 0.00115729 1.27728e-07)
(-0.00187855 0.00062481 7.73325e-08)
(-0.000999532 0.000328078 4.53381e-08)
(-0.000521205 0.00016791 2.57893e-08)
(-0.000266192 8.38781e-05 1.42425e-08)
(-0.000133106 4.09366e-05 7.64827e-09)
(-6.51557e-05 1.95337e-05 3.99514e-09)
(-3.12217e-05 9.11868e-06 2.03276e-09)
(-1.46474e-05 4.16664e-06 1.0077e-09)
(-6.72911e-06 1.8645e-06 4.87339e-10)
(-3.02806e-06 8.17457e-07 2.29957e-10)
(-1.33513e-06 3.51314e-07 1.06009e-10)
(-5.77014e-07 1.48064e-07 4.77445e-11)
(-2.44524e-07 6.12229e-08 2.10352e-11)
(-1.01649e-07 2.48475e-08 9.06665e-12)
(-4.14671e-08 9.90234e-09 3.82654e-12)
(-1.66076e-08 3.87671e-09 1.58062e-12)
(-6.53261e-09 1.49155e-09 6.40191e-13)
(-2.5248e-09 5.64205e-10 2.57595e-13)
(-9.59184e-10 2.09909e-10 9.92997e-14)
(-3.58335e-10 7.68405e-11 3.85517e-14)
(-1.31699e-10 2.76824e-11 1.34347e-14)
(-4.76499e-11 9.81899e-12 5.84116e-15)
(-1.70363e-11 3.42058e-12 1.75235e-15)
(-6.18462e-12 1.13552e-12 0)
(-2.75002e-12 2.66357e-13 -1.75235e-15)
(-0.0812726 -0.0104882 1.01382e-06)
(-0.0534409 -0.00346741 8.49121e-07)
(-0.0335774 -0.00057787 6.58929e-07)
(-0.0203689 0.000337835 4.79822e-07)
(-0.0120083 0.000479749 3.31425e-07)
(-0.00690404 0.000385183 2.18749e-07)
(-0.00387743 0.000257074 1.38716e-07)
(-0.00212861 0.00015554 8.48002e-08)
(-0.00114252 8.82408e-05 5.01176e-08)
(-0.000599629 4.77197e-05 2.86848e-08)
(-0.000307734 2.4826e-05 1.59277e-08)
(-0.00015445 1.24945e-05 8.5891e-09)
(-7.58204e-05 6.10546e-06 4.50424e-09)
(-3.6414e-05 2.904e-06 2.29879e-09)
(-1.7114e-05 1.34697e-06 1.14308e-09)
(-7.87365e-06 6.10112e-07 5.54135e-10)
(-3.54728e-06 2.70176e-07 2.62154e-10)
(-1.56558e-06 1.17079e-07 1.21094e-10)
(-6.77162e-07 4.96878e-08 5.46657e-11)
(-2.87161e-07 2.06668e-08 2.41287e-11)
(-1.19442e-07 8.42994e-09 1.04218e-11)
(-4.87499e-08 3.37412e-09 4.40599e-12)
(-1.95327e-08 1.32592e-09 1.82595e-12)
(-7.68608e-09 5.11818e-10 7.41243e-13)
(-2.97157e-09 1.94164e-10 2.94979e-13)
(-1.12924e-09 7.2421e-11 1.15655e-13)
(-4.21974e-10 2.65703e-11 4.38087e-14)
(-1.5512e-10 9.59936e-12 1.75235e-14)
(-5.61371e-11 3.41007e-12 8.76174e-15)
(-2.00772e-11 1.19043e-12 2.92058e-15)
(-7.2851e-12 3.98367e-13 5.84116e-16)
(-3.24418e-12 9.34586e-14 0)
(-0.0692414 -0.0256442 8.30361e-07)
(-0.0463016 -0.0146252 6.9958e-07)
(-0.02977 -0.00803099 5.49634e-07)
(-0.0184765 -0.00429954 4.06078e-07)
(-0.0111108 -0.00226057 2.84465e-07)
(-0.00649205 -0.0011714 1.90103e-07)
(-0.00369276 -0.000598995 1.21814e-07)
(-0.00204738 -0.000302223 7.51029e-08)
(-0.00110735 -0.00015035 4.46865e-08)
(-0.00058462 -7.36788e-05 2.57122e-08)
(-0.000301417 -3.55337e-05 1.43353e-08)
(-0.000151827 -1.6852e-05 7.75461e-09)
(-7.47463e-05 -7.85422e-06 4.07598e-09)
(-3.59802e-05 -3.59586e-06 2.08378e-09)
(-1.69413e-05 -1.61669e-06 1.03736e-09)
(-7.8059e-06 -7.13694e-07 5.0328e-10)
(-3.52109e-06 -3.09345e-07 2.38191e-10)
(-1.55562e-06 -1.31658e-07 1.10045e-10)
(-6.73426e-07 -5.50278e-08 4.96732e-11)
(-2.85782e-07 -2.25908e-08 2.19213e-11)
(-1.18941e-07 -9.11163e-09 9.46385e-12)
(-4.85712e-08 -3.61154e-09 3.99827e-12)
(-1.94699e-08 -1.40717e-09 1.65422e-12)
(-7.66436e-09 -5.39127e-10 6.71734e-13)
(-2.96419e-09 -2.03173e-10 2.68693e-13)
(-1.12677e-09 -7.53381e-11 1.05725e-13)
(-4.21161e-10 -2.74932e-11 4.0304e-14)
(-1.54862e-10 -9.87857e-12 1.69394e-14)
(-5.60576e-11 -3.49418e-12 8.76174e-15)
(-2.0048e-11 -1.21263e-12 4.08881e-15)
(-7.27925e-12 -4.04208e-13 1.16823e-15)
(-3.24184e-12 -9.34586e-14 -1.16823e-15)
(-0.0533905 -0.0371564 5.85059e-07)
(-0.0358277 -0.022822 4.97597e-07)
(-0.0232518 -0.0135587 3.96257e-07)
(-0.0145985 -0.0078289 2.97249e-07)
(-0.00888017 -0.00440791 2.11253e-07)
(-0.00524246 -0.00242482 1.43088e-07)
(-0.00300825 -0.00130472 9.27646e-08)
(-0.00167997 -0.000687052 5.77961e-08)
(-0.000913979 -0.000354165 3.47002e-08)
(-0.000484812 -0.00017874 2.01306e-08)
(-0.000250907 -8.83243e-05 1.1304e-08)
(-0.00012677 -4.27395e-05 6.15593e-09)
(-6.25643e-05 -2.0255e-05 3.25514e-09)
(-3.01765e-05 -9.40321e-06 1.67377e-09)
(-1.42318e-05 -4.27721e-06 8.37672e-10)
(-6.56631e-06 -1.90681e-06 4.08525e-10)
(-2.96525e-06 -8.33393e-07 1.94293e-10)
(-1.31127e-06 -3.57217e-07 9.02056e-11)
(-5.68095e-07 -1.50213e-07 4.09068e-11)
(-2.41244e-07 -6.19919e-08 1.81362e-11)
(-1.00463e-07 -2.51176e-08 7.86688e-12)
(-4.10455e-08 -9.99544e-09 3.34056e-12)
(-1.64603e-08 -3.90816e-09 1.38844e-12)
(-6.48209e-09 -1.50196e-09 5.67761e-13)
(-2.50778e-09 -5.67577e-10 2.26637e-13)
(-9.53559e-10 -2.10976e-10 8.87856e-14)
(-3.56513e-10 -7.71699e-11 3.56311e-14)
(-1.31119e-10 -2.77852e-11 1.46029e-14)
(-4.74735e-11 -9.84469e-12 6.42528e-15)
(-1.69849e-11 -3.42642e-12 2.92058e-15)
(-6.16943e-12 -1.14136e-12 1.16823e-15)
(-2.74418e-12 -2.68693e-13 -5.84116e-16)
(-0.033885 -0.0453107 1.90327e-07)
(-0.0227039 -0.0283903 1.72246e-07)
(-0.0147769 -0.0172664 1.43976e-07)
(-0.00932571 -0.0102066 1.12048e-07)
(-0.00570676 -0.00587229 8.19313e-08)
(-0.00338887 -0.00329219 5.66903e-08)
(-0.001955 -0.00180019 3.73598e-08)
(-0.00109682 -0.000960785 2.3556e-08)
(-0.00059904 -0.000500796 1.42705e-08)
(-0.00031878 -0.000255057 8.32954e-09)
(-0.000165416 -0.000126984 4.69779e-09)
(-8.37576e-05 -6.1826e-05 2.56461e-09)
(-4.141e-05 -2.94498e-05 1.35803e-09)
(-2.00024e-05 -1.37295e-05 6.98348e-10)
(-9.44492e-06 -6.26713e-06 3.49314e-10)
(-4.36208e-06 -2.80219e-06 1.70102e-10)
(-1.9715e-06 -1.22779e-06 8.07488e-11)
(-8.72435e-07 -5.27389e-07 3.73928e-11)
(-3.78201e-07 -2.22177e-07 1.69096e-11)
(-1.60687e-07 -9.18353e-08 7.47143e-12)
(-6.6945e-08 -3.72604e-08 3.22899e-12)
(-2.73617e-08 -1.48454e-08 1.36625e-12)
(-1.09764e-08 -5.81061e-09 5.66593e-13)
(-4.32378e-09 -2.23519e-09 2.28974e-13)
(-1.67321e-09 -8.45359e-10 9.0538e-14)
(-6.36366e-10 -3.14469e-10 3.56311e-14)
(-2.37968e-10 -1.15102e-10 1.46029e-14)
(-8.75356e-11 -4.14676e-11 7.00939e-15)
(-3.17e-11 -1.47069e-11 3.5047e-15)
(-1.13435e-11 -5.12036e-12 1.75235e-15)
(-4.11802e-12 -1.70328e-12 0)
(-1.83763e-12 -3.97199e-13 5.84116e-16)
(-0.0116403 -0.0496311 -1.95897e-08)
(-0.00778346 -0.0312516 -5.34651e-09)
(-0.0050681 -0.0191438 2.69775e-09)
(-0.00320436 -0.0114066 6.06321e-09)
(-0.00196572 -0.00661372 6.54366e-09)
(-0.00117036 -0.00373413 5.62212e-09)
(-0.000676841 -0.00205449 4.2547e-09)
(-0.000380572 -0.00110229 2.95387e-09)
(-0.000208251 -0.000577098 1.91897e-09)
(-0.000111 -0.000295 1.18125e-09)
(-5.76759e-05 -0.000147318 6.94053e-10)
(-2.92364e-05 -7.19079e-05 3.91523e-10)
(-1.44679e-05 -3.43241e-05 2.12803e-10)
(-6.99381e-06 -1.603e-05 1.11821e-10)
(-3.3045e-06 -7.32794e-06 5.69192e-11)
(-1.52697e-06 -3.28056e-06 2.81334e-11)
(-6.90441e-07 -1.43889e-06 1.35159e-11)
(-3.0565e-07 -6.18617e-07 6.32422e-12)
(-1.32541e-07 -2.60808e-07 2.88437e-12)
(-5.63283e-08 -1.07875e-07 1.28447e-12)
(-2.34728e-08 -4.37933e-08 5.58999e-13)
(-9.59571e-09 -1.74571e-08 2.37151e-13)
(-3.85007e-09 -6.83588e-09 9.92997e-14)
(-1.51684e-09 -2.63062e-09 4.14722e-14)
(-5.87064e-10 -9.95261e-10 1.75235e-14)
(-2.23303e-10 -3.70344e-10 5.25704e-15)
(-8.35122e-11 -1.35593e-10 2.92058e-15)
(-3.07245e-11 -4.88613e-11 5.84116e-16)
(-1.11239e-11 -1.73331e-11 0)
(-3.98367e-12 -6.03626e-12 1.16823e-15)
(-1.4451e-12 -2.00702e-12 0)
(-6.42528e-13 -4.70798e-13 0)
)
;

boundaryField
{
    base
    {
        type            calculated;
        value           nonuniform List<vector> 
160
(
(-2.71009 1.69865 -6.36595e-09)
(-1.27037 0.477251 -9.88723e-10)
(-0.801084 0.164156 4.29916e-09)
(-0.613748 0.0688152 5.73316e-09)
(-0.525823 0.0333956 1.14637e-08)
(-0.480166 0.0176447 1.01031e-08)
(-0.455245 0.00968162 1.37772e-08)
(-0.441439 0.00535221 1.1709e-08)
(-2.71009 1.69865 -1.82583e-09)
(-1.27037 0.477251 4.17271e-08)
(-0.801084 0.164156 5.73282e-08)
(-0.613748 0.0688152 8.60488e-08)
(-0.525823 0.0333956 9.08968e-08)
(-0.480166 0.0176447 9.72265e-08)
(-0.455244 0.00968162 8.88759e-08)
(-0.441439 0.00535221 7.9364e-08)
(-2.71009 1.69865 9.7401e-09)
(-1.27037 0.477251 1.08689e-07)
(-0.801084 0.164156 1.75112e-07)
(-0.613747 0.0688152 2.33053e-07)
(-0.525823 0.0333956 2.4836e-07)
(-0.480165 0.0176447 2.53561e-07)
(-0.455244 0.00968158 2.2632e-07)
(-0.441439 0.00535216 1.91626e-07)
(-2.71009 1.69865 5.19998e-09)
(-1.27037 0.477251 6.59735e-08)
(-0.801083 0.164156 1.22083e-07)
(-0.613746 0.0688153 1.52737e-07)
(-0.525821 0.0333957 1.68927e-07)
(-0.480164 0.0176446 1.66437e-07)
(-0.455243 0.0096815 1.51221e-07)
(-0.441438 0.00535205 1.23971e-07)
(-0.433836 0.00293568 1.20994e-08)
(-0.429696 0.00159968 1.00588e-08)
(-0.427437 0.000889851 8.33219e-09)
(-0.426137 0.000542995 6.83014e-09)
(-0.425265 0.000404497 4.85939e-09)
(-0.424519 0.000380997 3.98501e-09)
(-0.423741 0.000409257 2.48073e-09)
(-0.422882 0.000438826 9.03875e-10)
(-0.433836 0.00293568 6.37835e-08)
(-0.429696 0.00159967 5.00038e-08)
(-0.427437 0.000889844 3.54441e-08)
(-0.426137 0.000542988 2.55155e-08)
(-0.425265 0.000404491 1.62191e-08)
(-0.424519 0.000380992 1.25373e-08)
(-0.423741 0.000409251 9.01462e-09)
(-0.422882 0.000438822 1.03108e-08)
(-0.433835 0.00293563 1.4861e-07)
(-0.429696 0.00159962 1.06401e-07)
(-0.427437 0.000889802 7.21669e-08)
(-0.426137 0.000542956 4.35366e-08)
(-0.425265 0.000404471 2.57823e-08)
(-0.424519 0.000380982 1.53961e-08)
(-0.423741 0.000409253 1.4092e-08)
(-0.422882 0.000438832 2.39221e-08)
(-0.433834 0.00293551 9.69261e-08)
(-0.429696 0.00159952 6.64561e-08)
(-0.427436 0.000889719 4.50549e-08)
(-0.426137 0.000542895 2.48513e-08)
(-0.425265 0.000404435 1.44226e-08)
(-0.424519 0.000380968 6.84376e-09)
(-0.423741 0.000409268 7.5581e-09)
(-0.422882 0.000438862 1.45153e-08)
(-0.421986 0.000429913 5.88246e-10)
(-0.421162 0.000362856 -1.86953e-09)
(-0.420534 0.000241554 -4.56526e-10)
(-0.420196 8.46511e-05 -2.20992e-09)
(-0.420196 -8.43184e-05 -1.28565e-10)
(-0.420533 -0.000241321 -3.52055e-10)
(-0.421161 -0.00036279 1.05058e-09)
(-0.421985 -0.000430084 2.40769e-09)
(-0.421986 0.000429908 1.19277e-08)
(-0.421162 0.000362854 1.49152e-08)
(-0.420534 0.000241554 1.87977e-08)
(-0.420196 8.46517e-05 1.96638e-08)
(-0.420196 -8.43147e-05 2.16731e-08)
(-0.420533 -0.000241319 1.89233e-08)
(-0.421161 -0.000362784 1.78024e-08)
(-0.421985 -0.000430082 1.38636e-08)
(-0.421986 0.000429923 3.40986e-08)
(-0.421162 0.00036287 5.46624e-08)
(-0.420534 0.000241564 6.31522e-08)
(-0.420196 8.46568e-05 7.41059e-08)
(-0.420196 -8.43199e-05 7.09945e-08)
(-0.420533 -0.000241329 6.36044e-08)
(-0.421161 -0.0003628 5.10123e-08)
(-0.421984 -0.000430096 3.25312e-08)
(-0.421986 0.000429969 2.27591e-08)
(-0.421162 0.000362912 3.78776e-08)
(-0.420534 0.000241592 4.3898e-08)
(-0.420196 8.46674e-05 5.22321e-08)
(-0.420195 -8.43357e-05 4.91929e-08)
(-0.420533 -0.000241359 4.4329e-08)
(-0.421161 -0.000362846 3.42605e-08)
(-0.421984 -0.000430137 2.10753e-08)
(-0.422881 -0.000439184 2.34041e-09)
(-0.423741 -0.000409763 3.74457e-09)
(-0.42452 -0.000381576 3.2871e-09)
(-0.425268 -0.000405097 3.95917e-09)
(-0.426141 -0.000543575 5.01503e-09)
(-0.427442 -0.000890358 4.63607e-09)
(-0.429702 -0.0016 8.19469e-09)
(-0.433842 -0.0029357 5.32119e-09)
(-0.422881 -0.000439181 1.20273e-08)
(-0.423741 -0.000409761 1.08108e-08)
(-0.42452 -0.000381575 1.27076e-08)
(-0.425268 -0.000405093 1.65545e-08)
(-0.426141 -0.000543573 2.52726e-08)
(-0.427442 -0.000890351 3.37538e-08)
(-0.429702 -0.0016 5.0168e-08)
(-0.433842 -0.0029357 5.92702e-08)
(-0.422881 -0.00043919 2.32095e-08)
(-0.423741 -0.000409762 1.39822e-08)
(-0.42452 -0.000381564 1.88355e-08)
(-0.425267 -0.000405071 3.01448e-08)
(-0.426141 -0.00054354 4.99996e-08)
(-0.427442 -0.000890308 8.22336e-08)
(-0.429702 -0.00159995 1.13646e-07)
(-0.433841 -0.00293564 1.63514e-07)
(-0.422881 -0.000439218 1.35227e-08)
(-0.423741 -0.00040977 6.91598e-09)
(-0.42452 -0.000381543 9.41501e-09)
(-0.425267 -0.000405031 1.75495e-08)
(-0.42614 -0.000543469 2.97421e-08)
(-0.427441 -0.000890224 5.31159e-08)
(-0.429701 -0.00159984 7.16731e-08)
(-0.433841 -0.00293554 1.09565e-07)
(-0.441445 -0.00535184 1.20164e-08)
(-0.455249 -0.0096808 6.18484e-09)
(-0.480168 -0.0176435 1.5301e-08)
(-0.525823 -0.0333943 7.7637e-09)
(-0.613746 -0.068814 1.6446e-08)
(-0.801079 -0.164155 8.8464e-09)
(-1.27037 -0.477251 1.74981e-08)
(-2.71008 -1.69865 2.82575e-08)
(-0.441445 -0.00535184 8.11379e-08)
(-0.455249 -0.0096808 8.2391e-08)
(-0.480168 -0.0176435 1.01697e-07)
(-0.525823 -0.0333943 8.55609e-08)
(-0.613745 -0.068814 9.30837e-08)
(-0.801079 -0.164155 5.7647e-08)
(-1.27037 -0.477251 5.5983e-08)
(-2.71008 -1.69865 2.99042e-08)
(-0.441444 -0.00535179 1.93907e-07)
(-0.455249 -0.00968076 2.39516e-07)
(-0.480167 -0.0176435 2.4328e-07)
(-0.525823 -0.0333943 2.49287e-07)
(-0.613745 -0.068814 2.07482e-07)
(-0.801079 -0.164155 1.5814e-07)
(-1.27037 -0.477251 6.93803e-08)
(-2.71008 -1.69865 -4.58461e-08)
(-0.441443 -0.00535168 1.24785e-07)
(-0.455247 -0.0096807 1.6331e-07)
(-0.480166 -0.0176435 1.56884e-07)
(-0.525821 -0.0333944 1.7149e-07)
(-0.613744 -0.0688141 1.30844e-07)
(-0.801078 -0.164155 1.09339e-07)
(-1.27037 -0.477252 3.08955e-08)
(-2.71008 -1.69865 -4.74928e-08)
)
;
    }
    cooled
    {
        type            calculated;
        value           nonuniform List<vector> 
992
(
(-1.731 2.67743 -6.36595e-09)
(-1.731 2.67743 -1.82583e-09)
(-1.731 2.67743 9.7401e-09)
(-1.731 2.67743 5.19998e-09)
(-0.508433 1.17361 -1.25221e-08)
(-0.508433 1.17361 1.05799e-08)
(-0.508433 1.17361 3.93738e-08)
(-0.508433 1.17361 1.62718e-08)
(-0.19313 0.643699 -1.43755e-08)
(-0.19313 0.643699 2.62624e-08)
(-0.19313 0.6437 7.72864e-08)
(-0.19313 0.6437 3.66484e-08)
(-0.0947831 0.401093 -1.40018e-08)
(-0.0947831 0.401093 4.09922e-08)
(-0.094783 0.401094 1.13554e-07)
(-0.0947829 0.401094 5.85601e-08)
(-0.0558568 0.264567 -1.24583e-08)
(-0.0558568 0.264567 5.27935e-08)
(-0.0558568 0.264568 1.44621e-07)
(-0.0558567 0.264568 7.9369e-08)
(-0.0363981 0.177666 -1.05367e-08)
(-0.0363981 0.177666 6.05761e-08)
(-0.0363981 0.177666 1.68936e-07)
(-0.036398 0.177667 9.78229e-08)
(-0.0247844 0.118975 -8.65834e-09)
(-0.0247844 0.118975 6.40366e-08)
(-0.0247844 0.118975 1.84764e-07)
(-0.0247844 0.118976 1.12069e-07)
(-0.0170589 0.0785283 -6.98217e-09)
(-0.0170589 0.0785282 6.32286e-08)
(-0.017059 0.0785288 1.90207e-07)
(-0.0170589 0.0785298 1.19997e-07)
(-0.0116395 0.050739 -5.30536e-09)
(-0.0116395 0.050739 5.88938e-08)
(-0.0116395 0.0507395 1.83336e-07)
(-0.0116395 0.0507405 1.19136e-07)
(-0.00778243 0.0319703 -3.45117e-09)
(-0.00778242 0.0319703 5.19627e-08)
(-0.00778246 0.0319707 1.64302e-07)
(-0.00778251 0.0319716 1.08888e-07)
(-0.00506703 0.0196093 -1.70825e-09)
(-0.00506702 0.0196093 4.34468e-08)
(-0.00506706 0.0196097 1.36935e-07)
(-0.00506714 0.0196104 9.17801e-08)
(-0.00320338 0.0117022 -3.78494e-10)
(-0.00320337 0.0117022 3.43749e-08)
(-0.00320341 0.0117024 1.0671e-07)
(-0.00320349 0.011703 7.1957e-08)
(-0.0019649 0.00679581 4.10755e-10)
(-0.0019649 0.00679582 2.57749e-08)
(-0.00196493 0.00679602 7.82848e-08)
(-0.001965 0.00679644 5.29207e-08)
(-0.00116974 0.00384256 7.49252e-10)
(-0.00116973 0.00384257 1.835e-08)
(-0.00116976 0.00384271 5.44214e-08)
(-0.00116982 0.00384301 3.68207e-08)
(-0.000676392 0.00211687 7.82442e-10)
(-0.000676392 0.00211688 1.24508e-08)
(-0.000676412 0.00211697 3.60507e-08)
(-0.000676455 0.00211717 2.43824e-08)
(-0.000380268 0.001137 6.66212e-10)
(-0.000380268 0.001137 8.07382e-09)
(-0.000380282 0.00113706 2.28628e-08)
(-0.000380312 0.00113719 1.54552e-08)
(-0.000208054 0.000595803 5.00174e-10)
(-0.000208055 0.000595807 5.02219e-09)
(-0.000208064 0.000595843 1.3932e-08)
(-0.000208084 0.000595918 9.40999e-09)
(-0.000110878 0.000304782 3.45085e-10)
(-0.000110879 0.000304785 3.00351e-09)
(-0.000110885 0.000304806 8.18263e-09)
(-0.000110897 0.000304851 5.5242e-09)
(-5.76036e-05 0.00015229 2.22015e-10)
(-5.7604e-05 0.000152292 1.73216e-09)
(-5.76077e-05 0.000152304 4.64315e-09)
(-5.76153e-05 0.000152329 3.133e-09)
(-2.9195e-05 7.4368e-05 1.35326e-10)
(-2.91953e-05 7.43691e-05 9.64907e-10)
(-2.91974e-05 7.43757e-05 2.55074e-09)
(-2.92019e-05 7.43895e-05 1.72116e-09)
(-1.4445e-05 3.55104e-05 7.84579e-11)
(-1.44452e-05 3.5511e-05 5.2041e-10)
(-1.44464e-05 3.55145e-05 1.35889e-09)
(-1.44488e-05 3.55219e-05 9.16941e-10)
(-6.98149e-06 1.65881e-05 4.36674e-11)
(-6.9816e-06 1.65885e-05 2.72064e-10)
(-6.98225e-06 1.65903e-05 7.03081e-10)
(-6.98361e-06 1.65941e-05 4.74686e-10)
(-3.29809e-06 7.58442e-06 2.33454e-11)
(-3.29815e-06 7.58461e-06 1.38131e-10)
(-3.29849e-06 7.58553e-06 3.5374e-10)
(-3.29921e-06 7.58744e-06 2.38954e-10)
(-1.52372e-06 3.39577e-06 1.20673e-11)
(-1.52376e-06 3.39587e-06 6.8164e-11)
(-1.52394e-06 3.39631e-06 1.73259e-10)
(-1.5243e-06 3.39725e-06 1.17164e-10)
(-6.88842e-07 1.48952e-06 6.02749e-12)
(-6.88861e-07 1.48957e-06 3.27467e-11)
(-6.88948e-07 1.48979e-06 8.26997e-11)
(-6.8913e-07 1.49023e-06 5.59805e-11)
(-3.04884e-07 6.40399e-07 2.92525e-12)
(-3.04893e-07 6.40423e-07 1.53237e-11)
(-3.04935e-07 6.40522e-07 3.85008e-11)
(-3.05023e-07 6.40731e-07 2.6103e-11)
(-1.32183e-07 2.69989e-07 1.37559e-12)
(-1.32187e-07 2.7e-07 6.99362e-12)
(-1.32207e-07 2.70045e-07 1.74984e-11)
(-1.32249e-07 2.7014e-07 1.18803e-11)
(-5.61647e-08 1.11668e-07 6.29677e-13)
(-5.61669e-08 1.11673e-07 3.11509e-12)
(-5.6176e-08 1.11693e-07 7.7705e-12)
(-5.61951e-08 1.11735e-07 5.28567e-12)
(-2.33999e-08 4.53302e-08 2.81544e-13)
(-2.34009e-08 4.53324e-08 1.35573e-12)
(-2.34049e-08 4.5341e-08 3.37385e-12)
(-2.34136e-08 4.53594e-08 2.29733e-12)
(-9.56393e-09 1.80682e-08 1.22664e-13)
(-9.56438e-09 1.80692e-08 5.77107e-13)
(-9.56616e-09 1.80728e-08 1.43167e-12)
(-9.56994e-09 1.80806e-08 9.78979e-13)
(-3.83652e-09 7.07448e-09 5.19863e-14)
(-3.83672e-09 7.07489e-09 2.38903e-13)
(-3.83747e-09 7.07639e-09 5.95798e-13)
(-3.8391e-09 7.07965e-09 4.06545e-13)
(-1.51118e-09 2.72213e-09 2.10282e-14)
(-1.51127e-09 2.7223e-09 9.81315e-14)
(-1.51158e-09 2.72291e-09 2.40656e-13)
(-1.51226e-09 2.72423e-09 1.66473e-13)
(-5.84752e-10 1.02976e-09 7.59351e-15)
(-5.84784e-10 1.02982e-09 3.73834e-14)
(-5.84914e-10 1.03006e-09 9.5795e-14)
(-5.85194e-10 1.03059e-09 6.65892e-14)
(-2.22378e-10 3.83124e-10 5.25704e-15)
(-2.22392e-10 3.83162e-10 1.5187e-14)
(-2.22437e-10 3.83247e-10 3.62152e-14)
(-2.22554e-10 3.83457e-10 2.68693e-14)
(-8.31478e-11 1.40249e-10 1.16823e-15)
(-8.31571e-11 1.4026e-10 8.76174e-15)
(-8.31723e-11 1.40314e-10 1.46029e-14)
(-8.32179e-11 1.40375e-10 7.59351e-15)
(-3.05843e-11 5.05343e-11 0)
(-3.05855e-11 5.05343e-11 1.75235e-15)
(-3.05983e-11 5.05534e-11 5.84116e-15)
(-3.061e-11 5.05802e-11 4.08881e-15)
(-1.10725e-11 1.79153e-11 0)
(-1.10725e-11 1.79153e-11 1.16823e-15)
(-1.10783e-11 1.7923e-11 2.92058e-15)
(-1.10842e-11 1.79383e-11 1.75235e-15)
(-3.95914e-12 6.23591e-12 0)
(-3.96264e-12 6.23591e-12 0)
(-3.96381e-12 6.23591e-12 1.16823e-15)
(-3.96498e-12 6.24357e-12 1.16823e-15)
(-1.43693e-12 2.08629e-12 -5.84116e-16)
(-1.43693e-12 2.07481e-12 -2.33646e-15)
(-1.43926e-12 2.07098e-12 0)
(-1.43926e-12 2.07864e-12 1.16823e-15)
(-6.42528e-13 4.82336e-13 0)
(-6.39023e-13 4.82336e-13 0)
(-6.37855e-13 4.78508e-13 -1.16823e-15)
(-6.41359e-13 4.82336e-13 1.16823e-15)
(-4.82336e-13 4.66125e-13 0)
(-1.38193e-12 3.97199e-13 -1.16823e-15)
(-2.07481e-12 2.69862e-13 0)
(-2.45762e-12 1.00468e-13 1.75235e-15)
(-2.47676e-12 -8.87856e-14 -5.84116e-16)
(-2.10543e-12 -2.67525e-13 -1.16823e-15)
(-1.39724e-12 -4.06545e-13 -5.84116e-16)
(-4.82336e-13 -4.70798e-13 0)
(-4.82336e-13 4.66125e-13 0)
(-1.3781e-12 3.97199e-13 1.16823e-15)
(-2.07481e-12 2.72198e-13 1.16823e-15)
(-2.46527e-12 9.92997e-14 0)
(-2.4691e-12 -9.34586e-14 -1.16823e-15)
(-2.09395e-12 -2.67525e-13 0)
(-1.39342e-12 -4.0304e-13 0)
(-4.86164e-13 -4.70798e-13 2.33646e-15)
(-4.78508e-13 4.67293e-13 -1.16823e-15)
(-1.38576e-12 3.99535e-13 5.84116e-16)
(-2.08629e-12 2.68693e-13 1.75235e-15)
(-2.45762e-12 9.5795e-14 0)
(-2.4691e-12 -8.64492e-14 1.16823e-15)
(-2.10543e-12 -2.67525e-13 0)
(-1.39724e-12 -4.04208e-13 1.75235e-15)
(-4.9382e-13 -4.73134e-13 5.84116e-16)
(-4.82336e-13 4.64956e-13 1.16823e-15)
(-1.38576e-12 4.01872e-13 0)
(-2.08629e-12 2.69862e-13 0)
(-2.4691e-12 9.81315e-14 1.75235e-15)
(-2.47676e-12 -9.5795e-14 1.16823e-15)
(-2.09012e-12 -2.66357e-13 -1.75235e-15)
(-1.40873e-12 -3.99535e-13 1.75235e-15)
(-4.9382e-13 -4.74302e-13 0)
(-5.97178e-13 5.77107e-13 -1.16823e-15)
(-1.71114e-12 4.87153e-13 -1.75235e-15)
(-2.54949e-12 3.25937e-13 -1.16823e-15)
(-3.00886e-12 1.14487e-13 0)
(-3.00503e-12 -1.16823e-13 -5.84116e-16)
(-2.54183e-12 -3.29441e-13 0)
(-1.692e-12 -4.85985e-13 5.84116e-16)
(-5.9335e-13 -5.72434e-13 1.16823e-15)
(-5.89522e-13 5.72434e-13 0)
(-1.69966e-12 4.90658e-13 -1.75235e-15)
(-2.54566e-12 3.24769e-13 -1.16823e-15)
(-3.00503e-12 1.16823e-13 -5.84116e-16)
(-3.00886e-12 -1.14487e-13 5.84116e-16)
(-2.54566e-12 -3.29441e-13 2.33646e-15)
(-1.69583e-12 -4.85985e-13 1.16823e-15)
(-5.97178e-13 -5.7477e-13 0)
(-5.97178e-13 5.7477e-13 1.16823e-15)
(-1.69583e-12 4.83648e-13 -1.16823e-15)
(-2.53801e-12 3.27105e-13 -5.84116e-16)
(-3.0012e-12 1.16823e-13 -1.16823e-15)
(-3.00503e-12 -1.1215e-13 -5.84116e-16)
(-2.55332e-12 -3.25937e-13 5.84116e-16)
(-1.70349e-12 -4.89489e-13 5.84116e-16)
(-5.9335e-13 -5.7477e-13 0)
(-5.97178e-13 5.72434e-13 0)
(-1.69966e-12 4.85985e-13 1.16823e-15)
(-2.53801e-12 3.25937e-13 0)
(-3.00503e-12 1.16823e-13 1.16823e-15)
(-3.00503e-12 -1.13319e-13 0)
(-2.55332e-12 -3.25937e-13 0)
(-1.70349e-12 -4.85985e-13 0)
(-6.04834e-13 -5.77107e-13 1.75235e-15)
(-4.86164e-13 4.70798e-13 -5.84116e-16)
(-1.39342e-12 3.98367e-13 0)
(-2.08247e-12 2.6402e-13 0)
(-2.45379e-12 9.5795e-14 5.84116e-16)
(-2.45762e-12 -9.34586e-14 -5.84116e-16)
(-2.07864e-12 -2.67525e-13 0)
(-1.38959e-12 -4.00704e-13 0)
(-4.78508e-13 -4.67293e-13 1.16823e-15)
(-4.82336e-13 4.70798e-13 5.84116e-16)
(-1.39724e-12 4.00704e-13 5.84116e-16)
(-2.08629e-12 2.6402e-13 2.92058e-15)
(-2.45762e-12 9.22903e-14 0)
(-2.44996e-12 -9.46268e-14 5.84116e-16)
(-2.07864e-12 -2.67525e-13 1.16823e-15)
(-1.38576e-12 -3.96031e-13 -5.84116e-16)
(-4.86164e-13 -4.69629e-13 5.84116e-16)
(-4.89992e-13 4.73134e-13 1.16823e-15)
(-1.40107e-12 4.01872e-13 1.16823e-15)
(-2.09778e-12 2.66357e-13 -1.16823e-15)
(-2.46144e-12 9.11221e-14 2.33646e-15)
(-2.46527e-12 -9.34586e-14 2.33646e-15)
(-2.09012e-12 -2.69862e-13 5.84116e-16)
(-1.38959e-12 -3.99535e-13 1.75235e-15)
(-4.86164e-13 -4.69629e-13 0)
(-4.9382e-13 4.73134e-13 1.16823e-15)
(-1.40107e-12 3.96031e-13 0)
(-2.08247e-12 2.66357e-13 -1.75235e-15)
(-2.46527e-12 9.34586e-14 0)
(-2.46144e-12 -9.34586e-14 -1.16823e-15)
(-2.08247e-12 -2.68693e-13 -5.84116e-16)
(-1.39724e-12 -3.97199e-13 5.84116e-16)
(-4.86164e-13 -4.70798e-13 0)
(-0.0969199 -0.161259 7.40234e-08)
(-0.0969201 -0.16126 1.80242e-07)
(-0.0969203 -0.16126 2.04557e-07)
(-0.0969205 -0.161261 9.83381e-08)
(-0.031929 -0.0691412 4.99295e-08)
(-0.0319291 -0.0691416 1.20882e-07)
(-0.0319292 -0.0691421 1.36582e-07)
(-0.0319293 -0.0691426 6.56292e-08)
(-0.0129617 -0.0335431 3.53776e-08)
(-0.0129618 -0.0335434 8.67562e-08)
(-0.0129618 -0.0335438 9.781e-08)
(-0.0129619 -0.0335441 4.64313e-08)
(-0.00610488 -0.0172943 2.47743e-08)
(-0.00610492 -0.0172945 6.17131e-08)
(-0.00610497 -0.0172948 6.96735e-08)
(-0.00610502 -0.0172951 3.27347e-08)
(-0.00311675 -0.00912356 1.68448e-08)
(-0.00311678 -0.00912369 4.24736e-08)
(-0.00311682 -0.0091239 4.79226e-08)
(-0.00311686 -0.00912408 2.22939e-08)
(-0.00164706 -0.00482732 1.10729e-08)
(-0.00164708 -0.00482741 2.81385e-08)
(-0.0016471 -0.00482755 3.16379e-08)
(-0.00164713 -0.00482767 1.45723e-08)
(-0.000878225 -0.00253533 7.03156e-09)
(-0.000878238 -0.00253539 1.79558e-08)
(-0.000878259 -0.00253548 2.0078e-08)
(-0.000878277 -0.00253555 9.15373e-09)
(-0.000466189 -0.00131443 4.31695e-09)
(-0.000466198 -0.00131446 1.10546e-08)
(-0.000466212 -0.00131451 1.22833e-08)
(-0.000466224 -0.00131456 5.54567e-09)
(-0.000244598 -0.000670579 2.56451e-09)
(-0.000244603 -0.000670599 6.57877e-09)
(-0.000244612 -0.000670631 7.26282e-09)
(-0.000244619 -0.000670657 3.24856e-09)
(-0.000126338 -0.000336036 1.47603e-09)
(-0.000126341 -0.000336048 3.79026e-09)
(-0.000126347 -0.000336066 4.15873e-09)
(-0.000126351 -0.000336081 1.8445e-09)
(-6.40924e-05 -0.000165227 8.23865e-10)
(-6.40945e-05 -0.000165234 2.11725e-09)
(-6.40977e-05 -0.000165244 2.3098e-09)
(-6.41003e-05 -0.000165252 1.01642e-09)
(-3.18927e-05 -7.96662e-05 4.46512e-10)
(-3.18939e-05 -7.96698e-05 1.14802e-09)
(-3.18957e-05 -7.96754e-05 1.24595e-09)
(-3.18972e-05 -7.96798e-05 5.44441e-10)
(-1.55548e-05 -3.76562e-05 2.35174e-10)
(-1.55554e-05 -3.76581e-05 6.04957e-10)
(-1.55564e-05 -3.7661e-05 6.53452e-10)
(-1.55572e-05 -3.76633e-05 2.83669e-10)
(-7.43297e-06 -1.74472e-05 1.2051e-10)
(-7.43332e-06 -1.74481e-05 3.10098e-10)
(-7.43387e-06 -1.74497e-05 3.33527e-10)
(-7.43429e-06 -1.74508e-05 1.43937e-10)
(-3.47963e-06 -7.92431e-06 6.01231e-11)
(-3.47981e-06 -7.92479e-06 1.54781e-10)
(-3.4801e-06 -7.92554e-06 1.6582e-10)
(-3.48032e-06 -7.92611e-06 7.11629e-11)
(-1.59586e-06 -3.52865e-06 2.92362e-11)
(-1.59595e-06 -3.52888e-06 7.52861e-11)
(-1.5961e-06 -3.52925e-06 8.03656e-11)
(-1.59621e-06 -3.52953e-06 3.43145e-11)
(-7.17164e-07 -1.54086e-06 1.38646e-11)
(-7.1721e-07 -1.54097e-06 3.57175e-11)
(-7.17281e-07 -1.54114e-06 3.79991e-11)
(-7.17335e-07 -1.54127e-06 1.61467e-11)
(-3.15869e-07 -6.59995e-07 6.41885e-12)
(-3.15891e-07 -6.60046e-07 1.6541e-11)
(-3.15926e-07 -6.60127e-07 1.75404e-11)
(-3.15951e-07 -6.60187e-07 7.42061e-12)
(-1.36393e-07 -2.77381e-07 2.90247e-12)
(-1.36403e-07 -2.77404e-07 7.48077e-12)
(-1.36419e-07 -2.77441e-07 7.9101e-12)
(-1.36431e-07 -2.77467e-07 3.33121e-12)
(-5.77588e-08 -1.14424e-07 1.28272e-12)
(-5.77635e-08 -1.14434e-07 3.30668e-12)
(-5.77709e-08 -1.1445e-07 3.48893e-12)
(-5.77763e-08 -1.14462e-07 1.46321e-12)
(-2.39964e-08 -4.63458e-08 5.53742e-13)
(-2.39984e-08 -4.63503e-08 1.42875e-12)
(-2.40018e-08 -4.63573e-08 1.5041e-12)
(-2.40042e-08 -4.63623e-08 6.29677e-13)
(-9.78451e-09 -1.84382e-08 2.34231e-13)
(-9.78543e-09 -1.84401e-08 6.05144e-13)
(-9.78687e-09 -1.84431e-08 6.35518e-13)
(-9.78791e-09 -1.84452e-08 2.65189e-13)
(-3.91715e-09 -7.20778e-09 9.63792e-14)
(-3.91754e-09 -7.20856e-09 2.50586e-13)
(-3.91816e-09 -7.20979e-09 2.62268e-13)
(-3.9186e-09 -7.21066e-09 1.0923e-13)
(-1.54033e-09 -2.76962e-09 4.0304e-14)
(-1.54049e-09 -2.76994e-09 1.0222e-13)
(-1.54074e-09 -2.77043e-09 1.06309e-13)
(-1.54093e-09 -2.77079e-09 4.49769e-14)
(-5.95164e-10 -1.04649e-09 1.57711e-14)
(-5.95231e-10 -1.04662e-09 4.14722e-14)
(-5.95336e-10 -1.04681e-09 4.20564e-14)
(-5.95413e-10 -1.04696e-09 1.81076e-14)
(-2.26056e-10 -3.88954e-10 7.59351e-15)
(-2.26083e-10 -3.89012e-10 1.75235e-14)
(-2.26125e-10 -3.89092e-10 1.5187e-14)
(-2.26155e-10 -3.89142e-10 7.00939e-15)
(-8.44363e-11 -1.42258e-10 4.67293e-15)
(-8.44457e-11 -1.42289e-10 5.84116e-15)
(-8.44644e-11 -1.42308e-10 5.25704e-15)
(-8.44737e-11 -1.42335e-10 4.08881e-15)
(-3.10282e-11 -5.1208e-11 1.75235e-15)
(-3.10364e-11 -5.12233e-11 4.08881e-15)
(-3.10388e-11 -5.12386e-11 2.92058e-15)
(-3.10434e-11 -5.12501e-11 1.75235e-15)
(-1.12255e-11 -1.81488e-11 5.84116e-16)
(-1.12267e-11 -1.81527e-11 1.16823e-15)
(-1.12279e-11 -1.81603e-11 1.16823e-15)
(-1.12314e-11 -1.81642e-11 5.84116e-16)
(-4.01405e-12 -6.30482e-12 1.16823e-15)
(-4.01405e-12 -6.30865e-12 1.75235e-15)
(-4.01521e-12 -6.32013e-12 1.16823e-15)
(-4.01638e-12 -6.32013e-12 0)
(-1.45445e-12 -2.09395e-12 1.16823e-15)
(-1.45445e-12 -2.09778e-12 0)
(-1.45679e-12 -2.10161e-12 5.84116e-16)
(-1.45562e-12 -2.09778e-12 -5.84116e-16)
(-6.44864e-13 -4.82336e-13 0)
(-6.47201e-13 -4.86164e-13 2.33646e-15)
(-6.48369e-13 -4.9382e-13 5.84116e-16)
(-6.49537e-13 -4.9382e-13 0)
(-0.301412 -0.0482747 5.65345e-08)
(-0.263722 -0.0118892 2.83064e-08)
(-0.253855 -0.00302677 1.93583e-08)
(-0.251615 -0.000327386 1.12036e-08)
(-0.252545 0.00136788 2.26319e-08)
(-0.257086 0.00460576 4.82862e-09)
(-0.270968 0.0151557 3.4287e-08)
(-0.317709 0.05712 1.82904e-08)
(-0.301412 -0.0482749 1.23276e-07)
(-0.263722 -0.0118893 5.48843e-08)
(-0.253855 -0.0030268 2.47017e-08)
(-0.251615 -0.000327379 4.9571e-09)
(-0.252545 0.00136786 1.05802e-08)
(-0.257086 0.00460578 -2.0738e-08)
(-0.270969 0.0151557 2.46276e-08)
(-0.317709 0.0571197 8.99333e-09)
(-0.301413 -0.0482753 9.86732e-08)
(-0.263722 -0.0118894 1.9108e-09)
(-0.253855 -0.00302687 -3.6822e-08)
(-0.251615 -0.000327414 -5.84089e-08)
(-0.252545 0.00136783 -1.09088e-07)
(-0.257086 0.00460579 -1.10223e-07)
(-0.270969 0.0151557 -1.54272e-07)
(-0.317709 0.0571199 -1.09579e-07)
(-0.301413 -0.0482757 3.19321e-08)
(-0.263722 -0.0118895 -2.46672e-08)
(-0.253855 -0.00302692 -4.21654e-08)
(-0.251614 -0.000327524 -5.21624e-08)
(-0.252545 0.00136776 -9.70362e-08)
(-0.257085 0.00460569 -8.46568e-08)
(-0.270967 0.0151557 -1.44612e-07)
(-0.317708 0.0571208 -1.00282e-07)
(-0.10468 0.181677 -6.66533e-08)
(-0.10468 0.181677 1.54937e-08)
(-0.10468 0.181677 3.21048e-07)
(-0.10468 0.181679 2.38901e-07)
(-0.035309 0.0807285 -4.31162e-08)
(-0.035309 0.0807282 3.18525e-08)
(-0.035309 0.0807288 3.08612e-07)
(-0.0353091 0.0807307 2.33644e-07)
(-0.0148379 0.0404411 -2.47631e-08)
(-0.0148378 0.0404409 3.82922e-08)
(-0.0148379 0.0404414 2.55669e-07)
(-0.0148381 0.040443 1.92614e-07)
(-0.0072396 0.021377 -1.29825e-08)
(-0.00723956 0.0213769 3.60515e-08)
(-0.00723962 0.0213773 1.90691e-07)
(-0.00723981 0.0213784 1.41657e-07)
(-0.00380631 0.0114827 -6.19185e-09)
(-0.00380629 0.0114827 2.94759e-08)
(-0.00380634 0.011483 1.32863e-07)
(-0.0038065 0.0114837 9.71948e-08)
(-0.00205635 0.00615174 -2.58773e-09)
(-0.00205634 0.00615172 2.19035e-08)
(-0.00205638 0.00615192 8.80866e-08)
(-0.0020565 0.00615243 6.35954e-08)
(-0.0011137 0.00325731 -8.46878e-10)
(-0.0011137 0.0032573 1.51792e-08)
(-0.00111373 0.00325743 5.60381e-08)
(-0.00111381 0.00325775 4.00121e-08)
(-0.000597384 0.00169693 -1.00101e-10)
(-0.000597382 0.00169693 9.9365e-09)
(-0.000597402 0.00169701 3.43651e-08)
(-0.000597454 0.0016972 2.43285e-08)
(-0.000315462 0.000867773 1.54004e-10)
(-0.000315461 0.000867774 6.2024e-09)
(-0.000315474 0.000867822 2.03654e-08)
(-0.000315507 0.000867937 1.4317e-08)
(-0.000163506 0.000435081 1.96224e-10)
(-0.000163506 0.000435082 3.70946e-09)
(-0.000163514 0.00043511 1.16862e-08)
(-0.000163534 0.000435176 8.17299e-09)
(-8.30519e-05 0.000213748 1.61557e-10)
(-8.3052e-05 0.000213749 2.13568e-09)
(-8.30569e-05 0.000213765 6.50209e-09)
(-8.30684e-05 0.000213801 4.52797e-09)
(-4.13114e-05 0.000102873 1.12695e-10)
(-4.13116e-05 0.000102874 1.18639e-09)
(-4.13144e-05 0.000102883 3.51248e-09)
(-4.13209e-05 0.000102902 2.43878e-09)
(-2.01172e-05 4.85021e-05 7.09181e-11)
(-2.01173e-05 4.85027e-05 6.37803e-10)
(-2.01189e-05 4.85072e-05 1.84421e-09)
(-2.01225e-05 4.85175e-05 1.27733e-09)
(-9.59018e-06 2.24042e-05 4.17012e-11)
(-9.59027e-06 2.24046e-05 3.32251e-10)
(-9.59112e-06 2.24069e-05 9.42116e-10)
(-9.59303e-06 2.24121e-05 6.51567e-10)
(-4.47614e-06 1.01414e-05 2.31503e-11)
(-4.4762e-06 1.01416e-05 1.68082e-10)
(-4.47664e-06 1.01428e-05 4.68694e-10)
(-4.47763e-06 1.01454e-05 3.2376e-10)
(-2.04597e-06 4.49969e-06 1.23021e-11)
(-2.046e-06 4.49979e-06 8.26413e-11)
(-2.04622e-06 4.50035e-06 2.2727e-10)
(-2.04672e-06 4.5016e-06 1.5693e-10)
(-9.16097e-07 1.95756e-06 6.26757e-12)
(-9.16115e-07 1.95761e-06 3.95593e-11)
(-9.16225e-07 1.95788e-06 1.07504e-10)
(-9.1647e-07 1.95847e-06 7.42114e-11)
(-4.0196e-07 8.35301e-07 3.08822e-12)
(-4.01969e-07 8.35326e-07 1.84464e-11)
(-4.02022e-07 8.35448e-07 4.96388e-11)
(-4.02139e-07 8.35723e-07 3.42812e-11)
(-1.72896e-07 3.49721e-07 1.47022e-12)
(-1.72901e-07 3.49733e-07 8.39024e-12)
(-1.72925e-07 3.49788e-07 2.23933e-11)
(-1.7298e-07 3.49912e-07 1.54709e-11)
(-7.29319e-08 1.43718e-07 6.79327e-13)
(-7.29343e-08 1.43723e-07 3.72374e-12)
(-7.29455e-08 1.43748e-07 9.87448e-12)
(-7.29705e-08 1.43802e-07 6.83124e-12)
(-3.01827e-08 5.79931e-08 3.0374e-13)
(-3.01838e-08 5.79955e-08 1.61567e-12)
(-3.01888e-08 5.8006e-08 4.25937e-12)
(-3.02e-08 5.80296e-08 2.94979e-12)
(-1.22599e-08 2.2987e-08 1.33178e-13)
(-1.22604e-08 2.29881e-08 6.84e-13)
(-1.22625e-08 2.29925e-08 1.79908e-12)
(-1.22674e-08 2.30024e-08 1.24709e-12)
(-4.88966e-09 8.95356e-09 5.66593e-14)
(-4.88989e-09 8.95401e-09 2.84465e-13)
(-4.89081e-09 8.95583e-09 7.44164e-13)
(-4.89288e-09 8.95996e-09 5.15775e-13)
(-1.91566e-09 3.42833e-09 2.27805e-14)
(-1.91575e-09 3.42852e-09 1.13903e-13)
(-1.91613e-09 3.42924e-09 3.01404e-13)
(-1.917e-09 3.43092e-09 2.09698e-13)
(-7.37526e-10 1.29094e-09 9.34586e-15)
(-7.37565e-10 1.29102e-09 4.73134e-14)
(-7.37721e-10 1.29131e-09 1.19744e-13)
(-7.38077e-10 1.29198e-09 8.29445e-14)
(-2.79149e-10 4.78221e-10 3.5047e-15)
(-2.79165e-10 4.78255e-10 1.81076e-14)
(-2.79225e-10 4.78362e-10 4.49769e-14)
(-2.7937e-10 4.78619e-10 3.27105e-14)
(-1.03912e-10 1.74345e-10 1.75235e-15)
(-1.03918e-10 1.74361e-10 7.59351e-15)
(-1.03941e-10 1.74407e-10 1.69394e-14)
(-1.03995e-10 1.74498e-10 1.16823e-14)
(-3.80575e-11 6.25735e-11 5.84116e-16)
(-3.80633e-11 6.25812e-11 2.92058e-15)
(-3.80739e-11 6.25965e-11 7.00939e-15)
(-3.8089e-11 6.26348e-11 4.67293e-15)
(-1.37232e-11 2.21185e-11 -1.16823e-15)
(-1.37291e-11 2.21109e-11 -5.84116e-16)
(-1.37314e-11 2.21109e-11 3.5047e-15)
(-1.37372e-11 2.21415e-11 4.08881e-15)
(-4.89372e-12 7.67527e-12 -1.75235e-15)
(-4.89372e-12 7.65995e-12 -1.16823e-15)
(-4.89606e-12 7.66761e-12 4.08881e-15)
(-4.89957e-12 7.68675e-12 1.75235e-15)
(-1.7687e-12 2.54949e-12 -1.16823e-15)
(-1.76637e-12 2.53801e-12 -1.75235e-15)
(-1.76754e-12 2.53418e-12 5.84116e-16)
(-1.77104e-12 2.54566e-12 1.16823e-15)
(-7.87388e-13 5.97178e-13 -1.16823e-15)
(-7.83884e-13 5.89522e-13 0)
(-7.82716e-13 5.97178e-13 1.16823e-15)
(-7.8622e-13 5.97178e-13 0)
(-0.104684 -0.1817 6.74688e-08)
(-0.104684 -0.1817 1.12538e-07)
(-0.104684 -0.1817 2.07166e-08)
(-0.104684 -0.1817 -2.43526e-08)
(-0.0353114 -0.0807459 4.86423e-08)
(-0.0353114 -0.0807463 8.95207e-08)
(-0.0353115 -0.0807466 4.45513e-08)
(-0.0353114 -0.0807467 3.67296e-09)
(-0.01484 -0.0404541 3.5931e-08)
(-0.01484 -0.0404543 7.22283e-08)
(-0.01484 -0.0404546 4.9631e-08)
(-0.01484 -0.0404547 1.33336e-08)
(-0.00724131 -0.0213861 2.58617e-08)
(-0.00724134 -0.0213863 5.56025e-08)
(-0.00724137 -0.0213865 4.50298e-08)
(-0.00724137 -0.0213867 1.5289e-08)
(-0.0038076 -0.0114888 1.79388e-08)
(-0.00380763 -0.011489 4.04637e-08)
(-0.00380766 -0.0114892 3.59696e-08)
(-0.00380767 -0.0114893 1.34448e-08)
(-0.00205727 -0.00615568 1.19768e-08)
(-0.00205729 -0.00615577 2.7932e-08)
(-0.00205731 -0.0061559 2.62544e-08)
(-0.00205732 -0.00615598 1.02992e-08)
(-0.00111432 -0.00325976 7.70056e-09)
(-0.00111433 -0.00325982 1.83898e-08)
(-0.00111435 -0.00325991 1.78942e-08)
(-0.00111436 -0.00325997 7.20501e-09)
(-0.000597782 -0.0016984 4.77544e-09)
(-0.000597792 -0.00169844 1.15985e-08)
(-0.000597805 -0.0016985 1.15402e-08)
(-0.000597813 -0.00169853 4.71713e-09)
(-0.000315709 -0.000868634 2.85994e-09)
(-0.000315715 -0.000868656 7.03404e-09)
(-0.000315724 -0.00086869 7.10173e-09)
(-0.00031573 -0.000868713 2.92764e-09)
(-0.000163655 -0.000435568 1.65684e-09)
(-0.000163658 -0.000435581 4.11314e-09)
(-0.000163664 -0.0004356 4.19381e-09)
(-0.000163668 -0.000435614 1.73751e-09)
(-8.31379e-05 -0.000214015 9.29586e-10)
(-8.31402e-05 -0.000214023 2.32467e-09)
(-8.31436e-05 -0.000214034 2.38602e-09)
(-8.3146e-05 -0.000214042 9.90931e-10)
(-4.13598e-05 -0.000103016 5.0588e-10)
(-4.13611e-05 -0.00010302 1.27219e-09)
(-4.13631e-05 -0.000103026 1.31167e-09)
(-4.13645e-05 -0.000103031 5.45359e-10)
(-2.01435e-05 -4.85765e-05 2.67291e-10)
(-2.01443e-05 -4.85786e-05 6.75302e-10)
(-2.01454e-05 -4.85819e-05 6.98322e-10)
(-2.01462e-05 -4.85842e-05 2.90313e-10)
(-9.60412e-06 -2.24419e-05 1.37305e-10)
(-9.60452e-06 -2.2443e-05 3.4815e-10)
(-9.60512e-06 -2.24447e-05 3.60714e-10)
(-9.60555e-06 -2.24459e-05 1.49867e-10)
(-4.48331e-06 -1.016e-05 6.86266e-11)
(-4.48352e-06 -1.01605e-05 1.74557e-10)
(-4.48384e-06 -1.01614e-05 1.81056e-10)
(-4.48406e-06 -1.0162e-05 7.51249e-11)
(-2.04956e-06 -4.50863e-06 3.34144e-11)
(-2.04966e-06 -4.5089e-06 8.52021e-11)
(-2.04983e-06 -4.50931e-06 8.84229e-11)
(-2.04994e-06 -4.5096e-06 3.66352e-11)
(-9.1785e-07 -1.96176e-06 1.58599e-11)
(-9.17902e-07 -1.96189e-06 4.05301e-11)
(-9.17982e-07 -1.96209e-06 4.20651e-11)
(-9.1804e-07 -1.96223e-06 1.73944e-11)
(-4.02794e-07 -8.37231e-07 7.34526e-12)
(-4.02819e-07 -8.37289e-07 1.88062e-11)
(-4.02858e-07 -8.37381e-07 1.95147e-11)
(-4.02885e-07 -8.37446e-07 8.05146e-12)
(-1.73283e-07 -3.50587e-07 3.32187e-12)
(-1.73295e-07 -3.50614e-07 8.51933e-12)
(-1.73313e-07 -3.50655e-07 8.83651e-12)
(-1.73326e-07 -3.50684e-07 3.63729e-12)
(-7.31076e-08 -1.44098e-07 1.4673e-12)
(-7.3113e-08 -1.4411e-07 3.77047e-12)
(-7.31214e-08 -1.44129e-07 3.90657e-12)
(-7.31273e-08 -1.44141e-07 1.60515e-12)
(-3.02606e-08 -5.81566e-08 6.33766e-13)
(-3.0263e-08 -5.81617e-08 1.6326e-12)
(-3.02668e-08 -5.81697e-08 1.6881e-12)
(-3.02694e-08 -5.81752e-08 6.92178e-13)
(-1.22937e-08 -2.30558e-08 2.69278e-13)
(-1.22947e-08 -2.3058e-08 6.90425e-13)
(-1.22963e-08 -2.30614e-08 7.14374e-13)
(-1.22975e-08 -2.30637e-08 2.92642e-13)
(-4.90401e-09 -8.98197e-09 1.10982e-13)
(-4.90446e-09 -8.98286e-09 2.87385e-13)
(-4.90515e-09 -8.98427e-09 2.96147e-13)
(-4.90564e-09 -8.98523e-09 1.21496e-13)
(-1.92162e-09 -3.43981e-09 4.49769e-14)
(-1.9218e-09 -3.44018e-09 1.18576e-13)
(-1.92209e-09 -3.44076e-09 1.20328e-13)
(-1.9223e-09 -3.44115e-09 4.90658e-14)
(-7.39955e-10 -1.2955e-09 1.81076e-14)
(-7.4003e-10 -1.29564e-09 4.78975e-14)
(-7.40157e-10 -1.29588e-09 5.0234e-14)
(-7.40235e-10 -1.29604e-09 1.86917e-14)
(-2.80119e-10 -4.79989e-10 8.76174e-15)
(-2.80148e-10 -4.80062e-10 1.92758e-14)
(-2.80198e-10 -4.80142e-10 1.81076e-14)
(-2.80234e-10 -4.80204e-10 7.59351e-15)
(-1.04292e-10 -1.75019e-10 4.08881e-15)
(-1.04307e-10 -1.7505e-10 7.59351e-15)
(-1.04323e-10 -1.75084e-10 5.84116e-15)
(-1.04338e-10 -1.75096e-10 1.75235e-15)
(-3.82047e-11 -6.28262e-11 5.84116e-16)
(-3.82117e-11 -6.28338e-11 2.92058e-15)
(-3.82175e-11 -6.2853e-11 2.92058e-15)
(-3.82187e-11 -6.28568e-11 1.16823e-15)
(-1.3784e-11 -2.22028e-11 0)
(-1.37828e-11 -2.22066e-11 1.75235e-15)
(-1.3784e-11 -2.22143e-11 1.16823e-15)
(-1.37851e-11 -2.22181e-11 1.16823e-15)
(-4.91592e-12 -7.69058e-12 1.16823e-15)
(-4.91358e-12 -7.69824e-12 1.75235e-15)
(-4.91592e-12 -7.70972e-12 2.92058e-15)
(-4.91358e-12 -7.71738e-12 5.84116e-16)
(-1.77454e-12 -2.53801e-12 1.75235e-15)
(-1.77454e-12 -2.55332e-12 1.75235e-15)
(-1.77922e-12 -2.55715e-12 1.75235e-15)
(-1.77805e-12 -2.5648e-12 1.16823e-15)
(-7.82716e-13 -5.9335e-13 1.16823e-15)
(-7.88557e-13 -5.97178e-13 0)
(-7.87388e-13 -5.9335e-13 0)
(-7.92061e-13 -6.04834e-13 1.75235e-15)
(-0.317719 -0.0571279 3.96252e-08)
(-0.270969 -0.0151586 1.68908e-08)
(-0.257084 -0.00460674 1.0372e-08)
(-0.252542 -0.00136841 8.17208e-09)
(-0.251611 0.00032683 1.87337e-08)
(-0.25385 0.00302579 1.14332e-08)
(-0.263714 0.0118866 3.2868e-08)
(-0.301396 0.0482679 3.73742e-08)
(-0.317719 -0.0571281 2.87907e-08)
(-0.270969 -0.0151587 -1.14769e-09)
(-0.257084 -0.00460676 -9.28351e-09)
(-0.252542 -0.0013684 -3.88277e-09)
(-0.251611 0.000326837 1.67558e-08)
(-0.25385 0.00302582 1.66966e-08)
(-0.263714 0.0118866 6.97637e-08)
(-0.301396 0.0482678 1.12022e-07)
(-0.317719 -0.0571283 -1.22899e-07)
(-0.270969 -0.0151587 -1.26175e-07)
(-0.257084 -0.00460675 -1.02373e-07)
(-0.252542 -0.00136836 -7.08233e-08)
(-0.251611 0.000326871 -6.58334e-08)
(-0.25385 0.0030259 -1.8895e-08)
(-0.263714 0.0118868 1.22543e-08)
(-0.301397 0.0482682 1.40851e-07)
(-0.317718 -0.0571282 -1.12064e-07)
(-0.270968 -0.0151586 -1.08136e-07)
(-0.257084 -0.00460665 -8.27174e-08)
(-0.252542 -0.00136832 -5.87684e-08)
(-0.25161 0.00032694 -6.38555e-08)
(-0.253849 0.00302598 -2.41584e-08)
(-0.263714 0.011887 -2.46414e-08)
(-0.301397 0.0482693 6.62029e-08)
(-0.0969147 0.161239 -3.35087e-08)
(-0.0969147 0.161238 1.00397e-07)
(-0.0969149 0.161239 4.47386e-07)
(-0.0969154 0.161242 3.1348e-07)
(-0.0319264 0.0691269 -2.21971e-08)
(-0.0319263 0.0691268 7.35682e-08)
(-0.0319264 0.0691275 3.44816e-07)
(-0.0319267 0.0691295 2.49051e-07)
(-0.0129598 0.0335332 -1.14356e-08)
(-0.0129598 0.0335331 5.91187e-08)
(-0.0129599 0.0335337 2.56838e-07)
(-0.0129601 0.0335351 1.86284e-07)
(-0.00610348 0.0172877 -4.75285e-09)
(-0.00610346 0.0172877 4.58262e-08)
(-0.00610353 0.0172881 1.79948e-07)
(-0.00610373 0.0172891 1.29369e-07)
(-0.00311577 0.00911927 -1.32322e-09)
(-0.00311576 0.00911926 3.34974e-08)
(-0.00311582 0.00911953 1.20101e-07)
(-0.00311597 0.00912022 8.52807e-08)
(-0.0016464 0.00482462 1.57418e-10)
(-0.00164639 0.00482462 2.31469e-08)
(-0.00164643 0.00482481 7.71642e-08)
(-0.00164654 0.00482524 5.41747e-08)
(-0.000877796 0.00253368 6.31268e-10)
(-0.000877795 0.00253368 1.52446e-08)
(-0.000877823 0.0025338 4.79585e-08)
(-0.000877892 0.00253407 3.33451e-08)
(-0.000465918 0.00131344 6.58631e-10)
(-0.000465919 0.00131344 9.61596e-09)
(-0.000465937 0.00131351 2.89119e-08)
(-0.000465981 0.00131367 1.99546e-08)
(-0.000244432 0.000670005 5.26401e-10)
(-0.000244432 0.000670009 5.83816e-09)
(-0.000244444 0.000670051 1.69235e-08)
(-0.000244471 0.000670144 1.16117e-08)
(-0.000126239 0.000335711 3.70284e-10)
(-0.00012624 0.000335714 3.41934e-09)
(-0.000126247 0.000335739 9.6277e-09)
(-0.000126263 0.000335791 6.57864e-09)
(-6.40352e-05 0.000165048 2.39159e-10)
(-6.40357e-05 0.00016505 1.93755e-09)
(-6.40399e-05 0.000165064 5.32559e-09)
(-6.40492e-05 0.000165093 3.6272e-09)
(-3.18605e-05 7.95703e-05 1.45372e-10)
(-3.18608e-05 7.95714e-05 1.06341e-09)
(-3.18633e-05 7.95788e-05 2.86643e-09)
(-3.18685e-05 7.95944e-05 1.94839e-09)
(-1.55372e-05 3.7606e-05 8.38767e-11)
(-1.55374e-05 3.76067e-05 5.66459e-10)
(-1.55387e-05 3.76106e-05 1.50193e-09)
(-1.55416e-05 3.76187e-05 1.01935e-09)
(-7.4236e-06 1.74216e-05 4.64162e-11)
(-7.42372e-06 1.7422e-05 2.93065e-10)
(-7.42444e-06 1.7424e-05 7.66658e-10)
(-7.42596e-06 1.74281e-05 5.20009e-10)
(-3.47478e-06 7.91161e-06 2.46812e-11)
(-3.47485e-06 7.91181e-06 1.47501e-10)
(-3.47522e-06 7.91279e-06 3.81451e-10)
(-3.47601e-06 7.91486e-06 2.58631e-10)
(-1.59342e-06 3.52249e-06 1.26946e-11)
(-1.59345e-06 3.5226e-06 7.22546e-11)
(-1.59364e-06 3.52307e-06 1.8512e-10)
(-1.59404e-06 3.52408e-06 1.25559e-10)
(-7.15962e-07 1.53794e-06 6.31079e-12)
(-7.15981e-07 1.53799e-06 3.44967e-11)
(-7.16074e-07 1.53822e-06 8.76828e-11)
(-7.1627e-07 1.5387e-06 5.94963e-11)
(-3.15293e-07 6.58647e-07 3.05025e-12)
(-3.15303e-07 6.58671e-07 1.60585e-11)
(-3.15347e-07 6.58775e-07 4.05593e-11)
(-3.15441e-07 6.58996e-07 2.75504e-11)
(-1.36123e-07 2.76771e-07 1.43108e-12)
(-1.36128e-07 2.76783e-07 7.29795e-12)
(-1.36149e-07 2.7683e-07 1.83348e-11)
(-1.36193e-07 2.76929e-07 1.24668e-11)
(-5.76356e-08 1.14154e-07 6.54794e-13)
(-5.76378e-08 1.14159e-07 3.23834e-12)
(-5.76473e-08 1.1418e-07 8.10227e-12)
(-5.76675e-08 1.14224e-07 5.51814e-12)
(-2.39413e-08 4.62291e-08 2.90306e-13)
(-2.39424e-08 4.62314e-08 1.4048e-12)
(-2.39466e-08 4.62403e-08 3.50236e-12)
(-2.39556e-08 4.62594e-08 2.38903e-12)
(-9.76047e-09 1.83887e-08 1.26753e-13)
(-9.76094e-09 1.83897e-08 5.95214e-13)
(-9.76278e-09 1.83935e-08 1.48307e-12)
(-9.76672e-09 1.84016e-08 1.01461e-12)
(-3.90687e-09 7.1872e-09 5.37387e-14)
(-3.90708e-09 7.18764e-09 2.47665e-13)
(-3.90786e-09 7.18918e-09 6.15658e-13)
(-3.90954e-09 7.19256e-09 4.21732e-13)
(-1.53602e-09 2.76124e-09 2.21964e-14)
(-1.53611e-09 2.76142e-09 9.92997e-14)
(-1.53643e-09 2.76204e-09 2.50586e-13)
(-1.53713e-09 2.76342e-09 1.73482e-13)
(-5.93398e-10 1.04314e-09 8.76174e-15)
(-5.93434e-10 1.04321e-09 3.91358e-14)
(-5.93566e-10 1.04346e-09 1.01052e-13)
(-5.93858e-10 1.04402e-09 7.00939e-14)
(-2.25343e-10 3.87653e-10 2.92058e-15)
(-2.2536e-10 3.87676e-10 1.5187e-14)
(-2.25412e-10 3.87779e-10 4.0304e-14)
(-2.25533e-10 3.87993e-10 2.62852e-14)
(-8.41583e-11 1.41765e-10 1.16823e-15)
(-8.41618e-11 1.41772e-10 5.84116e-15)
(-8.41816e-11 1.41814e-10 1.5187e-14)
(-8.4226e-11 1.41891e-10 9.34586e-15)
(-3.09231e-11 5.10243e-11 0)
(-3.09266e-11 5.10281e-11 2.92058e-15)
(-3.09348e-11 5.10472e-11 7.59351e-15)
(-3.09488e-11 5.10817e-11 3.5047e-15)
(-1.11835e-11 1.80761e-11 0)
(-1.11835e-11 1.80723e-11 0)
(-1.11893e-11 1.80838e-11 3.5047e-15)
(-1.11952e-11 1.80991e-11 2.33646e-15)
(-3.99652e-12 6.28568e-12 0)
(-3.99886e-12 6.28568e-12 0)
(-3.99769e-12 6.28568e-12 1.75235e-15)
(-4.00236e-12 6.30099e-12 1.75235e-15)
(-1.44861e-12 2.09395e-12 -1.16823e-15)
(-1.44861e-12 2.08629e-12 -1.16823e-15)
(-1.44978e-12 2.08629e-12 1.16823e-15)
(-1.45094e-12 2.09395e-12 1.16823e-15)
(-6.46032e-13 4.86164e-13 -5.84116e-16)
(-6.43696e-13 4.82336e-13 5.84116e-16)
(-6.44864e-13 4.89992e-13 1.16823e-15)
(-6.46032e-13 4.9382e-13 1.16823e-15)
(-1.731 -2.67744 2.82575e-08)
(-1.731 -2.67744 2.99042e-08)
(-1.731 -2.67744 -4.58461e-08)
(-1.731 -2.67744 -4.74928e-08)
(-0.508432 -1.17362 5.60072e-08)
(-0.508431 -1.17362 6.57502e-08)
(-0.508431 -1.17362 -7.67018e-08)
(-0.508432 -1.17362 -8.64447e-08)
(-0.193129 -0.643709 7.29821e-08)
(-0.193128 -0.64371 9.02273e-08)
(-0.193128 -0.64371 -8.94932e-08)
(-0.193128 -0.643709 -1.06738e-07)
(-0.0947821 -0.401106 8.18169e-08)
(-0.0947821 -0.401106 1.05629e-07)
(-0.0947821 -0.401107 -8.92064e-08)
(-0.094782 -0.401106 -1.13019e-07)
(-0.0558563 -0.264581 8.33721e-08)
(-0.0558563 -0.264582 1.128e-07)
(-0.0558563 -0.264582 -7.66894e-08)
(-0.0558563 -0.264581 -1.06117e-07)
(-0.036398 -0.17768 7.89646e-08)
(-0.036398 -0.177681 1.12924e-07)
(-0.036398 -0.177681 -5.45512e-08)
(-0.0363979 -0.177681 -8.85104e-08)
(-0.0247847 -0.118989 7.0449e-08)
(-0.0247847 -0.11899 1.07515e-07)
(-0.0247847 -0.11899 -2.76295e-08)
(-0.0247846 -0.118989 -6.4695e-08)
(-0.0170595 -0.0785417 5.97579e-08)
(-0.0170596 -0.0785422 9.7958e-08)
(-0.0170596 -0.0785425 -1.94016e-09)
(-0.0170595 -0.0785422 -4.01402e-08)
(-0.0116404 -0.050751 4.84964e-08)
(-0.0116404 -0.0507514 8.54553e-08)
(-0.0116404 -0.0507517 1.73693e-08)
(-0.0116403 -0.0507515 -1.95897e-08)
(-0.00778344 -0.0319803 3.77819e-08)
(-0.00778348 -0.0319806 7.11829e-08)
(-0.0077835 -0.0319809 2.80545e-08)
(-0.00778346 -0.0319808 -5.34651e-09)
(-0.00506806 -0.0196172 2.82986e-08)
(-0.0050681 -0.0196174 5.65085e-08)
(-0.00506812 -0.0196177 3.09077e-08)
(-0.0050681 -0.0196177 2.69775e-09)
(-0.00320432 -0.011708 2.03935e-08)
(-0.00320435 -0.0117082 4.27302e-08)
(-0.00320437 -0.0117084 2.83999e-08)
(-0.00320436 -0.0117084 6.06321e-09)
(-0.00196567 -0.00679995 1.41472e-08)
(-0.00196569 -0.00680007 3.08189e-08)
(-0.00196572 -0.0068002 2.32153e-08)
(-0.00196572 -0.00680025 6.54366e-09)
(-0.00117032 -0.00384535 9.45509e-09)
(-0.00117034 -0.00384542 2.12423e-08)
(-0.00117036 -0.00384552 1.74093e-08)
(-0.00117036 -0.00384556 5.62212e-09)
(-0.000676811 -0.00211866 6.09289e-09)
(-0.000676822 -0.00211871 1.40281e-08)
(-0.000676835 -0.00211878 1.21899e-08)
(-0.000676841 -0.00211881 4.2547e-09)
(-0.00038055 -0.00113811 3.79038e-09)
(-0.000380558 -0.00113814 8.89672e-09)
(-0.000380568 -0.00113818 8.0602e-09)
(-0.000380572 -0.0011382 2.95387e-09)
(-0.000208236 -0.000596462 2.27873e-09)
(-0.000208241 -0.000596481 5.43189e-09)
(-0.000208247 -0.000596506 5.07214e-09)
(-0.000208251 -0.000596521 1.91897e-09)
(-0.00011099 -0.000305162 1.32573e-09)
(-0.000110993 -0.000305173 3.19917e-09)
(-0.000110997 -0.000305188 3.05469e-09)
(-0.000111 -0.000305197 1.18125e-09)
(-5.76699e-05 -0.000152502 7.47162e-10)
(-5.76718e-05 -0.000152508 1.82121e-09)
(-5.76743e-05 -0.000152517 1.7681e-09)
(-5.76759e-05 -0.000152522 6.94053e-10)
(-2.92329e-05 -7.44825e-05 4.08474e-10)
(-2.9234e-05 -7.44858e-05 1.00373e-09)
(-2.92355e-05 -7.44905e-05 9.86779e-10)
(-2.92364e-05 -7.44937e-05 3.91523e-10)
(-1.44659e-05 -3.55705e-05 2.16824e-10)
(-1.44665e-05 -3.55723e-05 5.36424e-10)
(-1.44674e-05 -3.55748e-05 5.32403e-10)
(-1.44679e-05 -3.55765e-05 2.12803e-10)
(-6.99271e-06 -1.66188e-05 1.11887e-10)
(-6.99303e-06 -1.66197e-05 2.78345e-10)
(-6.9935e-06 -1.66211e-05 2.7828e-10)
(-6.99381e-06 -1.6622e-05 1.11821e-10)
(-3.30392e-06 -7.5997e-06 5.6175e-11)
(-3.30409e-06 -7.60015e-06 1.40419e-10)
(-3.30434e-06 -7.60083e-06 1.41163e-10)
(-3.3045e-06 -7.60128e-06 5.69192e-11)
(-1.52667e-06 -3.40318e-06 2.74739e-11)
(-1.52676e-06 -3.4034e-06 6.89397e-11)
(-1.52688e-06 -3.40373e-06 6.95992e-11)
(-1.52697e-06 -3.40395e-06 2.81334e-11)
(-6.9029e-07 -1.49303e-06 1.30953e-11)
(-6.90333e-07 -1.49313e-06 3.29763e-11)
(-6.90397e-07 -1.49329e-06 3.33992e-11)
(-6.90441e-07 -1.4934e-06 1.35159e-11)
(-3.05577e-07 -6.42016e-07 6.09058e-12)
(-3.05598e-07 -6.42065e-07 1.53809e-11)
(-3.05629e-07 -6.42139e-07 1.56146e-11)
(-3.0565e-07 -6.4219e-07 6.32422e-12)
(-1.32507e-07 -2.70718e-07 2.76462e-12)
(-1.32516e-07 -2.7074e-07 7.00122e-12)
(-1.32531e-07 -2.70774e-07 7.12154e-12)
(-1.32541e-07 -2.70797e-07 2.88437e-12)
(-5.63123e-08 -1.11989e-07 1.22781e-12)
(-5.63168e-08 -1.11999e-07 3.11334e-12)
(-5.63236e-08 -1.12014e-07 3.17058e-12)
(-5.63283e-08 -1.12025e-07 1.28447e-12)
(-2.34656e-08 -4.5469e-08 5.3213e-13)
(-2.34676e-08 -4.54733e-08 1.35457e-12)
(-2.34707e-08 -4.54799e-08 1.37968e-12)
(-2.34728e-08 -4.54843e-08 5.58999e-13)
(-9.59256e-09 -1.81269e-08 2.26053e-13)
(-9.59344e-09 -1.81287e-08 5.75354e-13)
(-9.59479e-09 -1.81315e-08 5.87621e-13)
(-9.59571e-09 -1.81334e-08 2.37151e-13)
(-3.84872e-09 -7.09876e-09 9.52109e-14)
(-3.84909e-09 -7.09952e-09 2.38903e-13)
(-3.84968e-09 -7.10067e-09 2.44161e-13)
(-3.85007e-09 -7.10147e-09 9.92997e-14)
(-1.51627e-09 -2.73198e-09 3.85517e-14)
(-1.51643e-09 -2.73228e-09 9.63792e-14)
(-1.51667e-09 -2.73275e-09 9.92997e-14)
(-1.51684e-09 -2.73308e-09 4.14722e-14)
(-5.86829e-10 -1.03368e-09 1.46029e-14)
(-5.86896e-10 -1.0338e-09 3.62152e-14)
(-5.86995e-10 -1.03398e-09 3.91358e-14)
(-5.87064e-10 -1.03411e-09 1.75235e-14)
(-2.23212e-10 -3.84663e-10 4.67293e-15)
(-2.23235e-10 -3.84705e-10 1.46029e-14)
(-2.23273e-10 -3.84778e-10 1.63553e-14)
(-2.23303e-10 -3.84828e-10 5.25704e-15)
(-8.34772e-11 -1.40838e-10 2.92058e-15)
(-8.34842e-11 -1.40857e-10 4.67293e-15)
(-8.35029e-11 -1.40884e-10 6.42528e-15)
(-8.35122e-11 -1.40907e-10 2.92058e-15)
(-3.07105e-11 -5.07525e-11 1.16823e-15)
(-3.0714e-11 -5.07639e-11 1.75235e-15)
(-3.0721e-11 -5.07639e-11 2.33646e-15)
(-3.07245e-11 -5.07754e-11 5.84116e-16)
(-1.11204e-11 -1.79996e-11 0)
(-1.11251e-11 -1.80034e-11 1.16823e-15)
(-1.11216e-11 -1.80072e-11 5.84116e-16)
(-1.11239e-11 -1.80072e-11 0)
(-3.98134e-12 -6.26654e-12 0)
(-3.98134e-12 -6.26271e-12 -5.84116e-16)
(-3.98367e-12 -6.26654e-12 1.75235e-15)
(-3.98367e-12 -6.2742e-12 1.16823e-15)
(-1.4451e-12 -2.08247e-12 0)
(-1.44277e-12 -2.08629e-12 5.84116e-16)
(-1.44277e-12 -2.08247e-12 -5.84116e-16)
(-1.4451e-12 -2.08247e-12 0)
(-6.41359e-13 -4.78508e-13 1.16823e-15)
(-6.43696e-13 -4.86164e-13 5.84116e-16)
(-6.43696e-13 -4.86164e-13 0)
(-6.42528e-13 -4.86164e-13 0)
)
;
    }
    front
    {
        type            symmetryPlane;
    }
    back
    {
        type            symmetryPlane;
    }
}


// ************************************************************************* //
