/*--------------------------------*- C++ -*----------------------------------*\
| =========                 |                                                 |
| \\      /  F ield         | OpenFOAM: The Open Source CFD Toolbox           |
|  \\    /   O peration     | Version:                                        |
|   \\  /    A nd           | Website:  www.openfoam.com                      |
|    \\/     M anipulation  |                                                 |
\*---------------------------------------------------------------------------*/
FoamFile
{
    version     2.0;
    format      ascii;
    class       volVectorField;
    location    "0.5";
    object      flux;
}
// * * * * * * * * * * * * * * * * * * * * * * * * * * * * * * * * * * * * * //

dimensions      [0 1 -1 1 0 0 0];


internalField   nonuniform List<vector> 
4352
(
(-1.74707 1.68207 -4.61132e-08)
(-0.521729 0.884255 -9.20137e-08)
(-0.201703 0.504258 -9.99158e-08)
(-0.0979911 0.295708 -8.52511e-08)
(-0.0543095 0.172394 -6.14586e-08)
(-0.0315128 0.0980234 -3.86606e-08)
(-0.0182156 0.0538045 -2.17552e-08)
(-0.0102374 0.028358 -1.14169e-08)
(-1.07412 0.461653 -3.6881e-08)
(-0.656086 0.4806 -4.4681e-08)
(-0.386844 0.352779 -2.6168e-08)
(-0.233872 0.232281 -2.46757e-09)
(-0.143375 0.143693 1.41424e-08)
(-0.0870769 0.0844561 2.01113e-08)
(-0.0514497 0.0472792 1.77721e-08)
(-0.0292517 0.0252148 1.17286e-08)
(-0.804819 0.150339 -2.88459e-08)
(-0.630603 0.236789 -4.8778e-08)
(-0.450022 0.212406 -3.28205e-08)
(-0.307077 0.157076 -4.58953e-09)
(-0.202135 0.104325 1.80989e-08)
(-0.127927 0.0641347 2.71254e-08)
(-0.0774569 0.0369336 2.32409e-08)
(-0.0447057 0.0200115 1.21e-08)
(-0.686993 0.0572868 -2.84183e-08)
(-0.594018 0.114939 -8.56904e-09)
(-0.466556 0.118676 3.46918e-08)
(-0.341953 0.0964435 7.06797e-08)
(-0.236317 0.0683166 8.41396e-08)
(-0.154469 0.043847 7.40524e-08)
(-0.095573 0.0258795 4.85935e-08)
(-0.0559671 0.0140677 2.19131e-08)
(-0.632593 0.0243343 -6.39712e-09)
(-0.569214 0.0557673 1.14064e-08)
(-0.468517 0.0632815 4.59692e-08)
(-0.357437 0.0552155 7.36071e-08)
(-0.254731 0.041168 8.11378e-08)
(-0.170364 0.0272389 6.70454e-08)
(-0.107236 0.0160464 3.69321e-08)
(-0.0635629 0.00813713 5.95784e-10)
(-0.606892 0.0109354 -1.1623e-08)
(-0.555071 0.0269126 1.89273e-08)
(-0.467108 0.0324902 6.01646e-08)
(-0.364067 0.0298069 8.67443e-08)
(-0.264293 0.0229522 8.75317e-08)
(-0.17959 0.0151144 6.13828e-08)
(-0.114675 0.00790507 1.38854e-08)
(-0.0686918 0.00196594 -2.91842e-08)
(-0.594745 0.00500231 2.13566e-09)
(-0.547659 0.0127953 2.5794e-08)
(-0.465623 0.0160635 5.4425e-08)
(-0.366975 0.015177 7.23213e-08)
(-0.269424 0.0116711 7.45004e-08)
(-0.185411 0.00682232 6.46954e-08)
(-0.120385 0.00100839 5.81532e-08)
(-0.0731939 -0.00592774 7.85489e-08)
(-0.589094 0.00227327 -3.41074e-09)
(-0.54401 0.00593722 1.79117e-08)
(-0.464726 0.00761617 4.41439e-08)
(-0.368459 0.00723247 6.35901e-08)
(-0.272648 0.00519818 7.46894e-08)
(-0.190253 0.00161504 8.17636e-08)
(-0.127425 -0.00466965 8.70594e-08)
(-0.0808671 -0.0180064 8.87461e-08)
(-1.74707 1.68207 -2.31628e-08)
(-0.521729 0.884254 1.1803e-08)
(-0.201703 0.504257 6.25281e-08)
(-0.0979911 0.295708 1.00929e-07)
(-0.0543094 0.172394 1.16591e-07)
(-0.0315127 0.0980233 1.10473e-07)
(-0.0182156 0.0538045 9.0877e-08)
(-0.0102374 0.028358 6.65838e-08)
(-1.07412 0.461653 1.44494e-07)
(-0.656086 0.4806 4.06494e-07)
(-0.386844 0.352779 5.87364e-07)
(-0.233872 0.232282 6.54662e-07)
(-0.143375 0.143693 6.17393e-07)
(-0.0870769 0.0844562 5.13479e-07)
(-0.0514498 0.0472793 3.85123e-07)
(-0.0292517 0.0252149 2.65292e-07)
(-0.804819 0.150339 1.80794e-07)
(-0.630603 0.236789 5.56998e-07)
(-0.450022 0.212407 8.27158e-07)
(-0.307077 0.157076 9.36248e-07)
(-0.202135 0.104325 8.94027e-07)
(-0.127927 0.0641349 7.50664e-07)
(-0.0774569 0.0369337 5.6732e-07)
(-0.0447058 0.0200115 3.91298e-07)
(-0.686994 0.0572869 2.51373e-07)
(-0.594018 0.114939 7.25888e-07)
(-0.466556 0.118676 1.04849e-06)
(-0.341953 0.0964436 1.16419e-06)
(-0.236317 0.0683167 1.09438e-06)
(-0.154469 0.0438471 9.07646e-07)
(-0.0955731 0.0258796 6.79964e-07)
(-0.0559671 0.0140676 4.71165e-07)
(-0.632593 0.0243343 2.3442e-07)
(-0.569213 0.0557673 6.84006e-07)
(-0.468517 0.0632815 9.89593e-07)
(-0.357437 0.0552155 1.09944e-06)
(-0.254731 0.041168 1.035e-06)
(-0.170364 0.0272389 8.60702e-07)
(-0.107236 0.0160464 6.46615e-07)
(-0.0635631 0.00813703 4.43123e-07)
(-0.606892 0.0109354 2.12006e-07)
(-0.555071 0.0269127 6.11915e-07)
(-0.467108 0.0324902 8.78165e-07)
(-0.364067 0.0298069 9.67288e-07)
(-0.264293 0.0229522 9.01669e-07)
(-0.17959 0.0151144 7.39139e-07)
(-0.114675 0.00790511 5.42286e-07)
(-0.0686919 0.00196609 3.72464e-07)
(-0.594745 0.00500232 1.64043e-07)
(-0.547659 0.0127953 4.69564e-07)
(-0.465622 0.0160635 6.69496e-07)
(-0.366975 0.0151769 7.3358e-07)
(-0.269424 0.0116711 6.84045e-07)
(-0.185411 0.00682236 5.70412e-07)
(-0.120385 0.00100853 4.51488e-07)
(-0.0731939 -0.0059275 3.71578e-07)
(-0.589094 0.00227327 1.18562e-07)
(-0.544009 0.00593719 3.39099e-07)
(-0.464726 0.00761612 4.79439e-07)
(-0.368459 0.00723241 5.2012e-07)
(-0.272648 0.00519813 4.79513e-07)
(-0.190253 0.00161503 3.95069e-07)
(-0.127425 -0.00466962 2.99824e-07)
(-0.0808672 -0.0180065 2.13672e-07)
(-1.74707 1.68207 1.02526e-07)
(-0.521729 0.884255 2.99846e-07)
(-0.201703 0.504259 4.5646e-07)
(-0.097991 0.29571 5.23766e-07)
(-0.0543095 0.172396 5.059e-07)
(-0.0315129 0.0980246 4.32813e-07)
(-0.0182157 0.0538055 3.37456e-07)
(-0.0102375 0.0283587 2.44852e-07)
(-1.07412 0.461653 5.55875e-07)
(-0.656085 0.480601 1.47159e-06)
(-0.386843 0.352781 2.01614e-06)
(-0.233872 0.232283 2.16238e-06)
(-0.143375 0.143695 1.98902e-06)
(-0.0870773 0.0844574 1.63129e-06)
(-0.0514502 0.0472802 1.22276e-06)
(-0.0292521 0.0252155 8.52585e-07)
(-0.804817 0.150339 8.24925e-07)
(-0.630602 0.23679 2.14707e-06)
(-0.450021 0.212407 2.94547e-06)
(-0.307077 0.157077 3.16159e-06)
(-0.202135 0.104326 2.9118e-06)
(-0.127927 0.0641355 2.39955e-06)
(-0.0774576 0.0369342 1.8189e-06)
(-0.0447064 0.0200119 1.29715e-06)
(-0.686992 0.0572869 9.51324e-07)
(-0.594016 0.114939 2.4679e-06)
(-0.466555 0.118676 3.35693e-06)
(-0.341953 0.0964438 3.58697e-06)
(-0.236317 0.0683169 3.30378e-06)
(-0.154469 0.0438473 2.74043e-06)
(-0.0955739 0.0258797 2.11381e-06)
(-0.0559678 0.0140678 1.54989e-06)
(-0.632591 0.0243342 8.86993e-07)
(-0.569212 0.055767 2.30102e-06)
(-0.468516 0.0632811 3.13664e-06)
(-0.357437 0.0552151 3.35715e-06)
(-0.254732 0.0411676 3.105e-06)
(-0.170364 0.0272386 2.60506e-06)
(-0.107237 0.0160462 2.06417e-06)
(-0.0635637 0.00813693 1.60012e-06)
(-0.60689 0.0109352 7.62879e-07)
(-0.555069 0.0269122 1.96555e-06)
(-0.467107 0.0324895 2.66259e-06)
(-0.364067 0.0298062 2.84255e-06)
(-0.264294 0.0229515 2.63858e-06)
(-0.179591 0.0151138 2.25564e-06)
(-0.114676 0.00790468 1.88007e-06)
(-0.0686923 0.0019658 1.56428e-06)
(-0.594744 0.00500212 5.79682e-07)
(-0.547658 0.0127948 1.48905e-06)
(-0.465622 0.0160627 2.00887e-06)
(-0.366975 0.0151761 2.13116e-06)
(-0.269424 0.0116703 1.95909e-06)
(-0.185411 0.00682163 1.64343e-06)
(-0.120385 0.0010079 1.29519e-06)
(-0.0731943 -0.00592806 9.16601e-07)
(-0.589093 0.0022731 4.1626e-07)
(-0.544009 0.00593672 1.05402e-06)
(-0.464726 0.00761544 1.39626e-06)
(-0.368459 0.00723166 1.43925e-06)
(-0.272648 0.0051974 1.25328e-06)
(-0.190253 0.00161437 9.38545e-07)
(-0.127425 -0.0046702 5.89159e-07)
(-0.0808675 -0.018007 2.60758e-07)
(-1.74707 1.68207 7.95752e-08)
(-0.521728 0.884258 1.96029e-07)
(-0.201702 0.504262 2.94016e-07)
(-0.097991 0.295713 3.37586e-07)
(-0.0543096 0.172399 3.2785e-07)
(-0.0315131 0.0980275 2.83679e-07)
(-0.018216 0.0538076 2.24824e-07)
(-0.0102377 0.0283602 1.66852e-07)
(-1.07412 0.461654 3.745e-07)
(-0.656083 0.480604 1.02042e-06)
(-0.386842 0.352784 1.4026e-06)
(-0.233872 0.232287 1.50525e-06)
(-0.143376 0.143698 1.38577e-06)
(-0.0870784 0.0844602 1.13792e-06)
(-0.0514513 0.0472823 8.55414e-07)
(-0.029253 0.025217 5.99022e-07)
(-0.804813 0.150339 6.15285e-07)
(-0.630599 0.236791 1.54129e-06)
(-0.45002 0.212409 2.08549e-06)
(-0.307077 0.157079 2.22075e-06)
(-0.202136 0.104328 2.03587e-06)
(-0.127929 0.0641371 1.67601e-06)
(-0.0774591 0.0369354 1.27482e-06)
(-0.0447077 0.0200129 9.17953e-07)
(-0.686987 0.057287 6.71533e-07)
(-0.594013 0.114939 1.73345e-06)
(-0.466554 0.118677 2.34314e-06)
(-0.341953 0.096444 2.49347e-06)
(-0.236318 0.0683171 2.29354e-06)
(-0.154471 0.0438475 1.90684e-06)
(-0.0955755 0.0258801 1.48244e-06)
(-0.0559692 0.0140682 1.10064e-06)
(-0.632587 0.0243339 6.46176e-07)
(-0.569209 0.0557663 1.62842e-06)
(-0.468515 0.0632801 2.19302e-06)
(-0.357437 0.055214 2.33132e-06)
(-0.254733 0.0411666 2.15114e-06)
(-0.170366 0.0272379 1.8114e-06)
(-0.107238 0.0160459 1.45449e-06)
(-0.0635648 0.00813706 1.1576e-06)
(-0.606886 0.0109348 5.39249e-07)
(-0.555067 0.026911 1.37256e-06)
(-0.467106 0.0324879 1.84459e-06)
(-0.364067 0.0298045 1.96201e-06)
(-0.264294 0.0229499 1.82445e-06)
(-0.179592 0.0151125 1.57789e-06)
(-0.114676 0.00790358 1.35167e-06)
(-0.0686934 0.00196473 1.16263e-06)
(-0.594741 0.00500163 4.17775e-07)
(-0.547656 0.0127935 1.04528e-06)
(-0.465621 0.0160609 1.39379e-06)
(-0.366975 0.0151741 1.4699e-06)
(-0.269425 0.0116683 1.34954e-06)
(-0.185412 0.00681973 1.13771e-06)
(-0.120386 0.00100595 9.01855e-07)
(-0.0731952 -0.00593011 6.23571e-07)
(-0.589091 0.00227267 2.94287e-07)
(-0.544007 0.0059356 7.32837e-07)
(-0.464726 0.0076139 9.60968e-07)
(-0.36846 0.00722993 9.8272e-07)
(-0.272649 0.00519567 8.48456e-07)
(-0.190254 0.00161266 6.2524e-07)
(-0.127426 -0.00467191 3.76394e-07)
(-0.0808681 -0.0180082 1.35832e-07)
(-0.00553167 0.0143154 -5.90014e-09)
(-0.0028598 0.00691636 -2.95055e-09)
(-0.00141232 0.0031994 -1.39487e-09)
(-0.000666373 0.00141861 -5.86543e-10)
(-0.000300741 0.000603843 -2.17195e-10)
(-0.000130043 0.000247174 -6.16307e-11)
(-5.39799e-05 9.74722e-05 -1.01146e-11)
(-2.15524e-05 3.70965e-05 3.68168e-12)
(-8.29343e-06 1.36494e-05 4.36393e-12)
(-3.0816e-06 4.86336e-06 2.8242e-12)
(-1.10766e-06 1.68067e-06 1.38669e-12)
(-3.85798e-07 5.64147e-07 6.09817e-13)
(-1.30415e-07 1.84189e-07 2.33646e-13)
(-4.28504e-08 5.85675e-08 8.35286e-14)
(-1.37037e-08 1.81594e-08 2.45329e-14)
(-4.2711e-09 5.49652e-09 7.00939e-15)
(-1.29891e-09 1.62585e-09 1.75235e-15)
(-3.85871e-10 4.70452e-10 0)
(-1.12095e-10 1.33292e-10 -1.16823e-15)
(-3.18764e-11 3.70096e-11 -1.16823e-15)
(-8.8774e-12 1.00772e-11 0)
(-2.42642e-12 2.69394e-12 0)
(-6.50705e-13 7.09117e-13 0)
(-1.70562e-13 1.82244e-13 0)
(-4.43928e-14 4.67293e-14 -5.84116e-16)
(-1.16823e-14 1.40188e-14 0)
(-1.16823e-15 2.33646e-15 -5.84116e-16)
(-3.5047e-15 4.67293e-15 0)
(0 2.33646e-15 0)
(-2.33646e-15 -1.16823e-15 5.84116e-16)
(2.33646e-15 0 0)
(0 0 0)
(-0.01591 0.0128109 6.39049e-09)
(-0.00825622 0.00620552 3.24546e-09)
(-0.00408544 0.00287041 1.75902e-09)
(-0.00192919 0.00127049 1.03769e-09)
(-0.000870695 0.000539302 6.33318e-10)
(-0.000376328 0.000220034 3.7165e-10)
(-0.000156098 8.64708e-05 2.04153e-10)
(-6.22705e-05 3.2797e-05 1.03568e-10)
(-2.39397e-05 1.20279e-05 4.87842e-11)
(-8.8871e-06 4.27246e-06 2.13465e-11)
(-3.19156e-06 1.47228e-06 8.74597e-12)
(-1.11069e-06 4.92913e-07 3.35399e-12)
(-3.75164e-07 1.60551e-07 1.2097e-12)
(-1.23179e-07 5.09416e-08 4.08881e-13)
(-3.93672e-08 1.57641e-08 1.31426e-13)
(-1.22624e-08 4.76308e-09 3.73834e-14)
(-3.72716e-09 1.40664e-09 9.92997e-15)
(-1.10669e-09 4.06428e-10 2.33646e-15)
(-3.21347e-10 1.14997e-10 0)
(-9.13371e-11 3.18904e-11 -1.75235e-15)
(-2.54371e-11 8.67062e-12 5.84116e-16)
(-6.94397e-12 2.3131e-12 0)
(-1.86099e-12 6.03976e-13 -5.84116e-16)
(-4.91826e-13 1.55375e-13 5.84116e-16)
(-1.25001e-13 3.62152e-14 0)
(-3.15423e-14 5.84116e-15 -1.16823e-15)
(-8.17763e-15 -2.33646e-15 5.84116e-16)
(2.33646e-15 -2.33646e-15 -1.16823e-15)
(-2.33646e-15 0 0)
(-3.5047e-15 1.16823e-15 1.75235e-15)
(1.16823e-15 -3.5047e-15 5.84116e-16)
(0 0 -1.16823e-15)
(-0.024541 0.0102182 1.77429e-09)
(-0.0128003 0.00493453 -1.63711e-09)
(-0.00634734 0.00226394 -1.46842e-09)
(-0.00299748 0.0009912 -6.19251e-10)
(-0.0013512 0.000415738 -7.65373e-11)
(-0.000582874 0.00016759 1.13507e-10)
(-0.000241217 6.51065e-05 1.2623e-10)
(-9.59953e-05 2.44309e-05 8.62833e-11)
(-3.6818e-05 8.8725e-06 4.7762e-11)
(-1.36372e-05 3.12391e-06 2.30539e-11)
(-4.8872e-06 1.06799e-06 1.00474e-11)
(-1.69753e-06 3.55029e-07 4.01755e-12)
(-5.72387e-07 1.14908e-07 1.48833e-12)
(-1.87637e-07 3.62535e-08 5.13438e-13)
(-5.98822e-08 1.11621e-08 1.64137e-13)
(-1.86286e-08 3.35732e-09 4.73134e-14)
(-5.65557e-09 9.87456e-10 1.28506e-14)
(-1.67752e-09 2.84264e-10 1.75235e-15)
(-4.86635e-10 8.01653e-11 -5.84116e-16)
(-1.38196e-10 2.21649e-11 -1.16823e-15)
(-3.8457e-11 6.01055e-12 1.75235e-15)
(-1.04931e-11 1.60048e-12 0)
(-2.8096e-12 4.18227e-13 1.16823e-15)
(-7.40659e-13 1.02804e-13 -1.16823e-15)
(-1.9159e-13 2.33646e-14 0)
(-4.78975e-14 1.16823e-15 0)
(-9.34586e-15 2.33646e-15 5.84116e-16)
(-2.33646e-15 -2.33646e-15 0)
(2.33646e-15 0 1.16823e-15)
(-5.84116e-15 0 1.16823e-15)
(0 0 2.92058e-15)
(3.5047e-15 -1.16823e-15 0)
(-0.0309869 0.00702234 8.32328e-09)
(-0.0162105 0.00325958 4.47664e-09)
(-0.00802876 0.00142609 3.67766e-09)
(-0.00377739 0.000594237 3.02416e-09)
(-0.0016943 0.000237549 2.15191e-09)
(-0.000726959 9.15552e-05 1.32895e-09)
(-0.000299257 3.41379e-05 7.31385e-10)
(-0.000118504 1.23445e-05 3.65672e-10)
(-4.52467e-05 4.33694e-06 1.68841e-10)
(-1.66916e-05 1.4825e-06 7.26722e-11)
(-5.96043e-06 4.93663e-07 2.94173e-11)
(-2.06377e-06 1.60306e-07 1.12454e-11)
(-6.9394e-07 5.0812e-08 4.08005e-12)
(-2.26925e-07 1.57352e-08 1.40597e-12)
(-7.22634e-08 4.76462e-09 4.6262e-13)
(-2.2437e-08 1.41184e-09 1.43693e-13)
(-6.80021e-09 4.09715e-10 4.14722e-14)
(-2.01398e-09 1.16532e-10 1.16823e-14)
(-5.83447e-10 3.25037e-11 1.75235e-15)
(-1.65493e-10 8.89959e-12 -5.84116e-16)
(-4.60015e-11 2.3902e-12 1.16823e-15)
(-1.25386e-11 6.32014e-13 5.84116e-16)
(-3.35516e-12 1.62384e-13 1.75235e-15)
(-8.84352e-13 4.20564e-14 1.75235e-15)
(-2.27805e-13 7.00939e-15 2.92058e-15)
(-5.60751e-14 2.33646e-15 1.75235e-15)
(-9.34586e-15 0 0)
(-3.5047e-15 0 5.84116e-16)
(0 -2.33646e-15 5.84116e-16)
(0 0 5.84116e-16)
(0 5.84116e-15 5.84116e-16)
(0 1.16823e-15 5.84116e-16)
(-0.0353491 0.00332165 -2.93582e-08)
(-0.0183965 0.00113418 -2.14378e-08)
(-0.00901268 0.000320378 -9.6855e-09)
(-0.00418602 6.57434e-05 -3.01524e-09)
(-0.00185388 1.84002e-06 -3.81182e-10)
(-0.000786285 -7.71167e-06 3.12501e-10)
(-0.000320428 -5.67324e-06 3.36631e-10)
(-0.000125796 -2.95251e-06 2.15933e-10)
(-4.768e-05 -1.31941e-06 1.13376e-10)
(-1.74805e-05 -5.37075e-07 5.25471e-11)
(-6.2094e-06 -2.04456e-07 2.22922e-11)
(-2.14038e-06 -7.384e-08 8.77868e-12)
(-7.16957e-07 -2.55228e-08 3.24827e-12)
(-2.33684e-07 -8.49329e-09 1.13085e-12)
(-7.42055e-08 -2.73258e-09 3.72666e-13)
(-2.29835e-08 -8.5273e-10 1.16823e-13)
(-6.95088e-09 -2.58754e-10 3.5047e-14)
(-2.05473e-09 -7.65075e-11 9.34586e-15)
(-5.94265e-10 -2.20843e-11 3.5047e-15)
(-1.68313e-10 -6.23018e-12 -5.84116e-16)
(-4.67246e-11 -1.71613e-12 1.75235e-15)
(-1.27209e-11 -4.64956e-13 2.92058e-15)
(-3.39956e-12 -1.26169e-13 2.92058e-15)
(-8.93698e-13 -3.27105e-14 1.16823e-15)
(-2.3131e-13 -7.00939e-15 3.5047e-15)
(-5.72434e-14 -5.84116e-15 2.33646e-15)
(-1.05141e-14 -4.67293e-15 0)
(-1.16823e-15 -1.16823e-15 5.84116e-16)
(0 0 1.16823e-15)
(1.16823e-15 0 5.84116e-16)
(0 0 -5.84116e-16)
(-1.16823e-15 0 1.16823e-15)
(-0.0379898 -0.00172593 -4.92408e-09)
(-0.0192118 -0.00189759 7.0274e-09)
(-0.0090972 -0.00121173 8.97313e-09)
(-0.00409593 -0.000632638 7.01499e-09)
(-0.00176776 -0.000295116 4.45618e-09)
(-0.000734472 -0.000127555 2.48636e-09)
(-0.000294498 -5.20202e-05 1.2597e-09)
(-0.000114151 -2.02258e-05 5.9085e-10)
(-4.28313e-05 -7.54601e-06 2.59417e-10)
(-1.55767e-05 -2.71347e-06 1.07532e-10)
(-5.4972e-06 -9.43483e-07 4.2297e-11)
(-1.88483e-06 -3.18003e-07 1.58617e-11)
(-6.28593e-07 -1.04113e-07 5.68403e-12)
(-2.04135e-07 -3.31664e-08 1.95095e-12)
(-6.46228e-08 -1.02959e-08 6.4428e-13)
(-1.99632e-08 -3.11874e-09 2.05025e-13)
(-6.02399e-09 -9.22919e-10 6.36687e-14)
(-1.77731e-09 -2.67113e-10 1.86917e-14)
(-5.13171e-10 -7.56828e-11 7.00939e-15)
(-1.45126e-10 -2.10107e-11 1.75235e-15)
(-4.02351e-11 -5.71382e-12 5.84116e-16)
(-1.09487e-11 -1.52337e-12 5.84116e-16)
(-2.92292e-12 -3.97199e-13 3.5047e-15)
(-7.67529e-13 -9.92997e-14 2.92058e-15)
(-2.00936e-13 -2.21964e-14 3.5047e-15)
(-5.14022e-14 -5.84116e-15 3.5047e-15)
(-7.00939e-15 -3.5047e-15 1.75235e-15)
(3.5047e-15 0 1.75235e-15)
(0 0 5.84116e-16)
(2.33646e-15 0 5.84116e-16)
(-2.33646e-15 -2.33646e-15 0)
(0 -1.16823e-15 5.84116e-16)
(-0.0392126 -0.0111669 7.22591e-08)
(-0.0178823 -0.00676847 4.97853e-08)
(-0.00774773 -0.00332272 2.96871e-08)
(-0.00326942 -0.00148452 1.61437e-08)
(-0.0013488 -0.000625306 8.18434e-09)
(-0.000543189 -0.000251818 3.90797e-09)
(-0.000213098 -9.75957e-05 1.76896e-09)
(-8.1322e-05 -3.65356e-05 7.62058e-10)
(-3.01676e-05 -1.32428e-05 3.13563e-10)
(-1.08779e-05 -4.65591e-06 1.23524e-10)
(-3.81393e-06 -1.59014e-06 4.67071e-11)
(-1.30101e-06 -5.28259e-07 1.69773e-11)
(-4.32121e-07 -1.70909e-07 5.94455e-12)
(-1.39868e-07 -5.39115e-08 2.00469e-12)
(-4.41579e-08 -1.6598e-08 6.53626e-13)
(-1.36105e-08 -4.99262e-09 2.05609e-13)
(-4.09925e-09 -1.46862e-09 6.36687e-14)
(-1.20749e-09 -4.22859e-10 1.86917e-14)
(-3.48162e-10 -1.19273e-10 5.84116e-15)
(-9.83453e-11 -3.29862e-11 1.16823e-15)
(-2.72385e-11 -8.95216e-12 -1.75235e-15)
(-7.40309e-12 -2.38787e-12 0)
(-1.97548e-12 -6.19163e-13 1.16823e-15)
(-5.21032e-13 -1.56543e-13 5.84116e-16)
(-1.35515e-13 -3.73834e-14 1.16823e-15)
(-3.62152e-14 -5.84116e-15 0)
(-5.84116e-15 2.33646e-15 1.75235e-15)
(1.16823e-15 1.16823e-15 0)
(0 0 0)
(0 0 0)
(-1.16823e-15 0 0)
(1.16823e-15 -2.33646e-15 1.16823e-15)
(-0.0388306 -0.0347957 4.19185e-08)
(-0.0113676 -0.0137841 2.26815e-08)
(-0.00381325 -0.00554577 1.22324e-08)
(-0.00139851 -0.00222312 6.32103e-09)
(-0.000535058 -0.000877849 3.10266e-09)
(-0.000206762 -0.000339269 1.44849e-09)
(-7.92158e-05 -0.000127898 6.44125e-10)
(-2.97978e-05 -4.6955e-05 2.73709e-10)
(-1.09516e-05 -1.67784e-05 1.11312e-10)
(-3.92396e-06 -5.83576e-06 4.34483e-11)
(-1.36954e-06 -1.97653e-06 1.62939e-11)
(-4.65603e-07 -6.52292e-07 5.88497e-12)
(-1.54245e-07 -2.09915e-07 2.04791e-12)
(-4.98236e-08 -6.59265e-08 6.88089e-13)
(-1.5704e-08 -2.02236e-08 2.22548e-13)
(-4.83379e-09 -6.06467e-09 7.00939e-14)
(-1.45423e-09 -1.77937e-09 2.10282e-14)
(-4.27962e-10 -5.11196e-10 6.42528e-15)
(-1.23299e-10 -1.43918e-10 2.92058e-15)
(-3.4804e-11 -3.97374e-11 5.84116e-16)
(-9.63324e-12 -1.07688e-11 1.16823e-15)
(-2.61684e-12 -2.86334e-12 0)
(-6.92762e-13 -7.51173e-13 0)
(-1.85749e-13 -1.93927e-13 0)
(-5.0234e-14 -4.67293e-14 -5.84116e-16)
(-1.28506e-14 -5.84116e-15 0)
(0 1.16823e-15 5.84116e-16)
(-2.33646e-15 0 0)
(2.33646e-15 0 1.16823e-15)
(0 0 0)
(0 0 0)
(0 3.5047e-15 0)
(-0.00553165 0.0143154 4.44088e-08)
(-0.00285979 0.00691636 2.74531e-08)
(-0.00141231 0.0031994 1.59208e-08)
(-0.000666371 0.00141861 8.70871e-09)
(-0.00030074 0.000603844 4.50239e-09)
(-0.000130042 0.000247175 2.20348e-09)
(-5.39797e-05 9.74726e-05 1.02197e-09)
(-2.15523e-05 3.70967e-05 4.4981e-10)
(-8.29343e-06 1.36495e-05 1.88231e-10)
(-3.08161e-06 4.86341e-06 7.49631e-11)
(-1.10766e-06 1.68069e-06 2.84698e-11)
(-3.858e-07 5.64155e-07 1.03085e-11)
(-1.30416e-07 1.84191e-07 3.56486e-12)
(-4.28508e-08 5.85685e-08 1.17407e-12)
(-1.37039e-08 1.81597e-08 3.68577e-13)
(-4.27115e-09 5.49662e-09 1.0923e-13)
(-1.29893e-09 1.62587e-09 3.0374e-14)
(-3.85874e-10 4.70458e-10 7.59351e-15)
(-1.12099e-10 1.33289e-10 0)
(-3.18764e-11 3.70049e-11 0)
(-8.8774e-12 1.0076e-11 -1.75235e-15)
(-2.42525e-12 2.69161e-12 -1.75235e-15)
(-6.50705e-13 7.0678e-13 -1.16823e-15)
(-1.70562e-13 1.82244e-13 -5.84116e-16)
(-4.32246e-14 4.67293e-14 -2.33646e-15)
(-1.40188e-14 1.16823e-14 -1.75235e-15)
(0 0 -1.75235e-15)
(2.33646e-15 2.33646e-15 0)
(-2.33646e-15 4.67293e-15 0)
(-1.16823e-15 4.67293e-15 1.16823e-15)
(-2.33646e-15 2.33646e-15 0)
(2.33646e-15 0 0)
(-0.01591 0.0128109 1.70432e-07)
(-0.00825623 0.00620552 1.03305e-07)
(-0.00408544 0.00287041 5.93048e-08)
(-0.00192919 0.00127049 3.22794e-08)
(-0.000870696 0.000539302 1.66458e-08)
(-0.000376329 0.000220034 8.13755e-09)
(-0.000156098 8.64711e-05 3.77381e-09)
(-6.22708e-05 3.27972e-05 1.66338e-09)
(-2.39399e-05 1.2028e-05 6.97997e-10)
(-8.88718e-06 4.2725e-06 2.79434e-10)
(-3.19159e-06 1.4723e-06 1.06908e-10)
(-1.1107e-06 4.9292e-07 3.91469e-11)
(-3.7517e-07 1.60553e-07 1.37349e-11)
(-1.23181e-07 5.09424e-08 4.61919e-12)
(-3.9368e-08 1.57644e-08 1.49008e-12)
(-1.22626e-08 4.76316e-09 4.60283e-13)
(-3.72723e-09 1.40667e-09 1.36683e-13)
(-1.10671e-09 4.06429e-10 3.73834e-14)
(-3.21356e-10 1.14997e-10 7.59351e-15)
(-9.13359e-11 3.18892e-11 1.75235e-15)
(-2.54336e-11 8.67529e-12 5.84116e-16)
(-6.94631e-12 2.31544e-12 0)
(-1.85866e-12 6.08649e-13 1.75235e-15)
(-4.89489e-13 1.55375e-13 1.16823e-15)
(-1.26169e-13 3.73834e-14 1.16823e-15)
(-3.27105e-14 5.84116e-15 -1.75235e-15)
(-8.17763e-15 2.33646e-15 1.16823e-15)
(0 -2.33646e-15 0)
(2.33646e-15 0 -1.16823e-15)
(0 0 0)
(-2.33646e-15 2.33646e-15 1.16823e-15)
(-1.16823e-15 -1.16823e-15 -5.84116e-16)
(-0.024541 0.0102182 2.49875e-07)
(-0.0128003 0.00493453 1.51214e-07)
(-0.00634734 0.00226394 8.72136e-08)
(-0.00299748 0.000991204 4.77691e-08)
(-0.0013512 0.000415741 2.48075e-08)
(-0.000582873 0.000167592 1.21872e-08)
(-0.000241217 6.51075e-05 5.67595e-09)
(-9.59954e-05 2.44314e-05 2.50743e-09)
(-3.68181e-05 8.87274e-06 1.05444e-09)
(-1.36373e-05 3.12401e-06 4.22536e-10)
(-4.88724e-06 1.06803e-06 1.61893e-10)
(-1.69755e-06 3.55045e-07 5.93374e-11)
(-5.72394e-07 1.14914e-07 2.08588e-11)
(-1.8764e-07 3.62555e-08 7.02984e-12)
(-5.98831e-08 1.11627e-08 2.2763e-12)
(-1.86289e-08 3.35752e-09 7.06196e-13)
(-5.65566e-09 9.8752e-10 2.10282e-13)
(-1.67754e-09 2.84282e-10 5.95798e-14)
(-4.86639e-10 8.01688e-11 1.5187e-14)
(-1.38195e-10 2.21684e-11 2.92058e-15)
(-3.84535e-11 6.01055e-12 1.16823e-15)
(-1.04919e-11 1.60048e-12 1.16823e-15)
(-2.81193e-12 4.17059e-13 5.84116e-16)
(-7.42996e-13 1.05141e-13 2.33646e-15)
(-1.9159e-13 2.57011e-14 1.75235e-15)
(-4.90658e-14 5.84116e-15 1.75235e-15)
(-8.17763e-15 -2.33646e-15 -1.16823e-15)
(0 0 0)
(2.33646e-15 0 -1.16823e-15)
(0 0 0)
(-2.33646e-15 -2.33646e-15 1.16823e-15)
(-2.33646e-15 1.16823e-15 0)
(-0.0309869 0.00702227 3.12038e-07)
(-0.0162105 0.00325954 1.97607e-07)
(-0.00802877 0.00142608 1.18301e-07)
(-0.00377739 0.000594233 6.65167e-08)
(-0.00169431 0.000237548 3.50542e-08)
(-0.000726962 9.15556e-05 1.73629e-08)
(-0.000299259 3.41383e-05 8.10834e-09)
(-0.000118506 1.23447e-05 3.58606e-09)
(-4.52473e-05 4.33707e-06 1.50693e-09)
(-1.66919e-05 1.48256e-06 6.03917e-10)
(-5.96056e-06 4.93688e-07 2.3137e-10)
(-2.06382e-06 1.60315e-07 8.49667e-11)
(-6.93959e-07 5.08156e-08 2.99529e-11)
(-2.26932e-07 1.57364e-08 1.01508e-11)
(-7.22659e-08 4.76504e-09 3.31135e-12)
(-2.24379e-08 1.41198e-09 1.04031e-12)
(-6.80048e-09 4.0976e-10 3.14839e-13)
(-2.01406e-09 1.16545e-10 9.0538e-14)
(-5.83469e-10 3.25107e-11 2.39488e-14)
(-1.65495e-10 8.89959e-12 4.67293e-15)
(-4.59991e-11 2.39254e-12 1.75235e-15)
(-1.25398e-11 6.33182e-13 0)
(-3.35516e-12 1.64721e-13 0)
(-8.79679e-13 4.43928e-14 1.75235e-15)
(-2.27805e-13 1.28506e-14 1.75235e-15)
(-5.95798e-14 3.5047e-15 5.84116e-16)
(-1.40188e-14 2.33646e-15 -1.75235e-15)
(0 0 -5.84116e-16)
(0 -2.33646e-15 0)
(-1.16823e-15 -4.67293e-15 5.84116e-16)
(0 -2.33646e-15 -1.16823e-15)
(0 4.67293e-15 0)
(-0.0353491 0.00332163 2.75495e-07)
(-0.0183965 0.00113418 1.7597e-07)
(-0.00901265 0.000320389 1.08979e-07)
(-0.00418601 6.57514e-05 6.30938e-08)
(-0.00185387 1.84462e-06 3.39258e-08)
(-0.000786283 -7.70936e-06 1.70062e-08)
(-0.000320428 -5.67218e-06 7.99817e-09)
(-0.000125797 -2.95206e-06 3.55054e-09)
(-4.76803e-05 -1.31923e-06 1.49526e-09)
(-1.74807e-05 -5.37005e-07 5.99905e-10)
(-6.20948e-06 -2.0443e-07 2.30047e-10)
(-2.14042e-06 -7.38307e-08 8.45455e-11)
(-7.16973e-07 -2.55196e-08 2.9839e-11)
(-2.3369e-07 -8.4922e-09 1.0128e-11)
(-7.42075e-08 -2.73222e-09 3.31252e-12)
(-2.29841e-08 -8.5261e-10 1.04323e-12)
(-6.9511e-09 -2.58716e-10 3.15423e-13)
(-2.05479e-09 -7.64923e-11 8.99539e-14)
(-5.94282e-10 -2.20726e-11 2.27805e-14)
(-1.68314e-10 -6.22785e-12 7.00939e-15)
(-4.67199e-11 -1.7173e-12 1.75235e-15)
(-1.27197e-11 -4.6262e-13 5.84116e-16)
(-3.40189e-12 -1.20328e-13 1.75235e-15)
(-8.93698e-13 -3.15423e-14 1.16823e-15)
(-2.30142e-13 -5.84116e-15 1.16823e-15)
(-6.07481e-14 0 1.16823e-15)
(-1.40188e-14 1.16823e-15 -1.16823e-15)
(0 2.33646e-15 0)
(-1.16823e-15 -2.33646e-15 -5.84116e-16)
(0 0 0)
(1.16823e-15 0 -5.84116e-16)
(-1.16823e-15 -2.33646e-15 0)
(-0.0379898 -0.00172573 2.96476e-07)
(-0.0192117 -0.00189745 2.07822e-07)
(-0.0090972 -0.00121165 1.29324e-07)
(-0.00409594 -0.0006326 7.31099e-08)
(-0.00176777 -0.000295099 3.818e-08)
(-0.000734479 -0.000127548 1.86292e-08)
(-0.000294502 -5.20173e-05 8.56362e-09)
(-0.000114153 -2.02247e-05 3.7308e-09)
(-4.28322e-05 -7.54561e-06 1.54769e-09)
(-1.55771e-05 -2.71333e-06 6.13551e-10)
(-5.49738e-06 -9.43434e-07 2.33132e-10)
(-1.88491e-06 -3.17987e-07 8.50987e-11)
(-6.28621e-07 -1.04107e-07 2.98986e-11)
(-2.04145e-07 -3.31646e-08 1.01257e-11)
(-6.46263e-08 -1.02954e-08 3.30843e-12)
(-1.99644e-08 -3.11857e-09 1.04382e-12)
(-6.02436e-09 -9.22861e-10 3.17759e-13)
(-1.77742e-09 -2.67092e-10 9.22903e-14)
(-5.13204e-10 -7.56757e-11 2.80376e-14)
(-1.45139e-10 -2.1006e-11 7.59351e-15)
(-4.02363e-11 -5.7185e-12 0)
(-1.09428e-11 -1.52571e-12 5.84116e-16)
(-2.92058e-12 -3.98367e-13 1.16823e-15)
(-7.67529e-13 -9.92997e-14 5.84116e-16)
(-1.97431e-13 -2.45329e-14 2.33646e-15)
(-5.14022e-14 -5.84116e-15 2.33646e-15)
(-1.40188e-14 0 1.16823e-15)
(-3.5047e-15 -2.33646e-15 0)
(0 0 0)
(0 0 0)
(0 0 0)
(0 -2.33646e-15 0)
(-0.0392127 -0.0111668 2.65496e-07)
(-0.0178824 -0.00676844 1.77084e-07)
(-0.00774779 -0.00332272 1.06469e-07)
(-0.00326946 -0.00148452 5.85263e-08)
(-0.00134882 -0.000625309 2.98631e-08)
(-0.000543202 -0.00025182 1.43059e-08)
(-0.000213104 -9.75969e-05 6.47973e-09)
(-8.13249e-05 -3.65362e-05 2.7908e-09)
(-3.01689e-05 -1.32431e-05 1.14721e-09)
(-1.08785e-05 -4.65604e-06 4.51681e-10)
(-3.81414e-06 -1.59019e-06 1.70721e-10)
(-1.30109e-06 -5.28279e-07 6.20968e-11)
(-4.3215e-07 -1.70916e-07 2.17677e-11)
(-1.39878e-07 -5.3914e-08 7.36629e-12)
(-4.41615e-08 -1.65989e-08 2.40714e-12)
(-1.36116e-08 -4.99289e-09 7.61103e-13)
(-4.09962e-09 -1.4687e-09 2.3131e-13)
(-1.20761e-09 -4.22883e-10 6.83416e-14)
(-3.48201e-10 -1.19282e-10 1.92758e-14)
(-9.83581e-11 -3.29874e-11 2.92058e-15)
(-2.72362e-11 -8.95216e-12 1.16823e-15)
(-7.39958e-12 -2.3867e-12 1.16823e-15)
(-1.97548e-12 -6.26172e-13 0)
(-5.21032e-13 -1.60048e-13 0)
(-1.37851e-13 -4.43928e-14 1.16823e-15)
(-3.15423e-14 -1.28506e-14 1.16823e-15)
(-8.17763e-15 -3.5047e-15 0)
(-3.5047e-15 -1.16823e-15 -5.84116e-16)
(0 0 -5.84116e-16)
(1.16823e-15 0 0)
(0 0 0)
(0 0 5.84116e-16)
(-0.0388307 -0.0347959 9.62135e-08)
(-0.0113677 -0.0137842 4.94429e-08)
(-0.00381328 -0.00554586 2.68919e-08)
(-0.00139853 -0.00222317 1.4418e-08)
(-0.000535068 -0.000877871 7.3719e-09)
(-0.000206767 -0.00033928 3.56189e-09)
(-7.92181e-05 -0.000127903 1.62781e-09)
(-2.97988e-05 -4.6957e-05 7.05874e-10)
(-1.0952e-05 -1.67793e-05 2.91566e-10)
(-3.92415e-06 -5.8361e-06 1.1508e-10)
(-1.36962e-06 -1.97665e-06 4.35318e-11)
(-4.65632e-07 -6.52338e-07 1.58155e-11)
(-1.54256e-07 -2.09931e-07 5.52866e-12)
(-4.98272e-08 -6.59319e-08 1.86041e-12)
(-1.57052e-08 -2.02254e-08 6.05144e-13)
(-4.8342e-09 -6.06522e-09 1.90422e-13)
(-1.45436e-09 -1.77954e-09 5.5491e-14)
(-4.27998e-10 -5.11248e-10 1.86917e-14)
(-1.23308e-10 -1.43936e-10 5.84116e-15)
(-3.48086e-11 -3.97409e-11 2.33646e-15)
(-9.63558e-12 -1.07688e-11 0)
(-2.61801e-12 -2.86567e-12 0)
(-6.95098e-13 -7.52342e-13 5.84116e-16)
(-1.83412e-13 -1.96263e-13 -5.84116e-16)
(-5.0234e-14 -4.78975e-14 0)
(-1.28506e-14 -8.17763e-15 0)
(0 -2.33646e-15 0)
(0 1.16823e-15 1.16823e-15)
(0 0 0)
(0 0 0)
(0 0 0)
(0 0 1.16823e-15)
(-0.00553175 0.0143159 1.67167e-07)
(-0.00285986 0.00691662 1.07274e-07)
(-0.00141235 0.00319955 6.45111e-08)
(-0.000666396 0.00141869 3.63146e-08)
(-0.000300754 0.000603885 1.9178e-08)
(-0.00013005 0.000247195 9.52398e-09)
(-5.39834e-05 9.74818e-05 4.46726e-09)
(-2.1554e-05 3.71008e-05 1.98501e-09)
(-8.29418e-06 1.36511e-05 8.39173e-10)
(-3.08192e-06 4.86407e-06 3.38318e-10)
(-1.10779e-06 1.68094e-06 1.3055e-10)
(-3.85848e-07 5.64246e-07 4.82877e-11)
(-1.30434e-07 1.84223e-07 1.71724e-11)
(-4.28568e-08 5.85791e-08 5.87504e-12)
(-1.37059e-08 1.81631e-08 1.9381e-12)
(-4.27178e-09 5.49766e-09 6.1449e-13)
(-1.29912e-09 1.62619e-09 1.89838e-13)
(-3.85931e-10 4.70542e-10 5.5491e-14)
(-1.12111e-10 1.33309e-10 1.5187e-14)
(-3.18787e-11 3.70119e-11 4.67293e-15)
(-8.8809e-12 1.00748e-11 1.75235e-15)
(-2.42291e-12 2.69278e-12 1.16823e-15)
(-6.50705e-13 7.07949e-13 -5.84116e-16)
(-1.7173e-13 1.82244e-13 0)
(-4.78975e-14 4.43928e-14 -5.84116e-16)
(-1.05141e-14 8.17763e-15 -1.16823e-15)
(0 -1.16823e-15 1.16823e-15)
(0 0 -1.16823e-15)
(0 0 0)
(0 0 -1.16823e-15)
(0 0 0)
(0 -1.16823e-15 -5.84116e-16)
(-0.0159103 0.0128113 5.58826e-07)
(-0.00825644 0.00620577 3.45056e-07)
(-0.00408558 0.00287055 2.00396e-07)
(-0.00192927 0.00127057 1.09401e-07)
(-0.000870743 0.000539342 5.62214e-08)
(-0.000376354 0.000220054 2.72642e-08)
(-0.000156111 8.64801e-05 1.25181e-08)
(-6.22766e-05 3.28011e-05 5.45886e-09)
(-2.39425e-05 1.20296e-05 2.26837e-09)
(-8.88828e-06 4.27315e-06 9.00629e-10)
(-3.19204e-06 1.47255e-06 3.42581e-10)
(-1.11087e-06 4.93011e-07 1.2509e-10)
(-3.75233e-07 1.60585e-07 4.3936e-11)
(-1.23203e-07 5.09533e-08 1.48599e-11)
(-3.93755e-08 1.57679e-08 4.84524e-12)
(-1.22651e-08 4.76428e-09 1.52454e-12)
(-3.72801e-09 1.407e-09 4.62036e-13)
(-1.10695e-09 4.06531e-10 1.33763e-13)
(-3.21418e-10 1.15025e-10 3.85517e-14)
(-9.13546e-11 3.18951e-11 1.10982e-14)
(-2.54371e-11 8.67763e-12 2.92058e-15)
(-6.94397e-12 2.31894e-12 1.75235e-15)
(-1.86099e-12 6.10985e-13 0)
(-4.91826e-13 1.56543e-13 0)
(-1.28506e-13 4.20564e-14 0)
(-3.38787e-14 1.28506e-14 0)
(-5.84116e-15 2.33646e-15 -1.16823e-15)
(-2.33646e-15 0 0)
(0 0 -1.16823e-15)
(2.33646e-15 0 0)
(-2.33646e-15 0 0)
(0 0 0)
(-0.0245415 0.0102185 8.7935e-07)
(-0.0128006 0.00493472 5.58508e-07)
(-0.00634755 0.00226406 3.3014e-07)
(-0.0029976 0.000991269 1.81833e-07)
(-0.00135127 0.000415774 9.36794e-08)
(-0.000582912 0.000167609 4.5397e-08)
(-0.000241236 6.51151e-05 2.07862e-08)
(-9.60045e-05 2.44347e-05 9.03738e-09)
(-3.68222e-05 8.87412e-06 3.74355e-09)
(-1.3639e-05 3.12455e-06 1.48305e-09)
(-4.88793e-06 1.06824e-06 5.6318e-10)
(-1.69781e-06 3.55121e-07 2.05594e-10)
(-5.72491e-07 1.14941e-07 7.22546e-11)
(-1.87674e-07 3.62646e-08 2.44978e-11)
(-5.98948e-08 1.11657e-08 8.01875e-12)
(-1.86327e-08 3.35847e-09 2.53798e-12)
(-5.65686e-09 9.87813e-10 7.76874e-13)
(-1.67791e-09 2.84373e-10 2.27805e-13)
(-4.86746e-10 8.0198e-11 6.48369e-14)
(-1.38225e-10 2.21742e-11 1.75235e-14)
(-3.84605e-11 6.01406e-12 4.67293e-15)
(-1.04931e-11 1.59814e-12 2.92058e-15)
(-2.80726e-12 4.15891e-13 1.16823e-15)
(-7.40659e-13 1.07477e-13 5.84116e-16)
(-1.9159e-13 2.68693e-14 0)
(-4.78975e-14 5.84116e-15 1.75235e-15)
(-1.5187e-14 -2.33646e-15 1.75235e-15)
(-2.33646e-15 -1.16823e-15 1.16823e-15)
(0 -1.16823e-15 -1.75235e-15)
(0 0 0)
(0 -1.16823e-15 -1.16823e-15)
(0 0 1.75235e-15)
(-0.0309874 0.00702239 1.07592e-06)
(-0.0162109 0.00325962 6.9895e-07)
(-0.00802903 0.00142614 4.19576e-07)
(-0.00377755 0.000594268 2.32868e-07)
(-0.0016944 0.000237567 1.203e-07)
(-0.000727013 9.15648e-05 5.82636e-08)
(-0.000299285 3.41425e-05 2.66316e-08)
(-0.000118518 1.23466e-05 1.15502e-08)
(-4.52527e-05 4.33782e-06 4.7747e-09)
(-1.66942e-05 1.48286e-06 1.88811e-09)
(-5.96147e-06 4.938e-07 7.16406e-10)
(-2.06417e-06 1.60356e-07 2.61466e-10)
(-6.94089e-07 5.083e-08 9.19831e-11)
(-2.26978e-07 1.57414e-08 3.12438e-11)
(-7.22816e-08 4.76669e-09 1.02612e-11)
(-2.2443e-08 1.41252e-09 3.26346e-12)
(-6.80211e-09 4.09928e-10 1.00526e-12)
(-2.01456e-09 1.16593e-10 2.98483e-13)
(-5.83618e-10 3.25212e-11 8.70333e-14)
(-1.65537e-10 8.90427e-12 2.5117e-14)
(-4.60108e-11 2.39137e-12 8.76174e-15)
(-1.25433e-11 6.29677e-13 4.08881e-15)
(-3.35283e-12 1.60048e-13 2.92058e-15)
(-8.80847e-13 4.20564e-14 1.75235e-15)
(-2.28974e-13 9.34586e-15 0)
(-5.95798e-14 0 0)
(-1.5187e-14 -1.16823e-15 5.84116e-16)
(0 0 5.84116e-16)
(0 0 0)
(0 0 -5.84116e-16)
(-2.33646e-15 1.16823e-15 0)
(3.5047e-15 0 -1.16823e-15)
(-0.0353496 0.00332162 1.21925e-06)
(-0.0183969 0.0011342 8.13425e-07)
(-0.00901291 0.0003204 4.83895e-07)
(-0.00418617 6.57566e-05 2.62902e-07)
(-0.00185397 1.84627e-06 1.32606e-07)
(-0.000786337 -7.70914e-06 6.27972e-08)
(-0.000320455 -5.67233e-06 2.81346e-08)
(-0.000125809 -2.95222e-06 1.19933e-08)
(-4.76859e-05 -1.31933e-06 4.88472e-09)
(-1.7483e-05 -5.37055e-07 1.90738e-09)
(-6.21043e-06 -2.04453e-07 7.15901e-10)
(-2.14078e-06 -7.38397e-08 2.58887e-10)
(-7.17106e-07 -2.55229e-08 9.03546e-11)
(-2.33737e-07 -8.49335e-09 3.04874e-11)
(-7.42237e-08 -2.73259e-09 9.95684e-12)
(-2.29895e-08 -8.52721e-10 3.15072e-12)
(-6.95279e-09 -2.58748e-10 9.66128e-13)
(-2.05531e-09 -7.65052e-11 2.85049e-13)
(-5.94433e-10 -2.20761e-11 8.0608e-14)
(-1.68356e-10 -6.22434e-12 2.27805e-14)
(-4.67328e-11 -1.7173e-12 5.84116e-15)
(-1.27244e-11 -4.63788e-13 2.33646e-15)
(-3.39722e-12 -1.22664e-13 5.84116e-16)
(-8.93698e-13 -3.27105e-14 2.92058e-15)
(-2.33646e-13 -7.00939e-15 5.84116e-16)
(-6.19163e-14 -5.84116e-15 0)
(-1.16823e-14 0 1.16823e-15)
(-1.16823e-15 0 5.84116e-16)
(0 1.16823e-15 1.75235e-15)
(1.16823e-15 -1.16823e-15 0)
(0 0 0)
(0 1.16823e-15 0)
(-0.0379902 -0.00172595 1.13726e-06)
(-0.0192121 -0.00189759 7.83988e-07)
(-0.00909747 -0.00121173 4.73947e-07)
(-0.00409611 -0.000632648 2.57239e-07)
(-0.00176787 -0.000295124 1.28687e-07)
(-0.000734532 -0.000127561 6.03473e-08)
(-0.000294528 -5.20232e-05 2.68002e-08)
(-0.000114165 -2.02273e-05 1.13447e-08)
(-4.28375e-05 -7.5467e-06 4.59767e-09)
(-1.55793e-05 -2.71377e-06 1.78969e-09)
(-5.49825e-06 -9.43602e-07 6.70824e-10)
(-1.88524e-06 -3.18048e-07 2.42624e-10)
(-6.28743e-07 -1.04129e-07 8.48195e-11)
(-2.04188e-07 -3.31719e-08 2.87058e-11)
(-6.4641e-08 -1.02977e-08 9.41537e-12)
(-1.99692e-08 -3.11931e-09 2.99652e-12)
(-6.02589e-09 -9.23086e-10 9.24072e-13)
(-1.77789e-09 -2.67157e-10 2.75703e-13)
(-5.13341e-10 -7.56909e-11 7.94398e-14)
(-1.4518e-10 -2.10165e-11 2.27805e-14)
(-4.02503e-11 -5.71966e-12 7.00939e-15)
(-1.0944e-11 -1.52571e-12 1.16823e-15)
(-2.92292e-12 -3.97199e-13 0)
(-7.65192e-13 -1.05141e-13 -5.84116e-16)
(-2.00936e-13 -2.68693e-14 -1.16823e-15)
(-5.60751e-14 -5.84116e-15 0)
(-9.34586e-15 0 -1.16823e-15)
(2.33646e-15 -2.33646e-15 -1.16823e-15)
(0 0 0)
(0 1.16823e-15 -1.16823e-15)
(0 0 0)
(0 0 0)
(-0.039213 -0.0111673 6.39497e-07)
(-0.0178826 -0.00676878 3.87746e-07)
(-0.00774796 -0.00332293 2.18804e-07)
(-0.00326957 -0.00148464 1.15666e-07)
(-0.00134889 -0.000625368 5.74036e-08)
(-0.000543235 -0.000251848 2.68649e-08)
(-0.000213121 -9.76095e-05 1.19192e-08)
(-8.13326e-05 -3.65416e-05 5.03673e-09)
(-3.01723e-05 -1.32454e-05 2.03533e-09)
(-1.08799e-05 -4.65691e-06 7.89001e-10)
(-3.81471e-06 -1.59052e-06 2.94197e-10)
(-1.30131e-06 -5.28398e-07 1.05737e-10)
(-4.3223e-07 -1.70958e-07 3.66959e-11)
(-1.39906e-07 -5.3928e-08 1.23161e-11)
(-4.41711e-08 -1.66034e-08 4.0012e-12)
(-1.36148e-08 -4.99433e-09 1.25935e-12)
(-4.10063e-09 -1.46914e-09 3.82596e-13)
(-1.20792e-09 -4.23009e-10 1.12734e-13)
(-3.48291e-10 -1.19319e-10 3.0374e-14)
(-9.83838e-11 -3.29979e-11 8.76174e-15)
(-2.72443e-11 -8.95333e-12 4.08881e-15)
(-7.40309e-12 -2.38203e-12 0)
(-1.97665e-12 -6.22668e-13 -1.16823e-15)
(-5.18695e-13 -1.5888e-13 -1.75235e-15)
(-1.37851e-13 -4.20564e-14 -1.16823e-15)
(-3.62152e-14 -7.00939e-15 -1.16823e-15)
(-5.84116e-15 0 0)
(0 2.33646e-15 0)
(1.16823e-15 0 5.84116e-16)
(0 0 0)
(0 0 0)
(0 0 0)
(-0.0388309 -0.0347964 1.12361e-07)
(-0.0113677 -0.0137846 5.1487e-08)
(-0.00381332 -0.00554604 2.65441e-08)
(-0.00139855 -0.00222327 1.43531e-08)
(-0.00053508 -0.000877923 7.54699e-09)
(-0.000206773 -0.000339305 3.74099e-09)
(-7.92215e-05 -0.000127914 1.73979e-09)
(-2.98004e-05 -4.6962e-05 7.61853e-10)
(-1.09528e-05 -1.67813e-05 3.15875e-10)
(-3.92445e-06 -5.8369e-06 1.246e-10)
(-1.36974e-06 -1.97696e-06 4.69542e-11)
(-4.65679e-07 -6.52448e-07 1.69546e-11)
(-1.54273e-07 -2.09969e-07 5.87796e-12)
(-4.98334e-08 -6.5945e-08 1.96146e-12)
(-1.57073e-08 -2.02297e-08 6.29677e-13)
(-4.83489e-09 -6.06658e-09 1.93342e-13)
(-1.45457e-09 -1.77995e-09 5.78275e-14)
(-4.28066e-10 -5.11368e-10 1.57711e-14)
(-1.23329e-10 -1.43968e-10 4.08881e-15)
(-3.4818e-11 -3.97468e-11 5.84116e-16)
(-9.63441e-12 -1.07688e-11 0)
(-2.61334e-12 -2.86801e-12 1.75235e-15)
(-6.98603e-13 -7.52342e-13 -5.84116e-16)
(-1.85749e-13 -1.9159e-13 0)
(-4.78975e-14 -4.67293e-14 5.84116e-16)
(-1.28506e-14 -8.17763e-15 0)
(0 1.16823e-15 -1.16823e-15)
(0 1.16823e-15 1.16823e-15)
(0 0 0)
(1.16823e-15 0 0)
(-1.16823e-15 0 0)
(0 0 0)
(-0.00553193 0.0143169 1.16858e-07)
(-0.00286 0.00691727 7.68708e-08)
(-0.00141245 0.00319993 4.71954e-08)
(-0.000666462 0.0014189 2.70194e-08)
(-0.000300794 0.000603995 1.44584e-08)
(-0.000130072 0.000247248 7.25887e-09)
(-5.39948e-05 9.75065e-05 3.43517e-09)
(-2.15596e-05 3.71116e-05 1.53888e-09)
(-8.29673e-06 1.36557e-05 6.55309e-10)
(-3.08303e-06 4.86589e-06 2.6618e-10)
(-1.10824e-06 1.68164e-06 1.03469e-10)
(-3.86027e-07 5.64502e-07 3.85885e-11)
(-1.30501e-07 1.84314e-07 1.38412e-11)
(-4.28813e-08 5.86099e-08 4.78449e-12)
(-1.37144e-08 1.81732e-08 1.59639e-12)
(-4.27465e-09 5.50089e-09 5.13438e-13)
(-1.30004e-09 1.62718e-09 1.59464e-13)
(-3.86223e-10 4.70835e-10 4.90658e-14)
(-1.12201e-10 1.33395e-10 1.46029e-14)
(-3.19021e-11 3.70353e-11 4.08881e-15)
(-8.88557e-12 1.00865e-11 1.75235e-15)
(-2.43109e-12 2.69511e-12 1.75235e-15)
(-6.50705e-13 7.04444e-13 0)
(-1.7173e-13 1.82244e-13 5.84116e-16)
(-4.43928e-14 4.08881e-14 5.84116e-16)
(-1.16823e-14 8.17763e-15 1.16823e-15)
(-1.16823e-15 1.16823e-15 5.84116e-16)
(0 -1.16823e-15 0)
(0 -1.16823e-15 0)
(0 -1.16823e-15 0)
(0 -1.16823e-15 0)
(0 -1.16823e-15 5.84116e-16)
(-0.015911 0.0128123 3.94784e-07)
(-0.00825695 0.00620642 2.44997e-07)
(-0.00408591 0.00287094 1.4285e-07)
(-0.00192948 0.00127078 7.81589e-08)
(-0.00087086 0.000539451 4.02089e-08)
(-0.000376416 0.000220106 1.94983e-08)
(-0.000156142 8.65037e-05 8.94843e-09)
(-6.22913e-05 3.28113e-05 3.89905e-09)
(-2.3949e-05 1.20338e-05 1.61916e-09)
(-8.89103e-06 4.27479e-06 6.42541e-10)
(-3.19314e-06 1.47316e-06 2.44419e-10)
(-1.1113e-06 4.93235e-07 8.92973e-11)
(-3.7539e-07 1.60663e-07 3.14079e-11)
(-1.23259e-07 5.09797e-08 1.06502e-11)
(-3.93946e-08 1.57765e-08 3.48542e-12)
(-1.22714e-08 4.76701e-09 1.10164e-12)
(-3.73001e-09 1.40784e-09 3.35867e-13)
(-1.10756e-09 4.06774e-10 9.87156e-14)
(-3.21597e-10 1.15094e-10 2.97899e-14)
(-9.14072e-11 3.19138e-11 8.17763e-15)
(-2.54546e-11 8.6823e-12 2.92058e-15)
(-6.94981e-12 2.31777e-12 1.16823e-15)
(-1.86216e-12 6.10985e-13 -1.16823e-15)
(-4.94162e-13 1.55375e-13 0)
(-1.26169e-13 3.97199e-14 -2.33646e-15)
(-3.27105e-14 9.34586e-15 1.16823e-15)
(-5.84116e-15 2.33646e-15 0)
(-1.16823e-15 1.16823e-15 -1.16823e-15)
(0 0 0)
(0 0 -1.16823e-15)
(0 0 -1.16823e-15)
(0 0 0)
(-0.0245425 0.0102192 6.3125e-07)
(-0.0128014 0.00493524 4.05657e-07)
(-0.0063481 0.00226438 2.41458e-07)
(-0.00299795 0.000991451 1.33445e-07)
(-0.00135147 0.000415869 6.87954e-08)
(-0.000583019 0.000167654 3.33233e-08)
(-0.00024129 6.51357e-05 1.52365e-08)
(-9.60295e-05 2.44436e-05 6.61623e-09)
(-3.68332e-05 8.87776e-06 2.73688e-09)
(-1.36436e-05 3.12598e-06 1.08357e-09)
(-4.88979e-06 1.06878e-06 4.11334e-10)
(-1.69853e-06 3.55317e-07 1.50272e-10)
(-5.72756e-07 1.1501e-07 5.28841e-11)
(-1.87768e-07 3.62882e-08 1.79814e-11)
(-5.99271e-08 1.11736e-08 5.90658e-12)
(-1.86433e-08 3.361e-09 1.87969e-12)
(-5.66028e-09 9.88606e-10 5.78275e-13)
(-1.67897e-09 2.84613e-10 1.71146e-13)
(-4.87059e-10 8.02692e-11 4.90658e-14)
(-1.38315e-10 2.21976e-11 1.40188e-14)
(-3.84839e-11 6.02341e-12 4.67293e-15)
(-1.05001e-11 1.60632e-12 1.75235e-15)
(-2.81427e-12 4.229e-13 0)
(-7.42996e-13 1.1215e-13 0)
(-1.90422e-13 3.0374e-14 0)
(-4.67293e-14 9.34586e-15 -5.84116e-16)
(-1.16823e-14 2.33646e-15 1.16823e-15)
(-3.5047e-15 3.5047e-15 1.16823e-15)
(-1.16823e-15 1.16823e-15 5.84116e-16)
(0 0 0)
(1.16823e-15 0 0)
(-1.16823e-15 1.16823e-15 1.16823e-15)
(-0.0309886 0.00702295 7.72201e-07)
(-0.0162118 0.00326005 5.0582e-07)
(-0.0080297 0.00142638 3.04953e-07)
(-0.00377799 0.000594395 1.69375e-07)
(-0.00169466 0.000237626 8.73977e-08)
(-0.000727149 9.15904e-05 4.22296e-08)
(-0.000299352 3.4153e-05 1.92546e-08)
(-0.000118549 1.23506e-05 8.32983e-09)
(-4.52666e-05 4.33935e-06 3.43661e-09)
(-1.67e-05 1.48341e-06 1.35686e-09)
(-5.96381e-06 4.93993e-07 5.14454e-10)
(-2.06507e-06 1.60422e-07 1.87744e-10)
(-6.9442e-07 5.08518e-08 6.61097e-11)
(-2.27096e-07 1.57484e-08 2.24978e-11)
(-7.23219e-08 4.76891e-09 7.41185e-12)
(-2.24564e-08 1.41321e-09 2.36684e-12)
(-6.80641e-09 4.10136e-10 7.31897e-13)
(-2.0159e-09 1.16656e-10 2.17291e-13)
(-5.84014e-10 3.25399e-11 6.5421e-14)
(-1.65652e-10 8.91011e-12 1.98599e-14)
(-4.60447e-11 2.39254e-12 7.59351e-15)
(-1.2548e-11 6.33182e-13 3.5047e-15)
(-3.3575e-12 1.65889e-13 2.92058e-15)
(-8.8552e-13 4.43928e-14 2.92058e-15)
(-2.32478e-13 9.34586e-15 1.16823e-15)
(-5.84116e-14 2.33646e-15 1.16823e-15)
(-1.05141e-14 1.16823e-15 2.33646e-15)
(-1.16823e-15 0 2.92058e-15)
(-4.67293e-15 3.5047e-15 1.75235e-15)
(-1.16823e-15 0 0)
(0 0 1.16823e-15)
(0 0 1.16823e-15)
(-0.0353507 0.00332175 9.14398e-07)
(-0.018398 0.00113435 6.16017e-07)
(-0.00901375 0.000320498 3.65231e-07)
(-0.00418671 6.58002e-05 1.96793e-07)
(-0.00185427 1.8614e-06 9.82991e-08)
(-0.000786492 -7.70519e-06 4.61034e-08)
(-0.000320529 -5.67185e-06 2.04731e-08)
(-0.000125843 -2.95247e-06 8.65871e-09)
(-4.77005e-05 -1.31959e-06 3.50284e-09)
(-1.7489e-05 -5.37202e-07 1.36002e-09)
(-6.21278e-06 -2.04521e-07 5.08145e-10)
(-2.14167e-06 -7.38684e-08 1.83119e-10)
(-7.1743e-07 -2.5534e-08 6.37639e-11)
(-2.33851e-07 -8.49728e-09 2.1489e-11)
(-7.42622e-08 -2.73391e-09 7.01699e-12)
(-2.30021e-08 -8.53145e-10 2.22315e-12)
(-6.95683e-09 -2.58874e-10 6.82832e-13)
(-2.05656e-09 -7.65367e-11 2.03272e-13)
(-5.94807e-10 -2.20878e-11 5.95798e-14)
(-1.68464e-10 -6.23252e-12 1.63553e-14)
(-4.6762e-11 -1.72314e-12 5.84116e-15)
(-1.27279e-11 -4.68461e-13 2.92058e-15)
(-3.40306e-12 -1.26169e-13 2.33646e-15)
(-8.93698e-13 -3.85517e-14 1.16823e-15)
(-2.35983e-13 -7.00939e-15 0)
(-5.72434e-14 -2.33646e-15 1.75235e-15)
(-1.16823e-14 -1.16823e-15 2.92058e-15)
(-1.16823e-15 -4.67293e-15 1.16823e-15)
(-2.33646e-15 -1.16823e-15 1.75235e-15)
(-2.33646e-15 0 0)
(2.33646e-15 0 5.84116e-16)
(-3.5047e-15 0 1.16823e-15)
(-0.0379913 -0.00172689 8.35859e-07)
(-0.0192131 -0.0018983 5.83194e-07)
(-0.00909825 -0.00121218 3.53596e-07)
(-0.00409663 -0.000632895 1.91144e-07)
(-0.00176816 -0.000295249 9.49631e-08)
(-0.000734682 -0.00012762 4.42044e-08)
(-0.0002946 -5.20498e-05 1.94963e-08)
(-0.000114197 -2.02386e-05 8.2048e-09)
(-4.28513e-05 -7.5513e-06 3.3094e-09)
(-1.55849e-05 -2.71557e-06 1.28367e-09)
(-5.50048e-06 -9.44278e-07 4.79989e-10)
(-1.88608e-06 -3.18293e-07 1.73386e-10)
(-6.29049e-07 -1.04215e-07 6.0605e-11)
(-2.04296e-07 -3.3201e-08 2.05317e-11)
(-6.46777e-08 -1.03073e-08 6.75005e-12)
(-1.99814e-08 -3.12235e-09 2.15539e-12)
(-6.0298e-09 -9.24027e-10 6.68229e-13)
(-1.77911e-09 -2.67438e-10 2.0152e-13)
(-5.13711e-10 -7.57762e-11 5.84116e-14)
(-1.45286e-10 -2.10375e-11 1.63553e-14)
(-4.02795e-11 -5.72434e-12 4.67293e-15)
(-1.09522e-11 -1.53389e-12 1.75235e-15)
(-2.92642e-12 -4.05377e-13 1.75235e-15)
(-7.68697e-13 -1.05141e-13 0)
(-1.97431e-13 -2.68693e-14 -1.16823e-15)
(-5.0234e-14 -9.34586e-15 1.75235e-15)
(-1.5187e-14 -5.84116e-15 1.16823e-15)
(-2.33646e-15 -2.33646e-15 0)
(2.33646e-15 -3.5047e-15 0)
(-2.33646e-15 -2.33646e-15 0)
(0 -2.33646e-15 -1.16823e-15)
(2.33646e-15 -1.16823e-15 0)
(-0.0392137 -0.0111688 4.4626e-07)
(-0.0178832 -0.0067699 2.60448e-07)
(-0.00774834 -0.00332361 1.42022e-07)
(-0.00326978 -0.00148501 7.32835e-08)
(-0.001349 -0.000625551 3.57249e-08)
(-0.000543293 -0.000251933 1.6467e-08)
(-0.000213148 -9.7647e-05 7.20842e-09)
(-8.13447e-05 -3.65574e-05 3.00799e-09)
(-3.01774e-05 -1.32517e-05 1.20168e-09)
(-1.0882e-05 -4.65937e-06 4.60844e-10)
(-3.81551e-06 -1.59144e-06 1.70183e-10)
(-1.30161e-06 -5.2873e-07 6.06172e-11)
(-4.32337e-07 -1.71074e-07 2.08722e-11)
(-1.39944e-07 -5.39675e-08 6.95565e-12)
(-4.41836e-08 -1.66164e-08 2.24768e-12)
(-1.36189e-08 -4.99849e-09 7.03276e-13)
(-4.10192e-09 -1.47044e-09 2.12618e-13)
(-1.20831e-09 -4.23399e-10 6.30845e-14)
(-3.48405e-10 -1.19432e-10 1.69394e-14)
(-9.84142e-11 -3.30283e-11 5.25704e-15)
(-2.7256e-11 -8.96151e-12 1.75235e-15)
(-7.40893e-12 -2.38436e-12 -1.16823e-15)
(-1.97782e-12 -6.26172e-13 -1.16823e-15)
(-5.16359e-13 -1.5888e-13 0)
(-1.35515e-13 -3.97199e-14 0)
(-3.5047e-14 -1.16823e-14 1.16823e-15)
(-7.00939e-15 0 0)
(0 2.33646e-15 5.84116e-16)
(0 0 0)
(-2.33646e-15 0 -5.84116e-16)
(0 0 -5.84116e-16)
(2.33646e-15 0 0)
(-0.0388311 -0.0347974 5.80657e-08)
(-0.0113678 -0.0137851 2.47256e-08)
(-0.00381336 -0.00554635 1.18846e-08)
(-0.00139857 -0.00222343 6.25611e-09)
(-0.000535089 -0.000878001 3.27775e-09)
(-0.000206778 -0.000339341 1.62759e-09)
(-7.92241e-05 -0.00012793 7.56098e-10)
(-2.98017e-05 -4.69686e-05 3.29686e-10)
(-1.09533e-05 -1.6784e-05 1.35624e-10)
(-3.92469e-06 -5.83792e-06 5.29676e-11)
(-1.36983e-06 -1.97734e-06 1.97163e-11)
(-4.65714e-07 -6.52583e-07 7.02341e-12)
(-1.54286e-07 -2.10016e-07 2.39721e-12)
(-4.98377e-08 -6.59605e-08 7.87388e-13)
(-1.57087e-08 -2.02346e-08 2.48833e-13)
(-4.83534e-09 -6.06813e-09 7.41827e-14)
(-1.45471e-09 -1.78042e-09 2.16123e-14)
(-4.28106e-10 -5.11506e-10 5.84116e-15)
(-1.23338e-10 -1.44003e-10 5.84116e-16)
(-3.48168e-11 -3.97596e-11 1.16823e-15)
(-9.63441e-12 -1.07758e-11 1.75235e-15)
(-2.61918e-12 -2.86684e-12 1.16823e-15)
(-6.98603e-13 -7.47669e-13 -1.16823e-15)
(-1.81076e-13 -1.92758e-13 5.84116e-16)
(-5.0234e-14 -4.78975e-14 1.16823e-15)
(-1.28506e-14 -7.00939e-15 0)
(-2.33646e-15 0 1.16823e-15)
(0 0 -1.16823e-15)
(0 0 0)
(-2.33646e-15 2.33646e-15 -1.16823e-15)
(0 2.33646e-15 -1.16823e-15)
(2.33646e-15 0 0)
(-0.586535 0.00101168 6.43015e-10)
(-0.542316 0.00266978 1.36058e-08)
(-0.464327 0.00345072 2.9257e-08)
(-0.369393 0.00321516 4.09874e-08)
(-0.275041 0.00198708 4.92022e-08)
(-0.195279 -0.000458671 6.02378e-08)
(-0.140006 -0.00520892 7.42638e-08)
(-0.120863 -0.015518 3.28095e-08)
(-0.585413 0.000437729 -2.74298e-09)
(-0.54157 0.00116007 5.50055e-09)
(-0.464181 0.00149788 1.75509e-08)
(-0.369923 0.00135573 2.88247e-08)
(-0.276322 0.000709909 3.92732e-08)
(-0.197449 -0.00049113 4.5225e-08)
(-0.142484 -0.00224171 3.2441e-08)
(-0.116418 -0.00345261 1.24274e-08)
(-0.584937 0.000184227 -2.67027e-09)
(-0.541256 0.000489378 5.02702e-11)
(-0.464132 0.000631368 5.64639e-09)
(-0.370181 0.000562344 1.11792e-08)
(-0.276888 0.000273332 1.67777e-08)
(-0.19823 -0.000214647 2.10201e-08)
(-0.142968 -0.000761544 1.69061e-08)
(-0.115169 -0.000803659 6.07456e-09)
(-0.584739 7.68755e-05 -4.19979e-09)
(-0.541123 0.000206232 -4.36139e-09)
(-0.464108 0.00027278 -1.22321e-09)
(-0.370281 0.000259475 2.83129e-09)
(-0.277099 0.000168793 7.62747e-09)
(-0.198484 2.06977e-05 1.04115e-08)
(-0.143073 -0.000126929 6.73573e-09)
(-0.114853 -0.000134626 1.38171e-09)
(-0.584654 3.44446e-05 -4.60824e-09)
(-0.54106 9.69075e-05 -7.03926e-09)
(-0.464078 0.000145394 -6.20004e-09)
(-0.370285 0.000184147 -3.67704e-09)
(-0.277127 0.000227563 1.31304e-09)
(-0.198526 0.00028475 7.00673e-09)
(-0.143123 0.000320698 1.33334e-08)
(-0.114907 0.000203665 1.32902e-08)
(-0.584608 2.0187e-05 -5.12982e-09)
(-0.541012 6.42092e-05 -8.50505e-09)
(-0.464021 0.000124814 -8.07818e-09)
(-0.370199 0.000230204 -4.18426e-09)
(-0.276998 0.000426568 4.48142e-09)
(-0.198391 0.000750929 1.74664e-08)
(-0.143154 0.00110699 2.12509e-08)
(-0.115377 0.000936189 -3.88537e-09)
(-0.58457 1.74961e-05 -5.3577e-09)
(-0.540955 6.35878e-05 -9.71665e-09)
(-0.463912 0.000152597 -1.06292e-08)
(-0.369983 0.000348175 -8.99729e-09)
(-0.276606 0.00077354 -4.77825e-09)
(-0.197846 0.00162092 -2.52145e-09)
(-0.142938 0.00298817 -6.43466e-09)
(-0.11695 0.00378937 1.97762e-08)
(-0.584527 1.81952e-05 -5.99927e-09)
(-0.540877 7.10401e-05 -1.16666e-08)
(-0.463736 0.000188212 -1.42692e-08)
(-0.369578 0.000473381 -1.51595e-08)
(-0.275725 0.00116775 -1.24744e-08)
(-0.196176 0.00283616 6.91812e-10)
(-0.140986 0.00682648 3.13769e-08)
(-0.122155 0.0165362 5.64006e-09)
(-0.586535 0.00101168 7.90948e-08)
(-0.542316 0.00266975 2.2204e-07)
(-0.464327 0.00345067 3.07644e-07)
(-0.369393 0.00321509 3.24924e-07)
(-0.275041 0.00198701 2.90437e-07)
(-0.195279 -0.000458744 2.34389e-07)
(-0.140006 -0.00520903 1.76057e-07)
(-0.120863 -0.0155181 6.37259e-08)
(-0.585413 0.000437722 4.92681e-08)
(-0.54157 0.00116004 1.37137e-07)
(-0.464181 0.00149783 1.84685e-07)
(-0.369923 0.00135567 1.86705e-07)
(-0.276322 0.000709845 1.5647e-07)
(-0.197449 -0.000491208 1.09459e-07)
(-0.142484 -0.00224183 5.30451e-08)
(-0.116418 -0.00345267 1.68322e-08)
(-0.584937 0.000184224 2.92934e-08)
(-0.541256 0.000489358 7.8465e-08)
(-0.464132 0.00063133 9.83437e-08)
(-0.370181 0.000562292 8.79026e-08)
(-0.276888 0.000273269 5.93685e-08)
(-0.19823 -0.000214716 2.74728e-08)
(-0.142968 -0.000761595 1.4642e-09)
(-0.115169 -0.000803681 -5.1728e-09)
(-0.584739 7.68716e-05 1.67319e-08)
(-0.541123 0.000206218 4.26953e-08)
(-0.464108 0.000272757 4.66031e-08)
(-0.370281 0.000259446 2.98817e-08)
(-0.277099 0.000168762 4.02189e-09)
(-0.198484 2.06697e-05 -1.92334e-08)
(-0.143073 -0.000126936 -2.9669e-08)
(-0.114853 -0.000134612 -1.57222e-08)
(-0.584654 3.44427e-05 9.45063e-09)
(-0.54106 9.68992e-05 2.15736e-08)
(-0.464078 0.000145381 1.56956e-08)
(-0.370285 0.000184133 -5.01832e-09)
(-0.277127 0.000227557 -2.85002e-08)
(-0.198526 0.000284764 -4.30821e-08)
(-0.143123 0.000320727 -3.49097e-08)
(-0.114907 0.000203654 -7.23416e-09)
(-0.584608 2.01855e-05 5.57053e-09)
(-0.541012 6.42038e-05 1.05631e-08)
(-0.464021 0.000124805 7.96384e-11)
(-0.370199 0.000230193 -2.1067e-08)
(-0.276998 0.000426555 -4.13801e-08)
(-0.198391 0.00075091 -4.85659e-08)
(-0.143154 0.00110695 -4.46125e-08)
(-0.115377 0.000936202 -3.77532e-08)
(-0.58457 1.74944e-05 3.42951e-09)
(-0.540955 6.35814e-05 4.2953e-09)
(-0.463912 0.000152584 -9.59272e-09)
(-0.369983 0.000348153 -3.3922e-08)
(-0.276606 0.000773507 -5.84851e-08)
(-0.197846 0.00162089 -7.55365e-08)
(-0.142938 0.00298819 -7.40516e-08)
(-0.11695 0.00378939 -4.29585e-09)
(-0.584527 1.8194e-05 2.35927e-09)
(-0.540877 7.10355e-05 1.25565e-09)
(-0.463736 0.000188202 -1.35821e-08)
(-0.369578 0.000473361 -3.80576e-08)
(-0.275725 0.00116771 -5.93936e-08)
(-0.196176 0.00283611 -6.07362e-08)
(-0.140986 0.00682639 -2.95941e-08)
(-0.122155 0.0165359 -3.76725e-08)
(-0.586534 0.00101154 2.78706e-07)
(-0.542315 0.00266938 6.94283e-07)
(-0.464327 0.00345013 8.98402e-07)
(-0.369393 0.00321449 8.92347e-07)
(-0.275041 0.00198643 7.25681e-07)
(-0.195279 -0.000459242 4.58504e-07)
(-0.140007 -0.00520941 1.50645e-07)
(-0.120864 -0.0155184 5.13175e-08)
(-0.585412 0.000437629 1.79996e-07)
(-0.54157 0.00115978 4.32932e-07)
(-0.464181 0.00149746 5.30895e-07)
(-0.369923 0.00135525 4.79657e-07)
(-0.276322 0.000709447 3.19663e-07)
(-0.197449 -0.000491544 1.20207e-07)
(-0.142484 -0.00224206 -1.30682e-08)
(-0.116418 -0.00345275 -3.21485e-08)
(-0.584937 0.000184162 1.16061e-07)
(-0.541256 0.000489189 2.65476e-07)
(-0.464132 0.000631092 3.01046e-07)
(-0.370181 0.00056203 2.33654e-07)
(-0.276888 0.000273028 9.96821e-08)
(-0.19823 -0.000214904 -4.61546e-08)
(-0.142968 -0.000761709 -1.1925e-07)
(-0.115169 -0.000803724 -5.73163e-08)
(-0.584739 7.68358e-05 7.66637e-08)
(-0.541123 0.000206119 1.62102e-07)
(-0.464108 0.000272615 1.58428e-07)
(-0.370281 0.00025929 8.12175e-08)
(-0.277099 0.000168617 -3.34363e-08)
(-0.198484 2.05566e-05 -1.32173e-07)
(-0.143073 -0.000127002 -1.5178e-07)
(-0.114853 -0.000134631 -6.63929e-08)
(-0.584654 3.44223e-05 5.4885e-08)
(-0.54106 9.68433e-05 1.04938e-07)
(-0.464078 0.000145301 7.98585e-08)
(-0.370285 0.000184045 -3.27181e-09)
(-0.277127 0.000227472 -1.11594e-07)
(-0.198526 0.000284692 -1.97225e-07)
(-0.143123 0.000320668 -2.12874e-07)
(-0.114907 0.000203621 -1.12874e-07)
(-0.584608 2.0175e-05 4.31156e-08)
(-0.541012 6.41746e-05 7.37029e-08)
(-0.464021 0.000124763 3.53082e-08)
(-0.370199 0.000230146 -5.74175e-08)
(-0.276998 0.000426508 -1.75799e-07)
(-0.198391 0.000750864 -2.80906e-07)
(-0.143154 0.00110691 -2.94371e-07)
(-0.115377 0.000936195 -1.08608e-07)
(-0.584569 1.74897e-05 3.73553e-08)
(-0.540955 6.35691e-05 5.92253e-08)
(-0.463913 0.000152569 1.67467e-08)
(-0.369983 0.000348141 -7.37844e-08)
(-0.276606 0.000773504 -1.8226e-07)
(-0.197846 0.0016209 -2.61431e-07)
(-0.142938 0.0029882 -2.4127e-07)
(-0.11695 0.00378937 -1.61975e-07)
(-0.584527 1.81924e-05 3.67728e-08)
(-0.540877 7.10323e-05 5.94062e-08)
(-0.463736 0.000188201 2.27946e-08)
(-0.369578 0.000473368 -5.32895e-08)
(-0.275725 0.00116773 -1.43152e-07)
(-0.196176 0.00283615 -2.34168e-07)
(-0.140986 0.00682642 -3.21245e-07)
(-0.122154 0.0165359 -1.68523e-07)
(-0.586533 0.00101121 2.00254e-07)
(-0.542315 0.00266851 4.85849e-07)
(-0.464327 0.00344894 6.20015e-07)
(-0.369393 0.00321317 6.08411e-07)
(-0.275042 0.00198514 4.84446e-07)
(-0.19528 -0.000460381 2.84353e-07)
(-0.140007 -0.00521023 4.88515e-08)
(-0.120864 -0.0155187 2.0401e-08)
(-0.585412 0.000437397 1.27985e-07)
(-0.54157 0.00115919 3.01296e-07)
(-0.464181 0.00149664 3.63761e-07)
(-0.369923 0.00135435 3.21778e-07)
(-0.276322 0.000708593 2.02465e-07)
(-0.19745 -0.000492217 5.59725e-08)
(-0.142485 -0.00224237 -3.36723e-08)
(-0.116418 -0.00345288 -3.65533e-08)
(-0.584936 0.000184018 8.40977e-08)
(-0.541255 0.000488816 1.87062e-07)
(-0.464132 0.000630585 2.08349e-07)
(-0.370181 0.000561495 1.56931e-07)
(-0.276889 0.000272563 5.70913e-08)
(-0.198231 -0.000215221 -5.26073e-08)
(-0.142968 -0.000761873 -1.03808e-07)
(-0.115169 -0.00080375 -4.6069e-08)
(-0.584739 7.67493e-05 5.5732e-08)
(-0.541123 0.000205897 1.15045e-07)
(-0.464108 0.000272314 1.10602e-07)
(-0.370281 0.000258972 5.41671e-08)
(-0.277099 0.00016834 -2.98307e-08)
(-0.198484 2.03675e-05 -1.02528e-07)
(-0.143073 -0.000127123 -1.15375e-07)
(-0.114852 -0.000134723 -4.9289e-08)
(-0.584654 3.43756e-05 4.08262e-08)
(-0.54106 9.67224e-05 7.63249e-08)
(-0.464079 0.000145134 5.79629e-08)
(-0.370285 0.000183856 -1.93053e-09)
(-0.277127 0.000227272 -8.17811e-08)
(-0.198526 0.000284467 -1.47136e-07)
(-0.143123 0.000320441 -1.64631e-07)
(-0.114907 0.00020357 -9.23496e-08)
(-0.584608 2.01505e-05 3.24152e-08)
(-0.541012 6.41124e-05 5.46347e-08)
(-0.464021 0.000124679 2.71504e-08)
(-0.370199 0.000230052 -4.05348e-08)
(-0.276998 0.000426414 -1.29937e-07)
(-0.198391 0.000750781 -2.14874e-07)
(-0.143154 0.0011069 -2.28507e-07)
(-0.115376 0.000936104 -7.47401e-08)
(-0.584569 1.74817e-05 2.85681e-08)
(-0.540955 6.35528e-05 4.52133e-08)
(-0.463913 0.000152559 1.57101e-08)
(-0.369983 0.000348161 -4.88597e-08)
(-0.276607 0.000773572 -1.28554e-07)
(-0.197846 0.00162098 -1.88416e-07)
(-0.142937 0.00298814 -1.73653e-07)
(-0.11695 0.00378927 -1.37903e-07)
(-0.584527 1.81915e-05 2.84142e-08)
(-0.540877 7.10359e-05 4.6484e-08)
(-0.463736 0.000188225 2.21075e-08)
(-0.369578 0.000473442 -3.03914e-08)
(-0.275726 0.00116789 -9.62332e-08)
(-0.196176 0.00283639 -1.7274e-07)
(-0.140986 0.00682671 -2.60274e-07)
(-0.122154 0.0165364 -1.2521e-07)
(-0.58448 1.77391e-05 -5.98251e-09)
(-0.540785 7.09691e-05 -1.20127e-08)
(-0.46351 0.00019378 -1.56489e-08)
(-0.369004 0.000500267 -1.90456e-08)
(-0.274243 0.00126397 -2.28958e-08)
(-0.192187 0.00315529 -2.86115e-08)
(-0.129238 0.00788014 -5.07251e-08)
(-0.0823845 0.0201066 -1.06812e-07)
(-0.584438 1.45527e-05 -6.83143e-09)
(-0.540701 5.8212e-05 -1.45946e-08)
(-0.463307 0.00015783 -2.14539e-08)
(-0.368508 0.000399411 -3.15298e-08)
(-0.27307 0.00096995 -4.7718e-08)
(-0.18956 0.00225086 -7.20178e-08)
(-0.124034 0.00490231 -9.93405e-08)
(-0.0759431 0.00951144 -9.29886e-08)
(-0.584408 9.30695e-06 -6.53286e-09)
(-0.540642 3.69201e-05 -1.39115e-08)
(-0.463169 9.8332e-05 -2.00325e-08)
(-0.368191 0.000241478 -2.84112e-08)
(-0.272392 0.000559624 -4.09332e-08)
(-0.188254 0.00120966 -5.80119e-08)
(-0.121977 0.00236992 -7.62501e-08)
(-0.0739876 0.00396171 -8.1799e-08)
(-0.584392 3.1686e-06 -6.94617e-09)
(-0.540612 1.24936e-05 -1.49711e-08)
(-0.463102 3.28532e-05 -2.20507e-08)
(-0.368046 7.90757e-05 -3.19335e-08)
(-0.272102 0.000177961 -4.59634e-08)
(-0.18775 0.000368981 -6.29711e-08)
(-0.121282 0.000682777 -7.76589e-08)
(-0.0734231 0.00106345 -7.80917e-08)
(-0.584392 -3.14972e-06 -6.69717e-09)
(-0.540612 -1.24175e-05 -1.42815e-08)
(-0.463102 -3.26607e-05 -2.05453e-08)
(-0.368046 -7.86639e-05 -2.88705e-08)
(-0.272102 -0.000177201 -4.05816e-08)
(-0.18775 -0.000367802 -5.50246e-08)
(-0.121283 -0.000681215 -7.07242e-08)
(-0.073423 -0.00106139 -8.35819e-08)
(-0.584407 -9.29188e-06 -6.673e-09)
(-0.540642 -3.68484e-05 -1.4144e-08)
(-0.463169 -9.81153e-05 -2.03221e-08)
(-0.368191 -0.000240926 -2.90964e-08)
(-0.272391 -0.00055839 -4.22815e-08)
(-0.188254 -0.00120722 -6.21027e-08)
(-0.121976 -0.00236575 -8.97561e-08)
(-0.0739871 -0.0039562 -1.08028e-07)
(-0.584438 -1.45566e-05 -6.54045e-09)
(-0.540701 -5.82025e-05 -1.34823e-08)
(-0.463306 -0.000157731 -1.83203e-08)
(-0.368507 -0.000399069 -2.36724e-08)
(-0.273068 -0.000969094 -2.85796e-08)
(-0.189557 -0.00224907 -3.03244e-08)
(-0.124032 -0.00489933 -1.89216e-08)
(-0.0759424 -0.00950929 2.53021e-08)
(-0.58448 -1.77964e-05 -5.92155e-09)
(-0.540785 -7.11319e-05 -1.13695e-08)
(-0.46351 -0.000194042 -1.34343e-08)
(-0.369002 -0.000500664 -1.25549e-08)
(-0.274241 -0.00126466 -5.89685e-09)
(-0.192184 -0.00315669 9.84106e-09)
(-0.129236 -0.00788301 3.33016e-08)
(-0.0823857 -0.020111 5.66526e-08)
(-0.58448 1.77375e-05 2.02918e-09)
(-0.540785 7.09632e-05 3.90382e-10)
(-0.46351 0.000193766 -1.5153e-08)
(-0.369004 0.000500235 -4.04186e-08)
(-0.274243 0.0012639 -6.56474e-08)
(-0.192187 0.00315514 -8.28394e-08)
(-0.129238 0.00787988 -1.02305e-07)
(-0.0823845 0.0201064 -1.36607e-07)
(-0.584438 1.45516e-05 1.61125e-09)
(-0.540701 5.82082e-05 -6.16114e-10)
(-0.463307 0.000157822 -1.65568e-08)
(-0.368508 0.000399392 -4.26342e-08)
(-0.27307 0.000969914 -6.861e-08)
(-0.18956 0.0022508 -8.52038e-08)
(-0.124034 0.00490226 -8.33769e-08)
(-0.0759431 0.00951149 -3.61695e-08)
(-0.584408 9.30672e-06 1.93201e-09)
(-0.540642 3.69193e-05 4.306e-10)
(-0.463169 9.83308e-05 -1.41021e-08)
(-0.368191 0.000241477 -3.70289e-08)
(-0.272392 0.000559627 -5.7127e-08)
(-0.188254 0.00120968 -6.40787e-08)
(-0.121977 0.00236996 -5.21413e-08)
(-0.0739876 0.00396174 -1.7678e-08)
(-0.584392 3.16827e-06 1.7365e-09)
(-0.540612 1.24928e-05 1.11144e-10)
(-0.463102 3.28521e-05 -1.43783e-08)
(-0.368046 7.90748e-05 -3.71523e-08)
(-0.272102 0.000177962 -5.61768e-08)
(-0.18775 0.000368987 -6.02341e-08)
(-0.121282 0.000682788 -4.34108e-08)
(-0.0734231 0.00106345 -5.75131e-09)
(-0.584392 -3.14917e-06 2.02807e-09)
(-0.540612 -1.24159e-05 9.01442e-10)
(-0.463102 -3.26572e-05 -1.27591e-08)
(-0.368046 -7.86582e-05 -3.40521e-08)
(-0.272102 -0.000177194 -5.11338e-08)
(-0.18775 -0.0003678 -5.35957e-08)
(-0.121283 -0.000681239 -3.98017e-08)
(-0.073423 -0.00106145 -1.75893e-08)
(-0.584407 -9.29157e-06 1.93185e-09)
(-0.540642 -3.68468e-05 6.81547e-10)
(-0.463169 -9.81108e-05 -1.34559e-08)
(-0.368191 -0.000240915 -3.62298e-08)
(-0.272391 -0.000558366 -5.6117e-08)
(-0.188254 -0.00120717 -6.52142e-08)
(-0.121976 -0.00236564 -6.15839e-08)
(-0.0739871 -0.00395598 -3.56263e-08)
(-0.584438 -1.45551e-05 2.11029e-09)
(-0.540701 -5.8197e-05 1.14515e-09)
(-0.463306 -0.000157718 -1.23236e-08)
(-0.368507 -0.000399036 -3.32674e-08)
(-0.273068 -0.000969021 -4.79219e-08)
(-0.189557 -0.00224893 -4.38549e-08)
(-0.124032 -0.00489908 -7.56997e-09)
(-0.0759423 -0.00950896 6.98462e-08)
(-0.58448 -1.77955e-05 2.35894e-09)
(-0.540785 -7.11284e-05 1.9243e-09)
(-0.46351 -0.000194033 -1.14318e-08)
(-0.369002 -0.000500642 -3.1615e-08)
(-0.274241 -0.00126461 -4.61087e-08)
(-0.192184 -0.00315661 -4.3181e-08)
(-0.129236 -0.00788289 -1.95103e-08)
(-0.0823858 -0.020111 2.01948e-08)
(-0.58448 1.77376e-05 3.61236e-08)
(-0.540785 7.09653e-05 5.94059e-08)
(-0.46351 0.000193774 2.84318e-08)
(-0.369004 0.000500258 -3.3319e-08)
(-0.274243 0.00126396 -9.2433e-08)
(-0.192187 0.00315524 -1.20559e-07)
(-0.129238 0.00788003 -7.90107e-08)
(-0.0823844 0.0201066 1.00701e-07)
(-0.584438 1.45525e-05 3.9128e-08)
(-0.540701 5.82121e-05 7.03017e-08)
(-0.463307 0.000157833 5.5951e-08)
(-0.368508 0.000399418 3.01716e-08)
(-0.27307 0.000969967 4.06419e-08)
(-0.18956 0.0022509 1.27979e-07)
(-0.124034 0.00490241 2.9235e-07)
(-0.075943 0.00951168 4.29445e-07)
(-0.584408 9.3072e-06 3.91647e-08)
(-0.540642 3.69215e-05 7.15702e-08)
(-0.463169 9.83364e-05 6.04301e-08)
(-0.368191 0.000241489 4.12351e-08)
(-0.272392 0.000559649 6.30031e-08)
(-0.188254 0.00120971 1.66392e-07)
(-0.121977 0.00237 3.55288e-07)
(-0.0739875 0.00396177 5.4819e-07)
(-0.584392 3.16879e-06 4.05638e-08)
(-0.540612 1.24945e-05 7.59367e-08)
(-0.463102 3.28558e-05 6.95991e-08)
(-0.368046 7.90817e-05 5.80155e-08)
(-0.272102 0.000177973 8.83648e-08)
(-0.18775 0.000369002 1.93262e-07)
(-0.121282 0.000682802 3.64449e-07)
(-0.073423 0.00106345 5.26043e-07)
(-0.584392 -3.14933e-06 4.03627e-08)
(-0.540612 -1.24164e-05 7.53626e-08)
(-0.463102 -3.26588e-05 6.80046e-08)
(-0.368046 -7.86621e-05 5.40588e-08)
(-0.272102 -0.000177201 8.02974e-08)
(-0.18775 -0.000367812 1.79074e-07)
(-0.121283 -0.000681251 3.49358e-07)
(-0.0734229 -0.00106145 5.36038e-07)
(-0.584407 -9.29171e-06 3.98991e-08)
(-0.540642 -3.68479e-05 7.36179e-08)
(-0.463169 -9.81144e-05 6.41088e-08)
(-0.368191 -0.000240924 4.77598e-08)
(-0.272391 -0.000558384 7.27901e-08)
(-0.188254 -0.0012072 1.81853e-07)
(-0.121976 -0.00236568 3.89846e-07)
(-0.0739869 -0.00395603 6.16466e-07)
(-0.584438 -1.45557e-05 3.95169e-08)
(-0.540701 -5.82001e-05 7.11689e-08)
(-0.463306 -0.000157727 5.58223e-08)
(-0.368507 -0.00039906 2.54641e-08)
(-0.273068 -0.000969074 1.97013e-08)
(-0.189557 -0.00224903 6.79349e-08)
(-0.124031 -0.00489925 1.55976e-07)
(-0.0759422 -0.00950918 1.83749e-07)
(-0.58448 -1.77955e-05 3.70483e-08)
(-0.540785 -7.11298e-05 6.15753e-08)
(-0.46351 -0.00019404 3.10332e-08)
(-0.369002 -0.000500663 -3.39464e-08)
(-0.274241 -0.00126466 -1.07073e-07)
(-0.192184 -0.0031567 -1.70599e-07)
(-0.129236 -0.00788303 -2.13241e-07)
(-0.0823857 -0.0201111 -2.26879e-07)
(-0.58448 1.77422e-05 2.81119e-08)
(-0.540785 7.0985e-05 4.70027e-08)
(-0.46351 0.000193832 2.79359e-08)
(-0.369004 0.000500402 -1.19461e-08)
(-0.274244 0.00126427 -4.96814e-08)
(-0.192187 0.00315587 -6.63316e-08)
(-0.129237 0.0078811 -2.74311e-08)
(-0.0823841 0.0201076 1.30496e-07)
(-0.584438 1.45577e-05 3.06854e-08)
(-0.540701 5.82325e-05 5.63233e-08)
(-0.463307 0.000157886 5.1054e-08)
(-0.368508 0.000399541 4.1276e-08)
(-0.27307 0.000970224 6.15339e-08)
(-0.189559 0.00225137 1.41165e-07)
(-0.124034 0.00490313 2.76387e-07)
(-0.0759426 0.00951239 3.72626e-07)
(-0.584407 9.30959e-06 3.06999e-08)
(-0.540642 3.69306e-05 5.72281e-08)
(-0.463169 9.83581e-05 5.44996e-08)
(-0.368191 0.000241533 4.98529e-08)
(-0.272392 0.000559723 7.91969e-08)
(-0.188254 0.00120981 1.72459e-07)
(-0.121976 0.00237011 3.31179e-07)
(-0.0739871 0.00396193 4.84069e-07)
(-0.584392 3.17067e-06 3.18811e-08)
(-0.540612 1.25004e-05 6.08545e-08)
(-0.463102 3.28673e-05 6.19267e-08)
(-0.368046 7.91005e-05 6.32343e-08)
(-0.272102 0.000177996 9.85781e-08)
(-0.187749 0.000369012 1.90525e-07)
(-0.121282 0.000682777 3.30201e-07)
(-0.0734227 0.00106343 4.53703e-07)
(-0.584392 -3.1505e-06 3.16374e-08)
(-0.540612 -1.24205e-05 6.01797e-08)
(-0.463102 -3.26682e-05 6.02185e-08)
(-0.368046 -7.86787e-05 5.92404e-08)
(-0.272102 -0.000177225 9.08496e-08)
(-0.187749 -0.000367823 1.77646e-07)
(-0.121282 -0.000681188 3.18435e-07)
(-0.0734224 -0.00106127 4.70045e-07)
(-0.584407 -9.29326e-06 3.12942e-08)
(-0.540642 -3.68551e-05 5.87924e-08)
(-0.463169 -9.81352e-05 5.72426e-08)
(-0.368191 -0.000240972 5.48932e-08)
(-0.272391 -0.000558487 8.66256e-08)
(-0.188253 -0.00120739 1.84964e-07)
(-0.121975 -0.00236603 3.61674e-07)
(-0.0739867 -0.00395669 5.44064e-07)
(-0.584438 -1.45608e-05 3.08661e-08)
(-0.540701 -5.82211e-05 5.65414e-08)
(-0.463306 -0.000157784 4.98256e-08)
(-0.368507 -0.000399199 3.50591e-08)
(-0.273068 -0.000969381 3.90436e-08)
(-0.189557 -0.00224963 8.14654e-08)
(-0.124031 -0.00490029 1.44624e-07)
(-0.0759422 -0.00951065 1.39205e-07)
(-0.58448 -1.77985e-05 2.87678e-08)
(-0.540785 -7.11448e-05 4.82815e-08)
(-0.46351 -0.000194088 2.90307e-08)
(-0.369003 -0.000500788 -1.48863e-08)
(-0.274241 -0.00126494 -6.68615e-08)
(-0.192184 -0.00315723 -1.17577e-07)
(-0.129236 -0.00788387 -1.60429e-07)
(-0.0823855 -0.0201117 -1.90422e-07)
(-0.03977 0.0366429 -6.92605e-08)
(-0.0117481 0.0147064 -3.73367e-08)
(-0.00399045 0.00598865 -1.77978e-08)
(-0.00148309 0.00242592 -7.78193e-09)
(-0.000574378 0.000966333 -3.18845e-09)
(-0.000224273 0.000376129 -1.23207e-09)
(-8.66619e-05 0.000142599 -4.53486e-10)
(-3.28243e-05 5.25848e-05 -1.5854e-10)
(-1.21304e-05 1.88543e-05 -5.32147e-11)
(-4.3652e-06 6.57456e-06 -1.70328e-11)
(-1.52868e-06 2.23091e-06 -5.29209e-12)
(-5.21043e-07 7.372e-07 -1.58179e-12)
(-1.72943e-07 2.37439e-07 -4.69045e-13)
(-5.5941e-08 7.46061e-08 -1.37851e-13)
(-1.7649e-08 2.28902e-08 -4.20564e-14)
(-5.43577e-09 6.86391e-09 -1.40188e-14)
(-1.63585e-09 2.01337e-09 -7.00939e-15)
(-4.81452e-10 5.782e-10 -1.75235e-15)
(-1.38701e-10 1.62703e-10 -1.75235e-15)
(-3.91416e-11 4.48963e-11 0)
(-1.0833e-11 1.21578e-11 -1.75235e-15)
(-2.94278e-12 3.22899e-12 -5.84116e-16)
(-7.82716e-13 8.44632e-13 -1.16823e-15)
(-2.06777e-13 2.17291e-13 -1.16823e-15)
(-5.25704e-14 5.25704e-14 -5.84116e-16)
(-1.40188e-14 1.05141e-14 0)
(-2.33646e-15 0 0)
(0 2.33646e-15 0)
(2.33646e-15 2.33646e-15 0)
(-2.33646e-15 0 0)
(0 0 0)
(0 -1.16823e-15 0)
(-0.0410075 0.0132992 -6.21478e-08)
(-0.0189061 0.00788373 -3.51081e-08)
(-0.00829007 0.00386 -1.75361e-08)
(-0.00353923 0.00172728 -7.93616e-09)
(-0.00147541 0.000729188 -3.28885e-09)
(-0.000599461 0.00029419 -1.25795e-09)
(-0.000236883 0.000114148 -4.43737e-10)
(-9.09207e-05 4.27522e-05 -1.44454e-10)
(-3.38798e-05 1.54944e-05 -4.29314e-11)
(-1.22581e-05 5.44432e-06 -1.15608e-11)
(-4.30868e-06 1.85766e-06 -2.73074e-12)
(-1.47243e-06 6.16384e-07 -5.53742e-13)
(-4.89651e-07 1.99142e-07 -9.11221e-14)
(-1.58608e-07 6.27209e-08 -1.57711e-14)
(-5.00932e-08 1.9279e-08 -7.59351e-15)
(-1.54411e-08 5.78935e-09 -5.84116e-15)
(-4.64986e-09 1.7001e-09 -7.00939e-15)
(-1.36921e-09 4.8868e-10 -4.08881e-15)
(-3.94605e-10 1.37611e-10 -2.33646e-15)
(-1.114e-10 3.79968e-11 -1.75235e-15)
(-3.08355e-11 1.02945e-11 -1.75235e-15)
(-8.37389e-12 2.73717e-12 -1.16823e-15)
(-2.23016e-12 7.16126e-13 -1.16823e-15)
(-5.85284e-13 1.84581e-13 -5.84116e-16)
(-1.5187e-13 4.55611e-14 -5.84116e-16)
(-3.38787e-14 1.28506e-14 -5.84116e-16)
(-8.17763e-15 3.5047e-15 0)
(-1.16823e-15 2.33646e-15 -1.16823e-15)
(-2.33646e-15 -2.33646e-15 -1.75235e-15)
(-2.33646e-15 0 -5.84116e-16)
(0 0 -1.16823e-15)
(0 1.16823e-15 -1.16823e-15)
(-0.0413978 0.00488993 -6.72869e-08)
(-0.0211873 0.00345447 -4.43457e-08)
(-0.0101469 0.00192531 -2.47999e-08)
(-0.0046139 0.000940578 -1.22368e-08)
(-0.00200747 0.000421319 -5.44953e-09)
(-0.000839313 0.000176999 -2.2261e-09)
(-0.000338099 7.06298e-05 -8.41079e-10)
(-0.000131478 2.69807e-05 -2.96231e-10)
(-4.94383e-05 9.91766e-06 -9.75754e-11)
(-1.80019e-05 3.52088e-06 -3.02584e-11)
(-6.35662e-06 1.21054e-06 -8.88557e-12)
(-2.17956e-06 4.03973e-07 -2.51696e-12)
(-7.26607e-07 1.31086e-07 -7.08533e-13)
(-2.35804e-07 4.14257e-08 -2.09114e-13)
(-7.45805e-08 1.27669e-08 -6.89257e-14)
(-2.30146e-08 3.84184e-09 -2.74535e-14)
(-6.93652e-09 1.13008e-09 -1.22664e-14)
(-2.04394e-09 3.25266e-10 -7.59351e-15)
(-5.8938e-10 9.16969e-11 -4.67293e-15)
(-1.66461e-10 2.53436e-11 -2.92058e-15)
(-4.60914e-11 6.87037e-12 -2.92058e-15)
(-1.25223e-11 1.83179e-12 0)
(-3.33413e-12 4.77807e-13 0)
(-8.73838e-13 1.22664e-13 5.84116e-16)
(-2.26637e-13 3.27105e-14 0)
(-5.72434e-14 9.34586e-15 0)
(-1.28506e-14 4.67293e-15 0)
(-4.67293e-15 0 0)
(0 -1.16823e-15 -5.84116e-16)
(0 0 0)
(0 2.33646e-15 0)
(0 0 -1.16823e-15)
(-0.0415148 0.00124743 -5.98022e-08)
(-0.0218707 0.000946732 -3.64172e-08)
(-0.010804 0.0005639 -1.85004e-08)
(-0.00504322 0.000289601 -8.04665e-09)
(-0.00223899 0.000134484 -3.00812e-09)
(-0.000950151 5.79743e-05 -9.39132e-10)
(-0.000386901 2.35678e-05 -2.16187e-10)
(-0.000151633 9.12529e-06 -1.27992e-11)
(-5.73396e-05 3.38784e-06 2.36222e-11)
(-2.09653e-05 1.2117e-06 1.89312e-11)
(-7.42558e-06 4.18969e-07 1.01724e-11)
(-2.55188e-06 1.40428e-07 4.55435e-12)
(-8.52198e-07 4.57245e-08 1.81426e-12)
(-2.76927e-07 1.44896e-08 6.56546e-13)
(-8.76771e-08 4.47548e-09 2.19044e-13)
(-2.70779e-08 1.34923e-09 6.60051e-14)
(-8.16643e-09 3.97483e-10 1.81076e-14)
(-2.40759e-09 1.1455e-10 1.16823e-15)
(-6.94529e-10 3.2325e-11 -2.33646e-15)
(-1.96226e-10 8.93931e-12 -2.92058e-15)
(-5.43462e-11 2.42525e-12 -1.16823e-15)
(-1.47676e-11 6.49537e-13 0)
(-3.93694e-12 1.70562e-13 0)
(-1.03389e-12 4.67293e-14 0)
(-2.65189e-13 1.28506e-14 0)
(-6.30845e-14 4.67293e-15 -1.16823e-15)
(-1.75235e-14 -2.33646e-15 -1.75235e-15)
(-8.17763e-15 -2.33646e-15 -1.16823e-15)
(-1.16823e-15 1.16823e-15 5.84116e-16)
(3.5047e-15 4.67293e-15 0)
(0 2.33646e-15 -2.33646e-15)
(-2.33646e-15 0 0)
(-0.0415145 -0.00124523 -8.84832e-08)
(-0.0218708 -0.000944822 -5.80261e-08)
(-0.010804 -0.000562437 -3.01349e-08)
(-0.00504332 -0.000288628 -1.35398e-08)
(-0.0022391 -0.000133912 -5.43379e-09)
(-0.000950229 -5.76714e-05 -1.97235e-09)
(-0.000386948 -2.342e-05 -6.43267e-10)
(-0.000151658 -9.05802e-06 -1.8502e-10)
(-5.73519e-05 -3.35899e-06 -4.38116e-11)
(-2.09708e-05 -1.19996e-06 -6.75238e-12)
(-7.42789e-06 -4.14406e-07 7.02692e-13)
(-2.5528e-06 -1.38727e-07 1.16473e-12)
(-8.52545e-07 -4.51151e-08 6.40191e-13)
(-2.77053e-07 -1.42788e-08 2.62268e-13)
(-8.77208e-08 -4.405e-09 9.0538e-14)
(-2.70926e-08 -1.3264e-09 2.68693e-14)
(-8.17121e-09 -3.90303e-10 5.25704e-15)
(-2.4091e-09 -1.12359e-10 -1.16823e-15)
(-6.94993e-10 -3.16754e-11 -3.5047e-15)
(-1.96361e-10 -8.75707e-12 -2.33646e-15)
(-5.43812e-11 -2.37268e-12 -1.75235e-15)
(-1.47758e-11 -6.3435e-13 -5.84116e-16)
(-3.93928e-12 -1.64721e-13 -5.84116e-16)
(-1.03155e-12 -4.20564e-14 -5.84116e-16)
(-2.68693e-13 -1.16823e-14 -5.84116e-16)
(-6.77575e-14 -8.17763e-15 -1.16823e-15)
(-1.75235e-14 -3.5047e-15 1.16823e-15)
(-2.33646e-15 -2.33646e-15 -1.75235e-15)
(2.33646e-15 0 -5.84116e-16)
(0 0 -3.5047e-15)
(0 -2.33646e-15 -2.92058e-15)
(-4.67293e-15 0 -5.84116e-16)
(-0.0413982 -0.00488524 -5.69531e-08)
(-0.0211879 -0.00345093 -2.38811e-08)
(-0.0101478 -0.00192309 -7.90956e-09)
(-0.00461469 -0.00093936 -1.56473e-09)
(-0.00200804 -0.000420707 3.63084e-10)
(-0.000839659 -0.000176711 6.41684e-10)
(-0.000338287 -7.05014e-05 4.69619e-10)
(-0.000131572 -2.6926e-05 2.67876e-10)
(-4.94815e-05 -9.89539e-06 1.32839e-10)
(-1.80207e-05 -3.51215e-06 5.98211e-11)
(-6.36435e-06 -1.20725e-06 2.49359e-11)
(-2.18259e-06 -4.02769e-07 9.74715e-12)
(-7.2775e-07 -1.30661e-07 3.59523e-12)
(-2.36217e-07 -4.12804e-08 1.25643e-12)
(-7.47247e-08 -1.27187e-08 4.15307e-13)
(-2.30632e-08 -3.8263e-09 1.31426e-13)
(-6.95239e-09 -1.12521e-09 3.85517e-14)
(-2.04897e-09 -3.23781e-10 1.05141e-14)
(-5.90925e-10 -9.1253e-11 1.16823e-15)
(-1.66921e-10 -2.52093e-11 -5.84116e-16)
(-4.62234e-11 -6.83299e-12 -2.33646e-15)
(-1.25585e-11 -1.81777e-12 0)
(-3.34582e-12 -4.74302e-13 0)
(-8.78511e-13 -1.27337e-13 -1.16823e-15)
(-2.3131e-13 -3.15423e-14 0)
(-5.95798e-14 -1.28506e-14 2.33646e-15)
(-1.28506e-14 -5.84116e-15 1.16823e-15)
(1.16823e-15 0 5.84116e-16)
(2.33646e-15 0 0)
(-2.33646e-15 -4.67293e-15 -1.16823e-15)
(0 -2.33646e-15 0)
(0 -1.16823e-15 0)
(-0.0410092 -0.0132979 4.10608e-08)
(-0.0189086 -0.00788309 3.2385e-08)
(-0.00829246 -0.00385981 2.04331e-08)
(-0.00354094 -0.00172729 1.14732e-08)
(-0.00147645 -0.00072925 5.95039e-09)
(-0.000600023 -0.000294241 2.8936e-09)
(-0.000237164 -0.00011418 1.33051e-09)
(-9.10523e-05 -4.27686e-05 5.81027e-10)
(-3.3938e-05 -1.5502e-05 2.41935e-10)
(-1.22826e-05 -5.44763e-06 9.62705e-11)
(-4.31851e-06 -1.859e-06 3.67094e-11)
(-1.47622e-06 -6.16903e-07 1.34294e-11)
(-4.91056e-07 -1.99333e-07 4.72316e-12)
(-1.5911e-07 -6.27884e-08 1.59697e-12)
(-5.02667e-08 -1.9302e-08 5.18695e-13)
(-1.54991e-08 -5.79693e-09 1.618e-13)
(-4.66869e-09 -1.70252e-09 4.96499e-14)
(-1.37515e-09 -4.89423e-10 1.28506e-14)
(-3.96422e-10 -1.37836e-10 2.33646e-15)
(-1.1194e-10 -3.80633e-11 5.84116e-16)
(-3.0992e-11 -1.03132e-11 -5.84116e-16)
(-8.41828e-12 -2.74535e-12 0)
(-2.24534e-12 -7.19631e-13 0)
(-5.89957e-13 -1.84581e-13 5.84116e-16)
(-1.54207e-13 -4.67293e-14 0)
(-4.20564e-14 -1.05141e-14 2.92058e-15)
(-5.84116e-15 1.16823e-15 5.84116e-16)
(0 2.33646e-15 0)
(1.16823e-15 -1.16823e-15 0)
(0 -1.16823e-15 0)
(0 0 0)
(0 1.16823e-15 -1.75235e-15)
(-0.039772 -0.036651 2.82061e-08)
(-0.0117498 -0.0147125 1.60299e-08)
(-0.00399198 -0.00599253 8.8745e-09)
(-0.00148413 -0.0024281 4.65092e-09)
(-0.000574983 -0.000967455 2.30336e-09)
(-0.000224589 -0.000376669 1.08335e-09)
(-8.68148e-05 -0.000142844 4.85006e-10)
(-3.2894e-05 -5.26903e-05 2.07469e-10)
(-1.21606e-05 -1.88977e-05 8.48908e-11)
(-4.37766e-06 -6.59172e-06 3.33232e-11)
(-1.53362e-06 -2.23742e-06 1.25532e-11)
(-5.22925e-07 -7.39585e-07 4.54968e-12)
(-1.73635e-07 -2.38282e-07 1.58588e-12)
(-5.61863e-08 -7.48946e-08 5.32714e-13)
(-1.77332e-08 -2.29859e-08 1.72314e-13)
(-5.46377e-09 -6.89471e-09 5.25704e-14)
(-1.64489e-09 -2.02301e-09 1.57711e-14)
(-4.84291e-10 -5.81132e-10 4.08881e-15)
(-1.39565e-10 -1.63571e-10 1.16823e-15)
(-3.93986e-11 -4.51463e-11 0)
(-1.09054e-11 -1.22314e-11 0)
(-2.96147e-12 -3.25002e-12 0)
(-7.90893e-13 -8.50473e-13 -1.16823e-15)
(-2.06777e-13 -2.17291e-13 0)
(-5.37387e-14 -5.37387e-14 0)
(-1.05141e-14 -5.84116e-15 1.75235e-15)
(-2.33646e-15 0 0)
(-2.33646e-15 -2.33646e-15 0)
(-1.16823e-15 1.16823e-15 0)
(1.16823e-15 1.16823e-15 0)
(0 0 0)
(0 0 0)
(-0.0397699 0.0366426 -5.77159e-08)
(-0.011748 0.0147063 -2.20401e-08)
(-0.0039904 0.00598858 -5.73743e-09)
(-0.00148306 0.00242589 5.31633e-11)
(-0.000574364 0.00096632 1.28228e-09)
(-0.000224267 0.000376124 1.0664e-09)
(-8.66597e-05 0.000142597 6.37594e-10)
(-3.28235e-05 5.25842e-05 3.237e-10)
(-1.21301e-05 1.88541e-05 1.47931e-10)
(-4.3651e-06 6.5745e-06 6.22183e-11)
(-1.52865e-06 2.23089e-06 2.4471e-11)
(-5.21033e-07 7.37196e-07 9.03978e-12)
(-1.7294e-07 2.37438e-07 3.15715e-12)
(-5.59401e-08 7.46058e-08 1.03739e-12)
(-1.76488e-08 2.28901e-08 3.22432e-13)
(-5.4357e-09 6.86387e-09 9.17062e-14)
(-1.63583e-09 2.01334e-09 2.27805e-14)
(-4.81441e-10 5.7819e-10 4.08881e-15)
(-1.38695e-10 1.62695e-10 -1.16823e-15)
(-3.91416e-11 4.4894e-11 -2.92058e-15)
(-1.08342e-11 1.21508e-11 -1.75235e-15)
(-2.94161e-12 3.22783e-12 -1.16823e-15)
(-7.82716e-13 8.41127e-13 -1.16823e-15)
(-2.04441e-13 2.14955e-13 -5.84116e-16)
(-5.37387e-14 4.78975e-14 -1.16823e-15)
(-1.16823e-14 1.16823e-14 0)
(-2.33646e-15 0 0)
(0 -1.16823e-15 -5.84116e-16)
(0 0 -1.16823e-15)
(-1.16823e-15 -1.16823e-15 -5.84116e-16)
(0 -1.16823e-15 -5.84116e-16)
(1.16823e-15 -1.16823e-15 0)
(-0.0410074 0.0132992 1.0074e-08)
(-0.018906 0.00788372 3.3759e-08)
(-0.00829002 0.00385999 3.2434e-08)
(-0.0035392 0.00172727 2.27519e-08)
(-0.0014754 0.000729184 1.35177e-08)
(-0.000599456 0.000294188 7.19375e-09)
(-0.00023688 0.000114148 3.51567e-09)
(-9.09199e-05 4.2752e-05 1.60213e-09)
(-3.38796e-05 1.54943e-05 6.86599e-10)
(-1.22581e-05 5.4443e-06 2.78521e-10)
(-4.30866e-06 1.85765e-06 1.07368e-10)
(-1.47242e-06 6.16383e-07 3.9457e-11)
(-4.8965e-07 1.99141e-07 1.38482e-11)
(-1.58608e-07 6.27207e-08 4.64489e-12)
(-5.00932e-08 1.92789e-08 1.49125e-12)
(-1.54411e-08 5.78933e-09 4.55611e-13)
(-4.64985e-09 1.70009e-09 1.30842e-13)
(-1.36921e-09 4.88669e-10 3.5047e-14)
(-3.94603e-10 1.37606e-10 7.59351e-15)
(-1.11398e-10 3.79897e-11 1.16823e-15)
(-3.08332e-11 1.02956e-11 -1.75235e-15)
(-8.37272e-12 2.74067e-12 0)
(-2.22899e-12 7.17295e-13 -2.33646e-15)
(-5.86453e-13 1.86917e-13 -2.33646e-15)
(-1.49534e-13 5.0234e-14 0)
(-3.38787e-14 1.40188e-14 5.84116e-16)
(-9.34586e-15 3.5047e-15 -5.84116e-16)
(-5.84116e-15 1.16823e-15 -2.33646e-15)
(0 -1.16823e-15 -5.84116e-16)
(1.16823e-15 0 -1.16823e-15)
(0 0 0)
(0 1.16823e-15 0)
(-0.0413977 0.00488994 2.2099e-08)
(-0.0211872 0.00345447 3.91078e-08)
(-0.0101468 0.0019253 3.6559e-08)
(-0.00461386 0.000940578 2.63257e-08)
(-0.00200745 0.00042132 1.62064e-08)
(-0.000839303 0.000176999 8.89355e-09)
(-0.000338095 7.06303e-05 4.46525e-09)
(-0.000131477 2.69809e-05 2.07775e-09)
(-4.94378e-05 9.91779e-06 9.06507e-10)
(-1.80017e-05 3.52094e-06 3.728e-10)
(-6.35656e-06 1.21057e-06 1.45475e-10)
(-2.17954e-06 4.03983e-07 5.39729e-11)
(-7.26602e-07 1.3109e-07 1.91164e-11)
(-2.35802e-07 4.1427e-08 6.46149e-12)
(-7.45801e-08 1.27674e-08 2.0888e-12)
(-2.30145e-08 3.84198e-09 6.41944e-13)
(-6.93648e-09 1.13012e-09 1.85749e-13)
(-2.04393e-09 3.25277e-10 4.84816e-14)
(-5.89373e-10 9.16969e-11 9.34586e-15)
(-1.66453e-10 2.53401e-11 1.16823e-15)
(-4.60844e-11 6.87037e-12 0)
(-1.25153e-11 1.82945e-12 0)
(-3.33647e-12 4.80143e-13 -5.84116e-16)
(-8.76174e-13 1.22664e-13 -2.92058e-15)
(-2.27805e-13 3.27105e-14 -1.16823e-15)
(-5.72434e-14 5.84116e-15 -1.16823e-15)
(-1.40188e-14 0 -5.84116e-16)
(-3.5047e-15 0 -1.16823e-15)
(0 1.16823e-15 0)
(0 1.16823e-15 -5.84116e-16)
(0 0 -5.84116e-16)
(1.16823e-15 0 0)
(-0.0415147 0.00124738 3.48561e-08)
(-0.0218707 0.000946705 5.3043e-08)
(-0.0108039 0.000563889 4.91053e-08)
(-0.00504319 0.000289599 3.56131e-08)
(-0.00223898 0.000134484 2.203e-08)
(-0.000950145 5.79749e-05 1.21416e-08)
(-0.000386899 2.35682e-05 6.10473e-09)
(-0.000151632 9.12551e-06 2.84654e-09)
(-5.73395e-05 3.38795e-06 1.24315e-09)
(-2.09653e-05 1.21175e-06 5.12647e-10)
(-7.42561e-06 4.18988e-07 2.00594e-10)
(-2.5519e-06 1.40435e-07 7.48171e-11)
(-8.52206e-07 4.57272e-08 2.6662e-11)
(-2.7693e-07 1.44905e-08 9.10228e-12)
(-8.76782e-08 4.4758e-09 2.97724e-12)
(-2.70783e-08 1.34934e-09 9.34002e-13)
(-8.16656e-09 3.97519e-10 2.80376e-13)
(-2.40764e-09 1.1456e-10 7.71033e-14)
(-6.94536e-10 3.23285e-11 1.92758e-14)
(-1.96223e-10 8.94165e-12 2.92058e-15)
(-5.43415e-11 2.42525e-12 0)
(-1.47641e-11 6.47201e-13 -5.84116e-16)
(-3.93694e-12 1.70562e-13 -2.33646e-15)
(-1.03272e-12 4.67293e-14 -5.84116e-16)
(-2.65189e-13 1.28506e-14 -1.16823e-15)
(-6.89257e-14 3.5047e-15 -1.75235e-15)
(-1.5187e-14 2.33646e-15 -1.16823e-15)
(-4.67293e-15 -1.16823e-15 -1.16823e-15)
(0 0 0)
(-1.16823e-15 -1.16823e-15 0)
(0 0 -5.84116e-16)
(1.16823e-15 0 0)
(-0.0415144 -0.00124523 -2.35093e-09)
(-0.0218707 -0.000944797 2.42586e-08)
(-0.0108039 -0.000562415 3.26801e-08)
(-0.00504327 -0.000288615 2.72761e-08)
(-0.00223907 -0.000133906 1.80711e-08)
(-0.000950219 -5.76682e-05 1.03418e-08)
(-0.000386945 -2.34186e-05 5.32225e-09)
(-0.000151657 -9.05746e-06 2.51981e-09)
(-5.73516e-05 -3.35877e-06 1.11279e-09)
(-2.09707e-05 -1.19988e-06 4.62756e-10)
(-7.42788e-06 -4.14376e-07 1.82355e-10)
(-2.5528e-06 -1.38717e-07 6.84228e-11)
(-8.52547e-07 -4.51115e-08 2.45218e-11)
(-2.77054e-07 -1.42776e-08 8.41302e-12)
(-8.77213e-08 -4.4046e-09 2.76754e-12)
(-2.70928e-08 -1.32627e-09 8.73254e-13)
(-8.17127e-09 -3.90258e-10 2.6402e-13)
(-2.40912e-09 -1.12341e-10 7.5351e-14)
(-6.94993e-10 -3.16696e-11 1.98599e-14)
(-1.9636e-10 -8.7524e-12 4.67293e-15)
(-5.43777e-11 -2.37502e-12 0)
(-1.47723e-11 -6.29677e-13 0)
(-3.93577e-12 -1.62384e-13 0)
(-1.03272e-12 -4.20564e-14 -1.75235e-15)
(-2.7103e-13 -9.34586e-15 -5.84116e-16)
(-6.77575e-14 -2.33646e-15 -1.75235e-15)
(-1.98599e-14 -2.33646e-15 1.75235e-15)
(-3.5047e-15 0 0)
(0 0 -1.16823e-15)
(0 0 -5.84116e-16)
(0 0 -5.84116e-16)
(1.16823e-15 0 -1.16823e-15)
(-0.041398 -0.00488498 5.07706e-08)
(-0.0211878 -0.00345075 7.25842e-08)
(-0.0101477 -0.00192299 6.02728e-08)
(-0.00461468 -0.00093931 4.00714e-08)
(-0.00200803 -0.000420684 2.3262e-08)
(-0.000839658 -0.000176701 1.22341e-08)
(-0.000338288 -7.04975e-05 5.94886e-09)
(-0.000131573 -2.69245e-05 2.70674e-09)
(-4.9482e-05 -9.89482e-06 1.1622e-09)
(-1.80209e-05 -3.51194e-06 4.73589e-10)
(-6.36445e-06 -1.20717e-06 1.83984e-10)
(-2.18264e-06 -4.02745e-07 6.83579e-11)
(-7.27767e-07 -1.30653e-07 2.43536e-11)
(-2.36223e-07 -4.12778e-08 8.33475e-12)
(-7.47269e-08 -1.27179e-08 2.74184e-12)
(-2.3064e-08 -3.82603e-09 8.67997e-13)
(-6.95263e-09 -1.12512e-09 2.66941e-13)
(-2.04905e-09 -3.23751e-10 7.76874e-14)
(-5.9095e-10 -9.12424e-11 2.10282e-14)
(-1.66926e-10 -2.52058e-11 3.5047e-15)
(-4.62199e-11 -6.82949e-12 0)
(-1.25538e-11 -1.81777e-12 -5.84116e-16)
(-3.34815e-12 -4.76639e-13 -2.33646e-15)
(-8.78511e-13 -1.25001e-13 -5.84116e-16)
(-2.27805e-13 -3.38787e-14 -1.16823e-15)
(-5.72434e-14 -9.34586e-15 1.75235e-15)
(-1.28506e-14 -3.5047e-15 1.75235e-15)
(-4.67293e-15 1.16823e-15 1.16823e-15)
(0 0 0)
(0 1.16823e-15 0)
(0 1.16823e-15 0)
(0 -3.5047e-15 0)
(-0.0410092 -0.0132978 9.30324e-08)
(-0.0189087 -0.00788301 8.50238e-08)
(-0.0082925 -0.00385978 5.99588e-08)
(-0.00354097 -0.00172728 3.62469e-08)
(-0.00147646 -0.000729246 1.97282e-08)
(-0.000600032 -0.00029424 9.91788e-09)
(-0.000237168 -0.00011418 4.66595e-09)
(-9.10545e-05 -4.27687e-05 2.0729e-09)
(-3.3939e-05 -1.55021e-05 8.74253e-10)
(-1.2283e-05 -5.44769e-06 3.51708e-10)
(-4.31868e-06 -1.85903e-06 1.35345e-10)
(-1.47628e-06 -6.16914e-07 4.99717e-11)
(-4.9108e-07 -1.99337e-07 1.7732e-11)
(-1.59118e-07 -6.27898e-08 6.05904e-12)
(-5.02696e-08 -1.93025e-08 1.99476e-12)
(-1.55001e-08 -5.79708e-09 6.32598e-13)
(-4.66899e-09 -1.70256e-09 1.93342e-13)
(-1.37524e-09 -4.89434e-10 5.66593e-14)
(-3.96448e-10 -1.37837e-10 1.22664e-14)
(-1.11946e-10 -3.80563e-11 2.33646e-15)
(-3.0992e-11 -1.03108e-11 -2.33646e-15)
(-8.41594e-12 -2.74535e-12 0)
(-2.24534e-12 -7.19631e-13 0)
(-5.89957e-13 -1.85749e-13 1.16823e-15)
(-1.53038e-13 -4.43928e-14 0)
(-3.97199e-14 -7.00939e-15 5.84116e-16)
(-1.05141e-14 -2.33646e-15 0)
(0 0 0)
(0 0 5.84116e-16)
(0 0 0)
(-1.16823e-15 0 0)
(1.16823e-15 0 0)
(-0.0397721 -0.0366511 1.53747e-08)
(-0.0117499 -0.0147126 1.11296e-08)
(-0.003992 -0.00599258 8.2331e-09)
(-0.00148415 -0.00242813 5.52248e-09)
(-0.00057499 -0.000967472 3.29476e-09)
(-0.000224592 -0.000376677 1.77434e-09)
(-8.68165e-05 -0.000142848 8.78165e-10)
(-3.28948e-05 -5.26919e-05 4.04594e-10)
(-1.21609e-05 -1.88984e-05 1.75248e-10)
(-4.37781e-06 -6.59198e-06 7.18264e-11)
(-1.53368e-06 -2.23752e-06 2.7999e-11)
(-5.22947e-07 -7.39621e-07 1.04148e-11)
(-1.73643e-07 -2.38295e-07 3.70914e-12)
(-5.61891e-08 -7.48989e-08 1.26636e-12)
(-1.77341e-08 -2.29873e-08 4.14138e-13)
(-5.46408e-09 -6.89514e-09 1.27921e-13)
(-1.64498e-09 -2.02314e-09 3.85517e-14)
(-4.84323e-10 -5.8117e-10 9.34586e-15)
(-1.39572e-10 -1.63577e-10 1.75235e-15)
(-3.9401e-11 -4.5151e-11 1.75235e-15)
(-1.09054e-11 -1.22291e-11 1.16823e-15)
(-2.96381e-12 -3.25236e-12 0)
(-7.88557e-13 -8.50473e-13 0)
(-2.06777e-13 -2.18459e-13 0)
(-4.90658e-14 -5.60751e-14 1.16823e-15)
(-1.40188e-14 -1.63553e-14 1.16823e-15)
(-3.5047e-15 0 0)
(-2.33646e-15 0 0)
(0 0 5.84116e-16)
(-1.16823e-15 0 5.84116e-16)
(0 0 -5.84116e-16)
(1.16823e-15 3.5047e-15 0)
(-0.0397698 0.0366428 1.18575e-07)
(-0.011748 0.0147065 1.33752e-07)
(-0.00399041 0.00598871 9.97474e-08)
(-0.00148307 0.00242597 5.98447e-08)
(-0.000574375 0.000966363 3.16271e-08)
(-0.000224274 0.000376146 1.53445e-08)
(-8.66634e-05 0.000142608 6.9738e-09)
(-3.28253e-05 5.25886e-05 3.00104e-09)
(-1.21309e-05 1.88559e-05 1.23087e-09)
(-4.36544e-06 6.57524e-06 4.83013e-10)
(-1.52879e-06 2.23117e-06 1.81952e-10)
(-5.21085e-07 7.37297e-07 6.5907e-11)
(-1.72959e-07 2.37473e-07 2.30066e-11)
(-5.59467e-08 7.46175e-08 7.74421e-12)
(-1.76509e-08 2.28938e-08 2.51871e-12)
(-5.43637e-09 6.86501e-09 7.92061e-13)
(-1.63603e-09 2.01368e-09 2.43576e-13)
(-4.815e-10 5.78281e-10 6.95098e-14)
(-1.38714e-10 1.6272e-10 1.92758e-14)
(-3.9144e-11 4.48963e-11 4.08881e-15)
(-1.08307e-11 1.21531e-11 1.75235e-15)
(-2.94044e-12 3.22783e-12 1.16823e-15)
(-7.82716e-13 8.38791e-13 1.16823e-15)
(-2.04441e-13 2.12618e-13 5.84116e-16)
(-5.60751e-14 5.14022e-14 1.16823e-15)
(-1.16823e-14 1.16823e-14 0)
(0 1.16823e-15 0)
(0 0 0)
(0 0 0)
(0 0 5.84116e-16)
(-1.16823e-15 0 5.84116e-16)
(1.16823e-15 0 5.84116e-16)
(-0.0410074 0.0132993 5.18809e-07)
(-0.0189061 0.00788385 4.31824e-07)
(-0.00829009 0.00386009 2.83651e-07)
(-0.00353927 0.00172733 1.61173e-07)
(-0.00147544 0.000729218 8.30114e-08)
(-0.000599481 0.000294205 3.96968e-08)
(-0.000236894 0.000114156 1.78653e-08)
(-9.09264e-05 4.27558e-05 7.62652e-09)
(-3.38825e-05 1.54959e-05 3.10473e-09)
(-1.22593e-05 5.44494e-06 1.20961e-09)
(-4.30916e-06 1.8579e-06 4.52314e-10)
(-1.47261e-06 6.16474e-07 1.62655e-10)
(-4.89721e-07 1.99173e-07 5.6352e-11)
(-1.58633e-07 6.27317e-08 1.88278e-11)
(-5.01016e-08 1.92825e-08 6.07364e-12)
(-1.54438e-08 5.79045e-09 1.8937e-12)
(-4.6507e-09 1.70043e-09 5.72434e-13)
(-1.36946e-09 4.88765e-10 1.65889e-13)
(-3.94673e-10 1.37633e-10 4.55611e-14)
(-1.1142e-10 3.80026e-11 1.10982e-14)
(-3.08367e-11 1.02956e-11 3.5047e-15)
(-8.37506e-12 2.73717e-12 1.16823e-15)
(-2.23249e-12 7.1379e-13 0)
(-5.8178e-13 1.82244e-13 -1.75235e-15)
(-1.47197e-13 4.67293e-14 0)
(-3.85517e-14 1.16823e-14 -5.84116e-16)
(-9.34586e-15 2.33646e-15 -1.16823e-15)
(-2.33646e-15 0 0)
(0 -1.16823e-15 5.84116e-16)
(0 0 0)
(0 0 0)
(0 0 0)
(-0.0413976 0.00488998 5.91933e-07)
(-0.0211872 0.00345451 4.86124e-07)
(-0.0101469 0.00192534 3.29695e-07)
(-0.00461394 0.000940604 1.9546e-07)
(-0.0020075 0.000421336 1.04752e-07)
(-0.000839336 0.000177009 5.18316e-08)
(-0.000338113 7.0635e-05 2.39809e-08)
(-0.000131485 2.69832e-05 1.04732e-08)
(-4.94417e-05 9.91877e-06 4.3428e-09)
(-1.80034e-05 3.52135e-06 1.71877e-09)
(-6.35726e-06 1.21073e-06 6.51275e-10)
(-2.17981e-06 4.04044e-07 2.37073e-10)
(-7.26702e-07 1.31112e-07 8.30409e-11)
(-2.35838e-07 4.14346e-08 2.80557e-11)
(-7.45921e-08 1.27699e-08 9.15018e-12)
(-2.30185e-08 3.8428e-09 2.88553e-12)
(-6.93771e-09 1.13038e-09 8.80263e-13)
(-2.0443e-09 3.25353e-10 2.59348e-13)
(-5.89474e-10 9.17179e-11 7.47669e-14)
(-1.66482e-10 2.5346e-11 2.10282e-14)
(-4.60961e-11 6.87388e-12 4.67293e-15)
(-1.25234e-11 1.82945e-12 1.16823e-15)
(-3.33764e-12 4.78975e-13 -1.75235e-15)
(-8.75006e-13 1.22664e-13 -1.75235e-15)
(-2.24301e-13 2.80376e-14 0)
(-5.37387e-14 3.5047e-15 -1.75235e-15)
(-1.28506e-14 1.16823e-15 -1.16823e-15)
(-3.5047e-15 2.33646e-15 0)
(0 0 5.84116e-16)
(1.16823e-15 0 5.84116e-16)
(0 0 5.84116e-16)
(0 0 -5.84116e-16)
(-0.0415147 0.00124738 5.69639e-07)
(-0.0218707 0.000946703 4.8395e-07)
(-0.010804 0.000563892 3.4042e-07)
(-0.00504327 0.000289603 2.0807e-07)
(-0.00223904 0.000134487 1.14263e-07)
(-0.000950183 5.79772e-05 5.76045e-08)
(-0.000386919 2.35695e-05 2.70541e-08)
(-0.000151643 9.12617e-06 1.19554e-08)
(-5.73443e-05 3.38825e-06 5.00772e-09)
(-2.09673e-05 1.21188e-06 1.99882e-09)
(-7.42646e-06 4.19043e-07 7.63448e-10)
(-2.55223e-06 1.40457e-07 2.79931e-10)
(-8.5233e-07 4.57354e-08 9.87898e-11)
(-2.76974e-07 1.44935e-08 3.36229e-11)
(-8.76934e-08 4.47684e-09 1.10556e-11)
(-2.70833e-08 1.3497e-09 3.51638e-12)
(-8.16814e-09 3.97638e-10 1.08237e-12)
(-2.40812e-09 1.14605e-10 3.24769e-13)
(-6.94681e-10 3.23448e-11 9.40427e-14)
(-1.96263e-10 8.94749e-12 2.45329e-14)
(-5.43543e-11 2.42642e-12 5.25704e-15)
(-1.47711e-11 6.50705e-13 0)
(-3.94045e-12 1.69394e-13 0)
(-1.03038e-12 4.55611e-14 -1.16823e-15)
(-2.65189e-13 1.05141e-14 -1.16823e-15)
(-6.5421e-14 3.5047e-15 -1.16823e-15)
(-1.28506e-14 3.5047e-15 -5.84116e-16)
(-4.67293e-15 0 1.16823e-15)
(-1.16823e-15 1.16823e-15 -5.84116e-16)
(1.16823e-15 0 -5.84116e-16)
(0 0 0)
(0 -1.16823e-15 0)
(-0.0415144 -0.0012452 6.38679e-07)
(-0.0218707 -0.000944783 5.27743e-07)
(-0.010804 -0.000562414 3.5487e-07)
(-0.00504335 -0.000288619 2.08752e-07)
(-0.00223913 -0.00013391 1.11319e-07)
(-0.000950254 -5.76712e-05 5.49172e-08)
(-0.000386964 -2.34203e-05 2.53807e-08)
(-0.000151667 -9.0583e-06 1.10838e-08)
(-5.7356e-05 -3.35915e-06 4.60117e-09)
(-2.09726e-05 -1.20004e-06 1.82423e-09)
(-7.42868e-06 -4.14439e-07 6.93128e-10)
(-2.55312e-06 -1.3874e-07 2.5314e-10)
(-8.52665e-07 -4.51197e-08 8.9052e-11)
(-2.77096e-07 -1.42803e-08 3.02379e-11)
(-8.77359e-08 -4.40547e-09 9.92296e-12)
(-2.70977e-08 -1.32653e-09 3.15014e-12)
(-8.17281e-09 -3.9033e-10 9.69633e-13)
(-2.40959e-09 -1.12361e-10 2.89722e-13)
(-6.95132e-10 -3.16731e-11 8.35286e-14)
(-1.96401e-10 -8.75473e-12 2.39488e-14)
(-5.43929e-11 -2.37385e-12 7.00939e-15)
(-1.47781e-11 -6.33182e-13 0)
(-3.94278e-12 -1.63553e-13 -1.75235e-15)
(-1.03389e-12 -4.20564e-14 -2.92058e-15)
(-2.66357e-13 -1.05141e-14 -2.92058e-15)
(-6.07481e-14 -1.16823e-15 -5.84116e-16)
(-1.5187e-14 0 -5.84116e-16)
(-8.17763e-15 0 1.75235e-15)
(0 0 0)
(0 0 5.84116e-16)
(0 0 0)
(0 0 -5.84116e-16)
(-0.041398 -0.00488505 5.98068e-07)
(-0.0211879 -0.00345081 5.06561e-07)
(-0.0101478 -0.00192303 3.41736e-07)
(-0.00461477 -0.000939342 1.98236e-07)
(-0.00200809 -0.000420704 1.0387e-07)
(-0.000839693 -0.000176712 5.04647e-08)
(-0.000338306 -7.05027e-05 2.30604e-08)
(-0.000131581 -2.69269e-05 9.99592e-09)
(-4.9486e-05 -9.89586e-06 4.13288e-09)
(-1.80226e-05 -3.51237e-06 1.63637e-09)
(-6.36516e-06 -1.20734e-06 6.22336e-10)
(-2.18291e-06 -4.02806e-07 2.27904e-10)
(-7.2787e-07 -1.30675e-07 8.05239e-11)
(-2.3626e-07 -4.12851e-08 2.75008e-11)
(-7.47396e-08 -1.27203e-08 9.08885e-12)
(-2.30682e-08 -3.82678e-09 2.91007e-12)
(-6.95398e-09 -1.12535e-09 9.0538e-13)
(-2.04946e-09 -3.2382e-10 2.7395e-13)
(-5.91073e-10 -9.1267e-11 8.0608e-14)
(-1.66964e-10 -2.52151e-11 2.39488e-14)
(-4.62363e-11 -6.83649e-12 6.42528e-15)
(-1.25597e-11 -1.82244e-12 5.84116e-16)
(-3.34932e-12 -4.73134e-13 -5.84116e-16)
(-8.75006e-13 -1.20328e-13 -1.16823e-15)
(-2.25469e-13 -2.80376e-14 0)
(-5.60751e-14 -8.17763e-15 0)
(-9.34586e-15 -4.67293e-15 0)
(-3.5047e-15 0 0)
(-2.33646e-15 0 -5.84116e-16)
(0 2.33646e-15 1.16823e-15)
(0 0 0)
(0 1.16823e-15 0)
(-0.0410092 -0.013298 2.30902e-07)
(-0.0189087 -0.00788321 1.74998e-07)
(-0.00829256 -0.00385991 1.1426e-07)
(-0.00354102 -0.00172736 6.70288e-08)
(-0.0014765 -0.00072929 3.59214e-08)
(-0.000600053 -0.000294262 1.78287e-08)
(-0.000237179 -0.00011419 8.28772e-09)
(-9.10599e-05 -4.27732e-05 3.63797e-09)
(-3.39415e-05 -1.5504e-05 1.51743e-09)
(-1.22841e-05 -5.44844e-06 6.04157e-10)
(-4.31912e-06 -1.85931e-06 2.30437e-10)
(-1.47645e-06 -6.17019e-07 8.4427e-11)
(-4.91144e-07 -1.99374e-07 2.978e-11)
(-1.59142e-07 -6.28025e-08 1.01321e-11)
(-5.02776e-08 -1.93066e-08 3.32654e-12)
(-1.55027e-08 -5.79841e-09 1.05725e-12)
(-4.66985e-09 -1.70297e-09 3.24769e-13)
(-1.37551e-09 -4.89558e-10 9.69633e-14)
(-3.9653e-10 -1.37874e-10 2.86217e-14)
(-1.11972e-10 -3.8068e-11 6.42528e-15)
(-3.09955e-11 -1.03132e-11 1.16823e-15)
(-8.41594e-12 -2.7395e-12 -5.84116e-16)
(-2.24301e-12 -7.1379e-13 -5.84116e-16)
(-5.89957e-13 -1.82244e-13 0)
(-1.54207e-13 -4.43928e-14 0)
(-3.85517e-14 -9.34586e-15 1.16823e-15)
(-8.17763e-15 -4.67293e-15 1.16823e-15)
(0 -2.33646e-15 0)
(0 0 -5.84116e-16)
(0 0 1.16823e-15)
(0 0 0)
(0 0 1.75235e-15)
(-0.039772 -0.0366512 -8.43785e-08)
(-0.0117498 -0.0147127 -3.96195e-08)
(-0.00399199 -0.00599266 -1.6928e-08)
(-0.00148414 -0.00242818 -5.94336e-09)
(-0.000574991 -0.000967502 -1.56088e-09)
(-0.000224594 -0.000376692 -1.70182e-10)
(-8.68175e-05 -0.000142855 1.31839e-10)
(-3.28954e-05 -5.26953e-05 1.27704e-10)
(-1.21612e-05 -1.88998e-05 7.5365e-11)
(-4.37796e-06 -6.59257e-06 3.66603e-11)
(-1.53374e-06 -2.23775e-06 1.58798e-11)
(-5.22974e-07 -7.39706e-07 6.31722e-12)
(-1.73653e-07 -2.38325e-07 2.34464e-12)
(-5.61929e-08 -7.49093e-08 8.20099e-13)
(-1.77355e-08 -2.29907e-08 2.69862e-13)
(-5.46452e-09 -6.89624e-09 8.52809e-14)
(-1.64512e-09 -2.02347e-09 2.27805e-14)
(-4.84362e-10 -5.81264e-10 5.84116e-15)
(-1.39583e-10 -1.63602e-10 2.92058e-15)
(-3.94033e-11 -4.51545e-11 0)
(-1.09066e-11 -1.22267e-11 -1.16823e-15)
(-2.96264e-12 -3.25002e-12 1.75235e-15)
(-7.88557e-13 -8.50473e-13 1.16823e-15)
(-2.05609e-13 -2.18459e-13 2.33646e-15)
(-5.25704e-14 -5.37387e-14 1.16823e-15)
(-1.63553e-14 -1.16823e-14 -1.16823e-15)
(-1.16823e-15 0 -1.16823e-15)
(-2.33646e-15 0 0)
(0 0 0)
(2.33646e-15 -2.33646e-15 1.16823e-15)
(-3.5047e-15 0 5.84116e-16)
(1.16823e-15 0 0)
(-0.0397698 0.0366439 1.0703e-07)
(-0.011748 0.0147074 1.18455e-07)
(-0.00399054 0.00598935 8.7687e-08)
(-0.0014832 0.00242633 5.20096e-08)
(-0.000574453 0.00096655 2.71564e-08)
(-0.000224317 0.000376234 1.3046e-08)
(-8.66844e-05 0.000142647 5.88272e-09)
(-3.2835e-05 5.26054e-05 2.5188e-09)
(-1.21352e-05 1.88627e-05 1.02972e-09)
(-4.3672e-06 6.57789e-06 4.03763e-10)
(-1.52948e-06 2.23216e-06 1.52189e-10)
(-5.21351e-07 7.37653e-07 5.52848e-11)
(-1.73057e-07 2.37597e-07 1.93798e-11)
(-5.59811e-08 7.46589e-08 6.56663e-12)
(-1.76627e-08 2.29073e-08 2.15247e-12)
(-5.44025e-09 6.86924e-09 6.84584e-13)
(-1.63727e-09 2.01497e-09 2.1145e-13)
(-4.8189e-10 5.78659e-10 6.30845e-14)
(-1.38827e-10 1.62824e-10 1.69394e-14)
(-3.91743e-11 4.4922e-11 5.84116e-15)
(-1.08412e-11 1.21636e-11 2.33646e-15)
(-2.94395e-12 3.22899e-12 0)
(-7.82716e-13 8.38791e-13 0)
(-2.04441e-13 2.10282e-13 0)
(-5.37387e-14 5.0234e-14 5.84116e-16)
(-1.5187e-14 8.17763e-15 0)
(0 0 0)
(0 -1.16823e-15 0)
(0 -1.16823e-15 0)
(0 0 0)
(0 -3.5047e-15 0)
(0 -1.16823e-15 0)
(-0.0410074 0.0133001 4.46587e-07)
(-0.0189065 0.00788442 3.62957e-07)
(-0.00829056 0.00386045 2.33681e-07)
(-0.0035396 0.00172754 1.30485e-07)
(-0.00147564 0.00072933 6.62048e-08)
(-0.000599586 0.000294261 3.12451e-08)
(-0.000236945 0.000114182 1.39059e-08)
(-9.09494e-05 4.27669e-05 5.87994e-09)
(-3.38924e-05 1.55005e-05 2.3752e-09)
(-1.22634e-05 5.44677e-06 9.19524e-10)
(-4.31075e-06 1.85859e-06 3.42216e-10)
(-1.47321e-06 6.16725e-07 1.22645e-10)
(-4.89937e-07 1.99261e-07 4.24138e-11)
(-1.58708e-07 6.27613e-08 1.41677e-11)
(-5.0127e-08 1.92922e-08 4.57772e-12)
(-1.54521e-08 5.79352e-09 1.43167e-12)
(-4.65331e-09 1.70137e-09 4.35166e-13)
(-1.37026e-09 4.89047e-10 1.27337e-13)
(-3.9491e-10 1.37716e-10 3.67993e-14)
(-1.11483e-10 3.80248e-11 9.92997e-15)
(-3.08542e-11 1.02991e-11 2.92058e-15)
(-8.37973e-12 2.74067e-12 1.16823e-15)
(-2.236e-12 7.1379e-13 0)
(-5.85284e-13 1.79908e-13 -1.16823e-15)
(-1.47197e-13 4.32246e-14 -1.16823e-15)
(-3.62152e-14 9.34586e-15 -1.16823e-15)
(-8.17763e-15 0 0)
(-1.16823e-15 0 0)
(0 0 0)
(0 -1.16823e-15 1.16823e-15)
(-2.33646e-15 2.33646e-15 -5.84116e-16)
(2.33646e-15 -2.33646e-15 0)
(-0.0413978 0.00489004 5.02547e-07)
(-0.0211877 0.00345457 4.0267e-07)
(-0.0101474 0.00192542 2.68336e-07)
(-0.00461431 0.000940672 1.56897e-07)
(-0.00200774 0.000421383 8.30963e-08)
(-0.000839465 0.000177035 4.07119e-08)
(-0.000338178 7.06486e-05 1.86746e-08)
(-0.000131516 2.69896e-05 8.09925e-09)
(-4.94553e-05 9.9216e-06 3.33871e-09)
(-1.80091e-05 3.52252e-06 1.31572e-09)
(-6.35953e-06 1.21119e-06 4.96912e-10)
(-2.18068e-06 4.04218e-07 1.80581e-10)
(-7.2702e-07 1.31175e-07 6.32148e-11)
(-2.3595e-07 4.14566e-08 2.13839e-11)
(-7.46305e-08 1.27774e-08 6.99187e-12)
(-2.30311e-08 3.84523e-09 2.21614e-12)
(-6.94174e-09 1.13115e-09 6.81663e-13)
(-2.04554e-09 3.25592e-10 2.03857e-13)
(-5.89851e-10 9.17892e-11 5.89957e-14)
(-1.66593e-10 2.5367e-11 1.5187e-14)
(-4.6123e-11 6.87738e-12 4.08881e-15)
(-1.25293e-11 1.83062e-12 1.75235e-15)
(-3.34114e-12 4.80143e-13 0)
(-8.72669e-13 1.27337e-13 1.16823e-15)
(-2.27805e-13 3.5047e-14 0)
(-5.95798e-14 7.00939e-15 -1.16823e-15)
(-9.34586e-15 1.16823e-15 -1.16823e-15)
(0 0 0)
(0 -2.33646e-15 0)
(0 -4.67293e-15 0)
(0 -2.33646e-15 0)
(0 2.33646e-15 0)
(-0.0415148 0.00124748 4.7498e-07)
(-0.0218711 0.000946788 3.9449e-07)
(-0.0108045 0.00056394 2.72814e-07)
(-0.00504364 0.000289625 1.6441e-07)
(-0.00223928 0.000134497 8.92253e-08)
(-0.00095032 5.7981e-05 4.45238e-08)
(-0.00038699 2.3571e-05 2.07332e-08)
(-0.000151676 9.12673e-06 9.09611e-09)
(-5.73595e-05 3.38846e-06 3.78819e-09)
(-2.09738e-05 1.21196e-06 1.5051e-09)
(-7.42905e-06 4.19072e-07 5.73025e-10)
(-2.55323e-06 1.40467e-07 2.09668e-10)
(-8.52699e-07 4.57393e-08 7.39403e-11)
(-2.77106e-07 1.44949e-08 2.51789e-11)
(-8.77385e-08 4.47735e-09 8.2962e-12)
(-2.70983e-08 1.34987e-09 2.6478e-12)
(-8.17295e-09 3.97697e-10 8.18931e-13)
(-2.40961e-09 1.14625e-10 2.47081e-13)
(-6.95134e-10 3.23495e-11 7.0678e-14)
(-1.96399e-10 8.94749e-12 1.92758e-14)
(-5.43894e-11 2.42642e-12 5.25704e-15)
(-1.47758e-11 6.44864e-13 5.84116e-16)
(-3.93928e-12 1.70562e-13 2.33646e-15)
(-1.03389e-12 4.55611e-14 0)
(-2.66357e-13 8.17763e-15 2.33646e-15)
(-6.89257e-14 2.33646e-15 1.16823e-15)
(-1.5187e-14 2.33646e-15 0)
(-1.16823e-15 1.16823e-15 -1.16823e-15)
(-4.67293e-15 2.33646e-15 0)
(0 2.33646e-15 -2.33646e-15)
(2.33646e-15 -2.33646e-15 -1.16823e-15)
(2.33646e-15 0 1.16823e-15)
(-0.0415144 -0.00124517 5.52547e-07)
(-0.0218712 -0.000944752 4.45458e-07)
(-0.0108046 -0.000562413 2.92055e-07)
(-0.00504376 -0.000288635 1.67936e-07)
(-0.00223938 -0.000133926 8.78139e-08)
(-0.000950391 -5.76825e-05 4.2603e-08)
(-0.000387032 -2.34266e-05 1.94151e-08)
(-0.000151699 -9.06138e-06 8.37892e-09)
(-5.73701e-05 -3.36052e-06 3.44457e-09)
(-2.09785e-05 -1.2006e-06 1.35472e-09)
(-7.43102e-06 -4.14659e-07 5.11477e-10)
(-2.55401e-06 -1.38821e-07 1.85882e-10)
(-8.52993e-07 -4.51481e-08 6.51722e-11)
(-2.77212e-07 -1.42899e-08 2.20872e-11)
(-8.77755e-08 -4.40853e-09 7.24479e-12)
(-2.71107e-08 -1.32748e-09 2.30259e-12)
(-8.17699e-09 -3.90615e-10 7.09701e-13)
(-2.41089e-09 -1.12444e-10 2.13786e-13)
(-6.95525e-10 -3.16941e-11 6.13322e-14)
(-1.96514e-10 -8.75707e-12 1.75235e-14)
(-5.44244e-11 -2.37151e-12 4.67293e-15)
(-1.47887e-11 -6.32014e-13 0)
(-3.94045e-12 -1.64721e-13 0)
(-1.03622e-12 -4.20564e-14 1.16823e-15)
(-2.67525e-13 -1.16823e-14 0)
(-6.5421e-14 2.33646e-15 -1.16823e-15)
(-1.28506e-14 0 -2.92058e-15)
(-3.5047e-15 -1.16823e-15 0)
(0 0 0)
(-2.33646e-15 3.5047e-15 0)
(0 0 -1.16823e-15)
(2.33646e-15 -2.33646e-15 5.84116e-16)
(-0.0413983 -0.0048858 4.90344e-07)
(-0.0211884 -0.00345146 4.10096e-07)
(-0.0101483 -0.00192347 2.73554e-07)
(-0.00461515 -0.000939593 1.566e-07)
(-0.00200833 -0.000420835 8.0971e-08)
(-0.00083982 -0.000176775 3.88722e-08)
(-0.000338369 -7.05317e-05 1.75812e-08)
(-0.00013161 -2.69394e-05 7.55706e-09)
(-4.94987e-05 -9.90098e-06 3.10352e-09)
(-1.80279e-05 -3.51438e-06 1.2226e-09)
(-6.36727e-06 -1.2081e-06 4.63288e-10)
(-2.18372e-06 -4.03082e-07 1.69291e-10)
(-7.28167e-07 -1.30772e-07 5.97656e-11)
(-2.36366e-07 -4.1318e-08 2.04207e-11)
(-7.47761e-08 -1.27311e-08 6.76114e-12)
(-2.30804e-08 -3.83022e-09 2.17233e-12)
(-6.95791e-09 -1.12641e-09 6.78159e-13)
(-2.0507e-09 -3.24137e-10 2.06777e-13)
(-5.91449e-10 -9.13534e-11 6.07481e-14)
(-1.67076e-10 -2.52385e-11 1.81076e-14)
(-4.62632e-11 -6.84e-12 5.84116e-15)
(-1.25702e-11 -1.81777e-12 2.33646e-15)
(-3.34932e-12 -4.73134e-13 1.75235e-15)
(-8.78511e-13 -1.1916e-13 1.75235e-15)
(-2.25469e-13 -2.68693e-14 0)
(-5.84116e-14 -4.67293e-15 1.16823e-15)
(-1.28506e-14 2.33646e-15 0)
(-5.84116e-15 0 -1.16823e-15)
(2.33646e-15 -4.67293e-15 0)
(0 -1.16823e-15 0)
(-2.33646e-15 4.67293e-15 -5.84116e-16)
(2.33646e-15 0 0)
(-0.0410092 -0.0132991 1.7893e-07)
(-0.0189089 -0.0078841 1.22359e-07)
(-0.00829272 -0.00386049 7.47341e-08)
(-0.00354112 -0.00172769 4.22552e-08)
(-0.00147656 -0.000729457 2.21436e-08)
(-0.000600087 -0.000294342 1.08044e-08)
(-0.000237197 -0.000114226 4.95229e-09)
(-9.1068e-05 -4.27885e-05 2.1461e-09)
(-3.39451e-05 -1.55102e-05 8.85113e-10)
(-1.22856e-05 -5.45089e-06 3.4872e-10)
(-4.31972e-06 -1.86024e-06 1.31801e-10)
(-1.47668e-06 -6.17357e-07 4.78853e-11)
(-4.91228e-07 -1.99493e-07 1.67717e-11)
(-1.59171e-07 -6.28432e-08 5.66826e-12)
(-5.02877e-08 -1.93201e-08 1.85282e-12)
(-1.55061e-08 -5.80273e-09 5.85868e-13)
(-4.67091e-09 -1.70432e-09 1.79908e-13)
(-1.37583e-09 -4.89968e-10 5.5491e-14)
(-3.96629e-10 -1.37994e-10 1.81076e-14)
(-1.12002e-10 -3.81042e-11 5.84116e-15)
(-3.10049e-11 -1.03248e-11 1.75235e-15)
(-8.42062e-12 -2.74301e-12 5.84116e-16)
(-2.24301e-12 -7.14958e-13 5.84116e-16)
(-5.87621e-13 -1.83412e-13 0)
(-1.53038e-13 -4.20564e-14 1.16823e-15)
(-3.85517e-14 -1.05141e-14 1.75235e-15)
(-1.16823e-14 -4.67293e-15 1.16823e-15)
(-3.5047e-15 0 0)
(0 2.33646e-15 -1.16823e-15)
(2.33646e-15 0 -1.16823e-15)
(0 0 0)
(0 2.33646e-15 -5.84116e-16)
(-0.0397717 -0.0366514 -7.15472e-08)
(-0.0117497 -0.0147129 -3.47193e-08)
(-0.00399193 -0.00599278 -1.62866e-08)
(-0.00148412 -0.00242825 -6.81492e-09)
(-0.000574979 -0.000967541 -2.55228e-09)
(-0.000224589 -0.000376712 -8.61168e-10)
(-8.68159e-05 -0.000142864 -2.6132e-10)
(-3.28949e-05 -5.26994e-05 -6.94228e-11)
(-1.21611e-05 -1.89015e-05 -1.49931e-11)
(-4.37792e-06 -6.59326e-06 -1.84405e-12)
(-1.53374e-06 -2.23802e-06 4.3283e-13)
(-5.22974e-07 -7.39803e-07 4.50938e-13)
(-1.73654e-07 -2.38359e-07 2.21964e-13)
(-5.61932e-08 -7.49208e-08 8.58651e-14)
(-1.77356e-08 -2.29945e-08 2.80376e-14)
(-5.46457e-09 -6.89743e-09 8.76174e-15)
(-1.64515e-09 -2.02384e-09 2.92058e-15)
(-4.84364e-10 -5.81375e-10 0)
(-1.39583e-10 -1.63638e-10 0)
(-3.94068e-11 -4.51627e-11 -1.16823e-15)
(-1.09043e-11 -1.22302e-11 -1.16823e-15)
(-2.95796e-12 -3.25353e-12 1.16823e-15)
(-7.90893e-13 -8.51641e-13 5.84116e-16)
(-2.06777e-13 -2.19628e-13 -1.16823e-15)
(-5.37387e-14 -5.72434e-14 0)
(-1.75235e-14 -1.5187e-14 -1.16823e-15)
(-3.5047e-15 -1.16823e-15 -5.84116e-16)
(2.33646e-15 0 -1.16823e-15)
(0 2.33646e-15 0)
(1.16823e-15 0 0)
(-1.16823e-15 0 0)
(0 0 1.16823e-15)
(-0.584527 -1.83163e-05 -6.09981e-09)
(-0.540877 -7.13953e-05 -1.17358e-08)
(-0.463736 -0.000188804 -1.37325e-08)
(-0.369577 -0.000474282 -1.26642e-08)
(-0.275724 -0.00116921 -5.71466e-09)
(-0.196175 -0.00283877 1.30591e-08)
(-0.140986 -0.00683109 4.0526e-08)
(-0.122157 -0.0165406 1.69577e-08)
(-0.58457 -1.77275e-05 -5.69566e-09)
(-0.540955 -6.42434e-05 -1.02098e-08)
(-0.463912 -0.000153627 -1.01928e-08)
(-0.369983 -0.000349569 -6.03382e-09)
(-0.276606 -0.000775359 3.63077e-09)
(-0.197846 -0.00162315 1.42043e-08)
(-0.142938 -0.00299028 1.04821e-08)
(-0.11695 -0.00379093 3.90645e-09)
(-0.584609 -2.05752e-05 -6.09484e-09)
(-0.541013 -6.52973e-05 -1.16159e-08)
(-0.464021 -0.000126427 -1.29697e-08)
(-0.370199 -0.00023215 -1.1095e-08)
(-0.276998 -0.000428681 -5.29903e-09)
(-0.19839 -0.000752961 2.43468e-09)
(-0.143154 -0.0011082 3.82697e-09)
(-0.115376 -0.000936484 1.0774e-09)
(-0.584656 -3.50888e-05 -6.92368e-09)
(-0.541061 -9.86584e-05 -1.22107e-08)
(-0.464079 -0.000147874 -1.26191e-08)
(-0.370285 -0.000186864 -9.90862e-09)
(-0.277127 -0.000230002 -4.39291e-09)
(-0.198525 -0.000286448 5.96807e-10)
(-0.143122 -0.000321565 5.77051e-10)
(-0.114905 -0.000203837 -6.4544e-10)
(-0.584743 -7.78583e-05 -7.02455e-09)
(-0.541126 -0.000208935 -1.40454e-08)
(-0.464109 -0.000276608 -1.57478e-08)
(-0.370281 -0.000263673 -1.36324e-08)
(-0.277098 -0.000172612 -7.49347e-09)
(-0.198482 -2.35088e-05 1.59501e-10)
(-0.143071 0.000125315 8.26361e-09)
(-0.114851 0.00013416 1.09371e-08)
(-0.584943 -0.000185651 -1.08803e-08)
(-0.54126 -0.000493234 -1.76732e-08)
(-0.464134 -0.000636861 -1.61662e-08)
(-0.370181 -0.000568532 -9.09487e-09)
(-0.276886 -0.000279391 2.8402e-09)
(-0.198227 0.000209408 1.79342e-08)
(-0.142964 0.000758114 2.33836e-08)
(-0.115165 0.000802467 -1.79923e-09)
(-0.585422 -0.000439463 -9.34898e-09)
(-0.541577 -0.00116484 -1.95582e-08)
(-0.464185 -0.00150469 -2.11804e-08)
(-0.369924 -0.00136344 -1.68435e-08)
(-0.27632 -0.000717604 -8.89519e-09)
(-0.197444 0.000484104 -3.66424e-09)
(-0.142478 0.00223619 -7.62036e-09)
(-0.116411 0.00344942 1.61273e-08)
(-0.586547 -0.00101349 -2.08357e-08)
(-0.542325 -0.00267465 -3.10635e-08)
(-0.464333 -0.00345761 -2.56878e-08)
(-0.369394 -0.0032229 -1.44548e-08)
(-0.275039 -0.00199486 -1.70034e-09)
(-0.195273 0.000450901 1.57182e-08)
(-0.139999 0.00520042 4.46913e-08)
(-0.120851 0.0155103 1.61034e-08)
(-0.584527 -1.83159e-05 2.57656e-09)
(-0.540877 -7.13929e-05 2.20181e-09)
(-0.463736 -0.000188797 -1.13413e-08)
(-0.369577 -0.000474269 -3.30053e-08)
(-0.275724 -0.00116919 -4.96638e-08)
(-0.196175 -0.00283876 -4.59719e-08)
(-0.140986 -0.00683114 -1.95425e-08)
(-0.122157 -0.0165407 -2.33845e-08)
(-0.58457 -1.77275e-05 3.51097e-09)
(-0.540955 -6.42432e-05 5.08594e-09)
(-0.463912 -0.000153626 -7.0778e-09)
(-0.369983 -0.000349566 -2.83904e-08)
(-0.276606 -0.000775358 -4.74623e-08)
(-0.197846 -0.00162317 -5.77711e-08)
(-0.142938 -0.00299035 -5.98345e-08)
(-0.11695 -0.00379096 -2.61783e-08)
(-0.584609 -2.05777e-05 5.22212e-09)
(-0.541013 -6.53013e-05 9.25929e-09)
(-0.464021 -0.000126432 -1.85732e-09)
(-0.370199 -0.000232158 -2.41881e-08)
(-0.276998 -0.000428697 -4.65305e-08)
(-0.19839 -0.000752988 -5.8642e-08)
(-0.143154 -0.00110822 -5.61505e-08)
(-0.115376 -0.000936493 -2.63136e-08)
(-0.584656 -3.50907e-05 8.2586e-09)
(-0.541061 -9.86633e-05 1.98444e-08)
(-0.464079 -0.000147879 1.46002e-08)
(-0.370285 -0.000186869 -4.93432e-09)
(-0.277127 -0.000230007 -2.80671e-08)
(-0.198525 -0.000286453 -4.47619e-08)
(-0.143122 -0.000321556 -4.57636e-08)
(-0.114905 -0.000203818 -2.12363e-08)
(-0.584743 -7.78662e-05 1.5816e-08)
(-0.541126 -0.000208946 3.84164e-08)
(-0.464109 -0.000276615 4.03623e-08)
(-0.370281 -0.000263671 2.34468e-08)
(-0.277097 -0.000172598 -7.27088e-10)
(-0.198482 -2.34741e-05 -2.00641e-08)
(-0.143071 0.00012536 -2.04148e-08)
(-0.114851 0.000134157 -2.63989e-09)
(-0.584943 -0.000185655 2.46941e-08)
(-0.54126 -0.000493245 7.19017e-08)
(-0.464134 -0.000636872 9.36498e-08)
(-0.370181 -0.000568538 8.78989e-08)
(-0.276886 -0.000279393 6.50515e-08)
(-0.198227 0.0002094 4.02662e-08)
(-0.142964 0.000758082 1.65483e-08)
(-0.115165 0.000802477 -1.39675e-08)
(-0.585422 -0.000439483 4.81383e-08)
(-0.541577 -0.00116487 1.27288e-07)
(-0.464185 -0.00150471 1.68901e-07)
(-0.369924 -0.00136345 1.68343e-07)
(-0.27632 -0.000717613 1.35849e-07)
(-0.197444 0.0004841 8.54888e-08)
(-0.142478 0.00223624 3.34889e-08)
(-0.116411 0.00344946 3.29965e-08)
(-0.586547 -0.0010135 6.66677e-08)
(-0.542325 -0.00267466 2.05587e-07)
(-0.464333 -0.00345761 2.96192e-07)
(-0.369394 -0.0032229 3.20919e-07)
(-0.275039 -0.00199487 2.90962e-07)
(-0.195273 0.000450885 2.34765e-07)
(-0.139999 0.00520037 1.79796e-07)
(-0.120851 0.0155101 5.97739e-08)
(-0.584527 -1.8314e-05 3.80049e-08)
(-0.540877 -7.13889e-05 6.29795e-08)
(-0.463736 -0.000188795 2.83768e-08)
(-0.369577 -0.000474276 -4.76763e-08)
(-0.275724 -0.00116921 -1.42638e-07)
(-0.196175 -0.0028388 -2.46239e-07)
(-0.140986 -0.00683117 -3.36712e-07)
(-0.122157 -0.0165407 -1.56071e-07)
(-0.58457 -1.77222e-05 3.90398e-08)
(-0.540955 -6.42293e-05 6.37262e-08)
(-0.463912 -0.000153608 2.25362e-08)
(-0.369983 -0.000349551 -6.95382e-08)
(-0.276606 -0.000775352 -1.86903e-07)
(-0.197846 -0.00162317 -2.86186e-07)
(-0.142938 -0.00299035 -2.83073e-07)
(-0.11695 -0.00379094 -1.32136e-07)
(-0.584609 -2.05657e-05 4.60826e-08)
(-0.541013 -6.52678e-05 8.38673e-08)
(-0.464021 -0.000126384 5.2108e-08)
(-0.370199 -0.000232103 -3.42067e-08)
(-0.276998 -0.000428642 -1.46295e-07)
(-0.19839 -0.000752935 -2.42111e-07)
(-0.143154 -0.00110818 -2.45455e-07)
(-0.115376 -0.000936474 -1.01391e-07)
(-0.584656 -3.50677e-05 6.08918e-08)
(-0.541061 -9.86001e-05 1.21209e-07)
(-0.464079 -0.000147789 1.041e-07)
(-0.370285 -0.000186768 2.47837e-08)
(-0.277127 -0.000229911 -8.32978e-08)
(-0.198525 -0.000286371 -1.70067e-07)
(-0.143121 -0.000321493 -1.75645e-07)
(-0.114905 -0.00020379 -7.38016e-08)
(-0.584743 -7.78255e-05 8.53662e-08)
(-0.541126 -0.000208831 1.93002e-07)
(-0.464109 -0.00027645 2.07648e-07)
(-0.370281 -0.000263487 1.40603e-07)
(-0.277098 -0.000172426 2.55998e-08)
(-0.198482 -2.33387e-05 -8.44573e-08)
(-0.143071 0.000125439 -1.35903e-07)
(-0.11485 0.000134174 -8.39573e-08)
(-0.584942 -0.000185586 1.36641e-07)
(-0.54126 -0.000493057 3.19575e-07)
(-0.464134 -0.000636604 3.80734e-07)
(-0.370181 -0.000568242 3.236e-07)
(-0.276886 -0.000279117 1.82374e-07)
(-0.198227 0.000209619 1.10108e-08)
(-0.142964 0.000758222 -1.01103e-07)
(-0.115165 0.000802538 -3.87513e-08)
(-0.585421 -0.000439379 2.03094e-07)
(-0.541577 -0.00116457 5.17721e-07)
(-0.464185 -0.00150429 6.66241e-07)
(-0.369924 -0.00136298 6.43567e-07)
(-0.27632 -0.000717152 4.91629e-07)
(-0.197444 0.000484493 2.87828e-07)
(-0.142478 0.00223652 1.31242e-07)
(-0.116411 0.00344957 -1.36299e-08)
(-0.586546 -0.00101334 3.32378e-07)
(-0.542325 -0.00267425 8.31513e-07)
(-0.464332 -0.00345703 1.09983e-06)
(-0.369394 -0.00322225 1.12655e-06)
(-0.275039 -0.00199424 9.61261e-07)
(-0.195274 0.000451429 6.72562e-07)
(-0.139999 0.00520079 3.13479e-07)
(-0.120851 0.0155104 1.08512e-07)
(-0.584527 -1.83119e-05 2.93285e-08)
(-0.540877 -7.13886e-05 4.90419e-08)
(-0.463736 -0.000188814 2.59857e-08)
(-0.369577 -0.000474341 -2.73352e-08)
(-0.275725 -0.00116935 -9.86886e-08)
(-0.196176 -0.00283899 -1.87208e-07)
(-0.140986 -0.00683128 -2.76644e-07)
(-0.122156 -0.0165405 -1.15729e-07)
(-0.58457 -1.77113e-05 2.98331e-08)
(-0.540955 -6.42014e-05 4.84305e-08)
(-0.463913 -0.000153578 1.94212e-08)
(-0.369983 -0.000349539 -4.71817e-08)
(-0.276606 -0.000775365 -1.3581e-07)
(-0.197846 -0.00162316 -2.14211e-07)
(-0.142938 -0.00299017 -2.12757e-07)
(-0.116949 -0.00379085 -1.02051e-07)
(-0.584609 -2.0534e-05 3.47656e-08)
(-0.541013 -6.51863e-05 6.29922e-08)
(-0.464021 -0.000126269 4.09955e-08)
(-0.370199 -0.000231969 -2.11137e-08)
(-0.276998 -0.00042849 -1.05063e-07)
(-0.19839 -0.000752756 -1.81035e-07)
(-0.143153 -0.00110801 -1.85478e-07)
(-0.115375 -0.000936376 -7.39997e-08)
(-0.584655 -3.50121e-05 4.57095e-08)
(-0.541061 -9.8445e-05 8.91543e-08)
(-0.464079 -0.000147568 7.68811e-08)
(-0.370285 -0.000186519 1.98094e-08)
(-0.277127 -0.000229663 -5.96236e-08)
(-0.198525 -0.000286138 -1.24708e-07)
(-0.143121 -0.000321337 -1.29305e-07)
(-0.114905 -0.000203783 -5.32107e-08)
(-0.584742 -7.77147e-05 6.25256e-08)
(-0.541126 -0.000208549 1.40541e-07)
(-0.46411 -0.000276061 1.51538e-07)
(-0.370281 -0.000263073 1.03523e-07)
(-0.277098 -0.000172066 1.88334e-08)
(-0.198482 -2.31119e-05 -6.42337e-08)
(-0.143071 0.000125509 -1.07224e-07)
(-0.11485 0.000134228 -7.03803e-08)
(-0.584942 -0.00018542 1.01067e-07)
(-0.54126 -0.000492596 2.3e-07)
(-0.464134 -0.000635955 2.70918e-07)
(-0.370181 -0.000567532 2.26606e-07)
(-0.276887 -0.000278461 1.20163e-07)
(-0.198228 0.000210145 -1.13212e-08)
(-0.142964 0.000758616 -9.42675e-08)
(-0.115165 0.000802618 -2.6583e-08)
(-0.58542 -0.000439092 1.45607e-07)
(-0.541576 -0.00116384 3.70874e-07)
(-0.464184 -0.00150327 4.7616e-07)
(-0.369924 -0.00136185 4.5838e-07)
(-0.27632 -0.000716055 3.46885e-07)
(-0.197445 0.000485423 1.98675e-07)
(-0.142479 0.00223706 9.0133e-08)
(-0.116411 0.00344975 -3.04991e-08)
(-0.586545 -0.00101299 2.44875e-07)
(-0.542324 -0.00267326 5.94862e-07)
(-0.464332 -0.00345564 7.77953e-07)
(-0.369394 -0.00322069 7.91173e-07)
(-0.27504 -0.00199271 6.68599e-07)
(-0.195275 0.000452811 4.53515e-07)
(-0.14 0.00520194 1.78374e-07)
(-0.120852 0.0155115 6.48419e-08)
(-0.58911 -0.00227453 -1.20795e-08)
(-0.544021 -0.00594066 -2.45242e-08)
(-0.464733 -0.007621 -2.39516e-08)
(-0.368461 -0.00723779 -1.76526e-08)
(-0.272646 -0.00520336 -1.18906e-08)
(-0.190249 -0.00162007 -1.18266e-08)
(-0.127419 0.00466395 -3.23782e-08)
(-0.0808587 0.0179991 -8.90521e-08)
(-0.594762 -0.00500229 -3.59758e-08)
(-0.547672 -0.0127952 -4.67129e-08)
(-0.46563 -0.0160632 -3.02272e-08)
(-0.366976 -0.0151763 -1.02177e-08)
(-0.269421 -0.0116698 -2.37824e-09)
(-0.185406 -0.00682001 -1.41813e-08)
(-0.120379 -0.00100495 -3.99128e-08)
(-0.0731877 0.00593007 -4.19173e-08)
(-0.606907 -0.0109334 -8.22419e-09)
(-0.555082 -0.0269073 -9.05464e-09)
(-0.467114 -0.0324825 4.20466e-09)
(-0.364067 -0.0297982 1.79669e-08)
(-0.26429 -0.0229432 2.2111e-08)
(-0.179584 -0.0151054 1.27197e-08)
(-0.114669 -0.00789575 -5.50263e-09)
(-0.0686861 -0.00195666 -1.70502e-08)
(-0.632603 -0.0243301 -4.30349e-08)
(-0.569221 -0.055756 -4.04376e-08)
(-0.468521 -0.0632657 -5.6535e-10)
(-0.357437 -0.0551981 4.12554e-08)
(-0.254728 -0.0411515 6.5036e-08)
(-0.170359 -0.0272248 6.62601e-08)
(-0.107231 -0.0160351 5.25543e-08)
(-0.0635587 -0.00812808 3.83538e-08)
(-0.686993 -0.0572811 1.25908e-08)
(-0.594018 -0.114923 5.08839e-08)
(-0.466556 -0.118655 9.07108e-08)
(-0.341953 -0.0964203 1.15849e-07)
(-0.236316 -0.0682951 1.18804e-07)
(-0.154468 -0.0438294 1.03192e-07)
(-0.0955718 -0.0258667 7.81936e-08)
(-0.0559661 -0.0140594 5.39056e-08)
(-0.804807 -0.150333 -2.07021e-08)
(-0.630594 -0.236775 1.15128e-08)
(-0.450018 -0.212388 6.97628e-08)
(-0.307077 -0.157057 1.17711e-07)
(-0.202137 -0.104308 1.39098e-07)
(-0.12793 -0.0641208 1.33603e-07)
(-0.0774607 -0.0369237 1.10758e-07)
(-0.0447092 -0.0200054 8.23618e-08)
(-1.0741 -0.461654 5.95511e-08)
(-0.656073 -0.480603 2.11549e-07)
(-0.386838 -0.352782 3.20039e-07)
(-0.233873 -0.232285 3.62471e-07)
(-0.14338 -0.143696 3.43846e-07)
(-0.0870835 -0.0844591 2.85807e-07)
(-0.0514564 -0.0472819 2.13283e-07)
(-0.0292574 -0.0252173 1.45327e-07)
(-1.74706 -1.68208 1.05331e-07)
(-0.521723 -0.884275 1.90446e-07)
(-0.2017 -0.504284 2.20284e-07)
(-0.0979912 -0.295736 2.12354e-07)
(-0.0543116 -0.17242 1.8034e-07)
(-0.0315159 -0.098045 1.38084e-07)
(-0.0182188 -0.0538209 9.6682e-08)
(-0.0102402 -0.0283697 6.25795e-08)
(-0.58911 -0.00227456 1.20801e-07)
(-0.544021 -0.00594069 3.26182e-07)
(-0.464733 -0.007621 4.55602e-07)
(-0.368461 -0.00723778 4.91168e-07)
(-0.272646 -0.00520336 4.45945e-07)
(-0.190249 -0.00162013 3.49485e-07)
(-0.127419 0.00466378 2.19226e-07)
(-0.0808587 0.0179989 6.50397e-08)
(-0.594762 -0.00500228 1.40416e-07)
(-0.547672 -0.0127951 4.43462e-07)
(-0.46563 -0.0160631 6.56847e-07)
(-0.366976 -0.0151762 7.37053e-07)
(-0.269421 -0.0116697 6.94245e-07)
(-0.185406 -0.00681996 5.70441e-07)
(-0.120379 -0.0010049 4.1954e-07)
(-0.0731876 0.00593022 3.05417e-07)
(-0.606907 -0.0109334 2.266e-07)
(-0.555082 -0.0269072 6.12044e-07)
(-0.467114 -0.0324825 8.63918e-07)
(-0.364067 -0.0297981 9.48666e-07)
(-0.26429 -0.0229431 8.87869e-07)
(-0.179584 -0.0151052 7.37275e-07)
(-0.114669 -0.00789557 5.59839e-07)
(-0.0686861 -0.0019565 4.06225e-07)
(-0.632603 -0.02433 2.07255e-07)
(-0.569221 -0.0557558 6.66349e-07)
(-0.46852 -0.0632655 9.98063e-07)
(-0.357437 -0.0551979 1.13456e-06)
(-0.254728 -0.0411513 1.08886e-06)
(-0.170359 -0.0272246 9.24136e-07)
(-0.107231 -0.0160349 7.15597e-07)
(-0.0635587 -0.00812794 5.2138e-07)
(-0.686993 -0.0572811 2.89617e-07)
(-0.594018 -0.114923 7.70813e-07)
(-0.466556 -0.118655 1.08206e-06)
(-0.341953 -0.0964201 1.1855e-06)
(-0.236316 -0.0682949 1.10902e-06)
(-0.154468 -0.0438292 9.22903e-07)
(-0.0955719 -0.0258666 7.00926e-07)
(-0.0559662 -0.0140593 4.9675e-07)
(-0.804807 -0.150333 1.79918e-07)
(-0.630594 -0.236775 5.96895e-07)
(-0.450018 -0.212388 9.02243e-07)
(-0.307077 -0.157057 1.02963e-06)
(-0.202137 -0.104307 9.90246e-07)
(-0.12793 -0.0641204 8.39214e-07)
(-0.0774608 -0.0369235 6.44128e-07)
(-0.0447093 -0.0200052 4.56105e-07)
(-1.0741 -0.461654 2.24822e-07)
(-0.656072 -0.480602 6.13995e-07)
(-0.386838 -0.352782 8.59723e-07)
(-0.233873 -0.232285 9.34639e-07)
(-0.14338 -0.143696 8.65853e-07)
(-0.0870838 -0.0844591 7.11525e-07)
(-0.0514567 -0.0472819 5.30519e-07)
(-0.0292577 -0.0252173 3.64933e-07)
(-1.74706 -1.68208 1.15466e-07)
(-0.521723 -0.884275 2.3776e-07)
(-0.2017 -0.504286 2.91343e-07)
(-0.0979913 -0.295738 2.90681e-07)
(-0.0543118 -0.172421 2.52911e-07)
(-0.0315161 -0.0980458 1.97634e-07)
(-0.018219 -0.0538216 1.41377e-07)
(-0.0102403 -0.0283701 9.3913e-08)
(-0.589109 -0.00227438 4.56408e-07)
(-0.544021 -0.00594019 1.21308e-06)
(-0.464733 -0.00762027 1.65123e-06)
(-0.368461 -0.00723696 1.74719e-06)
(-0.272646 -0.00520255 1.57356e-06)
(-0.190249 -0.0016194 1.25084e-06)
(-0.127419 0.00466443 9.14085e-07)
(-0.080859 0.0179996 6.91738e-07)
(-0.594761 -0.00500207 6.72159e-07)
(-0.547671 -0.0127946 1.71158e-06)
(-0.465629 -0.0160623 2.33105e-06)
(-0.366976 -0.0151754 2.50543e-06)
(-0.269421 -0.0116689 2.34203e-06)
(-0.185407 -0.00681924 2.01402e-06)
(-0.12038 -0.00100427 1.66489e-06)
(-0.0731881 0.00593076 1.30915e-06)
(-0.606905 -0.0109333 7.86283e-07)
(-0.555081 -0.0269068 2.10827e-06)
(-0.467113 -0.0324818 2.90431e-06)
(-0.364067 -0.0297974 3.13618e-06)
(-0.26429 -0.0229425 2.93095e-06)
(-0.179585 -0.0151047 2.50145e-06)
(-0.114669 -0.00789516 2.03902e-06)
(-0.0686866 -0.00195622 1.61481e-06)
(-0.632601 -0.0243299 9.64524e-07)
(-0.569219 -0.0557556 2.44902e-06)
(-0.46852 -0.0632652 3.33798e-06)
(-0.357437 -0.0551976 3.58626e-06)
(-0.254729 -0.0411511 3.33231e-06)
(-0.170359 -0.0272244 2.80403e-06)
(-0.107232 -0.0160348 2.20873e-06)
(-0.0635594 -0.0081279 1.65587e-06)
(-0.686991 -0.0572812 8.81315e-07)
(-0.594016 -0.114923 2.35476e-06)
(-0.466555 -0.118655 3.22439e-06)
(-0.341953 -0.0964205 3.45652e-06)
(-0.236317 -0.0682952 3.18938e-06)
(-0.154469 -0.0438296 2.64428e-06)
(-0.0955727 -0.0258668 2.02815e-06)
(-0.0559669 -0.0140595 1.46417e-06)
(-0.804805 -0.150333 7.88556e-07)
(-0.630593 -0.236776 1.96424e-06)
(-0.450017 -0.212389 2.65176e-06)
(-0.307077 -0.157058 2.82201e-06)
(-0.202138 -0.104308 2.58739e-06)
(-0.127931 -0.0641212 2.12844e-06)
(-0.0774614 -0.0369241 1.61039e-06)
(-0.0447099 -0.0200057 1.13923e-06)
(-1.0741 -0.461654 3.60513e-07)
(-0.656072 -0.480603 8.51845e-07)
(-0.386837 -0.352784 1.08202e-06)
(-0.233873 -0.232286 1.09645e-06)
(-0.14338 -0.143698 9.66152e-07)
(-0.0870842 -0.0844604 7.6908e-07)
(-0.0514571 -0.0472829 5.67526e-07)
(-0.029258 -0.025218 3.95028e-07)
(-1.74706 -1.68208 -1.42842e-07)
(-0.521723 -0.884276 -1.89807e-07)
(-0.2017 -0.504287 -1.86774e-07)
(-0.0979913 -0.295739 -1.66542e-07)
(-0.0543118 -0.172423 -1.36869e-07)
(-0.0315161 -0.0980468 -1.02784e-07)
(-0.0182191 -0.0538223 -6.93173e-08)
(-0.0102404 -0.0283706 -4.10408e-08)
(-0.589106 -0.00227388 3.23528e-07)
(-0.544019 -0.00593893 8.62375e-07)
(-0.464732 -0.00761854 1.17168e-06)
(-0.368461 -0.00723502 1.23837e-06)
(-0.272647 -0.0052006 1.11572e-06)
(-0.19025 -0.00161745 8.8953e-07)
(-0.12742 0.00466649 6.6248e-07)
(-0.0808598 0.0180013 5.37646e-07)
(-0.594757 -0.00500162 4.95767e-07)
(-0.547668 -0.0127934 1.22141e-06)
(-0.465628 -0.0160606 1.64398e-06)
(-0.366976 -0.0151734 1.75816e-06)
(-0.269422 -0.011667 1.6454e-06)
(-0.185408 -0.00681746 1.4294e-06)
(-0.120381 -0.00100265 1.20543e-06)
(-0.073189 0.00593206 9.61816e-07)
(-0.606901 -0.0109328 5.5146e-07)
(-0.555078 -0.0269058 1.48717e-06)
(-0.467112 -0.0324804 2.04459e-06)
(-0.364067 -0.0297959 2.20548e-06)
(-0.264291 -0.0229411 2.06519e-06)
(-0.179586 -0.0151036 1.77689e-06)
(-0.11467 -0.00789448 1.47368e-06)
(-0.0686878 -0.0019558 1.19154e-06)
(-0.632596 -0.0243298 7.14234e-07)
(-0.569216 -0.0557553 1.74223e-06)
(-0.468518 -0.0632648 2.33935e-06)
(-0.357437 -0.0551973 2.49296e-06)
(-0.25473 -0.0411508 2.30848e-06)
(-0.170361 -0.0272243 1.94615e-06)
(-0.107233 -0.0160349 1.54569e-06)
(-0.0635608 -0.00812824 1.17284e-06)
(-0.686987 -0.0572814 6.04288e-07)
(-0.594013 -0.114924 1.63483e-06)
(-0.466554 -0.118656 2.23304e-06)
(-0.341953 -0.0964216 2.38687e-06)
(-0.236318 -0.0682964 2.19916e-06)
(-0.15447 -0.0438306 1.82457e-06)
(-0.0955743 -0.0258678 1.40541e-06)
(-0.0559683 -0.0140603 1.02133e-06)
(-0.804802 -0.150334 5.87935e-07)
(-0.63059 -0.236778 1.37886e-06)
(-0.450016 -0.212392 1.81927e-06)
(-0.307077 -0.157061 1.91009e-06)
(-0.202139 -0.104312 1.73624e-06)
(-0.127932 -0.0641242 1.42283e-06)
(-0.0774628 -0.0369264 1.07702e-06)
(-0.044711 -0.0200074 7.65486e-07)
(-1.0741 -0.461655 1.95242e-07)
(-0.656071 -0.480606 4.49398e-07)
(-0.386837 -0.352788 5.42333e-07)
(-0.233873 -0.232291 5.24283e-07)
(-0.143381 -0.143702 4.44144e-07)
(-0.0870846 -0.0844635 3.43363e-07)
(-0.0514574 -0.0472853 2.5029e-07)
(-0.0292583 -0.0252197 1.75422e-07)
(-1.74706 -1.68208 -1.52977e-07)
(-0.521723 -0.884277 -2.37121e-07)
(-0.2017 -0.504287 -2.57834e-07)
(-0.0979912 -0.295739 -2.44869e-07)
(-0.0543116 -0.172423 -2.0944e-07)
(-0.031516 -0.0980472 -1.62334e-07)
(-0.0182189 -0.0538226 -1.14012e-07)
(-0.0102402 -0.0283708 -7.23743e-08)
(-0.0388242 0.0347827 -6.02361e-08)
(-0.0113643 0.013776 -3.19684e-08)
(-0.00381108 0.00554111 -1.45616e-08)
(-0.00139721 0.00222067 -5.94162e-09)
(-0.000534355 0.000876646 -2.2134e-09)
(-0.000206411 0.000338712 -7.52531e-10)
(-7.90522e-05 0.000127653 -2.32021e-10)
(-2.97253e-05 4.68519e-05 -6.22463e-11)
(-1.0921e-05 1.67368e-05 -1.3357e-11)
(-3.91156e-06 5.81956e-06 -1.30258e-12)
(-1.36471e-06 1.97045e-06 6.78743e-13)
(-4.63785e-07 6.50088e-07 5.96967e-13)
(-1.53585e-07 2.09141e-07 3.01404e-13)
(-4.95914e-08 6.56631e-08 1.24417e-13)
(-1.56248e-08 2.01365e-08 4.67293e-14)
(-4.80761e-09 6.03669e-09 1.40188e-14)
(-1.44581e-09 1.77062e-09 2.92058e-15)
(-4.25326e-10 5.0853e-10 2.33646e-15)
(-1.22493e-10 1.43128e-10 0)
(-3.45657e-11 3.95061e-11 0)
(-9.56432e-12 1.07033e-11 0)
(-2.59932e-12 2.84698e-12 0)
(-6.91593e-13 7.42996e-13 0)
(-1.81076e-13 1.90422e-13 0)
(-4.55611e-14 4.67293e-14 -1.16823e-15)
(-1.05141e-14 1.05141e-14 -5.84116e-16)
(-3.5047e-15 0 -1.16823e-15)
(-2.33646e-15 0 0)
(0 0 0)
(0 2.33646e-15 0)
(0 0 0)
(0 0 0)
(-0.0392062 0.0111676 -2.52377e-08)
(-0.0178773 0.00676896 -1.11259e-08)
(-0.00774421 0.00332297 -3.37157e-09)
(-0.00326726 0.0014846 -2.55516e-10)
(-0.00134761 0.000625315 5.70908e-10)
(-0.000542582 0.000251807 5.56622e-10)
(-0.000212808 9.7585e-05 3.60693e-10)
(-8.11911e-05 3.65287e-05 1.94161e-10)
(-3.01113e-05 1.32392e-05 9.31724e-11)
(-1.08548e-05 4.65421e-06 4.09372e-11)
(-3.80476e-06 1.5894e-06 1.67746e-11)
(-1.29752e-06 5.27959e-07 6.45624e-12)
(-4.3084e-07 1.70793e-07 2.35399e-12)
(-1.39413e-07 5.38689e-08 8.12505e-13)
(-4.40015e-08 1.6583e-08 2.66941e-13)
(-1.35583e-08 4.9875e-09 8.35286e-14)
(-4.08235e-09 1.46694e-09 2.57011e-14)
(-1.20216e-09 4.22323e-10 7.59351e-15)
(-3.46532e-10 1.19109e-10 5.84116e-16)
(-9.7857e-11 3.29406e-11 5.84116e-16)
(-2.70948e-11 8.93698e-12 -1.16823e-15)
(-7.3657e-12 2.37852e-12 -5.84116e-16)
(-1.9638e-12 6.22668e-13 0)
(-5.12854e-13 1.5888e-13 -2.33646e-15)
(-1.34347e-13 4.20564e-14 -1.75235e-15)
(-3.38787e-14 9.34586e-15 -1.16823e-15)
(-8.17763e-15 0 -5.84116e-16)
(0 0 1.16823e-15)
(2.33646e-15 0 0)
(0 0 -1.16823e-15)
(-2.33646e-15 0 0)
(0 0 0)
(-0.0379853 0.00173325 -1.38366e-08)
(-0.019209 0.00190278 -6.90707e-09)
(-0.00909544 0.00121486 -1.97666e-09)
(-0.00409486 0.000634317 2.19431e-10)
(-0.00176715 0.00029594 7.77992e-10)
(-0.000734141 0.000127933 6.70895e-10)
(-0.000294331 5.21847e-05 4.27728e-10)
(-0.000114071 2.02941e-05 2.31339e-10)
(-4.27955e-05 7.57318e-06 1.12082e-10)
(-1.55614e-05 2.72389e-06 4.97766e-11)
(-5.49096e-06 9.47334e-07 2.05913e-11)
(-1.88239e-06 3.1938e-07 7.99188e-12)
(-6.27675e-07 1.0459e-07 2.93226e-12)
(-2.03802e-07 3.33267e-08 1.01695e-12)
(-6.45063e-08 1.03483e-08 3.34699e-13)
(-1.99237e-08 3.13538e-09 1.04557e-13)
(-6.01099e-09 9.28061e-10 3.21264e-14)
(-1.77315e-09 2.68657e-10 8.17763e-15)
(-5.11877e-10 7.61349e-11 1.75235e-15)
(-1.44737e-10 2.11427e-11 -5.84116e-16)
(-4.01241e-11 5.75471e-12 -1.16823e-15)
(-1.09136e-11 1.53973e-12 1.16823e-15)
(-2.91123e-12 4.0304e-13 0)
(-7.64024e-13 1.05141e-13 -5.84116e-16)
(-1.95095e-13 2.68693e-14 -5.84116e-16)
(-5.14022e-14 9.34586e-15 -1.75235e-15)
(-1.40188e-14 3.5047e-15 -1.75235e-15)
(-1.16823e-15 -1.16823e-15 0)
(0 0 0)
(0 -2.33646e-15 -1.16823e-15)
(-2.33646e-15 -1.16823e-15 0)
(2.33646e-15 0 0)
(-0.0353468 -0.00331513 2.79492e-08)
(-0.0183957 -0.00112976 1.99461e-08)
(-0.00901267 -0.000317658 1.34026e-08)
(-0.00418618 -6.42127e-05 8.32698e-09)
(-0.00185399 -1.04448e-06 4.76979e-09)
(-0.000786337 8.09759e-06 2.53006e-09)
(-0.000320448 5.84952e-06 1.25094e-09)
(-0.000125803 3.02885e-06 5.79965e-10)
(-4.76815e-05 1.35093e-06 2.53623e-10)
(-1.74806e-05 5.49528e-07 1.05049e-10)
(-6.20927e-06 2.09182e-07 4.13852e-11)
(-2.14027e-06 7.55678e-08 1.55445e-11)
(-7.16894e-07 2.61327e-08 5.58473e-12)
(-2.33655e-07 8.70153e-09 1.91707e-12)
(-7.41929e-08 2.80149e-09 6.30845e-13)
(-2.29785e-08 8.7486e-10 1.98599e-13)
(-6.94907e-09 2.65662e-10 6.0164e-14)
(-2.05409e-09 7.86022e-11 1.69394e-14)
(-5.94046e-10 2.26988e-11 3.5047e-15)
(-1.68236e-10 6.39958e-12 0)
(-4.67001e-11 1.76754e-12 0)
(-1.2715e-11 4.77807e-13 5.84116e-16)
(-3.39956e-12 1.26169e-13 0)
(-8.90193e-13 3.27105e-14 -1.16823e-15)
(-2.28974e-13 9.34586e-15 -1.16823e-15)
(-5.84116e-14 -2.33646e-15 -2.33646e-15)
(-1.63553e-14 2.33646e-15 -2.33646e-15)
(-4.67293e-15 1.16823e-15 5.84116e-16)
(0 2.33646e-15 0)
(-1.16823e-15 0 0)
(0 1.16823e-15 5.84116e-16)
(1.16823e-15 0 5.84116e-16)
(-0.030987 -0.00701718 3.52881e-08)
(-0.0162115 -0.00325659 2.22365e-08)
(-0.00802989 -0.00142437 1.34517e-08)
(-0.00377825 -0.000593267 7.7327e-09)
(-0.00169484 -0.000237029 4.2055e-09)
(-0.000727247 -9.12926e-05 2.15545e-09)
(-0.000299399 -3.40132e-05 1.04339e-09)
(-0.00011857 -1.22885e-05 4.77187e-10)
(-4.52748e-05 -4.31312e-06 2.07055e-10)
(-1.67031e-05 -1.47283e-06 8.53242e-11)
(-5.96492e-06 -4.89905e-07 3.35248e-11)
(-2.06544e-06 -1.58903e-07 1.25655e-11)
(-6.94541e-07 -5.0308e-08 4.50938e-12)
(-2.27133e-07 -1.55603e-08 1.54323e-12)
(-7.23329e-08 -4.70592e-09 5.06429e-13)
(-2.24595e-08 -1.39275e-09 1.59464e-13)
(-6.80725e-09 -4.03685e-10 4.73134e-14)
(-2.01612e-09 -1.1468e-10 1.40188e-14)
(-5.84076e-10 -3.19535e-11 3.5047e-15)
(-1.65668e-10 -8.73954e-12 5.84116e-16)
(-4.60459e-11 -2.34931e-12 0)
(-1.2555e-11 -6.20331e-13 0)
(-3.35867e-12 -1.60048e-13 0)
(-8.80847e-13 -4.08881e-14 0)
(-2.27805e-13 -1.16823e-14 0)
(-5.84116e-14 -5.84116e-15 0)
(-1.16823e-14 -3.5047e-15 -5.84116e-16)
(-2.33646e-15 2.33646e-15 -1.16823e-15)
(0 0 0)
(-2.33646e-15 0 0)
(0 0 0)
(0 -1.16823e-15 -5.84116e-16)
(-0.024544 -0.010215 5.62276e-08)
(-0.0128029 -0.00493291 3.57238e-08)
(-0.00634935 -0.00226311 2.12315e-08)
(-0.00299883 -0.000990769 1.18565e-08)
(-0.00135201 -0.000415514 6.23249e-09)
(-0.000583322 -0.000167478 3.09512e-09)
(-0.000241444 -6.50522e-05 1.45501e-09)
(-9.61026e-05 -2.4406e-05 6.49834e-10)
(-3.68658e-05 -8.86162e-06 2.76275e-10)
(-1.36574e-05 -3.11936e-06 1.12175e-10)
(-4.89534e-06 -1.06618e-06 4.35645e-11)
(-1.70067e-06 -3.54335e-07 1.62244e-11)
(-5.73551e-07 -1.14653e-07 5.80086e-12)
(-1.88052e-07 -3.61629e-08 1.99534e-12)
(-6.00254e-08 -1.1131e-08 6.59467e-13)
(-1.86763e-08 -3.34699e-09 2.09698e-13)
(-5.67099e-09 -9.8413e-10 6.30845e-14)
(-1.68236e-09 -2.83222e-10 1.92758e-14)
(-4.88107e-10 -7.98487e-11 5.25704e-15)
(-1.38633e-10 -2.20702e-11 2.92058e-15)
(-3.85809e-11 -5.98836e-12 5.84116e-16)
(-1.05293e-11 -1.59581e-12 0)
(-2.81778e-12 -4.17059e-13 1.16823e-15)
(-7.40659e-13 -1.05141e-13 0)
(-1.95095e-13 -3.0374e-14 1.16823e-15)
(-5.14022e-14 -9.34586e-15 5.84116e-16)
(-8.17763e-15 -4.67293e-15 0)
(0 -2.33646e-15 0)
(0 -2.33646e-15 0)
(-1.16823e-15 0 -5.84116e-16)
(0 0 5.84116e-16)
(1.16823e-15 0 1.16823e-15)
(-0.0159145 -0.0128129 9.15676e-08)
(-0.00825959 -0.00620706 5.38503e-08)
(-0.00408775 -0.00287142 2.97608e-08)
(-0.00193065 -0.00127109 1.5532e-08)
(-0.000871544 -0.000539619 7.68552e-09)
(-0.000376785 -0.000220191 3.61638e-09)
(-0.000156328 -8.6543e-05 1.6229e-09)
(-6.23791e-05 -3.28285e-05 6.96093e-10)
(-2.39882e-05 -1.20409e-05 2.86051e-10)
(-8.90768e-06 -4.27759e-06 1.1281e-10)
(-3.19989e-06 -1.47423e-06 4.27807e-11)
(-1.11392e-06 -4.93623e-07 1.56198e-11)
(-3.76369e-07 -1.608e-07 5.50062e-12)
(-1.23611e-07 -5.10263e-08 1.868e-12)
(-3.95171e-08 -1.5792e-08 6.12738e-13)
(-1.23126e-08 -4.77199e-09 1.94511e-13)
(-3.74348e-09 -1.4094e-09 5.95798e-14)
(-1.11184e-09 -4.07257e-10 1.63553e-14)
(-3.22925e-10 -1.15239e-10 5.84116e-15)
(-9.18067e-11 -3.19582e-11 1.75235e-15)
(-2.55738e-11 -8.69165e-12 0)
(-6.98252e-12 -2.31777e-12 5.84116e-16)
(-1.86567e-12 -6.05144e-13 0)
(-4.9533e-13 -1.56543e-13 0)
(-1.30842e-13 -3.85517e-14 0)
(-3.27105e-14 -5.84116e-15 0)
(-5.84116e-15 0 0)
(0 0 0)
(0 0 0)
(0 0 0)
(0 0 0)
(0 0 0)
(-0.00553385 -0.0143233 3.77763e-08)
(-0.00286138 -0.00692137 2.14246e-08)
(-0.00141337 -0.00320237 1.14763e-08)
(-0.000667028 -0.00142025 5.83289e-09)
(-0.000301119 -0.000604695 2.82117e-09)
(-0.000130245 -0.00024759 1.30253e-09)
(-5.40815e-05 -9.76639e-05 5.75083e-10)
(-2.16004e-05 -3.71806e-05 2.43408e-10)
(-8.31493e-06 -1.36845e-05 9.88798e-11)
(-3.09074e-06 -4.87739e-06 3.86387e-11)
(-1.11137e-06 -1.68606e-06 1.45334e-11)
(-3.87241e-07 -5.66134e-07 5.27048e-12)
(-1.30954e-07 -1.84896e-07 1.84464e-12)
(-4.30442e-08 -5.88108e-08 6.23252e-13)
(-1.3771e-08 -1.82404e-08 2.03857e-13)
(-4.2937e-09 -5.5227e-09 6.60051e-14)
(-1.30626e-09 -1.63406e-09 1.92758e-14)
(-3.88192e-10 -4.72954e-10 4.67293e-15)
(-1.12808e-10 -1.3403e-10 5.84116e-16)
(-3.20867e-11 -3.7221e-11 0)
(-8.94048e-12 -1.01356e-11 -1.75235e-15)
(-2.44161e-12 -2.70913e-12 -1.16823e-15)
(-6.56546e-13 -7.12622e-13 0)
(-1.74067e-13 -1.84581e-13 0)
(-4.43928e-14 -4.43928e-14 0)
(-1.16823e-14 -5.84116e-15 0)
(-2.33646e-15 0 0)
(0 0 0)
(0 0 0)
(0 0 0)
(-1.16823e-15 0 0)
(1.16823e-15 1.16823e-15 1.16823e-15)
(-0.0388241 0.0347825 2.56222e-08)
(-0.0113642 0.0137759 1.77227e-08)
(-0.00381103 0.00554108 1.39609e-08)
(-0.00139718 0.00222066 9.62369e-09)
(-0.000534344 0.000876643 5.7536e-09)
(-0.000206407 0.000338712 3.06091e-09)
(-7.90508e-05 0.000127654 1.48844e-09)
(-2.97249e-05 4.68521e-05 6.71302e-10)
(-1.09208e-05 1.67369e-05 2.84508e-10)
(-3.91153e-06 5.81964e-06 1.13961e-10)
(-1.36471e-06 1.97048e-06 4.34454e-11)
(-4.63786e-07 6.50102e-07 1.5791e-11)
(-1.53586e-07 2.09146e-07 5.49303e-12)
(-4.95919e-08 6.56649e-08 1.8277e-12)
(-1.56251e-08 2.01372e-08 5.84116e-13)
(-4.8077e-09 6.03689e-09 1.78155e-13)
(-1.44584e-09 1.77068e-09 5.08181e-14)
(-4.25332e-10 5.08547e-10 1.34347e-14)
(-1.22495e-10 1.43132e-10 4.08881e-15)
(-3.45633e-11 3.95096e-11 1.16823e-15)
(-9.56549e-12 1.07033e-11 0)
(-2.60165e-12 2.84698e-12 -5.84116e-16)
(-6.92762e-13 7.40659e-13 -5.84116e-16)
(-1.83412e-13 1.85749e-13 -1.16823e-15)
(-4.78975e-14 4.08881e-14 -5.84116e-16)
(-8.17763e-15 5.84116e-15 -1.16823e-15)
(-2.33646e-15 -3.5047e-15 -1.16823e-15)
(-1.16823e-15 0 -5.84116e-16)
(0 0 -5.84116e-16)
(1.16823e-15 0 0)
(0 0 -5.84116e-16)
(0 -1.16823e-15 -5.84116e-16)
(-0.0392062 0.0111677 2.12846e-07)
(-0.0178773 0.00676901 1.457e-07)
(-0.00774419 0.00332299 9.05711e-08)
(-0.00326725 0.00148461 5.12349e-08)
(-0.0013476 0.000625321 2.67163e-08)
(-0.000542582 0.00025181 1.30024e-08)
(-0.000212809 9.75863e-05 5.9537e-09)
(-8.11917e-05 3.65293e-05 2.58246e-09)
(-3.01116e-05 1.32395e-05 1.06569e-09)
(-1.08549e-05 4.65431e-06 4.20059e-10)
(-3.80483e-06 1.58944e-06 1.5855e-10)
(-1.29755e-06 5.27974e-07 5.74426e-11)
(-4.30851e-07 1.70799e-07 2.00054e-11)
(-1.39417e-07 5.38707e-08 6.7039e-12)
(-4.4003e-08 1.65836e-08 2.16473e-12)
(-1.35588e-08 4.98769e-09 6.73486e-13)
(-4.0825e-09 1.46699e-09 2.0152e-13)
(-1.20221e-09 4.22336e-10 5.72434e-14)
(-3.46543e-10 1.19111e-10 1.57711e-14)
(-9.78605e-11 3.29371e-11 4.08881e-15)
(-2.70971e-11 8.9323e-12 0)
(-7.36337e-12 2.37852e-12 0)
(-1.9673e-12 6.25004e-13 -1.16823e-15)
(-5.16359e-13 1.5888e-13 0)
(-1.3201e-13 4.20564e-14 -1.16823e-15)
(-3.5047e-14 5.84116e-15 -5.84116e-16)
(-2.33646e-15 -2.33646e-15 0)
(0 -1.16823e-15 0)
(0 0 0)
(0 0 -1.16823e-15)
(0 0 0)
(0 1.16823e-15 -5.84116e-16)
(-0.0379853 0.00173336 2.88864e-07)
(-0.0192089 0.00190284 1.92121e-07)
(-0.00909543 0.00121489 1.17357e-07)
(-0.00409485 0.000634334 6.60137e-08)
(-0.00176715 0.000295948 3.45062e-08)
(-0.000734142 0.000127937 1.68825e-08)
(-0.000294331 5.21864e-05 7.78739e-09)
(-0.000114072 2.02948e-05 3.40202e-09)
(-4.27959e-05 7.5735e-06 1.41453e-09)
(-1.55616e-05 2.72401e-06 5.61276e-10)
(-5.49104e-06 9.47383e-07 2.13281e-10)
(-1.88243e-06 3.19399e-07 7.77242e-11)
(-6.27689e-07 1.04596e-07 2.72309e-11)
(-2.03807e-07 3.3329e-08 9.17413e-12)
(-6.45081e-08 1.0349e-08 2.97666e-12)
(-1.99243e-08 3.13561e-09 9.29913e-13)
(-6.01119e-09 9.28129e-10 2.79792e-13)
(-1.77321e-09 2.68678e-10 8.11921e-14)
(-5.11894e-10 7.61419e-11 2.04441e-14)
(-1.44744e-10 2.1138e-11 3.5047e-15)
(-4.01218e-11 5.75938e-12 -1.16823e-15)
(-1.09101e-11 1.5409e-12 0)
(-2.91474e-12 4.0304e-13 -1.16823e-15)
(-7.65192e-13 1.05141e-13 5.84116e-16)
(-1.99768e-13 2.80376e-14 -1.16823e-15)
(-5.14022e-14 8.17763e-15 -1.75235e-15)
(-1.16823e-14 2.33646e-15 -1.16823e-15)
(2.33646e-15 0 5.84116e-16)
(2.33646e-15 0 0)
(0 0 0)
(-2.33646e-15 -1.16823e-15 5.84116e-16)
(2.33646e-15 0 0)
(-0.0353468 -0.00331503 3.60059e-07)
(-0.0183957 -0.00112971 2.33244e-07)
(-0.0090127 -0.000317628 1.40389e-07)
(-0.00418619 -6.41976e-05 7.85525e-08)
(-0.001854 -1.03763e-06 4.10304e-08)
(-0.000786344 8.10055e-06 2.01246e-08)
(-0.000320452 5.85075e-06 9.31442e-09)
(-0.000125805 3.02934e-06 4.08834e-09)
(-4.76825e-05 1.35112e-06 1.70789e-09)
(-1.7481e-05 5.49599e-07 6.81509e-10)
(-6.20945e-06 2.09208e-07 2.60401e-10)
(-2.14034e-06 7.55769e-08 9.55199e-11)
(-7.16921e-07 2.61358e-08 3.36901e-11)
(-2.33664e-07 8.70258e-09 1.14423e-11)
(-7.41963e-08 2.80183e-09 3.74535e-12)
(-2.29797e-08 8.74969e-10 1.18167e-12)
(-6.94943e-09 2.65692e-10 3.58647e-13)
(-2.0542e-09 7.86127e-11 1.04557e-13)
(-5.94081e-10 2.27023e-11 2.86217e-14)
(-1.68243e-10 6.40659e-12 6.42528e-15)
(-4.66989e-11 1.77104e-12 0)
(-1.27162e-11 4.78975e-13 -5.84116e-16)
(-3.40189e-12 1.25001e-13 -5.84116e-16)
(-8.91361e-13 3.5047e-14 -5.84116e-16)
(-2.3131e-13 1.16823e-14 -2.92058e-15)
(-5.95798e-14 3.5047e-15 -1.75235e-15)
(-1.40188e-14 3.5047e-15 -1.75235e-15)
(0 1.16823e-15 0)
(0 0 0)
(0 0 0)
(0 0 0)
(0 -1.16823e-15 0)
(-0.030987 -0.00701712 3.32205e-07)
(-0.0162115 -0.00325656 2.09178e-07)
(-0.00802992 -0.00142436 1.23487e-07)
(-0.00377826 -0.00059326 6.83411e-08)
(-0.00169485 -0.000237026 3.55243e-08)
(-0.000727254 -9.12915e-05 1.74089e-08)
(-0.000299403 -3.40128e-05 8.07125e-09)
(-0.000118571 -1.22884e-05 3.55395e-09)
(-4.52756e-05 -4.31308e-06 1.4908e-09)
(-1.67035e-05 -1.47282e-06 5.97609e-10)
(-5.96506e-06 -4.89901e-07 2.29467e-10)
(-2.0655e-06 -1.58902e-07 8.45934e-11)
(-6.94563e-07 -5.03076e-08 2.99879e-11)
(-2.27141e-07 -1.55601e-08 1.02372e-11)
(-7.23357e-08 -4.70586e-09 3.37035e-12)
(-2.24604e-08 -1.39273e-09 1.0701e-12)
(-6.80754e-09 -4.0368e-10 3.28273e-13)
(-2.01621e-09 -1.14674e-10 9.75474e-14)
(-5.84101e-10 -3.19476e-11 2.80376e-14)
(-1.65675e-10 -8.7337e-12 8.76174e-15)
(-4.60494e-11 -2.34815e-12 1.75235e-15)
(-1.25562e-11 -6.20331e-13 0)
(-3.35633e-12 -1.5888e-13 0)
(-8.83184e-13 -3.85517e-14 0)
(-2.28974e-13 -7.00939e-15 -1.75235e-15)
(-5.95798e-14 -2.33646e-15 -1.16823e-15)
(-1.16823e-14 0 -1.16823e-15)
(-2.33646e-15 0 0)
(0 0 -1.16823e-15)
(-1.16823e-15 -1.16823e-15 1.16823e-15)
(0 0 -5.84116e-16)
(1.16823e-15 0 0)
(-0.0245441 -0.0102149 3.01641e-07)
(-0.012803 -0.00493285 1.87026e-07)
(-0.00634939 -0.00226308 1.08926e-07)
(-0.00299886 -0.000990754 5.96525e-08)
(-0.00135203 -0.000415507 3.07992e-08)
(-0.000583331 -0.000167475 1.50297e-08)
(-0.000241449 -6.50511e-05 6.95541e-09)
(-9.61049e-05 -2.44055e-05 3.06111e-09)
(-3.68669e-05 -8.86146e-06 1.28518e-09)
(-1.36579e-05 -3.11931e-06 5.16006e-10)
(-4.89553e-06 -1.06616e-06 1.98626e-10)
(-1.70075e-06 -3.54329e-07 7.34438e-11)
(-5.73579e-07 -1.14651e-07 2.61363e-11)
(-1.88063e-07 -3.61622e-08 8.96385e-12)
(-6.0029e-08 -1.11308e-08 2.96556e-12)
(-1.86775e-08 -3.34692e-09 9.49189e-13)
(-5.67137e-09 -9.84104e-10 2.93226e-13)
(-1.68247e-09 -2.83217e-10 8.70333e-14)
(-4.88141e-10 -7.98475e-11 2.5117e-14)
(-1.38643e-10 -2.20691e-11 7.00939e-15)
(-3.85832e-11 -5.98953e-12 1.75235e-15)
(-1.05293e-11 -1.59464e-12 1.16823e-15)
(-2.82128e-12 -4.15891e-13 -1.16823e-15)
(-7.40659e-13 -1.07477e-13 -2.92058e-15)
(-1.92758e-13 -2.92058e-14 -2.92058e-15)
(-5.0234e-14 -4.67293e-15 1.16823e-15)
(-1.16823e-14 -2.33646e-15 2.33646e-15)
(0 0 -5.84116e-16)
(0 0 0)
(0 1.16823e-15 0)
(0 1.16823e-15 0)
(0 1.16823e-15 5.84116e-16)
(-0.0159147 -0.012813 2.34117e-07)
(-0.00825971 -0.00620709 1.41035e-07)
(-0.00408783 -0.00287144 8.00372e-08)
(-0.00193069 -0.0012711 4.29123e-08)
(-0.000871568 -0.000539626 2.17793e-08)
(-0.000376798 -0.000220194 1.0492e-08)
(-0.000156334 -8.65448e-05 4.80776e-09)
(-6.23817e-05 -3.28293e-05 2.1014e-09)
(-2.39894e-05 -1.20412e-05 8.77895e-10)
(-8.90817e-06 -4.27774e-06 3.51444e-10)
(-3.20008e-06 -1.47429e-06 1.35052e-10)
(-1.11399e-06 -4.93645e-07 4.99244e-11)
(-3.76396e-07 -1.60808e-07 1.77787e-11)
(-1.23621e-07 -5.10291e-08 6.10869e-12)
(-3.95204e-08 -1.57929e-08 2.02688e-12)
(-1.23137e-08 -4.77228e-09 6.50705e-13)
(-3.74384e-09 -1.40949e-09 2.02104e-13)
(-1.11195e-09 -4.07285e-10 6.0164e-14)
(-3.22954e-10 -1.15247e-10 1.81076e-14)
(-9.1816e-11 -3.19617e-11 5.84116e-15)
(-2.55738e-11 -8.69515e-12 1.75235e-15)
(-6.98369e-12 -2.32128e-12 2.33646e-15)
(-1.87034e-12 -6.08649e-13 -1.16823e-15)
(-4.94162e-13 -1.56543e-13 -1.16823e-15)
(-1.29674e-13 -4.20564e-14 1.16823e-15)
(-3.5047e-14 -8.17763e-15 1.75235e-15)
(-5.84116e-15 0 0)
(0 0 0)
(0 0 0)
(0 0 0)
(0 0 0)
(0 0 0)
(-0.00553393 -0.0143236 5.85805e-08)
(-0.00286143 -0.00692152 3.45292e-08)
(-0.0014134 -0.00320245 1.93e-08)
(-0.000667046 -0.00142029 1.02433e-08)
(-0.000301128 -0.000604716 5.16915e-09)
(-0.00013025 -0.0002476 2.48259e-09)
(-5.40836e-05 -9.76683e-05 1.1366e-09)
(-2.16014e-05 -3.71824e-05 4.96758e-10)
(-8.31534e-06 -1.36853e-05 2.07659e-10)
(-3.09091e-06 -4.8777e-06 8.31577e-11)
(-1.11144e-06 -1.68617e-06 3.19593e-11)
(-3.87266e-07 -5.66175e-07 1.18038e-11)
(-1.30963e-07 -1.8491e-07 4.19454e-12)
(-4.30475e-08 -5.88158e-08 1.43634e-12)
(-1.37721e-08 -1.8242e-08 4.7547e-13)
(-4.29407e-09 -5.52321e-09 1.51286e-13)
(-1.30638e-09 -1.63422e-09 4.67293e-14)
(-3.8823e-10 -4.72997e-10 1.40188e-14)
(-1.12817e-10 -1.34044e-10 2.92058e-15)
(-3.20902e-11 -3.72269e-11 1.16823e-15)
(-8.94515e-12 -1.01356e-11 0)
(-2.44044e-12 -2.70913e-12 -1.75235e-15)
(-6.5421e-13 -7.10285e-13 -2.33646e-15)
(-1.74067e-13 -1.82244e-13 -1.16823e-15)
(-4.43928e-14 -4.43928e-14 -1.75235e-15)
(-1.16823e-14 -8.17763e-15 0)
(-1.16823e-15 0 -5.84116e-16)
(1.16823e-15 0 0)
(0 0 0)
(0 0 -5.84116e-16)
(0 0 0)
(0 0 1.16823e-15)
(-0.0388243 0.0347832 3.57649e-07)
(-0.0113643 0.0137763 2.40656e-07)
(-0.0038111 0.00554132 1.48315e-07)
(-0.00139722 0.00222079 8.13672e-08)
(-0.000534368 0.000876711 4.07706e-08)
(-0.00020642 0.000338745 1.90583e-08)
(-7.9057e-05 0.000127668 8.41464e-09)
(-2.97278e-05 4.68584e-05 3.53755e-09)
(-1.09221e-05 1.67395e-05 1.42287e-09)
(-3.91204e-06 5.82063e-06 5.49471e-10)
(-1.36491e-06 1.97085e-06 2.04233e-10)
(-4.63861e-07 6.50235e-07 7.31962e-11)
(-1.53613e-07 2.09192e-07 2.53384e-11)
(-4.96012e-08 6.56801e-08 8.4802e-12)
(-1.56281e-08 2.0142e-08 2.74768e-12)
(-4.80867e-09 6.03839e-09 8.62155e-13)
(-1.44614e-09 1.77112e-09 2.62852e-13)
(-4.2542e-10 5.08673e-10 7.71033e-14)
(-1.2252e-10 1.43166e-10 2.27805e-14)
(-3.45738e-11 3.95155e-11 5.84116e-15)
(-9.57016e-12 1.07022e-11 0)
(-2.59815e-12 2.84114e-12 0)
(-6.91593e-13 7.39491e-13 0)
(-1.79908e-13 1.85749e-13 0)
(-4.78975e-14 4.43928e-14 5.84116e-16)
(-1.16823e-14 8.17763e-15 0)
(-1.16823e-15 -1.16823e-15 -5.84116e-16)
(1.16823e-15 -1.16823e-15 5.84116e-16)
(0 -1.16823e-15 0)
(-1.16823e-15 -1.16823e-15 0)
(0 -3.5047e-15 0)
(1.16823e-15 0 5.84116e-16)
(-0.0392066 0.0111682 1.00323e-06)
(-0.0178776 0.00676931 6.78426e-07)
(-0.0077444 0.00332317 4.01674e-07)
(-0.00326738 0.00148471 2.14523e-07)
(-0.00134768 0.000625372 1.05874e-07)
(-0.000542623 0.000251835 4.90233e-08)
(-0.000212829 9.75976e-05 2.15028e-08)
(-8.12009e-05 3.65342e-05 8.98904e-09)
(-3.01157e-05 1.32415e-05 3.59694e-09)
(-1.08566e-05 4.6551e-06 1.38186e-09)
(-3.80549e-06 1.58974e-06 5.10942e-10)
(-1.2978e-06 5.28083e-07 1.82149e-10)
(-4.30942e-07 1.70837e-07 6.27066e-11)
(-1.39449e-07 5.38836e-08 2.08693e-11)
(-4.40136e-08 1.65878e-08 6.72142e-12)
(-1.35622e-08 4.98901e-09 2.09581e-12)
(-4.08358e-09 1.4674e-09 6.32014e-13)
(-1.20254e-09 4.22456e-10 1.83997e-13)
(-3.46637e-10 1.19144e-10 5.14022e-14)
(-9.78897e-11 3.29477e-11 1.34347e-14)
(-2.71042e-11 8.93931e-12 1.75235e-15)
(-7.3657e-12 2.38203e-12 -1.16823e-15)
(-1.96497e-12 6.23836e-13 -5.84116e-16)
(-5.12854e-13 1.62384e-13 0)
(-1.3201e-13 3.97199e-14 1.75235e-15)
(-3.5047e-14 9.34586e-15 1.75235e-15)
(-5.84116e-15 0 5.84116e-16)
(-1.16823e-15 3.5047e-15 -1.16823e-15)
(0 1.16823e-15 -5.84116e-16)
(1.16823e-15 3.5047e-15 0)
(-1.16823e-15 3.5047e-15 0)
(1.16823e-15 0 5.84116e-16)
(-0.0379857 0.00173354 1.18008e-06)
(-0.0192093 0.00190296 7.77275e-07)
(-0.0090957 0.00121496 4.61994e-07)
(-0.00409503 0.000634371 2.51463e-07)
(-0.00176724 0.000295968 1.27053e-07)
(-0.000734195 0.000127948 6.02431e-08)
(-0.000294358 5.21914e-05 2.7005e-08)
(-0.000114084 2.02971e-05 1.15141e-08)
(-4.28012e-05 7.57446e-06 4.68792e-09)
(-1.55638e-05 2.72441e-06 1.82953e-09)
(-5.49193e-06 9.47538e-07 6.85984e-10)
(-1.88277e-06 3.19457e-07 2.47772e-10)
(-6.27812e-07 1.04617e-07 8.63277e-11)
(-2.0385e-07 3.33362e-08 2.90703e-11)
(-6.45228e-08 1.03514e-08 9.46852e-12)
(-1.99291e-08 3.13639e-09 2.986e-12)
(-6.01269e-09 9.28374e-10 9.10637e-13)
(-1.77367e-09 2.68753e-10 2.69862e-13)
(-5.1203e-10 7.61617e-11 7.65192e-14)
(-1.44779e-10 2.11485e-11 2.04441e-14)
(-4.01334e-11 5.75705e-12 5.84116e-15)
(-1.09113e-11 1.5409e-12 0)
(-2.91123e-12 4.05377e-13 -5.84116e-16)
(-7.6636e-13 1.03973e-13 0)
(-1.98599e-13 2.33646e-14 0)
(-5.0234e-14 3.5047e-15 1.75235e-15)
(-1.16823e-14 0 1.75235e-15)
(0 0 0)
(0 0 -5.84116e-16)
(0 -2.33646e-15 0)
(0 0 0)
(0 0 -5.84116e-16)
(-0.0353474 -0.00331504 1.16923e-06)
(-0.0183961 -0.00112973 7.61072e-07)
(-0.00901298 -0.000317646 4.54563e-07)
(-0.00418638 -6.4208e-05 2.50599e-07)
(-0.00185411 -1.04244e-06 1.28638e-07)
(-0.0007864 8.09864e-06 6.19707e-08)
(-0.00032048 5.85009e-06 2.82063e-08)
(-0.000125818 3.02916e-06 1.2194e-08)
(-4.76883e-05 1.35108e-06 5.02916e-09)
(-1.74835e-05 5.49601e-07 1.98567e-09)
(-6.21044e-06 2.09215e-07 7.52775e-10)
(-2.14072e-06 7.55815e-08 2.74672e-10)
(-7.17062e-07 2.61382e-08 9.66613e-11)
(-2.33714e-07 8.70365e-09 3.28618e-11)
(-7.42134e-08 2.80227e-09 1.08085e-11)
(-2.29853e-08 8.75143e-10 3.4422e-12)
(-6.95122e-09 2.65758e-10 1.06251e-12)
(-2.05475e-09 7.86337e-11 3.17759e-13)
(-5.94241e-10 2.27116e-11 9.22903e-14)
(-1.68293e-10 6.40775e-12 2.5117e-14)
(-4.67153e-11 1.76987e-12 4.67293e-15)
(-1.27174e-11 4.76639e-13 -1.16823e-15)
(-3.39956e-12 1.26169e-13 0)
(-8.96034e-13 2.80376e-14 5.84116e-16)
(-2.3131e-13 8.17763e-15 -1.16823e-15)
(-5.72434e-14 2.33646e-15 1.16823e-15)
(-9.34586e-15 4.67293e-15 1.16823e-15)
(-3.5047e-15 -2.33646e-15 0)
(1.16823e-15 -1.16823e-15 0)
(0 2.33646e-15 5.84116e-16)
(0 0 -5.84116e-16)
(0 0 0)
(-0.0309875 -0.0070173 9.93058e-07)
(-0.0162119 -0.00325669 6.27905e-07)
(-0.00803018 -0.00142443 3.69187e-07)
(-0.00377842 -0.000593304 2.02322e-07)
(-0.00169494 -0.000237049 1.03851e-07)
(-0.000727302 -9.13028e-05 5.0191e-08)
(-0.000299427 -3.40179e-05 2.2954e-08)
(-0.000118583 -1.22906e-05 9.97726e-09)
(-4.52807e-05 -4.31397e-06 4.13744e-09)
(-1.67056e-05 -1.47316e-06 1.64228e-09)
(-5.96594e-06 -4.90029e-07 6.25674e-10)
(-2.06584e-06 -1.58948e-07 2.29349e-10)
(-6.9469e-07 -5.03232e-08 8.10461e-11)
(-2.27186e-07 -1.55652e-08 2.76596e-11)
(-7.23513e-08 -4.70748e-09 9.12798e-12)
(-2.24656e-08 -1.39322e-09 2.91708e-12)
(-6.8092e-09 -4.03817e-10 9.03043e-13)
(-2.01672e-09 -1.14713e-10 2.69862e-13)
(-5.84255e-10 -3.19605e-11 7.76874e-14)
(-1.65721e-10 -8.73838e-12 2.21964e-14)
(-4.60622e-11 -2.34581e-12 5.84116e-15)
(-1.25585e-11 -6.17995e-13 -1.16823e-15)
(-3.361e-12 -1.62384e-13 -1.16823e-15)
(-8.84352e-13 -4.20564e-14 -5.84116e-16)
(-2.28974e-13 -1.40188e-14 -1.16823e-15)
(-5.60751e-14 -3.5047e-15 0)
(-9.34586e-15 0 1.16823e-15)
(-3.5047e-15 -1.16823e-15 0)
(1.16823e-15 0 -5.84116e-16)
(0 0 0)
(0 0 5.84116e-16)
(0 0 5.84116e-16)
(-0.0245446 -0.0102152 7.57478e-07)
(-0.0128033 -0.00493305 4.72821e-07)
(-0.0063496 -0.0022632 2.76671e-07)
(-0.00299899 -0.00099082 1.51919e-07)
(-0.0013521 -0.000415542 7.84834e-08)
(-0.000583369 -0.000167491 3.82838e-08)
(-0.000241468 -6.50588e-05 1.76986e-08)
(-9.61139e-05 -2.44089e-05 7.78269e-09)
(-3.68709e-05 -8.86284e-06 3.26613e-09)
(-1.36596e-05 -3.11986e-06 1.31207e-09)
(-4.89623e-06 -1.06637e-06 5.05898e-10)
(-1.70101e-06 -3.54405e-07 1.87664e-10)
(-5.7368e-07 -1.14677e-07 6.71138e-11)
(-1.88099e-07 -3.61711e-08 2.31789e-11)
(-6.00414e-08 -1.11337e-08 7.74421e-12)
(-1.86816e-08 -3.34783e-09 2.50644e-12)
(-5.67272e-09 -9.84383e-10 7.88557e-13)
(-1.68289e-09 -2.83296e-10 2.40656e-13)
(-4.88268e-10 -7.98685e-11 7.0678e-14)
(-1.38679e-10 -2.20773e-11 1.86917e-14)
(-3.85949e-11 -5.98953e-12 4.67293e-15)
(-1.05328e-11 -1.59464e-12 1.16823e-15)
(-2.82362e-12 -4.17059e-13 -5.84116e-16)
(-7.44164e-13 -1.05141e-13 0)
(-1.9159e-13 -2.45329e-14 -1.75235e-15)
(-4.20564e-14 -2.33646e-15 0)
(-1.16823e-14 -2.33646e-15 -1.16823e-15)
(-1.16823e-15 0 0)
(0 1.16823e-15 0)
(3.5047e-15 -2.33646e-15 5.84116e-16)
(-2.33646e-15 0 0)
(0 0 -5.84116e-16)
(-0.0159149 -0.0128134 2.60864e-07)
(-0.0082599 -0.00620737 1.63011e-07)
(-0.00408794 -0.0028716 9.60469e-08)
(-0.00193076 -0.00127119 5.32649e-08)
(-0.000871609 -0.000539671 2.78262e-08)
(-0.000376819 -0.000220216 1.37231e-08)
(-0.000156344 -8.65547e-05 6.409e-09)
(-6.23869e-05 -3.28336e-05 2.84331e-09)
(-2.39917e-05 -1.2043e-05 1.20215e-09)
(-8.90917e-06 -4.27846e-06 4.85773e-10)
(-3.20049e-06 -1.47456e-06 1.88111e-10)
(-1.11415e-06 -4.93746e-07 6.99654e-11)
(-3.76456e-07 -1.60844e-07 2.50457e-11)
(-1.23643e-07 -5.10414e-08 8.64492e-12)
(-3.9528e-08 -1.5797e-08 2.88028e-12)
(-1.23163e-08 -4.77358e-09 9.29329e-13)
(-3.74466e-09 -1.40989e-09 2.89137e-13)
(-1.11221e-09 -4.07405e-10 8.82015e-14)
(-3.23035e-10 -1.1528e-10 2.57011e-14)
(-9.18394e-11 -3.19698e-11 6.42528e-15)
(-2.55808e-11 -8.69282e-12 2.33646e-15)
(-6.98603e-12 -2.31894e-12 -1.16823e-15)
(-1.87384e-12 -6.08649e-13 0)
(-4.90658e-13 -1.53038e-13 -1.75235e-15)
(-1.27337e-13 -3.5047e-14 -1.16823e-15)
(-3.27105e-14 -8.17763e-15 0)
(-8.17763e-15 -2.33646e-15 1.16823e-15)
(0 1.16823e-15 0)
(0 0 0)
(0 0 0)
(0 0 0)
(0 0 0)
(-0.00553397 -0.0143239 -2.08075e-08)
(-0.00286146 -0.00692172 -8.65938e-09)
(-0.00141342 -0.00320257 -2.59922e-09)
(-0.000667057 -0.00142036 -1.79415e-10)
(-0.000301134 -0.000604748 4.81955e-10)
(-0.000130253 -0.000247616 4.79968e-10)
(-5.40854e-05 -9.76758e-05 3.19576e-10)
(-2.16023e-05 -3.71858e-05 1.77144e-10)
(-8.31575e-06 -1.36867e-05 8.73014e-11)
(-3.0911e-06 -4.87826e-06 3.93834e-11)
(-1.11151e-06 -1.68639e-06 1.65346e-11)
(-3.87297e-07 -5.66257e-07 6.52049e-12)
(-1.30975e-07 -1.8494e-07 2.43401e-12)
(-4.30517e-08 -5.88259e-08 8.62155e-13)
(-1.37736e-08 -1.82454e-08 2.90306e-13)
(-4.29456e-09 -5.5243e-09 9.40427e-14)
(-1.30654e-09 -1.63456e-09 2.86217e-14)
(-3.88278e-10 -4.73101e-10 8.76174e-15)
(-1.12833e-10 -1.34075e-10 2.92058e-15)
(-3.20937e-11 -3.72339e-11 1.75235e-15)
(-8.94515e-12 -1.01414e-11 1.75235e-15)
(-2.44511e-12 -2.70913e-12 1.16823e-15)
(-6.55378e-13 -7.0678e-13 0)
(-1.74067e-13 -1.79908e-13 1.16823e-15)
(-4.43928e-14 -4.20564e-14 0)
(-9.34586e-15 -9.34586e-15 0)
(0 0 5.84116e-16)
(0 0 -1.75235e-15)
(0 0 -5.84116e-16)
(0 0 0)
(0 0 0)
(0 0 0)
(-0.038825 0.0347853 2.71791e-07)
(-0.0113646 0.0137777 1.90965e-07)
(-0.00381135 0.00554218 1.19792e-07)
(-0.0013974 0.00222125 6.58019e-08)
(-0.000534469 0.000876936 3.28036e-08)
(-0.000206472 0.000338848 1.52448e-08)
(-7.90818e-05 0.000127713 6.69418e-09)
(-2.97389e-05 4.68772e-05 2.804e-09)
(-1.09268e-05 1.6747e-05 1.125e-09)
(-3.91397e-06 5.8235e-06 4.34206e-10)
(-1.36566e-06 1.97191e-06 1.61467e-10)
(-4.64144e-07 6.50613e-07 5.80045e-11)
(-1.53715e-07 2.09322e-07 2.01462e-11)
(-4.96371e-08 6.57236e-08 6.77867e-12)
(-1.56403e-08 2.01561e-08 2.2103e-12)
(-4.81267e-09 6.0428e-09 6.98603e-13)
(-1.4474e-09 1.77247e-09 2.15539e-13)
(-4.25812e-10 5.0907e-10 6.60051e-14)
(-1.2264e-10 1.43279e-10 1.81076e-14)
(-3.46089e-11 3.95423e-11 5.84116e-15)
(-9.576e-12 1.07068e-11 0)
(-2.60165e-12 2.84231e-12 5.84116e-16)
(-6.92762e-13 7.37155e-13 0)
(-1.79908e-13 1.85749e-13 1.16823e-15)
(-4.78975e-14 4.43928e-14 1.16823e-15)
(-1.28506e-14 8.17763e-15 1.16823e-15)
(0 -2.33646e-15 0)
(-2.33646e-15 -3.5047e-15 0)
(0 -3.5047e-15 0)
(2.33646e-15 -1.16823e-15 0)
(0 -1.16823e-15 5.84116e-16)
(0 -1.16823e-15 0)
(-0.0392074 0.0111694 7.65148e-07)
(-0.0178785 0.00677008 5.216e-07)
(-0.00774512 0.00332362 3.07731e-07)
(-0.00326784 0.00148495 1.63032e-07)
(-0.00134793 0.000625493 7.97285e-08)
(-0.000542751 0.000251892 3.65775e-08)
(-0.000212889 9.76235e-05 1.59098e-08)
(-8.12275e-05 3.65453e-05 6.60074e-09)
(-3.01269e-05 1.3246e-05 2.62442e-09)
(-1.08611e-05 4.65687e-06 1.00274e-09)
(-3.80723e-06 1.5904e-06 3.69167e-10)
(-1.29845e-06 5.28323e-07 1.31162e-10)
(-4.31174e-07 1.70921e-07 4.50552e-11)
(-1.39529e-07 5.39119e-08 1.49773e-11)
(-4.40405e-08 1.6597e-08 4.82305e-12)
(-1.3571e-08 4.99193e-09 1.50644e-12)
(-4.08633e-09 1.46829e-09 4.56779e-13)
(-1.20337e-09 4.22719e-10 1.34931e-13)
(-3.46888e-10 1.19219e-10 3.85517e-14)
(-9.79621e-11 3.29652e-11 8.76174e-15)
(-2.7124e-11 8.94632e-12 1.16823e-15)
(-7.36687e-12 2.38086e-12 0)
(-1.96613e-12 6.215e-13 0)
(-5.12854e-13 1.5888e-13 0)
(-1.29674e-13 3.97199e-14 0)
(-3.5047e-14 1.16823e-14 1.16823e-15)
(-9.34586e-15 2.33646e-15 -5.84116e-16)
(0 0 -5.84116e-16)
(0 0 0)
(2.33646e-15 0 0)
(0 -2.33646e-15 0)
(0 -2.33646e-15 0)
(-0.0379869 0.00173369 8.77376e-07)
(-0.0192104 0.00190301 5.78246e-07)
(-0.00909648 0.001215 3.4266e-07)
(-0.00409552 0.000634406 1.85668e-07)
(-0.00176753 0.000295994 9.33248e-08)
(-0.000734342 0.000127963 4.40315e-08)
(-0.000294429 5.21998e-05 1.96453e-08)
(-0.000114116 2.03012e-05 8.34341e-09)
(-4.28152e-05 7.57636e-06 3.38547e-09)
(-1.55696e-05 2.72522e-06 1.31803e-09)
(-5.49421e-06 9.47867e-07 4.93292e-10)
(-1.88363e-06 3.19584e-07 1.78042e-10)
(-6.28126e-07 1.04664e-07 6.20285e-11)
(-2.03961e-07 3.33529e-08 2.09131e-11)
(-6.45603e-08 1.03572e-08 6.8254e-12)
(-1.99414e-08 3.1383e-09 2.16065e-12)
(-6.01662e-09 9.2899e-10 6.63556e-13)
(-1.77488e-09 2.68942e-10 1.96263e-13)
(-5.12394e-10 7.62201e-11 5.72434e-14)
(-1.44885e-10 2.11672e-11 1.40188e-14)
(-4.01603e-11 5.76289e-12 4.08881e-15)
(-1.0923e-11 1.5409e-12 5.84116e-16)
(-2.91474e-12 4.04208e-13 -1.16823e-15)
(-7.61687e-13 1.05141e-13 -5.84116e-16)
(-1.96263e-13 2.57011e-14 1.16823e-15)
(-5.14022e-14 4.67293e-15 1.75235e-15)
(-1.28506e-14 1.16823e-15 0)
(-2.33646e-15 0 -5.84116e-16)
(0 0 0)
(0 0 0)
(0 0 -5.84116e-16)
(2.33646e-15 0 -1.16823e-15)
(-0.0353486 -0.0033154 8.37123e-07)
(-0.0183972 -0.00113 5.47774e-07)
(-0.00901372 -0.000317813 3.27577e-07)
(-0.00418685 -6.42959e-05 1.80374e-07)
(-0.00185438 -1.08403e-06 9.23772e-08)
(-0.000786545 8.08045e-06 4.43762e-08)
(-0.000320551 5.84265e-06 2.01428e-08)
(-0.000125851 3.02627e-06 8.68567e-09)
(-4.77029e-05 1.35002e-06 3.5749e-09)
(-1.74896e-05 5.49225e-07 1.40921e-09)
(-6.21287e-06 2.09088e-07 5.33761e-10)
(-2.14165e-06 7.55401e-08 1.94698e-10)
(-7.17405e-07 2.61252e-08 6.85548e-11)
(-2.33836e-07 8.69976e-09 2.33366e-11)
(-7.42552e-08 2.80115e-09 7.69281e-12)
(-2.29992e-08 8.74833e-10 2.45854e-12)
(-6.95568e-09 2.65677e-10 7.6344e-13)
(-2.05614e-09 7.86174e-11 2.29558e-13)
(-5.94666e-10 2.27069e-11 6.65892e-14)
(-1.68418e-10 6.41009e-12 1.81076e-14)
(-4.6748e-11 1.77104e-12 5.25704e-15)
(-1.27291e-11 4.78975e-13 1.16823e-15)
(-3.39839e-12 1.26169e-13 -1.16823e-15)
(-8.90193e-13 3.5047e-14 1.16823e-15)
(-2.3131e-13 9.34586e-15 2.33646e-15)
(-5.95798e-14 0 1.75235e-15)
(-1.40188e-14 2.33646e-15 0)
(-1.16823e-15 0 -5.84116e-16)
(0 2.33646e-15 0)
(-2.33646e-15 0 0)
(2.33646e-15 2.33646e-15 0)
(0 2.33646e-15 0)
(-0.0309887 -0.00701795 6.96141e-07)
(-0.0162128 -0.00325714 4.40963e-07)
(-0.00803077 -0.00142471 2.59152e-07)
(-0.00377879 -0.000593457 1.41713e-07)
(-0.00169515 -0.000237126 7.25327e-08)
(-0.000727415 -9.13389e-05 3.49375e-08)
(-0.000299483 -3.40338e-05 1.59261e-08)
(-0.000118609 -1.22972e-05 6.9005e-09)
(-4.52923e-05 -4.3166e-06 2.8537e-09)
(-1.67105e-05 -1.47416e-06 1.13e-09)
(-5.96789e-06 -4.90395e-07 4.29732e-10)
(-2.06659e-06 -1.59076e-07 1.57321e-10)
(-6.94966e-07 -5.03667e-08 5.5564e-11)
(-2.27285e-07 -1.55795e-08 1.89674e-11)
(-7.23852e-08 -4.71199e-09 6.26581e-12)
(-2.24769e-08 -1.3946e-09 2.00702e-12)
(-6.81284e-09 -4.04229e-10 6.22084e-13)
(-2.01786e-09 -1.1483e-10 1.87501e-13)
(-5.84599e-10 -3.19932e-11 5.43228e-14)
(-1.6582e-10 -8.74655e-12 1.5187e-14)
(-4.60938e-11 -2.34931e-12 4.08881e-15)
(-1.25678e-11 -6.17995e-13 1.16823e-15)
(-3.35867e-12 -1.60048e-13 -1.16823e-15)
(-8.78511e-13 -4.43928e-14 5.84116e-16)
(-2.30142e-13 -1.16823e-14 2.33646e-15)
(-5.95798e-14 -3.5047e-15 1.16823e-15)
(-1.16823e-14 0 0)
(-1.16823e-15 2.33646e-15 0)
(0 0 0)
(0 1.16823e-15 0)
(0 0 0)
(0 0 0)
(-0.0245455 -0.0102164 5.12065e-07)
(-0.0128039 -0.00493378 3.2152e-07)
(-0.00635004 -0.00226363 1.88977e-07)
(-0.00299926 -0.000991052 1.04123e-07)
(-0.00135226 -0.000415659 5.39167e-08)
(-0.000583453 -0.000167548 2.63492e-08)
(-0.00024151 -6.50842e-05 1.21982e-08)
(-9.61338e-05 -2.44198e-05 5.37142e-09)
(-3.68798e-05 -8.86733e-06 2.25722e-09)
(-1.36634e-05 -3.12162e-06 9.08239e-10)
(-4.89778e-06 -1.06703e-06 3.50836e-10)
(-1.70162e-06 -3.54648e-07 1.30444e-10)
(-5.73908e-07 -1.14763e-07 4.67766e-11)
(-1.88181e-07 -3.62003e-08 1.6211e-11)
(-6.00703e-08 -1.11433e-08 5.43695e-12)
(-1.86914e-08 -3.3509e-09 1.76754e-12)
(-5.67591e-09 -9.85333e-10 5.57831e-13)
(-1.68391e-09 -2.83581e-10 1.69978e-13)
(-4.88579e-10 -7.99491e-11 5.08181e-14)
(-1.38775e-10 -2.20994e-11 1.46029e-14)
(-3.86206e-11 -5.9942e-12 4.08881e-15)
(-1.0541e-11 -1.59464e-12 5.84116e-16)
(-2.82362e-12 -4.13554e-13 0)
(-7.40659e-13 -1.07477e-13 1.16823e-15)
(-1.92758e-13 -3.0374e-14 5.84116e-16)
(-4.78975e-14 -7.00939e-15 0)
(-9.34586e-15 0 0)
(1.16823e-15 0 5.84116e-16)
(0 0 1.16823e-15)
(-1.16823e-15 -1.16823e-15 0)
(0 0 0)
(0 0 0)
(-0.0159151 -0.0128145 1.18315e-07)
(-0.00826004 -0.00620805 7.58269e-08)
(-0.00408804 -0.002872 4.57704e-08)
(-0.00193083 -0.0012714 2.58847e-08)
(-0.000871647 -0.000539782 1.37324e-08)
(-0.00037684 -0.00022027 6.84753e-09)
(-0.000156355 -8.65795e-05 3.22413e-09)
(-6.23922e-05 -3.28445e-05 1.43801e-09)
(-2.39941e-05 -1.20476e-05 6.10311e-10)
(-8.91019e-06 -4.28029e-06 2.47138e-10)
(-3.20092e-06 -1.47527e-06 9.584e-11)
(-1.11432e-06 -4.94007e-07 3.56603e-11)
(-3.76519e-07 -1.60937e-07 1.2767e-11)
(-1.23665e-07 -5.10737e-08 4.40424e-12)
(-3.95358e-08 -1.58078e-08 1.4673e-12)
(-1.23189e-08 -4.77711e-09 4.71382e-13)
(-3.74551e-09 -1.41101e-09 1.47197e-13)
(-1.11247e-09 -4.07748e-10 4.49769e-14)
(-3.23117e-10 -1.15384e-10 1.46029e-14)
(-9.18686e-11 -3.1999e-11 4.08881e-15)
(-2.55866e-11 -8.70333e-12 0)
(-6.98603e-12 -2.32361e-12 1.16823e-15)
(-1.87384e-12 -6.08649e-13 1.16823e-15)
(-4.9533e-13 -1.54207e-13 -1.16823e-15)
(-1.28506e-13 -3.62152e-14 -1.16823e-15)
(-2.92058e-14 -8.17763e-15 -1.16823e-15)
(-5.84116e-15 -2.33646e-15 1.16823e-15)
(-1.16823e-15 -2.33646e-15 0)
(0 -2.33646e-15 0)
(0 0 0)
(0 0 0)
(0 0 0)
(-0.00553387 -0.0143241 -4.16117e-08)
(-0.0028614 -0.00692183 -2.1764e-08)
(-0.00141339 -0.00320264 -1.04229e-08)
(-0.00066704 -0.0014204 -4.58978e-09)
(-0.000301126 -0.000604772 -1.86603e-09)
(-0.00013025 -0.000247628 -7.00086e-10)
(-5.40842e-05 -9.76818e-05 -2.41944e-10)
(-2.16018e-05 -3.71885e-05 -7.62073e-11)
(-8.31561e-06 -1.36878e-05 -2.14762e-11)
(-3.09105e-06 -4.87875e-06 -5.1373e-12)
(-1.1115e-06 -1.68658e-06 -8.94282e-13)
(-3.87295e-07 -5.66328e-07 -1.16823e-14)
(-1.30975e-07 -1.84965e-07 8.29445e-14)
(-4.30518e-08 -5.88348e-08 4.96499e-14)
(-1.37737e-08 -1.82484e-08 1.92758e-14)
(-4.29459e-09 -5.52526e-09 7.59351e-15)
(-1.30655e-09 -1.63485e-09 1.16823e-15)
(-3.88281e-10 -4.7319e-10 0)
(-1.12831e-10 -1.341e-10 0)
(-3.20948e-11 -3.72409e-11 0)
(-8.94632e-12 -1.01403e-11 -5.84116e-16)
(-2.44394e-12 -2.70796e-12 0)
(-6.5421e-13 -7.07949e-13 0)
(-1.72898e-13 -1.79908e-13 0)
(-4.55611e-14 -4.20564e-14 0)
(-9.34586e-15 -7.00939e-15 0)
(-2.33646e-15 -1.16823e-15 0)
(-2.33646e-15 2.33646e-15 0)
(0 2.33646e-15 -1.16823e-15)
(2.33646e-15 0 0)
(0 0 -5.84116e-16)
(2.33646e-15 0 0)
)
;

boundaryField
{
    base
    {
        type            calculated;
        value           nonuniform List<vector> 
160
(
(-2.72691 1.68207 -4.61132e-08)
(-1.31984 0.461653 -3.6881e-08)
(-0.880301 0.150339 -2.88459e-08)
(-0.718483 0.0572868 -2.84183e-08)
(-0.651154 0.0243343 -6.39712e-09)
(-0.621145 0.0109354 -1.1623e-08)
(-0.607413 0.00500231 2.13566e-09)
(-0.601136 0.00227327 -3.41074e-09)
(-2.72691 1.68207 -2.31628e-08)
(-1.31984 0.461653 1.44494e-07)
(-0.880302 0.150339 1.80794e-07)
(-0.718483 0.0572869 2.51373e-07)
(-0.651154 0.0243343 2.3442e-07)
(-0.621146 0.0109354 2.12006e-07)
(-0.607413 0.00500232 1.64043e-07)
(-0.601136 0.00227327 1.18562e-07)
(-2.72691 1.68207 1.02526e-07)
(-1.31984 0.461653 5.55875e-07)
(-0.8803 0.150339 8.24925e-07)
(-0.718481 0.0572869 9.51324e-07)
(-0.651152 0.0243342 8.86993e-07)
(-0.621144 0.0109352 7.62879e-07)
(-0.607411 0.00500212 5.79682e-07)
(-0.601135 0.0022731 4.1626e-07)
(-2.72691 1.68207 7.95752e-08)
(-1.31983 0.461654 3.745e-07)
(-0.880295 0.150339 6.15285e-07)
(-0.718475 0.057287 6.71533e-07)
(-0.651147 0.0243339 6.46176e-07)
(-0.621139 0.0109348 5.39249e-07)
(-0.607408 0.00500163 4.17775e-07)
(-0.601133 0.00227267 2.94287e-07)
(-0.598319 0.00101168 6.43015e-10)
(-0.597089 0.000437729 -2.74298e-09)
(-0.596569 0.000184227 -2.67027e-09)
(-0.596353 7.68755e-05 -4.19979e-09)
(-0.596261 3.44446e-05 -4.60824e-09)
(-0.596215 2.0187e-05 -5.12982e-09)
(-0.59618 1.74961e-05 -5.3577e-09)
(-0.596145 1.81952e-05 -5.99927e-09)
(-0.598319 0.00101168 7.90948e-08)
(-0.59709 0.000437722 4.92681e-08)
(-0.596569 0.000184224 2.92934e-08)
(-0.596353 7.68716e-05 1.67319e-08)
(-0.596261 3.44427e-05 9.45063e-09)
(-0.596215 2.01855e-05 5.57053e-09)
(-0.59618 1.74944e-05 3.42951e-09)
(-0.596145 1.8194e-05 2.35927e-09)
(-0.598319 0.00101154 2.78706e-07)
(-0.597089 0.000437629 1.79996e-07)
(-0.596568 0.000184162 1.16061e-07)
(-0.596352 7.68358e-05 7.66637e-08)
(-0.596261 3.44223e-05 5.4885e-08)
(-0.596215 2.0175e-05 4.31156e-08)
(-0.59618 1.74897e-05 3.73553e-08)
(-0.596145 1.81924e-05 3.67728e-08)
(-0.598317 0.00101121 2.00254e-07)
(-0.597088 0.000437397 1.27985e-07)
(-0.596568 0.000184018 8.40977e-08)
(-0.596352 7.67493e-05 5.5732e-08)
(-0.596261 3.43756e-05 4.08262e-08)
(-0.596214 2.01505e-05 3.24152e-08)
(-0.59618 1.74817e-05 2.85681e-08)
(-0.596145 1.81915e-05 2.84142e-08)
(-0.596107 1.77391e-05 -5.98251e-09)
(-0.596074 1.45527e-05 -6.83143e-09)
(-0.596049 9.30695e-06 -6.53286e-09)
(-0.596037 3.1686e-06 -6.94617e-09)
(-0.596037 -3.14972e-06 -6.69717e-09)
(-0.596049 -9.29188e-06 -6.673e-09)
(-0.596074 -1.45566e-05 -6.54045e-09)
(-0.596107 -1.77964e-05 -5.92155e-09)
(-0.596108 1.77375e-05 2.02918e-09)
(-0.596074 1.45516e-05 1.61125e-09)
(-0.596049 9.30672e-06 1.93201e-09)
(-0.596037 3.16827e-06 1.7365e-09)
(-0.596037 -3.14917e-06 2.02807e-09)
(-0.596049 -9.29157e-06 1.93185e-09)
(-0.596074 -1.45551e-05 2.11029e-09)
(-0.596107 -1.77955e-05 2.35894e-09)
(-0.596107 1.77376e-05 3.61236e-08)
(-0.596074 1.45525e-05 3.9128e-08)
(-0.596049 9.3072e-06 3.91647e-08)
(-0.596037 3.16879e-06 4.05638e-08)
(-0.596037 -3.14933e-06 4.03627e-08)
(-0.596049 -9.29171e-06 3.98991e-08)
(-0.596074 -1.45557e-05 3.95169e-08)
(-0.596107 -1.77955e-05 3.70483e-08)
(-0.596107 1.77422e-05 2.81119e-08)
(-0.596074 1.45577e-05 3.06854e-08)
(-0.596049 9.30959e-06 3.06999e-08)
(-0.596036 3.17067e-06 3.18811e-08)
(-0.596036 -3.1505e-06 3.16374e-08)
(-0.596049 -9.29326e-06 3.12942e-08)
(-0.596074 -1.45608e-05 3.08661e-08)
(-0.596107 -1.77985e-05 2.87678e-08)
(-0.596145 -1.83163e-05 -6.09981e-09)
(-0.596181 -1.77275e-05 -5.69566e-09)
(-0.596216 -2.05752e-05 -6.09484e-09)
(-0.596263 -3.50888e-05 -6.92368e-09)
(-0.596356 -7.78583e-05 -7.02455e-09)
(-0.596574 -0.000185651 -1.08803e-08)
(-0.597099 -0.000439463 -9.34898e-09)
(-0.598332 -0.00101349 -2.08357e-08)
(-0.596145 -1.83159e-05 2.57656e-09)
(-0.596181 -1.77275e-05 3.51097e-09)
(-0.596216 -2.05777e-05 5.22212e-09)
(-0.596263 -3.50907e-05 8.2586e-09)
(-0.596356 -7.78662e-05 1.5816e-08)
(-0.596575 -0.000185655 2.46941e-08)
(-0.597099 -0.000439483 4.81383e-08)
(-0.598332 -0.0010135 6.66677e-08)
(-0.596145 -1.8314e-05 3.80049e-08)
(-0.596181 -1.77222e-05 3.90398e-08)
(-0.596216 -2.05657e-05 4.60826e-08)
(-0.596263 -3.50677e-05 6.08918e-08)
(-0.596356 -7.78255e-05 8.53662e-08)
(-0.596574 -0.000185586 1.36641e-07)
(-0.597098 -0.000439379 2.03094e-07)
(-0.598332 -0.00101334 3.32378e-07)
(-0.596145 -1.83119e-05 2.93285e-08)
(-0.59618 -1.77113e-05 2.98331e-08)
(-0.596216 -2.0534e-05 3.47656e-08)
(-0.596263 -3.50121e-05 4.57095e-08)
(-0.596356 -7.77147e-05 6.25256e-08)
(-0.596573 -0.00018542 1.01067e-07)
(-0.597097 -0.000439092 1.45607e-07)
(-0.59833 -0.00101299 2.44875e-07)
(-0.601153 -0.00227453 -1.20795e-08)
(-0.60743 -0.00500229 -3.59758e-08)
(-0.621162 -0.0109334 -8.22419e-09)
(-0.651164 -0.0243301 -4.30349e-08)
(-0.718482 -0.0572811 1.25908e-08)
(-0.880289 -0.150333 -2.07021e-08)
(-1.31981 -0.461654 5.95511e-08)
(-2.7269 -1.68208 1.05331e-07)
(-0.601153 -0.00227456 1.20801e-07)
(-0.607431 -0.00500228 1.40416e-07)
(-0.621162 -0.0109334 2.266e-07)
(-0.651164 -0.02433 2.07255e-07)
(-0.718482 -0.0572811 2.89617e-07)
(-0.880289 -0.150333 1.79918e-07)
(-1.31981 -0.461654 2.24822e-07)
(-2.7269 -1.68208 1.15466e-07)
(-0.601152 -0.00227438 4.56408e-07)
(-0.607429 -0.00500207 6.72159e-07)
(-0.62116 -0.0109333 7.86283e-07)
(-0.651162 -0.0243299 9.64524e-07)
(-0.71848 -0.0572812 8.81315e-07)
(-0.880287 -0.150333 7.88556e-07)
(-1.31981 -0.461654 3.60513e-07)
(-2.7269 -1.68208 -1.42842e-07)
(-0.601149 -0.00227388 3.23528e-07)
(-0.607425 -0.00500162 4.95767e-07)
(-0.621156 -0.0109328 5.5146e-07)
(-0.651157 -0.0243298 7.14234e-07)
(-0.718475 -0.0572814 6.04288e-07)
(-0.880282 -0.150334 5.87935e-07)
(-1.31981 -0.461655 1.95242e-07)
(-2.7269 -1.68208 -1.52977e-07)
)
;
    }
    cooled
    {
        type            calculated;
        value           nonuniform List<vector> 
992
(
(-1.74707 2.66061 -4.61132e-08)
(-1.74707 2.66061 -2.31628e-08)
(-1.74707 2.66061 1.02526e-07)
(-1.74707 2.66061 7.95752e-08)
(-0.521729 1.12615 -9.20137e-08)
(-0.521729 1.12614 1.1803e-08)
(-0.521729 1.12615 2.99846e-07)
(-0.521728 1.12615 1.96029e-07)
(-0.201703 0.573691 -9.99158e-08)
(-0.201703 0.57369 6.25281e-08)
(-0.201703 0.573691 4.5646e-07)
(-0.201702 0.573693 2.94016e-07)
(-0.0979911 0.319334 -8.52511e-08)
(-0.0979911 0.319333 1.00929e-07)
(-0.097991 0.319334 5.23766e-07)
(-0.097991 0.319337 3.37586e-07)
(-0.0543095 0.181726 -6.14586e-08)
(-0.0543094 0.181726 1.16591e-07)
(-0.0543095 0.181727 5.059e-07)
(-0.0543096 0.18173 3.2785e-07)
(-0.0315128 0.102096 -3.86606e-08)
(-0.0315127 0.102095 1.10473e-07)
(-0.0315129 0.102096 4.32813e-07)
(-0.0315131 0.102099 2.83679e-07)
(-0.0182156 0.0556748 -2.17552e-08)
(-0.0182156 0.0556746 9.0877e-08)
(-0.0182157 0.0556755 3.37456e-07)
(-0.018216 0.0556773 2.24824e-07)
(-0.0102374 0.029233 -1.14169e-08)
(-0.0102374 0.0292329 6.65838e-08)
(-0.0102375 0.0292336 2.44852e-07)
(-0.0102377 0.0292349 1.66852e-07)
(-0.00553167 0.0147252 -5.90014e-09)
(-0.00553165 0.0147251 4.44088e-08)
(-0.00553175 0.0147255 1.67167e-07)
(-0.00553193 0.0147264 1.16858e-07)
(-0.0028598 0.00710634 -2.95055e-09)
(-0.00285979 0.00710632 2.74531e-08)
(-0.00285986 0.00710656 1.07274e-07)
(-0.00286 0.00710717 7.68708e-08)
(-0.00141232 0.00328593 -1.39487e-09)
(-0.00141231 0.00328592 1.59208e-08)
(-0.00141235 0.00328606 6.45111e-08)
(-0.00141245 0.00328644 4.71954e-08)
(-0.000666373 0.00145707 -5.86543e-10)
(-0.000666371 0.00145707 8.70871e-09)
(-0.000666396 0.00145714 3.63146e-08)
(-0.000666462 0.00145736 2.70194e-08)
(-0.000300741 0.000620441 -2.17195e-10)
(-0.00030074 0.000620439 4.50239e-09)
(-0.000300754 0.000620477 1.9178e-08)
(-0.000300794 0.000620593 1.44584e-08)
(-0.000130043 0.000254106 -6.16307e-11)
(-0.000130042 0.000254105 2.20348e-09)
(-0.00013005 0.000254124 9.52398e-09)
(-0.000130072 0.000254182 7.25887e-09)
(-5.39799e-05 0.000100269 -1.01146e-11)
(-5.39797e-05 0.000100269 1.02197e-09)
(-5.39834e-05 0.000100277 4.46726e-09)
(-5.39948e-05 0.000100305 3.43517e-09)
(-2.15524e-05 3.81865e-05 3.68168e-12)
(-2.15523e-05 3.81865e-05 4.4981e-10)
(-2.1554e-05 3.81901e-05 1.98501e-09)
(-2.15596e-05 3.82024e-05 1.53888e-09)
(-8.29343e-06 1.40598e-05 4.36393e-12)
(-8.29343e-06 1.40598e-05 1.88231e-10)
(-8.29418e-06 1.40613e-05 8.39173e-10)
(-8.29673e-06 1.40665e-05 6.55309e-10)
(-3.0816e-06 5.01279e-06 2.8242e-12)
(-3.08161e-06 5.01282e-06 7.49631e-11)
(-3.08192e-06 5.01339e-06 3.38318e-10)
(-3.08303e-06 5.01552e-06 2.6618e-10)
(-1.10766e-06 1.73336e-06 1.38669e-12)
(-1.10766e-06 1.73337e-06 2.84698e-11)
(-1.10779e-06 1.73359e-06 1.3055e-10)
(-1.10824e-06 1.73442e-06 1.03469e-10)
(-3.85798e-07 5.82158e-07 6.09817e-13)
(-3.858e-07 5.82163e-07 1.03085e-11)
(-3.85848e-07 5.82241e-07 4.82877e-11)
(-3.86027e-07 5.82549e-07 3.85885e-11)
(-1.30415e-07 1.90167e-07 2.33646e-13)
(-1.30416e-07 1.90169e-07 3.56486e-12)
(-1.30434e-07 1.90196e-07 1.71724e-11)
(-1.30501e-07 1.90307e-07 1.38412e-11)
(-4.28504e-08 6.04973e-08 8.35286e-14)
(-4.28508e-08 6.04979e-08 1.17407e-12)
(-4.28568e-08 6.05067e-08 5.87504e-12)
(-4.28813e-08 6.05449e-08 4.78449e-12)
(-1.37037e-08 1.87658e-08 2.45329e-14)
(-1.37039e-08 1.8766e-08 3.68577e-13)
(-1.37059e-08 1.87688e-08 1.9381e-12)
(-1.37144e-08 1.87815e-08 1.59639e-12)
(-4.2711e-09 5.68234e-09 7.00939e-15)
(-4.27115e-09 5.6824e-09 1.0923e-13)
(-4.27178e-09 5.68321e-09 6.1449e-13)
(-4.27465e-09 5.68732e-09 5.13438e-13)
(-1.29891e-09 1.68142e-09 1.75235e-15)
(-1.29893e-09 1.68143e-09 3.0374e-14)
(-1.29912e-09 1.68167e-09 1.89838e-13)
(-1.30004e-09 1.68295e-09 1.59464e-13)
(-3.85871e-10 4.86692e-10 0)
(-3.85874e-10 4.86696e-10 7.59351e-15)
(-3.85931e-10 4.8675e-10 5.5491e-14)
(-3.86223e-10 4.8714e-10 4.90658e-14)
(-1.12095e-10 1.3794e-10 -1.16823e-15)
(-1.12099e-10 1.37933e-10 0)
(-1.12111e-10 1.3794e-10 1.5187e-14)
(-1.12201e-10 1.38055e-10 1.46029e-14)
(-3.18764e-11 3.83113e-11 -1.16823e-15)
(-3.18764e-11 3.83036e-11 0)
(-3.18787e-11 3.83113e-11 4.67293e-15)
(-3.19021e-11 3.83419e-11 4.08881e-15)
(-8.8774e-12 1.04391e-11 0)
(-8.8774e-12 1.04276e-11 -1.75235e-15)
(-8.8809e-12 1.04276e-11 1.75235e-15)
(-8.88557e-12 1.0443e-11 1.75235e-15)
(-2.42642e-12 2.79449e-12 0)
(-2.42525e-12 2.79066e-12 -1.75235e-15)
(-2.42291e-12 2.78683e-12 1.16823e-15)
(-2.43109e-12 2.79831e-12 1.75235e-15)
(-6.50705e-13 7.34988e-13 0)
(-6.50705e-13 7.3116e-13 -1.16823e-15)
(-6.50705e-13 7.3116e-13 -5.84116e-16)
(-6.50705e-13 7.27332e-13 0)
(-1.70562e-13 1.91403e-13 0)
(-1.70562e-13 1.87575e-13 -5.84116e-16)
(-1.7173e-13 1.87575e-13 0)
(-1.7173e-13 1.91403e-13 5.84116e-16)
(-4.43928e-14 5.35929e-14 -5.84116e-16)
(-4.32246e-14 4.59368e-14 -2.33646e-15)
(-4.78975e-14 3.82806e-14 -5.84116e-16)
(-4.43928e-14 4.21087e-14 5.84116e-16)
(-1.16823e-14 1.53123e-14 0)
(-1.40188e-14 1.14842e-14 -1.75235e-15)
(-1.05141e-14 0 -1.16823e-15)
(-1.16823e-14 7.65613e-15 1.16823e-15)
(-1.16823e-15 7.65613e-15 -5.84116e-16)
(0 -3.82806e-15 -1.75235e-15)
(0 0 1.16823e-15)
(-1.16823e-15 3.82806e-15 5.84116e-16)
(-3.5047e-15 3.82806e-15 0)
(2.33646e-15 7.65613e-15 0)
(0 0 -1.16823e-15)
(0 0 0)
(0 0 0)
(-2.33646e-15 3.82806e-15 0)
(0 0 0)
(0 0 0)
(-2.33646e-15 -3.82806e-15 5.84116e-16)
(-1.16823e-15 7.65613e-15 1.16823e-15)
(0 0 -1.16823e-15)
(0 0 0)
(2.33646e-15 0 0)
(-2.33646e-15 -3.82806e-15 0)
(0 0 0)
(0 0 0)
(0 0 0)
(2.33646e-15 0 0)
(0 -3.82806e-15 -5.84116e-16)
(0 0 5.84116e-16)
(0 0 0)
(-3.82806e-15 0 -1.16823e-15)
(3.82806e-15 -1.16823e-15 0)
(0 1.16823e-15 5.84116e-16)
(0 0 1.16823e-15)
(0 -1.16823e-15 5.84116e-16)
(7.65613e-15 -2.33646e-15 1.16823e-15)
(3.82806e-15 3.5047e-15 0)
(0 0 0)
(0 -1.16823e-15 -5.84116e-16)
(3.82806e-15 1.16823e-15 0)
(-3.82806e-15 4.67293e-15 0)
(-7.65613e-15 -2.33646e-15 0)
(0 -2.33646e-15 0)
(0 0 5.84116e-16)
(3.82806e-15 0 1.16823e-15)
(3.82806e-15 -1.16823e-15 -5.84116e-16)
(3.82806e-15 0 0)
(0 0 1.75235e-15)
(7.65613e-15 0 -1.16823e-15)
(0 1.16823e-15 0)
(0 0 0)
(0 0 0)
(0 0 0)
(0 -1.16823e-15 5.84116e-16)
(3.82806e-15 0 0)
(-7.65613e-15 1.16823e-15 1.16823e-15)
(0 0 1.16823e-15)
(-7.65613e-15 0 1.16823e-15)
(0 -1.16823e-15 0)
(0 0 0)
(0 0 0)
(3.82806e-15 -1.16823e-15 0)
(0 1.16823e-15 -1.16823e-15)
(-3.82806e-15 0 -1.16823e-15)
(0 0 0)
(-3.82806e-15 0 -5.84116e-16)
(3.82806e-15 -1.16823e-15 0)
(0 1.16823e-15 -1.75235e-15)
(0 0 0)
(3.82806e-15 -1.16823e-15 0)
(0 1.16823e-15 0)
(0 0 0)
(0 0 0)
(0 0 -1.16823e-15)
(3.82806e-15 -3.5047e-15 0)
(1.14842e-14 0 0)
(0 3.5047e-15 0)
(0 0 5.84116e-16)
(0 0 0)
(0 0 -5.84116e-16)
(0 -1.16823e-15 0)
(3.82806e-15 0 -5.84116e-16)
(0 1.16823e-15 0)
(0 0 1.75235e-15)
(3.82806e-15 0 0)
(0 -1.16823e-15 0)
(0 -2.33646e-15 0)
(3.82806e-15 2.33646e-15 0)
(-3.82806e-15 0 1.16823e-15)
(0 -2.33646e-15 5.84116e-16)
(3.82806e-15 0 0)
(3.82806e-15 2.33646e-15 -5.84116e-16)
(-3.82806e-15 0 1.16823e-15)
(0 0 0)
(0 0 0)
(0 0 0)
(3.82806e-15 0 5.84116e-16)
(0 -1.16823e-15 -5.84116e-16)
(7.65613e-15 0 1.16823e-15)
(0 0 0)
(1.14842e-14 1.16823e-15 1.16823e-15)
(3.82806e-15 -1.16823e-15 -5.84116e-16)
(3.82806e-15 1.16823e-15 -5.84116e-16)
(0 0 0)
(0 -1.16823e-15 0)
(3.82806e-15 0 0)
(0 1.16823e-15 5.84116e-16)
(0 0 0)
(3.82806e-15 0 1.16823e-15)
(0 0 5.84116e-16)
(0 0 5.84116e-16)
(0 0 -5.84116e-16)
(3.82806e-15 0 0)
(0 0 5.84116e-16)
(3.82806e-15 0 -5.84116e-16)
(0 0 0)
(3.82806e-15 0 0)
(0 -1.16823e-15 0)
(0 -2.33646e-15 0)
(7.65613e-15 0 -1.16823e-15)
(0 2.33646e-15 0)
(0 0 0)
(3.82806e-15 0 0)
(0 0 0)
(3.82806e-15 0 0)
(-0.0388306 -0.0520285 4.19185e-08)
(-0.0388307 -0.0520288 9.62135e-08)
(-0.0388309 -0.0520293 1.12361e-07)
(-0.0388311 -0.0520297 5.80657e-08)
(-0.0113676 -0.0177601 2.26815e-08)
(-0.0113677 -0.0177602 4.94429e-08)
(-0.0113677 -0.0177605 5.1487e-08)
(-0.0113678 -0.0177607 2.47256e-08)
(-0.00381325 -0.00655805 1.22324e-08)
(-0.00381328 -0.00655815 2.68919e-08)
(-0.00381332 -0.00655827 2.65441e-08)
(-0.00381336 -0.00655836 1.18846e-08)
(-0.00139851 -0.00250707 6.32103e-09)
(-0.00139853 -0.00250712 1.4418e-08)
(-0.00139855 -0.00250718 1.43531e-08)
(-0.00139857 -0.00250723 6.25611e-09)
(-0.000535058 -0.000964017 3.10266e-09)
(-0.000535068 -0.000964042 7.3719e-09)
(-0.00053508 -0.000964076 7.54699e-09)
(-0.000535089 -0.000964102 3.27775e-09)
(-0.000206762 -0.000366834 1.44849e-09)
(-0.000206767 -0.000366845 3.56189e-09)
(-0.000206773 -0.000366862 3.74099e-09)
(-0.000206778 -0.000366875 1.62759e-09)
(-7.92158e-05 -0.00013697 6.44125e-10)
(-7.92181e-05 -0.000136975 1.62781e-09)
(-7.92215e-05 -0.000136983 1.73979e-09)
(-7.92241e-05 -0.000136989 7.56098e-10)
(-2.97978e-05 -4.99706e-05 2.73709e-10)
(-2.97988e-05 -4.99728e-05 7.05874e-10)
(-2.98004e-05 -4.99763e-05 7.61853e-10)
(-2.98017e-05 -4.99789e-05 3.29686e-10)
(-1.09516e-05 -1.77787e-05 1.11312e-10)
(-1.0952e-05 -1.77796e-05 2.91566e-10)
(-1.09528e-05 -1.77811e-05 3.15875e-10)
(-1.09533e-05 -1.77822e-05 1.35624e-10)
(-3.92396e-06 -6.16433e-06 4.34483e-11)
(-3.92415e-06 -6.16467e-06 1.1508e-10)
(-3.92445e-06 -6.16525e-06 1.246e-10)
(-3.92469e-06 -6.16567e-06 5.29676e-11)
(-1.36954e-06 -2.0829e-06 1.62939e-11)
(-1.36962e-06 -2.08303e-06 4.35318e-11)
(-1.36974e-06 -2.08325e-06 4.69542e-11)
(-1.36983e-06 -2.08341e-06 1.97163e-11)
(-4.65603e-07 -6.86149e-07 5.88497e-12)
(-4.65632e-07 -6.86196e-07 1.58155e-11)
(-4.65679e-07 -6.86275e-07 1.69546e-11)
(-4.65714e-07 -6.86331e-07 7.02341e-12)
(-1.54245e-07 -2.20492e-07 2.04791e-12)
(-1.54256e-07 -2.20508e-07 5.52866e-12)
(-1.54273e-07 -2.20536e-07 5.87796e-12)
(-1.54286e-07 -2.20555e-07 2.39721e-12)
(-4.98236e-08 -6.91675e-08 6.88089e-13)
(-4.98272e-08 -6.9173e-08 1.86041e-12)
(-4.98334e-08 -6.91824e-08 1.96146e-12)
(-4.98377e-08 -6.91887e-08 7.87388e-13)
(-1.5704e-08 -2.11975e-08 2.22548e-13)
(-1.57052e-08 -2.11993e-08 6.05144e-13)
(-1.57073e-08 -2.12023e-08 6.29677e-13)
(-1.57087e-08 -2.12043e-08 2.48833e-13)
(-4.83379e-09 -6.35163e-09 7.00939e-14)
(-4.8342e-09 -6.35219e-09 1.90422e-13)
(-4.83489e-09 -6.35315e-09 1.93342e-13)
(-4.83534e-09 -6.35374e-09 7.41827e-14)
(-1.45423e-09 -1.86231e-09 2.10282e-14)
(-1.45436e-09 -1.86248e-09 5.5491e-14)
(-1.45457e-09 -1.86277e-09 5.78275e-14)
(-1.45471e-09 -1.86294e-09 2.16123e-14)
(-4.27962e-10 -5.34712e-10 6.42528e-15)
(-4.27998e-10 -5.34765e-10 1.86917e-14)
(-4.28066e-10 -5.34853e-10 1.57711e-14)
(-4.28106e-10 -5.34899e-10 5.84116e-15)
(-1.23299e-10 -1.50462e-10 2.92058e-15)
(-1.23308e-10 -1.50481e-10 5.84116e-15)
(-1.23329e-10 -1.50508e-10 4.08881e-15)
(-1.23338e-10 -1.50516e-10 5.84116e-16)
(-3.4804e-11 -4.1523e-11 5.84116e-16)
(-3.48086e-11 -4.15345e-11 2.33646e-15)
(-3.4818e-11 -4.15345e-11 5.84116e-16)
(-3.48168e-11 -4.15421e-11 1.16823e-15)
(-9.63324e-12 -1.12468e-11 1.16823e-15)
(-9.63558e-12 -1.12507e-11 0)
(-9.63441e-12 -1.1243e-11 0)
(-9.63441e-12 -1.12545e-11 1.75235e-15)
(-2.61684e-12 -2.98589e-12 0)
(-2.61801e-12 -2.98589e-12 0)
(-2.61334e-12 -2.98972e-12 1.75235e-15)
(-2.61918e-12 -2.99737e-12 1.16823e-15)
(-6.92762e-13 -7.84753e-13 0)
(-6.95098e-13 -7.84753e-13 5.84116e-16)
(-6.98603e-13 -7.88581e-13 -5.84116e-16)
(-6.98603e-13 -7.80925e-13 -1.16823e-15)
(-1.85749e-13 -2.06715e-13 0)
(-1.83412e-13 -2.02887e-13 -5.84116e-16)
(-1.85749e-13 -1.99059e-13 0)
(-1.81076e-13 -2.06715e-13 5.84116e-16)
(-5.0234e-14 -4.97648e-14 -5.84116e-16)
(-5.0234e-14 -4.59368e-14 0)
(-4.78975e-14 -4.59368e-14 5.84116e-16)
(-5.0234e-14 -5.35929e-14 1.16823e-15)
(-1.28506e-14 -3.82806e-15 0)
(-1.28506e-14 -3.82806e-15 0)
(-1.28506e-14 -3.82806e-15 0)
(-1.28506e-14 -3.82806e-15 0)
(0 0 5.84116e-16)
(0 0 0)
(0 3.82806e-15 -1.16823e-15)
(-2.33646e-15 0 1.16823e-15)
(-2.33646e-15 3.82806e-15 0)
(0 0 1.16823e-15)
(0 -3.82806e-15 1.16823e-15)
(0 0 -1.16823e-15)
(2.33646e-15 3.82806e-15 1.16823e-15)
(0 0 0)
(0 0 0)
(0 0 0)
(0 0 0)
(0 0 0)
(1.16823e-15 -3.82806e-15 0)
(-2.33646e-15 3.82806e-15 -1.16823e-15)
(0 0 0)
(0 0 0)
(-1.16823e-15 -3.82806e-15 0)
(0 3.82806e-15 -1.16823e-15)
(0 3.82806e-15 0)
(0 3.82806e-15 1.16823e-15)
(0 0 0)
(2.33646e-15 0 0)
(-0.122201 -0.015518 3.28095e-08)
(-0.11101 -0.00345261 1.24274e-08)
(-0.108391 -0.000803659 6.07456e-09)
(-0.107796 -0.000134626 1.38171e-09)
(-0.107852 0.000203665 1.32902e-08)
(-0.108611 0.000936189 -3.88537e-09)
(-0.111597 0.00378937 1.97762e-08)
(-0.123768 0.0165362 5.64006e-09)
(-0.122201 -0.0155181 6.37259e-08)
(-0.111011 -0.00345267 1.68322e-08)
(-0.108391 -0.000803681 -5.1728e-09)
(-0.107796 -0.000134612 -1.57222e-08)
(-0.107852 0.000203654 -7.23416e-09)
(-0.10861 0.000936202 -3.77532e-08)
(-0.111597 0.00378939 -4.29585e-09)
(-0.123768 0.0165359 -3.76725e-08)
(-0.122202 -0.0155184 5.13175e-08)
(-0.111011 -0.00345275 -3.21485e-08)
(-0.108391 -0.000803724 -5.73163e-08)
(-0.107796 -0.000134631 -6.63929e-08)
(-0.107852 0.000203621 -1.12874e-07)
(-0.10861 0.000936195 -1.08608e-07)
(-0.111597 0.00378937 -1.61975e-07)
(-0.123768 0.0165359 -1.68523e-07)
(-0.122202 -0.0155187 2.0401e-08)
(-0.11101 -0.00345288 -3.65533e-08)
(-0.10839 -0.00080375 -4.6069e-08)
(-0.107795 -0.000134723 -4.9289e-08)
(-0.107851 0.00020357 -9.23496e-08)
(-0.10861 0.000936104 -7.47401e-08)
(-0.111596 0.00378927 -1.37903e-07)
(-0.123767 0.0165364 -1.2521e-07)
(-0.03977 0.053973 -6.92605e-08)
(-0.0397699 0.0539724 -5.77159e-08)
(-0.0397698 0.0539725 1.18575e-07)
(-0.0397698 0.0539734 1.0703e-07)
(-0.0117481 0.0186614 -3.73367e-08)
(-0.011748 0.0186611 -2.20401e-08)
(-0.011748 0.0186612 1.33752e-07)
(-0.011748 0.0186622 1.18455e-07)
(-0.00399045 0.00698054 -1.77978e-08)
(-0.0039904 0.00698039 -5.73743e-09)
(-0.00399041 0.00698049 9.97474e-08)
(-0.00399054 0.00698119 8.7687e-08)
(-0.00148309 0.00269956 -7.78193e-09)
(-0.00148306 0.0026995 5.31633e-11)
(-0.00148307 0.00269956 5.98447e-08)
(-0.0014832 0.00269998 5.20096e-08)
(-0.000574378 0.00104818 -3.18845e-09)
(-0.000574364 0.00104816 1.28228e-09)
(-0.000574375 0.00104819 3.16271e-08)
(-0.000574453 0.00104841 2.71564e-08)
(-0.000224273 0.000402053 -1.23207e-09)
(-0.000224267 0.000402044 1.0664e-09)
(-0.000224274 0.000402062 1.53445e-08)
(-0.000224317 0.000402166 1.3046e-08)
(-8.66619e-05 0.00015109 -4.53486e-10)
(-8.66597e-05 0.000151086 6.37594e-10)
(-8.66634e-05 0.000151095 6.9738e-09)
(-8.66844e-05 0.000151142 5.88272e-09)
(-3.28243e-05 5.54059e-05 -1.5854e-10)
(-3.28235e-05 5.54046e-05 3.237e-10)
(-3.28253e-05 5.54085e-05 3.00104e-09)
(-3.2835e-05 5.54286e-05 2.5188e-09)
(-1.21304e-05 1.97926e-05 -5.32147e-11)
(-1.21301e-05 1.97921e-05 1.47931e-10)
(-1.21309e-05 1.97937e-05 1.23087e-09)
(-1.21352e-05 1.9802e-05 1.02972e-09)
(-4.3652e-06 6.88424e-06 -1.70328e-11)
(-4.3651e-06 6.8841e-06 6.22183e-11)
(-4.36544e-06 6.88474e-06 4.83013e-10)
(-4.3672e-06 6.88797e-06 4.03763e-10)
(-1.52868e-06 2.33177e-06 -5.29209e-12)
(-1.52865e-06 2.33173e-06 2.4471e-11)
(-1.52879e-06 2.33197e-06 1.81952e-10)
(-1.52948e-06 2.33319e-06 1.52189e-10)
(-5.21043e-07 7.69514e-07 -1.58179e-12)
(-5.21033e-07 7.69501e-07 9.03978e-12)
(-5.21085e-07 7.69586e-07 6.5907e-11)
(-5.21351e-07 7.70028e-07 5.52848e-11)
(-1.72943e-07 2.47602e-07 -4.69045e-13)
(-1.7294e-07 2.47598e-07 3.15715e-12)
(-1.72959e-07 2.47627e-07 2.30066e-11)
(-1.73057e-07 2.47782e-07 1.93798e-11)
(-5.5941e-08 7.77409e-08 -1.37851e-13)
(-5.59401e-08 7.77398e-08 1.03739e-12)
(-5.59467e-08 7.77492e-08 7.74421e-12)
(-5.59811e-08 7.78017e-08 6.56663e-12)
(-1.7649e-08 2.38381e-08 -4.20564e-14)
(-1.76488e-08 2.38378e-08 3.22432e-13)
(-1.76509e-08 2.38407e-08 2.51871e-12)
(-1.76627e-08 2.38579e-08 2.15247e-12)
(-5.43577e-09 7.14488e-09 -1.40188e-14)
(-5.4357e-09 7.14476e-09 9.17062e-14)
(-5.43637e-09 7.14562e-09 7.92061e-13)
(-5.44025e-09 7.15109e-09 6.84584e-13)
(-1.63585e-09 2.09503e-09 -7.00939e-15)
(-1.63583e-09 2.09497e-09 2.27805e-14)
(-1.63603e-09 2.09521e-09 2.43576e-13)
(-1.63727e-09 2.09691e-09 2.1145e-13)
(-4.81452e-10 6.01481e-10 -1.75235e-15)
(-4.81441e-10 6.01461e-10 4.08881e-15)
(-4.815e-10 6.01519e-10 6.95098e-14)
(-4.8189e-10 6.0202e-10 6.30845e-14)
(-1.38701e-10 1.6922e-10 -1.75235e-15)
(-1.38695e-10 1.69204e-10 -1.16823e-15)
(-1.38714e-10 1.69216e-10 1.92758e-14)
(-1.38827e-10 1.69354e-10 1.69394e-14)
(-3.91416e-11 4.66871e-11 0)
(-3.91416e-11 4.66832e-11 -2.92058e-15)
(-3.9144e-11 4.66679e-11 4.08881e-15)
(-3.91743e-11 4.67139e-11 5.84116e-15)
(-1.0833e-11 1.26441e-11 -1.75235e-15)
(-1.08342e-11 1.26326e-11 -1.75235e-15)
(-1.08307e-11 1.26326e-11 1.75235e-15)
(-1.08412e-11 1.26479e-11 2.33646e-15)
(-2.94278e-12 3.35721e-12 -5.84116e-16)
(-2.94161e-12 3.34956e-12 -1.16823e-15)
(-2.94044e-12 3.34956e-12 1.16823e-15)
(-2.94395e-12 3.35338e-12 0)
(-7.82716e-13 8.76626e-13 -1.16823e-15)
(-7.82716e-13 8.6897e-13 -1.16823e-15)
(-7.82716e-13 8.6897e-13 1.16823e-15)
(-7.82716e-13 8.72798e-13 0)
(-2.06777e-13 2.25856e-13 -1.16823e-15)
(-2.04441e-13 2.182e-13 -5.84116e-16)
(-2.04441e-13 2.182e-13 5.84116e-16)
(-2.04441e-13 2.22028e-13 0)
(-5.25704e-14 5.35929e-14 -5.84116e-16)
(-5.37387e-14 4.59368e-14 -1.16823e-15)
(-5.60751e-14 4.59368e-14 1.16823e-15)
(-5.37387e-14 5.35929e-14 5.84116e-16)
(-1.40188e-14 3.82806e-15 0)
(-1.16823e-14 3.82806e-15 0)
(-1.16823e-14 3.82806e-15 0)
(-1.5187e-14 3.82806e-15 0)
(-2.33646e-15 0 0)
(-2.33646e-15 0 0)
(0 0 0)
(0 0 0)
(0 0 0)
(0 -3.82806e-15 -5.84116e-16)
(0 -3.82806e-15 0)
(0 -3.82806e-15 0)
(2.33646e-15 3.82806e-15 0)
(0 0 -1.16823e-15)
(0 0 0)
(0 0 0)
(-2.33646e-15 0 0)
(-1.16823e-15 -3.82806e-15 -5.84116e-16)
(0 0 5.84116e-16)
(0 0 0)
(0 0 0)
(0 -3.82806e-15 -5.84116e-16)
(-1.16823e-15 -3.82806e-15 5.84116e-16)
(0 0 0)
(0 -3.82806e-15 0)
(1.16823e-15 -3.82806e-15 0)
(1.16823e-15 0 5.84116e-16)
(0 0 0)
(-0.039772 -0.0539856 2.82061e-08)
(-0.0397721 -0.0539858 1.53747e-08)
(-0.039772 -0.0539857 -8.43785e-08)
(-0.0397717 -0.0539851 -7.15472e-08)
(-0.0117498 -0.0186707 1.60299e-08)
(-0.0117499 -0.0186708 1.11296e-08)
(-0.0117498 -0.0186707 -3.96195e-08)
(-0.0117497 -0.0186705 -3.47193e-08)
(-0.00399198 -0.00698631 8.8745e-09)
(-0.003992 -0.00698638 8.2331e-09)
(-0.00399199 -0.00698638 -1.6928e-08)
(-0.00399193 -0.00698625 -1.62866e-08)
(-0.00148413 -0.00270274 4.65092e-09)
(-0.00148415 -0.00270278 5.52248e-09)
(-0.00148414 -0.00270278 -5.94336e-09)
(-0.00148412 -0.00270273 -6.81492e-09)
(-0.000574983 -0.00104978 2.30336e-09)
(-0.00057499 -0.0010498 3.29476e-09)
(-0.000574991 -0.00104981 -1.56088e-09)
(-0.000574979 -0.00104979 -2.55228e-09)
(-0.000224589 -0.000402808 1.08335e-09)
(-0.000224592 -0.000402817 1.77434e-09)
(-0.000224594 -0.000402823 -1.70182e-10)
(-0.000224589 -0.000402816 -8.61168e-10)
(-8.68148e-05 -0.000151427 4.85006e-10)
(-8.68165e-05 -0.000151431 8.78165e-10)
(-8.68175e-05 -0.000151434 1.31839e-10)
(-8.68159e-05 -0.000151432 -2.6132e-10)
(-3.2894e-05 -5.55494e-05 2.07469e-10)
(-3.28948e-05 -5.55511e-05 4.04594e-10)
(-3.28954e-05 -5.55526e-05 1.27704e-10)
(-3.28949e-05 -5.55521e-05 -6.94228e-11)
(-1.21606e-05 -1.98511e-05 8.48908e-11)
(-1.21609e-05 -1.98517e-05 1.75248e-10)
(-1.21612e-05 -1.98525e-05 7.5365e-11)
(-1.21611e-05 -1.98523e-05 -1.49931e-11)
(-4.37766e-06 -6.90714e-06 3.33232e-11)
(-4.37781e-06 -6.90741e-06 7.18264e-11)
(-4.37796e-06 -6.90772e-06 3.66603e-11)
(-4.37792e-06 -6.9077e-06 -1.84405e-12)
(-1.53362e-06 -2.34041e-06 1.25532e-11)
(-1.53368e-06 -2.34051e-06 2.7999e-11)
(-1.53374e-06 -2.34063e-06 1.58798e-11)
(-1.53374e-06 -2.34064e-06 4.3283e-13)
(-5.22925e-07 -7.72656e-07 4.54968e-12)
(-5.22947e-07 -7.72693e-07 1.04148e-11)
(-5.22974e-07 -7.7274e-07 6.31722e-12)
(-5.22974e-07 -7.72743e-07 4.50938e-13)
(-1.73635e-07 -2.48708e-07 1.58588e-12)
(-1.73643e-07 -2.4872e-07 3.70914e-12)
(-1.73653e-07 -2.48737e-07 2.34464e-12)
(-1.73654e-07 -2.48739e-07 2.21964e-13)
(-5.61863e-08 -7.81176e-08 5.32714e-13)
(-5.61891e-08 -7.81218e-08 1.26636e-12)
(-5.61929e-08 -7.81277e-08 8.20099e-13)
(-5.61932e-08 -7.81284e-08 8.58651e-14)
(-1.77332e-08 -2.39626e-08 1.72314e-13)
(-1.77341e-08 -2.39639e-08 4.14138e-13)
(-1.77355e-08 -2.39659e-08 2.69862e-13)
(-1.77356e-08 -2.39661e-08 2.80376e-14)
(-5.46377e-09 -7.18482e-09 5.25704e-14)
(-5.46408e-09 -7.18524e-09 1.27921e-13)
(-5.46452e-09 -7.18585e-09 8.52809e-14)
(-5.46457e-09 -7.18591e-09 8.76174e-15)
(-1.64489e-09 -2.10749e-09 1.57711e-14)
(-1.64498e-09 -2.10762e-09 3.85517e-14)
(-1.64512e-09 -2.10779e-09 2.27805e-14)
(-1.64515e-09 -2.10781e-09 2.92058e-15)
(-4.84291e-10 -6.05263e-10 4.08881e-15)
(-4.84323e-10 -6.05293e-10 9.34586e-15)
(-4.84362e-10 -6.05343e-10 5.84116e-15)
(-4.84364e-10 -6.05339e-10 0)
(-1.39565e-10 -1.70326e-10 1.16823e-15)
(-1.39572e-10 -1.70334e-10 1.75235e-15)
(-1.39583e-10 -1.70345e-10 2.92058e-15)
(-1.39583e-10 -1.70349e-10 0)
(-3.93986e-11 -4.7001e-11 0)
(-3.9401e-11 -4.70048e-11 1.75235e-15)
(-3.94033e-11 -4.70124e-11 0)
(-3.94068e-11 -4.70048e-11 -1.16823e-15)
(-1.09054e-11 -1.27283e-11 0)
(-1.09054e-11 -1.27283e-11 1.16823e-15)
(-1.09066e-11 -1.27321e-11 -1.16823e-15)
(-1.09043e-11 -1.27245e-11 -1.16823e-15)
(-2.96147e-12 -3.38018e-12 0)
(-2.96381e-12 -3.38018e-12 0)
(-2.96264e-12 -3.38401e-12 1.75235e-15)
(-2.95796e-12 -3.39166e-12 1.16823e-15)
(-7.90893e-13 -8.84283e-13 -1.16823e-15)
(-7.88557e-13 -8.80455e-13 0)
(-7.88557e-13 -8.84283e-13 1.16823e-15)
(-7.90893e-13 -8.88111e-13 5.84116e-16)
(-2.06777e-13 -2.22028e-13 0)
(-2.06777e-13 -2.182e-13 0)
(-2.05609e-13 -2.29684e-13 2.33646e-15)
(-2.06777e-13 -2.25856e-13 -1.16823e-15)
(-5.37387e-14 -5.35929e-14 0)
(-4.90658e-14 -5.74209e-14 1.16823e-15)
(-5.25704e-14 -6.1249e-14 1.16823e-15)
(-5.37387e-14 -6.1249e-14 0)
(-1.05141e-14 -7.65613e-15 1.75235e-15)
(-1.40188e-14 -2.29684e-14 1.16823e-15)
(-1.63553e-14 -1.53123e-14 -1.16823e-15)
(-1.75235e-14 -1.14842e-14 -1.16823e-15)
(-2.33646e-15 -3.82806e-15 0)
(-3.5047e-15 -3.82806e-15 0)
(-1.16823e-15 -3.82806e-15 -1.16823e-15)
(-3.5047e-15 3.82806e-15 -5.84116e-16)
(-2.33646e-15 -3.82806e-15 0)
(-2.33646e-15 -3.82806e-15 0)
(-2.33646e-15 -3.82806e-15 0)
(2.33646e-15 0 -1.16823e-15)
(-1.16823e-15 3.82806e-15 0)
(0 0 5.84116e-16)
(0 0 0)
(0 0 0)
(1.16823e-15 3.82806e-15 0)
(-1.16823e-15 0 5.84116e-16)
(2.33646e-15 -3.82806e-15 1.16823e-15)
(1.16823e-15 -3.82806e-15 0)
(0 0 0)
(0 3.82806e-15 -5.84116e-16)
(-3.5047e-15 0 5.84116e-16)
(-1.16823e-15 0 0)
(0 0 0)
(1.16823e-15 0 0)
(1.16823e-15 3.82806e-15 0)
(0 -3.82806e-15 1.16823e-15)
(-0.123772 -0.0165406 1.69577e-08)
(-0.111596 -0.00379093 3.90645e-09)
(-0.108609 -0.000936484 1.0774e-09)
(-0.10785 -0.000203837 -6.4544e-10)
(-0.107793 0.00013416 1.09371e-08)
(-0.108387 0.000802467 -1.79923e-09)
(-0.111003 0.00344942 1.61273e-08)
(-0.122185 0.0155103 1.61034e-08)
(-0.123773 -0.0165407 -2.33845e-08)
(-0.111596 -0.00379096 -2.61783e-08)
(-0.108609 -0.000936493 -2.63136e-08)
(-0.10785 -0.000203818 -2.12363e-08)
(-0.107794 0.000134157 -2.63989e-09)
(-0.108387 0.000802477 -1.39675e-08)
(-0.111003 0.00344946 3.29965e-08)
(-0.122185 0.0155101 5.97739e-08)
(-0.123772 -0.0165407 -1.56071e-07)
(-0.111596 -0.00379094 -1.32136e-07)
(-0.108609 -0.000936474 -1.01391e-07)
(-0.10785 -0.00020379 -7.38016e-08)
(-0.107793 0.000134174 -8.39573e-08)
(-0.108387 0.000802538 -3.87513e-08)
(-0.111004 0.00344957 -1.36299e-08)
(-0.122185 0.0155104 1.08512e-07)
(-0.123771 -0.0165405 -1.15729e-07)
(-0.111595 -0.00379085 -1.02051e-07)
(-0.108608 -0.000936376 -7.39997e-08)
(-0.10785 -0.000203783 -5.32107e-08)
(-0.107793 0.000134228 -7.03803e-08)
(-0.108387 0.000802618 -2.6583e-08)
(-0.111003 0.00344975 -3.04991e-08)
(-0.122186 0.0155115 6.48419e-08)
(-0.0388242 0.0520083 -6.02361e-08)
(-0.0388241 0.0520078 2.56222e-08)
(-0.0388243 0.0520085 3.57649e-07)
(-0.038825 0.0520106 2.71791e-07)
(-0.0113643 0.0177478 -3.19684e-08)
(-0.0113642 0.0177475 1.77227e-08)
(-0.0113643 0.0177479 2.40656e-07)
(-0.0113646 0.0177495 1.90965e-07)
(-0.00381108 0.0065511 -1.45616e-08)
(-0.00381103 0.00655098 1.39609e-08)
(-0.0038111 0.00655121 1.48315e-07)
(-0.00381135 0.00655217 1.19792e-07)
(-0.00139721 0.00250345 -5.94162e-09)
(-0.00139718 0.00250341 9.62369e-09)
(-0.00139722 0.00250353 8.13672e-08)
(-0.0013974 0.00250406 6.58019e-08)
(-0.000534355 0.000962268 -2.2134e-09)
(-0.000534344 0.00096225 5.7536e-09)
(-0.000534368 0.000962314 4.07706e-08)
(-0.000534469 0.000962576 3.28036e-08)
(-0.000206411 0.000366035 -7.52531e-10)
(-0.000206407 0.000366029 3.06091e-09)
(-0.00020642 0.000366059 1.90583e-08)
(-0.000206472 0.000366181 1.52448e-08)
(-7.90522e-05 0.000136622 -2.32021e-10)
(-7.90508e-05 0.00013662 1.48844e-09)
(-7.9057e-05 0.000136634 8.41464e-09)
(-7.90818e-05 0.000136688 6.69418e-09)
(-2.97253e-05 4.98259e-05 -6.22463e-11)
(-2.97249e-05 4.98254e-05 6.71302e-10)
(-2.97278e-05 4.98312e-05 3.53755e-09)
(-2.97389e-05 4.98537e-05 2.804e-09)
(-1.0921e-05 1.77208e-05 -1.3357e-11)
(-1.09208e-05 1.77207e-05 2.84508e-10)
(-1.09221e-05 1.77231e-05 1.42287e-09)
(-1.09268e-05 1.77321e-05 1.125e-09)
(-3.91156e-06 6.14199e-06 -1.30258e-12)
(-3.91153e-06 6.14198e-06 1.13961e-10)
(-3.91204e-06 6.1429e-06 5.49471e-10)
(-3.91397e-06 6.14638e-06 4.34206e-10)
(-1.36471e-06 2.07459e-06 6.78743e-13)
(-1.36471e-06 2.07459e-06 4.34454e-11)
(-1.36491e-06 2.07494e-06 2.04233e-10)
(-1.36566e-06 2.07623e-06 1.61467e-10)
(-4.63785e-07 6.83154e-07 5.96967e-13)
(-4.63786e-07 6.83159e-07 1.5791e-11)
(-4.63861e-07 6.8328e-07 7.31962e-11)
(-4.64144e-07 6.83744e-07 5.80045e-11)
(-1.53585e-07 2.19447e-07 3.01404e-13)
(-1.53586e-07 2.19449e-07 5.49303e-12)
(-1.53613e-07 2.19491e-07 2.53384e-11)
(-1.53715e-07 2.19652e-07 2.01462e-11)
(-4.95914e-08 6.88138e-08 1.24417e-13)
(-4.95919e-08 6.88148e-08 1.8277e-12)
(-4.96012e-08 6.88284e-08 8.4802e-12)
(-4.96371e-08 6.88826e-08 6.77867e-12)
(-1.56248e-08 2.10812e-08 4.67293e-14)
(-1.56251e-08 2.10815e-08 5.84116e-13)
(-1.56281e-08 2.10858e-08 2.74768e-12)
(-1.56403e-08 2.11035e-08 2.2103e-12)
(-4.80761e-09 6.31444e-09 1.40188e-14)
(-4.8077e-09 6.31455e-09 1.78155e-13)
(-4.80867e-09 6.31586e-09 8.62155e-13)
(-4.81267e-09 6.32145e-09 6.98603e-13)
(-1.44581e-09 1.85073e-09 2.92058e-15)
(-1.44584e-09 1.85076e-09 5.08181e-14)
(-1.44614e-09 1.85114e-09 2.62852e-13)
(-1.4474e-09 1.85286e-09 2.15539e-13)
(-4.25326e-10 5.31197e-10 2.33646e-15)
(-4.25332e-10 5.31209e-10 1.34347e-14)
(-4.2542e-10 5.31308e-10 7.71033e-14)
(-4.25812e-10 5.31833e-10 6.60051e-14)
(-1.22493e-10 1.49428e-10 0)
(-1.22495e-10 1.49428e-10 4.08881e-15)
(-1.2252e-10 1.49459e-10 2.27805e-14)
(-1.2264e-10 1.49608e-10 1.81076e-14)
(-3.45657e-11 4.12244e-11 0)
(-3.45633e-11 4.12282e-11 1.16823e-15)
(-3.45738e-11 4.12282e-11 5.84116e-15)
(-3.46089e-11 4.12742e-11 5.84116e-15)
(-9.56432e-12 1.11665e-11 0)
(-9.56549e-12 1.11741e-11 0)
(-9.57016e-12 1.11665e-11 0)
(-9.576e-12 1.11703e-11 0)
(-2.59932e-12 2.96675e-12 0)
(-2.60165e-12 2.96675e-12 -5.84116e-16)
(-2.59815e-12 2.95526e-12 0)
(-2.60165e-12 2.96675e-12 5.84116e-16)
(-6.91593e-13 7.73269e-13 0)
(-6.92762e-13 7.73269e-13 -5.84116e-16)
(-6.91593e-13 7.65613e-13 0)
(-6.92762e-13 7.69441e-13 0)
(-1.81076e-13 1.95231e-13 0)
(-1.83412e-13 1.91403e-13 -1.16823e-15)
(-1.79908e-13 1.91403e-13 0)
(-1.79908e-13 1.95231e-13 1.16823e-15)
(-4.55611e-14 4.59368e-14 -1.16823e-15)
(-4.78975e-14 3.44526e-14 -5.84116e-16)
(-4.78975e-14 4.21087e-14 5.84116e-16)
(-4.78975e-14 4.59368e-14 1.16823e-15)
(-1.05141e-14 1.14842e-14 -5.84116e-16)
(-8.17763e-15 3.82806e-15 -1.16823e-15)
(-1.16823e-14 3.82806e-15 0)
(-1.28506e-14 7.65613e-15 1.16823e-15)
(-3.5047e-15 7.65613e-15 -1.16823e-15)
(-2.33646e-15 0 -1.16823e-15)
(-1.16823e-15 -3.82806e-15 -5.84116e-16)
(0 -3.82806e-15 0)
(-2.33646e-15 0 0)
(-1.16823e-15 -3.82806e-15 -5.84116e-16)
(1.16823e-15 -3.82806e-15 5.84116e-16)
(-2.33646e-15 0 0)
(0 0 0)
(0 -3.82806e-15 -5.84116e-16)
(0 0 0)
(0 -3.82806e-15 0)
(0 0 0)
(1.16823e-15 0 0)
(-1.16823e-15 -3.82806e-15 0)
(2.33646e-15 0 0)
(0 0 0)
(0 0 -5.84116e-16)
(0 -7.65613e-15 0)
(0 0 5.84116e-16)
(0 0 0)
(0 -3.82806e-15 -5.84116e-16)
(1.16823e-15 0 5.84116e-16)
(0 0 0)
(-1.74706 -2.66062 1.05331e-07)
(-1.74706 -2.66062 1.15466e-07)
(-1.74706 -2.66062 -1.42842e-07)
(-1.74706 -2.66062 -1.52977e-07)
(-0.521723 -1.12617 1.90446e-07)
(-0.521723 -1.12617 2.3776e-07)
(-0.521723 -1.12617 -1.89807e-07)
(-0.521723 -1.12617 -2.37121e-07)
(-0.2017 -0.573724 2.20284e-07)
(-0.2017 -0.573726 2.91343e-07)
(-0.2017 -0.573727 -1.86774e-07)
(-0.2017 -0.573725 -2.57834e-07)
(-0.0979912 -0.31937 2.12354e-07)
(-0.0979913 -0.319372 2.90681e-07)
(-0.0979913 -0.319372 -1.66542e-07)
(-0.0979912 -0.31937 -2.44869e-07)
(-0.0543116 -0.18176 1.8034e-07)
(-0.0543118 -0.181761 2.52911e-07)
(-0.0543118 -0.181762 -1.36869e-07)
(-0.0543116 -0.18176 -2.0944e-07)
(-0.0315159 -0.102123 1.38084e-07)
(-0.0315161 -0.102124 1.97634e-07)
(-0.0315161 -0.102125 -1.02784e-07)
(-0.031516 -0.102124 -1.62334e-07)
(-0.0182188 -0.0556959 9.6682e-08)
(-0.018219 -0.0556967 1.41377e-07)
(-0.0182191 -0.055697 -6.93173e-08)
(-0.0182189 -0.0556961 -1.14012e-07)
(-0.0102402 -0.029248 6.25795e-08)
(-0.0102403 -0.0292485 9.3913e-08)
(-0.0102404 -0.0292487 -4.10408e-08)
(-0.0102402 -0.0292482 -7.23743e-08)
(-0.00553385 -0.0147351 3.77763e-08)
(-0.00553393 -0.0147354 5.85805e-08)
(-0.00553397 -0.0147356 -2.08075e-08)
(-0.00553387 -0.0147353 -4.16117e-08)
(-0.00286138 -0.00711258 2.14246e-08)
(-0.00286143 -0.00711275 3.45292e-08)
(-0.00286146 -0.00711286 -8.65938e-09)
(-0.0028614 -0.00711268 -2.1764e-08)
(-0.00141337 -0.0032896 1.14763e-08)
(-0.0014134 -0.00328969 1.93e-08)
(-0.00141342 -0.00328975 -2.59922e-09)
(-0.00141339 -0.00328967 -1.04229e-08)
(-0.000667028 -0.00145909 5.83289e-09)
(-0.000667046 -0.00145914 1.02433e-08)
(-0.000667057 -0.00145917 -1.79415e-10)
(-0.00066704 -0.00145914 -4.58978e-09)
(-0.000301119 -0.000621486 2.82117e-09)
(-0.000301128 -0.000621508 5.16915e-09)
(-0.000301134 -0.000621527 4.81955e-10)
(-0.000301126 -0.000621512 -1.86603e-09)
(-0.000130245 -0.000254616 1.30253e-09)
(-0.00013025 -0.000254626 2.48259e-09)
(-0.000130253 -0.000254636 4.79968e-10)
(-0.00013025 -0.00025463 -7.00086e-10)
(-5.40815e-05 -0.000100505 5.75083e-10)
(-5.40836e-05 -0.000100509 1.1366e-09)
(-5.40854e-05 -0.000100514 3.19576e-10)
(-5.40842e-05 -0.000100512 -2.41944e-10)
(-2.16004e-05 -3.82898e-05 2.43408e-10)
(-2.16014e-05 -3.82918e-05 4.96758e-10)
(-2.16023e-05 -3.82938e-05 1.77144e-10)
(-2.16018e-05 -3.82932e-05 -7.62073e-11)
(-8.31493e-06 -1.4103e-05 9.88798e-11)
(-8.31534e-06 -1.41038e-05 2.07659e-10)
(-8.31575e-06 -1.41046e-05 8.73014e-11)
(-8.31561e-06 -1.41045e-05 -2.14762e-11)
(-3.09074e-06 -5.0301e-06 3.86387e-11)
(-3.09091e-06 -5.03041e-06 8.31577e-11)
(-3.0911e-06 -5.03076e-06 3.93834e-11)
(-3.09105e-06 -5.03072e-06 -5.1373e-12)
(-1.11137e-06 -1.74001e-06 1.45334e-11)
(-1.11144e-06 -1.74012e-06 3.19593e-11)
(-1.11151e-06 -1.74026e-06 1.65346e-11)
(-1.1115e-06 -1.74026e-06 -8.94282e-13)
(-3.87241e-07 -5.84616e-07 5.27048e-12)
(-3.87266e-07 -5.84658e-07 1.18038e-11)
(-3.87297e-07 -5.8471e-07 6.52049e-12)
(-3.87295e-07 -5.8471e-07 -1.16823e-14)
(-1.30954e-07 -1.91043e-07 1.84464e-12)
(-1.30963e-07 -1.91058e-07 4.19454e-12)
(-1.30975e-07 -1.91077e-07 2.43401e-12)
(-1.30975e-07 -1.91078e-07 8.29445e-14)
(-4.30442e-08 -6.0799e-08 6.23252e-13)
(-4.30475e-08 -6.0804e-08 1.43634e-12)
(-4.30517e-08 -6.08105e-08 8.62155e-13)
(-4.30518e-08 -6.08109e-08 4.96499e-14)
(-1.3771e-08 -1.88664e-08 2.03857e-13)
(-1.37721e-08 -1.88681e-08 4.7547e-13)
(-1.37736e-08 -1.88702e-08 2.90306e-13)
(-1.37737e-08 -1.88704e-08 1.92758e-14)
(-4.2937e-09 -5.71485e-09 6.60051e-14)
(-4.29407e-09 -5.71537e-09 1.51286e-13)
(-4.29456e-09 -5.71606e-09 9.40427e-14)
(-4.29459e-09 -5.71612e-09 7.59351e-15)
(-1.30626e-09 -1.69162e-09 1.92758e-14)
(-1.30638e-09 -1.69178e-09 4.67293e-14)
(-1.30654e-09 -1.692e-09 2.86217e-14)
(-1.30655e-09 -1.69201e-09 1.16823e-15)
(-3.88192e-10 -4.89801e-10 4.67293e-15)
(-3.8823e-10 -4.89843e-10 1.40188e-14)
(-3.88278e-10 -4.89912e-10 8.76174e-15)
(-3.88281e-10 -4.89912e-10 0)
(-1.12808e-10 -1.38859e-10 5.84116e-16)
(-1.12817e-10 -1.38867e-10 2.92058e-15)
(-1.12833e-10 -1.38886e-10 2.92058e-15)
(-1.12831e-10 -1.38886e-10 0)
(-3.20867e-11 -3.85716e-11 0)
(-3.20902e-11 -3.85754e-11 1.16823e-15)
(-3.20937e-11 -3.85792e-11 1.75235e-15)
(-3.20948e-11 -3.8583e-11 0)
(-8.94048e-12 -1.0508e-11 -1.75235e-15)
(-8.94515e-12 -1.05004e-11 0)
(-8.94515e-12 -1.05119e-11 1.75235e-15)
(-8.94632e-12 -1.0508e-11 -5.84116e-16)
(-2.44161e-12 -2.8098e-12 -1.16823e-15)
(-2.44044e-12 -2.79831e-12 -1.75235e-15)
(-2.44511e-12 -2.80214e-12 1.16823e-15)
(-2.44394e-12 -2.80214e-12 0)
(-6.56546e-13 -7.38816e-13 0)
(-6.5421e-13 -7.34988e-13 -2.33646e-15)
(-6.55378e-13 -7.27332e-13 0)
(-6.5421e-13 -7.3116e-13 0)
(-1.74067e-13 -1.83747e-13 0)
(-1.74067e-13 -1.79919e-13 -1.16823e-15)
(-1.74067e-13 -1.79919e-13 1.16823e-15)
(-1.72898e-13 -1.83747e-13 0)
(-4.43928e-14 -4.59368e-14 0)
(-4.43928e-14 -4.21087e-14 -1.75235e-15)
(-4.43928e-14 -3.44526e-14 0)
(-4.55611e-14 -3.82806e-14 0)
(-1.16823e-14 -3.82806e-15 0)
(-1.16823e-14 -3.82806e-15 0)
(-9.34586e-15 -3.82806e-15 0)
(-9.34586e-15 -3.82806e-15 0)
(-2.33646e-15 0 0)
(-1.16823e-15 3.82806e-15 -5.84116e-16)
(0 0 5.84116e-16)
(-2.33646e-15 0 0)
(0 0 0)
(1.16823e-15 0 0)
(0 3.82806e-15 -1.75235e-15)
(-2.33646e-15 7.65613e-15 0)
(0 0 0)
(0 0 0)
(0 0 -5.84116e-16)
(0 7.65613e-15 -1.16823e-15)
(0 0 0)
(0 3.82806e-15 -5.84116e-16)
(0 3.82806e-15 0)
(2.33646e-15 3.82806e-15 0)
(-1.16823e-15 0 0)
(0 0 0)
(0 0 0)
(0 3.82806e-15 -5.84116e-16)
(1.16823e-15 1.14842e-14 1.16823e-15)
(0 3.82806e-15 1.16823e-15)
(0 3.82806e-15 0)
(2.33646e-15 3.82806e-15 0)
)
;
    }
    front
    {
        type            symmetryPlane;
    }
    back
    {
        type            symmetryPlane;
    }
}


// ************************************************************************* //
