/*--------------------------------*- C++ -*----------------------------------*\
| =========                 |                                                 |
| \\      /  F ield         | OpenFOAM: The Open Source CFD Toolbox           |
|  \\    /   O peration     | Version:                                        |
|   \\  /    A nd           | Website:  www.openfoam.com                      |
|    \\/     M anipulation  |                                                 |
\*---------------------------------------------------------------------------*/
FoamFile
{
    version     2.0;
    format      ascii;
    class       volVectorField;
    location    "0.1";
    object      flux;
}
// * * * * * * * * * * * * * * * * * * * * * * * * * * * * * * * * * * * * * //

dimensions      [0 1 -1 1 0 0 0];


internalField   nonuniform List<vector> 
4352
(
(-1.8795 1.52208 -1.732e-06)
(-0.564357 0.554322 -1.57823e-06)
(-0.177002 0.179952 -7.44292e-07)
(-0.0531607 0.0522485 -2.57921e-07)
(-0.0147879 0.0137613 -7.33408e-08)
(-0.00379551 0.00333682 -1.80865e-08)
(-0.000904782 0.000754508 -4.08224e-09)
(-0.000202126 0.000160785 -8.9478e-10)
(-1.43162 0.341432 -9.57731e-07)
(-0.777772 0.223773 -8.43944e-07)
(-0.325071 0.09161 -3.9844e-07)
(-0.11303 0.0301317 -1.39729e-07)
(-0.0341238 0.0085884 -4.11241e-08)
(-0.00921128 0.00220148 -1.13058e-08)
(-0.00227126 0.000519108 -3.21922e-09)
(-0.000519811 0.000114354 -1.03556e-09)
(-1.31429 0.0760212 -5.58923e-07)
(-0.814179 0.0701878 -5.28134e-07)
(-0.370643 0.0343447 -2.46607e-07)
(-0.136182 0.0127048 -8.29793e-08)
(-0.0427181 0.00394614 -2.40501e-08)
(-0.0118648 0.00108168 -7.22077e-09)
(-0.00299191 0.000269386 -2.62018e-09)
(-0.000697433 6.21238e-05 -1.10518e-09)
(-1.28541 0.0164969 -2.32134e-07)
(-0.819448 0.0190637 -1.66575e-07)
(-0.382554 0.010684 -5.67772e-08)
(-0.143429 0.00437008 -1.2563e-08)
(-0.0457469 0.00147042 -3.77356e-09)
(-0.012888 0.000430755 -2.73454e-09)
(-0.00329081 0.000113531 -2.01479e-09)
(-0.000775757 2.74732e-05 -1.1992e-09)
(-1.27873 0.00346213 -7.13422e-08)
(-0.819992 0.00468078 -4.58769e-08)
(-0.385337 0.00291856 -9.68992e-09)
(-0.145396 0.00130066 -1.56465e-09)
(-0.0466575 0.000470438 -3.35902e-09)
(-0.0132217 0.000146694 -3.84836e-09)
(-0.00339519 4.07757e-05 -2.77926e-09)
(-0.000804795 1.01775e-05 -1.67081e-09)
(-1.27727 0.000702292 -2.2233e-08)
(-0.819992 0.00106429 -1.05813e-10)
(-0.385934 0.000723421 8.76826e-09)
(-0.145877 0.000347153 1.95378e-09)
(-0.0469009 0.00013399 -4.06891e-09)
(-0.0133177 4.41834e-05 -4.87194e-09)
(-0.00342733 1.25633e-05 -3.58295e-09)
(-0.000814376 2.21866e-06 -2.19424e-09)
(-1.27696 0.000138155 -1.78021e-09)
(-0.819971 0.000228048 1.23871e-08)
(-0.386054 0.000166481 1.07639e-08)
(-0.145985 8.52069e-05 2.14243e-10)
(-0.0469604 3.481e-05 -5.8238e-09)
(-0.0133431 1.17592e-05 -5.90378e-09)
(-0.00343716 1.89709e-06 -3.84878e-09)
(-0.000818316 -5.70814e-06 -1.73609e-09)
(-1.2769 2.66059e-05 2.69267e-09)
(-0.819964 4.67311e-05 1.5355e-08)
(-0.386077 3.61872e-05 1.07975e-08)
(-0.146008 1.95722e-05 -7.61169e-10)
(-0.0469743 8.28643e-06 -6.61536e-09)
(-0.0133506 2.0667e-06 -6.25143e-09)
(-0.0034448 -5.00448e-06 -3.93615e-09)
(-0.000827005 -3.39518e-05 -1.66865e-09)
(-1.8795 1.52208 -1.60797e-06)
(-0.564355 0.554317 -9.61312e-07)
(-0.177 0.17995 -3.15149e-07)
(-0.0531594 0.0522477 -7.86821e-08)
(-0.0147874 0.0137611 -2.13194e-08)
(-0.00379537 0.00333676 -9.22987e-09)
(-0.000904747 0.000754493 -4.89969e-09)
(-0.000202118 0.000160781 -2.42477e-09)
(-1.43162 0.341434 4.12333e-07)
(-0.777771 0.223775 1.19898e-06)
(-0.32507 0.091611 1.15769e-06)
(-0.113029 0.0301321 6.70462e-07)
(-0.0341235 0.0085885 2.77137e-07)
(-0.00921121 0.00220151 8.75217e-08)
(-0.00227124 0.000519111 2.07447e-08)
(-0.000519806 0.000114353 2.94065e-09)
(-1.31429 0.0760226 5.35724e-07)
(-0.814179 0.0701891 1.43758e-06)
(-0.370643 0.0343454 1.20875e-06)
(-0.136182 0.012705 6.31738e-07)
(-0.042718 0.00394622 2.36706e-07)
(-0.0118648 0.0010817 6.45976e-08)
(-0.0029919 0.000269389 1.05695e-08)
(-0.000697429 6.21235e-05 -1.01741e-09)
(-1.28541 0.0164979 4.2878e-07)
(-0.819448 0.0190647 9.08724e-07)
(-0.382554 0.0106845 7.29062e-07)
(-0.143429 0.00437025 3.61484e-07)
(-0.0457469 0.00147046 1.19667e-07)
(-0.012888 0.000430761 2.17771e-08)
(-0.00329081 0.000113531 -3.48717e-09)
(-0.000775754 2.74721e-05 -5.31918e-09)
(-1.27873 0.00346255 1.85646e-07)
(-0.819992 0.00468111 3.81751e-07)
(-0.385337 0.00291869 2.65148e-07)
(-0.145396 0.00130069 8.83521e-08)
(-0.0466575 0.000470437 -5.15594e-09)
(-0.0132217 0.00014669 -2.60036e-08)
(-0.00339519 4.07726e-05 -1.95281e-08)
(-0.000804791 1.01755e-05 -1.02763e-08)
(-1.27727 0.000702431 3.94797e-08)
(-0.819992 0.0010644 4.98949e-08)
(-0.385934 0.000723462 -2.29468e-08)
(-0.145877 0.000347156 -7.97523e-08)
(-0.0469009 0.000133985 -8.17614e-08)
(-0.0133177 4.41793e-05 -5.53469e-08)
(-0.00342733 1.25612e-05 -2.95358e-08)
(-0.000814371 2.21852e-06 -1.32559e-08)
(-1.27696 0.000138205 -2.7041e-08)
(-0.819971 0.000228079 -9.56171e-08)
(-0.386054 0.000166485 -1.53202e-07)
(-0.145985 8.52015e-05 -1.58912e-07)
(-0.0469604 3.48049e-05 -1.19399e-07)
(-0.0133431 1.17564e-05 -7.03083e-08)
(-0.00343715 1.89639e-06 -3.42725e-08)
(-0.00081831 -5.70709e-06 -1.37371e-08)
(-1.2769 2.66182e-05 -5.29767e-08)
(-0.819964 4.67384e-05 -1.54022e-07)
(-0.386077 3.61865e-05 -2.06245e-07)
(-0.146008 1.9569e-05 -1.91689e-07)
(-0.0469743 8.28388e-06 -1.35205e-07)
(-0.0133506 2.06537e-06 -7.65036e-08)
(-0.00344479 -5.00437e-06 -3.59953e-08)
(-0.000826998 -3.39509e-05 -1.33201e-08)
(-1.8795 1.52208 2.37733e-06)
(-0.564355 0.554323 3.78558e-06)
(-0.177001 0.179954 3.64694e-06)
(-0.0531601 0.0522497 2.22815e-06)
(-0.0147878 0.0137618 9.9134e-07)
(-0.00379548 0.00333698 3.49908e-07)
(-0.000904768 0.00075454 1.02304e-07)
(-0.000202118 0.000160786 2.51654e-08)
(-1.43162 0.341436 8.49914e-06)
(-0.777771 0.223778 1.4284e-05)
(-0.325072 0.091613 1.05287e-05)
(-0.113032 0.0301331 5.28174e-06)
(-0.034125 0.00858891 2.04664e-06)
(-0.0092118 0.00220163 6.48442e-07)
(-0.00227143 0.000519139 1.71477e-07)
(-0.000519853 0.000114357 3.73032e-08)
(-1.31429 0.0760212 8.14374e-06)
(-0.814178 0.0701872 1.16592e-05)
(-0.370645 0.0343439 8.16402e-06)
(-0.136184 0.0127042 4.02205e-06)
(-0.0427193 0.00394583 1.54381e-06)
(-0.0118653 0.00108155 4.81052e-07)
(-0.00299204 0.000269338 1.21685e-07)
(-0.000697458 6.21073e-05 2.3388e-08)
(-1.28541 0.0164962 4.15233e-06)
(-0.819448 0.0190616 6.41541e-06)
(-0.382555 0.0106821 4.5531e-06)
(-0.14343 0.004369 2.20449e-06)
(-0.0457476 0.00146993 8.02548e-07)
(-0.0128883 0.000430573 2.2194e-07)
(-0.00329087 0.000113471 4.11905e-08)
(-0.000775756 2.74547e-05 6.8389e-10)
(-1.27873 0.00346136 1.92218e-06)
(-0.819992 0.00467906 2.70325e-06)
(-0.385338 0.00291705 1.74902e-06)
(-0.145396 0.00129978 7.20534e-07)
(-0.0466577 0.000470035 1.78268e-07)
(-0.0132217 0.00014654 -4.26485e-10)
(-0.00339516 4.07236e-05 -2.83391e-08)
(-0.000804765 1.01616e-05 -1.83086e-08)
(-1.27727 0.000701867 5.57584e-07)
(-0.819992 0.00106333 6.59056e-07)
(-0.385935 0.000722584 2.43929e-07)
(-0.145877 0.000346658 -7.8524e-08)
(-0.0469008 0.000133762 -1.63814e-07)
(-0.0133176 4.40948e-05 -1.25076e-07)
(-0.00342725 1.25338e-05 -6.73452e-08)
(-0.000814327 2.21173e-06 -2.81236e-08)
(-1.27696 0.00013797 6.2552e-08)
(-0.819972 0.00022764 -1.69145e-07)
(-0.386054 0.000166115 -4.03391e-07)
(-0.145985 8.4983e-05 -4.38065e-07)
(-0.0469603 3.47031e-05 -3.2355e-07)
(-0.0133429 1.17169e-05 -1.84816e-07)
(-0.00343705 1.88418e-06 -8.65836e-08)
(-0.000818257 -5.70827e-06 -3.373e-08)
(-1.2769 2.65368e-05 -1.35143e-07)
(-0.819964 4.65751e-05 -4.88859e-07)
(-0.386077 3.60444e-05 -6.53595e-07)
(-0.146008 1.94832e-05 -5.78992e-07)
(-0.0469741 8.2431e-06 -3.87421e-07)
(-0.0133504 2.04986e-06 -2.09117e-07)
(-0.00344467 -5.00731e-06 -9.36382e-08)
(-0.00082694 -3.39451e-05 -3.33714e-08)
(-1.87949 1.5221 2.25329e-06)
(-0.564353 0.554353 3.16866e-06)
(-0.177003 0.179978 3.2178e-06)
(-0.0531647 0.0522627 2.04891e-06)
(-0.0147912 0.0137671 9.39319e-07)
(-0.00379715 0.00333876 3.41052e-07)
(-0.000905397 0.000755041 1.03122e-07)
(-0.000202313 0.000160906 2.66954e-08)
(-1.43158 0.341446 7.12907e-06)
(-0.777767 0.223791 1.22411e-05)
(-0.325088 0.09162 8.97255e-06)
(-0.113046 0.0301357 4.47155e-06)
(-0.0341328 0.0085896 1.72838e-06)
(-0.00921496 0.00220177 5.49615e-07)
(-0.00227246 0.000519149 1.47513e-07)
(-0.000520136 0.00011435 3.3327e-08)
(-1.31425 0.0760139 7.04909e-06)
(-0.814179 0.0701734 9.69351e-06)
(-0.370658 0.0343335 6.70866e-06)
(-0.136195 0.0126989 3.30733e-06)
(-0.0427251 0.00394373 1.28305e-06)
(-0.0118676 0.00108084 4.09234e-07)
(-0.00299282 0.000269128 1.08496e-07)
(-0.000697667 6.20502e-05 2.33002e-08)
(-1.28539 0.0164855 3.49142e-06)
(-0.819447 0.0190467 5.34011e-06)
(-0.382562 0.0106717 3.76727e-06)
(-0.143436 0.00436364 1.83044e-06)
(-0.0457508 0.00146773 6.79108e-07)
(-0.0128896 0.000429798 1.97428e-07)
(-0.00329125 0.000113231 4.26628e-08)
(-0.000775844 2.73887e-05 4.80387e-09)
(-1.27872 0.00345537 1.66519e-06)
(-0.819993 0.0046696 2.27562e-06)
(-0.385341 0.00291007 1.47418e-06)
(-0.145399 0.00129613 6.30618e-07)
(-0.0466589 0.000468505 1.80064e-07)
(-0.0132221 0.000145996 2.17288e-08)
(-0.00339523 4.05555e-05 -1.15903e-08)
(-0.000804749 1.01179e-05 -9.70309e-09)
(-1.27727 0.000698712 4.95872e-07)
(-0.819993 0.00105866 6.09055e-07)
(-0.385936 0.000719157 2.75644e-07)
(-0.145878 0.000344839 3.18209e-09)
(-0.046901 0.000132982 -8.61218e-08)
(-0.0133175 4.38105e-05 -7.46008e-08)
(-0.00342713 1.24447e-05 -4.13923e-08)
(-0.000814256 2.18768e-06 -1.7062e-08)
(-1.27696 0.00013682 8.78128e-08)
(-0.819972 0.000225783 -6.11407e-08)
(-0.386055 0.00016469 -2.39426e-07)
(-0.145985 8.42006e-05 -2.78938e-07)
(-0.0469599 3.43577e-05 -2.09975e-07)
(-0.0133426 1.15883e-05 -1.20412e-07)
(-0.00343685 1.8438e-06 -5.61599e-08)
(-0.000818157 -5.71758e-06 -2.1729e-08)
(-1.2769 2.61048e-05 -7.94739e-08)
(-0.819965 4.58934e-05 -3.19482e-07)
(-0.386077 3.55177e-05 -4.36553e-07)
(-0.146008 1.91888e-05 -3.88064e-07)
(-0.0469736 8.11089e-06 -2.58831e-07)
(-0.01335 2.00093e-06 -1.38864e-07)
(-0.00344444 -5.02028e-06 -6.1579e-08)
(-0.000826826 -3.39355e-05 -2.17199e-08)
(-4.26838e-05 3.25706e-05 -2.0692e-10)
(-8.5857e-06 6.31678e-06 -5.36499e-11)
(-1.65578e-06 1.17989e-06 -1.54049e-11)
(-3.07894e-07 2.13359e-07 -4.63321e-12)
(-5.54817e-08 3.75252e-08 -1.39253e-12)
(-9.73336e-09 6.44827e-09 -4.06545e-13)
(-1.67011e-09 1.08768e-09 -1.14487e-13)
(-2.81662e-10 1.81064e-10 -3.21264e-14)
(-4.69583e-11 2.99383e-11 -7.59351e-15)
(-7.79445e-12 4.96031e-12 -1.75235e-15)
(-1.29907e-12 8.29445e-13 0)
(-2.20796e-13 1.42524e-13 0)
(-3.73834e-14 2.57011e-14 0)
(-8.17763e-15 5.84116e-15 0)
(-1.16823e-15 0 0)
(1.16823e-15 1.16823e-15 -5.84116e-16)
(2.33646e-15 2.33646e-15 -2.33646e-15)
(0 0 0)
(1.16823e-15 4.67293e-15 -5.84116e-16)
(-3.5047e-15 4.67293e-15 -1.16823e-15)
(2.33646e-15 -2.33646e-15 0)
(1.16823e-15 4.67293e-15 -5.84116e-16)
(-1.16823e-15 4.67293e-15 0)
(0 4.67293e-15 0)
(-2.33646e-15 4.67293e-15 0)
(-1.16823e-15 0 0)
(1.16823e-15 -2.33646e-15 0)
(-1.16823e-15 4.67293e-15 0)
(0 2.33646e-15 0)
(-2.33646e-15 -1.16823e-15 5.84116e-16)
(2.33646e-15 0 0)
(0 0 0)
(-0.000111784 2.38008e-05 -3.59508e-10)
(-2.2805e-05 4.72073e-06 -1.28575e-10)
(-4.44764e-06 8.98399e-07 -4.39168e-11)
(-8.34474e-07 1.64972e-07 -1.43208e-11)
(-1.51429e-07 2.93717e-08 -4.39255e-12)
(-2.67042e-08 5.09216e-09 -1.28681e-12)
(-4.59709e-09 8.63278e-10 -3.604e-13)
(-7.76076e-10 1.43736e-10 -9.81315e-14)
(-1.29148e-10 2.36205e-11 -2.45329e-14)
(-2.13121e-11 3.85283e-12 -5.84116e-15)
(-3.51872e-12 6.30845e-13 -1.16823e-15)
(-5.85284e-13 1.02804e-13 5.84116e-16)
(-9.81315e-14 1.75235e-14 0)
(-1.63553e-14 2.33646e-15 -1.16823e-15)
(-4.67293e-15 0 0)
(-1.16823e-15 -3.5047e-15 -5.84116e-16)
(0 -3.5047e-15 0)
(1.16823e-15 -1.16823e-15 5.84116e-16)
(2.33646e-15 0 -1.16823e-15)
(-2.33646e-15 -2.33646e-15 -1.16823e-15)
(0 0 1.75235e-15)
(2.33646e-15 -4.67293e-15 -1.16823e-15)
(2.33646e-15 -2.33646e-15 -1.16823e-15)
(0 -2.33646e-15 -1.16823e-15)
(-2.33646e-15 -2.33646e-15 0)
(-3.5047e-15 0 0)
(1.16823e-15 0 1.75235e-15)
(4.67293e-15 -2.33646e-15 -1.16823e-15)
(-2.33646e-15 0 0)
(-3.5047e-15 1.16823e-15 1.75235e-15)
(1.16823e-15 -3.5047e-15 5.84116e-16)
(0 0 -1.16823e-15)
(-0.000152317 1.34403e-05 -4.83422e-10)
(-3.14881e-05 2.75454e-06 -1.92106e-10)
(-6.21154e-06 5.38855e-07 -6.91681e-11)
(-1.17692e-06 1.01235e-07 -2.27548e-11)
(-2.15362e-07 1.83578e-08 -6.99012e-12)
(-3.82417e-08 3.22687e-09 -2.03097e-12)
(-6.61853e-09 5.51852e-10 -5.63672e-13)
(-1.12132e-09 9.21209e-11 -1.52454e-13)
(-1.86841e-10 1.50573e-11 -3.85517e-14)
(-3.07841e-11 2.41707e-12 -9.34586e-15)
(-5.05027e-12 3.85517e-13 -1.75235e-15)
(-8.3295e-13 5.95798e-14 0)
(-1.37851e-13 9.34586e-15 -1.16823e-15)
(-2.45329e-14 0 0)
(-8.17763e-15 -1.16823e-15 5.84116e-16)
(0 0 -5.84116e-16)
(2.33646e-15 0 5.84116e-16)
(1.16823e-15 0 5.84116e-16)
(2.33646e-15 -2.33646e-15 -1.16823e-15)
(-2.33646e-15 -2.33646e-15 0)
(0 0 5.84116e-16)
(-1.16823e-15 -1.16823e-15 5.84116e-16)
(1.16823e-15 -2.33646e-15 1.16823e-15)
(2.33646e-15 0 0)
(-2.33646e-15 -2.33646e-15 1.16823e-15)
(0 -1.16823e-15 5.84116e-16)
(2.33646e-15 2.33646e-15 5.84116e-16)
(-2.33646e-15 -2.33646e-15 0)
(2.33646e-15 0 1.16823e-15)
(-5.84116e-15 0 1.16823e-15)
(0 0 2.92058e-15)
(3.5047e-15 -1.16823e-15 0)
(-0.000171153 6.1697e-06 -5.72591e-10)
(-3.57065e-05 1.29699e-06 -2.32848e-10)
(-7.10094e-06 2.57619e-07 -8.37722e-11)
(-1.35497e-06 4.87339e-08 -2.74721e-11)
(-2.49437e-07 8.83438e-09 -8.37681e-12)
(-4.45102e-08 1.54161e-09 -2.41824e-12)
(-7.73183e-09 2.59683e-10 -6.68229e-13)
(-1.31287e-09 4.22608e-11 -1.79324e-13)
(-2.18848e-10 6.63673e-12 -4.61452e-14)
(-3.59886e-11 1.00117e-12 -1.22664e-14)
(-5.87387e-12 1.41356e-13 -4.08881e-15)
(-9.62623e-13 2.10282e-14 -1.16823e-15)
(-1.56543e-13 1.16823e-15 -1.16823e-15)
(-2.92058e-14 2.33646e-15 5.84116e-16)
(-5.84116e-15 0 5.84116e-16)
(0 0 0)
(2.33646e-15 0 5.84116e-16)
(0 1.16823e-15 5.84116e-16)
(-2.33646e-15 -3.5047e-15 1.75235e-15)
(2.33646e-15 0 5.84116e-16)
(-2.33646e-15 -3.5047e-15 0)
(2.33646e-15 1.16823e-15 5.84116e-16)
(0 0 1.16823e-15)
(0 -2.33646e-15 5.84116e-16)
(0 0 5.84116e-16)
(1.16823e-15 1.16823e-15 5.84116e-16)
(0 -2.33646e-15 -5.84116e-16)
(-1.16823e-15 0 0)
(0 -2.33646e-15 5.84116e-16)
(0 0 5.84116e-16)
(0 5.84116e-15 5.84116e-16)
(0 1.16823e-15 5.84116e-16)
(-0.000178493 2.15676e-06 -9.60807e-10)
(-3.74002e-05 3.98305e-07 -3.81182e-10)
(-7.45979e-06 6.51365e-08 -1.25592e-10)
(-1.42571e-06 9.38629e-09 -3.75657e-11)
(-2.62554e-07 1.13909e-09 -1.05696e-11)
(-4.68164e-08 9.53932e-11 -2.86392e-12)
(-8.11788e-09 -2.8388e-12 -7.54094e-13)
(-1.37437e-09 -4.01755e-12 -1.93342e-13)
(-2.28104e-10 -1.33646e-12 -4.90658e-14)
(-3.72771e-11 -3.56311e-13 -1.16823e-14)
(-6.02925e-12 -8.99539e-14 -4.08881e-15)
(-9.70801e-13 -1.86917e-14 -2.33646e-15)
(-1.56543e-13 -3.5047e-15 -1.16823e-15)
(-2.68693e-14 0 -5.84116e-16)
(-8.17763e-15 1.16823e-15 5.84116e-16)
(0 0 1.16823e-15)
(0 -2.33646e-15 1.75235e-15)
(2.33646e-15 0 1.16823e-15)
(0 0 -5.84116e-16)
(-3.5047e-15 -1.16823e-15 -5.84116e-16)
(0 2.33646e-15 1.75235e-15)
(3.5047e-15 0 5.84116e-16)
(0 -1.16823e-15 1.16823e-15)
(1.16823e-15 0 0)
(-1.16823e-15 -1.16823e-15 1.16823e-15)
(0 -1.16823e-15 5.84116e-16)
(0 -3.5047e-15 0)
(0 -1.16823e-15 5.84116e-16)
(0 0 1.16823e-15)
(1.16823e-15 0 5.84116e-16)
(0 0 -5.84116e-16)
(-1.16823e-15 0 1.16823e-15)
(-0.000180933 -9.5823e-07 -8.08097e-10)
(-3.77981e-05 -5.35843e-07 -2.80546e-10)
(-7.48986e-06 -1.66245e-07 -9.17039e-11)
(-1.41897e-06 -4.12002e-08 -2.82841e-11)
(-2.58728e-07 -9.00293e-09 -8.22669e-12)
(-4.56521e-08 -1.81236e-09 -2.2874e-12)
(-7.83124e-09 -3.44495e-10 -6.13322e-13)
(-1.31136e-09 -6.28544e-11 -1.5888e-13)
(-2.15187e-10 -1.11508e-11 -4.0304e-14)
(-3.47421e-11 -1.94394e-12 -9.34586e-15)
(-5.54093e-12 -3.36451e-13 0)
(-8.75006e-13 -5.84116e-14 -5.84116e-16)
(-1.36683e-13 -7.00939e-15 -1.16823e-15)
(-2.57011e-14 -2.33646e-15 5.84116e-16)
(-7.00939e-15 -1.16823e-15 2.92058e-15)
(1.16823e-15 0 5.84116e-16)
(2.33646e-15 3.5047e-15 1.75235e-15)
(-2.33646e-15 0 3.5047e-15)
(0 0 2.33646e-15)
(2.33646e-15 1.16823e-15 5.84116e-16)
(0 3.5047e-15 0)
(-2.33646e-15 2.33646e-15 5.84116e-16)
(0 1.16823e-15 1.75235e-15)
(0 0 1.75235e-15)
(0 1.16823e-15 1.75235e-15)
(-1.16823e-15 1.16823e-15 5.84116e-16)
(0 0 1.16823e-15)
(3.5047e-15 0 1.75235e-15)
(0 0 5.84116e-16)
(2.33646e-15 0 5.84116e-16)
(-2.33646e-15 -2.33646e-15 0)
(0 -1.16823e-15 5.84116e-16)
(-0.000181248 -1.0732e-05 -6.19566e-10)
(-3.66082e-05 -3.25433e-06 -2.07789e-10)
(-6.96515e-06 -7.50822e-07 -6.58462e-11)
(-1.26846e-06 -1.5301e-07 -1.98483e-11)
(-2.23166e-07 -2.89457e-08 -5.67702e-12)
(-3.8158e-08 -5.20307e-09 -1.56017e-12)
(-6.36838e-09 -9.00671e-10 -4.13554e-13)
(-1.04102e-09 -1.51509e-10 -1.08061e-13)
(-1.67193e-10 -2.49476e-11 -2.80376e-14)
(-2.64628e-11 -4.04676e-12 -7.59351e-15)
(-4.14021e-12 -6.50705e-13 -4.08881e-15)
(-6.44864e-13 -1.06309e-13 -1.75235e-15)
(-1.00468e-13 -1.98599e-14 -5.84116e-16)
(-1.86917e-14 -3.5047e-15 0)
(-3.5047e-15 3.5047e-15 0)
(1.16823e-15 2.33646e-15 0)
(0 2.33646e-15 0)
(0 0 5.84116e-16)
(0 1.16823e-15 0)
(2.33646e-15 0 0)
(2.33646e-15 0 -1.75235e-15)
(-2.33646e-15 -2.33646e-15 -1.16823e-15)
(-2.33646e-15 -1.16823e-15 0)
(2.33646e-15 0 0)
(-2.33646e-15 0 0)
(-1.16823e-15 0 0)
(0 2.33646e-15 1.16823e-15)
(1.16823e-15 1.16823e-15 0)
(0 0 0)
(0 0 0)
(-1.16823e-15 0 0)
(1.16823e-15 -2.33646e-15 1.16823e-15)
(-0.000178479 -6.64479e-05 -4.58216e-10)
(-2.78169e-05 -1.16972e-05 -1.24476e-10)
(-4.38854e-06 -2.02284e-06 -3.37199e-11)
(-6.97093e-07 -3.43477e-07 -9.00473e-12)
(-1.10922e-07 -5.72795e-08 -2.37268e-12)
(-1.76071e-08 -9.38886e-09 -6.1157e-13)
(-2.77968e-09 -1.51448e-09 -1.56543e-13)
(-4.35641e-10 -2.40801e-10 -3.91358e-14)
(-6.77224e-11 -3.7818e-11 -9.34586e-15)
(-1.04475e-11 -5.88439e-12 -2.92058e-15)
(-1.60165e-12 -9.10053e-13 0)
(-2.42992e-13 -1.42524e-13 0)
(-3.5047e-14 -2.33646e-14 -1.16823e-15)
(-3.5047e-15 -4.67293e-15 0)
(-3.5047e-15 -2.33646e-15 -5.84116e-16)
(0 1.16823e-15 0)
(0 -2.33646e-15 -1.16823e-15)
(0 0 0)
(-2.33646e-15 0 1.16823e-15)
(2.33646e-15 0 0)
(0 -2.33646e-15 5.84116e-16)
(-2.33646e-15 0 1.16823e-15)
(2.33646e-15 1.16823e-15 1.16823e-15)
(0 0 0)
(0 0 0)
(0 0 0)
(0 1.16823e-15 5.84116e-16)
(-2.33646e-15 0 0)
(2.33646e-15 0 1.16823e-15)
(0 0 0)
(0 0 0)
(0 3.5047e-15 0)
(-4.26821e-05 3.25695e-05 -1.03493e-09)
(-8.58531e-06 6.31642e-06 -3.93874e-10)
(-1.65569e-06 1.17977e-06 -1.35042e-10)
(-3.07866e-07 2.13321e-07 -4.30108e-11)
(-5.54733e-08 3.75137e-08 -1.28289e-11)
(-9.73081e-09 6.44488e-09 -3.65423e-12)
(-1.66936e-09 1.08672e-09 -9.97086e-13)
(-2.81447e-10 1.80804e-10 -2.6402e-13)
(-4.68975e-11 2.98752e-11 -6.65892e-14)
(-7.77809e-12 4.9463e-12 -1.63553e-14)
(-1.29791e-12 8.29445e-13 -4.67293e-15)
(-2.20796e-13 1.43693e-13 -1.75235e-15)
(-3.62152e-14 2.57011e-14 -1.16823e-15)
(-7.00939e-15 5.84116e-15 5.84116e-16)
(-3.5047e-15 0 0)
(-4.67293e-15 0 -5.84116e-16)
(4.67293e-15 -1.16823e-15 -5.84116e-16)
(1.16823e-15 2.33646e-15 0)
(-1.16823e-15 -1.16823e-15 -2.33646e-15)
(-2.33646e-15 0 -1.16823e-15)
(2.33646e-15 0 -1.16823e-15)
(1.16823e-15 0 -2.33646e-15)
(0 0 -1.16823e-15)
(2.33646e-15 2.33646e-15 -1.16823e-15)
(-3.5047e-15 4.67293e-15 -2.33646e-15)
(0 0 0)
(1.16823e-15 0 -1.16823e-15)
(2.33646e-15 2.33646e-15 0)
(-2.33646e-15 4.67293e-15 0)
(-1.16823e-15 4.67293e-15 1.16823e-15)
(-2.33646e-15 2.33646e-15 0)
(2.33646e-15 0 0)
(-0.000111782 2.38002e-05 -3.23697e-10)
(-2.28044e-05 4.72045e-06 -4.4754e-10)
(-4.44741e-06 8.98291e-07 -2.17405e-10)
(-8.34395e-07 1.64936e-07 -8.1573e-11)
(-1.51403e-07 2.93605e-08 -2.66912e-11)
(-2.66961e-08 5.08891e-09 -8.03335e-12)
(-4.59471e-09 8.62376e-10 -2.27572e-12)
(-7.75402e-10 1.43495e-10 -6.17411e-13)
(-1.2896e-10 2.35574e-11 -1.60632e-13)
(-2.12665e-11 3.83764e-12 -4.0304e-14)
(-3.5047e-12 6.26172e-13 -9.34586e-15)
(-5.84116e-13 1.01636e-13 -1.75235e-15)
(-1.01636e-13 1.5187e-14 0)
(-1.5187e-14 2.33646e-15 1.16823e-15)
(-3.5047e-15 2.33646e-15 0)
(-2.33646e-15 -2.33646e-15 0)
(2.33646e-15 1.16823e-15 1.16823e-15)
(0 0 0)
(0 1.16823e-15 0)
(1.16823e-15 -1.16823e-15 0)
(0 0 -5.84116e-16)
(-1.16823e-15 2.33646e-15 0)
(0 4.67293e-15 0)
(1.16823e-15 0 -1.16823e-15)
(0 0 0)
(0 2.33646e-15 1.16823e-15)
(0 2.33646e-15 5.84116e-16)
(0 -2.33646e-15 0)
(2.33646e-15 0 -1.16823e-15)
(0 0 0)
(-2.33646e-15 2.33646e-15 1.16823e-15)
(-1.16823e-15 -1.16823e-15 -5.84116e-16)
(-0.000152315 1.34399e-05 -1.74485e-09)
(-3.14873e-05 2.75433e-06 -9.18942e-10)
(-6.2112e-06 5.38776e-07 -3.64236e-10)
(-1.1768e-06 1.01209e-07 -1.24826e-10)
(-2.1532e-07 1.83498e-08 -3.88875e-11)
(-3.82289e-08 3.2246e-09 -1.13505e-11)
(-6.61477e-09 5.5124e-10 -3.15072e-12)
(-1.12027e-09 9.19574e-11 -8.44048e-13)
(-1.86555e-10 1.50141e-11 -2.17875e-13)
(-3.07117e-11 2.40422e-12 -5.43228e-14)
(-5.03274e-12 3.76171e-13 -1.34347e-14)
(-8.30613e-13 5.60751e-14 -2.92058e-15)
(-1.35515e-13 7.00939e-15 0)
(-2.45329e-14 0 0)
(-5.84116e-15 -2.33646e-15 1.16823e-15)
(-2.33646e-15 -1.16823e-15 1.16823e-15)
(5.84116e-15 0 0)
(0 0 1.16823e-15)
(-2.33646e-15 0 0)
(-1.16823e-15 0 0)
(1.16823e-15 -2.33646e-15 -1.16823e-15)
(4.67293e-15 0 1.16823e-15)
(0 1.16823e-15 1.16823e-15)
(-2.33646e-15 0 -1.16823e-15)
(2.33646e-15 0 0)
(-2.33646e-15 0 1.16823e-15)
(0 -4.67293e-15 0)
(0 0 0)
(2.33646e-15 0 -1.16823e-15)
(0 0 0)
(-2.33646e-15 -2.33646e-15 1.16823e-15)
(-2.33646e-15 1.16823e-15 0)
(-0.000171151 6.16874e-06 -2.9609e-09)
(-3.57055e-05 1.29661e-06 -1.24548e-09)
(-7.10053e-06 2.57507e-07 -4.48164e-10)
(-1.35482e-06 4.87043e-08 -1.4579e-10)
(-2.49387e-07 8.82721e-09 -4.40056e-11)
(-4.44947e-08 1.53994e-09 -1.25766e-11)
(-7.72736e-09 2.59305e-10 -3.44044e-12)
(-1.31163e-09 4.21779e-11 -9.12973e-13)
(-2.18513e-10 6.61219e-12 -2.35399e-13)
(-3.59033e-11 9.95334e-13 -5.95798e-14)
(-5.85518e-12 1.36683e-13 -1.63553e-14)
(-9.53277e-13 1.5187e-14 -4.67293e-15)
(-1.55375e-13 2.33646e-15 -1.75235e-15)
(-2.45329e-14 -2.33646e-15 -1.16823e-15)
(-5.84116e-15 0 1.16823e-15)
(-1.16823e-15 3.5047e-15 2.33646e-15)
(1.16823e-15 0 -1.16823e-15)
(2.33646e-15 0 5.84116e-16)
(0 -1.16823e-15 0)
(0 0 0)
(0 0 0)
(1.16823e-15 -2.33646e-15 0)
(0 -1.16823e-15 1.16823e-15)
(-1.16823e-15 -3.5047e-15 5.84116e-16)
(1.16823e-15 0 5.84116e-16)
(-1.16823e-15 -2.33646e-15 0)
(-2.33646e-15 -1.16823e-15 -2.33646e-15)
(2.33646e-15 0 -1.16823e-15)
(1.16823e-15 -2.33646e-15 0)
(-1.16823e-15 -4.67293e-15 5.84116e-16)
(0 -2.33646e-15 -1.16823e-15)
(0 4.67293e-15 0)
(-0.000178491 2.15629e-06 -4.52145e-09)
(-3.73985e-05 3.98209e-07 -1.66014e-09)
(-7.4591e-06 6.51206e-08 -5.39889e-10)
(-1.42548e-06 9.38467e-09 -1.6282e-10)
(-2.62485e-07 1.13939e-09 -4.63917e-11)
(-4.67968e-08 9.56525e-11 -1.27039e-11)
(-8.11254e-09 -2.73133e-12 -3.36626e-12)
(-1.37296e-09 -3.97783e-12 -8.70333e-13)
(-2.2774e-10 -1.32478e-12 -2.20796e-13)
(-3.7186e-11 -3.48133e-13 -5.43228e-14)
(-6.01172e-12 -8.29445e-14 -1.22664e-14)
(-9.6496e-13 -1.75235e-14 -4.67293e-15)
(-1.54207e-13 -3.5047e-15 -2.92058e-15)
(-2.33646e-14 4.67293e-15 -5.84116e-16)
(-3.5047e-15 4.67293e-15 0)
(0 0 0)
(1.16823e-15 0 1.16823e-15)
(-1.16823e-15 5.84116e-15 0)
(-2.33646e-15 3.5047e-15 0)
(0 1.16823e-15 0)
(2.33646e-15 -1.16823e-15 1.16823e-15)
(1.16823e-15 0 0)
(-1.16823e-15 -2.33646e-15 1.16823e-15)
(0 1.16823e-15 0)
(1.16823e-15 -2.33646e-15 0)
(-3.5047e-15 -1.16823e-15 0)
(0 1.16823e-15 -1.16823e-15)
(3.5047e-15 2.33646e-15 0)
(-1.16823e-15 -2.33646e-15 -5.84116e-16)
(0 0 0)
(1.16823e-15 0 -5.84116e-16)
(-1.16823e-15 -2.33646e-15 0)
(-0.000180929 -9.57547e-07 -4.70586e-09)
(-3.77967e-05 -5.35496e-07 -1.52539e-09)
(-7.48936e-06 -1.66125e-07 -4.65578e-10)
(-1.4188e-06 -4.11648e-08 -1.35237e-10)
(-2.58676e-07 -8.99314e-09 -3.76989e-11)
(-4.56369e-08 -1.80975e-09 -1.01531e-11)
(-7.82699e-09 -3.43817e-10 -2.6589e-12)
(-1.31022e-09 -6.26838e-11 -6.80495e-13)
(-2.14885e-10 -1.11064e-11 -1.69978e-13)
(-3.46603e-11 -1.9416e-12 -4.08881e-14)
(-5.52223e-12 -3.35283e-13 -8.76174e-15)
(-8.75006e-13 -5.60751e-14 -2.92058e-15)
(-1.35515e-13 -8.17763e-15 -1.75235e-15)
(-1.98599e-14 -2.33646e-15 0)
(-7.00939e-15 -2.33646e-15 0)
(-2.33646e-15 0 5.84116e-16)
(3.5047e-15 0 0)
(4.67293e-15 -3.5047e-15 0)
(-5.84116e-15 2.33646e-15 1.75235e-15)
(-2.33646e-15 0 1.16823e-15)
(-2.33646e-15 0 -1.75235e-15)
(2.33646e-15 0 0)
(0 -2.33646e-15 0)
(0 0 0)
(0 -2.33646e-15 0)
(-2.33646e-15 0 1.16823e-15)
(2.33646e-15 0 5.84116e-16)
(0 -2.33646e-15 0)
(0 0 0)
(0 0 0)
(0 0 0)
(0 -2.33646e-15 0)
(-0.000181245 -1.07313e-05 -4.56038e-09)
(-3.66071e-05 -3.25402e-06 -1.31511e-09)
(-6.96477e-06 -7.50706e-07 -3.58735e-10)
(-1.26834e-06 -1.52971e-07 -9.55573e-11)
(-2.2313e-07 -2.8934e-08 -2.51217e-11)
(-3.81475e-08 -5.19972e-09 -6.50764e-12)
(-6.36548e-09 -8.99755e-10 -1.66123e-12)
(-1.04025e-09 -1.51266e-10 -4.17643e-13)
(-1.66993e-10 -2.48845e-11 -1.03389e-13)
(-2.64137e-11 -4.03274e-12 -2.5117e-14)
(-4.12853e-12 -6.46032e-13 -6.42528e-15)
(-6.39023e-13 -1.05141e-13 -2.33646e-15)
(-9.81315e-14 -1.86917e-14 -1.75235e-15)
(-1.5187e-14 -3.5047e-15 -5.84116e-16)
(-2.33646e-15 -2.33646e-15 0)
(0 0 5.84116e-16)
(0 0 0)
(0 -4.67293e-15 -5.84116e-16)
(0 -4.67293e-15 0)
(0 0 -5.84116e-16)
(0 1.16823e-15 -1.16823e-15)
(0 0 -1.16823e-15)
(2.33646e-15 2.33646e-15 1.16823e-15)
(-2.33646e-15 0 0)
(0 0 -1.16823e-15)
(0 1.16823e-15 0)
(0 0 -1.16823e-15)
(-1.16823e-15 -1.16823e-15 -5.84116e-16)
(0 0 -5.84116e-16)
(1.16823e-15 0 0)
(0 0 0)
(0 0 5.84116e-16)
(-0.000178476 -6.64458e-05 -3.08379e-09)
(-2.78161e-05 -1.16965e-05 -7.61477e-10)
(-4.38831e-06 -2.02264e-06 -1.90257e-10)
(-6.9703e-07 -3.43419e-07 -4.69454e-11)
(-1.10905e-07 -5.72634e-08 -1.14113e-11)
(-1.76026e-08 -9.38451e-09 -2.74301e-12)
(-2.77853e-09 -1.51334e-09 -6.53626e-13)
(-4.35349e-10 -2.40506e-10 -1.54791e-13)
(-6.76535e-11 -3.77432e-11 -3.73834e-14)
(-1.04253e-11 -5.86102e-12 -8.76174e-15)
(-1.59464e-12 -9.04212e-13 -1.16823e-15)
(-2.45329e-13 -1.37851e-13 1.16823e-15)
(-3.62152e-14 -1.98599e-14 0)
(-3.5047e-15 -4.67293e-15 -1.16823e-15)
(-2.33646e-15 0 -1.16823e-15)
(2.33646e-15 1.16823e-15 1.16823e-15)
(0 0 0)
(0 0 0)
(0 0 0)
(0 0 0)
(0 0 0)
(2.33646e-15 0 0)
(0 -2.33646e-15 0)
(0 0 1.16823e-15)
(-2.33646e-15 0 0)
(0 0 0)
(0 0 -1.16823e-15)
(0 1.16823e-15 1.16823e-15)
(0 0 0)
(0 0 0)
(0 0 0)
(0 0 1.16823e-15)
(-4.26798e-05 3.25679e-05 5.10749e-09)
(-8.5839e-06 6.3151e-06 7.5943e-10)
(-1.65508e-06 1.17919e-06 2.8138e-11)
(-3.07649e-07 2.1311e-07 -3.61054e-11)
(-5.5403e-08 3.74462e-08 -1.91497e-11)
(-9.7097e-09 6.42489e-09 -6.99362e-12)
(-1.66333e-09 1.08113e-09 -2.18343e-12)
(-2.79802e-10 1.79299e-10 -6.25588e-13)
(-4.64618e-11 2.94838e-11 -1.70562e-13)
(-7.67061e-12 4.847e-12 -4.49769e-14)
(-1.27104e-12 8.00239e-13 -1.28506e-14)
(-2.1145e-13 1.37851e-13 -2.92058e-15)
(-3.15423e-14 2.57011e-14 0)
(-5.84116e-15 5.84116e-15 0)
(-4.67293e-15 0 0)
(-1.16823e-15 0 0)
(1.16823e-15 2.33646e-15 5.84116e-16)
(0 -1.16823e-15 -1.16823e-15)
(0 0 -5.84116e-16)
(0 0 0)
(0 -2.33646e-15 1.16823e-15)
(0 0 0)
(0 0 -1.16823e-15)
(0 0 -1.16823e-15)
(0 0 -5.84116e-16)
(0 0 0)
(0 -1.16823e-15 1.16823e-15)
(0 0 -1.16823e-15)
(0 0 0)
(0 0 -1.16823e-15)
(0 0 0)
(0 -1.16823e-15 -5.84116e-16)
(-0.000111791 2.37994e-05 6.0508e-09)
(-2.28048e-05 4.71968e-06 3.45821e-10)
(-4.44691e-06 8.9794e-07 -2.48898e-10)
(-8.34093e-07 1.64809e-07 -1.47068e-10)
(-1.51282e-07 2.93195e-08 -5.60973e-11)
(-2.66554e-08 5.07676e-09 -1.81076e-11)
(-4.58226e-09 8.5897e-10 -5.31546e-12)
(-7.71846e-10 1.42576e-10 -1.47022e-12)
(-1.27992e-10 2.33156e-11 -3.89605e-13)
(-2.1013e-11 3.77456e-12 -1.01052e-13)
(-3.43694e-12 6.1449e-13 -2.5117e-14)
(-5.66593e-13 9.92997e-14 -5.84116e-15)
(-9.5795e-14 1.5187e-14 -1.16823e-15)
(-1.86917e-14 2.33646e-15 0)
(-4.67293e-15 0 0)
(2.33646e-15 1.16823e-15 0)
(-2.33646e-15 0 -1.16823e-15)
(0 1.16823e-15 -5.84116e-16)
(0 2.33646e-15 0)
(-3.5047e-15 0 -5.84116e-16)
(2.33646e-15 0 -1.16823e-15)
(3.5047e-15 0 1.16823e-15)
(0 2.33646e-15 0)
(-2.33646e-15 0 0)
(2.33646e-15 0 -2.33646e-15)
(-2.33646e-15 2.33646e-15 0)
(0 0 -5.84116e-16)
(0 0 0)
(0 0 -1.16823e-15)
(2.33646e-15 0 0)
(-2.33646e-15 0 0)
(0 0 0)
(-0.000152317 1.34351e-05 2.3176e-09)
(-3.14853e-05 2.75294e-06 -6.50113e-10)
(-6.20995e-06 5.38394e-07 -5.15496e-10)
(-1.17627e-06 1.01107e-07 -2.19215e-10)
(-2.15135e-07 1.83232e-08 -7.56167e-11)
(-3.81703e-08 3.21778e-09 -2.3346e-11)
(-6.59752e-09 5.4952e-10 -6.7039e-12)
(-1.11546e-09 9.15298e-11 -1.83237e-12)
(-1.85259e-10 1.49078e-11 -4.83064e-13)
(-3.03717e-11 2.37852e-12 -1.24417e-13)
(-4.94863e-12 3.73834e-13 -3.0374e-14)
(-8.07248e-13 5.37387e-14 -7.59351e-15)
(-1.3201e-13 5.84116e-15 -1.75235e-15)
(-2.33646e-14 0 -1.16823e-15)
(-3.5047e-15 2.33646e-15 -1.16823e-15)
(-2.33646e-15 0 1.75235e-15)
(4.67293e-15 -2.33646e-15 0)
(1.16823e-15 4.67293e-15 0)
(0 0 0)
(-3.5047e-15 0 1.16823e-15)
(0 0 0)
(0 -1.16823e-15 -1.16823e-15)
(2.33646e-15 0 -2.33646e-15)
(-2.33646e-15 2.33646e-15 -5.84116e-16)
(0 2.33646e-15 -1.16823e-15)
(2.33646e-15 -2.33646e-15 0)
(-2.33646e-15 -3.5047e-15 -1.16823e-15)
(0 -1.16823e-15 1.16823e-15)
(0 -1.16823e-15 -1.75235e-15)
(0 0 0)
(0 -1.16823e-15 -1.16823e-15)
(0 0 1.75235e-15)
(-0.000171145 6.16414e-06 -3.5709e-09)
(-3.57015e-05 1.2955e-06 -2.02998e-09)
(-7.09874e-06 2.57268e-07 -8.1032e-10)
(-1.35416e-06 4.8658e-08 -2.76951e-10)
(-2.49171e-07 8.81937e-09 -8.60397e-11)
(-4.4429e-08 1.5389e-09 -2.50545e-11)
(-7.70851e-09 2.59254e-10 -6.94981e-12)
(-1.30646e-09 4.22094e-11 -1.85749e-12)
(-2.17142e-10 6.62972e-12 -4.8248e-13)
(-3.5547e-11 9.98839e-13 -1.23248e-13)
(-5.76289e-12 1.3902e-13 -2.86217e-14)
(-9.34586e-13 1.5187e-14 -7.00939e-15)
(-1.49534e-13 -2.33646e-15 -1.16823e-15)
(-2.10282e-14 0 0)
(-3.5047e-15 0 5.84116e-16)
(-2.33646e-15 2.33646e-15 5.84116e-16)
(2.33646e-15 0 1.75235e-15)
(2.33646e-15 -2.33646e-15 0)
(-4.67293e-15 -2.33646e-15 5.84116e-16)
(0 0 0)
(-1.16823e-15 0 1.16823e-15)
(1.16823e-15 0 -1.16823e-15)
(4.67293e-15 0 -1.16823e-15)
(0 2.33646e-15 1.16823e-15)
(-4.67293e-15 -2.33646e-15 0)
(-1.16823e-15 0 0)
(-4.67293e-15 0 2.33646e-15)
(4.67293e-15 0 1.75235e-15)
(0 0 0)
(0 0 -5.84116e-16)
(-2.33646e-15 1.16823e-15 0)
(3.5047e-15 0 -1.16823e-15)
(-0.000178476 2.15327e-06 -7.53651e-09)
(-3.73922e-05 3.97745e-07 -2.68594e-09)
(-7.4568e-06 6.51017e-08 -8.86298e-10)
(-1.42472e-06 9.4074e-09 -2.74367e-10)
(-2.62254e-07 1.1517e-09 -8.06781e-11)
(-4.67304e-08 1.00235e-10 -2.26631e-11)
(-8.09421e-09 -1.27688e-12 -6.13906e-12)
(-1.36808e-09 -3.55259e-12 -1.61216e-12)
(-2.26472e-10 -1.20562e-12 -4.13554e-13)
(-3.68624e-11 -3.15423e-13 -1.04557e-13)
(-5.92995e-12 -7.47669e-14 -2.5117e-14)
(-9.49773e-13 -1.63553e-14 -4.67293e-15)
(-1.48365e-13 -2.33646e-15 -1.16823e-15)
(-2.10282e-14 -2.33646e-15 0)
(-4.67293e-15 -2.33646e-15 0)
(0 -2.33646e-15 0)
(0 -1.16823e-15 0)
(0 -2.33646e-15 -5.84116e-16)
(0 2.33646e-15 1.16823e-15)
(-1.16823e-15 0 0)
(0 -2.33646e-15 -1.16823e-15)
(1.16823e-15 1.16823e-15 0)
(4.67293e-15 -2.33646e-15 -1.16823e-15)
(-2.33646e-15 -2.33646e-15 1.75235e-15)
(-2.33646e-15 2.33646e-15 -5.84116e-16)
(-1.16823e-15 0 0)
(0 0 1.16823e-15)
(0 0 5.84116e-16)
(0 1.16823e-15 1.75235e-15)
(1.16823e-15 -1.16823e-15 0)
(0 0 0)
(0 1.16823e-15 0)
(-0.000180909 -9.58307e-07 -9.90113e-09)
(-3.77897e-05 -5.35153e-07 -2.68659e-09)
(-7.48708e-06 -1.65882e-07 -6.89807e-10)
(-1.41811e-06 -4.10657e-08 -1.83078e-10)
(-2.58478e-07 -8.96038e-09 -5.05418e-11)
(-4.5582e-08 -1.79996e-09 -1.40912e-11)
(-7.8123e-09 -3.41085e-10 -3.87386e-12)
(-1.30639e-09 -6.19514e-11 -1.03973e-12)
(-2.13906e-10 -1.09171e-11 -2.72198e-13)
(-3.44185e-11 -1.88669e-12 -7.12622e-14)
(-5.46499e-12 -3.236e-13 -1.69394e-14)
(-8.60987e-13 -5.25704e-14 -3.5047e-15)
(-1.34347e-13 -7.00939e-15 -1.16823e-15)
(-2.10282e-14 0 -1.75235e-15)
(-3.5047e-15 -3.5047e-15 -1.16823e-15)
(0 -1.16823e-15 0)
(0 0 -1.16823e-15)
(2.33646e-15 -1.16823e-15 -2.92058e-15)
(0 -2.33646e-15 -1.75235e-15)
(-3.5047e-15 -1.16823e-15 0)
(0 2.33646e-15 5.84116e-16)
(3.5047e-15 0 0)
(0 0 0)
(0 -2.33646e-15 0)
(1.16823e-15 -2.33646e-15 0)
(-3.5047e-15 0 0)
(-1.16823e-15 -2.33646e-15 0)
(3.5047e-15 -2.33646e-15 -1.16823e-15)
(0 0 0)
(0 1.16823e-15 -1.16823e-15)
(0 0 0)
(0 0 0)
(-0.000181223 -1.07288e-05 -1.01677e-08)
(-3.65998e-05 -3.25281e-06 -2.94889e-09)
(-6.96271e-06 -7.50271e-07 -8.05784e-10)
(-1.2678e-06 -1.52833e-07 -2.08869e-10)
(-2.22988e-07 -2.88931e-08 -5.22965e-11)
(-3.81111e-08 -5.18825e-09 -1.28354e-11)
(-6.3562e-09 -8.96659e-10 -3.11976e-12)
(-1.03791e-09 -1.50455e-10 -7.52926e-13)
(-1.6641e-10 -2.46754e-11 -1.80492e-13)
(-2.62689e-11 -3.98017e-12 -4.32246e-14)
(-4.09349e-12 -6.33182e-13 -9.92997e-15)
(-6.35518e-13 -9.92997e-14 -5.84116e-16)
(-9.81315e-14 -1.75235e-14 -1.16823e-15)
(-1.5187e-14 -3.5047e-15 0)
(-1.16823e-15 2.33646e-15 0)
(1.16823e-15 1.16823e-15 0)
(-1.16823e-15 1.16823e-15 -5.84116e-16)
(-2.33646e-15 0 0)
(0 -1.16823e-15 -1.75235e-15)
(2.33646e-15 0 0)
(1.16823e-15 1.16823e-15 0)
(0 0 0)
(0 0 -1.16823e-15)
(0 0 0)
(-1.16823e-15 0 -5.84116e-16)
(-2.33646e-15 -1.16823e-15 -5.84116e-16)
(-2.33646e-15 0 1.16823e-15)
(4.67293e-15 2.33646e-15 0)
(1.16823e-15 0 5.84116e-16)
(0 0 0)
(0 0 0)
(0 0 0)
(-0.000178454 -6.64327e-05 -7.37393e-09)
(-2.78111e-05 -1.1693e-05 -1.75349e-09)
(-4.38711e-06 -2.02174e-06 -4.2428e-10)
(-6.96735e-07 -3.43192e-07 -1.01124e-10)
(-1.10833e-07 -5.72065e-08 -2.35819e-11)
(-1.75855e-08 -9.37036e-09 -5.41067e-12)
(-2.7745e-09 -1.50985e-09 -1.2319e-12)
(-4.34408e-10 -2.39655e-10 -2.80376e-13)
(-6.74269e-11 -3.75388e-11 -6.25004e-14)
(-1.03762e-11 -5.81663e-12 -1.34347e-14)
(-1.58295e-12 -8.96034e-13 -3.5047e-15)
(-2.42992e-13 -1.37851e-13 5.84116e-16)
(-3.62152e-14 -1.75235e-14 0)
(-5.84116e-15 -2.33646e-15 0)
(0 1.16823e-15 0)
(0 0 0)
(1.16823e-15 0 1.16823e-15)
(-1.16823e-15 1.16823e-15 0)
(0 1.16823e-15 0)
(-2.33646e-15 1.16823e-15 0)
(0 0 -1.16823e-15)
(2.33646e-15 0 0)
(0 0 -1.16823e-15)
(0 0 -1.16823e-15)
(0 0 0)
(-3.5047e-15 1.16823e-15 -1.16823e-15)
(1.16823e-15 5.84116e-15 -5.84116e-16)
(2.33646e-15 1.16823e-15 1.16823e-15)
(0 0 0)
(1.16823e-15 0 0)
(-1.16823e-15 0 0)
(0 0 0)
(-4.2731e-05 3.25918e-05 5.9355e-09)
(-8.59547e-06 6.31863e-06 1.09965e-09)
(-1.65728e-06 1.17933e-06 1.47774e-10)
(-3.0796e-07 2.12955e-07 2.27396e-12)
(-5.54151e-08 3.73632e-08 -7.71559e-12)
(-9.69687e-09 6.39467e-09 -3.7471e-12)
(-1.65663e-09 1.07173e-09 -1.30024e-12)
(-2.77421e-10 1.7661e-10 -3.93694e-13)
(-4.57363e-11 2.8749e-11 -1.1215e-13)
(-7.46033e-12 4.65073e-12 -2.97899e-14)
(-1.21379e-12 7.50005e-13 -6.42528e-15)
(-1.97431e-13 1.25001e-13 -1.16823e-15)
(-3.0374e-14 2.10282e-14 0)
(-8.17763e-15 2.33646e-15 -5.84116e-16)
(-3.5047e-15 -1.16823e-15 0)
(-2.33646e-15 -4.67293e-15 -1.16823e-15)
(2.33646e-15 -5.84116e-15 -5.84116e-16)
(2.33646e-15 -1.16823e-15 0)
(0 -1.16823e-15 5.84116e-16)
(0 -1.16823e-15 0)
(0 0 0)
(-2.33646e-15 -1.16823e-15 0)
(0 -1.16823e-15 -5.84116e-16)
(-2.33646e-15 -1.16823e-15 -5.84116e-16)
(2.33646e-15 -5.84116e-15 -1.16823e-15)
(3.5047e-15 -1.16823e-15 1.16823e-15)
(-1.16823e-15 0 5.84116e-16)
(0 -1.16823e-15 0)
(0 -1.16823e-15 0)
(0 -1.16823e-15 0)
(0 -1.16823e-15 0)
(0 -1.16823e-15 5.84116e-16)
(-0.000111856 2.37947e-05 6.01499e-09)
(-2.2817e-05 4.71763e-06 6.64787e-10)
(-4.4484e-06 8.97204e-07 -7.54082e-11)
(-8.34009e-07 1.6457e-07 -7.98154e-11)
(-1.51145e-07 2.92475e-08 -3.37981e-11)
(-2.65946e-08 5.0562e-09 -1.13611e-11)
(-4.56144e-09 8.53336e-10 -3.40131e-12)
(-7.65553e-10 1.41082e-10 -9.50941e-13)
(-1.26223e-10 2.29336e-11 -2.55843e-13)
(-2.05375e-11 3.6811e-12 -6.71734e-14)
(-3.31544e-12 5.87621e-13 -1.81076e-14)
(-5.33882e-13 9.11221e-14 -4.67293e-15)
(-8.87856e-14 1.5187e-14 -1.75235e-15)
(-1.5187e-14 1.16823e-15 -1.16823e-15)
(-3.5047e-15 0 0)
(-2.33646e-15 2.33646e-15 -1.16823e-15)
(2.33646e-15 2.33646e-15 -1.75235e-15)
(2.33646e-15 0 5.84116e-16)
(0 0 0)
(0 0 5.84116e-16)
(1.16823e-15 1.16823e-15 1.75235e-15)
(0 0 0)
(0 0 0)
(-3.5047e-15 0 0)
(0 2.33646e-15 -1.75235e-15)
(2.33646e-15 0 -1.16823e-15)
(0 0 0)
(0 1.16823e-15 -1.16823e-15)
(0 0 0)
(0 0 -1.16823e-15)
(0 0 -1.16823e-15)
(0 0 0)
(-0.000152363 1.34207e-05 3.57902e-09)
(-3.14929e-05 2.74958e-06 7.67236e-11)
(-6.21034e-06 5.37653e-07 -2.2043e-10)
(-1.17592e-06 1.00949e-07 -1.17144e-10)
(-2.14929e-07 1.829e-08 -4.37199e-11)
(-3.80911e-08 3.21071e-09 -1.40264e-11)
(-6.57175e-09 5.47972e-10 -4.11685e-12)
(-1.10782e-09 9.1184e-11 -1.13961e-12)
(-1.8314e-10 1.48319e-11 -3.02572e-13)
(-2.98074e-11 2.361e-12 -7.88557e-14)
(-4.79793e-12 3.71498e-13 -2.04441e-14)
(-7.71033e-13 5.60751e-14 -4.67293e-15)
(-1.22664e-13 7.00939e-15 -1.16823e-15)
(-2.10282e-14 4.67293e-15 1.16823e-15)
(-3.5047e-15 0 -5.84116e-16)
(0 2.33646e-15 0)
(0 3.5047e-15 0)
(0 -2.33646e-15 -1.16823e-15)
(0 0 -1.16823e-15)
(0 0 -1.16823e-15)
(0 -1.16823e-15 0)
(0 0 0)
(-2.33646e-15 0 -5.84116e-16)
(0 1.16823e-15 0)
(2.33646e-15 2.33646e-15 0)
(1.16823e-15 1.16823e-15 0)
(0 1.16823e-15 0)
(0 3.5047e-15 1.16823e-15)
(-1.16823e-15 1.16823e-15 5.84116e-16)
(0 0 0)
(1.16823e-15 0 0)
(-1.16823e-15 1.16823e-15 1.16823e-15)
(-0.000171157 6.14903e-06 -1.1826e-09)
(-3.57e-05 1.29254e-06 -1.01735e-09)
(-7.09703e-06 2.56765e-07 -4.45927e-10)
(-1.35337e-06 4.8594e-08 -1.58635e-10)
(-2.48883e-07 8.81709e-09 -5.04127e-11)
(-4.43366e-08 1.54131e-09 -1.48979e-11)
(-7.68096e-09 2.6043e-10 -4.17526e-12)
(-1.29869e-09 4.26183e-11 -1.12326e-12)
(-2.15044e-10 6.75121e-12 -2.93226e-13)
(-3.50002e-11 1.03622e-12 -7.35986e-14)
(-5.6227e-12 1.49534e-13 -1.92758e-14)
(-8.96034e-13 1.86917e-14 -3.5047e-15)
(-1.40188e-13 0 0)
(-2.45329e-14 -2.33646e-15 1.16823e-15)
(-3.5047e-15 0 -5.84116e-16)
(1.16823e-15 0 0)
(-1.16823e-15 0 1.16823e-15)
(0 2.33646e-15 -1.75235e-15)
(0 0 -5.84116e-16)
(0 0 0)
(0 0 0)
(0 0 1.16823e-15)
(3.5047e-15 1.16823e-15 0)
(-2.33646e-15 2.33646e-15 0)
(0 0 -5.84116e-16)
(2.33646e-15 -1.16823e-15 5.84116e-16)
(2.33646e-15 2.33646e-15 1.75235e-15)
(0 0 2.92058e-15)
(-4.67293e-15 3.5047e-15 1.75235e-15)
(-1.16823e-15 0 0)
(0 0 1.16823e-15)
(0 0 1.16823e-15)
(-0.000178459 2.14363e-06 -3.97587e-09)
(-3.73852e-05 3.96896e-07 -1.40698e-09)
(-7.45428e-06 6.53617e-08 -4.72002e-10)
(-1.42386e-06 9.57242e-09 -1.49114e-10)
(-2.61981e-07 1.21038e-09 -4.48572e-11)
(-4.66477e-08 1.17581e-10 -1.28225e-11)
(-8.07044e-09 3.42058e-12 -3.52748e-12)
(-1.36151e-09 -2.34114e-12 -9.36338e-13)
(-2.24725e-10 -9.03043e-13 -2.41824e-13)
(-3.64091e-11 -2.47665e-13 -6.19163e-14)
(-5.81079e-12 -5.95798e-14 -1.40188e-14)
(-9.20567e-13 -1.16823e-14 -2.92058e-15)
(-1.43693e-13 -1.16823e-15 -5.84116e-16)
(-2.10282e-14 0 0)
(-3.5047e-15 0 0)
(0 0 0)
(0 -1.16823e-15 0)
(0 0 0)
(0 -2.33646e-15 0)
(0 0 0)
(0 0 1.16823e-15)
(0 0 0)
(3.5047e-15 -1.16823e-15 0)
(-2.33646e-15 -3.5047e-15 0)
(-1.16823e-15 0 0)
(1.16823e-15 0 0)
(2.33646e-15 -3.5047e-15 5.84116e-16)
(2.33646e-15 -4.67293e-15 1.16823e-15)
(-2.33646e-15 -1.16823e-15 1.75235e-15)
(-2.33646e-15 0 0)
(2.33646e-15 0 5.84116e-16)
(-3.5047e-15 0 1.16823e-15)
(-0.000180878 -9.6281e-07 -6.00337e-09)
(-3.77783e-05 -5.36022e-07 -1.44175e-09)
(-7.48435e-06 -1.65964e-07 -3.15933e-10)
(-1.41752e-06 -4.10338e-08 -7.61238e-11)
(-2.58338e-07 -8.93637e-09 -2.10702e-11)
(-4.55435e-08 -1.7901e-09 -6.22551e-12)
(-7.80088e-09 -3.37777e-10 -1.82887e-12)
(-1.30302e-09 -6.09654e-11 -5.18695e-13)
(-2.12948e-10 -1.06426e-11 -1.42524e-13)
(-3.41544e-11 -1.81543e-12 -3.91358e-14)
(-5.39022e-12 -3.08413e-13 -1.16823e-14)
(-8.37622e-13 -4.90658e-14 -2.33646e-15)
(-1.30842e-13 -8.17763e-15 1.16823e-15)
(-1.86917e-14 -3.5047e-15 1.16823e-15)
(-3.5047e-15 0 1.16823e-15)
(-2.33646e-15 0 1.16823e-15)
(0 0 1.16823e-15)
(0 0 0)
(0 -2.33646e-15 -1.16823e-15)
(0 0 0)
(0 0 1.16823e-15)
(0 0 0)
(0 0 0)
(-2.33646e-15 -2.33646e-15 -1.16823e-15)
(0 -4.67293e-15 -1.16823e-15)
(2.33646e-15 0 0)
(0 0 1.16823e-15)
(-2.33646e-15 -2.33646e-15 0)
(2.33646e-15 -3.5047e-15 0)
(-2.33646e-15 -2.33646e-15 0)
(0 -2.33646e-15 -1.16823e-15)
(2.33646e-15 -1.16823e-15 0)
(-0.000181183 -1.07263e-05 -6.22694e-09)
(-3.65884e-05 -3.25216e-06 -1.84158e-09)
(-6.95929e-06 -7.50175e-07 -5.12895e-10)
(-1.26684e-06 -1.52807e-07 -1.3316e-10)
(-2.22738e-07 -2.88801e-08 -3.28524e-11)
(-3.80491e-08 -5.18236e-09 -7.88849e-12)
(-6.34131e-09 -8.94471e-10 -1.87209e-12)
(-1.03437e-09 -1.4975e-10 -4.43928e-13)
(-1.65575e-10 -2.44628e-11 -1.04557e-13)
(-2.60738e-11 -3.92059e-12 -2.62852e-14)
(-4.04325e-12 -6.17995e-13 -7.59351e-15)
(-6.20331e-13 -9.81315e-14 -1.75235e-15)
(-9.5795e-14 -1.75235e-14 0)
(-1.40188e-14 -3.5047e-15 -1.16823e-15)
(-1.16823e-15 0 5.84116e-16)
(0 0 0)
(0 0 0)
(-2.33646e-15 0 5.84116e-16)
(0 2.33646e-15 0)
(2.33646e-15 0 5.84116e-16)
(0 0 0)
(-2.33646e-15 0 -5.84116e-16)
(2.33646e-15 -2.33646e-15 0)
(-2.33646e-15 2.33646e-15 -5.84116e-16)
(0 2.33646e-15 -1.16823e-15)
(2.33646e-15 0 5.84116e-16)
(0 0 5.84116e-16)
(0 2.33646e-15 5.84116e-16)
(0 0 0)
(-2.33646e-15 0 -5.84116e-16)
(0 0 -5.84116e-16)
(2.33646e-15 0 0)
(-0.000178412 -6.64107e-05 -4.74836e-09)
(-2.78022e-05 -1.16871e-05 -1.11649e-09)
(-4.385e-06 -2.02018e-06 -2.67741e-10)
(-6.96229e-07 -3.42799e-07 -6.31833e-11)
(-1.10713e-07 -5.71117e-08 -1.45445e-11)
(-1.75579e-08 -9.34802e-09 -3.28215e-12)
(-2.76827e-09 -1.50464e-09 -7.34818e-13)
(-4.33009e-10 -2.38439e-10 -1.64137e-13)
(-6.71196e-11 -3.72584e-11 -3.5047e-14)
(-1.03085e-11 -5.74537e-12 -9.34586e-15)
(-1.5666e-12 -8.73838e-13 -2.92058e-15)
(-2.39488e-13 -1.33178e-13 -5.84116e-16)
(-3.62152e-14 -1.63553e-14 -1.16823e-15)
(-3.5047e-15 0 0)
(0 0 0)
(0 0 0)
(0 0 -1.16823e-15)
(0 0 0)
(0 2.33646e-15 0)
(0 0 0)
(0 0 1.16823e-15)
(-2.33646e-15 0 0)
(0 2.33646e-15 -5.84116e-16)
(2.33646e-15 0 0)
(0 2.33646e-15 0)
(0 0 1.16823e-15)
(0 0 1.75235e-15)
(0 0 -1.16823e-15)
(0 0 0)
(-2.33646e-15 2.33646e-15 -1.16823e-15)
(0 2.33646e-15 -1.16823e-15)
(2.33646e-15 0 0)
(-1.27689 5.04172e-06 4.38419e-09)
(-0.819962 9.27164e-06 1.60418e-08)
(-0.386081 7.53866e-06 1.04445e-08)
(-0.146013 4.26338e-06 -1.35485e-09)
(-0.0469779 1.77267e-06 -7.09401e-09)
(-0.0133564 -2.51816e-07 -6.56871e-09)
(-0.00347318 -5.47553e-06 -3.7954e-09)
(-0.00100572 -3.22329e-05 -1.32599e-09)
(-1.27689 9.57965e-07 4.68717e-09)
(-0.819961 1.80826e-06 1.61312e-08)
(-0.386082 1.52681e-06 1.02756e-08)
(-0.146014 8.93244e-07 -1.56566e-09)
(-0.0469788 3.54324e-07 -7.2104e-09)
(-0.0133579 -1.84083e-07 -6.5371e-09)
(-0.00347678 -1.40288e-06 -3.92177e-09)
(-0.00100081 -4.23522e-06 -1.27777e-09)
(-1.27689 1.82617e-07 4.79856e-09)
(-0.819961 3.50325e-07 1.61475e-08)
(-0.386082 3.04481e-07 1.02045e-08)
(-0.146014 1.82573e-07 -1.65225e-09)
(-0.046979 6.85203e-08 -7.28869e-09)
(-0.0133582 -5.31947e-08 -6.62935e-09)
(-0.00347723 -2.78309e-07 -3.94137e-09)
(-0.00100008 -5.55736e-07 -1.26253e-09)
(-1.27689 3.59797e-08 4.81568e-09)
(-0.819961 6.87807e-08 1.61442e-08)
(-0.386082 6.10013e-08 1.01814e-08)
(-0.146014 3.78132e-08 -1.6763e-09)
(-0.0469791 1.53824e-08 -7.30028e-09)
(-0.0133582 -6.75521e-09 -6.63421e-09)
(-0.00347728 -3.74947e-08 -3.93883e-09)
(-0.000999976 -6.25629e-08 -1.26331e-09)
(-1.27689 7.25646e-09 4.82228e-09)
(-0.819961 1.39163e-08 1.61438e-08)
(-0.386082 1.30319e-08 1.01756e-08)
(-0.146014 1.01371e-08 -1.67964e-09)
(-0.0469791 1.10532e-08 -7.29088e-09)
(-0.0133582 2.25825e-08 -6.61744e-09)
(-0.00347728 4.7662e-08 -3.90614e-09)
(-0.00099998 6.68304e-08 -1.16948e-09)
(-1.27689 1.61432e-09 4.82335e-09)
(-0.819961 3.2787e-09 1.61444e-08)
(-0.386082 4.29225e-09 1.01764e-08)
(-0.146014 8.27117e-09 -1.6647e-09)
(-0.046979 2.6611e-08 -7.2593e-09)
(-0.0133582 9.46559e-08 -6.54435e-09)
(-0.00347724 2.97346e-07 -3.73252e-09)
(-0.00100009 5.63994e-07 -1.27499e-09)
(-1.27689 4.68305e-10 4.82425e-09)
(-0.819961 1.39177e-09 1.61462e-08)
(-0.386082 3.9619e-09 1.01845e-08)
(-0.146014 1.62711e-08 -1.64207e-09)
(-0.046979 7.7329e-08 -7.21756e-09)
(-0.0133579 3.59472e-07 -6.503e-09)
(-0.00347681 1.47064e-06 -3.94725e-09)
(-0.00100084 4.25536e-06 -1.13193e-09)
(-1.27689 2.76441e-10 4.82507e-09)
(-0.819961 1.28305e-09 1.61479e-08)
(-0.386082 5.79363e-09 1.01962e-08)
(-0.146014 3.07609e-08 -1.62533e-09)
(-0.0469787 1.74234e-07 -7.21895e-09)
(-0.0133568 1.00169e-06 -6.50234e-09)
(-0.00347334 5.72575e-06 -3.59141e-09)
(-0.00100582 3.23141e-05 -1.16273e-09)
(-1.27689 5.04571e-06 -6.16108e-08)
(-0.819962 9.2732e-06 -1.7359e-07)
(-0.386081 7.53762e-06 -2.24562e-07)
(-0.146013 4.26177e-06 -2.03403e-07)
(-0.046978 1.77148e-06 -1.4106e-07)
(-0.0133564 -2.52387e-07 -7.87287e-08)
(-0.00347317 -5.47551e-06 -3.56896e-08)
(-0.00100571 -3.22321e-05 -1.03911e-08)
(-1.27689 9.58793e-07 -6.43552e-08)
(-0.819961 1.80847e-06 -1.7994e-07)
(-0.386082 1.52633e-06 -2.30611e-07)
(-0.146014 8.92649e-07 -2.07337e-07)
(-0.0469788 3.53935e-07 -1.43004e-07)
(-0.0133579 -1.84204e-07 -7.93626e-08)
(-0.00347677 -1.40317e-06 -3.58446e-08)
(-0.0010008 -4.23509e-06 -9.84306e-09)
(-1.27689 1.82874e-07 -6.51397e-08)
(-0.819961 3.50351e-07 -1.8178e-07)
(-0.386082 3.04292e-07 -2.32414e-07)
(-0.146014 1.82352e-07 -2.08545e-07)
(-0.046979 6.83406e-08 -1.4364e-07)
(-0.0133582 -5.33889e-08 -7.9636e-08)
(-0.00347722 -2.78343e-07 -3.58183e-08)
(-0.00100007 -5.55707e-07 -9.76318e-09)
(-1.27689 3.60271e-08 -6.53622e-08)
(-0.819961 6.87733e-08 -1.8231e-07)
(-0.386082 6.09436e-08 -2.3294e-07)
(-0.146014 3.77585e-08 -2.08903e-07)
(-0.0469791 1.5378e-08 -1.43819e-07)
(-0.0133582 -6.73138e-09 -7.97022e-08)
(-0.00347727 -3.74242e-08 -3.58107e-08)
(-0.000999966 -6.23768e-08 -9.73942e-09)
(-1.27689 7.2718e-09 -6.54206e-08)
(-0.819961 1.39166e-08 -1.82451e-07)
(-0.386082 1.30219e-08 -2.33083e-07)
(-0.146014 1.01603e-08 -2.09001e-07)
(-0.0469791 1.11352e-08 -1.43865e-07)
(-0.0133582 2.27623e-08 -7.97202e-08)
(-0.00347727 4.80746e-08 -3.5799e-08)
(-0.00099997 6.6807e-08 -9.64871e-09)
(-1.27689 1.61825e-09 -6.54361e-08)
(-0.819961 3.28367e-09 -1.82488e-07)
(-0.386082 4.31011e-09 -2.33122e-07)
(-0.146014 8.34631e-09 -2.09019e-07)
(-0.0469791 2.67576e-08 -1.43874e-07)
(-0.0133582 9.48848e-08 -7.96991e-08)
(-0.00347723 2.97263e-07 -3.57054e-08)
(-0.00100008 5.64069e-07 -9.8665e-09)
(-1.27689 4.71741e-10 -6.54398e-08)
(-0.819961 1.39888e-09 -1.82497e-07)
(-0.386082 4.00135e-09 -2.33129e-07)
(-0.146014 1.63498e-08 -2.09024e-07)
(-0.046979 7.74097e-08 -1.43888e-07)
(-0.0133579 3.59556e-07 -7.97765e-08)
(-0.0034768 1.47093e-06 -3.61388e-08)
(-0.00100083 4.25558e-06 -9.82758e-09)
(-1.27689 2.79408e-10 -6.54406e-08)
(-0.819961 1.29754e-09 -1.82501e-07)
(-0.386082 5.84065e-09 -2.33128e-07)
(-0.146014 3.08455e-08 -2.09043e-07)
(-0.0469787 1.74381e-07 -1.43968e-07)
(-0.0133568 1.00193e-06 -7.99523e-08)
(-0.00347333 5.72587e-06 -3.61962e-08)
(-0.00100581 3.23122e-05 -1.06702e-08)
(-1.27689 5.01896e-06 -1.94141e-07)
(-0.819962 9.21981e-06 -5.9164e-07)
(-0.386081 7.48993e-06 -7.37788e-07)
(-0.146013 4.23208e-06 -6.28157e-07)
(-0.0469777 1.75707e-06 -4.10048e-07)
(-0.0133562 -2.57533e-07 -2.17037e-07)
(-0.00347304 -5.47523e-06 -9.4538e-08)
(-0.00100563 -3.22259e-05 -2.59997e-08)
(-1.27689 9.50907e-07 -2.13267e-07)
(-0.819962 1.79188e-06 -6.24489e-07)
(-0.386082 1.51111e-06 -7.64915e-07)
(-0.146014 8.82959e-07 -6.44252e-07)
(-0.0469786 3.49165e-07 -4.17671e-07)
(-0.0133577 -1.85898e-07 -2.19925e-07)
(-0.00347664 -1.40314e-06 -9.42083e-08)
(-0.00100072 -4.23396e-06 -2.48612e-08)
(-1.27689 1.80603e-07 -2.18364e-07)
(-0.819961 3.45585e-07 -6.33754e-07)
(-0.386082 2.99823e-07 -7.72848e-07)
(-0.146014 1.79441e-07 -6.49088e-07)
(-0.0469788 6.6889e-08 -4.19925e-07)
(-0.0133579 -5.38739e-08 -2.2057e-07)
(-0.00347709 -2.78241e-07 -9.42998e-08)
(-0.000999989 -5.55529e-07 -2.45863e-08)
(-1.27689 3.54178e-08 -2.19833e-07)
(-0.819961 6.744e-08 -6.36403e-07)
(-0.386082 5.96629e-08 -7.75138e-07)
(-0.146014 3.69014e-08 -6.50504e-07)
(-0.0469788 1.49311e-08 -4.20611e-07)
(-0.013358 -6.92371e-09 -2.20758e-07)
(-0.00347714 -3.7456e-08 -9.41886e-08)
(-0.000999885 -6.2334e-08 -2.45037e-08)
(-1.27689 7.1087e-09 -2.202e-07)
(-0.819961 1.35601e-08 -6.37095e-07)
(-0.386082 1.26675e-08 -7.75761e-07)
(-0.146014 9.90518e-09 -6.50916e-07)
(-0.0469788 1.09434e-08 -4.20864e-07)
(-0.013358 2.25887e-08 -2.20913e-07)
(-0.00347714 4.78725e-08 -9.43328e-08)
(-0.000999889 6.65762e-08 -2.48025e-08)
(-1.27689 1.57584e-09 -2.20299e-07)
(-0.819961 3.18512e-09 -6.37286e-07)
(-0.386082 4.19988e-09 -7.75943e-07)
(-0.146014 8.2262e-09 -6.51094e-07)
(-0.0469788 2.65651e-08 -4.2107e-07)
(-0.013358 9.45433e-08 -2.21295e-07)
(-0.0034771 2.96666e-07 -9.5131e-08)
(-0.000999999 5.63637e-07 -2.48384e-08)
(-1.27689 4.59433e-10 -2.20326e-07)
(-0.819961 1.36531e-09 -6.37343e-07)
(-0.386082 3.95069e-09 -7.76027e-07)
(-0.146014 1.62235e-08 -6.51241e-07)
(-0.0469787 7.71416e-08 -4.2136e-07)
(-0.0133577 3.58965e-07 -2.21824e-07)
(-0.00347667 1.46966e-06 -9.52911e-08)
(-0.00100075 4.25375e-06 -2.57867e-08)
(-1.27689 2.73934e-10 -2.20335e-07)
(-0.819961 1.27944e-09 -6.37367e-07)
(-0.386082 5.78742e-09 -7.76098e-07)
(-0.146014 3.06949e-08 -6.51378e-07)
(-0.0469784 1.73986e-07 -4.21624e-07)
(-0.0133566 1.00082e-06 -2.22534e-07)
(-0.0034732 5.72291e-06 -9.77941e-08)
(-0.00100572 3.23043e-05 -2.82102e-08)
(-1.27689 4.88946e-06 -1.28146e-07)
(-0.819963 9.00194e-06 -4.02009e-07)
(-0.386081 7.31498e-06 -5.02781e-07)
(-0.146013 4.13125e-06 -4.26109e-07)
(-0.0469771 1.71098e-06 -2.76082e-07)
(-0.0133558 -2.74004e-07 -1.44877e-07)
(-0.00347278 -5.47665e-06 -6.26438e-08)
(-0.00100547 -3.22151e-05 -1.69346e-08)
(-1.27689 9.10347e-07 -1.44225e-07)
(-0.819962 1.72425e-06 -4.28418e-07)
(-0.386082 1.45621e-06 -5.24028e-07)
(-0.146014 8.50787e-07 -4.38481e-07)
(-0.046978 3.34179e-07 -2.81878e-07)
(-0.0133572 -1.91272e-07 -1.471e-07)
(-0.00347638 -1.4027e-06 -6.22855e-08)
(-0.00100056 -4.23226e-06 -1.62959e-08)
(-1.27689 1.69741e-07 -1.48426e-07)
(-0.819962 3.26524e-07 -4.35826e-07)
(-0.386082 2.83845e-07 -5.30229e-07)
(-0.146014 1.69848e-07 -4.42195e-07)
(-0.0469782 6.2461e-08 -2.83574e-07)
(-0.0133575 -5.50556e-08 -1.47564e-07)
(-0.00347683 -2.78304e-07 -6.24229e-08)
(-0.000999832 -5.54992e-07 -1.60856e-08)
(-1.27689 3.23559e-08 -1.49655e-07)
(-0.819962 6.20905e-08 -4.37949e-07)
(-0.386082 5.51175e-08 -5.32017e-07)
(-0.146014 3.41032e-08 -4.43278e-07)
(-0.0469782 1.35007e-08 -2.84092e-07)
(-0.0133576 -7.41695e-09 -1.4769e-07)
(-0.00347688 -3.749e-08 -6.23167e-08)
(-0.000999728 -6.28092e-08 -1.60275e-08)
(-1.27689 6.33979e-09 -1.49957e-07)
(-0.819962 1.21494e-08 -4.38501e-07)
(-0.386082 1.14126e-08 -5.32502e-07)
(-0.146014 8.98035e-09 -4.43594e-07)
(-0.0469782 1.02166e-08 -2.8429e-07)
(-0.0133576 2.16894e-08 -1.4781e-07)
(-0.00347688 4.61898e-08 -6.24399e-08)
(-0.000999732 6.61376e-08 -1.63232e-08)
(-1.27689 1.36658e-09 -1.5004e-07)
(-0.819962 2.78871e-09 -4.38654e-07)
(-0.386082 3.77757e-09 -5.32644e-07)
(-0.146014 7.69626e-09 -4.4374e-07)
(-0.0469782 2.57658e-08 -2.84455e-07)
(-0.0133575 9.30625e-08 -1.4814e-07)
(-0.00347683 2.95347e-07 -6.31581e-08)
(-0.000999841 5.62101e-07 -1.62468e-08)
(-1.27689 3.99554e-10 -1.50061e-07)
(-0.819962 1.23673e-09 -4.38699e-07)
(-0.386082 3.69093e-09 -5.32713e-07)
(-0.146014 1.57811e-08 -4.43859e-07)
(-0.0469781 7.63015e-08 -2.84689e-07)
(-0.0133573 3.57077e-07 -1.48551e-07)
(-0.00347641 1.4656e-06 -6.30996e-08)
(-0.00100059 4.24884e-06 -1.7091e-08)
(-1.27689 2.48843e-10 -1.5007e-07)
(-0.819962 1.19054e-09 -4.38718e-07)
(-0.386082 5.55566e-09 -5.32774e-07)
(-0.146014 3.01639e-08 -4.43961e-07)
(-0.0469779 1.72627e-07 -2.84875e-07)
(-0.0133561 9.97527e-07 -1.49084e-07)
(-0.00347294 5.71551e-06 -6.51894e-08)
(-0.00100555 3.22908e-05 -1.87027e-08)
(-1.27689 2.09637e-10 4.82573e-09)
(-0.819961 1.12281e-09 1.61535e-08)
(-0.386082 5.61885e-09 1.0208e-08)
(-0.146014 3.09046e-08 -1.59979e-09)
(-0.046978 1.77762e-07 -7.14417e-09)
(-0.0133524 1.03602e-06 -6.38293e-09)
(-0.0034455 6.00491e-06 -3.88998e-09)
(-0.000827257 3.42456e-05 -2.10886e-09)
(-1.27689 1.22956e-10 4.82611e-09)
(-0.819961 6.86047e-10 1.61548e-08)
(-0.386082 3.25108e-09 1.02118e-08)
(-0.146014 1.64338e-08 -1.60001e-09)
(-0.0469777 8.43751e-08 -7.18424e-09)
(-0.013351 4.17007e-07 -6.57419e-09)
(-0.00344013 1.86554e-06 -4.16752e-09)
(-0.000819305 6.75974e-06 -2.02191e-09)
(-1.27689 5.94326e-11 4.82634e-09)
(-0.819961 3.21582e-10 1.61561e-08)
(-0.386082 1.43438e-09 1.02157e-08)
(-0.146014 6.57364e-09 -1.59092e-09)
(-0.0469776 2.95939e-08 -7.15429e-09)
(-0.0133506 1.22817e-07 -6.47434e-09)
(-0.00343916 4.46894e-07 -3.99396e-09)
(-0.000818109 1.25687e-06 -1.98674e-09)
(-1.27689 6.56313e-12 4.82637e-09)
(-0.819961 4.31288e-11 1.61561e-08)
(-0.386082 2.3395e-10 1.02158e-08)
(-0.146014 1.16777e-09 -1.59174e-09)
(-0.0469776 5.66345e-09 -7.16048e-09)
(-0.0133505 2.24881e-08 -6.48079e-09)
(-0.003439 7.24305e-08 -3.99943e-09)
(-0.000817939 1.78614e-07 -2.00902e-09)
(-1.27689 -3.94465e-11 4.82628e-09)
(-0.819961 -1.82861e-10 1.61557e-08)
(-0.386082 -7.09674e-10 1.02144e-08)
(-0.146014 -2.48773e-09 -1.59615e-09)
(-0.0469776 -8.81758e-09 -7.17513e-09)
(-0.0133505 -3.04252e-08 -6.50235e-09)
(-0.003439 -8.73339e-08 -4.03575e-09)
(-0.000817937 -1.94942e-07 -2.16075e-09)
(-1.27689 -9.54352e-11 4.82605e-09)
(-0.819961 -4.70363e-10 1.61544e-08)
(-0.386082 -1.90264e-09 1.02113e-08)
(-0.146014 -7.62226e-09 -1.61336e-09)
(-0.0469776 -3.16572e-08 -7.20875e-09)
(-0.0133506 -1.25713e-07 -6.58029e-09)
(-0.00343916 -4.47929e-07 -4.32024e-09)
(-0.000818109 -1.25321e-06 -2.46868e-09)
(-1.27689 -1.66679e-10 4.82547e-09)
(-0.819961 -8.65074e-10 1.61522e-08)
(-0.386082 -3.66368e-09 1.02024e-08)
(-0.146014 -1.72841e-08 -1.63706e-09)
(-0.0469777 -8.60799e-08 -7.25374e-09)
(-0.013351 -4.18014e-07 -6.6643e-09)
(-0.00344013 -1.86189e-06 -4.17732e-09)
(-0.0008193 -6.76029e-06 -1.85919e-09)
(-1.27689 -2.9549e-10 4.82458e-09)
(-0.819961 -1.35487e-09 1.61503e-08)
(-0.386082 -5.95502e-09 1.01908e-08)
(-0.146014 -3.14613e-08 -1.65174e-09)
(-0.046978 -1.79e-07 -7.23973e-09)
(-0.0133524 -1.03857e-06 -6.57484e-09)
(-0.0034455 -6.00946e-06 -4.07461e-09)
(-0.000827253 -3.42485e-05 -1.71935e-09)
(-1.27689 2.11709e-10 -6.54411e-08)
(-0.819961 1.13656e-09 -1.82499e-07)
(-0.386082 5.65013e-09 -2.33132e-07)
(-0.146014 3.09552e-08 -2.09057e-07)
(-0.046978 1.77831e-07 -1.44012e-07)
(-0.0133524 1.03587e-06 -8.02121e-08)
(-0.00344549 6.00376e-06 -3.75614e-08)
(-0.000827251 3.42439e-05 -1.47453e-08)
(-1.27689 1.24183e-10 -6.54413e-08)
(-0.819961 6.91215e-10 -1.82501e-07)
(-0.386082 3.26643e-09 -2.33137e-07)
(-0.146014 1.64516e-08 -2.09083e-07)
(-0.0469777 8.43549e-08 -1.44119e-07)
(-0.0133509 4.16824e-07 -8.05608e-08)
(-0.00344012 1.86533e-06 -3.81912e-08)
(-0.000819298 6.75999e-06 -1.54793e-08)
(-1.27689 5.9956e-11 -6.54414e-08)
(-0.819961 3.24189e-10 -1.82501e-07)
(-0.386082 1.44238e-09 -2.33138e-07)
(-0.146014 6.5902e-09 -2.09091e-07)
(-0.0469776 2.96414e-08 -1.44129e-07)
(-0.0133506 1.23003e-07 -8.05683e-08)
(-0.00343915 4.4723e-07 -3.82626e-08)
(-0.000818103 1.2569e-06 -1.58611e-08)
(-1.27689 6.43229e-12 -6.54416e-08)
(-0.819961 4.24302e-11 -1.82501e-07)
(-0.386082 2.31312e-10 -2.3314e-07)
(-0.146014 1.15729e-09 -2.09097e-07)
(-0.0469776 5.62178e-09 -1.44149e-07)
(-0.0133505 2.24321e-08 -8.06044e-08)
(-0.00343899 7.23469e-08 -3.83385e-08)
(-0.000817933 1.78266e-07 -1.60044e-08)
(-1.27689 -4.00867e-11 -6.54416e-08)
(-0.819961 -1.86347e-10 -1.82502e-07)
(-0.386082 -7.18674e-10 -2.33141e-07)
(-0.146014 -2.53097e-09 -2.091e-07)
(-0.0469776 -8.9141e-09 -1.44159e-07)
(-0.0133505 -3.06242e-08 -8.06123e-08)
(-0.00343899 -8.79756e-08 -3.83508e-08)
(-0.000817931 -1.95862e-07 -1.61243e-08)
(-1.27689 -9.7038e-11 -6.54417e-08)
(-0.819961 -4.77412e-10 -1.82502e-07)
(-0.386082 -1.92655e-09 -2.33141e-07)
(-0.146014 -7.70407e-09 -2.0911e-07)
(-0.0469776 -3.18144e-08 -1.44163e-07)
(-0.0133506 -1.26037e-07 -8.06286e-08)
(-0.00343915 -4.48212e-07 -3.85038e-08)
(-0.000818102 -1.2526e-06 -1.61181e-08)
(-1.27689 -1.69616e-10 -6.54418e-08)
(-0.819961 -8.73216e-10 -1.82502e-07)
(-0.386082 -3.70473e-09 -2.33144e-07)
(-0.146014 -1.73609e-08 -2.09111e-07)
(-0.0469777 -8.61418e-08 -1.44148e-07)
(-0.013351 -4.18003e-07 -8.05643e-08)
(-0.00344012 -1.8614e-06 -3.79934e-08)
(-0.000819293 -6.7588e-06 -1.49496e-08)
(-1.27689 -2.99509e-10 -6.54421e-08)
(-0.819961 -1.37204e-09 -1.82501e-07)
(-0.386082 -6.00441e-09 -2.33147e-07)
(-0.146014 -3.15433e-08 -2.09091e-07)
(-0.046978 -1.79127e-07 -1.44054e-07)
(-0.0133524 -1.03861e-06 -8.02838e-08)
(-0.00344549 -6.0088e-06 -3.74059e-08)
(-0.000827246 -3.42475e-05 -1.37847e-08)
(-1.27689 2.0816e-10 -2.20341e-07)
(-0.819961 1.12407e-09 -6.37396e-07)
(-0.386082 5.60081e-09 -7.76169e-07)
(-0.146014 3.0823e-08 -6.51581e-07)
(-0.0469777 1.7746e-07 -4.22237e-07)
(-0.0133522 1.0348e-06 -2.24027e-07)
(-0.00344537 6.00092e-06 -1.00469e-07)
(-0.000827189 3.4236e-05 -3.64674e-08)
(-1.27689 1.22253e-10 -2.20344e-07)
(-0.819961 6.82832e-10 -6.37409e-07)
(-0.386082 3.2391e-09 -7.7621e-07)
(-0.146014 1.63654e-08 -6.51671e-07)
(-0.0469774 8.4142e-08 -4.22383e-07)
(-0.0133507 4.16295e-07 -2.24202e-07)
(-0.00344 1.86413e-06 -1.01177e-07)
(-0.00081924 6.75751e-06 -3.93361e-08)
(-1.27689 5.89163e-11 -2.20346e-07)
(-0.819961 3.19841e-10 -6.37418e-07)
(-0.386082 1.4277e-09 -7.7624e-07)
(-0.146014 6.54563e-09 -6.51746e-07)
(-0.0469773 2.95325e-08 -4.22598e-07)
(-0.0133504 1.22729e-07 -2.24746e-07)
(-0.00343903 4.46599e-07 -1.02064e-07)
(-0.000818045 1.25582e-06 -4.0228e-08)
(-1.27689 6.19864e-12 -2.20347e-07)
(-0.819961 4.14115e-11 -6.37421e-07)
(-0.386082 2.28361e-10 -7.76249e-07)
(-0.146014 1.1483e-09 -6.51771e-07)
(-0.0469773 5.60258e-09 -4.22649e-07)
(-0.0133503 2.24001e-08 -2.24918e-07)
(-0.00343887 7.22541e-08 -1.02499e-07)
(-0.000817874 1.78087e-07 -4.08981e-08)
(-1.27689 -3.96475e-11 -2.20346e-07)
(-0.819961 -1.84443e-10 -6.3742e-07)
(-0.386082 -7.11516e-10 -7.76245e-07)
(-0.146014 -2.51276e-09 -6.51758e-07)
(-0.0469773 -8.8437e-09 -4.22601e-07)
(-0.0133503 -3.04735e-08 -2.24838e-07)
(-0.00343887 -8.76644e-08 -1.02336e-07)
(-0.000817873 -1.9517e-07 -4.03054e-08)
(-1.27689 -9.58207e-11 -2.20345e-07)
(-0.819961 -4.71678e-10 -6.37414e-07)
(-0.386082 -1.90796e-09 -7.76229e-07)
(-0.146014 -7.64373e-09 -6.51684e-07)
(-0.0469774 -3.16351e-08 -4.22435e-07)
(-0.0133504 -1.25617e-07 -2.244e-07)
(-0.00343903 -4.47214e-07 -1.00975e-07)
(-0.000818043 -1.25086e-06 -3.83883e-08)
(-1.27689 -1.67592e-10 -2.20343e-07)
(-0.819961 -8.62562e-10 -6.37402e-07)
(-0.386082 -3.67622e-09 -7.76185e-07)
(-0.146014 -1.72463e-08 -6.51558e-07)
(-0.0469774 -8.58626e-08 -4.22122e-07)
(-0.0133507 -4.17325e-07 -2.23629e-07)
(-0.00344 -1.85969e-06 -1.00068e-07)
(-0.000819234 -6.75563e-06 -3.79509e-08)
(-1.27689 -2.95813e-10 -2.20338e-07)
(-0.819961 -1.35807e-09 -6.37388e-07)
(-0.386082 -5.95514e-09 -7.76124e-07)
(-0.146014 -3.13948e-08 -6.5143e-07)
(-0.0469778 -1.78732e-07 -4.21881e-07)
(-0.0133522 -1.03748e-06 -2.23078e-07)
(-0.00344537 -6.00584e-06 -9.86184e-08)
(-0.000827185 -3.42397e-05 -3.49396e-08)
(-1.27689 1.94581e-10 -1.50074e-07)
(-0.819962 1.05304e-09 -4.38744e-07)
(-0.386082 5.42549e-09 -5.32829e-07)
(-0.146014 3.03697e-08 -4.44125e-07)
(-0.0469772 1.76313e-07 -2.85369e-07)
(-0.0133517 1.03253e-06 -1.50198e-07)
(-0.00344512 5.99699e-06 -6.67979e-08)
(-0.000827068 3.42216e-05 -2.3831e-08)
(-1.27689 1.13942e-10 -1.50077e-07)
(-0.819962 6.48119e-10 -4.38754e-07)
(-0.386082 3.12589e-09 -5.32862e-07)
(-0.146014 1.61215e-08 -4.44188e-07)
(-0.0469769 8.36341e-08 -2.85449e-07)
(-0.0133503 4.15386e-07 -1.50216e-07)
(-0.00343975 1.86214e-06 -6.71532e-08)
(-0.000819121 6.75246e-06 -2.58787e-08)
(-1.27689 5.47878e-11 -1.50078e-07)
(-0.819962 3.00986e-10 -4.38761e-07)
(-0.386082 1.36564e-09 -5.32886e-07)
(-0.146014 6.39031e-09 -4.44247e-07)
(-0.0469768 2.91091e-08 -2.85623e-07)
(-0.01335 1.21572e-07 -1.50652e-07)
(-0.00343878 4.44585e-07 -6.77956e-08)
(-0.000817927 1.25377e-06 -2.63537e-08)
(-1.27689 5.56546e-12 -1.50079e-07)
(-0.819962 3.90563e-11 -4.38763e-07)
(-0.386082 2.21151e-10 -5.32893e-07)
(-0.146013 1.13468e-09 -4.44266e-07)
(-0.0469767 5.61456e-09 -2.8566e-07)
(-0.0133499 2.22487e-08 -1.50795e-07)
(-0.00343862 7.18026e-08 -6.81602e-08)
(-0.000817757 1.78111e-07 -2.69027e-08)
(-1.27689 -3.74372e-11 -1.50078e-07)
(-0.819962 -1.72104e-10 -4.38762e-07)
(-0.386082 -6.78451e-10 -5.32889e-07)
(-0.146013 -2.35709e-09 -4.44253e-07)
(-0.0469767 -8.48509e-09 -2.85617e-07)
(-0.0133499 -2.95868e-08 -1.50728e-07)
(-0.00343863 -8.49273e-08 -6.80214e-08)
(-0.000817754 -1.90842e-07 -2.63418e-08)
(-1.27689 -8.93137e-11 -1.50078e-07)
(-0.819962 -4.42431e-10 -4.38757e-07)
(-0.386082 -1.80701e-09 -5.32876e-07)
(-0.146014 -7.30568e-09 -4.44188e-07)
(-0.0469768 -3.08564e-08 -2.85481e-07)
(-0.01335 -1.23619e-07 -1.50351e-07)
(-0.00343878 -4.43675e-07 -6.67917e-08)
(-0.000817926 -1.2479e-06 -2.47389e-08)
(-1.27689 -1.55337e-10 -1.50075e-07)
(-0.819962 -8.22791e-10 -4.38748e-07)
(-0.386082 -3.49531e-09 -5.32839e-07)
(-0.146014 -1.68527e-08 -4.44084e-07)
(-0.0469769 -8.50345e-08 -2.85228e-07)
(-0.0133503 -4.1536e-07 -1.49729e-07)
(-0.00343975 -1.85668e-06 -6.62517e-08)
(-0.000819116 -6.7519e-06 -2.48605e-08)
(-1.27689 -2.78266e-10 -1.50071e-07)
(-0.819962 -1.28138e-09 -4.38737e-07)
(-0.386082 -5.7338e-09 -5.32786e-07)
(-0.146014 -3.08801e-08 -4.43991e-07)
(-0.0469772 -1.77428e-07 -2.85067e-07)
(-0.0133517 -1.03474e-06 -1.49369e-07)
(-0.00344512 -6.00111e-06 -6.52871e-08)
(-0.000827064 -3.42245e-05 -2.28743e-08)
(-0.000178565 6.65546e-05 -6.16622e-10)
(-2.7837e-05 1.17223e-05 -1.69673e-10)
(-4.39236e-06 2.02875e-06 -4.45441e-11)
(-6.97851e-07 3.44954e-07 -1.14598e-11)
(-1.11125e-07 5.76717e-08 -2.91591e-12)
(-1.76749e-08 9.49628e-09 -7.39491e-13)
(-2.80279e-09 1.54388e-09 -1.86917e-13)
(-4.43031e-10 2.48724e-10 -4.90658e-14)
(-6.99315e-11 3.9908e-11 -1.28506e-14)
(-1.10667e-11 6.42645e-12 -2.92058e-15)
(-1.7687e-12 1.0479e-12 -1.16823e-15)
(-2.88553e-13 1.74067e-13 0)
(-4.67293e-14 2.92058e-14 1.75235e-15)
(-1.16823e-14 4.67293e-15 0)
(0 -1.16823e-15 0)
(0 1.16823e-15 -1.75235e-15)
(0 0 0)
(0 0 0)
(0 0 0)
(0 0 0)
(0 -2.33646e-15 -5.84116e-16)
(0 0 0)
(2.33646e-15 2.33646e-15 0)
(-2.33646e-15 2.33646e-15 -5.84116e-16)
(0 0 0)
(-1.16823e-15 -1.16823e-15 0)
(1.16823e-15 -2.33646e-15 0)
(0 2.33646e-15 0)
(2.33646e-15 2.33646e-15 0)
(-2.33646e-15 0 0)
(0 0 0)
(0 -1.16823e-15 0)
(-0.000181544 1.10133e-05 -7.66113e-10)
(-3.66888e-05 3.32501e-06 -2.58567e-10)
(-6.98501e-06 7.67471e-07 -8.03195e-11)
(-1.27323e-06 1.56706e-07 -2.36801e-11)
(-2.24333e-07 2.9727e-08 -6.67294e-12)
(-3.8453e-08 5.3621e-09 -1.82361e-12)
(-6.44477e-09 9.3224e-10 -4.83648e-13)
(-1.06094e-09 1.57696e-10 -1.27921e-13)
(-1.72367e-10 2.61614e-11 -3.38787e-14)
(-2.77969e-11 4.29092e-12 -9.92997e-15)
(-4.48251e-12 6.99771e-13 -1.16823e-15)
(-7.27809e-13 1.16823e-13 -1.75235e-15)
(-1.20328e-13 2.33646e-14 1.16823e-15)
(-2.10282e-14 5.84116e-15 5.84116e-16)
(-4.67293e-15 1.16823e-15 -1.16823e-15)
(-1.16823e-15 0 5.84116e-16)
(1.16823e-15 0 -1.75235e-15)
(0 0 -2.92058e-15)
(0 2.33646e-15 -1.16823e-15)
(0 0 -1.16823e-15)
(2.33646e-15 2.33646e-15 -1.16823e-15)
(-2.33646e-15 0 -1.16823e-15)
(4.67293e-15 0 -1.75235e-15)
(0 0 -1.75235e-15)
(-2.33646e-15 2.33646e-15 -1.75235e-15)
(-2.33646e-15 1.16823e-15 -1.16823e-15)
(2.33646e-15 0 0)
(2.33646e-15 0 -1.75235e-15)
(-2.33646e-15 -2.33646e-15 -1.75235e-15)
(-2.33646e-15 0 -5.84116e-16)
(0 0 -1.16823e-15)
(0 1.16823e-15 -1.16823e-15)
(-0.000181999 1.81325e-06 -8.39915e-10)
(-3.80829e-05 7.3351e-07 -3.08914e-10)
(-7.56066e-06 2.09163e-07 -1.02808e-10)
(-1.43559e-06 4.99509e-08 -3.16661e-11)
(-2.62468e-07 1.06798e-08 -9.21618e-12)
(-4.64696e-08 2.1138e-09 -2.56602e-12)
(-8.00719e-09 3.94943e-10 -6.89257e-13)
(-1.34911e-09 7.05402e-11 -1.80492e-13)
(-2.23337e-10 1.21496e-11 -4.55611e-14)
(-3.65271e-11 2.03039e-12 -1.28506e-14)
(-5.94046e-12 3.32946e-13 -2.92058e-15)
(-9.67296e-13 5.25704e-14 -1.75235e-15)
(-1.5888e-13 1.16823e-14 -1.16823e-15)
(-3.0374e-14 1.16823e-15 0)
(-8.17763e-15 4.67293e-15 -1.16823e-15)
(0 -1.16823e-15 0)
(0 -1.16823e-15 -5.84116e-16)
(2.33646e-15 0 -5.84116e-16)
(0 0 0)
(-2.33646e-15 2.33646e-15 0)
(0 -3.5047e-15 -1.16823e-15)
(0 0 0)
(2.33646e-15 0 0)
(-2.33646e-15 -2.33646e-15 0)
(0 0 0)
(0 -1.16823e-15 0)
(-1.16823e-15 0 0)
(1.16823e-15 0 0)
(0 -1.16823e-15 -5.84116e-16)
(0 0 0)
(0 2.33646e-15 0)
(0 0 -1.16823e-15)
(-0.000182068 2.44771e-07 -8.5351e-10)
(-3.82928e-05 1.15076e-07 -3.19395e-10)
(-7.66857e-06 3.71312e-08 -1.0823e-10)
(-1.47171e-06 9.75249e-09 -3.39395e-11)
(-2.7217e-07 2.23843e-09 -1.00082e-11)
(-4.87379e-08 4.65427e-10 -2.81544e-12)
(-8.48802e-09 8.93721e-11 -7.61687e-13)
(-1.44374e-09 1.59861e-11 -2.00936e-13)
(-2.40875e-10 2.66123e-12 -4.96499e-14)
(-3.96124e-11 4.04208e-13 -1.16823e-14)
(-6.46149e-12 5.37387e-14 -2.33646e-15)
(-1.05141e-12 1.16823e-15 0)
(-1.69394e-13 -4.67293e-15 0)
(-2.92058e-14 -1.16823e-15 0)
(-8.17763e-15 0 0)
(-1.16823e-15 0 5.84116e-16)
(1.16823e-15 0 5.84116e-16)
(0 -1.16823e-15 0)
(2.33646e-15 -2.33646e-15 0)
(0 2.33646e-15 0)
(-3.5047e-15 0 0)
(1.16823e-15 -1.16823e-15 0)
(2.33646e-15 -2.33646e-15 0)
(0 0 0)
(-2.33646e-15 2.33646e-15 -1.16823e-15)
(-1.16823e-15 0 5.84116e-16)
(1.16823e-15 -1.16823e-15 0)
(0 -2.33646e-15 0)
(-1.16823e-15 1.16823e-15 5.84116e-16)
(3.5047e-15 4.67293e-15 0)
(0 2.33646e-15 -2.33646e-15)
(-2.33646e-15 0 0)
(-0.000182063 -2.57388e-07 -1.12814e-09)
(-3.82905e-05 -1.22193e-07 -4.32808e-10)
(-7.66599e-06 -3.99863e-08 -1.403e-10)
(-1.47049e-06 -1.07031e-08 -4.15085e-11)
(-2.71755e-07 -2.52444e-09 -1.15807e-11)
(-4.86187e-08 -5.46626e-10 -3.11392e-12)
(-8.45664e-09 -1.11604e-10 -8.13674e-13)
(-1.43582e-09 -2.19219e-11 -2.08529e-13)
(-2.38919e-10 -4.21498e-12 -5.25704e-14)
(-3.91323e-11 -8.0608e-13 -1.34347e-14)
(-6.3435e-12 -1.54207e-13 -5.84116e-15)
(-1.02337e-12 -2.68693e-14 -2.33646e-15)
(-1.67057e-13 -7.00939e-15 -1.16823e-15)
(-2.45329e-14 0 -1.75235e-15)
(-8.17763e-15 0 -2.92058e-15)
(-1.16823e-15 1.16823e-15 0)
(0 0 -5.84116e-16)
(1.16823e-15 0 -5.84116e-16)
(2.33646e-15 0 -1.75235e-15)
(-2.33646e-15 0 -2.92058e-15)
(-1.16823e-15 0 0)
(0 0 -5.84116e-16)
(1.16823e-15 0 -1.16823e-15)
(2.33646e-15 0 -1.16823e-15)
(0 0 -1.75235e-15)
(-3.5047e-15 0 -5.84116e-16)
(1.16823e-15 1.16823e-15 5.84116e-16)
(2.33646e-15 0 -1.75235e-15)
(2.33646e-15 0 -5.84116e-16)
(0 0 -3.5047e-15)
(0 -2.33646e-15 -2.92058e-15)
(-4.67293e-15 0 -5.84116e-16)
(-0.000181995 -1.81106e-06 -8.99597e-10)
(-3.80754e-05 -7.30575e-07 -3.08448e-10)
(-7.55708e-06 -2.07961e-07 -9.96379e-11)
(-1.43425e-06 -4.96557e-08 -3.04196e-11)
(-2.62014e-07 -1.06366e-08 -8.77868e-12)
(-4.6325e-08 -2.11517e-09 -2.42467e-12)
(-7.96332e-09 -3.98656e-10 -6.4428e-13)
(-1.33635e-09 -7.22563e-11 -1.66473e-13)
(-2.1976e-10 -1.27442e-11 -4.14722e-14)
(-3.55528e-11 -2.21263e-12 -1.10982e-14)
(-5.68462e-12 -3.8318e-13 -2.92058e-15)
(-9.04212e-13 -6.42528e-14 -2.33646e-15)
(-1.41356e-13 -9.34586e-15 0)
(-2.33646e-14 -4.67293e-15 -1.16823e-15)
(-3.5047e-15 -2.33646e-15 -1.16823e-15)
(-2.33646e-15 0 -1.16823e-15)
(-1.16823e-15 1.16823e-15 5.84116e-16)
(1.16823e-15 1.16823e-15 5.84116e-16)
(0 2.33646e-15 0)
(2.33646e-15 -4.67293e-15 0)
(-2.33646e-15 1.16823e-15 -1.16823e-15)
(0 -2.33646e-15 0)
(0 0 0)
(0 0 -5.84116e-16)
(0 -2.33646e-15 0)
(0 -2.33646e-15 0)
(-1.16823e-15 -1.16823e-15 0)
(1.16823e-15 0 0)
(2.33646e-15 0 0)
(-2.33646e-15 -4.67293e-15 -1.16823e-15)
(0 -2.33646e-15 0)
(0 -1.16823e-15 0)
(-0.00018154 -1.1006e-05 -6.60285e-10)
(-3.66874e-05 -3.32033e-06 -2.20191e-10)
(-6.98507e-06 -7.65714e-07 -6.93895e-11)
(-1.27316e-06 -1.56187e-07 -2.08091e-11)
(-2.24215e-07 -2.95915e-08 -5.92761e-12)
(-3.83808e-08 -5.32889e-09 -1.62326e-12)
(-6.41372e-09 -9.24294e-10 -4.28157e-13)
(-1.04991e-09 -1.55808e-10 -1.08061e-13)
(-1.68875e-10 -2.57069e-11 -2.68693e-14)
(-2.677e-11 -4.17643e-12 -5.84116e-15)
(-4.19512e-12 -6.71734e-13 -4.08881e-15)
(-6.53042e-13 -1.07477e-13 -5.84116e-16)
(-1.03973e-13 -1.98599e-14 0)
(-1.63553e-14 -1.16823e-15 0)
(-4.67293e-15 0 -1.16823e-15)
(0 0 -5.84116e-16)
(0 0 0)
(0 2.33646e-15 0)
(0 -2.33646e-15 -1.16823e-15)
(0 0 0)
(-1.16823e-15 0 -5.84116e-16)
(0 2.33646e-15 1.16823e-15)
(1.16823e-15 0 0)
(0 0 0)
(-1.16823e-15 -2.33646e-15 -1.16823e-15)
(-2.33646e-15 2.33646e-15 2.33646e-15)
(2.33646e-15 1.16823e-15 0)
(0 2.33646e-15 0)
(1.16823e-15 -1.16823e-15 0)
(0 -1.16823e-15 0)
(0 0 0)
(0 1.16823e-15 -1.75235e-15)
(-0.000178555 -6.65515e-05 -4.7216e-10)
(-2.78352e-05 -1.17228e-05 -1.28358e-10)
(-4.39295e-06 -2.02886e-06 -3.47841e-11)
(-6.98131e-07 -3.44818e-07 -9.28978e-12)
(-1.11156e-07 -5.75645e-08 -2.44569e-12)
(-1.76578e-08 -9.44691e-09 -6.30845e-13)
(-2.79023e-09 -1.52588e-09 -1.60632e-13)
(-4.37759e-10 -2.4296e-10 -3.91358e-14)
(-6.81313e-11 -3.8214e-11 -9.92997e-15)
(-1.05199e-11 -5.95682e-12 -1.75235e-15)
(-1.61099e-12 -9.2524e-13 -1.16823e-15)
(-2.48833e-13 -1.46029e-13 -1.75235e-15)
(-3.85517e-14 -2.33646e-14 0)
(-5.84116e-15 -4.67293e-15 0)
(0 -2.33646e-15 0)
(-2.33646e-15 0 0)
(0 0 0)
(0 -2.33646e-15 0)
(0 0 0)
(0 0 0)
(-1.16823e-15 0 0)
(1.16823e-15 1.16823e-15 5.84116e-16)
(0 0 -5.84116e-16)
(0 0 0)
(0 0 0)
(0 1.16823e-15 0)
(2.33646e-15 0 0)
(-2.33646e-15 -2.33646e-15 0)
(-1.16823e-15 1.16823e-15 0)
(1.16823e-15 1.16823e-15 0)
(0 0 0)
(0 0 0)
(-0.000178561 6.65518e-05 -3.66576e-09)
(-2.78359e-05 1.17215e-05 -9.90476e-10)
(-4.39204e-06 2.0285e-06 -2.72365e-10)
(-6.97767e-07 3.44884e-07 -7.40922e-11)
(-1.11103e-07 5.76526e-08 -1.97227e-11)
(-1.76694e-08 9.49115e-09 -5.16417e-12)
(-2.80141e-09 1.54253e-09 -1.32828e-12)
(-4.42679e-10 2.48371e-10 -3.39956e-13)
(-6.98404e-11 3.98157e-11 -8.58651e-14)
(-1.10421e-11 6.39724e-12 -2.21964e-14)
(-1.76169e-12 1.04206e-12 -6.42528e-15)
(-2.85049e-13 1.70562e-13 -2.33646e-15)
(-4.78975e-14 3.15423e-14 -1.16823e-15)
(-1.16823e-14 5.84116e-15 -2.33646e-15)
(-5.84116e-15 -3.5047e-15 -1.16823e-15)
(2.33646e-15 -2.33646e-15 -1.16823e-15)
(2.33646e-15 -3.5047e-15 -5.84116e-16)
(1.16823e-15 -1.16823e-15 0)
(0 0 0)
(0 0 -5.84116e-16)
(0 -2.33646e-15 5.84116e-16)
(0 -1.16823e-15 -5.84116e-16)
(-1.16823e-15 0 -1.16823e-15)
(0 -3.5047e-15 -1.16823e-15)
(1.16823e-15 0 0)
(0 0 5.84116e-16)
(0 -2.33646e-15 0)
(0 -1.16823e-15 -5.84116e-16)
(0 0 -1.16823e-15)
(-1.16823e-15 -1.16823e-15 -5.84116e-16)
(0 -1.16823e-15 -5.84116e-16)
(1.16823e-15 -1.16823e-15 0)
(-0.000181541 1.10129e-05 -5.34325e-09)
(-3.66874e-05 3.32473e-06 -1.65768e-09)
(-6.98455e-06 7.67355e-07 -4.89354e-10)
(-1.27308e-06 1.56665e-07 -1.4053e-10)
(-2.2429e-07 2.97144e-08 -3.92958e-11)
(-3.84406e-08 5.35845e-09 -1.07314e-11)
(-6.44137e-09 9.31238e-10 -2.85925e-12)
(-1.06004e-09 1.57433e-10 -7.44164e-13)
(-1.72133e-10 2.60948e-11 -1.90422e-13)
(-2.77315e-11 4.27456e-12 -4.84816e-14)
(-4.46732e-12 6.96266e-13 -1.16823e-14)
(-7.24304e-13 1.15655e-13 -4.08881e-15)
(-1.16823e-13 1.86917e-14 -1.75235e-15)
(-2.45329e-14 5.84116e-15 -1.16823e-15)
(-2.33646e-15 3.5047e-15 -5.84116e-16)
(-1.16823e-15 3.5047e-15 -1.75235e-15)
(-3.5047e-15 0 0)
(1.16823e-15 -2.33646e-15 0)
(3.5047e-15 2.33646e-15 0)
(-1.16823e-15 0 -5.84116e-16)
(0 -1.16823e-15 0)
(1.16823e-15 3.5047e-15 0)
(-1.16823e-15 2.33646e-15 0)
(0 3.5047e-15 -1.75235e-15)
(0 0 -5.84116e-16)
(1.16823e-15 2.33646e-15 0)
(2.33646e-15 0 1.16823e-15)
(-3.5047e-15 1.16823e-15 -1.16823e-15)
(0 -1.16823e-15 -5.84116e-16)
(1.16823e-15 0 -1.16823e-15)
(0 0 0)
(0 1.16823e-15 0)
(-0.000181996 1.81308e-06 -5.8012e-09)
(-3.80814e-05 7.33389e-07 -1.93321e-09)
(-7.56011e-06 2.09108e-07 -6.02574e-10)
(-1.43541e-06 4.99304e-08 -1.78627e-10)
(-2.6241e-07 1.06731e-08 -5.07708e-11)
(-4.64526e-08 2.11181e-09 -1.39545e-11)
(-8.00242e-09 3.94388e-10 -3.7214e-12)
(-1.34782e-09 7.03918e-11 -9.70801e-13)
(-2.23002e-10 1.21157e-11 -2.48249e-13)
(-3.64395e-11 2.02455e-12 -6.19163e-14)
(-5.91943e-12 3.29441e-13 -1.57711e-14)
(-9.62623e-13 5.25704e-14 -3.5047e-15)
(-1.55375e-13 8.17763e-15 -1.16823e-15)
(-2.68693e-14 0 -1.16823e-15)
(-8.17763e-15 2.33646e-15 0)
(-1.16823e-15 0 -5.84116e-16)
(0 2.33646e-15 -1.16823e-15)
(1.16823e-15 3.5047e-15 0)
(0 -2.33646e-15 -1.16823e-15)
(0 2.33646e-15 0)
(0 1.16823e-15 5.84116e-16)
(2.33646e-15 -2.33646e-15 1.16823e-15)
(0 -2.33646e-15 -1.16823e-15)
(-2.33646e-15 0 0)
(2.33646e-15 0 0)
(-2.33646e-15 0 1.16823e-15)
(-1.16823e-15 -1.16823e-15 5.84116e-16)
(0 0 0)
(0 1.16823e-15 0)
(0 1.16823e-15 -5.84116e-16)
(0 0 -5.84116e-16)
(1.16823e-15 0 0)
(-0.000182064 2.44194e-07 -5.94667e-09)
(-3.82914e-05 1.14829e-07 -2.01443e-09)
(-7.668e-06 3.70562e-08 -6.33882e-10)
(-1.47152e-06 9.73281e-09 -1.8861e-10)
(-2.72108e-07 2.2337e-09 -5.35804e-11)
(-4.87194e-08 4.64333e-10 -1.46806e-11)
(-8.48279e-09 8.91268e-11 -3.89956e-12)
(-1.44231e-09 1.59324e-11 -1.01169e-12)
(-2.405e-10 2.64838e-12 -2.57011e-13)
(-3.95166e-11 4.04208e-13 -6.48369e-14)
(-6.4393e-12 5.14022e-14 -1.75235e-14)
(-1.04674e-12 2.33646e-15 -1.75235e-15)
(-1.68225e-13 -4.67293e-15 -1.16823e-15)
(-2.68693e-14 -3.5047e-15 5.84116e-16)
(-8.17763e-15 -3.5047e-15 -1.16823e-15)
(0 0 0)
(0 1.16823e-15 0)
(0 0 0)
(2.33646e-15 -1.16823e-15 0)
(-2.33646e-15 -2.33646e-15 -1.16823e-15)
(0 -1.16823e-15 0)
(0 0 0)
(0 0 -1.75235e-15)
(0 0 0)
(0 0 0)
(0 -2.33646e-15 1.16823e-15)
(-1.16823e-15 1.16823e-15 -5.84116e-16)
(1.16823e-15 -1.16823e-15 -1.16823e-15)
(0 0 0)
(-1.16823e-15 -1.16823e-15 0)
(0 0 -5.84116e-16)
(1.16823e-15 0 0)
(-0.00018206 -2.5748e-07 -6.18394e-09)
(-3.82886e-05 -1.22171e-07 -2.09833e-09)
(-7.66521e-06 -3.99691e-08 -6.48558e-10)
(-1.47023e-06 -1.0696e-08 -1.88539e-10)
(-2.71678e-07 -2.52198e-09 -5.22807e-11)
(-4.85972e-08 -5.45845e-10 -1.4024e-11)
(-8.45082e-09 -1.1137e-10 -3.65773e-12)
(-1.4343e-09 -2.18518e-11 -9.35754e-13)
(-2.3853e-10 -4.19512e-12 -2.34231e-13)
(-3.90388e-11 -8.02576e-13 -5.72434e-14)
(-6.32247e-12 -1.55375e-13 -1.40188e-14)
(-1.01636e-12 -3.0374e-14 -4.08881e-15)
(-1.62384e-13 -7.00939e-15 -5.84116e-16)
(-2.92058e-14 -3.5047e-15 -1.75235e-15)
(-1.16823e-15 0 -5.84116e-16)
(1.16823e-15 0 5.84116e-16)
(0 0 5.84116e-16)
(-1.16823e-15 0 5.84116e-16)
(-2.33646e-15 0 0)
(2.33646e-15 -1.16823e-15 -5.84116e-16)
(0 0 0)
(1.16823e-15 0 5.84116e-16)
(0 0 0)
(0 0 0)
(0 0 -1.75235e-15)
(0 0 5.84116e-16)
(-1.16823e-15 0 1.16823e-15)
(0 -2.33646e-15 0)
(0 0 -1.16823e-15)
(0 0 -5.84116e-16)
(0 0 -5.84116e-16)
(1.16823e-15 0 -1.16823e-15)
(-0.000181991 -1.81013e-06 -5.54152e-09)
(-3.80738e-05 -7.3015e-07 -1.75172e-09)
(-7.55653e-06 -2.07819e-07 -5.232e-10)
(-1.43407e-06 -4.96143e-08 -1.49213e-10)
(-2.61958e-07 -1.06253e-08 -4.09682e-11)
(-4.63088e-08 -2.11219e-09 -1.08967e-11)
(-7.9588e-09 -3.97889e-10 -2.82537e-12)
(-1.33514e-09 -7.20577e-11 -7.17295e-13)
(-2.19449e-10 -1.2694e-11 -1.77571e-13)
(-3.54769e-11 -2.20095e-12 -4.26405e-14)
(-5.66709e-12 -3.78507e-13 -1.05141e-14)
(-8.98371e-13 -6.19163e-14 -2.33646e-15)
(-1.41356e-13 -9.34586e-15 -1.75235e-15)
(-2.10282e-14 0 -1.75235e-15)
(-2.33646e-15 1.16823e-15 -1.16823e-15)
(0 -3.5047e-15 -5.84116e-16)
(0 0 0)
(0 2.33646e-15 0)
(0 1.16823e-15 0)
(0 1.16823e-15 -1.16823e-15)
(-1.16823e-15 0 0)
(1.16823e-15 0 5.84116e-16)
(0 0 0)
(0 0 0)
(0 0 -1.16823e-15)
(0 0 5.84116e-16)
(0 -1.16823e-15 0)
(0 3.5047e-15 5.84116e-16)
(0 0 0)
(0 1.16823e-15 0)
(0 1.16823e-15 0)
(0 -3.5047e-15 0)
(-0.000181537 -1.10051e-05 -4.91814e-09)
(-3.66863e-05 -3.31997e-06 -1.41311e-09)
(-6.98467e-06 -7.65584e-07 -3.8404e-10)
(-1.27304e-06 -1.56145e-07 -1.01789e-10)
(-2.24176e-07 -2.95788e-08 -2.66001e-11)
(-3.83698e-08 -5.3253e-09 -6.85051e-12)
(-6.41069e-09 -9.23325e-10 -1.74067e-12)
(-1.04911e-09 -1.55554e-10 -4.34582e-13)
(-1.68673e-10 -2.56427e-11 -1.06309e-13)
(-2.67233e-11 -4.15891e-12 -2.62852e-14)
(-4.18461e-12 -6.68229e-13 -4.67293e-15)
(-6.48369e-13 -1.06309e-13 -4.08881e-15)
(-1.01636e-13 -1.75235e-14 -2.92058e-15)
(-1.75235e-14 0 0)
(-3.5047e-15 -1.16823e-15 -5.84116e-16)
(2.33646e-15 0 0)
(1.16823e-15 0 0)
(0 0 1.16823e-15)
(0 0 0)
(0 0 0)
(0 1.16823e-15 -5.84116e-16)
(0 0 5.84116e-16)
(0 -1.16823e-15 0)
(0 2.33646e-15 1.16823e-15)
(0 0 0)
(0 0 5.84116e-16)
(0 1.16823e-15 0)
(0 0 0)
(0 0 5.84116e-16)
(0 0 0)
(-1.16823e-15 0 0)
(1.16823e-15 0 0)
(-0.000178552 -6.65492e-05 -3.20038e-09)
(-2.78343e-05 -1.17221e-05 -7.91233e-10)
(-4.39271e-06 -2.02865e-06 -1.97727e-10)
(-6.98066e-07 -3.44757e-07 -4.87708e-11)
(-1.11139e-07 -5.75477e-08 -1.18435e-11)
(-1.76532e-08 -9.44241e-09 -2.84231e-12)
(-2.78905e-09 -1.5247e-09 -6.77575e-13)
(-4.37457e-10 -2.42665e-10 -1.5888e-13)
(-6.80554e-11 -3.81428e-11 -3.62152e-14)
(-1.05024e-11 -5.93812e-12 -8.76174e-15)
(-1.61099e-12 -9.17062e-13 -1.75235e-15)
(-2.47665e-13 -1.42524e-13 -1.16823e-15)
(-3.38787e-14 -1.98599e-14 -5.84116e-16)
(-5.84116e-15 -4.67293e-15 0)
(-2.33646e-15 1.16823e-15 -1.16823e-15)
(0 3.5047e-15 -1.75235e-15)
(0 0 0)
(2.33646e-15 -2.33646e-15 0)
(-2.33646e-15 0 1.16823e-15)
(0 0 0)
(0 0 5.84116e-16)
(-1.16823e-15 0 0)
(0 1.16823e-15 0)
(3.5047e-15 -2.33646e-15 1.16823e-15)
(-2.33646e-15 0 1.16823e-15)
(2.33646e-15 0 0)
(0 0 0)
(-2.33646e-15 0 0)
(0 0 5.84116e-16)
(-1.16823e-15 0 5.84116e-16)
(0 0 -5.84116e-16)
(1.16823e-15 3.5047e-15 0)
(-0.000178537 6.65365e-05 -9.14549e-09)
(-2.78303e-05 1.1717e-05 -2.16109e-09)
(-4.39053e-06 2.02723e-06 -5.20627e-10)
(-6.97345e-07 3.44525e-07 -1.34762e-10)
(-1.10987e-07 5.75537e-08 -3.68262e-11)
(-1.76381e-08 9.46449e-09 -1.026e-11)
(-2.79314e-09 1.5355e-09 -2.82245e-12)
(-4.40545e-10 2.46554e-10 -7.61687e-13)
(-6.9296e-11 3.93566e-11 -1.99768e-13)
(-1.09078e-11 6.28392e-12 -5.08181e-14)
(-1.72782e-12 1.01286e-12 -1.34347e-14)
(-2.75703e-13 1.64721e-13 -2.92058e-15)
(-4.78975e-14 2.68693e-14 -5.84116e-16)
(-1.16823e-14 0 -5.84116e-16)
(0 -1.16823e-15 1.16823e-15)
(2.33646e-15 -4.67293e-15 2.92058e-15)
(1.16823e-15 0 5.84116e-16)
(0 0 -5.84116e-16)
(-1.16823e-15 0 -5.84116e-16)
(-2.33646e-15 -1.16823e-15 0)
(3.5047e-15 -1.16823e-15 0)
(0 -1.16823e-15 0)
(0 -1.16823e-15 -5.84116e-16)
(-1.16823e-15 -1.16823e-15 1.16823e-15)
(0 0 0)
(1.16823e-15 0 -5.84116e-16)
(0 -1.16823e-15 0)
(0 0 0)
(0 0 0)
(0 0 5.84116e-16)
(-1.16823e-15 0 5.84116e-16)
(1.16823e-15 0 5.84116e-16)
(-0.000181517 1.10091e-05 -1.24684e-08)
(-3.6679e-05 3.32312e-06 -3.61056e-09)
(-6.98198e-06 7.66811e-07 -1.02835e-09)
(-1.27233e-06 1.56497e-07 -2.94055e-10)
(-2.24074e-07 2.96649e-08 -8.35543e-11)
(-3.83801e-08 5.34452e-09 -2.33483e-11)
(-6.4248e-09 9.27455e-10 -6.36453e-12)
(-1.0556e-09 1.56434e-10 -1.69218e-12)
(-1.70973e-10 2.58378e-11 -4.38671e-13)
(-2.74371e-11 4.20914e-12 -1.1215e-13)
(-4.39255e-12 6.81079e-13 -2.80376e-14)
(-7.10285e-13 1.10982e-13 -6.42528e-15)
(-1.14487e-13 1.98599e-14 -2.92058e-15)
(-1.98599e-14 5.84116e-15 -2.92058e-15)
(-3.5047e-15 1.16823e-15 0)
(0 2.33646e-15 0)
(3.5047e-15 -1.16823e-15 1.75235e-15)
(0 -1.16823e-15 1.75235e-15)
(0 0 0)
(0 1.16823e-15 5.84116e-16)
(0 0 1.16823e-15)
(-1.16823e-15 1.16823e-15 -5.84116e-16)
(0 0 -5.84116e-16)
(0 0 -1.16823e-15)
(1.16823e-15 -1.16823e-15 0)
(0 0 0)
(0 0 -1.16823e-15)
(0 0 0)
(0 -1.16823e-15 5.84116e-16)
(0 0 0)
(0 0 0)
(0 0 0)
(-0.000181972 1.81205e-06 -1.39554e-08)
(-3.80725e-05 7.32797e-07 -4.43741e-09)
(-7.55715e-06 2.08874e-07 -1.33481e-09)
(-1.43449e-06 4.98547e-08 -3.87649e-10)
(-2.62139e-07 1.06512e-08 -1.0922e-10)
(-4.63755e-08 2.1059e-09 -2.99838e-11)
(-7.98123e-09 3.92862e-10 -8.02459e-12)
(-1.34216e-09 7.00051e-11 -2.10107e-12)
(-2.21521e-10 1.20141e-11 -5.38555e-13)
(-3.60622e-11 2.00001e-12 -1.36099e-13)
(-5.82597e-12 3.21264e-13 -3.38787e-14)
(-9.3809e-13 5.37387e-14 -9.92997e-15)
(-1.53038e-13 1.16823e-14 -2.92058e-15)
(-2.80376e-14 3.5047e-15 -2.92058e-15)
(-4.67293e-15 2.33646e-15 1.16823e-15)
(-1.16823e-15 3.5047e-15 5.84116e-16)
(0 1.16823e-15 1.16823e-15)
(0 1.16823e-15 0)
(1.16823e-15 2.33646e-15 -1.16823e-15)
(0 0 -5.84116e-16)
(0 0 0)
(0 0 -1.16823e-15)
(-1.16823e-15 -2.33646e-15 -5.84116e-16)
(0 0 -5.84116e-16)
(1.16823e-15 1.16823e-15 0)
(0 2.33646e-15 -2.92058e-15)
(2.33646e-15 0 0)
(-3.5047e-15 2.33646e-15 0)
(0 0 5.84116e-16)
(1.16823e-15 0 5.84116e-16)
(0 0 5.84116e-16)
(0 0 -5.84116e-16)
(-0.00018204 2.44005e-07 -1.44948e-08)
(-3.82822e-05 1.14746e-07 -4.66653e-09)
(-7.66492e-06 3.70392e-08 -1.40431e-09)
(-1.47055e-06 9.73267e-09 -4.03948e-10)
(-2.71823e-07 2.2354e-09 -1.1223e-10)
(-4.86385e-08 4.65288e-10 -3.03501e-11)
(-8.46069e-09 8.94983e-11 -8.0129e-12)
(-1.43645e-09 1.60574e-11 -2.07478e-12)
(-2.38981e-10 2.68577e-12 -5.28625e-13)
(-3.91299e-11 4.13554e-13 -1.33178e-13)
(-6.33766e-12 5.60751e-14 -3.27105e-14)
(-1.0187e-12 5.84116e-15 -7.59351e-15)
(-1.65889e-13 -2.33646e-15 -2.92058e-15)
(-2.92058e-14 -3.5047e-15 -1.75235e-15)
(-5.84116e-15 -2.33646e-15 -1.16823e-15)
(0 -1.16823e-15 -5.84116e-16)
(0 0 -5.84116e-16)
(0 0 0)
(0 0 0)
(0 -1.16823e-15 -1.16823e-15)
(0 -1.16823e-15 0)
(-1.16823e-15 0 0)
(-2.33646e-15 2.33646e-15 0)
(2.33646e-15 1.16823e-15 -5.84116e-16)
(3.5047e-15 -1.16823e-15 0)
(-2.33646e-15 -2.33646e-15 0)
(0 2.33646e-15 5.84116e-16)
(0 0 1.16823e-15)
(-1.16823e-15 1.16823e-15 -5.84116e-16)
(1.16823e-15 0 -5.84116e-16)
(0 0 0)
(0 -1.16823e-15 0)
(-0.000182035 -2.56578e-07 -1.35096e-08)
(-3.82795e-05 -1.21667e-07 -4.18538e-09)
(-7.66217e-06 -3.97649e-08 -1.23876e-09)
(-1.46929e-06 -1.06243e-08 -3.52971e-10)
(-2.71406e-07 -2.49921e-09 -9.75275e-11)
(-4.85215e-08 -5.39059e-10 -2.61783e-11)
(-8.43046e-09 -1.09454e-10 -6.86336e-12)
(-1.42898e-09 -2.13319e-11 -1.76169e-12)
(-2.37164e-10 -4.0561e-12 -4.45096e-13)
(-3.86907e-11 -7.64024e-13 -1.10982e-13)
(-6.23602e-12 -1.41356e-13 -2.68693e-14)
(-9.96502e-13 -2.92058e-14 -5.84116e-15)
(-1.63553e-13 -8.17763e-15 -2.33646e-15)
(-2.45329e-14 -3.5047e-15 -1.16823e-15)
(-2.33646e-15 0 5.84116e-16)
(-1.16823e-15 0 -1.75235e-15)
(1.16823e-15 0 -5.84116e-16)
(0 0 0)
(0 0 1.75235e-15)
(-1.16823e-15 0 0)
(0 0 0)
(1.16823e-15 0 0)
(-1.16823e-15 0 -5.84116e-16)
(0 0 0)
(0 0 -1.16823e-15)
(3.5047e-15 0 0)
(2.33646e-15 0 0)
(-4.67293e-15 0 1.75235e-15)
(0 0 0)
(0 0 5.84116e-16)
(0 0 0)
(0 0 -5.84116e-16)
(-0.000181966 -1.80853e-06 -1.27655e-08)
(-3.80654e-05 -7.29205e-07 -3.42629e-09)
(-7.55388e-06 -2.07432e-07 -8.68831e-10)
(-1.43329e-06 -4.94822e-08 -2.24171e-10)
(-2.61737e-07 -1.05852e-08 -5.95904e-11)
(-4.62487e-08 -2.10082e-09 -1.60235e-11)
(-7.94296e-09 -3.94822e-10 -4.27982e-12)
(-1.33105e-09 -7.12563e-11 -1.12442e-12)
(-2.18414e-10 -1.24872e-11 -2.90306e-13)
(-3.52164e-11 -2.14721e-12 -7.41827e-14)
(-5.60284e-12 -3.64488e-13 -1.81076e-14)
(-8.83184e-13 -6.42528e-14 -2.92058e-15)
(-1.40188e-13 -1.28506e-14 0)
(-2.33646e-14 2.33646e-15 0)
(0 0 -5.84116e-16)
(0 1.16823e-15 5.84116e-16)
(0 0 0)
(0 0 0)
(0 -2.33646e-15 -5.84116e-16)
(-1.16823e-15 0 -5.84116e-16)
(0 -2.33646e-15 5.84116e-16)
(0 -1.16823e-15 0)
(1.16823e-15 1.16823e-15 0)
(0 0 5.84116e-16)
(0 1.16823e-15 -5.84116e-16)
(0 0 0)
(2.33646e-15 -2.33646e-15 0)
(0 0 1.16823e-15)
(-2.33646e-15 0 -5.84116e-16)
(0 2.33646e-15 1.16823e-15)
(0 0 0)
(0 1.16823e-15 0)
(-0.000181513 -1.10013e-05 -1.13624e-08)
(-3.66784e-05 -3.3184e-06 -3.26253e-09)
(-6.98245e-06 -7.65063e-07 -8.83228e-10)
(-1.27245e-06 -1.55986e-07 -2.27043e-10)
(-2.24025e-07 -2.95333e-08 -5.63876e-11)
(-3.83311e-08 -5.31278e-09 -1.37273e-11)
(-6.40089e-09 -9.2e-10 -3.30785e-12)
(-1.04664e-09 -1.5469e-10 -7.9323e-13)
(-1.68056e-10 -2.54219e-11 -1.90422e-13)
(-2.65703e-11 -4.10517e-12 -4.49769e-14)
(-4.1519e-12 -6.56546e-13 -9.34586e-15)
(-6.44864e-13 -1.05141e-13 -1.75235e-15)
(-9.81315e-14 -1.5187e-14 -1.16823e-15)
(-1.28506e-14 0 0)
(-2.33646e-15 0 5.84116e-16)
(0 -3.5047e-15 5.84116e-16)
(0 -1.16823e-15 0)
(0 0 -1.16823e-15)
(-1.16823e-15 0 0)
(-2.33646e-15 1.16823e-15 -5.84116e-16)
(0 0 -1.16823e-15)
(2.33646e-15 0 -5.84116e-16)
(1.16823e-15 0 0)
(0 0 -1.16823e-15)
(0 0 -5.84116e-16)
(-1.16823e-15 0 0)
(0 0 5.84116e-16)
(1.16823e-15 -2.33646e-15 0)
(0 0 -5.84116e-16)
(0 0 1.16823e-15)
(0 0 0)
(0 0 1.75235e-15)
(-0.000178529 -6.65352e-05 -7.74457e-09)
(-2.78291e-05 -1.17184e-05 -1.84334e-09)
(-4.39146e-06 -2.02769e-06 -4.45808e-10)
(-6.97759e-07 -3.44517e-07 -1.0614e-10)
(-1.11064e-07 -5.74876e-08 -2.47157e-11)
(-1.76355e-08 -9.42753e-09 -5.66067e-12)
(-2.78486e-09 -1.52105e-09 -1.28622e-12)
(-4.36476e-10 -2.41773e-10 -2.9089e-13)
(-6.78299e-11 -3.7929e-11 -6.60051e-14)
(-1.04498e-11 -5.89023e-12 -1.5187e-14)
(-1.60048e-12 -9.08885e-13 -2.92058e-15)
(-2.45329e-13 -1.36683e-13 0)
(-3.62152e-14 -1.98599e-14 0)
(-3.5047e-15 -4.67293e-15 0)
(-3.5047e-15 0 1.16823e-15)
(-2.33646e-15 3.5047e-15 0)
(2.33646e-15 1.16823e-15 0)
(1.16823e-15 0 -1.16823e-15)
(0 0 -1.16823e-15)
(0 0 1.16823e-15)
(-1.16823e-15 3.5047e-15 0)
(1.16823e-15 1.16823e-15 -5.84116e-16)
(0 0 5.84116e-16)
(0 0 -1.16823e-15)
(0 0 -1.16823e-15)
(2.33646e-15 0 0)
(0 0 -1.16823e-15)
(-2.33646e-15 0 0)
(0 0 0)
(2.33646e-15 -2.33646e-15 1.16823e-15)
(-3.5047e-15 0 5.84116e-16)
(1.16823e-15 0 0)
(-0.000178492 6.65086e-05 -6.09635e-09)
(-2.78187e-05 1.17099e-05 -1.34029e-09)
(-4.38799e-06 2.02541e-06 -2.92805e-10)
(-6.968e-07 3.44026e-07 -7.21284e-11)
(-1.10854e-07 5.74118e-08 -2.00182e-11)
(-1.76014e-08 9.42393e-09 -5.8359e-12)
(-2.78241e-09 1.52416e-09 -1.68167e-12)
(-4.37435e-10 2.43465e-10 -4.69629e-13)
(-6.84222e-11 3.85388e-11 -1.26753e-13)
(-1.06695e-11 6.0713e-12 -3.44628e-14)
(-1.66473e-12 9.59119e-13 -7.59351e-15)
(-2.62852e-13 1.5187e-13 -1.75235e-15)
(-4.20564e-14 2.21964e-14 -1.16823e-15)
(-7.00939e-15 -1.16823e-15 5.84116e-16)
(0 -3.5047e-15 0)
(1.16823e-15 1.16823e-15 1.16823e-15)
(-3.5047e-15 -1.16823e-15 0)
(-2.33646e-15 -5.84116e-15 -2.33646e-15)
(2.33646e-15 -3.5047e-15 -1.16823e-15)
(2.33646e-15 -1.16823e-15 5.84116e-16)
(-2.33646e-15 0 0)
(-2.33646e-15 -3.5047e-15 -1.16823e-15)
(2.33646e-15 -3.5047e-15 0)
(2.33646e-15 -7.00939e-15 0)
(0 -3.5047e-15 1.16823e-15)
(0 -1.16823e-15 5.84116e-16)
(0 0 0)
(0 -1.16823e-15 0)
(0 -1.16823e-15 0)
(0 0 0)
(0 -3.5047e-15 0)
(0 -1.16823e-15 0)
(-0.000181469 1.10033e-05 -7.89131e-09)
(-3.66645e-05 3.32018e-06 -2.21145e-09)
(-6.97791e-06 7.65726e-07 -6.19313e-10)
(-1.27119e-06 1.5616e-07 -1.77207e-10)
(-2.23748e-07 2.95696e-08 -5.09297e-11)
(-3.82863e-08 5.31901e-09 -1.44399e-11)
(-6.39806e-09 9.20833e-10 -3.98951e-12)
(-1.04819e-09 1.54749e-10 -1.07361e-12)
(-1.68972e-10 2.54149e-11 -2.81544e-13)
(-2.69114e-11 4.10283e-12 -7.30145e-14)
(-4.25587e-12 6.53042e-13 -1.81076e-14)
(-6.72902e-13 1.02804e-13 -2.92058e-15)
(-1.09814e-13 1.5187e-14 -1.16823e-15)
(-1.63553e-14 1.16823e-15 0)
(0 2.33646e-15 0)
(0 -1.16823e-15 1.75235e-15)
(0 0 0)
(-2.33646e-15 2.33646e-15 -5.84116e-16)
(2.33646e-15 2.33646e-15 0)
(0 -2.33646e-15 0)
(0 0 -1.16823e-15)
(-2.33646e-15 0 0)
(-2.33646e-15 0 0)
(-1.16823e-15 0 -1.75235e-15)
(3.5047e-15 0 -1.16823e-15)
(2.33646e-15 -4.67293e-15 0)
(0 0 0)
(0 0 0)
(0 0 0)
(0 -1.16823e-15 1.16823e-15)
(-2.33646e-15 2.33646e-15 -5.84116e-16)
(2.33646e-15 -2.33646e-15 0)
(-0.000181925 1.80903e-06 -8.9941e-09)
(-3.80562e-05 7.31277e-07 -2.81312e-09)
(-7.55201e-06 2.08356e-07 -8.35042e-10)
(-1.43296e-06 4.97106e-08 -2.40686e-10)
(-2.61695e-07 1.06158e-08 -6.76669e-11)
(-4.62502e-08 2.09781e-09 -1.85948e-11)
(-7.94666e-09 3.9109e-10 -4.99361e-12)
(-1.33285e-09 6.96266e-11 -1.31251e-12)
(-2.19073e-10 1.19358e-11 -3.37619e-13)
(-3.54278e-11 1.98132e-12 -8.70333e-14)
(-5.66593e-12 3.21264e-13 -2.16123e-14)
(-9.01875e-13 4.78975e-14 -5.84116e-15)
(-1.41356e-13 8.17763e-15 -2.92058e-15)
(-2.10282e-14 2.33646e-15 0)
(-2.33646e-15 0 0)
(-1.16823e-15 -2.33646e-15 0)
(-2.33646e-15 -4.67293e-15 5.84116e-16)
(2.33646e-15 0 0)
(-2.33646e-15 -2.33646e-15 0)
(2.33646e-15 0 0)
(0 0 0)
(-2.33646e-15 0 -5.84116e-16)
(0 2.33646e-15 0)
(0 3.5047e-15 0)
(-2.33646e-15 2.33646e-15 0)
(0 2.33646e-15 -1.16823e-15)
(2.33646e-15 0 -5.84116e-16)
(2.33646e-15 0 0)
(0 -2.33646e-15 0)
(0 -4.67293e-15 0)
(0 -2.33646e-15 0)
(0 2.33646e-15 0)
(-0.000181992 2.45086e-07 -9.40165e-09)
(-3.82652e-05 1.15333e-07 -2.9715e-09)
(-7.65948e-06 3.72483e-08 -8.78658e-10)
(-1.46893e-06 9.80216e-09 -2.49277e-10)
(-2.71361e-07 2.25709e-09 -6.8657e-11)
(-4.85109e-08 4.71944e-10 -1.84838e-11)
(-8.42624e-09 9.14457e-11 -4.8762e-12)
(-1.42734e-09 1.66123e-11 -1.26344e-12)
(-2.36617e-10 2.8388e-12 -3.21264e-13)
(-3.85248e-11 4.53274e-13 -8.11921e-14)
(-6.18813e-12 6.5421e-14 -1.86917e-14)
(-9.88324e-13 8.17763e-15 -7.00939e-15)
(-1.56543e-13 0 -3.5047e-15)
(-2.33646e-14 -2.33646e-15 -1.75235e-15)
(-3.5047e-15 -2.33646e-15 0)
(-2.33646e-15 -3.5047e-15 -1.16823e-15)
(0 0 -2.33646e-15)
(2.33646e-15 2.33646e-15 -5.84116e-16)
(0 2.33646e-15 -5.84116e-16)
(0 2.33646e-15 -5.84116e-16)
(0 -2.33646e-15 -5.84116e-16)
(0 0 -5.84116e-16)
(2.33646e-15 -2.33646e-15 5.84116e-16)
(-2.33646e-15 0 0)
(2.33646e-15 -2.33646e-15 0)
(0 2.33646e-15 -1.16823e-15)
(0 0 0)
(0 1.16823e-15 -1.16823e-15)
(-4.67293e-15 2.33646e-15 0)
(0 2.33646e-15 -2.33646e-15)
(2.33646e-15 -2.33646e-15 -1.16823e-15)
(2.33646e-15 0 1.16823e-15)
(-0.000181987 -2.54022e-07 -8.45382e-09)
(-3.8264e-05 -1.1969e-07 -2.51985e-09)
(-7.65754e-06 -3.88982e-08 -7.30501e-10)
(-1.46795e-06 -1.03365e-08 -2.05941e-10)
(-2.71025e-07 -2.4167e-09 -5.68246e-11)
(-4.84158e-08 -5.17194e-10 -1.52676e-11)
(-8.40199e-09 -1.039e-10 -4.01872e-12)
(-1.42146e-09 -1.99522e-11 -1.03447e-12)
(-2.35228e-10 -3.71965e-12 -2.611e-13)
(-3.82024e-11 -6.81079e-13 -6.77575e-14)
(-6.10985e-12 -1.26169e-13 -1.63553e-14)
(-9.68464e-13 -2.10282e-14 -4.67293e-15)
(-1.53038e-13 -3.5047e-15 -5.84116e-16)
(-2.21964e-14 0 -1.16823e-15)
(-4.67293e-15 -2.33646e-15 -5.84116e-16)
(0 1.16823e-15 -1.16823e-15)
(2.33646e-15 4.67293e-15 0)
(2.33646e-15 0 0)
(0 0 0)
(0 -2.33646e-15 5.84116e-16)
(-2.33646e-15 0 0)
(0 2.33646e-15 -5.84116e-16)
(0 0 0)
(-2.33646e-15 2.33646e-15 -5.84116e-16)
(2.33646e-15 0 0)
(2.33646e-15 -2.33646e-15 0)
(0 -2.33646e-15 -1.75235e-15)
(0 -1.16823e-15 0)
(0 0 0)
(-2.33646e-15 3.5047e-15 0)
(0 0 -1.16823e-15)
(2.33646e-15 -2.33646e-15 5.84116e-16)
(-0.000181921 -1.80583e-06 -8.12358e-09)
(-3.80501e-05 -7.28304e-07 -1.98302e-09)
(-7.55012e-06 -2.07108e-07 -4.45268e-10)
(-1.43245e-06 -4.93624e-08 -1.05378e-10)
(-2.61542e-07 -1.0543e-08 -2.74021e-11)
(-4.61981e-08 -2.08729e-09 -7.55204e-12)
(-7.929e-09 -3.90777e-10 -2.10048e-12)
(-1.32716e-09 -7.01196e-11 -5.73018e-13)
(-2.17347e-10 -1.21847e-11 -1.51286e-13)
(-3.49348e-11 -2.06543e-12 -3.97199e-14)
(-5.52807e-12 -3.46965e-13 -1.10982e-14)
(-8.63324e-13 -5.60751e-14 -2.33646e-15)
(-1.37851e-13 -8.17763e-15 -2.33646e-15)
(-1.86917e-14 2.33646e-15 0)
(-4.67293e-15 2.33646e-15 -1.16823e-15)
(2.33646e-15 2.33646e-15 -5.84116e-16)
(2.33646e-15 0 0)
(-2.33646e-15 1.16823e-15 0)
(0 0 -1.16823e-15)
(2.33646e-15 2.33646e-15 0)
(0 2.33646e-15 0)
(0 0 0)
(-2.33646e-15 2.33646e-15 -5.84116e-16)
(2.33646e-15 0 0)
(-2.33646e-15 2.33646e-15 0)
(2.33646e-15 0 -5.84116e-16)
(0 2.33646e-15 0)
(-2.33646e-15 0 -1.16823e-15)
(2.33646e-15 -4.67293e-15 0)
(0 -1.16823e-15 0)
(-2.33646e-15 4.67293e-15 -5.84116e-16)
(2.33646e-15 0 0)
(-0.000181468 -1.09951e-05 -7.10451e-09)
(-3.66653e-05 -3.3168e-06 -2.06961e-09)
(-6.9786e-06 -7.64738e-07 -5.68579e-10)
(-1.27138e-06 -1.55909e-07 -1.46063e-10)
(-2.2375e-07 -2.95091e-08 -3.57158e-11)
(-3.82636e-08 -5.30458e-09 -8.50006e-12)
(-6.38482e-09 -9.17338e-10 -1.99592e-12)
(-1.04287e-09 -1.53884e-10 -4.66709e-13)
(-1.67174e-10 -2.51964e-11 -1.10982e-13)
(-2.63623e-11 -4.04792e-12 -2.57011e-14)
(-4.09933e-12 -6.37855e-13 -7.59351e-15)
(-6.32014e-13 -9.92997e-14 -1.16823e-15)
(-9.5795e-14 -1.5187e-14 1.16823e-15)
(-1.5187e-14 0 0)
(-1.16823e-15 3.5047e-15 0)
(0 2.33646e-15 0)
(0 0 0)
(1.16823e-15 -1.16823e-15 1.16823e-15)
(-1.16823e-15 1.16823e-15 1.16823e-15)
(-2.33646e-15 0 5.84116e-16)
(0 0 1.16823e-15)
(2.33646e-15 0 5.84116e-16)
(1.16823e-15 1.16823e-15 1.16823e-15)
(-1.16823e-15 0 0)
(0 0 5.84116e-16)
(0 2.33646e-15 0)
(0 0 0)
(-2.33646e-15 0 0)
(0 2.33646e-15 -1.16823e-15)
(2.33646e-15 0 -1.16823e-15)
(0 0 0)
(0 2.33646e-15 -5.84116e-16)
(-0.000178486 -6.6511e-05 -5.01634e-09)
(-2.78197e-05 -1.17119e-05 -1.18047e-09)
(-4.38923e-06 -2.02599e-06 -2.82865e-10)
(-6.97224e-07 -3.44091e-07 -6.66599e-11)
(-1.10938e-07 -5.73855e-08 -1.5319e-11)
(-1.76064e-08 -9.40363e-09 -3.45037e-12)
(-2.77831e-09 -1.51552e-09 -7.68697e-13)
(-4.35017e-10 -2.40498e-10 -1.7173e-13)
(-6.75075e-11 -3.76288e-11 -3.91358e-14)
(-1.03762e-11 -5.81429e-12 -1.05141e-14)
(-1.57945e-12 -8.89025e-13 -2.92058e-15)
(-2.40656e-13 -1.35515e-13 0)
(-3.5047e-14 -1.86917e-14 0)
(-3.5047e-15 -3.5047e-15 5.84116e-16)
(-2.33646e-15 -1.16823e-15 1.16823e-15)
(-1.16823e-15 0 1.75235e-15)
(0 0 1.16823e-15)
(-2.33646e-15 0 -5.84116e-16)
(2.33646e-15 -1.16823e-15 0)
(0 0 0)
(0 0 0)
(0 0 5.84116e-16)
(0 -1.16823e-15 0)
(-2.33646e-15 0 -5.84116e-16)
(2.33646e-15 0 0)
(0 0 0)
(-2.33646e-15 0 -5.84116e-16)
(2.33646e-15 0 -1.16823e-15)
(0 2.33646e-15 0)
(1.16823e-15 0 0)
(-1.16823e-15 0 0)
(0 0 1.16823e-15)
(-1.27689 -5.64908e-10 4.82346e-09)
(-0.819961 -1.88469e-09 1.61436e-08)
(-0.386082 -6.31253e-09 1.01778e-08)
(-0.146014 -3.07906e-08 -1.67807e-09)
(-0.0469787 -1.73002e-07 -7.31685e-09)
(-0.0133568 -9.99144e-07 -6.68497e-09)
(-0.00347334 -5.72815e-06 -3.84563e-09)
(-0.0010058 -3.231e-05 -1.34167e-09)
(-1.27689 -1.63468e-09 4.82133e-09)
(-0.819961 -3.8117e-09 1.61394e-08)
(-0.386082 -6.19985e-09 1.01713e-08)
(-0.146014 -1.73256e-08 -1.68127e-09)
(-0.046979 -7.64962e-08 -7.28892e-09)
(-0.0133579 -3.56694e-07 -6.57844e-09)
(-0.00347682 -1.46323e-06 -3.93978e-09)
(-0.00100083 -4.25144e-06 -1.2829e-09)
(-1.27689 -6.20115e-09 4.81363e-09)
(-0.819961 -1.33027e-08 1.61208e-08)
(-0.386082 -1.39903e-08 1.01503e-08)
(-0.146014 -1.45755e-08 -1.7027e-09)
(-0.046979 -2.89383e-08 -7.3212e-09)
(-0.0133582 -9.40191e-08 -6.64633e-09)
(-0.00347724 -2.93105e-07 -3.94875e-09)
(-0.00100008 -5.59506e-07 -1.26459e-09)
(-1.27689 -2.5048e-08 4.78592e-09)
(-0.819961 -5.07371e-08 1.60786e-08)
(-0.386082 -4.85403e-08 1.01147e-08)
(-0.146014 -3.39427e-08 -1.72428e-09)
(-0.0469791 -2.24073e-08 -7.327e-09)
(-0.0133582 -2.36454e-08 -6.64719e-09)
(-0.00347728 -4.39878e-08 -3.94397e-09)
(-0.000999976 -6.42182e-08 -1.26463e-09)
(-1.27689 -1.01702e-07 4.67173e-09)
(-0.819961 -2.0819e-07 1.58134e-08)
(-0.386082 -1.92294e-07 9.86848e-09)
(-0.146014 -1.24798e-07 -1.88856e-09)
(-0.046979 -5.98555e-08 -7.4002e-09)
(-0.0133582 -9.03309e-09 -6.6668e-09)
(-0.00347728 3.55076e-08 -3.92539e-09)
(-0.000999976 6.37133e-08 -1.17455e-09)
(-1.27689 -4.19913e-07 4.25133e-09)
(-0.819961 -8.17346e-07 1.52196e-08)
(-0.386082 -7.31859e-07 9.41462e-09)
(-0.146014 -4.59149e-07 -2.1351e-09)
(-0.0469789 -2.1084e-07 -7.48643e-09)
(-0.0133581 -7.64824e-09 -6.64229e-09)
(-0.00347721 2.59106e-07 -3.7675e-09)
(-0.00100007 5.54012e-07 -1.28321e-09)
(-1.27689 -1.75074e-06 2.5791e-09)
(-0.819961 -3.40399e-06 1.14247e-08)
(-0.386082 -2.9371e-06 6.10028e-09)
(-0.146014 -1.76439e-06 -4.13525e-09)
(-0.0469786 -7.82783e-07 -8.42436e-09)
(-0.0133577 7.31834e-09 -6.99557e-09)
(-0.00347671 1.34435e-06 -4.12586e-09)
(-0.00100079 4.22085e-06 -1.17863e-09)
(-1.27689 -7.53181e-06 -3.22152e-09)
(-0.819962 -1.38451e-05 4.11854e-09)
(-0.386081 -1.1452e-05 1.20156e-09)
(-0.146012 -6.62356e-06 -6.62795e-09)
(-0.0469772 -2.90423e-06 -9.4238e-09)
(-0.013356 -2.07274e-07 -7.36078e-09)
(-0.00347299 5.3071e-06 -3.88111e-09)
(-0.00100564 3.21816e-05 -1.23426e-09)
(-1.27689 -5.71417e-10 -6.5442e-08)
(-0.819961 -1.90647e-09 -1.82504e-07)
(-0.386082 -6.35137e-09 -2.33144e-07)
(-0.146014 -3.08496e-08 -2.09078e-07)
(-0.0469787 -1.731e-07 -1.44014e-07)
(-0.0133568 -9.99151e-07 -8.00206e-08)
(-0.00347333 -5.72788e-06 -3.61792e-08)
(-0.00100579 -3.23091e-05 -1.05285e-08)
(-1.27689 -1.65434e-09 -6.54423e-08)
(-0.819961 -3.85729e-09 -1.82503e-07)
(-0.386082 -6.25472e-09 -2.33139e-07)
(-0.146014 -1.73749e-08 -2.09053e-07)
(-0.046979 -7.65049e-08 -1.43923e-07)
(-0.0133579 -3.56616e-07 -7.97756e-08)
(-0.0034768 -1.46343e-06 -3.60041e-08)
(-0.00100082 -4.25128e-06 -9.88518e-09)
(-1.27689 -6.27198e-09 -6.54451e-08)
(-0.819961 -1.34244e-08 -1.8251e-07)
(-0.386082 -1.41035e-08 -2.33145e-07)
(-0.146014 -1.46615e-08 -2.09052e-07)
(-0.0469791 -2.90144e-08 -1.43916e-07)
(-0.0133582 -9.41565e-08 -7.97626e-08)
(-0.00347722 -2.93113e-07 -3.58679e-08)
(-0.00100007 -5.5947e-07 -9.77605e-09)
(-1.27689 -2.53318e-08 -6.54539e-08)
(-0.819961 -5.13519e-08 -1.82508e-07)
(-0.386082 -4.9104e-08 -2.33133e-07)
(-0.146014 -3.43144e-08 -2.09033e-07)
(-0.0469791 -2.25653e-08 -1.43888e-07)
(-0.0133582 -2.36863e-08 -7.97328e-08)
(-0.00347727 -4.39411e-08 -3.5822e-08)
(-0.000999965 -6.40382e-08 -9.74216e-09)
(-1.27689 -1.02772e-07 -6.55034e-08)
(-0.819961 -2.09908e-07 -1.82635e-07)
(-0.386082 -1.93695e-07 -2.33239e-07)
(-0.146014 -1.25619e-07 -2.09093e-07)
(-0.046979 -6.01744e-08 -1.43902e-07)
(-0.0133582 -9.02331e-09 -7.9731e-08)
(-0.00347727 3.58606e-08 -3.58008e-08)
(-0.000999965 6.36762e-08 -9.64879e-09)
(-1.27689 -4.24099e-07 -6.56592e-08)
(-0.819961 -8.26123e-07 -1.8262e-07)
(-0.386082 -7.39396e-07 -2.33083e-07)
(-0.146014 -4.63642e-07 -2.08902e-07)
(-0.046979 -2.12889e-07 -1.43759e-07)
(-0.0133581 -8.30578e-09 -7.9626e-08)
(-0.0034772 2.58705e-07 -3.56669e-08)
(-0.00100006 5.54003e-07 -9.85414e-09)
(-1.27689 -1.76569e-06 -6.64588e-08)
(-0.819961 -3.42619e-06 -1.84624e-07)
(-0.386082 -2.95352e-06 -2.34667e-07)
(-0.146014 -1.77337e-06 -2.09688e-07)
(-0.0469786 -7.86658e-07 -1.4405e-07)
(-0.0133577 5.88138e-09 -7.97546e-08)
(-0.0034767 1.34412e-06 -3.60993e-08)
(-0.00100078 4.22095e-06 -9.81188e-09)
(-1.27689 -7.58611e-06 -6.87749e-08)
(-0.819962 -1.39513e-05 -1.841e-07)
(-0.386081 -1.1536e-05 -2.32113e-07)
(-0.146012 -6.66862e-06 -2.07214e-07)
(-0.0469772 -2.92369e-06 -1.42441e-07)
(-0.013356 -2.14117e-07 -7.9072e-08)
(-0.00347298 5.30489e-06 -3.57732e-08)
(-0.00100563 3.2179e-05 -1.05265e-08)
(-1.27689 -5.65315e-10 -2.20332e-07)
(-0.819961 -1.88814e-09 -6.37357e-07)
(-0.386082 -6.29605e-09 -7.7605e-07)
(-0.146014 -3.07154e-08 -6.51227e-07)
(-0.0469785 -1.72739e-07 -4.21273e-07)
(-0.0133566 -9.98127e-07 -2.21693e-07)
(-0.0034732 -5.72534e-06 -9.62212e-08)
(-0.00100571 -3.23022e-05 -2.6445e-08)
(-1.27689 -1.64091e-09 -2.20321e-07)
(-0.819961 -3.82358e-09 -6.37328e-07)
(-0.386082 -6.20147e-09 -7.75992e-07)
(-0.146014 -1.72727e-08 -6.51123e-07)
(-0.0469787 -7.62999e-08 -4.21105e-07)
(-0.0133577 -3.56178e-07 -2.21386e-07)
(-0.00347668 -1.4626e-06 -9.47439e-08)
(-0.00100074 -4.24993e-06 -2.49938e-08)
(-1.27689 -6.22429e-09 -2.20283e-07)
(-0.819961 -1.33129e-08 -6.37237e-07)
(-0.386082 -1.39771e-08 -7.75879e-07)
(-0.146014 -1.45343e-08 -6.50989e-07)
(-0.0469788 -2.88696e-08 -4.20889e-07)
(-0.013358 -9.39335e-08 -2.20985e-07)
(-0.0034771 -2.92741e-07 -9.44524e-08)
(-0.000999993 -5.5922e-07 -2.4623e-08)
(-1.27689 -2.51646e-08 -2.20151e-07)
(-0.819961 -5.09881e-08 -6.3698e-07)
(-0.386082 -4.87293e-08 -7.75617e-07)
(-0.146014 -3.40256e-08 -6.50778e-07)
(-0.0469788 -2.23803e-08 -4.20733e-07)
(-0.013358 -2.35821e-08 -2.20801e-07)
(-0.00347714 -4.38536e-08 -9.41996e-08)
(-0.000999884 -6.39637e-08 -2.45049e-08)
(-1.27689 -1.02113e-07 -2.19612e-07)
(-0.819961 -2.08415e-07 -6.35737e-07)
(-0.386082 -1.92195e-07 -7.74398e-07)
(-0.146014 -1.24536e-07 -6.49915e-07)
(-0.0469788 -5.95968e-08 -4.20288e-07)
(-0.013358 -8.8195e-09 -2.20627e-07)
(-0.00347714 3.58178e-08 -9.42108e-08)
(-0.000999885 6.34894e-08 -2.47687e-08)
(-1.27689 -4.21824e-07 -2.17649e-07)
(-0.819962 -8.21324e-07 -6.32107e-07)
(-0.386082 -7.34716e-07 -7.70964e-07)
(-0.146014 -4.60338e-07 -6.47565e-07)
(-0.0469787 -2.11135e-07 -4.19064e-07)
(-0.0133579 -7.69558e-09 -2.20316e-07)
(-0.00347707 2.58509e-07 -9.47203e-08)
(-0.000999984 5.53685e-07 -2.47251e-08)
(-1.27689 -1.75697e-06 -2.09846e-07)
(-0.819962 -3.40695e-06 -6.14439e-07)
(-0.386082 -2.93516e-06 -7.54565e-07)
(-0.146014 -1.76101e-06 -6.36923e-07)
(-0.0469783 -7.80146e-07 -4.13712e-07)
(-0.0133575 8.42631e-09 -2.18344e-07)
(-0.00347657 1.34414e-06 -9.39012e-08)
(-0.0010007 4.21951e-06 -2.5405e-08)
(-1.27689 -7.55843e-06 -1.8283e-07)
(-0.819963 -1.38954e-05 -5.674e-07)
(-0.386081 -1.14844e-05 -7.12668e-07)
(-0.146012 -6.63452e-06 -6.09543e-07)
(-0.0469769 -2.90589e-06 -3.99465e-07)
(-0.0133558 -2.06956e-07 -2.12477e-07)
(-0.00347286 5.30528e-06 -9.37935e-08)
(-0.00100555 3.21724e-05 -2.70289e-08)
(-1.27689 -5.3616e-10 -1.50066e-07)
(-0.819962 -1.78521e-09 -4.38709e-07)
(-0.386082 -6.08857e-09 -5.32728e-07)
(-0.146014 -3.02357e-08 -4.43827e-07)
(-0.0469779 -1.71548e-07 -2.84575e-07)
(-0.0133561 -9.95766e-07 -1.48357e-07)
(-0.00347294 -5.72013e-06 -6.38876e-08)
(-0.00100554 -3.22892e-05 -1.72582e-08)
(-1.27689 -1.55649e-09 -1.50057e-07)
(-0.819962 -3.61716e-09 -4.38686e-07)
(-0.386082 -5.91365e-09 -5.32682e-07)
(-0.146014 -1.68994e-08 -4.43751e-07)
(-0.0469781 -7.57371e-08 -2.84472e-07)
(-0.0133573 -3.55201e-07 -1.48188e-07)
(-0.00347641 -1.45989e-06 -6.26796e-08)
(-0.00100058 -4.24764e-06 -1.63915e-08)
(-1.27689 -5.93259e-09 -1.50024e-07)
(-0.819962 -1.2728e-08 -4.38606e-07)
(-0.386082 -1.33524e-08 -5.32584e-07)
(-0.146014 -1.39719e-08 -4.4364e-07)
(-0.0469782 -2.82698e-08 -2.84294e-07)
(-0.0133575 -9.29873e-08 -1.47869e-07)
(-0.00347683 -2.92024e-07 -6.25333e-08)
(-0.000999835 -5.58492e-07 -1.61115e-08)
(-1.27689 -2.39902e-08 -1.49911e-07)
(-0.819962 -4.83524e-08 -4.38393e-07)
(-0.386082 -4.61407e-08 -5.3237e-07)
(-0.146014 -3.21661e-08 -4.4347e-07)
(-0.0469782 -2.13632e-08 -2.84172e-07)
(-0.0133576 -2.29714e-08 -1.47715e-07)
(-0.00347688 -4.34578e-08 -6.23216e-08)
(-0.000999728 -6.43296e-08 -1.60274e-08)
(-1.27689 -9.77674e-08 -1.49437e-07)
(-0.819962 -2.00162e-07 -4.37288e-07)
(-0.386082 -1.84389e-07 -5.3129e-07)
(-0.146014 -1.19193e-07 -4.4271e-07)
(-0.0469782 -5.6837e-08 -2.83785e-07)
(-0.0133575 -8.05307e-09 -1.47563e-07)
(-0.00347687 3.48192e-08 -6.23354e-08)
(-0.000999728 6.32358e-08 -1.62944e-08)
(-1.27689 -4.04565e-07 -1.47738e-07)
(-0.819962 -7.83527e-07 -4.34267e-07)
(-0.386082 -6.9973e-07 -5.28467e-07)
(-0.146014 -4.37658e-07 -4.40798e-07)
(-0.0469781 -1.99738e-07 -2.82792e-07)
(-0.0133575 -3.73898e-09 -1.47332e-07)
(-0.00347681 2.59324e-07 -6.28208e-08)
(-0.000999826 5.52731e-07 -1.61541e-08)
(-1.27689 -1.69605e-06 -1.40808e-07)
(-0.819963 -3.29678e-06 -4.1839e-07)
(-0.386082 -2.83693e-06 -5.13797e-07)
(-0.146013 -1.69733e-06 -4.31371e-07)
(-0.0469778 -7.47458e-07 -2.78087e-07)
(-0.0133571 2.15599e-08 -1.45585e-07)
(-0.00347632 1.34598e-06 -6.19277e-08)
(-0.00100054 4.21634e-06 -1.67718e-08)
(-1.27689 -7.33208e-06 -1.17276e-07)
(-0.819963 -1.34256e-05 -3.79182e-07)
(-0.386081 -1.10787e-05 -4.79354e-07)
(-0.146012 -6.39305e-06 -4.08957e-07)
(-0.0469764 -2.79075e-06 -2.66448e-07)
(-0.0133554 -1.62679e-07 -1.40765e-07)
(-0.00347261 5.31536e-06 -6.19013e-08)
(-0.00100539 3.21648e-05 -1.77367e-08)
(-1.27691 -3.34207e-05 -2.45706e-08)
(-0.819965 -5.95616e-05 -4.17063e-08)
(-0.386075 -4.67035e-05 -3.5889e-08)
(-0.146005 -2.55695e-05 -2.66631e-08)
(-0.0469722 -1.1005e-05 -1.81551e-08)
(-0.0133495 -3.11509e-06 -1.04171e-08)
(-0.00344433 4.64323e-06 -5.22784e-09)
(-0.000826832 3.38339e-05 -2.49675e-09)
(-1.27699 -0.000154312 -8.72807e-08)
(-0.819976 -0.000255111 -1.05727e-07)
(-0.386047 -0.000188139 -7.04328e-08)
(-0.145976 -9.73689e-05 -4.03839e-08)
(-0.0469547 -4.02254e-05 -2.23631e-08)
(-0.0133403 -1.37964e-05 -1.16909e-08)
(-0.00343605 -2.56803e-06 -5.71641e-09)
(-0.000817928 5.5049e-06 -2.44432e-09)
(-1.27732 -0.000730141 -2.75523e-07)
(-0.819999 -0.00111282 -4.91033e-07)
(-0.385917 -0.00075985 -3.52834e-07)
(-0.145857 -0.000366086 -1.79973e-07)
(-0.0468886 -0.000141801 -7.64254e-08)
(-0.0133119 -4.69239e-05 -2.92774e-08)
(-0.00342502 -1.34145e-05 -1.06178e-08)
(-0.000813583 -2.45357e-06 -3.7061e-09)
(-1.27883 -0.00349086 -6.67506e-07)
(-0.820005 -0.00472097 -6.95628e-07)
(-0.3853 -0.00294888 -3.8206e-07)
(-0.145358 -0.00131665 -1.59742e-07)
(-0.0466356 -0.000477019 -5.87877e-08)
(-0.013212 -0.000148967 -2.08433e-08)
(-0.00339158 -4.14717e-05 -7.43821e-09)
(-0.000803613 -1.03736e-05 -2.6663e-09)
(-1.28553 -0.0164707 -1.26216e-06)
(-0.819457 -0.0190168 -2.08797e-06)
(-0.382513 -0.0106453 -1.351e-06)
(-0.143386 -0.0043483 -6.01834e-07)
(-0.0457209 -0.00146092 -2.15774e-07)
(-0.0128763 -0.000427331 -6.77219e-08)
(-0.00328643 -0.000112472 -1.96271e-08)
(-0.000774323 -2.71909e-05 -5.49026e-09)
(-1.31432 -0.0759107 -1.70007e-06)
(-0.81418 -0.0700208 -8.85868e-07)
(-0.370631 -0.0342191 -1.83546e-07)
(-0.136174 -0.0126385 1.1232e-08)
(-0.0427146 -0.00391866 2.30234e-08)
(-0.0118635 -0.00107212 9.59137e-09)
(-0.00299144 -0.000266484 2.36853e-09)
(-0.000697246 -6.13366e-05 2.34883e-10)
(-1.43146 -0.341383 1.3359e-06)
(-0.777766 -0.223685 1.66335e-06)
(-0.32513 -0.0915456 9.96817e-07)
(-0.113085 -0.0300995 4.30977e-07)
(-0.0341545 -0.00857565 1.50628e-07)
(-0.00922413 -0.0021972 4.46564e-08)
(-0.00227565 -0.000517826 1.14713e-08)
(-0.000521087 -0.000114002 2.53729e-09)
(-1.87938 -1.52218 7.73938e-07)
(-0.564343 -0.554488 6.58959e-07)
(-0.177046 -0.180076 3.30011e-07)
(-0.0532041 -0.0523121 1.28377e-07)
(-0.0148123 -0.0137867 4.18476e-08)
(-0.00380568 -0.00334527 1.18184e-08)
(-0.000908239 -0.000756919 2.89716e-09)
(-0.00020313 -0.000161386 6.05299e-10)
(-1.27691 -3.35888e-05 -7.97698e-08)
(-0.819965 -5.97812e-05 -2.09823e-07)
(-0.386075 -4.68468e-05 -2.50902e-07)
(-0.146005 -2.56371e-05 -2.15168e-07)
(-0.0469721 -1.10309e-05 -1.44882e-07)
(-0.0133495 -3.12375e-06 -7.95955e-08)
(-0.00344431 4.63956e-06 -3.7008e-08)
(-0.000826823 3.38315e-05 -1.44486e-08)
(-1.27699 -0.000154814 -1.03982e-07)
(-0.819976 -0.00025601 -1.90841e-07)
(-0.386046 -0.000188773 -2.11726e-07)
(-0.145976 -9.76755e-05 -1.83769e-07)
(-0.0469547 -4.03419e-05 -1.26939e-07)
(-0.0133403 -1.38342e-05 -7.17465e-08)
(-0.00343603 -2.57881e-06 -3.43755e-08)
(-0.000817918 5.50248e-06 -1.40206e-08)
(-1.27732 -0.000731301 -2.02014e-07)
(-0.819999 -0.001114 -4.16838e-07)
(-0.385916 -0.000760473 -3.58022e-07)
(-0.145857 -0.000366324 -2.40796e-07)
(-0.0468883 -0.000141874 -1.40313e-07)
(-0.0133117 -4.69422e-05 -7.23944e-08)
(-0.00342497 -1.3418e-05 -3.31213e-08)
(-0.000813564 -2.45401e-06 -1.35183e-08)
(-1.27883 -0.00349283 -3.14552e-07)
(-0.820005 -0.00472416 -4.11547e-08)
(-0.385299 -0.00295088 8.44965e-08)
(-0.145358 -0.00131749 4.37384e-08)
(-0.0466353 -0.000477298 -5.62756e-09)
(-0.0132119 -0.000149044 -1.93532e-08)
(-0.00339154 -4.14897e-05 -1.49024e-08)
(-0.0008036 -1.03772e-05 -7.87526e-09)
(-1.28554 -0.0164728 -5.44562e-07)
(-0.819457 -0.0190172 -9.23063e-07)
(-0.38251 -0.0106449 -4.72986e-07)
(-0.143383 -0.00434796 -1.56073e-07)
(-0.0457199 -0.00146076 -4.76504e-08)
(-0.0128759 -0.00042727 -1.98339e-08)
(-0.00328631 -0.000112453 -1.04642e-08)
(-0.000774287 -2.71851e-05 -5.28886e-09)
(-1.31432 -0.0759055 -2.47546e-07)
(-0.814177 -0.0700133 1.84541e-06)
(-0.37063 -0.0342144 1.84129e-06)
(-0.136174 -0.0126365 1.02209e-06)
(-0.0427146 -0.00391793 4.13259e-07)
(-0.0118635 -0.0010719 1.32863e-07)
(-0.00299145 -0.000266422 3.482e-08)
(-0.000697251 -6.13205e-05 7.20582e-09)
(-1.43146 -0.341378 2.36406e-06)
(-0.777766 -0.223682 3.03317e-06)
(-0.325133 -0.0915446 2.10125e-06)
(-0.113087 -0.0300993 1.05535e-06)
(-0.0341553 -0.00857561 4.20765e-07)
(-0.00922441 -0.00219719 1.39835e-07)
(-0.00227573 -0.000517825 3.96666e-08)
(-0.000521109 -0.000114002 9.67546e-09)
(-1.87938 -1.52219 4.80185e-07)
(-0.564344 -0.554493 3.86907e-07)
(-0.177047 -0.180079 1.29774e-07)
(-0.0532047 -0.0523132 2.10824e-08)
(-0.0148125 -0.0137871 -2.74457e-09)
(-0.00380576 -0.00334538 -3.84892e-09)
(-0.000908261 -0.000756948 -2.05621e-09)
(-0.000203136 -0.000161393 -8.84099e-10)
(-1.27691 -3.34911e-05 -8.2832e-08)
(-0.819966 -5.9575e-05 -3.51591e-07)
(-0.386075 -4.66627e-05 -5.25914e-07)
(-0.146005 -2.55227e-05 -4.99138e-07)
(-0.0469719 -1.0974e-05 -3.47242e-07)
(-0.0133493 -3.10044e-06 -1.92625e-07)
(-0.0034442 4.64602e-06 -8.86655e-08)
(-0.000826765 3.38269e-05 -3.25019e-08)
(-1.27699 -0.000154557 2.15919e-07)
(-0.819976 -0.000255525 1.25454e-07)
(-0.386047 -0.000188353 -1.2727e-07)
(-0.145976 -9.74202e-05 -2.56659e-07)
(-0.0469545 -4.02162e-05 -2.28809e-07)
(-0.0133402 -1.3782e-05 -1.43239e-07)
(-0.00343593 -2.56025e-06 -7.10617e-08)
(-0.000817869 5.50676e-06 -2.91496e-08)
(-1.27732 -0.000730562 1.13833e-06)
(-0.82 -0.00111252 2.0007e-06)
(-0.385917 -0.000759258 1.34887e-06)
(-0.145857 -0.000365631 5.38716e-07)
(-0.0468883 -0.000141559 1.10842e-07)
(-0.0133116 -4.68191e-05 -1.93276e-08)
(-0.00342491 -1.33756e-05 -3.13256e-08)
(-0.000813527 -2.44128e-06 -1.78088e-08)
(-1.27883 -0.00349154 3.13916e-06)
(-0.820005 -0.00472198 4.7496e-06)
(-0.3853 -0.00294911 3.5515e-06)
(-0.145359 -0.00131648 1.82252e-06)
(-0.0466357 -0.000476834 7.08116e-07)
(-0.013212 -0.000148862 2.14531e-07)
(-0.00339155 -4.14264e-05 4.88141e-08)
(-0.00080359 -1.03571e-05 6.42091e-09)
(-1.28553 -0.0164706 6.93244e-06)
(-0.819457 -0.019013 1.21947e-05)
(-0.382511 -0.0106418 8.75496e-06)
(-0.143385 -0.00434634 4.26942e-06)
(-0.0457206 -0.00146008 1.61757e-06)
(-0.0128762 -0.000427026 5.04054e-07)
(-0.0032864 -0.000112373 1.31631e-07)
(-0.000774306 -2.71607e-05 2.84417e-08)
(-1.31431 -0.0759049 1.00508e-05)
(-0.814176 -0.0700128 1.43014e-05)
(-0.370633 -0.0342139 1.11001e-05)
(-0.136177 -0.0126361 6.03139e-06)
(-0.0427164 -0.00391773 2.54441e-06)
(-0.0118643 -0.0010718 8.86226e-07)
(-0.00299169 -0.000266384 2.64729e-07)
(-0.000697313 -6.13066e-05 6.93714e-08)
(-1.43145 -0.341381 3.6242e-06)
(-0.777766 -0.223688 5.57997e-06)
(-0.325134 -0.091549 3.42567e-06)
(-0.113089 -0.0301015 1.48494e-06)
(-0.0341563 -0.00857648 5.23806e-07)
(-0.00922489 -0.00219747 1.58239e-07)
(-0.00227591 -0.0005179 4.1455e-08)
(-0.000521162 -0.000114019 9.23663e-09)
(-1.87938 -1.52219 -1.30035e-06)
(-0.564344 -0.554495 -1.65748e-06)
(-0.177047 -0.18008 -1.2737e-06)
(-0.0532044 -0.0523142 -6.84828e-07)
(-0.0148123 -0.0137876 -2.85308e-07)
(-0.00380568 -0.00334554 -9.91012e-08)
(-0.000908233 -0.000756994 -3.02268e-08)
(-0.000203127 -0.000161404 -8.42671e-09)
(-1.27691 -3.27913e-05 -2.76328e-08)
(-0.819966 -5.83955e-05 -1.83474e-07)
(-0.386075 -4.5676e-05 -3.10901e-07)
(-0.146005 -2.49313e-05 -3.10633e-07)
(-0.0469715 -1.06896e-05 -2.20516e-07)
(-0.013349 -2.98527e-06 -1.23447e-07)
(-0.00344399 4.68502e-06 -5.68853e-08)
(-0.000826662 3.38272e-05 -2.055e-08)
(-1.27699 -0.000152372 2.3262e-07)
(-0.819976 -0.000251305 2.10568e-07)
(-0.386047 -0.000185023 1.40231e-08)
(-0.145977 -9.55998e-05 -1.13274e-07)
(-0.0469544 -3.94258e-05 -1.24233e-07)
(-0.01334 -1.34876e-05 -8.31833e-08)
(-0.0034358 -2.46413e-06 -4.24026e-08)
(-0.000817795 5.53187e-06 -1.75733e-08)
(-1.27731 -0.000725455 1.06482e-06)
(-0.819999 -0.00110475 1.9265e-06)
(-0.385919 -0.000753116 1.35406e-06)
(-0.145859 -0.000362166 5.99539e-07)
(-0.0468894 -0.00014 1.74729e-07)
(-0.013312 -4.62267e-05 2.37894e-08)
(-0.00342497 -1.31782e-05 -8.82212e-09)
(-0.000813516 -2.38287e-06 -7.99656e-09)
(-1.27882 -0.00348124 2.78621e-06)
(-0.820004 -0.00470378 4.09513e-06)
(-0.385305 -0.00293607 3.08494e-06)
(-0.145363 -0.00131003 1.61904e-06)
(-0.0466385 -0.000474285 6.54956e-07)
(-0.0132132 -0.000147997 2.1304e-07)
(-0.00339196 -4.11638e-05 5.62783e-08)
(-0.000803699 -1.02847e-05 1.16299e-08)
(-1.2855 -0.016459 6.21484e-06)
(-0.819454 -0.018998 1.10298e-05)
(-0.382526 -0.0106298 7.87694e-06)
(-0.143398 -0.00433954 3.82366e-06)
(-0.0457274 -0.00145709 1.44945e-06)
(-0.0128789 -0.000425926 4.56166e-07)
(-0.00328726 -0.000112021 1.22468e-07)
(-0.000774541 -2.70592e-05 2.82403e-08)
(-1.31427 -0.0759122 8.59824e-06)
(-0.814175 -0.0700265 1.15701e-05)
(-0.370646 -0.034225 9.07522e-06)
(-0.136191 -0.012642 5.02053e-06)
(-0.0427249 -0.00392012 2.15418e-06)
(-0.0118681 -0.00107259 7.62954e-07)
(-0.00299309 -0.000266602 2.32278e-07)
(-0.000697748 -6.13589e-05 6.24004e-08)
(-1.43144 -0.3414 2.59603e-06)
(-0.777767 -0.223714 4.21015e-06)
(-0.325141 -0.0915693 2.32124e-06)
(-0.113093 -0.0301127 8.6056e-07)
(-0.0341579 -0.00858127 2.53669e-07)
(-0.00922538 -0.00219917 6.306e-08)
(-0.00227603 -0.000518415 1.32598e-08)
(-0.000521188 -0.000114157 2.09846e-09)
(-1.87939 -1.52219 -1.0066e-06)
(-0.564344 -0.554501 -1.38543e-06)
(-0.177045 -0.180083 -1.07347e-06)
(-0.0532027 -0.0523148 -5.77534e-07)
(-0.0148114 -0.0137876 -2.40715e-07)
(-0.00380525 -0.0033455 -8.3434e-08)
(-0.00090808 -0.00075697 -2.52735e-08)
(-0.00020308 -0.000161394 -6.93731e-09)
(-0.00017843 6.63968e-05 -7.0782e-10)
(-2.78043e-05 1.16824e-05 -1.90403e-10)
(-4.38426e-06 2.01913e-06 -4.92533e-11)
(-6.95886e-07 3.42735e-07 -1.24534e-11)
(-1.10662e-07 5.71785e-08 -3.12327e-12)
(-1.75694e-08 9.3897e-09 -7.79795e-13)
(-2.77935e-09 1.52132e-09 -1.92758e-13)
(-4.37921e-10 2.43997e-10 -4.78975e-14)
(-6.88241e-11 3.89243e-11 -1.16823e-14)
(-1.08283e-11 6.21733e-12 -1.16823e-15)
(-1.71496e-12 1.00702e-12 -1.16823e-15)
(-2.74535e-13 1.67057e-13 -5.84116e-16)
(-4.67293e-14 2.92058e-14 5.84116e-16)
(-9.34586e-15 4.67293e-15 0)
(0 -1.16823e-15 0)
(0 1.16823e-15 -1.16823e-15)
(-2.33646e-15 0 -1.16823e-15)
(0 0 0)
(0 2.33646e-15 0)
(0 -1.16823e-15 0)
(0 0 -5.84116e-16)
(0 0 0)
(0 0 0)
(0 0 0)
(0 0 0)
(2.33646e-15 0 0)
(-2.33646e-15 -2.33646e-15 0)
(0 0 0)
(0 0 0)
(0 2.33646e-15 0)
(0 0 0)
(0 0 0)
(-0.000181126 1.06806e-05 -8.70475e-10)
(-3.65733e-05 3.24371e-06 -2.81231e-10)
(-6.95538e-06 7.48876e-07 -8.47897e-11)
(-1.26606e-06 1.52677e-07 -2.44044e-11)
(-2.22683e-07 2.88916e-08 -6.75647e-12)
(-3.80877e-08 5.19488e-09 -1.82244e-12)
(-6.36635e-09 8.99646e-10 -4.76055e-13)
(-1.04448e-09 1.51464e-10 -1.22664e-13)
(-1.68953e-10 2.4978e-11 -3.09582e-14)
(-2.70913e-11 4.06545e-12 -5.84116e-15)
(-4.33531e-12 6.58883e-13 -2.92058e-15)
(-7.00939e-13 1.07477e-13 -1.16823e-15)
(-1.16823e-13 1.75235e-14 5.84116e-16)
(-1.86917e-14 1.16823e-15 0)
(-3.5047e-15 0 5.84116e-16)
(0 -1.16823e-15 0)
(0 0 0)
(3.5047e-15 0 0)
(-2.33646e-15 0 -1.16823e-15)
(0 1.16823e-15 0)
(2.33646e-15 0 -5.84116e-16)
(-2.33646e-15 -1.16823e-15 0)
(-1.16823e-15 -1.16823e-15 0)
(1.16823e-15 0 0)
(0 0 0)
(-1.16823e-15 0 0)
(0 -1.16823e-15 -1.16823e-15)
(1.16823e-15 0 1.16823e-15)
(2.33646e-15 0 0)
(0 0 -1.16823e-15)
(-2.33646e-15 0 0)
(0 0 0)
(-0.000180691 9.00417e-07 -1.22526e-09)
(-3.7736e-05 5.25021e-07 -3.84272e-10)
(-7.47529e-06 1.64489e-07 -1.14984e-10)
(-1.41587e-06 4.08853e-08 -3.30966e-11)
(-2.58144e-07 8.9228e-09 -9.21151e-12)
(-4.55614e-08 1.78624e-09 -2.49476e-12)
(-7.82276e-09 3.35811e-10 -6.59467e-13)
(-1.31259e-09 6.01429e-11 -1.70562e-13)
(-2.16222e-10 1.03564e-11 -4.26405e-14)
(-3.51498e-11 1.72665e-12 -1.05141e-14)
(-5.67294e-12 2.79207e-13 -1.75235e-15)
(-9.1823e-13 4.55611e-14 0)
(-1.5187e-13 5.84116e-15 5.84116e-16)
(-2.68693e-14 2.33646e-15 -1.16823e-15)
(-3.5047e-15 0 5.84116e-16)
(0 0 0)
(2.33646e-15 0 0)
(0 0 0)
(-2.33646e-15 -3.5047e-15 0)
(2.33646e-15 2.33646e-15 0)
(-2.33646e-15 -2.33646e-15 0)
(-2.33646e-15 -2.33646e-15 1.16823e-15)
(4.67293e-15 3.5047e-15 0)
(0 0 -5.84116e-16)
(0 0 0)
(0 2.33646e-15 -5.84116e-16)
(0 3.5047e-15 -1.16823e-15)
(0 -1.16823e-15 0)
(0 0 0)
(0 -2.33646e-15 -1.16823e-15)
(-2.33646e-15 -1.16823e-15 0)
(2.33646e-15 0 0)
(-0.000178148 -2.21135e-06 -9.30362e-10)
(-3.73093e-05 -4.12749e-07 -3.11404e-10)
(-7.43952e-06 -6.89319e-08 -9.90088e-11)
(-1.42163e-06 -1.04017e-08 -3.0051e-11)
(-2.61782e-07 -1.41587e-09 -8.72144e-12)
(-4.66747e-08 -1.71304e-10 -2.44044e-12)
(-8.09245e-09 -1.78389e-11 -6.60635e-13)
(-1.36993e-09 -1.52922e-12 -1.75235e-13)
(-2.27372e-10 -1.23833e-13 -4.38087e-14)
(-3.71638e-11 -2.45329e-14 -9.92997e-15)
(-6.0164e-12 -1.16823e-14 -3.5047e-15)
(-9.75474e-13 -5.84116e-15 -5.84116e-16)
(-1.5888e-13 -4.67293e-15 1.75235e-15)
(-2.68693e-14 0 -1.16823e-15)
(-4.67293e-15 0 0)
(0 0 -5.84116e-16)
(0 -1.16823e-15 0)
(0 -1.16823e-15 0)
(2.33646e-15 1.16823e-15 0)
(0 -2.33646e-15 -1.16823e-15)
(-2.33646e-15 0 -5.84116e-16)
(2.33646e-15 3.5047e-15 0)
(2.33646e-15 -2.33646e-15 -1.16823e-15)
(-2.33646e-15 2.33646e-15 -1.16823e-15)
(2.33646e-15 0 -1.16823e-15)
(0 -2.33646e-15 -2.33646e-15)
(-2.33646e-15 0 -2.33646e-15)
(-2.33646e-15 1.16823e-15 5.84116e-16)
(0 2.33646e-15 0)
(-1.16823e-15 0 0)
(0 1.16823e-15 5.84116e-16)
(1.16823e-15 0 5.84116e-16)
(-0.00017073 -6.10516e-06 -1.51722e-09)
(-3.55935e-05 -1.28612e-06 -4.20786e-10)
(-7.07294e-06 -2.56591e-07 -1.16657e-10)
(-1.34835e-06 -4.88875e-08 -3.22701e-11)
(-2.47914e-07 -8.96116e-09 -8.81373e-12)
(-4.41634e-08 -1.59112e-09 -2.37385e-12)
(-7.65299e-09 -2.75509e-10 -6.26757e-13)
(-1.29487e-09 -4.68578e-11 -1.63553e-13)
(-2.14719e-10 -7.89141e-12 -4.20564e-14)
(-3.50376e-11 -1.33062e-12 -9.92997e-15)
(-5.65424e-12 -2.28974e-13 -1.75235e-15)
(-9.08885e-13 -3.97199e-14 0)
(-1.46029e-13 -7.00939e-15 2.33646e-15)
(-2.45329e-14 -3.5047e-15 -5.84116e-16)
(-3.5047e-15 -2.33646e-15 0)
(0 0 -1.16823e-15)
(-2.33646e-15 -2.33646e-15 1.16823e-15)
(3.5047e-15 1.16823e-15 5.84116e-16)
(0 0 0)
(-1.16823e-15 -1.16823e-15 0)
(1.16823e-15 0 -5.84116e-16)
(0 0 0)
(0 -1.16823e-15 0)
(0 0 0)
(-1.16823e-15 0 0)
(0 -3.5047e-15 0)
(1.16823e-15 -2.33646e-15 -5.84116e-16)
(2.33646e-15 2.33646e-15 -1.16823e-15)
(0 0 0)
(-2.33646e-15 0 0)
(0 0 0)
(0 -1.16823e-15 -5.84116e-16)
(-0.000152243 -1.32482e-05 -1.21507e-10)
(-3.14607e-05 -2.71184e-06 -9.38908e-11)
(-6.20229e-06 -5.30142e-07 -4.2127e-11)
(-1.174e-06 -9.96032e-08 -1.53844e-11)
(-2.14485e-07 -1.80815e-08 -4.99244e-12)
(-3.79891e-08 -3.18677e-09 -1.49767e-12)
(-6.54819e-09 -5.47771e-10 -4.229e-13)
(-1.10232e-09 -9.22623e-11 -1.15655e-13)
(-1.81842e-10 -1.53073e-11 -3.09582e-14)
(-2.95049e-11 -2.52338e-12 -5.84116e-15)
(-4.72784e-12 -4.15891e-13 -1.75235e-15)
(-7.54678e-13 -7.12622e-14 -1.75235e-15)
(-1.20328e-13 -1.40188e-14 5.84116e-16)
(-1.75235e-14 -2.33646e-15 1.16823e-15)
(-1.16823e-15 3.5047e-15 5.84116e-16)
(0 1.16823e-15 0)
(0 2.33646e-15 1.16823e-15)
(1.16823e-15 0 0)
(0 -1.16823e-15 0)
(-1.16823e-15 1.16823e-15 5.84116e-16)
(1.16823e-15 -1.16823e-15 -5.84116e-16)
(0 -1.16823e-15 0)
(0 1.16823e-15 0)
(0 -2.33646e-15 0)
(0 0 0)
(-1.16823e-15 3.5047e-15 5.84116e-16)
(0 0 0)
(1.16823e-15 -2.33646e-15 0)
(0 -2.33646e-15 0)
(-1.16823e-15 0 -5.84116e-16)
(0 0 5.84116e-16)
(1.16823e-15 0 1.16823e-15)
(-0.000112106 -2.37109e-05 4.6278e-10)
(-2.28755e-05 -4.69899e-06 5.64058e-11)
(-4.4607e-06 -8.93345e-07 -2.6957e-12)
(-8.36294e-07 -1.63822e-07 -4.9463e-12)
(-1.51498e-07 -2.91112e-08 -2.21964e-12)
(-2.66297e-08 -5.0329e-09 -7.67529e-13)
(-4.55847e-09 -8.49646e-10 -2.33646e-13)
(-7.62408e-10 -1.40564e-10 -6.71734e-14)
(-1.24979e-10 -2.28775e-11 -1.81076e-14)
(-2.0145e-11 -3.67876e-12 -2.33646e-15)
(-3.20096e-12 -5.87621e-13 -1.75235e-15)
(-5.07013e-13 -9.34586e-14 -1.16823e-15)
(-7.82716e-14 -9.34586e-15 5.84116e-16)
(-1.16823e-14 0 -1.16823e-15)
(-2.33646e-15 0 0)
(0 0 0)
(0 1.16823e-15 0)
(0 0 -5.84116e-16)
(0 0 0)
(0 0 0)
(-1.16823e-15 0 -5.84116e-16)
(1.16823e-15 0 0)
(0 0 0)
(0 0 0)
(0 0 0)
(0 0 0)
(0 0 0)
(0 0 0)
(0 0 0)
(0 0 0)
(0 0 0)
(0 0 0)
(-4.29393e-05 -3.27022e-05 9.71794e-11)
(-8.64318e-06 -6.3414e-06 6.57189e-12)
(-1.66712e-06 -1.18348e-06 -3.3978e-12)
(-3.09767e-07 -2.13583e-07 -2.1145e-12)
(-5.56963e-08 -3.74233e-08 -8.2594e-13)
(-9.72754e-09 -6.38871e-09 -2.68693e-13)
(-1.65585e-09 -1.06601e-09 -8.00239e-14)
(-2.75549e-10 -1.7439e-10 -2.27805e-14)
(-4.49547e-11 -2.80586e-11 -6.42528e-15)
(-7.21383e-12 -4.45213e-12 1.16823e-15)
(-1.14019e-12 -7.00939e-13 0)
(-1.7874e-13 -1.09814e-13 0)
(-2.68693e-14 -1.75235e-14 5.84116e-16)
(-5.84116e-15 -2.33646e-15 0)
(-1.16823e-15 0 0)
(0 0 1.75235e-15)
(0 0 0)
(1.16823e-15 0 0)
(0 1.16823e-15 0)
(0 0 0)
(0 1.16823e-15 -5.84116e-16)
(0 1.16823e-15 0)
(0 0 0)
(0 0 0)
(0 0 0)
(-1.16823e-15 0 0)
(1.16823e-15 0 0)
(0 0 0)
(0 0 0)
(0 0 0)
(-1.16823e-15 0 0)
(1.16823e-15 1.16823e-15 1.16823e-15)
(-0.000178425 6.63936e-05 -3.56833e-09)
(-2.7803e-05 1.16814e-05 -9.57066e-10)
(-4.3839e-06 2.01886e-06 -2.61508e-10)
(-6.95794e-07 3.42661e-07 -7.07178e-11)
(-1.10639e-07 5.71587e-08 -1.87326e-11)
(-1.75636e-08 9.38449e-09 -4.88438e-12)
(-2.77788e-09 1.51998e-09 -1.25176e-12)
(-4.37557e-10 2.43657e-10 -3.16007e-13)
(-6.87329e-11 3.88379e-11 -7.94398e-14)
(-1.08061e-11 6.19981e-12 -1.92758e-14)
(-1.71496e-12 1.00001e-12 -4.67293e-15)
(-2.74535e-13 1.63553e-13 -2.92058e-15)
(-4.32246e-14 2.68693e-14 -1.16823e-15)
(-1.05141e-14 2.33646e-15 -1.16823e-15)
(-1.16823e-15 2.33646e-15 0)
(0 0 0)
(0 -1.16823e-15 -5.84116e-16)
(1.16823e-15 0 -1.16823e-15)
(0 0 0)
(0 0 0)
(2.33646e-15 0 0)
(-2.33646e-15 0 0)
(0 0 0)
(0 0 5.84116e-16)
(0 0 0)
(0 -1.16823e-15 -1.16823e-15)
(0 -3.5047e-15 -1.16823e-15)
(-1.16823e-15 0 -5.84116e-16)
(0 0 -5.84116e-16)
(1.16823e-15 0 0)
(0 0 -5.84116e-16)
(0 -1.16823e-15 -5.84116e-16)
(-0.000181122 1.06795e-05 -4.83989e-09)
(-3.65718e-05 3.24332e-06 -1.49603e-09)
(-6.95487e-06 7.48744e-07 -4.40535e-10)
(-1.26591e-06 1.52636e-07 -1.26465e-10)
(-2.22638e-07 2.88795e-08 -3.54144e-11)
(-3.80752e-08 5.19145e-09 -9.69457e-12)
(-6.36295e-09 8.98714e-10 -2.58763e-12)
(-1.04359e-09 1.51219e-10 -6.75238e-13)
(-1.68724e-10 2.49149e-11 -1.74067e-13)
(-2.70329e-11 4.05026e-12 -4.49769e-14)
(-4.3248e-12 6.56546e-13 -1.22664e-14)
(-6.9393e-13 1.08646e-13 -4.08881e-15)
(-1.15655e-13 1.98599e-14 0)
(-1.63553e-14 2.33646e-15 0)
(-4.67293e-15 -2.33646e-15 1.16823e-15)
(-1.16823e-15 1.16823e-15 0)
(0 0 0)
(1.16823e-15 0 0)
(0 0 -1.16823e-15)
(0 0 5.84116e-16)
(0 -2.33646e-15 -1.16823e-15)
(0 0 0)
(-1.16823e-15 -1.16823e-15 0)
(1.16823e-15 -1.16823e-15 0)
(0 0 0)
(-3.5047e-15 -2.33646e-15 0)
(2.33646e-15 -3.5047e-15 1.16823e-15)
(1.16823e-15 -1.16823e-15 0)
(0 0 0)
(0 0 -1.16823e-15)
(0 0 0)
(0 1.16823e-15 -5.84116e-16)
(-0.000180684 9.00297e-07 -4.88006e-09)
(-3.77338e-05 5.24961e-07 -1.61685e-09)
(-7.47459e-06 1.64461e-07 -5.03352e-10)
(-1.41566e-06 4.0874e-08 -1.49864e-10)
(-2.58083e-07 8.91887e-09 -4.28724e-11)
(-4.55443e-08 1.78501e-09 -1.18786e-11)
(-7.81811e-09 3.35444e-10 -3.19336e-12)
(-1.31135e-09 6.00378e-11 -8.39959e-13)
(-2.15903e-10 1.03318e-11 -2.16707e-13)
(-3.50645e-11 1.7173e-12 -5.5491e-14)
(-5.65424e-12 2.76871e-13 -1.28506e-14)
(-9.14726e-13 4.43928e-14 -4.67293e-15)
(-1.49534e-13 7.00939e-15 -1.75235e-15)
(-2.68693e-14 1.16823e-15 -5.84116e-16)
(-3.5047e-15 0 -5.84116e-16)
(0 -1.16823e-15 5.84116e-16)
(0 1.16823e-15 0)
(0 0 0)
(-2.33646e-15 -1.16823e-15 0)
(2.33646e-15 0 0)
(0 0 0)
(-2.33646e-15 -1.16823e-15 1.16823e-15)
(0 1.16823e-15 0)
(0 -2.33646e-15 0)
(0 0 0)
(-3.5047e-15 0 -1.16823e-15)
(0 1.16823e-15 -1.16823e-15)
(3.5047e-15 0 5.84116e-16)
(2.33646e-15 0 0)
(0 0 0)
(-2.33646e-15 -1.16823e-15 5.84116e-16)
(2.33646e-15 0 0)
(-0.000178143 -2.21194e-06 -3.36602e-09)
(-3.73076e-05 -4.12823e-07 -1.24998e-09)
(-7.43895e-06 -6.89353e-08 -4.20981e-10)
(-1.42145e-06 -1.04e-08 -1.31993e-10)
(-2.61727e-07 -1.41507e-09 -3.91229e-11)
(-4.66586e-08 -1.71063e-10 -1.10924e-11)
(-8.08792e-09 -1.77793e-11 -3.03331e-12)
(-1.3687e-09 -1.51637e-12 -8.06664e-13)
(-2.27045e-10 -1.20328e-13 -2.08529e-13)
(-3.70867e-11 -2.68693e-14 -5.43228e-14)
(-5.9942e-12 -1.28506e-14 -1.46029e-14)
(-9.66128e-13 -4.67293e-15 -4.08881e-15)
(-1.61216e-13 0 5.84116e-16)
(-2.92058e-14 -3.5047e-15 -1.75235e-15)
(-3.5047e-15 -3.5047e-15 -5.84116e-16)
(2.33646e-15 -2.33646e-15 -1.16823e-15)
(1.16823e-15 0 0)
(0 0 0)
(0 0 -5.84116e-16)
(0 -1.16823e-15 -1.16823e-15)
(0 0 0)
(0 1.16823e-15 0)
(0 -1.16823e-15 -1.16823e-15)
(0 3.5047e-15 -5.84116e-16)
(0 2.33646e-15 0)
(-1.16823e-15 0 -5.84116e-16)
(1.16823e-15 2.33646e-15 0)
(0 1.16823e-15 0)
(0 0 0)
(0 0 0)
(0 0 0)
(0 -1.16823e-15 0)
(-0.00017072 -6.10354e-06 -2.33177e-09)
(-3.55907e-05 -1.28568e-06 -9.06297e-10)
(-7.07216e-06 -2.56477e-07 -3.17764e-10)
(-1.34814e-06 -4.88582e-08 -1.02835e-10)
(-2.47854e-07 -8.9537e-09 -3.12011e-11)
(-4.4147e-08 -1.58924e-09 -8.99889e-12)
(-7.64857e-09 -2.75035e-10 -2.49126e-12)
(-1.2937e-09 -4.67421e-11 -6.68813e-13)
(-2.14413e-10 -7.86454e-12 -1.73482e-13)
(-3.49593e-11 -1.32127e-12 -4.67293e-14)
(-5.63088e-12 -2.24301e-13 -1.22664e-14)
(-9.01875e-13 -4.20564e-14 -2.92058e-15)
(-1.49534e-13 -9.34586e-15 -1.16823e-15)
(-2.80376e-14 0 -1.16823e-15)
(-2.33646e-15 2.33646e-15 1.16823e-15)
(2.33646e-15 0 1.16823e-15)
(1.16823e-15 0 5.84116e-16)
(0 0 0)
(-3.5047e-15 0 -5.84116e-16)
(2.33646e-15 1.16823e-15 -1.16823e-15)
(1.16823e-15 0 0)
(0 0 0)
(-1.16823e-15 0 5.84116e-16)
(1.16823e-15 0 -1.16823e-15)
(0 0 1.16823e-15)
(-3.5047e-15 2.33646e-15 0)
(2.33646e-15 -2.33646e-15 0)
(1.16823e-15 0 0)
(0 0 -1.16823e-15)
(-1.16823e-15 -1.16823e-15 1.16823e-15)
(0 0 -5.84116e-16)
(1.16823e-15 0 0)
(-0.000152244 -1.32442e-05 9.56039e-10)
(-3.14605e-05 -2.71089e-06 -6.37352e-11)
(-6.20213e-06 -5.29914e-07 -1.04714e-10)
(-1.17393e-06 -9.95485e-08 -4.90973e-11)
(-2.14458e-07 -1.80683e-08 -1.76514e-11)
(-3.79799e-08 -3.18356e-09 -5.57656e-12)
(-6.54542e-09 -5.46983e-10 -1.62793e-12)
(-1.10153e-09 -9.20672e-11 -4.50938e-13)
(-1.81624e-10 -1.52606e-11 -1.20328e-13)
(-2.94476e-11 -2.50703e-12 -3.15423e-14)
(-4.71615e-12 -4.15891e-13 -7.59351e-15)
(-7.50005e-13 -7.24304e-14 -1.75235e-15)
(-1.16823e-13 -1.5187e-14 1.16823e-15)
(-1.75235e-14 0 1.16823e-15)
(-3.5047e-15 1.16823e-15 0)
(0 0 0)
(0 -1.16823e-15 0)
(1.16823e-15 -1.16823e-15 0)
(2.33646e-15 1.16823e-15 0)
(-2.33646e-15 0 0)
(-1.16823e-15 -1.16823e-15 -5.84116e-16)
(1.16823e-15 0 -5.84116e-16)
(0 1.16823e-15 0)
(2.33646e-15 0 0)
(-2.33646e-15 -2.33646e-15 0)
(0 1.16823e-15 1.16823e-15)
(-1.16823e-15 3.5047e-15 5.84116e-16)
(1.16823e-15 0 -5.84116e-16)
(0 0 0)
(0 1.16823e-15 0)
(0 1.16823e-15 0)
(0 1.16823e-15 5.84116e-16)
(-0.00011211 -2.37104e-05 1.98129e-09)
(-2.28764e-05 -4.69879e-06 3.08627e-10)
(-4.46083e-06 -8.93267e-07 1.79084e-11)
(-8.36293e-07 -1.63795e-07 -1.14481e-11)
(-1.51489e-07 -2.91028e-08 -6.71675e-12)
(-2.66257e-08 -5.03044e-09 -2.53156e-12)
(-4.55707e-09 -8.48959e-10 -8.07248e-13)
(-7.61974e-10 -1.40378e-10 -2.36567e-13)
(-1.24855e-10 -2.28308e-11 -6.60051e-14)
(-2.01111e-11 -3.66708e-12 -1.69394e-14)
(-3.19745e-12 -5.82948e-13 -5.25704e-15)
(-5.0234e-13 -9.11221e-14 -1.75235e-15)
(-7.82716e-14 -1.16823e-14 1.16823e-15)
(-1.16823e-14 -2.33646e-15 0)
(-1.16823e-15 0 0)
(0 3.5047e-15 -5.84116e-16)
(0 0 -5.84116e-16)
(1.16823e-15 0 5.84116e-16)
(0 0 5.84116e-16)
(0 0 0)
(-1.16823e-15 0 0)
(1.16823e-15 0 5.84116e-16)
(0 0 0)
(0 0 0)
(0 0 0)
(0 0 0)
(0 0 0)
(0 0 0)
(0 0 0)
(0 0 0)
(0 0 0)
(0 0 0)
(-4.29405e-05 -3.27033e-05 -3.42034e-10)
(-8.64338e-06 -6.34153e-06 -1.2272e-10)
(-1.66714e-06 -1.18347e-06 -4.12602e-11)
(-3.09762e-07 -2.13568e-07 -1.30854e-11)
(-5.56926e-08 -3.74172e-08 -3.94162e-12)
(-9.72606e-09 -6.38664e-09 -1.13494e-12)
(-1.65536e-09 -1.06538e-09 -3.14839e-13)
(-2.75401e-10 -1.7421e-10 -8.52809e-14)
(-4.49115e-11 -2.80084e-11 -2.27805e-14)
(-7.19865e-12 -4.44512e-12 -7.00939e-15)
(-1.14253e-12 -6.97435e-13 -1.75235e-15)
(-1.77571e-13 -1.06309e-13 -1.16823e-15)
(-2.57011e-14 -1.75235e-14 0)
(-5.84116e-15 0 0)
(2.33646e-15 0 5.84116e-16)
(-2.33646e-15 0 0)
(-1.16823e-15 1.16823e-15 0)
(1.16823e-15 1.16823e-15 0)
(0 0 0)
(0 0 0)
(0 1.16823e-15 0)
(0 0 0)
(0 0 0)
(-1.16823e-15 0 -5.84116e-16)
(1.16823e-15 0 0)
(-1.16823e-15 0 0)
(0 0 -5.84116e-16)
(1.16823e-15 0 0)
(0 0 0)
(0 0 -5.84116e-16)
(0 0 0)
(0 0 1.16823e-15)
(-0.000178403 6.63799e-05 -8.10999e-09)
(-2.77977e-05 1.16775e-05 -1.8818e-09)
(-4.38249e-06 2.01773e-06 -4.45032e-10)
(-6.95401e-07 3.4234e-07 -1.14623e-10)
(-1.10531e-07 5.70702e-08 -3.1558e-11)
(-1.75345e-08 9.36054e-09 -8.90602e-12)
(-2.77021e-09 1.51364e-09 -2.47957e-12)
(-4.35575e-10 2.42014e-10 -6.74654e-13)
(-6.82318e-11 3.84173e-11 -1.79324e-13)
(-1.06788e-11 6.09116e-12 -4.55611e-14)
(-1.68342e-12 9.70801e-13 -1.22664e-14)
(-2.66357e-13 1.53038e-13 -1.75235e-15)
(-4.20564e-14 2.68693e-14 -1.75235e-15)
(-8.17763e-15 2.33646e-15 1.16823e-15)
(0 0 0)
(0 1.16823e-15 0)
(-3.5047e-15 -3.5047e-15 0)
(2.33646e-15 -1.16823e-15 0)
(1.16823e-15 0 0)
(-1.16823e-15 -1.16823e-15 -5.84116e-16)
(1.16823e-15 -1.16823e-15 -1.75235e-15)
(-1.16823e-15 -1.16823e-15 0)
(0 0 -5.84116e-16)
(0 -1.16823e-15 0)
(0 0 1.16823e-15)
(0 0 -5.84116e-16)
(0 -1.16823e-15 -5.84116e-16)
(1.16823e-15 -1.16823e-15 5.84116e-16)
(0 -1.16823e-15 0)
(-1.16823e-15 -1.16823e-15 0)
(0 -3.5047e-15 0)
(1.16823e-15 0 5.84116e-16)
(-0.000181101 1.06779e-05 -9.30723e-09)
(-3.65645e-05 3.24239e-06 -2.69235e-09)
(-6.95264e-06 7.48392e-07 -7.75216e-10)
(-1.26525e-06 1.52519e-07 -2.27058e-10)
(-2.22449e-07 2.88434e-08 -6.63912e-11)
(-3.80221e-08 5.18089e-09 -1.90504e-11)
(-6.34831e-09 8.95761e-10 -5.30669e-12)
(-1.03965e-09 1.50413e-10 -1.43634e-12)
(-1.67692e-10 2.47034e-11 -3.79091e-13)
(-2.67665e-11 3.99185e-12 -9.92997e-14)
(-4.2547e-12 6.42528e-13 -2.5117e-14)
(-6.75238e-13 1.05141e-13 -6.42528e-15)
(-1.09814e-13 1.5187e-14 -1.75235e-15)
(-1.86917e-14 2.33646e-15 -1.16823e-15)
(-3.5047e-15 -1.16823e-15 -1.16823e-15)
(0 -1.16823e-15 5.84116e-16)
(0 2.33646e-15 0)
(0 1.16823e-15 -1.75235e-15)
(1.16823e-15 -1.16823e-15 0)
(-1.16823e-15 1.16823e-15 -1.75235e-15)
(1.16823e-15 -1.16823e-15 -5.84116e-16)
(-1.16823e-15 1.16823e-15 -5.84116e-16)
(1.16823e-15 0 5.84116e-16)
(-1.16823e-15 1.16823e-15 -5.84116e-16)
(1.16823e-15 -1.16823e-15 0)
(0 -1.16823e-15 5.84116e-16)
(0 -1.16823e-15 5.84116e-16)
(-1.16823e-15 3.5047e-15 -1.16823e-15)
(0 1.16823e-15 -5.84116e-16)
(1.16823e-15 3.5047e-15 0)
(-1.16823e-15 3.5047e-15 0)
(1.16823e-15 0 5.84116e-16)
(-0.000180667 9.03364e-07 -7.39057e-09)
(-3.77272e-05 5.25513e-07 -2.62038e-09)
(-7.47236e-06 1.64528e-07 -8.56654e-10)
(-1.41495e-06 4.08742e-08 -2.65661e-10)
(-2.57868e-07 8.91538e-09 -7.90075e-11)
(-4.54821e-08 1.78344e-09 -2.26187e-11)
(-7.80068e-09 3.34919e-10 -6.26056e-12)
(-1.30663e-09 5.98812e-11 -1.68225e-12)
(-2.14653e-10 1.02863e-11 -4.42176e-13)
(-3.47409e-11 1.70796e-12 -1.13903e-13)
(-5.57247e-12 2.75703e-13 -3.0374e-14)
(-8.93698e-13 4.43928e-14 -8.17763e-15)
(-1.44861e-13 8.17763e-15 -2.92058e-15)
(-2.57011e-14 -2.33646e-15 0)
(-1.16823e-15 -2.33646e-15 0)
(1.16823e-15 1.16823e-15 0)
(-1.16823e-15 0 -5.84116e-16)
(1.16823e-15 0 -5.84116e-16)
(0 1.16823e-15 5.84116e-16)
(0 0 0)
(-1.16823e-15 1.16823e-15 0)
(1.16823e-15 0 5.84116e-16)
(0 0 -5.84116e-16)
(0 0 5.84116e-16)
(-1.16823e-15 0 0)
(0 0 1.75235e-15)
(1.16823e-15 0 2.33646e-15)
(0 0 0)
(0 0 -5.84116e-16)
(0 -2.33646e-15 0)
(0 0 0)
(0 0 -5.84116e-16)
(-0.000178134 -2.20626e-06 -8.88226e-10)
(-3.73034e-05 -4.11328e-07 -1.04399e-09)
(-7.43728e-06 -6.85607e-08 -4.97492e-10)
(-1.42087e-06 -1.03076e-08 -1.86318e-10)
(-2.6154e-07 -1.39252e-09 -6.15337e-11)
(-4.66025e-08 -1.65544e-10 -1.87379e-11)
(-8.07188e-09 -1.64335e-11 -5.38146e-12)
(-1.36428e-09 -1.18692e-12 -1.47957e-12)
(-2.25866e-10 -3.85517e-14 -3.9311e-13)
(-3.67771e-11 -5.84116e-15 -1.01636e-13)
(-5.9171e-12 -9.34586e-15 -2.68693e-14)
(-9.451e-13 -3.5047e-15 -8.76174e-15)
(-1.53038e-13 -2.33646e-15 -1.75235e-15)
(-2.92058e-14 2.33646e-15 -2.33646e-15)
(-1.16823e-15 2.33646e-15 -1.16823e-15)
(0 0 1.16823e-15)
(0 1.16823e-15 0)
(1.16823e-15 0 0)
(0 0 5.84116e-16)
(-1.16823e-15 -1.16823e-15 -5.84116e-16)
(1.16823e-15 0 -5.84116e-16)
(0 -1.16823e-15 0)
(0 2.33646e-15 0)
(0 0 5.84116e-16)
(-1.16823e-15 1.16823e-15 0)
(1.16823e-15 0 5.84116e-16)
(0 1.16823e-15 0)
(-1.16823e-15 -2.33646e-15 0)
(1.16823e-15 -1.16823e-15 0)
(0 2.33646e-15 5.84116e-16)
(0 0 -5.84116e-16)
(0 0 0)
(-0.000170721 -6.09652e-06 4.61865e-09)
(-3.55895e-05 -1.28374e-06 2.84412e-10)
(-7.07133e-06 -2.55959e-07 -1.80286e-10)
(-1.34778e-06 -4.87217e-08 -1.09057e-10)
(-2.47726e-07 -8.91822e-09 -4.22205e-11)
(-4.4106e-08 -1.58009e-09 -1.37781e-11)
(-7.63632e-09 -2.72698e-10 -4.09407e-12)
(-1.29024e-09 -4.61452e-11 -1.14604e-12)
(-2.13473e-10 -7.71734e-12 -3.06077e-13)
(-3.47129e-11 -1.28622e-12 -8.0608e-14)
(-5.56779e-12 -2.18459e-13 -2.04441e-14)
(-8.84352e-13 -3.85517e-14 -7.00939e-15)
(-1.41356e-13 -7.00939e-15 -2.33646e-15)
(-2.33646e-14 0 1.16823e-15)
(-2.33646e-15 1.16823e-15 0)
(0 0 5.84116e-16)
(0 0 0)
(0 0 0)
(0 0 5.84116e-16)
(-1.16823e-15 0 1.16823e-15)
(1.16823e-15 0 0)
(0 0 -5.84116e-16)
(0 0 1.16823e-15)
(0 0 0)
(-1.16823e-15 -1.16823e-15 -1.16823e-15)
(1.16823e-15 1.16823e-15 1.16823e-15)
(0 0 1.75235e-15)
(-1.16823e-15 -1.16823e-15 0)
(1.16823e-15 0 -5.84116e-16)
(0 0 0)
(0 0 5.84116e-16)
(0 0 5.84116e-16)
(-0.000152257 -1.32396e-05 1.61007e-08)
(-3.14628e-05 -2.70941e-06 3.28974e-09)
(-6.20226e-06 -5.2947e-07 5.69565e-10)
(-1.17383e-06 -9.94204e-08 7.20817e-11)
(-2.14398e-07 -1.80325e-08 7.94398e-13)
(-3.7957e-08 -3.17384e-09 -3.64547e-12)
(-6.53794e-09 -5.44407e-10 -1.70854e-12)
(-1.0993e-09 -9.13966e-11 -5.80611e-13)
(-1.81005e-10 -1.50901e-11 -1.75235e-13)
(-2.92782e-11 -2.4638e-12 -4.90658e-14)
(-4.67059e-12 -3.99535e-13 -1.22664e-14)
(-7.34818e-13 -6.5421e-14 -2.92058e-15)
(-1.13319e-13 -9.34586e-15 0)
(-1.86917e-14 1.16823e-15 5.84116e-16)
(-2.33646e-15 0 -5.84116e-16)
(0 0 5.84116e-16)
(0 0 0)
(0 0 -5.84116e-16)
(0 0 0)
(0 1.16823e-15 -5.84116e-16)
(-1.16823e-15 -1.16823e-15 0)
(0 1.16823e-15 5.84116e-16)
(1.16823e-15 -2.33646e-15 0)
(-1.16823e-15 0 0)
(1.16823e-15 0 -5.84116e-16)
(0 0 -1.16823e-15)
(-1.16823e-15 0 -5.84116e-16)
(0 0 0)
(0 1.16823e-15 0)
(3.5047e-15 -2.33646e-15 5.84116e-16)
(-2.33646e-15 0 0)
(0 0 -5.84116e-16)
(-0.000112124 -2.37135e-05 1.60968e-09)
(-2.28794e-05 -4.69911e-06 1.3857e-10)
(-4.46134e-06 -8.93218e-07 -4.62123e-11)
(-8.36343e-07 -1.6375e-07 -3.32485e-11)
(-1.5148e-07 -2.90838e-08 -1.359e-11)
(-2.66179e-08 -5.02402e-09 -4.57713e-12)
(-4.55389e-09 -8.4702e-10 -1.38961e-12)
(-7.60925e-10 -1.39834e-10 -3.9311e-13)
(-1.24541e-10 -2.26824e-11 -1.08061e-13)
(-2.00212e-11 -3.62853e-12 -2.80376e-14)
(-3.17058e-12 -5.7477e-13 -5.84116e-15)
(-4.94162e-13 -8.99539e-14 -1.16823e-15)
(-7.47669e-14 -1.40188e-14 0)
(-1.5187e-14 -1.16823e-15 1.16823e-15)
(-2.33646e-15 0 0)
(0 0 5.84116e-16)
(0 0 5.84116e-16)
(0 0 0)
(0 0 0)
(0 0 0)
(0 0 -1.16823e-15)
(0 0 0)
(0 0 0)
(0 0 0)
(0 1.16823e-15 0)
(0 0 0)
(0 0 0)
(0 1.16823e-15 0)
(0 0 0)
(0 0 0)
(0 0 0)
(0 0 0)
(-4.29378e-05 -3.27054e-05 -2.21658e-09)
(-8.64258e-06 -6.34178e-06 -5.6483e-10)
(-1.6669e-06 -1.18344e-06 -1.42131e-10)
(-3.09693e-07 -2.13534e-07 -3.57561e-11)
(-5.56724e-08 -3.74019e-08 -9.0316e-12)
(-9.72029e-09 -6.38138e-09 -2.29149e-12)
(-1.65375e-09 -1.06377e-09 -5.78859e-13)
(-2.74964e-10 -1.73746e-10 -1.46613e-13)
(-4.47994e-11 -2.78787e-11 -3.73834e-14)
(-7.17061e-12 -4.40657e-12 -1.05141e-14)
(-1.12851e-12 -6.86921e-13 -1.75235e-15)
(-1.75235e-13 -1.05141e-13 0)
(-2.57011e-14 -1.75235e-14 -1.16823e-15)
(-4.67293e-15 -4.67293e-15 0)
(0 0 -5.84116e-16)
(0 0 -1.75235e-15)
(0 0 0)
(0 0 5.84116e-16)
(0 0 -5.84116e-16)
(0 0 0)
(0 1.16823e-15 0)
(0 0 -5.84116e-16)
(-1.16823e-15 0 -5.84116e-16)
(1.16823e-15 0 5.84116e-16)
(-1.16823e-15 0 -5.84116e-16)
(1.16823e-15 0 -1.16823e-15)
(0 0 0)
(0 0 -1.75235e-15)
(0 0 -5.84116e-16)
(0 0 0)
(0 0 0)
(0 0 0)
(-0.000178364 6.63588e-05 -5.24948e-09)
(-2.77876e-05 1.16723e-05 -1.11513e-09)
(-4.38037e-06 2.01642e-06 -2.32776e-10)
(-6.94967e-07 3.41978e-07 -5.63555e-11)
(-1.10427e-07 5.69628e-08 -1.59464e-11)
(-1.75054e-08 9.32857e-09 -4.80143e-12)
(-2.76142e-09 1.50441e-09 -1.42232e-12)
(-4.32955e-10 2.39433e-10 -4.06545e-13)
(-6.74771e-11 3.77199e-11 -1.10982e-13)
(-1.0472e-11 5.90658e-12 -3.09582e-14)
(-1.62267e-12 9.2524e-13 -7.00939e-15)
(-2.57011e-13 1.43693e-13 -1.16823e-15)
(-3.85517e-14 2.10282e-14 -1.16823e-15)
(-5.84116e-15 0 1.16823e-15)
(-1.16823e-15 -1.16823e-15 0)
(0 0 0)
(-2.33646e-15 -3.5047e-15 0)
(2.33646e-15 -5.84116e-15 1.16823e-15)
(0 -1.16823e-15 0)
(0 -3.5047e-15 5.84116e-16)
(-2.33646e-15 -2.33646e-15 0)
(2.33646e-15 -1.16823e-15 0)
(0 -1.16823e-15 0)
(1.16823e-15 -3.5047e-15 0)
(-1.16823e-15 0 1.16823e-15)
(-2.33646e-15 -1.16823e-15 0)
(2.33646e-15 -2.33646e-15 0)
(-2.33646e-15 -3.5047e-15 0)
(0 -3.5047e-15 0)
(2.33646e-15 -1.16823e-15 0)
(0 -1.16823e-15 5.84116e-16)
(0 -1.16823e-15 0)
(-0.000181069 1.0681e-05 -5.33782e-09)
(-3.65547e-05 3.24184e-06 -1.47755e-09)
(-6.94994e-06 7.47921e-07 -4.19471e-10)
(-1.26449e-06 1.52334e-07 -1.25e-10)
(-2.22222e-07 2.87846e-08 -3.77321e-11)
(-3.7953e-08 5.16403e-09 -1.11788e-11)
(-6.32772e-09 8.91154e-10 -3.19628e-12)
(-1.03373e-09 1.49204e-10 -8.82599e-13)
(-1.66053e-10 2.43927e-11 -2.35399e-13)
(-2.63226e-11 3.91591e-12 -6.13322e-14)
(-4.13905e-12 6.17995e-13 -1.5187e-14)
(-6.50705e-13 9.81315e-14 -2.92058e-15)
(-1.02804e-13 1.5187e-14 -1.75235e-15)
(-1.5187e-14 2.33646e-15 0)
(0 0 0)
(0 0 0)
(-4.67293e-15 0 0)
(2.33646e-15 0 -1.16823e-15)
(0 0 0)
(0 0 0)
(0 2.33646e-15 0)
(0 0 0)
(2.33646e-15 -2.33646e-15 0)
(-2.33646e-15 2.33646e-15 0)
(2.33646e-15 -1.16823e-15 0)
(0 0 0)
(-2.33646e-15 2.33646e-15 -5.84116e-16)
(0 0 -5.84116e-16)
(0 0 0)
(2.33646e-15 0 0)
(0 -2.33646e-15 0)
(0 -2.33646e-15 0)
(-0.000180654 9.17135e-07 -3.73578e-09)
(-3.77207e-05 5.28258e-07 -1.3878e-09)
(-7.46988e-06 1.65016e-07 -4.68284e-10)
(-1.4141e-06 4.09554e-08 -1.48892e-10)
(-2.57597e-07 8.92859e-09 -4.53461e-11)
(-4.53988e-08 1.78563e-09 -1.32349e-11)
(-7.77624e-09 3.35294e-10 -3.72608e-12)
(-1.29972e-09 5.9949e-11 -1.01286e-12)
(-2.12765e-10 1.03015e-11 -2.66941e-13)
(-3.42444e-11 1.71146e-12 -6.89257e-14)
(-5.44163e-12 2.75703e-13 -1.92758e-14)
(-8.57482e-13 4.20564e-14 -3.5047e-15)
(-1.35515e-13 9.34586e-15 -1.16823e-15)
(-2.10282e-14 -2.33646e-15 5.84116e-16)
(-3.5047e-15 -2.33646e-15 5.84116e-16)
(0 0 1.16823e-15)
(-2.33646e-15 2.33646e-15 0)
(0 4.67293e-15 0)
(2.33646e-15 0 0)
(0 2.33646e-15 0)
(1.16823e-15 0 5.84116e-16)
(-1.16823e-15 0 0)
(-2.33646e-15 0 0)
(2.33646e-15 0 0)
(0 0 0)
(0 0 0)
(0 0 0)
(-2.33646e-15 0 -5.84116e-16)
(0 0 0)
(0 0 0)
(0 0 -5.84116e-16)
(2.33646e-15 0 -1.16823e-15)
(-0.000178158 -2.18792e-06 1.54744e-09)
(-3.73068e-05 -4.07013e-07 -1.05418e-10)
(-7.43724e-06 -6.75825e-08 -1.7552e-10)
(-1.42058e-06 -1.00868e-08 -8.43762e-11)
(-2.61391e-07 -1.3415e-09 -3.11311e-11)
(-4.65463e-08 -1.53383e-10 -1.00848e-11)
(-8.0534e-09 -1.34464e-11 -3.00878e-12)
(-1.35872e-09 -4.41592e-13 -8.48137e-13)
(-2.24288e-10 1.49534e-13 -2.30142e-13)
(-3.63495e-11 4.20564e-14 -5.89957e-14)
(-5.80962e-12 7.00939e-15 -1.5187e-14)
(-9.15894e-13 -2.33646e-15 -4.67293e-15)
(-1.48365e-13 -2.33646e-15 -1.16823e-15)
(-2.45329e-14 -1.16823e-15 -5.84116e-16)
(-2.33646e-15 -2.33646e-15 0)
(2.33646e-15 -2.33646e-15 0)
(2.33646e-15 0 0)
(0 0 0)
(0 0 0)
(-2.33646e-15 0 5.84116e-16)
(0 -2.33646e-15 -1.16823e-15)
(2.33646e-15 0 0)
(-2.33646e-15 0 -5.84116e-16)
(2.33646e-15 0 0)
(1.16823e-15 0 0)
(-1.16823e-15 1.16823e-15 1.16823e-15)
(0 1.16823e-15 0)
(0 0 -5.84116e-16)
(0 2.33646e-15 0)
(-2.33646e-15 0 0)
(2.33646e-15 2.33646e-15 0)
(0 2.33646e-15 0)
(-0.000170776 -6.06956e-06 5.4332e-09)
(-3.56003e-05 -1.27701e-06 7.69925e-10)
(-7.07295e-06 -2.54343e-07 2.08208e-11)
(-1.34786e-06 -4.83414e-08 -3.84921e-11)
(-2.47664e-07 -8.82905e-09 -1.98342e-11)
(-4.40708e-08 -1.55905e-09 -7.15367e-12)
(-7.6233e-09 -2.67689e-10 -2.23308e-12)
(-1.28612e-09 -4.49442e-11 -6.40775e-13)
(-2.12281e-10 -7.42645e-12 -1.74067e-13)
(-3.43881e-11 -1.21613e-12 -4.49769e-14)
(-5.48368e-12 -1.97431e-13 -1.10982e-14)
(-8.66828e-13 -3.0374e-14 -3.5047e-15)
(-1.35515e-13 -5.84116e-15 -1.16823e-15)
(-2.33646e-14 1.16823e-15 -1.16823e-15)
(-2.33646e-15 0 -2.33646e-15)
(2.33646e-15 2.33646e-15 -5.84116e-16)
(0 -2.33646e-15 -5.84116e-16)
(2.33646e-15 0 0)
(0 0 0)
(-2.33646e-15 0 5.84116e-16)
(0 0 -5.84116e-16)
(2.33646e-15 0 5.84116e-16)
(0 2.33646e-15 -1.16823e-15)
(0 0 0)
(0 0 0)
(1.16823e-15 -1.16823e-15 5.84116e-16)
(0 -1.16823e-15 1.16823e-15)
(-1.16823e-15 2.33646e-15 0)
(0 0 0)
(0 1.16823e-15 0)
(0 0 0)
(0 0 0)
(-0.000152376 -1.32502e-05 1.50232e-08)
(-3.14916e-05 -2.71118e-06 3.25959e-09)
(-6.20857e-06 -5.29646e-07 6.32152e-10)
(-1.17506e-06 -9.93969e-08 1.05796e-10)
(-2.14609e-07 -1.8011e-08 1.34534e-11)
(-3.79849e-08 -3.16516e-09 4.3283e-13)
(-6.53929e-09 -5.41573e-10 -5.04092e-13)
(-1.09846e-09 -9.05637e-11 -2.45913e-13)
(-1.80561e-10 -1.48646e-11 -8.35286e-14)
(-2.91194e-11 -2.40189e-12 -2.27805e-14)
(-4.62503e-12 -3.84348e-13 -5.25704e-15)
(-7.2664e-13 -6.19163e-14 -1.16823e-15)
(-1.13319e-13 -9.34586e-15 1.16823e-15)
(-1.86917e-14 0 -5.84116e-16)
(0 2.33646e-15 0)
(-2.33646e-15 -2.33646e-15 0)
(0 0 -1.16823e-15)
(2.33646e-15 0 0)
(-2.33646e-15 -2.33646e-15 0)
(0 0 0)
(2.33646e-15 -2.33646e-15 0)
(0 -2.33646e-15 0)
(0 -2.33646e-15 0)
(0 -2.33646e-15 0)
(0 -2.33646e-15 5.84116e-16)
(-2.33646e-15 0 0)
(2.33646e-15 0 0)
(1.16823e-15 0 5.84116e-16)
(0 0 1.16823e-15)
(-1.16823e-15 -1.16823e-15 0)
(0 0 0)
(0 0 0)
(-0.000112129 -2.37471e-05 9.1177e-11)
(-2.28797e-05 -4.7065e-06 -1.13652e-10)
(-4.46117e-06 -8.94691e-07 -6.68182e-11)
(-8.36228e-07 -1.64011e-07 -2.67467e-11)
(-1.51432e-07 -2.91225e-08 -9.09235e-12)
(-2.66013e-08 -5.02773e-09 -2.81486e-12)
(-4.54871e-09 -8.46701e-10 -8.1601e-13)
(-7.5941e-10 -1.3951e-10 -2.26053e-13)
(-1.2412e-10 -2.25574e-11 -6.0164e-14)
(-1.99078e-11 -3.58881e-12 -1.40188e-14)
(-3.14254e-12 -5.64256e-13 -2.33646e-15)
(-4.94162e-13 -8.76174e-14 -1.16823e-15)
(-7.35986e-14 -1.28506e-14 -1.75235e-15)
(-1.16823e-14 -1.16823e-15 -1.16823e-15)
(-2.33646e-15 0 -5.84116e-16)
(0 0 -5.84116e-16)
(2.33646e-15 0 0)
(0 0 1.16823e-15)
(0 0 -5.84116e-16)
(-2.33646e-15 0 0)
(-2.33646e-15 2.33646e-15 0)
(2.33646e-15 0 -5.84116e-16)
(0 0 -5.84116e-16)
(0 2.33646e-15 -5.84116e-16)
(2.33646e-15 0 -5.84116e-16)
(0 -2.33646e-15 0)
(0 -2.33646e-15 0)
(0 -2.33646e-15 0)
(0 -2.33646e-15 0)
(0 0 0)
(0 0 0)
(0 0 0)
(-4.29248e-05 -3.27021e-05 -1.77737e-09)
(-8.63923e-06 -6.34068e-06 -4.35536e-10)
(-1.66608e-06 -1.1831e-06 -1.04269e-10)
(-3.09496e-07 -2.1343e-07 -2.4787e-11)
(-5.56257e-08 -3.73719e-08 -5.91418e-12)
(-9.70915e-09 -6.3729e-09 -1.42291e-12)
(-1.65107e-09 -1.06145e-09 -3.45213e-13)
(-2.74315e-10 -1.73127e-10 -8.41127e-14)
(-4.46393e-11 -2.77163e-11 -2.10282e-14)
(-7.12738e-12 -4.36919e-12 -2.92058e-15)
(-1.12384e-12 -6.81079e-13 -1.16823e-15)
(-1.74067e-13 -1.02804e-13 -5.84116e-16)
(-2.45329e-14 -1.5187e-14 1.16823e-15)
(-8.17763e-15 0 0)
(0 2.33646e-15 0)
(-2.33646e-15 2.33646e-15 0)
(2.33646e-15 2.33646e-15 -1.16823e-15)
(0 0 -5.84116e-16)
(2.33646e-15 2.33646e-15 0)
(0 0 0)
(0 2.33646e-15 0)
(-2.33646e-15 2.33646e-15 0)
(2.33646e-15 2.33646e-15 0)
(0 0 0)
(-4.67293e-15 2.33646e-15 0)
(2.33646e-15 2.33646e-15 0)
(-2.33646e-15 2.33646e-15 0)
(0 2.33646e-15 0)
(0 2.33646e-15 -1.16823e-15)
(2.33646e-15 0 0)
(0 0 -5.84116e-16)
(2.33646e-15 0 0)
)
;

boundaryField
{
    base
    {
        type            calculated;
        value           nonuniform List<vector> 
160
(
(-2.90142 1.52208 -1.732e-06)
(-1.78529 0.341432 -9.57731e-07)
(-1.53569 0.0760212 -5.58923e-07)
(-1.48121 0.0164969 -2.32134e-07)
(-1.46971 0.00346213 -7.13422e-08)
(-1.46736 0.000702292 -2.2233e-08)
(-1.4669 0.000138155 -1.78021e-09)
(-1.46681 2.66059e-05 2.69267e-09)
(-2.90143 1.52208 -1.60797e-06)
(-1.7853 0.341434 4.12333e-07)
(-1.5357 0.0760226 5.35724e-07)
(-1.48121 0.0164979 4.2878e-07)
(-1.46971 0.00346255 1.85646e-07)
(-1.46736 0.000702431 3.94797e-08)
(-1.4669 0.000138205 -2.7041e-08)
(-1.46681 2.66182e-05 -5.29767e-08)
(-2.90143 1.52208 2.37733e-06)
(-1.78529 0.341436 8.49914e-06)
(-1.53569 0.0760212 8.14374e-06)
(-1.4812 0.0164962 4.15233e-06)
(-1.4697 0.00346136 1.92218e-06)
(-1.46736 0.000701867 5.57584e-07)
(-1.4669 0.00013797 6.2552e-08)
(-1.46681 2.65368e-05 -1.35143e-07)
(-2.90142 1.5221 2.25329e-06)
(-1.78523 0.341446 7.12907e-06)
(-1.53563 0.0760139 7.04909e-06)
(-1.48118 0.0164855 3.49142e-06)
(-1.46969 0.00345537 1.66519e-06)
(-1.46736 0.000698712 4.95872e-07)
(-1.4669 0.00013682 8.78128e-08)
(-1.46681 2.61048e-05 -7.94739e-08)
(-1.46679 5.04172e-06 4.38419e-09)
(-1.46679 9.57965e-07 4.68717e-09)
(-1.46679 1.82617e-07 4.79856e-09)
(-1.46679 3.59797e-08 4.81568e-09)
(-1.46679 7.25646e-09 4.82228e-09)
(-1.46679 1.61432e-09 4.82335e-09)
(-1.46679 4.68305e-10 4.82425e-09)
(-1.46679 2.76441e-10 4.82507e-09)
(-1.46679 5.04571e-06 -6.16108e-08)
(-1.46679 9.58793e-07 -6.43552e-08)
(-1.46679 1.82874e-07 -6.51397e-08)
(-1.46679 3.60271e-08 -6.53622e-08)
(-1.46679 7.2718e-09 -6.54206e-08)
(-1.46679 1.61825e-09 -6.54361e-08)
(-1.46679 4.71741e-10 -6.54398e-08)
(-1.46679 2.79408e-10 -6.54406e-08)
(-1.46679 5.01896e-06 -1.94141e-07)
(-1.46679 9.50907e-07 -2.13267e-07)
(-1.46679 1.80603e-07 -2.18364e-07)
(-1.46679 3.54178e-08 -2.19833e-07)
(-1.46679 7.1087e-09 -2.202e-07)
(-1.46679 1.57584e-09 -2.20299e-07)
(-1.46679 4.59433e-10 -2.20326e-07)
(-1.46679 2.73934e-10 -2.20335e-07)
(-1.46679 4.88946e-06 -1.28146e-07)
(-1.46679 9.10347e-07 -1.44225e-07)
(-1.46679 1.69741e-07 -1.48426e-07)
(-1.46679 3.23559e-08 -1.49655e-07)
(-1.46679 6.33979e-09 -1.49957e-07)
(-1.46679 1.36658e-09 -1.5004e-07)
(-1.46679 3.99554e-10 -1.50061e-07)
(-1.46679 2.48843e-10 -1.5007e-07)
(-1.46679 2.09637e-10 4.82573e-09)
(-1.46679 1.22956e-10 4.82611e-09)
(-1.46679 5.94326e-11 4.82634e-09)
(-1.46679 6.56313e-12 4.82637e-09)
(-1.46679 -3.94465e-11 4.82628e-09)
(-1.46679 -9.54352e-11 4.82605e-09)
(-1.46679 -1.66679e-10 4.82547e-09)
(-1.46679 -2.9549e-10 4.82458e-09)
(-1.46679 2.11709e-10 -6.54411e-08)
(-1.46679 1.24183e-10 -6.54413e-08)
(-1.46679 5.9956e-11 -6.54414e-08)
(-1.46679 6.43229e-12 -6.54416e-08)
(-1.46679 -4.00867e-11 -6.54416e-08)
(-1.46679 -9.7038e-11 -6.54417e-08)
(-1.46679 -1.69616e-10 -6.54418e-08)
(-1.46679 -2.99509e-10 -6.54421e-08)
(-1.46679 2.0816e-10 -2.20341e-07)
(-1.46679 1.22253e-10 -2.20344e-07)
(-1.46679 5.89163e-11 -2.20346e-07)
(-1.46679 6.19864e-12 -2.20347e-07)
(-1.46679 -3.96475e-11 -2.20346e-07)
(-1.46679 -9.58207e-11 -2.20345e-07)
(-1.46679 -1.67592e-10 -2.20343e-07)
(-1.46679 -2.95813e-10 -2.20338e-07)
(-1.46679 1.94581e-10 -1.50074e-07)
(-1.46679 1.13942e-10 -1.50077e-07)
(-1.46679 5.47878e-11 -1.50078e-07)
(-1.46679 5.56546e-12 -1.50079e-07)
(-1.46679 -3.74372e-11 -1.50078e-07)
(-1.46679 -8.93137e-11 -1.50078e-07)
(-1.46679 -1.55337e-10 -1.50075e-07)
(-1.46679 -2.78266e-10 -1.50071e-07)
(-1.46679 -5.64908e-10 4.82346e-09)
(-1.46679 -1.63468e-09 4.82133e-09)
(-1.46679 -6.20115e-09 4.81363e-09)
(-1.46679 -2.5048e-08 4.78592e-09)
(-1.46679 -1.01702e-07 4.67173e-09)
(-1.46679 -4.19913e-07 4.25133e-09)
(-1.46679 -1.75074e-06 2.5791e-09)
(-1.46679 -7.53181e-06 -3.22152e-09)
(-1.46679 -5.71417e-10 -6.5442e-08)
(-1.46679 -1.65434e-09 -6.54423e-08)
(-1.46679 -6.27198e-09 -6.54451e-08)
(-1.46679 -2.53318e-08 -6.54539e-08)
(-1.46679 -1.02772e-07 -6.55034e-08)
(-1.46679 -4.24099e-07 -6.56592e-08)
(-1.46679 -1.76569e-06 -6.64588e-08)
(-1.46679 -7.58611e-06 -6.87749e-08)
(-1.46679 -5.65315e-10 -2.20332e-07)
(-1.46679 -1.64091e-09 -2.20321e-07)
(-1.46679 -6.22429e-09 -2.20283e-07)
(-1.46679 -2.51646e-08 -2.20151e-07)
(-1.46679 -1.02113e-07 -2.19612e-07)
(-1.46679 -4.21824e-07 -2.17649e-07)
(-1.46679 -1.75697e-06 -2.09846e-07)
(-1.46679 -7.55843e-06 -1.8283e-07)
(-1.46679 -5.3616e-10 -1.50066e-07)
(-1.46679 -1.55649e-09 -1.50057e-07)
(-1.46679 -5.93259e-09 -1.50024e-07)
(-1.46679 -2.39902e-08 -1.49911e-07)
(-1.46679 -9.77674e-08 -1.49437e-07)
(-1.46679 -4.04565e-07 -1.47738e-07)
(-1.46679 -1.69605e-06 -1.40808e-07)
(-1.46679 -7.33208e-06 -1.17276e-07)
(-1.46682 -3.34207e-05 -2.45706e-08)
(-1.46693 -0.000154312 -8.72807e-08)
(-1.46743 -0.000730141 -2.75523e-07)
(-1.46985 -0.00349086 -6.67506e-07)
(-1.4814 -0.0164707 -1.26216e-06)
(-1.53573 -0.0759107 -1.70007e-06)
(-1.78504 -0.341383 1.3359e-06)
(-2.90126 -1.52218 7.73938e-07)
(-1.46682 -3.35888e-05 -7.97698e-08)
(-1.46693 -0.000154814 -1.03982e-07)
(-1.46744 -0.000731301 -2.02014e-07)
(-1.46985 -0.00349283 -3.14552e-07)
(-1.48141 -0.0164728 -5.44562e-07)
(-1.53574 -0.0759055 -2.47546e-07)
(-1.78503 -0.341378 2.36406e-06)
(-2.90125 -1.52219 4.80185e-07)
(-1.46682 -3.34911e-05 -8.2832e-08)
(-1.46693 -0.000154557 2.15919e-07)
(-1.46744 -0.000730562 1.13833e-06)
(-1.46985 -0.00349154 3.13916e-06)
(-1.4814 -0.0164706 6.93244e-06)
(-1.53573 -0.0759049 1.00508e-05)
(-1.78502 -0.341381 3.6242e-06)
(-2.90126 -1.52219 -1.30035e-06)
(-1.46682 -3.27913e-05 -2.76328e-08)
(-1.46693 -0.000152372 2.3262e-07)
(-1.46743 -0.000725455 1.06482e-06)
(-1.46983 -0.00348124 2.78621e-06)
(-1.48135 -0.016459 6.21484e-06)
(-1.53566 -0.0759122 8.59824e-06)
(-1.785 -0.3414 2.59603e-06)
(-2.90126 -1.52219 -1.0066e-06)
)
;
    }
    cooled
    {
        type            calculated;
        value           nonuniform List<vector> 
992
(
(-1.8795 2.4861 -1.732e-06)
(-1.8795 2.48609 -1.60797e-06)
(-1.8795 2.48609 2.37733e-06)
(-1.87949 2.4861 2.25329e-06)
(-0.564357 0.770958 -1.57823e-06)
(-0.564355 0.770945 -9.61312e-07)
(-0.564355 0.77095 3.78558e-06)
(-0.564353 0.770976 3.16866e-06)
(-0.177002 0.228669 -7.44292e-07)
(-0.177 0.228663 -3.15149e-07)
(-0.177001 0.228667 3.64694e-06)
(-0.177003 0.228692 3.2178e-06)
(-0.0531607 0.0629483 -2.57921e-07)
(-0.0531594 0.0629462 -7.86821e-08)
(-0.0531601 0.0629477 2.22815e-06)
(-0.0531647 0.0629641 2.04891e-06)
(-0.0147879 0.0160262 -7.33408e-08)
(-0.0147874 0.0160256 -2.13194e-08)
(-0.0147878 0.016026 9.9134e-07)
(-0.0147912 0.0160335 9.39319e-07)
(-0.00379551 0.00379671 -1.80865e-08)
(-0.00379537 0.00379657 -9.22987e-09)
(-0.00379548 0.00379664 3.49908e-07)
(-0.00379715 0.00379937 3.41052e-07)
(-0.000904782 0.000844119 -4.08224e-09)
(-0.000904747 0.000844086 -4.89969e-09)
(-0.000904768 0.00084408 1.02304e-07)
(-0.000905397 0.000844905 1.03122e-07)
(-0.000202126 0.000177587 -8.9478e-10)
(-0.000202118 0.00017758 -2.42477e-09)
(-0.000202118 0.000177568 2.51654e-08)
(-0.000202313 0.000177781 2.66954e-08)
(-4.26838e-05 3.56145e-05 -2.0692e-10)
(-4.26821e-05 3.56128e-05 -1.03493e-09)
(-4.26798e-05 3.56062e-05 5.10749e-09)
(-4.2731e-05 3.56537e-05 5.9355e-09)
(-8.5857e-06 6.85193e-06 -5.36499e-11)
(-8.58531e-06 6.8515e-06 -3.93874e-10)
(-8.5839e-06 6.84878e-06 7.5943e-10)
(-8.59547e-06 6.85758e-06 1.09965e-09)
(-1.65578e-06 1.27167e-06 -1.54049e-11)
(-1.65569e-06 1.27154e-06 -1.35042e-10)
(-1.65508e-06 1.27059e-06 2.8138e-11)
(-1.65728e-06 1.27177e-06 1.47774e-10)
(-3.07894e-07 2.28801e-07 -4.63321e-12)
(-3.07866e-07 2.28764e-07 -4.30108e-11)
(-3.07649e-07 2.28457e-07 -3.61054e-11)
(-3.0796e-07 2.28475e-07 2.27396e-12)
(-5.54817e-08 4.00922e-08 -1.39253e-12)
(-5.54733e-08 4.0081e-08 -1.28289e-11)
(-5.5403e-08 3.99896e-08 -1.91497e-11)
(-5.54151e-08 3.99278e-08 -7.71559e-12)
(-9.73336e-09 6.87364e-09 -4.06545e-13)
(-9.73081e-09 6.87039e-09 -3.65423e-12)
(-9.7097e-09 6.84441e-09 -6.99362e-12)
(-9.69687e-09 6.81444e-09 -3.7471e-12)
(-1.67011e-09 1.15873e-09 -1.14487e-13)
(-1.66936e-09 1.15781e-09 -9.97086e-13)
(-1.66333e-09 1.15075e-09 -2.18343e-12)
(-1.65663e-09 1.14035e-09 -1.30024e-12)
(-2.81662e-10 1.93191e-10 -3.21264e-14)
(-2.81447e-10 1.92942e-10 -2.6402e-13)
(-2.79802e-10 1.91078e-10 -6.25588e-13)
(-2.77421e-10 1.87931e-10 -3.93694e-13)
(-4.69583e-11 3.20868e-11 -7.59351e-15)
(-4.68975e-11 3.20256e-11 -6.65892e-14)
(-4.64618e-11 3.15509e-11 -1.70562e-13)
(-4.57363e-11 3.0659e-11 -1.1215e-13)
(-7.79445e-12 5.35929e-12 -1.75235e-15)
(-7.77809e-12 5.3478e-12 -1.63553e-14)
(-7.67061e-12 5.22913e-12 -4.49769e-14)
(-7.46033e-12 4.98797e-12 -2.97899e-14)
(-1.29907e-12 9.07251e-13 0)
(-1.29791e-12 9.11079e-13 -4.67293e-15)
(-1.27104e-12 8.65142e-13 -1.28506e-14)
(-1.21379e-12 8.11549e-13 -6.42528e-15)
(-2.20796e-13 1.60779e-13 0)
(-2.20796e-13 1.60779e-13 -1.75235e-15)
(-2.1145e-13 1.45466e-13 -2.92058e-15)
(-1.97431e-13 1.3781e-13 -1.16823e-15)
(-3.73834e-14 3.06245e-14 0)
(-3.62152e-14 3.06245e-14 -1.16823e-15)
(-3.15423e-14 2.67964e-14 0)
(-3.0374e-14 2.67964e-14 0)
(-8.17763e-15 7.65613e-15 0)
(-7.00939e-15 1.14842e-14 5.84116e-16)
(-5.84116e-15 1.14842e-14 0)
(-8.17763e-15 7.65613e-15 -5.84116e-16)
(-1.16823e-15 0 0)
(-3.5047e-15 0 0)
(-4.67293e-15 0 0)
(-3.5047e-15 0 0)
(1.16823e-15 0 -5.84116e-16)
(-4.67293e-15 -3.82806e-15 -5.84116e-16)
(-1.16823e-15 -3.82806e-15 0)
(-2.33646e-15 -7.65613e-15 -1.16823e-15)
(2.33646e-15 7.65613e-15 -2.33646e-15)
(4.67293e-15 -7.65613e-15 -5.84116e-16)
(1.16823e-15 0 5.84116e-16)
(2.33646e-15 -3.82806e-15 -5.84116e-16)
(0 3.82806e-15 0)
(1.16823e-15 3.82806e-15 0)
(0 0 -1.16823e-15)
(2.33646e-15 0 0)
(1.16823e-15 1.14842e-14 -5.84116e-16)
(-1.16823e-15 0 -2.33646e-15)
(0 -3.82806e-15 -5.84116e-16)
(0 0 5.84116e-16)
(-3.5047e-15 7.65613e-15 -1.16823e-15)
(-2.33646e-15 0 -1.16823e-15)
(0 0 0)
(0 0 0)
(2.33646e-15 3.82806e-15 0)
(2.33646e-15 -3.82806e-15 -1.16823e-15)
(0 0 1.16823e-15)
(0 0 0)
(1.16823e-15 1.14842e-14 -5.84116e-16)
(1.16823e-15 3.82806e-15 -2.33646e-15)
(0 0 0)
(-2.33646e-15 0 0)
(-1.16823e-15 7.65613e-15 0)
(0 3.82806e-15 -1.16823e-15)
(0 0 -1.16823e-15)
(0 -3.82806e-15 -5.84116e-16)
(0 7.65613e-15 0)
(2.33646e-15 7.65613e-15 -1.16823e-15)
(0 0 -1.16823e-15)
(-2.33646e-15 -3.82806e-15 -5.84116e-16)
(-2.33646e-15 7.65613e-15 0)
(-3.5047e-15 3.82806e-15 -2.33646e-15)
(0 0 -5.84116e-16)
(2.33646e-15 -7.65613e-15 -1.16823e-15)
(-1.16823e-15 0 0)
(0 0 0)
(0 0 0)
(3.5047e-15 3.82806e-15 1.16823e-15)
(1.16823e-15 3.82806e-15 0)
(1.16823e-15 -3.82806e-15 -1.16823e-15)
(0 0 1.16823e-15)
(-1.16823e-15 3.82806e-15 5.84116e-16)
(-1.16823e-15 3.82806e-15 0)
(2.33646e-15 7.65613e-15 0)
(0 0 -1.16823e-15)
(0 0 0)
(0 0 0)
(-2.33646e-15 3.82806e-15 0)
(0 0 0)
(0 0 0)
(-2.33646e-15 -3.82806e-15 5.84116e-16)
(-1.16823e-15 7.65613e-15 1.16823e-15)
(0 0 -1.16823e-15)
(0 0 0)
(2.33646e-15 0 0)
(-2.33646e-15 -3.82806e-15 0)
(0 0 0)
(0 0 0)
(0 0 0)
(2.33646e-15 0 0)
(0 -3.82806e-15 -5.84116e-16)
(0 0 5.84116e-16)
(0 0 0)
(-3.82806e-15 0 -1.16823e-15)
(3.82806e-15 -1.16823e-15 0)
(0 1.16823e-15 5.84116e-16)
(0 0 1.16823e-15)
(0 -1.16823e-15 5.84116e-16)
(7.65613e-15 -2.33646e-15 1.16823e-15)
(3.82806e-15 3.5047e-15 0)
(0 0 0)
(0 -1.16823e-15 -5.84116e-16)
(3.82806e-15 1.16823e-15 0)
(-3.82806e-15 4.67293e-15 0)
(-7.65613e-15 -2.33646e-15 0)
(0 -2.33646e-15 0)
(0 0 5.84116e-16)
(3.82806e-15 0 1.16823e-15)
(3.82806e-15 -1.16823e-15 -5.84116e-16)
(3.82806e-15 0 0)
(0 0 1.75235e-15)
(7.65613e-15 0 -1.16823e-15)
(0 1.16823e-15 0)
(0 0 0)
(0 0 0)
(0 0 0)
(0 -1.16823e-15 5.84116e-16)
(3.82806e-15 0 0)
(-7.65613e-15 1.16823e-15 1.16823e-15)
(0 0 1.16823e-15)
(-7.65613e-15 0 1.16823e-15)
(0 -1.16823e-15 0)
(0 0 0)
(0 0 0)
(3.82806e-15 -1.16823e-15 0)
(0 1.16823e-15 -1.16823e-15)
(-3.82806e-15 0 -1.16823e-15)
(0 0 0)
(-3.82806e-15 0 -5.84116e-16)
(3.82806e-15 -1.16823e-15 0)
(0 1.16823e-15 -1.75235e-15)
(0 0 0)
(3.82806e-15 -1.16823e-15 0)
(0 1.16823e-15 0)
(0 0 0)
(0 0 0)
(0 0 -1.16823e-15)
(3.82806e-15 -3.5047e-15 0)
(1.14842e-14 0 0)
(0 3.5047e-15 0)
(0 0 5.84116e-16)
(0 0 0)
(0 0 -5.84116e-16)
(0 -1.16823e-15 0)
(3.82806e-15 0 -5.84116e-16)
(0 1.16823e-15 0)
(0 0 1.75235e-15)
(3.82806e-15 0 0)
(0 -1.16823e-15 0)
(0 -2.33646e-15 0)
(3.82806e-15 2.33646e-15 0)
(-3.82806e-15 0 1.16823e-15)
(0 -2.33646e-15 5.84116e-16)
(3.82806e-15 0 0)
(3.82806e-15 2.33646e-15 -5.84116e-16)
(-3.82806e-15 0 1.16823e-15)
(0 0 0)
(0 0 0)
(0 0 0)
(3.82806e-15 0 5.84116e-16)
(0 -1.16823e-15 -5.84116e-16)
(7.65613e-15 0 1.16823e-15)
(0 0 0)
(1.14842e-14 1.16823e-15 1.16823e-15)
(3.82806e-15 -1.16823e-15 -5.84116e-16)
(3.82806e-15 1.16823e-15 -5.84116e-16)
(0 0 0)
(0 -1.16823e-15 0)
(3.82806e-15 0 0)
(0 1.16823e-15 5.84116e-16)
(0 0 0)
(3.82806e-15 0 1.16823e-15)
(0 0 5.84116e-16)
(0 0 5.84116e-16)
(0 0 -5.84116e-16)
(3.82806e-15 0 0)
(0 0 5.84116e-16)
(3.82806e-15 0 -5.84116e-16)
(0 0 0)
(3.82806e-15 0 0)
(0 -1.16823e-15 0)
(0 -2.33646e-15 0)
(7.65613e-15 0 -1.16823e-15)
(0 2.33646e-15 0)
(0 0 0)
(3.82806e-15 0 0)
(0 0 0)
(3.82806e-15 0 0)
(-0.000178479 -0.000114128 -4.58216e-10)
(-0.000178476 -0.000114125 -3.08379e-09)
(-0.000178454 -0.000114104 -7.37393e-09)
(-0.000178412 -0.000114066 -4.74836e-09)
(-2.78169e-05 -1.80092e-05 -1.24476e-10)
(-2.78161e-05 -1.80082e-05 -7.61477e-10)
(-2.78111e-05 -1.80031e-05 -1.75349e-09)
(-2.78022e-05 -1.79942e-05 -1.11649e-09)
(-4.38854e-06 -2.86058e-06 -3.37199e-11)
(-4.38831e-06 -2.86032e-06 -1.90257e-10)
(-4.38711e-06 -2.85906e-06 -4.2428e-10)
(-4.385e-06 -2.85692e-06 -2.67741e-10)
(-6.97093e-07 -4.55082e-07 -9.00473e-12)
(-6.9703e-07 -4.5501e-07 -4.69454e-11)
(-6.96735e-07 -4.54707e-07 -1.01124e-10)
(-6.96229e-07 -4.54201e-07 -6.31833e-11)
(-1.10922e-07 -7.22136e-08 -2.37268e-12)
(-1.10905e-07 -7.21946e-08 -1.14113e-11)
(-1.10833e-07 -7.21223e-08 -2.35819e-11)
(-1.10713e-07 -7.20059e-08 -1.45445e-11)
(-1.76071e-08 -1.13962e-08 -6.1157e-13)
(-1.76026e-08 -1.13913e-08 -2.74301e-12)
(-1.75855e-08 -1.13742e-08 -5.41067e-12)
(-1.75579e-08 -1.1348e-08 -3.28215e-12)
(-2.77968e-09 -1.78535e-09 -1.56543e-13)
(-2.77853e-09 -1.7841e-09 -6.53626e-13)
(-2.7745e-09 -1.78012e-09 -1.2319e-12)
(-2.76827e-09 -1.77424e-09 -7.34818e-13)
(-4.35641e-10 -2.77447e-10 -3.91358e-14)
(-4.35349e-10 -2.77133e-10 -1.54791e-13)
(-4.34408e-10 -2.76202e-10 -2.80376e-13)
(-4.33009e-10 -2.74893e-10 -1.64137e-13)
(-6.77224e-11 -4.27786e-11 -9.34586e-15)
(-6.76535e-11 -4.26982e-11 -3.73834e-14)
(-6.74269e-11 -4.24838e-11 -6.25004e-14)
(-6.71196e-11 -4.22006e-11 -3.5047e-14)
(-1.04475e-11 -6.55364e-12 -2.92058e-15)
(-1.04253e-11 -6.52685e-12 -8.76174e-15)
(-1.03762e-11 -6.48857e-12 -1.34347e-14)
(-1.03085e-11 -6.41583e-12 -9.34586e-15)
(-1.60165e-12 -9.95296e-13 0)
(-1.59464e-12 -9.95296e-13 -1.16823e-15)
(-1.58295e-12 -9.8764e-13 -3.5047e-15)
(-1.5666e-12 -9.64672e-13 -2.92058e-15)
(-2.42992e-13 -1.45466e-13 0)
(-2.45329e-13 -1.45466e-13 1.16823e-15)
(-2.42992e-13 -1.53123e-13 5.84116e-16)
(-2.39488e-13 -1.49294e-13 -5.84116e-16)
(-3.5047e-14 -2.29684e-14 -1.16823e-15)
(-3.62152e-14 -1.53123e-14 0)
(-3.62152e-14 -1.91403e-14 0)
(-3.62152e-14 -1.53123e-14 -1.16823e-15)
(-3.5047e-15 -3.82806e-15 0)
(-3.5047e-15 -3.82806e-15 -1.16823e-15)
(-5.84116e-15 0 0)
(-3.5047e-15 0 0)
(-3.5047e-15 -7.65613e-15 -5.84116e-16)
(-2.33646e-15 0 -1.16823e-15)
(0 0 0)
(0 0 0)
(0 3.82806e-15 0)
(2.33646e-15 3.82806e-15 1.16823e-15)
(0 0 0)
(0 0 0)
(0 -3.82806e-15 -1.16823e-15)
(0 0 0)
(1.16823e-15 -3.82806e-15 1.16823e-15)
(0 0 -1.16823e-15)
(0 0 0)
(0 0 0)
(-1.16823e-15 0 0)
(0 0 0)
(-2.33646e-15 3.82806e-15 1.16823e-15)
(0 0 0)
(0 0 0)
(0 0 0)
(2.33646e-15 0 0)
(0 0 0)
(-2.33646e-15 0 0)
(0 0 0)
(0 0 5.84116e-16)
(0 0 0)
(0 3.82806e-15 -1.16823e-15)
(0 0 1.16823e-15)
(-2.33646e-15 3.82806e-15 1.16823e-15)
(2.33646e-15 0 0)
(2.33646e-15 0 0)
(-2.33646e-15 0 0)
(2.33646e-15 3.82806e-15 1.16823e-15)
(0 -3.82806e-15 0)
(0 0 -1.16823e-15)
(0 7.65613e-15 -5.84116e-16)
(0 0 0)
(0 -3.82806e-15 1.16823e-15)
(0 0 -1.16823e-15)
(2.33646e-15 0 0)
(0 0 0)
(-2.33646e-15 0 0)
(0 0 0)
(0 0 0)
(0 0 0)
(0 0 0)
(-3.5047e-15 3.82806e-15 -1.16823e-15)
(0 0 1.16823e-15)
(0 0 5.84116e-16)
(0 0 -1.16823e-15)
(1.16823e-15 1.14842e-14 -5.84116e-16)
(0 0 1.75235e-15)
(-2.33646e-15 3.82806e-15 0)
(0 0 1.16823e-15)
(2.33646e-15 -3.82806e-15 1.16823e-15)
(0 0 -1.16823e-15)
(2.33646e-15 3.82806e-15 1.16823e-15)
(0 0 0)
(0 0 0)
(0 0 0)
(0 0 0)
(0 0 0)
(1.16823e-15 -3.82806e-15 0)
(-2.33646e-15 3.82806e-15 -1.16823e-15)
(0 0 0)
(0 0 0)
(-1.16823e-15 -3.82806e-15 0)
(0 3.82806e-15 -1.16823e-15)
(0 3.82806e-15 0)
(0 3.82806e-15 1.16823e-15)
(0 0 0)
(2.33646e-15 0 0)
(-0.000617963 -3.22329e-05 -1.32599e-09)
(-0.000602993 -4.23522e-06 -1.27777e-09)
(-0.000601022 -5.55736e-07 -1.26253e-09)
(-0.00060077 -6.25629e-08 -1.26331e-09)
(-0.000600772 6.68304e-08 -1.16948e-09)
(-0.000601037 5.63994e-07 -1.27499e-09)
(-0.000603028 4.25536e-06 -1.13193e-09)
(-0.000618058 3.23141e-05 -1.16273e-09)
(-0.000617952 -3.22321e-05 -1.03911e-08)
(-0.000602982 -4.23509e-06 -9.84306e-09)
(-0.000601012 -5.55707e-07 -9.76318e-09)
(-0.00060076 -6.23768e-08 -9.73942e-09)
(-0.000600762 6.6807e-08 -9.64871e-09)
(-0.000601027 5.64069e-07 -9.8665e-09)
(-0.000603019 4.25558e-06 -9.82758e-09)
(-0.000618049 3.23122e-05 -1.06702e-08)
(-0.00061788 -3.22259e-05 -2.59997e-08)
(-0.000602914 -4.23396e-06 -2.48612e-08)
(-0.000600944 -5.55529e-07 -2.45863e-08)
(-0.000600692 -6.2334e-08 -2.45037e-08)
(-0.000600695 6.65762e-08 -2.48025e-08)
(-0.000600958 5.63637e-07 -2.48384e-08)
(-0.000602949 4.25375e-06 -2.57867e-08)
(-0.000617973 3.23043e-05 -2.82102e-08)
(-0.000617744 -3.22151e-05 -1.69346e-08)
(-0.000602784 -4.23226e-06 -1.62959e-08)
(-0.000600815 -5.54992e-07 -1.60856e-08)
(-0.000600564 -6.28092e-08 -1.60275e-08)
(-0.000600564 6.61376e-08 -1.63232e-08)
(-0.000600828 5.62101e-07 -1.62468e-08)
(-0.000602812 4.24884e-06 -1.7091e-08)
(-0.000617824 3.22908e-05 -1.87027e-08)
(-0.000178565 0.000114212 -6.16622e-10)
(-0.000178561 0.000114207 -3.66576e-09)
(-0.000178537 0.000114183 -9.14549e-09)
(-0.000178492 0.000114134 -6.09635e-09)
(-2.7837e-05 1.80254e-05 -1.69673e-10)
(-2.78359e-05 1.80241e-05 -9.90476e-10)
(-2.78303e-05 1.80175e-05 -2.16109e-09)
(-2.78187e-05 1.80068e-05 -1.34029e-09)
(-4.39236e-06 2.86392e-06 -4.45441e-11)
(-4.39204e-06 2.86356e-06 -2.72365e-10)
(-4.39053e-06 2.86174e-06 -5.20627e-10)
(-4.38799e-06 2.8594e-06 -2.92805e-10)
(-6.97851e-07 4.55996e-07 -1.14598e-11)
(-6.97767e-07 4.55905e-07 -7.40922e-11)
(-6.97345e-07 4.55403e-07 -1.34762e-10)
(-6.968e-07 4.54826e-07 -7.21284e-11)
(-1.11125e-07 7.2517e-08 -2.91591e-12)
(-1.11103e-07 7.24937e-08 -1.97227e-11)
(-1.10987e-07 7.23592e-08 -3.68262e-11)
(-1.10854e-07 7.21991e-08 -2.00182e-11)
(-1.76749e-08 1.14981e-08 -7.39491e-13)
(-1.76694e-08 1.14922e-08 -5.16417e-12)
(-1.76381e-08 1.14568e-08 -1.026e-11)
(-1.76014e-08 1.14101e-08 -5.8359e-12)
(-2.80279e-09 1.81758e-09 -1.86917e-13)
(-2.80141e-09 1.81607e-09 -1.32828e-12)
(-2.79314e-09 1.80695e-09 -2.82245e-12)
(-2.78241e-09 1.7935e-09 -1.68167e-12)
(-4.43031e-10 2.86998e-10 -4.90658e-14)
(-4.42679e-10 2.86603e-10 -3.39956e-13)
(-4.40545e-10 2.8428e-10 -7.61687e-13)
(-4.37435e-10 2.80517e-10 -4.69629e-13)
(-6.99315e-11 4.54544e-11 -1.28506e-14)
(-6.98404e-11 4.53511e-11 -8.58651e-14)
(-6.9296e-11 4.47692e-11 -1.99768e-13)
(-6.84222e-11 4.37548e-11 -1.26753e-13)
(-1.10667e-11 7.27332e-12 -2.92058e-15)
(-1.10421e-11 7.23887e-12 -2.21964e-14)
(-1.09078e-11 7.10106e-12 -5.08181e-14)
(-1.06695e-11 6.82926e-12 -3.44628e-14)
(-1.7687e-12 1.19053e-12 -1.16823e-15)
(-1.76169e-12 1.17904e-12 -6.42528e-15)
(-1.72782e-12 1.14076e-12 -1.34347e-14)
(-1.66473e-12 1.07569e-12 -7.59351e-15)
(-2.88553e-13 1.99059e-13 0)
(-2.85049e-13 1.99059e-13 -2.33646e-15)
(-2.75703e-13 1.87575e-13 -2.92058e-15)
(-2.62852e-13 1.72263e-13 -1.75235e-15)
(-4.67293e-14 3.44526e-14 1.75235e-15)
(-4.78975e-14 3.82806e-14 -1.16823e-15)
(-4.78975e-14 3.44526e-14 -5.84116e-16)
(-4.20564e-14 2.67964e-14 -1.16823e-15)
(-1.16823e-14 7.65613e-15 0)
(-1.16823e-14 7.65613e-15 -2.33646e-15)
(-1.16823e-14 -7.65613e-15 -5.84116e-16)
(-7.00939e-15 0 5.84116e-16)
(0 -3.82806e-15 0)
(-5.84116e-15 -7.65613e-15 -1.16823e-15)
(0 -3.82806e-15 1.16823e-15)
(0 -3.82806e-15 0)
(0 0 -1.75235e-15)
(2.33646e-15 -1.14842e-14 -1.16823e-15)
(2.33646e-15 -7.65613e-15 2.92058e-15)
(1.16823e-15 3.82806e-15 1.16823e-15)
(0 0 0)
(2.33646e-15 -3.82806e-15 -5.84116e-16)
(1.16823e-15 0 5.84116e-16)
(-3.5047e-15 0 0)
(0 0 0)
(1.16823e-15 0 0)
(0 3.82806e-15 -5.84116e-16)
(-2.33646e-15 -1.14842e-14 -2.33646e-15)
(0 0 0)
(0 0 0)
(-1.16823e-15 0 -5.84116e-16)
(2.33646e-15 -7.65613e-15 -1.16823e-15)
(0 0 0)
(0 0 -5.84116e-16)
(-2.33646e-15 -7.65613e-15 0)
(2.33646e-15 0 5.84116e-16)
(0 -3.82806e-15 -5.84116e-16)
(0 0 5.84116e-16)
(3.5047e-15 -3.82806e-15 0)
(-2.33646e-15 0 0)
(0 0 0)
(0 -3.82806e-15 -5.84116e-16)
(0 0 0)
(-2.33646e-15 -7.65613e-15 -1.16823e-15)
(2.33646e-15 3.82806e-15 0)
(-1.16823e-15 0 -1.16823e-15)
(0 0 -5.84116e-16)
(2.33646e-15 -3.82806e-15 0)
(-2.33646e-15 0 -5.84116e-16)
(0 -7.65613e-15 -1.16823e-15)
(-1.16823e-15 -3.82806e-15 1.16823e-15)
(2.33646e-15 -3.82806e-15 0)
(0 0 0)
(1.16823e-15 0 0)
(0 0 0)
(0 3.82806e-15 1.16823e-15)
(-1.16823e-15 -3.82806e-15 0)
(0 0 5.84116e-16)
(1.16823e-15 -3.82806e-15 -5.84116e-16)
(0 0 5.84116e-16)
(1.16823e-15 0 0)
(0 0 0)
(0 0 0)
(0 0 0)
(0 0 0)
(0 -3.82806e-15 -5.84116e-16)
(0 -3.82806e-15 0)
(0 -3.82806e-15 0)
(2.33646e-15 3.82806e-15 0)
(0 0 -1.16823e-15)
(0 0 0)
(0 0 0)
(-2.33646e-15 0 0)
(-1.16823e-15 -3.82806e-15 -5.84116e-16)
(0 0 5.84116e-16)
(0 0 0)
(0 0 0)
(0 -3.82806e-15 -5.84116e-16)
(-1.16823e-15 -3.82806e-15 5.84116e-16)
(0 0 0)
(0 -3.82806e-15 0)
(1.16823e-15 -3.82806e-15 0)
(1.16823e-15 0 5.84116e-16)
(0 0 0)
(-0.000178555 -0.000114206 -4.7216e-10)
(-0.000178552 -0.000114202 -3.20038e-09)
(-0.000178529 -0.00011418 -7.74457e-09)
(-0.000178486 -0.00011414 -5.01634e-09)
(-2.78352e-05 -1.80278e-05 -1.28358e-10)
(-2.78343e-05 -1.80268e-05 -7.91233e-10)
(-2.78291e-05 -1.80215e-05 -1.84334e-09)
(-2.78197e-05 -1.80121e-05 -1.18047e-09)
(-4.39295e-06 -2.86495e-06 -3.47841e-11)
(-4.39271e-06 -2.86467e-06 -1.97727e-10)
(-4.39146e-06 -2.86337e-06 -4.45808e-10)
(-4.38923e-06 -2.8611e-06 -2.82865e-10)
(-6.98131e-07 -4.56064e-07 -9.28978e-12)
(-6.98066e-07 -4.5599e-07 -4.87708e-11)
(-6.97759e-07 -4.55674e-07 -1.0614e-10)
(-6.97224e-07 -4.55141e-07 -6.66599e-11)
(-1.11156e-07 -7.24254e-08 -2.44569e-12)
(-1.11139e-07 -7.24058e-08 -1.18435e-11)
(-1.11064e-07 -7.23306e-08 -2.47157e-11)
(-1.10938e-07 -7.22081e-08 -1.5319e-11)
(-1.76578e-08 -1.14401e-08 -6.30845e-13)
(-1.76532e-08 -1.1435e-08 -2.84231e-12)
(-1.76355e-08 -1.14173e-08 -5.66067e-12)
(-1.76064e-08 -1.13897e-08 -3.45037e-12)
(-2.79023e-09 -1.79413e-09 -1.60632e-13)
(-2.78905e-09 -1.79284e-09 -6.77575e-13)
(-2.78486e-09 -1.7887e-09 -1.28622e-12)
(-2.77831e-09 -1.78256e-09 -7.68697e-13)
(-4.37759e-10 -2.79139e-10 -3.91358e-14)
(-4.37457e-10 -2.78821e-10 -1.5888e-13)
(-4.36476e-10 -2.77868e-10 -2.9089e-13)
(-4.35017e-10 -2.76497e-10 -1.7173e-13)
(-6.81313e-11 -4.30925e-11 -9.92997e-15)
(-6.80554e-11 -4.30159e-11 -3.62152e-14)
(-6.78299e-11 -4.28016e-11 -6.60051e-14)
(-6.75075e-11 -4.24877e-11 -3.91358e-14)
(-1.05199e-11 -6.61489e-12 -1.75235e-15)
(-1.05024e-11 -6.59575e-12 -8.76174e-15)
(-1.04498e-11 -6.54982e-12 -1.5187e-14)
(-1.03762e-11 -6.46943e-12 -1.05141e-14)
(-1.61099e-12 -1.01444e-12 -1.16823e-15)
(-1.61099e-12 -1.00678e-12 -1.75235e-15)
(-1.60048e-12 -9.99124e-13 -2.92058e-15)
(-1.57945e-12 -9.79984e-13 -2.92058e-15)
(-2.48833e-13 -1.60779e-13 -1.75235e-15)
(-2.47665e-13 -1.49294e-13 -1.16823e-15)
(-2.45329e-13 -1.49294e-13 0)
(-2.40656e-13 -1.49294e-13 0)
(-3.85517e-14 -2.29684e-14 0)
(-3.38787e-14 -1.91403e-14 -5.84116e-16)
(-3.62152e-14 -1.91403e-14 0)
(-3.5047e-14 -1.91403e-14 0)
(-5.84116e-15 -7.65613e-15 0)
(-5.84116e-15 -7.65613e-15 0)
(-3.5047e-15 -7.65613e-15 0)
(-3.5047e-15 -1.14842e-14 5.84116e-16)
(0 -3.82806e-15 0)
(-2.33646e-15 0 -1.16823e-15)
(-3.5047e-15 0 1.16823e-15)
(-2.33646e-15 -7.65613e-15 1.16823e-15)
(-2.33646e-15 0 0)
(0 3.82806e-15 -1.75235e-15)
(-2.33646e-15 1.14842e-14 0)
(-1.16823e-15 0 1.75235e-15)
(0 0 0)
(0 0 0)
(2.33646e-15 3.82806e-15 0)
(0 -3.82806e-15 1.16823e-15)
(0 -3.82806e-15 0)
(2.33646e-15 -3.82806e-15 0)
(1.16823e-15 0 -1.16823e-15)
(-2.33646e-15 3.82806e-15 -5.84116e-16)
(0 0 0)
(-2.33646e-15 -3.82806e-15 1.16823e-15)
(0 0 -1.16823e-15)
(2.33646e-15 0 0)
(0 0 0)
(0 0 0)
(0 -3.82806e-15 1.16823e-15)
(0 -3.82806e-15 0)
(-1.16823e-15 3.82806e-15 0)
(0 0 5.84116e-16)
(-1.16823e-15 0 0)
(0 0 0)
(1.16823e-15 3.82806e-15 5.84116e-16)
(-1.16823e-15 0 0)
(1.16823e-15 3.82806e-15 -5.84116e-16)
(0 0 5.84116e-16)
(0 0 -5.84116e-16)
(0 7.65613e-15 0)
(0 0 5.84116e-16)
(0 0 0)
(0 0 0)
(3.5047e-15 -3.82806e-15 1.16823e-15)
(0 0 -1.16823e-15)
(-2.33646e-15 3.82806e-15 -5.84116e-16)
(0 0 0)
(-2.33646e-15 -3.82806e-15 1.16823e-15)
(0 0 -1.16823e-15)
(2.33646e-15 0 0)
(0 0 0)
(2.33646e-15 0 0)
(2.33646e-15 0 0)
(0 0 0)
(2.33646e-15 -3.82806e-15 0)
(0 -3.82806e-15 0)
(0 -3.82806e-15 -1.16823e-15)
(-2.33646e-15 3.82806e-15 -5.84116e-16)
(-2.33646e-15 -3.82806e-15 0)
(-2.33646e-15 -3.82806e-15 0)
(-2.33646e-15 -3.82806e-15 0)
(2.33646e-15 0 -1.16823e-15)
(-1.16823e-15 3.82806e-15 0)
(0 0 5.84116e-16)
(0 0 0)
(0 0 0)
(1.16823e-15 3.82806e-15 0)
(-1.16823e-15 0 5.84116e-16)
(2.33646e-15 -3.82806e-15 1.16823e-15)
(1.16823e-15 -3.82806e-15 0)
(0 0 0)
(0 3.82806e-15 -5.84116e-16)
(-3.5047e-15 0 5.84116e-16)
(-1.16823e-15 0 0)
(0 0 0)
(1.16823e-15 0 0)
(1.16823e-15 3.82806e-15 0)
(0 -3.82806e-15 1.16823e-15)
(-0.000618031 -3.231e-05 -1.34167e-09)
(-0.000603007 -4.25144e-06 -1.2829e-09)
(-0.000601025 -5.59506e-07 -1.26459e-09)
(-0.000600769 -6.42182e-08 -1.26463e-09)
(-0.000600768 6.37133e-08 -1.17455e-09)
(-0.000601024 5.54012e-07 -1.28321e-09)
(-0.000602984 4.22085e-06 -1.17863e-09)
(-0.000617908 3.21816e-05 -1.23426e-09)
(-0.00061802 -3.23091e-05 -1.05285e-08)
(-0.000602997 -4.25128e-06 -9.88518e-09)
(-0.000601015 -5.5947e-07 -9.77605e-09)
(-0.000600759 -6.40382e-08 -9.74216e-09)
(-0.000600759 6.36762e-08 -9.64879e-09)
(-0.000601014 5.54003e-07 -9.85414e-09)
(-0.000602975 4.22095e-06 -9.81188e-09)
(-0.000617898 3.2179e-05 -1.05265e-08)
(-0.000617947 -3.23022e-05 -2.6445e-08)
(-0.000602928 -4.24993e-06 -2.49938e-08)
(-0.000600947 -5.5922e-07 -2.4623e-08)
(-0.000600691 -6.39637e-08 -2.45049e-08)
(-0.000600691 6.34894e-08 -2.47687e-08)
(-0.000600945 5.53685e-07 -2.47251e-08)
(-0.000602906 4.21951e-06 -2.5405e-08)
(-0.000617823 3.21724e-05 -2.70289e-08)
(-0.000617808 -3.22892e-05 -1.72582e-08)
(-0.000602797 -4.24764e-06 -1.63915e-08)
(-0.000600818 -5.58492e-07 -1.61115e-08)
(-0.000600563 -6.43296e-08 -1.60274e-08)
(-0.000600561 6.32358e-08 -1.62944e-08)
(-0.000600816 5.52731e-07 -1.61541e-08)
(-0.000602772 4.21634e-06 -1.67718e-08)
(-0.000617681 3.21648e-05 -1.77367e-08)
(-0.00017843 0.000114073 -7.0782e-10)
(-0.000178425 0.000114067 -3.56833e-09)
(-0.000178403 0.000114044 -8.10999e-09)
(-0.000178364 0.000114002 -5.24948e-09)
(-2.78043e-05 1.79911e-05 -1.90403e-10)
(-2.7803e-05 1.79896e-05 -9.57066e-10)
(-2.77977e-05 1.79834e-05 -1.8818e-09)
(-2.77876e-05 1.79745e-05 -1.11513e-09)
(-4.38426e-06 2.85562e-06 -4.92533e-11)
(-4.3839e-06 2.85523e-06 -2.61508e-10)
(-4.38249e-06 2.85353e-06 -4.45032e-10)
(-4.38037e-06 2.85166e-06 -2.32776e-10)
(-6.95886e-07 4.54049e-07 -1.24534e-11)
(-6.95794e-07 4.53949e-07 -7.07178e-11)
(-6.95401e-07 4.53483e-07 -1.14623e-10)
(-6.94967e-07 4.53032e-07 -5.63555e-11)
(-1.10662e-07 7.20739e-08 -3.12327e-12)
(-1.10639e-07 7.20489e-08 -1.87326e-11)
(-1.10531e-07 7.1924e-08 -3.1558e-11)
(-1.10427e-07 7.17965e-08 -1.59464e-11)
(-1.75694e-08 1.13997e-08 -7.79795e-13)
(-1.75636e-08 1.13935e-08 -4.88438e-12)
(-1.75345e-08 1.13607e-08 -8.90602e-12)
(-1.75054e-08 1.13223e-08 -4.80143e-12)
(-2.77935e-09 1.79613e-09 -1.92758e-13)
(-2.77788e-09 1.79458e-09 -1.25176e-12)
(-2.77021e-09 1.78612e-09 -2.47957e-12)
(-2.76142e-09 1.77475e-09 -1.42232e-12)
(-4.37921e-10 2.8235e-10 -4.78975e-14)
(-4.37557e-10 2.81967e-10 -3.16007e-13)
(-4.35575e-10 2.79824e-10 -6.74654e-13)
(-4.32955e-10 2.7657e-10 -4.06545e-13)
(-6.88241e-11 4.44515e-11 -1.16823e-14)
(-6.87329e-11 4.43596e-11 -7.94398e-14)
(-6.82318e-11 4.3816e-11 -1.79324e-13)
(-6.74771e-11 4.29279e-11 -1.10982e-13)
(-1.08283e-11 7.05129e-12 -1.16823e-15)
(-1.08061e-11 7.03598e-12 -1.92758e-14)
(-1.06788e-11 6.902e-12 -4.55611e-14)
(-1.0472e-11 6.66083e-12 -3.09582e-14)
(-1.71496e-12 1.14076e-12 -1.16823e-15)
(-1.71496e-12 1.13311e-12 -4.67293e-15)
(-1.68342e-12 1.09865e-12 -1.22664e-14)
(-1.62267e-12 1.04123e-12 -7.00939e-15)
(-2.74535e-13 1.91403e-13 -5.84116e-16)
(-2.74535e-13 1.79919e-13 -2.92058e-15)
(-2.66357e-13 1.68435e-13 -1.75235e-15)
(-2.57011e-13 1.64607e-13 -1.16823e-15)
(-4.67293e-14 3.82806e-14 5.84116e-16)
(-4.32246e-14 3.44526e-14 -1.16823e-15)
(-4.20564e-14 3.06245e-14 -1.75235e-15)
(-3.85517e-14 2.29684e-14 -1.16823e-15)
(-9.34586e-15 3.82806e-15 0)
(-1.05141e-14 0 -1.16823e-15)
(-8.17763e-15 0 1.16823e-15)
(-5.84116e-15 7.65613e-15 1.16823e-15)
(0 0 0)
(-1.16823e-15 0 0)
(0 -3.82806e-15 0)
(-1.16823e-15 0 0)
(0 3.82806e-15 -1.16823e-15)
(0 -3.82806e-15 0)
(0 3.82806e-15 0)
(0 0 0)
(-2.33646e-15 3.82806e-15 -1.16823e-15)
(0 -3.82806e-15 -5.84116e-16)
(-3.5047e-15 -7.65613e-15 0)
(-2.33646e-15 -3.82806e-15 0)
(0 -3.82806e-15 0)
(1.16823e-15 -3.82806e-15 -1.16823e-15)
(2.33646e-15 -7.65613e-15 0)
(2.33646e-15 -3.82806e-15 1.16823e-15)
(0 0 0)
(0 0 0)
(1.16823e-15 0 0)
(0 0 0)
(0 0 0)
(0 0 0)
(-1.16823e-15 -3.82806e-15 -5.84116e-16)
(0 0 5.84116e-16)
(0 3.82806e-15 -5.84116e-16)
(2.33646e-15 3.82806e-15 0)
(1.16823e-15 0 -1.75235e-15)
(-2.33646e-15 -3.82806e-15 0)
(0 0 0)
(-2.33646e-15 0 0)
(-1.16823e-15 -3.82806e-15 0)
(2.33646e-15 0 0)
(0 0 0)
(0 0 0)
(0 -3.82806e-15 -5.84116e-16)
(0 -3.82806e-15 0)
(0 -3.82806e-15 0)
(0 0 5.84116e-16)
(0 -3.82806e-15 0)
(1.16823e-15 0 0)
(0 0 0)
(0 0 0)
(0 0 1.16823e-15)
(-1.16823e-15 7.65613e-15 1.16823e-15)
(2.33646e-15 3.82806e-15 0)
(0 0 -1.16823e-15)
(0 -3.82806e-15 -5.84116e-16)
(-2.33646e-15 -3.82806e-15 0)
(-2.33646e-15 3.82806e-15 0)
(0 0 -1.16823e-15)
(0 -3.82806e-15 -5.84116e-16)
(2.33646e-15 -3.82806e-15 0)
(0 0 0)
(-1.16823e-15 -3.82806e-15 -5.84116e-16)
(1.16823e-15 -3.82806e-15 5.84116e-16)
(-2.33646e-15 0 0)
(0 0 0)
(0 -3.82806e-15 -5.84116e-16)
(0 0 0)
(0 -3.82806e-15 0)
(0 0 0)
(1.16823e-15 0 0)
(-1.16823e-15 -3.82806e-15 0)
(2.33646e-15 0 0)
(0 0 0)
(0 0 -5.84116e-16)
(0 -7.65613e-15 0)
(0 0 5.84116e-16)
(0 0 0)
(0 -3.82806e-15 -5.84116e-16)
(1.16823e-15 0 5.84116e-16)
(0 0 0)
(-1.87938 -2.48626 7.73938e-07)
(-1.87938 -2.48627 4.80185e-07)
(-1.87938 -2.48626 -1.30035e-06)
(-1.87939 -2.48626 -1.0066e-06)
(-0.564343 -0.771244 6.58959e-07)
(-0.564344 -0.771249 3.86907e-07)
(-0.564344 -0.771247 -1.65748e-06)
(-0.564344 -0.771236 -1.38543e-06)
(-0.177046 -0.228887 3.30011e-07)
(-0.177047 -0.22889 1.29774e-07)
(-0.177047 -0.228888 -1.2737e-06)
(-0.177045 -0.22888 -1.07347e-06)
(-0.0532041 -0.0630608 1.28377e-07)
(-0.0532047 -0.0630618 2.10824e-08)
(-0.0532044 -0.063061 -6.84828e-07)
(-0.0532027 -0.0630563 -5.77534e-07)
(-0.0148123 -0.0160711 4.18476e-08)
(-0.0148125 -0.0160714 -2.74457e-09)
(-0.0148123 -0.0160711 -2.85308e-07)
(-0.0148114 -0.0160691 -2.40715e-07)
(-0.00380568 -0.00381161 1.18184e-08)
(-0.00380576 -0.00381171 -3.84892e-09)
(-0.00380568 -0.00381158 -9.91012e-08)
(-0.00380525 -0.00381091 -8.3434e-08)
(-0.000908239 -0.000848373 2.89716e-09)
(-0.000908261 -0.000848396 -2.05621e-09)
(-0.000908233 -0.000848357 -3.02268e-08)
(-0.00090808 -0.000848155 -2.52735e-08)
(-0.00020313 -0.000178655 6.05299e-10)
(-0.000203136 -0.00017866 -8.84099e-10)
(-0.000203127 -0.000178648 -8.42671e-09)
(-0.00020308 -0.000178593 -6.93731e-09)
(-4.29393e-05 -3.58518e-05 9.71794e-11)
(-4.29405e-05 -3.58526e-05 -3.42034e-10)
(-4.29378e-05 -3.58491e-05 -2.21658e-09)
(-4.29248e-05 -3.58349e-05 -1.77737e-09)
(-8.64318e-06 -6.89807e-06 6.57189e-12)
(-8.64338e-06 -6.89812e-06 -1.2272e-10)
(-8.64258e-06 -6.89708e-06 -5.6483e-10)
(-8.63923e-06 -6.8936e-06 -4.35536e-10)
(-1.66712e-06 -1.27911e-06 -3.3978e-12)
(-1.66714e-06 -1.27908e-06 -4.12602e-11)
(-1.6669e-06 -1.27878e-06 -1.42131e-10)
(-1.66608e-06 -1.27795e-06 -1.04269e-10)
(-3.09767e-07 -2.29593e-07 -2.1145e-12)
(-3.09762e-07 -2.29576e-07 -1.30854e-11)
(-3.09693e-07 -2.29489e-07 -3.57561e-11)
(-3.09496e-07 -2.2929e-07 -2.4787e-11)
(-5.56963e-08 -4.0042e-08 -8.2594e-13)
(-5.56926e-08 -4.00353e-08 -3.94162e-12)
(-5.56724e-08 -4.00104e-08 -9.0316e-12)
(-5.56257e-08 -3.99631e-08 -5.91418e-12)
(-9.72754e-09 -6.8079e-09 -2.68693e-13)
(-9.72606e-09 -6.80575e-09 -1.13494e-12)
(-9.72029e-09 -6.79882e-09 -2.29149e-12)
(-9.70915e-09 -6.78743e-09 -1.42291e-12)
(-1.65585e-09 -1.13177e-09 -8.00239e-14)
(-1.65536e-09 -1.13113e-09 -3.14839e-13)
(-1.65375e-09 -1.12925e-09 -5.78859e-13)
(-1.65107e-09 -1.12649e-09 -3.45213e-13)
(-2.75549e-10 -1.84505e-10 -2.27805e-14)
(-2.75401e-10 -1.84321e-10 -8.52809e-14)
(-2.74964e-10 -1.8382e-10 -1.46613e-13)
(-2.74315e-10 -1.8315e-10 -8.41127e-14)
(-4.49547e-11 -2.95794e-11 -6.42528e-15)
(-4.49115e-11 -2.95259e-11 -2.27805e-14)
(-4.47994e-11 -2.93957e-11 -3.73834e-14)
(-4.46393e-11 -2.92273e-11 -2.10282e-14)
(-7.21383e-12 -4.67789e-12 1.16823e-15)
(-7.19865e-12 -4.67407e-12 -7.00939e-15)
(-7.17061e-12 -4.6243e-12 -1.05141e-14)
(-7.12738e-12 -4.5975e-12 -2.92058e-15)
(-1.14019e-12 -7.3116e-13 0)
(-1.14253e-12 -7.27332e-13 -1.75235e-15)
(-1.12851e-12 -7.15848e-13 -1.75235e-15)
(-1.12384e-12 -7.1202e-13 -1.16823e-15)
(-1.7874e-13 -1.11014e-13 0)
(-1.77571e-13 -1.07186e-13 -1.16823e-15)
(-1.75235e-13 -1.07186e-13 0)
(-1.74067e-13 -1.03358e-13 -5.84116e-16)
(-2.68693e-14 -1.91403e-14 5.84116e-16)
(-2.57011e-14 -1.91403e-14 0)
(-2.57011e-14 -1.53123e-14 -1.16823e-15)
(-2.45329e-14 -1.91403e-14 1.16823e-15)
(-5.84116e-15 0 0)
(-5.84116e-15 0 0)
(-4.67293e-15 0 0)
(-8.17763e-15 0 0)
(-1.16823e-15 3.82806e-15 0)
(2.33646e-15 0 5.84116e-16)
(0 3.82806e-15 -5.84116e-16)
(0 3.82806e-15 0)
(0 3.82806e-15 1.75235e-15)
(-2.33646e-15 -7.65613e-15 0)
(0 0 -1.75235e-15)
(-2.33646e-15 3.82806e-15 0)
(0 3.82806e-15 0)
(-1.16823e-15 3.82806e-15 0)
(0 0 0)
(2.33646e-15 7.65613e-15 -1.16823e-15)
(1.16823e-15 3.82806e-15 0)
(1.16823e-15 3.82806e-15 0)
(0 0 5.84116e-16)
(0 3.82806e-15 -5.84116e-16)
(0 0 0)
(0 0 0)
(0 0 -5.84116e-16)
(2.33646e-15 3.82806e-15 0)
(0 0 0)
(0 0 0)
(0 3.82806e-15 0)
(0 0 0)
(0 0 -5.84116e-16)
(0 0 0)
(0 0 0)
(0 0 0)
(0 0 0)
(0 0 0)
(0 0 -5.84116e-16)
(-2.33646e-15 3.82806e-15 0)
(0 0 0)
(0 0 0)
(-1.16823e-15 3.82806e-15 -5.84116e-16)
(2.33646e-15 3.82806e-15 0)
(0 0 0)
(-1.16823e-15 3.82806e-15 -5.84116e-16)
(1.16823e-15 0 5.84116e-16)
(0 0 0)
(0 0 0)
(1.16823e-15 0 0)
(-1.16823e-15 3.82806e-15 -5.84116e-16)
(-4.67293e-15 3.82806e-15 0)
(-1.16823e-15 3.82806e-15 0)
(-1.16823e-15 3.82806e-15 0)
(1.16823e-15 3.82806e-15 -1.16823e-15)
(2.33646e-15 7.65613e-15 0)
(1.16823e-15 0 0)
(0 3.82806e-15 -5.84116e-16)
(0 0 0)
(-2.33646e-15 3.82806e-15 0)
(0 0 0)
(1.16823e-15 0 0)
(0 3.82806e-15 -1.75235e-15)
(0 7.65613e-15 0)
(0 0 0)
(0 0 0)
(0 0 -5.84116e-16)
(0 7.65613e-15 -1.16823e-15)
(0 0 0)
(0 3.82806e-15 -5.84116e-16)
(0 3.82806e-15 0)
(2.33646e-15 3.82806e-15 0)
(-1.16823e-15 0 0)
(0 0 0)
(0 0 0)
(0 3.82806e-15 -5.84116e-16)
(1.16823e-15 1.14842e-14 1.16823e-15)
(0 3.82806e-15 1.16823e-15)
(0 3.82806e-15 0)
(2.33646e-15 3.82806e-15 0)
)
;
    }
    front
    {
        type            symmetryPlane;
    }
    back
    {
        type            symmetryPlane;
    }
}


// ************************************************************************* //
