/*--------------------------------*- C++ -*----------------------------------*\
| =========                 |                                                 |
| \\      /  F ield         | OpenFOAM: The Open Source CFD Toolbox           |
|  \\    /   O peration     | Version:                                        |
|   \\  /    A nd           | Website:  www.openfoam.com                      |
|    \\/     M anipulation  |                                                 |
\*---------------------------------------------------------------------------*/
FoamFile
{
    version     2.0;
    format      ascii;
    class       volVectorField;
    location    "0.4";
    object      flux;
}
// * * * * * * * * * * * * * * * * * * * * * * * * * * * * * * * * * * * * * //

dimensions      [0 1 -1 1 0 0 0];


internalField   nonuniform List<vector> 
4352
(
(-1.75521 1.67353 -8.75991e-08)
(-0.527763 0.860967 -1.70756e-07)
(-0.204454 0.472125 -1.76247e-07)
(-0.097557 0.261656 -1.39402e-07)
(-0.0517109 0.141948 -9.11964e-08)
(-0.0280333 0.0741244 -5.0896e-08)
(-0.0148701 0.0369629 -2.46548e-08)
(-0.0075669 0.0175458 -1.06242e-08)
(-1.09781 0.453853 -8.06039e-08)
(-0.673643 0.459327 -1.16096e-07)
(-0.394857 0.323412 -9.26708e-08)
(-0.23262 0.20114 -5.1846e-08)
(-0.135821 0.11583 -1.82771e-08)
(-0.0769523 0.0625738 4.60243e-11)
(-0.0417086 0.0318594 5.80238e-09)
(-0.0214725 0.015326 4.86008e-09)
(-0.842033 0.143823 -7.16869e-08)
(-0.658204 0.219009 -1.33528e-07)
(-0.462642 0.187839 -1.16566e-07)
(-0.305139 0.130994 -6.73029e-08)
(-0.190277 0.0809659 -2.19915e-08)
(-0.112004 0.0457858 3.55327e-09)
(-0.0621179 0.0240281 1.01791e-08)
(-0.0324471 0.0117825 5.77349e-09)
(-0.734975 0.0522934 -6.78705e-08)
(-0.629628 0.101303 -6.93649e-08)
(-0.482872 0.0998127 -1.91965e-08)
(-0.339492 0.0763946 3.08327e-08)
(-0.221029 0.0503573 5.55933e-08)
(-0.13389 0.0297805 5.33111e-08)
(-0.0757119 0.0160865 3.4438e-08)
(-0.0400827 0.0079756 1.34992e-08)
(-0.688437 0.0208099 -2.91861e-08)
(-0.610685 0.0461364 -3.05232e-08)
(-0.48755 0.0499473 4.59924e-09)
(-0.354594 0.0410441 3.92652e-08)
(-0.236891 0.0285202 5.34061e-08)
(-0.146275 0.017472 4.50731e-08)
(-0.0839228 0.00952485 2.16471e-08)
(-0.0449097 0.00449657 -7.00331e-09)
(-0.668028 0.00863512 -3.01403e-08)
(-0.600491 0.0206252 -1.13505e-08)
(-0.487964 0.0237891 2.93774e-08)
(-0.360919 0.0205959 5.76687e-08)
(-0.244601 0.0148569 6.03508e-08)
(-0.152885 0.00917604 3.83927e-08)
(-0.0886873 0.00458159 -1.10089e-09)
(-0.0478851 0.00119239 -3.42161e-08)
(-0.659177 0.00360888 -8.4671e-09)
(-0.595531 0.00898936 4.61502e-09)
(-0.487579 0.0108149 2.86278e-08)
(-0.363526 0.00969305 4.35121e-08)
(-0.248311 0.00706658 4.32369e-08)
(-0.15655 0.00399752 3.22593e-08)
(-0.0919065 0.000740135 2.60972e-08)
(-0.0502496 -0.00296821 4.41877e-08)
(-0.65543 0.00148713 -1.1536e-08)
(-0.593285 0.00379509 2.25955e-10)
(-0.487261 0.00468783 1.97981e-08)
(-0.364668 0.0042615 3.30419e-08)
(-0.250297 0.00296461 3.84647e-08)
(-0.159212 0.000983149 4.13446e-08)
(-0.095653 -0.00237509 4.47717e-08)
(-0.0543028 -0.00994107 5.09284e-08)
(-1.75521 1.67353 -5.18864e-08)
(-0.527763 0.860967 -1.0714e-08)
(-0.204454 0.472125 6.37342e-08)
(-0.0975569 0.261656 1.18302e-07)
(-0.0517107 0.141948 1.35244e-07)
(-0.0280332 0.0741243 1.20224e-07)
(-0.01487 0.0369629 9.00018e-08)
(-0.00756686 0.0175458 5.86775e-08)
(-1.09781 0.453853 1.96623e-07)
(-0.673643 0.459327 5.53736e-07)
(-0.394856 0.323412 7.76055e-07)
(-0.232619 0.20114 8.20003e-07)
(-0.135821 0.11583 7.19183e-07)
(-0.0769522 0.062574 5.46984e-07)
(-0.0417085 0.0318595 3.69325e-07)
(-0.0214725 0.015326 2.25473e-07)
(-0.842034 0.143823 2.35643e-07)
(-0.658204 0.21901 7.3131e-07)
(-0.462642 0.187839 1.05483e-06)
(-0.305139 0.130994 1.13192e-06)
(-0.190277 0.080966 1.00421e-06)
(-0.112004 0.0457859 7.69455e-07)
(-0.0621179 0.0240281 5.2209e-07)
(-0.0324471 0.0117825 3.18123e-07)
(-0.734975 0.0522935 3.17745e-07)
(-0.629628 0.101303 9.1477e-07)
(-0.482872 0.0998129 1.27558e-06)
(-0.339492 0.0763948 1.33687e-06)
(-0.221029 0.0503575 1.16366e-06)
(-0.13389 0.0297806 8.78178e-07)
(-0.075712 0.0160866 5.88363e-07)
(-0.0400828 0.00797557 3.57984e-07)
(-0.688437 0.02081 2.80412e-07)
(-0.610685 0.0461365 8.09182e-07)
(-0.48755 0.0499474 1.12558e-06)
(-0.354594 0.0410442 1.17594e-06)
(-0.236891 0.0285202 1.02046e-06)
(-0.146275 0.017472 7.67642e-07)
(-0.0839229 0.00952477 5.11837e-07)
(-0.0449098 0.00449648 3.04141e-07)
(-0.668028 0.00863516 2.32996e-07)
(-0.600491 0.0206253 6.65066e-07)
(-0.487964 0.0237891 9.15186e-07)
(-0.360919 0.0205959 9.44564e-07)
(-0.244601 0.0148569 8.08194e-07)
(-0.152886 0.00917601 5.95771e-07)
(-0.0886874 0.0045816 3.83056e-07)
(-0.0478851 0.00119249 2.25837e-07)
(-0.659177 0.00360892 1.65915e-07)
(-0.595531 0.00898938 4.65537e-07)
(-0.487579 0.0108149 6.31543e-07)
(-0.363526 0.009693 6.42187e-07)
(-0.248311 0.00706654 5.42812e-07)
(-0.15655 0.00399752 4.01712e-07)
(-0.0919064 0.000740226 2.82163e-07)
(-0.0502496 -0.00296804 2.18049e-07)
(-0.65543 0.00148714 1.07314e-07)
(-0.593285 0.00379508 2.99708e-07)
(-0.48726 0.00468779 3.98996e-07)
(-0.364668 0.00426144 3.95796e-07)
(-0.250297 0.00296455 3.25359e-07)
(-0.159212 0.000983132 2.3533e-07)
(-0.095653 -0.00237506 1.58255e-07)
(-0.0543029 -0.00994113 1.09618e-07)
(-1.75521 1.67353 2.01585e-07)
(-0.527763 0.860968 5.4719e-07)
(-0.204454 0.472127 7.76141e-07)
(-0.0975569 0.261658 8.25943e-07)
(-0.0517109 0.14195 7.31539e-07)
(-0.0280334 0.0741257 5.65522e-07)
(-0.0148702 0.0369638 3.91817e-07)
(-0.00756701 0.0175463 2.48321e-07)
(-1.09781 0.453854 9.25364e-07)
(-0.673642 0.459329 2.37546e-06)
(-0.394856 0.323414 3.1041e-06)
(-0.23262 0.201142 3.11511e-06)
(-0.135821 0.115832 2.63205e-06)
(-0.076953 0.0625751 1.94771e-06)
(-0.0417092 0.0318603 1.29428e-06)
(-0.021473 0.0153265 7.87166e-07)
(-0.842031 0.143824 1.31667e-06)
(-0.658203 0.21901 3.30278e-06)
(-0.462641 0.18784 4.2957e-06)
(-0.305139 0.130995 4.29639e-06)
(-0.190278 0.0809667 3.6245e-06)
(-0.112005 0.0457865 2.68904e-06)
(-0.0621188 0.0240285 1.80333e-06)
(-0.0324478 0.0117828 1.12054e-06)
(-0.734972 0.0522935 1.41319e-06)
(-0.629626 0.101303 3.54345e-06)
(-0.482871 0.0998128 4.58016e-06)
(-0.339493 0.0763947 4.56269e-06)
(-0.22103 0.0503574 3.8438e-06)
(-0.133891 0.0297805 2.85983e-06)
(-0.0757129 0.0160865 1.94197e-06)
(-0.0400835 0.00797557 1.23861e-06)
(-0.688435 0.0208097 1.23196e-06)
(-0.610683 0.0461359 3.07506e-06)
(-0.487549 0.0499466 3.9658e-06)
(-0.354594 0.0410433 3.94131e-06)
(-0.236892 0.0285195 3.32038e-06)
(-0.146276 0.0174714 2.48842e-06)
(-0.0839237 0.00952443 1.73328e-06)
(-0.0449104 0.00449631 1.18096e-06)
(-0.668026 0.00863489 9.64311e-07)
(-0.600489 0.0206246 2.39285e-06)
(-0.487964 0.0237881 3.0665e-06)
(-0.36092 0.0205948 3.03559e-06)
(-0.244602 0.0148559 2.56022e-06)
(-0.152886 0.00917531 1.95224e-06)
(-0.088688 0.00458113 1.44476e-06)
(-0.0478855 0.00119222 1.08872e-06)
(-0.659176 0.00360863 6.73649e-07)
(-0.59553 0.00898863 1.65506e-06)
(-0.487579 0.0108139 2.09897e-06)
(-0.363526 0.00969195 2.05353e-06)
(-0.248311 0.00706561 1.71086e-06)
(-0.156551 0.00399679 1.28659e-06)
(-0.0919068 0.000739685 9.1086e-07)
(-0.0502499 -0.00296845 5.83366e-07)
(-0.655429 0.00148693 4.37857e-07)
(-0.593284 0.00379451 1.05508e-06)
(-0.48726 0.00468701 1.30632e-06)
(-0.364668 0.00426063 1.23479e-06)
(-0.250297 0.00296383 9.69517e-07)
(-0.159212 0.000982551 6.45568e-07)
(-0.0956533 -0.0023755 3.57185e-07)
(-0.0543031 -0.00994147 1.24572e-07)
(-1.75521 1.67353 1.65872e-07)
(-0.527762 0.860972 3.87148e-07)
(-0.204454 0.472132 5.3616e-07)
(-0.0975569 0.261664 5.68239e-07)
(-0.0517112 0.141955 5.05099e-07)
(-0.0280339 0.0741293 3.94401e-07)
(-0.0148706 0.0369662 2.77161e-07)
(-0.00756735 0.0175478 1.79019e-07)
(-1.0978 0.453855 6.48137e-07)
(-0.673639 0.459333 1.70563e-06)
(-0.394855 0.323419 2.23538e-06)
(-0.23262 0.201147 2.24327e-06)
(-0.135823 0.115836 1.89459e-06)
(-0.0769549 0.0625782 1.40077e-06)
(-0.0417109 0.0318623 9.30755e-07)
(-0.0214742 0.0153278 5.66552e-07)
(-0.842025 0.143824 1.00934e-06)
(-0.658198 0.219012 2.43794e-06)
(-0.46264 0.187842 3.1243e-06)
(-0.30514 0.130997 3.09716e-06)
(-0.19028 0.0809684 2.59831e-06)
(-0.112008 0.0457878 1.92314e-06)
(-0.0621211 0.0240294 1.29142e-06)
(-0.0324494 0.0117834 8.08192e-07)
(-0.734965 0.0522934 1.02758e-06)
(-0.629622 0.101302 2.55931e-06)
(-0.48287 0.0998123 3.28538e-06)
(-0.339494 0.0763941 3.25666e-06)
(-0.221033 0.0503569 2.73573e-06)
(-0.133894 0.0297802 2.03496e-06)
(-0.0757152 0.0160864 1.38805e-06)
(-0.0400852 0.00797569 8.94129e-07)
(-0.688429 0.0208091 9.22357e-07)
(-0.610679 0.0461342 2.23536e-06)
(-0.487548 0.0499443 2.84482e-06)
(-0.354595 0.0410411 2.80464e-06)
(-0.236894 0.0285177 2.35332e-06)
(-0.146278 0.0174701 1.76585e-06)
(-0.0839255 0.00952378 1.24309e-06)
(-0.0449117 0.00449618 8.69815e-07)
(-0.668022 0.00863405 7.01174e-07)
(-0.600486 0.0206225 1.71643e-06)
(-0.487963 0.0237854 2.18069e-06)
(-0.36092 0.0205921 2.1487e-06)
(-0.244604 0.0148537 1.81237e-06)
(-0.152888 0.00917361 1.39486e-06)
(-0.0886892 0.00457996 1.0606e-06)
(-0.0478866 0.0011913 8.28665e-07)
(-0.659172 0.00360787 4.99267e-07)
(-0.595528 0.0089867 1.19413e-06)
(-0.487578 0.0108114 1.49606e-06)
(-0.363527 0.00968939 1.45486e-06)
(-0.248313 0.00706335 1.21129e-06)
(-0.156552 0.00399491 9.17133e-07)
(-0.0919078 0.000738051 6.54794e-07)
(-0.0502507 -0.00296997 4.09505e-07)
(-0.655427 0.00148633 3.19006e-07)
(-0.593283 0.00379303 7.55594e-07)
(-0.48726 0.00468508 9.27117e-07)
(-0.364668 0.00425866 8.72036e-07)
(-0.250298 0.00296207 6.82623e-07)
(-0.159213 0.000981044 4.51583e-07)
(-0.0956541 -0.00237683 2.43702e-07)
(-0.0543035 -0.00994229 6.58826e-08)
(-0.00366554 0.00792347 -4.30723e-09)
(-0.00168666 0.00340684 -1.66795e-09)
(-0.000737514 0.00139698 -6.33102e-10)
(-0.000306961 0.000547436 -2.25752e-10)
(-0.000121882 0.000205477 -7.96384e-11)
(-4.62821e-05 7.4044e-05 -2.58541e-11)
(-1.68497e-05 2.56742e-05 -8.83008e-12)
(-5.89582e-06 8.58479e-06 -2.94278e-12)
(-1.98738e-06 2.77385e-06 -1.1694e-12)
(-6.46774e-07 8.67744e-07 -4.79559e-13)
(-2.03633e-07 2.63291e-07 -2.21964e-13)
(-6.2143e-08 7.76138e-08 -9.75474e-14)
(-1.84138e-08 2.22625e-08 -4.38087e-14)
(-5.30652e-09 6.2225e-09 -1.92758e-14)
(-1.4895e-09 1.69703e-09 -8.17763e-15)
(-4.0779e-10 4.5216e-10 -4.08881e-15)
(-1.09035e-10 1.17833e-10 -2.92058e-15)
(-2.85037e-11 3.00645e-11 -5.84116e-16)
(-7.29444e-12 7.52225e-12 -2.33646e-15)
(-1.83412e-12 1.84698e-12 -2.33646e-15)
(-4.47433e-13 4.4276e-13 -5.84116e-16)
(-1.08646e-13 1.07477e-13 -1.16823e-15)
(-2.68693e-14 2.33646e-14 0)
(-5.84116e-15 5.84116e-15 0)
(-2.33646e-15 4.67293e-15 0)
(-1.16823e-15 0 0)
(1.16823e-15 -2.33646e-15 0)
(-1.16823e-15 4.67293e-15 0)
(0 2.33646e-15 0)
(-2.33646e-15 -1.16823e-15 5.84116e-16)
(2.33646e-15 0 0)
(0 0 0)
(-0.0104734 0.00697925 2.53648e-09)
(-0.00483982 0.00301545 9.93808e-10)
(-0.00212189 0.00123937 3.36824e-10)
(-0.000884543 0.000485942 1.0524e-10)
(-0.000351509 0.000182282 3.48694e-11)
(-0.000133521 6.55946e-05 1.14399e-11)
(-4.86094e-05 2.27026e-05 3.26054e-12)
(-1.70045e-05 7.5754e-06 1.69394e-13)
(-5.72967e-06 2.44236e-06 -6.20915e-13)
(-1.86378e-06 7.62371e-07 -6.25004e-13)
(-5.86497e-07 2.30822e-07 -4.10634e-13)
(-1.78885e-07 6.79021e-08 -2.24885e-13)
(-5.29775e-08 1.94385e-08 -1.10398e-13)
(-1.5259e-08 5.42305e-09 -4.78975e-14)
(-4.28084e-09 1.4764e-09 -1.98599e-14)
(-1.17141e-09 3.92719e-10 -8.76174e-15)
(-3.13059e-10 1.02181e-10 -4.08881e-15)
(-8.18055e-11 2.60329e-11 -1.16823e-15)
(-2.0923e-11 6.49888e-12 -1.75235e-15)
(-5.24536e-12 1.59347e-12 -1.75235e-15)
(-1.2909e-12 3.80844e-13 5.84116e-16)
(-3.13086e-13 8.41127e-14 -1.16823e-15)
(-7.35986e-14 1.86917e-14 1.16823e-15)
(-1.5187e-14 4.67293e-15 0)
(-3.5047e-15 -2.33646e-15 0)
(-3.5047e-15 0 0)
(1.16823e-15 0 1.75235e-15)
(4.67293e-15 -2.33646e-15 -1.16823e-15)
(-2.33646e-15 0 0)
(-3.5047e-15 1.16823e-15 1.75235e-15)
(1.16823e-15 -3.5047e-15 5.84116e-16)
(0 0 -1.16823e-15)
(-0.0159761 0.00541787 -4.60658e-10)
(-0.00742655 0.00234632 -2.27214e-09)
(-0.00326702 0.000961718 -1.81515e-09)
(-0.00136405 0.000374867 -1.00241e-09)
(-0.00054223 0.000139549 -4.56945e-10)
(-0.000205861 4.97974e-05 -1.84811e-10)
(-7.48689e-05 1.70883e-05 -6.95857e-11)
(-2.61561e-05 5.65452e-06 -2.54365e-11)
(-8.8004e-06 1.80861e-06 -9.36805e-12)
(-2.85831e-06 5.60355e-07 -3.56311e-12)
(-8.98102e-07 1.6849e-07 -1.4048e-12)
(-2.73527e-07 4.92507e-08 -5.63672e-13)
(-8.08929e-08 1.40169e-08 -2.26637e-13)
(-2.32686e-08 3.88957e-09 -8.76174e-14)
(-6.51983e-09 1.05371e-09 -3.44628e-14)
(-1.78201e-09 2.79019e-10 -1.40188e-14)
(-4.75722e-10 7.22949e-11 -5.84116e-15)
(-1.24184e-10 1.83518e-11 -1.75235e-15)
(-3.17362e-11 4.56662e-12 0)
(-7.94748e-12 1.11333e-12 -1.16823e-15)
(-1.95796e-12 2.6402e-13 5.84116e-16)
(-4.73134e-13 5.72434e-14 5.84116e-16)
(-1.06309e-13 1.40188e-14 1.75235e-15)
(-2.57011e-14 1.16823e-15 0)
(-5.84116e-15 -2.33646e-15 1.16823e-15)
(0 -1.16823e-15 5.84116e-16)
(2.33646e-15 2.33646e-15 5.84116e-16)
(-2.33646e-15 -2.33646e-15 0)
(2.33646e-15 0 1.16823e-15)
(-5.84116e-15 0 1.16823e-15)
(0 0 2.92058e-15)
(3.5047e-15 -1.16823e-15 0)
(-0.0199096 0.00362392 3.05816e-09)
(-0.00929598 0.00152583 3.65791e-10)
(-0.00409334 0.000602798 2.1131e-10)
(-0.00170671 0.000225709 3.19894e-10)
(-0.000676579 8.07013e-05 2.82412e-10)
(-0.000255982 2.77037e-05 1.79069e-10)
(-9.27523e-05 9.16816e-06 9.2597e-11)
(-3.22842e-05 2.93399e-06 4.09944e-11)
(-1.08238e-05 9.10193e-07 1.60451e-11)
(-3.5039e-06 2.7427e-07 5.56896e-12)
(-1.0976e-06 8.04143e-08 1.71088e-12)
(-3.33358e-07 2.29741e-08 4.44512e-13)
(-9.83387e-08 6.40425e-09 8.58651e-14)
(-2.82221e-08 1.74396e-09 3.5047e-15)
(-7.89139e-09 4.64423e-10 -7.00939e-15)
(-2.15283e-09 1.21072e-10 -5.84116e-15)
(-5.73727e-10 3.09266e-11 -1.16823e-15)
(-1.49536e-10 7.74888e-12 0)
(-3.8158e-11 1.90655e-12 -1.16823e-15)
(-9.54913e-12 4.59115e-13 0)
(-2.34581e-12 1.06309e-13 5.84116e-16)
(-5.63088e-13 2.92058e-14 1.75235e-15)
(-1.3201e-13 5.84116e-15 2.33646e-15)
(-3.0374e-14 0 1.16823e-15)
(-5.84116e-15 0 1.16823e-15)
(1.16823e-15 1.16823e-15 5.84116e-16)
(0 -2.33646e-15 -5.84116e-16)
(-1.16823e-15 0 0)
(0 -2.33646e-15 5.84116e-16)
(0 0 5.84116e-16)
(0 5.84116e-15 5.84116e-16)
(0 1.16823e-15 5.84116e-16)
(-0.0224259 0.00172248 -2.94217e-08)
(-0.0104477 0.000557624 -2.06534e-08)
(-0.00456714 0.00015353 -9.95269e-09)
(-0.00188614 3.40463e-05 -3.94563e-09)
(-0.000740235 4.53247e-06 -1.35876e-09)
(-0.000277395 -8.09774e-07 -4.16764e-10)
(-9.96386e-05 -9.71789e-07 -1.1395e-10)
(-3.44141e-05 -5.13462e-07 -2.80066e-11)
(-1.14601e-05 -2.15832e-07 -6.21207e-12)
(-3.68809e-06 -8.04065e-08 -1.39136e-12)
(-1.1494e-06 -2.7649e-08 -3.96615e-13)
(-3.47537e-07 -8.95425e-09 -1.75235e-13)
(-1.02123e-07 -2.7633e-09 -9.11221e-14)
(-2.92085e-08 -8.18774e-10 -4.73134e-14)
(-8.14272e-09 -2.34167e-10 -2.04441e-14)
(-2.21551e-09 -6.48953e-11 -1.05141e-14)
(-5.89044e-10 -1.74791e-11 -2.33646e-15)
(-1.53204e-10 -4.58531e-12 -1.75235e-15)
(-3.9026e-11 -1.17758e-12 0)
(-9.74773e-12 -2.96731e-13 1.75235e-15)
(-2.38903e-12 -6.89257e-14 5.84116e-16)
(-5.73602e-13 -1.5187e-14 2.33646e-15)
(-1.34347e-13 -3.5047e-15 2.33646e-15)
(-3.0374e-14 -1.16823e-15 1.75235e-15)
(-5.84116e-15 0 2.33646e-15)
(0 -1.16823e-15 5.84116e-16)
(0 -3.5047e-15 0)
(0 -1.16823e-15 5.84116e-16)
(0 0 1.16823e-15)
(1.16823e-15 0 5.84116e-16)
(0 0 -5.84116e-16)
(-1.16823e-15 0 1.16823e-15)
(-0.0238485 -0.000758334 -1.10156e-08)
(-0.0108649 -0.000809677 -2.43361e-10)
(-0.00461692 -0.000475337 2.32654e-09)
(-0.00185571 -0.000224735 2.03179e-09)
(-0.000711435 -9.41124e-05 1.23017e-09)
(-0.000261486 -3.62987e-05 6.22532e-10)
(-9.2456e-05 -1.3153e-05 2.79091e-10)
(-3.15282e-05 -4.52957e-06 1.13972e-10)
(-1.03908e-05 -1.49344e-06 4.29746e-11)
(-3.31572e-06 -4.73849e-07 1.50959e-11)
(-1.02615e-06 -1.45228e-07 4.95447e-12)
(-3.08472e-07 -4.31217e-08 1.51929e-12)
(-9.02032e-08 -1.2434e-08 4.3283e-13)
(-2.5693e-08 -3.48868e-09 1.12734e-13)
(-7.13751e-09 -9.54107e-10 2.74535e-14)
(-1.93614e-09 -2.54726e-10 6.42528e-15)
(-5.13418e-10 -6.64747e-11 1.75235e-15)
(-1.33235e-10 -1.69814e-11 1.75235e-15)
(-3.38706e-11 -4.2512e-12 2.33646e-15)
(-8.44048e-12 -1.04089e-12 5.84116e-16)
(-2.0631e-12 -2.46497e-13 1.16823e-15)
(-4.97667e-13 -5.37387e-14 5.84116e-16)
(-1.1916e-13 -1.16823e-14 2.33646e-15)
(-2.68693e-14 -2.33646e-15 2.92058e-15)
(-3.5047e-15 0 1.75235e-15)
(-3.5047e-15 1.16823e-15 5.84116e-16)
(0 0 1.16823e-15)
(3.5047e-15 0 1.75235e-15)
(0 0 5.84116e-16)
(2.33646e-15 0 5.84116e-16)
(-2.33646e-15 -2.33646e-15 0)
(0 -1.16823e-15 5.84116e-16)
(-0.0244279 -0.00567762 4.15604e-08)
(-0.0101647 -0.0031632 2.66287e-08)
(-0.00398219 -0.00140541 1.42578e-08)
(-0.00150492 -0.00056293 6.83923e-09)
(-0.0005518 -0.000211179 3.02854e-09)
(-0.000196435 -7.5386e-05 1.25488e-09)
(-6.78694e-05 -2.58131e-05 4.90654e-10)
(-2.27545e-05 -8.51781e-06 1.81783e-10)
(-7.40441e-06 -2.71722e-06 6.40588e-11)
(-2.33988e-06 -8.39963e-07 2.14984e-11)
(-7.18671e-07 -2.52101e-07 6.88089e-12)
(-2.14743e-07 -7.35859e-08 2.09698e-12)
(-6.24901e-08 -2.09201e-08 6.10401e-13)
(-1.77286e-08 -5.80055e-09 1.66473e-13)
(-4.90876e-09 -1.57053e-09 4.20564e-14)
(-1.32788e-09 -4.15719e-10 1.16823e-14)
(-3.51298e-10 -1.07695e-10 2.92058e-15)
(-9.09819e-11 -2.73343e-11 1.75235e-15)
(-2.30843e-11 -6.80028e-12 0)
(-5.7442e-12 -1.66123e-12 -1.16823e-15)
(-1.40305e-12 -3.96031e-13 -1.75235e-15)
(-3.36451e-13 -9.34586e-14 0)
(-8.0608e-14 -1.98599e-14 0)
(-2.10282e-14 -2.33646e-15 1.16823e-15)
(-4.67293e-15 0 0)
(-1.16823e-15 0 0)
(0 2.33646e-15 1.16823e-15)
(1.16823e-15 1.16823e-15 0)
(0 0 0)
(0 0 0)
(-1.16823e-15 0 0)
(1.16823e-15 -2.33646e-15 1.16823e-15)
(-0.0240435 -0.019231 2.27244e-08)
(-0.00659272 -0.00687918 1.12774e-08)
(-0.00201665 -0.00247365 5.45339e-09)
(-0.00066148 -0.000880335 2.4936e-09)
(-0.00022389 -0.000307251 1.07327e-09)
(-7.61207e-05 -0.000104645 4.36742e-10)
(-2.55878e-05 -3.46953e-05 1.68358e-10)
(-8.43237e-06 -1.11879e-05 6.1737e-11)
(-2.71294e-06 -3.50852e-06 2.15504e-11)
(-8.50602e-07 -1.07052e-06 7.17879e-12)
(-2.59772e-07 -3.18039e-07 2.28039e-12)
(-7.72912e-08 -9.2079e-08 6.91009e-13)
(-2.24178e-08 -2.60048e-08 1.99184e-13)
(-6.34341e-09 -7.17108e-09 5.43228e-14)
(-1.75269e-09 -1.93277e-09 1.34347e-14)
(-4.73301e-10 -5.09628e-10 3.5047e-15)
(-1.25035e-10 -1.31586e-10 1.16823e-15)
(-3.2339e-11 -3.3297e-11 0)
(-8.19749e-12 -8.26524e-12 0)
(-2.03857e-12 -2.01403e-12 0)
(-4.96499e-13 -4.84816e-13 5.84116e-16)
(-1.20328e-13 -1.15655e-13 0)
(-2.92058e-14 -2.68693e-14 1.16823e-15)
(-4.67293e-15 -5.84116e-15 0)
(-2.33646e-15 0 0)
(0 0 0)
(0 1.16823e-15 5.84116e-16)
(-2.33646e-15 0 0)
(2.33646e-15 0 1.16823e-15)
(0 0 0)
(0 0 0)
(0 3.5047e-15 0)
(-0.00366552 0.00792347 3.41482e-08)
(-0.00168666 0.00340684 1.80937e-08)
(-0.000737511 0.00139698 8.86123e-09)
(-0.00030696 0.000547435 4.04882e-09)
(-0.000121882 0.000205477 1.73378e-09)
(-4.6282e-05 7.40439e-05 6.97888e-10)
(-1.68497e-05 2.56742e-05 2.6413e-10)
(-5.89581e-06 8.58479e-06 9.38447e-11)
(-1.98737e-06 2.77385e-06 3.12093e-11)
(-6.46772e-07 8.67742e-07 9.6239e-12)
(-2.03633e-07 2.6329e-07 2.71205e-12)
(-6.21427e-08 7.76132e-08 6.71734e-13)
(-1.84137e-08 2.22622e-08 1.32594e-13)
(-5.30645e-09 6.22237e-09 1.05141e-14)
(-1.48947e-09 1.69698e-09 -5.84116e-15)
(-4.07782e-10 4.52136e-10 -5.84116e-15)
(-1.09029e-10 1.17816e-10 -2.92058e-15)
(-2.85002e-11 3.00621e-11 -1.16823e-15)
(-7.29678e-12 7.51524e-12 -2.92058e-15)
(-1.82945e-12 1.8423e-12 -5.84116e-16)
(-4.47433e-13 4.40424e-13 -5.84116e-16)
(-1.07477e-13 1.03973e-13 -1.16823e-15)
(-2.45329e-14 2.57011e-14 -1.16823e-15)
(-5.84116e-15 5.84116e-15 0)
(-3.5047e-15 4.67293e-15 -2.33646e-15)
(0 0 0)
(1.16823e-15 0 -1.16823e-15)
(2.33646e-15 2.33646e-15 0)
(-2.33646e-15 4.67293e-15 0)
(-1.16823e-15 4.67293e-15 1.16823e-15)
(-2.33646e-15 2.33646e-15 0)
(2.33646e-15 0 0)
(-0.0104734 0.00697926 1.26386e-07)
(-0.00483983 0.00301544 6.59517e-08)
(-0.00212189 0.00123936 3.22864e-08)
(-0.000884543 0.000485941 1.48974e-08)
(-0.00035151 0.000182281 6.48967e-09)
(-0.000133521 6.55942e-05 2.6723e-09)
(-4.86094e-05 2.27025e-05 1.04062e-09)
(-1.70045e-05 7.57535e-06 3.83277e-10)
(-5.72968e-06 2.44235e-06 1.33487e-10)
(-1.86378e-06 7.62364e-07 4.38765e-11)
(-5.86496e-07 2.3082e-07 1.35708e-11)
(-1.78885e-07 6.79012e-08 3.91942e-12)
(-5.29771e-08 1.94381e-08 1.04206e-12)
(-1.52588e-08 5.42291e-09 2.47081e-13)
(-4.28076e-09 1.47635e-09 4.78975e-14)
(-1.17138e-09 3.92698e-10 4.08881e-15)
(-3.13042e-10 1.02177e-10 -1.16823e-15)
(-8.1802e-11 2.60329e-11 0)
(-2.09277e-11 6.50121e-12 -2.92058e-15)
(-5.24303e-12 1.5923e-12 -2.92058e-15)
(-1.28856e-12 3.8318e-13 -1.75235e-15)
(-3.11918e-13 8.76174e-14 0)
(-7.00939e-14 2.10282e-14 1.16823e-15)
(-1.5187e-14 4.67293e-15 0)
(-4.67293e-15 0 0)
(0 2.33646e-15 1.16823e-15)
(0 2.33646e-15 5.84116e-16)
(0 -2.33646e-15 0)
(2.33646e-15 0 -1.16823e-15)
(0 0 0)
(-2.33646e-15 2.33646e-15 1.16823e-15)
(-1.16823e-15 -1.16823e-15 -5.84116e-16)
(-0.0159761 0.00541787 1.76406e-07)
(-0.00742655 0.00234632 9.1432e-08)
(-0.00326702 0.000961718 4.48265e-08)
(-0.00136404 0.000374867 2.08149e-08)
(-0.000542228 0.00013955 9.16023e-09)
(-0.000205861 4.97978e-05 3.81e-09)
(-7.48686e-05 1.70884e-05 1.49986e-09)
(-2.6156e-05 5.65461e-06 5.57681e-10)
(-8.80036e-06 1.80864e-06 1.96232e-10)
(-2.8583e-06 5.60368e-07 6.51342e-11)
(-8.98096e-07 1.68494e-07 2.03921e-11)
(-2.73524e-07 4.92521e-08 5.97142e-12)
(-8.0892e-08 1.40173e-08 1.62326e-12)
(-2.32683e-08 3.88967e-09 3.96031e-13)
(-6.51968e-09 1.05374e-09 8.41127e-14)
(-1.78196e-09 2.79028e-10 1.16823e-14)
(-4.75697e-10 7.23007e-11 0)
(-1.24175e-10 1.83483e-11 0)
(-3.1735e-11 4.56896e-12 -1.16823e-15)
(-7.94748e-12 1.11566e-12 -1.75235e-15)
(-1.95212e-12 2.67525e-13 0)
(-4.68461e-13 6.30845e-14 1.75235e-15)
(-1.10982e-13 1.5187e-14 1.75235e-15)
(-2.68693e-14 1.16823e-15 0)
(-3.5047e-15 0 1.16823e-15)
(-2.33646e-15 0 2.33646e-15)
(0 -4.67293e-15 0)
(0 0 0)
(2.33646e-15 0 -1.16823e-15)
(0 0 0)
(-2.33646e-15 -2.33646e-15 1.16823e-15)
(-2.33646e-15 1.16823e-15 0)
(-0.0199096 0.00362386 2.05339e-07)
(-0.00929598 0.00152579 1.12103e-07)
(-0.00409334 0.000602781 5.79073e-08)
(-0.00170671 0.000225703 2.81455e-08)
(-0.000676579 8.06995e-05 1.28276e-08)
(-0.000255982 2.77032e-05 5.48863e-09)
(-9.27526e-05 9.16807e-06 2.20808e-09)
(-3.22843e-05 2.93399e-06 8.37971e-10)
(-1.08239e-05 9.10199e-07 3.00524e-10)
(-3.50393e-06 2.74275e-07 1.02078e-10)
(-1.09761e-06 8.04163e-08 3.28402e-11)
(-3.33361e-07 2.29749e-08 1.00007e-11)
(-9.83395e-08 6.40452e-09 2.87093e-12)
(-2.82223e-08 1.74404e-09 7.70449e-13)
(-7.89141e-09 4.64447e-10 1.92174e-13)
(-2.15282e-09 1.21078e-10 4.49769e-14)
(-5.7372e-10 3.09313e-11 8.76174e-15)
(-1.49534e-10 7.75005e-12 5.84116e-16)
(-3.81603e-11 1.90655e-12 -5.84116e-16)
(-9.54329e-12 4.6262e-13 -1.16823e-15)
(-2.34231e-12 1.08646e-13 0)
(-5.60751e-13 2.92058e-14 5.84116e-16)
(-1.34347e-13 5.84116e-15 0)
(-3.27105e-14 2.33646e-15 5.84116e-16)
(-5.84116e-15 1.16823e-15 1.16823e-15)
(-1.16823e-15 -2.33646e-15 0)
(-2.33646e-15 -1.16823e-15 -2.33646e-15)
(2.33646e-15 0 -1.16823e-15)
(1.16823e-15 -2.33646e-15 0)
(-1.16823e-15 -4.67293e-15 5.84116e-16)
(0 -2.33646e-15 -1.16823e-15)
(0 4.67293e-15 0)
(-0.0224259 0.00172245 1.58204e-07)
(-0.0104476 0.000557623 8.63975e-08)
(-0.0045671 0.000153534 4.69541e-08)
(-0.00188613 3.40497e-05 2.40688e-08)
(-0.000740228 4.53437e-06 1.14501e-08)
(-0.000277392 -8.08887e-07 5.05247e-09)
(-9.96378e-05 -9.71416e-07 2.07891e-09)
(-3.44138e-05 -5.13316e-07 8.01928e-10)
(-1.14601e-05 -2.15778e-07 2.91374e-10)
(-3.68808e-06 -8.03875e-08 1.0005e-10)
(-1.1494e-06 -2.76425e-08 3.25288e-11)
(-3.47536e-07 -8.9521e-09 1.00129e-11)
(-1.02123e-07 -2.76261e-09 2.91416e-12)
(-2.92083e-08 -8.18558e-10 7.95566e-13)
(-8.14264e-09 -2.34101e-10 2.02104e-13)
(-2.21547e-09 -6.48743e-11 4.55611e-14)
(-5.89026e-10 -1.74756e-11 7.59351e-15)
(-1.532e-10 -4.58297e-12 0)
(-3.90213e-11 -1.17291e-12 -1.16823e-15)
(-9.74422e-12 -2.94395e-13 0)
(-2.3867e-12 -7.24304e-14 0)
(-5.73602e-13 -1.75235e-14 0)
(-1.34347e-13 -4.67293e-15 0)
(-3.0374e-14 2.33646e-15 1.16823e-15)
(-8.17763e-15 -1.16823e-15 0)
(-5.84116e-15 -1.16823e-15 0)
(0 1.16823e-15 -1.16823e-15)
(3.5047e-15 2.33646e-15 0)
(-1.16823e-15 -2.33646e-15 -5.84116e-16)
(0 0 0)
(1.16823e-15 0 -5.84116e-16)
(-1.16823e-15 -2.33646e-15 0)
(-0.0238485 -0.000758192 1.68159e-07)
(-0.0108649 -0.000809583 1.0852e-07)
(-0.00461692 -0.000475288 6.10767e-08)
(-0.00185571 -0.000224713 3.08426e-08)
(-0.000711437 -9.41036e-05 1.42553e-08)
(-0.000261488 -3.62954e-05 6.11192e-09)
(-9.2457e-05 -1.31518e-05 2.45379e-09)
(-3.15287e-05 -4.52915e-06 9.28583e-10)
(-1.0391e-05 -1.4933e-06 3.32836e-10)
(-3.3158e-06 -4.73803e-07 1.13373e-10)
(-1.02618e-06 -1.45214e-07 3.67789e-11)
(-3.08482e-07 -4.31171e-08 1.13733e-11)
(-9.0206e-08 -1.24326e-08 3.35049e-12)
(-2.56938e-08 -3.48825e-09 9.36922e-13)
(-7.13772e-09 -9.53977e-10 2.47665e-13)
(-1.93619e-09 -2.5468e-10 6.25004e-14)
(-5.13428e-10 -6.64631e-11 1.34347e-14)
(-1.33233e-10 -1.69756e-11 5.84116e-16)
(-3.38706e-11 -4.24886e-12 1.16823e-15)
(-8.44281e-12 -1.04323e-12 0)
(-2.0631e-12 -2.48833e-13 -1.75235e-15)
(-4.96499e-13 -5.72434e-14 0)
(-1.14487e-13 -1.05141e-14 0)
(-2.92058e-14 -4.67293e-15 0)
(-9.34586e-15 -2.33646e-15 5.84116e-16)
(-2.33646e-15 0 1.16823e-15)
(2.33646e-15 0 5.84116e-16)
(0 -2.33646e-15 0)
(0 0 0)
(0 0 0)
(0 0 0)
(0 -2.33646e-15 0)
(-0.024428 -0.00567756 1.45826e-07)
(-0.0101647 -0.00316318 9.1183e-08)
(-0.00398223 -0.0014054 5.02663e-08)
(-0.00150494 -0.000562929 2.48889e-08)
(-0.000551811 -0.000211179 1.1299e-08)
(-0.00019644 -7.53864e-05 4.77531e-09)
(-6.78716e-05 -2.58133e-05 1.89583e-09)
(-2.27553e-05 -8.51792e-06 7.11963e-10)
(-7.40473e-06 -2.71726e-06 2.53933e-10)
(-2.33999e-06 -8.39979e-07 8.6337e-11)
(-7.1871e-07 -2.52107e-07 2.80294e-11)
(-2.14755e-07 -7.35876e-08 8.70275e-12)
(-6.2494e-08 -2.09206e-08 2.58413e-12)
(-1.77297e-08 -5.80066e-09 7.31313e-13)
(-4.90907e-09 -1.57056e-09 1.97431e-13)
(-1.32796e-09 -4.15725e-10 5.14022e-14)
(-3.51317e-10 -1.07692e-10 9.34586e-15)
(-9.09854e-11 -2.73343e-11 1.16823e-15)
(-2.30889e-11 -6.80495e-12 0)
(-5.74653e-12 -1.66123e-12 -1.75235e-15)
(-1.40305e-12 -3.98367e-13 0)
(-3.34114e-13 -9.34586e-14 -5.84116e-16)
(-7.94398e-14 -2.33646e-14 0)
(-2.21964e-14 -3.5047e-15 -1.16823e-15)
(-4.67293e-15 -2.33646e-15 -1.16823e-15)
(0 1.16823e-15 0)
(0 0 -1.16823e-15)
(-1.16823e-15 -1.16823e-15 -5.84116e-16)
(0 0 -5.84116e-16)
(1.16823e-15 0 0)
(0 0 0)
(0 0 5.84116e-16)
(-0.0240436 -0.0192312 4.62371e-08)
(-0.00659275 -0.00687925 2.09336e-08)
(-0.00201667 -0.00247369 1.00886e-08)
(-0.000661488 -0.000880354 4.84911e-09)
(-0.000223894 -0.00030726 2.22403e-09)
(-7.61225e-05 -0.000104649 9.58168e-10)
(-2.55886e-05 -3.46967e-05 3.87359e-10)
(-8.43266e-06 -1.11884e-05 1.47345e-10)
(-2.71305e-06 -3.50869e-06 5.29373e-11)
(-8.5064e-07 -1.07058e-06 1.8013e-11)
(-2.59785e-07 -3.18057e-07 5.81488e-12)
(-7.72954e-08 -9.20845e-08 1.78331e-12)
(-2.24191e-08 -2.60064e-08 5.17527e-13)
(-6.34378e-09 -7.17152e-09 1.4194e-13)
(-1.75279e-09 -1.93288e-09 3.44628e-14)
(-4.73327e-10 -5.09659e-10 9.92997e-15)
(-1.25041e-10 -1.31594e-10 1.16823e-15)
(-3.23425e-11 -3.33005e-11 5.84116e-16)
(-8.19749e-12 -8.26524e-12 0)
(-2.03857e-12 -2.01403e-12 1.16823e-15)
(-4.96499e-13 -4.8248e-13 -1.16823e-15)
(-1.20328e-13 -1.15655e-13 5.84116e-16)
(-2.68693e-14 -2.92058e-14 0)
(-7.00939e-15 -8.17763e-15 0)
(-2.33646e-15 0 0)
(0 0 0)
(0 0 -1.16823e-15)
(0 1.16823e-15 1.16823e-15)
(0 0 0)
(0 0 0)
(0 0 0)
(0 0 1.16823e-15)
(-0.00366562 0.00792379 1.46073e-07)
(-0.00168671 0.00340701 8.02146e-08)
(-0.000737542 0.00139706 4.12069e-08)
(-0.000306976 0.000547473 1.98269e-08)
(-0.000121889 0.000205494 8.96255e-09)
(-4.62851e-05 7.40507e-05 3.81228e-09)
(-1.6851e-05 2.56768e-05 1.53219e-09)
(-5.89629e-06 8.58575e-06 5.82696e-10)
(-1.98754e-06 2.77418e-06 2.10535e-10)
(-6.46831e-07 8.67851e-07 7.22984e-11)
(-2.03651e-07 2.63323e-07 2.36736e-11)
(-6.21482e-08 7.7623e-08 7.37972e-12)
(-1.84152e-08 2.22649e-08 2.19628e-12)
(-5.3068e-09 6.22302e-09 6.215e-13)
(-1.48953e-09 1.69712e-09 1.67057e-13)
(-4.07784e-10 4.52155e-10 4.0304e-14)
(-1.09026e-10 1.17824e-10 1.05141e-14)
(-2.85037e-11 3.00621e-11 1.75235e-15)
(-7.29444e-12 7.51056e-12 0)
(-1.82828e-12 1.83997e-12 1.75235e-15)
(-4.49769e-13 4.39255e-13 0)
(-1.07477e-13 1.01636e-13 -5.84116e-16)
(-2.68693e-14 2.33646e-14 -2.92058e-15)
(-3.5047e-15 4.67293e-15 -2.33646e-15)
(-2.33646e-15 0 -5.84116e-16)
(0 0 0)
(0 -1.16823e-15 1.16823e-15)
(0 0 -1.16823e-15)
(0 0 0)
(0 0 -1.16823e-15)
(0 0 0)
(0 -1.16823e-15 -5.84116e-16)
(-0.0104737 0.00697954 4.44633e-07)
(-0.00484001 0.00301559 2.35173e-07)
(-0.00212199 0.00123944 1.16804e-07)
(-0.000884594 0.000485976 5.45659e-08)
(-0.000351534 0.000182297 2.40196e-08)
(-0.000133532 6.56008e-05 9.98286e-09)
(-4.8614e-05 2.27051e-05 3.92717e-09)
(-1.70063e-05 7.57633e-06 1.4654e-09)
(-5.73035e-06 2.44269e-06 5.19856e-10)
(-1.86402e-06 7.62482e-07 1.75558e-10)
(-5.86577e-07 2.30858e-07 5.65091e-11)
(-1.7891e-07 6.79127e-08 1.73301e-11)
(-5.29848e-08 1.94415e-08 5.06312e-12)
(-1.52609e-08 5.42382e-09 1.40188e-12)
(-4.28133e-09 1.47658e-09 3.65073e-13)
(-1.17151e-09 3.92754e-10 8.82015e-14)
(-3.13069e-10 1.02184e-10 2.04441e-14)
(-8.18078e-11 2.60341e-11 1.75235e-15)
(-2.09277e-11 6.50238e-12 1.16823e-15)
(-5.24536e-12 1.58996e-12 0)
(-1.28389e-12 3.80844e-13 -1.16823e-15)
(-3.09582e-13 8.99539e-14 0)
(-7.12622e-14 2.33646e-14 0)
(-1.75235e-14 4.67293e-15 0)
(-3.5047e-15 4.67293e-15 -2.33646e-15)
(-2.33646e-15 4.67293e-15 0)
(0 0 -5.84116e-16)
(0 0 0)
(0 0 -1.16823e-15)
(2.33646e-15 0 0)
(-2.33646e-15 0 0)
(0 0 0)
(-0.0159766 0.00541803 6.5703e-07)
(-0.00742681 0.00234641 3.61018e-07)
(-0.00326716 0.000961769 1.8503e-07)
(-0.00136412 0.000374893 8.84976e-08)
(-0.000542264 0.000139562 3.9608e-08)
(-0.000205877 4.98031e-05 1.66643e-08)
(-7.48754e-05 1.70906e-05 6.61481e-09)
(-2.61587e-05 5.65543e-06 2.48826e-09)
(-8.80139e-06 1.80894e-06 8.89344e-10)
(-2.85867e-06 5.60472e-07 3.0302e-10)
(-8.9822e-07 1.68528e-07 9.85515e-11)
(-2.73564e-07 4.92629e-08 3.06515e-11)
(-8.09041e-08 1.40205e-08 9.11455e-12)
(-2.32717e-08 3.89062e-09 2.59055e-12)
(-6.52061e-09 1.05401e-09 7.00939e-13)
(-1.78218e-09 2.791e-10 1.80492e-13)
(-4.75744e-10 7.23182e-11 4.49769e-14)
(-1.24187e-10 1.83541e-11 7.59351e-15)
(-3.17362e-11 4.57012e-12 0)
(-7.94865e-12 1.118e-12 -1.16823e-15)
(-1.95212e-12 2.68693e-13 -2.33646e-15)
(-4.64956e-13 6.30845e-14 1.16823e-15)
(-1.09814e-13 1.5187e-14 0)
(-2.68693e-14 5.84116e-15 1.75235e-15)
(-1.16823e-15 0 0)
(-4.67293e-15 0 5.84116e-16)
(-3.5047e-15 -3.5047e-15 -1.16823e-15)
(0 -1.16823e-15 1.16823e-15)
(0 -1.16823e-15 -1.75235e-15)
(0 0 0)
(0 -1.16823e-15 -1.16823e-15)
(0 0 1.75235e-15)
(-0.0199101 0.00362388 7.47748e-07)
(-0.00929627 0.00152582 4.25327e-07)
(-0.00409351 0.000602802 2.24653e-07)
(-0.0017068 0.000225716 1.09837e-07)
(-0.000676624 8.07059e-05 4.99276e-08)
(-0.000256003 2.77062e-05 2.12272e-08)
(-9.27616e-05 9.16931e-06 8.49335e-09)
(-3.2288e-05 2.93448e-06 3.2147e-09)
(-1.08253e-05 9.10383e-07 1.15607e-09)
(-3.50444e-06 2.7434e-07 3.96365e-10)
(-1.09779e-06 8.04385e-08 1.29913e-10)
(-3.33418e-07 2.29822e-08 4.07824e-11)
(-9.83571e-08 6.40683e-09 1.22775e-11)
(-2.82275e-08 1.74475e-09 3.54266e-12)
(-7.89284e-09 4.6466e-10 9.81899e-13)
(-2.1532e-09 1.2114e-10 2.59348e-13)
(-5.73813e-10 3.09418e-11 6.48369e-14)
(-1.49555e-10 7.75005e-12 1.34347e-14)
(-3.81638e-11 1.90539e-12 5.84116e-16)
(-9.54679e-12 4.61452e-13 -1.16823e-15)
(-2.34347e-12 1.06309e-13 1.16823e-15)
(-5.6192e-13 2.33646e-14 2.33646e-15)
(-1.30842e-13 1.16823e-15 1.16823e-15)
(-2.80376e-14 0 1.16823e-15)
(-8.17763e-15 -2.33646e-15 0)
(-3.5047e-15 -4.67293e-15 0)
(-4.67293e-15 0 2.33646e-15)
(4.67293e-15 0 1.75235e-15)
(0 0 0)
(0 0 -5.84116e-16)
(-2.33646e-15 1.16823e-15 0)
(3.5047e-15 0 -1.16823e-15)
(-0.0224263 0.00172241 8.0851e-07)
(-0.0104479 0.000557617 4.85248e-07)
(-0.00456726 0.000153536 2.58256e-07)
(-0.00188621 3.40517e-05 1.24767e-07)
(-0.000740274 4.53533e-06 5.56411e-08)
(-0.000277413 -8.08527e-07 2.31847e-08)
(-9.96471e-05 -9.71297e-07 9.10065e-09)
(-3.44176e-05 -5.13281e-07 3.38654e-09)
(-1.14615e-05 -2.15767e-07 1.19986e-09)
(-3.68861e-06 -8.03839e-08 4.06243e-10)
(-1.14958e-06 -2.76411e-08 1.31743e-10)
(-3.47596e-07 -8.95151e-09 4.10073e-11)
(-1.02142e-07 -2.76234e-09 1.22606e-11)
(-2.92139e-08 -8.1844e-10 3.52456e-12)
(-8.14422e-09 -2.34058e-10 9.73137e-13)
(-2.2159e-09 -6.48579e-11 2.57595e-13)
(-5.89136e-10 -1.74686e-11 6.5421e-14)
(-1.53225e-10 -4.58648e-12 1.28506e-14)
(-3.90248e-11 -1.17407e-12 0)
(-9.74539e-12 -2.93226e-13 -1.16823e-15)
(-2.38787e-12 -7.24304e-14 -5.84116e-16)
(-5.7477e-13 -1.75235e-14 0)
(-1.3201e-13 -3.5047e-15 1.16823e-15)
(-3.27105e-14 -3.5047e-15 5.84116e-16)
(-5.84116e-15 0 -1.16823e-15)
(-1.16823e-15 0 0)
(0 0 1.16823e-15)
(0 0 5.84116e-16)
(0 1.16823e-15 1.75235e-15)
(1.16823e-15 -1.16823e-15 0)
(0 0 0)
(0 1.16823e-15 0)
(-0.0238488 -0.000758359 7.20898e-07)
(-0.0108651 -0.000809668 4.63096e-07)
(-0.00461708 -0.00047533 2.57266e-07)
(-0.0018558 -0.000224733 1.26317e-07)
(-0.000711484 -9.41127e-05 5.64915e-08)
(-0.00026151 -3.62993e-05 2.3481e-08)
(-9.24664e-05 -1.31534e-05 9.18563e-09)
(-3.15324e-05 -4.52975e-06 3.40919e-09)
(-1.03924e-05 -1.49352e-06 1.20692e-09)
(-3.31631e-06 -4.73876e-07 4.09124e-10)
(-1.02635e-06 -1.45237e-07 1.33163e-10)
(-3.08539e-07 -4.31243e-08 4.17041e-11)
(-9.0224e-08 -1.24346e-08 1.25854e-11)
(-2.56992e-08 -3.48881e-09 3.66533e-12)
(-7.13926e-09 -9.54117e-10 1.0298e-12)
(-1.93661e-09 -2.54716e-10 2.78623e-13)
(-5.13539e-10 -6.64712e-11 7.0678e-14)
(-1.33259e-10 -1.69768e-11 1.46029e-14)
(-3.38741e-11 -4.24652e-12 5.84116e-16)
(-8.44749e-12 -1.04674e-12 1.16823e-15)
(-2.0631e-12 -2.48833e-13 0)
(-4.92994e-13 -5.49069e-14 -1.16823e-15)
(-1.16823e-13 -1.28506e-14 -1.16823e-15)
(-2.68693e-14 -3.5047e-15 -1.75235e-15)
(-4.67293e-15 -2.33646e-15 -5.84116e-16)
(-3.5047e-15 0 0)
(-1.16823e-15 -2.33646e-15 0)
(3.5047e-15 -2.33646e-15 -1.16823e-15)
(0 0 0)
(0 1.16823e-15 -1.16823e-15)
(0 0 0)
(0 0 0)
(-0.0244282 -0.00567787 3.81767e-07)
(-0.0101649 -0.00316338 2.09321e-07)
(-0.00398233 -0.00140551 1.06118e-07)
(-0.001505 -0.000562982 5.0253e-08)
(-0.00055184 -0.000211203 2.22421e-08)
(-0.000196454 -7.53963e-05 9.23327e-09)
(-6.78776e-05 -2.58172e-05 3.61403e-09)
(-2.27577e-05 -8.51937e-06 1.34047e-09)
(-7.40566e-06 -2.71778e-06 4.73191e-10)
(-2.34033e-06 -8.40154e-07 1.59506e-10)
(-7.18826e-07 -2.52163e-07 5.14758e-11)
(-2.14794e-07 -7.36051e-08 1.59324e-11)
(-6.2506e-08 -2.09258e-08 4.73309e-12)
(-1.77334e-08 -5.80214e-09 1.35106e-12)
(-4.91013e-09 -1.57096e-09 3.71498e-13)
(-1.32825e-09 -4.15825e-10 9.46268e-14)
(-3.51395e-10 -1.07718e-10 2.33646e-14)
(-9.10018e-11 -2.73343e-11 3.5047e-15)
(-2.30948e-11 -6.80262e-12 -5.84116e-16)
(-5.7442e-12 -1.65889e-12 0)
(-1.40188e-12 -3.92526e-13 0)
(-3.36451e-13 -8.99539e-14 -2.33646e-15)
(-8.0608e-14 -1.98599e-14 -2.92058e-15)
(-1.63553e-14 -3.5047e-15 -1.16823e-15)
(-5.84116e-15 0 0)
(-2.33646e-15 -1.16823e-15 -5.84116e-16)
(-2.33646e-15 0 1.16823e-15)
(4.67293e-15 2.33646e-15 0)
(1.16823e-15 0 5.84116e-16)
(0 0 0)
(0 0 0)
(0 0 0)
(-0.0240437 -0.0192314 4.66983e-08)
(-0.00659279 -0.0068794 1.54742e-08)
(-0.00201668 -0.00247377 6.10588e-09)
(-0.000661495 -0.000880395 2.98751e-09)
(-0.000223898 -0.000307278 1.52059e-09)
(-7.61244e-05 -0.000104657 7.24012e-10)
(-2.55895e-05 -3.46999e-05 3.15275e-10)
(-8.43303e-06 -1.11896e-05 1.26022e-10)
(-2.7132e-06 -3.50913e-06 4.66545e-11)
(-8.50696e-07 -1.07073e-06 1.61006e-11)
(-2.59805e-07 -3.18106e-07 5.20331e-12)
(-7.73018e-08 -9.20999e-08 1.57595e-12)
(-2.24211e-08 -2.6011e-08 4.45096e-13)
(-6.34437e-09 -7.17282e-09 1.15655e-13)
(-1.75295e-09 -1.93324e-09 2.80376e-14)
(-4.7337e-10 -5.09749e-10 3.5047e-15)
(-1.2505e-10 -1.31611e-10 5.84116e-16)
(-3.23448e-11 -3.33028e-11 0)
(-8.19865e-12 -8.26524e-12 0)
(-2.03857e-12 -2.01053e-12 -1.16823e-15)
(-4.9533e-13 -4.8248e-13 0)
(-1.17991e-13 -1.15655e-13 0)
(-2.92058e-14 -2.68693e-14 -1.75235e-15)
(-8.17763e-15 -4.67293e-15 0)
(-1.16823e-15 0 0)
(-3.5047e-15 1.16823e-15 -1.16823e-15)
(1.16823e-15 5.84116e-15 -5.84116e-16)
(2.33646e-15 1.16823e-15 1.16823e-15)
(0 0 0)
(1.16823e-15 0 0)
(-1.16823e-15 0 0)
(0 0 0)
(-0.00366586 0.00792465 1.07617e-07)
(-0.00168687 0.00340747 6.0453e-08)
(-0.000737632 0.0013973 3.17126e-08)
(-0.000307025 0.000547584 1.55524e-08)
(-0.000121914 0.000205543 7.14913e-09)
(-4.62969e-05 7.40715e-05 3.08854e-09)
(-1.68562e-05 2.56851e-05 1.25923e-09)
(-5.89845e-06 8.58889e-06 4.85907e-10)
(-1.98839e-06 2.77531e-06 1.78159e-10)
(-6.47146e-07 8.68238e-07 6.21955e-11)
(-2.03762e-07 2.6345e-07 2.07402e-11)
(-6.21856e-08 7.76626e-08 6.61219e-12)
(-1.84272e-08 2.22767e-08 2.01929e-12)
(-5.31051e-09 6.22641e-09 5.90541e-13)
(-1.49063e-09 1.69804e-09 1.65889e-13)
(-4.08095e-10 4.52392e-10 4.38087e-14)
(-1.09105e-10 1.17878e-10 1.05141e-14)
(-2.85236e-11 3.00715e-11 4.08881e-15)
(-7.29795e-12 7.51524e-12 1.16823e-15)
(-1.83179e-12 1.84113e-12 1.16823e-15)
(-4.52106e-13 4.40424e-13 -1.16823e-15)
(-1.10982e-13 1.01636e-13 5.84116e-16)
(-2.68693e-14 1.75235e-14 -1.16823e-15)
(-5.84116e-15 2.33646e-15 -5.84116e-16)
(2.33646e-15 -5.84116e-15 -1.16823e-15)
(3.5047e-15 -1.16823e-15 1.16823e-15)
(-1.16823e-15 0 5.84116e-16)
(0 -1.16823e-15 0)
(0 -1.16823e-15 0)
(0 -1.16823e-15 0)
(0 -1.16823e-15 0)
(0 -1.16823e-15 5.84116e-16)
(-0.0104745 0.00698028 3.20784e-07)
(-0.00484048 0.00301601 1.70215e-07)
(-0.00212225 0.00123965 8.48547e-08)
(-0.000884729 0.000486078 3.97737e-08)
(-0.000351599 0.000182342 1.75648e-08)
(-0.000133561 6.56199e-05 7.322e-09)
(-4.86265e-05 2.27127e-05 2.88982e-09)
(-1.70113e-05 7.57917e-06 1.08229e-09)
(-5.73226e-06 2.4437e-06 3.8575e-10)
(-1.86471e-06 7.62826e-07 1.31058e-10)
(-5.86813e-07 2.3097e-07 4.25295e-11)
(-1.78988e-07 6.79477e-08 1.31888e-11)
(-5.3009e-08 1.9452e-08 3.91007e-12)
(-1.52682e-08 5.42685e-09 1.10748e-12)
(-4.28339e-09 1.47742e-09 2.99067e-13)
(-1.17207e-09 3.92979e-10 7.65192e-14)
(-3.13217e-10 1.02241e-10 1.69394e-14)
(-8.18393e-11 2.60411e-11 2.92058e-15)
(-2.093e-11 6.50004e-12 1.75235e-15)
(-5.24653e-12 1.58763e-12 1.75235e-15)
(-1.28856e-12 3.82012e-13 1.16823e-15)
(-3.09582e-13 9.22903e-14 0)
(-7.12622e-14 2.68693e-14 -1.16823e-15)
(-2.10282e-14 7.00939e-15 1.16823e-15)
(-3.5047e-15 2.33646e-15 -1.75235e-15)
(2.33646e-15 1.16823e-15 -1.16823e-15)
(0 0 0)
(0 1.16823e-15 -1.16823e-15)
(0 0 0)
(0 0 -1.16823e-15)
(0 0 -1.16823e-15)
(0 0 0)
(-0.0159776 0.00541848 4.80164e-07)
(-0.0074275 0.0023467 2.67313e-07)
(-0.00326756 0.000961933 1.38388e-07)
(-0.00136433 0.000374978 6.66803e-08)
(-0.000542372 0.000139602 2.99909e-08)
(-0.000205927 4.98202e-05 1.26695e-08)
(-7.48969e-05 1.70976e-05 5.04536e-09)
(-2.61674e-05 5.6581e-06 1.90514e-09)
(-8.80473e-06 1.80991e-06 6.83742e-10)
(-2.85988e-06 5.60809e-07 2.34323e-10)
(-8.98641e-07 1.68641e-07 7.67558e-11)
(-2.73703e-07 4.9299e-08 2.41158e-11)
(-8.09481e-08 1.40317e-08 7.26524e-12)
(-2.32851e-08 3.89395e-09 2.10457e-12)
(-6.5245e-09 1.05497e-09 5.82364e-13)
(-1.78327e-09 2.79369e-10 1.55959e-13)
(-4.76043e-10 7.2393e-11 3.91358e-14)
(-1.24265e-10 1.83728e-11 6.42528e-15)
(-3.17537e-11 4.57012e-12 0)
(-7.94865e-12 1.11683e-12 -1.75235e-15)
(-1.94861e-12 2.69862e-13 1.16823e-15)
(-4.67293e-13 6.65892e-14 1.16823e-15)
(-1.08646e-13 1.75235e-14 -5.84116e-16)
(-2.68693e-14 5.84116e-15 0)
(-8.17763e-15 5.84116e-15 -1.16823e-15)
(0 0 -5.84116e-16)
(0 1.16823e-15 0)
(0 3.5047e-15 1.16823e-15)
(-1.16823e-15 1.16823e-15 5.84116e-16)
(0 0 0)
(1.16823e-15 0 0)
(-1.16823e-15 1.16823e-15 1.16823e-15)
(-0.0199112 0.00362417 5.45468e-07)
(-0.00929703 0.00152604 3.1359e-07)
(-0.00409397 0.000602928 1.66957e-07)
(-0.00170706 0.000225776 8.20112e-08)
(-0.000676756 8.07316e-05 3.73825e-08)
(-0.000256065 2.77163e-05 1.59176e-08)
(-9.27886e-05 9.17304e-06 6.37787e-09)
(-3.2299e-05 2.93578e-06 2.41772e-09)
(-1.08296e-05 9.1082e-07 8.71589e-10)
(-3.50598e-06 2.74481e-07 2.99855e-10)
(-1.09832e-06 8.04827e-08 9.87845e-11)
(-3.33597e-07 2.29956e-08 3.12268e-11)
(-9.8414e-08 6.41081e-09 9.49189e-12)
(-2.82449e-08 1.7459e-09 2.7763e-12)
(-7.89797e-09 4.64991e-10 7.82131e-13)
(-2.15465e-09 1.21233e-10 2.10866e-13)
(-5.74213e-10 3.09663e-11 5.43228e-14)
(-1.4966e-10 7.75473e-12 1.16823e-14)
(-3.81872e-11 1.90889e-12 1.75235e-15)
(-9.54563e-12 4.63788e-13 1.16823e-15)
(-2.3388e-12 1.07477e-13 5.84116e-16)
(-5.58415e-13 2.45329e-14 2.33646e-15)
(-1.36683e-13 7.00939e-15 1.75235e-15)
(-3.15423e-14 2.33646e-15 5.84116e-16)
(-1.05141e-14 0 0)
(2.33646e-15 -1.16823e-15 5.84116e-16)
(2.33646e-15 2.33646e-15 1.75235e-15)
(0 0 2.92058e-15)
(-4.67293e-15 3.5047e-15 1.75235e-15)
(-1.16823e-15 0 0)
(0 0 1.16823e-15)
(0 0 1.16823e-15)
(-0.0224273 0.0017224 6.20884e-07)
(-0.0104487 0.000557699 3.78198e-07)
(-0.00456783 0.0001536 2.01349e-07)
(-0.00188653 3.40826e-05 9.67527e-08)
(-0.000740432 4.54749e-06 4.28322e-08)
(-0.000277485 -8.04379e-07 1.77155e-08)
(-9.96774e-05 -9.70031e-07 6.90779e-09)
(-3.44296e-05 -5.12927e-07 2.5566e-09)
(-1.1466e-05 -2.15676e-07 9.02272e-10)
(-3.69022e-06 -8.0362e-08 3.04803e-10)
(-1.15013e-06 -2.7636e-08 9.88167e-11)
(-3.47775e-07 -8.95026e-09 3.08168e-11)
(-1.02198e-07 -2.76199e-09 9.25707e-12)
(-2.92309e-08 -8.18314e-10 2.68168e-12)
(-8.14918e-09 -2.34004e-10 7.48253e-13)
(-2.21729e-09 -6.48381e-11 2.02104e-13)
(-5.89518e-10 -1.74616e-11 5.14022e-14)
(-1.53325e-10 -4.57947e-12 1.05141e-14)
(-3.9047e-11 -1.17407e-12 1.75235e-15)
(-9.74773e-12 -2.9089e-13 0)
(-2.3867e-12 -7.24304e-14 0)
(-5.66593e-13 -2.10282e-14 1.75235e-15)
(-1.36683e-13 -9.34586e-15 1.75235e-15)
(-3.15423e-14 -8.17763e-15 1.16823e-15)
(-1.16823e-14 -2.33646e-15 0)
(1.16823e-15 0 0)
(2.33646e-15 -3.5047e-15 5.84116e-16)
(2.33646e-15 -4.67293e-15 1.16823e-15)
(-2.33646e-15 -1.16823e-15 1.75235e-15)
(-2.33646e-15 0 0)
(2.33646e-15 0 5.84116e-16)
(-3.5047e-15 0 1.16823e-15)
(-0.0238497 -0.000759046 5.41724e-07)
(-0.0108658 -0.000810135 3.54332e-07)
(-0.00461759 -0.000475593 1.98516e-07)
(-0.00185611 -0.000224862 9.75065e-08)
(-0.000711643 -9.41704e-05 4.34663e-08)
(-0.000261583 -3.63233e-05 1.79916e-08)
(-9.24972e-05 -1.31628e-05 7.01094e-09)
(-3.15446e-05 -4.53324e-06 2.59457e-09)
(-1.0397e-05 -1.49475e-06 9.17058e-10)
(-3.31794e-06 -4.74297e-07 3.10847e-10)
(-1.02691e-06 -1.45374e-07 1.01337e-10)
(-3.08723e-07 -4.31673e-08 3.18501e-11)
(-9.02821e-08 -1.24476e-08 9.66712e-12)
(-2.57169e-08 -3.4926e-09 2.83939e-12)
(-7.1445e-09 -9.55184e-10 8.07833e-13)
(-1.93811e-09 -2.55009e-10 2.21964e-13)
(-5.13956e-10 -6.65448e-11 5.84116e-14)
(-1.33371e-10 -1.69908e-11 1.34347e-14)
(-3.38974e-11 -4.25237e-12 2.33646e-15)
(-8.44749e-12 -1.04323e-12 1.75235e-15)
(-2.0666e-12 -2.47665e-13 5.84116e-16)
(-4.97667e-13 -6.30845e-14 1.16823e-15)
(-1.1916e-13 -1.86917e-14 -5.84116e-16)
(-2.68693e-14 -5.84116e-15 -1.16823e-15)
(-1.16823e-15 -1.16823e-15 0)
(-2.33646e-15 0 0)
(0 0 1.16823e-15)
(-2.33646e-15 -2.33646e-15 0)
(2.33646e-15 -3.5047e-15 0)
(-2.33646e-15 -2.33646e-15 0)
(0 -2.33646e-15 -1.16823e-15)
(2.33646e-15 -1.16823e-15 0)
(-0.0244287 -0.0056789 2.77501e-07)
(-0.0101653 -0.00316407 1.44767e-07)
(-0.00398255 -0.0014059 7.01099e-08)
(-0.00150511 -0.000563176 3.22033e-08)
(-0.000551893 -0.000211289 1.39717e-08)
(-0.000196478 -7.54319e-05 5.71283e-09)
(-6.78874e-05 -2.5831e-05 2.20886e-09)
(-2.27616e-05 -8.52448e-06 8.10288e-10)
(-7.40709e-06 -2.71958e-06 2.83316e-10)
(-2.34084e-06 -8.40765e-07 9.46671e-11)
(-7.18997e-07 -2.52363e-07 3.03279e-11)
(-2.14849e-07 -7.36678e-08 9.32833e-12)
(-6.25231e-08 -2.09449e-08 2.75936e-12)
(-1.77385e-08 -5.80776e-09 7.86804e-13)
(-4.91159e-09 -1.57256e-09 2.14955e-13)
(-1.32865e-09 -4.16271e-10 5.49069e-14)
(-3.51501e-10 -1.07835e-10 1.40188e-14)
(-9.1031e-11 -2.73635e-11 4.08881e-15)
(-2.30971e-11 -6.80612e-12 0)
(-5.7442e-12 -1.66356e-12 1.75235e-15)
(-1.40422e-12 -3.96031e-13 5.84116e-16)
(-3.41124e-13 -9.11221e-14 -5.84116e-16)
(-7.82716e-14 -2.33646e-14 -1.16823e-15)
(-1.75235e-14 -1.16823e-15 0)
(-1.16823e-15 0 -5.84116e-16)
(0 0 5.84116e-16)
(0 0 5.84116e-16)
(0 2.33646e-15 5.84116e-16)
(0 0 0)
(-2.33646e-15 0 -5.84116e-16)
(0 0 -5.84116e-16)
(2.33646e-15 0 0)
(-0.0240438 -0.019232 2.31857e-08)
(-0.00659283 -0.0068797 5.81801e-09)
(-0.00201669 -0.00247391 1.47064e-09)
(-0.000661498 -0.00088046 6.32003e-10)
(-0.000223899 -0.000307307 3.69828e-10)
(-7.61249e-05 -0.000104668 2.02588e-10)
(-2.55898e-05 -3.47045e-05 9.62746e-11)
(-8.4332e-06 -1.11913e-05 4.04156e-11)
(-2.71327e-06 -3.50973e-06 1.5267e-11)
(-8.50723e-07 -1.07093e-06 5.26873e-12)
(-2.59814e-07 -3.1817e-07 1.66824e-12)
(-7.73049e-08 -9.21196e-08 4.84232e-13)
(-2.2422e-08 -2.60167e-08 1.27921e-13)
(-6.34462e-09 -7.17445e-09 2.97899e-14)
(-1.75301e-09 -1.93367e-09 5.25704e-15)
(-4.73383e-10 -5.09855e-10 -5.84116e-16)
(-1.25049e-10 -1.31639e-10 0)
(-3.2346e-11 -3.33075e-11 -5.84116e-16)
(-8.19749e-12 -8.26291e-12 -5.84116e-16)
(-2.03506e-12 -2.01286e-12 0)
(-4.9533e-13 -4.83648e-13 1.16823e-15)
(-1.23833e-13 -1.10982e-13 0)
(-3.15423e-14 -1.86917e-14 -2.92058e-15)
(-1.16823e-15 -3.5047e-15 -5.84116e-16)
(-2.33646e-15 0 0)
(0 0 1.16823e-15)
(0 0 1.75235e-15)
(0 0 -1.16823e-15)
(0 0 0)
(-2.33646e-15 2.33646e-15 -1.16823e-15)
(0 2.33646e-15 -1.16823e-15)
(2.33646e-15 0 0)
(-0.653895 0.000596996 -5.62486e-09)
(-0.59233 0.00154465 -9.49818e-10)
(-0.487113 0.00193426 8.23096e-09)
(-0.365249 0.00174481 1.39779e-08)
(-0.251589 0.00107002 1.68418e-08)
(-0.16189 -0.000180721 2.37168e-08)
(-0.102831 -0.00270116 3.90727e-08)
(-0.0788628 -0.00872269 1.64495e-08)
(-0.653288 0.000232064 -7.72388e-09)
(-0.591947 0.000604876 -6.86998e-09)
(-0.48706 0.000761162 -1.15439e-09)
(-0.365532 0.000673333 4.13513e-09)
(-0.252222 0.000355925 9.97655e-09)
(-0.162983 -0.000218329 1.56421e-08)
(-0.104195 -0.00110504 1.03764e-08)
(-0.0765313 -0.00183842 3.7153e-09)
(-0.653058 8.72562e-05 -7.09005e-09)
(-0.591801 0.000228411 -1.01117e-08)
(-0.487044 0.000288053 -9.09713e-09)
(-0.365655 0.000251031 -7.75198e-09)
(-0.252481 0.000120709 -5.19632e-09)
(-0.163351 -9.7202e-05 -9.90291e-10)
(-0.104451 -0.000357505 4.57629e-10)
(-0.0759194 -0.000402902 1.03797e-11)
(-0.652973 3.20731e-05 -7.96119e-09)
(-0.591747 8.46302e-05 -1.28747e-08)
(-0.487038 0.000108752 -1.35043e-08)
(-0.365699 9.93381e-05 -1.29746e-08)
(-0.252571 5.97457e-05 -1.05899e-08)
(-0.163461 -2.22408e-06 -7.06545e-09)
(-0.104501 -6.53223e-05 -5.2134e-09)
(-0.0757709 -6.75385e-05 -2.61909e-09)
(-0.652941 1.21805e-05 -8.06374e-09)
(-0.591724 3.34636e-05 -1.42282e-08)
(-0.48703 4.82619e-05 -1.61189e-08)
(-0.365704 5.9011e-05 -1.63377e-08)
(-0.252583 7.34908e-05 -1.36833e-08)
(-0.163476 9.87127e-05 -8.44895e-09)
(-0.104516 0.000123348 -1.71006e-10)
(-0.0757865 8.76333e-05 6.47002e-09)
(-0.652927 5.81151e-06 -8.29933e-09)
(-0.591711 1.83276e-05 -1.49202e-08)
(-0.487012 3.61165e-05 -1.69691e-08)
(-0.365674 7.09946e-05 -1.61667e-08)
(-0.252531 0.000145884 -1.09473e-08)
(-0.163411 0.000287677 -1.10722e-10)
(-0.104512 0.00047271 7.81992e-09)
(-0.0759819 0.000445491 -6.13767e-09)
(-0.652917 4.41832e-06 -8.3402e-09)
(-0.591694 1.67833e-05 -1.53112e-08)
(-0.486977 4.40353e-05 -1.78264e-08)
(-0.365594 0.000112945 -1.79982e-08)
(-0.252366 0.000283911 -1.5366e-08)
(-0.163149 0.000670205 -1.25829e-08)
(-0.104358 0.00138194 -1.45919e-08)
(-0.0767047 0.00195602 1.04996e-08)
(-0.652906 4.48455e-06 -8.59674e-09)
(-0.591671 1.88327e-05 -1.61982e-08)
(-0.486916 5.59807e-05 -1.9649e-08)
(-0.365434 0.000160138 -2.16932e-08)
(-0.251974 0.00044952 -2.09533e-08)
(-0.162313 0.00123779 -1.15045e-08)
(-0.103226 0.00335886 1.50176e-08)
(-0.0793199 0.00909823 1.87659e-09)
(-0.653895 0.000597004 6.4183e-08)
(-0.59233 0.00154464 1.73047e-07)
(-0.487113 0.00193421 2.19715e-07)
(-0.365249 0.00174476 2.0344e-07)
(-0.251589 0.00106996 1.52687e-07)
(-0.16189 -0.000180772 1.02705e-07)
(-0.102831 -0.00270123 7.39696e-08)
(-0.0788629 -0.00872278 2.05083e-08)
(-0.653288 0.000232061 3.47674e-08)
(-0.591947 0.000604858 9.05018e-08)
(-0.48706 0.000761128 1.04615e-07)
(-0.365532 0.000673289 8.16369e-08)
(-0.252222 0.000355881 4.44744e-08)
(-0.162983 -0.000218379 1.23509e-08)
(-0.104195 -0.00110512 -1.10419e-08)
(-0.0765314 -0.00183845 -6.61829e-09)
(-0.653058 8.72557e-05 1.77366e-08)
(-0.591801 0.000228399 4.10712e-08)
(-0.487044 0.000288029 3.44377e-08)
(-0.365655 0.000250997 5.47642e-09)
(-0.252481 0.000120668 -2.58977e-08)
(-0.163351 -9.72475e-05 -4.35883e-08)
(-0.104451 -0.000357536 -4.29138e-08)
(-0.0759194 -0.000402914 -1.95908e-08)
(-0.652973 3.20711e-05 8.11105e-09)
(-0.591747 8.4622e-05 1.40801e-08)
(-0.487038 0.000108738 -3.26669e-09)
(-0.365699 9.93209e-05 -3.46452e-08)
(-0.252571 5.97287e-05 -6.1669e-08)
(-0.163461 -2.239e-06 -7.1673e-08)
(-0.104501 -6.53236e-05 -6.00543e-08)
(-0.0757709 -6.75256e-05 -2.47979e-08)
(-0.652941 1.21798e-05 3.29862e-09)
(-0.591724 3.34595e-05 2.45393e-10)
(-0.48703 4.8255e-05 -2.28859e-08)
(-0.365704 5.90046e-05 -5.58323e-08)
(-0.252583 7.34901e-05 -8.04198e-08)
(-0.163476 9.87266e-05 -8.46781e-08)
(-0.104516 0.000123374 -6.12895e-08)
(-0.0757865 8.76262e-05 -1.72776e-08)
(-0.652927 5.81096e-06 9.50904e-10)
(-0.591711 1.83254e-05 -6.31335e-09)
(-0.487012 3.61131e-05 -3.1962e-08)
(-0.365674 7.09913e-05 -6.46836e-08)
(-0.252531 0.000145881 -8.68596e-08)
(-0.163411 0.000287669 -8.54742e-08)
(-0.104512 0.000472681 -6.41935e-08)
(-0.0759819 0.0004455 -3.92919e-08)
(-0.652917 4.41772e-06 -1.54522e-10)
(-0.591694 1.67807e-05 -9.56731e-09)
(-0.486977 4.40299e-05 -3.69166e-08)
(-0.365594 0.000112934 -7.13865e-08)
(-0.252366 0.000283891 -9.65507e-08)
(-0.163149 0.000670182 -1.0358e-07)
(-0.104358 0.00138195 -8.95289e-08)
(-0.0767047 0.00195603 -1.58302e-08)
(-0.652906 4.48415e-06 -7.36241e-10)
(-0.591671 1.88311e-05 -1.1322e-08)
(-0.486916 5.59767e-05 -3.9458e-08)
(-0.365434 0.000160128 -7.49133e-08)
(-0.251974 0.000449501 -9.94769e-08)
(-0.162313 0.00123776 -9.68552e-08)
(-0.103226 0.00335881 -5.73203e-08)
(-0.0793199 0.00909805 -4.14769e-08)
(-0.653894 0.000596851 2.70628e-07)
(-0.59233 0.00154423 6.29826e-07)
(-0.487113 0.00193367 7.45889e-07)
(-0.36525 0.00174419 6.61926e-07)
(-0.25159 0.00106946 4.68555e-07)
(-0.16189 -0.000181167 2.42742e-07)
(-0.102831 -0.0027015 2.50835e-08)
(-0.078863 -0.00872292 -3.59619e-10)
(-0.653288 0.000231971 1.632e-07)
(-0.591947 0.000604612 3.56033e-07)
(-0.48706 0.000760792 3.81884e-07)
(-0.365532 0.000672937 2.82234e-07)
(-0.252223 0.000355568 1.24567e-07)
(-0.162983 -0.000218622 -2.39741e-08)
(-0.104195 -0.00110528 -8.84416e-08)
(-0.0765313 -0.0018385 -5.34921e-08)
(-0.653058 8.72029e-05 1.02711e-07)
(-0.591801 0.000228259 2.0182e-07)
(-0.487044 0.000287837 1.79112e-07)
(-0.365655 0.000250798 7.7624e-08)
(-0.252481 0.000120497 -4.52746e-08)
(-0.163351 -9.73701e-05 -1.41099e-07)
(-0.104451 -0.000357603 -1.5885e-07)
(-0.0759192 -0.000402938 -6.64547e-08)
(-0.652973 3.20442e-05 6.9669e-08)
(-0.591747 8.45486e-05 1.17718e-07)
(-0.487038 0.000108637 6.81341e-08)
(-0.3657 9.92155e-05 -3.44737e-08)
(-0.252571 5.96366e-05 -1.36851e-07)
(-0.163461 -2.30626e-06 -1.94496e-07)
(-0.104501 -6.53591e-05 -1.73445e-07)
(-0.0757707 -6.75339e-05 -6.91373e-08)
(-0.652941 1.21661e-05 5.36164e-08)
(-0.591725 3.34228e-05 7.65758e-08)
(-0.48703 4.82045e-05 1.35579e-08)
(-0.365704 5.89509e-05 -9.04801e-08)
(-0.252583 7.34404e-05 -1.85906e-07)
(-0.163476 9.86851e-05 -2.32882e-07)
(-0.104516 0.00012334 -2.09899e-07)
(-0.0757864 8.76043e-05 -1.01548e-07)
(-0.652927 5.80461e-06 4.58164e-08)
(-0.591711 1.83079e-05 5.63293e-08)
(-0.487012 3.60884e-05 -1.44327e-08)
(-0.365674 7.09635e-05 -1.23744e-07)
(-0.252531 0.000145852 -2.25436e-07)
(-0.163411 0.000287639 -2.87917e-07)
(-0.104512 0.000472653 -2.69533e-07)
(-0.0759817 0.000445494 -9.56442e-08)
(-0.652917 4.41494e-06 4.22335e-08)
(-0.591694 1.67733e-05 4.7182e-08)
(-0.486977 4.40203e-05 -2.67917e-08)
(-0.365594 0.000112924 -1.36185e-07)
(-0.252366 0.000283886 -2.33542e-07)
(-0.163149 0.000670182 -2.78816e-07)
(-0.104358 0.00138195 -2.26702e-07)
(-0.0767045 0.00195601 -1.35574e-07)
(-0.652906 4.48302e-06 4.1454e-08)
(-0.591671 1.88282e-05 4.6046e-08)
(-0.486916 5.59735e-05 -2.55364e-08)
(-0.365434 0.000160127 -1.26877e-07)
(-0.251974 0.000449505 -2.12168e-07)
(-0.162313 0.00123777 -2.65432e-07)
(-0.103226 0.00335881 -3.00512e-07)
(-0.0793197 0.00909801 -1.50133e-07)
(-0.653893 0.000596454 2.0082e-07)
(-0.592329 0.00154324 4.5583e-07)
(-0.487113 0.00193237 5.34405e-07)
(-0.36525 0.00174285 4.72464e-07)
(-0.25159 0.00106827 3.3271e-07)
(-0.161891 -0.000182111 1.63754e-07)
(-0.102831 -0.00270212 -9.8134e-09)
(-0.078863 -0.00872314 -4.41841e-09)
(-0.653287 0.000231725 1.20709e-07)
(-0.591947 0.000604002 2.58661e-07)
(-0.48706 0.000759994 2.76115e-07)
(-0.365533 0.00067212 2.04732e-07)
(-0.252223 0.000354853 9.00695e-08)
(-0.162983 -0.000219146 -2.0683e-08)
(-0.104195 -0.00110549 -6.70232e-08)
(-0.0765311 -0.00183858 -4.31585e-08)
(-0.653057 8.70687e-05 7.78838e-08)
(-0.591801 0.000227923 1.50637e-07)
(-0.487045 0.000287401 1.35577e-07)
(-0.365655 0.000250363 6.43956e-08)
(-0.252481 0.000120145 -2.45732e-08)
(-0.163351 -9.75885e-05 -9.85008e-08)
(-0.104451 -0.000357706 -1.15479e-07)
(-0.0759189 -0.000402946 -4.68536e-08)
(-0.652972 3.1973e-05 5.35968e-08)
(-0.591747 8.43715e-05 9.07635e-08)
(-0.487038 0.000108407 5.78964e-08)
(-0.3657 9.89847e-05 -1.28031e-08)
(-0.252571 5.94475e-05 -8.57716e-08)
(-0.163461 -2.42256e-06 -1.29889e-07)
(-0.1045 -6.54257e-05 -1.18604e-07)
(-0.0757704 -6.75958e-05 -4.69584e-08)
(-0.652941 1.21321e-05 4.2254e-08)
(-0.591725 3.33367e-05 6.21021e-08)
(-0.48703 4.80898e-05 2.03249e-08)
(-0.365704 5.8826e-05 -5.09855e-08)
(-0.252583 7.33129e-05 -1.19169e-07)
(-0.163476 9.85398e-05 -1.56653e-07)
(-0.104516 0.000123182 -1.48781e-07)
(-0.0757859 8.75732e-05 -7.78005e-08)
(-0.652927 5.78819e-06 3.65661e-08)
(-0.591711 1.82666e-05 4.77224e-08)
(-0.487013 3.60324e-05 5.60234e-10)
(-0.365675 7.08999e-05 -7.52274e-08)
(-0.252531 0.000145786 -1.49524e-07)
(-0.163411 0.000287577 -2.02553e-07)
(-0.104511 0.000472647 -1.9752e-07)
(-0.0759812 0.000445431 -6.249e-08)
(-0.652917 4.409e-06 3.40478e-08)
(-0.591694 1.67602e-05 4.14381e-08)
(-0.486977 4.40077e-05 -7.70149e-09)
(-0.365594 0.000112927 -8.27963e-08)
(-0.252366 0.000283917 -1.52357e-07)
(-0.163149 0.000670227 -1.87819e-07)
(-0.104358 0.00138189 -1.51765e-07)
(-0.076704 0.00195592 -1.09244e-07)
(-0.652906 4.48112e-06 3.35935e-08)
(-0.591671 1.88255e-05 4.11699e-08)
(-0.486916 5.59779e-05 -5.72742e-09)
(-0.365435 0.000160154 -7.36564e-08)
(-0.251974 0.000449576 -1.33645e-07)
(-0.162313 0.00123788 -1.80081e-07)
(-0.103226 0.00335894 -2.28174e-07)
(-0.079319 0.00909833 -1.0678e-07)
(-0.652894 4.33755e-06 -8.53882e-09)
(-0.591643 1.87709e-05 -1.61299e-08)
(-0.486836 5.76192e-05 -1.98412e-08)
(-0.3652 0.000168806 -2.27442e-08)
(-0.251288 0.000483529 -2.49962e-08)
(-0.16024 0.0013624 -2.70494e-08)
(-0.0964978 0.00381325 -4.09238e-08)
(-0.0549232 0.010782 -8.02135e-08)
(-0.652883 3.4781e-06 -8.88399e-09)
(-0.591618 1.50063e-05 -1.7322e-08)
(-0.486766 4.54468e-05 -2.28801e-08)
(-0.365008 0.000129332 -3.01756e-08)
(-0.25078 0.000352045 -4.14404e-08)
(-0.158984 0.000909199 -5.81989e-08)
(-0.0938064 0.00217961 -7.59315e-08)
(-0.0515255 0.00456737 -6.69791e-08)
(-0.652875 2.16193e-06 -8.74649e-09)
(-0.591601 9.20753e-06 -1.69267e-08)
(-0.486721 2.71921e-05 -2.19261e-08)
(-0.364894 7.44198e-05 -2.78327e-08)
(-0.250508 0.000191315 -3.58541e-08)
(-0.158412 0.000454799 -4.60119e-08)
(-0.0928396 0.000967762 -5.60637e-08)
(-0.0505791 0.0017221 -5.67612e-08)
(-0.652871 7.19466e-07 -8.89426e-09)
(-0.591593 3.03868e-06 -1.73574e-08)
(-0.486701 8.82292e-06 -2.28288e-08)
(-0.364844 2.35396e-05 -2.95693e-08)
(-0.2504 5.83904e-05 -3.85137e-08)
(-0.158207 0.000132143 -4.86398e-08)
(-0.0925391 0.000263269 -5.65787e-08)
(-0.0503278 0.000432419 -5.4537e-08)
(-0.652871 -7.18632e-07 -8.83128e-09)
(-0.591593 -3.03053e-06 -1.71642e-08)
(-0.486701 -8.79143e-06 -2.23526e-08)
(-0.364844 -2.34547e-05 -2.84687e-08)
(-0.2504 -5.82157e-05 -3.64391e-08)
(-0.158207 -0.000131884 -4.54555e-08)
(-0.0925394 -0.000262951 -5.49302e-08)
(-0.0503276 -0.000431843 -6.31047e-08)
(-0.652875 -2.16012e-06 -8.83998e-09)
(-0.591601 -9.19071e-06 -1.71906e-08)
(-0.486721 -2.71199e-05 -2.24647e-08)
(-0.364894 -7.41895e-05 -2.91856e-08)
(-0.250508 -0.000190712 -3.86684e-08)
(-0.158412 -0.000453449 -5.26201e-08)
(-0.092839 -0.000965258 -7.29647e-08)
(-0.0505788 -0.00171864 -8.47599e-08)
(-0.652883 -3.48199e-06 -8.84362e-09)
(-0.591618 -1.50074e-05 -1.70847e-08)
(-0.486766 -4.54038e-05 -2.19161e-08)
(-0.365008 -0.00012915 -2.71203e-08)
(-0.250779 -0.000351535 -3.20833e-08)
(-0.158982 -0.000908025 -3.44971e-08)
(-0.0938046 -0.00217751 -2.51342e-08)
(-0.0515249 -0.00456578 1.05267e-08)
(-0.652894 -4.36431e-06 -8.60114e-09)
(-0.591643 -1.88456e-05 -1.61218e-08)
(-0.486835 -5.77356e-05 -1.94348e-08)
(-0.3652 -0.000168981 -2.05926e-08)
(-0.251287 -0.000483848 -1.72879e-08)
(-0.160238 -0.00136313 -6.53489e-09)
(-0.0964968 -0.00381489 1.03238e-08)
(-0.0549238 -0.0107845 3.08892e-08)
(-0.652894 4.33697e-06 -9.20796e-10)
(-0.591643 1.87686e-05 -1.18021e-08)
(-0.486836 5.76128e-05 -4.04945e-08)
(-0.3652 0.00016879 -7.66254e-08)
(-0.251288 0.000483488 -1.04105e-07)
(-0.16024 0.00136231 -1.13593e-07)
(-0.0964979 0.00381307 -1.16653e-07)
(-0.0549232 0.0107819 -1.27268e-07)
(-0.652883 3.47768e-06 -1.19262e-09)
(-0.591618 1.50047e-05 -1.26501e-08)
(-0.486766 4.54426e-05 -4.21716e-08)
(-0.365008 0.000129321 -8.01839e-08)
(-0.25078 0.000352023 -1.10769e-07)
(-0.158984 0.000909161 -1.23891e-07)
(-0.0938064 0.00217958 -1.13967e-07)
(-0.0515254 0.00456742 -6.53053e-08)
(-0.652875 2.16191e-06 -1.11056e-09)
(-0.591601 9.20746e-06 -1.23358e-08)
(-0.486721 2.71922e-05 -4.13094e-08)
(-0.364894 7.4421e-05 -7.77822e-08)
(-0.250508 0.00019132 -1.0494e-07)
(-0.158412 0.000454818 -1.11788e-07)
(-0.0928397 0.000967801 -9.60465e-08)
(-0.0505791 0.00172212 -5.95793e-08)
(-0.652871 7.19296e-07 -1.21821e-09)
(-0.591593 3.03821e-06 -1.26217e-08)
(-0.486701 8.82207e-06 -4.18006e-08)
(-0.364844 2.35383e-05 -7.86474e-08)
(-0.2504 5.83893e-05 -1.05951e-07)
(-0.158207 0.000132145 -1.12099e-07)
(-0.0925391 0.000263271 -9.48125e-08)
(-0.0503277 0.000432407 -5.81925e-08)
(-0.652871 -7.18523e-07 -1.13359e-09)
(-0.591593 -3.03019e-06 -1.2362e-08)
(-0.486701 -8.7907e-06 -4.12132e-08)
(-0.364844 -2.34539e-05 -7.7394e-08)
(-0.2504 -5.8216e-05 -1.03785e-07)
(-0.158207 -0.000131892 -1.09183e-07)
(-0.0925394 -0.000262984 -9.45058e-08)
(-0.0503276 -0.000431903 -6.99723e-08)
(-0.652875 -2.16015e-06 -1.13649e-09)
(-0.591601 -9.19056e-06 -1.23548e-08)
(-0.486721 -2.71191e-05 -4.13197e-08)
(-0.364894 -7.41868e-05 -7.81989e-08)
(-0.250508 -0.000190704 -1.06019e-07)
(-0.158412 -0.000453428 -1.15972e-07)
(-0.0928391 -0.000965199 -1.09327e-07)
(-0.0505787 -0.00171849 -7.99355e-08)
(-0.652883 -3.48151e-06 -1.04849e-09)
(-0.591618 -1.50053e-05 -1.20512e-08)
(-0.486766 -4.53977e-05 -4.04991e-08)
(-0.365008 -0.000129133 -7.59182e-08)
(-0.250779 -0.000351492 -9.96114e-08)
(-0.158982 -0.000907933 -9.88969e-08)
(-0.0938045 -0.00217734 -6.38467e-08)
(-0.0515248 -0.00456555 6.70789e-09)
(-0.652894 -4.3641e-06 -8.5189e-10)
(-0.591643 -1.88445e-05 -1.13133e-08)
(-0.486835 -5.77318e-05 -3.91838e-08)
(-0.3652 -0.000168969 -7.27725e-08)
(-0.251287 -0.00048382 -9.39946e-08)
(-0.160238 -0.00136307 -9.07761e-08)
(-0.0964967 -0.0038148 -6.36078e-08)
(-0.0549238 -0.0107845 -1.72128e-08)
(-0.652894 4.33663e-06 4.07146e-08)
(-0.591643 1.87682e-05 4.4424e-08)
(-0.486836 5.76138e-05 -2.61705e-08)
(-0.365201 0.000168796 -1.2319e-07)
(-0.251288 0.000483507 -1.96189e-07)
(-0.16024 0.00136235 -2.16241e-07)
(-0.0964978 0.00381314 -1.59717e-07)
(-0.054923 0.010782 6.10058e-09)
(-0.652883 3.47772e-06 4.16387e-08)
(-0.591618 1.50053e-05 4.82967e-08)
(-0.486766 4.54451e-05 -1.47131e-08)
(-0.365009 0.000129329 -9.25053e-08)
(-0.25078 0.000352043 -1.236e-07)
(-0.158984 0.000909203 -6.81719e-08)
(-0.0938062 0.00217966 6.55982e-08)
(-0.0515253 0.00456751 1.86141e-07)
(-0.652875 2.16188e-06 4.13751e-08)
(-0.591601 9.20759e-06 4.77832e-08)
(-0.486721 2.71928e-05 -1.51689e-08)
(-0.364894 7.44229e-05 -9.23851e-08)
(-0.250508 0.000191324 -1.22517e-07)
(-0.158412 0.000454822 -6.60138e-08)
(-0.0928395 0.000967801 7.61438e-08)
(-0.0505789 0.00172211 2.32911e-07)
(-0.652871 7.1942e-07 4.17482e-08)
(-0.591593 3.03863e-06 4.90305e-08)
(-0.486701 8.82312e-06 -1.23938e-08)
(-0.364844 2.35404e-05 -8.71389e-08)
(-0.2504 5.83927e-05 -1.15318e-07)
(-0.158207 0.000132149 -6.34736e-08)
(-0.092539 0.000263272 5.93646e-08)
(-0.0503276 0.000432399 1.89957e-07)
(-0.652871 -7.18468e-07 4.17377e-08)
(-0.591593 -3.02999e-06 4.89949e-08)
(-0.486701 -8.79047e-06 -1.26452e-08)
(-0.364844 -2.34538e-05 -8.81196e-08)
(-0.2504 -5.82159e-05 -1.17707e-07)
(-0.158207 -0.000131892 -6.84143e-08)
(-0.0925393 -0.00026298 5.62646e-08)
(-0.0503275 -0.000431887 2.09936e-07)
(-0.652875 -2.15995e-06 4.17584e-08)
(-0.591601 -9.19009e-06 4.90458e-08)
(-0.486721 -2.71185e-05 -1.25384e-08)
(-0.364894 -7.41866e-05 -8.67862e-08)
(-0.250508 -0.000190704 -1.12513e-07)
(-0.158412 -0.000453429 -4.79248e-08)
(-0.0928389 -0.000965197 1.1649e-07)
(-0.0505786 -0.00171848 3.04543e-07)
(-0.652883 -3.48142e-06 4.19832e-08)
(-0.591618 -1.50054e-05 4.9316e-08)
(-0.486766 -4.53995e-05 -1.33092e-08)
(-0.365008 -0.00012914 -9.17519e-08)
(-0.250779 -0.000351511 -1.30077e-07)
(-0.158982 -0.000907975 -9.68116e-08)
(-0.0938043 -0.00217742 -1.25317e-08)
(-0.0515247 -0.00456565 3.45e-08)
(-0.652894 -4.36366e-06 4.13063e-08)
(-0.591643 -1.88437e-05 4.60873e-08)
(-0.486835 -5.77323e-05 -2.31297e-08)
(-0.3652 -0.000168974 -1.19782e-07)
(-0.251287 -0.000483837 -1.97936e-07)
(-0.160238 -0.00136311 -2.35843e-07)
(-0.0964966 -0.00381486 -2.31599e-07)
(-0.0549237 -0.0107846 -2.08372e-07)
(-0.652893 4.33734e-06 3.30965e-08)
(-0.591643 1.87731e-05 4.00962e-08)
(-0.486836 5.76344e-05 -5.51727e-09)
(-0.365201 0.000168858 -6.9309e-08)
(-0.251288 0.000483665 -1.1708e-07)
(-0.16024 0.0013627 -1.29697e-07)
(-0.0964975 0.0038138 -8.39883e-08)
(-0.0549228 0.0107825 5.31552e-08)
(-0.652883 3.479e-06 3.39474e-08)
(-0.591618 1.50115e-05 4.36249e-08)
(-0.486766 4.54646e-05 4.5783e-09)
(-0.365009 0.000129383 -4.24971e-08)
(-0.25078 0.00035217 -5.42715e-08)
(-0.158983 0.000909461 -2.47942e-09)
(-0.0938059 0.00218006 1.03634e-07)
(-0.051525 0.00456788 1.84467e-07)
(-0.652875 2.16213e-06 3.37391e-08)
(-0.591601 9.20893e-06 4.31923e-08)
(-0.486722 2.71968e-05 4.21449e-09)
(-0.364894 7.44318e-05 -4.24356e-08)
(-0.250508 0.000191337 -5.3431e-08)
(-0.158412 0.000454827 -2.37441e-10)
(-0.0928391 0.000967789 1.16127e-07)
(-0.0505786 0.00172213 2.35729e-07)
(-0.652871 7.20022e-07 3.40722e-08)
(-0.591593 3.04063e-06 4.42948e-08)
(-0.486701 8.82712e-06 6.57812e-09)
(-0.364844 2.35468e-05 -3.80608e-08)
(-0.2504 5.83989e-05 -4.788e-08)
(-0.158207 0.00013214 -1.42402e-11)
(-0.0925386 0.000263231 9.75984e-08)
(-0.0503274 0.000432361 1.93613e-07)
(-0.652871 -7.18503e-07 3.404e-08)
(-0.591593 -3.03016e-06 4.41927e-08)
(-0.486701 -8.79099e-06 6.21536e-09)
(-0.364844 -2.34532e-05 -3.91943e-08)
(-0.2504 -5.82104e-05 -5.03611e-08)
(-0.158207 -0.000131861 -4.68663e-09)
(-0.0925388 -0.00026287 9.58403e-08)
(-0.0503271 -0.000431674 2.16803e-07)
(-0.652875 -2.15965e-06 3.4055e-08)
(-0.591601 -9.18991e-06 4.421e-08)
(-0.486722 -2.71204e-05 6.31664e-09)
(-0.364894 -7.41941e-05 -3.77729e-08)
(-0.250508 -0.000190728 -4.51625e-08)
(-0.158412 -0.000453484 1.54267e-08)
(-0.0928384 -0.000965336 1.52853e-07)
(-0.0505784 -0.00171884 2.99718e-07)
(-0.652883 -3.48242e-06 3.41881e-08)
(-0.591618 -1.50112e-05 4.42825e-08)
(-0.486766 -4.54189e-05 5.27387e-09)
(-0.365008 -0.000129199 -4.29539e-08)
(-0.250779 -0.000351663 -6.25484e-08)
(-0.158982 -0.000908309 -3.24118e-08)
(-0.0938042 -0.00217804 2.61808e-08)
(-0.0515246 -0.00456657 3.83188e-08)
(-0.652893 -4.3637e-06 3.3557e-08)
(-0.591643 -1.88464e-05 4.12787e-08)
(-0.486836 -5.77477e-05 -3.38072e-09)
(-0.3652 -0.000169027 -6.76018e-08)
(-0.251287 -0.000483974 -1.21229e-07)
(-0.160238 -0.00136341 -1.51602e-07)
(-0.0964966 -0.00381538 -1.57668e-07)
(-0.0549235 -0.0107848 -1.6027e-07)
(-0.0243962 0.0198809 -4.84062e-08)
(-0.00672765 0.00717392 -2.39391e-08)
(-0.00207404 0.00260126 -1.03828e-08)
(-0.000686119 0.000932789 -4.11336e-09)
(-0.000234133 0.000327733 -1.52864e-09)
(-8.01889e-05 0.000112262 -5.3858e-10)
(-2.71281e-05 3.74022e-05 -1.82744e-10)
(-8.98908e-06 1.21101e-05 -5.98374e-11)
(-2.90557e-06 3.8107e-06 -1.92174e-11)
(-9.146e-07 1.16601e-06 -6.04677e-12)
(-2.80248e-07 3.47212e-07 -1.90071e-12)
(-8.3617e-08 1.00716e-07 -5.92878e-13)
(-2.43094e-08 2.84881e-08 -1.85165e-13)
(-6.89219e-09 7.86573e-09 -5.95798e-14)
(-1.90744e-09 2.12214e-09 -1.98599e-14)
(-5.15801e-10 5.60025e-10 -7.59351e-15)
(-1.36418e-10 1.44696e-10 -4.08881e-15)
(-3.53203e-11 3.66404e-11 0)
(-8.96268e-12 9.10403e-12 -1.16823e-15)
(-2.23016e-12 2.22081e-12 0)
(-5.47901e-13 5.30377e-13 -5.84116e-16)
(-1.3201e-13 1.22664e-13 0)
(-2.80376e-14 2.68693e-14 0)
(-8.17763e-15 8.17763e-15 -1.16823e-15)
(-2.33646e-15 0 0)
(-1.16823e-15 -1.16823e-15 0)
(1.16823e-15 -2.33646e-15 0)
(0 2.33646e-15 0)
(2.33646e-15 2.33646e-15 0)
(-2.33646e-15 0 0)
(0 0 0)
(0 -1.16823e-15 0)
(-0.0251773 0.00652371 -4.20219e-08)
(-0.010552 0.00356092 -2.22762e-08)
(-0.00416708 0.00157757 -1.04771e-08)
(-0.00158741 0.000632644 -4.50618e-09)
(-0.000586394 0.000237838 -1.80329e-09)
(-0.000210142 8.50778e-05 -6.8255e-10)
(-7.3024e-05 2.91801e-05 -2.46854e-10)
(-2.46024e-05 9.64038e-06 -8.65169e-11)
(-8.03854e-06 3.07763e-06 -2.96275e-11)
(-2.54889e-06 9.51724e-07 -1.00468e-11)
(-7.85043e-07 2.85659e-07 -3.38846e-12)
(-2.35106e-07 8.33645e-08 -1.14604e-12)
(-6.85411e-08 2.36907e-08 -3.86685e-13)
(-1.94738e-08 6.56514e-09 -1.3201e-13)
(-5.39827e-09 1.77638e-09 -4.55611e-14)
(-1.46164e-09 4.69859e-10 -1.5187e-14)
(-3.86966e-10 1.21622e-10 -8.17763e-15)
(-1.00272e-10 3.08413e-11 -4.67293e-15)
(-2.54569e-11 7.66944e-12 -3.5047e-15)
(-6.33883e-12 1.87384e-12 -1.75235e-15)
(-1.55258e-12 4.49769e-13 -1.75235e-15)
(-3.72666e-13 1.03973e-13 0)
(-8.52809e-14 2.57011e-14 -1.16823e-15)
(-1.86917e-14 2.33646e-15 -1.16823e-15)
(-5.84116e-15 2.33646e-15 -1.75235e-15)
(-2.33646e-15 1.16823e-15 -1.16823e-15)
(2.33646e-15 0 0)
(2.33646e-15 0 -1.75235e-15)
(-2.33646e-15 -2.33646e-15 -1.75235e-15)
(-2.33646e-15 0 -5.84116e-16)
(0 0 -1.16823e-15)
(0 1.16823e-15 -1.16823e-15)
(-0.0254026 0.00216547 -4.42417e-08)
(-0.0116738 0.00143476 -2.75291e-08)
(-0.00500232 0.00073332 -1.45412e-08)
(-0.00202585 0.000324663 -6.80346e-09)
(-0.000781699 0.000130751 -2.90001e-09)
(-0.000288846 4.91002e-05 -1.14982e-09)
(-0.000102565 1.74384e-05 -4.30544e-10)
(-3.50916e-05 5.90986e-06 -1.54347e-10)
(-1.15942e-05 1.92269e-06 -5.35611e-11)
(-3.70657e-06 6.031e-07 -1.81865e-11)
(-1.14861e-06 1.83001e-07 -6.08941e-12)
(-3.45586e-07 5.38575e-08 -2.02513e-12)
(-1.01109e-07 1.54067e-08 -6.70565e-13)
(-2.88065e-08 4.29187e-09 -2.20796e-13)
(-8.00273e-09 1.16614e-09 -7.47669e-14)
(-2.17056e-09 3.09485e-10 -2.62852e-14)
(-5.75438e-10 8.03241e-11 -9.92997e-15)
(-1.49271e-10 2.04125e-11 -4.67293e-15)
(-3.7929e-11 5.08765e-12 -4.08881e-15)
(-9.45333e-12 1.2465e-12 -5.84116e-16)
(-2.31427e-12 3.00236e-13 -2.33646e-15)
(-5.58415e-13 7.24304e-14 0)
(-1.29674e-13 1.63553e-14 0)
(-3.15423e-14 3.5047e-15 5.84116e-16)
(-5.84116e-15 0 1.16823e-15)
(0 -1.16823e-15 0)
(-1.16823e-15 0 0)
(1.16823e-15 0 0)
(0 -1.16823e-15 -5.84116e-16)
(0 0 0)
(0 2.33646e-15 0)
(0 0 -1.16823e-15)
(-0.0254646 0.000514717 -4.01242e-08)
(-0.0119841 0.00037069 -2.35961e-08)
(-0.00527718 0.00020441 -1.17328e-08)
(-0.00218997 9.58859e-05 -5.13419e-09)
(-0.000861957 4.02998e-05 -2.03448e-09)
(-0.000323454 1.56173e-05 -7.46359e-10)
(-0.000116214 5.67776e-06 -2.58001e-10)
(-4.01182e-05 1.95825e-06 -8.57991e-11)
(-1.33453e-05 6.45646e-07 -2.79704e-11)
(-4.28858e-06 2.04616e-07 -9.16244e-12)
(-1.33429e-06 6.25878e-08 -3.06194e-12)
(-4.02701e-07 1.85369e-08 -1.05725e-12)
(-1.18107e-07 5.32968e-09 -3.75587e-13)
(-3.37144e-08 1.49077e-09 -1.33763e-13)
(-9.38066e-09 4.064e-10 -4.84816e-14)
(-2.54746e-09 1.08144e-10 -1.69394e-14)
(-6.76031e-10 2.81287e-11 -7.59351e-15)
(-1.75513e-10 7.16126e-12 -5.84116e-15)
(-4.46241e-11 1.78389e-12 -4.08881e-15)
(-1.11251e-11 4.35751e-13 -2.92058e-15)
(-2.72665e-12 1.03973e-13 -2.92058e-15)
(-6.55378e-13 2.92058e-14 0)
(-1.53038e-13 5.84116e-15 -1.16823e-15)
(-3.73834e-14 7.00939e-15 -5.84116e-16)
(-1.05141e-14 2.33646e-15 0)
(-1.16823e-15 0 5.84116e-16)
(1.16823e-15 -1.16823e-15 0)
(0 -2.33646e-15 0)
(-1.16823e-15 1.16823e-15 5.84116e-16)
(3.5047e-15 4.67293e-15 0)
(0 2.33646e-15 -2.33646e-15)
(-2.33646e-15 0 0)
(-0.0254644 -0.000514004 -6.57643e-08)
(-0.0119841 -0.000370043 -4.13329e-08)
(-0.00527712 -0.0002039 -2.05373e-08)
(-0.00218996 -9.55515e-05 -8.91338e-09)
(-0.000861967 -4.01131e-05 -3.52539e-09)
(-0.000323468 -1.55254e-05 -1.30415e-09)
(-0.000116225 -5.63678e-06 -4.5782e-10)
(-4.01237e-05 -1.9414e-06 -1.54934e-10)
(-1.33479e-05 -6.39172e-07 -5.10535e-11)
(-4.28963e-06 -2.0227e-07 -1.66292e-11)
(-1.33469e-06 -6.17802e-08 -5.3949e-12)
(-4.02844e-07 -1.82715e-08 -1.76461e-12)
(-1.18155e-07 -5.24609e-09 -5.8178e-13)
(-3.37298e-08 -1.46546e-09 -1.93927e-13)
(-9.38535e-09 -3.99014e-10 -6.48369e-14)
(-2.54884e-09 -1.06063e-10 -2.21964e-14)
(-6.76422e-10 -2.75633e-11 -8.76174e-15)
(-1.75617e-10 -7.0129e-12 -5.25704e-15)
(-4.46545e-11 -1.75001e-12 -3.5047e-15)
(-1.11321e-11 -4.31078e-13 -3.5047e-15)
(-2.72198e-12 -1.03973e-13 -2.33646e-15)
(-6.55378e-13 -2.57011e-14 -1.75235e-15)
(-1.5187e-13 -5.84116e-15 -5.84116e-16)
(-3.38787e-14 -3.5047e-15 -5.84116e-16)
(-1.40188e-14 1.16823e-15 -1.16823e-15)
(-3.5047e-15 0 -5.84116e-16)
(1.16823e-15 1.16823e-15 5.84116e-16)
(2.33646e-15 0 -1.75235e-15)
(2.33646e-15 0 -5.84116e-16)
(0 0 -3.5047e-15)
(0 -2.33646e-15 -2.92058e-15)
(-4.67293e-15 0 -5.84116e-16)
(-0.0254028 -0.00216257 -4.1956e-08)
(-0.011674 -0.00143264 -1.72103e-08)
(-0.00500269 -0.000732077 -6.18118e-09)
(-0.00202619 -0.000324041 -1.91848e-09)
(-0.000781931 -0.00013047 -4.85208e-10)
(-0.000288977 -4.8983e-05 -7.91168e-11)
(-0.00010263 -1.73924e-05 6.92353e-12)
(-3.51206e-05 -5.89268e-06 1.33599e-11)
(-1.16062e-05 -1.91656e-06 7.34993e-12)
(-3.71119e-06 -6.00999e-07 2.97023e-12)
(-1.15029e-06 -1.82309e-07 9.68464e-13)
(-3.46167e-07 -5.36373e-08 2.50586e-13)
(-1.01301e-07 -1.5339e-08 4.08881e-14)
(-2.88673e-08 -4.27173e-09 -4.08881e-15)
(-8.02126e-09 -1.16033e-09 -8.17763e-15)
(-2.17601e-09 -3.07861e-10 -7.00939e-15)
(-5.76986e-10 -7.98837e-11 -2.33646e-15)
(-1.49697e-10 -2.02992e-11 -1.75235e-15)
(-3.80411e-11 -5.05728e-12 -1.75235e-15)
(-9.47787e-12 -1.23833e-12 -1.75235e-15)
(-2.31777e-12 -2.96731e-13 -1.75235e-15)
(-5.60751e-13 -7.24304e-14 -1.16823e-15)
(-1.30842e-13 -1.63553e-14 0)
(-3.0374e-14 -7.00939e-15 1.16823e-15)
(-8.17763e-15 -3.5047e-15 -1.16823e-15)
(0 -2.33646e-15 0)
(-1.16823e-15 -1.16823e-15 0)
(1.16823e-15 0 0)
(2.33646e-15 0 0)
(-2.33646e-15 -4.67293e-15 -1.16823e-15)
(0 -2.33646e-15 0)
(0 -1.16823e-15 0)
(-0.0251784 -0.00652254 2.27959e-08)
(-0.0105536 -0.00356022 1.68325e-08)
(-0.00416853 -0.00157727 9.44149e-09)
(-0.00158835 -0.000632557 4.6104e-09)
(-0.000586909 -0.000237824 2.05631e-09)
(-0.000210391 -8.50817e-05 8.53729e-10)
(-7.31342e-05 -2.9185e-05 3.33488e-10)
(-2.46479e-05 -9.64329e-06 1.23064e-10)
(-8.05618e-06 -3.079e-06 4.30569e-11)
(-2.55538e-06 -9.52286e-07 1.42799e-11)
(-7.87325e-07 -2.8587e-07 4.49068e-12)
(-2.35874e-07 -8.34384e-08 1.33178e-12)
(-6.87893e-08 -2.37152e-08 3.7033e-13)
(-1.95511e-08 -6.57285e-09 9.46268e-14)
(-5.42148e-09 -1.77871e-09 2.10282e-14)
(-1.46838e-09 -4.70531e-10 3.5047e-15)
(-3.88861e-10 -1.21808e-10 0)
(-1.00789e-10 -3.08881e-11 0)
(-2.55936e-11 -7.67996e-12 -1.75235e-15)
(-6.37387e-12 -1.87735e-12 -1.16823e-15)
(-1.55842e-12 -4.50938e-13 -5.84116e-16)
(-3.77339e-13 -1.07477e-13 1.16823e-15)
(-8.52809e-14 -2.33646e-14 0)
(-2.10282e-14 -5.84116e-15 2.33646e-15)
(-5.84116e-15 -2.33646e-15 0)
(-2.33646e-15 2.33646e-15 2.33646e-15)
(2.33646e-15 1.16823e-15 0)
(0 2.33646e-15 0)
(1.16823e-15 -1.16823e-15 0)
(0 -1.16823e-15 0)
(0 0 0)
(0 1.16823e-15 -1.75235e-15)
(-0.0243973 -0.0198857 1.44501e-08)
(-0.00672877 -0.00717739 7.4964e-09)
(-0.00207503 -0.0026033 3.6906e-09)
(-0.000686739 -0.000933833 1.69299e-09)
(-0.000234456 -0.000328214 7.2555e-10)
(-8.03388e-05 -0.000112467 2.93093e-10)
(-2.71919e-05 -3.74843e-05 1.11872e-10)
(-9.01453e-06 -1.21412e-05 4.05447e-11)
(-2.91518e-06 -3.82194e-06 1.3937e-11)
(-9.18059e-07 -1.16989e-06 4.55318e-12)
(-2.8144e-07 -3.48501e-07 1.40655e-12)
(-8.40115e-08 -1.01128e-07 4.09465e-13)
(-2.44352e-08 -2.8615e-08 1.10398e-13)
(-6.93088e-09 -7.90348e-09 2.86217e-14)
(-1.91894e-09 -2.13301e-09 5.84116e-15)
(-5.19109e-10 -5.63058e-10 1.16823e-15)
(-1.37343e-10 -1.45516e-10 0)
(-3.55703e-11 -3.68554e-11 -1.75235e-15)
(-9.03043e-12 -9.15777e-12 -2.33646e-15)
(-2.24885e-12 -2.23016e-12 0)
(-5.47901e-13 -5.3505e-13 1.16823e-15)
(-1.29674e-13 -1.22664e-13 0)
(-3.27105e-14 -2.92058e-14 0)
(-8.17763e-15 -4.67293e-15 0)
(0 0 0)
(0 1.16823e-15 0)
(2.33646e-15 0 0)
(-2.33646e-15 -2.33646e-15 0)
(-1.16823e-15 1.16823e-15 0)
(1.16823e-15 1.16823e-15 0)
(0 0 0)
(0 0 0)
(-0.0243961 0.0198807 -5.18005e-08)
(-0.00672758 0.00717382 -2.08572e-08)
(-0.002074 0.00260122 -7.21199e-09)
(-0.000686101 0.000932772 -2.02449e-09)
(-0.000234126 0.000327726 -4.08075e-10)
(-8.01862e-05 0.00011226 -2.15107e-11)
(-2.71271e-05 3.74014e-05 3.14348e-11)
(-8.98875e-06 1.21098e-05 2.03623e-11)
(-2.90546e-06 3.8106e-06 8.45216e-12)
(-9.14566e-07 1.16598e-06 2.63495e-12)
(-2.80237e-07 3.47201e-07 5.87621e-13)
(-8.36136e-08 1.00713e-07 2.33646e-14)
(-2.43084e-08 2.8487e-08 -6.19163e-14)
(-6.89185e-09 7.86535e-09 -5.0234e-14)
(-1.90734e-09 2.12201e-09 -2.5117e-14)
(-5.15767e-10 5.59978e-10 -1.16823e-14)
(-1.36404e-10 1.44673e-10 -5.84116e-15)
(-3.53133e-11 3.66334e-11 -2.92058e-15)
(-8.96151e-12 9.09352e-12 -2.92058e-15)
(-2.23016e-12 2.22081e-12 -1.16823e-15)
(-5.49069e-13 5.26873e-13 -1.16823e-15)
(-1.30842e-13 1.21496e-13 -5.84116e-16)
(-3.0374e-14 2.68693e-14 0)
(-8.17763e-15 4.67293e-15 -1.16823e-15)
(0 0 0)
(0 0 5.84116e-16)
(0 -2.33646e-15 0)
(0 -1.16823e-15 -5.84116e-16)
(0 0 -1.16823e-15)
(-1.16823e-15 -1.16823e-15 -5.84116e-16)
(0 -1.16823e-15 -5.84116e-16)
(1.16823e-15 -1.16823e-15 0)
(-0.0251772 0.00652371 -2.01937e-08)
(-0.0105519 0.00356091 4.69852e-09)
(-0.00416705 0.00157756 9.14697e-09)
(-0.00158739 0.000632639 6.70205e-09)
(-0.000586386 0.000237835 3.71544e-09)
(-0.000210139 8.50765e-05 1.76539e-09)
(-7.30228e-05 2.91796e-05 7.51056e-10)
(-2.4602e-05 9.64019e-06 2.92267e-10)
(-8.03839e-06 3.07756e-06 1.05029e-10)
(-2.54883e-06 9.517e-07 3.49675e-11)
(-7.85025e-07 2.85651e-07 1.07594e-11)
(-2.351e-07 8.33616e-08 3.02338e-12)
(-6.85391e-08 2.36897e-08 7.55846e-13)
(-1.94731e-08 6.56482e-09 1.54207e-13)
(-5.39804e-09 1.77628e-09 1.69394e-14)
(-1.46156e-09 4.69824e-10 -5.84116e-15)
(-3.86941e-10 1.21612e-10 -6.42528e-15)
(-1.00262e-10 3.08332e-11 -4.67293e-15)
(-2.54511e-11 7.66828e-12 -2.92058e-15)
(-6.33766e-12 1.87034e-12 -1.16823e-15)
(-1.55024e-12 4.47433e-13 -1.75235e-15)
(-3.7033e-13 1.06309e-13 -1.16823e-15)
(-8.87856e-14 2.57011e-14 -1.75235e-15)
(-1.86917e-14 7.00939e-15 -2.33646e-15)
(-5.84116e-15 2.33646e-15 -5.84116e-16)
(1.16823e-15 2.33646e-15 0)
(2.33646e-15 0 1.16823e-15)
(-3.5047e-15 1.16823e-15 -1.16823e-15)
(0 -1.16823e-15 -5.84116e-16)
(1.16823e-15 0 -1.16823e-15)
(0 0 0)
(0 1.16823e-15 0)
(-0.0254026 0.00216547 -1.96632e-08)
(-0.0116737 0.00143476 1.30973e-09)
(-0.00500228 0.000733317 6.77647e-09)
(-0.00202582 0.000324662 5.75121e-09)
(-0.000781688 0.00013075 3.4983e-09)
(-0.000288841 4.91e-05 1.77286e-09)
(-0.000102563 1.74384e-05 7.93728e-10)
(-3.50908e-05 5.90987e-06 3.20552e-10)
(-1.1594e-05 1.92269e-06 1.18726e-10)
(-3.70648e-06 6.03102e-07 4.03595e-11)
(-1.14858e-06 1.83002e-07 1.26204e-11)
(-3.45575e-07 5.38577e-08 3.56953e-12)
(-1.01105e-07 1.54068e-08 8.90193e-13)
(-2.88053e-08 4.29187e-09 1.75819e-13)
(-8.00233e-09 1.16614e-09 1.57711e-14)
(-2.17044e-09 3.0948e-10 -8.17763e-15)
(-5.75396e-10 8.03241e-11 -9.34586e-15)
(-1.49258e-10 2.0409e-11 -5.84116e-15)
(-3.79255e-11 5.08531e-12 -4.67293e-15)
(-9.44866e-12 1.24183e-12 -2.33646e-15)
(-2.31076e-12 2.99067e-13 -1.16823e-15)
(-5.52574e-13 7.12622e-14 0)
(-1.30842e-13 1.5187e-14 -1.16823e-15)
(-3.0374e-14 4.67293e-15 0)
(-3.5047e-15 0 0)
(-4.67293e-15 0 1.16823e-15)
(-1.16823e-15 -1.16823e-15 5.84116e-16)
(0 0 0)
(0 1.16823e-15 0)
(0 1.16823e-15 -5.84116e-16)
(0 0 -5.84116e-16)
(1.16823e-15 0 0)
(-0.0254646 0.000514674 -1.86247e-08)
(-0.0119841 0.000370662 3.92049e-09)
(-0.00527715 0.000204398 9.99308e-09)
(-0.00218996 9.58817e-05 8.36429e-09)
(-0.000861949 4.02986e-05 5.12645e-09)
(-0.00032345 1.5617e-05 2.63697e-09)
(-0.000116213 5.67771e-06 1.19695e-09)
(-4.01177e-05 1.95825e-06 4.92802e-10)
(-1.33452e-05 6.45651e-07 1.86532e-10)
(-4.28853e-06 2.04619e-07 6.55104e-11)
(-1.33427e-06 6.25892e-08 2.13991e-11)
(-4.02696e-07 1.85374e-08 6.49771e-12)
(-1.18105e-07 5.32986e-09 1.81894e-12)
(-3.37137e-08 1.49083e-09 4.60283e-13)
(-9.38042e-09 4.06417e-10 9.81315e-14)
(-2.54738e-09 1.08153e-10 1.5187e-14)
(-6.76009e-10 2.81322e-11 -5.84116e-16)
(-1.75504e-10 7.15893e-12 -3.5047e-15)
(-4.46206e-11 1.78389e-12 -3.5047e-15)
(-1.11216e-11 4.32246e-13 -4.08881e-15)
(-2.72081e-12 1.02804e-13 -1.75235e-15)
(-6.5421e-13 2.45329e-14 -1.75235e-15)
(-1.53038e-13 5.84116e-15 -2.92058e-15)
(-3.62152e-14 3.5047e-15 -1.16823e-15)
(-5.84116e-15 -2.33646e-15 0)
(-2.33646e-15 -2.33646e-15 1.16823e-15)
(-1.16823e-15 1.16823e-15 -5.84116e-16)
(1.16823e-15 -1.16823e-15 -1.16823e-15)
(0 0 0)
(-1.16823e-15 -1.16823e-15 0)
(0 0 -5.84116e-16)
(1.16823e-15 0 0)
(-0.0254643 -0.000514007 -4.88463e-08)
(-0.011984 -0.00037003 -1.73279e-08)
(-0.00527706 -0.000203889 -8.26669e-10)
(-0.00218992 -9.55451e-05 3.56912e-09)
(-0.000861952 -4.011e-05 3.17448e-09)
(-0.000323462 -1.5524e-05 1.88535e-09)
(-0.000116222 -5.63625e-06 9.22448e-10)
(-4.01229e-05 -1.9412e-06 3.97072e-10)
(-1.33476e-05 -6.39101e-07 1.54854e-10)
(-4.28954e-06 -2.02245e-07 5.55459e-11)
(-1.33466e-06 -6.17721e-08 1.84499e-11)
(-4.02834e-07 -1.82689e-08 5.67994e-12)
(-1.18152e-07 -5.24525e-09 1.61274e-12)
(-3.37287e-08 -1.4652e-09 4.12386e-13)
(-9.38501e-09 -3.98934e-10 9.17062e-14)
(-2.54872e-09 -1.06042e-10 1.46029e-14)
(-6.7639e-10 -2.75528e-11 0)
(-1.75606e-10 -7.00822e-12 -4.08881e-15)
(-4.4651e-11 -1.74768e-12 -2.92058e-15)
(-1.11274e-11 -4.28741e-13 -2.33646e-15)
(-2.71964e-12 -1.01636e-13 -5.84116e-16)
(-6.53042e-13 -2.45329e-14 0)
(-1.49534e-13 -4.67293e-15 0)
(-3.85517e-14 0 -1.75235e-15)
(-1.16823e-14 0 -2.33646e-15)
(0 0 5.84116e-16)
(-1.16823e-15 0 1.16823e-15)
(0 -2.33646e-15 0)
(0 0 -1.16823e-15)
(0 0 -5.84116e-16)
(0 0 -5.84116e-16)
(1.16823e-15 0 -1.16823e-15)
(-0.0254027 -0.00216239 -1.64709e-09)
(-0.011674 -0.00143252 2.25166e-08)
(-0.00500266 -0.000732017 2.08135e-08)
(-0.00202618 -0.000324014 1.32404e-08)
(-0.000781928 -0.000130459 7.01371e-09)
(-0.000288976 -4.89787e-05 3.28976e-09)
(-0.00010263 -1.73908e-05 1.40641e-09)
(-3.51206e-05 -5.89212e-06 5.56626e-10)
(-1.16062e-05 -1.91637e-06 2.05927e-10)
(-3.7112e-06 -6.00938e-07 7.16109e-11)
(-1.15029e-06 -1.82289e-07 2.34821e-11)
(-3.46169e-07 -5.36311e-08 7.26407e-12)
(-1.01301e-07 -1.53371e-08 2.11508e-12)
(-2.88674e-08 -4.27116e-09 5.75354e-13)
(-8.02127e-09 -1.16016e-09 1.42524e-13)
(-2.176e-09 -3.07809e-10 3.0374e-14)
(-5.76975e-10 -7.98685e-11 5.84116e-15)
(-1.49698e-10 -2.02887e-11 0)
(-3.80435e-11 -5.0526e-12 -2.33646e-15)
(-9.47436e-12 -1.23599e-12 -2.92058e-15)
(-2.3166e-12 -2.92058e-13 -1.16823e-15)
(-5.58415e-13 -6.89257e-14 -5.84116e-16)
(-1.28506e-13 -1.5187e-14 -1.16823e-15)
(-3.0374e-14 -3.5047e-15 -1.16823e-15)
(-8.17763e-15 0 -1.16823e-15)
(0 0 5.84116e-16)
(0 -1.16823e-15 0)
(0 3.5047e-15 5.84116e-16)
(0 0 0)
(0 1.16823e-15 0)
(0 1.16823e-15 0)
(0 -3.5047e-15 0)
(-0.0251783 -0.00652242 3.30965e-08)
(-0.0105536 -0.00356017 3.5435e-08)
(-0.00416855 -0.00157725 2.43698e-08)
(-0.00158837 -0.000632549 1.35469e-08)
(-0.000586917 -0.000237821 6.60038e-09)
(-0.000210394 -8.50809e-05 2.92778e-09)
(-7.31356e-05 -2.91848e-05 1.20356e-09)
(-2.46485e-05 -9.64323e-06 4.63866e-10)
(-8.0564e-06 -3.07898e-06 1.68578e-10)
(-2.55546e-06 -9.52283e-07 5.80518e-11)
(-7.87351e-07 -2.8587e-07 1.89715e-11)
(-2.35882e-07 -8.34381e-08 5.89139e-12)
(-6.87918e-08 -2.3715e-08 1.73482e-12)
(-1.95518e-08 -6.57278e-09 4.83648e-13)
(-5.42166e-09 -1.77868e-09 1.25585e-13)
(-1.46843e-09 -4.70516e-10 2.92058e-14)
(-3.88867e-10 -1.21803e-10 5.25704e-15)
(-1.00794e-10 -3.08857e-11 -5.84116e-16)
(-2.55936e-11 -7.67879e-12 -1.75235e-15)
(-6.37037e-12 -1.87268e-12 -1.75235e-15)
(-1.55375e-12 -4.48601e-13 -2.33646e-15)
(-3.73834e-13 -1.02804e-13 5.84116e-16)
(-8.76174e-14 -2.45329e-14 0)
(-2.10282e-14 -8.17763e-15 5.84116e-16)
(-5.84116e-15 2.33646e-15 -1.16823e-15)
(-2.33646e-15 0 5.84116e-16)
(0 1.16823e-15 0)
(0 0 0)
(0 0 5.84116e-16)
(0 0 0)
(-1.16823e-15 0 0)
(1.16823e-15 0 0)
(-0.0243973 -0.0198858 -4.14447e-09)
(-0.0067288 -0.00717744 -1.26003e-09)
(-0.00207504 -0.00260333 1.73501e-10)
(-0.000686745 -0.000933846 5.4359e-10)
(-0.000234459 -0.000328219 4.34385e-10)
(-8.034e-05 -0.00011247 2.48675e-10)
(-2.71924e-05 -3.74852e-05 1.18874e-10)
(-9.01472e-06 -1.21416e-05 5.0123e-11)
(-2.91525e-06 -3.82206e-06 1.91502e-11)
(-9.18084e-07 -1.16993e-06 6.71091e-12)
(-2.81449e-07 -3.48513e-07 2.16473e-12)
(-8.40141e-08 -1.01132e-07 6.39023e-13)
(-2.4436e-08 -2.86159e-08 1.69978e-13)
(-6.93109e-09 -7.90373e-09 4.0304e-14)
(-1.91899e-09 -2.13307e-09 7.59351e-15)
(-5.19124e-10 -5.63067e-10 -1.16823e-15)
(-1.37346e-10 -1.45516e-10 -5.84116e-16)
(-3.55738e-11 -3.68519e-11 -1.16823e-15)
(-9.0281e-12 -9.15193e-12 -5.84116e-16)
(-2.24417e-12 -2.22782e-12 0)
(-5.46733e-13 -5.36219e-13 1.16823e-15)
(-1.34347e-13 -1.27337e-13 -1.16823e-15)
(-3.0374e-14 -2.92058e-14 0)
(-5.84116e-15 -8.17763e-15 0)
(-2.33646e-15 -2.33646e-15 1.16823e-15)
(2.33646e-15 0 0)
(0 0 0)
(-2.33646e-15 0 0)
(0 0 5.84116e-16)
(-1.16823e-15 0 5.84116e-16)
(0 0 -5.84116e-16)
(1.16823e-15 3.5047e-15 0)
(-0.024396 0.0198808 4.48507e-08)
(-0.00672756 0.00717388 6.9453e-08)
(-0.00207401 0.00260126 5.16996e-08)
(-0.000686105 0.000932798 2.8806e-08)
(-0.000234129 0.000327739 1.37172e-08)
(-8.01881e-05 0.000112266 5.89571e-09)
(-2.7128e-05 3.74038e-05 2.34822e-09)
(-8.98913e-06 1.21107e-05 8.78511e-10)
(-2.9056e-06 3.81093e-06 3.11352e-10)
(-9.14616e-07 1.16608e-06 1.04945e-10)
(-2.80254e-07 3.47234e-07 3.37701e-11)
(-8.36183e-08 1.00722e-07 1.03739e-11)
(-2.43096e-08 2.84895e-08 3.045e-12)
(-6.89211e-09 7.86594e-09 8.52225e-13)
(-1.90737e-09 2.12213e-09 2.27805e-13)
(-5.15762e-10 5.59987e-10 5.72434e-14)
(-1.36402e-10 1.44673e-10 1.46029e-14)
(-3.53145e-11 3.66229e-11 0)
(-8.95917e-12 9.09352e-12 0)
(-2.22782e-12 2.2173e-12 -5.84116e-16)
(-5.45564e-13 5.26873e-13 0)
(-1.30842e-13 1.1916e-13 -1.16823e-15)
(-3.15423e-14 2.33646e-14 -1.75235e-15)
(-5.84116e-15 0 0)
(0 0 0)
(1.16823e-15 0 -5.84116e-16)
(0 -1.16823e-15 0)
(0 0 0)
(0 0 0)
(0 0 5.84116e-16)
(-1.16823e-15 0 5.84116e-16)
(1.16823e-15 0 5.84116e-16)
(-0.0251772 0.00652377 2.76596e-07)
(-0.0105519 0.00356096 2.30084e-07)
(-0.00416708 0.00157759 1.41178e-07)
(-0.00158742 0.000632659 7.26672e-08)
(-0.000586404 0.000237845 3.3309e-08)
(-0.000210148 8.50814e-05 1.40132e-08)
(-7.30269e-05 2.91817e-05 5.50242e-09)
(-2.46037e-05 9.64098e-06 2.03603e-09)
(-8.03906e-06 3.07785e-06 7.14338e-10)
(-2.54908e-06 9.518e-07 2.38464e-10)
(-7.85107e-07 2.85684e-07 7.5924e-11)
(-2.35126e-07 8.33716e-08 2.30621e-11)
(-6.85469e-08 2.36926e-08 6.67995e-12)
(-1.94753e-08 6.5656e-09 1.83821e-12)
(-5.39859e-09 1.77646e-09 4.78391e-13)
(-1.46169e-09 4.69866e-10 1.16823e-13)
(-3.86963e-10 1.21615e-10 2.74535e-14)
(-1.00265e-10 3.08355e-11 4.67293e-15)
(-2.54499e-11 7.66594e-12 1.75235e-15)
(-6.33649e-12 1.87151e-12 -1.75235e-15)
(-1.55258e-12 4.48601e-13 0)
(-3.73834e-13 1.02804e-13 -5.84116e-16)
(-8.52809e-14 2.33646e-14 -1.75235e-15)
(-1.75235e-14 4.67293e-15 -2.92058e-15)
(-2.33646e-15 0 0)
(0 0 0)
(0 0 -1.16823e-15)
(0 0 0)
(0 -1.16823e-15 5.84116e-16)
(0 0 0)
(0 0 0)
(0 0 0)
(-0.0254025 0.00216547 2.83771e-07)
(-0.0116737 0.00143476 2.30804e-07)
(-0.00500231 0.000733322 1.47111e-07)
(-0.00202585 0.000324667 7.98002e-08)
(-0.000781707 0.000130753 3.85004e-08)
(-0.000288852 4.91019e-05 1.69619e-08)
(-0.000102568 1.74393e-05 6.92909e-09)
(-3.50929e-05 5.91027e-06 2.65404e-09)
(-1.15948e-05 1.92285e-06 9.59313e-10)
(-3.70678e-06 6.03161e-07 3.29078e-10)
(-1.14868e-06 1.83023e-07 1.07414e-10)
(-3.45609e-07 5.38645e-08 3.34558e-11)
(-1.01116e-07 1.54089e-08 9.93932e-12)
(-2.88082e-08 4.29249e-09 2.81953e-12)
(-8.0031e-09 1.16631e-09 7.61687e-13)
(-2.17061e-09 3.09525e-10 1.93927e-13)
(-5.75433e-10 8.03358e-11 4.67293e-14)
(-1.49264e-10 2.04149e-11 1.05141e-14)
(-3.79208e-11 5.08415e-12 1.75235e-15)
(-9.44399e-12 1.24066e-12 0)
(-2.31427e-12 2.97899e-13 0)
(-5.56079e-13 7.12622e-14 0)
(-1.33178e-13 1.5187e-14 -5.84116e-16)
(-2.57011e-14 4.67293e-15 -1.75235e-15)
(-4.67293e-15 2.33646e-15 -1.16823e-15)
(0 2.33646e-15 -2.92058e-15)
(2.33646e-15 0 0)
(-3.5047e-15 2.33646e-15 0)
(0 0 5.84116e-16)
(1.16823e-15 0 5.84116e-16)
(0 0 5.84116e-16)
(0 0 -5.84116e-16)
(-0.0254645 0.000514659 2.4364e-07)
(-0.0119841 0.000370652 2.11541e-07)
(-0.00527717 0.000204395 1.42774e-07)
(-0.00218998 9.58815e-05 8.10559e-08)
(-0.000861969 4.02992e-05 4.05545e-08)
(-0.000323462 1.56175e-05 1.83858e-08)
(-0.000116219 5.67802e-06 7.6913e-09)
(-4.01202e-05 1.9584e-06 3.00465e-09)
(-1.33462e-05 6.45719e-07 1.1055e-09)
(-4.28891e-06 2.04647e-07 3.8538e-10)
(-1.3344e-06 6.25995e-08 1.27837e-10)
(-4.0274e-07 1.85411e-08 4.04717e-11)
(-1.18119e-07 5.33113e-09 1.22489e-11)
(-3.37178e-08 1.49125e-09 3.54558e-12)
(-9.38155e-09 4.06554e-10 9.83067e-13)
(-2.54766e-09 1.08195e-10 2.59348e-13)
(-6.76072e-10 2.81474e-11 6.48369e-14)
(-1.75516e-10 7.16827e-12 1.69394e-14)
(-4.46253e-11 1.78973e-12 3.5047e-15)
(-1.11227e-11 4.35751e-13 -5.84116e-16)
(-2.72198e-12 1.07477e-13 1.16823e-15)
(-6.5421e-13 3.0374e-14 -1.16823e-15)
(-1.55375e-13 9.34586e-15 0)
(-3.0374e-14 4.67293e-15 -1.16823e-15)
(-5.84116e-15 -2.33646e-15 0)
(-2.33646e-15 -2.33646e-15 0)
(0 2.33646e-15 5.84116e-16)
(0 0 1.16823e-15)
(-1.16823e-15 1.16823e-15 -5.84116e-16)
(1.16823e-15 0 -5.84116e-16)
(0 0 0)
(0 -1.16823e-15 0)
(-0.0254642 -0.00051397 3.09822e-07)
(-0.011984 -0.000370005 2.53453e-07)
(-0.00527708 -0.000203878 1.59106e-07)
(-0.00218995 -9.55418e-05 8.52242e-08)
(-0.000861971 -4.01093e-05 4.0793e-08)
(-0.000323473 -1.55241e-05 1.78951e-08)
(-0.000116228 -5.63636e-06 7.302e-09)
(-4.01252e-05 -1.94127e-06 2.79974e-09)
(-1.33485e-05 -6.39133e-07 1.01535e-09)
(-4.2899e-06 -2.02257e-07 3.5008e-10)
(-1.33479e-06 -6.1776e-08 1.15122e-10)
(-4.02878e-07 -1.827e-08 3.62059e-11)
(-1.18165e-07 -5.24549e-09 1.09002e-11)
(-3.37328e-08 -1.46523e-09 3.1443e-12)
(-9.38615e-09 -3.98927e-10 8.67412e-13)
(-2.54902e-09 -1.06033e-10 2.27805e-13)
(-6.76459e-10 -2.75504e-11 5.84116e-14)
(-1.75622e-10 -7.00589e-12 1.63553e-14)
(-4.46522e-11 -1.74651e-12 2.92058e-15)
(-1.11286e-11 -4.28741e-13 1.16823e-15)
(-2.71848e-12 -1.01636e-13 0)
(-6.56546e-13 -2.33646e-14 0)
(-1.56543e-13 -5.84116e-15 -5.84116e-16)
(-3.85517e-14 -2.33646e-15 -2.92058e-15)
(-7.00939e-15 -1.16823e-15 -1.75235e-15)
(3.5047e-15 0 0)
(2.33646e-15 0 0)
(-4.67293e-15 0 1.75235e-15)
(0 0 0)
(0 0 5.84116e-16)
(0 0 0)
(0 0 -5.84116e-16)
(-0.0254026 -0.0021624 3.05925e-07)
(-0.011674 -0.00143253 2.63986e-07)
(-0.00500271 -0.000732026 1.68957e-07)
(-0.00202622 -0.000324021 8.9714e-08)
(-0.000781951 -0.000130463 4.22048e-08)
(-0.000288989 -4.8981e-05 1.81986e-08)
(-0.000102636 -1.73918e-05 7.32598e-09)
(-3.5123e-05 -5.89254e-06 2.78305e-09)
(-1.16071e-05 -1.91653e-06 1.00448e-09)
(-3.71155e-06 -6.00994e-07 3.4604e-10)
(-1.15042e-06 -1.82308e-07 1.14153e-10)
(-3.4621e-07 -5.36369e-08 3.61445e-11)
(-1.01314e-07 -1.53388e-08 1.10012e-11)
(-2.88713e-08 -4.27159e-09 3.22315e-12)
(-8.02235e-09 -1.16027e-09 9.07132e-13)
(-2.17628e-09 -3.07832e-10 2.46497e-13)
(-5.77046e-10 -7.9872e-11 6.5421e-14)
(-1.49711e-10 -2.02934e-11 1.69394e-14)
(-3.80458e-11 -5.05494e-12 2.92058e-15)
(-9.47787e-12 -1.23599e-12 5.84116e-16)
(-2.31777e-12 -3.00236e-13 -5.84116e-16)
(-5.59583e-13 -7.35986e-14 -1.16823e-15)
(-1.29674e-13 -1.5187e-14 0)
(-2.92058e-14 -3.5047e-15 -1.16823e-15)
(-5.84116e-15 1.16823e-15 -5.84116e-16)
(0 0 0)
(2.33646e-15 -2.33646e-15 0)
(0 0 1.16823e-15)
(-2.33646e-15 0 -5.84116e-16)
(0 2.33646e-15 1.16823e-15)
(0 0 0)
(0 1.16823e-15 0)
(-0.0251783 -0.00652254 9.69951e-08)
(-0.0105536 -0.00356027 7.22195e-08)
(-0.00416857 -0.00157731 4.41877e-08)
(-0.00158839 -0.000632582 2.38895e-08)
(-0.000586931 -0.000237837 1.16249e-08)
(-0.000210402 -8.50878e-05 5.17193e-09)
(-7.31391e-05 -2.91876e-05 2.13259e-09)
(-2.46499e-05 -9.6443e-06 8.23217e-10)
(-8.05699e-06 -3.07937e-06 2.99718e-10)
(-2.55568e-06 -9.52416e-07 1.03442e-10)
(-7.8743e-07 -2.85913e-07 3.39617e-11)
(-2.35909e-07 -8.34517e-08 1.06251e-11)
(-6.88002e-08 -2.3719e-08 3.17058e-12)
(-1.95543e-08 -6.57393e-09 9.03043e-13)
(-5.42239e-09 -1.77898e-09 2.41824e-13)
(-1.46862e-09 -4.70595e-10 6.19163e-14)
(-3.8892e-10 -1.21823e-10 1.57711e-14)
(-1.00804e-10 -3.08916e-11 2.92058e-15)
(-2.55983e-11 -7.68229e-12 1.16823e-15)
(-6.37154e-12 -1.87384e-12 1.16823e-15)
(-1.55609e-12 -4.49769e-13 -5.84116e-16)
(-3.71498e-13 -1.03973e-13 -5.84116e-16)
(-8.76174e-14 -2.10282e-14 0)
(-1.86917e-14 -3.5047e-15 -5.84116e-16)
(-4.67293e-15 0 0)
(-1.16823e-15 0 0)
(0 0 5.84116e-16)
(1.16823e-15 -2.33646e-15 0)
(0 0 -5.84116e-16)
(0 0 1.16823e-15)
(0 0 0)
(0 0 1.75235e-15)
(-0.0243972 -0.0198857 -8.04062e-08)
(-0.00672877 -0.00717746 -3.89464e-08)
(-0.00207502 -0.00260335 -1.76249e-08)
(-0.000686738 -0.000933861 -7.07932e-09)
(-0.000234457 -0.000328228 -2.56877e-09)
(-8.03394e-05 -0.000112474 -8.61221e-10)
(-2.71923e-05 -3.7487e-05 -2.71727e-10)
(-9.01473e-06 -1.21423e-05 -8.21291e-11)
(-2.91526e-06 -3.82232e-06 -2.42367e-11)
(-9.18093e-07 -1.17002e-06 -7.1525e-12)
(-2.81452e-07 -3.48543e-07 -2.16473e-12)
(-8.40155e-08 -1.01141e-07 -6.85168e-13)
(-2.44364e-08 -2.86188e-08 -2.28389e-13)
(-6.9312e-09 -7.90453e-09 -7.82716e-14)
(-1.91902e-09 -2.13327e-09 -2.74535e-14)
(-5.19126e-10 -5.63112e-10 -1.05141e-14)
(-1.37343e-10 -1.45526e-10 -4.08881e-15)
(-3.55715e-11 -3.68507e-11 -5.84116e-16)
(-9.02693e-12 -9.14959e-12 0)
(-2.24534e-12 -2.22665e-12 1.16823e-15)
(-5.49069e-13 -5.30377e-13 -2.33646e-15)
(-1.29674e-13 -1.22664e-13 0)
(-3.15423e-14 -2.92058e-14 0)
(-9.34586e-15 -4.67293e-15 0)
(0 0 -1.16823e-15)
(2.33646e-15 0 0)
(0 0 -1.16823e-15)
(-2.33646e-15 0 0)
(0 0 0)
(2.33646e-15 -2.33646e-15 1.16823e-15)
(-3.5047e-15 0 5.84116e-16)
(1.16823e-15 0 0)
(-0.0243959 0.0198814 4.8245e-08)
(-0.00672756 0.00717442 6.63711e-08)
(-0.00207409 0.0026016 4.85288e-08)
(-0.000686177 0.000932975 2.67171e-08)
(-0.000234171 0.00032782 1.25966e-08)
(-8.0209e-05 0.0001123 5.37864e-09)
(-2.71372e-05 3.74171e-05 2.13404e-09)
(-8.99283e-06 1.21157e-05 7.98308e-10)
(-2.90701e-06 3.81265e-06 2.8368e-10)
(-9.15121e-07 1.16666e-06 9.62635e-11)
(-2.80427e-07 3.4742e-07 3.12829e-11)
(-8.3675e-08 1.0078e-07 9.75766e-12)
(-2.43274e-08 2.85064e-08 2.92292e-12)
(-6.89749e-09 7.87073e-09 8.42295e-13)
(-1.90893e-09 2.12342e-09 2.31894e-13)
(-5.16194e-10 5.60325e-10 6.25004e-14)
(-1.36517e-10 1.44757e-10 1.63553e-14)
(-3.53449e-11 3.66439e-11 4.67293e-15)
(-8.96501e-12 9.09586e-12 0)
(-2.22899e-12 2.21497e-12 1.75235e-15)
(-5.46733e-13 5.28041e-13 0)
(-1.34347e-13 1.1916e-13 0)
(-3.0374e-14 2.10282e-14 0)
(-3.5047e-15 -3.5047e-15 0)
(0 -3.5047e-15 1.16823e-15)
(0 -1.16823e-15 5.84116e-16)
(0 0 0)
(0 -1.16823e-15 0)
(0 -1.16823e-15 0)
(0 0 0)
(0 -3.5047e-15 0)
(0 -1.16823e-15 0)
(-0.0251771 0.00652419 2.54767e-07)
(-0.0105522 0.00356124 2.03109e-07)
(-0.00416736 0.00157775 1.21554e-07)
(-0.0015876 0.000632741 6.1459e-08)
(-0.000586504 0.000237884 2.77903e-08)
(-0.000210194 8.50987e-05 1.15653e-08)
(-7.30467e-05 2.91888e-05 4.50451e-09)
(-2.46116e-05 9.64374e-06 1.65724e-09)
(-8.04198e-06 3.07886e-06 5.79681e-10)
(-2.55011e-06 9.52148e-07 1.9345e-10)
(-7.85456e-07 2.85798e-07 6.17755e-11)
(-2.35239e-07 8.34078e-08 1.88932e-11)
(-6.85816e-08 2.37035e-08 5.53859e-12)
(-1.94855e-08 6.56875e-09 1.55258e-12)
(-5.40148e-09 1.77734e-09 4.16475e-13)
(-1.46247e-09 4.70098e-10 1.06309e-13)
(-3.8716e-10 1.21675e-10 2.68693e-14)
(-1.00316e-10 3.08483e-11 7.59351e-15)
(-2.54663e-11 7.67178e-12 1.16823e-15)
(-6.33766e-12 1.87034e-12 -1.16823e-15)
(-1.54791e-12 4.47433e-13 1.16823e-15)
(-3.76171e-13 1.07477e-13 5.84116e-16)
(-8.99539e-14 2.57011e-14 0)
(-2.10282e-14 3.5047e-15 -5.84116e-16)
(2.33646e-15 0 -1.16823e-15)
(2.33646e-15 -4.67293e-15 0)
(0 0 0)
(0 0 0)
(0 0 0)
(0 -1.16823e-15 1.16823e-15)
(-2.33646e-15 2.33646e-15 -5.84116e-16)
(2.33646e-15 -2.33646e-15 0)
(-0.0254026 0.00216541 2.59192e-07)
(-0.011674 0.00143472 2.01965e-07)
(-0.00500258 0.00073332 1.25794e-07)
(-0.00202604 0.000324679 6.72455e-08)
(-0.000781813 0.000130765 3.21021e-08)
(-0.000288905 4.91088e-05 1.40392e-08)
(-0.000102592 1.74428e-05 5.70482e-09)
(-3.51028e-05 5.9118e-06 2.17914e-09)
(-1.15986e-05 1.92348e-06 7.87023e-10)
(-3.70818e-06 6.03396e-07 2.70533e-10)
(-1.14917e-06 1.83106e-07 8.87039e-11)
(-3.4577e-07 5.38925e-08 2.78582e-11)
(-1.01166e-07 1.54179e-08 8.37973e-12)
(-2.88236e-08 4.29528e-09 2.41999e-12)
(-8.00758e-09 1.16714e-09 6.70565e-13)
(-2.17186e-09 3.09765e-10 1.78155e-13)
(-5.75766e-10 8.04001e-11 4.67293e-14)
(-1.49349e-10 2.04347e-11 1.16823e-14)
(-3.79442e-11 5.08648e-12 4.08881e-15)
(-9.451e-12 1.243e-12 0)
(-2.31076e-12 3.01404e-13 0)
(-5.5491e-13 7.00939e-14 1.75235e-15)
(-1.34347e-13 1.86917e-14 5.84116e-16)
(-3.0374e-14 8.17763e-15 0)
(-8.17763e-15 3.5047e-15 0)
(0 2.33646e-15 -1.16823e-15)
(2.33646e-15 0 -5.84116e-16)
(2.33646e-15 0 0)
(0 -2.33646e-15 0)
(0 -4.67293e-15 0)
(0 -2.33646e-15 0)
(0 2.33646e-15 0)
(-0.0254645 0.000514726 2.2214e-07)
(-0.0119843 0.000370707 1.84024e-07)
(-0.00527741 0.000204422 1.21048e-07)
(-0.00219016 9.58925e-05 6.75574e-08)
(-0.000862074 4.03031e-05 3.33935e-08)
(-0.000323516 1.56189e-05 1.50025e-08)
(-0.000116244 5.67846e-06 6.23635e-09)
(-4.01309e-05 1.95854e-06 2.42605e-09)
(-1.33504e-05 6.45763e-07 8.91003e-10)
(-4.29048e-06 2.04661e-07 3.10708e-10)
(-1.33496e-06 6.26046e-08 1.03377e-10)
(-4.02927e-07 1.85429e-08 3.29144e-11)
(-1.18179e-07 5.33178e-09 1.00538e-11)
(-3.37363e-08 1.49148e-09 2.95037e-12)
(-9.387e-09 4.0663e-10 8.33534e-13)
(-2.54921e-09 1.08219e-10 2.27221e-13)
(-6.76495e-10 2.81544e-11 5.95798e-14)
(-1.75629e-10 7.16944e-12 1.5187e-14)
(-4.46533e-11 1.78856e-12 2.92058e-15)
(-1.11262e-11 4.36919e-13 5.84116e-16)
(-2.72198e-12 1.00468e-13 5.84116e-16)
(-6.55378e-13 2.33646e-14 1.16823e-15)
(-1.54207e-13 3.5047e-15 2.33646e-15)
(-3.5047e-14 1.16823e-15 0)
(-5.84116e-15 -1.16823e-15 1.16823e-15)
(-1.16823e-15 2.33646e-15 -1.16823e-15)
(0 0 0)
(0 1.16823e-15 -1.16823e-15)
(-4.67293e-15 2.33646e-15 0)
(0 2.33646e-15 -2.33646e-15)
(2.33646e-15 -2.33646e-15 -1.16823e-15)
(2.33646e-15 0 1.16823e-15)
(-0.0254642 -0.000513883 2.92904e-07)
(-0.0119843 -0.000369925 2.29448e-07)
(-0.0052774 -0.000203837 1.39395e-07)
(-0.00219016 -9.55278e-05 7.27417e-08)
(-0.000862087 -4.01067e-05 3.40931e-08)
(-0.000323529 -1.55244e-05 1.47056e-08)
(-0.000116252 -5.63698e-06 5.92173e-09)
(-4.01355e-05 -1.94164e-06 2.24774e-09)
(-1.33525e-05 -6.39303e-07 8.09441e-10)
(-4.29134e-06 -2.02324e-07 2.77907e-10)
(-1.33529e-06 -6.17995e-08 9.12769e-11)
(-4.03043e-07 -1.82775e-08 2.87601e-11)
(-1.18218e-07 -5.24775e-09 8.70625e-12)
(-3.37488e-08 -1.46585e-09 2.53682e-12)
(-9.39084e-09 -3.99083e-10 7.09701e-13)
(-2.55034e-09 -1.06071e-10 1.90422e-13)
(-6.76811e-10 -2.75563e-11 4.96499e-14)
(-1.75716e-10 -7.00706e-12 1.34347e-14)
(-4.46814e-11 -1.74768e-12 2.33646e-15)
(-1.11356e-11 -4.28741e-13 0)
(-2.72432e-12 -1.05141e-13 -2.92058e-15)
(-6.50705e-13 -2.33646e-14 -1.75235e-15)
(-1.54207e-13 -3.5047e-15 -1.16823e-15)
(-3.85517e-14 2.33646e-15 -1.16823e-15)
(-5.84116e-15 -2.33646e-15 0)
(2.33646e-15 -2.33646e-15 0)
(0 -2.33646e-15 -1.75235e-15)
(0 -1.16823e-15 0)
(0 0 0)
(-2.33646e-15 3.5047e-15 0)
(0 0 -1.16823e-15)
(2.33646e-15 -2.33646e-15 5.84116e-16)
(-0.0254028 -0.00216282 2.65616e-07)
(-0.0116742 -0.00143288 2.24259e-07)
(-0.00500301 -0.000732246 1.41963e-07)
(-0.00202643 -0.000324137 7.45551e-08)
(-0.000782071 -0.000130517 3.47059e-08)
(-0.000289046 -4.90042e-05 1.48298e-08)
(-0.000102661 -1.74011e-05 5.92649e-09)
(-3.51332e-05 -5.89607e-06 2.23978e-09)
(-1.16111e-05 -1.9178e-06 8.05903e-10)
(-3.71298e-06 -6.01431e-07 2.774e-10)
(-1.15091e-06 -1.82451e-07 9.16379e-11)
(-3.46375e-07 -5.36823e-08 2.91305e-11)
(-1.01367e-07 -1.53526e-08 8.92705e-12)
(-2.88876e-08 -4.27564e-09 2.64137e-12)
(-8.02722e-09 -1.16141e-09 7.55262e-13)
(-2.17768e-09 -3.0814e-10 2.08529e-13)
(-5.77433e-10 -7.99538e-11 5.60751e-14)
(-1.49821e-10 -2.03109e-11 1.57711e-14)
(-3.80739e-11 -5.05728e-12 2.92058e-15)
(-9.48605e-12 -1.23482e-12 1.16823e-15)
(-2.31544e-12 -2.92058e-13 -1.16823e-15)
(-5.5491e-13 -6.89257e-14 1.16823e-15)
(-1.30842e-13 -1.40188e-14 1.16823e-15)
(-3.15423e-14 -2.33646e-15 1.16823e-15)
(-8.17763e-15 2.33646e-15 0)
(2.33646e-15 0 -5.84116e-16)
(0 2.33646e-15 0)
(-2.33646e-15 0 -1.16823e-15)
(2.33646e-15 -4.67293e-15 0)
(0 -1.16823e-15 0)
(-2.33646e-15 4.67293e-15 -5.84116e-16)
(2.33646e-15 0 0)
(-0.0251783 -0.0065232 8.66946e-08)
(-0.0105537 -0.00356078 5.3617e-08)
(-0.00416865 -0.00157763 2.92595e-08)
(-0.00158843 -0.000632743 1.4953e-08)
(-0.000586954 -0.000237911 7.08083e-09)
(-0.000210413 -8.5119e-05 3.09788e-09)
(-7.31443e-05 -2.92e-05 1.26252e-09)
(-2.46521e-05 -9.64896e-06 4.82416e-10)
(-8.05784e-06 -3.08104e-06 1.74197e-10)
(-2.55599e-06 -9.52989e-07 5.96692e-11)
(-7.87537e-07 -2.86102e-07 1.94791e-11)
(-2.35944e-07 -8.35118e-08 6.06663e-12)
(-6.88113e-08 -2.37375e-08 1.80667e-12)
(-1.95576e-08 -6.57939e-09 5.14022e-13)
(-5.42335e-09 -1.78055e-09 1.40188e-13)
(-1.46888e-09 -4.71029e-10 3.56311e-14)
(-3.88984e-10 -1.21939e-10 9.34586e-15)
(-1.0082e-10 -3.09231e-11 3.5047e-15)
(-2.56006e-11 -7.68463e-12 2.33646e-15)
(-6.37621e-12 -1.87151e-12 1.75235e-15)
(-1.55609e-12 -4.49769e-13 5.84116e-16)
(-3.72666e-13 -1.02804e-13 5.84116e-16)
(-8.76174e-14 -2.45329e-14 1.16823e-15)
(-2.10282e-14 -3.5047e-15 0)
(-5.84116e-15 1.16823e-15 1.16823e-15)
(0 2.33646e-15 0)
(0 0 0)
(-2.33646e-15 0 0)
(0 2.33646e-15 -1.16823e-15)
(2.33646e-15 0 -1.16823e-15)
(0 0 0)
(0 2.33646e-15 -5.84116e-16)
(-0.024397 -0.0198858 -6.18117e-08)
(-0.00672867 -0.0071775 -3.01899e-08)
(-0.00207497 -0.00260338 -1.41078e-08)
(-0.000686715 -0.000933879 -5.92992e-09)
(-0.000234447 -0.000328238 -2.2776e-09)
(-8.03354e-05 -0.000112478 -8.16802e-10)
(-2.71908e-05 -3.7489e-05 -2.78728e-10)
(-9.01423e-06 -1.21431e-05 -9.1708e-11)
(-2.9151e-06 -3.82261e-06 -2.94494e-11)
(-9.1804e-07 -1.17012e-06 -9.31023e-12)
(-2.81436e-07 -3.48576e-07 -2.92233e-12)
(-8.40103e-08 -1.01151e-07 -9.15894e-13)
(-2.44348e-08 -2.86218e-08 -2.88553e-13)
(-6.93069e-09 -7.90537e-09 -9.11221e-14)
(-1.91886e-09 -2.13349e-09 -2.97899e-14)
(-5.19072e-10 -5.63167e-10 -8.76174e-15)
(-1.37328e-10 -1.45538e-10 -2.92058e-15)
(-3.55657e-11 -3.68566e-11 -1.16823e-15)
(-9.02459e-12 -9.15427e-12 0)
(-2.25002e-12 -2.23132e-12 0)
(-5.46733e-13 -5.30377e-13 -1.75235e-15)
(-1.28506e-13 -1.26169e-13 1.16823e-15)
(-3.0374e-14 -2.80376e-14 -5.84116e-16)
(-5.84116e-15 -7.00939e-15 1.16823e-15)
(-2.33646e-15 -1.16823e-15 1.16823e-15)
(-1.16823e-15 0 0)
(-2.33646e-15 0 -5.84116e-16)
(2.33646e-15 0 -1.16823e-15)
(0 2.33646e-15 0)
(1.16823e-15 0 0)
(-1.16823e-15 0 0)
(0 0 1.16823e-15)
(-0.652906 -4.5454e-06 -8.73619e-09)
(-0.591671 -1.90061e-05 -1.65153e-08)
(-0.486916 -5.62573e-05 -1.99795e-08)
(-0.365434 -0.000160549 -2.13645e-08)
(-0.251973 -0.000450212 -1.84103e-08)
(-0.162313 -0.00123916 -5.47702e-09)
(-0.103226 -0.00336163 1.89243e-08)
(-0.0793212 -0.00910085 7.25617e-09)
(-0.652917 -4.55325e-06 -8.63263e-09)
(-0.591694 -1.71545e-05 -1.58991e-08)
(-0.486977 -4.45925e-05 -1.8144e-08)
(-0.365594 -0.000113666 -1.71622e-08)
(-0.252366 -0.000284846 -1.11605e-08)
(-0.163149 -0.000671385 -2.00668e-09)
(-0.104358 -0.00138305 -1.66683e-09)
(-0.0767044 -0.00195693 -8.77572e-10)
(-0.652928 -6.07754e-06 -8.96574e-09)
(-0.591711 -1.90556e-05 -1.70543e-08)
(-0.487012 -3.71471e-05 -2.02633e-08)
(-0.365674 -7.21663e-05 -2.08226e-08)
(-0.252531 -0.000147093 -1.76617e-08)
(-0.163411 -0.000288819 -1.10195e-08)
(-0.104511 -0.000473335 -6.27204e-09)
(-0.0759812 -0.000445594 -2.48664e-09)
(-0.652942 -1.27017e-05 -9.83692e-09)
(-0.591725 -3.48454e-05 -1.82207e-08)
(-0.48703 -5.01398e-05 -2.10435e-08)
(-0.365704 -6.09524e-05 -2.10289e-08)
(-0.252582 -7.5107e-05 -1.77664e-08)
(-0.163476 -9.97152e-05 -1.25709e-08)
(-0.104515 -0.000123783 -8.52842e-09)
(-0.0757855 -8.7688e-05 -3.69321e-09)
(-0.652975 -3.29938e-05 -1.06051e-08)
(-0.591748 -8.71099e-05 -2.14587e-08)
(-0.487039 -0.000112129 -2.57261e-08)
(-0.365699 -0.000102846 -2.59602e-08)
(-0.25257 -6.27348e-05 -2.17262e-08)
(-0.16346 1.85169e-07 -1.42496e-08)
(-0.104499 6.42347e-05 -3.91995e-09)
(-0.0757697 6.72433e-05 4.95562e-09)
(-0.653062 -8.88141e-05 -1.49807e-08)
(-0.591805 -0.000232518 -2.72705e-08)
(-0.487046 -0.000293642 -2.97661e-08)
(-0.365654 -0.000256935 -2.62963e-08)
(-0.252479 -0.000126052 -1.74557e-08)
(-0.163349 9.29286e-05 -3.52926e-09)
(-0.104448 0.000354872 6.91736e-09)
(-0.075917 0.000402033 -5.74714e-09)
(-0.653297 -0.000234285 -1.64868e-08)
(-0.591953 -0.000610836 -3.67669e-08)
(-0.487063 -0.000769278 -4.40677e-08)
(-0.365532 -0.00068189 -4.19438e-08)
(-0.25222 -0.000363687 -3.33467e-08)
(-0.162979 0.000211971 -2.4054e-08)
(-0.10419 0.00110054 -2.14936e-08)
(-0.0765266 0.001836 6.43825e-09)
(-0.653908 -0.000599854 -3.20376e-08)
(-0.59234 -0.0015521 -5.62117e-08)
(-0.487117 -0.00194427 -5.73167e-08)
(-0.365249 -0.00175524 -4.75357e-08)
(-0.251585 -0.00107939 -3.37284e-08)
(-0.161884 0.000172766 -1.50128e-08)
(-0.102824 0.00269387 1.6e-08)
(-0.0788535 0.0087169 5.35627e-09)
(-0.652906 -4.54546e-06 -7.2404e-10)
(-0.591671 -1.90057e-05 -1.11112e-08)
(-0.486916 -5.62547e-05 -3.88199e-08)
(-0.365434 -0.000160542 -7.28467e-08)
(-0.251973 -0.0004502 -9.45084e-08)
(-0.162313 -0.00123915 -8.82864e-08)
(-0.103226 -0.00336165 -5.15202e-08)
(-0.0793212 -0.00910091 -3.31329e-08)
(-0.652917 -4.55371e-06 -2.45839e-10)
(-0.591694 -1.71556e-05 -9.50703e-09)
(-0.486977 -4.4593e-05 -3.61047e-08)
(-0.365594 -0.000113665 -6.89752e-08)
(-0.252366 -0.000284844 -9.03576e-08)
(-0.163149 -0.000671396 -9.16502e-08)
(-0.104358 -0.0013831 -7.76246e-08)
(-0.0767044 -0.00195695 -3.12742e-08)
(-0.652928 -6.07994e-06 5.98816e-10)
(-0.591711 -1.90602e-05 -7.52378e-09)
(-0.487012 -3.71529e-05 -3.37117e-08)
(-0.365674 -7.2174e-05 -6.73235e-08)
(-0.252531 -0.000147106 -9.09362e-08)
(-0.163411 -0.000288841 -9.3451e-08)
(-0.104511 -0.000473348 -7.4545e-08)
(-0.0759812 -0.0004456 -3.08485e-08)
(-0.652942 -1.2705e-05 2.18939e-09)
(-0.591725 -3.48542e-05 -1.69599e-09)
(-0.48703 -5.01508e-05 -2.46546e-08)
(-0.365704 -6.09627e-05 -5.6831e-08)
(-0.252582 -7.51151e-05 -8.09627e-08)
(-0.163476 -9.97217e-05 -8.61079e-08)
(-0.104515 -0.000123779 -6.87434e-08)
(-0.0757855 -8.76731e-05 -2.77039e-08)
(-0.652975 -3.30041e-05 6.772e-09)
(-0.591748 -8.7128e-05 9.16145e-09)
(-0.487039 -0.000112147 -9.97008e-09)
(-0.365699 -0.000102857 -4.11846e-08)
(-0.25257 -6.27342e-05 -6.64747e-08)
(-0.16346 2.03252e-07 -7.34214e-08)
(-0.104499 6.42656e-05 -5.43214e-08)
(-0.0757697 6.72392e-05 -1.50767e-08)
(-0.653062 -8.88259e-05 1.27463e-08)
(-0.591805 -0.000232549 3.28572e-08)
(-0.487046 -0.000293679 2.72145e-08)
(-0.365654 -0.000256967 2.27129e-09)
(-0.252479 -0.000126075 -2.40805e-08)
(-0.163349 9.2909e-05 -3.53836e-08)
(-0.104448 0.000354837 -3.1091e-08)
(-0.075917 0.000402036 -2.67605e-08)
(-0.653297 -0.000234319 3.10985e-08)
(-0.591953 -0.000610894 7.4682e-08)
(-0.487063 -0.000769333 8.24701e-08)
(-0.365532 -0.000681932 5.91963e-08)
(-0.25222 -0.00036372 2.34508e-08)
(-0.162979 0.000211948 -8.79172e-09)
(-0.10419 0.00110056 -2.87137e-08)
(-0.0765266 0.00183602 4.95068e-09)
(-0.653908 -0.000599881 4.75596e-08)
(-0.59234 -0.00155216 1.48061e-07)
(-0.487117 -0.00194435 1.99545e-07)
(-0.365249 -0.00175531 1.93145e-07)
(-0.251585 -0.00107945 1.5008e-07)
(-0.161884 0.00017272 1.02609e-07)
(-0.102824 0.00269382 7.72017e-08)
(-0.0788535 0.00871673 1.88743e-08)
(-0.652906 -4.54419e-06 4.21835e-08)
(-0.591671 -1.90025e-05 4.8327e-08)
(-0.486916 -5.62512e-05 -2.12664e-08)
(-0.365434 -0.000160541 -1.20937e-07)
(-0.251973 -0.000450205 -2.07161e-07)
(-0.162313 -0.00123916 -2.66452e-07)
(-0.103226 -0.00336166 -3.0297e-07)
(-0.079321 -0.00910088 -1.33978e-07)
(-0.652917 -4.5506e-06 4.32208e-08)
(-0.591694 -1.71473e-05 4.99725e-08)
(-0.486977 -4.45823e-05 -2.27056e-08)
(-0.365594 -0.000113655 -1.31795e-07)
(-0.252366 -0.000284839 -2.33535e-07)
(-0.163149 -0.000671395 -2.92342e-07)
(-0.104358 -0.00138309 -2.56087e-07)
(-0.0767042 -0.00195693 -1.13401e-07)
(-0.652928 -6.07267e-06 4.75491e-08)
(-0.591711 -1.90399e-05 6.24411e-08)
(-0.487013 -3.71242e-05 -4.29768e-09)
(-0.365674 -7.2142e-05 -1.09414e-07)
(-0.252531 -0.000147074 -2.06522e-07)
(-0.163411 -0.000288808 -2.61329e-07)
(-0.104511 -0.000473317 -2.32102e-07)
(-0.075981 -0.000445587 -9.11946e-08)
(-0.652942 -1.26894e-05 5.76756e-08)
(-0.591725 -3.4812e-05 8.75576e-08)
(-0.48703 -5.00924e-05 2.97409e-08)
(-0.365704 -6.09001e-05 -7.21798e-08)
(-0.252582 -7.50581e-05 -1.68054e-07)
(-0.163476 -9.96752e-05 -2.16658e-07)
(-0.104515 -0.000123743 -1.86485e-07)
(-0.0757853 -8.76564e-05 -7.30686e-08)
(-0.652975 -3.29727e-05 7.66119e-08)
(-0.591748 -8.70408e-05 1.42266e-07)
(-0.487039 -0.000112026 1.0609e-07)
(-0.365699 -0.000102728 9.15153e-09)
(-0.25257 -6.2621e-05 -9.59995e-08)
(-0.16346 2.86618e-07 -1.63239e-07)
(-0.104499 6.431e-05 -1.65014e-07)
(-0.0757696 6.72452e-05 -8.5286e-08)
(-0.653062 -8.87654e-05 1.21013e-07)
(-0.591804 -0.000232387 2.49852e-07)
(-0.487046 -0.000293457 2.48232e-07)
(-0.365654 -0.000256734 1.52474e-07)
(-0.252479 -0.000125872 1.9658e-08)
(-0.163349 9.30578e-05 -1.00075e-07)
(-0.104448 0.000354924 -1.51489e-07)
(-0.0759168 0.000402073 -5.41191e-08)
(-0.653296 -0.000234215 1.88764e-07)
(-0.591953 -0.000610605 4.47225e-07)
(-0.487063 -0.000768934 5.2151e-07)
(-0.365532 -0.000681508 4.40675e-07)
(-0.25222 -0.000363339 2.76793e-07)
(-0.162979 0.000212247 1.1109e-07)
(-0.10419 0.00110076 2.26109e-08)
(-0.0765266 0.00183609 -4.02854e-08)
(-0.653907 -0.000599711 3.33575e-07)
(-0.592339 -0.00155171 7.90522e-07)
(-0.487117 -0.00194373 9.74484e-07)
(-0.365249 -0.00175467 9.13376e-07)
(-0.251586 -0.00107887 7.02196e-07)
(-0.161885 0.000173173 4.34898e-07)
(-0.102824 0.00269413 1.58125e-07)
(-0.0788537 0.0087169 4.21473e-08)
(-0.652906 -4.54164e-06 3.41714e-08)
(-0.591671 -1.89979e-05 4.29229e-08)
(-0.486916 -5.62539e-05 -2.42603e-09)
(-0.365434 -0.000160566 -6.94551e-08)
(-0.251973 -0.000450271 -1.31063e-07)
(-0.162313 -0.00123927 -1.83643e-07)
(-0.103226 -0.0033617 -2.32526e-07)
(-0.0793204 -0.00910072 -9.3589e-08)
(-0.652917 -4.54298e-06 3.4834e-08)
(-0.591694 -1.71273e-05 4.35805e-08)
(-0.486977 -4.45591e-05 -4.74489e-09)
(-0.365594 -0.000113642 -7.99823e-08)
(-0.252366 -0.000284843 -1.54338e-07)
(-0.163149 -0.000671386 -2.02698e-07)
(-0.104358 -0.00138296 -1.80129e-07)
(-0.0767037 -0.00195687 -8.30045e-08)
(-0.652927 -6.05103e-06 3.79846e-08)
(-0.591711 -1.8985e-05 5.29106e-08)
(-0.487013 -3.7048e-05 9.15075e-09)
(-0.365675 -7.20548e-05 -6.29136e-08)
(-0.252531 -0.000146976 -1.33247e-07)
(-0.163411 -0.000288689 -1.78898e-07)
(-0.104511 -0.000473209 -1.63829e-07)
(-0.0759805 -0.000445519 -6.28328e-08)
(-0.652942 -1.26469e-05 4.56492e-08)
(-0.591725 -3.46946e-05 7.10329e-08)
(-0.48703 -4.993e-05 3.3352e-08)
(-0.365704 -6.07256e-05 -3.63777e-08)
(-0.252583 -7.48941e-05 -1.04857e-07)
(-0.163476 -9.95255e-05 -1.43121e-07)
(-0.104515 -0.000123644 -1.2627e-07)
(-0.0757849 -8.76613e-05 -4.90579e-08)
(-0.652975 -3.28774e-05 5.92349e-08)
(-0.591748 -8.68034e-05 1.11646e-07)
(-0.487039 -0.00011171 9.0334e-08)
(-0.3657 -0.000102408 2.43759e-08)
(-0.25257 -6.23588e-05 -5.12511e-08)
(-0.16346 4.36417e-07 -1.04067e-07)
(-0.104499 6.43356e-05 -1.14613e-07)
(-0.0757692 6.72771e-05 -6.52536e-08)
(-0.653062 -8.86015e-05 9.32856e-08)
(-0.591804 -0.000231939 1.89724e-07)
(-0.487046 -0.000292848 1.91251e-07)
(-0.365655 -0.000256104 1.23907e-07)
(-0.25248 -0.000125329 2.62829e-08)
(-0.163349 9.34576e-05 -6.82211e-08)
(-0.104448 0.000355213 -1.13481e-07)
(-0.0759166 0.000402126 -3.31057e-08)
(-0.653295 -0.000233894 1.41178e-07)
(-0.591953 -0.000609812 3.35776e-07)
(-0.487063 -0.000767881 3.94972e-07)
(-0.365532 -0.00068041 3.39535e-07)
(-0.25222 -0.000362355 2.19995e-07)
(-0.162979 0.000213018 9.58275e-08)
(-0.104191 0.00110118 2.9831e-08)
(-0.0765266 0.00183621 -3.87979e-08)
(-0.653905 -0.000599257 2.53978e-07)
(-0.592338 -0.00155048 5.8625e-07)
(-0.487117 -0.00194207 7.17621e-07)
(-0.365249 -0.00175293 6.72696e-07)
(-0.251586 -0.00107731 5.18387e-07)
(-0.161885 0.000174422 3.17276e-07)
(-0.102825 0.00269504 9.69234e-08)
(-0.0788539 0.00871771 2.86292e-08)
(-0.655448 -0.00148984 -2.99059e-08)
(-0.593298 -0.0038023 -7.02942e-08)
(-0.487266 -0.00469749 -8.29114e-08)
(-0.364667 -0.00427143 -7.65735e-08)
(-0.250292 -0.00297329 -6.16216e-08)
(-0.159206 -0.000990165 -4.70927e-08)
(-0.0956462 0.00236909 -4.88847e-08)
(-0.0542956 0.00993508 -8.05717e-08)
(-0.6592 -0.00361038 -6.85127e-08)
(-0.595547 -0.00899309 -1.11748e-07)
(-0.487586 -0.0108198 -1.02695e-07)
(-0.363525 -0.00969773 -7.46781e-08)
(-0.248304 -0.00707012 -5.17311e-08)
(-0.156542 -0.00399924 -4.59274e-08)
(-0.0918989 -0.000739876 -5.36573e-08)
(-0.050243 0.00296862 -4.46227e-08)
(-0.668052 -0.00863374 -4.1478e-08)
(-0.600507 -0.0206216 -9.45071e-08)
(-0.487971 -0.0237841 -1.03318e-07)
(-0.360917 -0.0205904 -8.62326e-08)
(-0.244593 -0.0148516 -6.3252e-08)
(-0.152875 -0.00917086 -4.77187e-08)
(-0.0886783 -0.00457618 -4.13581e-08)
(-0.0478781 -0.00118679 -3.4542e-08)
(-0.688455 -0.0208045 -1.0442e-07)
(-0.610697 -0.0461222 -1.49335e-07)
(-0.487555 -0.0499283 -1.0951e-07)
(-0.354592 -0.0410247 -4.6606e-08)
(-0.236885 -0.0285033 9.4332e-10)
(-0.146267 -0.0174589 2.13819e-08)
(-0.0839148 -0.00951557 2.15557e-08)
(-0.044904 -0.00449005 1.63192e-08)
(-0.734979 -0.0522846 -1.5702e-08)
(-0.629631 -0.101279 -1.99222e-08)
(-0.482873 -0.0997818 3.08354e-09)
(-0.339492 -0.0763631 2.97379e-08)
(-0.221028 -0.0503303 4.36435e-08)
(-0.133888 -0.0297603 4.26635e-08)
(-0.0757094 -0.0160733 3.26847e-08)
(-0.0400808 -0.007968 2.14799e-08)
(-0.842019 -0.143814 -7.50132e-08)
(-0.658195 -0.218986 -6.75361e-08)
(-0.462638 -0.187809 7.81714e-09)
(-0.305141 -0.130965 7.98406e-08)
(-0.190282 -0.080941 1.15639e-07)
(-0.11201 -0.0457675 1.14268e-07)
(-0.0621225 -0.0240161 9.0981e-08)
(-0.0324506 -0.0117757 6.24959e-08)
(-1.09778 -0.453853 8.39822e-08)
(-0.673627 -0.459328 2.95134e-07)
(-0.394851 -0.323413 4.27364e-07)
(-0.232624 -0.201141 4.5329e-07)
(-0.13583 -0.115831 3.95801e-07)
(-0.0769628 -0.0625747 2.98674e-07)
(-0.0417177 -0.0318603 2.00068e-07)
(-0.0214793 -0.0153269 1.21172e-07)
(-1.7552 -1.67354 1.54634e-07)
(-0.527755 -0.860997 2.65052e-07)
(-0.204451 -0.472163 2.87074e-07)
(-0.0975587 -0.261694 2.55731e-07)
(-0.0517154 -0.14198 1.98366e-07)
(-0.0280386 -0.0741483 1.37353e-07)
(-0.0148747 -0.0369791 8.62055e-08)
(-0.0075704 -0.0175559 4.96252e-08)
(-0.655449 -0.00148991 1.02655e-07)
(-0.593298 -0.00380241 2.66275e-07)
(-0.487266 -0.00469758 3.50487e-07)
(-0.364667 -0.00427149 3.47291e-07)
(-0.250292 -0.00297333 2.83074e-07)
(-0.159206 -0.000990227 1.9453e-07)
(-0.0956463 0.00236895 9.87647e-08)
(-0.0542956 0.00993498 1.45023e-10)
(-0.6592 -0.00361041 1.26931e-07)
(-0.595547 -0.00899314 4.15567e-07)
(-0.487586 -0.0108198 5.9969e-07)
(-0.363524 -0.00969775 6.36496e-07)
(-0.248304 -0.00707012 5.53607e-07)
(-0.156542 -0.00399924 4.1054e-07)
(-0.0918989 -0.000739861 2.67067e-07)
(-0.0502429 0.00296871 1.75607e-07)
(-0.668052 -0.00863381 2.41397e-07)
(-0.600507 -0.0206217 6.32559e-07)
(-0.487971 -0.0237841 8.55802e-07)
(-0.360917 -0.0205903 8.84145e-07)
(-0.244593 -0.0148515 7.64616e-07)
(-0.152875 -0.00917072 5.76318e-07)
(-0.0886783 -0.00457602 3.91257e-07)
(-0.0478781 -0.00118667 2.52945e-07)
(-0.688456 -0.0208044 2.2574e-07)
(-0.610698 -0.0461221 7.60469e-07)
(-0.487555 -0.0499281 1.1186e-06)
(-0.354592 -0.0410244 1.21279e-06)
(-0.236884 -0.0285031 1.0848e-06)
(-0.146267 -0.0174588 8.40928e-07)
(-0.0839148 -0.00951542 5.83773e-07)
(-0.0449041 -0.00448994 3.76183e-07)
(-0.734979 -0.0522845 3.71664e-07)
(-0.629631 -0.101279 9.58699e-07)
(-0.482873 -0.0997815 1.28945e-06)
(-0.339492 -0.0763628 1.33073e-06)
(-0.221028 -0.0503301 1.15296e-06)
(-0.133888 -0.0297601 8.74325e-07)
(-0.0757095 -0.0160732 5.95659e-07)
(-0.0400809 -0.00796791 3.73547e-07)
(-0.842019 -0.143813 2.23435e-07)
(-0.658195 -0.218986 7.83341e-07)
(-0.462638 -0.187808 1.16498e-06)
(-0.30514 -0.130964 1.26859e-06)
(-0.190282 -0.0809403 1.13788e-06)
(-0.11201 -0.045767 8.82162e-07)
(-0.0621226 -0.0240158 6.08806e-07)
(-0.0324507 -0.0117755 3.81796e-07)
(-1.09778 -0.453853 3.36052e-07)
(-0.673626 -0.459327 8.88657e-07)
(-0.394851 -0.323413 1.18534e-06)
(-0.232624 -0.201141 1.20622e-06)
(-0.135831 -0.115831 1.02954e-06)
(-0.0769632 -0.0625746 7.68532e-07)
(-0.041718 -0.0318603 5.13844e-07)
(-0.0214796 -0.0153269 3.1326e-07)
(-1.7552 -1.67354 1.69174e-07)
(-0.527754 -0.860998 3.34765e-07)
(-0.204451 -0.472164 3.87622e-07)
(-0.0975589 -0.261695 3.59547e-07)
(-0.0517156 -0.141982 2.8659e-07)
(-0.0280388 -0.0741492 2.02392e-07)
(-0.0148749 -0.0369797 1.29154e-07)
(-0.00757052 -0.0175562 7.55851e-08)
(-0.655448 -0.00148968 5.00778e-07)
(-0.593297 -0.00380177 1.28836e-06)
(-0.487266 -0.00469669 1.66196e-06)
(-0.364667 -0.00427055 1.6344e-06)
(-0.250292 -0.00297249 1.34437e-06)
(-0.159206 -0.000989549 9.62089e-07)
(-0.0956466 0.00236947 6.32805e-07)
(-0.0542959 0.00993539 4.5151e-07)
(-0.659199 -0.0036101 8.16347e-07)
(-0.595546 -0.00899236 2.00083e-06)
(-0.487585 -0.0108187 2.58264e-06)
(-0.363525 -0.00969666 2.5817e-06)
(-0.248305 -0.00706915 2.20304e-06)
(-0.156543 -0.00399848 1.70353e-06)
(-0.0918994 -0.000739291 1.26275e-06)
(-0.0502433 0.00296912 9.02583e-07)
(-0.66805 -0.00863354 1.0344e-06)
(-0.600506 -0.0206209 2.70718e-06)
(-0.48797 -0.023783 3.55792e-06)
(-0.360917 -0.0205892 3.58793e-06)
(-0.244594 -0.0148505 3.06531e-06)
(-0.152876 -0.00917 2.34263e-06)
(-0.088679 -0.00457554 1.6865e-06)
(-0.0478786 -0.00118639 1.18492e-06)
(-0.688453 -0.0208042 1.39644e-06)
(-0.610696 -0.0461216 3.41699e-06)
(-0.487554 -0.0499275 4.42485e-06)
(-0.354592 -0.0410238 4.43629e-06)
(-0.236885 -0.0285025 3.77566e-06)
(-0.146268 -0.0174584 2.85486e-06)
(-0.0839158 -0.00951516 1.98705e-06)
(-0.0449048 -0.00448981 1.30632e-06)
(-0.734976 -0.0522846 1.3388e-06)
(-0.629629 -0.101279 3.49286e-06)
(-0.482872 -0.0997817 4.56736e-06)
(-0.339492 -0.076363 4.58039e-06)
(-0.221028 -0.0503302 3.87693e-06)
(-0.133889 -0.0297602 2.892e-06)
(-0.0757105 -0.0160733 1.95975e-06)
(-0.0400816 -0.00796799 1.23415e-06)
(-0.842017 -0.143814 1.29527e-06)
(-0.658193 -0.218987 3.09746e-06)
(-0.462637 -0.187809 3.96567e-06)
(-0.305141 -0.130965 3.93993e-06)
(-0.190283 -0.0809412 3.31925e-06)
(-0.112011 -0.0457677 2.46901e-06)
(-0.0621235 -0.0240163 1.66274e-06)
(-0.0324514 -0.0117758 1.03297e-06)
(-1.09778 -0.453853 5.93877e-07)
(-0.673625 -0.459329 1.37537e-06)
(-0.394851 -0.323415 1.67177e-06)
(-0.232624 -0.201143 1.58735e-06)
(-0.135831 -0.115833 1.28435e-06)
(-0.0769638 -0.062576 9.19609e-07)
(-0.0417186 -0.0318612 5.97568e-07)
(-0.02148 -0.0153275 3.59393e-07)
(-1.7552 -1.67355 -1.93742e-07)
(-0.527754 -0.860999 -2.21513e-07)
(-0.204451 -0.472166 -1.89973e-07)
(-0.0975589 -0.261697 -1.5234e-07)
(-0.0517157 -0.141983 -1.16581e-07)
(-0.0280389 -0.0741503 -8.38253e-08)
(-0.014875 -0.0369804 -5.53581e-08)
(-0.00757057 -0.0175567 -3.28991e-08)
(-0.655445 -0.00148895 3.68217e-07)
(-0.593295 -0.00379999 9.51787e-07)
(-0.487265 -0.00469437 1.22856e-06)
(-0.364667 -0.00426815 1.21054e-06)
(-0.250293 -0.00297033 9.99677e-07)
(-0.159207 -0.000987689 7.20466e-07)
(-0.0956473 0.00237116 4.85155e-07)
(-0.0542965 0.0099367 3.70793e-07)
(-0.659194 -0.00360934 6.20904e-07)
(-0.595544 -0.0089903 1.47352e-06)
(-0.487585 -0.010816 1.88026e-06)
(-0.363525 -0.00969384 1.87053e-06)
(-0.248306 -0.00706668 1.5977e-06)
(-0.156544 -0.00399648 1.24706e-06)
(-0.0919005 -0.000737754 9.42021e-07)
(-0.0502441 0.00297018 6.82353e-07)
(-0.668045 -0.00863265 7.5153e-07)
(-0.600502 -0.0206189 1.98012e-06)
(-0.487969 -0.0237804 2.5988e-06)
(-0.360918 -0.0205866 2.61755e-06)
(-0.244596 -0.0148483 2.23744e-06)
(-0.152878 -0.00916842 1.71859e-06)
(-0.0886806 -0.00457458 1.25388e-06)
(-0.0478799 -0.00118586 8.97437e-07)
(-0.688446 -0.0208038 1.06628e-06)
(-0.610691 -0.0461205 2.50719e-06)
(-0.487552 -0.0499261 3.19673e-06)
(-0.354593 -0.0410225 3.1769e-06)
(-0.236888 -0.0285015 2.69181e-06)
(-0.14627 -0.0174577 2.03531e-06)
(-0.0839179 -0.00951487 1.42483e-06)
(-0.0449064 -0.00448984 9.46454e-07)
(-0.734969 -0.0522847 9.51429e-07)
(-0.629624 -0.10128 2.51424e-06)
(-0.482871 -0.0997825 3.28099e-06)
(-0.339493 -0.0763638 3.2794e-06)
(-0.221031 -0.050331 2.76762e-06)
(-0.133892 -0.0297609 2.06034e-06)
(-0.0757128 -0.0160738 1.39678e-06)
(-0.0400833 -0.00796845 8.82079e-07)
(-0.84201 -0.143815 9.96824e-07)
(-0.658189 -0.21899 2.24659e-06)
(-0.462636 -0.187814 2.80851e-06)
(-0.305142 -0.13097 2.75118e-06)
(-0.190285 -0.0809455 2.29701e-06)
(-0.112013 -0.0457709 1.70112e-06)
(-0.0621255 -0.0240185 1.14491e-06)
(-0.0324528 -0.0117773 7.13668e-07)
(-1.09777 -0.453856 3.41807e-07)
(-0.673624 -0.459334 7.81844e-07)
(-0.394851 -0.323421 9.13789e-07)
(-0.232625 -0.201149 8.34421e-07)
(-0.135832 -0.115838 6.50613e-07)
(-0.0769646 -0.0625797 4.49751e-07)
(-0.0417192 -0.0318637 2.83792e-07)
(-0.0214803 -0.015329 1.67305e-07)
(-1.7552 -1.67355 -2.08281e-07)
(-0.527754 -0.861 -2.91226e-07)
(-0.204451 -0.472167 -2.90521e-07)
(-0.0975588 -0.261698 -2.56156e-07)
(-0.0517155 -0.141984 -2.04804e-07)
(-0.0280387 -0.0741509 -1.48864e-07)
(-0.0148748 -0.0369808 -9.83061e-08)
(-0.00757044 -0.0175569 -5.8859e-08)
(-0.0240386 0.0192218 -4.77121e-08)
(-0.00659021 0.00687382 -2.29988e-08)
(-0.00201512 0.00247085 -9.60763e-09)
(-0.000660639 0.000879006 -3.61606e-09)
(-0.000223481 0.000306669 -1.25616e-09)
(-7.59392e-05 0.000104406 -4.06486e-10)
(-2.5513e-05 3.46026e-05 -1.24145e-10)
(-8.40324e-06 1.11536e-05 -3.57765e-11)
(-2.70217e-06 3.49639e-06 -9.90836e-12)
(-8.46793e-07 1.0664e-06 -2.6367e-12)
(-2.58479e-07 3.16688e-07 -7.04444e-13)
(-7.68685e-08 9.16518e-08 -1.9159e-13)
(-2.22844e-08 2.58741e-08 -5.60751e-14)
(-6.30269e-09 7.13237e-09 -1.86917e-14)
(-1.74065e-09 1.92164e-09 -5.84116e-15)
(-4.69849e-10 5.06527e-10 -2.92058e-15)
(-1.24076e-10 1.30746e-10 -5.84116e-16)
(-3.20832e-11 3.3075e-11 -5.84116e-16)
(-8.12622e-12 8.208e-12 0)
(-2.01754e-12 2.00118e-12 0)
(-4.94162e-13 4.80143e-13 -5.84116e-16)
(-1.22664e-13 1.10982e-13 0)
(-2.80376e-14 2.10282e-14 0)
(-4.67293e-15 4.67293e-15 0)
(0 0 0)
(2.33646e-15 0 0)
(-2.33646e-15 -2.33646e-15 0)
(0 0 0)
(0 0 0)
(0 2.33646e-15 0)
(0 0 0)
(0 0 0)
(-0.0244223 0.00567766 -2.50472e-08)
(-0.0101607 0.00316338 -1.13447e-08)
(-0.00397969 0.00140553 -4.28941e-09)
(-0.00150354 0.000562973 -1.35257e-09)
(-0.000551118 0.000211186 -3.31845e-10)
(-0.000196127 7.53838e-05 -4.53543e-11)
(-6.77398e-05 2.58101e-05 1.19604e-11)
(-2.2703e-05 8.51594e-06 1.29405e-11)
(-7.38503e-06 2.7163e-06 6.78042e-12)
(-2.33291e-06 8.39571e-07 2.72724e-12)
(-7.16266e-07 2.51949e-07 9.25824e-13)
(-2.13945e-07 7.35308e-08 2.62268e-13)
(-6.2235e-08 2.09012e-08 5.84116e-14)
(-1.76498e-08 5.7944e-09 4.67293e-15)
(-4.8852e-09 1.56862e-09 -1.75235e-15)
(-1.32105e-09 4.15146e-10 -1.16823e-15)
(-3.49377e-10 1.07529e-10 -1.16823e-15)
(-9.0455e-11 2.72864e-11 0)
(-2.29452e-11 6.7886e-12 -5.84116e-16)
(-5.70565e-12 1.65889e-12 0)
(-1.39604e-12 3.98367e-13 -1.75235e-15)
(-3.39956e-13 9.22903e-14 -1.16823e-15)
(-7.94398e-14 2.33646e-14 0)
(-1.63553e-14 3.5047e-15 -5.84116e-16)
(-4.67293e-15 0 0)
(-1.16823e-15 0 0)
(0 -1.16823e-15 -1.16823e-15)
(1.16823e-15 0 1.16823e-15)
(2.33646e-15 0 0)
(0 0 -1.16823e-15)
(-2.33646e-15 0 0)
(0 0 0)
(-0.0238438 0.000762734 -2.18226e-08)
(-0.0108623 0.000812728 -1.10614e-08)
(-0.00461553 0.000477074 -4.66767e-09)
(-0.00185498 0.00022559 -1.6744e-09)
(-0.00071107 9.44921e-05 -5.01711e-10)
(-0.000261316 3.64548e-05 -1.18024e-10)
(-9.23808e-05 1.32133e-05 -1.54499e-11)
(-3.1497e-05 4.55164e-06 3.4346e-12)
(-1.03785e-05 1.50117e-06 3.59932e-12)
(-3.31115e-06 4.76443e-07 1.6659e-12)
(-1.02452e-06 1.46067e-07 5.57831e-13)
(-3.07916e-07 4.33834e-08 1.27337e-13)
(-9.00207e-08 1.25129e-08 7.59351e-15)
(-2.56353e-08 3.51176e-09 -1.40188e-14)
(-7.11991e-09 9.6065e-10 -1.10982e-14)
(-1.93094e-09 2.56526e-10 -6.42528e-15)
(-5.11935e-10 6.69561e-11 -1.75235e-15)
(-1.3282e-10 1.71053e-11 -1.16823e-15)
(-3.37549e-11 4.2804e-12 -1.16823e-15)
(-8.4101e-12 1.05258e-12 -1.16823e-15)
(-2.06076e-12 2.46497e-13 0)
(-4.96499e-13 5.72434e-14 0)
(-1.14487e-13 1.75235e-14 -1.16823e-15)
(-2.80376e-14 3.5047e-15 -5.84116e-16)
(-5.84116e-15 2.33646e-15 0)
(0 2.33646e-15 -5.84116e-16)
(0 3.5047e-15 -1.16823e-15)
(0 -1.16823e-15 0)
(0 0 0)
(0 -2.33646e-15 -1.16823e-15)
(-2.33646e-15 -1.16823e-15 0)
(2.33646e-15 0 0)
(-0.0224228 -0.0017183 1.16227e-08)
(-0.0104464 -0.00055507 7.83099e-09)
(-0.00456683 -0.000152107 4.84184e-09)
(-0.00188612 -3.33255e-05 2.71497e-09)
(-0.000740253 -4.19715e-06 1.38333e-09)
(-0.000277406 9.54635e-07 6.44725e-10)
(-9.96429e-05 1.03045e-06 2.7718e-10)
(-3.44151e-05 5.35902e-07 1.10531e-10)
(-1.14602e-05 2.23987e-07 4.11194e-11)
(-3.68801e-06 8.32359e-08 1.42881e-11)
(-1.14933e-06 2.85896e-08 4.64255e-12)
(-3.47499e-07 9.25479e-09 1.40305e-12)
(-1.02107e-07 2.85582e-09 3.9311e-13)
(-2.92021e-08 8.46267e-10 9.5795e-14)
(-8.14043e-09 2.42068e-10 1.86917e-14)
(-2.21474e-09 6.70904e-11 2.92058e-15)
(-5.88796e-10 1.8069e-11 0)
(-1.53134e-10 4.73952e-12 -1.75235e-15)
(-3.90003e-11 1.21263e-12 -1.16823e-15)
(-9.73722e-12 3.00236e-13 -1.75235e-15)
(-2.38903e-12 7.12622e-14 1.16823e-15)
(-5.72434e-13 1.75235e-14 1.16823e-15)
(-1.33178e-13 1.16823e-15 -1.16823e-15)
(-3.27105e-14 2.33646e-15 -1.16823e-15)
(-3.5047e-15 0 0)
(0 -2.33646e-15 -2.33646e-15)
(-2.33646e-15 0 -2.33646e-15)
(-2.33646e-15 1.16823e-15 5.84116e-16)
(0 2.33646e-15 0)
(-1.16823e-15 0 0)
(0 1.16823e-15 5.84116e-16)
(1.16823e-15 0 5.84116e-16)
(-0.0199088 -0.00361984 1.30891e-08)
(-0.00929616 -0.00152384 7.5694e-09)
(-0.00409378 -0.00060183 4.16613e-09)
(-0.00170707 -0.000225243 2.15243e-09)
(-0.00067679 -8.04843e-05 1.04151e-09)
(-0.000256088 -2.76078e-05 4.68758e-10)
(-9.27995e-05 -9.12812e-06 1.97087e-10)
(-3.23035e-05 -2.91818e-06 7.71699e-11)
(-1.08312e-05 -9.04274e-07 2.82695e-11)
(-3.50655e-06 -2.7216e-07 9.63908e-12)
(-1.0985e-06 -7.96951e-08 3.05668e-12)
(-3.3365e-07 -2.27392e-08 8.90193e-13)
(-9.84292e-08 -6.33048e-09 2.34231e-13)
(-2.82491e-08 -1.72164e-09 5.08181e-14)
(-7.89909e-09 -4.57911e-10 7.59351e-15)
(-2.15494e-09 -1.19233e-10 -5.84116e-16)
(-5.74284e-10 -3.04243e-11 -1.16823e-15)
(-1.49677e-10 -7.6122e-12 -1.16823e-15)
(-3.81954e-11 -1.86917e-12 0)
(-9.5538e-12 -4.55611e-13 0)
(-2.34464e-12 -1.07477e-13 1.16823e-15)
(-5.6192e-13 -2.45329e-14 0)
(-1.30842e-13 -7.00939e-15 -1.16823e-15)
(-3.0374e-14 0 0)
(-8.17763e-15 0 1.16823e-15)
(-1.16823e-15 -3.5047e-15 0)
(1.16823e-15 -2.33646e-15 -5.84116e-16)
(2.33646e-15 2.33646e-15 -1.16823e-15)
(0 0 0)
(-2.33646e-15 0 0)
(0 0 0)
(0 -1.16823e-15 -5.84116e-16)
(-0.0159787 -0.00541455 3.83652e-08)
(-0.00742838 -0.00234482 2.15198e-08)
(-0.00326824 -0.000961053 1.11506e-08)
(-0.00136477 -0.000374576 5.38591e-09)
(-0.000542618 -0.000139424 2.43527e-09)
(-0.00020605 -4.97444e-05 1.03632e-09)
(-7.49533e-05 -1.70667e-05 4.15986e-10)
(-2.61913e-05 -5.64606e-06 1.581e-10)
(-8.8142e-06 -1.80543e-06 5.69507e-11)
(-2.86343e-06 -5.59211e-07 1.9489e-11)
(-8.99905e-07 -1.68094e-07 6.33182e-12)
(-2.74134e-07 -4.91193e-08 1.9527e-12)
(-8.1089e-08 -1.39748e-08 5.70097e-13)
(-2.33295e-08 -3.87658e-09 1.55959e-13)
(-6.53803e-09 -1.04984e-09 4.0304e-14)
(-1.78726e-09 -2.77907e-10 9.34586e-15)
(-4.77176e-10 -7.19841e-11 1.75235e-15)
(-1.24579e-10 -1.8263e-11 -1.16823e-15)
(-3.18413e-11 -4.54442e-12 0)
(-7.97552e-12 -1.10982e-12 5.84116e-16)
(-1.95796e-12 -2.65189e-13 -5.84116e-16)
(-4.73134e-13 -6.19163e-14 0)
(-1.08646e-13 -1.5187e-14 1.16823e-15)
(-2.33646e-14 -3.5047e-15 0)
(-8.17763e-15 -2.33646e-15 1.16823e-15)
(-1.16823e-15 3.5047e-15 5.84116e-16)
(0 0 0)
(1.16823e-15 -2.33646e-15 0)
(0 -2.33646e-15 0)
(-1.16823e-15 0 -5.84116e-16)
(0 0 5.84116e-16)
(1.16823e-15 0 1.16823e-15)
(-0.0104779 -0.00698008 6.7288e-08)
(-0.00484266 -0.00301609 3.46233e-08)
(-0.00212354 -0.00123978 1.66452e-08)
(-0.000885438 -0.000486172 7.52179e-09)
(-0.000351959 -0.000182395 3.21133e-09)
(-0.000133731 -6.56453e-05 1.29994e-09)
(-4.87012e-05 -2.27237e-05 5.00639e-10)
(-1.70422e-05 -7.5836e-06 1.83816e-10)
(-5.74435e-06 -2.44538e-06 6.44934e-11)
(-1.86921e-06 -7.63423e-07 2.16438e-11)
(-5.8841e-07 -2.31173e-07 6.95565e-12)
(-1.79531e-07 -6.80142e-08 2.13903e-12)
(-5.31865e-08 -1.94729e-08 6.30845e-13)
(-1.53241e-08 -5.43323e-09 1.75235e-13)
(-4.30041e-09 -1.4793e-09 4.73134e-14)
(-1.17708e-09 -3.93516e-10 1.34347e-14)
(-3.14641e-10 -1.02392e-10 2.33646e-15)
(-8.22365e-11 -2.60913e-11 -5.84116e-16)
(-2.1041e-11 -6.51173e-12 -1.16823e-15)
(-5.27457e-12 -1.5923e-12 0)
(-1.30024e-12 -3.80844e-13 5.84116e-16)
(-3.11918e-13 -8.76174e-14 0)
(-7.12622e-14 -1.98599e-14 0)
(-1.63553e-14 -5.84116e-15 -1.16823e-15)
(-4.67293e-15 0 0)
(0 0 0)
(0 0 0)
(0 0 0)
(0 0 0)
(0 0 0)
(0 0 0)
(0 0 0)
(-0.00366787 -0.00792942 2.64482e-08)
(-0.00168809 -0.00341012 1.31588e-08)
(-0.000738321 -0.00139867 6.14845e-09)
(-0.000307387 -0.000548253 2.71332e-09)
(-0.000122092 -0.000205848 1.13487e-09)
(-4.63788e-05 -7.4202e-05 4.51655e-10)
(-1.68917e-05 -2.5738e-05 1.71352e-10)
(-5.91296e-06 -8.60923e-06 6.21459e-11)
(-1.99402e-06 -2.78277e-06 2.15603e-11)
(-6.49225e-07 -8.70854e-07 7.17061e-12)
(-2.04497e-07 -2.64331e-07 2.28273e-12)
(-6.24341e-08 -7.79479e-08 6.95682e-13)
(-1.85081e-08 -2.23659e-08 2.02688e-13)
(-5.33588e-09 -6.25335e-09 5.5491e-14)
(-1.49831e-09 -1.70593e-09 1.5187e-14)
(-4.10346e-10 -4.54633e-10 4.67293e-15)
(-1.09751e-10 -1.185e-10 0)
(-2.86965e-11 -3.02397e-11 0)
(-7.34584e-12 -7.5643e-12 -5.84116e-16)
(-1.84347e-12 -1.85515e-12 0)
(-4.53274e-13 -4.45096e-13 -5.84116e-16)
(-1.10982e-13 -1.03973e-13 0)
(-2.57011e-14 -2.10282e-14 0)
(-5.84116e-15 -4.67293e-15 0)
(0 0 0)
(-1.16823e-15 0 0)
(1.16823e-15 0 0)
(0 0 0)
(0 0 0)
(0 0 0)
(-1.16823e-15 0 0)
(1.16823e-15 1.16823e-15 1.16823e-15)
(-0.0240384 0.0192216 -1.56249e-09)
(-0.00659014 0.00687375 1.61261e-09)
(-0.00201508 0.00247082 3.12243e-09)
(-0.000660623 0.000878996 2.60969e-09)
(-0.000223475 0.000306666 1.58287e-09)
(-7.5937e-05 0.000104405 7.92611e-10)
(-2.55122e-05 3.46024e-05 3.49164e-10)
(-8.40301e-06 1.11535e-05 1.389e-10)
(-2.7021e-06 3.49638e-06 5.09384e-11)
(-8.46775e-07 1.0664e-06 1.73074e-11)
(-2.58475e-07 3.16688e-07 5.48543e-12)
(-7.68672e-08 9.16519e-08 1.61099e-12)
(-2.2284e-08 2.58741e-08 4.35751e-13)
(-6.30259e-09 7.13234e-09 1.03389e-13)
(-1.74061e-09 1.92163e-09 2.10282e-14)
(-4.6984e-10 5.0652e-10 1.75235e-15)
(-1.24071e-10 1.3074e-10 -2.33646e-15)
(-3.20797e-11 3.30727e-11 -1.16823e-15)
(-8.12505e-12 8.208e-12 0)
(-2.01871e-12 2.00118e-12 0)
(-4.94162e-13 4.78975e-13 0)
(-1.22664e-13 1.10982e-13 -1.16823e-15)
(-2.68693e-14 2.10282e-14 1.16823e-15)
(-5.84116e-15 2.33646e-15 0)
(0 0 0)
(0 -1.16823e-15 -1.16823e-15)
(0 -3.5047e-15 -1.16823e-15)
(-1.16823e-15 0 -5.84116e-16)
(0 0 -5.84116e-16)
(1.16823e-15 0 0)
(0 0 -5.84116e-16)
(0 -1.16823e-15 -5.84116e-16)
(-0.0244223 0.00567771 1.13451e-07)
(-0.0101607 0.00316341 7.32372e-08)
(-0.00397967 0.00140553 4.20058e-08)
(-0.00150353 0.000562977 2.14943e-08)
(-0.000551116 0.000211188 9.99242e-09)
(-0.000196127 7.53844e-05 4.28944e-09)
(-6.77397e-05 2.58103e-05 1.71735e-09)
(-2.2703e-05 8.51602e-06 6.46322e-10)
(-7.38505e-06 2.71633e-06 2.29693e-10)
(-2.33292e-06 8.3958e-07 7.73399e-11)
(-7.16271e-07 2.51952e-07 2.4704e-11)
(-2.13947e-07 7.35314e-08 7.48311e-12)
(-6.22355e-08 2.09014e-08 2.14371e-12)
(-1.76499e-08 5.79442e-09 5.75354e-13)
(-4.88521e-09 1.56861e-09 1.43693e-13)
(-1.32105e-09 4.15138e-10 3.15423e-14)
(-3.49374e-10 1.07526e-10 5.25704e-15)
(-9.04527e-11 2.72852e-11 0)
(-2.29499e-11 6.78743e-12 -1.16823e-15)
(-5.70565e-12 1.65538e-12 -1.16823e-15)
(-1.39487e-12 3.96031e-13 -1.75235e-15)
(-3.36451e-13 9.22903e-14 -5.84116e-16)
(-8.0608e-14 2.33646e-14 0)
(-1.75235e-14 3.5047e-15 0)
(-2.33646e-15 0 0)
(-3.5047e-15 -2.33646e-15 0)
(2.33646e-15 -3.5047e-15 1.16823e-15)
(1.16823e-15 -1.16823e-15 0)
(0 0 0)
(0 0 -1.16823e-15)
(0 0 0)
(0 1.16823e-15 -5.84116e-16)
(-0.0238437 0.000762807 1.62937e-07)
(-0.0108623 0.000812766 9.83793e-08)
(-0.00461551 0.000477092 5.41367e-08)
(-0.00185497 0.000225598 2.71703e-08)
(-0.000711067 9.44955e-05 1.25649e-08)
(-0.000261315 3.64561e-05 5.39748e-09)
(-9.23806e-05 1.32138e-05 2.17148e-09)
(-3.1497e-05 4.55184e-06 8.21858e-10)
(-1.03785e-05 1.50124e-06 2.94113e-10)
(-3.31115e-06 4.76466e-07 9.96613e-11)
(-1.02452e-06 1.46074e-07 3.20569e-11)
(-3.07917e-07 4.33857e-08 9.77051e-12)
(-9.0021e-08 1.25136e-08 2.81836e-12)
(-2.56354e-08 3.51194e-09 7.62271e-13)
(-7.11989e-09 9.60693e-10 1.90422e-13)
(-1.93093e-09 2.56533e-10 4.20564e-14)
(-5.11923e-10 6.69607e-11 7.59351e-15)
(-1.32819e-10 1.71018e-11 0)
(-3.37537e-11 4.2769e-12 -5.84116e-16)
(-8.40777e-12 1.05024e-12 -2.92058e-15)
(-2.05959e-12 2.54675e-13 -1.16823e-15)
(-4.97667e-13 6.07481e-14 0)
(-1.16823e-13 1.40188e-14 1.16823e-15)
(-2.45329e-14 2.33646e-15 0)
(-8.17763e-15 2.33646e-15 1.16823e-15)
(-3.5047e-15 0 -1.16823e-15)
(0 1.16823e-15 -1.16823e-15)
(3.5047e-15 0 5.84116e-16)
(2.33646e-15 0 0)
(0 0 0)
(-2.33646e-15 -1.16823e-15 5.84116e-16)
(2.33646e-15 0 0)
(-0.0224228 -0.00171823 2.28799e-07)
(-0.0104464 -0.000555033 1.30612e-07)
(-0.00456684 -0.000152089 6.92474e-08)
(-0.00188613 -3.33178e-05 3.40621e-08)
(-0.000740257 -4.19406e-06 1.5592e-08)
(-0.000277408 9.55808e-07 6.67841e-09)
(-9.9644e-05 1.03088e-06 2.68863e-09)
(-3.44156e-05 5.36049e-07 1.02219e-09)
(-1.14604e-05 2.24036e-07 3.68128e-10)
(-3.68808e-06 8.32519e-08 1.25958e-10)
(-1.14935e-06 2.85946e-08 4.09939e-11)
(-3.47507e-07 9.25632e-09 1.27016e-11)
(-1.02109e-07 2.85628e-09 3.74185e-12)
(-2.92028e-08 8.46399e-10 1.04323e-12)
(-8.14062e-09 2.42106e-10 2.71614e-13)
(-2.21478e-09 6.71021e-11 6.60051e-14)
(-5.88808e-10 1.80702e-11 1.34347e-14)
(-1.53134e-10 4.74069e-12 5.84116e-16)
(-3.89991e-11 1.21613e-12 0)
(-9.73254e-12 3.02572e-13 -1.75235e-15)
(-2.38319e-12 7.47669e-14 -1.16823e-15)
(-5.78275e-13 1.75235e-14 0)
(-1.36683e-13 1.16823e-15 -1.16823e-15)
(-3.15423e-14 3.5047e-15 -5.84116e-16)
(-5.84116e-15 2.33646e-15 -1.16823e-15)
(-1.16823e-15 0 -5.84116e-16)
(1.16823e-15 2.33646e-15 0)
(0 1.16823e-15 0)
(0 0 0)
(0 0 0)
(0 0 0)
(0 -1.16823e-15 0)
(-0.0199088 -0.00361979 2.19224e-07)
(-0.00929618 -0.00152381 1.20715e-07)
(-0.00409379 -0.000601817 6.22225e-08)
(-0.00170707 -0.000225237 3.00291e-08)
(-0.000676794 -8.04822e-05 1.35886e-08)
(-0.00025609 -2.7607e-05 5.78472e-09)
(-9.28003e-05 -9.12784e-06 2.32346e-09)
(-3.23038e-05 -2.91809e-06 8.83504e-10)
(-1.08313e-05 -9.04242e-07 3.18803e-10)
(-3.5066e-06 -2.72149e-07 1.09414e-10)
(-1.09852e-06 -7.96917e-08 3.57532e-11)
(-3.33656e-07 -2.27381e-08 1.11309e-11)
(-9.84309e-08 -6.33013e-09 3.29734e-12)
(-2.82495e-08 -1.72152e-09 9.2524e-13)
(-7.89919e-09 -4.57866e-10 2.45329e-13)
(-2.15496e-09 -1.19219e-10 6.0164e-14)
(-5.74284e-10 -3.04219e-11 1.34347e-14)
(-1.49677e-10 -7.60986e-12 2.92058e-15)
(-3.81918e-11 -1.87034e-12 0)
(-9.54913e-12 -4.52106e-13 0)
(-2.34464e-12 -1.10982e-13 1.16823e-15)
(-5.68929e-13 -2.68693e-14 5.84116e-16)
(-1.29674e-13 -5.84116e-15 0)
(-2.68693e-14 0 -1.16823e-15)
(-8.17763e-15 1.16823e-15 0)
(-5.84116e-15 2.33646e-15 0)
(2.33646e-15 -2.33646e-15 0)
(1.16823e-15 0 0)
(0 0 -1.16823e-15)
(-1.16823e-15 -1.16823e-15 1.16823e-15)
(0 0 -5.84116e-16)
(1.16823e-15 0 0)
(-0.0159787 -0.00541444 2.21063e-07)
(-0.00742844 -0.00234476 1.1914e-07)
(-0.00326827 -0.000961029 6.00758e-08)
(-0.00136479 -0.000374565 2.84261e-08)
(-0.000542627 -0.000139419 1.26649e-08)
(-0.000206054 -4.97428e-05 5.32765e-09)
(-7.49551e-05 -1.70661e-05 2.1227e-09)
(-2.6192e-05 -5.64585e-06 8.03008e-10)
(-8.81448e-06 -1.80536e-06 2.89149e-10)
(-2.86353e-06 -5.59187e-07 9.92734e-11)
(-8.9994e-07 -1.68086e-07 3.25434e-11)
(-2.74146e-07 -4.91168e-08 1.01928e-11)
(-8.10926e-08 -1.3974e-08 3.05025e-12)
(-2.33306e-08 -3.87633e-09 8.69749e-13)
(-6.53832e-09 -1.04977e-09 2.36567e-13)
(-1.78733e-09 -2.77877e-10 6.13322e-14)
(-4.77197e-10 -7.19771e-11 1.34347e-14)
(-1.24583e-10 -1.82641e-11 1.16823e-15)
(-3.18378e-11 -4.54325e-12 5.84116e-16)
(-7.97435e-12 -1.10748e-12 1.16823e-15)
(-1.95796e-12 -2.68693e-13 5.84116e-16)
(-4.71966e-13 -6.30845e-14 -1.16823e-15)
(-1.10982e-13 -1.28506e-14 0)
(-2.57011e-14 -3.5047e-15 -1.75235e-15)
(-3.5047e-15 -3.5047e-15 -2.33646e-15)
(-2.33646e-15 1.16823e-15 1.16823e-15)
(-1.16823e-15 3.5047e-15 5.84116e-16)
(1.16823e-15 0 -5.84116e-16)
(0 0 0)
(0 1.16823e-15 0)
(0 1.16823e-15 0)
(0 1.16823e-15 5.84116e-16)
(-0.0104781 -0.0069801 1.76365e-07)
(-0.00484276 -0.0030161 9.2563e-08)
(-0.0021236 -0.00123979 4.55434e-08)
(-0.000885465 -0.000486177 2.11075e-08)
(-0.000351971 -0.000182397 9.2426e-09)
(-0.000133736 -6.56464e-05 3.83669e-09)
(-4.87034e-05 -2.27242e-05 1.51315e-09)
(-1.70431e-05 -7.58379e-06 5.68541e-10)
(-5.74468e-06 -2.44545e-06 2.03837e-10)
(-1.86933e-06 -7.63447e-07 6.9879e-11)
(-5.88449e-07 -2.31181e-07 2.29242e-11)
(-1.79543e-07 -6.80167e-08 7.20507e-12)
(-5.31904e-08 -1.94737e-08 2.17058e-12)
(-1.53252e-08 -5.43343e-09 6.25004e-13)
(-4.30073e-09 -1.47935e-09 1.72898e-13)
(-1.17717e-09 -3.93527e-10 4.55611e-14)
(-3.14672e-10 -1.02393e-10 1.10982e-14)
(-8.22412e-11 -2.60901e-11 1.75235e-15)
(-2.10399e-11 -6.51406e-12 0)
(-5.27223e-12 -1.59464e-12 0)
(-1.29791e-12 -3.82012e-13 0)
(-3.14254e-13 -8.76174e-14 5.84116e-16)
(-7.24304e-14 -1.75235e-14 0)
(-1.5187e-14 -3.5047e-15 0)
(-4.67293e-15 -2.33646e-15 0)
(0 0 0)
(0 0 0)
(0 0 0)
(0 0 0)
(0 0 0)
(0 0 0)
(0 0 0)
(-0.00366794 -0.00792961 4.10839e-08)
(-0.00168813 -0.00341021 2.09215e-08)
(-0.000738342 -0.00139872 1.00447e-08)
(-0.000307397 -0.000548273 4.563e-09)
(-0.000122097 -0.000205856 1.96695e-09)
(-4.63808e-05 -7.42055e-05 8.05846e-10)
(-1.68924e-05 -2.57393e-05 3.14325e-10)
(-5.91326e-06 -8.60972e-06 1.16831e-10)
(-1.99413e-06 -2.78294e-06 4.14255e-11)
(-6.49264e-07 -8.70912e-07 1.40129e-11)
(-2.0451e-07 -2.64349e-07 4.52281e-12)
(-6.24383e-08 -7.79536e-08 1.38961e-12)
(-1.85094e-08 -2.23676e-08 4.05961e-13)
(-5.33625e-09 -6.25382e-09 1.1215e-13)
(-1.49842e-09 -1.70605e-09 2.92058e-14)
(-4.10377e-10 -4.54669e-10 8.76174e-15)
(-1.0976e-10 -1.18505e-10 1.75235e-15)
(-2.87e-11 -3.02362e-11 0)
(-7.34468e-12 -7.5608e-12 -1.16823e-15)
(-1.84113e-12 -1.85515e-12 0)
(-4.53274e-13 -4.45096e-13 0)
(-1.09814e-13 -1.03973e-13 -5.84116e-16)
(-2.68693e-14 -2.33646e-14 0)
(-5.84116e-15 -4.67293e-15 0)
(0 0 0)
(-1.16823e-15 0 0)
(0 0 -5.84116e-16)
(1.16823e-15 0 0)
(0 0 0)
(0 0 -5.84116e-16)
(0 0 0)
(0 0 1.16823e-15)
(-0.0240386 0.019222 2.17618e-07)
(-0.0065902 0.00687397 1.42499e-07)
(-0.00201512 0.00247094 8.27685e-08)
(-0.000660642 0.000879054 4.16273e-08)
(-0.000223485 0.000306692 1.87785e-08)
(-7.59417e-05 0.000104417 7.80585e-09)
(-2.55143e-05 3.46068e-05 3.0376e-09)
(-8.40384e-06 1.11552e-05 1.11782e-09)
(-2.70241e-06 3.49695e-06 3.914e-10)
(-8.46884e-07 1.06659e-06 1.30923e-10)
(-2.58511e-07 3.16748e-07 4.19594e-11)
(-7.68786e-08 9.16699e-08 1.28996e-11)
(-2.22874e-08 2.58793e-08 3.80668e-12)
(-6.30352e-09 7.13373e-09 1.07945e-12)
(-1.74085e-09 1.92198e-09 2.9381e-13)
(-4.69893e-10 5.06596e-10 7.5351e-14)
(-1.24083e-10 1.30753e-10 2.04441e-14)
(-3.20797e-11 3.30727e-11 5.84116e-15)
(-8.12856e-12 8.20566e-12 1.75235e-15)
(-2.01987e-12 1.99417e-12 -5.84116e-16)
(-4.91826e-13 4.77807e-13 -2.33646e-15)
(-1.20328e-13 1.07477e-13 0)
(-2.68693e-14 2.10282e-14 5.84116e-16)
(-5.84116e-15 2.33646e-15 0)
(-1.16823e-15 0 1.16823e-15)
(0 0 -5.84116e-16)
(0 -1.16823e-15 -5.84116e-16)
(1.16823e-15 -1.16823e-15 5.84116e-16)
(0 -1.16823e-15 0)
(-1.16823e-15 -1.16823e-15 0)
(0 -3.5047e-15 0)
(1.16823e-15 0 5.84116e-16)
(-0.0244225 0.00567799 6.49351e-07)
(-0.0101609 0.00316358 4.08889e-07)
(-0.0039798 0.00140563 2.21442e-07)
(-0.0015036 0.000563022 1.06579e-07)
(-0.000551153 0.000211208 4.68641e-08)
(-0.000196144 7.5393e-05 1.9166e-08)
(-6.77471e-05 2.58137e-05 7.37475e-09)
(-2.2706e-05 8.51731e-06 2.6896e-09)
(-7.38616e-06 2.71679e-06 9.34451e-10)
(-2.33332e-06 8.39736e-07 3.10304e-10)
(-7.16405e-07 2.52002e-07 9.87244e-11)
(-2.1399e-07 7.35471e-08 3.01258e-11)
(-6.22488e-08 2.0906e-08 8.82191e-12)
(-1.76538e-08 5.79572e-09 2.47782e-12)
(-4.88629e-09 1.56896e-09 6.64724e-13)
(-1.32133e-09 4.15226e-10 1.69394e-13)
(-3.4944e-10 1.07546e-10 3.97199e-14)
(-9.04691e-11 2.72899e-11 7.59351e-15)
(-2.29476e-11 6.78743e-12 1.16823e-15)
(-5.70681e-12 1.66006e-12 -5.84116e-16)
(-1.39604e-12 3.96031e-13 -2.92058e-15)
(-3.36451e-13 9.5795e-14 -2.33646e-15)
(-7.82716e-14 2.33646e-14 -1.75235e-15)
(-1.5187e-14 7.00939e-15 0)
(-4.67293e-15 0 0)
(0 -1.16823e-15 5.84116e-16)
(0 -1.16823e-15 5.84116e-16)
(-1.16823e-15 3.5047e-15 -1.16823e-15)
(0 1.16823e-15 -5.84116e-16)
(1.16823e-15 3.5047e-15 0)
(-1.16823e-15 3.5047e-15 0)
(1.16823e-15 0 5.84116e-16)
(-0.0238441 0.000762964 7.78172e-07)
(-0.0108626 0.000812843 4.62511e-07)
(-0.00461567 0.000477128 2.47126e-07)
(-0.00185506 0.000225615 1.20173e-07)
(-0.000711114 9.45033e-05 5.3903e-08)
(-0.000261336 3.64595e-05 2.25635e-08)
(-9.239e-05 1.32152e-05 8.88491e-09)
(-3.15008e-05 4.55239e-06 3.31354e-09)
(-1.038e-05 1.50144e-06 1.17528e-09)
(-3.31167e-06 4.7654e-07 3.98066e-10)
(-1.0247e-06 1.46099e-07 1.29008e-10)
(-3.07975e-07 4.33938e-08 4.00996e-11)
(-9.00387e-08 1.25161e-08 1.19569e-11)
(-2.56406e-08 3.5127e-09 3.4235e-12)
(-7.12135e-09 9.60907e-10 9.38675e-13)
(-1.93131e-09 2.56594e-10 2.45913e-13)
(-5.12016e-10 6.69759e-11 5.95798e-14)
(-1.32839e-10 1.71076e-11 1.34347e-14)
(-3.37607e-11 4.28157e-12 2.33646e-15)
(-8.4101e-12 1.04907e-12 -1.75235e-15)
(-2.05609e-12 2.48833e-13 -1.75235e-15)
(-4.94162e-13 5.72434e-14 0)
(-1.14487e-13 1.75235e-14 -1.75235e-15)
(-2.92058e-14 2.33646e-15 0)
(-5.84116e-15 0 -1.16823e-15)
(-1.16823e-15 0 1.75235e-15)
(1.16823e-15 0 2.33646e-15)
(0 0 0)
(0 0 -5.84116e-16)
(0 -2.33646e-15 0)
(0 0 0)
(0 0 -5.84116e-16)
(-0.0224233 -0.00171819 8.11724e-07)
(-0.0104467 -0.000555025 4.6739e-07)
(-0.00456702 -0.000152091 2.47383e-07)
(-0.00188623 -3.33197e-05 1.20728e-07)
(-0.000740308 -4.1951e-06 5.47212e-08)
(-0.000277432 9.55409e-07 2.32071e-08)
(-9.96543e-05 1.03076e-06 9.26976e-09)
(-3.44198e-05 5.36025e-07 3.50623e-09)
(-1.1462e-05 2.24036e-07 1.26142e-09)
(-3.68866e-06 8.32554e-08 4.33158e-10)
(-1.14955e-06 2.8597e-08 1.42365e-10)
(-3.47573e-07 9.25752e-09 4.48771e-11)
(-1.0213e-07 2.85678e-09 1.35871e-11)
(-2.9209e-08 8.46596e-10 3.95213e-12)
(-8.14239e-09 2.42176e-10 1.10456e-12)
(-2.21526e-09 6.7129e-11 2.94395e-13)
(-5.88926e-10 1.80796e-11 7.41827e-14)
(-1.53161e-10 4.74536e-12 1.81076e-14)
(-3.90084e-11 1.21496e-12 4.08881e-15)
(-9.73838e-12 3.0374e-13 -1.16823e-15)
(-2.3867e-12 7.47669e-14 -2.33646e-15)
(-5.70097e-13 1.5187e-14 -1.75235e-15)
(-1.34347e-13 1.16823e-15 0)
(-3.27105e-14 -2.33646e-15 1.75235e-15)
(-7.00939e-15 0 -1.16823e-15)
(1.16823e-15 0 5.84116e-16)
(0 1.16823e-15 0)
(-1.16823e-15 -2.33646e-15 0)
(1.16823e-15 -1.16823e-15 0)
(0 2.33646e-15 5.84116e-16)
(0 0 -5.84116e-16)
(0 0 0)
(-0.0199093 -0.00361986 7.27335e-07)
(-0.00929647 -0.00152386 4.00156e-07)
(-0.00409397 -0.000601848 2.05167e-07)
(-0.00170717 -0.000225254 9.8174e-08)
(-0.000676839 -8.04902e-05 4.4008e-08)
(-0.00025611 -2.76105e-05 1.85632e-08)
(-9.28093e-05 -9.12925e-06 7.40064e-09)
(-3.23075e-05 -2.91862e-06 2.80001e-09)
(-1.08328e-05 -9.04432e-07 1.00879e-09)
(-3.50711e-06 -2.72213e-07 3.47162e-10)
(-1.0987e-06 -7.9712e-08 1.14372e-10)
(-3.33715e-07 -2.27442e-08 3.61439e-11)
(-9.84497e-08 -6.33187e-09 1.09662e-11)
(-2.82552e-08 -1.72199e-09 3.19745e-12)
(-7.90081e-09 -4.5798e-10 8.93698e-13)
(-2.1554e-09 -1.19243e-10 2.4124e-13)
(-5.74401e-10 -3.04231e-11 6.13322e-14)
(-1.49704e-10 -7.61337e-12 1.46029e-14)
(-3.82024e-11 -1.868e-12 2.92058e-15)
(-9.5503e-12 -4.49769e-13 0)
(-2.34464e-12 -1.05141e-13 -1.16823e-15)
(-5.65424e-13 -2.45329e-14 -5.84116e-16)
(-1.33178e-13 -5.84116e-15 0)
(-3.0374e-14 -1.16823e-15 -1.75235e-15)
(-5.84116e-15 -1.16823e-15 -2.33646e-15)
(1.16823e-15 1.16823e-15 1.16823e-15)
(0 0 1.75235e-15)
(-1.16823e-15 -1.16823e-15 0)
(1.16823e-15 0 -5.84116e-16)
(0 0 0)
(0 0 5.84116e-16)
(0 0 5.84116e-16)
(-0.0159792 -0.00541463 5.98218e-07)
(-0.0074287 -0.00234487 3.24193e-07)
(-0.00326842 -0.000961087 1.64648e-07)
(-0.00136487 -0.000374594 7.8518e-08)
(-0.000542664 -0.000139432 3.52539e-08)
(-0.000206071 -4.97483e-05 1.4951e-08)
(-7.49624e-05 -1.70683e-05 6.00924e-09)
(-2.6195e-05 -5.64669e-06 2.29653e-09)
(-8.81561e-06 -1.80566e-06 8.3702e-10)
(-2.86394e-06 -5.5929e-07 2.91727e-10)
(-9.00083e-07 -1.6812e-07 9.74557e-11)
(-2.74193e-07 -4.91272e-08 3.12666e-11)
(-8.11077e-08 -1.39771e-08 9.64843e-12)
(-2.33351e-08 -3.87718e-09 2.86626e-12)
(-6.53964e-09 -1.04999e-09 8.20099e-13)
(-1.7877e-09 -2.77934e-10 2.26637e-13)
(-4.77296e-10 -7.19888e-11 6.0164e-14)
(-1.24605e-10 -1.82665e-11 1.63553e-14)
(-3.18448e-11 -4.54209e-12 4.67293e-15)
(-7.97552e-12 -1.10748e-12 1.16823e-15)
(-1.96146e-12 -2.66357e-13 0)
(-4.70798e-13 -6.19163e-14 0)
(-1.10982e-13 -1.5187e-14 0)
(-2.68693e-14 -2.33646e-15 0)
(-2.33646e-15 0 -5.84116e-16)
(0 0 -1.16823e-15)
(-1.16823e-15 0 -5.84116e-16)
(0 0 0)
(0 1.16823e-15 0)
(3.5047e-15 -2.33646e-15 5.84116e-16)
(-2.33646e-15 0 0)
(0 0 -5.84116e-16)
(-0.0104784 -0.00698044 2.02582e-07)
(-0.00484292 -0.00301628 1.07574e-07)
(-0.00212369 -0.00123988 5.39022e-08)
(-0.000885511 -0.000486219 2.54984e-08)
(-0.000351993 -0.000182416 1.14005e-08)
(-0.000133746 -6.56543e-05 4.82497e-09)
(-4.87077e-05 -2.27273e-05 1.93716e-09)
(-1.70449e-05 -7.58497e-06 7.39365e-10)
(-5.74535e-06 -2.44587e-06 2.68874e-10)
(-1.86957e-06 -7.63593e-07 9.33353e-11)
(-5.88535e-07 -2.31229e-07 3.0978e-11)
(-1.79572e-07 -6.80318e-08 9.84002e-12)
(-5.31997e-08 -1.94782e-08 2.99301e-12)
(-1.53281e-08 -5.43475e-09 8.71501e-13)
(-4.30157e-09 -1.47972e-09 2.42408e-13)
(-1.17741e-09 -3.93625e-10 6.60051e-14)
(-3.1473e-10 -1.02418e-10 1.75235e-14)
(-8.22576e-11 -2.60901e-11 5.84116e-15)
(-2.10457e-11 -6.51523e-12 1.75235e-15)
(-5.27457e-12 -1.59464e-12 0)
(-1.29907e-12 -3.80844e-13 0)
(-3.11918e-13 -8.52809e-14 0)
(-7.47669e-14 -2.10282e-14 0)
(-1.5187e-14 -1.16823e-15 -5.84116e-16)
(-4.67293e-15 1.16823e-15 0)
(0 0 0)
(0 0 0)
(0 1.16823e-15 0)
(0 0 0)
(0 0 0)
(0 0 0)
(0 0 0)
(-0.00366798 -0.00792986 -1.74205e-08)
(-0.00168815 -0.00341034 -8.2099e-09)
(-0.000738354 -0.00139878 -3.44951e-09)
(-0.000307404 -0.000548304 -1.29226e-09)
(-0.0001221 -0.00020587 -4.28773e-10)
(-4.63822e-05 -7.42113e-05 -1.23752e-10)
(-1.6893e-05 -2.57416e-05 -2.95592e-11)
(-5.91351e-06 -8.6106e-06 -5.01113e-12)
(-1.99423e-06 -2.78326e-06 -9.92997e-14)
(-6.49299e-07 -8.71022e-07 3.48133e-13)
(-2.04522e-07 -2.64386e-07 1.64137e-13)
(-6.24423e-08 -7.79651e-08 3.79675e-14)
(-1.85106e-08 -2.2371e-08 -1.16823e-15)
(-5.33663e-09 -6.25483e-09 -7.59351e-15)
(-1.49852e-09 -1.70633e-09 -5.84116e-15)
(-4.10399e-10 -4.54741e-10 -2.92058e-15)
(-1.09766e-10 -1.18525e-10 -5.84116e-16)
(-2.87023e-11 -3.02455e-11 1.75235e-15)
(-7.34818e-12 -7.5643e-12 0)
(-1.84113e-12 -1.85515e-12 0)
(-4.54442e-13 -4.46265e-13 1.16823e-15)
(-1.10982e-13 -1.03973e-13 -1.16823e-15)
(-2.45329e-14 -2.10282e-14 0)
(-5.84116e-15 -4.67293e-15 0)
(-1.16823e-15 0 -5.84116e-16)
(1.16823e-15 0 -1.16823e-15)
(0 0 0)
(0 0 -1.75235e-15)
(0 0 -5.84116e-16)
(0 0 0)
(0 0 0)
(0 0 0)
(-0.0240391 0.0192234 1.71468e-07)
(-0.00659041 0.00687485 1.17888e-07)
(-0.00201528 0.00247143 7.00384e-08)
(-0.000660751 0.000879292 3.54015e-08)
(-0.000223542 0.000306797 1.59394e-08)
(-7.59684e-05 0.000104459 6.60675e-09)
(-2.55256e-05 3.46232e-05 2.5643e-09)
(-8.40831e-06 1.11612e-05 9.43141e-10)
(-2.70408e-06 3.49903e-06 3.30552e-10)
(-8.47474e-07 1.06728e-06 1.1098e-10)
(-2.58711e-07 3.16969e-07 3.57666e-11)
(-7.69435e-08 9.17379e-08 1.10959e-11)
(-2.23077e-08 2.58994e-08 3.31544e-12)
(-6.30962e-09 7.13945e-09 9.5503e-13)
(-1.74262e-09 1.92354e-09 2.65189e-13)
(-4.70386e-10 5.07006e-10 7.12622e-14)
(-1.24211e-10 1.30857e-10 1.81076e-14)
(-3.21159e-11 3.30972e-11 6.42528e-15)
(-8.13674e-12 8.20917e-12 1.16823e-15)
(-2.02338e-12 1.99417e-12 1.75235e-15)
(-4.92994e-13 4.74302e-13 0)
(-1.1916e-13 1.05141e-13 1.16823e-15)
(-2.80376e-14 1.75235e-14 0)
(-4.67293e-15 -1.16823e-15 0)
(-1.16823e-15 0 1.16823e-15)
(-2.33646e-15 -1.16823e-15 0)
(2.33646e-15 -2.33646e-15 0)
(-2.33646e-15 -3.5047e-15 0)
(0 -3.5047e-15 0)
(2.33646e-15 -1.16823e-15 0)
(0 -1.16823e-15 5.84116e-16)
(0 -1.16823e-15 0)
(-0.0244233 0.00567884 5.10853e-07)
(-0.0101615 0.00316405 3.24307e-07)
(-0.00398028 0.00140586 1.75147e-07)
(-0.00150388 0.000563134 8.37321e-08)
(-0.00055129 0.000211258 3.65398e-08)
(-0.000196206 7.54139e-05 1.48312e-08)
(-6.77727e-05 2.5822e-05 5.66936e-09)
(-2.27159e-05 8.52041e-06 2.05621e-09)
(-7.38981e-06 2.7179e-06 7.1154e-10)
(-2.33459e-06 8.40114e-07 2.3569e-10)
(-7.16831e-07 2.52126e-07 7.49427e-11)
(-2.14126e-07 7.35858e-08 2.29049e-11)
(-6.22908e-08 2.09177e-08 6.73603e-12)
(-1.76662e-08 5.7991e-09 1.90597e-12)
(-4.88983e-09 1.5699e-09 5.18111e-13)
(-1.32229e-09 4.15478e-10 1.34931e-13)
(-3.49697e-10 1.07608e-10 3.44628e-14)
(-9.05322e-11 2.73028e-11 7.59351e-15)
(-2.29651e-11 6.79093e-12 1.75235e-15)
(-5.71499e-12 1.65655e-12 -1.16823e-15)
(-1.39487e-12 3.96031e-13 -2.33646e-15)
(-3.35283e-13 9.22903e-14 -5.84116e-16)
(-7.82716e-14 2.10282e-14 -1.16823e-15)
(-1.5187e-14 4.67293e-15 -2.33646e-15)
(0 0 0)
(0 0 0)
(-2.33646e-15 2.33646e-15 -5.84116e-16)
(0 0 -5.84116e-16)
(0 0 0)
(2.33646e-15 0 0)
(0 -2.33646e-15 0)
(0 -2.33646e-15 0)
(-0.0238452 0.000763132 5.93412e-07)
(-0.0108634 0.000812883 3.53071e-07)
(-0.00461619 0.000477144 1.88321e-07)
(-0.00185536 0.000225626 9.13286e-08)
(-0.000711262 9.45113e-05 4.08363e-08)
(-0.000261405 3.64642e-05 1.7048e-08)
(-9.24191e-05 1.32176e-05 6.69798e-09)
(-3.15124e-05 4.55347e-06 2.49511e-09)
(-1.03844e-05 1.50189e-06 8.84764e-10)
(-3.31325e-06 4.76712e-07 3.0007e-10)
(-1.02524e-06 1.46162e-07 9.75065e-11)
(-3.08151e-07 4.34152e-08 3.04576e-11)
(-9.00944e-08 1.25231e-08 9.14551e-12)
(-2.56574e-08 3.51489e-09 2.64605e-12)
(-7.12625e-09 9.61571e-10 7.35986e-13)
(-1.93268e-09 2.56787e-10 1.98015e-13)
(-5.1239e-10 6.70273e-11 4.96499e-14)
(-1.32932e-10 1.71204e-11 1.16823e-14)
(-3.37841e-11 4.28391e-12 2.92058e-15)
(-8.41594e-12 1.05024e-12 0)
(-2.05726e-12 2.52338e-13 0)
(-4.96499e-13 6.07481e-14 0)
(-1.14487e-13 1.28506e-14 -1.16823e-15)
(-2.45329e-14 5.84116e-15 0)
(-4.67293e-15 -1.16823e-15 1.16823e-15)
(-1.16823e-15 0 0)
(0 0 0)
(-2.33646e-15 0 -5.84116e-16)
(0 0 0)
(0 0 0)
(0 0 -5.84116e-16)
(2.33646e-15 0 -1.16823e-15)
(-0.0224245 -0.00171833 5.94548e-07)
(-0.0104475 -0.000555157 3.44609e-07)
(-0.00456754 -0.000152173 1.82977e-07)
(-0.00188651 -3.33618e-05 8.93809e-08)
(-0.000740452 -4.21385e-06 4.05126e-08)
(-0.000277499 9.47808e-07 1.71734e-08)
(-9.96834e-05 1.02791e-06 6.85831e-09)
(-3.44316e-05 5.35022e-07 2.59457e-09)
(-1.14666e-05 2.23703e-07 9.34406e-10)
(-3.69032e-06 8.31501e-08 3.21488e-10)
(-1.15013e-06 2.85653e-08 1.06014e-10)
(-3.47765e-07 9.24841e-09 3.35791e-11)
(-1.02191e-07 2.85429e-09 1.02372e-11)
(-2.92278e-08 8.45948e-10 3.00528e-12)
(-8.14793e-09 2.4202e-10 8.50473e-13)
(-2.21684e-09 6.70927e-11 2.31894e-13)
(-5.89363e-10 1.80749e-11 6.07481e-14)
(-1.53273e-10 4.74302e-12 1.46029e-14)
(-3.90365e-11 1.2173e-12 3.5047e-15)
(-9.74656e-12 3.08413e-13 0)
(-2.38319e-12 7.47669e-14 0)
(-5.73602e-13 1.75235e-14 5.84116e-16)
(-1.34347e-13 5.84116e-15 -1.75235e-15)
(-2.92058e-14 0 0)
(-5.84116e-15 1.16823e-15 0)
(-1.16823e-15 1.16823e-15 1.16823e-15)
(0 1.16823e-15 0)
(0 0 -5.84116e-16)
(0 2.33646e-15 0)
(-2.33646e-15 0 0)
(2.33646e-15 2.33646e-15 0)
(0 2.33646e-15 0)
(-0.0199105 -0.00362021 5.212e-07)
(-0.00929722 -0.0015241 2.8701e-07)
(-0.0040944 -0.000601983 1.4711e-07)
(-0.0017074 -0.000225322 7.02973e-08)
(-0.000676953 -8.05211e-05 3.14609e-08)
(-0.000256163 -2.76235e-05 1.32472e-08)
(-9.28319e-05 -9.13436e-06 5.27426e-09)
(-3.23166e-05 -2.92051e-06 1.99368e-09)
(-1.08362e-05 -9.05091e-07 7.18262e-10)
(-3.50838e-06 -2.72432e-07 2.47386e-10)
(-1.09914e-06 -7.97815e-08 8.16764e-11)
(-3.33863e-07 -2.27653e-08 2.59032e-11)
(-9.84968e-08 -6.338e-09 7.90484e-12)
(-2.82697e-08 -1.7237e-09 2.32245e-12)
(-7.9051e-09 -4.58438e-10 6.57715e-13)
(-2.15663e-09 -1.19357e-10 1.79908e-13)
(-5.74738e-10 -3.04523e-11 4.61452e-14)
(-1.49792e-10 -7.61571e-12 1.10982e-14)
(-3.82222e-11 -1.87034e-12 2.92058e-15)
(-9.55614e-12 -4.49769e-13 2.33646e-15)
(-2.34698e-12 -1.02804e-13 0)
(-5.66593e-13 -2.45329e-14 0)
(-1.3201e-13 -5.84116e-15 -5.84116e-16)
(-2.80376e-14 -1.16823e-15 1.16823e-15)
(-5.84116e-15 0 1.16823e-15)
(1.16823e-15 -1.16823e-15 5.84116e-16)
(0 -1.16823e-15 1.16823e-15)
(-1.16823e-15 2.33646e-15 0)
(0 0 0)
(0 1.16823e-15 0)
(0 0 0)
(0 0 0)
(-0.0159802 -0.00541549 4.1552e-07)
(-0.0074293 -0.00234535 2.26573e-07)
(-0.00326876 -0.000961331 1.15723e-07)
(-0.00136505 -0.000374711 5.54779e-08)
(-0.000542754 -0.000139485 2.50242e-08)
(-0.000206113 -4.97703e-05 1.06597e-08)
(-7.49804e-05 -1.7077e-05 4.30253e-09)
(-2.62024e-05 -5.64997e-06 1.65162e-09)
(-8.81849e-06 -1.80684e-06 6.04822e-10)
(-2.86501e-06 -5.59694e-07 2.11943e-10)
(-9.00461e-07 -1.68253e-07 7.12423e-11)
(-2.74321e-07 -4.91694e-08 2.30253e-11)
(-8.11494e-08 -1.399e-08 7.16827e-12)
(-2.33482e-08 -3.88098e-09 2.15247e-12)
(-6.5436e-09 -1.05107e-09 6.22668e-13)
(-1.78885e-09 -2.7823e-10 1.74067e-13)
(-4.77621e-10 -7.20636e-11 4.67293e-14)
(-1.24691e-10 -1.82817e-11 1.22664e-14)
(-3.18694e-11 -4.54559e-12 2.92058e-15)
(-7.98136e-12 -1.11216e-12 0)
(-1.95913e-12 -2.67525e-13 1.16823e-15)
(-4.7547e-13 -6.19163e-14 1.16823e-15)
(-1.10982e-13 -1.28506e-14 -1.16823e-15)
(-2.21964e-14 -4.67293e-15 1.16823e-15)
(-5.84116e-15 -3.5047e-15 5.84116e-16)
(-2.33646e-15 0 0)
(2.33646e-15 0 0)
(1.16823e-15 0 5.84116e-16)
(0 0 1.16823e-15)
(-1.16823e-15 -1.16823e-15 0)
(0 0 0)
(0 0 0)
(-0.0104786 -0.00698133 9.35051e-08)
(-0.00484306 -0.00301677 4.9634e-08)
(-0.00212376 -0.00124013 2.50041e-08)
(-0.00088555 -0.000486336 1.19127e-08)
(-0.000352012 -0.000182469 5.36924e-09)
(-0.000133755 -6.56766e-05 2.28822e-09)
(-4.87116e-05 -2.27363e-05 9.24649e-10)
(-1.70464e-05 -7.58839e-06 3.54641e-10)
(-5.74597e-06 -2.44712e-06 1.29533e-10)
(-1.8698e-06 -7.6403e-07 4.50984e-11)
(-5.88616e-07 -2.31376e-07 1.50094e-11)
(-1.79599e-07 -6.80792e-08 4.77398e-12)
(-5.32084e-08 -1.9493e-08 1.45328e-12)
(-1.53307e-08 -5.43918e-09 4.229e-13)
(-4.30235e-09 -1.48101e-09 1.17407e-13)
(-1.17762e-09 -3.93984e-10 3.15423e-14)
(-3.14788e-10 -1.02516e-10 9.34586e-15)
(-8.22751e-11 -2.61182e-11 2.92058e-15)
(-2.10504e-11 -6.52341e-12 1.16823e-15)
(-5.27924e-12 -1.59581e-12 -5.84116e-16)
(-1.29557e-12 -3.8318e-13 -1.16823e-15)
(-3.11918e-13 -8.99539e-14 0)
(-7.47669e-14 -1.86917e-14 0)
(-1.75235e-14 -3.5047e-15 0)
(-1.16823e-15 0 -5.84116e-16)
(0 -2.33646e-15 0)
(0 -2.33646e-15 0)
(0 -2.33646e-15 0)
(0 -2.33646e-15 0)
(0 0 0)
(0 0 0)
(0 0 0)
(-0.00366789 -0.00792998 -3.20561e-08)
(-0.0016881 -0.00341041 -1.59726e-08)
(-0.000738328 -0.00139882 -7.34573e-09)
(-0.000307391 -0.000548322 -3.14195e-09)
(-0.000122094 -0.000205878 -1.26085e-09)
(-4.638e-05 -7.42149e-05 -4.77941e-10)
(-1.68922e-05 -2.57431e-05 -1.72533e-10)
(-5.91321e-06 -8.61119e-06 -5.96955e-11)
(-1.99412e-06 -2.78348e-06 -1.99639e-11)
(-6.49263e-07 -8.71099e-07 -6.49537e-12)
(-2.0451e-07 -2.64411e-07 -2.07653e-12)
(-6.24386e-08 -7.79734e-08 -6.5421e-13)
(-1.85094e-08 -2.23735e-08 -2.05025e-13)
(-5.33626e-09 -6.25554e-09 -6.30845e-14)
(-1.4984e-09 -1.70652e-09 -2.04441e-14)
(-4.10365e-10 -4.54793e-10 -5.84116e-15)
(-1.09754e-10 -1.18537e-10 -2.33646e-15)
(-2.86988e-11 -3.0249e-11 -5.84116e-16)
(-7.34701e-12 -7.56314e-12 0)
(-1.84113e-12 -1.85282e-12 0)
(-4.53274e-13 -4.43928e-13 0)
(-1.13319e-13 -1.00468e-13 0)
(-2.45329e-14 -2.10282e-14 0)
(-3.5047e-15 -1.16823e-15 0)
(-4.67293e-15 2.33646e-15 0)
(2.33646e-15 2.33646e-15 0)
(-2.33646e-15 2.33646e-15 0)
(0 2.33646e-15 0)
(0 2.33646e-15 -1.16823e-15)
(2.33646e-15 0 0)
(0 0 -5.84116e-16)
(2.33646e-15 0 0)
)
;

boundaryField
{
    base
    {
        type            calculated;
        value           nonuniform List<vector> 
160
(
(-2.73565 1.67353 -8.75991e-08)
(-1.34526 0.453853 -8.06039e-08)
(-0.92024 0.143823 -7.16869e-08)
(-0.769967 0.0522934 -6.78705e-08)
(-0.711067 0.0208099 -2.91861e-08)
(-0.686728 0.00863512 -3.01403e-08)
(-0.676526 0.00360888 -8.4671e-09)
(-0.672292 0.00148713 -1.1536e-08)
(-2.73565 1.67353 -5.18864e-08)
(-1.34526 0.453853 1.96623e-07)
(-0.920241 0.143823 2.35643e-07)
(-0.769968 0.0522935 3.17745e-07)
(-0.711067 0.02081 2.80412e-07)
(-0.686728 0.00863516 2.32996e-07)
(-0.676526 0.00360892 1.65915e-07)
(-0.672292 0.00148714 1.07314e-07)
(-2.73565 1.67353 2.01585e-07)
(-1.34526 0.453854 9.25364e-07)
(-0.920238 0.143824 1.31667e-06)
(-0.769965 0.0522935 1.41319e-06)
(-0.711064 0.0208097 1.23196e-06)
(-0.686726 0.00863489 9.64311e-07)
(-0.676525 0.00360863 6.73649e-07)
(-0.672292 0.00148693 4.37857e-07)
(-2.73565 1.67353 1.65872e-07)
(-1.34525 0.453855 6.48137e-07)
(-0.92023 0.143824 1.00934e-06)
(-0.769957 0.0522934 1.02758e-06)
(-0.711057 0.0208091 9.22357e-07)
(-0.68672 0.00863405 7.01174e-07)
(-0.676521 0.00360787 4.99267e-07)
(-0.672289 0.00148633 3.19006e-07)
(-0.670577 0.000596996 -5.62486e-09)
(-0.669904 0.000232064 -7.72388e-09)
(-0.669649 8.72562e-05 -7.09005e-09)
(-0.669555 3.20731e-05 -7.96119e-09)
(-0.669521 1.21805e-05 -8.06374e-09)
(-0.669507 5.81151e-06 -8.29933e-09)
(-0.669498 4.41832e-06 -8.3402e-09)
(-0.669489 4.48455e-06 -8.59674e-09)
(-0.670578 0.000597004 6.4183e-08)
(-0.669904 0.000232061 3.47674e-08)
(-0.669649 8.72557e-05 1.77366e-08)
(-0.669555 3.20711e-05 8.11105e-09)
(-0.669521 1.21798e-05 3.29862e-09)
(-0.669507 5.81096e-06 9.50904e-10)
(-0.669498 4.41772e-06 -1.54522e-10)
(-0.669489 4.48415e-06 -7.36241e-10)
(-0.670577 0.000596851 2.70628e-07)
(-0.669904 0.000231971 1.632e-07)
(-0.669649 8.72029e-05 1.02711e-07)
(-0.669555 3.20442e-05 6.9669e-08)
(-0.669521 1.21661e-05 5.36164e-08)
(-0.669507 5.80461e-06 4.58164e-08)
(-0.669498 4.41494e-06 4.22335e-08)
(-0.669489 4.48302e-06 4.1454e-08)
(-0.670575 0.000596454 2.0082e-07)
(-0.669903 0.000231725 1.20709e-07)
(-0.669648 8.70687e-05 7.78838e-08)
(-0.669555 3.1973e-05 5.35968e-08)
(-0.669521 1.21321e-05 4.2254e-08)
(-0.669506 5.78819e-06 3.65661e-08)
(-0.669497 4.409e-06 3.40478e-08)
(-0.669489 4.48112e-06 3.35935e-08)
(-0.66948 4.33755e-06 -8.53882e-09)
(-0.669472 3.4781e-06 -8.88399e-09)
(-0.669466 2.16193e-06 -8.74649e-09)
(-0.669463 7.19466e-07 -8.89426e-09)
(-0.669463 -7.18632e-07 -8.83128e-09)
(-0.669466 -2.16012e-06 -8.83998e-09)
(-0.669472 -3.48199e-06 -8.84362e-09)
(-0.66948 -4.36431e-06 -8.60114e-09)
(-0.66948 4.33697e-06 -9.20796e-10)
(-0.669472 3.47768e-06 -1.19262e-09)
(-0.669466 2.16191e-06 -1.11056e-09)
(-0.669463 7.19296e-07 -1.21821e-09)
(-0.669463 -7.18523e-07 -1.13359e-09)
(-0.669466 -2.16015e-06 -1.13649e-09)
(-0.669472 -3.48151e-06 -1.04849e-09)
(-0.66948 -4.3641e-06 -8.5189e-10)
(-0.66948 4.33663e-06 4.07146e-08)
(-0.669472 3.47772e-06 4.16387e-08)
(-0.669466 2.16188e-06 4.13751e-08)
(-0.669463 7.1942e-07 4.17482e-08)
(-0.669463 -7.18468e-07 4.17377e-08)
(-0.669466 -2.15995e-06 4.17584e-08)
(-0.669472 -3.48142e-06 4.19832e-08)
(-0.66948 -4.36366e-06 4.13063e-08)
(-0.669479 4.33734e-06 3.30965e-08)
(-0.669471 3.479e-06 3.39474e-08)
(-0.669466 2.16213e-06 3.37391e-08)
(-0.669463 7.20022e-07 3.40722e-08)
(-0.669463 -7.18503e-07 3.404e-08)
(-0.669466 -2.15965e-06 3.4055e-08)
(-0.669471 -3.48242e-06 3.41881e-08)
(-0.66948 -4.3637e-06 3.3557e-08)
(-0.669489 -4.5454e-06 -8.73619e-09)
(-0.669498 -4.55325e-06 -8.63263e-09)
(-0.669507 -6.07754e-06 -8.96574e-09)
(-0.669522 -1.27017e-05 -9.83692e-09)
(-0.669558 -3.29938e-05 -1.06051e-08)
(-0.669654 -8.88141e-05 -1.49807e-08)
(-0.669913 -0.000234285 -1.64868e-08)
(-0.670591 -0.000599854 -3.20376e-08)
(-0.669489 -4.54546e-06 -7.2404e-10)
(-0.669498 -4.55371e-06 -2.45839e-10)
(-0.669507 -6.07994e-06 5.98816e-10)
(-0.669522 -1.2705e-05 2.18939e-09)
(-0.669558 -3.30041e-05 6.772e-09)
(-0.669654 -8.88259e-05 1.27463e-08)
(-0.669913 -0.000234319 3.10985e-08)
(-0.670592 -0.000599881 4.75596e-08)
(-0.669489 -4.54419e-06 4.21835e-08)
(-0.669498 -4.5506e-06 4.32208e-08)
(-0.669507 -6.07267e-06 4.75491e-08)
(-0.669522 -1.26894e-05 5.76756e-08)
(-0.669558 -3.29727e-05 7.66119e-08)
(-0.669654 -8.87654e-05 1.21013e-07)
(-0.669913 -0.000234215 1.88764e-07)
(-0.670591 -0.000599711 3.33575e-07)
(-0.669489 -4.54164e-06 3.41714e-08)
(-0.669498 -4.54298e-06 3.4834e-08)
(-0.669507 -6.05103e-06 3.79846e-08)
(-0.669522 -1.26469e-05 4.56492e-08)
(-0.669558 -3.28774e-05 5.92349e-08)
(-0.669653 -8.86015e-05 9.32856e-08)
(-0.669912 -0.000233894 1.41178e-07)
(-0.670589 -0.000599257 2.53978e-07)
(-0.672313 -0.00148984 -2.99059e-08)
(-0.676551 -0.00361038 -6.85127e-08)
(-0.686754 -0.00863374 -4.1478e-08)
(-0.711086 -0.0208045 -1.0442e-07)
(-0.769972 -0.0522846 -1.5702e-08)
(-0.920224 -0.143814 -7.50132e-08)
(-1.34523 -0.453853 8.39822e-08)
(-2.73564 -1.67354 1.54634e-07)
(-0.672313 -0.00148991 1.02655e-07)
(-0.676551 -0.00361041 1.26931e-07)
(-0.686755 -0.00863381 2.41397e-07)
(-0.711087 -0.0208044 2.2574e-07)
(-0.769972 -0.0522845 3.71664e-07)
(-0.920225 -0.143813 2.23435e-07)
(-1.34523 -0.453853 3.36052e-07)
(-2.73564 -1.67354 1.69174e-07)
(-0.672312 -0.00148968 5.00778e-07)
(-0.67655 -0.0036101 8.16347e-07)
(-0.686752 -0.00863354 1.0344e-06)
(-0.711084 -0.0208042 1.39644e-06)
(-0.769969 -0.0522846 1.3388e-06)
(-0.920222 -0.143814 1.29527e-06)
(-1.34522 -0.453853 5.93877e-07)
(-2.73564 -1.67355 -1.93742e-07)
(-0.672309 -0.00148895 3.68217e-07)
(-0.676545 -0.00360934 6.20904e-07)
(-0.686746 -0.00863265 7.5153e-07)
(-0.711075 -0.0208038 1.06628e-06)
(-0.769962 -0.0522847 9.51429e-07)
(-0.920214 -0.143815 9.96824e-07)
(-1.34522 -0.453856 3.41807e-07)
(-2.73564 -1.67355 -2.08281e-07)
)
;
    }
    cooled
    {
        type            calculated;
        value           nonuniform List<vector> 
992
(
(-1.75521 2.65187 -8.75991e-08)
(-1.75521 2.65187 -5.18864e-08)
(-1.75521 2.65187 2.01585e-07)
(-1.75521 2.65187 1.65872e-07)
(-0.527763 1.10232 -1.70756e-07)
(-0.527763 1.10232 -1.0714e-08)
(-0.527763 1.10232 5.4719e-07)
(-0.527762 1.10232 3.87148e-07)
(-0.204454 0.540815 -1.76247e-07)
(-0.204454 0.540814 6.37342e-08)
(-0.204454 0.540816 7.76141e-07)
(-0.204454 0.54082 5.3616e-07)
(-0.097557 0.2845 -1.39402e-07)
(-0.0975569 0.284499 1.18302e-07)
(-0.0975569 0.284501 8.25943e-07)
(-0.0975569 0.284505 5.68239e-07)
(-0.0517109 0.150587 -9.11964e-08)
(-0.0517107 0.150586 1.35244e-07)
(-0.0517109 0.150588 7.31539e-07)
(-0.0517112 0.150592 5.05099e-07)
(-0.0280333 0.0776563 -5.0896e-08)
(-0.0280332 0.0776559 1.20224e-07)
(-0.0280334 0.0776573 5.65522e-07)
(-0.0280339 0.0776604 3.94401e-07)
(-0.0148701 0.0384537 -2.46548e-08)
(-0.01487 0.0384535 9.00018e-08)
(-0.0148702 0.0384544 3.91817e-07)
(-0.0148706 0.0384566 2.77161e-07)
(-0.0075669 0.018176 -1.06242e-08)
(-0.00756686 0.0181759 5.86775e-08)
(-0.00756701 0.0181765 2.48321e-07)
(-0.00756735 0.0181779 1.79019e-07)
(-0.00366554 0.00818607 -4.30723e-09)
(-0.00366552 0.00818603 3.41482e-08)
(-0.00366562 0.00818634 1.46073e-07)
(-0.00366586 0.0081872 1.07617e-07)
(-0.00168666 0.00351383 -1.66795e-09)
(-0.00168666 0.00351382 1.80937e-08)
(-0.00168671 0.00351397 8.02146e-08)
(-0.00168687 0.00351446 6.0453e-08)
(-0.000737514 0.00143942 -6.33102e-10)
(-0.000737511 0.00143941 8.86123e-09)
(-0.000737542 0.00143949 4.12069e-08)
(-0.000737632 0.00143974 3.17126e-08)
(-0.000306961 0.000563772 -2.25752e-10)
(-0.00030696 0.00056377 4.04882e-09)
(-0.000306976 0.000563805 1.98269e-08)
(-0.000307025 0.000563929 1.55524e-08)
(-0.000121882 0.00021157 -7.96384e-11)
(-0.000121882 0.00021157 1.73378e-09)
(-0.000121889 0.000211584 8.96255e-09)
(-0.000121914 0.000211642 7.14913e-09)
(-4.62821e-05 7.62431e-05 -2.58541e-11)
(-4.6282e-05 7.62429e-05 6.97888e-10)
(-4.62851e-05 7.62487e-05 3.81228e-09)
(-4.62969e-05 7.62734e-05 3.08854e-09)
(-1.68497e-05 2.64419e-05 -8.83008e-12)
(-1.68497e-05 2.64419e-05 2.6413e-10)
(-1.6851e-05 2.64441e-05 1.53219e-09)
(-1.68562e-05 2.64541e-05 1.25923e-09)
(-5.89582e-06 8.84412e-06 -2.94278e-12)
(-5.89581e-06 8.84409e-06 9.38447e-11)
(-5.89629e-06 8.84487e-06 5.82696e-10)
(-5.89845e-06 8.84876e-06 4.85907e-10)
(-1.98738e-06 2.85865e-06 -1.1694e-12)
(-1.98737e-06 2.85864e-06 3.12093e-11)
(-1.98754e-06 2.8589e-06 2.10535e-10)
(-1.98839e-06 2.86032e-06 1.78159e-10)
(-6.46774e-07 8.94614e-07 -4.79559e-13)
(-6.46772e-07 8.9461e-07 9.6239e-12)
(-6.46831e-07 8.94691e-07 7.22984e-11)
(-6.47146e-07 8.95189e-07 6.21955e-11)
(-2.03633e-07 2.71551e-07 -2.21964e-13)
(-2.03633e-07 2.71549e-07 2.71205e-12)
(-2.03651e-07 2.71573e-07 2.36736e-11)
(-2.03762e-07 2.71739e-07 2.07402e-11)
(-6.2143e-08 8.00806e-08 -9.75474e-14)
(-6.21427e-08 8.00798e-08 6.71734e-13)
(-6.21482e-08 8.0086e-08 7.37972e-12)
(-6.21856e-08 8.01389e-08 6.61219e-12)
(-1.84138e-08 2.29791e-08 -4.38087e-14)
(-1.84137e-08 2.29787e-08 1.32594e-13)
(-1.84152e-08 2.29801e-08 2.19628e-12)
(-1.84272e-08 2.29963e-08 2.01929e-12)
(-5.30652e-09 6.42523e-09 -1.92758e-14)
(-5.30645e-09 6.42508e-09 1.05141e-14)
(-5.3068e-09 6.42532e-09 6.215e-13)
(-5.31051e-09 6.43004e-09 5.90541e-13)
(-1.4895e-09 1.75297e-09 -8.17763e-15)
(-1.48947e-09 1.7529e-09 -5.84116e-15)
(-1.48953e-09 1.75292e-09 1.67057e-13)
(-1.49063e-09 1.75424e-09 1.65889e-13)
(-4.0779e-10 4.67234e-10 -4.08881e-15)
(-4.07782e-10 4.67204e-10 -5.84116e-15)
(-4.07784e-10 4.67184e-10 4.0304e-14)
(-4.08095e-10 4.67533e-10 4.38087e-14)
(-1.09035e-10 1.21805e-10 -2.92058e-15)
(-1.09029e-10 1.21778e-10 -2.92058e-15)
(-1.09026e-10 1.21782e-10 1.05141e-14)
(-1.09105e-10 1.21866e-10 1.05141e-14)
(-2.85037e-11 3.10915e-11 -5.84116e-16)
(-2.85002e-11 3.10839e-11 -1.16823e-15)
(-2.85037e-11 3.108e-11 1.75235e-15)
(-2.85236e-11 3.11068e-11 4.08881e-15)
(-7.29444e-12 7.79011e-12 -2.33646e-15)
(-7.29678e-12 7.7748e-12 -2.92058e-15)
(-7.29444e-12 7.76714e-12 0)
(-7.29795e-12 7.7748e-12 1.16823e-15)
(-1.83412e-12 1.91403e-12 -2.33646e-15)
(-1.82945e-12 1.90255e-12 -5.84116e-16)
(-1.82828e-12 1.90638e-12 1.75235e-15)
(-1.83179e-12 1.91403e-12 1.16823e-15)
(-4.47433e-13 4.63196e-13 -5.84116e-16)
(-4.47433e-13 4.5554e-13 -5.84116e-16)
(-4.49769e-13 4.5554e-13 0)
(-4.52106e-13 4.51711e-13 -1.16823e-15)
(-1.08646e-13 1.14842e-13 -1.16823e-15)
(-1.07477e-13 1.07186e-13 -1.16823e-15)
(-1.07477e-13 1.03358e-13 -5.84116e-16)
(-1.10982e-13 1.07186e-13 5.84116e-16)
(-2.68693e-14 3.06245e-14 0)
(-2.45329e-14 2.67964e-14 -1.16823e-15)
(-2.68693e-14 2.29684e-14 -2.92058e-15)
(-2.68693e-14 1.14842e-14 -1.16823e-15)
(-5.84116e-15 7.65613e-15 0)
(-5.84116e-15 7.65613e-15 0)
(-3.5047e-15 3.82806e-15 -2.33646e-15)
(-5.84116e-15 -3.82806e-15 -5.84116e-16)
(-2.33646e-15 7.65613e-15 0)
(-3.5047e-15 3.82806e-15 -2.33646e-15)
(-2.33646e-15 0 -5.84116e-16)
(2.33646e-15 -7.65613e-15 -1.16823e-15)
(-1.16823e-15 0 0)
(0 0 0)
(0 0 0)
(3.5047e-15 3.82806e-15 1.16823e-15)
(1.16823e-15 3.82806e-15 0)
(1.16823e-15 -3.82806e-15 -1.16823e-15)
(0 0 1.16823e-15)
(-1.16823e-15 3.82806e-15 5.84116e-16)
(-1.16823e-15 3.82806e-15 0)
(2.33646e-15 7.65613e-15 0)
(0 0 -1.16823e-15)
(0 0 0)
(0 0 0)
(-2.33646e-15 3.82806e-15 0)
(0 0 0)
(0 0 0)
(-2.33646e-15 -3.82806e-15 5.84116e-16)
(-1.16823e-15 7.65613e-15 1.16823e-15)
(0 0 -1.16823e-15)
(0 0 0)
(2.33646e-15 0 0)
(-2.33646e-15 -3.82806e-15 0)
(0 0 0)
(0 0 0)
(0 0 0)
(2.33646e-15 0 0)
(0 -3.82806e-15 -5.84116e-16)
(0 0 5.84116e-16)
(0 0 0)
(-3.82806e-15 0 -1.16823e-15)
(3.82806e-15 -1.16823e-15 0)
(0 1.16823e-15 5.84116e-16)
(0 0 1.16823e-15)
(0 -1.16823e-15 5.84116e-16)
(7.65613e-15 -2.33646e-15 1.16823e-15)
(3.82806e-15 3.5047e-15 0)
(0 0 0)
(0 -1.16823e-15 -5.84116e-16)
(3.82806e-15 1.16823e-15 0)
(-3.82806e-15 4.67293e-15 0)
(-7.65613e-15 -2.33646e-15 0)
(0 -2.33646e-15 0)
(0 0 5.84116e-16)
(3.82806e-15 0 1.16823e-15)
(3.82806e-15 -1.16823e-15 -5.84116e-16)
(3.82806e-15 0 0)
(0 0 1.75235e-15)
(7.65613e-15 0 -1.16823e-15)
(0 1.16823e-15 0)
(0 0 0)
(0 0 0)
(0 0 0)
(0 -1.16823e-15 5.84116e-16)
(3.82806e-15 0 0)
(-7.65613e-15 1.16823e-15 1.16823e-15)
(0 0 1.16823e-15)
(-7.65613e-15 0 1.16823e-15)
(0 -1.16823e-15 0)
(0 0 0)
(0 0 0)
(3.82806e-15 -1.16823e-15 0)
(0 1.16823e-15 -1.16823e-15)
(-3.82806e-15 0 -1.16823e-15)
(0 0 0)
(-3.82806e-15 0 -5.84116e-16)
(3.82806e-15 -1.16823e-15 0)
(0 1.16823e-15 -1.75235e-15)
(0 0 0)
(3.82806e-15 -1.16823e-15 0)
(0 1.16823e-15 0)
(0 0 0)
(0 0 0)
(0 0 -1.16823e-15)
(3.82806e-15 -3.5047e-15 0)
(1.14842e-14 0 0)
(0 3.5047e-15 0)
(0 0 5.84116e-16)
(0 0 0)
(0 0 -5.84116e-16)
(0 -1.16823e-15 0)
(3.82806e-15 0 -5.84116e-16)
(0 1.16823e-15 0)
(0 0 1.75235e-15)
(3.82806e-15 0 0)
(0 -1.16823e-15 0)
(0 -2.33646e-15 0)
(3.82806e-15 2.33646e-15 0)
(-3.82806e-15 0 1.16823e-15)
(0 -2.33646e-15 5.84116e-16)
(3.82806e-15 0 0)
(3.82806e-15 2.33646e-15 -5.84116e-16)
(-3.82806e-15 0 1.16823e-15)
(0 0 0)
(0 0 0)
(0 0 0)
(3.82806e-15 0 5.84116e-16)
(0 -1.16823e-15 -5.84116e-16)
(7.65613e-15 0 1.16823e-15)
(0 0 0)
(1.14842e-14 1.16823e-15 1.16823e-15)
(3.82806e-15 -1.16823e-15 -5.84116e-16)
(3.82806e-15 1.16823e-15 -5.84116e-16)
(0 0 0)
(0 -1.16823e-15 0)
(3.82806e-15 0 0)
(0 1.16823e-15 5.84116e-16)
(0 0 0)
(3.82806e-15 0 1.16823e-15)
(0 0 5.84116e-16)
(0 0 5.84116e-16)
(0 0 -5.84116e-16)
(3.82806e-15 0 0)
(0 0 5.84116e-16)
(3.82806e-15 0 -5.84116e-16)
(0 0 0)
(3.82806e-15 0 0)
(0 -1.16823e-15 0)
(0 -2.33646e-15 0)
(7.65613e-15 0 -1.16823e-15)
(0 2.33646e-15 0)
(0 0 0)
(3.82806e-15 0 0)
(0 0 0)
(3.82806e-15 0 0)
(-0.0240435 -0.0293587 2.27244e-08)
(-0.0240436 -0.0293589 4.62371e-08)
(-0.0240437 -0.0293591 4.66983e-08)
(-0.0240438 -0.0293593 2.31857e-08)
(-0.00659272 -0.0090765 1.12774e-08)
(-0.00659275 -0.00907659 2.09336e-08)
(-0.00659279 -0.00907666 1.54742e-08)
(-0.00659283 -0.00907671 5.81801e-09)
(-0.00201665 -0.00298787 5.45339e-09)
(-0.00201667 -0.00298791 1.00886e-08)
(-0.00201668 -0.00298795 6.10588e-09)
(-0.00201669 -0.00298796 1.47064e-09)
(-0.00066148 -0.0010099 2.4936e-09)
(-0.000661488 -0.00100992 4.84911e-09)
(-0.000661495 -0.00100994 2.98751e-09)
(-0.000661498 -0.00100994 6.32003e-10)
(-0.00022389 -0.000341951 1.07327e-09)
(-0.000223894 -0.00034196 2.22403e-09)
(-0.000223898 -0.000341969 1.52059e-09)
(-0.000223899 -0.000341972 3.69828e-10)
(-7.61207e-05 -0.000114339 4.36742e-10)
(-7.61225e-05 -0.000114343 9.58168e-10)
(-7.61244e-05 -0.000114347 7.24012e-10)
(-7.61249e-05 -0.000114349 2.02588e-10)
(-2.55878e-05 -3.74684e-05 1.68358e-10)
(-2.55886e-05 -3.74698e-05 3.87359e-10)
(-2.55895e-05 -3.74715e-05 3.15275e-10)
(-2.55898e-05 -3.74723e-05 9.62746e-11)
(-8.43237e-06 -1.19881e-05 6.1737e-11)
(-8.43266e-06 -1.19886e-05 1.47345e-10)
(-8.43303e-06 -1.19892e-05 1.26022e-10)
(-8.4332e-06 -1.19896e-05 4.04156e-11)
(-2.71294e-06 -3.73898e-06 2.15504e-11)
(-2.71305e-06 -3.73915e-06 5.29373e-11)
(-2.7132e-06 -3.7394e-06 4.66545e-11)
(-2.71327e-06 -3.73952e-06 1.5267e-11)
(-8.50602e-07 -1.13631e-06 7.17879e-12)
(-8.5064e-07 -1.13636e-06 1.8013e-11)
(-8.50696e-07 -1.13645e-06 1.61006e-11)
(-8.50723e-07 -1.13649e-06 5.26873e-12)
(-2.59772e-07 -3.3657e-07 2.28039e-12)
(-2.59785e-07 -3.36588e-07 5.81488e-12)
(-2.59805e-07 -3.36616e-07 5.20331e-12)
(-2.59814e-07 -3.3663e-07 1.66824e-12)
(-7.72912e-08 -9.7217e-08 6.91009e-13)
(-7.72954e-08 -9.72225e-08 1.78331e-12)
(-7.73018e-08 -9.72312e-08 1.57595e-12)
(-7.73049e-08 -9.72351e-08 4.84232e-13)
(-2.24178e-08 -2.74049e-08 1.99184e-13)
(-2.24191e-08 -2.74065e-08 5.17527e-13)
(-2.24211e-08 -2.7409e-08 4.45096e-13)
(-2.2422e-08 -2.741e-08 1.27921e-13)
(-6.34341e-09 -7.54577e-09 5.43228e-14)
(-6.34378e-09 -7.54621e-09 1.4194e-13)
(-6.34437e-09 -7.5469e-09 1.15655e-13)
(-6.34462e-09 -7.54714e-09 2.97899e-14)
(-1.75269e-09 -2.03123e-09 1.34347e-14)
(-1.75279e-09 -2.03133e-09 3.44628e-14)
(-1.75295e-09 -2.03151e-09 2.80376e-14)
(-1.75301e-09 -2.03156e-09 5.25704e-15)
(-4.73301e-10 -5.35029e-10 3.5047e-15)
(-4.73327e-10 -5.3506e-10 9.92997e-15)
(-4.7337e-10 -5.35102e-10 3.5047e-15)
(-4.73383e-10 -5.35094e-10 -5.84116e-16)
(-1.25035e-10 -1.38021e-10 1.16823e-15)
(-1.25041e-10 -1.38028e-10 1.16823e-15)
(-1.2505e-10 -1.38032e-10 5.84116e-16)
(-1.25049e-10 -1.38032e-10 0)
(-3.2339e-11 -3.48966e-11 0)
(-3.23425e-11 -3.49005e-11 5.84116e-16)
(-3.23448e-11 -3.49005e-11 0)
(-3.2346e-11 -3.48966e-11 -5.84116e-16)
(-8.19749e-12 -8.65525e-12 0)
(-8.19749e-12 -8.65525e-12 0)
(-8.19865e-12 -8.65525e-12 0)
(-8.19749e-12 -8.65142e-12 -5.84116e-16)
(-2.03857e-12 -2.10543e-12 0)
(-2.03857e-12 -2.10926e-12 1.16823e-15)
(-2.03857e-12 -2.10543e-12 -1.16823e-15)
(-2.03506e-12 -2.10543e-12 0)
(-4.96499e-13 -5.09132e-13 5.84116e-16)
(-4.96499e-13 -5.05304e-13 -1.16823e-15)
(-4.9533e-13 -5.05304e-13 0)
(-4.9533e-13 -5.09132e-13 1.16823e-15)
(-1.20328e-13 -1.1867e-13 0)
(-1.20328e-13 -1.1867e-13 5.84116e-16)
(-1.17991e-13 -1.22498e-13 0)
(-1.23833e-13 -1.22498e-13 0)
(-2.92058e-14 -2.67964e-14 1.16823e-15)
(-2.68693e-14 -3.06245e-14 0)
(-2.92058e-14 -3.06245e-14 -1.75235e-15)
(-3.15423e-14 -1.14842e-14 -2.92058e-15)
(-4.67293e-15 -7.65613e-15 0)
(-7.00939e-15 -7.65613e-15 0)
(-8.17763e-15 -7.65613e-15 0)
(-1.16823e-15 -3.82806e-15 -5.84116e-16)
(-2.33646e-15 0 0)
(-2.33646e-15 0 0)
(-1.16823e-15 0 0)
(-2.33646e-15 0 0)
(0 0 0)
(0 0 0)
(-3.5047e-15 3.82806e-15 -1.16823e-15)
(0 0 1.16823e-15)
(0 0 5.84116e-16)
(0 0 -1.16823e-15)
(1.16823e-15 1.14842e-14 -5.84116e-16)
(0 0 1.75235e-15)
(-2.33646e-15 3.82806e-15 0)
(0 0 1.16823e-15)
(2.33646e-15 -3.82806e-15 1.16823e-15)
(0 0 -1.16823e-15)
(2.33646e-15 3.82806e-15 1.16823e-15)
(0 0 0)
(0 0 0)
(0 0 0)
(0 0 0)
(0 0 0)
(1.16823e-15 -3.82806e-15 0)
(-2.33646e-15 3.82806e-15 -1.16823e-15)
(0 0 0)
(0 0 0)
(-1.16823e-15 -3.82806e-15 0)
(0 3.82806e-15 -1.16823e-15)
(0 3.82806e-15 0)
(0 3.82806e-15 1.16823e-15)
(0 0 0)
(2.33646e-15 0 0)
(-0.0763877 -0.00872269 1.64495e-08)
(-0.0703598 -0.00183842 3.7153e-09)
(-0.069034 -0.000402902 1.03797e-11)
(-0.0687482 -6.75385e-05 -2.61909e-09)
(-0.0687638 8.76333e-05 6.47002e-09)
(-0.0690987 0.000445491 -6.13767e-09)
(-0.0705458 0.00195602 1.04996e-08)
(-0.0769228 0.00909823 1.87659e-09)
(-0.0763878 -0.00872278 2.05083e-08)
(-0.0703598 -0.00183845 -6.61829e-09)
(-0.069034 -0.000402914 -1.95908e-08)
(-0.0687482 -6.75256e-05 -2.47979e-08)
(-0.0687639 8.76262e-05 -1.72776e-08)
(-0.0690987 0.0004455 -3.92919e-08)
(-0.0705459 0.00195603 -1.58302e-08)
(-0.0769228 0.00909805 -4.14769e-08)
(-0.0763878 -0.00872292 -3.59619e-10)
(-0.0703598 -0.0018385 -5.34921e-08)
(-0.0690338 -0.000402938 -6.64547e-08)
(-0.068748 -6.75339e-05 -6.91373e-08)
(-0.0687637 8.76043e-05 -1.01548e-07)
(-0.0690984 0.000445494 -9.56442e-08)
(-0.0705457 0.00195601 -1.35574e-07)
(-0.0769225 0.00909801 -1.50133e-07)
(-0.0763878 -0.00872314 -4.41841e-09)
(-0.0703594 -0.00183858 -4.31585e-08)
(-0.0690335 -0.000402946 -4.68536e-08)
(-0.0687476 -6.75958e-05 -4.69584e-08)
(-0.0687631 8.75732e-05 -7.78005e-08)
(-0.0690979 0.000445431 -6.249e-08)
(-0.0705448 0.00195592 -1.09244e-07)
(-0.0769216 0.00909833 -1.0678e-07)
(-0.0243962 0.0300158 -4.84062e-08)
(-0.0243961 0.0300154 -5.18005e-08)
(-0.024396 0.0300154 4.48507e-08)
(-0.0243959 0.0300158 4.8245e-08)
(-0.00672765 0.00935407 -2.39391e-08)
(-0.00672758 0.00935387 -2.08572e-08)
(-0.00672756 0.0093539 6.9453e-08)
(-0.00672756 0.00935443 6.63711e-08)
(-0.00207404 0.00310521 -1.03828e-08)
(-0.002074 0.00310513 -7.21199e-09)
(-0.00207401 0.00310515 5.16996e-08)
(-0.00207409 0.00310554 4.85288e-08)
(-0.000686119 0.00105789 -4.11336e-09)
(-0.000686101 0.00105786 -2.02449e-09)
(-0.000686105 0.00105788 2.8806e-08)
(-0.000686177 0.00105809 2.67171e-08)
(-0.000234133 0.000360735 -1.52864e-09)
(-0.000234126 0.000360722 -4.08075e-10)
(-0.000234129 0.000360731 1.37172e-08)
(-0.000234171 0.000360832 1.25966e-08)
(-8.01889e-05 0.000121361 -5.3858e-10)
(-8.01862e-05 0.000121357 -2.15107e-11)
(-8.01881e-05 0.000121361 5.89571e-09)
(-8.0209e-05 0.000121404 5.37864e-09)
(-2.71281e-05 3.9979e-05 -1.82744e-10)
(-2.71271e-05 3.99775e-05 3.14348e-11)
(-2.7128e-05 3.99792e-05 2.34822e-09)
(-2.71372e-05 3.99963e-05 2.13404e-09)
(-8.98908e-06 1.28487e-05 -5.98374e-11)
(-8.98875e-06 1.28482e-05 2.03623e-11)
(-8.98913e-06 1.28489e-05 8.78511e-10)
(-8.99283e-06 1.28553e-05 7.98308e-10)
(-2.90557e-06 4.02265e-06 -1.92174e-11)
(-2.90546e-06 4.0225e-06 8.45216e-12)
(-2.9056e-06 4.02272e-06 3.11352e-10)
(-2.90701e-06 4.02499e-06 2.8368e-10)
(-9.146e-07 1.22644e-06 -6.04677e-12)
(-9.14566e-07 1.2264e-06 2.63495e-12)
(-9.14616e-07 1.22647e-06 1.04945e-10)
(-9.15121e-07 1.22724e-06 9.62635e-11)
(-2.80248e-07 3.64251e-07 -1.90071e-12)
(-2.80237e-07 3.64236e-07 5.87621e-13)
(-2.80254e-07 3.64255e-07 3.37701e-11)
(-2.80427e-07 3.64506e-07 3.12829e-11)
(-8.3617e-08 1.05451e-07 -5.92878e-13)
(-8.36136e-08 1.05447e-07 2.33646e-14)
(-8.36183e-08 1.05452e-07 1.03739e-11)
(-8.3675e-08 1.0553e-07 9.75766e-12)
(-2.43094e-08 2.97827e-08 -1.85165e-13)
(-2.43084e-08 2.97812e-08 -6.19163e-14)
(-2.43096e-08 2.97822e-08 3.045e-12)
(-2.43274e-08 2.98056e-08 2.92292e-12)
(-6.89219e-09 8.2136e-09 -5.95798e-14)
(-6.89185e-09 8.21312e-09 -5.0234e-14)
(-6.89211e-09 8.21321e-09 8.52225e-13)
(-6.89749e-09 8.21994e-09 8.42295e-13)
(-1.90744e-09 2.21397e-09 -1.98599e-14)
(-1.90734e-09 2.21381e-09 -2.5117e-14)
(-1.90737e-09 2.21377e-09 2.27805e-13)
(-1.90893e-09 2.21563e-09 2.31894e-13)
(-5.15801e-10 5.83837e-10 -7.59351e-15)
(-5.15767e-10 5.83776e-10 -1.16823e-14)
(-5.15762e-10 5.83741e-10 5.72434e-14)
(-5.16194e-10 5.84239e-10 6.25004e-14)
(-1.36418e-10 1.50761e-10 -4.08881e-15)
(-1.36404e-10 1.5073e-10 -5.84116e-15)
(-1.36402e-10 1.50715e-10 1.46029e-14)
(-1.36517e-10 1.50845e-10 1.63553e-14)
(-3.53203e-11 3.8162e-11 0)
(-3.53133e-11 3.8162e-11 -2.92058e-15)
(-3.53145e-11 3.81352e-11 0)
(-3.53449e-11 3.81696e-11 4.67293e-15)
(-8.96268e-12 9.48211e-12 -1.16823e-15)
(-8.96151e-12 9.47063e-12 -2.92058e-15)
(-8.95917e-12 9.46297e-12 0)
(-8.96501e-12 9.4668e-12 0)
(-2.23016e-12 2.31215e-12 0)
(-2.23016e-12 2.31598e-12 -1.16823e-15)
(-2.22782e-12 2.30067e-12 -5.84116e-16)
(-2.22899e-12 2.31215e-12 1.75235e-15)
(-5.47901e-13 5.55069e-13 -5.84116e-16)
(-5.49069e-13 5.51241e-13 -1.16823e-15)
(-5.45564e-13 5.47413e-13 0)
(-5.46733e-13 5.51241e-13 0)
(-1.3201e-13 1.26326e-13 0)
(-1.30842e-13 1.22498e-13 -5.84116e-16)
(-1.30842e-13 1.22498e-13 -1.16823e-15)
(-1.34347e-13 1.1867e-13 0)
(-2.80376e-14 2.67964e-14 0)
(-3.0374e-14 2.67964e-14 0)
(-3.15423e-14 2.29684e-14 -1.75235e-15)
(-3.0374e-14 1.91403e-14 0)
(-8.17763e-15 7.65613e-15 -1.16823e-15)
(-8.17763e-15 0 -1.16823e-15)
(-5.84116e-15 -3.82806e-15 0)
(-3.5047e-15 0 0)
(-2.33646e-15 0 0)
(0 0 0)
(0 0 0)
(0 3.82806e-15 1.16823e-15)
(-1.16823e-15 -3.82806e-15 0)
(0 0 5.84116e-16)
(1.16823e-15 -3.82806e-15 -5.84116e-16)
(0 0 5.84116e-16)
(1.16823e-15 0 0)
(0 0 0)
(0 0 0)
(0 0 0)
(0 0 0)
(0 -3.82806e-15 -5.84116e-16)
(0 -3.82806e-15 0)
(0 -3.82806e-15 0)
(2.33646e-15 3.82806e-15 0)
(0 0 -1.16823e-15)
(0 0 0)
(0 0 0)
(-2.33646e-15 0 0)
(-1.16823e-15 -3.82806e-15 -5.84116e-16)
(0 0 5.84116e-16)
(0 0 0)
(0 0 0)
(0 -3.82806e-15 -5.84116e-16)
(-1.16823e-15 -3.82806e-15 5.84116e-16)
(0 0 0)
(0 -3.82806e-15 0)
(1.16823e-15 -3.82806e-15 0)
(1.16823e-15 0 5.84116e-16)
(0 0 0)
(-0.0243973 -0.0300235 1.44501e-08)
(-0.0243973 -0.0300236 -4.14447e-09)
(-0.0243972 -0.0300235 -8.04062e-08)
(-0.024397 -0.030023 -6.18117e-08)
(-0.00672877 -0.00935959 7.4964e-09)
(-0.0067288 -0.00935965 -1.26003e-09)
(-0.00672877 -0.00935958 -3.89464e-08)
(-0.00672867 -0.00935933 -3.01899e-08)
(-0.00207503 -0.00310841 3.6906e-09)
(-0.00207504 -0.00310844 1.73501e-10)
(-0.00207502 -0.00310841 -1.76249e-08)
(-0.00207497 -0.0031083 -1.41078e-08)
(-0.000686739 -0.00105949 1.69299e-09)
(-0.000686745 -0.0010595 5.4359e-10)
(-0.000686738 -0.00105949 -7.07932e-09)
(-0.000686715 -0.00105944 -5.92992e-09)
(-0.000234456 -0.000361452 7.2555e-10)
(-0.000234459 -0.000361457 4.34385e-10)
(-0.000234457 -0.000361455 -2.56877e-09)
(-0.000234447 -0.000361437 -2.2776e-09)
(-8.03388e-05 -0.00012166 2.93093e-10)
(-8.034e-05 -0.000121662 2.48675e-10)
(-8.03394e-05 -0.000121662 -8.61221e-10)
(-8.03354e-05 -0.000121656 -8.16802e-10)
(-2.71919e-05 -4.00964e-05 1.11872e-10)
(-2.71924e-05 -4.00972e-05 1.18874e-10)
(-2.71923e-05 -4.00973e-05 -2.71727e-10)
(-2.71908e-05 -4.00951e-05 -2.78728e-10)
(-9.01453e-06 -1.28925e-05 4.05447e-11)
(-9.01472e-06 -1.28928e-05 5.0123e-11)
(-9.01473e-06 -1.28929e-05 -8.21291e-11)
(-9.01423e-06 -1.28921e-05 -9.1708e-11)
(-2.91518e-06 -4.03824e-06 1.3937e-11)
(-2.91525e-06 -4.03835e-06 1.91502e-11)
(-2.91526e-06 -4.03839e-06 -2.42367e-11)
(-2.9151e-06 -4.03815e-06 -2.94494e-11)
(-9.18059e-07 -1.23177e-06 4.55318e-12)
(-9.18084e-07 -1.2318e-06 6.71091e-12)
(-9.18093e-07 -1.23182e-06 -7.1525e-12)
(-9.1804e-07 -1.23174e-06 -9.31023e-12)
(-2.8144e-07 -3.65998e-07 1.40655e-12)
(-2.81449e-07 -3.66009e-07 2.16473e-12)
(-2.81452e-07 -3.66015e-07 -2.16473e-12)
(-2.81436e-07 -3.65992e-07 -2.92233e-12)
(-8.40115e-08 -1.06004e-07 4.09465e-13)
(-8.40141e-08 -1.06008e-07 6.39023e-13)
(-8.40155e-08 -1.0601e-07 -6.85168e-13)
(-8.40103e-08 -1.06002e-07 -9.15894e-13)
(-2.44352e-08 -2.99518e-08 1.10398e-13)
(-2.4436e-08 -2.99527e-08 1.69978e-13)
(-2.44364e-08 -2.99531e-08 -2.28389e-13)
(-2.44348e-08 -2.99508e-08 -2.88553e-13)
(-6.93088e-09 -8.26357e-09 2.86217e-14)
(-6.93109e-09 -8.2638e-09 4.0304e-14)
(-6.9312e-09 -8.26389e-09 -7.82716e-14)
(-6.93069e-09 -8.26317e-09 -9.11221e-14)
(-1.91894e-09 -2.22827e-09 5.84116e-15)
(-1.91899e-09 -2.22832e-09 7.59351e-15)
(-1.91902e-09 -2.22833e-09 -2.74535e-14)
(-1.91886e-09 -2.22809e-09 -2.97899e-14)
(-5.19109e-10 -5.87807e-10 1.16823e-15)
(-5.19124e-10 -5.87814e-10 -1.16823e-15)
(-5.19126e-10 -5.87799e-10 -1.05141e-14)
(-5.19072e-10 -5.8773e-10 -8.76174e-15)
(-1.37343e-10 -1.51832e-10 0)
(-1.37346e-10 -1.51832e-10 -5.84116e-16)
(-1.37343e-10 -1.51825e-10 -4.08881e-15)
(-1.37328e-10 -1.51802e-10 -2.92058e-15)
(-3.55703e-11 -3.84414e-11 -1.75235e-15)
(-3.55738e-11 -3.84299e-11 -1.16823e-15)
(-3.55715e-11 -3.84299e-11 -5.84116e-16)
(-3.55657e-11 -3.84223e-11 -1.16823e-15)
(-9.03043e-12 -9.54719e-12 -2.33646e-15)
(-9.0281e-12 -9.53571e-12 -5.84116e-16)
(-9.02693e-12 -9.53571e-12 0)
(-9.02459e-12 -9.53571e-12 0)
(-2.24885e-12 -2.31981e-12 0)
(-2.24417e-12 -2.31981e-12 0)
(-2.24534e-12 -2.32363e-12 1.16823e-15)
(-2.25002e-12 -2.32363e-12 0)
(-5.47901e-13 -5.51241e-13 1.16823e-15)
(-5.46733e-13 -5.58897e-13 1.16823e-15)
(-5.49069e-13 -5.55069e-13 -2.33646e-15)
(-5.46733e-13 -5.43585e-13 -1.75235e-15)
(-1.29674e-13 -1.30154e-13 0)
(-1.34347e-13 -1.26326e-13 -1.16823e-15)
(-1.29674e-13 -1.26326e-13 0)
(-1.28506e-13 -1.30154e-13 1.16823e-15)
(-3.27105e-14 -3.06245e-14 0)
(-3.0374e-14 -2.67964e-14 0)
(-3.15423e-14 -3.44526e-14 0)
(-3.0374e-14 -2.67964e-14 -5.84116e-16)
(-8.17763e-15 -3.82806e-15 0)
(-5.84116e-15 -3.82806e-15 0)
(-9.34586e-15 -3.82806e-15 0)
(-5.84116e-15 -7.65613e-15 1.16823e-15)
(0 0 0)
(-2.33646e-15 -3.82806e-15 1.16823e-15)
(0 0 -1.16823e-15)
(-2.33646e-15 -3.82806e-15 1.16823e-15)
(0 0 0)
(2.33646e-15 0 0)
(2.33646e-15 0 0)
(-1.16823e-15 0 0)
(2.33646e-15 -3.82806e-15 0)
(0 -3.82806e-15 0)
(0 -3.82806e-15 -1.16823e-15)
(-2.33646e-15 3.82806e-15 -5.84116e-16)
(-2.33646e-15 -3.82806e-15 0)
(-2.33646e-15 -3.82806e-15 0)
(-2.33646e-15 -3.82806e-15 0)
(2.33646e-15 0 -1.16823e-15)
(-1.16823e-15 3.82806e-15 0)
(0 0 5.84116e-16)
(0 0 0)
(0 0 0)
(1.16823e-15 3.82806e-15 0)
(-1.16823e-15 0 5.84116e-16)
(2.33646e-15 -3.82806e-15 1.16823e-15)
(1.16823e-15 -3.82806e-15 0)
(0 0 0)
(0 3.82806e-15 -5.84116e-16)
(-3.5047e-15 0 5.84116e-16)
(-1.16823e-15 0 0)
(0 0 0)
(1.16823e-15 0 0)
(1.16823e-15 3.82806e-15 0)
(0 -3.82806e-15 1.16823e-15)
(-0.0769253 -0.00910085 7.25617e-09)
(-0.0705453 -0.00195693 -8.77572e-10)
(-0.0690976 -0.000445594 -2.48664e-09)
(-0.0687629 -8.7688e-05 -3.69321e-09)
(-0.0687469 6.72433e-05 4.95562e-09)
(-0.0690319 0.000402033 -5.74714e-09)
(-0.070355 0.001836 6.43825e-09)
(-0.0763759 0.0087169 5.35627e-09)
(-0.0769254 -0.00910091 -3.31329e-08)
(-0.0705453 -0.00195695 -3.12742e-08)
(-0.0690976 -0.0004456 -3.08485e-08)
(-0.0687629 -8.76731e-05 -2.77039e-08)
(-0.0687469 6.72392e-05 -1.50767e-08)
(-0.0690319 0.000402036 -2.67605e-08)
(-0.070355 0.00183602 4.95068e-09)
(-0.076376 0.00871673 1.88743e-08)
(-0.0769251 -0.00910088 -1.33978e-07)
(-0.0705451 -0.00195693 -1.13401e-07)
(-0.0690974 -0.000445587 -9.11946e-08)
(-0.0687627 -8.76564e-05 -7.30686e-08)
(-0.0687467 6.72452e-05 -8.5286e-08)
(-0.0690317 0.000402073 -5.41191e-08)
(-0.070355 0.00183609 -4.02854e-08)
(-0.0763761 0.0087169 4.21473e-08)
(-0.0769243 -0.00910072 -9.3589e-08)
(-0.0705444 -0.00195687 -8.30045e-08)
(-0.0690969 -0.000445519 -6.28328e-08)
(-0.0687623 -8.76613e-05 -4.90579e-08)
(-0.0687462 6.72771e-05 -6.52536e-08)
(-0.0690314 0.000402126 -3.31057e-08)
(-0.0703547 0.00183621 -3.87979e-08)
(-0.0763763 0.00871771 2.86292e-08)
(-0.0240386 0.0293445 -4.77121e-08)
(-0.0240384 0.0293441 -1.56249e-09)
(-0.0240386 0.0293445 2.17618e-07)
(-0.0240391 0.0293459 1.71468e-07)
(-0.00659021 0.00906839 -2.29988e-08)
(-0.00659014 0.00906821 1.61261e-09)
(-0.0065902 0.0090684 1.42499e-07)
(-0.00659041 0.00906935 1.17888e-07)
(-0.00201512 0.00298365 -9.60763e-09)
(-0.00201508 0.00298357 3.12243e-09)
(-0.00201512 0.00298367 8.27685e-08)
(-0.00201528 0.00298423 7.00384e-08)
(-0.000660639 0.00100792 -3.61606e-09)
(-0.000660623 0.00100789 2.60969e-09)
(-0.000660642 0.00100794 4.16273e-08)
(-0.000660751 0.00100822 3.54015e-08)
(-0.000223481 0.000341092 -1.25616e-09)
(-0.000223475 0.000341082 1.58287e-09)
(-0.000223485 0.000341104 1.87785e-08)
(-0.000223542 0.000341232 1.59394e-08)
(-7.59392e-05 0.000113991 -4.06486e-10)
(-7.5937e-05 0.000113988 7.92611e-10)
(-7.59417e-05 0.000113997 7.80585e-09)
(-7.59684e-05 0.00011405 6.60675e-09)
(-2.5513e-05 3.73348e-05 -1.24145e-10)
(-2.55122e-05 3.73339e-05 3.49164e-10)
(-2.55143e-05 3.73376e-05 3.0376e-09)
(-2.55256e-05 3.73582e-05 2.5643e-09)
(-8.40324e-06 1.19392e-05 -3.57765e-11)
(-8.40301e-06 1.19389e-05 1.389e-10)
(-8.40384e-06 1.19403e-05 1.11782e-09)
(-8.40831e-06 1.19479e-05 9.43141e-10)
(-2.70217e-06 3.72187e-06 -9.90836e-12)
(-2.7021e-06 3.7218e-06 5.09384e-11)
(-2.70241e-06 3.72228e-06 3.914e-10)
(-2.70408e-06 3.72493e-06 3.30552e-10)
(-8.46793e-07 1.13055e-06 -2.6367e-12)
(-8.46775e-07 1.13053e-06 1.73074e-11)
(-8.46884e-07 1.13069e-06 1.30923e-10)
(-8.47474e-07 1.13157e-06 1.1098e-10)
(-2.58479e-07 3.34701e-07 -7.04444e-13)
(-2.58475e-07 3.34695e-07 5.48543e-12)
(-2.58511e-07 3.34745e-07 4.19594e-11)
(-2.58711e-07 3.35031e-07 3.57666e-11)
(-7.68685e-08 9.6631e-08 -1.9159e-13)
(-7.68672e-08 9.66294e-08 1.61099e-12)
(-7.68786e-08 9.66438e-08 1.28996e-11)
(-7.69435e-08 9.67326e-08 1.10959e-11)
(-2.22844e-08 2.72271e-08 -5.60751e-14)
(-2.2284e-08 2.72266e-08 4.35751e-13)
(-2.22874e-08 2.72306e-08 3.80668e-12)
(-2.23077e-08 2.72571e-08 3.31544e-12)
(-6.30269e-09 7.49349e-09 -1.86917e-14)
(-6.30259e-09 7.49333e-09 1.03389e-13)
(-6.30352e-09 7.49432e-09 1.07945e-12)
(-6.30962e-09 7.50196e-09 9.5503e-13)
(-1.74065e-09 2.0163e-09 -5.84116e-15)
(-1.74061e-09 2.01626e-09 2.10282e-14)
(-1.74085e-09 2.01647e-09 2.9381e-13)
(-1.74262e-09 2.0186e-09 2.65189e-13)
(-4.69849e-10 5.30899e-10 -2.92058e-15)
(-4.6984e-10 5.30876e-10 1.75235e-15)
(-4.69893e-10 5.30918e-10 7.5351e-14)
(-4.70386e-10 5.31481e-10 7.12622e-14)
(-1.24076e-10 1.36907e-10 -5.84116e-16)
(-1.24071e-10 1.36895e-10 -2.33646e-15)
(-1.24083e-10 1.36899e-10 2.04441e-14)
(-1.24211e-10 1.37048e-10 1.81076e-14)
(-3.20832e-11 3.4598e-11 -5.84116e-16)
(-3.20797e-11 3.45942e-11 -1.16823e-15)
(-3.20797e-11 3.45904e-11 5.84116e-15)
(-3.21159e-11 3.46401e-11 6.42528e-15)
(-8.12622e-12 8.57869e-12 0)
(-8.12505e-12 8.57869e-12 0)
(-8.12856e-12 8.57869e-12 1.75235e-15)
(-8.13674e-12 8.59017e-12 1.16823e-15)
(-2.01754e-12 2.08629e-12 0)
(-2.01871e-12 2.09012e-12 0)
(-2.01987e-12 2.07864e-12 -5.84116e-16)
(-2.02338e-12 2.09012e-12 1.75235e-15)
(-4.94162e-13 5.05304e-13 -5.84116e-16)
(-4.94162e-13 5.05304e-13 0)
(-4.91826e-13 5.01476e-13 -2.33646e-15)
(-4.92994e-13 4.97648e-13 0)
(-1.22664e-13 1.14842e-13 0)
(-1.22664e-13 1.14842e-13 -1.16823e-15)
(-1.20328e-13 1.07186e-13 0)
(-1.1916e-13 1.14842e-13 1.16823e-15)
(-2.80376e-14 1.53123e-14 0)
(-2.68693e-14 1.91403e-14 1.16823e-15)
(-2.68693e-14 1.91403e-14 5.84116e-16)
(-2.80376e-14 2.29684e-14 0)
(-4.67293e-15 0 0)
(-5.84116e-15 0 0)
(-5.84116e-15 0 0)
(-4.67293e-15 0 0)
(0 0 0)
(0 0 0)
(-1.16823e-15 0 1.16823e-15)
(-1.16823e-15 7.65613e-15 1.16823e-15)
(2.33646e-15 3.82806e-15 0)
(0 0 -1.16823e-15)
(0 -3.82806e-15 -5.84116e-16)
(-2.33646e-15 -3.82806e-15 0)
(-2.33646e-15 3.82806e-15 0)
(0 0 -1.16823e-15)
(0 -3.82806e-15 -5.84116e-16)
(2.33646e-15 -3.82806e-15 0)
(0 0 0)
(-1.16823e-15 -3.82806e-15 -5.84116e-16)
(1.16823e-15 -3.82806e-15 5.84116e-16)
(-2.33646e-15 0 0)
(0 0 0)
(0 -3.82806e-15 -5.84116e-16)
(0 0 0)
(0 -3.82806e-15 0)
(0 0 0)
(1.16823e-15 0 0)
(-1.16823e-15 -3.82806e-15 0)
(2.33646e-15 0 0)
(0 0 0)
(0 0 -5.84116e-16)
(0 -7.65613e-15 0)
(0 0 5.84116e-16)
(0 0 0)
(0 -3.82806e-15 -5.84116e-16)
(1.16823e-15 0 5.84116e-16)
(0 0 0)
(-1.7552 -2.65188 1.54634e-07)
(-1.7552 -2.65188 1.69174e-07)
(-1.7552 -2.65188 -1.93742e-07)
(-1.7552 -2.65188 -2.08281e-07)
(-0.527755 -1.10236 2.65052e-07)
(-0.527754 -1.10236 3.34765e-07)
(-0.527754 -1.10236 -2.21513e-07)
(-0.527754 -1.10236 -2.91226e-07)
(-0.204451 -0.540865 2.87074e-07)
(-0.204451 -0.540867 3.87622e-07)
(-0.204451 -0.540868 -1.89973e-07)
(-0.204451 -0.540866 -2.90521e-07)
(-0.0975587 -0.28455 2.55731e-07)
(-0.0975589 -0.284552 3.59547e-07)
(-0.0975589 -0.284553 -1.5234e-07)
(-0.0975588 -0.284551 -2.56156e-07)
(-0.0517154 -0.15063 1.98366e-07)
(-0.0517156 -0.150631 2.8659e-07)
(-0.0517157 -0.150632 -1.16581e-07)
(-0.0517155 -0.15063 -2.04804e-07)
(-0.0280386 -0.0776886 1.37353e-07)
(-0.0280388 -0.0776897 2.02392e-07)
(-0.0280389 -0.0776902 -8.38253e-08)
(-0.0280387 -0.077689 -1.48864e-07)
(-0.0148747 -0.0384755 8.62055e-08)
(-0.0148749 -0.0384762 1.29154e-07)
(-0.014875 -0.0384766 -5.53581e-08)
(-0.0148748 -0.0384758 -9.83061e-08)
(-0.0075704 -0.0181896 4.96252e-08)
(-0.00757052 -0.01819 7.55851e-08)
(-0.00757057 -0.0181902 -3.28991e-08)
(-0.00757044 -0.0181897 -5.8859e-08)
(-0.00366787 -0.00819393 2.64482e-08)
(-0.00366794 -0.00819415 4.10839e-08)
(-0.00366798 -0.00819426 -1.74205e-08)
(-0.00366789 -0.00819401 -3.20561e-08)
(-0.00168809 -0.00351809 1.31588e-08)
(-0.00168813 -0.0035182 2.09215e-08)
(-0.00168815 -0.00351826 -8.2099e-09)
(-0.0016881 -0.00351813 -1.59726e-08)
(-0.000738321 -0.00144159 6.14845e-09)
(-0.000738342 -0.00144164 1.00447e-08)
(-0.000738354 -0.00144167 -3.44951e-09)
(-0.000738328 -0.00144161 -7.34573e-09)
(-0.000307387 -0.000564809 2.71332e-09)
(-0.000307397 -0.000564831 4.563e-09)
(-0.000307404 -0.000564846 -1.29226e-09)
(-0.000307391 -0.000564821 -3.14195e-09)
(-0.000122092 -0.000212037 1.13487e-09)
(-0.000122097 -0.000212046 1.96695e-09)
(-0.0001221 -0.000212053 -4.28773e-10)
(-0.000122094 -0.000212043 -1.26085e-09)
(-4.63788e-05 -7.64412e-05 4.51655e-10)
(-4.63808e-05 -7.64448e-05 8.05846e-10)
(-4.63822e-05 -7.64476e-05 -1.23752e-10)
(-4.638e-05 -7.64438e-05 -4.77941e-10)
(-1.68917e-05 -2.65216e-05 1.71352e-10)
(-1.68924e-05 -2.6523e-05 3.14325e-10)
(-1.6893e-05 -2.65241e-05 -2.95592e-11)
(-1.68922e-05 -2.65227e-05 -1.72533e-10)
(-5.91296e-06 -8.87457e-06 6.21459e-11)
(-5.91326e-06 -8.87507e-06 1.16831e-10)
(-5.91351e-06 -8.8755e-06 -5.01113e-12)
(-5.91321e-06 -8.87503e-06 -5.96955e-11)
(-1.99402e-06 -2.86974e-06 2.15603e-11)
(-1.99413e-06 -2.86992e-06 4.14255e-11)
(-1.99423e-06 -2.87008e-06 -9.92997e-14)
(-1.99412e-06 -2.86992e-06 -1.99639e-11)
(-6.49225e-07 -8.98482e-07 7.17061e-12)
(-6.49264e-07 -8.9854e-07 1.40129e-11)
(-6.49299e-07 -8.98594e-07 3.48133e-13)
(-6.49263e-07 -8.98542e-07 -6.49537e-12)
(-2.04497e-07 -2.72844e-07 2.28273e-12)
(-2.0451e-07 -2.72862e-07 4.52281e-12)
(-2.04522e-07 -2.7288e-07 1.64137e-13)
(-2.0451e-07 -2.72863e-07 -2.07653e-12)
(-6.24341e-08 -8.04959e-08 6.95682e-13)
(-6.24383e-08 -8.05014e-08 1.38961e-12)
(-6.24423e-08 -8.0507e-08 3.79675e-14)
(-6.24386e-08 -8.05017e-08 -6.5421e-13)
(-1.85081e-08 -2.31075e-08 2.02688e-13)
(-1.85094e-08 -2.31091e-08 4.05961e-13)
(-1.85106e-08 -2.31108e-08 -1.16823e-15)
(-1.85094e-08 -2.31091e-08 -2.05025e-13)
(-5.33588e-09 -6.46355e-09 5.5491e-14)
(-5.33625e-09 -6.464e-09 1.1215e-13)
(-5.33663e-09 -6.46445e-09 -7.59351e-15)
(-5.33626e-09 -6.46394e-09 -6.30845e-14)
(-1.49831e-09 -1.76401e-09 1.5187e-14)
(-1.49842e-09 -1.76414e-09 2.92058e-14)
(-1.49852e-09 -1.76425e-09 -5.84116e-15)
(-1.4984e-09 -1.76409e-09 -2.04441e-14)
(-4.10346e-10 -4.70301e-10 4.67293e-15)
(-4.10377e-10 -4.70339e-10 8.76174e-15)
(-4.10399e-10 -4.70366e-10 -2.92058e-15)
(-4.10365e-10 -4.7032e-10 -5.84116e-15)
(-1.09751e-10 -1.22628e-10 0)
(-1.0976e-10 -1.22632e-10 1.75235e-15)
(-1.09766e-10 -1.22643e-10 -5.84116e-16)
(-1.09754e-10 -1.22624e-10 -2.33646e-15)
(-2.86965e-11 -3.12982e-11 0)
(-2.87e-11 -3.12944e-11 0)
(-2.87023e-11 -3.13059e-11 1.75235e-15)
(-2.86988e-11 -3.13021e-11 -5.84116e-16)
(-7.34584e-12 -7.83605e-12 -5.84116e-16)
(-7.34468e-12 -7.82839e-12 -1.16823e-15)
(-7.34818e-12 -7.82839e-12 0)
(-7.34701e-12 -7.82839e-12 0)
(-1.84347e-12 -1.92169e-12 0)
(-1.84113e-12 -1.92169e-12 0)
(-1.84113e-12 -1.91786e-12 0)
(-1.84113e-12 -1.92169e-12 0)
(-4.53274e-13 -4.59368e-13 -5.84116e-16)
(-4.53274e-13 -4.59368e-13 0)
(-4.54442e-13 -4.63196e-13 1.16823e-15)
(-4.53274e-13 -4.63196e-13 0)
(-1.10982e-13 -1.07186e-13 0)
(-1.09814e-13 -1.03358e-13 -5.84116e-16)
(-1.10982e-13 -1.03358e-13 -1.16823e-15)
(-1.13319e-13 -9.95296e-14 0)
(-2.57011e-14 -1.91403e-14 0)
(-2.68693e-14 -2.29684e-14 0)
(-2.45329e-14 -1.53123e-14 0)
(-2.45329e-14 -1.91403e-14 0)
(-5.84116e-15 0 0)
(-5.84116e-15 0 0)
(-5.84116e-15 -3.82806e-15 0)
(-3.5047e-15 0 0)
(0 0 0)
(0 0 0)
(-1.16823e-15 3.82806e-15 -5.84116e-16)
(-4.67293e-15 3.82806e-15 0)
(-1.16823e-15 3.82806e-15 0)
(-1.16823e-15 3.82806e-15 0)
(1.16823e-15 3.82806e-15 -1.16823e-15)
(2.33646e-15 7.65613e-15 0)
(1.16823e-15 0 0)
(0 3.82806e-15 -5.84116e-16)
(0 0 0)
(-2.33646e-15 3.82806e-15 0)
(0 0 0)
(1.16823e-15 0 0)
(0 3.82806e-15 -1.75235e-15)
(0 7.65613e-15 0)
(0 0 0)
(0 0 0)
(0 0 -5.84116e-16)
(0 7.65613e-15 -1.16823e-15)
(0 0 0)
(0 3.82806e-15 -5.84116e-16)
(0 3.82806e-15 0)
(2.33646e-15 3.82806e-15 0)
(-1.16823e-15 0 0)
(0 0 0)
(0 0 0)
(0 3.82806e-15 -5.84116e-16)
(1.16823e-15 1.14842e-14 1.16823e-15)
(0 3.82806e-15 1.16823e-15)
(0 3.82806e-15 0)
(2.33646e-15 3.82806e-15 0)
)
;
    }
    front
    {
        type            symmetryPlane;
    }
    back
    {
        type            symmetryPlane;
    }
}


// ************************************************************************* //
