/*--------------------------------*- C++ -*----------------------------------*\
| =========                 |                                                 |
| \\      /  F ield         | OpenFOAM: The Open Source CFD Toolbox           |
|  \\    /   O peration     | Version:                                        |
|   \\  /    A nd           | Website:  www.openfoam.com                      |
|    \\/     M anipulation  |                                                 |
\*---------------------------------------------------------------------------*/
FoamFile
{
    version     2.0;
    format      ascii;
    class       faceList;
    location    "constant/polyMesh";
    object      faces;
}
// * * * * * * * * * * * * * * * * * * * * * * * * * * * * * * * * * * * * * //


10505
(
4(1 6 31 26)
4(5 30 31 6)
4(0 25 30 5)
4(2 7 32 27)
4(6 31 32 7)
4(3 8 33 28)
4(7 32 33 8)
4(8 33 34 9)
4(4 9 34 29)
4(6 11 36 31)
4(10 35 36 11)
4(5 30 35 10)
4(7 12 37 32)
4(11 36 37 12)
4(8 13 38 33)
4(12 37 38 13)
4(13 38 39 14)
4(9 14 39 34)
4(11 16 41 36)
4(15 40 41 16)
4(10 35 40 15)
4(12 17 42 37)
4(16 41 42 17)
4(13 18 43 38)
4(17 42 43 18)
4(18 43 44 19)
4(14 19 44 39)
4(16 21 46 41)
4(20 45 46 21)
4(15 40 45 20)
4(17 22 47 42)
4(21 46 47 22)
4(18 23 48 43)
4(22 47 48 23)
4(19 24 49 44)
4(23 48 49 24)
4(50 54 74 70)
4(9 34 74 54)
4(51 55 75 71)
4(54 74 75 55)
4(52 56 76 72)
4(55 75 76 56)
4(56 76 77 57)
4(53 57 77 73)
4(54 58 78 74)
4(14 39 78 58)
4(55 59 79 75)
4(58 78 79 59)
4(56 60 80 76)
4(59 79 80 60)
4(60 80 81 61)
4(57 61 81 77)
4(58 62 82 78)
4(19 44 82 62)
4(59 63 83 79)
4(62 82 83 63)
4(60 64 84 80)
4(63 83 84 64)
4(64 84 85 65)
4(61 65 85 81)
4(62 66 86 82)
4(24 49 86 66)
4(63 67 87 83)
4(66 86 87 67)
4(64 68 88 84)
4(67 87 88 68)
4(65 69 89 85)
4(68 88 89 69)
4(90 93 108 105)
4(57 77 108 93)
4(91 94 109 106)
4(93 108 109 94)
4(94 109 110 95)
4(92 95 110 107)
4(93 96 111 108)
4(61 81 111 96)
4(94 97 112 109)
4(96 111 112 97)
4(97 112 113 98)
4(95 98 113 110)
4(96 99 114 111)
4(65 85 114 99)
4(97 100 115 112)
4(99 114 115 100)
4(100 115 116 101)
4(98 101 116 113)
4(99 102 117 114)
4(69 89 117 102)
4(100 103 118 115)
4(102 117 118 103)
4(101 104 119 116)
4(103 118 119 104)
4(120 123 138 135)
4(95 110 138 123)
4(121 124 139 136)
4(123 138 139 124)
4(124 139 140 125)
4(122 125 140 137)
4(123 126 141 138)
4(98 113 141 126)
4(124 127 142 139)
4(126 141 142 127)
4(127 142 143 128)
4(125 128 143 140)
4(126 129 144 141)
4(101 116 144 129)
4(127 130 145 142)
4(129 144 145 130)
4(130 145 146 131)
4(128 131 146 143)
4(129 132 147 144)
4(104 119 147 132)
4(130 133 148 145)
4(132 147 148 133)
4(131 134 149 146)
4(133 148 149 134)
4(150 153 168 165)
4(125 140 168 153)
4(151 154 169 166)
4(153 168 169 154)
4(154 169 170 155)
4(152 155 170 167)
4(153 156 171 168)
4(128 143 171 156)
4(154 157 172 169)
4(156 171 172 157)
4(157 172 173 158)
4(155 158 173 170)
4(156 159 174 171)
4(131 146 174 159)
4(157 160 175 172)
4(159 174 175 160)
4(160 175 176 161)
4(158 161 176 173)
4(159 162 177 174)
4(134 149 177 162)
4(160 163 178 175)
4(162 177 178 163)
4(161 164 179 176)
4(163 178 179 164)
4(180 184 204 200)
4(155 170 204 184)
4(181 185 205 201)
4(184 204 205 185)
4(182 186 206 202)
4(185 205 206 186)
4(186 206 207 187)
4(183 187 207 203)
4(184 188 208 204)
4(158 173 208 188)
4(185 189 209 205)
4(188 208 209 189)
4(186 190 210 206)
4(189 209 210 190)
4(190 210 211 191)
4(187 191 211 207)
4(188 192 212 208)
4(161 176 212 192)
4(189 193 213 209)
4(192 212 213 193)
4(190 194 214 210)
4(193 213 214 194)
4(194 214 215 195)
4(191 195 215 211)
4(192 196 216 212)
4(164 179 216 196)
4(193 197 217 213)
4(196 216 217 197)
4(194 198 218 214)
4(197 217 218 198)
4(195 199 219 215)
4(198 218 219 199)
4(220 224 244 240)
4(187 207 244 224)
4(221 225 245 241)
4(224 244 245 225)
4(222 226 246 242)
4(225 245 246 226)
4(226 246 247 227)
4(223 227 247 243)
4(224 228 248 244)
4(191 211 248 228)
4(225 229 249 245)
4(228 248 249 229)
4(226 230 250 246)
4(229 249 250 230)
4(230 250 251 231)
4(227 231 251 247)
4(228 232 252 248)
4(195 215 252 232)
4(229 233 253 249)
4(232 252 253 233)
4(230 234 254 250)
4(233 253 254 234)
4(234 254 255 235)
4(231 235 255 251)
4(232 236 256 252)
4(199 219 256 236)
4(233 237 257 253)
4(236 256 257 237)
4(234 238 258 254)
4(237 257 258 238)
4(238 258 259 239)
4(235 239 259 255)
4(21 261 341 46)
4(260 340 341 261)
4(20 45 340 260)
4(22 262 342 47)
4(261 341 342 262)
4(23 263 343 48)
4(262 342 343 263)
4(263 343 344 264)
4(24 264 344 49)
4(261 266 346 341)
4(265 345 346 266)
4(260 340 345 265)
4(262 267 347 342)
4(266 346 347 267)
4(263 268 348 343)
4(267 347 348 268)
4(268 348 349 269)
4(264 269 349 344)
4(266 271 351 346)
4(270 350 351 271)
4(265 345 350 270)
4(267 272 352 347)
4(271 351 352 272)
4(268 273 353 348)
4(272 352 353 273)
4(273 353 354 274)
4(269 274 354 349)
4(271 276 356 351)
4(275 355 356 276)
4(270 350 355 275)
4(272 277 357 352)
4(276 356 357 277)
4(273 278 358 353)
4(277 357 358 278)
4(278 358 359 279)
4(274 279 359 354)
4(276 281 361 356)
4(280 360 361 281)
4(275 355 360 280)
4(277 282 362 357)
4(281 361 362 282)
4(278 283 363 358)
4(282 362 363 283)
4(283 363 364 284)
4(279 284 364 359)
4(281 286 366 361)
4(285 365 366 286)
4(280 360 365 285)
4(282 287 367 362)
4(286 366 367 287)
4(283 288 368 363)
4(287 367 368 288)
4(288 368 369 289)
4(284 289 369 364)
4(286 291 371 366)
4(290 370 371 291)
4(285 365 370 290)
4(287 292 372 367)
4(291 371 372 292)
4(288 293 373 368)
4(292 372 373 293)
4(293 373 374 294)
4(289 294 374 369)
4(291 296 376 371)
4(295 375 376 296)
4(290 370 375 295)
4(292 297 377 372)
4(296 376 377 297)
4(293 298 378 373)
4(297 377 378 298)
4(298 378 379 299)
4(294 299 379 374)
4(296 301 381 376)
4(300 380 381 301)
4(295 375 380 300)
4(297 302 382 377)
4(301 381 382 302)
4(298 303 383 378)
4(302 382 383 303)
4(303 383 384 304)
4(299 304 384 379)
4(301 306 386 381)
4(305 385 386 306)
4(300 380 385 305)
4(302 307 387 382)
4(306 386 387 307)
4(303 308 388 383)
4(307 387 388 308)
4(308 388 389 309)
4(304 309 389 384)
4(306 311 391 386)
4(310 390 391 311)
4(305 385 390 310)
4(307 312 392 387)
4(311 391 392 312)
4(308 313 393 388)
4(312 392 393 313)
4(313 393 394 314)
4(309 314 394 389)
4(311 316 396 391)
4(315 395 396 316)
4(310 390 395 315)
4(312 317 397 392)
4(316 396 397 317)
4(313 318 398 393)
4(317 397 398 318)
4(318 398 399 319)
4(314 319 399 394)
4(316 321 401 396)
4(320 400 401 321)
4(315 395 400 320)
4(317 322 402 397)
4(321 401 402 322)
4(318 323 403 398)
4(322 402 403 323)
4(323 403 404 324)
4(319 324 404 399)
4(321 326 406 401)
4(325 405 406 326)
4(320 400 405 325)
4(322 327 407 402)
4(326 406 407 327)
4(323 328 408 403)
4(327 407 408 328)
4(328 408 409 329)
4(324 329 409 404)
4(326 331 411 406)
4(330 410 411 331)
4(325 405 410 330)
4(327 332 412 407)
4(331 411 412 332)
4(328 333 413 408)
4(332 412 413 333)
4(333 413 414 334)
4(329 334 414 409)
4(331 336 416 411)
4(335 415 416 336)
4(330 410 415 335)
4(332 337 417 412)
4(336 416 417 337)
4(333 338 418 413)
4(337 417 418 338)
4(334 339 419 414)
4(338 418 419 339)
4(66 420 484 86)
4(264 344 484 420)
4(67 421 485 87)
4(420 484 485 421)
4(68 422 486 88)
4(421 485 486 422)
4(422 486 487 423)
4(69 423 487 89)
4(420 424 488 484)
4(269 349 488 424)
4(421 425 489 485)
4(424 488 489 425)
4(422 426 490 486)
4(425 489 490 426)
4(426 490 491 427)
4(423 427 491 487)
4(424 428 492 488)
4(274 354 492 428)
4(425 429 493 489)
4(428 492 493 429)
4(426 430 494 490)
4(429 493 494 430)
4(430 494 495 431)
4(427 431 495 491)
4(428 432 496 492)
4(279 359 496 432)
4(429 433 497 493)
4(432 496 497 433)
4(430 434 498 494)
4(433 497 498 434)
4(434 498 499 435)
4(431 435 499 495)
4(432 436 500 496)
4(284 364 500 436)
4(433 437 501 497)
4(436 500 501 437)
4(434 438 502 498)
4(437 501 502 438)
4(438 502 503 439)
4(435 439 503 499)
4(436 440 504 500)
4(289 369 504 440)
4(437 441 505 501)
4(440 504 505 441)
4(438 442 506 502)
4(441 505 506 442)
4(442 506 507 443)
4(439 443 507 503)
4(440 444 508 504)
4(294 374 508 444)
4(441 445 509 505)
4(444 508 509 445)
4(442 446 510 506)
4(445 509 510 446)
4(446 510 511 447)
4(443 447 511 507)
4(444 448 512 508)
4(299 379 512 448)
4(445 449 513 509)
4(448 512 513 449)
4(446 450 514 510)
4(449 513 514 450)
4(450 514 515 451)
4(447 451 515 511)
4(448 452 516 512)
4(304 384 516 452)
4(449 453 517 513)
4(452 516 517 453)
4(450 454 518 514)
4(453 517 518 454)
4(454 518 519 455)
4(451 455 519 515)
4(452 456 520 516)
4(309 389 520 456)
4(453 457 521 517)
4(456 520 521 457)
4(454 458 522 518)
4(457 521 522 458)
4(458 522 523 459)
4(455 459 523 519)
4(456 460 524 520)
4(314 394 524 460)
4(457 461 525 521)
4(460 524 525 461)
4(458 462 526 522)
4(461 525 526 462)
4(462 526 527 463)
4(459 463 527 523)
4(460 464 528 524)
4(319 399 528 464)
4(461 465 529 525)
4(464 528 529 465)
4(462 466 530 526)
4(465 529 530 466)
4(466 530 531 467)
4(463 467 531 527)
4(464 468 532 528)
4(324 404 532 468)
4(465 469 533 529)
4(468 532 533 469)
4(466 470 534 530)
4(469 533 534 470)
4(470 534 535 471)
4(467 471 535 531)
4(468 472 536 532)
4(329 409 536 472)
4(469 473 537 533)
4(472 536 537 473)
4(470 474 538 534)
4(473 537 538 474)
4(474 538 539 475)
4(471 475 539 535)
4(472 476 540 536)
4(334 414 540 476)
4(473 477 541 537)
4(476 540 541 477)
4(474 478 542 538)
4(477 541 542 478)
4(478 542 543 479)
4(475 479 543 539)
4(476 480 544 540)
4(339 419 544 480)
4(477 481 545 541)
4(480 544 545 481)
4(478 482 546 542)
4(481 545 546 482)
4(479 483 547 543)
4(482 546 547 483)
4(102 548 596 117)
4(423 487 596 548)
4(103 549 597 118)
4(548 596 597 549)
4(549 597 598 550)
4(104 550 598 119)
4(548 551 599 596)
4(427 491 599 551)
4(549 552 600 597)
4(551 599 600 552)
4(552 600 601 553)
4(550 553 601 598)
4(551 554 602 599)
4(431 495 602 554)
4(552 555 603 600)
4(554 602 603 555)
4(555 603 604 556)
4(553 556 604 601)
4(554 557 605 602)
4(435 499 605 557)
4(555 558 606 603)
4(557 605 606 558)
4(558 606 607 559)
4(556 559 607 604)
4(557 560 608 605)
4(439 503 608 560)
4(558 561 609 606)
4(560 608 609 561)
4(561 609 610 562)
4(559 562 610 607)
4(560 563 611 608)
4(443 507 611 563)
4(561 564 612 609)
4(563 611 612 564)
4(564 612 613 565)
4(562 565 613 610)
4(563 566 614 611)
4(447 511 614 566)
4(564 567 615 612)
4(566 614 615 567)
4(567 615 616 568)
4(565 568 616 613)
4(566 569 617 614)
4(451 515 617 569)
4(567 570 618 615)
4(569 617 618 570)
4(570 618 619 571)
4(568 571 619 616)
4(569 572 620 617)
4(455 519 620 572)
4(570 573 621 618)
4(572 620 621 573)
4(573 621 622 574)
4(571 574 622 619)
4(572 575 623 620)
4(459 523 623 575)
4(573 576 624 621)
4(575 623 624 576)
4(576 624 625 577)
4(574 577 625 622)
4(575 578 626 623)
4(463 527 626 578)
4(576 579 627 624)
4(578 626 627 579)
4(579 627 628 580)
4(577 580 628 625)
4(578 581 629 626)
4(467 531 629 581)
4(579 582 630 627)
4(581 629 630 582)
4(582 630 631 583)
4(580 583 631 628)
4(581 584 632 629)
4(471 535 632 584)
4(582 585 633 630)
4(584 632 633 585)
4(585 633 634 586)
4(583 586 634 631)
4(584 587 635 632)
4(475 539 635 587)
4(585 588 636 633)
4(587 635 636 588)
4(588 636 637 589)
4(586 589 637 634)
4(587 590 638 635)
4(479 543 638 590)
4(588 591 639 636)
4(590 638 639 591)
4(591 639 640 592)
4(589 592 640 637)
4(590 593 641 638)
4(483 547 641 593)
4(591 594 642 639)
4(593 641 642 594)
4(592 595 643 640)
4(594 642 643 595)
4(132 644 692 147)
4(550 598 692 644)
4(133 645 693 148)
4(644 692 693 645)
4(645 693 694 646)
4(134 646 694 149)
4(644 647 695 692)
4(553 601 695 647)
4(645 648 696 693)
4(647 695 696 648)
4(648 696 697 649)
4(646 649 697 694)
4(647 650 698 695)
4(556 604 698 650)
4(648 651 699 696)
4(650 698 699 651)
4(651 699 700 652)
4(649 652 700 697)
4(650 653 701 698)
4(559 607 701 653)
4(651 654 702 699)
4(653 701 702 654)
4(654 702 703 655)
4(652 655 703 700)
4(653 656 704 701)
4(562 610 704 656)
4(654 657 705 702)
4(656 704 705 657)
4(657 705 706 658)
4(655 658 706 703)
4(656 659 707 704)
4(565 613 707 659)
4(657 660 708 705)
4(659 707 708 660)
4(660 708 709 661)
4(658 661 709 706)
4(659 662 710 707)
4(568 616 710 662)
4(660 663 711 708)
4(662 710 711 663)
4(663 711 712 664)
4(661 664 712 709)
4(662 665 713 710)
4(571 619 713 665)
4(663 666 714 711)
4(665 713 714 666)
4(666 714 715 667)
4(664 667 715 712)
4(665 668 716 713)
4(574 622 716 668)
4(666 669 717 714)
4(668 716 717 669)
4(669 717 718 670)
4(667 670 718 715)
4(668 671 719 716)
4(577 625 719 671)
4(669 672 720 717)
4(671 719 720 672)
4(672 720 721 673)
4(670 673 721 718)
4(671 674 722 719)
4(580 628 722 674)
4(672 675 723 720)
4(674 722 723 675)
4(675 723 724 676)
4(673 676 724 721)
4(674 677 725 722)
4(583 631 725 677)
4(675 678 726 723)
4(677 725 726 678)
4(678 726 727 679)
4(676 679 727 724)
4(677 680 728 725)
4(586 634 728 680)
4(678 681 729 726)
4(680 728 729 681)
4(681 729 730 682)
4(679 682 730 727)
4(680 683 731 728)
4(589 637 731 683)
4(681 684 732 729)
4(683 731 732 684)
4(684 732 733 685)
4(682 685 733 730)
4(683 686 734 731)
4(592 640 734 686)
4(684 687 735 732)
4(686 734 735 687)
4(687 735 736 688)
4(685 688 736 733)
4(686 689 737 734)
4(595 643 737 689)
4(687 690 738 735)
4(689 737 738 690)
4(688 691 739 736)
4(690 738 739 691)
4(162 740 788 177)
4(646 694 788 740)
4(163 741 789 178)
4(740 788 789 741)
4(741 789 790 742)
4(164 742 790 179)
4(740 743 791 788)
4(649 697 791 743)
4(741 744 792 789)
4(743 791 792 744)
4(744 792 793 745)
4(742 745 793 790)
4(743 746 794 791)
4(652 700 794 746)
4(744 747 795 792)
4(746 794 795 747)
4(747 795 796 748)
4(745 748 796 793)
4(746 749 797 794)
4(655 703 797 749)
4(747 750 798 795)
4(749 797 798 750)
4(750 798 799 751)
4(748 751 799 796)
4(749 752 800 797)
4(658 706 800 752)
4(750 753 801 798)
4(752 800 801 753)
4(753 801 802 754)
4(751 754 802 799)
4(752 755 803 800)
4(661 709 803 755)
4(753 756 804 801)
4(755 803 804 756)
4(756 804 805 757)
4(754 757 805 802)
4(755 758 806 803)
4(664 712 806 758)
4(756 759 807 804)
4(758 806 807 759)
4(759 807 808 760)
4(757 760 808 805)
4(758 761 809 806)
4(667 715 809 761)
4(759 762 810 807)
4(761 809 810 762)
4(762 810 811 763)
4(760 763 811 808)
4(761 764 812 809)
4(670 718 812 764)
4(762 765 813 810)
4(764 812 813 765)
4(765 813 814 766)
4(763 766 814 811)
4(764 767 815 812)
4(673 721 815 767)
4(765 768 816 813)
4(767 815 816 768)
4(768 816 817 769)
4(766 769 817 814)
4(767 770 818 815)
4(676 724 818 770)
4(768 771 819 816)
4(770 818 819 771)
4(771 819 820 772)
4(769 772 820 817)
4(770 773 821 818)
4(679 727 821 773)
4(771 774 822 819)
4(773 821 822 774)
4(774 822 823 775)
4(772 775 823 820)
4(773 776 824 821)
4(682 730 824 776)
4(774 777 825 822)
4(776 824 825 777)
4(777 825 826 778)
4(775 778 826 823)
4(776 779 827 824)
4(685 733 827 779)
4(777 780 828 825)
4(779 827 828 780)
4(780 828 829 781)
4(778 781 829 826)
4(779 782 830 827)
4(688 736 830 782)
4(780 783 831 828)
4(782 830 831 783)
4(783 831 832 784)
4(781 784 832 829)
4(782 785 833 830)
4(691 739 833 785)
4(783 786 834 831)
4(785 833 834 786)
4(784 787 835 832)
4(786 834 835 787)
4(196 836 900 216)
4(742 790 900 836)
4(197 837 901 217)
4(836 900 901 837)
4(198 838 902 218)
4(837 901 902 838)
4(838 902 903 839)
4(199 839 903 219)
4(836 840 904 900)
4(745 793 904 840)
4(837 841 905 901)
4(840 904 905 841)
4(838 842 906 902)
4(841 905 906 842)
4(842 906 907 843)
4(839 843 907 903)
4(840 844 908 904)
4(748 796 908 844)
4(841 845 909 905)
4(844 908 909 845)
4(842 846 910 906)
4(845 909 910 846)
4(846 910 911 847)
4(843 847 911 907)
4(844 848 912 908)
4(751 799 912 848)
4(845 849 913 909)
4(848 912 913 849)
4(846 850 914 910)
4(849 913 914 850)
4(850 914 915 851)
4(847 851 915 911)
4(848 852 916 912)
4(754 802 916 852)
4(849 853 917 913)
4(852 916 917 853)
4(850 854 918 914)
4(853 917 918 854)
4(854 918 919 855)
4(851 855 919 915)
4(852 856 920 916)
4(757 805 920 856)
4(853 857 921 917)
4(856 920 921 857)
4(854 858 922 918)
4(857 921 922 858)
4(858 922 923 859)
4(855 859 923 919)
4(856 860 924 920)
4(760 808 924 860)
4(857 861 925 921)
4(860 924 925 861)
4(858 862 926 922)
4(861 925 926 862)
4(862 926 927 863)
4(859 863 927 923)
4(860 864 928 924)
4(763 811 928 864)
4(861 865 929 925)
4(864 928 929 865)
4(862 866 930 926)
4(865 929 930 866)
4(866 930 931 867)
4(863 867 931 927)
4(864 868 932 928)
4(766 814 932 868)
4(865 869 933 929)
4(868 932 933 869)
4(866 870 934 930)
4(869 933 934 870)
4(870 934 935 871)
4(867 871 935 931)
4(868 872 936 932)
4(769 817 936 872)
4(869 873 937 933)
4(872 936 937 873)
4(870 874 938 934)
4(873 937 938 874)
4(874 938 939 875)
4(871 875 939 935)
4(872 876 940 936)
4(772 820 940 876)
4(873 877 941 937)
4(876 940 941 877)
4(874 878 942 938)
4(877 941 942 878)
4(878 942 943 879)
4(875 879 943 939)
4(876 880 944 940)
4(775 823 944 880)
4(877 881 945 941)
4(880 944 945 881)
4(878 882 946 942)
4(881 945 946 882)
4(882 946 947 883)
4(879 883 947 943)
4(880 884 948 944)
4(778 826 948 884)
4(881 885 949 945)
4(884 948 949 885)
4(882 886 950 946)
4(885 949 950 886)
4(886 950 951 887)
4(883 887 951 947)
4(884 888 952 948)
4(781 829 952 888)
4(885 889 953 949)
4(888 952 953 889)
4(886 890 954 950)
4(889 953 954 890)
4(890 954 955 891)
4(887 891 955 951)
4(888 892 956 952)
4(784 832 956 892)
4(889 893 957 953)
4(892 956 957 893)
4(890 894 958 954)
4(893 957 958 894)
4(894 958 959 895)
4(891 895 959 955)
4(892 896 960 956)
4(787 835 960 896)
4(893 897 961 957)
4(896 960 961 897)
4(894 898 962 958)
4(897 961 962 898)
4(895 899 963 959)
4(898 962 963 899)
4(236 964 1028 256)
4(839 903 1028 964)
4(237 965 1029 257)
4(964 1028 1029 965)
4(238 966 1030 258)
4(965 1029 1030 966)
4(966 1030 1031 967)
4(239 967 1031 259)
4(964 968 1032 1028)
4(843 907 1032 968)
4(965 969 1033 1029)
4(968 1032 1033 969)
4(966 970 1034 1030)
4(969 1033 1034 970)
4(970 1034 1035 971)
4(967 971 1035 1031)
4(968 972 1036 1032)
4(847 911 1036 972)
4(969 973 1037 1033)
4(972 1036 1037 973)
4(970 974 1038 1034)
4(973 1037 1038 974)
4(974 1038 1039 975)
4(971 975 1039 1035)
4(972 976 1040 1036)
4(851 915 1040 976)
4(973 977 1041 1037)
4(976 1040 1041 977)
4(974 978 1042 1038)
4(977 1041 1042 978)
4(978 1042 1043 979)
4(975 979 1043 1039)
4(976 980 1044 1040)
4(855 919 1044 980)
4(977 981 1045 1041)
4(980 1044 1045 981)
4(978 982 1046 1042)
4(981 1045 1046 982)
4(982 1046 1047 983)
4(979 983 1047 1043)
4(980 984 1048 1044)
4(859 923 1048 984)
4(981 985 1049 1045)
4(984 1048 1049 985)
4(982 986 1050 1046)
4(985 1049 1050 986)
4(986 1050 1051 987)
4(983 987 1051 1047)
4(984 988 1052 1048)
4(863 927 1052 988)
4(985 989 1053 1049)
4(988 1052 1053 989)
4(986 990 1054 1050)
4(989 1053 1054 990)
4(990 1054 1055 991)
4(987 991 1055 1051)
4(988 992 1056 1052)
4(867 931 1056 992)
4(989 993 1057 1053)
4(992 1056 1057 993)
4(990 994 1058 1054)
4(993 1057 1058 994)
4(994 1058 1059 995)
4(991 995 1059 1055)
4(992 996 1060 1056)
4(871 935 1060 996)
4(993 997 1061 1057)
4(996 1060 1061 997)
4(994 998 1062 1058)
4(997 1061 1062 998)
4(998 1062 1063 999)
4(995 999 1063 1059)
4(996 1000 1064 1060)
4(875 939 1064 1000)
4(997 1001 1065 1061)
4(1000 1064 1065 1001)
4(998 1002 1066 1062)
4(1001 1065 1066 1002)
4(1002 1066 1067 1003)
4(999 1003 1067 1063)
4(1000 1004 1068 1064)
4(879 943 1068 1004)
4(1001 1005 1069 1065)
4(1004 1068 1069 1005)
4(1002 1006 1070 1066)
4(1005 1069 1070 1006)
4(1006 1070 1071 1007)
4(1003 1007 1071 1067)
4(1004 1008 1072 1068)
4(883 947 1072 1008)
4(1005 1009 1073 1069)
4(1008 1072 1073 1009)
4(1006 1010 1074 1070)
4(1009 1073 1074 1010)
4(1010 1074 1075 1011)
4(1007 1011 1075 1071)
4(1008 1012 1076 1072)
4(887 951 1076 1012)
4(1009 1013 1077 1073)
4(1012 1076 1077 1013)
4(1010 1014 1078 1074)
4(1013 1077 1078 1014)
4(1014 1078 1079 1015)
4(1011 1015 1079 1075)
4(1012 1016 1080 1076)
4(891 955 1080 1016)
4(1013 1017 1081 1077)
4(1016 1080 1081 1017)
4(1014 1018 1082 1078)
4(1017 1081 1082 1018)
4(1018 1082 1083 1019)
4(1015 1019 1083 1079)
4(1016 1020 1084 1080)
4(895 959 1084 1020)
4(1017 1021 1085 1081)
4(1020 1084 1085 1021)
4(1018 1022 1086 1082)
4(1021 1085 1086 1022)
4(1022 1086 1087 1023)
4(1019 1023 1087 1083)
4(1020 1024 1088 1084)
4(899 963 1088 1024)
4(1021 1025 1089 1085)
4(1024 1088 1089 1025)
4(1022 1026 1090 1086)
4(1025 1089 1090 1026)
4(1026 1090 1091 1027)
4(1023 1027 1091 1087)
4(336 1093 1193 416)
4(1092 1192 1193 1093)
4(335 415 1192 1092)
4(337 1094 1194 417)
4(1093 1193 1194 1094)
4(338 1095 1195 418)
4(1094 1194 1195 1095)
4(1095 1195 1196 1096)
4(339 1096 1196 419)
4(1093 1098 1198 1193)
4(1097 1197 1198 1098)
4(1092 1192 1197 1097)
4(1094 1099 1199 1194)
4(1098 1198 1199 1099)
4(1095 1100 1200 1195)
4(1099 1199 1200 1100)
4(1100 1200 1201 1101)
4(1096 1101 1201 1196)
4(1098 1103 1203 1198)
4(1102 1202 1203 1103)
4(1097 1197 1202 1102)
4(1099 1104 1204 1199)
4(1103 1203 1204 1104)
4(1100 1105 1205 1200)
4(1104 1204 1205 1105)
4(1105 1205 1206 1106)
4(1101 1106 1206 1201)
4(1103 1108 1208 1203)
4(1107 1207 1208 1108)
4(1102 1202 1207 1107)
4(1104 1109 1209 1204)
4(1108 1208 1209 1109)
4(1105 1110 1210 1205)
4(1109 1209 1210 1110)
4(1110 1210 1211 1111)
4(1106 1111 1211 1206)
4(1108 1113 1213 1208)
4(1112 1212 1213 1113)
4(1107 1207 1212 1112)
4(1109 1114 1214 1209)
4(1113 1213 1214 1114)
4(1110 1115 1215 1210)
4(1114 1214 1215 1115)
4(1115 1215 1216 1116)
4(1111 1116 1216 1211)
4(1113 1118 1218 1213)
4(1117 1217 1218 1118)
4(1112 1212 1217 1117)
4(1114 1119 1219 1214)
4(1118 1218 1219 1119)
4(1115 1120 1220 1215)
4(1119 1219 1220 1120)
4(1120 1220 1221 1121)
4(1116 1121 1221 1216)
4(1118 1123 1223 1218)
4(1122 1222 1223 1123)
4(1117 1217 1222 1122)
4(1119 1124 1224 1219)
4(1123 1223 1224 1124)
4(1120 1125 1225 1220)
4(1124 1224 1225 1125)
4(1125 1225 1226 1126)
4(1121 1126 1226 1221)
4(1123 1128 1228 1223)
4(1127 1227 1228 1128)
4(1122 1222 1227 1127)
4(1124 1129 1229 1224)
4(1128 1228 1229 1129)
4(1125 1130 1230 1225)
4(1129 1229 1230 1130)
4(1130 1230 1231 1131)
4(1126 1131 1231 1226)
4(1128 1133 1233 1228)
4(1132 1232 1233 1133)
4(1127 1227 1232 1132)
4(1129 1134 1234 1229)
4(1133 1233 1234 1134)
4(1130 1135 1235 1230)
4(1134 1234 1235 1135)
4(1135 1235 1236 1136)
4(1131 1136 1236 1231)
4(1133 1138 1238 1233)
4(1137 1237 1238 1138)
4(1132 1232 1237 1137)
4(1134 1139 1239 1234)
4(1138 1238 1239 1139)
4(1135 1140 1240 1235)
4(1139 1239 1240 1140)
4(1140 1240 1241 1141)
4(1136 1141 1241 1236)
4(1138 1143 1243 1238)
4(1142 1242 1243 1143)
4(1137 1237 1242 1142)
4(1139 1144 1244 1239)
4(1143 1243 1244 1144)
4(1140 1145 1245 1240)
4(1144 1244 1245 1145)
4(1145 1245 1246 1146)
4(1141 1146 1246 1241)
4(1143 1148 1248 1243)
4(1147 1247 1248 1148)
4(1142 1242 1247 1147)
4(1144 1149 1249 1244)
4(1148 1248 1249 1149)
4(1145 1150 1250 1245)
4(1149 1249 1250 1150)
4(1150 1250 1251 1151)
4(1146 1151 1251 1246)
4(1148 1153 1253 1248)
4(1152 1252 1253 1153)
4(1147 1247 1252 1152)
4(1149 1154 1254 1249)
4(1153 1253 1254 1154)
4(1150 1155 1255 1250)
4(1154 1254 1255 1155)
4(1155 1255 1256 1156)
4(1151 1156 1256 1251)
4(1153 1158 1258 1253)
4(1157 1257 1258 1158)
4(1152 1252 1257 1157)
4(1154 1159 1259 1254)
4(1158 1258 1259 1159)
4(1155 1160 1260 1255)
4(1159 1259 1260 1160)
4(1160 1260 1261 1161)
4(1156 1161 1261 1256)
4(1158 1163 1263 1258)
4(1162 1262 1263 1163)
4(1157 1257 1262 1162)
4(1159 1164 1264 1259)
4(1163 1263 1264 1164)
4(1160 1165 1265 1260)
4(1164 1264 1265 1165)
4(1165 1265 1266 1166)
4(1161 1166 1266 1261)
4(1163 1168 1268 1263)
4(1167 1267 1268 1168)
4(1162 1262 1267 1167)
4(1164 1169 1269 1264)
4(1168 1268 1269 1169)
4(1165 1170 1270 1265)
4(1169 1269 1270 1170)
4(1170 1270 1271 1171)
4(1166 1171 1271 1266)
4(1168 1173 1273 1268)
4(1172 1272 1273 1173)
4(1167 1267 1272 1172)
4(1169 1174 1274 1269)
4(1173 1273 1274 1174)
4(1170 1175 1275 1270)
4(1174 1274 1275 1175)
4(1175 1275 1276 1176)
4(1171 1176 1276 1271)
4(1173 1178 1278 1273)
4(1177 1277 1278 1178)
4(1172 1272 1277 1177)
4(1174 1179 1279 1274)
4(1178 1278 1279 1179)
4(1175 1180 1280 1275)
4(1179 1279 1280 1180)
4(1180 1280 1281 1181)
4(1176 1181 1281 1276)
4(1178 1183 1283 1278)
4(1182 1282 1283 1183)
4(1177 1277 1282 1182)
4(1179 1184 1284 1279)
4(1183 1283 1284 1184)
4(1180 1185 1285 1280)
4(1184 1284 1285 1185)
4(1185 1285 1286 1186)
4(1181 1186 1286 1281)
4(1183 1188 1288 1283)
4(1182 1282 1287 1187)
4(1184 1189 1289 1284)
4(1185 1190 1290 1285)
4(1186 1191 1291 1286)
4(480 1292 1372 544)
4(1096 1196 1372 1292)
4(481 1293 1373 545)
4(1292 1372 1373 1293)
4(482 1294 1374 546)
4(1293 1373 1374 1294)
4(1294 1374 1375 1295)
4(483 1295 1375 547)
4(1292 1296 1376 1372)
4(1101 1201 1376 1296)
4(1293 1297 1377 1373)
4(1296 1376 1377 1297)
4(1294 1298 1378 1374)
4(1297 1377 1378 1298)
4(1298 1378 1379 1299)
4(1295 1299 1379 1375)
4(1296 1300 1380 1376)
4(1106 1206 1380 1300)
4(1297 1301 1381 1377)
4(1300 1380 1381 1301)
4(1298 1302 1382 1378)
4(1301 1381 1382 1302)
4(1302 1382 1383 1303)
4(1299 1303 1383 1379)
4(1300 1304 1384 1380)
4(1111 1211 1384 1304)
4(1301 1305 1385 1381)
4(1304 1384 1385 1305)
4(1302 1306 1386 1382)
4(1305 1385 1386 1306)
4(1306 1386 1387 1307)
4(1303 1307 1387 1383)
4(1304 1308 1388 1384)
4(1116 1216 1388 1308)
4(1305 1309 1389 1385)
4(1308 1388 1389 1309)
4(1306 1310 1390 1386)
4(1309 1389 1390 1310)
4(1310 1390 1391 1311)
4(1307 1311 1391 1387)
4(1308 1312 1392 1388)
4(1121 1221 1392 1312)
4(1309 1313 1393 1389)
4(1312 1392 1393 1313)
4(1310 1314 1394 1390)
4(1313 1393 1394 1314)
4(1314 1394 1395 1315)
4(1311 1315 1395 1391)
4(1312 1316 1396 1392)
4(1126 1226 1396 1316)
4(1313 1317 1397 1393)
4(1316 1396 1397 1317)
4(1314 1318 1398 1394)
4(1317 1397 1398 1318)
4(1318 1398 1399 1319)
4(1315 1319 1399 1395)
4(1316 1320 1400 1396)
4(1131 1231 1400 1320)
4(1317 1321 1401 1397)
4(1320 1400 1401 1321)
4(1318 1322 1402 1398)
4(1321 1401 1402 1322)
4(1322 1402 1403 1323)
4(1319 1323 1403 1399)
4(1320 1324 1404 1400)
4(1136 1236 1404 1324)
4(1321 1325 1405 1401)
4(1324 1404 1405 1325)
4(1322 1326 1406 1402)
4(1325 1405 1406 1326)
4(1326 1406 1407 1327)
4(1323 1327 1407 1403)
4(1324 1328 1408 1404)
4(1141 1241 1408 1328)
4(1325 1329 1409 1405)
4(1328 1408 1409 1329)
4(1326 1330 1410 1406)
4(1329 1409 1410 1330)
4(1330 1410 1411 1331)
4(1327 1331 1411 1407)
4(1328 1332 1412 1408)
4(1146 1246 1412 1332)
4(1329 1333 1413 1409)
4(1332 1412 1413 1333)
4(1330 1334 1414 1410)
4(1333 1413 1414 1334)
4(1334 1414 1415 1335)
4(1331 1335 1415 1411)
4(1332 1336 1416 1412)
4(1151 1251 1416 1336)
4(1333 1337 1417 1413)
4(1336 1416 1417 1337)
4(1334 1338 1418 1414)
4(1337 1417 1418 1338)
4(1338 1418 1419 1339)
4(1335 1339 1419 1415)
4(1336 1340 1420 1416)
4(1156 1256 1420 1340)
4(1337 1341 1421 1417)
4(1340 1420 1421 1341)
4(1338 1342 1422 1418)
4(1341 1421 1422 1342)
4(1342 1422 1423 1343)
4(1339 1343 1423 1419)
4(1340 1344 1424 1420)
4(1161 1261 1424 1344)
4(1341 1345 1425 1421)
4(1344 1424 1425 1345)
4(1342 1346 1426 1422)
4(1345 1425 1426 1346)
4(1346 1426 1427 1347)
4(1343 1347 1427 1423)
4(1344 1348 1428 1424)
4(1166 1266 1428 1348)
4(1345 1349 1429 1425)
4(1348 1428 1429 1349)
4(1346 1350 1430 1426)
4(1349 1429 1430 1350)
4(1350 1430 1431 1351)
4(1347 1351 1431 1427)
4(1348 1352 1432 1428)
4(1171 1271 1432 1352)
4(1349 1353 1433 1429)
4(1352 1432 1433 1353)
4(1350 1354 1434 1430)
4(1353 1433 1434 1354)
4(1354 1434 1435 1355)
4(1351 1355 1435 1431)
4(1352 1356 1436 1432)
4(1176 1276 1436 1356)
4(1353 1357 1437 1433)
4(1356 1436 1437 1357)
4(1354 1358 1438 1434)
4(1357 1437 1438 1358)
4(1358 1438 1439 1359)
4(1355 1359 1439 1435)
4(1356 1360 1440 1436)
4(1181 1281 1440 1360)
4(1357 1361 1441 1437)
4(1360 1440 1441 1361)
4(1358 1362 1442 1438)
4(1361 1441 1442 1362)
4(1362 1442 1443 1363)
4(1359 1363 1443 1439)
4(1360 1364 1444 1440)
4(1186 1286 1444 1364)
4(1361 1365 1445 1441)
4(1364 1444 1445 1365)
4(1362 1366 1446 1442)
4(1365 1445 1446 1366)
4(1366 1446 1447 1367)
4(1363 1367 1447 1443)
4(1364 1368 1448 1444)
4(1365 1369 1449 1445)
4(1366 1370 1450 1446)
4(1367 1371 1451 1447)
4(593 1452 1512 641)
4(1295 1375 1512 1452)
4(594 1453 1513 642)
4(1452 1512 1513 1453)
4(1453 1513 1514 1454)
4(595 1454 1514 643)
4(1452 1455 1515 1512)
4(1299 1379 1515 1455)
4(1453 1456 1516 1513)
4(1455 1515 1516 1456)
4(1456 1516 1517 1457)
4(1454 1457 1517 1514)
4(1455 1458 1518 1515)
4(1303 1383 1518 1458)
4(1456 1459 1519 1516)
4(1458 1518 1519 1459)
4(1459 1519 1520 1460)
4(1457 1460 1520 1517)
4(1458 1461 1521 1518)
4(1307 1387 1521 1461)
4(1459 1462 1522 1519)
4(1461 1521 1522 1462)
4(1462 1522 1523 1463)
4(1460 1463 1523 1520)
4(1461 1464 1524 1521)
4(1311 1391 1524 1464)
4(1462 1465 1525 1522)
4(1464 1524 1525 1465)
4(1465 1525 1526 1466)
4(1463 1466 1526 1523)
4(1464 1467 1527 1524)
4(1315 1395 1527 1467)
4(1465 1468 1528 1525)
4(1467 1527 1528 1468)
4(1468 1528 1529 1469)
4(1466 1469 1529 1526)
4(1467 1470 1530 1527)
4(1319 1399 1530 1470)
4(1468 1471 1531 1528)
4(1470 1530 1531 1471)
4(1471 1531 1532 1472)
4(1469 1472 1532 1529)
4(1470 1473 1533 1530)
4(1323 1403 1533 1473)
4(1471 1474 1534 1531)
4(1473 1533 1534 1474)
4(1474 1534 1535 1475)
4(1472 1475 1535 1532)
4(1473 1476 1536 1533)
4(1327 1407 1536 1476)
4(1474 1477 1537 1534)
4(1476 1536 1537 1477)
4(1477 1537 1538 1478)
4(1475 1478 1538 1535)
4(1476 1479 1539 1536)
4(1331 1411 1539 1479)
4(1477 1480 1540 1537)
4(1479 1539 1540 1480)
4(1480 1540 1541 1481)
4(1478 1481 1541 1538)
4(1479 1482 1542 1539)
4(1335 1415 1542 1482)
4(1480 1483 1543 1540)
4(1482 1542 1543 1483)
4(1483 1543 1544 1484)
4(1481 1484 1544 1541)
4(1482 1485 1545 1542)
4(1339 1419 1545 1485)
4(1483 1486 1546 1543)
4(1485 1545 1546 1486)
4(1486 1546 1547 1487)
4(1484 1487 1547 1544)
4(1485 1488 1548 1545)
4(1343 1423 1548 1488)
4(1486 1489 1549 1546)
4(1488 1548 1549 1489)
4(1489 1549 1550 1490)
4(1487 1490 1550 1547)
4(1488 1491 1551 1548)
4(1347 1427 1551 1491)
4(1489 1492 1552 1549)
4(1491 1551 1552 1492)
4(1492 1552 1553 1493)
4(1490 1493 1553 1550)
4(1491 1494 1554 1551)
4(1351 1431 1554 1494)
4(1492 1495 1555 1552)
4(1494 1554 1555 1495)
4(1495 1555 1556 1496)
4(1493 1496 1556 1553)
4(1494 1497 1557 1554)
4(1355 1435 1557 1497)
4(1495 1498 1558 1555)
4(1497 1557 1558 1498)
4(1498 1558 1559 1499)
4(1496 1499 1559 1556)
4(1497 1500 1560 1557)
4(1359 1439 1560 1500)
4(1498 1501 1561 1558)
4(1500 1560 1561 1501)
4(1501 1561 1562 1502)
4(1499 1502 1562 1559)
4(1500 1503 1563 1560)
4(1363 1443 1563 1503)
4(1501 1504 1564 1561)
4(1503 1563 1564 1504)
4(1504 1564 1565 1505)
4(1502 1505 1565 1562)
4(1503 1506 1566 1563)
4(1367 1447 1566 1506)
4(1504 1507 1567 1564)
4(1506 1566 1567 1507)
4(1507 1567 1568 1508)
4(1505 1508 1568 1565)
4(1506 1509 1569 1566)
4(1507 1510 1570 1567)
4(1508 1511 1571 1568)
4(689 1572 1632 737)
4(1454 1514 1632 1572)
4(690 1573 1633 738)
4(1572 1632 1633 1573)
4(1573 1633 1634 1574)
4(691 1574 1634 739)
4(1572 1575 1635 1632)
4(1457 1517 1635 1575)
4(1573 1576 1636 1633)
4(1575 1635 1636 1576)
4(1576 1636 1637 1577)
4(1574 1577 1637 1634)
4(1575 1578 1638 1635)
4(1460 1520 1638 1578)
4(1576 1579 1639 1636)
4(1578 1638 1639 1579)
4(1579 1639 1640 1580)
4(1577 1580 1640 1637)
4(1578 1581 1641 1638)
4(1463 1523 1641 1581)
4(1579 1582 1642 1639)
4(1581 1641 1642 1582)
4(1582 1642 1643 1583)
4(1580 1583 1643 1640)
4(1581 1584 1644 1641)
4(1466 1526 1644 1584)
4(1582 1585 1645 1642)
4(1584 1644 1645 1585)
4(1585 1645 1646 1586)
4(1583 1586 1646 1643)
4(1584 1587 1647 1644)
4(1469 1529 1647 1587)
4(1585 1588 1648 1645)
4(1587 1647 1648 1588)
4(1588 1648 1649 1589)
4(1586 1589 1649 1646)
4(1587 1590 1650 1647)
4(1472 1532 1650 1590)
4(1588 1591 1651 1648)
4(1590 1650 1651 1591)
4(1591 1651 1652 1592)
4(1589 1592 1652 1649)
4(1590 1593 1653 1650)
4(1475 1535 1653 1593)
4(1591 1594 1654 1651)
4(1593 1653 1654 1594)
4(1594 1654 1655 1595)
4(1592 1595 1655 1652)
4(1593 1596 1656 1653)
4(1478 1538 1656 1596)
4(1594 1597 1657 1654)
4(1596 1656 1657 1597)
4(1597 1657 1658 1598)
4(1595 1598 1658 1655)
4(1596 1599 1659 1656)
4(1481 1541 1659 1599)
4(1597 1600 1660 1657)
4(1599 1659 1660 1600)
4(1600 1660 1661 1601)
4(1598 1601 1661 1658)
4(1599 1602 1662 1659)
4(1484 1544 1662 1602)
4(1600 1603 1663 1660)
4(1602 1662 1663 1603)
4(1603 1663 1664 1604)
4(1601 1604 1664 1661)
4(1602 1605 1665 1662)
4(1487 1547 1665 1605)
4(1603 1606 1666 1663)
4(1605 1665 1666 1606)
4(1606 1666 1667 1607)
4(1604 1607 1667 1664)
4(1605 1608 1668 1665)
4(1490 1550 1668 1608)
4(1606 1609 1669 1666)
4(1608 1668 1669 1609)
4(1609 1669 1670 1610)
4(1607 1610 1670 1667)
4(1608 1611 1671 1668)
4(1493 1553 1671 1611)
4(1609 1612 1672 1669)
4(1611 1671 1672 1612)
4(1612 1672 1673 1613)
4(1610 1613 1673 1670)
4(1611 1614 1674 1671)
4(1496 1556 1674 1614)
4(1612 1615 1675 1672)
4(1614 1674 1675 1615)
4(1615 1675 1676 1616)
4(1613 1616 1676 1673)
4(1614 1617 1677 1674)
4(1499 1559 1677 1617)
4(1615 1618 1678 1675)
4(1617 1677 1678 1618)
4(1618 1678 1679 1619)
4(1616 1619 1679 1676)
4(1617 1620 1680 1677)
4(1502 1562 1680 1620)
4(1618 1621 1681 1678)
4(1620 1680 1681 1621)
4(1621 1681 1682 1622)
4(1619 1622 1682 1679)
4(1620 1623 1683 1680)
4(1505 1565 1683 1623)
4(1621 1624 1684 1681)
4(1623 1683 1684 1624)
4(1624 1684 1685 1625)
4(1622 1625 1685 1682)
4(1623 1626 1686 1683)
4(1508 1568 1686 1626)
4(1624 1627 1687 1684)
4(1626 1686 1687 1627)
4(1627 1687 1688 1628)
4(1625 1628 1688 1685)
4(1626 1629 1689 1686)
4(1627 1630 1690 1687)
4(1628 1631 1691 1688)
4(785 1692 1752 833)
4(1574 1634 1752 1692)
4(786 1693 1753 834)
4(1692 1752 1753 1693)
4(1693 1753 1754 1694)
4(787 1694 1754 835)
4(1692 1695 1755 1752)
4(1577 1637 1755 1695)
4(1693 1696 1756 1753)
4(1695 1755 1756 1696)
4(1696 1756 1757 1697)
4(1694 1697 1757 1754)
4(1695 1698 1758 1755)
4(1580 1640 1758 1698)
4(1696 1699 1759 1756)
4(1698 1758 1759 1699)
4(1699 1759 1760 1700)
4(1697 1700 1760 1757)
4(1698 1701 1761 1758)
4(1583 1643 1761 1701)
4(1699 1702 1762 1759)
4(1701 1761 1762 1702)
4(1702 1762 1763 1703)
4(1700 1703 1763 1760)
4(1701 1704 1764 1761)
4(1586 1646 1764 1704)
4(1702 1705 1765 1762)
4(1704 1764 1765 1705)
4(1705 1765 1766 1706)
4(1703 1706 1766 1763)
4(1704 1707 1767 1764)
4(1589 1649 1767 1707)
4(1705 1708 1768 1765)
4(1707 1767 1768 1708)
4(1708 1768 1769 1709)
4(1706 1709 1769 1766)
4(1707 1710 1770 1767)
4(1592 1652 1770 1710)
4(1708 1711 1771 1768)
4(1710 1770 1771 1711)
4(1711 1771 1772 1712)
4(1709 1712 1772 1769)
4(1710 1713 1773 1770)
4(1595 1655 1773 1713)
4(1711 1714 1774 1771)
4(1713 1773 1774 1714)
4(1714 1774 1775 1715)
4(1712 1715 1775 1772)
4(1713 1716 1776 1773)
4(1598 1658 1776 1716)
4(1714 1717 1777 1774)
4(1716 1776 1777 1717)
4(1717 1777 1778 1718)
4(1715 1718 1778 1775)
4(1716 1719 1779 1776)
4(1601 1661 1779 1719)
4(1717 1720 1780 1777)
4(1719 1779 1780 1720)
4(1720 1780 1781 1721)
4(1718 1721 1781 1778)
4(1719 1722 1782 1779)
4(1604 1664 1782 1722)
4(1720 1723 1783 1780)
4(1722 1782 1783 1723)
4(1723 1783 1784 1724)
4(1721 1724 1784 1781)
4(1722 1725 1785 1782)
4(1607 1667 1785 1725)
4(1723 1726 1786 1783)
4(1725 1785 1786 1726)
4(1726 1786 1787 1727)
4(1724 1727 1787 1784)
4(1725 1728 1788 1785)
4(1610 1670 1788 1728)
4(1726 1729 1789 1786)
4(1728 1788 1789 1729)
4(1729 1789 1790 1730)
4(1727 1730 1790 1787)
4(1728 1731 1791 1788)
4(1613 1673 1791 1731)
4(1729 1732 1792 1789)
4(1731 1791 1792 1732)
4(1732 1792 1793 1733)
4(1730 1733 1793 1790)
4(1731 1734 1794 1791)
4(1616 1676 1794 1734)
4(1732 1735 1795 1792)
4(1734 1794 1795 1735)
4(1735 1795 1796 1736)
4(1733 1736 1796 1793)
4(1734 1737 1797 1794)
4(1619 1679 1797 1737)
4(1735 1738 1798 1795)
4(1737 1797 1798 1738)
4(1738 1798 1799 1739)
4(1736 1739 1799 1796)
4(1737 1740 1800 1797)
4(1622 1682 1800 1740)
4(1738 1741 1801 1798)
4(1740 1800 1801 1741)
4(1741 1801 1802 1742)
4(1739 1742 1802 1799)
4(1740 1743 1803 1800)
4(1625 1685 1803 1743)
4(1741 1744 1804 1801)
4(1743 1803 1804 1744)
4(1744 1804 1805 1745)
4(1742 1745 1805 1802)
4(1743 1746 1806 1803)
4(1628 1688 1806 1746)
4(1744 1747 1807 1804)
4(1746 1806 1807 1747)
4(1747 1807 1808 1748)
4(1745 1748 1808 1805)
4(1746 1749 1809 1806)
4(1747 1750 1810 1807)
4(1748 1751 1811 1808)
4(896 1812 1892 960)
4(1694 1754 1892 1812)
4(897 1813 1893 961)
4(1812 1892 1893 1813)
4(898 1814 1894 962)
4(1813 1893 1894 1814)
4(1814 1894 1895 1815)
4(899 1815 1895 963)
4(1812 1816 1896 1892)
4(1697 1757 1896 1816)
4(1813 1817 1897 1893)
4(1816 1896 1897 1817)
4(1814 1818 1898 1894)
4(1817 1897 1898 1818)
4(1818 1898 1899 1819)
4(1815 1819 1899 1895)
4(1816 1820 1900 1896)
4(1700 1760 1900 1820)
4(1817 1821 1901 1897)
4(1820 1900 1901 1821)
4(1818 1822 1902 1898)
4(1821 1901 1902 1822)
4(1822 1902 1903 1823)
4(1819 1823 1903 1899)
4(1820 1824 1904 1900)
4(1703 1763 1904 1824)
4(1821 1825 1905 1901)
4(1824 1904 1905 1825)
4(1822 1826 1906 1902)
4(1825 1905 1906 1826)
4(1826 1906 1907 1827)
4(1823 1827 1907 1903)
4(1824 1828 1908 1904)
4(1706 1766 1908 1828)
4(1825 1829 1909 1905)
4(1828 1908 1909 1829)
4(1826 1830 1910 1906)
4(1829 1909 1910 1830)
4(1830 1910 1911 1831)
4(1827 1831 1911 1907)
4(1828 1832 1912 1908)
4(1709 1769 1912 1832)
4(1829 1833 1913 1909)
4(1832 1912 1913 1833)
4(1830 1834 1914 1910)
4(1833 1913 1914 1834)
4(1834 1914 1915 1835)
4(1831 1835 1915 1911)
4(1832 1836 1916 1912)
4(1712 1772 1916 1836)
4(1833 1837 1917 1913)
4(1836 1916 1917 1837)
4(1834 1838 1918 1914)
4(1837 1917 1918 1838)
4(1838 1918 1919 1839)
4(1835 1839 1919 1915)
4(1836 1840 1920 1916)
4(1715 1775 1920 1840)
4(1837 1841 1921 1917)
4(1840 1920 1921 1841)
4(1838 1842 1922 1918)
4(1841 1921 1922 1842)
4(1842 1922 1923 1843)
4(1839 1843 1923 1919)
4(1840 1844 1924 1920)
4(1718 1778 1924 1844)
4(1841 1845 1925 1921)
4(1844 1924 1925 1845)
4(1842 1846 1926 1922)
4(1845 1925 1926 1846)
4(1846 1926 1927 1847)
4(1843 1847 1927 1923)
4(1844 1848 1928 1924)
4(1721 1781 1928 1848)
4(1845 1849 1929 1925)
4(1848 1928 1929 1849)
4(1846 1850 1930 1926)
4(1849 1929 1930 1850)
4(1850 1930 1931 1851)
4(1847 1851 1931 1927)
4(1848 1852 1932 1928)
4(1724 1784 1932 1852)
4(1849 1853 1933 1929)
4(1852 1932 1933 1853)
4(1850 1854 1934 1930)
4(1853 1933 1934 1854)
4(1854 1934 1935 1855)
4(1851 1855 1935 1931)
4(1852 1856 1936 1932)
4(1727 1787 1936 1856)
4(1853 1857 1937 1933)
4(1856 1936 1937 1857)
4(1854 1858 1938 1934)
4(1857 1937 1938 1858)
4(1858 1938 1939 1859)
4(1855 1859 1939 1935)
4(1856 1860 1940 1936)
4(1730 1790 1940 1860)
4(1857 1861 1941 1937)
4(1860 1940 1941 1861)
4(1858 1862 1942 1938)
4(1861 1941 1942 1862)
4(1862 1942 1943 1863)
4(1859 1863 1943 1939)
4(1860 1864 1944 1940)
4(1733 1793 1944 1864)
4(1861 1865 1945 1941)
4(1864 1944 1945 1865)
4(1862 1866 1946 1942)
4(1865 1945 1946 1866)
4(1866 1946 1947 1867)
4(1863 1867 1947 1943)
4(1864 1868 1948 1944)
4(1736 1796 1948 1868)
4(1865 1869 1949 1945)
4(1868 1948 1949 1869)
4(1866 1870 1950 1946)
4(1869 1949 1950 1870)
4(1870 1950 1951 1871)
4(1867 1871 1951 1947)
4(1868 1872 1952 1948)
4(1739 1799 1952 1872)
4(1869 1873 1953 1949)
4(1872 1952 1953 1873)
4(1870 1874 1954 1950)
4(1873 1953 1954 1874)
4(1874 1954 1955 1875)
4(1871 1875 1955 1951)
4(1872 1876 1956 1952)
4(1742 1802 1956 1876)
4(1873 1877 1957 1953)
4(1876 1956 1957 1877)
4(1874 1878 1958 1954)
4(1877 1957 1958 1878)
4(1878 1958 1959 1879)
4(1875 1879 1959 1955)
4(1876 1880 1960 1956)
4(1745 1805 1960 1880)
4(1877 1881 1961 1957)
4(1880 1960 1961 1881)
4(1878 1882 1962 1958)
4(1881 1961 1962 1882)
4(1882 1962 1963 1883)
4(1879 1883 1963 1959)
4(1880 1884 1964 1960)
4(1748 1808 1964 1884)
4(1881 1885 1965 1961)
4(1884 1964 1965 1885)
4(1882 1886 1966 1962)
4(1885 1965 1966 1886)
4(1886 1966 1967 1887)
4(1883 1887 1967 1963)
4(1884 1888 1968 1964)
4(1885 1889 1969 1965)
4(1886 1890 1970 1966)
4(1887 1891 1971 1967)
4(1024 1972 2052 1088)
4(1815 1895 2052 1972)
4(1025 1973 2053 1089)
4(1972 2052 2053 1973)
4(1026 1974 2054 1090)
4(1973 2053 2054 1974)
4(1974 2054 2055 1975)
4(1027 1975 2055 1091)
4(1972 1976 2056 2052)
4(1819 1899 2056 1976)
4(1973 1977 2057 2053)
4(1976 2056 2057 1977)
4(1974 1978 2058 2054)
4(1977 2057 2058 1978)
4(1978 2058 2059 1979)
4(1975 1979 2059 2055)
4(1976 1980 2060 2056)
4(1823 1903 2060 1980)
4(1977 1981 2061 2057)
4(1980 2060 2061 1981)
4(1978 1982 2062 2058)
4(1981 2061 2062 1982)
4(1982 2062 2063 1983)
4(1979 1983 2063 2059)
4(1980 1984 2064 2060)
4(1827 1907 2064 1984)
4(1981 1985 2065 2061)
4(1984 2064 2065 1985)
4(1982 1986 2066 2062)
4(1985 2065 2066 1986)
4(1986 2066 2067 1987)
4(1983 1987 2067 2063)
4(1984 1988 2068 2064)
4(1831 1911 2068 1988)
4(1985 1989 2069 2065)
4(1988 2068 2069 1989)
4(1986 1990 2070 2066)
4(1989 2069 2070 1990)
4(1990 2070 2071 1991)
4(1987 1991 2071 2067)
4(1988 1992 2072 2068)
4(1835 1915 2072 1992)
4(1989 1993 2073 2069)
4(1992 2072 2073 1993)
4(1990 1994 2074 2070)
4(1993 2073 2074 1994)
4(1994 2074 2075 1995)
4(1991 1995 2075 2071)
4(1992 1996 2076 2072)
4(1839 1919 2076 1996)
4(1993 1997 2077 2073)
4(1996 2076 2077 1997)
4(1994 1998 2078 2074)
4(1997 2077 2078 1998)
4(1998 2078 2079 1999)
4(1995 1999 2079 2075)
4(1996 2000 2080 2076)
4(1843 1923 2080 2000)
4(1997 2001 2081 2077)
4(2000 2080 2081 2001)
4(1998 2002 2082 2078)
4(2001 2081 2082 2002)
4(2002 2082 2083 2003)
4(1999 2003 2083 2079)
4(2000 2004 2084 2080)
4(1847 1927 2084 2004)
4(2001 2005 2085 2081)
4(2004 2084 2085 2005)
4(2002 2006 2086 2082)
4(2005 2085 2086 2006)
4(2006 2086 2087 2007)
4(2003 2007 2087 2083)
4(2004 2008 2088 2084)
4(1851 1931 2088 2008)
4(2005 2009 2089 2085)
4(2008 2088 2089 2009)
4(2006 2010 2090 2086)
4(2009 2089 2090 2010)
4(2010 2090 2091 2011)
4(2007 2011 2091 2087)
4(2008 2012 2092 2088)
4(1855 1935 2092 2012)
4(2009 2013 2093 2089)
4(2012 2092 2093 2013)
4(2010 2014 2094 2090)
4(2013 2093 2094 2014)
4(2014 2094 2095 2015)
4(2011 2015 2095 2091)
4(2012 2016 2096 2092)
4(1859 1939 2096 2016)
4(2013 2017 2097 2093)
4(2016 2096 2097 2017)
4(2014 2018 2098 2094)
4(2017 2097 2098 2018)
4(2018 2098 2099 2019)
4(2015 2019 2099 2095)
4(2016 2020 2100 2096)
4(1863 1943 2100 2020)
4(2017 2021 2101 2097)
4(2020 2100 2101 2021)
4(2018 2022 2102 2098)
4(2021 2101 2102 2022)
4(2022 2102 2103 2023)
4(2019 2023 2103 2099)
4(2020 2024 2104 2100)
4(1867 1947 2104 2024)
4(2021 2025 2105 2101)
4(2024 2104 2105 2025)
4(2022 2026 2106 2102)
4(2025 2105 2106 2026)
4(2026 2106 2107 2027)
4(2023 2027 2107 2103)
4(2024 2028 2108 2104)
4(1871 1951 2108 2028)
4(2025 2029 2109 2105)
4(2028 2108 2109 2029)
4(2026 2030 2110 2106)
4(2029 2109 2110 2030)
4(2030 2110 2111 2031)
4(2027 2031 2111 2107)
4(2028 2032 2112 2108)
4(1875 1955 2112 2032)
4(2029 2033 2113 2109)
4(2032 2112 2113 2033)
4(2030 2034 2114 2110)
4(2033 2113 2114 2034)
4(2034 2114 2115 2035)
4(2031 2035 2115 2111)
4(2032 2036 2116 2112)
4(1879 1959 2116 2036)
4(2033 2037 2117 2113)
4(2036 2116 2117 2037)
4(2034 2038 2118 2114)
4(2037 2117 2118 2038)
4(2038 2118 2119 2039)
4(2035 2039 2119 2115)
4(2036 2040 2120 2116)
4(1883 1963 2120 2040)
4(2037 2041 2121 2117)
4(2040 2120 2121 2041)
4(2038 2042 2122 2118)
4(2041 2121 2122 2042)
4(2042 2122 2123 2043)
4(2039 2043 2123 2119)
4(2040 2044 2124 2120)
4(1887 1967 2124 2044)
4(2041 2045 2125 2121)
4(2044 2124 2125 2045)
4(2042 2046 2126 2122)
4(2045 2125 2126 2046)
4(2046 2126 2127 2047)
4(2043 2047 2127 2123)
4(2044 2048 2128 2124)
4(2045 2049 2129 2125)
4(2046 2050 2130 2126)
4(2047 2051 2131 2127)
4(2133 2153 2253 2233)
4(2152 2252 2253 2153)
4(2134 2154 2254 2234)
4(2153 2253 2254 2154)
4(2135 2155 2255 2235)
4(2154 2254 2255 2155)
4(2136 2156 2256 2236)
4(2155 2255 2256 2156)
4(2137 2157 2257 2237)
4(2156 2256 2257 2157)
4(2138 2158 2258 2238)
4(2157 2257 2258 2158)
4(2139 2159 2259 2239)
4(2158 2258 2259 2159)
4(2140 2160 2260 2240)
4(2159 2259 2260 2160)
4(2141 2161 2261 2241)
4(2160 2260 2261 2161)
4(2142 2162 2262 2242)
4(2161 2261 2262 2162)
4(2143 2163 2263 2243)
4(2162 2262 2263 2163)
4(2144 2164 2264 2244)
4(2163 2263 2264 2164)
4(2145 2165 2265 2245)
4(2164 2264 2265 2165)
4(2146 2166 2266 2246)
4(2165 2265 2266 2166)
4(2147 2167 2267 2247)
4(2166 2266 2267 2167)
4(2148 2168 2268 2248)
4(2167 2267 2268 2168)
4(2149 2169 2269 2249)
4(2168 2268 2269 2169)
4(2150 2170 2270 2250)
4(2169 2269 2270 2170)
4(2151 2171 2271 2251)
4(2170 2270 2271 2171)
4(2171 2271 30 5)
4(2153 2173 2273 2253)
4(2172 2272 2273 2173)
4(2154 2174 2274 2254)
4(2173 2273 2274 2174)
4(2155 2175 2275 2255)
4(2174 2274 2275 2175)
4(2156 2176 2276 2256)
4(2175 2275 2276 2176)
4(2157 2177 2277 2257)
4(2176 2276 2277 2177)
4(2158 2178 2278 2258)
4(2177 2277 2278 2178)
4(2159 2179 2279 2259)
4(2178 2278 2279 2179)
4(2160 2180 2280 2260)
4(2179 2279 2280 2180)
4(2161 2181 2281 2261)
4(2180 2280 2281 2181)
4(2162 2182 2282 2262)
4(2181 2281 2282 2182)
4(2163 2183 2283 2263)
4(2182 2282 2283 2183)
4(2164 2184 2284 2264)
4(2183 2283 2284 2184)
4(2165 2185 2285 2265)
4(2184 2284 2285 2185)
4(2166 2186 2286 2266)
4(2185 2285 2286 2186)
4(2167 2187 2287 2267)
4(2186 2286 2287 2187)
4(2168 2188 2288 2268)
4(2187 2287 2288 2188)
4(2169 2189 2289 2269)
4(2188 2288 2289 2189)
4(2170 2190 2290 2270)
4(2189 2289 2290 2190)
4(2171 2191 2291 2271)
4(2190 2290 2291 2191)
4(2191 2291 35 10)
4(2173 2193 2293 2273)
4(2192 2292 2293 2193)
4(2174 2194 2294 2274)
4(2193 2293 2294 2194)
4(2175 2195 2295 2275)
4(2194 2294 2295 2195)
4(2176 2196 2296 2276)
4(2195 2295 2296 2196)
4(2177 2197 2297 2277)
4(2196 2296 2297 2197)
4(2178 2198 2298 2278)
4(2197 2297 2298 2198)
4(2179 2199 2299 2279)
4(2198 2298 2299 2199)
4(2180 2200 2300 2280)
4(2199 2299 2300 2200)
4(2181 2201 2301 2281)
4(2200 2300 2301 2201)
4(2182 2202 2302 2282)
4(2201 2301 2302 2202)
4(2183 2203 2303 2283)
4(2202 2302 2303 2203)
4(2184 2204 2304 2284)
4(2203 2303 2304 2204)
4(2185 2205 2305 2285)
4(2204 2304 2305 2205)
4(2186 2206 2306 2286)
4(2205 2305 2306 2206)
4(2187 2207 2307 2287)
4(2206 2306 2307 2207)
4(2188 2208 2308 2288)
4(2207 2307 2308 2208)
4(2189 2209 2309 2289)
4(2208 2308 2309 2209)
4(2190 2210 2310 2290)
4(2209 2309 2310 2210)
4(2191 2211 2311 2291)
4(2210 2310 2311 2211)
4(2211 2311 40 15)
4(2193 2213 2313 2293)
4(2212 2312 2313 2213)
4(2194 2214 2314 2294)
4(2213 2313 2314 2214)
4(2195 2215 2315 2295)
4(2214 2314 2315 2215)
4(2196 2216 2316 2296)
4(2215 2315 2316 2216)
4(2197 2217 2317 2297)
4(2216 2316 2317 2217)
4(2198 2218 2318 2298)
4(2217 2317 2318 2218)
4(2199 2219 2319 2299)
4(2218 2318 2319 2219)
4(2200 2220 2320 2300)
4(2219 2319 2320 2220)
4(2201 2221 2321 2301)
4(2220 2320 2321 2221)
4(2202 2222 2322 2302)
4(2221 2321 2322 2222)
4(2203 2223 2323 2303)
4(2222 2322 2323 2223)
4(2204 2224 2324 2304)
4(2223 2323 2324 2224)
4(2205 2225 2325 2305)
4(2224 2324 2325 2225)
4(2206 2226 2326 2306)
4(2225 2325 2326 2226)
4(2207 2227 2327 2307)
4(2226 2326 2327 2227)
4(2208 2228 2328 2308)
4(2227 2327 2328 2228)
4(2209 2229 2329 2309)
4(2228 2328 2329 2229)
4(2210 2230 2330 2310)
4(2229 2329 2330 2230)
4(2211 2231 2331 2311)
4(2230 2330 2331 2231)
4(2231 2331 45 20)
4(2213 2333 2653 2313)
4(2332 2652 2653 2333)
4(2214 2334 2654 2314)
4(2333 2653 2654 2334)
4(2215 2335 2655 2315)
4(2334 2654 2655 2335)
4(2216 2336 2656 2316)
4(2335 2655 2656 2336)
4(2217 2337 2657 2317)
4(2336 2656 2657 2337)
4(2218 2338 2658 2318)
4(2337 2657 2658 2338)
4(2219 2339 2659 2319)
4(2338 2658 2659 2339)
4(2220 2340 2660 2320)
4(2339 2659 2660 2340)
4(2221 2341 2661 2321)
4(2340 2660 2661 2341)
4(2222 2342 2662 2322)
4(2341 2661 2662 2342)
4(2223 2343 2663 2323)
4(2342 2662 2663 2343)
4(2224 2344 2664 2324)
4(2343 2663 2664 2344)
4(2225 2345 2665 2325)
4(2344 2664 2665 2345)
4(2226 2346 2666 2326)
4(2345 2665 2666 2346)
4(2227 2347 2667 2327)
4(2346 2666 2667 2347)
4(2228 2348 2668 2328)
4(2347 2667 2668 2348)
4(2229 2349 2669 2329)
4(2348 2668 2669 2349)
4(2230 2350 2670 2330)
4(2349 2669 2670 2350)
4(2231 2351 2671 2331)
4(2350 2670 2671 2351)
4(2351 2671 340 260)
4(2333 2353 2673 2653)
4(2352 2672 2673 2353)
4(2334 2354 2674 2654)
4(2353 2673 2674 2354)
4(2335 2355 2675 2655)
4(2354 2674 2675 2355)
4(2336 2356 2676 2656)
4(2355 2675 2676 2356)
4(2337 2357 2677 2657)
4(2356 2676 2677 2357)
4(2338 2358 2678 2658)
4(2357 2677 2678 2358)
4(2339 2359 2679 2659)
4(2358 2678 2679 2359)
4(2340 2360 2680 2660)
4(2359 2679 2680 2360)
4(2341 2361 2681 2661)
4(2360 2680 2681 2361)
4(2342 2362 2682 2662)
4(2361 2681 2682 2362)
4(2343 2363 2683 2663)
4(2362 2682 2683 2363)
4(2344 2364 2684 2664)
4(2363 2683 2684 2364)
4(2345 2365 2685 2665)
4(2364 2684 2685 2365)
4(2346 2366 2686 2666)
4(2365 2685 2686 2366)
4(2347 2367 2687 2667)
4(2366 2686 2687 2367)
4(2348 2368 2688 2668)
4(2367 2687 2688 2368)
4(2349 2369 2689 2669)
4(2368 2688 2689 2369)
4(2350 2370 2690 2670)
4(2369 2689 2690 2370)
4(2351 2371 2691 2671)
4(2370 2690 2691 2371)
4(2371 2691 345 265)
4(2353 2373 2693 2673)
4(2372 2692 2693 2373)
4(2354 2374 2694 2674)
4(2373 2693 2694 2374)
4(2355 2375 2695 2675)
4(2374 2694 2695 2375)
4(2356 2376 2696 2676)
4(2375 2695 2696 2376)
4(2357 2377 2697 2677)
4(2376 2696 2697 2377)
4(2358 2378 2698 2678)
4(2377 2697 2698 2378)
4(2359 2379 2699 2679)
4(2378 2698 2699 2379)
4(2360 2380 2700 2680)
4(2379 2699 2700 2380)
4(2361 2381 2701 2681)
4(2380 2700 2701 2381)
4(2362 2382 2702 2682)
4(2381 2701 2702 2382)
4(2363 2383 2703 2683)
4(2382 2702 2703 2383)
4(2364 2384 2704 2684)
4(2383 2703 2704 2384)
4(2365 2385 2705 2685)
4(2384 2704 2705 2385)
4(2366 2386 2706 2686)
4(2385 2705 2706 2386)
4(2367 2387 2707 2687)
4(2386 2706 2707 2387)
4(2368 2388 2708 2688)
4(2387 2707 2708 2388)
4(2369 2389 2709 2689)
4(2388 2708 2709 2389)
4(2370 2390 2710 2690)
4(2389 2709 2710 2390)
4(2371 2391 2711 2691)
4(2390 2710 2711 2391)
4(2391 2711 350 270)
4(2373 2393 2713 2693)
4(2392 2712 2713 2393)
4(2374 2394 2714 2694)
4(2393 2713 2714 2394)
4(2375 2395 2715 2695)
4(2394 2714 2715 2395)
4(2376 2396 2716 2696)
4(2395 2715 2716 2396)
4(2377 2397 2717 2697)
4(2396 2716 2717 2397)
4(2378 2398 2718 2698)
4(2397 2717 2718 2398)
4(2379 2399 2719 2699)
4(2398 2718 2719 2399)
4(2380 2400 2720 2700)
4(2399 2719 2720 2400)
4(2381 2401 2721 2701)
4(2400 2720 2721 2401)
4(2382 2402 2722 2702)
4(2401 2721 2722 2402)
4(2383 2403 2723 2703)
4(2402 2722 2723 2403)
4(2384 2404 2724 2704)
4(2403 2723 2724 2404)
4(2385 2405 2725 2705)
4(2404 2724 2725 2405)
4(2386 2406 2726 2706)
4(2405 2725 2726 2406)
4(2387 2407 2727 2707)
4(2406 2726 2727 2407)
4(2388 2408 2728 2708)
4(2407 2727 2728 2408)
4(2389 2409 2729 2709)
4(2408 2728 2729 2409)
4(2390 2410 2730 2710)
4(2409 2729 2730 2410)
4(2391 2411 2731 2711)
4(2410 2730 2731 2411)
4(2411 2731 355 275)
4(2393 2413 2733 2713)
4(2412 2732 2733 2413)
4(2394 2414 2734 2714)
4(2413 2733 2734 2414)
4(2395 2415 2735 2715)
4(2414 2734 2735 2415)
4(2396 2416 2736 2716)
4(2415 2735 2736 2416)
4(2397 2417 2737 2717)
4(2416 2736 2737 2417)
4(2398 2418 2738 2718)
4(2417 2737 2738 2418)
4(2399 2419 2739 2719)
4(2418 2738 2739 2419)
4(2400 2420 2740 2720)
4(2419 2739 2740 2420)
4(2401 2421 2741 2721)
4(2420 2740 2741 2421)
4(2402 2422 2742 2722)
4(2421 2741 2742 2422)
4(2403 2423 2743 2723)
4(2422 2742 2743 2423)
4(2404 2424 2744 2724)
4(2423 2743 2744 2424)
4(2405 2425 2745 2725)
4(2424 2744 2745 2425)
4(2406 2426 2746 2726)
4(2425 2745 2746 2426)
4(2407 2427 2747 2727)
4(2426 2746 2747 2427)
4(2408 2428 2748 2728)
4(2427 2747 2748 2428)
4(2409 2429 2749 2729)
4(2428 2748 2749 2429)
4(2410 2430 2750 2730)
4(2429 2749 2750 2430)
4(2411 2431 2751 2731)
4(2430 2750 2751 2431)
4(2431 2751 360 280)
4(2413 2433 2753 2733)
4(2432 2752 2753 2433)
4(2414 2434 2754 2734)
4(2433 2753 2754 2434)
4(2415 2435 2755 2735)
4(2434 2754 2755 2435)
4(2416 2436 2756 2736)
4(2435 2755 2756 2436)
4(2417 2437 2757 2737)
4(2436 2756 2757 2437)
4(2418 2438 2758 2738)
4(2437 2757 2758 2438)
4(2419 2439 2759 2739)
4(2438 2758 2759 2439)
4(2420 2440 2760 2740)
4(2439 2759 2760 2440)
4(2421 2441 2761 2741)
4(2440 2760 2761 2441)
4(2422 2442 2762 2742)
4(2441 2761 2762 2442)
4(2423 2443 2763 2743)
4(2442 2762 2763 2443)
4(2424 2444 2764 2744)
4(2443 2763 2764 2444)
4(2425 2445 2765 2745)
4(2444 2764 2765 2445)
4(2426 2446 2766 2746)
4(2445 2765 2766 2446)
4(2427 2447 2767 2747)
4(2446 2766 2767 2447)
4(2428 2448 2768 2748)
4(2447 2767 2768 2448)
4(2429 2449 2769 2749)
4(2448 2768 2769 2449)
4(2430 2450 2770 2750)
4(2449 2769 2770 2450)
4(2431 2451 2771 2751)
4(2450 2770 2771 2451)
4(2451 2771 365 285)
4(2433 2453 2773 2753)
4(2452 2772 2773 2453)
4(2434 2454 2774 2754)
4(2453 2773 2774 2454)
4(2435 2455 2775 2755)
4(2454 2774 2775 2455)
4(2436 2456 2776 2756)
4(2455 2775 2776 2456)
4(2437 2457 2777 2757)
4(2456 2776 2777 2457)
4(2438 2458 2778 2758)
4(2457 2777 2778 2458)
4(2439 2459 2779 2759)
4(2458 2778 2779 2459)
4(2440 2460 2780 2760)
4(2459 2779 2780 2460)
4(2441 2461 2781 2761)
4(2460 2780 2781 2461)
4(2442 2462 2782 2762)
4(2461 2781 2782 2462)
4(2443 2463 2783 2763)
4(2462 2782 2783 2463)
4(2444 2464 2784 2764)
4(2463 2783 2784 2464)
4(2445 2465 2785 2765)
4(2464 2784 2785 2465)
4(2446 2466 2786 2766)
4(2465 2785 2786 2466)
4(2447 2467 2787 2767)
4(2466 2786 2787 2467)
4(2448 2468 2788 2768)
4(2467 2787 2788 2468)
4(2449 2469 2789 2769)
4(2468 2788 2789 2469)
4(2450 2470 2790 2770)
4(2469 2789 2790 2470)
4(2451 2471 2791 2771)
4(2470 2790 2791 2471)
4(2471 2791 370 290)
4(2453 2473 2793 2773)
4(2472 2792 2793 2473)
4(2454 2474 2794 2774)
4(2473 2793 2794 2474)
4(2455 2475 2795 2775)
4(2474 2794 2795 2475)
4(2456 2476 2796 2776)
4(2475 2795 2796 2476)
4(2457 2477 2797 2777)
4(2476 2796 2797 2477)
4(2458 2478 2798 2778)
4(2477 2797 2798 2478)
4(2459 2479 2799 2779)
4(2478 2798 2799 2479)
4(2460 2480 2800 2780)
4(2479 2799 2800 2480)
4(2461 2481 2801 2781)
4(2480 2800 2801 2481)
4(2462 2482 2802 2782)
4(2481 2801 2802 2482)
4(2463 2483 2803 2783)
4(2482 2802 2803 2483)
4(2464 2484 2804 2784)
4(2483 2803 2804 2484)
4(2465 2485 2805 2785)
4(2484 2804 2805 2485)
4(2466 2486 2806 2786)
4(2485 2805 2806 2486)
4(2467 2487 2807 2787)
4(2486 2806 2807 2487)
4(2468 2488 2808 2788)
4(2487 2807 2808 2488)
4(2469 2489 2809 2789)
4(2488 2808 2809 2489)
4(2470 2490 2810 2790)
4(2489 2809 2810 2490)
4(2471 2491 2811 2791)
4(2490 2810 2811 2491)
4(2491 2811 375 295)
4(2473 2493 2813 2793)
4(2492 2812 2813 2493)
4(2474 2494 2814 2794)
4(2493 2813 2814 2494)
4(2475 2495 2815 2795)
4(2494 2814 2815 2495)
4(2476 2496 2816 2796)
4(2495 2815 2816 2496)
4(2477 2497 2817 2797)
4(2496 2816 2817 2497)
4(2478 2498 2818 2798)
4(2497 2817 2818 2498)
4(2479 2499 2819 2799)
4(2498 2818 2819 2499)
4(2480 2500 2820 2800)
4(2499 2819 2820 2500)
4(2481 2501 2821 2801)
4(2500 2820 2821 2501)
4(2482 2502 2822 2802)
4(2501 2821 2822 2502)
4(2483 2503 2823 2803)
4(2502 2822 2823 2503)
4(2484 2504 2824 2804)
4(2503 2823 2824 2504)
4(2485 2505 2825 2805)
4(2504 2824 2825 2505)
4(2486 2506 2826 2806)
4(2505 2825 2826 2506)
4(2487 2507 2827 2807)
4(2506 2826 2827 2507)
4(2488 2508 2828 2808)
4(2507 2827 2828 2508)
4(2489 2509 2829 2809)
4(2508 2828 2829 2509)
4(2490 2510 2830 2810)
4(2509 2829 2830 2510)
4(2491 2511 2831 2811)
4(2510 2830 2831 2511)
4(2511 2831 380 300)
4(2493 2513 2833 2813)
4(2512 2832 2833 2513)
4(2494 2514 2834 2814)
4(2513 2833 2834 2514)
4(2495 2515 2835 2815)
4(2514 2834 2835 2515)
4(2496 2516 2836 2816)
4(2515 2835 2836 2516)
4(2497 2517 2837 2817)
4(2516 2836 2837 2517)
4(2498 2518 2838 2818)
4(2517 2837 2838 2518)
4(2499 2519 2839 2819)
4(2518 2838 2839 2519)
4(2500 2520 2840 2820)
4(2519 2839 2840 2520)
4(2501 2521 2841 2821)
4(2520 2840 2841 2521)
4(2502 2522 2842 2822)
4(2521 2841 2842 2522)
4(2503 2523 2843 2823)
4(2522 2842 2843 2523)
4(2504 2524 2844 2824)
4(2523 2843 2844 2524)
4(2505 2525 2845 2825)
4(2524 2844 2845 2525)
4(2506 2526 2846 2826)
4(2525 2845 2846 2526)
4(2507 2527 2847 2827)
4(2526 2846 2847 2527)
4(2508 2528 2848 2828)
4(2527 2847 2848 2528)
4(2509 2529 2849 2829)
4(2528 2848 2849 2529)
4(2510 2530 2850 2830)
4(2529 2849 2850 2530)
4(2511 2531 2851 2831)
4(2530 2850 2851 2531)
4(2531 2851 385 305)
4(2513 2533 2853 2833)
4(2532 2852 2853 2533)
4(2514 2534 2854 2834)
4(2533 2853 2854 2534)
4(2515 2535 2855 2835)
4(2534 2854 2855 2535)
4(2516 2536 2856 2836)
4(2535 2855 2856 2536)
4(2517 2537 2857 2837)
4(2536 2856 2857 2537)
4(2518 2538 2858 2838)
4(2537 2857 2858 2538)
4(2519 2539 2859 2839)
4(2538 2858 2859 2539)
4(2520 2540 2860 2840)
4(2539 2859 2860 2540)
4(2521 2541 2861 2841)
4(2540 2860 2861 2541)
4(2522 2542 2862 2842)
4(2541 2861 2862 2542)
4(2523 2543 2863 2843)
4(2542 2862 2863 2543)
4(2524 2544 2864 2844)
4(2543 2863 2864 2544)
4(2525 2545 2865 2845)
4(2544 2864 2865 2545)
4(2526 2546 2866 2846)
4(2545 2865 2866 2546)
4(2527 2547 2867 2847)
4(2546 2866 2867 2547)
4(2528 2548 2868 2848)
4(2547 2867 2868 2548)
4(2529 2549 2869 2849)
4(2548 2868 2869 2549)
4(2530 2550 2870 2850)
4(2549 2869 2870 2550)
4(2531 2551 2871 2851)
4(2550 2870 2871 2551)
4(2551 2871 390 310)
4(2533 2553 2873 2853)
4(2552 2872 2873 2553)
4(2534 2554 2874 2854)
4(2553 2873 2874 2554)
4(2535 2555 2875 2855)
4(2554 2874 2875 2555)
4(2536 2556 2876 2856)
4(2555 2875 2876 2556)
4(2537 2557 2877 2857)
4(2556 2876 2877 2557)
4(2538 2558 2878 2858)
4(2557 2877 2878 2558)
4(2539 2559 2879 2859)
4(2558 2878 2879 2559)
4(2540 2560 2880 2860)
4(2559 2879 2880 2560)
4(2541 2561 2881 2861)
4(2560 2880 2881 2561)
4(2542 2562 2882 2862)
4(2561 2881 2882 2562)
4(2543 2563 2883 2863)
4(2562 2882 2883 2563)
4(2544 2564 2884 2864)
4(2563 2883 2884 2564)
4(2545 2565 2885 2865)
4(2564 2884 2885 2565)
4(2546 2566 2886 2866)
4(2565 2885 2886 2566)
4(2547 2567 2887 2867)
4(2566 2886 2887 2567)
4(2548 2568 2888 2868)
4(2567 2887 2888 2568)
4(2549 2569 2889 2869)
4(2568 2888 2889 2569)
4(2550 2570 2890 2870)
4(2569 2889 2890 2570)
4(2551 2571 2891 2871)
4(2570 2890 2891 2571)
4(2571 2891 395 315)
4(2553 2573 2893 2873)
4(2572 2892 2893 2573)
4(2554 2574 2894 2874)
4(2573 2893 2894 2574)
4(2555 2575 2895 2875)
4(2574 2894 2895 2575)
4(2556 2576 2896 2876)
4(2575 2895 2896 2576)
4(2557 2577 2897 2877)
4(2576 2896 2897 2577)
4(2558 2578 2898 2878)
4(2577 2897 2898 2578)
4(2559 2579 2899 2879)
4(2578 2898 2899 2579)
4(2560 2580 2900 2880)
4(2579 2899 2900 2580)
4(2561 2581 2901 2881)
4(2580 2900 2901 2581)
4(2562 2582 2902 2882)
4(2581 2901 2902 2582)
4(2563 2583 2903 2883)
4(2582 2902 2903 2583)
4(2564 2584 2904 2884)
4(2583 2903 2904 2584)
4(2565 2585 2905 2885)
4(2584 2904 2905 2585)
4(2566 2586 2906 2886)
4(2585 2905 2906 2586)
4(2567 2587 2907 2887)
4(2586 2906 2907 2587)
4(2568 2588 2908 2888)
4(2587 2907 2908 2588)
4(2569 2589 2909 2889)
4(2588 2908 2909 2589)
4(2570 2590 2910 2890)
4(2589 2909 2910 2590)
4(2571 2591 2911 2891)
4(2590 2910 2911 2591)
4(2591 2911 400 320)
4(2573 2593 2913 2893)
4(2592 2912 2913 2593)
4(2574 2594 2914 2894)
4(2593 2913 2914 2594)
4(2575 2595 2915 2895)
4(2594 2914 2915 2595)
4(2576 2596 2916 2896)
4(2595 2915 2916 2596)
4(2577 2597 2917 2897)
4(2596 2916 2917 2597)
4(2578 2598 2918 2898)
4(2597 2917 2918 2598)
4(2579 2599 2919 2899)
4(2598 2918 2919 2599)
4(2580 2600 2920 2900)
4(2599 2919 2920 2600)
4(2581 2601 2921 2901)
4(2600 2920 2921 2601)
4(2582 2602 2922 2902)
4(2601 2921 2922 2602)
4(2583 2603 2923 2903)
4(2602 2922 2923 2603)
4(2584 2604 2924 2904)
4(2603 2923 2924 2604)
4(2585 2605 2925 2905)
4(2604 2924 2925 2605)
4(2586 2606 2926 2906)
4(2605 2925 2926 2606)
4(2587 2607 2927 2907)
4(2606 2926 2927 2607)
4(2588 2608 2928 2908)
4(2607 2927 2928 2608)
4(2589 2609 2929 2909)
4(2608 2928 2929 2609)
4(2590 2610 2930 2910)
4(2609 2929 2930 2610)
4(2591 2611 2931 2911)
4(2610 2930 2931 2611)
4(2611 2931 405 325)
4(2593 2613 2933 2913)
4(2612 2932 2933 2613)
4(2594 2614 2934 2914)
4(2613 2933 2934 2614)
4(2595 2615 2935 2915)
4(2614 2934 2935 2615)
4(2596 2616 2936 2916)
4(2615 2935 2936 2616)
4(2597 2617 2937 2917)
4(2616 2936 2937 2617)
4(2598 2618 2938 2918)
4(2617 2937 2938 2618)
4(2599 2619 2939 2919)
4(2618 2938 2939 2619)
4(2600 2620 2940 2920)
4(2619 2939 2940 2620)
4(2601 2621 2941 2921)
4(2620 2940 2941 2621)
4(2602 2622 2942 2922)
4(2621 2941 2942 2622)
4(2603 2623 2943 2923)
4(2622 2942 2943 2623)
4(2604 2624 2944 2924)
4(2623 2943 2944 2624)
4(2605 2625 2945 2925)
4(2624 2944 2945 2625)
4(2606 2626 2946 2926)
4(2625 2945 2946 2626)
4(2607 2627 2947 2927)
4(2626 2946 2947 2627)
4(2608 2628 2948 2928)
4(2627 2947 2948 2628)
4(2609 2629 2949 2929)
4(2628 2948 2949 2629)
4(2610 2630 2950 2930)
4(2629 2949 2950 2630)
4(2611 2631 2951 2931)
4(2630 2950 2951 2631)
4(2631 2951 410 330)
4(2613 2633 2953 2933)
4(2632 2952 2953 2633)
4(2614 2634 2954 2934)
4(2633 2953 2954 2634)
4(2615 2635 2955 2935)
4(2634 2954 2955 2635)
4(2616 2636 2956 2936)
4(2635 2955 2956 2636)
4(2617 2637 2957 2937)
4(2636 2956 2957 2637)
4(2618 2638 2958 2938)
4(2637 2957 2958 2638)
4(2619 2639 2959 2939)
4(2638 2958 2959 2639)
4(2620 2640 2960 2940)
4(2639 2959 2960 2640)
4(2621 2641 2961 2941)
4(2640 2960 2961 2641)
4(2622 2642 2962 2942)
4(2641 2961 2962 2642)
4(2623 2643 2963 2943)
4(2642 2962 2963 2643)
4(2624 2644 2964 2944)
4(2643 2963 2964 2644)
4(2625 2645 2965 2945)
4(2644 2964 2965 2645)
4(2626 2646 2966 2946)
4(2645 2965 2966 2646)
4(2627 2647 2967 2947)
4(2646 2966 2967 2647)
4(2628 2648 2968 2948)
4(2647 2967 2968 2648)
4(2629 2649 2969 2949)
4(2648 2968 2969 2649)
4(2630 2650 2970 2950)
4(2649 2969 2970 2650)
4(2631 2651 2971 2951)
4(2650 2970 2971 2651)
4(2651 2971 415 335)
4(2633 2973 3373 2953)
4(2972 3372 3373 2973)
4(2634 2974 3374 2954)
4(2973 3373 3374 2974)
4(2635 2975 3375 2955)
4(2974 3374 3375 2975)
4(2636 2976 3376 2956)
4(2975 3375 3376 2976)
4(2637 2977 3377 2957)
4(2976 3376 3377 2977)
4(2638 2978 3378 2958)
4(2977 3377 3378 2978)
4(2639 2979 3379 2959)
4(2978 3378 3379 2979)
4(2640 2980 3380 2960)
4(2979 3379 3380 2980)
4(2641 2981 3381 2961)
4(2980 3380 3381 2981)
4(2642 2982 3382 2962)
4(2981 3381 3382 2982)
4(2643 2983 3383 2963)
4(2982 3382 3383 2983)
4(2644 2984 3384 2964)
4(2983 3383 3384 2984)
4(2645 2985 3385 2965)
4(2984 3384 3385 2985)
4(2646 2986 3386 2966)
4(2985 3385 3386 2986)
4(2647 2987 3387 2967)
4(2986 3386 3387 2987)
4(2648 2988 3388 2968)
4(2987 3387 3388 2988)
4(2649 2989 3389 2969)
4(2988 3388 3389 2989)
4(2650 2990 3390 2970)
4(2989 3389 3390 2990)
4(2651 2991 3391 2971)
4(2990 3390 3391 2991)
4(2991 3391 1192 1092)
4(2973 2993 3393 3373)
4(2992 3392 3393 2993)
4(2974 2994 3394 3374)
4(2993 3393 3394 2994)
4(2975 2995 3395 3375)
4(2994 3394 3395 2995)
4(2976 2996 3396 3376)
4(2995 3395 3396 2996)
4(2977 2997 3397 3377)
4(2996 3396 3397 2997)
4(2978 2998 3398 3378)
4(2997 3397 3398 2998)
4(2979 2999 3399 3379)
4(2998 3398 3399 2999)
4(2980 3000 3400 3380)
4(2999 3399 3400 3000)
4(2981 3001 3401 3381)
4(3000 3400 3401 3001)
4(2982 3002 3402 3382)
4(3001 3401 3402 3002)
4(2983 3003 3403 3383)
4(3002 3402 3403 3003)
4(2984 3004 3404 3384)
4(3003 3403 3404 3004)
4(2985 3005 3405 3385)
4(3004 3404 3405 3005)
4(2986 3006 3406 3386)
4(3005 3405 3406 3006)
4(2987 3007 3407 3387)
4(3006 3406 3407 3007)
4(2988 3008 3408 3388)
4(3007 3407 3408 3008)
4(2989 3009 3409 3389)
4(3008 3408 3409 3009)
4(2990 3010 3410 3390)
4(3009 3409 3410 3010)
4(2991 3011 3411 3391)
4(3010 3410 3411 3011)
4(3011 3411 1197 1097)
4(2993 3013 3413 3393)
4(3012 3412 3413 3013)
4(2994 3014 3414 3394)
4(3013 3413 3414 3014)
4(2995 3015 3415 3395)
4(3014 3414 3415 3015)
4(2996 3016 3416 3396)
4(3015 3415 3416 3016)
4(2997 3017 3417 3397)
4(3016 3416 3417 3017)
4(2998 3018 3418 3398)
4(3017 3417 3418 3018)
4(2999 3019 3419 3399)
4(3018 3418 3419 3019)
4(3000 3020 3420 3400)
4(3019 3419 3420 3020)
4(3001 3021 3421 3401)
4(3020 3420 3421 3021)
4(3002 3022 3422 3402)
4(3021 3421 3422 3022)
4(3003 3023 3423 3403)
4(3022 3422 3423 3023)
4(3004 3024 3424 3404)
4(3023 3423 3424 3024)
4(3005 3025 3425 3405)
4(3024 3424 3425 3025)
4(3006 3026 3426 3406)
4(3025 3425 3426 3026)
4(3007 3027 3427 3407)
4(3026 3426 3427 3027)
4(3008 3028 3428 3408)
4(3027 3427 3428 3028)
4(3009 3029 3429 3409)
4(3028 3428 3429 3029)
4(3010 3030 3430 3410)
4(3029 3429 3430 3030)
4(3011 3031 3431 3411)
4(3030 3430 3431 3031)
4(3031 3431 1202 1102)
4(3013 3033 3433 3413)
4(3032 3432 3433 3033)
4(3014 3034 3434 3414)
4(3033 3433 3434 3034)
4(3015 3035 3435 3415)
4(3034 3434 3435 3035)
4(3016 3036 3436 3416)
4(3035 3435 3436 3036)
4(3017 3037 3437 3417)
4(3036 3436 3437 3037)
4(3018 3038 3438 3418)
4(3037 3437 3438 3038)
4(3019 3039 3439 3419)
4(3038 3438 3439 3039)
4(3020 3040 3440 3420)
4(3039 3439 3440 3040)
4(3021 3041 3441 3421)
4(3040 3440 3441 3041)
4(3022 3042 3442 3422)
4(3041 3441 3442 3042)
4(3023 3043 3443 3423)
4(3042 3442 3443 3043)
4(3024 3044 3444 3424)
4(3043 3443 3444 3044)
4(3025 3045 3445 3425)
4(3044 3444 3445 3045)
4(3026 3046 3446 3426)
4(3045 3445 3446 3046)
4(3027 3047 3447 3427)
4(3046 3446 3447 3047)
4(3028 3048 3448 3428)
4(3047 3447 3448 3048)
4(3029 3049 3449 3429)
4(3048 3448 3449 3049)
4(3030 3050 3450 3430)
4(3049 3449 3450 3050)
4(3031 3051 3451 3431)
4(3050 3450 3451 3051)
4(3051 3451 1207 1107)
4(3033 3053 3453 3433)
4(3052 3452 3453 3053)
4(3034 3054 3454 3434)
4(3053 3453 3454 3054)
4(3035 3055 3455 3435)
4(3054 3454 3455 3055)
4(3036 3056 3456 3436)
4(3055 3455 3456 3056)
4(3037 3057 3457 3437)
4(3056 3456 3457 3057)
4(3038 3058 3458 3438)
4(3057 3457 3458 3058)
4(3039 3059 3459 3439)
4(3058 3458 3459 3059)
4(3040 3060 3460 3440)
4(3059 3459 3460 3060)
4(3041 3061 3461 3441)
4(3060 3460 3461 3061)
4(3042 3062 3462 3442)
4(3061 3461 3462 3062)
4(3043 3063 3463 3443)
4(3062 3462 3463 3063)
4(3044 3064 3464 3444)
4(3063 3463 3464 3064)
4(3045 3065 3465 3445)
4(3064 3464 3465 3065)
4(3046 3066 3466 3446)
4(3065 3465 3466 3066)
4(3047 3067 3467 3447)
4(3066 3466 3467 3067)
4(3048 3068 3468 3448)
4(3067 3467 3468 3068)
4(3049 3069 3469 3449)
4(3068 3468 3469 3069)
4(3050 3070 3470 3450)
4(3069 3469 3470 3070)
4(3051 3071 3471 3451)
4(3070 3470 3471 3071)
4(3071 3471 1212 1112)
4(3053 3073 3473 3453)
4(3072 3472 3473 3073)
4(3054 3074 3474 3454)
4(3073 3473 3474 3074)
4(3055 3075 3475 3455)
4(3074 3474 3475 3075)
4(3056 3076 3476 3456)
4(3075 3475 3476 3076)
4(3057 3077 3477 3457)
4(3076 3476 3477 3077)
4(3058 3078 3478 3458)
4(3077 3477 3478 3078)
4(3059 3079 3479 3459)
4(3078 3478 3479 3079)
4(3060 3080 3480 3460)
4(3079 3479 3480 3080)
4(3061 3081 3481 3461)
4(3080 3480 3481 3081)
4(3062 3082 3482 3462)
4(3081 3481 3482 3082)
4(3063 3083 3483 3463)
4(3082 3482 3483 3083)
4(3064 3084 3484 3464)
4(3083 3483 3484 3084)
4(3065 3085 3485 3465)
4(3084 3484 3485 3085)
4(3066 3086 3486 3466)
4(3085 3485 3486 3086)
4(3067 3087 3487 3467)
4(3086 3486 3487 3087)
4(3068 3088 3488 3468)
4(3087 3487 3488 3088)
4(3069 3089 3489 3469)
4(3088 3488 3489 3089)
4(3070 3090 3490 3470)
4(3089 3489 3490 3090)
4(3071 3091 3491 3471)
4(3090 3490 3491 3091)
4(3091 3491 1217 1117)
4(3073 3093 3493 3473)
4(3092 3492 3493 3093)
4(3074 3094 3494 3474)
4(3093 3493 3494 3094)
4(3075 3095 3495 3475)
4(3094 3494 3495 3095)
4(3076 3096 3496 3476)
4(3095 3495 3496 3096)
4(3077 3097 3497 3477)
4(3096 3496 3497 3097)
4(3078 3098 3498 3478)
4(3097 3497 3498 3098)
4(3079 3099 3499 3479)
4(3098 3498 3499 3099)
4(3080 3100 3500 3480)
4(3099 3499 3500 3100)
4(3081 3101 3501 3481)
4(3100 3500 3501 3101)
4(3082 3102 3502 3482)
4(3101 3501 3502 3102)
4(3083 3103 3503 3483)
4(3102 3502 3503 3103)
4(3084 3104 3504 3484)
4(3103 3503 3504 3104)
4(3085 3105 3505 3485)
4(3104 3504 3505 3105)
4(3086 3106 3506 3486)
4(3105 3505 3506 3106)
4(3087 3107 3507 3487)
4(3106 3506 3507 3107)
4(3088 3108 3508 3488)
4(3107 3507 3508 3108)
4(3089 3109 3509 3489)
4(3108 3508 3509 3109)
4(3090 3110 3510 3490)
4(3109 3509 3510 3110)
4(3091 3111 3511 3491)
4(3110 3510 3511 3111)
4(3111 3511 1222 1122)
4(3093 3113 3513 3493)
4(3112 3512 3513 3113)
4(3094 3114 3514 3494)
4(3113 3513 3514 3114)
4(3095 3115 3515 3495)
4(3114 3514 3515 3115)
4(3096 3116 3516 3496)
4(3115 3515 3516 3116)
4(3097 3117 3517 3497)
4(3116 3516 3517 3117)
4(3098 3118 3518 3498)
4(3117 3517 3518 3118)
4(3099 3119 3519 3499)
4(3118 3518 3519 3119)
4(3100 3120 3520 3500)
4(3119 3519 3520 3120)
4(3101 3121 3521 3501)
4(3120 3520 3521 3121)
4(3102 3122 3522 3502)
4(3121 3521 3522 3122)
4(3103 3123 3523 3503)
4(3122 3522 3523 3123)
4(3104 3124 3524 3504)
4(3123 3523 3524 3124)
4(3105 3125 3525 3505)
4(3124 3524 3525 3125)
4(3106 3126 3526 3506)
4(3125 3525 3526 3126)
4(3107 3127 3527 3507)
4(3126 3526 3527 3127)
4(3108 3128 3528 3508)
4(3127 3527 3528 3128)
4(3109 3129 3529 3509)
4(3128 3528 3529 3129)
4(3110 3130 3530 3510)
4(3129 3529 3530 3130)
4(3111 3131 3531 3511)
4(3130 3530 3531 3131)
4(3131 3531 1227 1127)
4(3113 3133 3533 3513)
4(3132 3532 3533 3133)
4(3114 3134 3534 3514)
4(3133 3533 3534 3134)
4(3115 3135 3535 3515)
4(3134 3534 3535 3135)
4(3116 3136 3536 3516)
4(3135 3535 3536 3136)
4(3117 3137 3537 3517)
4(3136 3536 3537 3137)
4(3118 3138 3538 3518)
4(3137 3537 3538 3138)
4(3119 3139 3539 3519)
4(3138 3538 3539 3139)
4(3120 3140 3540 3520)
4(3139 3539 3540 3140)
4(3121 3141 3541 3521)
4(3140 3540 3541 3141)
4(3122 3142 3542 3522)
4(3141 3541 3542 3142)
4(3123 3143 3543 3523)
4(3142 3542 3543 3143)
4(3124 3144 3544 3524)
4(3143 3543 3544 3144)
4(3125 3145 3545 3525)
4(3144 3544 3545 3145)
4(3126 3146 3546 3526)
4(3145 3545 3546 3146)
4(3127 3147 3547 3527)
4(3146 3546 3547 3147)
4(3128 3148 3548 3528)
4(3147 3547 3548 3148)
4(3129 3149 3549 3529)
4(3148 3548 3549 3149)
4(3130 3150 3550 3530)
4(3149 3549 3550 3150)
4(3131 3151 3551 3531)
4(3150 3550 3551 3151)
4(3151 3551 1232 1132)
4(3133 3153 3553 3533)
4(3152 3552 3553 3153)
4(3134 3154 3554 3534)
4(3153 3553 3554 3154)
4(3135 3155 3555 3535)
4(3154 3554 3555 3155)
4(3136 3156 3556 3536)
4(3155 3555 3556 3156)
4(3137 3157 3557 3537)
4(3156 3556 3557 3157)
4(3138 3158 3558 3538)
4(3157 3557 3558 3158)
4(3139 3159 3559 3539)
4(3158 3558 3559 3159)
4(3140 3160 3560 3540)
4(3159 3559 3560 3160)
4(3141 3161 3561 3541)
4(3160 3560 3561 3161)
4(3142 3162 3562 3542)
4(3161 3561 3562 3162)
4(3143 3163 3563 3543)
4(3162 3562 3563 3163)
4(3144 3164 3564 3544)
4(3163 3563 3564 3164)
4(3145 3165 3565 3545)
4(3164 3564 3565 3165)
4(3146 3166 3566 3546)
4(3165 3565 3566 3166)
4(3147 3167 3567 3547)
4(3166 3566 3567 3167)
4(3148 3168 3568 3548)
4(3167 3567 3568 3168)
4(3149 3169 3569 3549)
4(3168 3568 3569 3169)
4(3150 3170 3570 3550)
4(3169 3569 3570 3170)
4(3151 3171 3571 3551)
4(3170 3570 3571 3171)
4(3171 3571 1237 1137)
4(3153 3173 3573 3553)
4(3172 3572 3573 3173)
4(3154 3174 3574 3554)
4(3173 3573 3574 3174)
4(3155 3175 3575 3555)
4(3174 3574 3575 3175)
4(3156 3176 3576 3556)
4(3175 3575 3576 3176)
4(3157 3177 3577 3557)
4(3176 3576 3577 3177)
4(3158 3178 3578 3558)
4(3177 3577 3578 3178)
4(3159 3179 3579 3559)
4(3178 3578 3579 3179)
4(3160 3180 3580 3560)
4(3179 3579 3580 3180)
4(3161 3181 3581 3561)
4(3180 3580 3581 3181)
4(3162 3182 3582 3562)
4(3181 3581 3582 3182)
4(3163 3183 3583 3563)
4(3182 3582 3583 3183)
4(3164 3184 3584 3564)
4(3183 3583 3584 3184)
4(3165 3185 3585 3565)
4(3184 3584 3585 3185)
4(3166 3186 3586 3566)
4(3185 3585 3586 3186)
4(3167 3187 3587 3567)
4(3186 3586 3587 3187)
4(3168 3188 3588 3568)
4(3187 3587 3588 3188)
4(3169 3189 3589 3569)
4(3188 3588 3589 3189)
4(3170 3190 3590 3570)
4(3189 3589 3590 3190)
4(3171 3191 3591 3571)
4(3190 3590 3591 3191)
4(3191 3591 1242 1142)
4(3173 3193 3593 3573)
4(3192 3592 3593 3193)
4(3174 3194 3594 3574)
4(3193 3593 3594 3194)
4(3175 3195 3595 3575)
4(3194 3594 3595 3195)
4(3176 3196 3596 3576)
4(3195 3595 3596 3196)
4(3177 3197 3597 3577)
4(3196 3596 3597 3197)
4(3178 3198 3598 3578)
4(3197 3597 3598 3198)
4(3179 3199 3599 3579)
4(3198 3598 3599 3199)
4(3180 3200 3600 3580)
4(3199 3599 3600 3200)
4(3181 3201 3601 3581)
4(3200 3600 3601 3201)
4(3182 3202 3602 3582)
4(3201 3601 3602 3202)
4(3183 3203 3603 3583)
4(3202 3602 3603 3203)
4(3184 3204 3604 3584)
4(3203 3603 3604 3204)
4(3185 3205 3605 3585)
4(3204 3604 3605 3205)
4(3186 3206 3606 3586)
4(3205 3605 3606 3206)
4(3187 3207 3607 3587)
4(3206 3606 3607 3207)
4(3188 3208 3608 3588)
4(3207 3607 3608 3208)
4(3189 3209 3609 3589)
4(3208 3608 3609 3209)
4(3190 3210 3610 3590)
4(3209 3609 3610 3210)
4(3191 3211 3611 3591)
4(3210 3610 3611 3211)
4(3211 3611 1247 1147)
4(3193 3213 3613 3593)
4(3212 3612 3613 3213)
4(3194 3214 3614 3594)
4(3213 3613 3614 3214)
4(3195 3215 3615 3595)
4(3214 3614 3615 3215)
4(3196 3216 3616 3596)
4(3215 3615 3616 3216)
4(3197 3217 3617 3597)
4(3216 3616 3617 3217)
4(3198 3218 3618 3598)
4(3217 3617 3618 3218)
4(3199 3219 3619 3599)
4(3218 3618 3619 3219)
4(3200 3220 3620 3600)
4(3219 3619 3620 3220)
4(3201 3221 3621 3601)
4(3220 3620 3621 3221)
4(3202 3222 3622 3602)
4(3221 3621 3622 3222)
4(3203 3223 3623 3603)
4(3222 3622 3623 3223)
4(3204 3224 3624 3604)
4(3223 3623 3624 3224)
4(3205 3225 3625 3605)
4(3224 3624 3625 3225)
4(3206 3226 3626 3606)
4(3225 3625 3626 3226)
4(3207 3227 3627 3607)
4(3226 3626 3627 3227)
4(3208 3228 3628 3608)
4(3227 3627 3628 3228)
4(3209 3229 3629 3609)
4(3228 3628 3629 3229)
4(3210 3230 3630 3610)
4(3229 3629 3630 3230)
4(3211 3231 3631 3611)
4(3230 3630 3631 3231)
4(3231 3631 1252 1152)
4(3213 3233 3633 3613)
4(3232 3632 3633 3233)
4(3214 3234 3634 3614)
4(3233 3633 3634 3234)
4(3215 3235 3635 3615)
4(3234 3634 3635 3235)
4(3216 3236 3636 3616)
4(3235 3635 3636 3236)
4(3217 3237 3637 3617)
4(3236 3636 3637 3237)
4(3218 3238 3638 3618)
4(3237 3637 3638 3238)
4(3219 3239 3639 3619)
4(3238 3638 3639 3239)
4(3220 3240 3640 3620)
4(3239 3639 3640 3240)
4(3221 3241 3641 3621)
4(3240 3640 3641 3241)
4(3222 3242 3642 3622)
4(3241 3641 3642 3242)
4(3223 3243 3643 3623)
4(3242 3642 3643 3243)
4(3224 3244 3644 3624)
4(3243 3643 3644 3244)
4(3225 3245 3645 3625)
4(3244 3644 3645 3245)
4(3226 3246 3646 3626)
4(3245 3645 3646 3246)
4(3227 3247 3647 3627)
4(3246 3646 3647 3247)
4(3228 3248 3648 3628)
4(3247 3647 3648 3248)
4(3229 3249 3649 3629)
4(3248 3648 3649 3249)
4(3230 3250 3650 3630)
4(3249 3649 3650 3250)
4(3231 3251 3651 3631)
4(3250 3650 3651 3251)
4(3251 3651 1257 1157)
4(3233 3253 3653 3633)
4(3252 3652 3653 3253)
4(3234 3254 3654 3634)
4(3253 3653 3654 3254)
4(3235 3255 3655 3635)
4(3254 3654 3655 3255)
4(3236 3256 3656 3636)
4(3255 3655 3656 3256)
4(3237 3257 3657 3637)
4(3256 3656 3657 3257)
4(3238 3258 3658 3638)
4(3257 3657 3658 3258)
4(3239 3259 3659 3639)
4(3258 3658 3659 3259)
4(3240 3260 3660 3640)
4(3259 3659 3660 3260)
4(3241 3261 3661 3641)
4(3260 3660 3661 3261)
4(3242 3262 3662 3642)
4(3261 3661 3662 3262)
4(3243 3263 3663 3643)
4(3262 3662 3663 3263)
4(3244 3264 3664 3644)
4(3263 3663 3664 3264)
4(3245 3265 3665 3645)
4(3264 3664 3665 3265)
4(3246 3266 3666 3646)
4(3265 3665 3666 3266)
4(3247 3267 3667 3647)
4(3266 3666 3667 3267)
4(3248 3268 3668 3648)
4(3267 3667 3668 3268)
4(3249 3269 3669 3649)
4(3268 3668 3669 3269)
4(3250 3270 3670 3650)
4(3269 3669 3670 3270)
4(3251 3271 3671 3651)
4(3270 3670 3671 3271)
4(3271 3671 1262 1162)
4(3253 3273 3673 3653)
4(3272 3672 3673 3273)
4(3254 3274 3674 3654)
4(3273 3673 3674 3274)
4(3255 3275 3675 3655)
4(3274 3674 3675 3275)
4(3256 3276 3676 3656)
4(3275 3675 3676 3276)
4(3257 3277 3677 3657)
4(3276 3676 3677 3277)
4(3258 3278 3678 3658)
4(3277 3677 3678 3278)
4(3259 3279 3679 3659)
4(3278 3678 3679 3279)
4(3260 3280 3680 3660)
4(3279 3679 3680 3280)
4(3261 3281 3681 3661)
4(3280 3680 3681 3281)
4(3262 3282 3682 3662)
4(3281 3681 3682 3282)
4(3263 3283 3683 3663)
4(3282 3682 3683 3283)
4(3264 3284 3684 3664)
4(3283 3683 3684 3284)
4(3265 3285 3685 3665)
4(3284 3684 3685 3285)
4(3266 3286 3686 3666)
4(3285 3685 3686 3286)
4(3267 3287 3687 3667)
4(3286 3686 3687 3287)
4(3268 3288 3688 3668)
4(3287 3687 3688 3288)
4(3269 3289 3689 3669)
4(3288 3688 3689 3289)
4(3270 3290 3690 3670)
4(3289 3689 3690 3290)
4(3271 3291 3691 3671)
4(3290 3690 3691 3291)
4(3291 3691 1267 1167)
4(3273 3293 3693 3673)
4(3292 3692 3693 3293)
4(3274 3294 3694 3674)
4(3293 3693 3694 3294)
4(3275 3295 3695 3675)
4(3294 3694 3695 3295)
4(3276 3296 3696 3676)
4(3295 3695 3696 3296)
4(3277 3297 3697 3677)
4(3296 3696 3697 3297)
4(3278 3298 3698 3678)
4(3297 3697 3698 3298)
4(3279 3299 3699 3679)
4(3298 3698 3699 3299)
4(3280 3300 3700 3680)
4(3299 3699 3700 3300)
4(3281 3301 3701 3681)
4(3300 3700 3701 3301)
4(3282 3302 3702 3682)
4(3301 3701 3702 3302)
4(3283 3303 3703 3683)
4(3302 3702 3703 3303)
4(3284 3304 3704 3684)
4(3303 3703 3704 3304)
4(3285 3305 3705 3685)
4(3304 3704 3705 3305)
4(3286 3306 3706 3686)
4(3305 3705 3706 3306)
4(3287 3307 3707 3687)
4(3306 3706 3707 3307)
4(3288 3308 3708 3688)
4(3307 3707 3708 3308)
4(3289 3309 3709 3689)
4(3308 3708 3709 3309)
4(3290 3310 3710 3690)
4(3309 3709 3710 3310)
4(3291 3311 3711 3691)
4(3310 3710 3711 3311)
4(3311 3711 1272 1172)
4(3293 3313 3713 3693)
4(3312 3712 3713 3313)
4(3294 3314 3714 3694)
4(3313 3713 3714 3314)
4(3295 3315 3715 3695)
4(3314 3714 3715 3315)
4(3296 3316 3716 3696)
4(3315 3715 3716 3316)
4(3297 3317 3717 3697)
4(3316 3716 3717 3317)
4(3298 3318 3718 3698)
4(3317 3717 3718 3318)
4(3299 3319 3719 3699)
4(3318 3718 3719 3319)
4(3300 3320 3720 3700)
4(3319 3719 3720 3320)
4(3301 3321 3721 3701)
4(3320 3720 3721 3321)
4(3302 3322 3722 3702)
4(3321 3721 3722 3322)
4(3303 3323 3723 3703)
4(3322 3722 3723 3323)
4(3304 3324 3724 3704)
4(3323 3723 3724 3324)
4(3305 3325 3725 3705)
4(3324 3724 3725 3325)
4(3306 3326 3726 3706)
4(3325 3725 3726 3326)
4(3307 3327 3727 3707)
4(3326 3726 3727 3327)
4(3308 3328 3728 3708)
4(3327 3727 3728 3328)
4(3309 3329 3729 3709)
4(3328 3728 3729 3329)
4(3310 3330 3730 3710)
4(3329 3729 3730 3330)
4(3311 3331 3731 3711)
4(3330 3730 3731 3331)
4(3331 3731 1277 1177)
4(3313 3333 3733 3713)
4(3332 3732 3733 3333)
4(3314 3334 3734 3714)
4(3333 3733 3734 3334)
4(3315 3335 3735 3715)
4(3334 3734 3735 3335)
4(3316 3336 3736 3716)
4(3335 3735 3736 3336)
4(3317 3337 3737 3717)
4(3336 3736 3737 3337)
4(3318 3338 3738 3718)
4(3337 3737 3738 3338)
4(3319 3339 3739 3719)
4(3338 3738 3739 3339)
4(3320 3340 3740 3720)
4(3339 3739 3740 3340)
4(3321 3341 3741 3721)
4(3340 3740 3741 3341)
4(3322 3342 3742 3722)
4(3341 3741 3742 3342)
4(3323 3343 3743 3723)
4(3342 3742 3743 3343)
4(3324 3344 3744 3724)
4(3343 3743 3744 3344)
4(3325 3345 3745 3725)
4(3344 3744 3745 3345)
4(3326 3346 3746 3726)
4(3345 3745 3746 3346)
4(3327 3347 3747 3727)
4(3346 3746 3747 3347)
4(3328 3348 3748 3728)
4(3347 3747 3748 3348)
4(3329 3349 3749 3729)
4(3348 3748 3749 3349)
4(3330 3350 3750 3730)
4(3349 3749 3750 3350)
4(3331 3351 3751 3731)
4(3350 3750 3751 3351)
4(3351 3751 1282 1182)
4(3333 3353 3753 3733)
4(3334 3354 3754 3734)
4(3335 3355 3755 3735)
4(3336 3356 3756 3736)
4(3337 3357 3757 3737)
4(3338 3358 3758 3738)
4(3339 3359 3759 3739)
4(3340 3360 3760 3740)
4(3341 3361 3761 3741)
4(3342 3362 3762 3742)
4(3343 3363 3763 3743)
4(3344 3364 3764 3744)
4(3345 3365 3765 3745)
4(3346 3366 3766 3746)
4(3347 3367 3767 3747)
4(3348 3368 3768 3748)
4(3349 3369 3769 3749)
4(3350 3370 3770 3750)
4(3351 3371 3771 3751)
4(3772 3792 3892 3872)
4(227 247 3892 3792)
4(3773 3793 3893 3873)
4(3792 3892 3893 3793)
4(3774 3794 3894 3874)
4(3793 3893 3894 3794)
4(3775 3795 3895 3875)
4(3794 3894 3895 3795)
4(3776 3796 3896 3876)
4(3795 3895 3896 3796)
4(3777 3797 3897 3877)
4(3796 3896 3897 3797)
4(3778 3798 3898 3878)
4(3797 3897 3898 3798)
4(3779 3799 3899 3879)
4(3798 3898 3899 3799)
4(3780 3800 3900 3880)
4(3799 3899 3900 3800)
4(3781 3801 3901 3881)
4(3800 3900 3901 3801)
4(3782 3802 3902 3882)
4(3801 3901 3902 3802)
4(3783 3803 3903 3883)
4(3802 3902 3903 3803)
4(3784 3804 3904 3884)
4(3803 3903 3904 3804)
4(3785 3805 3905 3885)
4(3804 3904 3905 3805)
4(3786 3806 3906 3886)
4(3805 3905 3906 3806)
4(3787 3807 3907 3887)
4(3806 3906 3907 3807)
4(3788 3808 3908 3888)
4(3807 3907 3908 3808)
4(3789 3809 3909 3889)
4(3808 3908 3909 3809)
4(3790 3810 3910 3890)
4(3809 3909 3910 3810)
4(3810 3910 3911 3811)
4(3792 3812 3912 3892)
4(231 251 3912 3812)
4(3793 3813 3913 3893)
4(3812 3912 3913 3813)
4(3794 3814 3914 3894)
4(3813 3913 3914 3814)
4(3795 3815 3915 3895)
4(3814 3914 3915 3815)
4(3796 3816 3916 3896)
4(3815 3915 3916 3816)
4(3797 3817 3917 3897)
4(3816 3916 3917 3817)
4(3798 3818 3918 3898)
4(3817 3917 3918 3818)
4(3799 3819 3919 3899)
4(3818 3918 3919 3819)
4(3800 3820 3920 3900)
4(3819 3919 3920 3820)
4(3801 3821 3921 3901)
4(3820 3920 3921 3821)
4(3802 3822 3922 3902)
4(3821 3921 3922 3822)
4(3803 3823 3923 3903)
4(3822 3922 3923 3823)
4(3804 3824 3924 3904)
4(3823 3923 3924 3824)
4(3805 3825 3925 3905)
4(3824 3924 3925 3825)
4(3806 3826 3926 3906)
4(3825 3925 3926 3826)
4(3807 3827 3927 3907)
4(3826 3926 3927 3827)
4(3808 3828 3928 3908)
4(3827 3927 3928 3828)
4(3809 3829 3929 3909)
4(3828 3928 3929 3829)
4(3810 3830 3930 3910)
4(3829 3929 3930 3830)
4(3830 3930 3931 3831)
4(3812 3832 3932 3912)
4(235 255 3932 3832)
4(3813 3833 3933 3913)
4(3832 3932 3933 3833)
4(3814 3834 3934 3914)
4(3833 3933 3934 3834)
4(3815 3835 3935 3915)
4(3834 3934 3935 3835)
4(3816 3836 3936 3916)
4(3835 3935 3936 3836)
4(3817 3837 3937 3917)
4(3836 3936 3937 3837)
4(3818 3838 3938 3918)
4(3837 3937 3938 3838)
4(3819 3839 3939 3919)
4(3838 3938 3939 3839)
4(3820 3840 3940 3920)
4(3839 3939 3940 3840)
4(3821 3841 3941 3921)
4(3840 3940 3941 3841)
4(3822 3842 3942 3922)
4(3841 3941 3942 3842)
4(3823 3843 3943 3923)
4(3842 3942 3943 3843)
4(3824 3844 3944 3924)
4(3843 3943 3944 3844)
4(3825 3845 3945 3925)
4(3844 3944 3945 3845)
4(3826 3846 3946 3926)
4(3845 3945 3946 3846)
4(3827 3847 3947 3927)
4(3846 3946 3947 3847)
4(3828 3848 3948 3928)
4(3847 3947 3948 3848)
4(3829 3849 3949 3929)
4(3848 3948 3949 3849)
4(3830 3850 3950 3930)
4(3849 3949 3950 3850)
4(3850 3950 3951 3851)
4(3832 3852 3952 3932)
4(239 259 3952 3852)
4(3833 3853 3953 3933)
4(3852 3952 3953 3853)
4(3834 3854 3954 3934)
4(3853 3953 3954 3854)
4(3835 3855 3955 3935)
4(3854 3954 3955 3855)
4(3836 3856 3956 3936)
4(3855 3955 3956 3856)
4(3837 3857 3957 3937)
4(3856 3956 3957 3857)
4(3838 3858 3958 3938)
4(3857 3957 3958 3858)
4(3839 3859 3959 3939)
4(3858 3958 3959 3859)
4(3840 3860 3960 3940)
4(3859 3959 3960 3860)
4(3841 3861 3961 3941)
4(3860 3960 3961 3861)
4(3842 3862 3962 3942)
4(3861 3961 3962 3862)
4(3843 3863 3963 3943)
4(3862 3962 3963 3863)
4(3844 3864 3964 3944)
4(3863 3963 3964 3864)
4(3845 3865 3965 3945)
4(3864 3964 3965 3865)
4(3846 3866 3966 3946)
4(3865 3965 3966 3866)
4(3847 3867 3967 3947)
4(3866 3966 3967 3867)
4(3848 3868 3968 3948)
4(3867 3967 3968 3868)
4(3849 3869 3969 3949)
4(3868 3968 3969 3869)
4(3850 3870 3970 3950)
4(3869 3969 3970 3870)
4(3870 3970 3971 3871)
4(3852 3972 4292 3952)
4(967 1031 4292 3972)
4(3853 3973 4293 3953)
4(3972 4292 4293 3973)
4(3854 3974 4294 3954)
4(3973 4293 4294 3974)
4(3855 3975 4295 3955)
4(3974 4294 4295 3975)
4(3856 3976 4296 3956)
4(3975 4295 4296 3976)
4(3857 3977 4297 3957)
4(3976 4296 4297 3977)
4(3858 3978 4298 3958)
4(3977 4297 4298 3978)
4(3859 3979 4299 3959)
4(3978 4298 4299 3979)
4(3860 3980 4300 3960)
4(3979 4299 4300 3980)
4(3861 3981 4301 3961)
4(3980 4300 4301 3981)
4(3862 3982 4302 3962)
4(3981 4301 4302 3982)
4(3863 3983 4303 3963)
4(3982 4302 4303 3983)
4(3864 3984 4304 3964)
4(3983 4303 4304 3984)
4(3865 3985 4305 3965)
4(3984 4304 4305 3985)
4(3866 3986 4306 3966)
4(3985 4305 4306 3986)
4(3867 3987 4307 3967)
4(3986 4306 4307 3987)
4(3868 3988 4308 3968)
4(3987 4307 4308 3988)
4(3869 3989 4309 3969)
4(3988 4308 4309 3989)
4(3870 3990 4310 3970)
4(3989 4309 4310 3990)
4(3990 4310 4311 3991)
4(3972 3992 4312 4292)
4(971 1035 4312 3992)
4(3973 3993 4313 4293)
4(3992 4312 4313 3993)
4(3974 3994 4314 4294)
4(3993 4313 4314 3994)
4(3975 3995 4315 4295)
4(3994 4314 4315 3995)
4(3976 3996 4316 4296)
4(3995 4315 4316 3996)
4(3977 3997 4317 4297)
4(3996 4316 4317 3997)
4(3978 3998 4318 4298)
4(3997 4317 4318 3998)
4(3979 3999 4319 4299)
4(3998 4318 4319 3999)
4(3980 4000 4320 4300)
4(3999 4319 4320 4000)
4(3981 4001 4321 4301)
4(4000 4320 4321 4001)
4(3982 4002 4322 4302)
4(4001 4321 4322 4002)
4(3983 4003 4323 4303)
4(4002 4322 4323 4003)
4(3984 4004 4324 4304)
4(4003 4323 4324 4004)
4(3985 4005 4325 4305)
4(4004 4324 4325 4005)
4(3986 4006 4326 4306)
4(4005 4325 4326 4006)
4(3987 4007 4327 4307)
4(4006 4326 4327 4007)
4(3988 4008 4328 4308)
4(4007 4327 4328 4008)
4(3989 4009 4329 4309)
4(4008 4328 4329 4009)
4(3990 4010 4330 4310)
4(4009 4329 4330 4010)
4(4010 4330 4331 4011)
4(3992 4012 4332 4312)
4(975 1039 4332 4012)
4(3993 4013 4333 4313)
4(4012 4332 4333 4013)
4(3994 4014 4334 4314)
4(4013 4333 4334 4014)
4(3995 4015 4335 4315)
4(4014 4334 4335 4015)
4(3996 4016 4336 4316)
4(4015 4335 4336 4016)
4(3997 4017 4337 4317)
4(4016 4336 4337 4017)
4(3998 4018 4338 4318)
4(4017 4337 4338 4018)
4(3999 4019 4339 4319)
4(4018 4338 4339 4019)
4(4000 4020 4340 4320)
4(4019 4339 4340 4020)
4(4001 4021 4341 4321)
4(4020 4340 4341 4021)
4(4002 4022 4342 4322)
4(4021 4341 4342 4022)
4(4003 4023 4343 4323)
4(4022 4342 4343 4023)
4(4004 4024 4344 4324)
4(4023 4343 4344 4024)
4(4005 4025 4345 4325)
4(4024 4344 4345 4025)
4(4006 4026 4346 4326)
4(4025 4345 4346 4026)
4(4007 4027 4347 4327)
4(4026 4346 4347 4027)
4(4008 4028 4348 4328)
4(4027 4347 4348 4028)
4(4009 4029 4349 4329)
4(4028 4348 4349 4029)
4(4010 4030 4350 4330)
4(4029 4349 4350 4030)
4(4030 4350 4351 4031)
4(4012 4032 4352 4332)
4(979 1043 4352 4032)
4(4013 4033 4353 4333)
4(4032 4352 4353 4033)
4(4014 4034 4354 4334)
4(4033 4353 4354 4034)
4(4015 4035 4355 4335)
4(4034 4354 4355 4035)
4(4016 4036 4356 4336)
4(4035 4355 4356 4036)
4(4017 4037 4357 4337)
4(4036 4356 4357 4037)
4(4018 4038 4358 4338)
4(4037 4357 4358 4038)
4(4019 4039 4359 4339)
4(4038 4358 4359 4039)
4(4020 4040 4360 4340)
4(4039 4359 4360 4040)
4(4021 4041 4361 4341)
4(4040 4360 4361 4041)
4(4022 4042 4362 4342)
4(4041 4361 4362 4042)
4(4023 4043 4363 4343)
4(4042 4362 4363 4043)
4(4024 4044 4364 4344)
4(4043 4363 4364 4044)
4(4025 4045 4365 4345)
4(4044 4364 4365 4045)
4(4026 4046 4366 4346)
4(4045 4365 4366 4046)
4(4027 4047 4367 4347)
4(4046 4366 4367 4047)
4(4028 4048 4368 4348)
4(4047 4367 4368 4048)
4(4029 4049 4369 4349)
4(4048 4368 4369 4049)
4(4030 4050 4370 4350)
4(4049 4369 4370 4050)
4(4050 4370 4371 4051)
4(4032 4052 4372 4352)
4(983 1047 4372 4052)
4(4033 4053 4373 4353)
4(4052 4372 4373 4053)
4(4034 4054 4374 4354)
4(4053 4373 4374 4054)
4(4035 4055 4375 4355)
4(4054 4374 4375 4055)
4(4036 4056 4376 4356)
4(4055 4375 4376 4056)
4(4037 4057 4377 4357)
4(4056 4376 4377 4057)
4(4038 4058 4378 4358)
4(4057 4377 4378 4058)
4(4039 4059 4379 4359)
4(4058 4378 4379 4059)
4(4040 4060 4380 4360)
4(4059 4379 4380 4060)
4(4041 4061 4381 4361)
4(4060 4380 4381 4061)
4(4042 4062 4382 4362)
4(4061 4381 4382 4062)
4(4043 4063 4383 4363)
4(4062 4382 4383 4063)
4(4044 4064 4384 4364)
4(4063 4383 4384 4064)
4(4045 4065 4385 4365)
4(4064 4384 4385 4065)
4(4046 4066 4386 4366)
4(4065 4385 4386 4066)
4(4047 4067 4387 4367)
4(4066 4386 4387 4067)
4(4048 4068 4388 4368)
4(4067 4387 4388 4068)
4(4049 4069 4389 4369)
4(4068 4388 4389 4069)
4(4050 4070 4390 4370)
4(4069 4389 4390 4070)
4(4070 4390 4391 4071)
4(4052 4072 4392 4372)
4(987 1051 4392 4072)
4(4053 4073 4393 4373)
4(4072 4392 4393 4073)
4(4054 4074 4394 4374)
4(4073 4393 4394 4074)
4(4055 4075 4395 4375)
4(4074 4394 4395 4075)
4(4056 4076 4396 4376)
4(4075 4395 4396 4076)
4(4057 4077 4397 4377)
4(4076 4396 4397 4077)
4(4058 4078 4398 4378)
4(4077 4397 4398 4078)
4(4059 4079 4399 4379)
4(4078 4398 4399 4079)
4(4060 4080 4400 4380)
4(4079 4399 4400 4080)
4(4061 4081 4401 4381)
4(4080 4400 4401 4081)
4(4062 4082 4402 4382)
4(4081 4401 4402 4082)
4(4063 4083 4403 4383)
4(4082 4402 4403 4083)
4(4064 4084 4404 4384)
4(4083 4403 4404 4084)
4(4065 4085 4405 4385)
4(4084 4404 4405 4085)
4(4066 4086 4406 4386)
4(4085 4405 4406 4086)
4(4067 4087 4407 4387)
4(4086 4406 4407 4087)
4(4068 4088 4408 4388)
4(4087 4407 4408 4088)
4(4069 4089 4409 4389)
4(4088 4408 4409 4089)
4(4070 4090 4410 4390)
4(4089 4409 4410 4090)
4(4090 4410 4411 4091)
4(4072 4092 4412 4392)
4(991 1055 4412 4092)
4(4073 4093 4413 4393)
4(4092 4412 4413 4093)
4(4074 4094 4414 4394)
4(4093 4413 4414 4094)
4(4075 4095 4415 4395)
4(4094 4414 4415 4095)
4(4076 4096 4416 4396)
4(4095 4415 4416 4096)
4(4077 4097 4417 4397)
4(4096 4416 4417 4097)
4(4078 4098 4418 4398)
4(4097 4417 4418 4098)
4(4079 4099 4419 4399)
4(4098 4418 4419 4099)
4(4080 4100 4420 4400)
4(4099 4419 4420 4100)
4(4081 4101 4421 4401)
4(4100 4420 4421 4101)
4(4082 4102 4422 4402)
4(4101 4421 4422 4102)
4(4083 4103 4423 4403)
4(4102 4422 4423 4103)
4(4084 4104 4424 4404)
4(4103 4423 4424 4104)
4(4085 4105 4425 4405)
4(4104 4424 4425 4105)
4(4086 4106 4426 4406)
4(4105 4425 4426 4106)
4(4087 4107 4427 4407)
4(4106 4426 4427 4107)
4(4088 4108 4428 4408)
4(4107 4427 4428 4108)
4(4089 4109 4429 4409)
4(4108 4428 4429 4109)
4(4090 4110 4430 4410)
4(4109 4429 4430 4110)
4(4110 4430 4431 4111)
4(4092 4112 4432 4412)
4(995 1059 4432 4112)
4(4093 4113 4433 4413)
4(4112 4432 4433 4113)
4(4094 4114 4434 4414)
4(4113 4433 4434 4114)
4(4095 4115 4435 4415)
4(4114 4434 4435 4115)
4(4096 4116 4436 4416)
4(4115 4435 4436 4116)
4(4097 4117 4437 4417)
4(4116 4436 4437 4117)
4(4098 4118 4438 4418)
4(4117 4437 4438 4118)
4(4099 4119 4439 4419)
4(4118 4438 4439 4119)
4(4100 4120 4440 4420)
4(4119 4439 4440 4120)
4(4101 4121 4441 4421)
4(4120 4440 4441 4121)
4(4102 4122 4442 4422)
4(4121 4441 4442 4122)
4(4103 4123 4443 4423)
4(4122 4442 4443 4123)
4(4104 4124 4444 4424)
4(4123 4443 4444 4124)
4(4105 4125 4445 4425)
4(4124 4444 4445 4125)
4(4106 4126 4446 4426)
4(4125 4445 4446 4126)
4(4107 4127 4447 4427)
4(4126 4446 4447 4127)
4(4108 4128 4448 4428)
4(4127 4447 4448 4128)
4(4109 4129 4449 4429)
4(4128 4448 4449 4129)
4(4110 4130 4450 4430)
4(4129 4449 4450 4130)
4(4130 4450 4451 4131)
4(4112 4132 4452 4432)
4(999 1063 4452 4132)
4(4113 4133 4453 4433)
4(4132 4452 4453 4133)
4(4114 4134 4454 4434)
4(4133 4453 4454 4134)
4(4115 4135 4455 4435)
4(4134 4454 4455 4135)
4(4116 4136 4456 4436)
4(4135 4455 4456 4136)
4(4117 4137 4457 4437)
4(4136 4456 4457 4137)
4(4118 4138 4458 4438)
4(4137 4457 4458 4138)
4(4119 4139 4459 4439)
4(4138 4458 4459 4139)
4(4120 4140 4460 4440)
4(4139 4459 4460 4140)
4(4121 4141 4461 4441)
4(4140 4460 4461 4141)
4(4122 4142 4462 4442)
4(4141 4461 4462 4142)
4(4123 4143 4463 4443)
4(4142 4462 4463 4143)
4(4124 4144 4464 4444)
4(4143 4463 4464 4144)
4(4125 4145 4465 4445)
4(4144 4464 4465 4145)
4(4126 4146 4466 4446)
4(4145 4465 4466 4146)
4(4127 4147 4467 4447)
4(4146 4466 4467 4147)
4(4128 4148 4468 4448)
4(4147 4467 4468 4148)
4(4129 4149 4469 4449)
4(4148 4468 4469 4149)
4(4130 4150 4470 4450)
4(4149 4469 4470 4150)
4(4150 4470 4471 4151)
4(4132 4152 4472 4452)
4(1003 1067 4472 4152)
4(4133 4153 4473 4453)
4(4152 4472 4473 4153)
4(4134 4154 4474 4454)
4(4153 4473 4474 4154)
4(4135 4155 4475 4455)
4(4154 4474 4475 4155)
4(4136 4156 4476 4456)
4(4155 4475 4476 4156)
4(4137 4157 4477 4457)
4(4156 4476 4477 4157)
4(4138 4158 4478 4458)
4(4157 4477 4478 4158)
4(4139 4159 4479 4459)
4(4158 4478 4479 4159)
4(4140 4160 4480 4460)
4(4159 4479 4480 4160)
4(4141 4161 4481 4461)
4(4160 4480 4481 4161)
4(4142 4162 4482 4462)
4(4161 4481 4482 4162)
4(4143 4163 4483 4463)
4(4162 4482 4483 4163)
4(4144 4164 4484 4464)
4(4163 4483 4484 4164)
4(4145 4165 4485 4465)
4(4164 4484 4485 4165)
4(4146 4166 4486 4466)
4(4165 4485 4486 4166)
4(4147 4167 4487 4467)
4(4166 4486 4487 4167)
4(4148 4168 4488 4468)
4(4167 4487 4488 4168)
4(4149 4169 4489 4469)
4(4168 4488 4489 4169)
4(4150 4170 4490 4470)
4(4169 4489 4490 4170)
4(4170 4490 4491 4171)
4(4152 4172 4492 4472)
4(1007 1071 4492 4172)
4(4153 4173 4493 4473)
4(4172 4492 4493 4173)
4(4154 4174 4494 4474)
4(4173 4493 4494 4174)
4(4155 4175 4495 4475)
4(4174 4494 4495 4175)
4(4156 4176 4496 4476)
4(4175 4495 4496 4176)
4(4157 4177 4497 4477)
4(4176 4496 4497 4177)
4(4158 4178 4498 4478)
4(4177 4497 4498 4178)
4(4159 4179 4499 4479)
4(4178 4498 4499 4179)
4(4160 4180 4500 4480)
4(4179 4499 4500 4180)
4(4161 4181 4501 4481)
4(4180 4500 4501 4181)
4(4162 4182 4502 4482)
4(4181 4501 4502 4182)
4(4163 4183 4503 4483)
4(4182 4502 4503 4183)
4(4164 4184 4504 4484)
4(4183 4503 4504 4184)
4(4165 4185 4505 4485)
4(4184 4504 4505 4185)
4(4166 4186 4506 4486)
4(4185 4505 4506 4186)
4(4167 4187 4507 4487)
4(4186 4506 4507 4187)
4(4168 4188 4508 4488)
4(4187 4507 4508 4188)
4(4169 4189 4509 4489)
4(4188 4508 4509 4189)
4(4170 4190 4510 4490)
4(4189 4509 4510 4190)
4(4190 4510 4511 4191)
4(4172 4192 4512 4492)
4(1011 1075 4512 4192)
4(4173 4193 4513 4493)
4(4192 4512 4513 4193)
4(4174 4194 4514 4494)
4(4193 4513 4514 4194)
4(4175 4195 4515 4495)
4(4194 4514 4515 4195)
4(4176 4196 4516 4496)
4(4195 4515 4516 4196)
4(4177 4197 4517 4497)
4(4196 4516 4517 4197)
4(4178 4198 4518 4498)
4(4197 4517 4518 4198)
4(4179 4199 4519 4499)
4(4198 4518 4519 4199)
4(4180 4200 4520 4500)
4(4199 4519 4520 4200)
4(4181 4201 4521 4501)
4(4200 4520 4521 4201)
4(4182 4202 4522 4502)
4(4201 4521 4522 4202)
4(4183 4203 4523 4503)
4(4202 4522 4523 4203)
4(4184 4204 4524 4504)
4(4203 4523 4524 4204)
4(4185 4205 4525 4505)
4(4204 4524 4525 4205)
4(4186 4206 4526 4506)
4(4205 4525 4526 4206)
4(4187 4207 4527 4507)
4(4206 4526 4527 4207)
4(4188 4208 4528 4508)
4(4207 4527 4528 4208)
4(4189 4209 4529 4509)
4(4208 4528 4529 4209)
4(4190 4210 4530 4510)
4(4209 4529 4530 4210)
4(4210 4530 4531 4211)
4(4192 4212 4532 4512)
4(1015 1079 4532 4212)
4(4193 4213 4533 4513)
4(4212 4532 4533 4213)
4(4194 4214 4534 4514)
4(4213 4533 4534 4214)
4(4195 4215 4535 4515)
4(4214 4534 4535 4215)
4(4196 4216 4536 4516)
4(4215 4535 4536 4216)
4(4197 4217 4537 4517)
4(4216 4536 4537 4217)
4(4198 4218 4538 4518)
4(4217 4537 4538 4218)
4(4199 4219 4539 4519)
4(4218 4538 4539 4219)
4(4200 4220 4540 4520)
4(4219 4539 4540 4220)
4(4201 4221 4541 4521)
4(4220 4540 4541 4221)
4(4202 4222 4542 4522)
4(4221 4541 4542 4222)
4(4203 4223 4543 4523)
4(4222 4542 4543 4223)
4(4204 4224 4544 4524)
4(4223 4543 4544 4224)
4(4205 4225 4545 4525)
4(4224 4544 4545 4225)
4(4206 4226 4546 4526)
4(4225 4545 4546 4226)
4(4207 4227 4547 4527)
4(4226 4546 4547 4227)
4(4208 4228 4548 4528)
4(4227 4547 4548 4228)
4(4209 4229 4549 4529)
4(4228 4548 4549 4229)
4(4210 4230 4550 4530)
4(4229 4549 4550 4230)
4(4230 4550 4551 4231)
4(4212 4232 4552 4532)
4(1019 1083 4552 4232)
4(4213 4233 4553 4533)
4(4232 4552 4553 4233)
4(4214 4234 4554 4534)
4(4233 4553 4554 4234)
4(4215 4235 4555 4535)
4(4234 4554 4555 4235)
4(4216 4236 4556 4536)
4(4235 4555 4556 4236)
4(4217 4237 4557 4537)
4(4236 4556 4557 4237)
4(4218 4238 4558 4538)
4(4237 4557 4558 4238)
4(4219 4239 4559 4539)
4(4238 4558 4559 4239)
4(4220 4240 4560 4540)
4(4239 4559 4560 4240)
4(4221 4241 4561 4541)
4(4240 4560 4561 4241)
4(4222 4242 4562 4542)
4(4241 4561 4562 4242)
4(4223 4243 4563 4543)
4(4242 4562 4563 4243)
4(4224 4244 4564 4544)
4(4243 4563 4564 4244)
4(4225 4245 4565 4545)
4(4244 4564 4565 4245)
4(4226 4246 4566 4546)
4(4245 4565 4566 4246)
4(4227 4247 4567 4547)
4(4246 4566 4567 4247)
4(4228 4248 4568 4548)
4(4247 4567 4568 4248)
4(4229 4249 4569 4549)
4(4248 4568 4569 4249)
4(4230 4250 4570 4550)
4(4249 4569 4570 4250)
4(4250 4570 4571 4251)
4(4232 4252 4572 4552)
4(1023 1087 4572 4252)
4(4233 4253 4573 4553)
4(4252 4572 4573 4253)
4(4234 4254 4574 4554)
4(4253 4573 4574 4254)
4(4235 4255 4575 4555)
4(4254 4574 4575 4255)
4(4236 4256 4576 4556)
4(4255 4575 4576 4256)
4(4237 4257 4577 4557)
4(4256 4576 4577 4257)
4(4238 4258 4578 4558)
4(4257 4577 4578 4258)
4(4239 4259 4579 4559)
4(4258 4578 4579 4259)
4(4240 4260 4580 4560)
4(4259 4579 4580 4260)
4(4241 4261 4581 4561)
4(4260 4580 4581 4261)
4(4242 4262 4582 4562)
4(4261 4581 4582 4262)
4(4243 4263 4583 4563)
4(4262 4582 4583 4263)
4(4244 4264 4584 4564)
4(4263 4583 4584 4264)
4(4245 4265 4585 4565)
4(4264 4584 4585 4265)
4(4246 4266 4586 4566)
4(4265 4585 4586 4266)
4(4247 4267 4587 4567)
4(4266 4586 4587 4267)
4(4248 4268 4588 4568)
4(4267 4587 4588 4268)
4(4249 4269 4589 4569)
4(4268 4588 4589 4269)
4(4250 4270 4590 4570)
4(4269 4589 4590 4270)
4(4270 4590 4591 4271)
4(4252 4272 4592 4572)
4(1027 1091 4592 4272)
4(4253 4273 4593 4573)
4(4272 4592 4593 4273)
4(4254 4274 4594 4574)
4(4273 4593 4594 4274)
4(4255 4275 4595 4575)
4(4274 4594 4595 4275)
4(4256 4276 4596 4576)
4(4275 4595 4596 4276)
4(4257 4277 4597 4577)
4(4276 4596 4597 4277)
4(4258 4278 4598 4578)
4(4277 4597 4598 4278)
4(4259 4279 4599 4579)
4(4278 4598 4599 4279)
4(4260 4280 4600 4580)
4(4279 4599 4600 4280)
4(4261 4281 4601 4581)
4(4280 4600 4601 4281)
4(4262 4282 4602 4582)
4(4281 4601 4602 4282)
4(4263 4283 4603 4583)
4(4282 4602 4603 4283)
4(4264 4284 4604 4584)
4(4283 4603 4604 4284)
4(4265 4285 4605 4585)
4(4284 4604 4605 4285)
4(4266 4286 4606 4586)
4(4285 4605 4606 4286)
4(4267 4287 4607 4587)
4(4286 4606 4607 4287)
4(4268 4288 4608 4588)
4(4287 4607 4608 4288)
4(4269 4289 4609 4589)
4(4288 4608 4609 4289)
4(4270 4290 4610 4590)
4(4289 4609 4610 4290)
4(4290 4610 4611 4291)
4(4272 4612 5012 4592)
4(1975 2055 5012 4612)
4(4273 4613 5013 4593)
4(4612 5012 5013 4613)
4(4274 4614 5014 4594)
4(4613 5013 5014 4614)
4(4275 4615 5015 4595)
4(4614 5014 5015 4615)
4(4276 4616 5016 4596)
4(4615 5015 5016 4616)
4(4277 4617 5017 4597)
4(4616 5016 5017 4617)
4(4278 4618 5018 4598)
4(4617 5017 5018 4618)
4(4279 4619 5019 4599)
4(4618 5018 5019 4619)
4(4280 4620 5020 4600)
4(4619 5019 5020 4620)
4(4281 4621 5021 4601)
4(4620 5020 5021 4621)
4(4282 4622 5022 4602)
4(4621 5021 5022 4622)
4(4283 4623 5023 4603)
4(4622 5022 5023 4623)
4(4284 4624 5024 4604)
4(4623 5023 5024 4624)
4(4285 4625 5025 4605)
4(4624 5024 5025 4625)
4(4286 4626 5026 4606)
4(4625 5025 5026 4626)
4(4287 4627 5027 4607)
4(4626 5026 5027 4627)
4(4288 4628 5028 4608)
4(4627 5027 5028 4628)
4(4289 4629 5029 4609)
4(4628 5028 5029 4629)
4(4290 4630 5030 4610)
4(4629 5029 5030 4630)
4(4630 5030 5031 4631)
4(4612 4632 5032 5012)
4(1979 2059 5032 4632)
4(4613 4633 5033 5013)
4(4632 5032 5033 4633)
4(4614 4634 5034 5014)
4(4633 5033 5034 4634)
4(4615 4635 5035 5015)
4(4634 5034 5035 4635)
4(4616 4636 5036 5016)
4(4635 5035 5036 4636)
4(4617 4637 5037 5017)
4(4636 5036 5037 4637)
4(4618 4638 5038 5018)
4(4637 5037 5038 4638)
4(4619 4639 5039 5019)
4(4638 5038 5039 4639)
4(4620 4640 5040 5020)
4(4639 5039 5040 4640)
4(4621 4641 5041 5021)
4(4640 5040 5041 4641)
4(4622 4642 5042 5022)
4(4641 5041 5042 4642)
4(4623 4643 5043 5023)
4(4642 5042 5043 4643)
4(4624 4644 5044 5024)
4(4643 5043 5044 4644)
4(4625 4645 5045 5025)
4(4644 5044 5045 4645)
4(4626 4646 5046 5026)
4(4645 5045 5046 4646)
4(4627 4647 5047 5027)
4(4646 5046 5047 4647)
4(4628 4648 5048 5028)
4(4647 5047 5048 4648)
4(4629 4649 5049 5029)
4(4648 5048 5049 4649)
4(4630 4650 5050 5030)
4(4649 5049 5050 4650)
4(4650 5050 5051 4651)
4(4632 4652 5052 5032)
4(1983 2063 5052 4652)
4(4633 4653 5053 5033)
4(4652 5052 5053 4653)
4(4634 4654 5054 5034)
4(4653 5053 5054 4654)
4(4635 4655 5055 5035)
4(4654 5054 5055 4655)
4(4636 4656 5056 5036)
4(4655 5055 5056 4656)
4(4637 4657 5057 5037)
4(4656 5056 5057 4657)
4(4638 4658 5058 5038)
4(4657 5057 5058 4658)
4(4639 4659 5059 5039)
4(4658 5058 5059 4659)
4(4640 4660 5060 5040)
4(4659 5059 5060 4660)
4(4641 4661 5061 5041)
4(4660 5060 5061 4661)
4(4642 4662 5062 5042)
4(4661 5061 5062 4662)
4(4643 4663 5063 5043)
4(4662 5062 5063 4663)
4(4644 4664 5064 5044)
4(4663 5063 5064 4664)
4(4645 4665 5065 5045)
4(4664 5064 5065 4665)
4(4646 4666 5066 5046)
4(4665 5065 5066 4666)
4(4647 4667 5067 5047)
4(4666 5066 5067 4667)
4(4648 4668 5068 5048)
4(4667 5067 5068 4668)
4(4649 4669 5069 5049)
4(4668 5068 5069 4669)
4(4650 4670 5070 5050)
4(4669 5069 5070 4670)
4(4670 5070 5071 4671)
4(4652 4672 5072 5052)
4(1987 2067 5072 4672)
4(4653 4673 5073 5053)
4(4672 5072 5073 4673)
4(4654 4674 5074 5054)
4(4673 5073 5074 4674)
4(4655 4675 5075 5055)
4(4674 5074 5075 4675)
4(4656 4676 5076 5056)
4(4675 5075 5076 4676)
4(4657 4677 5077 5057)
4(4676 5076 5077 4677)
4(4658 4678 5078 5058)
4(4677 5077 5078 4678)
4(4659 4679 5079 5059)
4(4678 5078 5079 4679)
4(4660 4680 5080 5060)
4(4679 5079 5080 4680)
4(4661 4681 5081 5061)
4(4680 5080 5081 4681)
4(4662 4682 5082 5062)
4(4681 5081 5082 4682)
4(4663 4683 5083 5063)
4(4682 5082 5083 4683)
4(4664 4684 5084 5064)
4(4683 5083 5084 4684)
4(4665 4685 5085 5065)
4(4684 5084 5085 4685)
4(4666 4686 5086 5066)
4(4685 5085 5086 4686)
4(4667 4687 5087 5067)
4(4686 5086 5087 4687)
4(4668 4688 5088 5068)
4(4687 5087 5088 4688)
4(4669 4689 5089 5069)
4(4688 5088 5089 4689)
4(4670 4690 5090 5070)
4(4689 5089 5090 4690)
4(4690 5090 5091 4691)
4(4672 4692 5092 5072)
4(1991 2071 5092 4692)
4(4673 4693 5093 5073)
4(4692 5092 5093 4693)
4(4674 4694 5094 5074)
4(4693 5093 5094 4694)
4(4675 4695 5095 5075)
4(4694 5094 5095 4695)
4(4676 4696 5096 5076)
4(4695 5095 5096 4696)
4(4677 4697 5097 5077)
4(4696 5096 5097 4697)
4(4678 4698 5098 5078)
4(4697 5097 5098 4698)
4(4679 4699 5099 5079)
4(4698 5098 5099 4699)
4(4680 4700 5100 5080)
4(4699 5099 5100 4700)
4(4681 4701 5101 5081)
4(4700 5100 5101 4701)
4(4682 4702 5102 5082)
4(4701 5101 5102 4702)
4(4683 4703 5103 5083)
4(4702 5102 5103 4703)
4(4684 4704 5104 5084)
4(4703 5103 5104 4704)
4(4685 4705 5105 5085)
4(4704 5104 5105 4705)
4(4686 4706 5106 5086)
4(4705 5105 5106 4706)
4(4687 4707 5107 5087)
4(4706 5106 5107 4707)
4(4688 4708 5108 5088)
4(4707 5107 5108 4708)
4(4689 4709 5109 5089)
4(4708 5108 5109 4709)
4(4690 4710 5110 5090)
4(4709 5109 5110 4710)
4(4710 5110 5111 4711)
4(4692 4712 5112 5092)
4(1995 2075 5112 4712)
4(4693 4713 5113 5093)
4(4712 5112 5113 4713)
4(4694 4714 5114 5094)
4(4713 5113 5114 4714)
4(4695 4715 5115 5095)
4(4714 5114 5115 4715)
4(4696 4716 5116 5096)
4(4715 5115 5116 4716)
4(4697 4717 5117 5097)
4(4716 5116 5117 4717)
4(4698 4718 5118 5098)
4(4717 5117 5118 4718)
4(4699 4719 5119 5099)
4(4718 5118 5119 4719)
4(4700 4720 5120 5100)
4(4719 5119 5120 4720)
4(4701 4721 5121 5101)
4(4720 5120 5121 4721)
4(4702 4722 5122 5102)
4(4721 5121 5122 4722)
4(4703 4723 5123 5103)
4(4722 5122 5123 4723)
4(4704 4724 5124 5104)
4(4723 5123 5124 4724)
4(4705 4725 5125 5105)
4(4724 5124 5125 4725)
4(4706 4726 5126 5106)
4(4725 5125 5126 4726)
4(4707 4727 5127 5107)
4(4726 5126 5127 4727)
4(4708 4728 5128 5108)
4(4727 5127 5128 4728)
4(4709 4729 5129 5109)
4(4728 5128 5129 4729)
4(4710 4730 5130 5110)
4(4729 5129 5130 4730)
4(4730 5130 5131 4731)
4(4712 4732 5132 5112)
4(1999 2079 5132 4732)
4(4713 4733 5133 5113)
4(4732 5132 5133 4733)
4(4714 4734 5134 5114)
4(4733 5133 5134 4734)
4(4715 4735 5135 5115)
4(4734 5134 5135 4735)
4(4716 4736 5136 5116)
4(4735 5135 5136 4736)
4(4717 4737 5137 5117)
4(4736 5136 5137 4737)
4(4718 4738 5138 5118)
4(4737 5137 5138 4738)
4(4719 4739 5139 5119)
4(4738 5138 5139 4739)
4(4720 4740 5140 5120)
4(4739 5139 5140 4740)
4(4721 4741 5141 5121)
4(4740 5140 5141 4741)
4(4722 4742 5142 5122)
4(4741 5141 5142 4742)
4(4723 4743 5143 5123)
4(4742 5142 5143 4743)
4(4724 4744 5144 5124)
4(4743 5143 5144 4744)
4(4725 4745 5145 5125)
4(4744 5144 5145 4745)
4(4726 4746 5146 5126)
4(4745 5145 5146 4746)
4(4727 4747 5147 5127)
4(4746 5146 5147 4747)
4(4728 4748 5148 5128)
4(4747 5147 5148 4748)
4(4729 4749 5149 5129)
4(4748 5148 5149 4749)
4(4730 4750 5150 5130)
4(4749 5149 5150 4750)
4(4750 5150 5151 4751)
4(4732 4752 5152 5132)
4(2003 2083 5152 4752)
4(4733 4753 5153 5133)
4(4752 5152 5153 4753)
4(4734 4754 5154 5134)
4(4753 5153 5154 4754)
4(4735 4755 5155 5135)
4(4754 5154 5155 4755)
4(4736 4756 5156 5136)
4(4755 5155 5156 4756)
4(4737 4757 5157 5137)
4(4756 5156 5157 4757)
4(4738 4758 5158 5138)
4(4757 5157 5158 4758)
4(4739 4759 5159 5139)
4(4758 5158 5159 4759)
4(4740 4760 5160 5140)
4(4759 5159 5160 4760)
4(4741 4761 5161 5141)
4(4760 5160 5161 4761)
4(4742 4762 5162 5142)
4(4761 5161 5162 4762)
4(4743 4763 5163 5143)
4(4762 5162 5163 4763)
4(4744 4764 5164 5144)
4(4763 5163 5164 4764)
4(4745 4765 5165 5145)
4(4764 5164 5165 4765)
4(4746 4766 5166 5146)
4(4765 5165 5166 4766)
4(4747 4767 5167 5147)
4(4766 5166 5167 4767)
4(4748 4768 5168 5148)
4(4767 5167 5168 4768)
4(4749 4769 5169 5149)
4(4768 5168 5169 4769)
4(4750 4770 5170 5150)
4(4769 5169 5170 4770)
4(4770 5170 5171 4771)
4(4752 4772 5172 5152)
4(2007 2087 5172 4772)
4(4753 4773 5173 5153)
4(4772 5172 5173 4773)
4(4754 4774 5174 5154)
4(4773 5173 5174 4774)
4(4755 4775 5175 5155)
4(4774 5174 5175 4775)
4(4756 4776 5176 5156)
4(4775 5175 5176 4776)
4(4757 4777 5177 5157)
4(4776 5176 5177 4777)
4(4758 4778 5178 5158)
4(4777 5177 5178 4778)
4(4759 4779 5179 5159)
4(4778 5178 5179 4779)
4(4760 4780 5180 5160)
4(4779 5179 5180 4780)
4(4761 4781 5181 5161)
4(4780 5180 5181 4781)
4(4762 4782 5182 5162)
4(4781 5181 5182 4782)
4(4763 4783 5183 5163)
4(4782 5182 5183 4783)
4(4764 4784 5184 5164)
4(4783 5183 5184 4784)
4(4765 4785 5185 5165)
4(4784 5184 5185 4785)
4(4766 4786 5186 5166)
4(4785 5185 5186 4786)
4(4767 4787 5187 5167)
4(4786 5186 5187 4787)
4(4768 4788 5188 5168)
4(4787 5187 5188 4788)
4(4769 4789 5189 5169)
4(4788 5188 5189 4789)
4(4770 4790 5190 5170)
4(4789 5189 5190 4790)
4(4790 5190 5191 4791)
4(4772 4792 5192 5172)
4(2011 2091 5192 4792)
4(4773 4793 5193 5173)
4(4792 5192 5193 4793)
4(4774 4794 5194 5174)
4(4793 5193 5194 4794)
4(4775 4795 5195 5175)
4(4794 5194 5195 4795)
4(4776 4796 5196 5176)
4(4795 5195 5196 4796)
4(4777 4797 5197 5177)
4(4796 5196 5197 4797)
4(4778 4798 5198 5178)
4(4797 5197 5198 4798)
4(4779 4799 5199 5179)
4(4798 5198 5199 4799)
4(4780 4800 5200 5180)
4(4799 5199 5200 4800)
4(4781 4801 5201 5181)
4(4800 5200 5201 4801)
4(4782 4802 5202 5182)
4(4801 5201 5202 4802)
4(4783 4803 5203 5183)
4(4802 5202 5203 4803)
4(4784 4804 5204 5184)
4(4803 5203 5204 4804)
4(4785 4805 5205 5185)
4(4804 5204 5205 4805)
4(4786 4806 5206 5186)
4(4805 5205 5206 4806)
4(4787 4807 5207 5187)
4(4806 5206 5207 4807)
4(4788 4808 5208 5188)
4(4807 5207 5208 4808)
4(4789 4809 5209 5189)
4(4808 5208 5209 4809)
4(4790 4810 5210 5190)
4(4809 5209 5210 4810)
4(4810 5210 5211 4811)
4(4792 4812 5212 5192)
4(2015 2095 5212 4812)
4(4793 4813 5213 5193)
4(4812 5212 5213 4813)
4(4794 4814 5214 5194)
4(4813 5213 5214 4814)
4(4795 4815 5215 5195)
4(4814 5214 5215 4815)
4(4796 4816 5216 5196)
4(4815 5215 5216 4816)
4(4797 4817 5217 5197)
4(4816 5216 5217 4817)
4(4798 4818 5218 5198)
4(4817 5217 5218 4818)
4(4799 4819 5219 5199)
4(4818 5218 5219 4819)
4(4800 4820 5220 5200)
4(4819 5219 5220 4820)
4(4801 4821 5221 5201)
4(4820 5220 5221 4821)
4(4802 4822 5222 5202)
4(4821 5221 5222 4822)
4(4803 4823 5223 5203)
4(4822 5222 5223 4823)
4(4804 4824 5224 5204)
4(4823 5223 5224 4824)
4(4805 4825 5225 5205)
4(4824 5224 5225 4825)
4(4806 4826 5226 5206)
4(4825 5225 5226 4826)
4(4807 4827 5227 5207)
4(4826 5226 5227 4827)
4(4808 4828 5228 5208)
4(4827 5227 5228 4828)
4(4809 4829 5229 5209)
4(4828 5228 5229 4829)
4(4810 4830 5230 5210)
4(4829 5229 5230 4830)
4(4830 5230 5231 4831)
4(4812 4832 5232 5212)
4(2019 2099 5232 4832)
4(4813 4833 5233 5213)
4(4832 5232 5233 4833)
4(4814 4834 5234 5214)
4(4833 5233 5234 4834)
4(4815 4835 5235 5215)
4(4834 5234 5235 4835)
4(4816 4836 5236 5216)
4(4835 5235 5236 4836)
4(4817 4837 5237 5217)
4(4836 5236 5237 4837)
4(4818 4838 5238 5218)
4(4837 5237 5238 4838)
4(4819 4839 5239 5219)
4(4838 5238 5239 4839)
4(4820 4840 5240 5220)
4(4839 5239 5240 4840)
4(4821 4841 5241 5221)
4(4840 5240 5241 4841)
4(4822 4842 5242 5222)
4(4841 5241 5242 4842)
4(4823 4843 5243 5223)
4(4842 5242 5243 4843)
4(4824 4844 5244 5224)
4(4843 5243 5244 4844)
4(4825 4845 5245 5225)
4(4844 5244 5245 4845)
4(4826 4846 5246 5226)
4(4845 5245 5246 4846)
4(4827 4847 5247 5227)
4(4846 5246 5247 4847)
4(4828 4848 5248 5228)
4(4847 5247 5248 4848)
4(4829 4849 5249 5229)
4(4848 5248 5249 4849)
4(4830 4850 5250 5230)
4(4849 5249 5250 4850)
4(4850 5250 5251 4851)
4(4832 4852 5252 5232)
4(2023 2103 5252 4852)
4(4833 4853 5253 5233)
4(4852 5252 5253 4853)
4(4834 4854 5254 5234)
4(4853 5253 5254 4854)
4(4835 4855 5255 5235)
4(4854 5254 5255 4855)
4(4836 4856 5256 5236)
4(4855 5255 5256 4856)
4(4837 4857 5257 5237)
4(4856 5256 5257 4857)
4(4838 4858 5258 5238)
4(4857 5257 5258 4858)
4(4839 4859 5259 5239)
4(4858 5258 5259 4859)
4(4840 4860 5260 5240)
4(4859 5259 5260 4860)
4(4841 4861 5261 5241)
4(4860 5260 5261 4861)
4(4842 4862 5262 5242)
4(4861 5261 5262 4862)
4(4843 4863 5263 5243)
4(4862 5262 5263 4863)
4(4844 4864 5264 5244)
4(4863 5263 5264 4864)
4(4845 4865 5265 5245)
4(4864 5264 5265 4865)
4(4846 4866 5266 5246)
4(4865 5265 5266 4866)
4(4847 4867 5267 5247)
4(4866 5266 5267 4867)
4(4848 4868 5268 5248)
4(4867 5267 5268 4868)
4(4849 4869 5269 5249)
4(4868 5268 5269 4869)
4(4850 4870 5270 5250)
4(4869 5269 5270 4870)
4(4870 5270 5271 4871)
4(4852 4872 5272 5252)
4(2027 2107 5272 4872)
4(4853 4873 5273 5253)
4(4872 5272 5273 4873)
4(4854 4874 5274 5254)
4(4873 5273 5274 4874)
4(4855 4875 5275 5255)
4(4874 5274 5275 4875)
4(4856 4876 5276 5256)
4(4875 5275 5276 4876)
4(4857 4877 5277 5257)
4(4876 5276 5277 4877)
4(4858 4878 5278 5258)
4(4877 5277 5278 4878)
4(4859 4879 5279 5259)
4(4878 5278 5279 4879)
4(4860 4880 5280 5260)
4(4879 5279 5280 4880)
4(4861 4881 5281 5261)
4(4880 5280 5281 4881)
4(4862 4882 5282 5262)
4(4881 5281 5282 4882)
4(4863 4883 5283 5263)
4(4882 5282 5283 4883)
4(4864 4884 5284 5264)
4(4883 5283 5284 4884)
4(4865 4885 5285 5265)
4(4884 5284 5285 4885)
4(4866 4886 5286 5266)
4(4885 5285 5286 4886)
4(4867 4887 5287 5267)
4(4886 5286 5287 4887)
4(4868 4888 5288 5268)
4(4887 5287 5288 4888)
4(4869 4889 5289 5269)
4(4888 5288 5289 4889)
4(4870 4890 5290 5270)
4(4889 5289 5290 4890)
4(4890 5290 5291 4891)
4(4872 4892 5292 5272)
4(2031 2111 5292 4892)
4(4873 4893 5293 5273)
4(4892 5292 5293 4893)
4(4874 4894 5294 5274)
4(4893 5293 5294 4894)
4(4875 4895 5295 5275)
4(4894 5294 5295 4895)
4(4876 4896 5296 5276)
4(4895 5295 5296 4896)
4(4877 4897 5297 5277)
4(4896 5296 5297 4897)
4(4878 4898 5298 5278)
4(4897 5297 5298 4898)
4(4879 4899 5299 5279)
4(4898 5298 5299 4899)
4(4880 4900 5300 5280)
4(4899 5299 5300 4900)
4(4881 4901 5301 5281)
4(4900 5300 5301 4901)
4(4882 4902 5302 5282)
4(4901 5301 5302 4902)
4(4883 4903 5303 5283)
4(4902 5302 5303 4903)
4(4884 4904 5304 5284)
4(4903 5303 5304 4904)
4(4885 4905 5305 5285)
4(4904 5304 5305 4905)
4(4886 4906 5306 5286)
4(4905 5305 5306 4906)
4(4887 4907 5307 5287)
4(4906 5306 5307 4907)
4(4888 4908 5308 5288)
4(4907 5307 5308 4908)
4(4889 4909 5309 5289)
4(4908 5308 5309 4909)
4(4890 4910 5310 5290)
4(4909 5309 5310 4910)
4(4910 5310 5311 4911)
4(4892 4912 5312 5292)
4(2035 2115 5312 4912)
4(4893 4913 5313 5293)
4(4912 5312 5313 4913)
4(4894 4914 5314 5294)
4(4913 5313 5314 4914)
4(4895 4915 5315 5295)
4(4914 5314 5315 4915)
4(4896 4916 5316 5296)
4(4915 5315 5316 4916)
4(4897 4917 5317 5297)
4(4916 5316 5317 4917)
4(4898 4918 5318 5298)
4(4917 5317 5318 4918)
4(4899 4919 5319 5299)
4(4918 5318 5319 4919)
4(4900 4920 5320 5300)
4(4919 5319 5320 4920)
4(4901 4921 5321 5301)
4(4920 5320 5321 4921)
4(4902 4922 5322 5302)
4(4921 5321 5322 4922)
4(4903 4923 5323 5303)
4(4922 5322 5323 4923)
4(4904 4924 5324 5304)
4(4923 5323 5324 4924)
4(4905 4925 5325 5305)
4(4924 5324 5325 4925)
4(4906 4926 5326 5306)
4(4925 5325 5326 4926)
4(4907 4927 5327 5307)
4(4926 5326 5327 4927)
4(4908 4928 5328 5308)
4(4927 5327 5328 4928)
4(4909 4929 5329 5309)
4(4928 5328 5329 4929)
4(4910 4930 5330 5310)
4(4929 5329 5330 4930)
4(4930 5330 5331 4931)
4(4912 4932 5332 5312)
4(2039 2119 5332 4932)
4(4913 4933 5333 5313)
4(4932 5332 5333 4933)
4(4914 4934 5334 5314)
4(4933 5333 5334 4934)
4(4915 4935 5335 5315)
4(4934 5334 5335 4935)
4(4916 4936 5336 5316)
4(4935 5335 5336 4936)
4(4917 4937 5337 5317)
4(4936 5336 5337 4937)
4(4918 4938 5338 5318)
4(4937 5337 5338 4938)
4(4919 4939 5339 5319)
4(4938 5338 5339 4939)
4(4920 4940 5340 5320)
4(4939 5339 5340 4940)
4(4921 4941 5341 5321)
4(4940 5340 5341 4941)
4(4922 4942 5342 5322)
4(4941 5341 5342 4942)
4(4923 4943 5343 5323)
4(4942 5342 5343 4943)
4(4924 4944 5344 5324)
4(4943 5343 5344 4944)
4(4925 4945 5345 5325)
4(4944 5344 5345 4945)
4(4926 4946 5346 5326)
4(4945 5345 5346 4946)
4(4927 4947 5347 5327)
4(4946 5346 5347 4947)
4(4928 4948 5348 5328)
4(4947 5347 5348 4948)
4(4929 4949 5349 5329)
4(4948 5348 5349 4949)
4(4930 4950 5350 5330)
4(4949 5349 5350 4950)
4(4950 5350 5351 4951)
4(4932 4952 5352 5332)
4(2043 2123 5352 4952)
4(4933 4953 5353 5333)
4(4952 5352 5353 4953)
4(4934 4954 5354 5334)
4(4953 5353 5354 4954)
4(4935 4955 5355 5335)
4(4954 5354 5355 4955)
4(4936 4956 5356 5336)
4(4955 5355 5356 4956)
4(4937 4957 5357 5337)
4(4956 5356 5357 4957)
4(4938 4958 5358 5338)
4(4957 5357 5358 4958)
4(4939 4959 5359 5339)
4(4958 5358 5359 4959)
4(4940 4960 5360 5340)
4(4959 5359 5360 4960)
4(4941 4961 5361 5341)
4(4960 5360 5361 4961)
4(4942 4962 5362 5342)
4(4961 5361 5362 4962)
4(4943 4963 5363 5343)
4(4962 5362 5363 4963)
4(4944 4964 5364 5344)
4(4963 5363 5364 4964)
4(4945 4965 5365 5345)
4(4964 5364 5365 4965)
4(4946 4966 5366 5346)
4(4965 5365 5366 4966)
4(4947 4967 5367 5347)
4(4966 5366 5367 4967)
4(4948 4968 5368 5348)
4(4967 5367 5368 4968)
4(4949 4969 5369 5349)
4(4968 5368 5369 4969)
4(4950 4970 5370 5350)
4(4969 5369 5370 4970)
4(4970 5370 5371 4971)
4(4952 4972 5372 5352)
4(2047 2127 5372 4972)
4(4953 4973 5373 5353)
4(4972 5372 5373 4973)
4(4954 4974 5374 5354)
4(4973 5373 5374 4974)
4(4955 4975 5375 5355)
4(4974 5374 5375 4975)
4(4956 4976 5376 5356)
4(4975 5375 5376 4976)
4(4957 4977 5377 5357)
4(4976 5376 5377 4977)
4(4958 4978 5378 5358)
4(4977 5377 5378 4978)
4(4959 4979 5379 5359)
4(4978 5378 5379 4979)
4(4960 4980 5380 5360)
4(4979 5379 5380 4980)
4(4961 4981 5381 5361)
4(4980 5380 5381 4981)
4(4962 4982 5382 5362)
4(4981 5381 5382 4982)
4(4963 4983 5383 5363)
4(4982 5382 5383 4983)
4(4964 4984 5384 5364)
4(4983 5383 5384 4984)
4(4965 4985 5385 5365)
4(4984 5384 5385 4985)
4(4966 4986 5386 5366)
4(4985 5385 5386 4986)
4(4967 4987 5387 5367)
4(4986 5386 5387 4987)
4(4968 4988 5388 5368)
4(4987 5387 5388 4988)
4(4969 4989 5389 5369)
4(4988 5388 5389 4989)
4(4970 4990 5390 5370)
4(4989 5389 5390 4990)
4(4990 5390 5391 4991)
4(4972 4992 5392 5372)
4(4973 4993 5393 5373)
4(4974 4994 5394 5374)
4(4975 4995 5395 5375)
4(4976 4996 5396 5376)
4(4977 4997 5397 5377)
4(4978 4998 5398 5378)
4(4979 4999 5399 5379)
4(4980 5000 5400 5380)
4(4981 5001 5401 5381)
4(4982 5002 5402 5382)
4(4983 5003 5403 5383)
4(4984 5004 5404 5384)
4(4985 5005 5405 5385)
4(4986 5006 5406 5386)
4(4987 5007 5407 5387)
4(4988 5008 5408 5388)
4(4989 5009 5409 5389)
4(4990 5010 5410 5390)
4(92 120 135 107)
4(120 121 136 135)
4(121 122 137 136)
4(0 1 26 25)
4(1 2 27 26)
4(2 3 28 27)
4(3 4 29 28)
4(4 50 70 29)
4(50 51 71 70)
4(51 52 72 71)
4(52 53 73 72)
4(53 90 105 73)
4(90 91 106 105)
4(91 92 107 106)
4(122 150 165 137)
4(150 151 166 165)
4(151 152 167 166)
4(152 180 200 167)
4(180 181 201 200)
4(181 182 202 201)
4(182 183 203 202)
4(183 220 240 203)
4(220 221 241 240)
4(221 222 242 241)
4(222 223 243 242)
4(2132 2232 2252 2152)
4(2152 2252 2272 2172)
4(2172 2272 2292 2192)
4(2192 2292 2312 2212)
4(2212 2312 2652 2332)
4(2332 2652 2672 2352)
4(2352 2672 2692 2372)
4(2372 2692 2712 2392)
4(2392 2712 2732 2412)
4(2412 2732 2752 2432)
4(2432 2752 2772 2452)
4(2452 2772 2792 2472)
4(2472 2792 2812 2492)
4(2492 2812 2832 2512)
4(2512 2832 2852 2532)
4(2532 2852 2872 2552)
4(2552 2872 2892 2572)
4(2572 2892 2912 2592)
4(2592 2912 2932 2612)
4(2612 2932 2952 2632)
4(2632 2952 3372 2972)
4(2972 3372 3392 2992)
4(2992 3392 3412 3012)
4(3012 3412 3432 3032)
4(3032 3432 3452 3052)
4(3052 3452 3472 3072)
4(3072 3472 3492 3092)
4(3092 3492 3512 3112)
4(3112 3512 3532 3132)
4(3132 3532 3552 3152)
4(3152 3552 3572 3172)
4(3172 3572 3592 3192)
4(3192 3592 3612 3212)
4(3212 3612 3632 3232)
4(3232 3632 3652 3252)
4(3252 3652 3672 3272)
4(3272 3672 3692 3292)
4(3292 3692 3712 3312)
4(3312 3712 3732 3332)
4(3332 3732 3752 3352)
4(3791 3811 3911 3891)
4(3811 3831 3931 3911)
4(3831 3851 3951 3931)
4(3851 3871 3971 3951)
4(3871 3991 4311 3971)
4(3991 4011 4331 4311)
4(4011 4031 4351 4331)
4(4031 4051 4371 4351)
4(4051 4071 4391 4371)
4(4071 4091 4411 4391)
4(4091 4111 4431 4411)
4(4111 4131 4451 4431)
4(4131 4151 4471 4451)
4(4151 4171 4491 4471)
4(4171 4191 4511 4491)
4(4191 4211 4531 4511)
4(4211 4231 4551 4531)
4(4231 4251 4571 4551)
4(4251 4271 4591 4571)
4(4271 4291 4611 4591)
4(4291 4631 5031 4611)
4(4631 4651 5051 5031)
4(4651 4671 5071 5051)
4(4671 4691 5091 5071)
4(4691 4711 5111 5091)
4(4711 4731 5131 5111)
4(4731 4751 5151 5131)
4(4751 4771 5171 5151)
4(4771 4791 5191 5171)
4(4791 4811 5211 5191)
4(4811 4831 5231 5211)
4(4831 4851 5251 5231)
4(4851 4871 5271 5251)
4(4871 4891 5291 5271)
4(4891 4911 5311 5291)
4(4911 4931 5331 5311)
4(4931 4951 5351 5331)
4(4951 4971 5371 5351)
4(4971 4991 5391 5371)
4(4991 5011 5411 5391)
4(2132 2133 2233 2232)
4(2133 2134 2234 2233)
4(2134 2135 2235 2234)
4(2135 2136 2236 2235)
4(2136 2137 2237 2236)
4(2137 2138 2238 2237)
4(2138 2139 2239 2238)
4(2139 2140 2240 2239)
4(2140 2141 2241 2240)
4(2141 2142 2242 2241)
4(2142 2143 2243 2242)
4(2143 2144 2244 2243)
4(2144 2145 2245 2244)
4(2145 2146 2246 2245)
4(2146 2147 2247 2246)
4(2147 2148 2248 2247)
4(2148 2149 2249 2248)
4(2149 2150 2250 2249)
4(2150 2151 2251 2250)
4(2151 0 25 2251)
4(223 3772 3872 243)
4(3772 3773 3873 3872)
4(3773 3774 3874 3873)
4(3774 3775 3875 3874)
4(3775 3776 3876 3875)
4(3776 3777 3877 3876)
4(3777 3778 3878 3877)
4(3778 3779 3879 3878)
4(3779 3780 3880 3879)
4(3780 3781 3881 3880)
4(3781 3782 3882 3881)
4(3782 3783 3883 3882)
4(3783 3784 3884 3883)
4(3784 3785 3885 3884)
4(3785 3786 3886 3885)
4(3786 3787 3887 3886)
4(3787 3788 3888 3887)
4(3788 3789 3889 3888)
4(3789 3790 3890 3889)
4(3790 3791 3891 3890)
4(3352 3752 3753 3353)
4(3353 3753 3754 3354)
4(3354 3754 3755 3355)
4(3355 3755 3756 3356)
4(3356 3756 3757 3357)
4(3357 3757 3758 3358)
4(3358 3758 3759 3359)
4(3359 3759 3760 3360)
4(3360 3760 3761 3361)
4(3361 3761 3762 3362)
4(3362 3762 3763 3363)
4(3363 3763 3764 3364)
4(3364 3764 3765 3365)
4(3365 3765 3766 3366)
4(3366 3766 3767 3367)
4(3367 3767 3768 3368)
4(3368 3768 3769 3369)
4(3369 3769 3770 3370)
4(3370 3770 3771 3371)
4(3371 3771 1287 1187)
4(1187 1287 1288 1188)
4(1188 1288 1289 1189)
4(1189 1289 1290 1190)
4(1190 1290 1291 1191)
4(1191 1291 1448 1368)
4(1368 1448 1449 1369)
4(1369 1449 1450 1370)
4(1370 1450 1451 1371)
4(1371 1451 1569 1509)
4(1509 1569 1570 1510)
4(1510 1570 1571 1511)
4(1511 1571 1689 1629)
4(1629 1689 1690 1630)
4(1630 1690 1691 1631)
4(1631 1691 1809 1749)
4(1749 1809 1810 1750)
4(1750 1810 1811 1751)
4(1751 1811 1968 1888)
4(1888 1968 1969 1889)
4(1889 1969 1970 1890)
4(1890 1970 1971 1891)
4(1891 1971 2128 2048)
4(2048 2128 2129 2049)
4(2049 2129 2130 2050)
4(2050 2130 2131 2051)
4(2051 2131 5392 4992)
4(4992 5392 5393 4993)
4(4993 5393 5394 4994)
4(4994 5394 5395 4995)
4(4995 5395 5396 4996)
4(4996 5396 5397 4997)
4(4997 5397 5398 4998)
4(4998 5398 5399 4999)
4(4999 5399 5400 5000)
4(5000 5400 5401 5001)
4(5001 5401 5402 5002)
4(5002 5402 5403 5003)
4(5003 5403 5404 5004)
4(5004 5404 5405 5005)
4(5005 5405 5406 5006)
4(5006 5406 5407 5007)
4(5007 5407 5408 5008)
4(5008 5408 5409 5009)
4(5009 5409 5410 5010)
4(5010 5410 5411 5011)
4(2132 2152 2153 2133)
4(2152 2172 2173 2153)
4(2172 2192 2193 2173)
4(2192 2212 2213 2193)
4(2133 2153 2154 2134)
4(2153 2173 2174 2154)
4(2173 2193 2194 2174)
4(2193 2213 2214 2194)
4(2134 2154 2155 2135)
4(2154 2174 2175 2155)
4(2174 2194 2195 2175)
4(2194 2214 2215 2195)
4(2135 2155 2156 2136)
4(2155 2175 2176 2156)
4(2175 2195 2196 2176)
4(2195 2215 2216 2196)
4(2136 2156 2157 2137)
4(2156 2176 2177 2157)
4(2176 2196 2197 2177)
4(2196 2216 2217 2197)
4(2137 2157 2158 2138)
4(2157 2177 2178 2158)
4(2177 2197 2198 2178)
4(2197 2217 2218 2198)
4(2138 2158 2159 2139)
4(2158 2178 2179 2159)
4(2178 2198 2199 2179)
4(2198 2218 2219 2199)
4(2139 2159 2160 2140)
4(2159 2179 2180 2160)
4(2179 2199 2200 2180)
4(2199 2219 2220 2200)
4(2140 2160 2161 2141)
4(2160 2180 2181 2161)
4(2180 2200 2201 2181)
4(2200 2220 2221 2201)
4(2141 2161 2162 2142)
4(2161 2181 2182 2162)
4(2181 2201 2202 2182)
4(2201 2221 2222 2202)
4(2142 2162 2163 2143)
4(2162 2182 2183 2163)
4(2182 2202 2203 2183)
4(2202 2222 2223 2203)
4(2143 2163 2164 2144)
4(2163 2183 2184 2164)
4(2183 2203 2204 2184)
4(2203 2223 2224 2204)
4(2144 2164 2165 2145)
4(2164 2184 2185 2165)
4(2184 2204 2205 2185)
4(2204 2224 2225 2205)
4(2145 2165 2166 2146)
4(2165 2185 2186 2166)
4(2185 2205 2206 2186)
4(2205 2225 2226 2206)
4(2146 2166 2167 2147)
4(2166 2186 2187 2167)
4(2186 2206 2207 2187)
4(2206 2226 2227 2207)
4(2147 2167 2168 2148)
4(2167 2187 2188 2168)
4(2187 2207 2208 2188)
4(2207 2227 2228 2208)
4(2148 2168 2169 2149)
4(2168 2188 2189 2169)
4(2188 2208 2209 2189)
4(2208 2228 2229 2209)
4(2149 2169 2170 2150)
4(2169 2189 2190 2170)
4(2189 2209 2210 2190)
4(2209 2229 2230 2210)
4(2150 2170 2171 2151)
4(2170 2190 2191 2171)
4(2190 2210 2211 2191)
4(2210 2230 2231 2211)
4(2151 2171 5 0)
4(2171 2191 10 5)
4(2191 2211 15 10)
4(2211 2231 20 15)
4(2212 2332 2333 2213)
4(2332 2352 2353 2333)
4(2352 2372 2373 2353)
4(2372 2392 2393 2373)
4(2392 2412 2413 2393)
4(2412 2432 2433 2413)
4(2432 2452 2453 2433)
4(2452 2472 2473 2453)
4(2472 2492 2493 2473)
4(2492 2512 2513 2493)
4(2512 2532 2533 2513)
4(2532 2552 2553 2533)
4(2552 2572 2573 2553)
4(2572 2592 2593 2573)
4(2592 2612 2613 2593)
4(2612 2632 2633 2613)
4(2213 2333 2334 2214)
4(2333 2353 2354 2334)
4(2353 2373 2374 2354)
4(2373 2393 2394 2374)
4(2393 2413 2414 2394)
4(2413 2433 2434 2414)
4(2433 2453 2454 2434)
4(2453 2473 2474 2454)
4(2473 2493 2494 2474)
4(2493 2513 2514 2494)
4(2513 2533 2534 2514)
4(2533 2553 2554 2534)
4(2553 2573 2574 2554)
4(2573 2593 2594 2574)
4(2593 2613 2614 2594)
4(2613 2633 2634 2614)
4(2214 2334 2335 2215)
4(2334 2354 2355 2335)
4(2354 2374 2375 2355)
4(2374 2394 2395 2375)
4(2394 2414 2415 2395)
4(2414 2434 2435 2415)
4(2434 2454 2455 2435)
4(2454 2474 2475 2455)
4(2474 2494 2495 2475)
4(2494 2514 2515 2495)
4(2514 2534 2535 2515)
4(2534 2554 2555 2535)
4(2554 2574 2575 2555)
4(2574 2594 2595 2575)
4(2594 2614 2615 2595)
4(2614 2634 2635 2615)
4(2215 2335 2336 2216)
4(2335 2355 2356 2336)
4(2355 2375 2376 2356)
4(2375 2395 2396 2376)
4(2395 2415 2416 2396)
4(2415 2435 2436 2416)
4(2435 2455 2456 2436)
4(2455 2475 2476 2456)
4(2475 2495 2496 2476)
4(2495 2515 2516 2496)
4(2515 2535 2536 2516)
4(2535 2555 2556 2536)
4(2555 2575 2576 2556)
4(2575 2595 2596 2576)
4(2595 2615 2616 2596)
4(2615 2635 2636 2616)
4(2216 2336 2337 2217)
4(2336 2356 2357 2337)
4(2356 2376 2377 2357)
4(2376 2396 2397 2377)
4(2396 2416 2417 2397)
4(2416 2436 2437 2417)
4(2436 2456 2457 2437)
4(2456 2476 2477 2457)
4(2476 2496 2497 2477)
4(2496 2516 2517 2497)
4(2516 2536 2537 2517)
4(2536 2556 2557 2537)
4(2556 2576 2577 2557)
4(2576 2596 2597 2577)
4(2596 2616 2617 2597)
4(2616 2636 2637 2617)
4(2217 2337 2338 2218)
4(2337 2357 2358 2338)
4(2357 2377 2378 2358)
4(2377 2397 2398 2378)
4(2397 2417 2418 2398)
4(2417 2437 2438 2418)
4(2437 2457 2458 2438)
4(2457 2477 2478 2458)
4(2477 2497 2498 2478)
4(2497 2517 2518 2498)
4(2517 2537 2538 2518)
4(2537 2557 2558 2538)
4(2557 2577 2578 2558)
4(2577 2597 2598 2578)
4(2597 2617 2618 2598)
4(2617 2637 2638 2618)
4(2218 2338 2339 2219)
4(2338 2358 2359 2339)
4(2358 2378 2379 2359)
4(2378 2398 2399 2379)
4(2398 2418 2419 2399)
4(2418 2438 2439 2419)
4(2438 2458 2459 2439)
4(2458 2478 2479 2459)
4(2478 2498 2499 2479)
4(2498 2518 2519 2499)
4(2518 2538 2539 2519)
4(2538 2558 2559 2539)
4(2558 2578 2579 2559)
4(2578 2598 2599 2579)
4(2598 2618 2619 2599)
4(2618 2638 2639 2619)
4(2219 2339 2340 2220)
4(2339 2359 2360 2340)
4(2359 2379 2380 2360)
4(2379 2399 2400 2380)
4(2399 2419 2420 2400)
4(2419 2439 2440 2420)
4(2439 2459 2460 2440)
4(2459 2479 2480 2460)
4(2479 2499 2500 2480)
4(2499 2519 2520 2500)
4(2519 2539 2540 2520)
4(2539 2559 2560 2540)
4(2559 2579 2580 2560)
4(2579 2599 2600 2580)
4(2599 2619 2620 2600)
4(2619 2639 2640 2620)
4(2220 2340 2341 2221)
4(2340 2360 2361 2341)
4(2360 2380 2381 2361)
4(2380 2400 2401 2381)
4(2400 2420 2421 2401)
4(2420 2440 2441 2421)
4(2440 2460 2461 2441)
4(2460 2480 2481 2461)
4(2480 2500 2501 2481)
4(2500 2520 2521 2501)
4(2520 2540 2541 2521)
4(2540 2560 2561 2541)
4(2560 2580 2581 2561)
4(2580 2600 2601 2581)
4(2600 2620 2621 2601)
4(2620 2640 2641 2621)
4(2221 2341 2342 2222)
4(2341 2361 2362 2342)
4(2361 2381 2382 2362)
4(2381 2401 2402 2382)
4(2401 2421 2422 2402)
4(2421 2441 2442 2422)
4(2441 2461 2462 2442)
4(2461 2481 2482 2462)
4(2481 2501 2502 2482)
4(2501 2521 2522 2502)
4(2521 2541 2542 2522)
4(2541 2561 2562 2542)
4(2561 2581 2582 2562)
4(2581 2601 2602 2582)
4(2601 2621 2622 2602)
4(2621 2641 2642 2622)
4(2222 2342 2343 2223)
4(2342 2362 2363 2343)
4(2362 2382 2383 2363)
4(2382 2402 2403 2383)
4(2402 2422 2423 2403)
4(2422 2442 2443 2423)
4(2442 2462 2463 2443)
4(2462 2482 2483 2463)
4(2482 2502 2503 2483)
4(2502 2522 2523 2503)
4(2522 2542 2543 2523)
4(2542 2562 2563 2543)
4(2562 2582 2583 2563)
4(2582 2602 2603 2583)
4(2602 2622 2623 2603)
4(2622 2642 2643 2623)
4(2223 2343 2344 2224)
4(2343 2363 2364 2344)
4(2363 2383 2384 2364)
4(2383 2403 2404 2384)
4(2403 2423 2424 2404)
4(2423 2443 2444 2424)
4(2443 2463 2464 2444)
4(2463 2483 2484 2464)
4(2483 2503 2504 2484)
4(2503 2523 2524 2504)
4(2523 2543 2544 2524)
4(2543 2563 2564 2544)
4(2563 2583 2584 2564)
4(2583 2603 2604 2584)
4(2603 2623 2624 2604)
4(2623 2643 2644 2624)
4(2224 2344 2345 2225)
4(2344 2364 2365 2345)
4(2364 2384 2385 2365)
4(2384 2404 2405 2385)
4(2404 2424 2425 2405)
4(2424 2444 2445 2425)
4(2444 2464 2465 2445)
4(2464 2484 2485 2465)
4(2484 2504 2505 2485)
4(2504 2524 2525 2505)
4(2524 2544 2545 2525)
4(2544 2564 2565 2545)
4(2564 2584 2585 2565)
4(2584 2604 2605 2585)
4(2604 2624 2625 2605)
4(2624 2644 2645 2625)
4(2225 2345 2346 2226)
4(2345 2365 2366 2346)
4(2365 2385 2386 2366)
4(2385 2405 2406 2386)
4(2405 2425 2426 2406)
4(2425 2445 2446 2426)
4(2445 2465 2466 2446)
4(2465 2485 2486 2466)
4(2485 2505 2506 2486)
4(2505 2525 2526 2506)
4(2525 2545 2546 2526)
4(2545 2565 2566 2546)
4(2565 2585 2586 2566)
4(2585 2605 2606 2586)
4(2605 2625 2626 2606)
4(2625 2645 2646 2626)
4(2226 2346 2347 2227)
4(2346 2366 2367 2347)
4(2366 2386 2387 2367)
4(2386 2406 2407 2387)
4(2406 2426 2427 2407)
4(2426 2446 2447 2427)
4(2446 2466 2467 2447)
4(2466 2486 2487 2467)
4(2486 2506 2507 2487)
4(2506 2526 2527 2507)
4(2526 2546 2547 2527)
4(2546 2566 2567 2547)
4(2566 2586 2587 2567)
4(2586 2606 2607 2587)
4(2606 2626 2627 2607)
4(2626 2646 2647 2627)
4(2227 2347 2348 2228)
4(2347 2367 2368 2348)
4(2367 2387 2388 2368)
4(2387 2407 2408 2388)
4(2407 2427 2428 2408)
4(2427 2447 2448 2428)
4(2447 2467 2468 2448)
4(2467 2487 2488 2468)
4(2487 2507 2508 2488)
4(2507 2527 2528 2508)
4(2527 2547 2548 2528)
4(2547 2567 2568 2548)
4(2567 2587 2588 2568)
4(2587 2607 2608 2588)
4(2607 2627 2628 2608)
4(2627 2647 2648 2628)
4(2228 2348 2349 2229)
4(2348 2368 2369 2349)
4(2368 2388 2389 2369)
4(2388 2408 2409 2389)
4(2408 2428 2429 2409)
4(2428 2448 2449 2429)
4(2448 2468 2469 2449)
4(2468 2488 2489 2469)
4(2488 2508 2509 2489)
4(2508 2528 2529 2509)
4(2528 2548 2549 2529)
4(2548 2568 2569 2549)
4(2568 2588 2589 2569)
4(2588 2608 2609 2589)
4(2608 2628 2629 2609)
4(2628 2648 2649 2629)
4(2229 2349 2350 2230)
4(2349 2369 2370 2350)
4(2369 2389 2390 2370)
4(2389 2409 2410 2390)
4(2409 2429 2430 2410)
4(2429 2449 2450 2430)
4(2449 2469 2470 2450)
4(2469 2489 2490 2470)
4(2489 2509 2510 2490)
4(2509 2529 2530 2510)
4(2529 2549 2550 2530)
4(2549 2569 2570 2550)
4(2569 2589 2590 2570)
4(2589 2609 2610 2590)
4(2609 2629 2630 2610)
4(2629 2649 2650 2630)
4(2230 2350 2351 2231)
4(2350 2370 2371 2351)
4(2370 2390 2391 2371)
4(2390 2410 2411 2391)
4(2410 2430 2431 2411)
4(2430 2450 2451 2431)
4(2450 2470 2471 2451)
4(2470 2490 2491 2471)
4(2490 2510 2511 2491)
4(2510 2530 2531 2511)
4(2530 2550 2551 2531)
4(2550 2570 2571 2551)
4(2570 2590 2591 2571)
4(2590 2610 2611 2591)
4(2610 2630 2631 2611)
4(2630 2650 2651 2631)
4(2231 2351 260 20)
4(2351 2371 265 260)
4(2371 2391 270 265)
4(2391 2411 275 270)
4(2411 2431 280 275)
4(2431 2451 285 280)
4(2451 2471 290 285)
4(2471 2491 295 290)
4(2491 2511 300 295)
4(2511 2531 305 300)
4(2531 2551 310 305)
4(2551 2571 315 310)
4(2571 2591 320 315)
4(2591 2611 325 320)
4(2611 2631 330 325)
4(2631 2651 335 330)
4(2632 2972 2973 2633)
4(2972 2992 2993 2973)
4(2992 3012 3013 2993)
4(3012 3032 3033 3013)
4(3032 3052 3053 3033)
4(3052 3072 3073 3053)
4(3072 3092 3093 3073)
4(3092 3112 3113 3093)
4(3112 3132 3133 3113)
4(3132 3152 3153 3133)
4(3152 3172 3173 3153)
4(3172 3192 3193 3173)
4(3192 3212 3213 3193)
4(3212 3232 3233 3213)
4(3232 3252 3253 3233)
4(3252 3272 3273 3253)
4(3272 3292 3293 3273)
4(3292 3312 3313 3293)
4(3312 3332 3333 3313)
4(3332 3352 3353 3333)
4(2633 2973 2974 2634)
4(2973 2993 2994 2974)
4(2993 3013 3014 2994)
4(3013 3033 3034 3014)
4(3033 3053 3054 3034)
4(3053 3073 3074 3054)
4(3073 3093 3094 3074)
4(3093 3113 3114 3094)
4(3113 3133 3134 3114)
4(3133 3153 3154 3134)
4(3153 3173 3174 3154)
4(3173 3193 3194 3174)
4(3193 3213 3214 3194)
4(3213 3233 3234 3214)
4(3233 3253 3254 3234)
4(3253 3273 3274 3254)
4(3273 3293 3294 3274)
4(3293 3313 3314 3294)
4(3313 3333 3334 3314)
4(3333 3353 3354 3334)
4(2634 2974 2975 2635)
4(2974 2994 2995 2975)
4(2994 3014 3015 2995)
4(3014 3034 3035 3015)
4(3034 3054 3055 3035)
4(3054 3074 3075 3055)
4(3074 3094 3095 3075)
4(3094 3114 3115 3095)
4(3114 3134 3135 3115)
4(3134 3154 3155 3135)
4(3154 3174 3175 3155)
4(3174 3194 3195 3175)
4(3194 3214 3215 3195)
4(3214 3234 3235 3215)
4(3234 3254 3255 3235)
4(3254 3274 3275 3255)
4(3274 3294 3295 3275)
4(3294 3314 3315 3295)
4(3314 3334 3335 3315)
4(3334 3354 3355 3335)
4(2635 2975 2976 2636)
4(2975 2995 2996 2976)
4(2995 3015 3016 2996)
4(3015 3035 3036 3016)
4(3035 3055 3056 3036)
4(3055 3075 3076 3056)
4(3075 3095 3096 3076)
4(3095 3115 3116 3096)
4(3115 3135 3136 3116)
4(3135 3155 3156 3136)
4(3155 3175 3176 3156)
4(3175 3195 3196 3176)
4(3195 3215 3216 3196)
4(3215 3235 3236 3216)
4(3235 3255 3256 3236)
4(3255 3275 3276 3256)
4(3275 3295 3296 3276)
4(3295 3315 3316 3296)
4(3315 3335 3336 3316)
4(3335 3355 3356 3336)
4(2636 2976 2977 2637)
4(2976 2996 2997 2977)
4(2996 3016 3017 2997)
4(3016 3036 3037 3017)
4(3036 3056 3057 3037)
4(3056 3076 3077 3057)
4(3076 3096 3097 3077)
4(3096 3116 3117 3097)
4(3116 3136 3137 3117)
4(3136 3156 3157 3137)
4(3156 3176 3177 3157)
4(3176 3196 3197 3177)
4(3196 3216 3217 3197)
4(3216 3236 3237 3217)
4(3236 3256 3257 3237)
4(3256 3276 3277 3257)
4(3276 3296 3297 3277)
4(3296 3316 3317 3297)
4(3316 3336 3337 3317)
4(3336 3356 3357 3337)
4(2637 2977 2978 2638)
4(2977 2997 2998 2978)
4(2997 3017 3018 2998)
4(3017 3037 3038 3018)
4(3037 3057 3058 3038)
4(3057 3077 3078 3058)
4(3077 3097 3098 3078)
4(3097 3117 3118 3098)
4(3117 3137 3138 3118)
4(3137 3157 3158 3138)
4(3157 3177 3178 3158)
4(3177 3197 3198 3178)
4(3197 3217 3218 3198)
4(3217 3237 3238 3218)
4(3237 3257 3258 3238)
4(3257 3277 3278 3258)
4(3277 3297 3298 3278)
4(3297 3317 3318 3298)
4(3317 3337 3338 3318)
4(3337 3357 3358 3338)
4(2638 2978 2979 2639)
4(2978 2998 2999 2979)
4(2998 3018 3019 2999)
4(3018 3038 3039 3019)
4(3038 3058 3059 3039)
4(3058 3078 3079 3059)
4(3078 3098 3099 3079)
4(3098 3118 3119 3099)
4(3118 3138 3139 3119)
4(3138 3158 3159 3139)
4(3158 3178 3179 3159)
4(3178 3198 3199 3179)
4(3198 3218 3219 3199)
4(3218 3238 3239 3219)
4(3238 3258 3259 3239)
4(3258 3278 3279 3259)
4(3278 3298 3299 3279)
4(3298 3318 3319 3299)
4(3318 3338 3339 3319)
4(3338 3358 3359 3339)
4(2639 2979 2980 2640)
4(2979 2999 3000 2980)
4(2999 3019 3020 3000)
4(3019 3039 3040 3020)
4(3039 3059 3060 3040)
4(3059 3079 3080 3060)
4(3079 3099 3100 3080)
4(3099 3119 3120 3100)
4(3119 3139 3140 3120)
4(3139 3159 3160 3140)
4(3159 3179 3180 3160)
4(3179 3199 3200 3180)
4(3199 3219 3220 3200)
4(3219 3239 3240 3220)
4(3239 3259 3260 3240)
4(3259 3279 3280 3260)
4(3279 3299 3300 3280)
4(3299 3319 3320 3300)
4(3319 3339 3340 3320)
4(3339 3359 3360 3340)
4(2640 2980 2981 2641)
4(2980 3000 3001 2981)
4(3000 3020 3021 3001)
4(3020 3040 3041 3021)
4(3040 3060 3061 3041)
4(3060 3080 3081 3061)
4(3080 3100 3101 3081)
4(3100 3120 3121 3101)
4(3120 3140 3141 3121)
4(3140 3160 3161 3141)
4(3160 3180 3181 3161)
4(3180 3200 3201 3181)
4(3200 3220 3221 3201)
4(3220 3240 3241 3221)
4(3240 3260 3261 3241)
4(3260 3280 3281 3261)
4(3280 3300 3301 3281)
4(3300 3320 3321 3301)
4(3320 3340 3341 3321)
4(3340 3360 3361 3341)
4(2641 2981 2982 2642)
4(2981 3001 3002 2982)
4(3001 3021 3022 3002)
4(3021 3041 3042 3022)
4(3041 3061 3062 3042)
4(3061 3081 3082 3062)
4(3081 3101 3102 3082)
4(3101 3121 3122 3102)
4(3121 3141 3142 3122)
4(3141 3161 3162 3142)
4(3161 3181 3182 3162)
4(3181 3201 3202 3182)
4(3201 3221 3222 3202)
4(3221 3241 3242 3222)
4(3241 3261 3262 3242)
4(3261 3281 3282 3262)
4(3281 3301 3302 3282)
4(3301 3321 3322 3302)
4(3321 3341 3342 3322)
4(3341 3361 3362 3342)
4(2642 2982 2983 2643)
4(2982 3002 3003 2983)
4(3002 3022 3023 3003)
4(3022 3042 3043 3023)
4(3042 3062 3063 3043)
4(3062 3082 3083 3063)
4(3082 3102 3103 3083)
4(3102 3122 3123 3103)
4(3122 3142 3143 3123)
4(3142 3162 3163 3143)
4(3162 3182 3183 3163)
4(3182 3202 3203 3183)
4(3202 3222 3223 3203)
4(3222 3242 3243 3223)
4(3242 3262 3263 3243)
4(3262 3282 3283 3263)
4(3282 3302 3303 3283)
4(3302 3322 3323 3303)
4(3322 3342 3343 3323)
4(3342 3362 3363 3343)
4(2643 2983 2984 2644)
4(2983 3003 3004 2984)
4(3003 3023 3024 3004)
4(3023 3043 3044 3024)
4(3043 3063 3064 3044)
4(3063 3083 3084 3064)
4(3083 3103 3104 3084)
4(3103 3123 3124 3104)
4(3123 3143 3144 3124)
4(3143 3163 3164 3144)
4(3163 3183 3184 3164)
4(3183 3203 3204 3184)
4(3203 3223 3224 3204)
4(3223 3243 3244 3224)
4(3243 3263 3264 3244)
4(3263 3283 3284 3264)
4(3283 3303 3304 3284)
4(3303 3323 3324 3304)
4(3323 3343 3344 3324)
4(3343 3363 3364 3344)
4(2644 2984 2985 2645)
4(2984 3004 3005 2985)
4(3004 3024 3025 3005)
4(3024 3044 3045 3025)
4(3044 3064 3065 3045)
4(3064 3084 3085 3065)
4(3084 3104 3105 3085)
4(3104 3124 3125 3105)
4(3124 3144 3145 3125)
4(3144 3164 3165 3145)
4(3164 3184 3185 3165)
4(3184 3204 3205 3185)
4(3204 3224 3225 3205)
4(3224 3244 3245 3225)
4(3244 3264 3265 3245)
4(3264 3284 3285 3265)
4(3284 3304 3305 3285)
4(3304 3324 3325 3305)
4(3324 3344 3345 3325)
4(3344 3364 3365 3345)
4(2645 2985 2986 2646)
4(2985 3005 3006 2986)
4(3005 3025 3026 3006)
4(3025 3045 3046 3026)
4(3045 3065 3066 3046)
4(3065 3085 3086 3066)
4(3085 3105 3106 3086)
4(3105 3125 3126 3106)
4(3125 3145 3146 3126)
4(3145 3165 3166 3146)
4(3165 3185 3186 3166)
4(3185 3205 3206 3186)
4(3205 3225 3226 3206)
4(3225 3245 3246 3226)
4(3245 3265 3266 3246)
4(3265 3285 3286 3266)
4(3285 3305 3306 3286)
4(3305 3325 3326 3306)
4(3325 3345 3346 3326)
4(3345 3365 3366 3346)
4(2646 2986 2987 2647)
4(2986 3006 3007 2987)
4(3006 3026 3027 3007)
4(3026 3046 3047 3027)
4(3046 3066 3067 3047)
4(3066 3086 3087 3067)
4(3086 3106 3107 3087)
4(3106 3126 3127 3107)
4(3126 3146 3147 3127)
4(3146 3166 3167 3147)
4(3166 3186 3187 3167)
4(3186 3206 3207 3187)
4(3206 3226 3227 3207)
4(3226 3246 3247 3227)
4(3246 3266 3267 3247)
4(3266 3286 3287 3267)
4(3286 3306 3307 3287)
4(3306 3326 3327 3307)
4(3326 3346 3347 3327)
4(3346 3366 3367 3347)
4(2647 2987 2988 2648)
4(2987 3007 3008 2988)
4(3007 3027 3028 3008)
4(3027 3047 3048 3028)
4(3047 3067 3068 3048)
4(3067 3087 3088 3068)
4(3087 3107 3108 3088)
4(3107 3127 3128 3108)
4(3127 3147 3148 3128)
4(3147 3167 3168 3148)
4(3167 3187 3188 3168)
4(3187 3207 3208 3188)
4(3207 3227 3228 3208)
4(3227 3247 3248 3228)
4(3247 3267 3268 3248)
4(3267 3287 3288 3268)
4(3287 3307 3308 3288)
4(3307 3327 3328 3308)
4(3327 3347 3348 3328)
4(3347 3367 3368 3348)
4(2648 2988 2989 2649)
4(2988 3008 3009 2989)
4(3008 3028 3029 3009)
4(3028 3048 3049 3029)
4(3048 3068 3069 3049)
4(3068 3088 3089 3069)
4(3088 3108 3109 3089)
4(3108 3128 3129 3109)
4(3128 3148 3149 3129)
4(3148 3168 3169 3149)
4(3168 3188 3189 3169)
4(3188 3208 3209 3189)
4(3208 3228 3229 3209)
4(3228 3248 3249 3229)
4(3248 3268 3269 3249)
4(3268 3288 3289 3269)
4(3288 3308 3309 3289)
4(3308 3328 3329 3309)
4(3328 3348 3349 3329)
4(3348 3368 3369 3349)
4(2649 2989 2990 2650)
4(2989 3009 3010 2990)
4(3009 3029 3030 3010)
4(3029 3049 3050 3030)
4(3049 3069 3070 3050)
4(3069 3089 3090 3070)
4(3089 3109 3110 3090)
4(3109 3129 3130 3110)
4(3129 3149 3150 3130)
4(3149 3169 3170 3150)
4(3169 3189 3190 3170)
4(3189 3209 3210 3190)
4(3209 3229 3230 3210)
4(3229 3249 3250 3230)
4(3249 3269 3270 3250)
4(3269 3289 3290 3270)
4(3289 3309 3310 3290)
4(3309 3329 3330 3310)
4(3329 3349 3350 3330)
4(3349 3369 3370 3350)
4(2650 2990 2991 2651)
4(2990 3010 3011 2991)
4(3010 3030 3031 3011)
4(3030 3050 3051 3031)
4(3050 3070 3071 3051)
4(3070 3090 3091 3071)
4(3090 3110 3111 3091)
4(3110 3130 3131 3111)
4(3130 3150 3151 3131)
4(3150 3170 3171 3151)
4(3170 3190 3191 3171)
4(3190 3210 3211 3191)
4(3210 3230 3231 3211)
4(3230 3250 3251 3231)
4(3250 3270 3271 3251)
4(3270 3290 3291 3271)
4(3290 3310 3311 3291)
4(3310 3330 3331 3311)
4(3330 3350 3351 3331)
4(3350 3370 3371 3351)
4(2651 2991 1092 335)
4(2991 3011 1097 1092)
4(3011 3031 1102 1097)
4(3031 3051 1107 1102)
4(3051 3071 1112 1107)
4(3071 3091 1117 1112)
4(3091 3111 1122 1117)
4(3111 3131 1127 1122)
4(3131 3151 1132 1127)
4(3151 3171 1137 1132)
4(3171 3191 1142 1137)
4(3191 3211 1147 1142)
4(3211 3231 1152 1147)
4(3231 3251 1157 1152)
4(3251 3271 1162 1157)
4(3271 3291 1167 1162)
4(3291 3311 1172 1167)
4(3311 3331 1177 1172)
4(3331 3351 1182 1177)
4(3351 3371 1187 1182)
4(0 5 6 1)
4(5 10 11 6)
4(10 15 16 11)
4(15 20 21 16)
4(1 6 7 2)
4(6 11 12 7)
4(11 16 17 12)
4(16 21 22 17)
4(2 7 8 3)
4(7 12 13 8)
4(12 17 18 13)
4(17 22 23 18)
4(3 8 9 4)
4(8 13 14 9)
4(13 18 19 14)
4(18 23 24 19)
4(4 9 54 50)
4(9 14 58 54)
4(14 19 62 58)
4(19 24 66 62)
4(50 54 55 51)
4(54 58 59 55)
4(58 62 63 59)
4(62 66 67 63)
4(51 55 56 52)
4(55 59 60 56)
4(59 63 64 60)
4(63 67 68 64)
4(52 56 57 53)
4(56 60 61 57)
4(60 64 65 61)
4(64 68 69 65)
4(53 57 93 90)
4(57 61 96 93)
4(61 65 99 96)
4(65 69 102 99)
4(90 93 94 91)
4(93 96 97 94)
4(96 99 100 97)
4(99 102 103 100)
4(91 94 95 92)
4(94 97 98 95)
4(97 100 101 98)
4(100 103 104 101)
4(92 95 123 120)
4(95 98 126 123)
4(98 101 129 126)
4(101 104 132 129)
4(120 123 124 121)
4(123 126 127 124)
4(126 129 130 127)
4(129 132 133 130)
4(121 124 125 122)
4(124 127 128 125)
4(127 130 131 128)
4(130 133 134 131)
4(122 125 153 150)
4(125 128 156 153)
4(128 131 159 156)
4(131 134 162 159)
4(150 153 154 151)
4(153 156 157 154)
4(156 159 160 157)
4(159 162 163 160)
4(151 154 155 152)
4(154 157 158 155)
4(157 160 161 158)
4(160 163 164 161)
4(152 155 184 180)
4(155 158 188 184)
4(158 161 192 188)
4(161 164 196 192)
4(180 184 185 181)
4(184 188 189 185)
4(188 192 193 189)
4(192 196 197 193)
4(181 185 186 182)
4(185 189 190 186)
4(189 193 194 190)
4(193 197 198 194)
4(182 186 187 183)
4(186 190 191 187)
4(190 194 195 191)
4(194 198 199 195)
4(183 187 224 220)
4(187 191 228 224)
4(191 195 232 228)
4(195 199 236 232)
4(220 224 225 221)
4(224 228 229 225)
4(228 232 233 229)
4(232 236 237 233)
4(221 225 226 222)
4(225 229 230 226)
4(229 233 234 230)
4(233 237 238 234)
4(222 226 227 223)
4(226 230 231 227)
4(230 234 235 231)
4(234 238 239 235)
4(20 260 261 21)
4(260 265 266 261)
4(265 270 271 266)
4(270 275 276 271)
4(275 280 281 276)
4(280 285 286 281)
4(285 290 291 286)
4(290 295 296 291)
4(295 300 301 296)
4(300 305 306 301)
4(305 310 311 306)
4(310 315 316 311)
4(315 320 321 316)
4(320 325 326 321)
4(325 330 331 326)
4(330 335 336 331)
4(21 261 262 22)
4(261 266 267 262)
4(266 271 272 267)
4(271 276 277 272)
4(276 281 282 277)
4(281 286 287 282)
4(286 291 292 287)
4(291 296 297 292)
4(296 301 302 297)
4(301 306 307 302)
4(306 311 312 307)
4(311 316 317 312)
4(316 321 322 317)
4(321 326 327 322)
4(326 331 332 327)
4(331 336 337 332)
4(22 262 263 23)
4(262 267 268 263)
4(267 272 273 268)
4(272 277 278 273)
4(277 282 283 278)
4(282 287 288 283)
4(287 292 293 288)
4(292 297 298 293)
4(297 302 303 298)
4(302 307 308 303)
4(307 312 313 308)
4(312 317 318 313)
4(317 322 323 318)
4(322 327 328 323)
4(327 332 333 328)
4(332 337 338 333)
4(23 263 264 24)
4(263 268 269 264)
4(268 273 274 269)
4(273 278 279 274)
4(278 283 284 279)
4(283 288 289 284)
4(288 293 294 289)
4(293 298 299 294)
4(298 303 304 299)
4(303 308 309 304)
4(308 313 314 309)
4(313 318 319 314)
4(318 323 324 319)
4(323 328 329 324)
4(328 333 334 329)
4(333 338 339 334)
4(24 264 420 66)
4(264 269 424 420)
4(269 274 428 424)
4(274 279 432 428)
4(279 284 436 432)
4(284 289 440 436)
4(289 294 444 440)
4(294 299 448 444)
4(299 304 452 448)
4(304 309 456 452)
4(309 314 460 456)
4(314 319 464 460)
4(319 324 468 464)
4(324 329 472 468)
4(329 334 476 472)
4(334 339 480 476)
4(66 420 421 67)
4(420 424 425 421)
4(424 428 429 425)
4(428 432 433 429)
4(432 436 437 433)
4(436 440 441 437)
4(440 444 445 441)
4(444 448 449 445)
4(448 452 453 449)
4(452 456 457 453)
4(456 460 461 457)
4(460 464 465 461)
4(464 468 469 465)
4(468 472 473 469)
4(472 476 477 473)
4(476 480 481 477)
4(67 421 422 68)
4(421 425 426 422)
4(425 429 430 426)
4(429 433 434 430)
4(433 437 438 434)
4(437 441 442 438)
4(441 445 446 442)
4(445 449 450 446)
4(449 453 454 450)
4(453 457 458 454)
4(457 461 462 458)
4(461 465 466 462)
4(465 469 470 466)
4(469 473 474 470)
4(473 477 478 474)
4(477 481 482 478)
4(68 422 423 69)
4(422 426 427 423)
4(426 430 431 427)
4(430 434 435 431)
4(434 438 439 435)
4(438 442 443 439)
4(442 446 447 443)
4(446 450 451 447)
4(450 454 455 451)
4(454 458 459 455)
4(458 462 463 459)
4(462 466 467 463)
4(466 470 471 467)
4(470 474 475 471)
4(474 478 479 475)
4(478 482 483 479)
4(69 423 548 102)
4(423 427 551 548)
4(427 431 554 551)
4(431 435 557 554)
4(435 439 560 557)
4(439 443 563 560)
4(443 447 566 563)
4(447 451 569 566)
4(451 455 572 569)
4(455 459 575 572)
4(459 463 578 575)
4(463 467 581 578)
4(467 471 584 581)
4(471 475 587 584)
4(475 479 590 587)
4(479 483 593 590)
4(102 548 549 103)
4(548 551 552 549)
4(551 554 555 552)
4(554 557 558 555)
4(557 560 561 558)
4(560 563 564 561)
4(563 566 567 564)
4(566 569 570 567)
4(569 572 573 570)
4(572 575 576 573)
4(575 578 579 576)
4(578 581 582 579)
4(581 584 585 582)
4(584 587 588 585)
4(587 590 591 588)
4(590 593 594 591)
4(103 549 550 104)
4(549 552 553 550)
4(552 555 556 553)
4(555 558 559 556)
4(558 561 562 559)
4(561 564 565 562)
4(564 567 568 565)
4(567 570 571 568)
4(570 573 574 571)
4(573 576 577 574)
4(576 579 580 577)
4(579 582 583 580)
4(582 585 586 583)
4(585 588 589 586)
4(588 591 592 589)
4(591 594 595 592)
4(104 550 644 132)
4(550 553 647 644)
4(553 556 650 647)
4(556 559 653 650)
4(559 562 656 653)
4(562 565 659 656)
4(565 568 662 659)
4(568 571 665 662)
4(571 574 668 665)
4(574 577 671 668)
4(577 580 674 671)
4(580 583 677 674)
4(583 586 680 677)
4(586 589 683 680)
4(589 592 686 683)
4(592 595 689 686)
4(132 644 645 133)
4(644 647 648 645)
4(647 650 651 648)
4(650 653 654 651)
4(653 656 657 654)
4(656 659 660 657)
4(659 662 663 660)
4(662 665 666 663)
4(665 668 669 666)
4(668 671 672 669)
4(671 674 675 672)
4(674 677 678 675)
4(677 680 681 678)
4(680 683 684 681)
4(683 686 687 684)
4(686 689 690 687)
4(133 645 646 134)
4(645 648 649 646)
4(648 651 652 649)
4(651 654 655 652)
4(654 657 658 655)
4(657 660 661 658)
4(660 663 664 661)
4(663 666 667 664)
4(666 669 670 667)
4(669 672 673 670)
4(672 675 676 673)
4(675 678 679 676)
4(678 681 682 679)
4(681 684 685 682)
4(684 687 688 685)
4(687 690 691 688)
4(134 646 740 162)
4(646 649 743 740)
4(649 652 746 743)
4(652 655 749 746)
4(655 658 752 749)
4(658 661 755 752)
4(661 664 758 755)
4(664 667 761 758)
4(667 670 764 761)
4(670 673 767 764)
4(673 676 770 767)
4(676 679 773 770)
4(679 682 776 773)
4(682 685 779 776)
4(685 688 782 779)
4(688 691 785 782)
4(162 740 741 163)
4(740 743 744 741)
4(743 746 747 744)
4(746 749 750 747)
4(749 752 753 750)
4(752 755 756 753)
4(755 758 759 756)
4(758 761 762 759)
4(761 764 765 762)
4(764 767 768 765)
4(767 770 771 768)
4(770 773 774 771)
4(773 776 777 774)
4(776 779 780 777)
4(779 782 783 780)
4(782 785 786 783)
4(163 741 742 164)
4(741 744 745 742)
4(744 747 748 745)
4(747 750 751 748)
4(750 753 754 751)
4(753 756 757 754)
4(756 759 760 757)
4(759 762 763 760)
4(762 765 766 763)
4(765 768 769 766)
4(768 771 772 769)
4(771 774 775 772)
4(774 777 778 775)
4(777 780 781 778)
4(780 783 784 781)
4(783 786 787 784)
4(164 742 836 196)
4(742 745 840 836)
4(745 748 844 840)
4(748 751 848 844)
4(751 754 852 848)
4(754 757 856 852)
4(757 760 860 856)
4(760 763 864 860)
4(763 766 868 864)
4(766 769 872 868)
4(769 772 876 872)
4(772 775 880 876)
4(775 778 884 880)
4(778 781 888 884)
4(781 784 892 888)
4(784 787 896 892)
4(196 836 837 197)
4(836 840 841 837)
4(840 844 845 841)
4(844 848 849 845)
4(848 852 853 849)
4(852 856 857 853)
4(856 860 861 857)
4(860 864 865 861)
4(864 868 869 865)
4(868 872 873 869)
4(872 876 877 873)
4(876 880 881 877)
4(880 884 885 881)
4(884 888 889 885)
4(888 892 893 889)
4(892 896 897 893)
4(197 837 838 198)
4(837 841 842 838)
4(841 845 846 842)
4(845 849 850 846)
4(849 853 854 850)
4(853 857 858 854)
4(857 861 862 858)
4(861 865 866 862)
4(865 869 870 866)
4(869 873 874 870)
4(873 877 878 874)
4(877 881 882 878)
4(881 885 886 882)
4(885 889 890 886)
4(889 893 894 890)
4(893 897 898 894)
4(198 838 839 199)
4(838 842 843 839)
4(842 846 847 843)
4(846 850 851 847)
4(850 854 855 851)
4(854 858 859 855)
4(858 862 863 859)
4(862 866 867 863)
4(866 870 871 867)
4(870 874 875 871)
4(874 878 879 875)
4(878 882 883 879)
4(882 886 887 883)
4(886 890 891 887)
4(890 894 895 891)
4(894 898 899 895)
4(199 839 964 236)
4(839 843 968 964)
4(843 847 972 968)
4(847 851 976 972)
4(851 855 980 976)
4(855 859 984 980)
4(859 863 988 984)
4(863 867 992 988)
4(867 871 996 992)
4(871 875 1000 996)
4(875 879 1004 1000)
4(879 883 1008 1004)
4(883 887 1012 1008)
4(887 891 1016 1012)
4(891 895 1020 1016)
4(895 899 1024 1020)
4(236 964 965 237)
4(964 968 969 965)
4(968 972 973 969)
4(972 976 977 973)
4(976 980 981 977)
4(980 984 985 981)
4(984 988 989 985)
4(988 992 993 989)
4(992 996 997 993)
4(996 1000 1001 997)
4(1000 1004 1005 1001)
4(1004 1008 1009 1005)
4(1008 1012 1013 1009)
4(1012 1016 1017 1013)
4(1016 1020 1021 1017)
4(1020 1024 1025 1021)
4(237 965 966 238)
4(965 969 970 966)
4(969 973 974 970)
4(973 977 978 974)
4(977 981 982 978)
4(981 985 986 982)
4(985 989 990 986)
4(989 993 994 990)
4(993 997 998 994)
4(997 1001 1002 998)
4(1001 1005 1006 1002)
4(1005 1009 1010 1006)
4(1009 1013 1014 1010)
4(1013 1017 1018 1014)
4(1017 1021 1022 1018)
4(1021 1025 1026 1022)
4(238 966 967 239)
4(966 970 971 967)
4(970 974 975 971)
4(974 978 979 975)
4(978 982 983 979)
4(982 986 987 983)
4(986 990 991 987)
4(990 994 995 991)
4(994 998 999 995)
4(998 1002 1003 999)
4(1002 1006 1007 1003)
4(1006 1010 1011 1007)
4(1010 1014 1015 1011)
4(1014 1018 1019 1015)
4(1018 1022 1023 1019)
4(1022 1026 1027 1023)
4(335 1092 1093 336)
4(1092 1097 1098 1093)
4(1097 1102 1103 1098)
4(1102 1107 1108 1103)
4(1107 1112 1113 1108)
4(1112 1117 1118 1113)
4(1117 1122 1123 1118)
4(1122 1127 1128 1123)
4(1127 1132 1133 1128)
4(1132 1137 1138 1133)
4(1137 1142 1143 1138)
4(1142 1147 1148 1143)
4(1147 1152 1153 1148)
4(1152 1157 1158 1153)
4(1157 1162 1163 1158)
4(1162 1167 1168 1163)
4(1167 1172 1173 1168)
4(1172 1177 1178 1173)
4(1177 1182 1183 1178)
4(1182 1187 1188 1183)
4(336 1093 1094 337)
4(1093 1098 1099 1094)
4(1098 1103 1104 1099)
4(1103 1108 1109 1104)
4(1108 1113 1114 1109)
4(1113 1118 1119 1114)
4(1118 1123 1124 1119)
4(1123 1128 1129 1124)
4(1128 1133 1134 1129)
4(1133 1138 1139 1134)
4(1138 1143 1144 1139)
4(1143 1148 1149 1144)
4(1148 1153 1154 1149)
4(1153 1158 1159 1154)
4(1158 1163 1164 1159)
4(1163 1168 1169 1164)
4(1168 1173 1174 1169)
4(1173 1178 1179 1174)
4(1178 1183 1184 1179)
4(1183 1188 1189 1184)
4(337 1094 1095 338)
4(1094 1099 1100 1095)
4(1099 1104 1105 1100)
4(1104 1109 1110 1105)
4(1109 1114 1115 1110)
4(1114 1119 1120 1115)
4(1119 1124 1125 1120)
4(1124 1129 1130 1125)
4(1129 1134 1135 1130)
4(1134 1139 1140 1135)
4(1139 1144 1145 1140)
4(1144 1149 1150 1145)
4(1149 1154 1155 1150)
4(1154 1159 1160 1155)
4(1159 1164 1165 1160)
4(1164 1169 1170 1165)
4(1169 1174 1175 1170)
4(1174 1179 1180 1175)
4(1179 1184 1185 1180)
4(1184 1189 1190 1185)
4(338 1095 1096 339)
4(1095 1100 1101 1096)
4(1100 1105 1106 1101)
4(1105 1110 1111 1106)
4(1110 1115 1116 1111)
4(1115 1120 1121 1116)
4(1120 1125 1126 1121)
4(1125 1130 1131 1126)
4(1130 1135 1136 1131)
4(1135 1140 1141 1136)
4(1140 1145 1146 1141)
4(1145 1150 1151 1146)
4(1150 1155 1156 1151)
4(1155 1160 1161 1156)
4(1160 1165 1166 1161)
4(1165 1170 1171 1166)
4(1170 1175 1176 1171)
4(1175 1180 1181 1176)
4(1180 1185 1186 1181)
4(1185 1190 1191 1186)
4(339 1096 1292 480)
4(1096 1101 1296 1292)
4(1101 1106 1300 1296)
4(1106 1111 1304 1300)
4(1111 1116 1308 1304)
4(1116 1121 1312 1308)
4(1121 1126 1316 1312)
4(1126 1131 1320 1316)
4(1131 1136 1324 1320)
4(1136 1141 1328 1324)
4(1141 1146 1332 1328)
4(1146 1151 1336 1332)
4(1151 1156 1340 1336)
4(1156 1161 1344 1340)
4(1161 1166 1348 1344)
4(1166 1171 1352 1348)
4(1171 1176 1356 1352)
4(1176 1181 1360 1356)
4(1181 1186 1364 1360)
4(1186 1191 1368 1364)
4(480 1292 1293 481)
4(1292 1296 1297 1293)
4(1296 1300 1301 1297)
4(1300 1304 1305 1301)
4(1304 1308 1309 1305)
4(1308 1312 1313 1309)
4(1312 1316 1317 1313)
4(1316 1320 1321 1317)
4(1320 1324 1325 1321)
4(1324 1328 1329 1325)
4(1328 1332 1333 1329)
4(1332 1336 1337 1333)
4(1336 1340 1341 1337)
4(1340 1344 1345 1341)
4(1344 1348 1349 1345)
4(1348 1352 1353 1349)
4(1352 1356 1357 1353)
4(1356 1360 1361 1357)
4(1360 1364 1365 1361)
4(1364 1368 1369 1365)
4(481 1293 1294 482)
4(1293 1297 1298 1294)
4(1297 1301 1302 1298)
4(1301 1305 1306 1302)
4(1305 1309 1310 1306)
4(1309 1313 1314 1310)
4(1313 1317 1318 1314)
4(1317 1321 1322 1318)
4(1321 1325 1326 1322)
4(1325 1329 1330 1326)
4(1329 1333 1334 1330)
4(1333 1337 1338 1334)
4(1337 1341 1342 1338)
4(1341 1345 1346 1342)
4(1345 1349 1350 1346)
4(1349 1353 1354 1350)
4(1353 1357 1358 1354)
4(1357 1361 1362 1358)
4(1361 1365 1366 1362)
4(1365 1369 1370 1366)
4(482 1294 1295 483)
4(1294 1298 1299 1295)
4(1298 1302 1303 1299)
4(1302 1306 1307 1303)
4(1306 1310 1311 1307)
4(1310 1314 1315 1311)
4(1314 1318 1319 1315)
4(1318 1322 1323 1319)
4(1322 1326 1327 1323)
4(1326 1330 1331 1327)
4(1330 1334 1335 1331)
4(1334 1338 1339 1335)
4(1338 1342 1343 1339)
4(1342 1346 1347 1343)
4(1346 1350 1351 1347)
4(1350 1354 1355 1351)
4(1354 1358 1359 1355)
4(1358 1362 1363 1359)
4(1362 1366 1367 1363)
4(1366 1370 1371 1367)
4(483 1295 1452 593)
4(1295 1299 1455 1452)
4(1299 1303 1458 1455)
4(1303 1307 1461 1458)
4(1307 1311 1464 1461)
4(1311 1315 1467 1464)
4(1315 1319 1470 1467)
4(1319 1323 1473 1470)
4(1323 1327 1476 1473)
4(1327 1331 1479 1476)
4(1331 1335 1482 1479)
4(1335 1339 1485 1482)
4(1339 1343 1488 1485)
4(1343 1347 1491 1488)
4(1347 1351 1494 1491)
4(1351 1355 1497 1494)
4(1355 1359 1500 1497)
4(1359 1363 1503 1500)
4(1363 1367 1506 1503)
4(1367 1371 1509 1506)
4(593 1452 1453 594)
4(1452 1455 1456 1453)
4(1455 1458 1459 1456)
4(1458 1461 1462 1459)
4(1461 1464 1465 1462)
4(1464 1467 1468 1465)
4(1467 1470 1471 1468)
4(1470 1473 1474 1471)
4(1473 1476 1477 1474)
4(1476 1479 1480 1477)
4(1479 1482 1483 1480)
4(1482 1485 1486 1483)
4(1485 1488 1489 1486)
4(1488 1491 1492 1489)
4(1491 1494 1495 1492)
4(1494 1497 1498 1495)
4(1497 1500 1501 1498)
4(1500 1503 1504 1501)
4(1503 1506 1507 1504)
4(1506 1509 1510 1507)
4(594 1453 1454 595)
4(1453 1456 1457 1454)
4(1456 1459 1460 1457)
4(1459 1462 1463 1460)
4(1462 1465 1466 1463)
4(1465 1468 1469 1466)
4(1468 1471 1472 1469)
4(1471 1474 1475 1472)
4(1474 1477 1478 1475)
4(1477 1480 1481 1478)
4(1480 1483 1484 1481)
4(1483 1486 1487 1484)
4(1486 1489 1490 1487)
4(1489 1492 1493 1490)
4(1492 1495 1496 1493)
4(1495 1498 1499 1496)
4(1498 1501 1502 1499)
4(1501 1504 1505 1502)
4(1504 1507 1508 1505)
4(1507 1510 1511 1508)
4(595 1454 1572 689)
4(1454 1457 1575 1572)
4(1457 1460 1578 1575)
4(1460 1463 1581 1578)
4(1463 1466 1584 1581)
4(1466 1469 1587 1584)
4(1469 1472 1590 1587)
4(1472 1475 1593 1590)
4(1475 1478 1596 1593)
4(1478 1481 1599 1596)
4(1481 1484 1602 1599)
4(1484 1487 1605 1602)
4(1487 1490 1608 1605)
4(1490 1493 1611 1608)
4(1493 1496 1614 1611)
4(1496 1499 1617 1614)
4(1499 1502 1620 1617)
4(1502 1505 1623 1620)
4(1505 1508 1626 1623)
4(1508 1511 1629 1626)
4(689 1572 1573 690)
4(1572 1575 1576 1573)
4(1575 1578 1579 1576)
4(1578 1581 1582 1579)
4(1581 1584 1585 1582)
4(1584 1587 1588 1585)
4(1587 1590 1591 1588)
4(1590 1593 1594 1591)
4(1593 1596 1597 1594)
4(1596 1599 1600 1597)
4(1599 1602 1603 1600)
4(1602 1605 1606 1603)
4(1605 1608 1609 1606)
4(1608 1611 1612 1609)
4(1611 1614 1615 1612)
4(1614 1617 1618 1615)
4(1617 1620 1621 1618)
4(1620 1623 1624 1621)
4(1623 1626 1627 1624)
4(1626 1629 1630 1627)
4(690 1573 1574 691)
4(1573 1576 1577 1574)
4(1576 1579 1580 1577)
4(1579 1582 1583 1580)
4(1582 1585 1586 1583)
4(1585 1588 1589 1586)
4(1588 1591 1592 1589)
4(1591 1594 1595 1592)
4(1594 1597 1598 1595)
4(1597 1600 1601 1598)
4(1600 1603 1604 1601)
4(1603 1606 1607 1604)
4(1606 1609 1610 1607)
4(1609 1612 1613 1610)
4(1612 1615 1616 1613)
4(1615 1618 1619 1616)
4(1618 1621 1622 1619)
4(1621 1624 1625 1622)
4(1624 1627 1628 1625)
4(1627 1630 1631 1628)
4(691 1574 1692 785)
4(1574 1577 1695 1692)
4(1577 1580 1698 1695)
4(1580 1583 1701 1698)
4(1583 1586 1704 1701)
4(1586 1589 1707 1704)
4(1589 1592 1710 1707)
4(1592 1595 1713 1710)
4(1595 1598 1716 1713)
4(1598 1601 1719 1716)
4(1601 1604 1722 1719)
4(1604 1607 1725 1722)
4(1607 1610 1728 1725)
4(1610 1613 1731 1728)
4(1613 1616 1734 1731)
4(1616 1619 1737 1734)
4(1619 1622 1740 1737)
4(1622 1625 1743 1740)
4(1625 1628 1746 1743)
4(1628 1631 1749 1746)
4(785 1692 1693 786)
4(1692 1695 1696 1693)
4(1695 1698 1699 1696)
4(1698 1701 1702 1699)
4(1701 1704 1705 1702)
4(1704 1707 1708 1705)
4(1707 1710 1711 1708)
4(1710 1713 1714 1711)
4(1713 1716 1717 1714)
4(1716 1719 1720 1717)
4(1719 1722 1723 1720)
4(1722 1725 1726 1723)
4(1725 1728 1729 1726)
4(1728 1731 1732 1729)
4(1731 1734 1735 1732)
4(1734 1737 1738 1735)
4(1737 1740 1741 1738)
4(1740 1743 1744 1741)
4(1743 1746 1747 1744)
4(1746 1749 1750 1747)
4(786 1693 1694 787)
4(1693 1696 1697 1694)
4(1696 1699 1700 1697)
4(1699 1702 1703 1700)
4(1702 1705 1706 1703)
4(1705 1708 1709 1706)
4(1708 1711 1712 1709)
4(1711 1714 1715 1712)
4(1714 1717 1718 1715)
4(1717 1720 1721 1718)
4(1720 1723 1724 1721)
4(1723 1726 1727 1724)
4(1726 1729 1730 1727)
4(1729 1732 1733 1730)
4(1732 1735 1736 1733)
4(1735 1738 1739 1736)
4(1738 1741 1742 1739)
4(1741 1744 1745 1742)
4(1744 1747 1748 1745)
4(1747 1750 1751 1748)
4(787 1694 1812 896)
4(1694 1697 1816 1812)
4(1697 1700 1820 1816)
4(1700 1703 1824 1820)
4(1703 1706 1828 1824)
4(1706 1709 1832 1828)
4(1709 1712 1836 1832)
4(1712 1715 1840 1836)
4(1715 1718 1844 1840)
4(1718 1721 1848 1844)
4(1721 1724 1852 1848)
4(1724 1727 1856 1852)
4(1727 1730 1860 1856)
4(1730 1733 1864 1860)
4(1733 1736 1868 1864)
4(1736 1739 1872 1868)
4(1739 1742 1876 1872)
4(1742 1745 1880 1876)
4(1745 1748 1884 1880)
4(1748 1751 1888 1884)
4(896 1812 1813 897)
4(1812 1816 1817 1813)
4(1816 1820 1821 1817)
4(1820 1824 1825 1821)
4(1824 1828 1829 1825)
4(1828 1832 1833 1829)
4(1832 1836 1837 1833)
4(1836 1840 1841 1837)
4(1840 1844 1845 1841)
4(1844 1848 1849 1845)
4(1848 1852 1853 1849)
4(1852 1856 1857 1853)
4(1856 1860 1861 1857)
4(1860 1864 1865 1861)
4(1864 1868 1869 1865)
4(1868 1872 1873 1869)
4(1872 1876 1877 1873)
4(1876 1880 1881 1877)
4(1880 1884 1885 1881)
4(1884 1888 1889 1885)
4(897 1813 1814 898)
4(1813 1817 1818 1814)
4(1817 1821 1822 1818)
4(1821 1825 1826 1822)
4(1825 1829 1830 1826)
4(1829 1833 1834 1830)
4(1833 1837 1838 1834)
4(1837 1841 1842 1838)
4(1841 1845 1846 1842)
4(1845 1849 1850 1846)
4(1849 1853 1854 1850)
4(1853 1857 1858 1854)
4(1857 1861 1862 1858)
4(1861 1865 1866 1862)
4(1865 1869 1870 1866)
4(1869 1873 1874 1870)
4(1873 1877 1878 1874)
4(1877 1881 1882 1878)
4(1881 1885 1886 1882)
4(1885 1889 1890 1886)
4(898 1814 1815 899)
4(1814 1818 1819 1815)
4(1818 1822 1823 1819)
4(1822 1826 1827 1823)
4(1826 1830 1831 1827)
4(1830 1834 1835 1831)
4(1834 1838 1839 1835)
4(1838 1842 1843 1839)
4(1842 1846 1847 1843)
4(1846 1850 1851 1847)
4(1850 1854 1855 1851)
4(1854 1858 1859 1855)
4(1858 1862 1863 1859)
4(1862 1866 1867 1863)
4(1866 1870 1871 1867)
4(1870 1874 1875 1871)
4(1874 1878 1879 1875)
4(1878 1882 1883 1879)
4(1882 1886 1887 1883)
4(1886 1890 1891 1887)
4(899 1815 1972 1024)
4(1815 1819 1976 1972)
4(1819 1823 1980 1976)
4(1823 1827 1984 1980)
4(1827 1831 1988 1984)
4(1831 1835 1992 1988)
4(1835 1839 1996 1992)
4(1839 1843 2000 1996)
4(1843 1847 2004 2000)
4(1847 1851 2008 2004)
4(1851 1855 2012 2008)
4(1855 1859 2016 2012)
4(1859 1863 2020 2016)
4(1863 1867 2024 2020)
4(1867 1871 2028 2024)
4(1871 1875 2032 2028)
4(1875 1879 2036 2032)
4(1879 1883 2040 2036)
4(1883 1887 2044 2040)
4(1887 1891 2048 2044)
4(1024 1972 1973 1025)
4(1972 1976 1977 1973)
4(1976 1980 1981 1977)
4(1980 1984 1985 1981)
4(1984 1988 1989 1985)
4(1988 1992 1993 1989)
4(1992 1996 1997 1993)
4(1996 2000 2001 1997)
4(2000 2004 2005 2001)
4(2004 2008 2009 2005)
4(2008 2012 2013 2009)
4(2012 2016 2017 2013)
4(2016 2020 2021 2017)
4(2020 2024 2025 2021)
4(2024 2028 2029 2025)
4(2028 2032 2033 2029)
4(2032 2036 2037 2033)
4(2036 2040 2041 2037)
4(2040 2044 2045 2041)
4(2044 2048 2049 2045)
4(1025 1973 1974 1026)
4(1973 1977 1978 1974)
4(1977 1981 1982 1978)
4(1981 1985 1986 1982)
4(1985 1989 1990 1986)
4(1989 1993 1994 1990)
4(1993 1997 1998 1994)
4(1997 2001 2002 1998)
4(2001 2005 2006 2002)
4(2005 2009 2010 2006)
4(2009 2013 2014 2010)
4(2013 2017 2018 2014)
4(2017 2021 2022 2018)
4(2021 2025 2026 2022)
4(2025 2029 2030 2026)
4(2029 2033 2034 2030)
4(2033 2037 2038 2034)
4(2037 2041 2042 2038)
4(2041 2045 2046 2042)
4(2045 2049 2050 2046)
4(1026 1974 1975 1027)
4(1974 1978 1979 1975)
4(1978 1982 1983 1979)
4(1982 1986 1987 1983)
4(1986 1990 1991 1987)
4(1990 1994 1995 1991)
4(1994 1998 1999 1995)
4(1998 2002 2003 1999)
4(2002 2006 2007 2003)
4(2006 2010 2011 2007)
4(2010 2014 2015 2011)
4(2014 2018 2019 2015)
4(2018 2022 2023 2019)
4(2022 2026 2027 2023)
4(2026 2030 2031 2027)
4(2030 2034 2035 2031)
4(2034 2038 2039 2035)
4(2038 2042 2043 2039)
4(2042 2046 2047 2043)
4(2046 2050 2051 2047)
4(223 227 3792 3772)
4(227 231 3812 3792)
4(231 235 3832 3812)
4(235 239 3852 3832)
4(3772 3792 3793 3773)
4(3792 3812 3813 3793)
4(3812 3832 3833 3813)
4(3832 3852 3853 3833)
4(3773 3793 3794 3774)
4(3793 3813 3814 3794)
4(3813 3833 3834 3814)
4(3833 3853 3854 3834)
4(3774 3794 3795 3775)
4(3794 3814 3815 3795)
4(3814 3834 3835 3815)
4(3834 3854 3855 3835)
4(3775 3795 3796 3776)
4(3795 3815 3816 3796)
4(3815 3835 3836 3816)
4(3835 3855 3856 3836)
4(3776 3796 3797 3777)
4(3796 3816 3817 3797)
4(3816 3836 3837 3817)
4(3836 3856 3857 3837)
4(3777 3797 3798 3778)
4(3797 3817 3818 3798)
4(3817 3837 3838 3818)
4(3837 3857 3858 3838)
4(3778 3798 3799 3779)
4(3798 3818 3819 3799)
4(3818 3838 3839 3819)
4(3838 3858 3859 3839)
4(3779 3799 3800 3780)
4(3799 3819 3820 3800)
4(3819 3839 3840 3820)
4(3839 3859 3860 3840)
4(3780 3800 3801 3781)
4(3800 3820 3821 3801)
4(3820 3840 3841 3821)
4(3840 3860 3861 3841)
4(3781 3801 3802 3782)
4(3801 3821 3822 3802)
4(3821 3841 3842 3822)
4(3841 3861 3862 3842)
4(3782 3802 3803 3783)
4(3802 3822 3823 3803)
4(3822 3842 3843 3823)
4(3842 3862 3863 3843)
4(3783 3803 3804 3784)
4(3803 3823 3824 3804)
4(3823 3843 3844 3824)
4(3843 3863 3864 3844)
4(3784 3804 3805 3785)
4(3804 3824 3825 3805)
4(3824 3844 3845 3825)
4(3844 3864 3865 3845)
4(3785 3805 3806 3786)
4(3805 3825 3826 3806)
4(3825 3845 3846 3826)
4(3845 3865 3866 3846)
4(3786 3806 3807 3787)
4(3806 3826 3827 3807)
4(3826 3846 3847 3827)
4(3846 3866 3867 3847)
4(3787 3807 3808 3788)
4(3807 3827 3828 3808)
4(3827 3847 3848 3828)
4(3847 3867 3868 3848)
4(3788 3808 3809 3789)
4(3808 3828 3829 3809)
4(3828 3848 3849 3829)
4(3848 3868 3869 3849)
4(3789 3809 3810 3790)
4(3809 3829 3830 3810)
4(3829 3849 3850 3830)
4(3849 3869 3870 3850)
4(3790 3810 3811 3791)
4(3810 3830 3831 3811)
4(3830 3850 3851 3831)
4(3850 3870 3871 3851)
4(239 967 3972 3852)
4(967 971 3992 3972)
4(971 975 4012 3992)
4(975 979 4032 4012)
4(979 983 4052 4032)
4(983 987 4072 4052)
4(987 991 4092 4072)
4(991 995 4112 4092)
4(995 999 4132 4112)
4(999 1003 4152 4132)
4(1003 1007 4172 4152)
4(1007 1011 4192 4172)
4(1011 1015 4212 4192)
4(1015 1019 4232 4212)
4(1019 1023 4252 4232)
4(1023 1027 4272 4252)
4(3852 3972 3973 3853)
4(3972 3992 3993 3973)
4(3992 4012 4013 3993)
4(4012 4032 4033 4013)
4(4032 4052 4053 4033)
4(4052 4072 4073 4053)
4(4072 4092 4093 4073)
4(4092 4112 4113 4093)
4(4112 4132 4133 4113)
4(4132 4152 4153 4133)
4(4152 4172 4173 4153)
4(4172 4192 4193 4173)
4(4192 4212 4213 4193)
4(4212 4232 4233 4213)
4(4232 4252 4253 4233)
4(4252 4272 4273 4253)
4(3853 3973 3974 3854)
4(3973 3993 3994 3974)
4(3993 4013 4014 3994)
4(4013 4033 4034 4014)
4(4033 4053 4054 4034)
4(4053 4073 4074 4054)
4(4073 4093 4094 4074)
4(4093 4113 4114 4094)
4(4113 4133 4134 4114)
4(4133 4153 4154 4134)
4(4153 4173 4174 4154)
4(4173 4193 4194 4174)
4(4193 4213 4214 4194)
4(4213 4233 4234 4214)
4(4233 4253 4254 4234)
4(4253 4273 4274 4254)
4(3854 3974 3975 3855)
4(3974 3994 3995 3975)
4(3994 4014 4015 3995)
4(4014 4034 4035 4015)
4(4034 4054 4055 4035)
4(4054 4074 4075 4055)
4(4074 4094 4095 4075)
4(4094 4114 4115 4095)
4(4114 4134 4135 4115)
4(4134 4154 4155 4135)
4(4154 4174 4175 4155)
4(4174 4194 4195 4175)
4(4194 4214 4215 4195)
4(4214 4234 4235 4215)
4(4234 4254 4255 4235)
4(4254 4274 4275 4255)
4(3855 3975 3976 3856)
4(3975 3995 3996 3976)
4(3995 4015 4016 3996)
4(4015 4035 4036 4016)
4(4035 4055 4056 4036)
4(4055 4075 4076 4056)
4(4075 4095 4096 4076)
4(4095 4115 4116 4096)
4(4115 4135 4136 4116)
4(4135 4155 4156 4136)
4(4155 4175 4176 4156)
4(4175 4195 4196 4176)
4(4195 4215 4216 4196)
4(4215 4235 4236 4216)
4(4235 4255 4256 4236)
4(4255 4275 4276 4256)
4(3856 3976 3977 3857)
4(3976 3996 3997 3977)
4(3996 4016 4017 3997)
4(4016 4036 4037 4017)
4(4036 4056 4057 4037)
4(4056 4076 4077 4057)
4(4076 4096 4097 4077)
4(4096 4116 4117 4097)
4(4116 4136 4137 4117)
4(4136 4156 4157 4137)
4(4156 4176 4177 4157)
4(4176 4196 4197 4177)
4(4196 4216 4217 4197)
4(4216 4236 4237 4217)
4(4236 4256 4257 4237)
4(4256 4276 4277 4257)
4(3857 3977 3978 3858)
4(3977 3997 3998 3978)
4(3997 4017 4018 3998)
4(4017 4037 4038 4018)
4(4037 4057 4058 4038)
4(4057 4077 4078 4058)
4(4077 4097 4098 4078)
4(4097 4117 4118 4098)
4(4117 4137 4138 4118)
4(4137 4157 4158 4138)
4(4157 4177 4178 4158)
4(4177 4197 4198 4178)
4(4197 4217 4218 4198)
4(4217 4237 4238 4218)
4(4237 4257 4258 4238)
4(4257 4277 4278 4258)
4(3858 3978 3979 3859)
4(3978 3998 3999 3979)
4(3998 4018 4019 3999)
4(4018 4038 4039 4019)
4(4038 4058 4059 4039)
4(4058 4078 4079 4059)
4(4078 4098 4099 4079)
4(4098 4118 4119 4099)
4(4118 4138 4139 4119)
4(4138 4158 4159 4139)
4(4158 4178 4179 4159)
4(4178 4198 4199 4179)
4(4198 4218 4219 4199)
4(4218 4238 4239 4219)
4(4238 4258 4259 4239)
4(4258 4278 4279 4259)
4(3859 3979 3980 3860)
4(3979 3999 4000 3980)
4(3999 4019 4020 4000)
4(4019 4039 4040 4020)
4(4039 4059 4060 4040)
4(4059 4079 4080 4060)
4(4079 4099 4100 4080)
4(4099 4119 4120 4100)
4(4119 4139 4140 4120)
4(4139 4159 4160 4140)
4(4159 4179 4180 4160)
4(4179 4199 4200 4180)
4(4199 4219 4220 4200)
4(4219 4239 4240 4220)
4(4239 4259 4260 4240)
4(4259 4279 4280 4260)
4(3860 3980 3981 3861)
4(3980 4000 4001 3981)
4(4000 4020 4021 4001)
4(4020 4040 4041 4021)
4(4040 4060 4061 4041)
4(4060 4080 4081 4061)
4(4080 4100 4101 4081)
4(4100 4120 4121 4101)
4(4120 4140 4141 4121)
4(4140 4160 4161 4141)
4(4160 4180 4181 4161)
4(4180 4200 4201 4181)
4(4200 4220 4221 4201)
4(4220 4240 4241 4221)
4(4240 4260 4261 4241)
4(4260 4280 4281 4261)
4(3861 3981 3982 3862)
4(3981 4001 4002 3982)
4(4001 4021 4022 4002)
4(4021 4041 4042 4022)
4(4041 4061 4062 4042)
4(4061 4081 4082 4062)
4(4081 4101 4102 4082)
4(4101 4121 4122 4102)
4(4121 4141 4142 4122)
4(4141 4161 4162 4142)
4(4161 4181 4182 4162)
4(4181 4201 4202 4182)
4(4201 4221 4222 4202)
4(4221 4241 4242 4222)
4(4241 4261 4262 4242)
4(4261 4281 4282 4262)
4(3862 3982 3983 3863)
4(3982 4002 4003 3983)
4(4002 4022 4023 4003)
4(4022 4042 4043 4023)
4(4042 4062 4063 4043)
4(4062 4082 4083 4063)
4(4082 4102 4103 4083)
4(4102 4122 4123 4103)
4(4122 4142 4143 4123)
4(4142 4162 4163 4143)
4(4162 4182 4183 4163)
4(4182 4202 4203 4183)
4(4202 4222 4223 4203)
4(4222 4242 4243 4223)
4(4242 4262 4263 4243)
4(4262 4282 4283 4263)
4(3863 3983 3984 3864)
4(3983 4003 4004 3984)
4(4003 4023 4024 4004)
4(4023 4043 4044 4024)
4(4043 4063 4064 4044)
4(4063 4083 4084 4064)
4(4083 4103 4104 4084)
4(4103 4123 4124 4104)
4(4123 4143 4144 4124)
4(4143 4163 4164 4144)
4(4163 4183 4184 4164)
4(4183 4203 4204 4184)
4(4203 4223 4224 4204)
4(4223 4243 4244 4224)
4(4243 4263 4264 4244)
4(4263 4283 4284 4264)
4(3864 3984 3985 3865)
4(3984 4004 4005 3985)
4(4004 4024 4025 4005)
4(4024 4044 4045 4025)
4(4044 4064 4065 4045)
4(4064 4084 4085 4065)
4(4084 4104 4105 4085)
4(4104 4124 4125 4105)
4(4124 4144 4145 4125)
4(4144 4164 4165 4145)
4(4164 4184 4185 4165)
4(4184 4204 4205 4185)
4(4204 4224 4225 4205)
4(4224 4244 4245 4225)
4(4244 4264 4265 4245)
4(4264 4284 4285 4265)
4(3865 3985 3986 3866)
4(3985 4005 4006 3986)
4(4005 4025 4026 4006)
4(4025 4045 4046 4026)
4(4045 4065 4066 4046)
4(4065 4085 4086 4066)
4(4085 4105 4106 4086)
4(4105 4125 4126 4106)
4(4125 4145 4146 4126)
4(4145 4165 4166 4146)
4(4165 4185 4186 4166)
4(4185 4205 4206 4186)
4(4205 4225 4226 4206)
4(4225 4245 4246 4226)
4(4245 4265 4266 4246)
4(4265 4285 4286 4266)
4(3866 3986 3987 3867)
4(3986 4006 4007 3987)
4(4006 4026 4027 4007)
4(4026 4046 4047 4027)
4(4046 4066 4067 4047)
4(4066 4086 4087 4067)
4(4086 4106 4107 4087)
4(4106 4126 4127 4107)
4(4126 4146 4147 4127)
4(4146 4166 4167 4147)
4(4166 4186 4187 4167)
4(4186 4206 4207 4187)
4(4206 4226 4227 4207)
4(4226 4246 4247 4227)
4(4246 4266 4267 4247)
4(4266 4286 4287 4267)
4(3867 3987 3988 3868)
4(3987 4007 4008 3988)
4(4007 4027 4028 4008)
4(4027 4047 4048 4028)
4(4047 4067 4068 4048)
4(4067 4087 4088 4068)
4(4087 4107 4108 4088)
4(4107 4127 4128 4108)
4(4127 4147 4148 4128)
4(4147 4167 4168 4148)
4(4167 4187 4188 4168)
4(4187 4207 4208 4188)
4(4207 4227 4228 4208)
4(4227 4247 4248 4228)
4(4247 4267 4268 4248)
4(4267 4287 4288 4268)
4(3868 3988 3989 3869)
4(3988 4008 4009 3989)
4(4008 4028 4029 4009)
4(4028 4048 4049 4029)
4(4048 4068 4069 4049)
4(4068 4088 4089 4069)
4(4088 4108 4109 4089)
4(4108 4128 4129 4109)
4(4128 4148 4149 4129)
4(4148 4168 4169 4149)
4(4168 4188 4189 4169)
4(4188 4208 4209 4189)
4(4208 4228 4229 4209)
4(4228 4248 4249 4229)
4(4248 4268 4269 4249)
4(4268 4288 4289 4269)
4(3869 3989 3990 3870)
4(3989 4009 4010 3990)
4(4009 4029 4030 4010)
4(4029 4049 4050 4030)
4(4049 4069 4070 4050)
4(4069 4089 4090 4070)
4(4089 4109 4110 4090)
4(4109 4129 4130 4110)
4(4129 4149 4150 4130)
4(4149 4169 4170 4150)
4(4169 4189 4190 4170)
4(4189 4209 4210 4190)
4(4209 4229 4230 4210)
4(4229 4249 4250 4230)
4(4249 4269 4270 4250)
4(4269 4289 4290 4270)
4(3870 3990 3991 3871)
4(3990 4010 4011 3991)
4(4010 4030 4031 4011)
4(4030 4050 4051 4031)
4(4050 4070 4071 4051)
4(4070 4090 4091 4071)
4(4090 4110 4111 4091)
4(4110 4130 4131 4111)
4(4130 4150 4151 4131)
4(4150 4170 4171 4151)
4(4170 4190 4191 4171)
4(4190 4210 4211 4191)
4(4210 4230 4231 4211)
4(4230 4250 4251 4231)
4(4250 4270 4271 4251)
4(4270 4290 4291 4271)
4(1027 1975 4612 4272)
4(1975 1979 4632 4612)
4(1979 1983 4652 4632)
4(1983 1987 4672 4652)
4(1987 1991 4692 4672)
4(1991 1995 4712 4692)
4(1995 1999 4732 4712)
4(1999 2003 4752 4732)
4(2003 2007 4772 4752)
4(2007 2011 4792 4772)
4(2011 2015 4812 4792)
4(2015 2019 4832 4812)
4(2019 2023 4852 4832)
4(2023 2027 4872 4852)
4(2027 2031 4892 4872)
4(2031 2035 4912 4892)
4(2035 2039 4932 4912)
4(2039 2043 4952 4932)
4(2043 2047 4972 4952)
4(2047 2051 4992 4972)
4(4272 4612 4613 4273)
4(4612 4632 4633 4613)
4(4632 4652 4653 4633)
4(4652 4672 4673 4653)
4(4672 4692 4693 4673)
4(4692 4712 4713 4693)
4(4712 4732 4733 4713)
4(4732 4752 4753 4733)
4(4752 4772 4773 4753)
4(4772 4792 4793 4773)
4(4792 4812 4813 4793)
4(4812 4832 4833 4813)
4(4832 4852 4853 4833)
4(4852 4872 4873 4853)
4(4872 4892 4893 4873)
4(4892 4912 4913 4893)
4(4912 4932 4933 4913)
4(4932 4952 4953 4933)
4(4952 4972 4973 4953)
4(4972 4992 4993 4973)
4(4273 4613 4614 4274)
4(4613 4633 4634 4614)
4(4633 4653 4654 4634)
4(4653 4673 4674 4654)
4(4673 4693 4694 4674)
4(4693 4713 4714 4694)
4(4713 4733 4734 4714)
4(4733 4753 4754 4734)
4(4753 4773 4774 4754)
4(4773 4793 4794 4774)
4(4793 4813 4814 4794)
4(4813 4833 4834 4814)
4(4833 4853 4854 4834)
4(4853 4873 4874 4854)
4(4873 4893 4894 4874)
4(4893 4913 4914 4894)
4(4913 4933 4934 4914)
4(4933 4953 4954 4934)
4(4953 4973 4974 4954)
4(4973 4993 4994 4974)
4(4274 4614 4615 4275)
4(4614 4634 4635 4615)
4(4634 4654 4655 4635)
4(4654 4674 4675 4655)
4(4674 4694 4695 4675)
4(4694 4714 4715 4695)
4(4714 4734 4735 4715)
4(4734 4754 4755 4735)
4(4754 4774 4775 4755)
4(4774 4794 4795 4775)
4(4794 4814 4815 4795)
4(4814 4834 4835 4815)
4(4834 4854 4855 4835)
4(4854 4874 4875 4855)
4(4874 4894 4895 4875)
4(4894 4914 4915 4895)
4(4914 4934 4935 4915)
4(4934 4954 4955 4935)
4(4954 4974 4975 4955)
4(4974 4994 4995 4975)
4(4275 4615 4616 4276)
4(4615 4635 4636 4616)
4(4635 4655 4656 4636)
4(4655 4675 4676 4656)
4(4675 4695 4696 4676)
4(4695 4715 4716 4696)
4(4715 4735 4736 4716)
4(4735 4755 4756 4736)
4(4755 4775 4776 4756)
4(4775 4795 4796 4776)
4(4795 4815 4816 4796)
4(4815 4835 4836 4816)
4(4835 4855 4856 4836)
4(4855 4875 4876 4856)
4(4875 4895 4896 4876)
4(4895 4915 4916 4896)
4(4915 4935 4936 4916)
4(4935 4955 4956 4936)
4(4955 4975 4976 4956)
4(4975 4995 4996 4976)
4(4276 4616 4617 4277)
4(4616 4636 4637 4617)
4(4636 4656 4657 4637)
4(4656 4676 4677 4657)
4(4676 4696 4697 4677)
4(4696 4716 4717 4697)
4(4716 4736 4737 4717)
4(4736 4756 4757 4737)
4(4756 4776 4777 4757)
4(4776 4796 4797 4777)
4(4796 4816 4817 4797)
4(4816 4836 4837 4817)
4(4836 4856 4857 4837)
4(4856 4876 4877 4857)
4(4876 4896 4897 4877)
4(4896 4916 4917 4897)
4(4916 4936 4937 4917)
4(4936 4956 4957 4937)
4(4956 4976 4977 4957)
4(4976 4996 4997 4977)
4(4277 4617 4618 4278)
4(4617 4637 4638 4618)
4(4637 4657 4658 4638)
4(4657 4677 4678 4658)
4(4677 4697 4698 4678)
4(4697 4717 4718 4698)
4(4717 4737 4738 4718)
4(4737 4757 4758 4738)
4(4757 4777 4778 4758)
4(4777 4797 4798 4778)
4(4797 4817 4818 4798)
4(4817 4837 4838 4818)
4(4837 4857 4858 4838)
4(4857 4877 4878 4858)
4(4877 4897 4898 4878)
4(4897 4917 4918 4898)
4(4917 4937 4938 4918)
4(4937 4957 4958 4938)
4(4957 4977 4978 4958)
4(4977 4997 4998 4978)
4(4278 4618 4619 4279)
4(4618 4638 4639 4619)
4(4638 4658 4659 4639)
4(4658 4678 4679 4659)
4(4678 4698 4699 4679)
4(4698 4718 4719 4699)
4(4718 4738 4739 4719)
4(4738 4758 4759 4739)
4(4758 4778 4779 4759)
4(4778 4798 4799 4779)
4(4798 4818 4819 4799)
4(4818 4838 4839 4819)
4(4838 4858 4859 4839)
4(4858 4878 4879 4859)
4(4878 4898 4899 4879)
4(4898 4918 4919 4899)
4(4918 4938 4939 4919)
4(4938 4958 4959 4939)
4(4958 4978 4979 4959)
4(4978 4998 4999 4979)
4(4279 4619 4620 4280)
4(4619 4639 4640 4620)
4(4639 4659 4660 4640)
4(4659 4679 4680 4660)
4(4679 4699 4700 4680)
4(4699 4719 4720 4700)
4(4719 4739 4740 4720)
4(4739 4759 4760 4740)
4(4759 4779 4780 4760)
4(4779 4799 4800 4780)
4(4799 4819 4820 4800)
4(4819 4839 4840 4820)
4(4839 4859 4860 4840)
4(4859 4879 4880 4860)
4(4879 4899 4900 4880)
4(4899 4919 4920 4900)
4(4919 4939 4940 4920)
4(4939 4959 4960 4940)
4(4959 4979 4980 4960)
4(4979 4999 5000 4980)
4(4280 4620 4621 4281)
4(4620 4640 4641 4621)
4(4640 4660 4661 4641)
4(4660 4680 4681 4661)
4(4680 4700 4701 4681)
4(4700 4720 4721 4701)
4(4720 4740 4741 4721)
4(4740 4760 4761 4741)
4(4760 4780 4781 4761)
4(4780 4800 4801 4781)
4(4800 4820 4821 4801)
4(4820 4840 4841 4821)
4(4840 4860 4861 4841)
4(4860 4880 4881 4861)
4(4880 4900 4901 4881)
4(4900 4920 4921 4901)
4(4920 4940 4941 4921)
4(4940 4960 4961 4941)
4(4960 4980 4981 4961)
4(4980 5000 5001 4981)
4(4281 4621 4622 4282)
4(4621 4641 4642 4622)
4(4641 4661 4662 4642)
4(4661 4681 4682 4662)
4(4681 4701 4702 4682)
4(4701 4721 4722 4702)
4(4721 4741 4742 4722)
4(4741 4761 4762 4742)
4(4761 4781 4782 4762)
4(4781 4801 4802 4782)
4(4801 4821 4822 4802)
4(4821 4841 4842 4822)
4(4841 4861 4862 4842)
4(4861 4881 4882 4862)
4(4881 4901 4902 4882)
4(4901 4921 4922 4902)
4(4921 4941 4942 4922)
4(4941 4961 4962 4942)
4(4961 4981 4982 4962)
4(4981 5001 5002 4982)
4(4282 4622 4623 4283)
4(4622 4642 4643 4623)
4(4642 4662 4663 4643)
4(4662 4682 4683 4663)
4(4682 4702 4703 4683)
4(4702 4722 4723 4703)
4(4722 4742 4743 4723)
4(4742 4762 4763 4743)
4(4762 4782 4783 4763)
4(4782 4802 4803 4783)
4(4802 4822 4823 4803)
4(4822 4842 4843 4823)
4(4842 4862 4863 4843)
4(4862 4882 4883 4863)
4(4882 4902 4903 4883)
4(4902 4922 4923 4903)
4(4922 4942 4943 4923)
4(4942 4962 4963 4943)
4(4962 4982 4983 4963)
4(4982 5002 5003 4983)
4(4283 4623 4624 4284)
4(4623 4643 4644 4624)
4(4643 4663 4664 4644)
4(4663 4683 4684 4664)
4(4683 4703 4704 4684)
4(4703 4723 4724 4704)
4(4723 4743 4744 4724)
4(4743 4763 4764 4744)
4(4763 4783 4784 4764)
4(4783 4803 4804 4784)
4(4803 4823 4824 4804)
4(4823 4843 4844 4824)
4(4843 4863 4864 4844)
4(4863 4883 4884 4864)
4(4883 4903 4904 4884)
4(4903 4923 4924 4904)
4(4923 4943 4944 4924)
4(4943 4963 4964 4944)
4(4963 4983 4984 4964)
4(4983 5003 5004 4984)
4(4284 4624 4625 4285)
4(4624 4644 4645 4625)
4(4644 4664 4665 4645)
4(4664 4684 4685 4665)
4(4684 4704 4705 4685)
4(4704 4724 4725 4705)
4(4724 4744 4745 4725)
4(4744 4764 4765 4745)
4(4764 4784 4785 4765)
4(4784 4804 4805 4785)
4(4804 4824 4825 4805)
4(4824 4844 4845 4825)
4(4844 4864 4865 4845)
4(4864 4884 4885 4865)
4(4884 4904 4905 4885)
4(4904 4924 4925 4905)
4(4924 4944 4945 4925)
4(4944 4964 4965 4945)
4(4964 4984 4985 4965)
4(4984 5004 5005 4985)
4(4285 4625 4626 4286)
4(4625 4645 4646 4626)
4(4645 4665 4666 4646)
4(4665 4685 4686 4666)
4(4685 4705 4706 4686)
4(4705 4725 4726 4706)
4(4725 4745 4746 4726)
4(4745 4765 4766 4746)
4(4765 4785 4786 4766)
4(4785 4805 4806 4786)
4(4805 4825 4826 4806)
4(4825 4845 4846 4826)
4(4845 4865 4866 4846)
4(4865 4885 4886 4866)
4(4885 4905 4906 4886)
4(4905 4925 4926 4906)
4(4925 4945 4946 4926)
4(4945 4965 4966 4946)
4(4965 4985 4986 4966)
4(4985 5005 5006 4986)
4(4286 4626 4627 4287)
4(4626 4646 4647 4627)
4(4646 4666 4667 4647)
4(4666 4686 4687 4667)
4(4686 4706 4707 4687)
4(4706 4726 4727 4707)
4(4726 4746 4747 4727)
4(4746 4766 4767 4747)
4(4766 4786 4787 4767)
4(4786 4806 4807 4787)
4(4806 4826 4827 4807)
4(4826 4846 4847 4827)
4(4846 4866 4867 4847)
4(4866 4886 4887 4867)
4(4886 4906 4907 4887)
4(4906 4926 4927 4907)
4(4926 4946 4947 4927)
4(4946 4966 4967 4947)
4(4966 4986 4987 4967)
4(4986 5006 5007 4987)
4(4287 4627 4628 4288)
4(4627 4647 4648 4628)
4(4647 4667 4668 4648)
4(4667 4687 4688 4668)
4(4687 4707 4708 4688)
4(4707 4727 4728 4708)
4(4727 4747 4748 4728)
4(4747 4767 4768 4748)
4(4767 4787 4788 4768)
4(4787 4807 4808 4788)
4(4807 4827 4828 4808)
4(4827 4847 4848 4828)
4(4847 4867 4868 4848)
4(4867 4887 4888 4868)
4(4887 4907 4908 4888)
4(4907 4927 4928 4908)
4(4927 4947 4948 4928)
4(4947 4967 4968 4948)
4(4967 4987 4988 4968)
4(4987 5007 5008 4988)
4(4288 4628 4629 4289)
4(4628 4648 4649 4629)
4(4648 4668 4669 4649)
4(4668 4688 4689 4669)
4(4688 4708 4709 4689)
4(4708 4728 4729 4709)
4(4728 4748 4749 4729)
4(4748 4768 4769 4749)
4(4768 4788 4789 4769)
4(4788 4808 4809 4789)
4(4808 4828 4829 4809)
4(4828 4848 4849 4829)
4(4848 4868 4869 4849)
4(4868 4888 4889 4869)
4(4888 4908 4909 4889)
4(4908 4928 4929 4909)
4(4928 4948 4949 4929)
4(4948 4968 4969 4949)
4(4968 4988 4989 4969)
4(4988 5008 5009 4989)
4(4289 4629 4630 4290)
4(4629 4649 4650 4630)
4(4649 4669 4670 4650)
4(4669 4689 4690 4670)
4(4689 4709 4710 4690)
4(4709 4729 4730 4710)
4(4729 4749 4750 4730)
4(4749 4769 4770 4750)
4(4769 4789 4790 4770)
4(4789 4809 4810 4790)
4(4809 4829 4830 4810)
4(4829 4849 4850 4830)
4(4849 4869 4870 4850)
4(4869 4889 4890 4870)
4(4889 4909 4910 4890)
4(4909 4929 4930 4910)
4(4929 4949 4950 4930)
4(4949 4969 4970 4950)
4(4969 4989 4990 4970)
4(4989 5009 5010 4990)
4(4290 4630 4631 4291)
4(4630 4650 4651 4631)
4(4650 4670 4671 4651)
4(4670 4690 4691 4671)
4(4690 4710 4711 4691)
4(4710 4730 4731 4711)
4(4730 4750 4751 4731)
4(4750 4770 4771 4751)
4(4770 4790 4791 4771)
4(4790 4810 4811 4791)
4(4810 4830 4831 4811)
4(4830 4850 4851 4831)
4(4850 4870 4871 4851)
4(4870 4890 4891 4871)
4(4890 4910 4911 4891)
4(4910 4930 4931 4911)
4(4930 4950 4951 4931)
4(4950 4970 4971 4951)
4(4970 4990 4991 4971)
4(4990 5010 5011 4991)
4(2232 2233 2253 2252)
4(2252 2253 2273 2272)
4(2272 2273 2293 2292)
4(2292 2293 2313 2312)
4(2233 2234 2254 2253)
4(2253 2254 2274 2273)
4(2273 2274 2294 2293)
4(2293 2294 2314 2313)
4(2234 2235 2255 2254)
4(2254 2255 2275 2274)
4(2274 2275 2295 2294)
4(2294 2295 2315 2314)
4(2235 2236 2256 2255)
4(2255 2256 2276 2275)
4(2275 2276 2296 2295)
4(2295 2296 2316 2315)
4(2236 2237 2257 2256)
4(2256 2257 2277 2276)
4(2276 2277 2297 2296)
4(2296 2297 2317 2316)
4(2237 2238 2258 2257)
4(2257 2258 2278 2277)
4(2277 2278 2298 2297)
4(2297 2298 2318 2317)
4(2238 2239 2259 2258)
4(2258 2259 2279 2278)
4(2278 2279 2299 2298)
4(2298 2299 2319 2318)
4(2239 2240 2260 2259)
4(2259 2260 2280 2279)
4(2279 2280 2300 2299)
4(2299 2300 2320 2319)
4(2240 2241 2261 2260)
4(2260 2261 2281 2280)
4(2280 2281 2301 2300)
4(2300 2301 2321 2320)
4(2241 2242 2262 2261)
4(2261 2262 2282 2281)
4(2281 2282 2302 2301)
4(2301 2302 2322 2321)
4(2242 2243 2263 2262)
4(2262 2263 2283 2282)
4(2282 2283 2303 2302)
4(2302 2303 2323 2322)
4(2243 2244 2264 2263)
4(2263 2264 2284 2283)
4(2283 2284 2304 2303)
4(2303 2304 2324 2323)
4(2244 2245 2265 2264)
4(2264 2265 2285 2284)
4(2284 2285 2305 2304)
4(2304 2305 2325 2324)
4(2245 2246 2266 2265)
4(2265 2266 2286 2285)
4(2285 2286 2306 2305)
4(2305 2306 2326 2325)
4(2246 2247 2267 2266)
4(2266 2267 2287 2286)
4(2286 2287 2307 2306)
4(2306 2307 2327 2326)
4(2247 2248 2268 2267)
4(2267 2268 2288 2287)
4(2287 2288 2308 2307)
4(2307 2308 2328 2327)
4(2248 2249 2269 2268)
4(2268 2269 2289 2288)
4(2288 2289 2309 2308)
4(2308 2309 2329 2328)
4(2249 2250 2270 2269)
4(2269 2270 2290 2289)
4(2289 2290 2310 2309)
4(2309 2310 2330 2329)
4(2250 2251 2271 2270)
4(2270 2271 2291 2290)
4(2290 2291 2311 2310)
4(2310 2311 2331 2330)
4(2251 25 30 2271)
4(2271 30 35 2291)
4(2291 35 40 2311)
4(2311 40 45 2331)
4(2312 2313 2653 2652)
4(2652 2653 2673 2672)
4(2672 2673 2693 2692)
4(2692 2693 2713 2712)
4(2712 2713 2733 2732)
4(2732 2733 2753 2752)
4(2752 2753 2773 2772)
4(2772 2773 2793 2792)
4(2792 2793 2813 2812)
4(2812 2813 2833 2832)
4(2832 2833 2853 2852)
4(2852 2853 2873 2872)
4(2872 2873 2893 2892)
4(2892 2893 2913 2912)
4(2912 2913 2933 2932)
4(2932 2933 2953 2952)
4(2313 2314 2654 2653)
4(2653 2654 2674 2673)
4(2673 2674 2694 2693)
4(2693 2694 2714 2713)
4(2713 2714 2734 2733)
4(2733 2734 2754 2753)
4(2753 2754 2774 2773)
4(2773 2774 2794 2793)
4(2793 2794 2814 2813)
4(2813 2814 2834 2833)
4(2833 2834 2854 2853)
4(2853 2854 2874 2873)
4(2873 2874 2894 2893)
4(2893 2894 2914 2913)
4(2913 2914 2934 2933)
4(2933 2934 2954 2953)
4(2314 2315 2655 2654)
4(2654 2655 2675 2674)
4(2674 2675 2695 2694)
4(2694 2695 2715 2714)
4(2714 2715 2735 2734)
4(2734 2735 2755 2754)
4(2754 2755 2775 2774)
4(2774 2775 2795 2794)
4(2794 2795 2815 2814)
4(2814 2815 2835 2834)
4(2834 2835 2855 2854)
4(2854 2855 2875 2874)
4(2874 2875 2895 2894)
4(2894 2895 2915 2914)
4(2914 2915 2935 2934)
4(2934 2935 2955 2954)
4(2315 2316 2656 2655)
4(2655 2656 2676 2675)
4(2675 2676 2696 2695)
4(2695 2696 2716 2715)
4(2715 2716 2736 2735)
4(2735 2736 2756 2755)
4(2755 2756 2776 2775)
4(2775 2776 2796 2795)
4(2795 2796 2816 2815)
4(2815 2816 2836 2835)
4(2835 2836 2856 2855)
4(2855 2856 2876 2875)
4(2875 2876 2896 2895)
4(2895 2896 2916 2915)
4(2915 2916 2936 2935)
4(2935 2936 2956 2955)
4(2316 2317 2657 2656)
4(2656 2657 2677 2676)
4(2676 2677 2697 2696)
4(2696 2697 2717 2716)
4(2716 2717 2737 2736)
4(2736 2737 2757 2756)
4(2756 2757 2777 2776)
4(2776 2777 2797 2796)
4(2796 2797 2817 2816)
4(2816 2817 2837 2836)
4(2836 2837 2857 2856)
4(2856 2857 2877 2876)
4(2876 2877 2897 2896)
4(2896 2897 2917 2916)
4(2916 2917 2937 2936)
4(2936 2937 2957 2956)
4(2317 2318 2658 2657)
4(2657 2658 2678 2677)
4(2677 2678 2698 2697)
4(2697 2698 2718 2717)
4(2717 2718 2738 2737)
4(2737 2738 2758 2757)
4(2757 2758 2778 2777)
4(2777 2778 2798 2797)
4(2797 2798 2818 2817)
4(2817 2818 2838 2837)
4(2837 2838 2858 2857)
4(2857 2858 2878 2877)
4(2877 2878 2898 2897)
4(2897 2898 2918 2917)
4(2917 2918 2938 2937)
4(2937 2938 2958 2957)
4(2318 2319 2659 2658)
4(2658 2659 2679 2678)
4(2678 2679 2699 2698)
4(2698 2699 2719 2718)
4(2718 2719 2739 2738)
4(2738 2739 2759 2758)
4(2758 2759 2779 2778)
4(2778 2779 2799 2798)
4(2798 2799 2819 2818)
4(2818 2819 2839 2838)
4(2838 2839 2859 2858)
4(2858 2859 2879 2878)
4(2878 2879 2899 2898)
4(2898 2899 2919 2918)
4(2918 2919 2939 2938)
4(2938 2939 2959 2958)
4(2319 2320 2660 2659)
4(2659 2660 2680 2679)
4(2679 2680 2700 2699)
4(2699 2700 2720 2719)
4(2719 2720 2740 2739)
4(2739 2740 2760 2759)
4(2759 2760 2780 2779)
4(2779 2780 2800 2799)
4(2799 2800 2820 2819)
4(2819 2820 2840 2839)
4(2839 2840 2860 2859)
4(2859 2860 2880 2879)
4(2879 2880 2900 2899)
4(2899 2900 2920 2919)
4(2919 2920 2940 2939)
4(2939 2940 2960 2959)
4(2320 2321 2661 2660)
4(2660 2661 2681 2680)
4(2680 2681 2701 2700)
4(2700 2701 2721 2720)
4(2720 2721 2741 2740)
4(2740 2741 2761 2760)
4(2760 2761 2781 2780)
4(2780 2781 2801 2800)
4(2800 2801 2821 2820)
4(2820 2821 2841 2840)
4(2840 2841 2861 2860)
4(2860 2861 2881 2880)
4(2880 2881 2901 2900)
4(2900 2901 2921 2920)
4(2920 2921 2941 2940)
4(2940 2941 2961 2960)
4(2321 2322 2662 2661)
4(2661 2662 2682 2681)
4(2681 2682 2702 2701)
4(2701 2702 2722 2721)
4(2721 2722 2742 2741)
4(2741 2742 2762 2761)
4(2761 2762 2782 2781)
4(2781 2782 2802 2801)
4(2801 2802 2822 2821)
4(2821 2822 2842 2841)
4(2841 2842 2862 2861)
4(2861 2862 2882 2881)
4(2881 2882 2902 2901)
4(2901 2902 2922 2921)
4(2921 2922 2942 2941)
4(2941 2942 2962 2961)
4(2322 2323 2663 2662)
4(2662 2663 2683 2682)
4(2682 2683 2703 2702)
4(2702 2703 2723 2722)
4(2722 2723 2743 2742)
4(2742 2743 2763 2762)
4(2762 2763 2783 2782)
4(2782 2783 2803 2802)
4(2802 2803 2823 2822)
4(2822 2823 2843 2842)
4(2842 2843 2863 2862)
4(2862 2863 2883 2882)
4(2882 2883 2903 2902)
4(2902 2903 2923 2922)
4(2922 2923 2943 2942)
4(2942 2943 2963 2962)
4(2323 2324 2664 2663)
4(2663 2664 2684 2683)
4(2683 2684 2704 2703)
4(2703 2704 2724 2723)
4(2723 2724 2744 2743)
4(2743 2744 2764 2763)
4(2763 2764 2784 2783)
4(2783 2784 2804 2803)
4(2803 2804 2824 2823)
4(2823 2824 2844 2843)
4(2843 2844 2864 2863)
4(2863 2864 2884 2883)
4(2883 2884 2904 2903)
4(2903 2904 2924 2923)
4(2923 2924 2944 2943)
4(2943 2944 2964 2963)
4(2324 2325 2665 2664)
4(2664 2665 2685 2684)
4(2684 2685 2705 2704)
4(2704 2705 2725 2724)
4(2724 2725 2745 2744)
4(2744 2745 2765 2764)
4(2764 2765 2785 2784)
4(2784 2785 2805 2804)
4(2804 2805 2825 2824)
4(2824 2825 2845 2844)
4(2844 2845 2865 2864)
4(2864 2865 2885 2884)
4(2884 2885 2905 2904)
4(2904 2905 2925 2924)
4(2924 2925 2945 2944)
4(2944 2945 2965 2964)
4(2325 2326 2666 2665)
4(2665 2666 2686 2685)
4(2685 2686 2706 2705)
4(2705 2706 2726 2725)
4(2725 2726 2746 2745)
4(2745 2746 2766 2765)
4(2765 2766 2786 2785)
4(2785 2786 2806 2805)
4(2805 2806 2826 2825)
4(2825 2826 2846 2845)
4(2845 2846 2866 2865)
4(2865 2866 2886 2885)
4(2885 2886 2906 2905)
4(2905 2906 2926 2925)
4(2925 2926 2946 2945)
4(2945 2946 2966 2965)
4(2326 2327 2667 2666)
4(2666 2667 2687 2686)
4(2686 2687 2707 2706)
4(2706 2707 2727 2726)
4(2726 2727 2747 2746)
4(2746 2747 2767 2766)
4(2766 2767 2787 2786)
4(2786 2787 2807 2806)
4(2806 2807 2827 2826)
4(2826 2827 2847 2846)
4(2846 2847 2867 2866)
4(2866 2867 2887 2886)
4(2886 2887 2907 2906)
4(2906 2907 2927 2926)
4(2926 2927 2947 2946)
4(2946 2947 2967 2966)
4(2327 2328 2668 2667)
4(2667 2668 2688 2687)
4(2687 2688 2708 2707)
4(2707 2708 2728 2727)
4(2727 2728 2748 2747)
4(2747 2748 2768 2767)
4(2767 2768 2788 2787)
4(2787 2788 2808 2807)
4(2807 2808 2828 2827)
4(2827 2828 2848 2847)
4(2847 2848 2868 2867)
4(2867 2868 2888 2887)
4(2887 2888 2908 2907)
4(2907 2908 2928 2927)
4(2927 2928 2948 2947)
4(2947 2948 2968 2967)
4(2328 2329 2669 2668)
4(2668 2669 2689 2688)
4(2688 2689 2709 2708)
4(2708 2709 2729 2728)
4(2728 2729 2749 2748)
4(2748 2749 2769 2768)
4(2768 2769 2789 2788)
4(2788 2789 2809 2808)
4(2808 2809 2829 2828)
4(2828 2829 2849 2848)
4(2848 2849 2869 2868)
4(2868 2869 2889 2888)
4(2888 2889 2909 2908)
4(2908 2909 2929 2928)
4(2928 2929 2949 2948)
4(2948 2949 2969 2968)
4(2329 2330 2670 2669)
4(2669 2670 2690 2689)
4(2689 2690 2710 2709)
4(2709 2710 2730 2729)
4(2729 2730 2750 2749)
4(2749 2750 2770 2769)
4(2769 2770 2790 2789)
4(2789 2790 2810 2809)
4(2809 2810 2830 2829)
4(2829 2830 2850 2849)
4(2849 2850 2870 2869)
4(2869 2870 2890 2889)
4(2889 2890 2910 2909)
4(2909 2910 2930 2929)
4(2929 2930 2950 2949)
4(2949 2950 2970 2969)
4(2330 2331 2671 2670)
4(2670 2671 2691 2690)
4(2690 2691 2711 2710)
4(2710 2711 2731 2730)
4(2730 2731 2751 2750)
4(2750 2751 2771 2770)
4(2770 2771 2791 2790)
4(2790 2791 2811 2810)
4(2810 2811 2831 2830)
4(2830 2831 2851 2850)
4(2850 2851 2871 2870)
4(2870 2871 2891 2890)
4(2890 2891 2911 2910)
4(2910 2911 2931 2930)
4(2930 2931 2951 2950)
4(2950 2951 2971 2970)
4(2331 45 340 2671)
4(2671 340 345 2691)
4(2691 345 350 2711)
4(2711 350 355 2731)
4(2731 355 360 2751)
4(2751 360 365 2771)
4(2771 365 370 2791)
4(2791 370 375 2811)
4(2811 375 380 2831)
4(2831 380 385 2851)
4(2851 385 390 2871)
4(2871 390 395 2891)
4(2891 395 400 2911)
4(2911 400 405 2931)
4(2931 405 410 2951)
4(2951 410 415 2971)
4(2952 2953 3373 3372)
4(3372 3373 3393 3392)
4(3392 3393 3413 3412)
4(3412 3413 3433 3432)
4(3432 3433 3453 3452)
4(3452 3453 3473 3472)
4(3472 3473 3493 3492)
4(3492 3493 3513 3512)
4(3512 3513 3533 3532)
4(3532 3533 3553 3552)
4(3552 3553 3573 3572)
4(3572 3573 3593 3592)
4(3592 3593 3613 3612)
4(3612 3613 3633 3632)
4(3632 3633 3653 3652)
4(3652 3653 3673 3672)
4(3672 3673 3693 3692)
4(3692 3693 3713 3712)
4(3712 3713 3733 3732)
4(3732 3733 3753 3752)
4(2953 2954 3374 3373)
4(3373 3374 3394 3393)
4(3393 3394 3414 3413)
4(3413 3414 3434 3433)
4(3433 3434 3454 3453)
4(3453 3454 3474 3473)
4(3473 3474 3494 3493)
4(3493 3494 3514 3513)
4(3513 3514 3534 3533)
4(3533 3534 3554 3553)
4(3553 3554 3574 3573)
4(3573 3574 3594 3593)
4(3593 3594 3614 3613)
4(3613 3614 3634 3633)
4(3633 3634 3654 3653)
4(3653 3654 3674 3673)
4(3673 3674 3694 3693)
4(3693 3694 3714 3713)
4(3713 3714 3734 3733)
4(3733 3734 3754 3753)
4(2954 2955 3375 3374)
4(3374 3375 3395 3394)
4(3394 3395 3415 3414)
4(3414 3415 3435 3434)
4(3434 3435 3455 3454)
4(3454 3455 3475 3474)
4(3474 3475 3495 3494)
4(3494 3495 3515 3514)
4(3514 3515 3535 3534)
4(3534 3535 3555 3554)
4(3554 3555 3575 3574)
4(3574 3575 3595 3594)
4(3594 3595 3615 3614)
4(3614 3615 3635 3634)
4(3634 3635 3655 3654)
4(3654 3655 3675 3674)
4(3674 3675 3695 3694)
4(3694 3695 3715 3714)
4(3714 3715 3735 3734)
4(3734 3735 3755 3754)
4(2955 2956 3376 3375)
4(3375 3376 3396 3395)
4(3395 3396 3416 3415)
4(3415 3416 3436 3435)
4(3435 3436 3456 3455)
4(3455 3456 3476 3475)
4(3475 3476 3496 3495)
4(3495 3496 3516 3515)
4(3515 3516 3536 3535)
4(3535 3536 3556 3555)
4(3555 3556 3576 3575)
4(3575 3576 3596 3595)
4(3595 3596 3616 3615)
4(3615 3616 3636 3635)
4(3635 3636 3656 3655)
4(3655 3656 3676 3675)
4(3675 3676 3696 3695)
4(3695 3696 3716 3715)
4(3715 3716 3736 3735)
4(3735 3736 3756 3755)
4(2956 2957 3377 3376)
4(3376 3377 3397 3396)
4(3396 3397 3417 3416)
4(3416 3417 3437 3436)
4(3436 3437 3457 3456)
4(3456 3457 3477 3476)
4(3476 3477 3497 3496)
4(3496 3497 3517 3516)
4(3516 3517 3537 3536)
4(3536 3537 3557 3556)
4(3556 3557 3577 3576)
4(3576 3577 3597 3596)
4(3596 3597 3617 3616)
4(3616 3617 3637 3636)
4(3636 3637 3657 3656)
4(3656 3657 3677 3676)
4(3676 3677 3697 3696)
4(3696 3697 3717 3716)
4(3716 3717 3737 3736)
4(3736 3737 3757 3756)
4(2957 2958 3378 3377)
4(3377 3378 3398 3397)
4(3397 3398 3418 3417)
4(3417 3418 3438 3437)
4(3437 3438 3458 3457)
4(3457 3458 3478 3477)
4(3477 3478 3498 3497)
4(3497 3498 3518 3517)
4(3517 3518 3538 3537)
4(3537 3538 3558 3557)
4(3557 3558 3578 3577)
4(3577 3578 3598 3597)
4(3597 3598 3618 3617)
4(3617 3618 3638 3637)
4(3637 3638 3658 3657)
4(3657 3658 3678 3677)
4(3677 3678 3698 3697)
4(3697 3698 3718 3717)
4(3717 3718 3738 3737)
4(3737 3738 3758 3757)
4(2958 2959 3379 3378)
4(3378 3379 3399 3398)
4(3398 3399 3419 3418)
4(3418 3419 3439 3438)
4(3438 3439 3459 3458)
4(3458 3459 3479 3478)
4(3478 3479 3499 3498)
4(3498 3499 3519 3518)
4(3518 3519 3539 3538)
4(3538 3539 3559 3558)
4(3558 3559 3579 3578)
4(3578 3579 3599 3598)
4(3598 3599 3619 3618)
4(3618 3619 3639 3638)
4(3638 3639 3659 3658)
4(3658 3659 3679 3678)
4(3678 3679 3699 3698)
4(3698 3699 3719 3718)
4(3718 3719 3739 3738)
4(3738 3739 3759 3758)
4(2959 2960 3380 3379)
4(3379 3380 3400 3399)
4(3399 3400 3420 3419)
4(3419 3420 3440 3439)
4(3439 3440 3460 3459)
4(3459 3460 3480 3479)
4(3479 3480 3500 3499)
4(3499 3500 3520 3519)
4(3519 3520 3540 3539)
4(3539 3540 3560 3559)
4(3559 3560 3580 3579)
4(3579 3580 3600 3599)
4(3599 3600 3620 3619)
4(3619 3620 3640 3639)
4(3639 3640 3660 3659)
4(3659 3660 3680 3679)
4(3679 3680 3700 3699)
4(3699 3700 3720 3719)
4(3719 3720 3740 3739)
4(3739 3740 3760 3759)
4(2960 2961 3381 3380)
4(3380 3381 3401 3400)
4(3400 3401 3421 3420)
4(3420 3421 3441 3440)
4(3440 3441 3461 3460)
4(3460 3461 3481 3480)
4(3480 3481 3501 3500)
4(3500 3501 3521 3520)
4(3520 3521 3541 3540)
4(3540 3541 3561 3560)
4(3560 3561 3581 3580)
4(3580 3581 3601 3600)
4(3600 3601 3621 3620)
4(3620 3621 3641 3640)
4(3640 3641 3661 3660)
4(3660 3661 3681 3680)
4(3680 3681 3701 3700)
4(3700 3701 3721 3720)
4(3720 3721 3741 3740)
4(3740 3741 3761 3760)
4(2961 2962 3382 3381)
4(3381 3382 3402 3401)
4(3401 3402 3422 3421)
4(3421 3422 3442 3441)
4(3441 3442 3462 3461)
4(3461 3462 3482 3481)
4(3481 3482 3502 3501)
4(3501 3502 3522 3521)
4(3521 3522 3542 3541)
4(3541 3542 3562 3561)
4(3561 3562 3582 3581)
4(3581 3582 3602 3601)
4(3601 3602 3622 3621)
4(3621 3622 3642 3641)
4(3641 3642 3662 3661)
4(3661 3662 3682 3681)
4(3681 3682 3702 3701)
4(3701 3702 3722 3721)
4(3721 3722 3742 3741)
4(3741 3742 3762 3761)
4(2962 2963 3383 3382)
4(3382 3383 3403 3402)
4(3402 3403 3423 3422)
4(3422 3423 3443 3442)
4(3442 3443 3463 3462)
4(3462 3463 3483 3482)
4(3482 3483 3503 3502)
4(3502 3503 3523 3522)
4(3522 3523 3543 3542)
4(3542 3543 3563 3562)
4(3562 3563 3583 3582)
4(3582 3583 3603 3602)
4(3602 3603 3623 3622)
4(3622 3623 3643 3642)
4(3642 3643 3663 3662)
4(3662 3663 3683 3682)
4(3682 3683 3703 3702)
4(3702 3703 3723 3722)
4(3722 3723 3743 3742)
4(3742 3743 3763 3762)
4(2963 2964 3384 3383)
4(3383 3384 3404 3403)
4(3403 3404 3424 3423)
4(3423 3424 3444 3443)
4(3443 3444 3464 3463)
4(3463 3464 3484 3483)
4(3483 3484 3504 3503)
4(3503 3504 3524 3523)
4(3523 3524 3544 3543)
4(3543 3544 3564 3563)
4(3563 3564 3584 3583)
4(3583 3584 3604 3603)
4(3603 3604 3624 3623)
4(3623 3624 3644 3643)
4(3643 3644 3664 3663)
4(3663 3664 3684 3683)
4(3683 3684 3704 3703)
4(3703 3704 3724 3723)
4(3723 3724 3744 3743)
4(3743 3744 3764 3763)
4(2964 2965 3385 3384)
4(3384 3385 3405 3404)
4(3404 3405 3425 3424)
4(3424 3425 3445 3444)
4(3444 3445 3465 3464)
4(3464 3465 3485 3484)
4(3484 3485 3505 3504)
4(3504 3505 3525 3524)
4(3524 3525 3545 3544)
4(3544 3545 3565 3564)
4(3564 3565 3585 3584)
4(3584 3585 3605 3604)
4(3604 3605 3625 3624)
4(3624 3625 3645 3644)
4(3644 3645 3665 3664)
4(3664 3665 3685 3684)
4(3684 3685 3705 3704)
4(3704 3705 3725 3724)
4(3724 3725 3745 3744)
4(3744 3745 3765 3764)
4(2965 2966 3386 3385)
4(3385 3386 3406 3405)
4(3405 3406 3426 3425)
4(3425 3426 3446 3445)
4(3445 3446 3466 3465)
4(3465 3466 3486 3485)
4(3485 3486 3506 3505)
4(3505 3506 3526 3525)
4(3525 3526 3546 3545)
4(3545 3546 3566 3565)
4(3565 3566 3586 3585)
4(3585 3586 3606 3605)
4(3605 3606 3626 3625)
4(3625 3626 3646 3645)
4(3645 3646 3666 3665)
4(3665 3666 3686 3685)
4(3685 3686 3706 3705)
4(3705 3706 3726 3725)
4(3725 3726 3746 3745)
4(3745 3746 3766 3765)
4(2966 2967 3387 3386)
4(3386 3387 3407 3406)
4(3406 3407 3427 3426)
4(3426 3427 3447 3446)
4(3446 3447 3467 3466)
4(3466 3467 3487 3486)
4(3486 3487 3507 3506)
4(3506 3507 3527 3526)
4(3526 3527 3547 3546)
4(3546 3547 3567 3566)
4(3566 3567 3587 3586)
4(3586 3587 3607 3606)
4(3606 3607 3627 3626)
4(3626 3627 3647 3646)
4(3646 3647 3667 3666)
4(3666 3667 3687 3686)
4(3686 3687 3707 3706)
4(3706 3707 3727 3726)
4(3726 3727 3747 3746)
4(3746 3747 3767 3766)
4(2967 2968 3388 3387)
4(3387 3388 3408 3407)
4(3407 3408 3428 3427)
4(3427 3428 3448 3447)
4(3447 3448 3468 3467)
4(3467 3468 3488 3487)
4(3487 3488 3508 3507)
4(3507 3508 3528 3527)
4(3527 3528 3548 3547)
4(3547 3548 3568 3567)
4(3567 3568 3588 3587)
4(3587 3588 3608 3607)
4(3607 3608 3628 3627)
4(3627 3628 3648 3647)
4(3647 3648 3668 3667)
4(3667 3668 3688 3687)
4(3687 3688 3708 3707)
4(3707 3708 3728 3727)
4(3727 3728 3748 3747)
4(3747 3748 3768 3767)
4(2968 2969 3389 3388)
4(3388 3389 3409 3408)
4(3408 3409 3429 3428)
4(3428 3429 3449 3448)
4(3448 3449 3469 3468)
4(3468 3469 3489 3488)
4(3488 3489 3509 3508)
4(3508 3509 3529 3528)
4(3528 3529 3549 3548)
4(3548 3549 3569 3568)
4(3568 3569 3589 3588)
4(3588 3589 3609 3608)
4(3608 3609 3629 3628)
4(3628 3629 3649 3648)
4(3648 3649 3669 3668)
4(3668 3669 3689 3688)
4(3688 3689 3709 3708)
4(3708 3709 3729 3728)
4(3728 3729 3749 3748)
4(3748 3749 3769 3768)
4(2969 2970 3390 3389)
4(3389 3390 3410 3409)
4(3409 3410 3430 3429)
4(3429 3430 3450 3449)
4(3449 3450 3470 3469)
4(3469 3470 3490 3489)
4(3489 3490 3510 3509)
4(3509 3510 3530 3529)
4(3529 3530 3550 3549)
4(3549 3550 3570 3569)
4(3569 3570 3590 3589)
4(3589 3590 3610 3609)
4(3609 3610 3630 3629)
4(3629 3630 3650 3649)
4(3649 3650 3670 3669)
4(3669 3670 3690 3689)
4(3689 3690 3710 3709)
4(3709 3710 3730 3729)
4(3729 3730 3750 3749)
4(3749 3750 3770 3769)
4(2970 2971 3391 3390)
4(3390 3391 3411 3410)
4(3410 3411 3431 3430)
4(3430 3431 3451 3450)
4(3450 3451 3471 3470)
4(3470 3471 3491 3490)
4(3490 3491 3511 3510)
4(3510 3511 3531 3530)
4(3530 3531 3551 3550)
4(3550 3551 3571 3570)
4(3570 3571 3591 3590)
4(3590 3591 3611 3610)
4(3610 3611 3631 3630)
4(3630 3631 3651 3650)
4(3650 3651 3671 3670)
4(3670 3671 3691 3690)
4(3690 3691 3711 3710)
4(3710 3711 3731 3730)
4(3730 3731 3751 3750)
4(3750 3751 3771 3770)
4(2971 415 1192 3391)
4(3391 1192 1197 3411)
4(3411 1197 1202 3431)
4(3431 1202 1207 3451)
4(3451 1207 1212 3471)
4(3471 1212 1217 3491)
4(3491 1217 1222 3511)
4(3511 1222 1227 3531)
4(3531 1227 1232 3551)
4(3551 1232 1237 3571)
4(3571 1237 1242 3591)
4(3591 1242 1247 3611)
4(3611 1247 1252 3631)
4(3631 1252 1257 3651)
4(3651 1257 1262 3671)
4(3671 1262 1267 3691)
4(3691 1267 1272 3711)
4(3711 1272 1277 3731)
4(3731 1277 1282 3751)
4(3751 1282 1287 3771)
4(25 26 31 30)
4(30 31 36 35)
4(35 36 41 40)
4(40 41 46 45)
4(26 27 32 31)
4(31 32 37 36)
4(36 37 42 41)
4(41 42 47 46)
4(27 28 33 32)
4(32 33 38 37)
4(37 38 43 42)
4(42 43 48 47)
4(28 29 34 33)
4(33 34 39 38)
4(38 39 44 43)
4(43 44 49 48)
4(29 70 74 34)
4(34 74 78 39)
4(39 78 82 44)
4(44 82 86 49)
4(70 71 75 74)
4(74 75 79 78)
4(78 79 83 82)
4(82 83 87 86)
4(71 72 76 75)
4(75 76 80 79)
4(79 80 84 83)
4(83 84 88 87)
4(72 73 77 76)
4(76 77 81 80)
4(80 81 85 84)
4(84 85 89 88)
4(73 105 108 77)
4(77 108 111 81)
4(81 111 114 85)
4(85 114 117 89)
4(105 106 109 108)
4(108 109 112 111)
4(111 112 115 114)
4(114 115 118 117)
4(106 107 110 109)
4(109 110 113 112)
4(112 113 116 115)
4(115 116 119 118)
4(107 135 138 110)
4(110 138 141 113)
4(113 141 144 116)
4(116 144 147 119)
4(135 136 139 138)
4(138 139 142 141)
4(141 142 145 144)
4(144 145 148 147)
4(136 137 140 139)
4(139 140 143 142)
4(142 143 146 145)
4(145 146 149 148)
4(137 165 168 140)
4(140 168 171 143)
4(143 171 174 146)
4(146 174 177 149)
4(165 166 169 168)
4(168 169 172 171)
4(171 172 175 174)
4(174 175 178 177)
4(166 167 170 169)
4(169 170 173 172)
4(172 173 176 175)
4(175 176 179 178)
4(167 200 204 170)
4(170 204 208 173)
4(173 208 212 176)
4(176 212 216 179)
4(200 201 205 204)
4(204 205 209 208)
4(208 209 213 212)
4(212 213 217 216)
4(201 202 206 205)
4(205 206 210 209)
4(209 210 214 213)
4(213 214 218 217)
4(202 203 207 206)
4(206 207 211 210)
4(210 211 215 214)
4(214 215 219 218)
4(203 240 244 207)
4(207 244 248 211)
4(211 248 252 215)
4(215 252 256 219)
4(240 241 245 244)
4(244 245 249 248)
4(248 249 253 252)
4(252 253 257 256)
4(241 242 246 245)
4(245 246 250 249)
4(249 250 254 253)
4(253 254 258 257)
4(242 243 247 246)
4(246 247 251 250)
4(250 251 255 254)
4(254 255 259 258)
4(45 46 341 340)
4(340 341 346 345)
4(345 346 351 350)
4(350 351 356 355)
4(355 356 361 360)
4(360 361 366 365)
4(365 366 371 370)
4(370 371 376 375)
4(375 376 381 380)
4(380 381 386 385)
4(385 386 391 390)
4(390 391 396 395)
4(395 396 401 400)
4(400 401 406 405)
4(405 406 411 410)
4(410 411 416 415)
4(46 47 342 341)
4(341 342 347 346)
4(346 347 352 351)
4(351 352 357 356)
4(356 357 362 361)
4(361 362 367 366)
4(366 367 372 371)
4(371 372 377 376)
4(376 377 382 381)
4(381 382 387 386)
4(386 387 392 391)
4(391 392 397 396)
4(396 397 402 401)
4(401 402 407 406)
4(406 407 412 411)
4(411 412 417 416)
4(47 48 343 342)
4(342 343 348 347)
4(347 348 353 352)
4(352 353 358 357)
4(357 358 363 362)
4(362 363 368 367)
4(367 368 373 372)
4(372 373 378 377)
4(377 378 383 382)
4(382 383 388 387)
4(387 388 393 392)
4(392 393 398 397)
4(397 398 403 402)
4(402 403 408 407)
4(407 408 413 412)
4(412 413 418 417)
4(48 49 344 343)
4(343 344 349 348)
4(348 349 354 353)
4(353 354 359 358)
4(358 359 364 363)
4(363 364 369 368)
4(368 369 374 373)
4(373 374 379 378)
4(378 379 384 383)
4(383 384 389 388)
4(388 389 394 393)
4(393 394 399 398)
4(398 399 404 403)
4(403 404 409 408)
4(408 409 414 413)
4(413 414 419 418)
4(49 86 484 344)
4(344 484 488 349)
4(349 488 492 354)
4(354 492 496 359)
4(359 496 500 364)
4(364 500 504 369)
4(369 504 508 374)
4(374 508 512 379)
4(379 512 516 384)
4(384 516 520 389)
4(389 520 524 394)
4(394 524 528 399)
4(399 528 532 404)
4(404 532 536 409)
4(409 536 540 414)
4(414 540 544 419)
4(86 87 485 484)
4(484 485 489 488)
4(488 489 493 492)
4(492 493 497 496)
4(496 497 501 500)
4(500 501 505 504)
4(504 505 509 508)
4(508 509 513 512)
4(512 513 517 516)
4(516 517 521 520)
4(520 521 525 524)
4(524 525 529 528)
4(528 529 533 532)
4(532 533 537 536)
4(536 537 541 540)
4(540 541 545 544)
4(87 88 486 485)
4(485 486 490 489)
4(489 490 494 493)
4(493 494 498 497)
4(497 498 502 501)
4(501 502 506 505)
4(505 506 510 509)
4(509 510 514 513)
4(513 514 518 517)
4(517 518 522 521)
4(521 522 526 525)
4(525 526 530 529)
4(529 530 534 533)
4(533 534 538 537)
4(537 538 542 541)
4(541 542 546 545)
4(88 89 487 486)
4(486 487 491 490)
4(490 491 495 494)
4(494 495 499 498)
4(498 499 503 502)
4(502 503 507 506)
4(506 507 511 510)
4(510 511 515 514)
4(514 515 519 518)
4(518 519 523 522)
4(522 523 527 526)
4(526 527 531 530)
4(530 531 535 534)
4(534 535 539 538)
4(538 539 543 542)
4(542 543 547 546)
4(89 117 596 487)
4(487 596 599 491)
4(491 599 602 495)
4(495 602 605 499)
4(499 605 608 503)
4(503 608 611 507)
4(507 611 614 511)
4(511 614 617 515)
4(515 617 620 519)
4(519 620 623 523)
4(523 623 626 527)
4(527 626 629 531)
4(531 629 632 535)
4(535 632 635 539)
4(539 635 638 543)
4(543 638 641 547)
4(117 118 597 596)
4(596 597 600 599)
4(599 600 603 602)
4(602 603 606 605)
4(605 606 609 608)
4(608 609 612 611)
4(611 612 615 614)
4(614 615 618 617)
4(617 618 621 620)
4(620 621 624 623)
4(623 624 627 626)
4(626 627 630 629)
4(629 630 633 632)
4(632 633 636 635)
4(635 636 639 638)
4(638 639 642 641)
4(118 119 598 597)
4(597 598 601 600)
4(600 601 604 603)
4(603 604 607 606)
4(606 607 610 609)
4(609 610 613 612)
4(612 613 616 615)
4(615 616 619 618)
4(618 619 622 621)
4(621 622 625 624)
4(624 625 628 627)
4(627 628 631 630)
4(630 631 634 633)
4(633 634 637 636)
4(636 637 640 639)
4(639 640 643 642)
4(119 147 692 598)
4(598 692 695 601)
4(601 695 698 604)
4(604 698 701 607)
4(607 701 704 610)
4(610 704 707 613)
4(613 707 710 616)
4(616 710 713 619)
4(619 713 716 622)
4(622 716 719 625)
4(625 719 722 628)
4(628 722 725 631)
4(631 725 728 634)
4(634 728 731 637)
4(637 731 734 640)
4(640 734 737 643)
4(147 148 693 692)
4(692 693 696 695)
4(695 696 699 698)
4(698 699 702 701)
4(701 702 705 704)
4(704 705 708 707)
4(707 708 711 710)
4(710 711 714 713)
4(713 714 717 716)
4(716 717 720 719)
4(719 720 723 722)
4(722 723 726 725)
4(725 726 729 728)
4(728 729 732 731)
4(731 732 735 734)
4(734 735 738 737)
4(148 149 694 693)
4(693 694 697 696)
4(696 697 700 699)
4(699 700 703 702)
4(702 703 706 705)
4(705 706 709 708)
4(708 709 712 711)
4(711 712 715 714)
4(714 715 718 717)
4(717 718 721 720)
4(720 721 724 723)
4(723 724 727 726)
4(726 727 730 729)
4(729 730 733 732)
4(732 733 736 735)
4(735 736 739 738)
4(149 177 788 694)
4(694 788 791 697)
4(697 791 794 700)
4(700 794 797 703)
4(703 797 800 706)
4(706 800 803 709)
4(709 803 806 712)
4(712 806 809 715)
4(715 809 812 718)
4(718 812 815 721)
4(721 815 818 724)
4(724 818 821 727)
4(727 821 824 730)
4(730 824 827 733)
4(733 827 830 736)
4(736 830 833 739)
4(177 178 789 788)
4(788 789 792 791)
4(791 792 795 794)
4(794 795 798 797)
4(797 798 801 800)
4(800 801 804 803)
4(803 804 807 806)
4(806 807 810 809)
4(809 810 813 812)
4(812 813 816 815)
4(815 816 819 818)
4(818 819 822 821)
4(821 822 825 824)
4(824 825 828 827)
4(827 828 831 830)
4(830 831 834 833)
4(178 179 790 789)
4(789 790 793 792)
4(792 793 796 795)
4(795 796 799 798)
4(798 799 802 801)
4(801 802 805 804)
4(804 805 808 807)
4(807 808 811 810)
4(810 811 814 813)
4(813 814 817 816)
4(816 817 820 819)
4(819 820 823 822)
4(822 823 826 825)
4(825 826 829 828)
4(828 829 832 831)
4(831 832 835 834)
4(179 216 900 790)
4(790 900 904 793)
4(793 904 908 796)
4(796 908 912 799)
4(799 912 916 802)
4(802 916 920 805)
4(805 920 924 808)
4(808 924 928 811)
4(811 928 932 814)
4(814 932 936 817)
4(817 936 940 820)
4(820 940 944 823)
4(823 944 948 826)
4(826 948 952 829)
4(829 952 956 832)
4(832 956 960 835)
4(216 217 901 900)
4(900 901 905 904)
4(904 905 909 908)
4(908 909 913 912)
4(912 913 917 916)
4(916 917 921 920)
4(920 921 925 924)
4(924 925 929 928)
4(928 929 933 932)
4(932 933 937 936)
4(936 937 941 940)
4(940 941 945 944)
4(944 945 949 948)
4(948 949 953 952)
4(952 953 957 956)
4(956 957 961 960)
4(217 218 902 901)
4(901 902 906 905)
4(905 906 910 909)
4(909 910 914 913)
4(913 914 918 917)
4(917 918 922 921)
4(921 922 926 925)
4(925 926 930 929)
4(929 930 934 933)
4(933 934 938 937)
4(937 938 942 941)
4(941 942 946 945)
4(945 946 950 949)
4(949 950 954 953)
4(953 954 958 957)
4(957 958 962 961)
4(218 219 903 902)
4(902 903 907 906)
4(906 907 911 910)
4(910 911 915 914)
4(914 915 919 918)
4(918 919 923 922)
4(922 923 927 926)
4(926 927 931 930)
4(930 931 935 934)
4(934 935 939 938)
4(938 939 943 942)
4(942 943 947 946)
4(946 947 951 950)
4(950 951 955 954)
4(954 955 959 958)
4(958 959 963 962)
4(219 256 1028 903)
4(903 1028 1032 907)
4(907 1032 1036 911)
4(911 1036 1040 915)
4(915 1040 1044 919)
4(919 1044 1048 923)
4(923 1048 1052 927)
4(927 1052 1056 931)
4(931 1056 1060 935)
4(935 1060 1064 939)
4(939 1064 1068 943)
4(943 1068 1072 947)
4(947 1072 1076 951)
4(951 1076 1080 955)
4(955 1080 1084 959)
4(959 1084 1088 963)
4(256 257 1029 1028)
4(1028 1029 1033 1032)
4(1032 1033 1037 1036)
4(1036 1037 1041 1040)
4(1040 1041 1045 1044)
4(1044 1045 1049 1048)
4(1048 1049 1053 1052)
4(1052 1053 1057 1056)
4(1056 1057 1061 1060)
4(1060 1061 1065 1064)
4(1064 1065 1069 1068)
4(1068 1069 1073 1072)
4(1072 1073 1077 1076)
4(1076 1077 1081 1080)
4(1080 1081 1085 1084)
4(1084 1085 1089 1088)
4(257 258 1030 1029)
4(1029 1030 1034 1033)
4(1033 1034 1038 1037)
4(1037 1038 1042 1041)
4(1041 1042 1046 1045)
4(1045 1046 1050 1049)
4(1049 1050 1054 1053)
4(1053 1054 1058 1057)
4(1057 1058 1062 1061)
4(1061 1062 1066 1065)
4(1065 1066 1070 1069)
4(1069 1070 1074 1073)
4(1073 1074 1078 1077)
4(1077 1078 1082 1081)
4(1081 1082 1086 1085)
4(1085 1086 1090 1089)
4(258 259 1031 1030)
4(1030 1031 1035 1034)
4(1034 1035 1039 1038)
4(1038 1039 1043 1042)
4(1042 1043 1047 1046)
4(1046 1047 1051 1050)
4(1050 1051 1055 1054)
4(1054 1055 1059 1058)
4(1058 1059 1063 1062)
4(1062 1063 1067 1066)
4(1066 1067 1071 1070)
4(1070 1071 1075 1074)
4(1074 1075 1079 1078)
4(1078 1079 1083 1082)
4(1082 1083 1087 1086)
4(1086 1087 1091 1090)
4(415 416 1193 1192)
4(1192 1193 1198 1197)
4(1197 1198 1203 1202)
4(1202 1203 1208 1207)
4(1207 1208 1213 1212)
4(1212 1213 1218 1217)
4(1217 1218 1223 1222)
4(1222 1223 1228 1227)
4(1227 1228 1233 1232)
4(1232 1233 1238 1237)
4(1237 1238 1243 1242)
4(1242 1243 1248 1247)
4(1247 1248 1253 1252)
4(1252 1253 1258 1257)
4(1257 1258 1263 1262)
4(1262 1263 1268 1267)
4(1267 1268 1273 1272)
4(1272 1273 1278 1277)
4(1277 1278 1283 1282)
4(1282 1283 1288 1287)
4(416 417 1194 1193)
4(1193 1194 1199 1198)
4(1198 1199 1204 1203)
4(1203 1204 1209 1208)
4(1208 1209 1214 1213)
4(1213 1214 1219 1218)
4(1218 1219 1224 1223)
4(1223 1224 1229 1228)
4(1228 1229 1234 1233)
4(1233 1234 1239 1238)
4(1238 1239 1244 1243)
4(1243 1244 1249 1248)
4(1248 1249 1254 1253)
4(1253 1254 1259 1258)
4(1258 1259 1264 1263)
4(1263 1264 1269 1268)
4(1268 1269 1274 1273)
4(1273 1274 1279 1278)
4(1278 1279 1284 1283)
4(1283 1284 1289 1288)
4(417 418 1195 1194)
4(1194 1195 1200 1199)
4(1199 1200 1205 1204)
4(1204 1205 1210 1209)
4(1209 1210 1215 1214)
4(1214 1215 1220 1219)
4(1219 1220 1225 1224)
4(1224 1225 1230 1229)
4(1229 1230 1235 1234)
4(1234 1235 1240 1239)
4(1239 1240 1245 1244)
4(1244 1245 1250 1249)
4(1249 1250 1255 1254)
4(1254 1255 1260 1259)
4(1259 1260 1265 1264)
4(1264 1265 1270 1269)
4(1269 1270 1275 1274)
4(1274 1275 1280 1279)
4(1279 1280 1285 1284)
4(1284 1285 1290 1289)
4(418 419 1196 1195)
4(1195 1196 1201 1200)
4(1200 1201 1206 1205)
4(1205 1206 1211 1210)
4(1210 1211 1216 1215)
4(1215 1216 1221 1220)
4(1220 1221 1226 1225)
4(1225 1226 1231 1230)
4(1230 1231 1236 1235)
4(1235 1236 1241 1240)
4(1240 1241 1246 1245)
4(1245 1246 1251 1250)
4(1250 1251 1256 1255)
4(1255 1256 1261 1260)
4(1260 1261 1266 1265)
4(1265 1266 1271 1270)
4(1270 1271 1276 1275)
4(1275 1276 1281 1280)
4(1280 1281 1286 1285)
4(1285 1286 1291 1290)
4(419 544 1372 1196)
4(1196 1372 1376 1201)
4(1201 1376 1380 1206)
4(1206 1380 1384 1211)
4(1211 1384 1388 1216)
4(1216 1388 1392 1221)
4(1221 1392 1396 1226)
4(1226 1396 1400 1231)
4(1231 1400 1404 1236)
4(1236 1404 1408 1241)
4(1241 1408 1412 1246)
4(1246 1412 1416 1251)
4(1251 1416 1420 1256)
4(1256 1420 1424 1261)
4(1261 1424 1428 1266)
4(1266 1428 1432 1271)
4(1271 1432 1436 1276)
4(1276 1436 1440 1281)
4(1281 1440 1444 1286)
4(1286 1444 1448 1291)
4(544 545 1373 1372)
4(1372 1373 1377 1376)
4(1376 1377 1381 1380)
4(1380 1381 1385 1384)
4(1384 1385 1389 1388)
4(1388 1389 1393 1392)
4(1392 1393 1397 1396)
4(1396 1397 1401 1400)
4(1400 1401 1405 1404)
4(1404 1405 1409 1408)
4(1408 1409 1413 1412)
4(1412 1413 1417 1416)
4(1416 1417 1421 1420)
4(1420 1421 1425 1424)
4(1424 1425 1429 1428)
4(1428 1429 1433 1432)
4(1432 1433 1437 1436)
4(1436 1437 1441 1440)
4(1440 1441 1445 1444)
4(1444 1445 1449 1448)
4(545 546 1374 1373)
4(1373 1374 1378 1377)
4(1377 1378 1382 1381)
4(1381 1382 1386 1385)
4(1385 1386 1390 1389)
4(1389 1390 1394 1393)
4(1393 1394 1398 1397)
4(1397 1398 1402 1401)
4(1401 1402 1406 1405)
4(1405 1406 1410 1409)
4(1409 1410 1414 1413)
4(1413 1414 1418 1417)
4(1417 1418 1422 1421)
4(1421 1422 1426 1425)
4(1425 1426 1430 1429)
4(1429 1430 1434 1433)
4(1433 1434 1438 1437)
4(1437 1438 1442 1441)
4(1441 1442 1446 1445)
4(1445 1446 1450 1449)
4(546 547 1375 1374)
4(1374 1375 1379 1378)
4(1378 1379 1383 1382)
4(1382 1383 1387 1386)
4(1386 1387 1391 1390)
4(1390 1391 1395 1394)
4(1394 1395 1399 1398)
4(1398 1399 1403 1402)
4(1402 1403 1407 1406)
4(1406 1407 1411 1410)
4(1410 1411 1415 1414)
4(1414 1415 1419 1418)
4(1418 1419 1423 1422)
4(1422 1423 1427 1426)
4(1426 1427 1431 1430)
4(1430 1431 1435 1434)
4(1434 1435 1439 1438)
4(1438 1439 1443 1442)
4(1442 1443 1447 1446)
4(1446 1447 1451 1450)
4(547 641 1512 1375)
4(1375 1512 1515 1379)
4(1379 1515 1518 1383)
4(1383 1518 1521 1387)
4(1387 1521 1524 1391)
4(1391 1524 1527 1395)
4(1395 1527 1530 1399)
4(1399 1530 1533 1403)
4(1403 1533 1536 1407)
4(1407 1536 1539 1411)
4(1411 1539 1542 1415)
4(1415 1542 1545 1419)
4(1419 1545 1548 1423)
4(1423 1548 1551 1427)
4(1427 1551 1554 1431)
4(1431 1554 1557 1435)
4(1435 1557 1560 1439)
4(1439 1560 1563 1443)
4(1443 1563 1566 1447)
4(1447 1566 1569 1451)
4(641 642 1513 1512)
4(1512 1513 1516 1515)
4(1515 1516 1519 1518)
4(1518 1519 1522 1521)
4(1521 1522 1525 1524)
4(1524 1525 1528 1527)
4(1527 1528 1531 1530)
4(1530 1531 1534 1533)
4(1533 1534 1537 1536)
4(1536 1537 1540 1539)
4(1539 1540 1543 1542)
4(1542 1543 1546 1545)
4(1545 1546 1549 1548)
4(1548 1549 1552 1551)
4(1551 1552 1555 1554)
4(1554 1555 1558 1557)
4(1557 1558 1561 1560)
4(1560 1561 1564 1563)
4(1563 1564 1567 1566)
4(1566 1567 1570 1569)
4(642 643 1514 1513)
4(1513 1514 1517 1516)
4(1516 1517 1520 1519)
4(1519 1520 1523 1522)
4(1522 1523 1526 1525)
4(1525 1526 1529 1528)
4(1528 1529 1532 1531)
4(1531 1532 1535 1534)
4(1534 1535 1538 1537)
4(1537 1538 1541 1540)
4(1540 1541 1544 1543)
4(1543 1544 1547 1546)
4(1546 1547 1550 1549)
4(1549 1550 1553 1552)
4(1552 1553 1556 1555)
4(1555 1556 1559 1558)
4(1558 1559 1562 1561)
4(1561 1562 1565 1564)
4(1564 1565 1568 1567)
4(1567 1568 1571 1570)
4(643 737 1632 1514)
4(1514 1632 1635 1517)
4(1517 1635 1638 1520)
4(1520 1638 1641 1523)
4(1523 1641 1644 1526)
4(1526 1644 1647 1529)
4(1529 1647 1650 1532)
4(1532 1650 1653 1535)
4(1535 1653 1656 1538)
4(1538 1656 1659 1541)
4(1541 1659 1662 1544)
4(1544 1662 1665 1547)
4(1547 1665 1668 1550)
4(1550 1668 1671 1553)
4(1553 1671 1674 1556)
4(1556 1674 1677 1559)
4(1559 1677 1680 1562)
4(1562 1680 1683 1565)
4(1565 1683 1686 1568)
4(1568 1686 1689 1571)
4(737 738 1633 1632)
4(1632 1633 1636 1635)
4(1635 1636 1639 1638)
4(1638 1639 1642 1641)
4(1641 1642 1645 1644)
4(1644 1645 1648 1647)
4(1647 1648 1651 1650)
4(1650 1651 1654 1653)
4(1653 1654 1657 1656)
4(1656 1657 1660 1659)
4(1659 1660 1663 1662)
4(1662 1663 1666 1665)
4(1665 1666 1669 1668)
4(1668 1669 1672 1671)
4(1671 1672 1675 1674)
4(1674 1675 1678 1677)
4(1677 1678 1681 1680)
4(1680 1681 1684 1683)
4(1683 1684 1687 1686)
4(1686 1687 1690 1689)
4(738 739 1634 1633)
4(1633 1634 1637 1636)
4(1636 1637 1640 1639)
4(1639 1640 1643 1642)
4(1642 1643 1646 1645)
4(1645 1646 1649 1648)
4(1648 1649 1652 1651)
4(1651 1652 1655 1654)
4(1654 1655 1658 1657)
4(1657 1658 1661 1660)
4(1660 1661 1664 1663)
4(1663 1664 1667 1666)
4(1666 1667 1670 1669)
4(1669 1670 1673 1672)
4(1672 1673 1676 1675)
4(1675 1676 1679 1678)
4(1678 1679 1682 1681)
4(1681 1682 1685 1684)
4(1684 1685 1688 1687)
4(1687 1688 1691 1690)
4(739 833 1752 1634)
4(1634 1752 1755 1637)
4(1637 1755 1758 1640)
4(1640 1758 1761 1643)
4(1643 1761 1764 1646)
4(1646 1764 1767 1649)
4(1649 1767 1770 1652)
4(1652 1770 1773 1655)
4(1655 1773 1776 1658)
4(1658 1776 1779 1661)
4(1661 1779 1782 1664)
4(1664 1782 1785 1667)
4(1667 1785 1788 1670)
4(1670 1788 1791 1673)
4(1673 1791 1794 1676)
4(1676 1794 1797 1679)
4(1679 1797 1800 1682)
4(1682 1800 1803 1685)
4(1685 1803 1806 1688)
4(1688 1806 1809 1691)
4(833 834 1753 1752)
4(1752 1753 1756 1755)
4(1755 1756 1759 1758)
4(1758 1759 1762 1761)
4(1761 1762 1765 1764)
4(1764 1765 1768 1767)
4(1767 1768 1771 1770)
4(1770 1771 1774 1773)
4(1773 1774 1777 1776)
4(1776 1777 1780 1779)
4(1779 1780 1783 1782)
4(1782 1783 1786 1785)
4(1785 1786 1789 1788)
4(1788 1789 1792 1791)
4(1791 1792 1795 1794)
4(1794 1795 1798 1797)
4(1797 1798 1801 1800)
4(1800 1801 1804 1803)
4(1803 1804 1807 1806)
4(1806 1807 1810 1809)
4(834 835 1754 1753)
4(1753 1754 1757 1756)
4(1756 1757 1760 1759)
4(1759 1760 1763 1762)
4(1762 1763 1766 1765)
4(1765 1766 1769 1768)
4(1768 1769 1772 1771)
4(1771 1772 1775 1774)
4(1774 1775 1778 1777)
4(1777 1778 1781 1780)
4(1780 1781 1784 1783)
4(1783 1784 1787 1786)
4(1786 1787 1790 1789)
4(1789 1790 1793 1792)
4(1792 1793 1796 1795)
4(1795 1796 1799 1798)
4(1798 1799 1802 1801)
4(1801 1802 1805 1804)
4(1804 1805 1808 1807)
4(1807 1808 1811 1810)
4(835 960 1892 1754)
4(1754 1892 1896 1757)
4(1757 1896 1900 1760)
4(1760 1900 1904 1763)
4(1763 1904 1908 1766)
4(1766 1908 1912 1769)
4(1769 1912 1916 1772)
4(1772 1916 1920 1775)
4(1775 1920 1924 1778)
4(1778 1924 1928 1781)
4(1781 1928 1932 1784)
4(1784 1932 1936 1787)
4(1787 1936 1940 1790)
4(1790 1940 1944 1793)
4(1793 1944 1948 1796)
4(1796 1948 1952 1799)
4(1799 1952 1956 1802)
4(1802 1956 1960 1805)
4(1805 1960 1964 1808)
4(1808 1964 1968 1811)
4(960 961 1893 1892)
4(1892 1893 1897 1896)
4(1896 1897 1901 1900)
4(1900 1901 1905 1904)
4(1904 1905 1909 1908)
4(1908 1909 1913 1912)
4(1912 1913 1917 1916)
4(1916 1917 1921 1920)
4(1920 1921 1925 1924)
4(1924 1925 1929 1928)
4(1928 1929 1933 1932)
4(1932 1933 1937 1936)
4(1936 1937 1941 1940)
4(1940 1941 1945 1944)
4(1944 1945 1949 1948)
4(1948 1949 1953 1952)
4(1952 1953 1957 1956)
4(1956 1957 1961 1960)
4(1960 1961 1965 1964)
4(1964 1965 1969 1968)
4(961 962 1894 1893)
4(1893 1894 1898 1897)
4(1897 1898 1902 1901)
4(1901 1902 1906 1905)
4(1905 1906 1910 1909)
4(1909 1910 1914 1913)
4(1913 1914 1918 1917)
4(1917 1918 1922 1921)
4(1921 1922 1926 1925)
4(1925 1926 1930 1929)
4(1929 1930 1934 1933)
4(1933 1934 1938 1937)
4(1937 1938 1942 1941)
4(1941 1942 1946 1945)
4(1945 1946 1950 1949)
4(1949 1950 1954 1953)
4(1953 1954 1958 1957)
4(1957 1958 1962 1961)
4(1961 1962 1966 1965)
4(1965 1966 1970 1969)
4(962 963 1895 1894)
4(1894 1895 1899 1898)
4(1898 1899 1903 1902)
4(1902 1903 1907 1906)
4(1906 1907 1911 1910)
4(1910 1911 1915 1914)
4(1914 1915 1919 1918)
4(1918 1919 1923 1922)
4(1922 1923 1927 1926)
4(1926 1927 1931 1930)
4(1930 1931 1935 1934)
4(1934 1935 1939 1938)
4(1938 1939 1943 1942)
4(1942 1943 1947 1946)
4(1946 1947 1951 1950)
4(1950 1951 1955 1954)
4(1954 1955 1959 1958)
4(1958 1959 1963 1962)
4(1962 1963 1967 1966)
4(1966 1967 1971 1970)
4(963 1088 2052 1895)
4(1895 2052 2056 1899)
4(1899 2056 2060 1903)
4(1903 2060 2064 1907)
4(1907 2064 2068 1911)
4(1911 2068 2072 1915)
4(1915 2072 2076 1919)
4(1919 2076 2080 1923)
4(1923 2080 2084 1927)
4(1927 2084 2088 1931)
4(1931 2088 2092 1935)
4(1935 2092 2096 1939)
4(1939 2096 2100 1943)
4(1943 2100 2104 1947)
4(1947 2104 2108 1951)
4(1951 2108 2112 1955)
4(1955 2112 2116 1959)
4(1959 2116 2120 1963)
4(1963 2120 2124 1967)
4(1967 2124 2128 1971)
4(1088 1089 2053 2052)
4(2052 2053 2057 2056)
4(2056 2057 2061 2060)
4(2060 2061 2065 2064)
4(2064 2065 2069 2068)
4(2068 2069 2073 2072)
4(2072 2073 2077 2076)
4(2076 2077 2081 2080)
4(2080 2081 2085 2084)
4(2084 2085 2089 2088)
4(2088 2089 2093 2092)
4(2092 2093 2097 2096)
4(2096 2097 2101 2100)
4(2100 2101 2105 2104)
4(2104 2105 2109 2108)
4(2108 2109 2113 2112)
4(2112 2113 2117 2116)
4(2116 2117 2121 2120)
4(2120 2121 2125 2124)
4(2124 2125 2129 2128)
4(1089 1090 2054 2053)
4(2053 2054 2058 2057)
4(2057 2058 2062 2061)
4(2061 2062 2066 2065)
4(2065 2066 2070 2069)
4(2069 2070 2074 2073)
4(2073 2074 2078 2077)
4(2077 2078 2082 2081)
4(2081 2082 2086 2085)
4(2085 2086 2090 2089)
4(2089 2090 2094 2093)
4(2093 2094 2098 2097)
4(2097 2098 2102 2101)
4(2101 2102 2106 2105)
4(2105 2106 2110 2109)
4(2109 2110 2114 2113)
4(2113 2114 2118 2117)
4(2117 2118 2122 2121)
4(2121 2122 2126 2125)
4(2125 2126 2130 2129)
4(1090 1091 2055 2054)
4(2054 2055 2059 2058)
4(2058 2059 2063 2062)
4(2062 2063 2067 2066)
4(2066 2067 2071 2070)
4(2070 2071 2075 2074)
4(2074 2075 2079 2078)
4(2078 2079 2083 2082)
4(2082 2083 2087 2086)
4(2086 2087 2091 2090)
4(2090 2091 2095 2094)
4(2094 2095 2099 2098)
4(2098 2099 2103 2102)
4(2102 2103 2107 2106)
4(2106 2107 2111 2110)
4(2110 2111 2115 2114)
4(2114 2115 2119 2118)
4(2118 2119 2123 2122)
4(2122 2123 2127 2126)
4(2126 2127 2131 2130)
4(243 3872 3892 247)
4(247 3892 3912 251)
4(251 3912 3932 255)
4(255 3932 3952 259)
4(3872 3873 3893 3892)
4(3892 3893 3913 3912)
4(3912 3913 3933 3932)
4(3932 3933 3953 3952)
4(3873 3874 3894 3893)
4(3893 3894 3914 3913)
4(3913 3914 3934 3933)
4(3933 3934 3954 3953)
4(3874 3875 3895 3894)
4(3894 3895 3915 3914)
4(3914 3915 3935 3934)
4(3934 3935 3955 3954)
4(3875 3876 3896 3895)
4(3895 3896 3916 3915)
4(3915 3916 3936 3935)
4(3935 3936 3956 3955)
4(3876 3877 3897 3896)
4(3896 3897 3917 3916)
4(3916 3917 3937 3936)
4(3936 3937 3957 3956)
4(3877 3878 3898 3897)
4(3897 3898 3918 3917)
4(3917 3918 3938 3937)
4(3937 3938 3958 3957)
4(3878 3879 3899 3898)
4(3898 3899 3919 3918)
4(3918 3919 3939 3938)
4(3938 3939 3959 3958)
4(3879 3880 3900 3899)
4(3899 3900 3920 3919)
4(3919 3920 3940 3939)
4(3939 3940 3960 3959)
4(3880 3881 3901 3900)
4(3900 3901 3921 3920)
4(3920 3921 3941 3940)
4(3940 3941 3961 3960)
4(3881 3882 3902 3901)
4(3901 3902 3922 3921)
4(3921 3922 3942 3941)
4(3941 3942 3962 3961)
4(3882 3883 3903 3902)
4(3902 3903 3923 3922)
4(3922 3923 3943 3942)
4(3942 3943 3963 3962)
4(3883 3884 3904 3903)
4(3903 3904 3924 3923)
4(3923 3924 3944 3943)
4(3943 3944 3964 3963)
4(3884 3885 3905 3904)
4(3904 3905 3925 3924)
4(3924 3925 3945 3944)
4(3944 3945 3965 3964)
4(3885 3886 3906 3905)
4(3905 3906 3926 3925)
4(3925 3926 3946 3945)
4(3945 3946 3966 3965)
4(3886 3887 3907 3906)
4(3906 3907 3927 3926)
4(3926 3927 3947 3946)
4(3946 3947 3967 3966)
4(3887 3888 3908 3907)
4(3907 3908 3928 3927)
4(3927 3928 3948 3947)
4(3947 3948 3968 3967)
4(3888 3889 3909 3908)
4(3908 3909 3929 3928)
4(3928 3929 3949 3948)
4(3948 3949 3969 3968)
4(3889 3890 3910 3909)
4(3909 3910 3930 3929)
4(3929 3930 3950 3949)
4(3949 3950 3970 3969)
4(3890 3891 3911 3910)
4(3910 3911 3931 3930)
4(3930 3931 3951 3950)
4(3950 3951 3971 3970)
4(259 3952 4292 1031)
4(1031 4292 4312 1035)
4(1035 4312 4332 1039)
4(1039 4332 4352 1043)
4(1043 4352 4372 1047)
4(1047 4372 4392 1051)
4(1051 4392 4412 1055)
4(1055 4412 4432 1059)
4(1059 4432 4452 1063)
4(1063 4452 4472 1067)
4(1067 4472 4492 1071)
4(1071 4492 4512 1075)
4(1075 4512 4532 1079)
4(1079 4532 4552 1083)
4(1083 4552 4572 1087)
4(1087 4572 4592 1091)
4(3952 3953 4293 4292)
4(4292 4293 4313 4312)
4(4312 4313 4333 4332)
4(4332 4333 4353 4352)
4(4352 4353 4373 4372)
4(4372 4373 4393 4392)
4(4392 4393 4413 4412)
4(4412 4413 4433 4432)
4(4432 4433 4453 4452)
4(4452 4453 4473 4472)
4(4472 4473 4493 4492)
4(4492 4493 4513 4512)
4(4512 4513 4533 4532)
4(4532 4533 4553 4552)
4(4552 4553 4573 4572)
4(4572 4573 4593 4592)
4(3953 3954 4294 4293)
4(4293 4294 4314 4313)
4(4313 4314 4334 4333)
4(4333 4334 4354 4353)
4(4353 4354 4374 4373)
4(4373 4374 4394 4393)
4(4393 4394 4414 4413)
4(4413 4414 4434 4433)
4(4433 4434 4454 4453)
4(4453 4454 4474 4473)
4(4473 4474 4494 4493)
4(4493 4494 4514 4513)
4(4513 4514 4534 4533)
4(4533 4534 4554 4553)
4(4553 4554 4574 4573)
4(4573 4574 4594 4593)
4(3954 3955 4295 4294)
4(4294 4295 4315 4314)
4(4314 4315 4335 4334)
4(4334 4335 4355 4354)
4(4354 4355 4375 4374)
4(4374 4375 4395 4394)
4(4394 4395 4415 4414)
4(4414 4415 4435 4434)
4(4434 4435 4455 4454)
4(4454 4455 4475 4474)
4(4474 4475 4495 4494)
4(4494 4495 4515 4514)
4(4514 4515 4535 4534)
4(4534 4535 4555 4554)
4(4554 4555 4575 4574)
4(4574 4575 4595 4594)
4(3955 3956 4296 4295)
4(4295 4296 4316 4315)
4(4315 4316 4336 4335)
4(4335 4336 4356 4355)
4(4355 4356 4376 4375)
4(4375 4376 4396 4395)
4(4395 4396 4416 4415)
4(4415 4416 4436 4435)
4(4435 4436 4456 4455)
4(4455 4456 4476 4475)
4(4475 4476 4496 4495)
4(4495 4496 4516 4515)
4(4515 4516 4536 4535)
4(4535 4536 4556 4555)
4(4555 4556 4576 4575)
4(4575 4576 4596 4595)
4(3956 3957 4297 4296)
4(4296 4297 4317 4316)
4(4316 4317 4337 4336)
4(4336 4337 4357 4356)
4(4356 4357 4377 4376)
4(4376 4377 4397 4396)
4(4396 4397 4417 4416)
4(4416 4417 4437 4436)
4(4436 4437 4457 4456)
4(4456 4457 4477 4476)
4(4476 4477 4497 4496)
4(4496 4497 4517 4516)
4(4516 4517 4537 4536)
4(4536 4537 4557 4556)
4(4556 4557 4577 4576)
4(4576 4577 4597 4596)
4(3957 3958 4298 4297)
4(4297 4298 4318 4317)
4(4317 4318 4338 4337)
4(4337 4338 4358 4357)
4(4357 4358 4378 4377)
4(4377 4378 4398 4397)
4(4397 4398 4418 4417)
4(4417 4418 4438 4437)
4(4437 4438 4458 4457)
4(4457 4458 4478 4477)
4(4477 4478 4498 4497)
4(4497 4498 4518 4517)
4(4517 4518 4538 4537)
4(4537 4538 4558 4557)
4(4557 4558 4578 4577)
4(4577 4578 4598 4597)
4(3958 3959 4299 4298)
4(4298 4299 4319 4318)
4(4318 4319 4339 4338)
4(4338 4339 4359 4358)
4(4358 4359 4379 4378)
4(4378 4379 4399 4398)
4(4398 4399 4419 4418)
4(4418 4419 4439 4438)
4(4438 4439 4459 4458)
4(4458 4459 4479 4478)
4(4478 4479 4499 4498)
4(4498 4499 4519 4518)
4(4518 4519 4539 4538)
4(4538 4539 4559 4558)
4(4558 4559 4579 4578)
4(4578 4579 4599 4598)
4(3959 3960 4300 4299)
4(4299 4300 4320 4319)
4(4319 4320 4340 4339)
4(4339 4340 4360 4359)
4(4359 4360 4380 4379)
4(4379 4380 4400 4399)
4(4399 4400 4420 4419)
4(4419 4420 4440 4439)
4(4439 4440 4460 4459)
4(4459 4460 4480 4479)
4(4479 4480 4500 4499)
4(4499 4500 4520 4519)
4(4519 4520 4540 4539)
4(4539 4540 4560 4559)
4(4559 4560 4580 4579)
4(4579 4580 4600 4599)
4(3960 3961 4301 4300)
4(4300 4301 4321 4320)
4(4320 4321 4341 4340)
4(4340 4341 4361 4360)
4(4360 4361 4381 4380)
4(4380 4381 4401 4400)
4(4400 4401 4421 4420)
4(4420 4421 4441 4440)
4(4440 4441 4461 4460)
4(4460 4461 4481 4480)
4(4480 4481 4501 4500)
4(4500 4501 4521 4520)
4(4520 4521 4541 4540)
4(4540 4541 4561 4560)
4(4560 4561 4581 4580)
4(4580 4581 4601 4600)
4(3961 3962 4302 4301)
4(4301 4302 4322 4321)
4(4321 4322 4342 4341)
4(4341 4342 4362 4361)
4(4361 4362 4382 4381)
4(4381 4382 4402 4401)
4(4401 4402 4422 4421)
4(4421 4422 4442 4441)
4(4441 4442 4462 4461)
4(4461 4462 4482 4481)
4(4481 4482 4502 4501)
4(4501 4502 4522 4521)
4(4521 4522 4542 4541)
4(4541 4542 4562 4561)
4(4561 4562 4582 4581)
4(4581 4582 4602 4601)
4(3962 3963 4303 4302)
4(4302 4303 4323 4322)
4(4322 4323 4343 4342)
4(4342 4343 4363 4362)
4(4362 4363 4383 4382)
4(4382 4383 4403 4402)
4(4402 4403 4423 4422)
4(4422 4423 4443 4442)
4(4442 4443 4463 4462)
4(4462 4463 4483 4482)
4(4482 4483 4503 4502)
4(4502 4503 4523 4522)
4(4522 4523 4543 4542)
4(4542 4543 4563 4562)
4(4562 4563 4583 4582)
4(4582 4583 4603 4602)
4(3963 3964 4304 4303)
4(4303 4304 4324 4323)
4(4323 4324 4344 4343)
4(4343 4344 4364 4363)
4(4363 4364 4384 4383)
4(4383 4384 4404 4403)
4(4403 4404 4424 4423)
4(4423 4424 4444 4443)
4(4443 4444 4464 4463)
4(4463 4464 4484 4483)
4(4483 4484 4504 4503)
4(4503 4504 4524 4523)
4(4523 4524 4544 4543)
4(4543 4544 4564 4563)
4(4563 4564 4584 4583)
4(4583 4584 4604 4603)
4(3964 3965 4305 4304)
4(4304 4305 4325 4324)
4(4324 4325 4345 4344)
4(4344 4345 4365 4364)
4(4364 4365 4385 4384)
4(4384 4385 4405 4404)
4(4404 4405 4425 4424)
4(4424 4425 4445 4444)
4(4444 4445 4465 4464)
4(4464 4465 4485 4484)
4(4484 4485 4505 4504)
4(4504 4505 4525 4524)
4(4524 4525 4545 4544)
4(4544 4545 4565 4564)
4(4564 4565 4585 4584)
4(4584 4585 4605 4604)
4(3965 3966 4306 4305)
4(4305 4306 4326 4325)
4(4325 4326 4346 4345)
4(4345 4346 4366 4365)
4(4365 4366 4386 4385)
4(4385 4386 4406 4405)
4(4405 4406 4426 4425)
4(4425 4426 4446 4445)
4(4445 4446 4466 4465)
4(4465 4466 4486 4485)
4(4485 4486 4506 4505)
4(4505 4506 4526 4525)
4(4525 4526 4546 4545)
4(4545 4546 4566 4565)
4(4565 4566 4586 4585)
4(4585 4586 4606 4605)
4(3966 3967 4307 4306)
4(4306 4307 4327 4326)
4(4326 4327 4347 4346)
4(4346 4347 4367 4366)
4(4366 4367 4387 4386)
4(4386 4387 4407 4406)
4(4406 4407 4427 4426)
4(4426 4427 4447 4446)
4(4446 4447 4467 4466)
4(4466 4467 4487 4486)
4(4486 4487 4507 4506)
4(4506 4507 4527 4526)
4(4526 4527 4547 4546)
4(4546 4547 4567 4566)
4(4566 4567 4587 4586)
4(4586 4587 4607 4606)
4(3967 3968 4308 4307)
4(4307 4308 4328 4327)
4(4327 4328 4348 4347)
4(4347 4348 4368 4367)
4(4367 4368 4388 4387)
4(4387 4388 4408 4407)
4(4407 4408 4428 4427)
4(4427 4428 4448 4447)
4(4447 4448 4468 4467)
4(4467 4468 4488 4487)
4(4487 4488 4508 4507)
4(4507 4508 4528 4527)
4(4527 4528 4548 4547)
4(4547 4548 4568 4567)
4(4567 4568 4588 4587)
4(4587 4588 4608 4607)
4(3968 3969 4309 4308)
4(4308 4309 4329 4328)
4(4328 4329 4349 4348)
4(4348 4349 4369 4368)
4(4368 4369 4389 4388)
4(4388 4389 4409 4408)
4(4408 4409 4429 4428)
4(4428 4429 4449 4448)
4(4448 4449 4469 4468)
4(4468 4469 4489 4488)
4(4488 4489 4509 4508)
4(4508 4509 4529 4528)
4(4528 4529 4549 4548)
4(4548 4549 4569 4568)
4(4568 4569 4589 4588)
4(4588 4589 4609 4608)
4(3969 3970 4310 4309)
4(4309 4310 4330 4329)
4(4329 4330 4350 4349)
4(4349 4350 4370 4369)
4(4369 4370 4390 4389)
4(4389 4390 4410 4409)
4(4409 4410 4430 4429)
4(4429 4430 4450 4449)
4(4449 4450 4470 4469)
4(4469 4470 4490 4489)
4(4489 4490 4510 4509)
4(4509 4510 4530 4529)
4(4529 4530 4550 4549)
4(4549 4550 4570 4569)
4(4569 4570 4590 4589)
4(4589 4590 4610 4609)
4(3970 3971 4311 4310)
4(4310 4311 4331 4330)
4(4330 4331 4351 4350)
4(4350 4351 4371 4370)
4(4370 4371 4391 4390)
4(4390 4391 4411 4410)
4(4410 4411 4431 4430)
4(4430 4431 4451 4450)
4(4450 4451 4471 4470)
4(4470 4471 4491 4490)
4(4490 4491 4511 4510)
4(4510 4511 4531 4530)
4(4530 4531 4551 4550)
4(4550 4551 4571 4570)
4(4570 4571 4591 4590)
4(4590 4591 4611 4610)
4(1091 4592 5012 2055)
4(2055 5012 5032 2059)
4(2059 5032 5052 2063)
4(2063 5052 5072 2067)
4(2067 5072 5092 2071)
4(2071 5092 5112 2075)
4(2075 5112 5132 2079)
4(2079 5132 5152 2083)
4(2083 5152 5172 2087)
4(2087 5172 5192 2091)
4(2091 5192 5212 2095)
4(2095 5212 5232 2099)
4(2099 5232 5252 2103)
4(2103 5252 5272 2107)
4(2107 5272 5292 2111)
4(2111 5292 5312 2115)
4(2115 5312 5332 2119)
4(2119 5332 5352 2123)
4(2123 5352 5372 2127)
4(2127 5372 5392 2131)
4(4592 4593 5013 5012)
4(5012 5013 5033 5032)
4(5032 5033 5053 5052)
4(5052 5053 5073 5072)
4(5072 5073 5093 5092)
4(5092 5093 5113 5112)
4(5112 5113 5133 5132)
4(5132 5133 5153 5152)
4(5152 5153 5173 5172)
4(5172 5173 5193 5192)
4(5192 5193 5213 5212)
4(5212 5213 5233 5232)
4(5232 5233 5253 5252)
4(5252 5253 5273 5272)
4(5272 5273 5293 5292)
4(5292 5293 5313 5312)
4(5312 5313 5333 5332)
4(5332 5333 5353 5352)
4(5352 5353 5373 5372)
4(5372 5373 5393 5392)
4(4593 4594 5014 5013)
4(5013 5014 5034 5033)
4(5033 5034 5054 5053)
4(5053 5054 5074 5073)
4(5073 5074 5094 5093)
4(5093 5094 5114 5113)
4(5113 5114 5134 5133)
4(5133 5134 5154 5153)
4(5153 5154 5174 5173)
4(5173 5174 5194 5193)
4(5193 5194 5214 5213)
4(5213 5214 5234 5233)
4(5233 5234 5254 5253)
4(5253 5254 5274 5273)
4(5273 5274 5294 5293)
4(5293 5294 5314 5313)
4(5313 5314 5334 5333)
4(5333 5334 5354 5353)
4(5353 5354 5374 5373)
4(5373 5374 5394 5393)
4(4594 4595 5015 5014)
4(5014 5015 5035 5034)
4(5034 5035 5055 5054)
4(5054 5055 5075 5074)
4(5074 5075 5095 5094)
4(5094 5095 5115 5114)
4(5114 5115 5135 5134)
4(5134 5135 5155 5154)
4(5154 5155 5175 5174)
4(5174 5175 5195 5194)
4(5194 5195 5215 5214)
4(5214 5215 5235 5234)
4(5234 5235 5255 5254)
4(5254 5255 5275 5274)
4(5274 5275 5295 5294)
4(5294 5295 5315 5314)
4(5314 5315 5335 5334)
4(5334 5335 5355 5354)
4(5354 5355 5375 5374)
4(5374 5375 5395 5394)
4(4595 4596 5016 5015)
4(5015 5016 5036 5035)
4(5035 5036 5056 5055)
4(5055 5056 5076 5075)
4(5075 5076 5096 5095)
4(5095 5096 5116 5115)
4(5115 5116 5136 5135)
4(5135 5136 5156 5155)
4(5155 5156 5176 5175)
4(5175 5176 5196 5195)
4(5195 5196 5216 5215)
4(5215 5216 5236 5235)
4(5235 5236 5256 5255)
4(5255 5256 5276 5275)
4(5275 5276 5296 5295)
4(5295 5296 5316 5315)
4(5315 5316 5336 5335)
4(5335 5336 5356 5355)
4(5355 5356 5376 5375)
4(5375 5376 5396 5395)
4(4596 4597 5017 5016)
4(5016 5017 5037 5036)
4(5036 5037 5057 5056)
4(5056 5057 5077 5076)
4(5076 5077 5097 5096)
4(5096 5097 5117 5116)
4(5116 5117 5137 5136)
4(5136 5137 5157 5156)
4(5156 5157 5177 5176)
4(5176 5177 5197 5196)
4(5196 5197 5217 5216)
4(5216 5217 5237 5236)
4(5236 5237 5257 5256)
4(5256 5257 5277 5276)
4(5276 5277 5297 5296)
4(5296 5297 5317 5316)
4(5316 5317 5337 5336)
4(5336 5337 5357 5356)
4(5356 5357 5377 5376)
4(5376 5377 5397 5396)
4(4597 4598 5018 5017)
4(5017 5018 5038 5037)
4(5037 5038 5058 5057)
4(5057 5058 5078 5077)
4(5077 5078 5098 5097)
4(5097 5098 5118 5117)
4(5117 5118 5138 5137)
4(5137 5138 5158 5157)
4(5157 5158 5178 5177)
4(5177 5178 5198 5197)
4(5197 5198 5218 5217)
4(5217 5218 5238 5237)
4(5237 5238 5258 5257)
4(5257 5258 5278 5277)
4(5277 5278 5298 5297)
4(5297 5298 5318 5317)
4(5317 5318 5338 5337)
4(5337 5338 5358 5357)
4(5357 5358 5378 5377)
4(5377 5378 5398 5397)
4(4598 4599 5019 5018)
4(5018 5019 5039 5038)
4(5038 5039 5059 5058)
4(5058 5059 5079 5078)
4(5078 5079 5099 5098)
4(5098 5099 5119 5118)
4(5118 5119 5139 5138)
4(5138 5139 5159 5158)
4(5158 5159 5179 5178)
4(5178 5179 5199 5198)
4(5198 5199 5219 5218)
4(5218 5219 5239 5238)
4(5238 5239 5259 5258)
4(5258 5259 5279 5278)
4(5278 5279 5299 5298)
4(5298 5299 5319 5318)
4(5318 5319 5339 5338)
4(5338 5339 5359 5358)
4(5358 5359 5379 5378)
4(5378 5379 5399 5398)
4(4599 4600 5020 5019)
4(5019 5020 5040 5039)
4(5039 5040 5060 5059)
4(5059 5060 5080 5079)
4(5079 5080 5100 5099)
4(5099 5100 5120 5119)
4(5119 5120 5140 5139)
4(5139 5140 5160 5159)
4(5159 5160 5180 5179)
4(5179 5180 5200 5199)
4(5199 5200 5220 5219)
4(5219 5220 5240 5239)
4(5239 5240 5260 5259)
4(5259 5260 5280 5279)
4(5279 5280 5300 5299)
4(5299 5300 5320 5319)
4(5319 5320 5340 5339)
4(5339 5340 5360 5359)
4(5359 5360 5380 5379)
4(5379 5380 5400 5399)
4(4600 4601 5021 5020)
4(5020 5021 5041 5040)
4(5040 5041 5061 5060)
4(5060 5061 5081 5080)
4(5080 5081 5101 5100)
4(5100 5101 5121 5120)
4(5120 5121 5141 5140)
4(5140 5141 5161 5160)
4(5160 5161 5181 5180)
4(5180 5181 5201 5200)
4(5200 5201 5221 5220)
4(5220 5221 5241 5240)
4(5240 5241 5261 5260)
4(5260 5261 5281 5280)
4(5280 5281 5301 5300)
4(5300 5301 5321 5320)
4(5320 5321 5341 5340)
4(5340 5341 5361 5360)
4(5360 5361 5381 5380)
4(5380 5381 5401 5400)
4(4601 4602 5022 5021)
4(5021 5022 5042 5041)
4(5041 5042 5062 5061)
4(5061 5062 5082 5081)
4(5081 5082 5102 5101)
4(5101 5102 5122 5121)
4(5121 5122 5142 5141)
4(5141 5142 5162 5161)
4(5161 5162 5182 5181)
4(5181 5182 5202 5201)
4(5201 5202 5222 5221)
4(5221 5222 5242 5241)
4(5241 5242 5262 5261)
4(5261 5262 5282 5281)
4(5281 5282 5302 5301)
4(5301 5302 5322 5321)
4(5321 5322 5342 5341)
4(5341 5342 5362 5361)
4(5361 5362 5382 5381)
4(5381 5382 5402 5401)
4(4602 4603 5023 5022)
4(5022 5023 5043 5042)
4(5042 5043 5063 5062)
4(5062 5063 5083 5082)
4(5082 5083 5103 5102)
4(5102 5103 5123 5122)
4(5122 5123 5143 5142)
4(5142 5143 5163 5162)
4(5162 5163 5183 5182)
4(5182 5183 5203 5202)
4(5202 5203 5223 5222)
4(5222 5223 5243 5242)
4(5242 5243 5263 5262)
4(5262 5263 5283 5282)
4(5282 5283 5303 5302)
4(5302 5303 5323 5322)
4(5322 5323 5343 5342)
4(5342 5343 5363 5362)
4(5362 5363 5383 5382)
4(5382 5383 5403 5402)
4(4603 4604 5024 5023)
4(5023 5024 5044 5043)
4(5043 5044 5064 5063)
4(5063 5064 5084 5083)
4(5083 5084 5104 5103)
4(5103 5104 5124 5123)
4(5123 5124 5144 5143)
4(5143 5144 5164 5163)
4(5163 5164 5184 5183)
4(5183 5184 5204 5203)
4(5203 5204 5224 5223)
4(5223 5224 5244 5243)
4(5243 5244 5264 5263)
4(5263 5264 5284 5283)
4(5283 5284 5304 5303)
4(5303 5304 5324 5323)
4(5323 5324 5344 5343)
4(5343 5344 5364 5363)
4(5363 5364 5384 5383)
4(5383 5384 5404 5403)
4(4604 4605 5025 5024)
4(5024 5025 5045 5044)
4(5044 5045 5065 5064)
4(5064 5065 5085 5084)
4(5084 5085 5105 5104)
4(5104 5105 5125 5124)
4(5124 5125 5145 5144)
4(5144 5145 5165 5164)
4(5164 5165 5185 5184)
4(5184 5185 5205 5204)
4(5204 5205 5225 5224)
4(5224 5225 5245 5244)
4(5244 5245 5265 5264)
4(5264 5265 5285 5284)
4(5284 5285 5305 5304)
4(5304 5305 5325 5324)
4(5324 5325 5345 5344)
4(5344 5345 5365 5364)
4(5364 5365 5385 5384)
4(5384 5385 5405 5404)
4(4605 4606 5026 5025)
4(5025 5026 5046 5045)
4(5045 5046 5066 5065)
4(5065 5066 5086 5085)
4(5085 5086 5106 5105)
4(5105 5106 5126 5125)
4(5125 5126 5146 5145)
4(5145 5146 5166 5165)
4(5165 5166 5186 5185)
4(5185 5186 5206 5205)
4(5205 5206 5226 5225)
4(5225 5226 5246 5245)
4(5245 5246 5266 5265)
4(5265 5266 5286 5285)
4(5285 5286 5306 5305)
4(5305 5306 5326 5325)
4(5325 5326 5346 5345)
4(5345 5346 5366 5365)
4(5365 5366 5386 5385)
4(5385 5386 5406 5405)
4(4606 4607 5027 5026)
4(5026 5027 5047 5046)
4(5046 5047 5067 5066)
4(5066 5067 5087 5086)
4(5086 5087 5107 5106)
4(5106 5107 5127 5126)
4(5126 5127 5147 5146)
4(5146 5147 5167 5166)
4(5166 5167 5187 5186)
4(5186 5187 5207 5206)
4(5206 5207 5227 5226)
4(5226 5227 5247 5246)
4(5246 5247 5267 5266)
4(5266 5267 5287 5286)
4(5286 5287 5307 5306)
4(5306 5307 5327 5326)
4(5326 5327 5347 5346)
4(5346 5347 5367 5366)
4(5366 5367 5387 5386)
4(5386 5387 5407 5406)
4(4607 4608 5028 5027)
4(5027 5028 5048 5047)
4(5047 5048 5068 5067)
4(5067 5068 5088 5087)
4(5087 5088 5108 5107)
4(5107 5108 5128 5127)
4(5127 5128 5148 5147)
4(5147 5148 5168 5167)
4(5167 5168 5188 5187)
4(5187 5188 5208 5207)
4(5207 5208 5228 5227)
4(5227 5228 5248 5247)
4(5247 5248 5268 5267)
4(5267 5268 5288 5287)
4(5287 5288 5308 5307)
4(5307 5308 5328 5327)
4(5327 5328 5348 5347)
4(5347 5348 5368 5367)
4(5367 5368 5388 5387)
4(5387 5388 5408 5407)
4(4608 4609 5029 5028)
4(5028 5029 5049 5048)
4(5048 5049 5069 5068)
4(5068 5069 5089 5088)
4(5088 5089 5109 5108)
4(5108 5109 5129 5128)
4(5128 5129 5149 5148)
4(5148 5149 5169 5168)
4(5168 5169 5189 5188)
4(5188 5189 5209 5208)
4(5208 5209 5229 5228)
4(5228 5229 5249 5248)
4(5248 5249 5269 5268)
4(5268 5269 5289 5288)
4(5288 5289 5309 5308)
4(5308 5309 5329 5328)
4(5328 5329 5349 5348)
4(5348 5349 5369 5368)
4(5368 5369 5389 5388)
4(5388 5389 5409 5408)
4(4609 4610 5030 5029)
4(5029 5030 5050 5049)
4(5049 5050 5070 5069)
4(5069 5070 5090 5089)
4(5089 5090 5110 5109)
4(5109 5110 5130 5129)
4(5129 5130 5150 5149)
4(5149 5150 5170 5169)
4(5169 5170 5190 5189)
4(5189 5190 5210 5209)
4(5209 5210 5230 5229)
4(5229 5230 5250 5249)
4(5249 5250 5270 5269)
4(5269 5270 5290 5289)
4(5289 5290 5310 5309)
4(5309 5310 5330 5329)
4(5329 5330 5350 5349)
4(5349 5350 5370 5369)
4(5369 5370 5390 5389)
4(5389 5390 5410 5409)
4(4610 4611 5031 5030)
4(5030 5031 5051 5050)
4(5050 5051 5071 5070)
4(5070 5071 5091 5090)
4(5090 5091 5111 5110)
4(5110 5111 5131 5130)
4(5130 5131 5151 5150)
4(5150 5151 5171 5170)
4(5170 5171 5191 5190)
4(5190 5191 5211 5210)
4(5210 5211 5231 5230)
4(5230 5231 5251 5250)
4(5250 5251 5271 5270)
4(5270 5271 5291 5290)
4(5290 5291 5311 5310)
4(5310 5311 5331 5330)
4(5330 5331 5351 5350)
4(5350 5351 5371 5370)
4(5370 5371 5391 5390)
4(5390 5391 5411 5410)
)


// ************************************************************************* //
