/*--------------------------------*- C++ -*----------------------------------*\
| =========                 |                                                 |
| \\      /  F ield         | OpenFOAM: The Open Source CFD Toolbox           |
|  \\    /   O peration     | Version:                                        |
|   \\  /    A nd           | Website:  www.openfoam.com                      |
|    \\/     M anipulation  |                                                 |
\*---------------------------------------------------------------------------*/
FoamFile
{
    version     2.0;
    format      ascii;
    class       surfaceScalarField;
    location    "60/air";
    object      phi;
}
// * * * * * * * * * * * * * * * * * * * * * * * * * * * * * * * * * * * * * //

dimensions      [1 0 -1 0 0 0 0];
oriented        oriented;


internalField   nonuniform List<scalar> 
30579
(
-1.80491e-08
-2.55079e-08
-3.50317e-07
3.03503e-07
8.67684e-09
-1.84815e-08
-1.98053e-07
1.50643e-07
1.86283e-08
-2.12973e-08
-7.41968e-08
4.0864e-08
2.39329e-08
-2.10694e-08
2.05151e-08
-4.83416e-08
2.55461e-08
-2.12009e-08
5.42237e-08
-7.75306e-08
2.71041e-08
-1.99693e-08
3.121e-08
-5.39057e-08
2.97537e-08
-1.74107e-08
-4.21433e-08
1.82987e-08
3.70961e-08
-1.09854e-08
-9.26031e-08
6.48884e-08
3.09011e-08
-1.48158e-09
6.70039e-08
-7.71671e-08
2.69344e-08
4.82479e-07
-4.50887e-07
-1.39247e-08
-1.79116e-09
-2.26435e-07
1.81578e-07
8.96082e-09
2.36844e-09
-6.32788e-08
1.95431e-08
1.68348e-08
1.34645e-09
6.0328e-08
-9.0846e-08
2.09335e-08
5.85334e-10
1.53253e-07
-1.79007e-07
2.23891e-08
-5.47179e-10
1.89373e-07
-2.11483e-07
2.50684e-08
1.93881e-10
1.79945e-07
-2.02788e-07
3.00617e-08
2.64407e-09
1.35065e-07
-1.60113e-07
4.15939e-08
8.15636e-09
1.22437e-07
-1.53111e-07
4.02968e-08
1.27339e-08
3.11384e-07
-3.24303e-07
2.01849e-08
9.29712e-07
-8.82664e-07
-1.76026e-08
4.79854e-09
-1.15782e-07
8.78733e-08
3.77934e-09
7.34246e-09
5.40427e-08
-8.03987e-08
1.11046e-08
7.16212e-09
1.45573e-07
-1.58714e-07
1.6005e-08
6.38719e-09
2.1165e-07
-2.22353e-07
1.85781e-08
5.53696e-09
2.29218e-07
-2.37876e-07
2.32381e-08
6.37165e-09
2.20468e-07
-2.31306e-07
3.07082e-08
8.91025e-09
1.94878e-07
-2.08614e-07
4.57583e-08
1.36055e-08
2.14938e-07
-2.35437e-07
4.71524e-08
1.55183e-08
3.97977e-07
-4.02156e-07
1.56079e-08
1.00404e-06
-9.52307e-07
-1.52951e-08
7.65001e-09
-8.62412e-08
6.46361e-08
2.77708e-09
9.15251e-09
9.11777e-08
-1.1106e-07
8.74902e-09
9.98755e-09
1.77853e-07
-1.86651e-07
1.34759e-08
9.61482e-09
2.36977e-07
-2.44932e-07
1.67616e-08
9.29461e-09
2.53811e-07
-2.60855e-07
2.28488e-08
1.02484e-08
2.5581e-07
-2.65774e-07
3.1701e-08
1.23859e-08
2.51821e-07
-2.64149e-07
4.82567e-08
1.59221e-08
2.99359e-07
-3.18231e-07
5.07819e-08
1.62704e-08
4.72539e-07
-4.75817e-07
1.4056e-08
1.06665e-06
-1.01431e-06
-1.26937e-08
7.1362e-09
-9.03195e-08
7.41977e-08
2.5708e-09
8.37821e-09
8.88966e-08
-1.03387e-07
7.43842e-09
9.74185e-09
1.71557e-07
-1.76179e-07
1.20791e-08
9.70889e-09
2.24199e-07
-2.28934e-07
1.61526e-08
9.68734e-09
2.40481e-07
-2.44947e-07
2.36648e-08
1.04336e-08
2.52235e-07
-2.59933e-07
3.37564e-08
1.18463e-08
2.67414e-07
-2.76966e-07
5.14477e-08
1.42345e-08
3.40335e-07
-3.56339e-07
5.4664e-08
1.37255e-08
5.10196e-07
-5.10867e-07
1.23059e-08
1.1233e-06
-1.06688e-06
-8.85168e-09
5.92579e-09
-1.03178e-07
8.97965e-08
3.80694e-09
7.31426e-09
7.57121e-08
-8.73064e-08
7.44883e-09
9.12211e-09
1.58769e-07
-1.61791e-07
1.16753e-08
9.40612e-09
2.04786e-07
-2.08709e-07
1.6221e-08
9.57923e-09
2.18596e-07
-2.23034e-07
2.4826e-08
1.00015e-08
2.35232e-07
-2.43405e-07
3.58951e-08
1.05786e-08
2.62608e-07
-2.7241e-07
5.47684e-08
1.191e-08
3.54999e-07
-3.71548e-07
5.8756e-08
1.07892e-08
5.27467e-07
-5.28518e-07
1.0979e-08
1.1871e-06
-1.12701e-06
-5.27869e-09
4.51937e-09
-1.12199e-07
1.00648e-07
5.27289e-09
6.08684e-09
6.70707e-08
-7.63943e-08
7.69635e-09
8.04463e-09
1.50095e-07
-1.51441e-07
1.13882e-08
8.52088e-09
1.89738e-07
-1.92544e-07
1.62208e-08
8.77215e-09
1.98466e-07
-2.02491e-07
2.5737e-08
8.92661e-09
2.15195e-07
-2.23636e-07
3.77122e-08
8.85421e-09
2.48113e-07
-2.58364e-07
5.80751e-08
9.53073e-09
3.52856e-07
-3.70839e-07
6.32482e-08
8.12292e-09
5.26092e-07
-5.28599e-07
1.00564e-08
1.2499e-06
-1.18573e-06
-2.22938e-09
3.31115e-09
-1.14469e-07
1.04049e-07
6.65458e-09
4.88473e-09
6.60619e-08
-7.37431e-08
7.94821e-09
6.85569e-09
1.50009e-07
-1.50113e-07
1.10176e-08
7.41089e-09
1.85248e-07
-1.87207e-07
1.58919e-08
7.68474e-09
1.88952e-07
-1.92738e-07
2.60577e-08
7.69361e-09
2.03794e-07
-2.12727e-07
3.87781e-08
7.24743e-09
2.38102e-07
-2.49216e-07
6.09052e-08
7.70677e-09
3.4963e-07
-3.69933e-07
6.78214e-08
6.32587e-09
5.17973e-07
-5.23092e-07
9.7744e-09
1.31468e-06
-1.24657e-06
1.75691e-10
2.38691e-09
-1.13751e-07
1.04239e-07
7.886e-09
3.75836e-09
6.8744e-08
-7.53272e-08
8.15304e-09
5.62472e-09
1.55241e-07
-1.54276e-07
1.05645e-08
6.15198e-09
1.89441e-07
-1.90593e-07
1.52816e-08
6.3993e-09
1.90397e-07
-1.93828e-07
2.58481e-08
6.37041e-09
2.04461e-07
-2.13704e-07
3.91142e-08
5.80579e-09
2.39496e-07
-2.5132e-07
6.3134e-08
6.42007e-09
3.55249e-07
-3.77982e-07
7.22738e-08
5.31537e-09
5.1204e-07
-5.20169e-07
9.96895e-09
1.38229e-06
-1.31021e-06
2.63149e-09
1.78026e-09
-1.13499e-07
1.0416e-07
8.98781e-09
2.84607e-09
7.34515e-08
-7.88947e-08
8.413e-09
4.48293e-09
1.63606e-07
-1.61889e-07
1.01823e-08
4.91323e-09
1.99876e-07
-2.00407e-07
1.46104e-08
5.10213e-09
2.01245e-07
-2.04375e-07
2.53792e-08
5.10203e-09
2.17472e-07
-2.26972e-07
3.89831e-08
4.58219e-09
2.55079e-07
-2.67459e-07
6.48479e-08
5.53544e-09
3.75986e-07
-4.00965e-07
7.64875e-08
4.78681e-09
5.15939e-07
-5.2705e-07
1.03219e-08
1.45472e-06
-1.37858e-06
4.4144e-09
1.30866e-09
-1.1409e-07
1.0517e-07
9.99541e-09
2.20573e-09
7.98658e-08
-8.48057e-08
8.78636e-09
3.46515e-09
1.73003e-07
-1.70776e-07
9.97528e-09
3.77501e-09
2.13399e-07
-2.13449e-07
1.40638e-08
3.88983e-09
2.17942e-07
-2.20818e-07
2.49209e-08
3.9432e-09
2.39481e-07
-2.49179e-07
3.86993e-08
3.53575e-09
2.82329e-07
-2.9506e-07
6.62532e-08
4.81078e-09
4.11279e-07
-4.38108e-07
8.04627e-08
4.31716e-09
5.31385e-07
-5.45125e-07
1.04346e-08
1.5319e-06
-1.45155e-06
5.71476e-09
8.8925e-10
-1.13692e-07
1.05113e-07
1.0837e-08
1.68415e-09
8.50345e-08
-8.96343e-08
9.19951e-09
2.54333e-09
1.81879e-07
-1.79319e-07
9.94832e-09
2.74206e-09
2.2729e-07
-2.27005e-07
1.37161e-08
2.79696e-09
2.36707e-07
-2.39382e-07
2.46222e-08
2.89595e-09
2.65634e-07
-2.75493e-07
3.84661e-08
2.60653e-09
3.15627e-07
-3.28542e-07
6.75327e-08
4.02891e-09
4.553e-07
-4.83584e-07
8.42551e-08
3.60534e-09
5.54425e-07
-5.70435e-07
9.94901e-09
1.61214e-06
-1.52739e-06
6.49901e-09
5.9803e-10
-1.13894e-07
1.05277e-07
1.14712e-08
1.16674e-09
8.89081e-08
-9.3362e-08
9.59226e-09
1.68081e-09
1.89152e-07
-1.8641e-07
1.00433e-08
1.78831e-09
2.39349e-07
-2.38846e-07
1.35483e-08
1.80917e-09
2.53954e-07
-2.56471e-07
2.45065e-08
1.92043e-09
2.90659e-07
-3.00641e-07
3.83414e-08
1.73659e-09
3.47994e-07
-3.60959e-07
6.87884e-08
3.03144e-09
4.99221e-07
-5.28671e-07
8.7939e-08
2.59391e-09
5.76523e-07
-5.94662e-07
8.56353e-09
1.69259e-06
-1.60327e-06
6.92322e-09
3.3431e-10
-1.1405e-07
1.05364e-07
1.1907e-08
6.05817e-10
9.14174e-08
-9.58394e-08
9.90973e-09
8.41872e-10
1.94292e-07
-1.91455e-07
1.01793e-08
8.83909e-10
2.48136e-07
-2.47501e-07
1.34995e-08
8.9061e-10
2.66954e-07
-2.69355e-07
2.45235e-08
9.66038e-10
3.10056e-07
-3.20125e-07
3.83127e-08
8.77284e-10
3.73271e-07
-3.86201e-07
7.00242e-08
1.69045e-09
5.34356e-07
-5.64726e-07
9.13794e-08
1.35567e-09
5.91139e-07
-6.11256e-07
5.4725e-09
1.76925e-06
-1.67478e-06
7.17817e-09
-1.12732e-07
1.04145e-07
1.21388e-08
9.31962e-08
-9.75501e-08
1.00885e-08
1.97074e-07
-1.94181e-07
1.02741e-08
2.5279e-07
-2.52092e-07
1.3505e-08
2.73882e-07
-2.76222e-07
2.46008e-08
3.20633e-07
-3.30762e-07
3.83577e-08
3.86951e-07
-3.9983e-07
7.11437e-08
5.54138e-07
-5.85234e-07
9.42108e-08
5.95279e-07
-6.16991e-07
1.83692e-06
-1.73723e-06
-3.0586e-08
2.75897e-08
4.77306e-07
-4.45978e-07
-3.66335e-08
-8.43645e-10
5.84828e-08
-6.85888e-08
-2.96181e-08
-1.04218e-08
-1.07965e-07
8.08531e-08
-2.76214e-08
-1.7008e-08
-6.37792e-08
4.10171e-08
-2.66784e-08
-1.96752e-08
7.95277e-09
-2.94597e-08
-2.51591e-08
-2.09352e-08
3.75088e-08
-6.01899e-08
-1.96383e-08
-2.08034e-08
8.60685e-09
-3.62192e-08
-9.3692e-09
-2.10176e-08
-8.35481e-08
5.02188e-08
1.74525e-08
-1.82545e-08
-2.06381e-07
1.59068e-07
-2.52455e-08
-3.59728e-07
3.13241e-07
-4.01983e-08
2.06493e-08
9.28324e-07
-8.81183e-07
-4.14976e-08
1.32552e-08
3.04736e-07
-3.17536e-07
-3.01183e-08
8.48345e-09
1.10297e-07
-1.40582e-07
-2.54511e-08
2.69664e-09
1.19957e-07
-1.44329e-07
-2.31201e-08
4.31278e-11
1.64788e-07
-1.86838e-07
-2.17504e-08
-7.08167e-10
1.78503e-07
-2.001e-07
-1.75361e-08
5.27593e-10
1.45426e-07
-1.70972e-07
-9.45387e-09
1.37974e-09
5.39303e-08
-8.44101e-08
1.35528e-08
2.45786e-09
-6.96345e-08
2.59155e-08
-1.66752e-09
-2.33699e-07
1.88964e-07
-4.70699e-08
1.58685e-08
1.00469e-06
-9.52834e-07
-4.56407e-08
1.58874e-08
3.95321e-07
-3.99383e-07
-3.06435e-08
1.38393e-08
2.08283e-07
-2.28636e-07
-2.33977e-08
8.92345e-09
1.86231e-07
-1.99704e-07
-1.90465e-08
6.2043e-09
2.11629e-07
-2.22142e-07
-1.66219e-08
5.36413e-09
2.22762e-07
-2.31259e-07
-1.17156e-08
6.26877e-09
2.06888e-07
-2.17536e-07
-4.27983e-09
7.13775e-09
1.41548e-07
-1.54742e-07
1.71471e-08
7.39056e-09
4.92826e-08
-7.56423e-08
4.89268e-09
-1.21748e-07
9.39184e-08
-5.07667e-08
1.41722e-08
1.06741e-06
-1.01494e-06
-4.82312e-08
1.64786e-08
4.71666e-07
-4.74793e-07
-3.16983e-08
1.60578e-08
2.95919e-07
-3.1467e-07
-2.29605e-08
1.23672e-08
2.47297e-07
-2.59479e-07
-1.70511e-08
1.00887e-08
2.51132e-07
-2.60926e-07
-1.38737e-08
9.11765e-09
2.50259e-07
-2.5719e-07
-9.17649e-09
9.4701e-09
2.34238e-07
-2.42137e-07
-3.15572e-09
9.91193e-09
1.75163e-07
-1.83958e-07
1.49004e-08
9.14246e-09
8.74824e-08
-1.0729e-07
7.6289e-09
-9.16424e-08
7.02495e-08
-5.46615e-08
1.23439e-08
1.12405e-06
-1.06756e-06
-5.14595e-08
1.38473e-08
5.1017e-07
-5.10741e-07
-3.37967e-08
1.43435e-08
3.3861e-07
-3.54559e-07
-2.3789e-08
1.18717e-08
2.64901e-07
-2.74414e-07
-1.64048e-08
1.03667e-08
2.4957e-07
-2.57233e-07
-1.24255e-08
9.59452e-09
2.38317e-07
-2.42773e-07
-7.83884e-09
9.62171e-09
2.2235e-07
-2.27088e-07
-2.97038e-09
9.69712e-09
1.69537e-07
-1.74191e-07
1.22424e-08
8.38048e-09
8.5712e-08
-1.00163e-07
7.10314e-09
-9.49055e-08
7.88602e-08
-5.87725e-08
1.09632e-08
1.18762e-06
-1.12746e-06
-5.4828e-08
1.08459e-08
5.27497e-07
-5.2844e-07
-3.60025e-08
1.19916e-08
3.5393e-07
-3.70403e-07
-2.5e-08
1.06221e-08
2.61049e-07
-2.70802e-07
-1.64853e-08
9.98668e-09
2.33568e-07
-2.41703e-07
-1.20087e-08
9.53696e-09
2.17152e-07
-2.2157e-07
-7.84149e-09
9.35813e-09
2.03427e-07
-2.07331e-07
-4.23216e-09
9.09898e-09
1.56927e-07
-1.59938e-07
8.38186e-09
7.33265e-09
7.28246e-08
-8.43904e-08
5.88797e-09
-1.06978e-07
9.36729e-08
-6.32758e-08
1.00191e-08
1.25014e-06
-1.18592e-06
-5.81654e-08
8.14836e-09
5.25694e-07
-5.28107e-07
-3.78693e-08
9.59889e-09
3.51709e-07
-3.69613e-07
-2.59636e-08
8.91198e-09
2.46728e-07
-2.56923e-07
-1.65243e-08
8.94846e-09
2.13845e-07
-2.22246e-07
-1.17496e-08
8.76964e-09
1.97304e-07
-2.01311e-07
-8.10585e-09
8.50906e-09
1.88619e-07
-1.91414e-07
-5.71644e-09
8.04606e-09
1.4837e-07
-1.49706e-07
4.7904e-09
6.09761e-09
6.42372e-08
-7.35084e-08
4.48002e-09
-1.1572e-07
1.04249e-07
-6.7861e-08
9.73712e-09
1.31451e-06
-1.24637e-06
-6.10165e-08
6.33456e-09
5.16788e-07
-5.21819e-07
-3.89678e-08
7.75539e-09
3.47974e-07
-3.68179e-07
-2.63214e-08
7.29674e-09
2.36514e-07
-2.47545e-07
-1.62262e-08
7.72043e-09
2.02445e-07
-2.11312e-07
-1.13978e-08
7.69223e-09
1.87876e-07
-1.91627e-07
-8.36484e-09
7.41139e-09
1.84235e-07
-1.8617e-07
-7.11081e-09
6.85901e-09
1.48157e-07
-1.48224e-07
1.78856e-09
4.87255e-09
6.35245e-08
-7.11981e-08
3.28967e-09
-1.17833e-07
1.07422e-07
-7.23195e-08
9.95356e-09
1.38177e-06
-1.30966e-06
-6.32493e-08
5.32371e-09
5.10081e-07
-5.1814e-07
-3.93129e-08
6.45106e-09
3.53041e-07
-3.75672e-07
-2.6129e-08
5.83718e-09
2.3765e-07
-2.49374e-07
-1.56349e-08
6.38833e-09
2.03077e-07
-2.12238e-07
-1.09616e-08
6.40282e-09
1.8941e-07
-1.92794e-07
-8.57923e-09
6.15246e-09
1.8855e-07
-1.89673e-07
-8.33696e-09
5.61967e-09
1.53492e-07
-1.52495e-07
-7.24975e-10
3.73224e-09
6.64308e-08
-7.29017e-08
2.37679e-09
-1.16869e-07
1.07233e-07
-7.65316e-08
1.03395e-08
1.45395e-06
-1.37781e-06
-6.49519e-08
4.80578e-09
5.13504e-07
-5.24566e-07
-3.91692e-08
5.55381e-09
3.7352e-07
-3.98406e-07
-2.56539e-08
4.59458e-09
2.53184e-07
-2.65456e-07
-1.49641e-08
5.10606e-09
2.16184e-07
-2.25591e-07
-1.05838e-08
5.09576e-09
2.00445e-07
-2.03518e-07
-8.84746e-09
4.90897e-09
1.99183e-07
-1.99676e-07
-9.42591e-09
4.46709e-09
1.62111e-07
-1.6038e-07
-3.06263e-09
2.82915e-09
7.17046e-08
-7.71639e-08
1.7396e-09
-1.16269e-07
1.06965e-07
-8.04941e-08
1.0486e-08
1.53113e-06
-1.45078e-06
-6.63327e-08
4.35304e-09
5.2909e-07
-5.42798e-07
-3.88561e-08
4.82564e-09
4.09107e-07
-4.35855e-07
-2.51693e-08
3.53635e-09
2.8079e-07
-2.93418e-07
-1.43985e-08
3.93659e-09
2.38563e-07
-2.48164e-07
-1.03673e-08
3.87572e-09
2.1752e-07
-2.20331e-07
-9.21093e-09
3.7633e-09
2.13031e-07
-2.13042e-07
-1.04151e-08
3.43782e-09
1.7189e-07
-1.69656e-07
-4.79598e-09
2.18353e-09
7.83374e-08
-8.33101e-08
1.228e-09
-1.15832e-07
1.06955e-07
-8.42643e-08
1.00202e-08
1.61159e-06
-1.52686e-06
-6.75792e-08
3.65486e-09
5.52891e-07
-5.68877e-07
-3.85848e-08
4.04559e-09
4.53999e-07
-4.82214e-07
-2.48315e-08
2.60346e-09
3.14844e-07
-3.27664e-07
-1.4017e-08
2.88529e-09
2.65364e-07
-2.75127e-07
-1.0318e-08
2.78068e-09
2.36817e-07
-2.3942e-07
-9.61035e-09
2.7282e-09
2.27343e-07
-2.27015e-07
-1.12418e-08
2.52001e-09
1.81128e-07
-1.78578e-07
-6.04413e-09
1.66835e-09
8.34989e-08
-8.81805e-08
8.72537e-10
-1.16096e-07
1.07369e-07
-8.79195e-08
8.63207e-09
1.69244e-06
-1.60313e-06
-6.88009e-08
2.6436e-09
5.7622e-07
-5.94327e-07
-3.84232e-08
3.04858e-09
4.9915e-07
-5.2853e-07
-2.46744e-08
1.73381e-09
3.48207e-07
-3.61086e-07
-1.38091e-08
1.91048e-09
2.91196e-07
-3.01086e-07
-1.03825e-08
1.79476e-09
2.54699e-07
-2.57139e-07
-9.9851e-09
1.77544e-09
2.39938e-07
-2.39383e-07
-1.18687e-08
1.66224e-09
1.88936e-07
-1.86195e-07
-6.81486e-09
1.14908e-09
8.77636e-08
-9.22973e-08
6.04251e-10
-1.15214e-07
1.06494e-07
-9.13324e-08
5.5142e-09
1.7695e-06
-1.67504e-06
-7.00093e-08
1.38699e-09
5.92083e-07
-6.12149e-07
-3.8367e-08
1.70165e-09
5.35471e-07
-5.65766e-07
-2.46573e-08
8.76226e-10
3.74397e-07
-3.87249e-07
-1.37243e-08
9.60046e-10
3.11307e-07
-3.21289e-07
-1.04857e-08
8.81389e-10
2.68229e-07
-2.70554e-07
-1.02774e-08
8.73913e-10
2.49193e-07
-2.485e-07
-1.2285e-08
8.24448e-10
1.94626e-07
-1.91781e-07
-7.24413e-09
5.74775e-10
9.08776e-08
-9.53433e-08
2.91685e-10
-1.14094e-07
1.05454e-07
-9.41462e-08
1.83742e-06
-1.73775e-06
-7.11136e-08
5.97012e-07
-6.18658e-07
-3.83977e-08
5.55978e-07
-5.86992e-07
-2.47167e-08
3.88636e-07
-4.01441e-07
-1.37107e-08
3.22309e-07
-3.32354e-07
-1.0565e-08
2.75462e-07
-2.77726e-07
-1.04531e-08
2.54066e-07
-2.53304e-07
-1.25377e-08
1.97561e-07
-1.94652e-07
-7.56086e-09
9.26888e-08
-9.709e-08
-1.12696e-07
1.04081e-07
-1.59173e-08
-3.95223e-07
-2.44327e-08
1.07831e-08
-2.44449e-07
-1.69651e-08
2.0742e-08
-1.06821e-07
-1.97788e-08
2.60381e-08
-6.95487e-09
-1.97404e-08
2.74001e-08
3.12705e-08
-2.00676e-08
2.85675e-08
8.86838e-09
-1.89423e-08
3.06949e-08
-6.55825e-08
-1.63969e-08
3.7938e-08
-1.20373e-07
-9.88338e-09
3.14942e-08
5.69118e-08
-6.24136e-10
5.13679e-07
2.67511e-08
-1.34248e-08
-4.38445e-07
-2.30486e-08
1.28074e-08
-2.89444e-07
-1.51039e-08
2.28821e-08
-1.38972e-07
-1.77611e-08
2.8136e-08
-3.41852e-08
-1.79081e-08
2.92835e-08
8.44657e-09
-1.84287e-08
3.00255e-08
-1.32948e-08
-1.74282e-08
3.15937e-08
-8.87954e-08
-1.4896e-08
3.83844e-08
-1.48042e-07
-8.32171e-09
3.19413e-08
4.65101e-08
6.3411e-10
5.43881e-07
2.63223e-08
-1.08601e-08
-4.79689e-07
-2.16342e-08
1.479e-08
-3.32734e-07
-1.31783e-08
2.49787e-08
-1.70427e-07
-1.55762e-08
3.02143e-08
-6.10101e-08
-1.58711e-08
3.11722e-08
-1.4115e-08
-1.65705e-08
3.14815e-08
-3.51391e-08
-1.57072e-08
3.2451e-08
-1.11619e-07
-1.31927e-08
3.86007e-08
-1.75304e-07
-6.56516e-09
3.21414e-08
3.57469e-08
2.25608e-09
5.7254e-07
2.55881e-08
-8.28445e-09
-5.18745e-07
-2.02352e-08
1.6705e-08
-3.7409e-07
-1.12534e-08
2.7009e-08
-2.01e-07
-1.32805e-08
3.22501e-08
-8.72824e-08
-1.36695e-08
3.3048e-08
-3.62938e-08
-1.45223e-08
3.29268e-08
-5.65417e-08
-1.38018e-08
3.3279e-08
-1.33916e-07
-1.13138e-08
3.86513e-08
-2.01909e-07
-4.65306e-09
3.22229e-08
2.47232e-08
3.95186e-09
5.99301e-07
2.46262e-08
-5.752e-09
-5.55474e-07
-1.88901e-08
1.8532e-08
-4.13358e-07
-9.39178e-09
2.89531e-08
-2.30531e-07
-1.0933e-08
3.42224e-08
-1.12871e-07
-1.13534e-08
3.48938e-08
-5.79859e-08
-1.23191e-08
3.43542e-08
-7.73973e-08
-1.17418e-08
3.40913e-08
-1.55576e-07
-9.29106e-09
3.86132e-08
-2.27659e-07
-2.63861e-09
3.23596e-08
1.33446e-08
5.74335e-09
6.2407e-07
2.35587e-08
-3.31203e-09
-5.8978e-07
-1.76344e-08
2.02566e-08
-4.50452e-07
-7.65372e-09
3.07934e-08
-2.58886e-07
-8.59752e-09
3.61121e-08
-1.37663e-07
-8.9795e-09
3.66946e-08
-7.91036e-08
-1.00032e-08
3.57588e-08
-9.7617e-08
-9.56323e-09
3.49008e-08
-1.76504e-07
-7.16214e-09
3.85696e-08
-2.52354e-07
-6.35321e-10
3.27969e-08
1.30924e-09
7.58932e-09
6.4712e-07
2.25708e-08
-9.5425e-10
-1.63216e-08
-6.22062e-07
2.17786e-08
-5.95733e-09
-4.8542e-07
3.25691e-08
-6.12547e-09
-2.86401e-07
3.7889e-08
-6.36651e-09
-1.61833e-07
3.84464e-08
-7.34901e-09
-9.99802e-08
3.71209e-08
-7.0319e-09
-1.17486e-07
3.57292e-08
-4.7381e-09
-1.96975e-07
3.85162e-08
1.77631e-09
-2.76342e-07
3.39704e-08
9.73469e-09
-1.25383e-08
2.23374e-08
6.68768e-07
-1.1876e-08
-2.70083e-07
-1.38428e-09
1.11675e-08
-1.06679e-07
3.39198e-09
1.90099e-08
2.99486e-08
2.75803e-09
2.30269e-08
1.2739e-07
2.10529e-09
2.42049e-08
1.67097e-07
1.02982e-09
2.65732e-08
1.56895e-07
1.73985e-09
3.12467e-08
1.09521e-07
4.47316e-09
4.31124e-08
9.05214e-08
1.01664e-08
4.17345e-08
2.97694e-07
1.4444e-08
9.77126e-07
2.10754e-08
-9.47902e-09
-3.12187e-07
-1.14572e-09
1.33334e-08
-1.48866e-07
4.27006e-09
2.12659e-08
1.41345e-10
4.11355e-09
2.51683e-08
1.01904e-07
3.67546e-09
2.61035e-08
1.45061e-07
2.67239e-09
2.81106e-08
1.33992e-07
3.46658e-09
3.24288e-08
8.39569e-08
6.34956e-09
4.42281e-08
5.81948e-08
1.22055e-08
4.301e-08
2.8333e-07
1.62159e-08
1.02458e-06
2.18859e-08
-6.99844e-09
-3.52475e-07
-1.04484e-09
1.54958e-08
-1.8956e-07
5.02224e-09
2.35311e-08
-2.89048e-08
5.43463e-09
2.73492e-08
7.69278e-08
5.28646e-09
2.80623e-08
1.23358e-07
4.41862e-09
2.96885e-08
1.11353e-07
5.30552e-09
3.35991e-08
5.85173e-08
8.33618e-09
4.51024e-08
2.57696e-08
1.43565e-08
4.39665e-08
2.68587e-07
1.81358e-08
1.07143e-06
2.27072e-08
-4.49816e-09
-3.90741e-07
-1.09041e-09
1.76212e-08
-2.28553e-07
5.62086e-09
2.5777e-08
-5.70281e-08
6.6873e-09
2.95461e-08
5.25831e-08
6.90616e-09
3.0065e-08
1.02084e-07
6.23282e-09
3.12984e-08
8.90876e-08
7.23028e-09
3.47652e-08
3.33272e-08
1.04095e-08
4.57863e-08
-6.49402e-09
1.65895e-08
4.47298e-08
2.53408e-07
2.0187e-08
1.11723e-06
2.35602e-08
-2.0471e-09
-4.26829e-07
-1.28579e-09
1.96791e-08
-2.65713e-07
6.04241e-09
2.79769e-08
-8.40974e-08
7.83878e-09
3.17355e-08
2.89671e-08
8.50407e-09
3.20942e-08
8.13172e-08
8.08922e-09
3.29319e-08
6.72899e-08
9.2182e-09
3.59365e-08
8.48613e-09
1.25453e-08
4.63519e-08
-3.84209e-08
1.88731e-08
4.55134e-08
2.37636e-07
2.23538e-08
1.16182e-06
2.44901e-08
2.06746e-10
-4.60547e-07
-1.63144e-09
2.1646e-08
-3.01072e-07
6.26686e-09
3.01059e-08
-1.10013e-07
8.85818e-09
3.38946e-08
6.14892e-09
1.00503e-08
3.41328e-08
6.11119e-08
9.96394e-09
3.45804e-08
4.60314e-08
1.12477e-08
3.71222e-08
-1.59382e-08
1.47205e-08
4.68905e-08
-6.99995e-08
2.1175e-08
4.66897e-08
2.20803e-07
2.46242e-08
1.2055e-06
2.55814e-08
2.74553e-09
-2.18753e-09
-4.92145e-07
2.3409e-08
6.21289e-09
-3.33905e-07
3.22009e-08
9.60517e-09
-1.34535e-07
3.59852e-08
1.13881e-08
-1.53897e-08
3.61731e-08
1.16889e-08
4.18862e-08
3.62134e-08
1.3137e-08
2.58224e-08
3.8352e-08
1.6734e-08
-3.95488e-08
4.73988e-08
2.32794e-08
-1.00549e-07
4.90518e-08
2.68233e-08
2.02062e-07
2.6881e-08
1.25002e-06
-1.59214e-08
-1.43001e-07
4.92108e-09
5.71996e-09
2.77337e-08
8.0595e-09
1.28289e-08
1.3297e-07
8.25143e-09
1.76151e-08
2.01285e-07
7.68373e-09
1.99497e-08
2.20985e-07
6.92783e-09
2.44416e-08
2.09829e-07
7.88631e-09
3.17764e-08
1.8139e-07
1.06259e-08
4.73883e-08
1.93922e-07
1.55698e-08
4.87072e-08
3.93854e-07
1.72479e-08
1.05737e-06
1.6456e-08
-1.3804e-08
-1.69775e-07
4.922e-09
7.66047e-09
1.85468e-09
8.68469e-09
1.46847e-08
1.20708e-07
9.35131e-09
1.92782e-08
1.91303e-07
9.0639e-09
2.14016e-08
2.13082e-07
8.45145e-09
2.5664e-08
1.99474e-07
9.55874e-09
3.28621e-08
1.68023e-07
1.25187e-08
4.86441e-08
1.72615e-07
1.773e-08
5.01542e-08
3.89365e-07
1.91953e-08
1.11205e-06
1.73619e-08
-1.15392e-08
-1.95961e-07
4.7604e-09
9.66008e-09
-2.34827e-08
9.1605e-09
1.66004e-08
1.08815e-07
1.03872e-08
2.10048e-08
1.81728e-07
1.04572e-08
2.29202e-08
2.05546e-07
1.00394e-08
2.69272e-08
1.89454e-07
1.13186e-08
3.39486e-08
1.54823e-07
1.4514e-08
4.97014e-08
1.51212e-07
2.00075e-08
5.13061e-08
3.84596e-07
2.13001e-08
1.16777e-06
1.82967e-08
-9.17016e-09
-2.21442e-07
4.42973e-09
1.16927e-08
-4.81881e-08
9.46366e-09
1.85582e-08
9.73037e-08
1.13333e-08
2.27843e-08
1.72565e-07
1.18427e-08
2.45015e-08
1.98385e-07
1.16762e-08
2.82314e-08
1.79802e-07
1.3152e-08
3.5046e-08
1.41822e-07
1.65963e-08
5.06056e-08
1.2986e-07
2.23815e-08
5.22859e-08
3.79545e-07
2.35579e-08
1.22434e-06
1.92829e-08
-6.74243e-09
-2.46114e-07
3.92654e-09
1.37326e-08
-7.21944e-08
9.57402e-09
2.05401e-08
8.61713e-08
1.2164e-08
2.46061e-08
1.63805e-07
1.31984e-08
2.61406e-08
1.91595e-07
1.33451e-08
2.95776e-08
1.7054e-07
1.50438e-08
3.61662e-08
1.2903e-07
1.87484e-08
5.1425e-08
1.08645e-07
2.48287e-08
5.33093e-08
3.74049e-07
2.59656e-08
1.28178e-06
2.03667e-08
-4.30809e-09
-2.69894e-07
3.25052e-09
1.5758e-08
-9.54673e-08
9.47415e-09
2.25284e-08
7.54067e-08
1.28527e-08
2.64601e-08
1.55422e-07
1.45013e-08
2.78329e-08
1.85158e-07
1.50284e-08
3.0967e-08
1.61676e-07
1.69772e-08
3.73228e-08
1.16444e-07
2.09512e-08
5.22506e-08
8.75693e-08
2.73234e-08
5.47676e-08
3.67634e-07
2.85219e-08
1.34049e-06
2.16383e-08
-1.80971e-09
2.43057e-09
-2.93014e-07
1.76081e-08
9.1841e-09
-1.17856e-07
2.45781e-08
1.34349e-08
6.46073e-08
2.83101e-08
1.57924e-08
1.47286e-07
2.95845e-08
1.67795e-08
1.78793e-07
3.23722e-08
1.90136e-08
1.53012e-07
3.85603e-08
2.32695e-08
1.0372e-07
5.30739e-08
2.99225e-08
6.64127e-08
5.75426e-08
3.12914e-08
3.58698e-07
2.3309e-08
1.40162e-06
-1.38408e-08
-1.07532e-07
7.72582e-09
4.48863e-09
7.11673e-08
9.74044e-09
1.01708e-08
1.69465e-07
1.09572e-08
1.47585e-08
2.29252e-07
1.08206e-08
1.78306e-08
2.47025e-07
1.06421e-08
2.38455e-08
2.45916e-07
1.17647e-08
3.26778e-08
2.39493e-07
1.41216e-08
4.99873e-08
2.79705e-07
1.79147e-08
5.25001e-08
4.6924e-07
1.80342e-08
1.12064e-06
1.49669e-08
-1.20014e-08
-1.28655e-07
7.62956e-09
6.21313e-09
5.14461e-08
1.01915e-08
1.17188e-08
1.61457e-07
1.18541e-08
1.608e-08
2.2194e-07
1.20146e-08
1.89623e-08
2.40579e-07
1.2015e-08
2.4838e-08
2.36267e-07
1.3332e-08
3.36738e-08
2.27239e-07
1.59371e-08
5.13316e-08
2.59751e-07
2.0025e-08
5.41142e-08
4.65708e-07
1.99452e-08
1.17626e-06
1.58676e-08
-1.00289e-08
-1.49513e-07
7.36173e-09
8.00584e-09
3.20752e-08
1.04969e-08
1.33315e-08
1.53839e-07
1.26796e-08
1.74571e-08
2.15067e-07
1.32046e-08
2.0144e-08
2.34504e-07
1.34274e-08
2.5852e-08
2.26912e-07
1.49656e-08
3.46633e-08
2.15095e-07
1.78462e-08
5.24796e-08
2.39681e-07
2.22614e-08
5.54168e-08
4.62052e-07
2.2019e-08
1.2332e-06
1.67728e-08
-7.95569e-09
-1.70019e-07
6.91611e-09
9.84647e-09
1.31004e-08
1.06366e-08
1.49971e-08
1.46606e-07
1.34152e-08
1.88835e-08
2.08647e-07
1.43765e-08
2.13738e-08
2.2882e-07
1.48697e-08
2.68884e-08
2.17892e-07
1.66568e-08
3.56567e-08
2.03083e-07
1.98396e-08
5.34783e-08
2.19629e-07
2.46118e-08
5.65335e-08
4.58293e-07
2.42616e-08
1.29132e-06
1.77048e-08
-5.81963e-09
-1.90097e-07
6.28966e-09
1.17149e-08
-5.45235e-09
1.05927e-08
1.67034e-08
1.3974e-07
1.40424e-08
2.03534e-08
2.0268e-07
1.5516e-08
2.26499e-08
2.23537e-07
1.63319e-08
2.79491e-08
2.0924e-07
1.83966e-08
3.66667e-08
1.91207e-07
2.19073e-08
5.44016e-08
1.99661e-07
2.70623e-08
5.76905e-08
4.54287e-07
2.66829e-08
1.35067e-06
1.87125e-08
-3.66642e-09
-2.09678e-07
5.48208e-09
1.35928e-08
-2.35875e-08
1.03506e-08
1.84379e-08
1.33204e-07
1.45438e-08
2.18613e-08
1.97148e-07
1.66091e-08
2.39704e-08
2.18652e-07
1.78044e-08
2.90365e-08
2.00976e-07
2.01758e-08
3.77088e-08
1.79447e-07
2.4039e-08
5.53512e-08
1.79744e-07
2.9598e-08
5.93088e-08
4.49553e-07
2.92981e-08
1.41173e-06
1.98943e-08
-1.44869e-09
4.48361e-09
-2.28857e-07
1.53234e-08
9.88398e-09
-4.10588e-08
2.02526e-08
1.48795e-08
1.2683e-07
2.33728e-08
1.76155e-08
1.92205e-07
2.53444e-08
1.92475e-08
2.14212e-07
3.01195e-08
2.19541e-08
1.9326e-07
3.88415e-08
2.6194e-08
1.678e-07
5.63266e-08
3.21753e-08
1.60006e-07
6.23534e-08
3.21082e-08
4.4271e-07
2.14354e-08
1.47596e-06
-1.14075e-08
-1.06199e-07
7.17134e-09
4.10078e-09
7.42861e-08
8.843e-09
8.63143e-09
1.67423e-07
1.05599e-08
1.31297e-08
2.19759e-07
1.07624e-08
1.70215e-08
2.36336e-07
1.08948e-08
2.45422e-08
2.44655e-07
1.18241e-08
3.46757e-08
2.57953e-07
1.34485e-08
5.32382e-08
3.2362e-07
1.60667e-08
5.64792e-08
5.09683e-07
1.53063e-08
1.18162e-06
1.31294e-08
-9.76776e-09
-1.22059e-07
7.05964e-09
5.64594e-09
5.98646e-08
9.19965e-09
9.9461e-09
1.63643e-07
1.13342e-08
1.42056e-08
2.15685e-07
1.18295e-08
1.79381e-08
2.32465e-07
1.21536e-08
2.53945e-08
2.37235e-07
1.32953e-08
3.5614e-08
2.48506e-07
1.51649e-08
5.46115e-08
3.06592e-07
1.80551e-08
5.81804e-08
5.08994e-07
1.70645e-08
1.24173e-06
1.39457e-08
-8.00525e-09
-1.37837e-07
6.78948e-09
7.26538e-09
4.56658e-08
9.42536e-09
1.13264e-08
1.60219e-07
1.20433e-08
1.53285e-08
2.11996e-07
1.28912e-08
1.88894e-08
2.28885e-07
1.34469e-08
2.62504e-08
2.30009e-07
1.48306e-08
3.65358e-08
2.39087e-07
1.698e-08
5.57757e-08
2.89429e-07
2.01847e-08
5.95361e-08
5.08254e-07
1.89987e-08
1.30329e-06
1.47499e-08
-6.14592e-09
-1.53481e-07
6.35557e-09
8.94356e-09
3.17101e-08
9.50325e-09
1.27652e-08
1.57139e-07
1.26732e-08
1.64952e-08
2.08706e-07
1.39372e-08
1.98747e-08
2.25608e-07
1.47674e-08
2.71106e-08
2.23007e-07
1.64237e-08
3.74513e-08
2.29697e-07
1.88886e-08
5.67801e-08
2.72262e-07
2.24504e-08
6.0674e-08
5.07499e-07
2.11231e-08
1.36611e-06
1.55639e-08
-4.22224e-09
-1.68945e-07
5.75457e-09
1.0665e-08
1.7998e-08
9.41807e-09
1.42551e-08
1.54382e-07
1.32097e-08
1.77028e-08
2.05818e-07
1.49565e-08
2.08935e-08
2.22641e-07
1.61079e-08
2.79766e-08
2.16252e-07
1.8068e-08
3.83733e-08
2.20323e-07
2.08847e-08
5.77049e-08
2.55147e-07
2.48456e-08
6.18297e-08
5.06599e-07
2.34581e-08
1.43022e-06
1.64364e-08
-2.27909e-09
-1.84183e-07
4.98614e-09
1.24157e-08
4.49851e-09
9.15593e-09
1.57893e-08
1.51914e-07
1.36389e-08
1.89499e-08
2.03328e-07
1.59386e-08
2.1946e-08
2.19989e-07
1.7461e-08
2.88512e-08
2.09766e-07
1.97564e-08
3.9318e-08
2.10933e-07
2.2962e-08
5.86622e-08
2.38038e-07
2.73625e-08
6.34526e-08
5.05075e-07
2.60321e-08
1.49611e-06
1.7468e-08
-3.81679e-10
4.05214e-09
-1.99233e-07
1.40418e-08
8.70894e-09
-8.74931e-09
1.74231e-08
1.39562e-08
1.49456e-07
2.02029e-08
1.68821e-08
2.01282e-07
2.30442e-08
1.88292e-08
2.17566e-07
2.96993e-08
2.14916e-08
2.03574e-07
4.03576e-08
2.5123e-08
2.01346e-07
5.96603e-08
3e-08
2.20911e-07
6.65901e-08
2.88903e-08
5.01363e-07
1.88744e-08
1.56526e-06
-7.68316e-09
-1.1638e-07
5.94506e-09
5.20116e-09
6.39821e-08
7.68905e-09
8.47595e-09
1.56235e-07
9.81974e-09
1.25618e-08
2.01118e-07
1.03439e-08
1.69659e-08
2.14405e-07
1.06819e-08
2.56578e-08
2.27078e-07
1.12866e-08
3.68223e-08
2.52849e-07
1.20435e-08
5.66823e-08
3.3766e-07
1.35459e-08
6.07255e-08
5.26588e-07
1.21417e-08
1.24924e-06
1.17174e-08
-6.20441e-09
-1.29599e-07
5.83095e-09
6.59619e-09
5.24209e-08
7.96074e-09
9.61578e-09
1.5408e-07
1.04691e-08
1.34638e-08
1.97819e-07
1.12809e-08
1.77479e-08
2.10458e-07
1.18173e-08
2.64494e-08
2.19037e-07
1.26351e-08
3.77713e-08
2.43083e-07
1.36096e-08
5.81334e-08
3.20024e-07
1.53291e-08
6.25628e-08
5.25561e-07
1.36623e-08
1.31333e-06
1.24256e-08
-4.62045e-09
-1.42792e-07
5.57727e-09
8.0619e-09
4.10473e-08
8.11702e-09
1.08165e-08
1.52309e-07
1.10599e-08
1.44047e-08
1.94912e-07
1.22104e-08
1.85533e-08
2.06775e-07
1.29817e-08
2.72326e-08
2.11144e-07
1.4044e-08
3.86982e-08
2.33322e-07
1.52755e-08
5.93539e-08
3.02294e-07
1.7259e-08
6.40049e-08
5.24545e-07
1.53634e-08
1.37898e-06
1.31035e-08
-2.95901e-09
-1.5592e-07
5.17927e-09
9.58576e-09
2.98631e-08
8.14334e-09
1.20734e-08
1.50915e-07
1.15799e-08
1.53824e-08
1.92417e-07
1.31235e-08
1.93814e-08
2.03374e-07
1.41687e-08
2.80069e-08
2.03435e-07
1.55079e-08
3.96128e-08
2.23566e-07
1.70379e-08
6.03969e-08
2.84626e-07
1.93349e-08
6.51829e-08
5.23618e-07
1.72646e-08
1.44596e-06
1.37711e-08
-1.27057e-09
-1.68928e-07
4.63479e-09
1.1155e-08
1.88307e-08
8.02544e-09
1.33823e-08
1.49881e-07
1.20174e-08
1.63955e-08
1.90349e-07
1.40112e-08
2.02322e-08
2.00274e-07
1.53719e-08
2.87734e-08
1.95941e-07
1.70209e-08
4.05284e-08
2.13803e-07
1.88929e-08
6.13502e-08
2.67095e-07
2.15548e-08
6.6344e-08
5.2269e-07
1.93929e-08
1.51427e-06
1.44754e-08
4.14003e-10
-1.8177e-07
3.9406e-09
1.27588e-08
7.88855e-09
7.75405e-09
1.47393e-08
1.49179e-07
1.2361e-08
1.74443e-08
1.88718e-07
1.48647e-08
2.11061e-08
1.97488e-07
1.65851e-08
2.95346e-08
1.88692e-07
1.85771e-08
4.14616e-08
2.04002e-07
2.08364e-08
6.23385e-08
2.49665e-07
2.39157e-08
6.79704e-08
5.21305e-07
2.17855e-08
1.5844e-06
1.53155e-08
2.48387e-09
3.09182e-09
-1.94915e-07
1.4251e-08
7.31702e-09
-2.48591e-09
1.61988e-08
1.25979e-08
1.4859e-07
1.84956e-08
1.5673e-08
1.87631e-07
2.20163e-08
1.77987e-08
1.94999e-07
3.02502e-08
2.01662e-08
1.81784e-07
4.2498e-08
2.28598e-08
1.94018e-07
6.3373e-08
2.64096e-08
2.32381e-07
7.12112e-08
2.44883e-08
5.17869e-07
1.6503e-08
1.65799e-06
-4.2319e-09
-1.2361e-07
4.52382e-09
6.53445e-09
5.76149e-08
6.379e-09
8.59157e-09
1.49234e-07
8.62388e-09
1.21518e-08
1.87187e-07
9.33502e-09
1.68776e-08
1.94667e-07
9.75487e-09
2.6549e-08
2.06726e-07
1.00843e-08
3.86595e-08
2.3789e-07
1.01561e-08
6.01296e-08
3.33988e-07
1.09435e-08
6.53903e-08
5.23743e-07
9.22981e-09
1.31632e-06
1.06987e-08
-2.92399e-09
-1.35057e-07
4.41761e-09
7.78941e-09
4.8276e-08
6.58694e-09
9.59245e-09
1.48737e-07
9.16442e-09
1.29249e-08
1.84983e-07
1.01522e-08
1.7566e-08
1.91072e-07
1.07723e-08
2.73108e-08
1.98308e-07
1.13079e-08
3.96379e-08
2.2761e-07
1.15629e-08
6.16669e-08
3.14783e-07
1.25051e-08
6.73793e-08
5.21188e-07
1.05053e-08
1.38483e-06
1.12985e-08
-1.54007e-09
-1.46495e-07
4.19489e-09
9.11228e-09
3.90459e-08
6.69544e-09
1.06514e-08
1.48603e-07
9.65485e-09
1.37324e-08
1.8315e-07
1.09627e-08
1.82721e-08
1.87697e-07
1.18167e-08
2.80581e-08
1.89976e-07
1.25906e-08
4.05949e-08
2.17279e-07
1.30704e-08
6.29508e-08
2.95472e-07
1.42143e-08
6.89151e-08
5.18625e-07
1.19627e-08
1.455e-06
1.18514e-08
-1.89595e-10
-1.57794e-07
3.84978e-09
1.04925e-08
2.98143e-08
6.69353e-09
1.17662e-08
1.48825e-07
1.00849e-08
1.4573e-08
1.81708e-07
1.17591e-08
1.89954e-08
1.84561e-07
1.28825e-08
2.87902e-08
1.81762e-07
1.39275e-08
4.15412e-08
2.06889e-07
1.46766e-08
6.40408e-08
2.76235e-07
1.60731e-08
7.01344e-08
5.16171e-07
1.36251e-08
1.52653e-06
1.23754e-08
1.51759e-09
-1.69243e-07
3.37712e-09
1.19205e-08
2.0866e-08
6.5716e-09
1.29344e-08
1.49384e-07
1.04445e-08
1.54464e-08
1.80674e-07
1.25335e-08
1.9736e-08
1.8168e-07
1.39642e-08
2.95081e-08
1.73697e-07
1.53137e-08
4.24913e-08
1.9642e-07
1.63792e-08
6.50352e-08
2.57163e-07
1.80823e-08
7.12991e-08
5.13777e-07
1.55236e-08
1.5994e-06
1.29143e-08
3.14225e-09
-1.8074e-07
2.77639e-09
1.33905e-08
1.20543e-08
6.31838e-09
1.41548e-08
1.50257e-07
1.07243e-08
1.63545e-08
1.80061e-07
1.32788e-08
2.04952e-08
1.79068e-07
1.50562e-08
3.02145e-08
1.65811e-07
1.67439e-08
4.34631e-08
1.85833e-07
1.81754e-08
6.60747e-08
2.38226e-07
2.02418e-08
7.29296e-08
5.11008e-07
1.76995e-08
1.67409e-06
1.35638e-08
4.94083e-09
2.04387e-09
-1.92566e-07
1.47652e-08
5.92679e-09
3.62108e-09
1.54803e-08
1.09169e-08
1.51224e-07
1.72647e-08
1.39902e-08
1.7996e-07
2.12869e-08
1.61557e-08
1.76689e-07
3.08638e-08
1.82147e-08
1.58186e-07
4.45574e-08
2.00635e-08
1.74936e-07
6.71702e-08
2.25506e-08
2.19472e-07
7.6293e-08
2.02071e-08
5.06167e-07
1.4537e-08
1.75235e-06
-1.33268e-09
-1.2481e-07
3.3059e-09
7.78704e-09
5.8206e-08
5.11577e-09
8.73225e-09
1.50357e-07
7.33102e-09
1.16828e-08
1.83529e-07
8.10427e-09
1.64765e-08
1.85374e-07
8.53921e-09
2.68512e-08
1.94797e-07
8.70732e-09
3.97328e-08
2.27006e-07
8.37054e-09
6.30995e-08
3.28313e-07
8.89343e-09
7.01494e-08
5.12941e-07
7.21174e-09
1.38518e-06
1.03504e-08
-3.11084e-10
-1.35139e-07
3.21058e-09
8.90525e-09
5.03005e-08
5.27675e-09
9.61753e-09
1.51035e-07
7.77405e-09
1.23551e-08
1.82144e-07
8.79999e-09
1.70918e-08
1.81985e-07
9.42459e-09
2.75888e-08
1.85826e-07
9.78203e-09
4.07328e-08
2.15832e-07
9.5931e-09
6.47141e-08
3.06618e-07
1.02191e-08
7.23007e-08
5.07602e-07
8.25833e-09
1.45791e-06
1.08695e-08
9.89474e-10
-1.45646e-07
3.01658e-09
1.00878e-08
4.25412e-08
5.35723e-09
1.05592e-08
1.52044e-07
8.17536e-09
1.30598e-08
1.81116e-07
9.49079e-09
1.77232e-08
1.78804e-07
1.03354e-08
2.83106e-08
1.76916e-07
1.09132e-08
4.17179e-08
2.04582e-07
1.09136e-08
6.60514e-08
2.84813e-07
1.16862e-08
7.39324e-08
5.02201e-07
9.48252e-09
1.53237e-06
1.13258e-08
2.31022e-09
-1.56296e-07
2.72024e-09
1.13277e-08
3.48724e-08
5.34568e-09
1.15566e-08
1.53374e-07
8.5264e-09
1.37964e-08
1.80465e-07
1.01703e-08
1.83707e-08
1.75845e-07
1.1267e-08
2.90162e-08
1.68102e-07
1.2097e-08
4.27006e-08
1.93243e-07
1.23313e-08
6.71796e-08
2.63109e-07
1.32986e-08
7.51883e-08
4.96908e-07
1.09094e-08
1.60821e-06
1.17347e-08
3.63398e-09
-1.67074e-07
2.31846e-09
1.26197e-08
2.72274e-08
5.23159e-09
1.26095e-08
1.55011e-07
8.81877e-09
1.45659e-08
1.8021e-07
1.08323e-08
1.90352e-08
1.73126e-07
1.22148e-08
2.97072e-08
1.59414e-07
1.33295e-08
4.36974e-08
1.81788e-07
1.38452e-08
6.8211e-08
2.41618e-07
1.50597e-08
7.63478e-08
4.91724e-07
1.25717e-08
1.68534e-06
1.21363e-08
4.95861e-09
-1.78003e-07
1.80919e-09
1.39611e-08
1.95378e-08
5.00639e-09
1.37187e-08
1.56933e-07
9.04461e-09
1.53713e-08
1.80366e-07
1.14706e-08
1.97182e-08
1.70661e-07
1.31743e-08
3.03866e-08
1.50884e-07
1.46063e-08
4.47284e-08
1.70168e-07
1.5454e-08
6.93057e-08
2.20311e-07
1.69716e-08
7.79736e-08
4.86243e-07
1.45126e-08
1.76426e-06
1.26211e-08
6.47932e-09
1.19636e-09
-1.8942e-07
1.5219e-08
4.66313e-09
1.20626e-08
1.49376e-08
9.19763e-09
1.58935e-07
1.61819e-08
1.20806e-08
1.81032e-07
2.04355e-08
1.41419e-08
1.68422e-07
3.1004e-08
1.59238e-08
1.42607e-07
4.59101e-08
1.71559e-08
1.5817e-07
7.0474e-08
1.9034e-08
1.99265e-07
8.14665e-08
1.67869e-08
4.78671e-07
1.33969e-08
1.84688e-06
1.1395e-09
-1.23435e-07
2.37303e-09
8.90172e-09
6.21466e-08
3.95168e-09
8.84834e-09
1.56617e-07
6.00883e-09
1.11522e-08
1.88517e-07
6.72448e-09
1.58047e-08
1.87171e-07
7.11289e-09
2.66176e-08
1.95137e-07
7.2185e-09
4.00524e-08
2.27702e-07
6.72988e-09
6.5455e-08
3.31363e-07
7.37653e-09
7.47907e-08
5.03914e-07
6.00255e-09
1.45693e-06
1.05045e-08
2.13633e-09
-1.33281e-07
2.28321e-09
9.90067e-09
5.55716e-08
4.08816e-09
9.64127e-09
1.58283e-07
6.36768e-09
1.17465e-08
1.87911e-07
7.30109e-09
1.63599e-08
1.84127e-07
7.85573e-09
2.73269e-08
1.85829e-07
8.12318e-09
4.10527e-08
2.15823e-07
7.74629e-09
6.71268e-08
3.07051e-07
8.45802e-09
7.71049e-08
4.95355e-07
6.83926e-09
1.53393e-06
1.09725e-08
3.18296e-09
-1.43275e-07
2.11449e-09
1.09648e-08
4.89908e-08
4.15709e-09
1.04901e-08
1.6024e-07
6.69364e-09
1.23731e-08
1.87644e-07
7.87562e-09
1.69323e-08
1.8128e-07
8.62301e-09
2.80218e-08
1.76573e-07
9.08054e-09
4.20469e-08
2.03858e-07
8.85405e-09
6.84947e-08
2.82621e-07
9.6681e-09
7.88255e-08
4.86664e-07
7.84337e-09
1.61272e-06
1.1364e-08
4.27077e-09
-1.53426e-07
1.86257e-09
1.20895e-08
4.23691e-08
4.14949e-09
1.13958e-08
1.62481e-07
6.97971e-09
1.30323e-08
1.87735e-07
8.44294e-09
1.75225e-08
1.78647e-07
9.41111e-09
2.87023e-08
1.67402e-07
1.00879e-08
4.30505e-08
1.91788e-07
1.00537e-08
6.96372e-08
2.58321e-07
1.10128e-08
8.01039e-08
4.78066e-07
9.04084e-09
1.69288e-06
1.16913e-08
5.37945e-09
-1.6376e-07
1.52351e-09
1.3271e-08
3.56536e-08
4.05646e-09
1.23598e-08
1.64993e-07
7.21895e-09
1.37262e-08
1.88204e-07
8.99795e-09
1.8132e-08
1.7624e-07
1.02165e-08
2.93708e-08
1.58351e-07
1.11424e-08
4.40826e-08
1.79576e-07
1.13457e-08
7.06828e-08
2.34283e-07
1.24974e-08
8.12375e-08
4.69619e-07
1.04649e-08
1.77427e-06
1.19903e-08
6.48042e-09
-1.74323e-07
1.09416e-09
1.45073e-08
2.87643e-08
3.86968e-09
1.33846e-08
1.67756e-07
7.40465e-09
1.44589e-08
1.89065e-07
9.53574e-09
1.87633e-08
1.74074e-07
1.10356e-08
3.00313e-08
1.49449e-07
1.22411e-08
4.51663e-08
1.67165e-07
1.27302e-08
7.18145e-08
2.1048e-07
1.41266e-08
8.28339e-08
4.60953e-07
1.21587e-08
1.85738e-06
1.23446e-08
7.7659e-09
5.64019e-10
-1.85451e-07
1.5669e-08
3.58198e-09
2.19433e-08
1.45232e-08
7.53165e-09
1.70569e-07
1.52014e-08
1.00531e-08
1.90415e-07
1.94338e-08
1.18665e-08
1.72118e-07
3.06284e-08
1.33821e-08
1.40796e-07
4.64347e-08
1.42079e-08
1.54307e-07
7.30432e-08
1.59038e-08
1.87003e-07
8.64384e-08
1.41772e-08
4.50168e-07
1.29548e-08
1.94427e-06
3.26038e-09
-1.22867e-07
1.76717e-09
9.91095e-09
6.77373e-08
3.01604e-09
9.0383e-09
1.65699e-07
4.78923e-09
1.07118e-08
1.99556e-07
5.37208e-09
1.50833e-08
1.98313e-07
5.67366e-09
2.61241e-08
2.07873e-07
5.77728e-09
3.98883e-08
2.42743e-07
5.30186e-09
6.72909e-08
3.49691e-07
6.26916e-09
7.9203e-08
5.04732e-07
5.29721e-09
1.53359e-06
1.08366e-08
4.08069e-09
-1.32443e-07
1.69872e-09
1.08168e-08
6.19523e-08
3.13806e-09
9.7582e-09
1.6805e-07
5.07644e-09
1.12484e-08
1.99532e-07
5.83541e-09
1.55911e-08
1.95555e-07
6.27103e-09
2.68053e-08
1.98281e-07
6.50148e-09
4.0873e-08
2.3032e-07
6.10155e-09
6.90103e-08
3.22905e-07
7.10659e-09
8.16893e-08
4.92953e-07
5.93929e-09
1.61498e-06
1.12743e-08
4.95712e-09
-1.42239e-07
1.57047e-09
1.17887e-08
5.60727e-08
3.20603e-09
1.05342e-08
1.70659e-07
5.33899e-09
1.18178e-08
1.99825e-07
6.29916e-09
1.61182e-08
1.92987e-07
6.89099e-09
2.74742e-08
1.88734e-07
7.27218e-09
4.1862e-08
2.17805e-07
6.98143e-09
7.0396e-08
2.95987e-07
8.05259e-09
8.3502e-08
4.8096e-07
6.73138e-09
1.69823e-06
1.1623e-08
5.87218e-09
-1.52282e-07
1.37825e-09
1.28231e-08
5.00595e-08
3.21256e-09
1.13686e-08
1.73523e-07
5.57127e-09
1.2421e-08
2.00457e-07
6.75928e-09
1.6666e-08
1.90623e-07
7.53089e-09
2.81318e-08
1.79268e-07
8.08785e-09
4.28737e-08
2.05174e-07
7.9433e-09
7.15369e-08
2.69222e-07
9.11473e-09
8.47981e-08
4.69041e-07
7.6991e-09
1.78283e-06
1.18923e-08
6.80517e-09
-1.62611e-07
1.11842e-09
1.39178e-08
4.38539e-08
3.15042e-09
1.22644e-08
1.76628e-07
5.76777e-09
1.30613e-08
2.01447e-07
7.21189e-09
1.72367e-08
1.88476e-07
8.18826e-09
2.87813e-08
1.6992e-07
8.9469e-09
4.39309e-08
1.92382e-07
8.98902e-09
7.25789e-08
2.42772e-07
1.03003e-08
8.58923e-08
4.57318e-07
8.87481e-09
1.86861e-06
1.21129e-08
7.73377e-09
-1.7328e-07
7.8751e-10
1.50727e-08
3.73733e-08
3.01222e-09
1.32256e-08
1.79958e-07
5.923e-09
1.37434e-08
2.02812e-07
7.65324e-09
1.78336e-08
1.86561e-07
8.86079e-09
2.9428e-08
1.60719e-07
9.84781e-09
4.50609e-08
1.79359e-07
1.01204e-08
7.37307e-08
2.16613e-07
1.16161e-08
8.74358e-08
4.45472e-07
1.03e-08
1.95603e-06
1.23606e-08
8.87496e-09
3.78291e-10
-1.84663e-07
1.6159e-08
2.79001e-09
3.08822e-08
1.43041e-08
6.0316e-09
1.83313e-07
1.44402e-08
8.07976e-09
2.04649e-07
1.84762e-08
9.54664e-09
1.84845e-07
3.0012e-08
1.07894e-08
1.51777e-07
4.64137e-08
1.13397e-08
1.65826e-07
7.50063e-08
1.30687e-08
1.90856e-07
9.11245e-08
1.20282e-08
4.31503e-07
1.2824e-08
2.0473e-06
4.89384e-09
-1.23078e-07
1.3038e-09
1.08407e-08
7.45973e-08
2.33851e-09
9.3557e-09
1.75576e-07
3.70164e-09
1.04644e-08
2.13535e-07
4.12775e-09
1.44997e-08
2.15256e-07
4.32547e-09
2.56477e-08
2.29659e-07
4.4518e-09
3.95664e-08
2.6965e-07
4.06192e-09
6.88241e-08
3.82949e-07
5.34171e-09
8.33918e-08
5.17448e-07
4.66769e-09
1.6152e-06
1.09339e-08
5.57772e-09
-1.32332e-07
1.26177e-09
1.16696e-08
6.92072e-08
2.43711e-09
1.00171e-08
1.78381e-07
3.92471e-09
1.09616e-08
2.13941e-07
4.48528e-09
1.49737e-08
2.12732e-07
4.78281e-09
2.63071e-08
2.19827e-07
4.99996e-09
4.05306e-08
2.56876e-07
4.65279e-09
7.05952e-08
3.5404e-07
5.95071e-09
8.60655e-08
5.0279e-07
5.12688e-09
1.70119e-06
1.13473e-08
6.31258e-09
-1.41869e-07
1.17557e-09
1.25643e-08
6.36674e-08
2.49502e-09
1.07352e-08
1.8142e-07
4.13027e-09
1.14919e-08
2.14639e-07
4.84477e-09
1.54695e-08
2.10386e-07
5.25982e-09
2.69566e-08
2.10026e-07
5.58638e-09
4.15092e-08
2.43996e-07
5.3093e-09
7.19998e-08
3.2496e-07
6.64303e-09
8.79818e-08
4.87827e-07
5.7121e-09
1.78914e-06
1.16607e-08
7.08297e-09
-1.51714e-07
1.04124e-09
1.35223e-08
5.79352e-08
2.50637e-09
1.15131e-08
1.84687e-07
4.3139e-09
1.20573e-08
2.15651e-07
5.20316e-09
1.5989e-08
2.08231e-07
5.75467e-09
2.75981e-08
2.00295e-07
6.21039e-09
4.25245e-08
2.30979e-07
6.034e-09
7.31364e-08
2.96036e-07
7.42667e-09
8.93011e-08
4.72915e-07
6.44727e-09
1.87846e-06
1.18802e-08
7.87242e-09
-1.61907e-07
8.56032e-10
1.45429e-08
5.19503e-08
2.46573e-09
1.23549e-08
1.88172e-07
4.47154e-09
1.26614e-08
2.17e-07
5.55771e-09
1.6535e-08
2.0628e-07
6.26586e-09
2.82357e-08
1.9067e-07
6.87145e-09
4.36037e-08
2.17771e-07
6.82971e-09
7.4169e-08
2.67462e-07
8.30983e-09
9.03525e-08
4.58244e-07
7.36236e-09
1.9689e-06
1.20316e-08
8.66499e-09
-1.72497e-07
6.17636e-10
1.56281e-08
4.56331e-08
2.36733e-09
1.32662e-08
1.91858e-07
4.59889e-09
1.33104e-08
2.18704e-07
5.90568e-09
1.71119e-08
2.04548e-07
6.792e-09
2.88763e-08
1.81185e-07
7.56918e-09
4.47789e-08
2.04289e-07
7.6995e-09
7.53334e-08
2.39223e-07
9.30067e-09
9.18287e-08
4.43554e-07
8.49545e-09
2.06092e-06
1.21809e-08
9.68699e-09
3.28629e-10
-1.83858e-07
1.66517e-08
2.20827e-09
3.92511e-08
1.42984e-08
4.69197e-09
1.95552e-07
1.39787e-08
6.24401e-09
2.2086e-07
1.77418e-08
7.33161e-09
2.03e-07
2.94553e-08
8.30314e-09
1.71958e-07
4.62193e-08
8.64694e-09
1.90219e-07
7.66519e-08
1.04079e-08
2.11452e-07
9.55797e-08
9.89679e-09
4.26758e-07
1.25014e-08
2.15682e-06
6.08099e-09
-1.22371e-07
8.88911e-10
1.16219e-08
8.00557e-08
1.7773e-09
9.73169e-09
1.84755e-07
2.71594e-09
1.04138e-08
2.27738e-07
2.99795e-09
1.41279e-08
2.3421e-07
3.10851e-09
2.53399e-08
2.5562e-07
3.25413e-09
3.9296e-08
3.0277e-07
2.96389e-09
7.02392e-08
4.2531e-07
4.38835e-09
8.74099e-08
5.38104e-07
3.8179e-09
1.70006e-06
1.04239e-08
6.65444e-09
-1.31338e-07
8.57208e-10
1.23902e-08
7.4913e-08
1.84499e-09
1.03538e-08
1.87838e-07
2.87883e-09
1.08878e-08
2.28432e-07
3.25775e-09
1.45811e-08
2.31864e-07
3.43664e-09
2.59862e-08
2.45574e-07
3.64138e-09
4.02399e-08
2.898e-07
3.36893e-09
7.2068e-08
3.94634e-07
4.79947e-09
9.02833e-08
5.20904e-07
4.11248e-09
1.79089e-06
1.08059e-08
7.27977e-09
-1.40603e-07
7.93681e-10
1.32236e-08
6.9581e-08
1.88422e-09
1.10325e-08
1.9113e-07
3.03e-09
1.1395e-08
2.29395e-07
3.52e-09
1.50583e-08
2.2968e-07
3.78045e-09
2.66243e-08
2.35537e-07
4.05733e-09
4.12075e-08
2.76703e-07
3.82316e-09
7.34946e-08
3.63723e-07
5.26693e-09
9.23129e-08
5.03292e-07
4.50548e-09
1.88379e-06
1.10778e-08
7.94341e-09
-1.5019e-07
6.95201e-10
1.41207e-08
6.40208e-08
1.89029e-09
1.17715e-08
1.94627e-07
3.16612e-09
1.19379e-08
2.30649e-07
3.78249e-09
1.55617e-08
2.27673e-07
4.13873e-09
2.72572e-08
2.25551e-07
4.50183e-09
4.22253e-08
2.63441e-07
4.32925e-09
7.46266e-08
3.32951e-07
5.79804e-09
9.36604e-08
4.85688e-07
5.01766e-09
1.97809e-06
1.12429e-08
8.62833e-09
-1.60135e-07
5.59972e-10
1.50818e-08
5.81748e-08
1.85918e-09
1.25759e-08
1.98321e-07
3.28431e-09
1.25207e-08
2.32219e-07
4.04335e-09
1.60952e-08
2.25854e-07
4.51065e-09
2.78904e-08
2.15652e-07
4.97504e-09
4.33254e-08
2.49945e-07
4.89037e-09
7.56462e-08
3.02539e-07
6.40065e-09
9.46671e-08
4.68355e-07
5.67499e-09
2.07348e-06
1.13219e-08
9.30945e-09
-1.70496e-07
3.88096e-10
1.61107e-08
5.1955e-08
1.78696e-09
1.34524e-08
2.02198e-07
3.3814e-09
1.31505e-08
2.34127e-07
4.30064e-09
1.66636e-08
2.24237e-07
4.89552e-09
2.8532e-08
2.05876e-07
5.47732e-09
4.4546e-08
2.36121e-07
5.51012e-09
7.68181e-08
2.72485e-07
7.08289e-09
9.60654e-08
4.51093e-07
6.51044e-09
2.17036e-06
1.1371e-08
1.0196e-08
1.88054e-10
-1.8165e-07
1.70849e-08
1.66641e-09
4.5609e-08
1.44533e-08
3.45271e-09
2.06069e-07
1.38039e-08
4.55138e-09
2.36469e-07
1.72928e-08
5.29188e-09
2.22789e-07
2.91134e-08
6.00837e-09
1.96351e-07
4.60756e-08
6.19186e-09
2.21615e-07
7.81782e-08
7.85322e-09
2.42938e-07
9.98614e-08
7.56512e-09
4.31742e-07
1.15457e-08
2.27118e-06
6.78268e-09
-1.22636e-07
5.95457e-10
1.22195e-08
8.40251e-08
1.22437e-09
1.01043e-08
1.9219e-07
1.79391e-09
1.0498e-08
2.39998e-07
1.95489e-09
1.39456e-08
2.51606e-07
2.0088e-09
2.52219e-08
2.8049e-07
2.14704e-09
3.91333e-08
3.35093e-07
1.95417e-09
7.16282e-08
4.67862e-07
3.25331e-09
9.13189e-08
5.57951e-07
2.69918e-09
1.78535e-06
8.9926e-09
7.28366e-09
-1.31695e-07
5.72574e-10
1.29509e-08
7.89381e-08
1.26574e-09
1.07046e-08
1.95415e-07
1.90091e-09
1.09612e-08
2.40876e-07
2.12424e-09
1.43877e-08
2.49397e-07
2.21967e-09
2.58609e-08
2.70266e-07
2.39239e-09
4.00545e-08
3.22066e-07
2.20282e-09
7.35075e-08
4.35705e-07
3.50367e-09
9.43893e-08
5.38321e-07
2.86044e-09
1.88123e-06
9.32171e-09
7.84086e-09
-1.41076e-07
5.29225e-10
1.37479e-08
7.3627e-08
1.28925e-09
1.13612e-08
1.98831e-07
2.00082e-09
1.14575e-08
2.42004e-07
2.29569e-09
1.48552e-08
2.47339e-07
2.44136e-09
2.64929e-08
2.60029e-07
2.65647e-09
4.1007e-08
3.08891e-07
2.48401e-09
7.49442e-08
4.03249e-07
3.78605e-09
9.65252e-08
5.18154e-07
3.09171e-09
1.9793e-06
9.53384e-09
8.44027e-09
-1.50798e-07
4.6312e-10
1.46101e-08
6.80568e-08
1.29158e-09
1.20786e-08
2.02438e-07
2.09135e-09
1.19899e-08
2.43408e-07
2.46774e-09
1.53514e-08
2.45443e-07
2.67316e-09
2.71215e-08
2.49822e-07
2.9394e-09
4.20214e-08
2.95521e-07
2.79986e-09
7.60543e-08
3.70908e-07
4.10593e-09
9.78886e-08
4.97928e-07
3.40933e-09
2.07881e-06
9.63065e-09
9.06669e-09
-1.60891e-07
3.72735e-10
1.55389e-08
6.21747e-08
1.27021e-09
1.28624e-08
2.06229e-07
2.17081e-09
1.25631e-08
2.45112e-07
2.63934e-09
1.58803e-08
2.43722e-07
2.91473e-09
2.77534e-08
2.39683e-07
3.24152e-09
4.31347e-08
2.81877e-07
3.15301e-09
7.70385e-08
3.38936e-07
4.46951e-09
9.88323e-08
4.77976e-07
3.83384e-09
2.17934e-06
9.6286e-09
9.7048e-09
-1.71392e-07
2.58152e-10
1.65376e-08
5.59068e-08
1.22304e-09
1.37199e-08
2.10191e-07
2.23736e-09
1.31847e-08
2.47138e-07
2.80937e-09
1.6448e-08
2.42189e-07
3.1658e-09
2.83981e-08
2.29647e-07
3.56344e-09
4.43911e-08
2.67848e-07
3.54658e-09
7.81912e-08
3.07336e-07
4.88348e-09
1.00127e-07
4.58159e-07
4.39163e-09
2.28127e-06
9.57426e-09
1.05808e-08
1.17996e-10
-1.82638e-07
1.74819e-08
1.14458e-09
4.95286e-08
1.47033e-08
2.28758e-09
2.14135e-07
1.38321e-08
2.97558e-09
2.49586e-07
1.7083e-08
3.42536e-09
2.40805e-07
2.8983e-08
3.90497e-09
2.19851e-07
4.59999e-08
3.98314e-09
2.5304e-07
7.95626e-08
5.3546e-09
2.76272e-07
1.03938e-07
5.11565e-09
4.36234e-07
9.59941e-09
2.38716e-06
7.16722e-09
-1.2287e-07
3.30799e-10
1.26363e-08
8.65395e-08
6.34117e-10
1.04124e-08
1.97412e-07
8.98291e-10
1.06308e-08
2.48907e-07
9.66283e-10
1.38889e-08
2.64717e-07
9.87932e-10
2.52401e-08
2.99776e-07
1.07572e-09
3.90695e-08
3.60417e-07
9.79244e-10
7.29798e-08
5.01902e-07
1.79688e-09
9.49547e-08
5.70471e-07
1.3923e-09
1.86747e-06
5.73996e-09
7.6348e-09
-1.32022e-07
3.20592e-10
1.33482e-08
8.14372e-08
6.55594e-10
1.10025e-08
2.00707e-07
9.52263e-10
1.10903e-08
2.49893e-07
1.05019e-09
1.43256e-08
2.6261e-07
1.09107e-09
2.58755e-08
2.89424e-07
1.19449e-09
3.99687e-08
3.47431e-07
1.09646e-09
7.48891e-08
4.6857e-07
1.91556e-09
9.81851e-08
5.48578e-07
1.45781e-09
1.96904e-06
5.94227e-09
8.16043e-09
-1.4151e-07
3.01119e-10
1.41259e-08
7.60932e-08
6.68774e-10
1.16486e-08
2.04182e-07
1.00308e-09
1.15829e-08
2.5112e-07
1.13538e-09
1.47891e-08
2.60646e-07
1.19971e-09
2.6504e-08
2.79044e-07
1.32234e-09
4.09054e-08
3.34284e-07
1.22986e-09
7.63113e-08
4.34903e-07
2.04725e-09
1.00387e-07
5.26033e-07
1.56152e-09
2.07291e-06
6.05299e-09
8.73084e-09
-1.5135e-07
2.71197e-10
1.49696e-08
7.04752e-08
6.71834e-10
1.23555e-08
2.07839e-07
1.04951e-09
1.21115e-08
2.5261e-07
1.22104e-09
1.52828e-08
2.58835e-07
1.31348e-09
2.71303e-08
2.68677e-07
1.45947e-09
4.19142e-08
3.20919e-07
1.38063e-09
7.73723e-08
4.01356e-07
2.19503e-09
1.01724e-07
5.03377e-07
1.71289e-09
2.17819e-06
6.07464e-09
9.33215e-09
-1.61571e-07
2.30043e-10
1.58811e-08
6.45341e-08
6.63506e-10
1.31291e-08
2.11671e-07
1.09075e-09
1.26813e-08
2.54391e-07
1.30667e-09
1.58112e-08
2.57187e-07
1.43234e-09
2.77619e-08
2.58362e-07
1.60608e-09
4.30368e-08
3.07247e-07
1.55034e-09
7.82922e-08
3.68208e-07
2.36252e-09
1.02562e-07
4.81018e-07
1.92394e-09
2.28437e-06
6.01842e-09
9.95102e-09
-1.72206e-07
1.76983e-10
1.68639e-08
5.82027e-08
6.42502e-10
1.3977e-08
2.1567e-07
1.12574e-09
1.33002e-08
2.56486e-07
1.39166e-09
1.63811e-08
2.55717e-07
1.55606e-09
2.84093e-08
2.48135e-07
1.76266e-09
4.4323e-08
2.9314e-07
1.74081e-09
7.93969e-08
3.35464e-07
2.55363e-09
1.0371e-07
4.58885e-07
2.21046e-09
2.39175e-06
5.91425e-09
1.08207e-08
1.14461e-10
-1.83608e-07
1.77931e-08
6.09181e-10
5.17668e-08
1.49521e-08
1.15394e-09
2.19646e-07
1.39464e-08
1.47516e-09
2.58993e-07
1.70236e-08
1.68461e-09
2.5438e-07
2.89967e-08
1.92909e-09
2.38138e-07
4.60006e-08
1.95321e-09
2.78166e-07
8.0759e-08
2.77321e-09
3.03288e-07
1.07488e-07
2.59079e-09
4.34681e-07
5.84352e-09
2.503e-06
7.3959e-09
-1.21467e-07
1.2857e-08
8.83701e-08
1.05861e-08
2.00244e-07
1.07249e-08
2.53618e-07
1.38906e-08
2.71705e-07
2.53205e-08
3.10279e-07
3.90886e-08
3.74162e-07
7.41868e-08
5.20837e-07
9.7919e-08
5.7294e-07
1.94058e-06
7.83347e-09
-1.30544e-07
1.35565e-08
8.33036e-08
1.11707e-08
2.03582e-07
1.11834e-08
2.54656e-07
1.4325e-08
2.69654e-07
2.59546e-08
2.99844e-07
3.99716e-08
3.61242e-07
7.60963e-08
4.86628e-07
1.01238e-07
5.49256e-07
2.04776e-06
8.32511e-09
-1.3997e-07
1.4321e-08
7.79774e-08
1.18107e-08
2.07096e-07
1.16746e-08
2.55928e-07
1.47869e-08
2.67742e-07
2.65814e-08
2.89372e-07
4.08964e-08
3.48157e-07
7.74731e-08
4.52099e-07
1.03436e-07
5.24854e-07
2.15726e-06
8.85849e-09
-1.49762e-07
1.51513e-08
7.23574e-08
1.25115e-08
2.10786e-07
1.22018e-08
2.57459e-07
1.52799e-08
2.65978e-07
2.72059e-08
2.78906e-07
4.19006e-08
3.34843e-07
7.84545e-08
4.17741e-07
1.04685e-07
5.00336e-07
2.26802e-06
9.42238e-09
-1.59947e-07
1.60496e-08
6.63948e-08
1.3279e-08
2.14648e-07
1.27701e-08
2.59275e-07
1.58087e-08
2.64372e-07
2.78366e-08
2.68484e-07
4.30288e-08
3.21202e-07
7.92805e-08
3.83852e-07
1.05365e-07
4.76176e-07
2.37941e-06
1.00068e-08
-1.70558e-07
1.70201e-08
6.0025e-08
1.41211e-08
2.18673e-07
1.33878e-08
2.614e-07
1.63806e-08
2.62935e-07
2.84847e-08
2.58143e-07
4.43353e-08
3.07092e-07
8.03076e-08
3.50433e-07
1.06326e-07
4.52367e-07
2.49166e-06
1.08489e-08
-1.81932e-07
1.79372e-08
5.3547e-08
1.50908e-08
2.22674e-07
1.40329e-08
2.63933e-07
1.70279e-08
2.61625e-07
2.90712e-08
2.4803e-07
4.60619e-08
2.92055e-07
8.16358e-08
3.17633e-07
1.10024e-07
4.26571e-07
2.60754e-06
-3.91988e-11
1.23768e-09
1.31806e-09
-2.14577e-11
1.66242e-09
2.28441e-09
1.40272e-11
1.64462e-09
2.28415e-09
1.21249e-09
1.31766e-09
-6.79108e-11
2.88524e-09
2.44921e-09
-5.98467e-11
4.16298e-09
4.61738e-09
-5.64996e-12
4.09885e-09
4.61654e-09
2.78633e-09
2.44798e-09
-1.22045e-10
4.52374e-09
2.85454e-09
-1.1888e-10
6.71668e-09
5.57254e-09
-2.67376e-11
6.56311e-09
5.57055e-09
4.2755e-09
2.85172e-09
-2.12286e-10
6.04482e-09
2.91944e-09
-2.19594e-10
9.01304e-09
5.7923e-09
-6.3186e-11
8.69489e-09
5.78836e-09
5.51967e-09
2.91376e-09
-3.80812e-10
7.46709e-09
2.84025e-09
-3.64513e-10
1.08729e-08
5.66879e-09
-9.84642e-11
1.03033e-08
5.66256e-09
6.45945e-09
2.83055e-09
-5.62038e-10
8.78069e-09
2.73519e-09
-4.2104e-10
1.21371e-08
5.43852e-09
-6.25861e-11
1.13476e-08
5.43307e-09
7.14238e-09
2.72496e-09
-3.53223e-11
2.73464e-09
9.25518e-09
2.18993e-10
5.27746e-09
1.27999e-08
3.15222e-10
5.28756e-09
1.21679e-08
2.75278e-09
7.89305e-09
1.74724e-11
6.56263e-10
6.47769e-10
-4.662e-11
1.23536e-09
1.11659e-09
-7.53433e-11
1.19984e-09
1.11648e-09
5.9822e-10
6.4754e-10
-7.09859e-11
1.96634e-09
1.21357e-09
-1.28271e-10
3.62009e-09
2.2934e-09
-8.40561e-11
3.48275e-09
2.29289e-09
1.75274e-09
1.21285e-09
-2.26617e-10
3.59727e-09
1.45369e-09
-2.60264e-10
6.37561e-09
2.85414e-09
-9.40211e-11
6.03769e-09
2.85283e-09
3.06193e-09
1.45197e-09
-4.63757e-10
5.44278e-09
1.54113e-09
-4.94421e-10
9.11655e-09
3.08548e-09
-1.56572e-10
8.40884e-09
3.08282e-09
4.285e-09
1.53756e-09
-8.81236e-10
7.59992e-09
1.56778e-09
-8.49155e-10
1.15866e-08
3.17006e-09
-2.32005e-10
1.02919e-08
3.16574e-09
5.32533e-09
1.56167e-09
-1.42883e-09
1.01641e-08
1.60326e-09
-1.08674e-09
1.34508e-08
3.23564e-09
-1.59466e-10
1.15694e-08
3.23173e-09
6.29697e-09
1.59725e-09
-9.31294e-10
1.74373e-09
1.20896e-08
-2.49937e-11
3.378e-09
1.44472e-08
8.08891e-10
3.3858e-09
1.26405e-08
1.75863e-09
8.10335e-09
-4.69004e-11
2.05628e-10
4.9255e-10
-5.64295e-11
2.97408e-10
8.3222e-10
-2.08847e-11
2.52339e-10
8.32102e-10
1.37751e-10
4.92417e-10
-1.39546e-10
6.7435e-10
8.87896e-10
-1.59893e-10
9.6287e-10
1.65179e-09
-5.4834e-11
7.92333e-10
1.65134e-09
4.11933e-10
8.87345e-10
-2.87696e-10
1.38353e-09
1.03571e-09
-3.28844e-10
1.85418e-09
2.00747e-09
-1.17335e-10
1.43084e-09
2.00631e-09
7.15769e-10
1.03429e-09
-5.57865e-10
2.41156e-09
1.07446e-09
-6.32862e-10
2.88862e-09
2.12951e-09
-2.35628e-10
1.99265e-09
2.12725e-09
9.49643e-10
1.07155e-09
-1.04635e-09
3.95384e-09
1.07534e-09
-1.10529e-09
3.9617e-09
2.15936e-09
-3.99207e-10
2.29971e-09
2.15605e-09
1.04496e-09
1.07062e-09
-1.6668e-09
6.1321e-09
1.09524e-09
-1.46502e-09
4.79854e-09
2.2004e-09
-4.41209e-10
2.31376e-09
2.19725e-09
1.11418e-09
1.09029e-09
-9.50244e-10
1.22465e-09
7.60478e-09
-2.47566e-10
2.34773e-09
5.12939e-09
3.89415e-10
2.34745e-09
2.71842e-09
1.22861e-09
2.037e-09
-7.72158e-11
5.33631e-11
5.20021e-10
-6.68598e-11
-4.54158e-11
8.70901e-10
-3.37428e-12
-9.85416e-11
8.70783e-10
-2.72145e-11
5.19877e-10
-1.74578e-10
2.01349e-10
9.18105e-10
-1.90417e-10
-7.03605e-11
1.69618e-09
-5.44075e-11
-2.75311e-10
1.6957e-09
-1.08175e-10
9.17517e-10
-3.30298e-10
5.19209e-10
1.05175e-09
-3.96624e-10
-1.92613e-11
2.0263e-09
-1.49763e-10
-5.37363e-10
2.02511e-09
-2.70301e-10
1.05027e-09
-6.34796e-10
1.16097e-09
1.07108e-09
-7.62279e-10
1.30182e-10
2.11113e-09
-3.12072e-10
-9.65478e-10
2.10874e-09
-5.75356e-10
1.06814e-09
-1.19807e-09
2.3868e-09
1.05117e-09
-1.32221e-09
3.16601e-10
2.10062e-09
-5.46882e-10
-1.67816e-09
2.09695e-09
-1.09462e-09
1.04659e-09
-1.92052e-09
4.35739e-09
1.04871e-09
-1.83198e-09
3.32273e-10
2.09965e-09
-7.24688e-10
-2.68135e-09
2.09662e-09
-1.76996e-09
1.0445e-09
-1.03377e-09
1.14907e-09
5.47017e-09
-9.57549e-10
2.20044e-09
4.06669e-10
-1.15472e-10
2.20474e-09
-3.37737e-09
1.15683e-09
-1.81018e-09
-9.75914e-11
-5.77711e-12
6.27145e-10
-7.45941e-11
-1.91957e-10
1.04361e-09
7.64686e-12
-2.51181e-10
1.04348e-09
-9.56909e-11
6.26976e-10
-2.05473e-10
2.56418e-11
1.09591e-09
-2.13167e-10
-4.98209e-10
2.01388e-09
-5.14003e-11
-7.26795e-10
2.0133e-09
-3.2102e-10
1.09521e-09
-3.78186e-10
2.13213e-10
1.24612e-09
-4.45076e-10
-7.89522e-10
2.38823e-09
-1.64117e-10
-1.36569e-09
2.38678e-09
-6.75505e-10
1.24439e-09
-7.13341e-10
7.42606e-10
1.25877e-09
-8.63519e-10
-9.91476e-10
2.46698e-09
-3.54918e-10
-2.22606e-09
2.46422e-09
-1.21403e-09
1.25549e-09
-1.32362e-09
1.90017e-09
1.22094e-09
-1.51369e-09
-1.12152e-09
2.42441e-09
-6.39501e-10
-3.42017e-09
2.42054e-09
-2.01944e-09
1.21622e-09
-2.14207e-09
3.90146e-09
1.19315e-09
-2.1294e-09
-1.40734e-09
2.37639e-09
-9.00526e-10
-4.92306e-09
2.37423e-09
-3.06243e-09
1.19064e-09
-1.26605e-09
1.25872e-09
5.06143e-09
-1.3736e-09
2.4202e-09
-1.51613e-09
-2.96461e-10
2.43007e-09
-6.22206e-09
1.27651e-09
-3.47498e-09
-1.08979e-10
-9.10053e-12
7.49137e-10
-8.01183e-11
-2.26594e-10
1.24526e-09
1.25882e-11
-2.90421e-10
1.2451e-09
-1.05451e-10
7.48936e-10
-2.26047e-10
1.10447e-11
1.30573e-09
-2.29391e-10
-6.02412e-10
2.39695e-09
-5.07458e-11
-8.48118e-10
2.39625e-09
-3.61966e-10
1.30489e-09
-4.11965e-10
1.92696e-10
1.48034e-09
-4.78623e-10
-9.77373e-10
2.83374e-09
-1.71212e-10
-1.59684e-09
2.83199e-09
-7.6315e-10
1.47828e-09
-7.72679e-10
7.39391e-10
1.48865e-09
-9.27125e-10
-1.26494e-09
2.91287e-09
-3.73792e-10
-2.59166e-09
2.90958e-09
-1.36236e-09
1.48481e-09
-1.42557e-09
1.95756e-09
1.43222e-09
-1.6216e-09
-1.47875e-09
2.83807e-09
-6.73888e-10
-3.94865e-09
2.83364e-09
-2.24315e-09
1.42699e-09
-2.29751e-09
4.07506e-09
1.37699e-09
-2.26945e-09
-1.86563e-09
2.73895e-09
-9.41337e-10
-5.63597e-09
2.73719e-09
-3.36551e-09
1.37549e-09
-1.32423e-09
1.40444e-09
5.25729e-09
-1.40307e-09
2.71751e-09
-2.08053e-09
-2.55123e-10
2.73042e-09
-7.08067e-09
1.42957e-09
-3.76994e-09
-1.20849e-10
2.1661e-12
8.71904e-10
-8.49508e-11
-2.34714e-10
1.44816e-09
1.86197e-11
-3.02362e-10
1.44798e-09
-1.00035e-10
8.7168e-10
-2.46964e-10
4.24706e-11
1.51647e-09
-2.43139e-10
-6.19207e-10
2.78169e-09
-4.65064e-11
-8.79513e-10
2.78085e-09
-3.53036e-10
1.51547e-09
-4.46388e-10
2.58481e-10
1.71478e-09
-5.06185e-10
-1.00138e-09
3.27977e-09
-1.70263e-10
-1.65706e-09
3.27768e-09
-7.53286e-10
1.71235e-09
-8.3147e-10
8.65142e-10
1.71752e-09
-9.76834e-10
-1.29619e-09
3.35709e-09
-3.77152e-10
-2.6963e-09
3.35317e-09
-1.35458e-09
1.71302e-09
-1.52616e-09
2.18653e-09
1.64104e-09
-1.6962e-09
-1.53151e-09
3.24742e-09
-6.76013e-10
-4.12106e-09
3.24222e-09
-2.2346e-09
1.63504e-09
-2.44553e-09
4.4558e-09
1.55724e-09
-2.33207e-09
-1.99735e-09
3.09523e-09
-9.09688e-10
-5.89561e-09
3.09328e-09
-3.32079e-09
1.55601e-09
-1.29801e-09
1.54717e-09
5.61494e-09
-1.29231e-09
3.00827e-09
-2.29007e-09
-8.87232e-11
3.0238e-09
-7.38883e-09
1.57773e-09
-3.55375e-09
-1.3337e-10
1.55587e-11
9.93975e-10
-8.94776e-11
-2.41681e-10
1.6502e-09
2.61893e-11
-3.13416e-10
1.64999e-09
-9.15684e-11
9.93702e-10
-2.69984e-10
8.04031e-11
1.72587e-09
-2.56371e-10
-6.33862e-10
3.1645e-09
-4.04203e-11
-9.07779e-10
3.16351e-09
-3.3695e-10
1.72469e-09
-4.82301e-10
3.34605e-10
1.94714e-09
-5.31527e-10
-1.02316e-09
3.72255e-09
-1.6535e-10
-1.71213e-09
3.72009e-09
-7.29984e-10
1.94429e-09
-8.90597e-10
1.00344e-09
1.94352e-09
-1.0201e-09
-1.32909e-09
3.79673e-09
-3.72878e-10
-2.79417e-09
3.79219e-09
-1.32393e-09
1.93832e-09
-1.62279e-09
2.42495e-09
1.84653e-09
-1.75459e-09
-1.59735e-09
3.65164e-09
-6.62578e-10
-4.28549e-09
3.6457e-09
-2.18701e-09
1.83976e-09
-2.57508e-09
4.82673e-09
1.7347e-09
-2.35428e-09
-2.1665e-09
3.44765e-09
-8.43766e-10
-6.14434e-09
3.44569e-09
-3.20422e-09
1.73364e-09
-1.20246e-09
1.69015e-09
5.89022e-09
-1.05943e-09
3.30018e-09
-2.59754e-09
1.89144e-10
3.3185e-09
-7.68368e-09
1.72512e-09
-3.15838e-09
-1.47948e-10
2.75423e-11
1.11881e-09
-9.37162e-11
-2.5622e-10
1.85662e-09
3.62256e-11
-3.31913e-10
1.85639e-09
-8.4164e-11
1.11852e-09
-2.94962e-10
1.13099e-10
1.9397e-09
-2.68919e-10
-6.68469e-10
3.55514e-09
-3.24386e-11
-9.54478e-10
3.55402e-09
-3.25865e-10
1.93837e-09
-5.19761e-10
4.00102e-10
2.18432e-09
-5.55155e-10
-1.08039e-09
4.17427e-09
-1.57707e-10
-1.7989e-09
4.17149e-09
-7.15988e-10
2.18113e-09
-9.49636e-10
1.12324e-09
2.17443e-09
-1.0592e-09
-1.41547e-09
4.24576e-09
-3.65489e-10
-2.9367e-09
4.24065e-09
-1.3074e-09
2.16866e-09
-1.71414e-09
2.63111e-09
2.0572e-09
-1.80381e-09
-1.73593e-09
4.06611e-09
-6.47203e-10
-4.50288e-09
4.05961e-09
-2.1604e-09
2.04995e-09
-2.68364e-09
5.13526e-09
1.91851e-09
-2.35422e-09
-2.42631e-09
3.81285e-09
-7.90992e-10
-6.42747e-09
3.81129e-09
-3.13181e-09
1.91841e-09
-1.01315e-09
1.84376e-09
5.999e-09
-7.52125e-10
3.61111e-09
-2.99422e-09
4.55691e-10
3.63303e-09
-7.94573e-09
1.88539e-09
-2.83213e-09
-1.63454e-10
4.06594e-11
1.24619e-09
-9.67117e-11
-2.72861e-10
2.06732e-09
4.85299e-11
-3.51347e-10
2.06707e-09
-7.42535e-11
1.24589e-09
-3.20445e-10
1.47444e-10
2.15794e-09
-2.78325e-10
-7.09284e-10
3.95402e-09
-1.92657e-11
-1.00459e-09
3.95279e-09
-3.07055e-10
2.1565e-09
-5.56004e-10
4.65854e-10
2.42649e-09
-5.72449e-10
-1.14982e-09
4.63582e-09
-1.44311e-10
-1.88943e-09
4.63275e-09
-6.88677e-10
2.42302e-09
-1.00337e-09
1.23779e-09
2.41043e-09
-1.08431e-09
-1.52381e-09
4.70524e-09
-3.4645e-10
-3.0818e-09
4.69972e-09
-1.26618e-09
2.40428e-09
-1.79055e-09
2.81702e-09
2.27306e-09
-1.82392e-09
-1.91146e-09
4.49161e-09
-6.10428e-10
-4.7161e-09
4.48492e-09
-2.08786e-09
2.26576e-09
-2.75631e-09
5.38836e-09
2.10796e-09
-2.29755e-09
-2.74336e-09
4.19038e-09
-6.98736e-10
-6.68928e-09
4.19007e-09
-2.97347e-09
2.10978e-09
-7.56215e-10
2.00458e-09
5.98808e-09
-3.37676e-10
3.93739e-09
-3.48399e-09
7.81256e-10
3.96454e-09
-8.13548e-09
2.05474e-09
-2.35715e-09
-1.78783e-10
5.78357e-11
1.37185e-09
-9.7716e-11
-2.83792e-10
2.27476e-09
6.31307e-11
-3.63588e-10
2.27453e-09
-5.78626e-11
1.3716e-09
-3.44542e-10
1.92742e-10
2.37229e-09
-2.82592e-10
-7.32305e-10
4.3453e-09
-1.16394e-12
-1.03154e-09
4.34404e-09
-2.68664e-10
2.37084e-09
-5.88051e-10
5.48347e-10
2.66364e-09
-5.79346e-10
-1.18793e-09
5.08744e-09
-1.23e-10
-1.93471e-09
5.08427e-09
-6.2404e-10
2.66011e-09
-1.04645e-09
1.36895e-09
2.64097e-09
-1.08786e-09
-1.5905e-09
5.1539e-09
-3.12203e-10
-3.1543e-09
5.14834e-09
-1.16211e-09
2.63486e-09
-1.84261e-09
3.00594e-09
2.48335e-09
-1.80156e-09
-2.04155e-09
4.90624e-09
-5.46951e-10
-4.81942e-09
4.90005e-09
-1.91544e-09
2.47681e-09
-2.77252e-09
5.59926e-09
2.29176e-09
-2.16123e-09
-3.01516e-09
4.55721e-09
-5.61407e-10
-6.78422e-09
4.55958e-09
-2.65924e-09
2.29681e-09
-4.35923e-10
2.15949e-09
5.88473e-09
2.08927e-10
4.25325e-09
-3.97156e-09
1.17973e-09
4.28867e-09
-8.0748e-09
2.22103e-09
-1.64126e-09
-1.90479e-10
8.92573e-11
1.47789e-09
-9.41642e-11
-2.64015e-10
2.44727e-09
7.95818e-11
-3.41575e-10
2.44718e-09
-2.18559e-11
1.47786e-09
-3.63026e-10
2.81603e-10
2.54778e-09
-2.76764e-10
-6.62543e-10
4.66238e-09
2.34307e-11
-9.54239e-10
4.66132e-09
-1.69418e-10
2.54665e-09
-6.1073e-10
7.07211e-10
2.85358e-09
-5.6787e-10
-1.05963e-09
5.44647e-09
-9.07949e-11
-1.78581e-09
5.44358e-09
-4.45824e-10
2.85053e-09
-1.07158e-09
1.60264e-09
2.82192e-09
-1.05638e-09
-1.42038e-09
5.50424e-09
-2.56587e-10
-2.93183e-09
5.49936e-09
-8.79637e-10
2.81689e-09
-1.86249e-09
3.30854e-09
2.64471e-09
-1.71478e-09
-1.88022e-09
5.22308e-09
-4.48696e-10
-4.51208e-09
5.21897e-09
-1.4873e-09
2.64055e-09
-2.7235e-09
5.90031e-09
2.42819e-09
-1.90778e-09
-2.9643e-09
4.83019e-09
-3.68229e-10
-6.32432e-09
4.8369e-09
-1.9943e-09
2.44031e-09
4.94772e-12
2.26708e-09
5.79231e-09
9.98573e-10
4.47946e-09
-4.17975e-09
1.67595e-09
4.52602e-09
-7.23459e-09
2.34463e-09
-4.37305e-10
-1.85636e-10
1.69624e-10
1.49879e-09
-7.78604e-11
-1.26818e-10
2.47121e-09
9.57934e-11
-1.93173e-10
2.47159e-09
7.89949e-11
1.49955e-09
-3.61407e-10
5.24736e-10
2.55896e-09
-2.47206e-10
-2.42624e-10
4.66888e-09
5.85882e-11
-5.01361e-10
4.66859e-09
1.30234e-10
2.55889e-09
-6.089e-10
1.14596e-09
2.84613e-09
-5.20923e-10
-2.99893e-10
5.42064e-09
-3.7417e-11
-9.55305e-10
5.41889e-09
1.03795e-10
2.84444e-09
-1.06028e-09
2.23569e-09
2.79733e-09
-9.65165e-10
-3.33955e-10
5.44804e-09
-1.62085e-10
-1.69938e-09
5.44521e-09
-3.14287e-11
2.7949e-09
-1.85275e-09
4.13232e-09
2.60568e-09
-1.51011e-09
-5.90207e-10
5.14148e-09
-2.7472e-10
-2.85169e-09
5.14067e-09
-2.68079e-10
2.60733e-09
-2.60265e-09
6.79317e-09
2.37476e-09
-1.53427e-09
-1.54639e-09
4.72266e-09
1.64043e-11
-4.2972e-09
4.73642e-09
-2.02948e-10
2.39639e-09
5.67228e-10
2.19541e-09
6.30221e-09
2.04731e-09
4.35203e-09
-2.8946e-09
2.31097e-09
4.41019e-09
-4.44052e-09
2.28936e-09
2.16798e-09
-1.20239e-10
4.41112e-10
1.18283e-09
-2.08716e-11
4.78774e-10
1.89798e-09
1.03064e-10
4.5327e-10
1.8993e-09
4.22157e-10
1.18537e-09
-3.01739e-10
1.3781e-09
1.92863e-09
-1.5469e-10
1.55384e-09
3.45168e-09
1.14011e-10
1.40572e-09
3.45235e-09
1.17006e-09
1.92991e-09
-5.59397e-10
2.69018e-09
2.09835e-09
-3.90728e-10
2.87366e-09
3.93705e-09
6.44108e-11
2.43768e-09
3.9367e-09
1.98571e-09
2.0981e-09
-9.88358e-10
4.44761e-09
2.03315e-09
-7.49955e-10
4.17597e-09
3.91219e-09
1.6789e-11
3.20932e-09
3.91169e-09
2.76935e-09
2.03294e-09
-1.72669e-09
6.91339e-09
1.87145e-09
-1.17189e-09
5.11052e-09
3.65695e-09
7.93599e-11
3.44405e-09
3.65952e-09
3.58532e-09
1.8756e-09
-2.44917e-09
1.00569e-08
1.68521e-09
-9.18917e-10
4.97914e-09
3.32848e-09
7.04542e-10
3.21854e-09
3.34317e-09
4.98367e-09
1.70741e-09
1.15886e-09
1.539e-09
9.55907e-09
3.30443e-09
3.03577e-09
4.15428e-09
3.09893e-09
3.08369e-09
4.75506e-09
1.62146e-09
8.75521e-09
1.73769e-10
1.01395e-09
1.42382e-10
1.93425e-09
2.54e-11
2.02117e-09
1.21566e-09
-4.90682e-11
2.99655e-09
4.36495e-11
5.29811e-09
1.01748e-10
5.42032e-09
3.25222e-09
-3.91465e-10
5.49125e-09
-1.84965e-10
9.03355e-09
1.44405e-10
9.03253e-09
5.49961e-09
-8.28685e-10
8.35797e-09
-4.56531e-10
1.25784e-08
2.10503e-10
1.2282e-08
7.74794e-09
-1.49741e-09
1.17317e-08
-6.54125e-10
1.53969e-08
4.95214e-10
1.4797e-08
1.01236e-08
-2.03381e-09
1.54555e-08
-2.46099e-12
1.66987e-08
1.49935e-09
1.66431e-08
1.33352e-08
1.58247e-09
1.54166e-08
4.9435e-09
1.63779e-08
5.21044e-09
1.94643e-08
2.01718e-08
-1.41084e-11
1.21071e-09
1.31797e-09
2.15318e-11
1.6412e-09
2.28407e-09
3.94464e-11
1.65905e-09
2.28432e-09
1.23623e-09
1.31833e-09
4.51711e-12
2.78195e-09
2.44787e-09
5.83612e-11
4.08916e-09
4.61551e-09
6.72763e-11
4.15221e-09
4.61631e-09
2.87961e-09
2.44903e-09
2.4607e-11
4.26884e-09
2.85144e-09
1.15572e-10
6.5467e-09
5.56911e-09
1.20213e-10
6.69663e-09
5.57103e-09
4.51209e-09
2.85414e-09
5.98316e-11
5.51163e-09
2.91351e-09
2.13472e-10
8.6728e-09
5.78694e-09
2.0864e-10
8.98214e-09
5.79077e-09
6.02503e-09
2.91901e-09
9.19354e-11
6.45296e-09
2.83047e-09
3.53166e-10
1.02772e-08
5.66143e-09
3.73645e-10
1.0829e-08
5.66749e-09
7.43539e-09
2.83991e-09
5.27319e-11
7.14057e-09
2.72516e-09
4.02156e-10
1.13215e-08
5.43252e-09
5.482e-10
1.20791e-08
5.43783e-09
8.73013e-09
2.73518e-09
-3.32102e-10
2.75368e-09
7.90279e-09
-2.4618e-10
5.28858e-09
1.21428e-08
1.41007e-11
5.27871e-09
1.27265e-08
2.73603e-09
9.1779e-09
7.57702e-11
5.97632e-10
6.48007e-10
4.64068e-11
1.19931e-09
1.11757e-09
-1.81235e-11
1.23462e-09
1.11768e-09
6.55422e-10
6.4822e-10
8.39788e-11
1.75086e-09
1.21412e-09
1.26908e-10
3.47983e-09
2.29553e-09
6.94339e-11
3.61582e-09
2.29604e-09
1.96252e-09
1.21482e-09
9.32124e-11
3.05894e-09
1.45359e-09
2.5734e-10
6.03207e-09
2.85621e-09
2.23957e-10
6.36619e-09
2.85752e-09
3.58878e-09
1.4553e-09
1.54489e-10
4.282e-09
1.53941e-09
4.89024e-10
8.40124e-09
3.08669e-09
4.5948e-10
9.10061e-09
3.08935e-09
5.42775e-09
1.54297e-09
2.27898e-10
5.32424e-09
1.56376e-09
8.40334e-10
1.02835e-08
3.17012e-09
8.74529e-10
1.15629e-08
3.17448e-09
7.57572e-09
1.5699e-09
1.55023e-10
6.29812e-09
1.59967e-09
1.07626e-09
1.15614e-08
3.23681e-09
1.41996e-09
1.34195e-08
3.24089e-09
1.01283e-08
1.60593e-09
-8.06208e-10
1.76132e-09
8.10003e-09
2.4728e-11
3.3917e-09
1.26306e-08
9.28304e-10
3.3846e-09
1.44132e-08
1.74766e-09
1.20483e-08
2.07741e-11
1.37714e-10
4.93032e-10
5.59025e-11
2.52703e-10
8.33244e-10
4.63667e-11
2.97365e-10
8.33362e-10
2.04931e-10
4.93163e-10
5.4147e-11
4.12575e-10
8.88621e-10
1.58418e-10
7.9373e-10
1.65374e-09
1.38455e-10
9.62681e-10
1.65418e-09
6.72544e-10
8.89169e-10
1.15885e-10
7.17959e-10
1.03583e-09
3.25992e-10
1.43408e-09
2.00926e-09
2.85717e-10
1.85357e-09
2.01041e-09
1.37982e-09
1.03724e-09
2.3294e-10
9.54695e-10
1.07323e-09
6.27922e-10
1.99876e-09
2.13051e-09
5.54525e-10
2.88701e-09
2.13277e-09
2.40467e-09
1.07614e-09
3.95e-10
1.05451e-09
1.07243e-09
1.09815e-09
2.30955e-09
2.15963e-09
1.04138e-09
3.95871e-09
2.16298e-09
3.94224e-09
1.0772e-09
4.37955e-10
1.1274e-09
1.09227e-09
1.4603e-09
2.32611e-09
2.2013e-09
1.66223e-09
4.79644e-09
2.20461e-09
6.11637e-09
1.09748e-09
-3.75359e-10
1.2309e-09
2.03657e-09
2.64686e-10
2.35224e-09
2.72881e-09
9.62593e-10
2.35296e-09
5.13344e-09
1.22784e-09
7.60214e-09
3.30048e-12
-2.68361e-11
5.20188e-10
6.62885e-11
-9.75323e-11
8.7141e-10
7.65872e-11
-4.48471e-11
8.7153e-10
5.30323e-11
5.20336e-10
5.38423e-11
-1.06662e-10
9.18222e-10
1.88958e-10
-2.72356e-10
1.69706e-09
1.73434e-10
-6.90774e-11
1.69754e-09
2.00435e-10
9.18814e-10
1.48427e-10
-2.66763e-10
1.05113e-09
3.93843e-10
-5.31661e-10
2.02675e-09
3.28348e-10
-1.75008e-11
2.02794e-09
5.17016e-10
1.05261e-09
3.09583e-10
-5.68569e-10
1.06906e-09
7.57499e-10
-9.56011e-10
2.11052e-09
6.31549e-10
1.31885e-10
2.11291e-09
1.15629e-09
1.07201e-09
5.43243e-10
-1.08335e-09
1.04756e-09
1.31556e-09
-1.66401e-09
2.09887e-09
1.19333e-09
3.18068e-10
2.10257e-09
2.37822e-09
1.05219e-09
7.22247e-10
-1.75533e-09
1.04555e-09
1.82745e-09
-2.66319e-09
2.09875e-09
1.91624e-09
3.35481e-10
2.10188e-09
4.34556e-09
1.04991e-09
1.28551e-10
1.15793e-09
-1.80744e-09
9.71874e-10
2.20709e-09
-3.35801e-09
1.04587e-09
2.20312e-09
4.14663e-10
1.15073e-09
5.47198e-09
-7.78224e-12
-9.5528e-11
6.27255e-10
7.40916e-11
-2.50711e-10
1.044e-09
9.71043e-11
-1.91858e-10
1.04413e-09
-6.22922e-12
6.27422e-10
5.07684e-11
-3.20103e-10
1.09578e-09
2.11813e-10
-7.25299e-10
2.01436e-09
2.04522e-10
-4.98218e-10
2.01494e-09
2.4378e-11
1.09649e-09
1.6273e-10
-6.73036e-10
1.24507e-09
4.42523e-10
-1.36263e-09
2.38803e-09
3.7647e-10
-7.8996e-10
2.38947e-09
2.10421e-10
1.24679e-09
3.52443e-10
-1.20888e-09
1.25619e-09
8.59174e-10
-2.22065e-09
2.46552e-09
7.10458e-10
-9.92901e-10
2.46827e-09
7.37159e-10
1.25947e-09
6.35847e-10
-2.01037e-09
1.21693e-09
1.50764e-09
-3.41178e-09
2.42188e-09
1.31936e-09
-1.12414e-09
2.42575e-09
1.89075e-09
1.22167e-09
8.97696e-10
-3.05018e-09
1.19135e-09
2.12563e-09
-4.91298e-09
2.37561e-09
2.13848e-09
-1.40935e-09
2.37782e-09
3.88887e-09
1.19395e-09
3.08947e-10
1.27718e-09
-3.47478e-09
1.39056e-09
2.43146e-09
-6.21551e-09
1.2788e-09
2.42175e-09
-1.51277e-09
1.25965e-09
5.06231e-09
-1.27177e-11
-1.05276e-10
7.49165e-10
7.96995e-11
-2.90026e-10
1.24552e-09
1.08575e-10
-2.2651e-10
1.24568e-09
-9.45154e-12
7.49367e-10
5.02516e-11
-3.61177e-10
1.30535e-09
2.28303e-10
-8.46895e-10
2.39709e-09
2.2526e-10
-6.02416e-10
2.39779e-09
1.00196e-11
1.30619e-09
1.70106e-10
-7.61121e-10
1.47881e-09
4.76587e-10
-1.59441e-09
2.83295e-09
4.10568e-10
-9.77746e-10
2.8347e-09
1.90413e-10
1.48087e-09
3.7183e-10
-1.35821e-09
1.48535e-09
9.23682e-10
-2.58744e-09
2.91056e-09
7.70339e-10
-1.26612e-09
2.91386e-09
7.34922e-10
1.48919e-09
6.71112e-10
-2.23602e-09
1.42752e-09
1.61704e-09
-3.94229e-09
2.83461e-09
1.42219e-09
-1.48074e-09
2.83905e-09
1.94989e-09
1.43277e-09
9.39817e-10
-3.35663e-09
1.37598e-09
2.26761e-09
-5.62884e-09
2.73811e-09
2.29483e-09
-1.86632e-09
2.73991e-09
4.06495e-09
1.37754e-09
2.67876e-10
1.42997e-09
-3.77355e-09
1.42002e-09
2.73121e-09
-7.07712e-09
1.33647e-09
2.71837e-09
-2.07582e-09
1.40493e-09
5.25985e-09
-1.86997e-11
-9.99536e-11
8.71908e-10
8.46256e-11
-3.02058e-10
1.44833e-09
1.20527e-10
-2.3466e-10
1.44852e-09
1.84209e-12
8.72134e-10
4.61473e-11
-3.5252e-10
1.51585e-09
2.42317e-10
-8.78532e-10
2.78146e-09
2.46351e-10
-6.1913e-10
2.78231e-09
4.16059e-11
1.51686e-09
1.69452e-10
-7.51842e-10
1.71276e-09
5.04699e-10
-1.65509e-09
3.27833e-09
4.45347e-10
-1.00145e-09
3.28043e-09
2.567e-10
1.71519e-09
3.75704e-10
-1.35155e-09
1.71341e-09
9.74376e-10
-2.69295e-09
3.3538e-09
8.29795e-10
-1.29667e-09
3.35772e-09
8.61826e-10
1.71792e-09
6.74033e-10
-2.22942e-09
1.6354e-09
1.6931e-09
-4.11619e-09
3.24278e-09
1.52384e-09
-1.53236e-09
3.24799e-09
2.18105e-09
1.64142e-09
9.09011e-10
-3.31474e-09
1.55631e-09
2.33156e-09
-5.89045e-09
3.09373e-09
2.44402e-09
-1.99671e-09
3.09571e-09
4.44902e-09
1.55758e-09
1.01364e-10
1.57791e-09
-3.56014e-09
1.30873e-09
3.02404e-09
-7.38688e-09
1.30893e-09
3.00854e-09
-2.28334e-09
1.54735e-09
5.61939e-09
-2.61323e-11
-9.13986e-11
9.93705e-10
8.93101e-11
-3.12875e-10
1.65003e-09
1.33097e-10
-2.41247e-10
1.65024e-09
1.55182e-11
9.93973e-10
4.03063e-11
-3.36333e-10
1.72474e-09
2.55921e-10
-9.06377e-10
3.1636e-09
2.69545e-10
-6.32903e-10
3.16459e-09
8.02668e-11
1.72591e-09
1.64988e-10
-7.28644e-10
1.94433e-09
5.30771e-10
-1.70973e-09
3.72014e-09
4.81663e-10
-1.02173e-09
3.7226e-09
3.34197e-10
1.94718e-09
3.72172e-10
-1.32151e-09
1.93834e-09
1.01894e-09
-2.79067e-09
3.79218e-09
8.89697e-10
-1.32729e-09
3.79673e-09
1.0025e-09
1.94356e-09
6.61722e-10
-2.18335e-09
1.83975e-09
1.75358e-09
-4.2812e-09
3.64563e-09
1.62192e-09
-1.59506e-09
3.65158e-09
2.4235e-09
1.84655e-09
8.44029e-10
-3.20047e-09
1.73358e-09
2.35623e-09
-6.14112e-09
3.44552e-09
2.57588e-09
-2.16245e-09
3.44752e-09
4.82644e-09
1.7347e-09
-1.75816e-10
1.72494e-09
-3.16761e-09
1.07575e-09
3.31815e-09
-7.68288e-09
1.21429e-09
3.29984e-09
-2.58838e-09
1.68998e-09
5.90213e-09
-3.62653e-11
-8.41776e-11
1.11858e-09
9.36065e-11
-3.31871e-10
1.85645e-09
1.47828e-10
-2.56242e-10
1.85668e-09
2.73588e-11
1.11887e-09
3.24186e-11
-3.25852e-10
1.93843e-09
2.68847e-10
-9.54314e-10
3.55403e-09
2.94905e-10
-6.68439e-10
3.55515e-09
1.12853e-10
1.93976e-09
1.57675e-10
-7.15912e-10
2.18114e-09
5.55086e-10
-1.79858e-09
4.17139e-09
5.19667e-10
-1.0802e-09
4.17418e-09
3.99767e-10
2.18434e-09
3.65478e-10
-1.30727e-09
2.16864e-09
1.05923e-09
-2.93624e-09
4.24048e-09
9.49539e-10
-1.41499e-09
4.24559e-09
1.12286e-09
2.17441e-09
6.47521e-10
-2.16053e-09
2.04988e-09
1.80451e-09
-4.50262e-09
4.05936e-09
1.7144e-09
-1.73482e-09
4.06587e-09
2.63104e-09
2.05715e-09
7.92762e-10
-3.13365e-09
1.91829e-09
2.35763e-09
-6.42868e-09
3.81096e-09
2.68546e-09
-2.42343e-09
3.81253e-09
5.13709e-09
1.91844e-09
-4.4562e-10
1.8852e-09
-2.84405e-09
7.65991e-10
3.63258e-09
-7.95065e-09
1.0231e-09
3.61067e-09
-2.98731e-09
1.84357e-09
6.01079e-09
-4.84589e-11
-7.42985e-11
1.24592e-09
9.67462e-11
-3.51294e-10
2.06712e-09
1.63392e-10
-2.72753e-10
2.06737e-09
4.06243e-11
1.24622e-09
1.94341e-11
-3.07262e-10
2.15655e-09
2.78537e-10
-1.00463e-09
3.95284e-09
3.2052e-10
-7.09081e-10
3.95407e-09
1.47494e-10
2.15799e-09
1.44609e-10
-6.89202e-10
2.42306e-09
5.72909e-10
-1.88973e-09
4.63276e-09
5.56198e-10
-1.14945e-09
4.63583e-09
4.66078e-10
2.42654e-09
3.47015e-10
-1.26732e-09
2.4043e-09
1.08525e-09
-3.08264e-09
4.69969e-09
1.00383e-09
-1.52311e-09
4.70522e-09
1.23841e-09
2.41047e-09
6.11617e-10
-2.09028e-09
2.26577e-09
1.82602e-09
-4.71807e-09
4.48487e-09
1.79179e-09
-1.91009e-09
4.49158e-09
2.8188e-09
2.2731e-09
7.01429e-10
-2.9787e-09
2.10978e-09
2.30229e-09
-6.69358e-09
4.19001e-09
2.75958e-09
-2.74082e-09
4.19036e-09
5.39328e-09
2.10801e-09
-7.72812e-10
2.05473e-09
-2.37103e-09
3.49781e-10
3.96447e-09
-8.14384e-09
7.63841e-10
3.93737e-09
-3.47739e-09
2.00464e-09
6.00039e-09
-6.30781e-11
-5.8105e-11
1.37182e-09
9.78194e-11
-3.63943e-10
2.27489e-09
1.78842e-10
-2.84046e-10
2.27511e-09
5.77016e-11
1.37208e-09
1.34414e-12
-2.69413e-10
2.37123e-09
2.82947e-10
-1.03268e-09
4.34468e-09
3.44766e-10
-7.33028e-10
4.34595e-09
1.92498e-10
2.37267e-09
1.23373e-10
-6.25561e-10
2.66055e-09
5.80041e-10
-1.93691e-09
5.08504e-09
5.88449e-10
-1.18911e-09
5.08821e-09
5.48105e-10
2.66409e-09
3.12945e-10
-1.16483e-09
2.63532e-09
1.08925e-09
-3.158e-09
5.14916e-09
1.04724e-09
-1.59192e-09
5.15473e-09
1.36907e-09
2.64144e-09
5.48434e-10
-1.9201e-09
2.47729e-09
1.80432e-09
-4.82529e-09
4.90091e-09
1.84428e-09
-2.0428e-09
4.90711e-09
3.00726e-09
2.48385e-09
5.64356e-10
-2.66734e-09
2.29731e-09
2.1668e-09
-6.79368e-09
4.56048e-09
2.77626e-09
-3.01554e-09
4.55814e-09
5.60385e-09
2.2923e-09
-1.17169e-09
2.22156e-09
-1.65797e-09
-1.968e-10
4.28964e-09
-8.0894e-09
4.4344e-10
4.25429e-09
-3.96837e-09
2.16013e-09
5.89627e-09
-7.95566e-11
-2.21214e-11
1.47831e-09
9.42903e-11
-3.42056e-10
2.44791e-09
1.90591e-10
-2.64372e-10
2.448e-09
8.91468e-11
1.47834e-09
-2.33036e-11
-1.70224e-10
2.54746e-09
2.77095e-10
-9.55688e-10
4.66274e-09
3.63249e-10
-6.63568e-10
4.6638e-09
2.81304e-10
2.54858e-09
9.11072e-11
-4.4746e-10
2.85149e-09
5.68497e-10
-1.78857e-09
5.44534e-09
6.11109e-10
-1.06139e-09
5.44823e-09
7.0678e-10
2.85453e-09
2.57263e-10
-8.82524e-10
2.81793e-09
1.05771e-09
-2.93638e-09
5.50129e-09
1.07235e-09
-1.4227e-09
5.50618e-09
1.60242e-09
2.82296e-09
4.50079e-10
-1.49218e-09
2.64165e-09
1.71754e-09
-4.51922e-09
5.22102e-09
1.86418e-09
-1.88266e-09
5.22515e-09
3.30941e-09
2.64581e-09
3.71219e-10
-2.00282e-09
2.44145e-09
1.91378e-09
-6.33573e-09
4.83906e-09
2.72762e-09
-2.96612e-09
4.83238e-09
5.90467e-09
2.42936e-09
-1.66612e-09
2.34585e-09
-4.56361e-10
-9.83065e-10
4.52831e-09
-7.25302e-09
4.50856e-12
4.48182e-09
-4.17682e-09
2.26842e-09
5.80544e-09
-9.58825e-11
7.89765e-11
1.50011e-09
7.78674e-11
-1.93476e-10
2.47253e-09
1.85691e-10
-1.27075e-10
2.47214e-09
1.69566e-10
1.49935e-09
-5.84877e-11
1.29887e-10
2.55992e-09
2.4739e-10
-5.02194e-10
4.67047e-09
3.61539e-10
-2.4329e-10
4.67075e-09
5.24582e-10
2.55999e-09
3.75221e-11
1.03052e-10
2.84569e-09
5.21191e-10
-9.56896e-10
5.42125e-09
6.09071e-10
-3.01059e-10
5.42299e-09
1.14569e-09
2.84738e-09
1.62438e-10
-3.28537e-11
2.79627e-09
9.65896e-10
-1.70204e-09
5.44782e-09
1.06072e-09
-3.35512e-10
5.45065e-09
2.23554e-09
2.7987e-09
2.75718e-10
-2.70849e-10
2.60877e-09
1.51219e-09
-2.85615e-09
5.14345e-09
1.8539e-09
-5.91534e-10
5.14426e-09
4.13298e-09
2.60711e-09
-1.24123e-11
-2.10083e-10
2.3979e-09
1.5399e-09
-4.30402e-09
4.73931e-09
2.60645e-09
-1.54662e-09
4.72557e-09
6.7973e-09
2.37627e-09
-2.298e-09
2.29095e-09
2.14751e-09
-2.02943e-09
4.4132e-09
-4.453e-09
-5.55336e-10
4.3551e-09
-2.88953e-09
2.1971e-09
6.31791e-09
-1.03184e-10
4.22463e-10
1.18574e-09
2.07963e-11
4.535e-10
1.89996e-09
1.20231e-10
4.78982e-10
1.89863e-09
4.41291e-10
1.1832e-09
-1.14104e-10
1.17076e-09
1.93064e-09
1.54656e-10
1.40639e-09
3.45373e-09
3.01715e-10
1.55452e-09
3.45305e-09
1.37855e-09
1.92936e-09
-6.44481e-11
1.98681e-09
2.099e-09
3.90672e-10
2.43897e-09
3.93845e-09
5.59319e-10
2.87496e-09
3.93881e-09
2.69091e-09
2.09924e-09
-1.67525e-11
2.77081e-09
2.03392e-09
7.50168e-10
3.2111e-09
3.91364e-09
9.88384e-10
4.17812e-09
3.91415e-09
4.44875e-09
2.03414e-09
-7.87326e-11
3.58656e-09
1.87663e-09
1.17337e-09
3.44566e-09
3.6616e-09
1.72731e-09
5.11422e-09
3.65902e-09
6.91556e-09
1.87248e-09
-7.01547e-10
4.98236e-09
1.70847e-09
9.24965e-10
3.21784e-09
3.34533e-09
2.45245e-09
4.98636e-09
3.33064e-09
1.00628e-08
1.6863e-09
-3.08517e-09
1.62252e-09
8.74067e-09
-3.28426e-09
3.0859e-09
4.74875e-09
-1.14382e-09
3.03802e-09
4.16747e-09
1.54021e-09
9.58047e-09
-2.54569e-11
1.21609e-09
-1.42503e-10
2.0219e-09
-1.73872e-10
1.9349e-09
1.01422e-09
-1.01862e-10
3.25349e-09
-4.3826e-11
5.42247e-09
4.88934e-11
5.30012e-09
2.99737e-09
-1.44594e-10
5.50197e-09
1.84628e-10
9.03659e-09
3.91202e-10
9.03723e-09
5.49271e-09
-2.10551e-10
7.75132e-09
4.56403e-10
1.22881e-08
8.2851e-10
1.25841e-08
8.36024e-09
-4.94706e-10
1.01275e-08
6.55002e-10
1.48048e-08
1.4978e-09
1.54051e-08
1.17354e-08
-1.49606e-09
1.33369e-08
7.65348e-12
1.66511e-08
2.03728e-09
1.67108e-08
1.54637e-08
-5.19251e-09
2.01566e-08
-4.92165e-09
1.94707e-08
-1.56923e-09
1.64009e-08
1.54393e-08
-3.11741e-08
5.08233e-07
2.73944e-08
-3.74903e-08
4.84849e-08
7.103e-12
-3.05915e-08
-1.351e-07
-9.27533e-09
-2.90889e-08
-8.6158e-08
-1.5911e-08
-2.848e-08
-1.32584e-08
-1.8561e-08
-2.7191e-08
1.51593e-08
-1.97303e-08
-2.16896e-08
-1.86393e-08
-1.9424e-08
-1.14312e-08
-1.16161e-07
-1.94664e-08
1.5341e-08
-2.52664e-07
-1.67204e-08
-4.0431e-07
-2.41575e-08
-3.16201e-08
5.38149e-07
2.69567e-08
-3.79467e-08
3.80031e-08
1.45167e-09
-3.15197e-08
-1.62105e-07
-7.68224e-09
-3.05415e-08
-1.08348e-07
-1.43431e-08
-3.03047e-08
-3.43492e-08
-1.69754e-08
-2.92127e-08
-7.07826e-09
-1.80335e-08
-2.37659e-08
-4.56357e-08
-1.75539e-08
-1.34101e-08
-1.48299e-07
-1.74298e-08
1.28791e-08
-2.97549e-07
-1.48538e-08
-4.47221e-07
-2.27722e-08
-3.18207e-08
5.6651e-07
2.62094e-08
-3.81696e-08
2.72222e-08
3.00283e-09
-3.24002e-08
-1.88683e-07
-5.9044e-09
-3.19846e-08
-1.30196e-07
-1.25844e-08
-3.21297e-08
-5.51847e-08
-1.5195e-08
-3.12126e-08
-2.90714e-08
-1.61291e-08
-2.57982e-08
-7.22211e-08
-1.5487e-08
-1.5346e-08
-1.79748e-07
-1.52339e-08
1.03526e-08
-3.40743e-07
-1.29304e-08
-4.88176e-07
-2.13642e-08
-3.19032e-08
5.9296e-07
2.52281e-08
-3.82238e-08
1.61803e-08
4.6684e-09
-3.32459e-08
-2.14589e-07
-3.98507e-09
-3.34103e-08
-1.51575e-07
-1.06636e-08
-3.39378e-08
-7.56473e-08
-1.32449e-08
-3.31686e-08
-5.07032e-08
-1.40473e-08
-2.77646e-08
-9.82519e-08
-1.32659e-08
-1.72144e-08
-2.10326e-07
-1.29348e-08
7.82116e-09
-3.82031e-07
-1.10144e-08
-5.26974e-07
-1.9979e-08
-3.20405e-08
6.17402e-07
2.41345e-08
-3.81864e-08
4.76637e-09
6.42572e-09
-3.40702e-08
-2.39623e-07
-1.98583e-09
-3.48116e-08
-1.72383e-07
-8.61368e-09
-3.57126e-08
-9.56347e-08
-1.11562e-08
-3.50612e-08
-7.18729e-08
-1.18239e-08
-2.9647e-08
-1.23601e-07
-1.09412e-08
-1.89961e-08
-2.39883e-07
-1.05911e-08
5.3393e-09
-4.21272e-07
-9.16672e-09
-5.63481e-07
-1.86548e-08
-3.248e-08
6.40113e-07
2.31183e-08
-3.81432e-08
-7.31812e-09
8.24059e-09
-3.48875e-08
-2.63541e-07
-5.83911e-11
-3.61829e-08
-1.9254e-07
-6.47155e-09
-3.74399e-08
-1.15058e-07
-8.96323e-09
-3.68752e-08
-9.24895e-08
-9.50076e-09
-3.14322e-08
-1.48156e-07
-8.56774e-09
-2.06781e-08
-2.68293e-07
-8.26344e-09
2.96235e-09
-4.584e-07
-7.44348e-09
-5.97604e-07
-1.74256e-08
-3.36746e-08
2.28824e-08
6.61428e-07
-3.80791e-08
1.0395e-08
-2.12699e-08
-3.57383e-08
2.50604e-09
-2.86914e-07
-3.75024e-08
-4.05442e-09
-2.12373e-07
-3.91134e-08
-6.43526e-09
-1.34203e-07
-3.85821e-08
-6.85812e-09
-1.12872e-07
-3.31679e-08
-5.9695e-09
-1.72091e-07
-2.21594e-08
-5.79716e-09
-2.95936e-07
7.38756e-10
-5.75295e-09
-4.93562e-07
-1.6138e-08
-6.29712e-07
-4.16366e-08
9.75815e-07
2.15439e-08
-4.30319e-08
2.91176e-07
1.4963e-08
-3.1333e-08
7.88176e-08
1.05049e-08
-2.69722e-08
9.51191e-08
4.56613e-09
-2.49202e-08
1.4253e-07
1.6452e-09
-2.38109e-08
1.56725e-07
9.37477e-10
-1.96771e-08
1.19795e-07
2.07292e-09
-1.16317e-08
2.36104e-08
2.80776e-09
1.15229e-08
-1.12994e-07
3.48438e-09
-2.77211e-07
-1.25969e-09
-4.29135e-08
1.02333e-06
2.23588e-08
-4.41594e-08
2.77141e-07
1.67318e-08
-3.25412e-08
4.69603e-08
1.25569e-08
-2.85185e-08
7.02708e-08
6.48242e-09
-2.67966e-08
1.20405e-07
3.4274e-09
-2.59157e-08
1.35189e-07
2.62211e-09
-2.18968e-08
9.4549e-08
3.67301e-09
-1.37676e-08
-6.12847e-09
4.17995e-09
9.14916e-09
-1.55132e-07
4.36772e-09
-3.19185e-07
-1.01783e-09
-4.38697e-08
1.07023e-06
2.31838e-08
-4.5044e-08
2.62671e-07
1.86474e-08
-3.37331e-08
1.5028e-08
1.4717e-08
-3.0099e-08
4.55481e-08
8.50419e-09
-2.8728e-08
9.85224e-08
5.31656e-09
-2.80569e-08
1.13981e-07
4.40725e-09
-2.41234e-08
6.98187e-08
5.3099e-09
-1.58985e-08
-3.51011e-08
5.51389e-09
6.69717e-09
-1.9578e-07
5.12257e-09
-3.59356e-07
-9.1526e-10
-4.46314e-08
1.11606e-06
2.40394e-08
-4.57355e-08
2.47752e-07
2.06926e-08
-3.49159e-08
-1.67313e-08
1.69546e-08
-3.17051e-08
2.1067e-08
1.06068e-08
-3.06979e-08
7.69856e-08
7.28468e-09
-3.02109e-08
9.31922e-08
6.25455e-09
-2.63291e-08
4.57204e-08
6.95071e-09
-1.79912e-08
-6.31487e-08
6.77508e-09
4.23001e-09
-2.34737e-07
5.72121e-09
-3.97526e-07
-9.60524e-10
-4.54117e-08
1.16064e-06
2.49709e-08
-4.63058e-08
2.3222e-07
2.28515e-08
-3.60988e-08
-4.81617e-08
1.92378e-08
-3.33285e-08
-3.08304e-09
1.27661e-08
-3.26895e-08
5.58816e-08
9.30876e-09
-3.23548e-08
7.28959e-08
8.13777e-09
-2.84883e-08
2.23481e-08
8.5648e-09
-2.00169e-08
-9.01422e-08
7.93144e-09
1.82106e-09
-2.71882e-07
6.14082e-09
-4.33536e-07
-1.15699e-09
-4.65816e-08
1.20428e-06
2.6062e-08
-4.68463e-08
2.15615e-07
2.51105e-08
-3.72918e-08
-7.93092e-08
2.15348e-08
-3.49607e-08
-2.6846e-08
1.49605e-08
-3.46858e-08
3.52758e-08
1.13679e-08
-3.44681e-08
5.31443e-08
1.00333e-08
-3.05788e-08
-2.32149e-10
1.01235e-08
-2.19535e-08
-1.15985e-07
8.95453e-09
-4.47686e-10
-3.07194e-07
6.36408e-09
-4.67257e-07
-1.50586e-09
-4.89355e-08
2.73594e-08
1.24875e-06
-4.73507e-08
2.72944e-08
1.97131e-07
-3.85255e-08
2.36407e-08
-1.09269e-07
-3.65704e-08
1.69977e-08
-4.98529e-08
-3.66766e-08
1.32858e-08
1.56612e-08
-3.65129e-08
1.17782e-08
3.43445e-08
-3.26385e-08
1.14789e-08
-2.15545e-08
-2.36911e-08
9.71478e-09
-1.40444e-07
-2.92836e-09
6.32309e-09
-3.40032e-07
-2.0592e-09
-4.98881e-07
-4.86318e-08
1.05814e-06
1.6724e-08
-4.72899e-08
3.91317e-07
1.76254e-08
-3.17388e-08
1.87417e-07
1.58193e-08
-2.46206e-08
1.7301e-07
1.06693e-08
-2.04177e-08
2.01312e-07
7.75938e-09
-1.82183e-08
2.14711e-07
6.78854e-09
-1.34251e-08
1.96577e-07
7.59052e-09
-6.20712e-09
1.28894e-07
8.24417e-09
1.54783e-08
2.29638e-08
8.11778e-09
-1.48895e-07
5.02034e-09
-5.00862e-08
1.11295e-06
1.76361e-08
-4.85634e-08
3.86948e-07
1.95781e-08
-3.28497e-08
1.66268e-07
1.79917e-08
-2.5859e-08
1.59913e-07
1.25883e-08
-2.18659e-08
1.91278e-07
9.4675e-09
-1.98653e-08
2.06991e-07
8.34157e-09
-1.5263e-08
1.86655e-07
8.99248e-09
-8.13088e-09
1.16584e-07
9.35811e-09
1.33786e-08
-2.92891e-09
8.75094e-09
-1.75603e-07
5.02503e-09
-5.12447e-08
1.16881e-06
1.85771e-08
-4.9637e-08
3.82301e-07
2.16866e-08
-3.39592e-08
1.45028e-07
2.02792e-08
-2.71354e-08
1.46985e-07
1.46077e-08
-2.33781e-08
1.81577e-07
1.12607e-08
-2.15737e-08
1.99637e-07
9.95682e-09
-1.71582e-08
1.77143e-07
1.04058e-08
-1.01109e-08
1.04644e-07
1.04063e-08
1.11359e-08
-2.82865e-08
9.23354e-09
-2.01733e-07
4.86684e-09
-5.22298e-08
1.22551e-06
1.95696e-08
-5.05553e-08
3.77373e-07
2.39462e-08
-3.50769e-08
1.23844e-07
2.26608e-08
-2.84497e-08
1.34253e-07
1.67115e-08
-2.49499e-08
1.72237e-07
1.31246e-08
-2.33325e-08
1.92656e-07
1.16183e-08
-1.90926e-08
1.68046e-07
1.18088e-08
-1.21211e-08
9.30853e-08
1.13624e-08
8.79258e-09
-5.30205e-08
9.54206e-09
-2.2717e-07
4.5394e-09
-5.32561e-08
1.28309e-06
2.06593e-08
-5.13866e-08
3.72002e-07
2.63533e-08
-3.62143e-08
1.02796e-07
2.51131e-08
-2.98024e-08
1.21726e-07
1.88821e-08
-2.65764e-08
1.63276e-07
1.50438e-08
-2.5131e-08
1.86039e-07
1.33093e-08
-2.10488e-08
1.59349e-07
1.31796e-08
-1.41364e-08
8.19037e-08
1.22008e-08
6.39396e-09
-7.70664e-08
9.65674e-09
-2.51815e-07
4.03961e-09
-5.47138e-08
1.34193e-06
2.1936e-08
-5.22208e-08
3.65714e-07
2.89059e-08
-3.73846e-08
8.18848e-08
2.76098e-08
-3.11946e-08
1.09395e-07
2.11007e-08
-2.82529e-08
1.54701e-07
1.70014e-08
-2.69599e-08
1.79767e-07
1.50117e-08
-2.30102e-08
1.51027e-07
1.44955e-08
-1.61365e-08
7.10887e-08
1.28961e-08
3.9903e-09
-1.0039e-07
9.56117e-09
-2.75582e-07
3.36702e-09
-5.74844e-08
2.3609e-08
1.40317e-06
-5.30481e-08
3.16659e-08
3.56906e-07
-3.86319e-08
3.02053e-08
6.09041e-08
-3.25968e-08
2.34287e-08
9.69293e-08
-2.99834e-08
1.90551e-08
1.46318e-07
-2.87823e-08
1.67757e-08
1.73569e-07
-2.50314e-08
1.57948e-08
1.42961e-07
-1.79655e-08
1.34814e-08
6.02566e-08
1.53556e-09
9.27514e-09
-1.22842e-07
2.55003e-09
-2.98682e-07
-5.24906e-08
1.12154e-06
1.50866e-08
-4.99738e-08
4.68526e-07
1.82491e-08
-3.26893e-08
2.76393e-07
1.80603e-08
-2.39676e-08
2.35126e-07
1.41184e-08
-1.81211e-08
2.41419e-07
1.16253e-08
-1.51497e-08
2.43593e-07
1.04827e-08
-1.0591e-08
2.2658e-07
1.06903e-08
-4.86088e-09
1.66783e-07
1.08932e-08
1.34558e-08
6.75421e-08
9.7415e-09
-1.1273e-07
7.71295e-09
-5.41108e-08
1.1773e-06
1.59905e-08
-5.13301e-08
4.65157e-07
2.01661e-08
-3.36986e-08
2.56573e-07
2.01803e-08
-2.49689e-08
2.23035e-07
1.59495e-08
-1.92519e-08
2.31956e-07
1.32132e-08
-1.64634e-08
2.37273e-07
1.18735e-08
-1.21295e-08
2.19339e-07
1.18991e-08
-6.5755e-09
1.58786e-07
1.18015e-08
1.16307e-08
4.78845e-08
1.02026e-08
-1.33658e-07
7.62233e-09
-5.54194e-08
1.2344e-06
1.68992e-08
-5.24894e-08
4.61668e-07
2.22457e-08
-3.47006e-08
2.36637e-07
2.24258e-08
-2.59905e-08
2.11059e-07
1.78737e-08
-2.04316e-08
2.22791e-07
1.48667e-08
-1.78318e-08
2.31326e-07
1.33033e-08
-1.37311e-08
2.12541e-07
1.31033e-08
-8.35601e-09
1.5118e-07
1.26377e-08
9.67556e-09
2.85698e-08
1.05169e-08
-1.54327e-07
7.35878e-09
-5.65414e-08
1.29268e-06
1.7835e-08
-5.34985e-08
4.58078e-07
2.44934e-08
-3.57053e-08
2.16721e-07
2.47842e-08
-2.70333e-08
1.99217e-07
1.98812e-08
-2.16581e-08
2.13964e-07
1.65769e-08
-1.92481e-08
2.25773e-07
1.4762e-08
-1.53838e-08
2.06197e-07
1.42886e-08
-1.01819e-08
1.43957e-07
1.3383e-08
7.62287e-09
9.64292e-09
1.06645e-08
-1.74649e-07
6.91617e-09
-5.77019e-08
1.3522e-06
1.88463e-08
-5.4431e-08
4.54242e-07
2.69186e-08
-3.67254e-08
1.96886e-07
2.72417e-08
-2.80989e-08
1.87511e-07
2.19618e-08
-2.29295e-08
2.05504e-07
1.83345e-08
-2.07064e-08
2.20619e-07
1.62398e-08
-1.70752e-08
2.00305e-07
1.54406e-08
-1.20335e-08
1.37097e-07
1.40193e-08
5.51076e-09
-8.87211e-09
1.0628e-08
-1.94548e-07
6.29143e-09
-5.93203e-08
1.41343e-06
2.00314e-08
-5.53873e-08
4.49678e-07
2.95362e-08
-3.77758e-08
1.77102e-07
2.97827e-08
-2.91896e-08
1.75921e-07
2.41052e-08
-2.4244e-08
1.9743e-07
2.013e-08
-2.22019e-08
2.15862e-07
1.77265e-08
-1.87939e-08
1.94847e-07
1.65452e-08
-1.38935e-08
1.30565e-07
1.45289e-08
3.38409e-09
-2.69806e-08
1.03926e-08
-2.13955e-07
5.48442e-09
-6.23602e-08
2.15751e-08
1.47783e-06
-5.63663e-08
3.23465e-08
4.43004e-07
-3.89145e-08
3.23638e-08
1.57492e-07
-3.0273e-08
2.62708e-08
1.64437e-07
-2.56086e-08
2.19238e-08
1.89897e-07
-2.36989e-08
1.91831e-08
2.11545e-07
-2.05909e-08
1.75625e-08
1.89972e-07
-1.56091e-08
1.48714e-08
1.24193e-07
1.20954e-09
9.93061e-09
-4.4454e-08
4.47867e-09
-2.32938e-07
-5.64822e-08
1.18246e-06
1.31695e-08
-5.32588e-08
5.09761e-07
1.54347e-08
-3.47242e-08
3.21952e-07
1.61841e-08
-2.46705e-08
2.55483e-07
1.34833e-08
-1.72714e-08
2.42028e-07
1.17684e-08
-1.34678e-08
2.34184e-07
1.08119e-08
-9.02181e-09
2.17909e-07
1.06846e-08
-4.49113e-09
1.65376e-07
1.05235e-08
1.09706e-08
7.11353e-08
8.85687e-09
-1.10718e-07
7.14964e-09
-5.81893e-08
1.24265e-06
1.39867e-08
-5.46412e-08
5.09181e-07
1.71977e-08
-3.56699e-08
3.04982e-07
1.81789e-08
-2.55257e-08
2.46081e-07
1.52072e-08
-1.81843e-08
2.34651e-07
1.32486e-08
-1.45346e-08
2.30329e-07
1.20791e-08
-1.0325e-08
2.13839e-07
1.17598e-08
-6.02315e-09
1.61571e-07
1.13053e-08
9.34777e-09
5.67436e-08
9.22356e-09
-1.26525e-07
7.04947e-09
-5.95508e-08
1.30431e-06
1.47922e-08
-5.58143e-08
5.08554e-07
1.91365e-08
-3.65989e-08
2.87878e-07
2.03146e-08
-2.63842e-08
2.3671e-07
1.70296e-08
-1.91314e-08
2.27472e-07
1.47929e-08
-1.5648e-08
2.26768e-07
1.33807e-08
-1.16928e-08
2.10158e-07
1.28297e-08
-7.62806e-09
1.58122e-07
1.20223e-08
7.60409e-09
4.25698e-08
9.45898e-09
-1.42266e-07
6.79058e-09
-6.06943e-08
1.36724e-06
1.56076e-08
-5.68275e-08
5.07916e-07
2.12652e-08
-3.75211e-08
2.7077e-07
2.25858e-08
-2.72463e-08
2.27371e-07
1.89451e-08
-2.01117e-08
2.2052e-07
1.63949e-08
-1.68042e-08
2.23513e-07
1.47095e-08
-1.31176e-08
2.06876e-07
1.38837e-08
-9.28997e-09
1.55017e-07
1.26599e-08
5.7664e-09
2.86321e-08
9.54636e-09
-1.57893e-07
6.36762e-09
-6.18543e-08
1.43147e-06
1.64813e-08
-5.77604e-08
5.07137e-07
2.36037e-08
-3.84494e-08
2.53715e-07
2.49859e-08
-2.81136e-08
2.1805e-07
2.09477e-08
-2.11249e-08
2.13818e-07
1.80477e-08
-1.80005e-08
2.2057e-07
1.60582e-08
-1.45921e-08
2.03998e-07
1.49112e-08
-1.09938e-08
1.52234e-07
1.32042e-08
3.86786e-09
1.49283e-08
9.47063e-09
-1.73361e-07
5.77774e-09
-6.34788e-08
1.49747e-06
1.75142e-08
-5.87243e-08
5.05738e-07
2.61805e-08
-3.93995e-08
2.36666e-07
2.75067e-08
-2.89888e-08
2.08714e-07
2.30308e-08
-2.21712e-08
2.07386e-07
1.97441e-08
-1.92359e-08
2.17943e-07
1.74191e-08
-1.61103e-08
2.01516e-07
1.59012e-08
-1.27263e-08
1.49739e-07
1.36411e-08
1.95609e-09
1.42173e-09
9.21735e-09
-1.88622e-07
5.02083e-09
-6.66129e-08
1.89209e-08
1.56674e-06
-5.97269e-08
2.90387e-08
5.0216e-07
-4.04426e-08
3.01453e-08
2.196e-07
-2.98355e-08
2.51947e-08
1.99183e-07
-2.32609e-08
2.14844e-08
2.01251e-07
-2.04755e-08
1.87926e-08
2.15548e-07
-1.77264e-08
1.68507e-08
1.99479e-07
-1.4335e-08
1.39647e-08
1.47255e-07
1.22144e-10
8.77816e-09
-1.18823e-08
4.10092e-09
-2.03698e-07
-6.07457e-08
1.24983e-06
1.17018e-08
-5.67476e-08
5.26729e-07
1.22039e-08
-3.69338e-08
3.36666e-07
1.36341e-08
-2.5832e-08
2.51338e-07
1.20923e-08
-1.72251e-08
2.25453e-07
1.12768e-08
-1.2885e-08
2.1298e-07
1.0644e-08
-8.85442e-09
1.9978e-07
1.03009e-08
-5.60791e-09
1.54402e-07
9.80174e-09
7.23135e-09
6.11284e-08
7.71425e-09
-1.20105e-07
5.91572e-09
-6.2587e-08
1.314e-06
1.24096e-08
-5.82045e-08
5.25816e-07
1.3729e-08
-3.78864e-08
3.19105e-07
1.54224e-08
-2.66227e-08
2.41619e-07
1.36624e-08
-1.80005e-08
2.1745e-07
1.26293e-08
-1.37758e-08
2.09051e-07
1.1783e-08
-9.97873e-09
1.96501e-07
1.12423e-08
-6.98305e-09
1.52256e-07
1.04559e-08
5.77421e-09
4.96017e-08
7.99349e-09
-1.33244e-07
5.80995e-09
-6.4033e-08
1.37974e-06
1.30874e-08
-5.94308e-08
5.24916e-07
1.54343e-08
-3.88164e-08
3.01448e-07
1.73571e-08
-2.74045e-08
2.31905e-07
1.53323e-08
-1.8799e-08
2.09596e-07
1.40423e-08
-1.47052e-08
2.05387e-07
1.29513e-08
-1.11632e-08
1.93612e-07
1.21767e-08
-8.42843e-09
1.50492e-07
1.10519e-08
4.21295e-09
3.82626e-08
8.15729e-09
-1.46355e-07
5.56471e-09
-6.52148e-08
1.44682e-06
1.37553e-08
-6.04796e-08
5.24107e-07
1.73393e-08
-3.97339e-08
2.83851e-07
1.94372e-08
-2.81769e-08
2.22195e-07
1.70982e-08
-1.96197e-08
2.01923e-07
1.55101e-08
-1.56706e-08
2.02005e-07
1.41425e-08
-1.2403e-08
1.91133e-07
1.3095e-08
-9.93096e-09
1.49103e-07
1.15775e-08
2.57757e-09
2.71101e-08
8.1909e-09
-1.59396e-07
5.17515e-09
-6.6379e-08
1.51522e-06
1.44597e-08
-6.14383e-08
5.23299e-07
1.9471e-08
-4.06518e-08
2.6639e-07
2.16606e-08
-2.89411e-08
2.12475e-07
1.89565e-08
-2.04624e-08
1.94465e-07
1.70271e-08
-1.66708e-08
1.98922e-07
1.53501e-08
-1.36938e-08
1.8908e-07
1.39881e-08
-1.14782e-08
1.48071e-07
1.20209e-08
9.29881e-10
1.60929e-08
8.08045e-09
-1.72299e-07
4.63928e-09
-6.80065e-08
1.58545e-06
1.52999e-08
-6.2431e-08
5.22038e-07
2.18661e-08
-4.15865e-08
2.49028e-07
2.40243e-08
-2.96994e-08
2.02716e-07
2.09029e-08
-2.13281e-08
1.87251e-07
1.8587e-08
-1.77065e-08
1.96152e-07
1.65679e-08
-1.50325e-08
1.8746e-07
1.48474e-08
-1.306e-08
1.47369e-07
1.23707e-08
-8.07614e-10
5.24191e-09
7.8167e-09
-1.85111e-07
3.95368e-09
-7.12438e-08
1.64871e-08
1.65913e-06
-6.34685e-08
2.45695e-08
5.18732e-07
-4.26234e-08
2.65186e-08
2.3181e-07
-3.04107e-08
2.29271e-08
1.92771e-07
-2.22281e-08
2.01781e-08
1.80375e-07
-1.87431e-08
1.77845e-08
1.93675e-07
-1.6472e-08
1.56604e-08
1.8638e-07
-1.45318e-08
1.2613e-08
1.46781e-07
-2.8179e-09
7.38961e-09
-5.0827e-09
3.1141e-09
-1.98186e-07
-6.54199e-08
1.31661e-06
1.0661e-08
-6.02235e-08
5.23441e-07
9.26045e-09
-3.88191e-08
3.32922e-07
1.10173e-08
-2.67736e-08
2.36557e-07
1.02173e-08
-1.71738e-08
2.05413e-07
1.01084e-08
-1.25004e-08
1.93521e-07
9.75408e-09
-8.98307e-09
1.86078e-07
9.32542e-09
-6.95564e-09
1.47517e-07
8.62786e-09
3.76211e-09
5.48393e-08
6.39499e-09
-1.27048e-07
4.48933e-09
-6.74109e-08
1.38517e-06
1.12595e-08
-6.17643e-08
5.20984e-07
1.05399e-08
-3.97992e-08
3.13796e-07
1.25828e-08
-2.75324e-08
2.26327e-07
1.1626e-08
-1.78536e-08
1.97031e-07
1.13328e-08
-1.32596e-08
1.89938e-07
1.07721e-08
-9.96464e-09
1.83881e-07
1.01439e-08
-8.18651e-09
1.47024e-07
9.17043e-09
2.47952e-09
4.55607e-08
6.60671e-09
-1.38398e-07
4.38702e-09
-6.89487e-08
1.4554e-06
1.18113e-08
-6.30516e-08
5.18521e-07
1.2001e-08
-4.07574e-08
2.94564e-07
1.42953e-08
-2.82761e-08
2.16043e-07
1.3135e-08
-1.85504e-08
1.88732e-07
1.26163e-08
-1.40527e-08
1.86575e-07
1.18174e-08
-1.10038e-08
1.82053e-07
1.09563e-08
-9.48505e-09
1.46895e-07
9.66341e-09
1.12891e-09
3.63857e-08
6.71896e-09
-1.49717e-07
4.16796e-09
-7.017e-08
1.527e-06
1.23344e-08
-6.4145e-08
5.16168e-07
1.36667e-08
-4.17046e-08
2.75405e-07
1.61566e-08
-2.90041e-08
2.05699e-07
1.47423e-08
-1.92638e-08
1.80548e-07
1.39539e-08
-1.48781e-08
1.83447e-07
1.28842e-08
-1.20977e-08
1.80613e-07
1.17547e-08
-1.08404e-08
1.47119e-07
1.00963e-08
-2.20745e-10
2.72368e-08
6.72094e-09
-1.60907e-07
3.82543e-09
-7.13364e-08
1.59993e-06
1.28723e-08
-6.51427e-08
5.13878e-07
1.55676e-08
-4.26549e-08
2.5641e-07
1.81674e-08
-2.97173e-08
1.95273e-07
1.64454e-08
-1.9994e-08
1.72512e-07
1.53406e-08
-1.57358e-08
1.80573e-07
1.39671e-08
-1.32443e-08
1.79579e-07
1.25317e-08
-1.22434e-08
1.47681e-07
1.04591e-08
-1.91815e-09
1.83904e-08
6.60237e-09
-1.72247e-07
3.3543e-09
-7.29671e-08
1.67468e-06
1.35209e-08
-6.61847e-08
5.11217e-07
1.77451e-08
-4.36261e-08
2.37549e-07
2.03276e-08
-3.04182e-08
1.84726e-07
1.82417e-08
-2.07423e-08
1.64652e-07
1.67712e-08
-1.66278e-08
1.77966e-07
1.50607e-08
-1.44435e-08
1.78962e-07
1.328e-08
-1.36892e-08
1.48555e-07
1.07427e-08
-3.51121e-09
9.67795e-09
6.352e-09
-1.83614e-07
2.7544e-09
-7.6327e-08
1.44927e-08
1.75301e-06
-6.7282e-08
2.02519e-08
5.0649e-07
-4.47188e-08
2.26344e-08
2.1887e-07
-3.10609e-08
2.01276e-08
1.73868e-07
-2.15213e-08
1.82403e-08
1.5705e-07
-1.75204e-08
1.61599e-08
1.7559e-07
-1.57475e-08
1.39929e-08
1.78857e-07
-1.50383e-08
1.09378e-08
1.49522e-07
-5.28488e-09
5.95748e-09
1.35757e-09
2.0198e-09
-1.95296e-07
-7.01886e-08
1.38506e-06
1.03119e-08
-6.32122e-08
5.11848e-07
7.22458e-09
-3.99238e-08
3.26757e-07
8.94657e-09
-2.71123e-08
2.25498e-07
8.42219e-09
-1.6803e-08
1.9351e-07
8.7348e-09
-1.20493e-08
1.8433e-07
8.54672e-09
-9.12924e-09
1.82536e-07
8.10451e-09
-8.21602e-09
1.48538e-07
7.33465e-09
9.26792e-10
5.56712e-08
5.10617e-09
-1.28159e-07
3.28594e-09
-7.23391e-08
1.45783e-06
1.08291e-08
-6.48279e-08
5.06603e-07
8.27436e-09
-4.09247e-08
3.05161e-07
1.02754e-08
-2.7846e-08
2.144e-07
9.64577e-09
-1.74087e-08
1.84597e-07
9.80895e-09
-1.27066e-08
1.80969e-07
9.43122e-09
-9.99311e-09
1.81168e-07
8.7994e-09
-9.30598e-09
1.49244e-07
7.77741e-09
-5.77764e-11
4.77612e-08
5.26924e-09
-1.38466e-07
3.19157e-09
-7.39698e-08
1.53233e-06
1.1284e-08
-6.61661e-08
5.01298e-07
9.50162e-09
-4.19097e-08
2.83456e-07
1.1745e-08
-2.85633e-08
2.03222e-07
1.09669e-08
-1.80298e-08
1.7574e-07
1.09396e-08
-1.33957e-08
1.77811e-07
1.03415e-08
-1.09131e-08
1.80152e-07
9.49003e-09
-1.04609e-08
1.50277e-07
8.17912e-09
-1.37567e-09
4.00434e-08
5.3523e-09
-1.48994e-07
2.99864e-09
-7.5225e-08
1.6082e-06
1.16915e-08
-6.72952e-08
4.96105e-07
1.09311e-08
-4.28919e-08
2.6185e-07
1.33592e-08
-2.92637e-08
1.91952e-07
1.23845e-08
-1.86664e-08
1.66975e-07
1.21226e-08
-1.4116e-08
1.74873e-07
1.12727e-08
-1.18882e-08
1.79509e-07
1.01697e-08
-1.16739e-08
1.51629e-07
8.53086e-09
-2.6558e-09
3.2404e-08
5.34302e-09
-1.59647e-07
2.70364e-09
-7.63838e-08
1.68537e-06
1.20918e-08
-6.83276e-08
4.91021e-07
1.25952e-08
-4.38875e-08
2.40457e-07
1.51208e-08
-2.99486e-08
1.80561e-07
1.38977e-08
-1.93192e-08
1.58332e-07
1.33541e-08
-1.48686e-08
1.7217e-07
1.22201e-08
-1.29185e-08
1.79259e-07
1.08321e-08
-1.29401e-08
1.53286e-07
8.82427e-09
-3.95467e-09
2.47909e-08
5.23096e-09
-1.70418e-07
2.30268e-09
-7.80084e-08
1.76433e-06
1.25754e-08
-6.94229e-08
4.85644e-07
1.45372e-08
-4.49163e-08
2.19246e-07
1.70322e-08
-3.06212e-08
1.69003e-07
1.55053e-08
-1.999e-08
1.49843e-07
1.46301e-08
-1.56566e-08
1.69718e-07
1.31797e-08
-1.40053e-08
1.79417e-07
1.14717e-08
-1.42573e-08
1.55229e-07
9.05207e-09
-5.26425e-09
1.71422e-08
5.00864e-09
-1.81327e-07
1.79391e-09
-8.14973e-08
1.33497e-08
1.84698e-06
-7.05914e-08
1.68101e-08
4.7818e-07
-4.60951e-08
1.90915e-08
1.98293e-07
-3.12305e-08
1.72038e-08
1.57062e-07
-2.0693e-08
1.59446e-08
1.41601e-07
-1.64478e-08
1.41459e-08
1.67487e-07
-1.52e-08
1.20816e-08
1.80081e-07
-1.5491e-08
9.20585e-09
1.57252e-07
-6.77872e-09
4.66788e-09
9.7205e-09
1.17643e-09
-1.92702e-07
-7.48336e-08
1.45643e-06
1.04878e-08
-6.55698e-08
5.02028e-07
6.01365e-09
-4.02523e-08
3.2926e-07
7.41021e-09
-2.68963e-08
2.25954e-07
6.76237e-09
-1.6151e-08
1.9383e-07
7.23619e-09
-1.15362e-08
1.86227e-07
7.11546e-09
-9.25548e-09
1.87651e-07
6.72309e-09
-9.32605e-09
1.54896e-07
6.00165e-09
-1.56835e-09
5.9856e-08
3.92397e-09
-1.26587e-07
2.36096e-09
-7.71444e-08
1.53345e-06
1.09542e-08
-6.72402e-08
4.93546e-07
6.85261e-09
-4.12531e-08
3.05055e-07
8.49332e-09
-2.76024e-08
2.14171e-07
7.77883e-09
-1.66973e-08
1.84595e-07
8.13983e-09
-1.2116e-08
1.8322e-07
7.85683e-09
-1.00272e-08
1.87064e-07
7.29759e-09
-1.02978e-08
1.56587e-07
6.35835e-09
-2.52394e-09
5.32934e-08
4.05887e-09
-1.36459e-07
2.27103e-09
-7.88613e-08
1.61226e-06
1.13443e-08
-6.86066e-08
4.84934e-07
7.85887e-09
-4.22471e-08
2.80736e-07
9.70453e-09
-2.8293e-08
2.02297e-07
8.88638e-09
-1.726e-08
1.75406e-07
9.09615e-09
-1.27273e-08
1.80406e-07
8.62295e-09
-1.08544e-08
1.86811e-07
7.87052e-09
-1.13358e-08
1.58565e-07
6.68266e-09
-3.53729e-09
4.67214e-08
4.12661e-09
-1.46479e-07
2.10312e-09
-8.01361e-08
1.69242e-06
1.16702e-08
-6.97476e-08
4.76419e-07
9.05795e-09
-4.32499e-08
2.56549e-07
1.10495e-08
-2.89683e-08
1.90315e-07
1.00852e-08
-1.78397e-08
1.66298e-07
1.01021e-08
-1.33705e-08
1.77801e-07
9.40981e-09
-1.17379e-08
1.86913e-07
8.43634e-09
-1.24351e-08
1.60827e-07
6.96714e-09
-4.5946e-09
4.01071e-08
4.11773e-09
-1.56656e-07
1.85275e-09
-8.12666e-08
1.77382e-06
1.19677e-08
-7.0792e-08
4.68058e-07
1.04827e-08
-4.42804e-08
2.32625e-07
1.25333e-08
-2.96307e-08
1.78188e-07
1.13757e-08
-1.84379e-08
1.57305e-07
1.11549e-08
-1.40476e-08
1.75417e-07
1.02138e-08
-1.26795e-08
1.87387e-07
8.98996e-09
-1.35922e-08
1.6336e-07
7.2048e-09
-5.67685e-09
3.34002e-08
4.02341e-09
-1.67017e-07
1.5157e-09
-8.286e-08
1.85694e-06
1.23205e-08
-7.19226e-08
4.59482e-07
1.21761e-08
-4.53614e-08
2.08935e-07
1.41607e-08
-3.0284e-08
1.65858e-07
1.27582e-08
-1.90571e-08
1.48456e-07
1.22519e-08
-1.47629e-08
1.73271e-07
1.10321e-08
-1.36819e-08
1.88251e-07
9.52708e-09
-1.48057e-08
1.66146e-07
7.38984e-09
-6.76352e-09
2.65311e-08
3.83653e-09
-1.77599e-07
1.08985e-09
-8.64594e-08
1.29291e-08
1.94382e-06
-7.315e-08
1.41922e-08
4.48791e-07
-4.66262e-08
1.59339e-08
1.8557e-07
-3.08729e-08
1.4232e-08
1.53078e-07
-1.97133e-08
1.33897e-08
1.39852e-07
-1.54857e-08
1.1861e-08
1.71329e-07
-1.47956e-08
1.00427e-08
1.89601e-07
-1.59428e-08
7.51525e-09
1.68985e-07
-8.05611e-09
3.54874e-09
1.97645e-08
5.68437e-10
-1.88736e-07
-7.92426e-08
1.53283e-06
1.0853e-08
-6.73934e-08
5.02352e-07
5.31645e-09
-4.00759e-08
3.47325e-07
6.28795e-09
-2.63978e-08
2.40955e-07
5.314e-09
-1.54319e-08
2.06674e-07
5.78038e-09
-1.11021e-08
1.97566e-07
5.66564e-09
-9.45457e-09
1.98894e-07
5.36476e-09
-1.03244e-08
1.64214e-07
4.76937e-09
-3.6556e-09
6.59693e-08
2.99117e-09
-1.25595e-07
1.72097e-09
-8.17234e-08
1.61423e-06
1.12893e-08
-6.91104e-08
4.90634e-07
5.95869e-09
-4.10617e-08
3.20645e-07
7.1253e-09
-2.70769e-08
2.28636e-07
6.11287e-09
-1.59326e-08
1.97167e-07
6.50341e-09
-1.16262e-08
1.94855e-07
6.26135e-09
-1.01543e-08
1.98895e-07
5.82527e-09
-1.12053e-08
1.66571e-07
5.05281e-09
-4.44717e-09
6.01646e-08
3.10635e-09
-1.35126e-07
1.6502e-09
-8.35299e-08
1.69747e-06
1.16372e-08
-7.04934e-08
4.78706e-07
6.75068e-09
-4.20509e-08
2.93837e-07
8.07093e-09
-2.77427e-08
2.16223e-07
6.9918e-09
-1.64518e-08
1.87699e-07
7.27289e-09
-1.21824e-08
1.92329e-07
6.87988e-09
-1.091e-08
1.99207e-07
6.28649e-09
-1.21532e-08
1.69186e-07
5.31185e-09
-5.29791e-09
5.42691e-08
3.16781e-09
-1.44875e-07
1.52033e-09
-8.48202e-08
1.78206e-06
1.19055e-08
-7.16316e-08
4.66857e-07
7.71771e-09
-4.30622e-08
2.67185e-07
9.13193e-09
-2.83964e-08
2.0369e-07
7.95217e-09
-1.69909e-08
1.7831e-07
8.08693e-09
-1.27716e-08
1.90002e-07
7.5182e-09
-1.17237e-08
1.99852e-07
6.74399e-09
-1.3164e-08
1.72053e-07
5.54038e-09
-6.18991e-09
4.82458e-08
3.16773e-09
-1.54864e-07
1.32704e-09
-8.59092e-08
1.86782e-06
1.21251e-08
-7.26714e-08
4.55211e-07
8.89188e-09
-4.41183e-08
2.4085e-07
1.03154e-08
-2.9041e-08
1.90993e-07
8.99575e-09
-1.7552e-08
1.69032e-07
8.94399e-09
-1.3397e-08
1.87887e-07
8.17386e-09
-1.25987e-08
2.00851e-07
7.19389e-09
-1.4236e-08
1.75163e-07
5.73293e-09
-7.10445e-09
4.20398e-08
3.09894e-09
-1.65131e-07
1.06692e-09
-8.74481e-08
1.95522e-06
1.23716e-08
-7.38208e-08
4.43446e-07
1.03145e-08
-4.52459e-08
2.14809e-07
1.16281e-08
-2.96817e-08
1.78063e-07
1.01247e-08
-1.81384e-08
1.59898e-07
9.84296e-09
-1.40637e-08
1.86e-07
8.84514e-09
-1.3539e-08
2.02221e-07
7.63311e-09
-1.53696e-08
1.785e-07
5.88476e-09
-8.02426e-09
3.55767e-08
2.95538e-09
-1.75722e-07
7.37974e-10
-9.11308e-08
1.28335e-08
2.04645e-06
-7.50947e-08
1.20384e-08
4.29564e-07
-4.65957e-08
1.3076e-08
1.89168e-07
-3.02584e-08
1.13402e-08
1.64618e-07
-1.87684e-08
1.07819e-08
1.51017e-07
-1.4743e-08
9.52927e-09
1.84307e-07
-1.45944e-08
8.05731e-09
2.04058e-07
-1.64335e-08
5.99031e-09
1.81864e-07
-9.16686e-09
2.73147e-09
2.91282e-08
3.42813e-10
-1.87004e-07
-8.34185e-08
1.61442e-06
1.09845e-08
-6.89022e-08
5.15188e-07
4.70177e-09
-3.97253e-08
3.80864e-07
5.35483e-09
-2.58966e-08
2.68215e-07
4.0611e-09
-1.48319e-08
2.28836e-07
4.44368e-09
-1.08487e-08
2.14893e-07
4.30964e-09
-9.76665e-09
2.13202e-07
4.11292e-09
-1.12383e-08
1.74462e-07
3.66961e-09
-5.24948e-09
7.30353e-08
2.30532e-09
-1.24769e-07
1.21545e-09
-8.60862e-08
1.7004e-06
1.13975e-08
-7.06706e-08
5.00573e-07
5.15905e-09
-4.06914e-08
3.52048e-07
5.96185e-09
-2.65553e-08
2.55541e-07
4.65042e-09
-1.53014e-08
2.19095e-07
4.99054e-09
-1.13367e-08
2.12425e-07
4.76553e-09
-1.04123e-08
2.13635e-07
4.46758e-09
-1.2045e-08
1.77261e-07
3.88767e-09
-5.91194e-09
6.76177e-08
2.39176e-09
-1.33952e-07
1.16129e-09
-8.79958e-08
1.78833e-06
1.17105e-08
-7.2072e-08
4.85658e-07
5.74205e-09
-4.1671e-08
3.23067e-07
6.65189e-09
-2.72033e-08
2.4276e-07
5.30538e-09
-1.5792e-08
2.09381e-07
5.57576e-09
-1.18572e-08
2.10129e-07
5.24135e-09
-1.11145e-08
2.14355e-07
4.82443e-09
-1.29184e-08
1.80289e-07
4.08825e-09
-6.62898e-09
6.20596e-08
2.43746e-09
-1.43392e-07
1.0625e-09
-8.93086e-08
1.87762e-06
1.19295e-08
-7.32056e-08
4.70799e-07
6.47426e-09
-4.26869e-08
2.94247e-07
7.43262e-09
-2.78424e-08
2.2984e-07
6.02808e-09
-1.63055e-08
1.99733e-07
6.19826e-09
-1.2412e-08
2.08019e-07
5.73482e-09
-1.18762e-08
2.15384e-07
5.17997e-09
-1.38554e-08
1.83542e-07
4.26652e-09
-7.382e-09
5.63187e-08
2.43624e-09
-1.53114e-07
9.15216e-10
-9.03541e-08
1.96802e-06
1.20803e-08
-7.42357e-08
4.56187e-07
7.38529e-09
-4.37658e-08
2.65781e-07
8.31213e-09
-2.8477e-08
2.16727e-07
6.82126e-09
-1.68447e-08
1.90188e-07
6.85745e-09
-1.3005e-08
2.06109e-07
6.24436e-09
-1.27017e-08
2.16744e-07
5.53136e-09
-1.48557e-08
1.87012e-07
4.41836e-09
-8.15072e-09
5.03312e-08
2.38252e-09
-1.63157e-07
7.16764e-10
-9.18251e-08
2.06e-06
1.22286e-08
-7.53976e-08
4.41562e-07
8.51302e-09
-4.49395e-08
2.37653e-07
9.29876e-09
-2.91134e-08
2.03337e-07
7.68834e-09
-1.74139e-08
1.80778e-07
7.55344e-09
-1.36421e-08
2.04414e-07
6.76923e-09
-1.35965e-08
2.18455e-07
5.87663e-09
-1.5921e-08
1.90681e-07
4.54021e-09
-8.91609e-09
4.40113e-08
2.27139e-09
-1.73573e-07
4.65458e-10
-9.55694e-08
1.25475e-08
2.15586e-06
-7.67142e-08
9.90748e-09
4.24838e-07
-4.63779e-08
1.04009e-08
2.09992e-07
-2.96871e-08
8.6325e-09
1.89355e-07
-1.80339e-08
8.28568e-09
1.71622e-07
-1.42966e-08
7.30766e-09
2.02899e-07
-1.46096e-08
6.21209e-09
2.20614e-07
-1.69231e-08
4.62634e-09
1.9436e-07
-9.89397e-09
2.09421e-09
3.76204e-08
1.55571e-10
-1.84709e-07
-8.74151e-08
1.6995e-06
1.04949e-08
-7.02849e-08
5.36598e-07
3.86424e-09
-3.94171e-08
4.24085e-07
4.4022e-09
-2.55509e-08
3.02081e-07
2.9587e-09
-1.44284e-08
2.55444e-07
3.24164e-09
-1.07793e-08
2.34387e-07
3.09048e-09
-1.01346e-08
2.2783e-07
2.98145e-09
-1.20125e-08
1.83987e-07
2.68907e-09
-6.39009e-09
7.84292e-08
1.75343e-09
-1.24922e-07
8.66607e-10
-9.02835e-08
1.7903e-06
1.08768e-08
-7.2112e-08
5.1943e-07
4.1553e-09
-4.03631e-08
3.93487e-07
4.81044e-09
-2.61975e-08
2.89204e-07
3.36179e-09
-1.48796e-08
2.45489e-07
3.62753e-09
-1.12478e-08
2.32104e-07
3.41741e-09
-1.0747e-08
2.28558e-07
3.23921e-09
-1.27673e-08
1.87047e-07
2.84873e-09
-6.95046e-09
7.31919e-08
1.81317e-09
-1.34041e-07
8.29973e-10
-9.23074e-08
1.88318e-06
1.1149e-08
-7.35363e-08
5.01857e-07
4.54429e-09
-4.1332e-08
3.6266e-07
5.27484e-09
-2.68355e-08
2.76199e-07
3.81404e-09
-1.5354e-08
2.35542e-07
4.04219e-09
-1.17492e-08
2.2998e-07
3.76022e-09
-1.14161e-08
2.2955e-07
3.49956e-09
-1.35889e-08
1.90312e-07
2.99659e-09
-7.56599e-09
6.77633e-08
1.84423e-09
-1.43462e-07
7.61748e-10
-9.36492e-08
1.97745e-06
1.13143e-08
-7.46661e-08
4.84297e-07
5.05162e-09
-4.23507e-08
3.31976e-07
5.80233e-09
-2.74677e-08
2.63027e-07
4.3178e-09
-1.58543e-08
2.25642e-07
4.48521e-09
-1.22857e-08
2.2803e-07
4.11734e-09
-1.21457e-08
2.30831e-07
3.75996e-09
-1.44754e-08
1.9378e-07
3.12915e-09
-8.22048e-09
6.21035e-08
1.84212e-09
-1.53208e-07
6.59481e-10
-9.46507e-08
2.07279e-06
1.13933e-08
-7.56838e-08
4.67013e-07
5.70303e-09
-4.34511e-08
3.01655e-07
6.40064e-09
-2.80995e-08
2.49621e-07
4.87619e-09
-1.63838e-08
2.15827e-07
4.95668e-09
-1.28618e-08
2.26264e-07
4.48793e-09
-1.29408e-08
2.32423e-07
4.0185e-09
-1.54276e-08
1.97442e-07
3.24342e-09
-8.89729e-09
5.6154e-08
1.80275e-09
-1.63315e-07
5.21185e-10
-9.60442e-08
2.16963e-06
1.1442e-08
-7.68534e-08
4.49804e-07
6.53137e-09
-4.46707e-08
2.71693e-07
7.07808e-09
-2.87387e-08
2.35885e-07
5.49314e-09
-1.69476e-08
2.06133e-07
5.45745e-09
-1.34843e-08
2.24699e-07
4.87195e-09
-1.3808e-08
2.3435e-07
4.27396e-09
-1.64487e-08
2.01287e-07
3.33681e-09
-9.58258e-09
4.98382e-08
1.72208e-09
-1.73826e-07
3.44951e-10
-9.98331e-08
1.16152e-08
2.2704e-06
-7.82116e-08
7.57763e-09
4.30513e-07
-4.61989e-08
7.84338e-09
2.42238e-07
-2.93163e-08
6.17221e-09
2.21463e-07
-1.75699e-08
5.98756e-09
1.96685e-07
-1.41285e-08
5.26812e-09
2.23297e-07
-1.47968e-08
4.52372e-09
2.36707e-07
-1.74123e-08
3.40523e-09
2.05124e-07
-1.05001e-08
1.59503e-09
4.34262e-08
1.26524e-10
-1.85095e-07
-9.12973e-08
1.78517e-06
9.06127e-09
-7.16406e-08
5.57682e-07
2.74587e-09
-3.92175e-08
4.67861e-07
3.26767e-09
-2.53918e-08
3.35391e-07
1.94922e-09
-1.42073e-08
2.81118e-07
2.13535e-09
-1.08352e-08
2.52424e-07
1.99291e-09
-1.04924e-08
2.40637e-07
1.94012e-09
-1.26049e-08
1.91966e-07
1.77277e-09
-7.08159e-09
8.27936e-08
1.20117e-09
-1.24053e-07
5.93523e-10
-9.43649e-08
1.88103e-06
9.39097e-09
-7.35193e-08
5.38088e-07
2.90388e-09
-4.01405e-08
4.35778e-07
3.51522e-09
-2.60317e-08
3.22448e-07
2.19604e-09
-1.46486e-08
2.70983e-07
2.37956e-09
-1.12951e-08
2.50286e-07
2.20318e-09
-1.10865e-08
2.4156e-07
2.10833e-09
-1.33256e-08
1.95176e-07
1.87804e-09
-7.57272e-09
7.76166e-08
1.23823e-09
-1.33207e-07
5.67087e-10
-9.64973e-08
1.97908e-06
9.60369e-09
-7.49547e-08
5.17958e-07
3.13127e-09
-4.10939e-08
4.03398e-07
3.79449e-09
-2.6664e-08
3.09357e-07
2.47539e-09
-1.5115e-08
2.60834e-07
2.64263e-09
-1.17882e-08
2.48295e-07
2.42433e-09
-1.17373e-08
2.4273e-07
2.27879e-09
-1.41136e-08
1.98573e-07
1.97612e-09
-8.12412e-09
7.22152e-08
1.25717e-09
-1.42681e-07
5.21741e-10
-9.78574e-08
2.07855e-06
9.701e-09
-7.60636e-08
4.97772e-07
3.44415e-09
-4.2109e-08
3.71135e-07
4.1108e-09
-2.72925e-08
2.9607e-07
2.78917e-09
-1.56096e-08
2.50712e-07
2.9244e-09
-1.23169e-08
2.46465e-07
2.65552e-09
-1.2449e-08
2.44172e-07
2.44973e-09
-1.49673e-08
2.02157e-07
2.06467e-09
-8.71894e-09
6.6555e-08
1.25504e-09
-1.52494e-07
4.56118e-10
-9.87978e-08
2.17905e-06
9.69927e-09
-7.70465e-08
4.77861e-07
3.86281e-09
-4.32224e-08
3.39242e-07
4.47035e-09
-2.7924e-08
2.82508e-07
3.13993e-09
-1.61365e-08
2.40657e-07
3.22515e-09
-1.28863e-08
2.44806e-07
2.89621e-09
-1.32271e-08
2.45912e-07
2.61998e-09
-1.58884e-08
2.0592e-07
2.14179e-09
-9.3407e-09
6.05817e-08
1.2294e-09
-1.62679e-07
3.68946e-10
-1.00089e-07
2.28095e-06
9.64463e-09
-7.81971e-08
4.58088e-07
4.41355e-09
-4.44776e-08
3.07721e-07
4.87997e-09
-2.85672e-08
2.6856e-07
3.53102e-09
-1.67013e-08
2.30703e-07
3.54588e-09
-1.35037e-08
2.43334e-07
3.14668e-09
-1.40793e-08
2.47973e-07
2.78893e-09
-1.68813e-08
2.09854e-07
2.206e-09
-9.97585e-09
5.4222e-08
1.17744e-09
-1.73277e-07
2.58141e-10
-1.03892e-07
9.66869e-09
2.38679e-06
-7.95661e-08
5.1297e-09
4.3621e-07
-4.60846e-08
5.34704e-09
2.76736e-07
-2.91493e-08
3.96564e-09
2.53832e-07
-1.73315e-08
3.88687e-09
2.20986e-07
-1.4145e-08
3.40645e-09
2.4201e-07
-1.50549e-08
2.95522e-09
2.50452e-07
-1.78201e-08
2.2554e-09
2.13769e-07
-1.08511e-08
1.09802e-09
4.77512e-08
1.23225e-10
-1.84645e-07
-9.49076e-08
1.86769e-06
5.78171e-09
-7.2966e-08
5.71465e-07
1.42173e-09
-3.91259e-08
5.03092e-07
1.80648e-09
-2.53761e-08
3.6162e-07
9.76781e-10
-1.4115e-08
3.01113e-07
1.06856e-09
-1.0936e-08
2.66065e-07
9.77584e-10
-1.07763e-08
2.50019e-07
9.55223e-10
-1.30013e-08
1.97745e-07
8.79416e-10
-7.47799e-09
8.59558e-08
6.00688e-10
-1.22871e-07
2.82539e-10
-9.81376e-08
1.96924e-06
5.98452e-09
-7.48762e-08
5.49623e-07
1.48528e-09
-4.00262e-08
4.69834e-07
1.92355e-09
-2.60124e-08
3.48709e-07
1.0929e-09
-1.45514e-08
2.90845e-07
1.18659e-09
-1.13934e-08
2.64031e-07
1.0801e-09
-1.13615e-08
2.51057e-07
1.03829e-09
-1.37025e-08
2.01033e-07
9.31817e-10
-7.93569e-09
8.08095e-08
6.1864e-10
-1.31971e-07
2.64911e-10
-1.00339e-07
2.07309e-06
6.09565e-09
-7.62987e-08
5.27128e-07
1.58646e-09
-4.09632e-08
4.3624e-07
2.05347e-09
-2.66414e-08
3.35638e-07
1.22511e-09
-1.50142e-08
2.80547e-07
1.31377e-09
-1.18839e-08
2.62137e-07
1.18803e-09
-1.20033e-08
2.52333e-07
1.12264e-09
-1.44708e-08
2.04496e-07
9.80887e-10
-8.45433e-09
7.54235e-08
6.27798e-10
-1.41397e-07
2.38939e-10
-1.01675e-07
2.17836e-06
6.11761e-09
-7.73597e-08
5.04522e-07
1.73467e-09
-4.19719e-08
4.02764e-07
2.19924e-09
-2.72678e-08
3.22349e-07
1.37457e-09
-1.5507e-08
2.70261e-07
1.45007e-09
-1.24103e-08
2.60395e-07
1.30128e-09
-1.27058e-08
2.53871e-07
1.20738e-09
-1.53051e-08
2.08135e-07
1.02546e-09
-9.01685e-09
6.97648e-08
6.26611e-10
-1.51166e-07
2.03761e-10
-1.02512e-07
2.28451e-06
6.06168e-09
-7.82792e-08
4.8221e-07
1.94188e-09
-4.30937e-08
3.69684e-07
2.36439e-09
-2.78992e-08
3.08752e-07
1.54272e-09
-1.60343e-08
2.60026e-07
1.5958e-09
-1.29777e-08
2.58815e-07
1.41948e-09
-1.34752e-08
2.55697e-07
1.292e-09
-1.62072e-08
2.11945e-07
1.06466e-09
-9.60511e-09
6.37793e-08
6.13903e-10
-1.61311e-07
1.58538e-10
-1.03659e-07
2.39186e-06
5.9574e-09
-7.93822e-08
4.60123e-07
2.2239e-09
-4.43781e-08
3.37008e-07
2.55286e-09
-2.85455e-08
2.94719e-07
1.73164e-09
-1.66023e-08
2.49877e-07
1.75165e-09
-1.3594e-08
2.57411e-07
1.54309e-09
-1.43195e-08
2.57836e-07
1.37634e-09
-1.71825e-08
2.15917e-07
1.09777e-09
-1.0203e-08
5.73902e-08
5.87982e-10
-1.71878e-07
1.01686e-10
-1.0743e-07
5.88619e-09
2.50308e-06
-8.07418e-08
2.59931e-09
4.35965e-07
-4.60531e-08
2.77014e-09
3.04896e-07
-2.91303e-08
1.94283e-09
2.79819e-07
-1.72409e-08
1.91769e-09
2.39957e-07
-1.42361e-08
1.67135e-09
2.56141e-07
-1.52889e-08
1.45931e-09
2.60385e-07
-1.81072e-08
1.12341e-09
2.19867e-07
-1.10312e-08
5.46601e-10
5.08668e-08
3.24777e-11
-1.83222e-07
-9.78553e-08
1.94106e-06
-7.41583e-08
5.74737e-07
-3.91305e-08
5.22757e-07
-2.54385e-08
3.75921e-07
-1.40978e-08
3.12037e-07
-1.10149e-08
2.73357e-07
-1.09486e-08
2.54955e-07
-1.32452e-08
2.00738e-07
-7.76363e-09
8.78089e-08
-1.21475e-07
-1.01176e-07
2.04822e-06
-7.60698e-08
5.51116e-07
-4.00142e-08
4.88625e-07
-2.60733e-08
3.63073e-07
-1.45322e-08
3.01682e-07
-1.14719e-08
2.71377e-07
-1.15299e-08
2.56052e-07
-1.39368e-08
2.04077e-07
-8.18916e-09
8.26809e-08
-1.3061e-07
-1.03375e-07
2.1577e-06
-7.74478e-08
5.26775e-07
-4.09389e-08
4.5417e-07
-2.67003e-08
3.5006e-07
-1.49937e-08
2.9129e-07
-1.19617e-08
2.69533e-07
-1.21675e-08
2.57381e-07
-1.4695e-08
2.07586e-07
-8.67488e-09
7.72896e-08
-1.40104e-07
-1.04625e-07
2.26845e-06
-7.84299e-08
5.02315e-07
-4.19424e-08
4.19882e-07
-2.73248e-08
3.36817e-07
-1.5486e-08
2.80901e-07
-1.24874e-08
2.67836e-07
-1.28658e-08
2.58967e-07
-1.55187e-08
2.11265e-07
-9.20514e-09
7.16036e-08
-1.49971e-07
-1.05307e-07
2.37982e-06
-7.9256e-08
4.78206e-07
-4.30693e-08
3.8606e-07
-2.79551e-08
3.23246e-07
-1.6014e-08
2.70556e-07
-1.30543e-08
2.66296e-07
-1.36308e-08
2.60836e-07
-1.64104e-08
2.1511e-07
-9.76378e-09
6.5572e-08
-1.60242e-07
-1.06267e-07
2.49206e-06
-8.02811e-08
4.54444e-07
-4.43731e-08
3.52705e-07
-2.86019e-08
3.09207e-07
-1.6584e-08
2.60291e-07
-1.36706e-08
2.64926e-07
-1.44715e-08
2.63013e-07
-1.73766e-08
2.19113e-07
-1.03369e-08
5.91213e-08
-1.7096e-07
-1.09959e-07
2.60791e-06
-8.16064e-08
4.28691e-07
-4.60965e-08
3.19966e-07
-2.9186e-08
2.94239e-07
-1.7228e-08
2.50251e-07
-1.43126e-08
2.63683e-07
-1.54372e-08
2.65598e-07
-1.82934e-08
2.23093e-07
-1.11508e-08
5.25263e-08
-1.82491e-07
8.93076e-08
-8.66569e-07
-1.2741e-07
2.82504e-07
-7.29639e-07
-1.51678e-08
4.13493e-07
-5.21614e-07
3.40306e-08
4.68034e-07
-3.66545e-07
5.9048e-08
4.71817e-07
-2.84998e-07
6.07551e-08
4.37644e-07
-2.87313e-07
5.94067e-08
3.9256e-07
-3.70242e-07
7.95019e-08
3.76752e-07
-4.87749e-07
1.4211e-07
4.2216e-07
-2.82395e-07
2.1874e-07
5.20764e-07
2.54806e-07
3.26304e-07
1.65947e-07
-1.01493e-06
-1.79889e-07
3.7083e-07
-9.08888e-07
-6.29553e-08
5.06393e-07
-7.02883e-07
1.21858e-08
5.64131e-07
-5.19989e-07
8.93067e-08
5.62076e-07
-4.34787e-07
1.46539e-07
5.10031e-07
-4.26314e-07
1.73958e-07
4.08324e-07
-4.94019e-07
1.96439e-07
3.03716e-07
-6.08351e-07
2.21815e-07
2.57893e-07
-5.09537e-07
2.67252e-07
2.72883e-07
2.49559e-07
2.16491e-07
1.82301e-07
-1.07618e-06
-3.38748e-07
4.40494e-07
-9.80833e-07
-1.89606e-07
6.1083e-07
-7.82037e-07
-7.85883e-08
6.57773e-07
-6.28857e-07
8.02249e-09
6.62588e-07
-5.44941e-07
1.07245e-07
6.07463e-07
-5.36232e-07
1.64755e-07
4.72182e-07
-5.93524e-07
1.88449e-07
2.97192e-07
-6.71576e-07
2.15775e-07
1.15493e-07
-5.92774e-07
2.57685e-07
7.2755e-08
2.48155e-07
6.05516e-08
1.9581e-07
-1.07332e-06
-5.60287e-07
4.84471e-07
-1.01876e-06
-3.50548e-07
6.75002e-07
-8.03483e-07
-1.9984e-07
7.52705e-07
-6.65033e-07
-6.82725e-08
7.66535e-07
-5.99372e-07
3.87451e-08
7.12863e-07
-6.0032e-07
1.22617e-07
5.73917e-07
-6.48386e-07
1.6166e-07
3.67154e-07
-6.83847e-07
1.87905e-07
9.92829e-08
-6.15964e-07
2.16989e-07
-6.99234e-08
2.20453e-07
1.49933e-09
1.62746e-07
-1.02903e-06
-8.47706e-07
5.298e-07
-9.31476e-07
-4.83421e-07
7.18696e-07
-7.43705e-07
-3.03442e-07
8.17931e-07
-6.39536e-07
-1.36841e-07
8.3758e-07
-6.1441e-07
-1.74976e-08
7.8281e-07
-6.15151e-07
6.75272e-08
6.49387e-07
-6.64587e-07
1.20915e-07
4.09097e-07
-6.89951e-07
1.52446e-07
1.55438e-07
-5.55137e-07
1.78248e-07
-1.48392e-07
1.67143e-07
1.77702e-08
1.39625e-07
-8.65234e-07
-1.13865e-06
5.27939e-07
-7.44032e-07
-6.19663e-07
7.19482e-07
-6.40408e-07
-3.68177e-07
8.17406e-07
-5.74275e-07
-1.90976e-07
8.51665e-07
-5.94522e-07
-6.16409e-08
7.56886e-07
-6.56415e-07
6.34378e-09
6.16522e-07
-6.67175e-07
7.47594e-08
4.27011e-07
-6.29189e-07
1.33214e-07
1.86135e-07
-4.94984e-07
1.42946e-07
-2.12137e-07
8.21836e-08
2.67e-08
7.35437e-08
-6.438e-07
-1.4378e-06
4.35646e-07
-5.569e-07
-8.80836e-07
6.58713e-07
-5.29776e-07
-4.14622e-07
7.09375e-07
-5.60585e-07
-2.24811e-07
7.09934e-07
-5.76169e-07
-1.007e-07
6.41543e-07
-5.97906e-07
-2.82093e-08
4.98428e-07
-5.95438e-07
3.31837e-08
3.25398e-07
-5.49202e-07
8.90977e-08
1.26994e-07
-4.47604e-07
9.6047e-08
-2.68482e-07
7.01717e-08
9.6251e-09
-1.06664e-08
-4.50118e-07
-1.69945e-06
2.47585e-07
-3.3421e-07
-1.12139e-06
4.49407e-07
-3.07394e-07
-4.67934e-07
5.01363e-07
-3.74969e-07
-2.46005e-07
4.64827e-07
-4.22035e-07
-1.43315e-07
3.76584e-07
-4.62909e-07
-8.71509e-08
2.5457e-07
-4.71333e-07
-5.56808e-08
1.17456e-07
-4.4841e-07
-3.29214e-08
1.94851e-08
-4.01035e-07
2.08874e-08
-3.08513e-07
5.86189e-08
-1.51038e-08
-1.0024e-07
-9.40215e-08
-1.96312e-06
-1.70314e-09
-7.40165e-08
-1.38525e-06
9.27487e-08
-7.16558e-08
-7.61974e-07
1.00111e-07
-1.31663e-07
-4.78851e-07
4.23985e-08
-1.41323e-07
-3.66196e-07
-3.6287e-08
-1.53468e-07
-3.07015e-07
-1.05633e-07
-1.76278e-07
-3.11978e-07
-1.69805e-07
-2.08387e-07
-2.95e-07
-1.50205e-07
-1.77297e-07
-2.96614e-07
-1.57146e-07
-3.14505e-07
-6.28971e-08
-2.03313e-07
-2.20478e-06
-2.25784e-07
-1.71053e-06
-2.83222e-07
-1.24695e-06
-3.50753e-07
-1.04102e-06
-4.31959e-07
-9.67582e-07
-4.81649e-07
-9.32935e-07
-5.14398e-07
-9.41679e-07
-4.5414e-07
-9.69513e-07
-3.46667e-07
-1.03646e-06
-1.1046e-06
-1.28042e-07
1.2794e-07
-7.17136e-07
-7.50841e-08
3.12731e-07
-5.67994e-07
3.41448e-08
4.30898e-07
-3.39743e-07
1.21085e-07
4.73178e-07
-1.77955e-07
1.79345e-07
4.71881e-07
-1.03515e-07
2.0746e-07
4.48866e-07
-1.23204e-07
2.31455e-07
4.41394e-07
-2.24548e-07
2.71981e-07
4.99241e-07
-3.53957e-07
3.37678e-07
6.5582e-07
-1.21408e-07
3.85677e-07
1.16657e-06
3.63308e-07
6.30833e-07
1.896e-07
-8.71765e-07
-2.28607e-07
4.21433e-07
-7.35586e-07
-1.27183e-07
5.66716e-07
-4.91757e-07
1.89352e-08
6.16877e-07
-2.96433e-07
1.57637e-07
6.06214e-07
-2.06372e-07
2.60073e-07
5.52941e-07
-2.23284e-07
3.27322e-07
4.79295e-07
-3.37694e-07
3.83244e-07
4.06288e-07
-5.01551e-07
4.4243e-07
4.3082e-07
-3.88346e-07
5.0972e-07
9.26327e-07
4.72144e-07
4.48483e-07
1.99452e-07
-9.7414e-07
-4.53382e-07
4.79193e-07
-8.39567e-07
-3.65352e-07
6.65302e-07
-5.72708e-07
-1.83723e-07
7.31399e-07
-3.72737e-07
1.82493e-08
7.24634e-07
-2.79607e-07
1.87262e-07
6.58809e-07
-2.98409e-07
3.0572e-07
5.35575e-07
-4.11638e-07
3.85641e-07
3.59505e-07
-5.61031e-07
4.51385e-07
1.86794e-07
-4.921e-07
5.34163e-07
6.67532e-07
5.28992e-07
1.64774e-07
1.81171e-07
-1.04562e-06
-7.05161e-07
4.98133e-07
-8.86724e-07
-6.2029e-07
7.10531e-07
-5.91015e-07
-3.93906e-07
8.11177e-07
-3.94054e-07
-1.47577e-07
8.22592e-07
-3.19274e-07
6.70189e-08
7.64164e-07
-3.44622e-07
2.27278e-07
6.24844e-07
-4.47224e-07
3.36619e-07
3.97932e-07
-5.613e-07
4.15146e-07
1.07756e-07
-4.86451e-07
5.01536e-07
4.50002e-07
5.39107e-07
6.66071e-09
1.44479e-07
-1.04122e-06
-1.01135e-06
4.81917e-07
-8.60759e-07
-8.46807e-07
7.05462e-07
-5.65777e-07
-5.52199e-07
8.34648e-07
-3.89391e-07
-2.70665e-07
8.77157e-07
-3.39744e-07
-3.95122e-08
8.35725e-07
-3.73881e-07
1.38238e-07
7.0125e-07
-4.57988e-07
2.66171e-07
4.58648e-07
-5.21691e-07
3.55456e-07
1.26415e-07
-4.1019e-07
4.34241e-07
2.90917e-07
4.90101e-07
-3.74272e-08
9.34593e-08
-9.38645e-07
-1.33333e-06
4.14461e-07
-7.56499e-07
-1.04491e-06
6.40958e-07
-5.1786e-07
-6.42568e-07
7.86196e-07
-3.87832e-07
-3.37752e-07
8.56195e-07
-3.61286e-07
-1.10075e-07
8.28983e-07
-4.00503e-07
6.01973e-08
7.05974e-07
-4.50169e-07
1.89987e-07
4.86472e-07
-4.53935e-07
2.84981e-07
1.85632e-07
-3.21781e-07
3.554e-07
1.64051e-07
3.9913e-07
-4.4191e-09
1.88958e-09
-7.52689e-07
-1.64949e-06
2.55777e-07
-6.41885e-07
-1.24931e-06
4.85549e-07
-4.66579e-07
-6.95654e-07
6.31697e-07
-3.88349e-07
-3.70424e-07
7.05462e-07
-3.76853e-07
-1.58877e-07
6.9151e-07
-4.02184e-07
-1.2555e-08
5.86339e-07
-4.1207e-07
1.00275e-07
4.02454e-07
-3.66934e-07
1.86002e-07
1.49879e-07
-2.31637e-07
2.58498e-07
8.55392e-08
3.06015e-07
-7.42621e-09
-1.34575e-07
-5.8195e-07
-1.94506e-06
-4.55068e-09
-4.62627e-07
-1.43066e-06
1.89824e-07
-3.49935e-07
-7.78932e-07
3.06157e-07
-3.09037e-07
-4.41629e-07
3.60644e-07
-3.17601e-07
-2.57035e-07
3.53878e-07
-3.34838e-07
-1.4771e-07
2.87244e-07
-3.3844e-07
-6.26535e-08
1.69623e-07
-2.97192e-07
1.49798e-08
2.9969e-08
-1.83133e-07
1.1206e-07
2.26457e-08
1.75361e-07
-2.38559e-08
-2.36264e-07
-1.84902e-07
-2.1368e-06
-2.98223e-07
-1.56434e-07
-1.62942e-06
-2.64426e-07
-1.29141e-07
-1.01655e-06
-2.40674e-07
-1.08987e-07
-7.02636e-07
-2.28876e-07
-1.445e-07
-5.51078e-07
-2.4509e-07
-1.36132e-07
-4.8949e-07
-2.82593e-07
-1.52305e-07
-4.6059e-07
-3.02906e-07
-1.20707e-07
-4.51153e-07
-2.93937e-07
-4.4912e-08
-4.43784e-07
4.619e-08
-4.66474e-07
-1.65486e-07
-3.27653e-07
-2.29481e-06
-5.51495e-07
-1.83729e-06
-6.90907e-07
-1.38925e-06
-7.9473e-07
-1.19418e-06
-8.49107e-07
-1.12865e-06
-8.82924e-07
-1.13219e-06
-8.7406e-07
-1.13414e-06
-7.81205e-07
-1.27086e-06
-5.93704e-07
-1.33726e-06
-1.51131e-06
-2.51491e-07
1.0496e-07
-5.05579e-07
-4.17741e-08
2.68329e-07
-3.036e-07
5.65331e-08
3.5869e-07
-6.11221e-08
1.56464e-07
3.86667e-07
7.35592e-08
2.25102e-07
3.92641e-07
1.15283e-07
2.65002e-07
4.01286e-07
7.05735e-08
3.05254e-07
4.48956e-07
-3.55962e-08
3.63633e-07
5.77755e-07
-1.68791e-07
4.44088e-07
7.74882e-07
7.19345e-08
4.75318e-07
1.45044e-06
3.67014e-07
7.224e-07
1.89028e-07
-6.9624e-07
-2.48167e-07
3.85354e-07
-4.69926e-07
-1.57132e-07
4.97695e-07
-1.72194e-07
1.7684e-08
5.3147e-07
1.15918e-08
1.85847e-07
5.25625e-07
6.95164e-08
3.117e-07
5.0058e-07
1.51769e-08
4.07777e-07
4.79303e-07
-1.28637e-07
4.97576e-07
4.76791e-07
-3.17401e-07
5.93565e-07
5.63312e-07
-1.74686e-07
6.69832e-07
1.39528e-06
5.46291e-07
5.44356e-07
2.05565e-07
-8.39059e-07
-5.08571e-07
4.42365e-07
-6.13153e-07
-4.58912e-07
5.80411e-07
-2.55601e-07
-2.3834e-07
6.26069e-07
-2.82786e-08
1.24839e-08
6.20851e-07
4.00153e-08
2.22002e-07
5.78782e-07
-1.75623e-08
3.80549e-07
5.0346e-07
-1.74334e-07
5.06679e-07
3.86194e-07
-3.69293e-07
6.20564e-07
2.75223e-07
-2.66225e-07
7.36692e-07
1.27307e-06
6.73583e-07
2.52877e-07
1.74445e-07
-9.95172e-07
-8.12731e-07
4.43984e-07
-7.32172e-07
-7.70798e-07
6.06612e-07
-3.10713e-07
-5.01396e-07
6.76846e-07
-5.36306e-08
-1.92435e-07
6.88197e-07
2.1833e-08
7.38749e-08
6.51721e-07
-3.53516e-08
2.81566e-07
5.5519e-07
-1.84442e-07
4.43282e-07
3.77576e-07
-3.55917e-07
5.79406e-07
1.39948e-07
-2.5584e-07
7.28801e-07
1.13996e-06
7.55383e-07
5.68186e-08
1.41389e-07
-1.06331e-06
-1.1038e-06
3.94448e-07
-8.01778e-07
-1.0302e-06
5.68351e-07
-3.51282e-07
-6.85506e-07
6.75538e-07
-8.51525e-08
-3.46304e-07
7.23351e-07
-4.36795e-09
-6.10986e-08
7.11594e-07
-5.10695e-08
1.65737e-07
6.18383e-07
-1.71269e-07
3.46233e-07
4.10509e-07
-2.89677e-07
4.97113e-07
9.20046e-08
-1.65866e-07
6.62796e-07
1.00154e-06
7.68466e-07
-4.79075e-08
6.79233e-08
-1.02701e-06
-1.45159e-06
2.81287e-07
-8.17335e-07
-1.24269e-06
4.62419e-07
-3.92764e-07
-7.82193e-07
6.12765e-07
-1.4151e-07
-4.31716e-07
7.09683e-07
-5.19223e-08
-1.59413e-07
7.33527e-07
-7.14407e-08
5.6749e-08
6.57911e-07
-1.40649e-07
2.35007e-07
4.50189e-07
-1.86721e-07
3.8977e-07
1.08109e-07
-2.63479e-08
5.57987e-07
8.72902e-07
7.05206e-07
-6.92849e-08
-3.66655e-08
-8.93813e-07
-1.75897e-06
8.80866e-08
-7.64814e-07
-1.42656e-06
2.76253e-07
-4.39784e-07
-8.36778e-07
4.60484e-07
-2.1531e-07
-4.80832e-07
5.9786e-07
-1.13092e-07
-2.35061e-07
6.56421e-07
-9.38455e-08
-4.86882e-08
6.01579e-07
-9.17213e-08
1.06213e-07
4.14026e-07
-5.93782e-08
2.46234e-07
9.98378e-08
1.29321e-07
4.17044e-07
7.97172e-07
5.66647e-07
-8.50254e-08
-2.00569e-07
-6.50832e-07
-2.02151e-06
-2.01097e-07
-6.01537e-07
-1.59338e-06
-6.46914e-08
-4.1794e-07
-9.37159e-07
1.0685e-07
-2.69014e-07
-5.59445e-07
2.62995e-07
-1.86731e-07
-3.39518e-07
3.57536e-07
-1.43675e-07
-1.92399e-07
3.54879e-07
-9.13936e-08
-6.03006e-08
2.39477e-07
2.67555e-09
6.83527e-08
1.59664e-08
2.35166e-07
2.29752e-07
7.03714e-07
3.51381e-07
-6.65607e-08
-3.52418e-07
-2.72383e-07
-2.30427e-06
-5.42099e-07
-2.55805e-07
-1.78537e-06
-5.80805e-07
-2.22454e-07
-1.17331e-06
-5.34681e-07
-1.8778e-07
-8.29979e-07
-4.75107e-07
-1.6088e-07
-6.36483e-07
-4.37113e-07
-1.2693e-07
-5.44205e-07
-4.60545e-07
-2.82991e-08
-5.00228e-07
-4.74443e-07
1.94948e-08
-4.54045e-07
-4.78376e-07
2.00238e-07
-4.04893e-07
4.14724e-07
-3.97144e-07
-2.58681e-07
-4.56379e-07
-2.37486e-06
-7.83138e-07
-1.9471e-06
-1.00038e-06
-1.48804e-06
-1.14428e-06
-1.27652e-06
-1.22266e-06
-1.16677e-06
-1.22344e-06
-1.18878e-06
-1.30819e-06
-1.31926e-06
-1.10302e-06
-1.40463e-06
-9.41003e-07
-1.56121e-06
-1.6738e-06
-3.56052e-07
1.03202e-07
-4.14393e-07
-3.02481e-08
2.41932e-07
-1.81827e-07
5.85831e-08
3.044e-07
6.19487e-08
1.58887e-07
3.18668e-07
1.75471e-07
2.27574e-07
3.29191e-07
1.97382e-07
2.71314e-07
3.60142e-07
1.4886e-07
3.18708e-07
4.459e-07
6.19034e-08
3.83776e-07
6.20692e-07
-3.88793e-08
4.68186e-07
8.48611e-07
1.9953e-07
4.90582e-07
1.55477e-06
3.41546e-07
7.95307e-07
1.91593e-07
-6.10813e-07
-2.5317e-07
3.62487e-07
-3.36457e-07
-1.73385e-07
4.38557e-07
-1.13668e-08
1.49458e-08
4.46955e-07
1.62797e-07
1.90137e-07
4.38993e-07
1.96279e-07
3.20778e-07
4.37002e-07
1.30574e-07
4.28066e-07
4.63983e-07
-5.56056e-09
5.3807e-07
5.29462e-07
-1.69413e-07
6.58634e-07
6.55249e-07
9.08625e-09
7.345e-07
1.60295e-06
5.36064e-07
6.17326e-07
2.07646e-07
-8.05424e-07
-5.26353e-07
4.24881e-07
-5.05994e-07
-5.06601e-07
5.22475e-07
-8.41205e-08
-2.63158e-07
5.32993e-07
1.50725e-07
1.40592e-08
5.13987e-07
1.98402e-07
2.38904e-07
4.87476e-07
1.24788e-07
4.12865e-07
4.57724e-07
-3.30903e-08
5.63979e-07
4.09381e-07
-2.13303e-07
7.12816e-07
3.5854e-07
-4.4869e-08
8.41506e-07
1.62295e-06
6.8945e-07
3.22698e-07
1.86965e-07
-9.70376e-07
-8.50352e-07
4.26201e-07
-6.71349e-07
-8.44616e-07
5.48866e-07
-1.53801e-07
-5.54353e-07
5.79848e-07
1.37716e-07
-2.10382e-07
5.67781e-07
2.00611e-07
8.37568e-08
5.34846e-07
1.27064e-07
3.12248e-07
4.74656e-07
-2.94152e-08
4.9982e-07
3.62048e-07
-1.9747e-07
6.76203e-07
2.01945e-07
-1.44522e-08
8.58509e-07
1.64266e-06
8.11589e-07
1.26055e-07
1.19981e-07
-1.12822e-06
-1.18475e-06
3.5109e-07
-8.10429e-07
-1.12222e-06
4.96919e-07
-2.33219e-07
-7.51891e-07
5.7622e-07
9.79221e-08
-3.85784e-07
6.02232e-07
1.86809e-07
-7.32827e-08
5.86753e-07
1.30855e-07
1.77451e-07
5.17916e-07
1.23664e-09
3.84443e-07
3.59137e-07
-1.23112e-07
5.81558e-07
1.12966e-07
8.24431e-08
8.12096e-07
1.63852e-06
8.81906e-07
3.70284e-09
4.0463e-08
-1.11206e-06
-1.51874e-06
2.0446e-07
-8.8722e-07
-1.32986e-06
3.69197e-07
-3.28061e-07
-8.52061e-07
5.13029e-07
1.47096e-08
-4.92308e-07
6.01694e-07
1.41817e-07
-2.0306e-07
6.28816e-07
1.24689e-07
3.58201e-08
5.7316e-07
4.84542e-08
2.4347e-07
3.88641e-07
2.74488e-10
4.50928e-07
7.85538e-08
2.37494e-07
7.1305e-07
1.59979e-06
8.79754e-07
-5.72223e-08
-1.06387e-07
-9.88908e-07
-1.81869e-06
-3.21353e-08
-8.74967e-07
-1.51304e-06
1.60218e-07
-4.39313e-07
-9.17855e-07
3.59605e-07
-1.00155e-07
-5.6533e-07
5.12703e-07
6.38944e-08
-3.1021e-07
5.88514e-07
1.02613e-07
-1.02398e-07
5.51216e-07
1.03825e-07
8.81666e-08
3.71117e-07
1.33694e-07
2.92939e-07
2.73384e-08
4.2862e-07
5.69725e-07
1.54724e-06
7.72558e-07
-1.25978e-07
-2.99978e-07
-8.04269e-07
-2.12684e-06
-3.64366e-07
-7.23861e-07
-1.68008e-06
-2.4332e-07
-4.75562e-07
-1.02193e-06
-3.15157e-08
-2.3853e-07
-6.32851e-07
1.78142e-07
-9.05702e-08
-3.94687e-07
3.21247e-07
-1.34848e-08
-2.1938e-07
3.3594e-07
7.50995e-08
-4.62424e-08
1.83406e-07
2.13078e-07
1.41528e-07
-1.09194e-07
5.59834e-07
3.91167e-07
1.38801e-06
5.52492e-07
-1.51027e-07
-4.46917e-07
-3.04148e-07
-2.38285e-06
-7.52227e-07
-3.52475e-07
-1.85143e-06
-8.48439e-07
-3.00364e-07
-1.25229e-06
-8.16311e-07
-1.99752e-07
-9.00871e-07
-7.56426e-07
-1.01398e-07
-6.85523e-07
-7.25949e-07
-3.87342e-08
-5.49409e-07
-7.46019e-07
3.60976e-08
-4.41127e-07
-7.83129e-07
1.32481e-07
-3.36306e-07
-8.05113e-07
4.16172e-07
-2.39215e-07
8.57467e-07
-1.91283e-07
-4.80384e-07
-5.91334e-07
-2.45346e-06
-9.76742e-07
-1.94556e-06
-1.27654e-06
-1.51339e-06
-1.45329e-06
-1.33043e-06
-1.62862e-06
-1.3281e-06
-1.73791e-06
-1.34366e-06
-1.75925e-06
-1.29118e-06
-1.60145e-06
-1.39572e-06
-1.33007e-06
-1.47576e-06
-1.62226e-06
-5.51013e-07
1.09579e-07
-3.63671e-07
-3.07248e-08
2.26118e-07
-1.17387e-07
5.06926e-08
2.67308e-07
1.17776e-07
1.49385e-07
2.72608e-07
2.06732e-07
2.16831e-07
2.90445e-07
2.08593e-07
2.62455e-07
3.42137e-07
1.59777e-07
3.10818e-07
4.55736e-07
9.89958e-08
3.72531e-07
6.57557e-07
3.76677e-08
4.49611e-07
9.04663e-07
2.81704e-07
4.63138e-07
1.64245e-06
3.1006e-07
8.59001e-07
1.91978e-07
-5.64227e-07
-2.55467e-07
3.46277e-07
-2.64757e-07
-1.8027e-07
3.94981e-07
7.48406e-08
9.19188e-09
3.84619e-07
2.23512e-07
1.83732e-07
3.76528e-07
2.23862e-07
3.13612e-07
3.94826e-07
1.46211e-07
4.23345e-07
4.59668e-07
3.3117e-08
5.39118e-07
5.71535e-07
-8.36618e-08
6.68109e-07
7.1333e-07
1.32456e-07
7.41964e-07
1.72441e-06
5.07006e-07
6.60458e-07
2.12222e-07
-8.07063e-07
-5.39945e-07
4.16849e-07
-4.54792e-07
-5.21186e-07
4.83136e-07
1.55711e-08
-2.70155e-07
4.64963e-07
2.41076e-07
1.46871e-08
4.35661e-07
2.48966e-07
2.43119e-07
4.22247e-07
1.50693e-07
4.21815e-07
4.30451e-07
5.23642e-09
5.83673e-07
4.35783e-07
-1.2595e-07
7.4979e-07
4.11447e-07
1.17092e-07
8.81222e-07
1.80822e-06
6.62801e-07
3.543e-07
1.98763e-07
-1.01044e-06
-8.4793e-07
4.21904e-07
-6.59676e-07
-8.6281e-07
5.14164e-07
-6.23137e-08
-5.68702e-07
5.12727e-07
2.45462e-07
-2.13306e-07
4.81405e-07
2.74325e-07
8.97426e-08
4.51453e-07
1.67737e-07
3.25177e-07
4.21882e-07
1.15464e-08
5.23102e-07
3.64414e-07
-1.13998e-07
7.2174e-07
2.52983e-07
1.70699e-07
9.16352e-07
1.9263e-06
7.88013e-07
1.58508e-07
1.27646e-07
-1.19612e-06
-1.2099e-06
3.3029e-07
-8.43794e-07
-1.14074e-06
4.53534e-07
-1.6983e-07
-7.67591e-07
5.09573e-07
2.02377e-07
-3.9871e-07
5.15227e-07
2.75667e-07
-8.02527e-08
4.94672e-07
1.89212e-07
1.76556e-07
4.46244e-07
5.06658e-08
3.93776e-07
3.35712e-07
-4.27812e-08
6.20897e-07
1.49229e-07
2.85436e-07
8.83865e-07
2.04373e-06
8.76848e-07
3.68868e-08
-3.93445e-09
-1.20149e-06
-1.51684e-06
1.45241e-07
-9.73155e-07
-1.34965e-06
3.07595e-07
-3.14134e-07
-8.70084e-07
4.45018e-07
9.52516e-08
-5.22579e-07
5.21869e-07
2.31946e-07
-2.36162e-07
5.43324e-07
1.96763e-07
6.84213e-09
4.97257e-07
1.11865e-07
2.28364e-07
3.41857e-07
8.21722e-08
4.81401e-07
7.85905e-08
4.5808e-07
8.03697e-07
2.12194e-06
9.1658e-07
-3.64154e-08
-1.6713e-07
-1.13184e-06
-1.8933e-06
-1.25275e-07
-9.89774e-07
-1.53825e-06
6.83058e-08
-4.75108e-07
-9.50437e-07
2.75848e-07
-6.05702e-08
-6.17025e-07
4.32455e-07
1.33629e-07
-3.68473e-07
5.0602e-07
1.75969e-07
-1.55143e-07
4.70346e-07
1.76622e-07
5.91107e-08
2.90241e-07
2.29091e-07
3.26152e-07
-4.28372e-08
6.75458e-07
6.85453e-07
2.13965e-06
8.60977e-07
-1.48928e-07
-3.7452e-07
-9.22618e-07
-2.1707e-06
-5.15691e-07
-8.24312e-07
-1.70434e-06
-4.13231e-07
-5.37825e-07
-1.06165e-06
-1.80687e-07
-2.5337e-07
-6.72569e-07
5.60499e-08
-7.59938e-08
-4.21775e-07
2.10556e-07
2.98612e-08
-2.27751e-07
2.08881e-07
1.49921e-07
-1.78386e-08
-5.07789e-10
3.35439e-07
2.44597e-07
-2.94653e-07
8.32827e-07
5.27973e-07
1.95088e-06
6.8058e-07
-2.33924e-07
-5.33554e-07
-3.71614e-07
-2.36242e-06
-9.59685e-07
-3.86162e-07
-1.86345e-06
-1.13639e-06
-3.24431e-07
-1.28897e-06
-1.14526e-06
-2.22889e-07
-9.2248e-07
-1.09502e-06
-1.49825e-07
-6.6191e-07
-1.07453e-06
-6.78437e-08
-4.72169e-07
-1.12301e-06
7.96307e-08
-3.22328e-07
-1.18432e-06
2.27697e-07
-1.67218e-07
-1.17973e-06
6.42577e-07
-5.35108e-08
1.22859e-06
3.96541e-08
-6.88337e-07
-6.58708e-07
-2.32398e-06
-1.16073e-06
-1.92574e-06
-1.56582e-06
-1.47141e-06
-1.87708e-06
-1.29006e-06
-2.06426e-06
-1.2578e-06
-2.10112e-06
-1.27524e-06
-2.24584e-06
-1.32537e-06
-2.03947e-06
-1.28539e-06
-1.76597e-06
-1.42332e-06
-1.391e-06
-7.29364e-07
1.26217e-07
-3.47455e-07
-3.42996e-08
2.21953e-07
-8.69875e-08
3.94683e-08
2.45736e-07
1.41468e-07
1.32732e-07
2.44015e-07
2.07897e-07
1.98292e-07
2.68986e-07
1.88105e-07
2.44382e-07
3.39495e-07
1.31686e-07
2.90412e-07
4.76608e-07
8.55783e-08
3.43862e-07
6.98541e-07
5.18302e-08
4.08233e-07
9.64694e-07
3.01203e-07
4.13654e-07
1.7232e-06
2.74652e-07
9.34936e-07
1.96379e-07
-5.62858e-07
-2.41386e-07
3.39232e-07
-2.29915e-07
-1.80187e-07
3.67283e-07
1.21474e-07
1.1487e-09
3.42191e-07
2.46764e-07
1.69971e-07
3.35458e-07
2.11524e-07
2.96937e-07
3.71962e-07
1.1336e-07
4.05177e-07
4.67118e-07
1.17164e-08
5.17834e-07
6.089e-07
-6.38433e-08
6.42012e-07
7.60462e-07
1.78702e-07
7.12914e-07
1.81369e-06
4.67751e-07
7.09251e-07
2.2401e-07
-8.17921e-07
-4.97946e-07
4.18918e-07
-4.37566e-07
-5.08437e-07
4.62605e-07
7.36524e-08
-2.65999e-07
4.21651e-07
2.89814e-07
1.26082e-08
3.83934e-07
2.55136e-07
2.3724e-07
3.81892e-07
1.22322e-07
4.14911e-07
4.20379e-07
-2.10092e-08
5.77927e-07
4.63526e-07
-1.04265e-07
7.47081e-07
4.47841e-07
1.99633e-07
8.75992e-07
1.91749e-06
6.22606e-07
3.84257e-07
2.05388e-07
-1.08996e-06
-7.99126e-07
4.26327e-07
-6.81379e-07
-8.39873e-07
4.99898e-07
-1.36541e-08
-5.54941e-07
4.74462e-07
3.09225e-07
-2.07256e-07
4.27883e-07
3.00938e-07
9.0541e-08
4.00252e-07
1.51965e-07
3.23186e-07
3.95287e-07
-1.36316e-08
5.2071e-07
3.79609e-07
-9.3445e-08
7.26618e-07
2.9168e-07
2.82645e-07
9.21288e-07
2.07642e-06
7.40156e-07
1.80623e-07
1.37944e-07
-1.2524e-06
-1.15541e-06
3.22827e-07
-9.02285e-07
-1.1047e-06
4.30803e-07
-1.42948e-07
-7.46243e-07
4.72308e-07
2.60728e-07
-3.91692e-07
4.63941e-07
3.12945e-07
-8.38675e-08
4.39184e-07
1.88064e-07
1.65239e-07
4.06586e-07
3.34343e-08
3.79333e-07
3.34656e-07
-2.21081e-08
6.21513e-07
1.84232e-07
4.20991e-07
8.95963e-07
2.25809e-06
8.23165e-07
5.62758e-08
-2.08234e-08
-1.3723e-06
-1.51864e-06
1.04623e-07
-1.07039e-06
-1.30697e-06
2.65759e-07
-3.29281e-07
-8.44858e-07
4.01895e-07
1.26201e-07
-5.24159e-07
4.73253e-07
2.62178e-07
-2.56725e-07
4.90244e-07
2.04217e-07
-2.6275e-08
4.4822e-07
1.07769e-07
1.9608e-07
3.14416e-07
1.1437e-07
4.78752e-07
8.8604e-08
6.19296e-07
8.31226e-07
2.41234e-06
8.73508e-07
-2.25524e-08
-1.75617e-07
-1.24336e-06
-1.8029e-06
-2.05595e-07
-1.09394e-06
-1.4847e-06
-1.15167e-08
-5.32393e-07
-9.41376e-07
2.0105e-07
-7.20549e-08
-6.31309e-07
3.6143e-07
1.40362e-07
-4.07008e-07
4.27529e-07
1.8461e-07
-2.01607e-07
3.85826e-07
1.796e-07
2.90106e-08
2.03586e-07
2.75148e-07
3.47641e-07
-9.95769e-08
8.62436e-07
7.45501e-07
2.48414e-06
8.52962e-07
-1.63333e-07
-4.26947e-07
-9.67227e-07
-2.11168e-06
-6.62025e-07
-9.0293e-07
-1.66024e-06
-5.90826e-07
-6.0282e-07
-1.06239e-06
-3.51035e-07
-2.99568e-07
-6.84821e-07
-1.05554e-07
-1.00135e-07
-4.26731e-07
4.4784e-08
1.64225e-08
-2.09873e-07
1.17627e-08
1.64208e-07
3.06033e-08
-2.10504e-07
4.09446e-07
3.32592e-07
-4.68422e-07
1.01754e-06
6.30809e-07
2.26996e-06
7.23741e-07
-2.97368e-07
-6.47498e-07
-3.79915e-07
-2.28018e-06
-1.16792e-06
-4.27212e-07
-1.81872e-06
-1.43812e-06
-3.25212e-07
-1.29638e-06
-1.5011e-06
-2.34355e-07
-9.24705e-07
-1.48373e-06
-1.56683e-07
-6.22669e-07
-1.48489e-06
-9.02783e-08
-3.64271e-07
-1.53462e-06
5.38624e-08
-1.62221e-07
-1.60974e-06
3.24273e-07
-6.89408e-09
-1.48713e-06
7.17322e-07
1.2413e-07
1.47007e-06
1.90842e-07
-8.38381e-07
-8.10942e-07
-2.25769e-06
-1.28538e-06
-1.83464e-06
-1.8209e-06
-1.55935e-06
-2.2392e-06
-1.37907e-06
-2.47475e-06
-1.25352e-06
-2.5661e-06
-1.18519e-06
-2.58827e-06
-1.11938e-06
-2.52335e-06
-1.12738e-06
-2.00939e-06
-1.18404e-06
-1.1752e-06
-8.62036e-07
1.40472e-07
-3.38845e-07
-3.64188e-08
2.21314e-07
-6.7623e-08
2.98822e-08
2.31437e-07
1.59512e-07
1.1433e-07
2.23806e-07
2.09444e-07
1.76446e-07
2.54584e-07
1.68595e-07
2.21706e-07
3.41557e-07
9.72301e-08
2.644e-07
5.00177e-07
5.1527e-08
3.08657e-07
7.41768e-07
2.6188e-08
3.59932e-07
1.03203e-06
2.68595e-07
3.60965e-07
1.79291e-06
2.42386e-07
1.02378e-06
1.9719e-07
-5.54209e-07
-2.25976e-07
3.37533e-07
-2.12651e-07
-1.75496e-07
3.50951e-07
1.53759e-07
-6.50287e-09
3.13998e-07
2.64221e-07
1.52159e-07
3.08177e-07
1.97808e-07
2.73555e-07
3.59292e-07
7.35347e-08
3.77768e-07
4.79355e-07
-3.3934e-08
4.83243e-07
6.43326e-07
-9.1829e-08
5.9607e-07
8.05188e-07
1.55653e-07
6.64005e-07
1.87683e-06
4.25137e-07
7.63899e-07
2.21293e-07
-8.38149e-07
-4.77646e-07
4.25244e-07
-4.42224e-07
-4.82813e-07
4.5588e-07
1.10492e-07
-2.53349e-07
3.97939e-07
3.24976e-07
9.81158e-09
3.5315e-07
2.56044e-07
2.23811e-07
3.59213e-07
8.69235e-08
3.95474e-07
4.20634e-07
-7.01397e-08
5.52729e-07
4.9024e-07
-1.28793e-07
7.14456e-07
4.77984e-07
2.06296e-07
8.37623e-07
1.98435e-06
5.76188e-07
4.1691e-07
2.08678e-07
-1.16467e-06
-7.60809e-07
4.36999e-07
-7.21439e-07
-7.88981e-07
5.00467e-07
1.33465e-08
-5.21238e-07
4.59573e-07
3.52823e-07
-1.94187e-07
4.02058e-07
3.16629e-07
8.74925e-08
3.74894e-07
1.28298e-07
3.08996e-07
3.86879e-07
-5.84516e-08
4.97058e-07
4.00709e-07
-1.1306e-07
6.97076e-07
3.25498e-07
3.17683e-07
8.8513e-07
2.16111e-06
6.85959e-07
2.02957e-07
1.54103e-07
-1.38059e-06
-1.03844e-06
3.24045e-07
-9.7337e-07
-1.02271e-06
4.23037e-07
-1.37103e-07
-6.94757e-07
4.58674e-07
2.93845e-07
-3.68326e-07
4.43947e-07
3.308e-07
-8.3286e-08
4.1593e-07
1.74327e-07
1.47251e-07
3.92905e-07
-2.9852e-09
3.46915e-07
3.4802e-07
-3.34521e-08
5.86812e-07
2.18844e-07
4.82964e-07
8.59878e-07
2.37229e-06
7.57948e-07
7.29032e-08
-7.16838e-09
-1.45565e-06
-1.38314e-06
7.22141e-08
-1.15693e-06
-1.20276e-06
2.34729e-07
-3.60415e-07
-7.84032e-07
3.76665e-07
1.28668e-07
-5.00889e-07
4.52468e-07
2.61129e-07
-2.62829e-07
4.68851e-07
1.87704e-07
-5.60077e-08
4.25453e-07
8.39151e-08
1.52605e-07
3.07123e-07
1.19238e-07
4.44417e-07
1.09264e-07
7.08725e-07
8.03345e-07
2.56312e-06
8.04286e-07
-1.23299e-08
-2.16682e-07
-1.37753e-06
-1.64036e-06
-2.92377e-07
-1.19134e-06
-1.37456e-06
-1.05355e-07
-5.98913e-07
-8.89871e-07
1.26394e-07
-1.18153e-07
-6.16208e-07
2.96824e-07
1.06469e-07
-4.2275e-07
3.59811e-07
1.57288e-07
-2.34149e-07
3.13089e-07
1.59276e-07
3.99966e-10
1.35485e-07
3.00983e-07
3.43526e-07
-1.31533e-07
9.75241e-07
7.46025e-07
2.66124e-06
7.98614e-07
-1.75272e-07
-4.89105e-07
-9.94028e-07
-1.95335e-06
-8.18811e-07
-9.60797e-07
-1.56104e-06
-7.82585e-07
-6.73869e-07
-1.02363e-06
-5.455e-07
-3.70891e-07
-6.69137e-07
-2.9688e-07
-1.60646e-07
-4.08206e-07
-1.53134e-07
-1.97257e-08
-1.76575e-07
-2.0622e-07
1.62626e-07
8.03694e-08
-4.15125e-07
4.42804e-07
3.99703e-07
-5.98687e-07
1.10954e-06
6.80093e-07
2.41992e-06
7.12917e-07
-3.46519e-07
-7.75117e-07
-3.911e-07
-2.19383e-06
-1.394e-06
-4.13144e-07
-1.7473e-06
-1.73437e-06
-3.75114e-07
-1.25476e-06
-1.85077e-06
-2.95284e-07
-8.838e-07
-1.85849e-06
-2.16726e-07
-5.58773e-07
-1.8766e-06
-8.27433e-08
-2.83085e-07
-1.94055e-06
1.33746e-07
-6.9356e-08
-1.96433e-06
3.70177e-07
8.95419e-08
-1.71916e-06
7.58975e-07
2.29558e-07
1.57371e-06
2.69027e-07
-9.51099e-07
-8.97112e-07
-2.20383e-06
-1.53659e-06
-1.77483e-06
-2.05539e-06
-1.45586e-06
-2.48538e-06
-1.30811e-06
-2.76991e-06
-1.16742e-06
-2.86937e-06
-1.10305e-06
-2.94941e-06
-1.12553e-06
-2.88137e-06
-1.19002e-06
-2.23197e-06
-1.13071e-06
-1.02887e-06
-1.01911e-06
1.42591e-07
-3.3844e-07
-3.65669e-08
2.19793e-07
-5.57155e-08
2.04695e-08
2.20511e-07
1.76893e-07
9.56615e-08
2.07574e-07
2.18218e-07
1.52204e-07
2.41685e-07
1.61479e-07
1.94544e-07
3.41163e-07
7.42827e-08
2.33253e-07
5.18232e-07
2.02007e-08
2.69564e-07
7.81194e-07
-1.48032e-08
3.11045e-07
1.10254e-06
2.04436e-07
3.1386e-07
1.84956e-06
2.18594e-07
1.12368e-06
2.0254e-07
-5.73571e-07
-2.00829e-07
3.40317e-07
-2.07265e-07
-1.61686e-07
3.42485e-07
1.78902e-07
-1.06658e-08
2.9552e-07
2.84543e-07
1.32812e-07
2.89135e-07
1.9667e-07
2.4476e-07
3.50232e-07
4.88164e-08
3.42149e-07
4.90095e-07
-7.50738e-08
4.38667e-07
6.71728e-07
-1.3924e-07
5.38887e-07
8.46586e-07
8.81924e-08
6.05403e-07
1.91419e-06
3.84168e-07
8.22951e-07
2.37534e-07
-8.72657e-07
-4.21538e-07
4.39218e-07
-4.54546e-07
-4.37162e-07
4.59699e-07
1.35873e-07
-2.30782e-07
3.88892e-07
3.5687e-07
8.30808e-09
3.38049e-07
2.66365e-07
2.04974e-07
3.48776e-07
6.81821e-08
3.65398e-07
4.25572e-07
-1.10757e-07
5.11633e-07
5.13461e-07
-1.72108e-07
6.59453e-07
5.03466e-07
1.60486e-07
7.75343e-07
2.01721e-06
5.24993e-07
4.51663e-07
2.31448e-07
-1.17898e-06
-6.79409e-07
4.57356e-07
-7.57211e-07
-7.12161e-07
5.12885e-07
3.00163e-08
-4.70885e-07
4.62303e-07
3.87596e-07
-1.74308e-07
3.9792e-07
3.35554e-07
8.2707e-08
3.69906e-07
1.19116e-07
2.86095e-07
3.90209e-07
-9.13093e-08
4.5733e-07
4.22658e-07
-1.48024e-07
6.40564e-07
3.56456e-07
2.94622e-07
8.17216e-07
2.20624e-06
6.25981e-07
2.27423e-07
1.50621e-07
-1.47804e-06
-9.70519e-07
3.28345e-07
-1.03695e-06
-9.20693e-07
4.25885e-07
-1.38838e-07
-6.23415e-07
4.62494e-07
3.14414e-07
-3.31726e-07
4.4814e-07
3.43366e-07
-7.67189e-08
4.19232e-07
1.66838e-07
1.28461e-07
3.98641e-07
-2.7972e-08
3.04194e-07
3.69415e-07
-5.69615e-08
5.24999e-07
2.54707e-07
4.831e-07
7.86129e-07
2.43879e-06
6.87897e-07
9.22322e-08
-2.95077e-08
-1.52262e-06
-1.21774e-06
3.81178e-08
-1.23201e-06
-1.07529e-06
2.10249e-07
-3.93836e-07
-7.01136e-07
3.64283e-07
1.15945e-07
-4.56425e-07
4.52057e-07
2.44539e-07
-2.51749e-07
4.71656e-07
1.64857e-07
-7.35981e-08
4.25257e-07
5.95084e-08
1.11551e-07
3.1724e-07
1.09104e-07
3.86394e-07
1.40368e-07
7.31355e-07
7.31984e-07
2.65429e-06
7.26534e-07
2.6422e-09
-3.06432e-07
-1.50571e-06
-1.55104e-06
-3.88199e-07
-1.27967e-06
-1.24511e-06
-1.99662e-07
-6.62506e-07
-8.09707e-07
4.93928e-08
-1.75202e-07
-5.74087e-07
2.34785e-07
4.89091e-08
-4.12482e-07
3.0265e-07
1.0889e-07
-2.46016e-07
2.6054e-07
1.25114e-07
-2.30662e-08
9.96817e-08
3.02357e-07
3.11158e-07
-1.31462e-07
1.01426e-06
6.94284e-07
2.77465e-06
7.2612e-07
-1.79302e-07
-5.95172e-07
-1.09416e-06
-1.74271e-06
-9.87174e-07
-1.02761e-06
-1.42106e-06
-9.84418e-07
-7.36955e-07
-9.51906e-07
-7.58252e-07
-4.35706e-07
-6.34767e-07
-5.14004e-07
-2.20324e-07
-3.8319e-07
-3.72912e-07
-6.65071e-08
-1.42238e-07
-4.07665e-07
1.13217e-07
1.2705e-07
-5.61442e-07
4.1733e-07
4.38536e-07
-6.75871e-07
1.12391e-06
6.84903e-07
2.51956e-06
6.74966e-07
-3.82809e-07
-8.55156e-07
-4.12104e-07
-1.98894e-06
-1.59726e-06
-4.24959e-07
-1.60764e-06
-2.00974e-06
-4.01709e-07
-1.17735e-06
-2.17234e-06
-3.08275e-07
-8.48505e-07
-2.22359e-06
-1.74783e-07
-5.53069e-07
-2.25739e-06
-4.46434e-08
-2.71137e-07
-2.29447e-06
8.99119e-08
-8.93564e-09
-2.23292e-06
2.59749e-07
1.85606e-07
-1.89484e-06
7.1224e-07
3.03184e-07
1.66398e-06
2.7879e-07
-1.04899e-06
-9.34154e-07
-2.00069e-06
-1.65663e-06
-1.62149e-06
-2.24348e-06
-1.34424e-06
-2.65474e-06
-1.28067e-06
-3.01727e-06
-1.2555e-06
-3.2313e-06
-1.23022e-06
-3.35901e-06
-1.1321e-06
-3.12628e-06
-1.07029e-06
-2.37222e-06
-1.04406e-06
-1.14056e-06
-1.17052e-06
1.4492e-07
-3.37469e-07
-3.62903e-08
2.19392e-07
-4.5897e-08
1.3847e-08
2.12384e-07
1.94761e-07
7.84866e-08
1.94263e-07
2.33435e-07
1.27312e-07
2.29081e-07
1.67334e-07
1.64517e-07
3.36542e-07
6.82847e-08
1.98311e-07
5.27521e-07
5.06389e-09
2.27836e-07
8.13244e-07
-5.19295e-08
2.64262e-07
1.17152e-06
1.32564e-07
2.73197e-07
1.90031e-06
2.0304e-07
1.23107e-06
2.04524e-07
-5.87865e-07
-1.80309e-07
3.44498e-07
-2.05977e-07
-1.41576e-07
3.38829e-07
2.00704e-07
-1.09278e-08
2.8364e-07
3.08058e-07
1.1339e-07
2.75411e-07
2.08425e-07
2.11909e-07
3.42162e-07
4.44662e-08
2.99228e-07
4.96778e-07
-9.62545e-08
3.85382e-07
6.91635e-07
-1.80273e-07
4.72389e-07
8.82137e-07
7.99301e-09
5.39487e-07
1.93742e-06
3.46131e-07
8.83084e-07
2.51516e-07
-9.07643e-07
-3.5105e-07
4.56137e-07
-4.71753e-07
-3.75954e-07
4.69501e-07
1.55778e-07
-1.99202e-07
3.89072e-07
3.8798e-07
8.83029e-09
3.33417e-07
2.86796e-07
1.82273e-07
3.4634e-07
7.06023e-08
3.26354e-07
4.31857e-07
-1.27829e-07
4.57709e-07
5.3163e-07
-2.08617e-07
5.88044e-07
5.23861e-07
9.47573e-08
6.96367e-07
2.02964e-06
4.70299e-07
4.86356e-07
2.69856e-07
-1.24318e-06
-5.65218e-07
4.85232e-07
-7.90283e-07
-6.08938e-07
5.32868e-07
4.26949e-08
-4.05413e-07
4.75873e-07
4.1892e-07
-1.48232e-07
4.07805e-07
3.59959e-07
7.76313e-08
3.7885e-07
1.27758e-07
2.57915e-07
4.00745e-07
-1.00507e-07
4.08134e-07
4.42381e-07
-1.76407e-07
5.6674e-07
3.83674e-07
2.43563e-07
7.27139e-07
2.22718e-06
5.59657e-07
2.52473e-07
1.86281e-07
-1.49538e-06
-8.09935e-07
3.46087e-07
-1.08299e-06
-7.87732e-07
4.39197e-07
-1.38711e-07
-5.35091e-07
4.78238e-07
3.3199e-07
-2.83811e-07
4.67591e-07
3.56799e-07
-6.28878e-08
4.39614e-07
1.69996e-07
1.14226e-07
4.17471e-07
-3.59702e-08
2.61825e-07
3.93798e-07
-7.72203e-08
4.4951e-07
2.89257e-07
4.47527e-07
6.86728e-07
2.47974e-06
6.112e-07
1.13417e-07
-4.90937e-08
-1.66299e-06
-1.11114e-06
1.91202e-08
-1.3003e-06
-9.26166e-07
1.97842e-07
-4.1877e-07
-5.99769e-07
3.63618e-07
1.02313e-07
-3.92495e-07
4.66093e-07
2.24126e-07
-2.21522e-07
4.92928e-07
1.42721e-07
-7.31296e-08
4.43395e-07
4.31813e-08
8.19606e-08
3.39845e-07
9.50606e-08
3.1769e-07
1.78524e-07
7.10015e-07
6.30839e-07
2.72262e-06
6.42076e-07
2.01297e-08
-3.32755e-07
-1.52366e-06
-1.31192e-06
-4.65405e-07
-1.33796e-06
-1.07477e-06
-2.82514e-07
-7.08544e-07
-7.02792e-07
-2.13415e-08
-2.26171e-07
-5.06745e-07
1.79299e-07
-1.63126e-08
-3.72653e-07
2.6167e-07
4.93717e-08
-2.35008e-07
2.33115e-07
9.02868e-08
-4.15858e-08
9.78182e-08
2.87802e-07
2.53742e-07
-1.06928e-07
1.00961e-06
5.99454e-07
2.87477e-06
6.42416e-07
-1.7535e-07
-7.25002e-07
-1.19495e-06
-1.60591e-06
-1.15069e-06
-1.07379e-06
-1.25952e-06
-1.18495e-06
-7.72097e-07
-8.54057e-07
-9.77194e-07
-4.90973e-07
-5.77693e-07
-7.31719e-07
-2.97366e-07
-3.4758e-07
-5.6512e-07
-1.50344e-07
-1.0909e-07
-5.47586e-07
4.62954e-08
1.53539e-07
-6.40269e-07
3.81924e-07
4.37126e-07
-7.11158e-07
1.11763e-06
6.47799e-07
2.62438e-06
6.22247e-07
-4.08023e-07
-9.58601e-07
-4.29874e-07
-1.69492e-06
-1.79554e-06
-4.04976e-07
-1.43951e-06
-2.28553e-06
-3.73305e-07
-1.08616e-06
-2.48774e-06
-3.53618e-07
-7.83677e-07
-2.54954e-06
-2.81525e-07
-5.07126e-07
-2.5457e-06
-1.70104e-07
-2.55133e-07
-2.56223e-06
4.33298e-08
1.05952e-08
-2.4555e-06
2.2337e-07
2.37461e-07
-2.07161e-06
6.84983e-07
3.51982e-07
1.69633e-06
2.91936e-07
-1.15668e-06
-9.4516e-07
-1.81201e-06
-1.75023e-06
-1.54271e-06
-2.45686e-06
-1.27677e-06
-2.89707e-06
-1.13082e-06
-3.25554e-06
-1.01697e-06
-3.43505e-06
-1.11418e-06
-3.62849e-06
-1.18556e-06
-3.39401e-06
-9.63814e-07
-2.69822e-06
-8.71055e-07
-9.10142e-07
-1.22331e-06
1.4935e-07
-3.44935e-07
-2.91868e-08
2.20467e-07
-3.71812e-08
1.08034e-08
2.07289e-07
2.11632e-07
6.33547e-08
1.84435e-07
2.51727e-07
1.03097e-07
2.18132e-07
1.82083e-07
1.3359e-07
3.29887e-07
7.67984e-08
1.61541e-07
5.31576e-07
7.06898e-09
1.84913e-07
8.38978e-07
-7.01558e-08
2.17881e-07
1.23703e-06
7.19443e-08
2.34711e-07
1.954e-06
1.90957e-07
1.34244e-06
2.13786e-07
-5.82995e-07
-1.43859e-07
3.50425e-07
-1.99666e-07
-1.15727e-07
3.38353e-07
2.21259e-07
-8.47057e-09
2.76731e-07
3.3239e-07
9.43589e-08
2.66139e-07
2.27991e-07
1.76603e-07
3.3565e-07
5.57459e-08
2.50782e-07
4.99811e-07
-9.62207e-08
3.24525e-07
7.04399e-07
-2.00969e-07
3.98629e-07
9.12574e-07
-6.40061e-08
4.67279e-07
1.96193e-06
3.07929e-07
9.42874e-07
2.53968e-07
-9.24911e-07
-2.96351e-07
4.70657e-07
-4.80578e-07
-3.11742e-07
4.81123e-07
1.75559e-07
-1.6395e-07
3.94159e-07
4.18056e-07
1.0144e-08
3.35009e-07
3.12837e-07
1.56591e-07
3.48974e-07
8.79804e-08
2.80171e-07
4.38937e-07
-1.22195e-07
3.93739e-07
5.45832e-07
-2.24678e-07
5.04878e-07
5.39518e-07
3.54061e-08
6.03291e-07
2.04008e-06
4.11294e-07
5.20387e-07
2.8052e-07
-1.2805e-06
-4.89622e-07
5.08774e-07
-8.15716e-07
-5.02079e-07
5.5528e-07
5.7503e-08
-3.33841e-07
4.94541e-07
4.49667e-07
-1.19083e-07
4.24686e-07
3.88265e-07
7.20777e-08
3.95582e-07
1.48621e-07
2.26398e-07
4.15838e-07
-8.86941e-08
3.544e-07
4.59927e-07
-1.86705e-07
4.84702e-07
4.06697e-07
1.9248e-07
6.23318e-07
2.24221e-06
4.86982e-07
2.77261e-07
2.05197e-07
-1.59842e-06
-6.99043e-07
3.68546e-07
-1.12244e-06
-6.44375e-07
4.60657e-07
-1.32131e-07
-4.37542e-07
5.01509e-07
3.53953e-07
-2.28923e-07
4.94724e-07
3.75528e-07
-4.33418e-08
4.68496e-07
1.83022e-07
1.06077e-07
4.44484e-07
-2.89775e-08
2.26146e-07
4.19494e-07
-8.58655e-08
3.73687e-07
3.2087e-07
4.03375e-07
5.74482e-07
2.51228e-06
5.27372e-07
1.3466e-07
-2.38804e-08
-1.67996e-06
-8.75006e-07
2.16999e-08
-1.34329e-06
-7.50868e-07
2.00814e-07
-4.26243e-07
-4.8474e-07
3.75466e-07
1.01166e-07
-3.14332e-07
4.91116e-07
2.1349e-07
-1.75105e-07
5.27966e-07
1.27226e-07
-5.41545e-08
4.77483e-07
3.48637e-08
6.86316e-08
3.72525e-07
8.48586e-08
2.51952e-07
2.19328e-07
6.71782e-07
5.15655e-07
2.7832e-06
5.49365e-07
4.11374e-08
-3.82606e-07
-1.64962e-06
-1.15151e-06
-5.17118e-07
-1.39155e-06
-8.91954e-07
-3.34453e-07
-7.34655e-07
-5.77013e-07
-6.63081e-08
-2.5337e-07
-4.20323e-07
1.41061e-07
-5.48149e-08
-3.11687e-07
2.41422e-07
-1.07427e-08
-1.97368e-07
2.37143e-07
4.41522e-08
-4.6563e-08
1.28058e-07
2.64716e-07
1.82998e-07
-6.72527e-08
9.92728e-07
4.73845e-07
2.97816e-06
5.4469e-07
-1.6446e-07
-7.81705e-07
-1.14698e-06
-1.31411e-06
-1.27929e-06
-1.09392e-06
-1.05953e-06
-1.34787e-06
-7.88534e-07
-7.31568e-07
-1.16898e-06
-5.05478e-07
-5.04441e-07
-9.31207e-07
-3.32408e-07
-3.07728e-07
-7.29182e-07
-2.33814e-07
-8.80099e-08
-6.30268e-07
-5.27299e-08
1.51538e-07
-6.57908e-07
3.41442e-07
3.8807e-07
-7.10552e-07
1.13032e-06
5.6288e-07
2.76751e-06
5.4257e-07
-4.20201e-07
-1.13037e-06
-5.17991e-07
-1.57674e-06
-1.98582e-06
-4.19355e-07
-1.25841e-06
-2.52396e-06
-3.53613e-07
-9.82975e-07
-2.78723e-06
-2.86315e-07
-7.39438e-07
-2.9061e-06
-2.08574e-07
-5.12121e-07
-2.86747e-06
-2.74858e-07
-2.52622e-07
-2.76028e-06
-1.53363e-07
4.10916e-09
-2.6182e-06
2.2401e-07
2.12854e-07
-2.23857e-06
7.9318e-07
3.09549e-07
1.86487e-06
2.25421e-07
-1.26938e-06
-1.03603e-06
-1.5482e-06
-1.81482e-06
-1.30304e-06
-2.5305e-06
-1.2678e-06
-2.95105e-06
-1.13997e-06
-3.4972e-06
-1.11411e-06
-3.72302e-06
-9.79505e-07
-3.69415e-06
-1.06846e-06
-3.57781e-06
-1.12036e-06
-2.96299e-06
-9.89123e-07
-1.13274e-06
-1.4551e-06
1.51687e-07
-3.4578e-07
-1.9991e-08
2.22136e-07
-2.98925e-08
9.50808e-09
2.05027e-07
2.26185e-07
4.98383e-08
1.78511e-07
2.70189e-07
8.029e-08
2.10329e-07
2.01249e-07
1.0353e-07
3.24235e-07
9.44229e-08
1.25177e-07
5.34477e-07
2.21824e-08
1.42716e-07
8.61757e-07
-6.94792e-08
1.71541e-07
1.29975e-06
2.94927e-08
1.93991e-07
2.01467e-06
1.76298e-07
1.45659e-06
2.18256e-07
-5.90769e-07
-1.07424e-07
3.55656e-07
-1.94539e-07
-8.84793e-08
3.39937e-07
2.38396e-07
-4.95083e-09
2.73889e-07
3.54897e-07
7.5709e-08
2.61101e-07
2.5026e-07
1.40392e-07
3.31915e-07
7.50105e-08
1.99393e-07
5.02463e-07
-8.24499e-08
2.58623e-07
7.15202e-07
-2.02622e-07
3.1905e-07
9.40284e-07
-1.15728e-07
3.87436e-07
1.99547e-06
2.65359e-07
1.00208e-06
2.69062e-07
-9.56459e-07
-2.2621e-07
4.8591e-07
-4.80564e-07
-2.42578e-07
4.9373e-07
1.9375e-07
-1.27107e-07
4.01909e-07
4.45648e-07
1.12275e-08
3.39983e-07
3.4026e-07
1.28531e-07
3.54548e-07
1.11915e-07
2.28719e-07
4.47457e-07
-1.0374e-07
3.22139e-07
5.58666e-07
-2.22094e-07
4.13163e-07
5.52518e-07
-5.60967e-09
4.99344e-07
2.0592e-06
3.46133e-07
5.53966e-07
3.05421e-07
-1.3256e-06
-3.50602e-07
5.34292e-07
-8.23793e-07
-3.87649e-07
5.7975e-07
7.46693e-08
-2.60195e-07
5.1532e-07
4.80715e-07
-8.96995e-08
4.43674e-07
4.19297e-07
6.4705e-08
4.14933e-07
1.75884e-07
1.9119e-07
4.33376e-07
-6.45608e-08
2.968e-07
4.77085e-07
-1.80301e-07
3.99224e-07
4.26906e-07
1.55554e-07
5.12357e-07
2.26343e-06
4.07763e-07
3.01919e-07
2.32261e-07
-1.60515e-06
-5.27272e-07
3.97834e-07
-1.13718e-06
-4.96482e-07
4.89496e-07
-1.1591e-07
-3.38596e-07
5.29504e-07
3.84824e-07
-1.73016e-07
5.24313e-07
4.04039e-07
-2.28697e-08
4.98934e-07
2.07642e-07
9.9723e-08
4.74819e-07
-1.009e-08
1.95817e-07
4.46598e-07
-8.20528e-08
3.03686e-07
3.50283e-07
3.66293e-07
4.60084e-07
2.54779e-06
4.37646e-07
1.55675e-07
-3.40752e-08
-1.79746e-06
-7.15585e-07
3.95187e-08
-1.37773e-06
-5.83886e-07
2.20856e-07
-4.1361e-07
-3.68347e-07
4.01122e-07
1.22731e-07
-2.32476e-07
5.26466e-07
2.25267e-07
-1.21649e-07
5.7315e-07
1.31882e-07
-2.50487e-08
5.24389e-07
4.07006e-08
6.66316e-08
4.14666e-07
8.24834e-08
1.97168e-07
2.6114e-07
6.34131e-07
4.01369e-07
2.8433e-06
4.51425e-07
6.35993e-08
-3.7289e-07
-1.66312e-06
-8.76538e-07
-5.27971e-07
-1.42127e-06
-6.93295e-07
-3.39631e-07
-7.38418e-07
-4.40513e-07
-6.46763e-08
-2.50473e-07
-3.22042e-07
1.52191e-07
-6.51821e-08
-2.38073e-07
2.62625e-07
-2.65002e-08
-1.49388e-07
2.74567e-07
2.37838e-08
-4.15549e-08
1.84527e-07
2.40722e-07
1.14831e-07
-1.96419e-08
9.71594e-07
3.40579e-07
3.08009e-06
4.38382e-07
-1.50098e-07
-8.56964e-07
-1.27861e-06
-1.07565e-06
-1.36292e-06
-1.1256e-06
-8.49232e-07
-1.43561e-06
-8.12237e-07
-5.85026e-07
-1.2635e-06
-5.18866e-07
-4.08126e-07
-1.02229e-06
-3.62305e-07
-2.51773e-07
-7.92755e-07
-2.73098e-07
-7.09135e-08
-6.41668e-07
-1.0139e-07
1.2566e-07
-6.23528e-07
2.9825e-07
3.12429e-07
-6.80262e-07
1.1364e-06
4.5483e-07
2.90632e-06
4.58099e-07
-4.21996e-07
-1.21026e-06
-4.2126e-07
-1.24829e-06
-2.15039e-06
-3.95747e-07
-1.04814e-06
-2.70021e-06
-4.28686e-07
-8.16729e-07
-3.00278e-06
-3.17809e-07
-6.3794e-07
-3.13155e-06
-2.78569e-07
-4.66968e-07
-3.09534e-06
-3.10334e-07
-2.51679e-07
-2.95653e-06
-2.33618e-07
-2.40101e-09
-2.76398e-06
1.4001e-07
1.78565e-07
-2.40157e-06
8.52507e-07
2.31077e-07
1.93008e-06
1.84881e-07
-1.38475e-06
-1.10457e-06
-1.27174e-06
-2.05964e-06
-1.17952e-06
-2.63812e-06
-1.0076e-06
-3.15075e-06
-9.61986e-07
-3.54716e-06
-9.80808e-07
-4.00266e-06
-9.47248e-07
-4.04809e-06
-8.64261e-07
-3.77205e-06
-9.0586e-07
-3.35475e-06
-1.15178e-06
-1.10399e-06
-1.41943e-06
1.51704e-07
-3.42961e-07
-1.63885e-08
2.23911e-07
-2.4437e-08
7.37183e-09
2.05086e-07
2.37794e-07
3.69462e-08
1.76115e-07
2.86879e-07
5.88577e-08
2.06022e-07
2.21151e-07
7.52667e-08
3.21124e-07
1.15654e-07
9.07777e-08
5.38237e-07
4.44104e-08
1.02815e-07
8.83596e-07
-5.66767e-08
1.25805e-07
1.36076e-06
1.08457e-09
1.47491e-07
2.08006e-06
1.55059e-07
1.57316e-06
2.17491e-07
-5.93373e-07
-7.75926e-08
3.59422e-07
-1.90625e-07
-6.41889e-08
3.42756e-07
2.51831e-07
-2.31e-09
2.74097e-07
3.74226e-07
5.70307e-08
2.59597e-07
2.71701e-07
1.04352e-07
3.31181e-07
9.58401e-08
1.47635e-07
5.06975e-07
-6.41822e-08
1.91435e-07
7.27431e-07
-1.95023e-07
2.36958e-07
9.66751e-07
-1.54527e-07
3.03747e-07
2.03568e-06
2.15563e-07
1.06095e-06
2.75506e-07
-9.41426e-07
-1.7657e-07
4.98365e-07
-4.77183e-07
-1.78896e-07
5.05688e-07
2.095e-07
-9.20833e-08
4.10489e-07
4.69798e-07
1.08675e-08
3.46238e-07
3.66062e-07
9.84344e-08
3.61183e-07
1.35884e-07
1.73746e-07
4.57251e-07
-8.32537e-08
2.45162e-07
5.72341e-07
-2.12144e-07
3.15216e-07
5.64571e-07
-3.45471e-08
3.87157e-07
2.08524e-06
2.73501e-07
5.87658e-07
3.05315e-07
-1.35066e-06
-2.7656e-07
5.55901e-07
-8.30268e-07
-2.85184e-07
6.03578e-07
9.13293e-08
-1.8968e-07
5.35577e-07
5.10766e-07
-6.26484e-08
4.61432e-07
4.5095e-07
5.39806e-08
4.32967e-07
2.04621e-07
1.50937e-07
4.50919e-07
-3.77264e-08
2.33344e-07
4.9507e-07
-1.67166e-07
3.10121e-07
4.46295e-07
1.30563e-07
3.96047e-07
2.29058e-06
3.2158e-07
3.27158e-07
2.464e-07
-1.64853e-06
-3.68402e-07
4.30945e-07
-1.15111e-06
-3.60115e-07
5.23328e-07
-9.50909e-08
-2.44531e-07
5.59362e-07
4.22746e-07
-1.21004e-07
5.52485e-07
4.41653e-07
-6.67249e-09
5.26662e-07
2.41623e-07
8.85683e-08
5.03248e-07
1.91307e-08
1.624e-07
4.74165e-07
-7.13634e-08
2.36993e-07
3.79146e-07
3.37195e-07
3.48498e-07
2.58718e-06
3.43049e-07
1.77175e-07
-8.58069e-10
-1.81836e-06
-5.70181e-07
8.07004e-08
-1.39084e-06
-4.25688e-07
2.5806e-07
-3.82024e-07
-2.58741e-07
4.38199e-07
1.67092e-07
-1.56931e-07
5.67775e-07
2.62495e-07
-7.20389e-08
6.20716e-07
1.6191e-07
1.75259e-09
5.77238e-07
6.21794e-08
6.70906e-08
4.6314e-07
8.73071e-08
1.52626e-07
3.04017e-07
6.00699e-07
2.97017e-07
2.90273e-06
3.51808e-07
8.81118e-08
-3.72317e-07
-1.73217e-06
-7.35904e-07
-5.02356e-07
-1.44262e-06
-5.11441e-07
-3.0146e-07
-7.14624e-07
-3.08776e-07
-2.00323e-08
-2.12182e-07
-2.24163e-07
2.0547e-07
-4.06792e-08
-1.60369e-07
3.23249e-07
-1.02425e-08
-9.49804e-08
3.39885e-07
3.45254e-08
-3.05026e-08
2.59437e-07
2.23011e-07
5.96068e-08
4.37462e-08
9.38389e-07
2.18608e-07
3.18487e-06
3.30278e-07
-1.30256e-07
-8.98193e-07
-1.33151e-06
-8.38058e-07
-1.39242e-06
-1.15735e-06
-6.40246e-07
-1.45236e-06
-8.0442e-07
-4.35261e-07
-1.26463e-06
-5.05161e-07
-3.02842e-07
-1.00129e-06
-3.67956e-07
-1.87797e-07
-7.46658e-07
-2.75893e-07
-5.9849e-08
-5.73199e-07
-9.70393e-08
8.38091e-08
-5.45914e-07
2.80392e-07
2.27797e-07
-6.18548e-07
1.11581e-06
3.5007e-07
3.07097e-06
3.66957e-07
-4.13484e-07
-1.28722e-06
-4.45569e-07
-9.56936e-07
-2.25665e-06
-4.28767e-07
-8.07048e-07
-2.84402e-06
-3.90934e-07
-6.42862e-07
-3.16577e-06
-3.07799e-07
-5.13407e-07
-3.27215e-06
-3.40812e-07
-3.87586e-07
-3.22595e-06
-3.41312e-07
-2.32558e-07
-3.11132e-06
-1.77926e-07
-3.61674e-08
-2.93652e-06
1.60694e-07
1.23508e-07
-2.52063e-06
7.51763e-07
1.79233e-07
2.12181e-06
1.12608e-07
-1.49917e-06
-1.20749e-06
-1.08721e-06
-2.09298e-06
-9.09387e-07
-2.76058e-06
-7.25213e-07
-3.35298e-06
-7.30467e-07
-3.72359e-06
-8.25938e-07
-4.11365e-06
-9.03992e-07
-4.2985e-06
-8.19756e-07
-4.27709e-06
-8.78923e-07
-3.55717e-06
-9.1469e-07
-1.18078e-06
-1.63139e-06
1.53618e-07
-3.41544e-07
-1.05836e-08
2.26406e-07
-2.12015e-08
5.3246e-09
2.06812e-07
2.46014e-07
2.46689e-08
1.76221e-07
3.00381e-07
3.86597e-08
2.04452e-07
2.38882e-07
4.89643e-08
3.20223e-07
1.3597e-07
5.88945e-08
5.42417e-07
6.73875e-08
6.62814e-08
9.01513e-07
-3.98431e-08
8.28321e-08
1.41938e-06
-3.65907e-08
1.0245e-07
2.14542e-06
1.23005e-07
1.69321e-06
2.1915e-07
-6.09151e-07
-5.22585e-08
3.63621e-07
-1.8884e-07
-4.10236e-08
3.46529e-07
2.61072e-07
-2.64737e-10
2.76274e-07
3.89289e-07
3.83858e-08
2.60456e-07
2.89993e-07
6.90681e-08
3.32682e-07
1.14254e-07
9.71363e-08
5.13713e-07
-4.78542e-08
1.25659e-07
7.42708e-07
-1.87327e-07
1.55464e-07
9.9135e-07
-1.92177e-07
2.10712e-07
2.07699e-06
1.55606e-07
1.11975e-06
2.96105e-07
-9.49288e-07
-1.06651e-07
5.11192e-07
-4.70449e-07
-1.12319e-07
5.16699e-07
2.21532e-07
-5.80355e-08
4.18783e-07
4.88994e-07
9.09104e-09
3.52372e-07
3.88027e-07
6.68244e-08
3.67385e-07
1.56221e-07
1.16782e-07
4.67066e-07
-6.72942e-08
1.6494e-07
5.87009e-07
-2.05004e-07
2.12972e-07
5.76072e-07
-6.02186e-08
2.66161e-07
2.1117e-06
1.92395e-07
6.22493e-07
3.27414e-07
-1.3275e-06
-1.70648e-07
5.78577e-07
-8.26072e-07
-1.80653e-07
6.25625e-07
1.06156e-07
-1.21329e-07
5.53543e-07
5.36886e-07
-3.84404e-08
4.76044e-07
4.80129e-07
3.93951e-08
4.47355e-07
2.30765e-07
1.05103e-07
4.66019e-07
-1.49168e-08
1.62326e-07
5.1342e-07
-1.57146e-07
2.14888e-07
4.6706e-07
1.0837e-07
2.73845e-07
2.31862e-06
2.27322e-07
3.54422e-07
2.59867e-07
-1.73457e-06
-2.63434e-07
4.65897e-07
-1.16121e-06
-2.31048e-07
5.5787e-07
-7.40853e-08
-1.56236e-07
5.8775e-07
4.60942e-07
-7.49151e-08
5.76186e-07
4.82584e-07
2.45906e-09
5.48136e-07
2.79159e-07
6.82483e-08
5.2571e-07
5.07758e-08
1.1916e-07
5.00151e-07
-6.16979e-08
1.67132e-07
4.09154e-07
3.09741e-07
2.38152e-07
2.62812e-06
2.42274e-07
2.00451e-07
6.2196e-08
-1.88843e-06
-3.32813e-07
1.3477e-07
-1.39623e-06
-2.63198e-07
3.03988e-07
-3.43318e-07
-1.58696e-07
4.80314e-07
2.20552e-07
-9.28377e-08
6.08313e-07
3.16536e-07
-3.39615e-08
6.63239e-07
2.08708e-07
1.73064e-08
6.26622e-07
9.42422e-08
6.02711e-08
5.11799e-07
9.47377e-08
1.11045e-07
3.48092e-07
5.68125e-07
2.02369e-07
2.96293e-06
2.49825e-07
1.15299e-07
-3.07819e-07
-1.73931e-06
-4.33324e-07
-4.4572e-07
-1.4497e-06
-3.20032e-07
-2.33511e-07
-6.77291e-07
-1.86978e-07
5.14472e-08
-1.54406e-07
-1.3413e-07
2.84216e-07
9.89577e-09
-8.64652e-08
4.00839e-07
4.22725e-08
-4.5133e-08
4.14186e-07
6.40058e-08
-1.35787e-08
3.39778e-07
2.02383e-07
2.64043e-08
1.16993e-07
8.89138e-07
1.20413e-07
3.29031e-06
2.26375e-07
-1.06457e-07
-8.82617e-07
-1.34731e-06
-6.2943e-07
-1.37273e-06
-1.17325e-06
-4.26549e-07
-1.41202e-06
-7.90496e-07
-2.82734e-07
-1.19793e-06
-4.79752e-07
-1.91549e-07
-9.09886e-07
-3.47403e-07
-1.18508e-07
-6.35817e-07
-2.54497e-07
-3.71051e-08
-4.58133e-07
-8.10382e-08
5.1217e-08
-4.35204e-07
2.59444e-07
1.47846e-07
-5.33981e-07
1.08594e-06
2.52079e-07
3.23863e-06
2.8235e-07
-3.97665e-07
-1.34956e-06
-5.28931e-07
-6.32924e-07
-2.32823e-06
-4.41204e-07
-5.60453e-07
-2.94785e-06
-3.49986e-07
-4.63803e-07
-3.28645e-06
-2.8964e-07
-3.64947e-07
-3.37921e-06
-3.74284e-07
-2.67772e-07
-3.33123e-06
-3.80176e-07
-1.54667e-07
-3.24786e-06
-1.60958e-07
-3.96496e-08
-3.09307e-06
1.5026e-07
7.79554e-08
-2.65886e-06
7.18294e-07
1.12731e-07
2.21895e-06
9.84284e-08
-1.62495e-06
-1.24506e-06
-6.9944e-07
-2.04834e-06
-6.74148e-07
-2.86211e-06
-6.90599e-07
-3.57288e-06
-6.27077e-07
-4.01327e-06
-5.04426e-07
-4.23175e-06
-5.05526e-07
-4.52089e-06
-5.83176e-07
-4.49702e-06
-6.93166e-07
-3.99729e-06
-9.79879e-07
-8.98586e-07
-1.85823e-06
1.56312e-07
-3.43896e-07
-4.06693e-09
2.28788e-07
-1.88575e-08
3.48319e-09
2.08912e-07
2.51495e-07
1.27029e-08
1.77378e-07
3.0996e-07
1.92318e-08
2.04411e-07
2.52172e-07
2.4145e-08
3.20668e-07
1.5179e-07
2.89916e-08
5.46606e-07
8.59768e-08
3.25391e-08
9.167e-07
-2.55028e-08
4.15366e-08
1.47087e-06
-7.13741e-08
5.43404e-08
2.21274e-06
7.39377e-08
1.81022e-06
2.23323e-07
-6.08975e-07
-2.28554e-08
3.67188e-07
-1.84877e-07
-1.88687e-08
3.49885e-07
2.67721e-07
8.20449e-10
2.78795e-07
3.99902e-07
1.95416e-08
2.62141e-07
3.03441e-07
3.44618e-08
3.34944e-07
1.27924e-07
4.82099e-08
5.20575e-07
-3.61744e-08
6.21921e-08
7.56311e-07
-1.82776e-07
7.70182e-08
1.01271e-06
-2.27651e-07
1.10614e-07
2.12318e-06
8.31731e-08
1.17471e-06
2.9618e-07
-9.49695e-07
-4.78947e-08
5.17803e-07
-4.66016e-07
-5.27502e-08
5.24397e-07
2.30156e-07
-2.70499e-08
4.25037e-07
5.02792e-07
5.57313e-09
3.57092e-07
4.0426e-07
3.39644e-08
3.72115e-07
1.70958e-07
5.87398e-08
4.75146e-07
-5.71272e-08
8.28814e-08
6.00405e-07
-2.02879e-07
1.0784e-07
5.87442e-07
-8.53085e-08
1.36806e-07
2.14352e-06
1.00995e-07
6.58522e-07
3.35487e-07
-1.35004e-06
-5.7264e-08
5.93279e-07
-8.23691e-07
-8.06974e-08
6.41699e-07
1.17644e-07
-5.72148e-08
5.66613e-07
5.56957e-07
-1.75022e-08
4.86103e-07
5.03065e-07
2.11169e-08
4.57174e-07
2.50861e-07
5.4148e-08
4.7713e-07
2.12672e-09
8.31395e-08
5.30668e-07
-1.527e-07
1.11197e-07
4.90057e-07
8.73726e-08
1.41803e-07
2.35541e-06
1.20823e-07
3.84691e-07
2.90986e-07
-1.72854e-06
-8.19366e-08
4.9586e-07
-1.15664e-06
-1.02896e-07
5.86107e-07
-5.51972e-08
-7.3615e-08
6.10039e-07
4.92965e-07
-3.48304e-08
5.92898e-07
5.18663e-07
4.02527e-09
5.61583e-07
3.12624e-07
3.78242e-08
5.41024e-07
7.72206e-08
6.46518e-08
5.22452e-07
-5.54285e-08
8.8461e-08
4.40736e-07
2.84066e-07
1.23205e-07
2.68297e-06
1.29311e-07
2.26163e-07
7.94355e-08
-1.90363e-06
-1.22448e-07
1.77334e-07
-1.39808e-06
-1.19616e-07
3.45088e-07
-3.08893e-07
-7.27248e-08
5.1814e-07
2.68482e-07
-4.13772e-08
6.41143e-07
3.73023e-07
-1.12975e-08
6.95743e-07
2.59751e-07
1.56084e-08
6.65803e-07
1.29517e-07
3.79455e-08
5.55294e-07
1.03996e-07
6.2161e-08
3.9243e-07
5.42443e-07
1.06886e-07
3.04523e-06
1.35522e-07
1.44502e-07
-2.88546e-07
-1.86175e-06
-2.14982e-07
-3.87884e-07
-1.46473e-06
-1.53996e-07
-1.56359e-07
-6.42626e-07
-8.47369e-08
1.31495e-07
-9.26092e-08
-6.08603e-08
3.65975e-07
8.66498e-08
-3.45406e-08
4.79037e-07
1.15414e-07
-1.38239e-08
4.86281e-07
1.10488e-07
-1.75851e-09
4.15427e-07
1.88921e-07
1.23694e-08
1.89725e-07
8.35812e-07
5.27797e-08
3.42069e-06
1.20499e-07
-7.9825e-08
-8.35748e-07
-1.29285e-06
-3.02359e-07
-1.32041e-06
-1.19463e-06
-2.11959e-07
-1.32371e-06
-7.87668e-07
-1.34352e-07
-1.07365e-06
-4.45389e-07
-8.87965e-08
-7.49506e-07
-2.99351e-07
-5.66163e-08
-4.60233e-07
-1.93765e-07
-1.71528e-08
-2.81827e-07
-4.39113e-08
2.72679e-08
-2.74491e-07
2.50931e-07
7.85493e-08
-4.00365e-07
1.06339e-06
1.5041e-07
3.49407e-06
1.73239e-07
-3.6459e-07
-1.40829e-06
-5.83687e-07
-4.4511e-07
-2.35503e-06
-5.19367e-07
-2.88999e-07
-2.96247e-06
-4.12688e-07
-2.31371e-07
-3.31084e-06
-2.67546e-07
-1.94271e-07
-3.39251e-06
-3.25458e-07
-1.60098e-07
-3.36322e-06
-2.86481e-07
-9.13187e-08
-3.29247e-06
-1.16445e-07
-3.76647e-08
-3.15684e-06
1.65677e-07
2.76474e-08
-2.70453e-06
6.36183e-07
8.76801e-08
2.55148e-06
8.03964e-08
-1.74383e-06
-1.37757e-06
-3.58339e-07
-2.20498e-06
-3.08447e-07
-2.90756e-06
-2.85922e-07
-3.5812e-06
-2.23751e-07
-4.13346e-06
-4.26724e-07
-4.45792e-06
-4.64428e-07
-4.78763e-06
-4.38949e-07
-4.97487e-06
-4.78864e-07
-4.09855e-06
-4.86357e-07
-3.91839e-07
-2.03876e-06
1.55607e-07
-3.41133e-07
2.29522e-07
-1.68749e-08
2.10098e-07
2.54808e-07
1.78198e-07
3.15071e-07
2.04725e-07
2.59248e-07
3.21357e-07
1.60394e-07
5.49703e-07
9.62552e-08
9.26562e-07
-1.76814e-08
1.50793e-06
-1.00451e-07
2.27455e-06
1.91488e-06
2.23115e-07
-6.06574e-07
3.68002e-07
-1.80633e-07
3.51258e-07
2.72382e-07
2.80149e-07
4.05729e-07
2.63248e-07
3.10619e-07
3.36604e-07
1.35259e-07
5.25279e-07
-3.02148e-08
7.65536e-07
-1.80904e-07
1.02923e-06
-2.53511e-07
2.16897e-06
1.21799e-06
2.94312e-07
-9.24056e-07
5.18602e-07
-4.57619e-07
5.27117e-07
2.36831e-07
4.27846e-07
5.10585e-07
3.59399e-07
4.13043e-07
3.74675e-07
1.78738e-07
4.79865e-07
-5.25051e-08
6.09849e-07
-2.03025e-07
5.95251e-07
-1.02081e-07
2.17893e-06
6.86307e-07
3.09725e-07
-1.33651e-06
5.93127e-07
-8.21645e-07
6.47842e-07
1.24921e-07
5.72684e-07
5.68258e-07
4.9086e-07
5.16001e-07
4.61691e-07
2.62074e-07
4.83644e-07
8.70437e-09
5.43293e-07
-1.5145e-07
5.08801e-07
7.42417e-08
2.39914e-06
4.09428e-07
2.73535e-07
-1.7251e-06
5.03773e-07
-1.15469e-06
5.99409e-07
-4.43034e-08
6.21705e-07
5.11155e-07
6.01464e-07
5.4029e-07
5.68297e-07
3.33089e-07
5.48489e-07
9.31907e-08
5.37368e-07
-5.18399e-08
4.66459e-07
2.68386e-07
2.74811e-06
2.46835e-07
6.67419e-08
-1.95809e-06
1.96122e-07
-1.40368e-06
3.68225e-07
-2.89101e-07
5.40561e-07
2.9747e-07
6.59908e-07
4.09673e-07
7.14177e-07
2.94457e-07
6.88439e-07
1.56903e-07
5.83897e-07
1.14895e-07
4.26535e-07
5.32665e-07
3.14281e-06
1.67387e-07
-2.64378e-07
-1.90842e-06
-3.46788e-07
-1.47523e-06
-1.02588e-07
-6.18005e-07
1.85438e-07
-5.13847e-08
4.20138e-07
1.40465e-07
5.3138e-07
1.69423e-07
5.33506e-07
1.53053e-07
4.63745e-07
1.97059e-07
2.41252e-07
8.07973e-07
3.56468e-06
-6.00908e-08
-7.88885e-07
-1.40268e-06
-1.27278e-06
-1.20326e-06
-1.25007e-06
-7.75035e-07
-9.7041e-07
-4.198e-07
-6.18128e-07
-2.68398e-07
-3.17219e-07
-1.48605e-07
-1.30344e-07
-6.51159e-09
-1.32088e-07
2.77398e-07
-2.80247e-07
1.10657e-06
3.7916e-06
-3.33875e-07
-1.34303e-06
-4.90313e-07
-2.3666e-06
-4.68695e-07
-2.98634e-06
-3.86707e-07
-3.32043e-06
-2.80048e-07
-3.35773e-06
-3.9103e-07
-3.33128e-06
-2.66283e-07
-3.26647e-06
-1.08983e-07
-3.12997e-06
1.6864e-07
-2.71754e-06
7.81851e-07
3.02879e-06
-1.8742e-06
-1.41145e-06
-2.25992e-06
-2.91843e-06
-3.82567e-06
-4.26338e-06
-4.63229e-06
-5.0057e-06
-5.18162e-06
-4.1847e-06
-2.47531e-06
5.44403e-08
3.75009e-08
2.57946e-07
5.57765e-08
2.36331e-08
1.88391e-07
4.14409e-08
2.08899e-08
5.3625e-08
2.4131e-08
1.95376e-08
-8.31394e-10
7.40082e-09
1.60734e-08
7.03545e-09
-4.92864e-09
7.86037e-09
1.8912e-08
-1.81496e-08
2.98613e-09
5.84949e-09
-2.73077e-08
4.62749e-09
-1.38665e-08
-1.20285e-08
-2.98859e-08
-5.1011e-08
-1.06299e-07
-1.08908e-07
1.24551e-07
4.14404e-08
5.02358e-07
1.50305e-07
4.74816e-08
3.98886e-07
1.4085e-07
4.85386e-08
1.46585e-07
1.14538e-07
4.98151e-08
2.70074e-09
8.24946e-08
4.80526e-08
-3.73593e-08
5.41037e-08
4.1669e-08
-9.8332e-09
2.92315e-08
3.12997e-08
-1.08645e-08
1.29444e-08
1.95211e-08
-2.24597e-08
9.00877e-09
-5.09566e-08
-1.40478e-07
-1.55226e-07
-2.17967e-07
1.50303e-07
3.52457e-08
5.78306e-07
2.06346e-07
4.93432e-08
4.86459e-07
2.24152e-07
5.75995e-08
2.26017e-07
2.17798e-07
6.49793e-08
4.80159e-08
1.94248e-07
6.9167e-08
-4.54661e-08
1.63844e-07
6.79919e-08
-6.51979e-08
1.31287e-07
5.73195e-08
-7.84824e-08
1.06192e-07
3.91208e-08
-6.10609e-08
5.8267e-08
-4.10621e-08
-2.20647e-07
-1.68774e-07
-2.92788e-07
1.59026e-07
3.1673e-08
6.39866e-07
2.28292e-07
4.59839e-08
5.51426e-07
2.64909e-07
5.64133e-08
2.87273e-07
2.81003e-07
6.64658e-08
1.0848e-07
2.79622e-07
7.44389e-08
-1.81466e-10
2.65602e-07
7.87431e-08
-5.39468e-08
2.37147e-07
7.3191e-08
-1.13389e-07
2.02359e-07
5.71175e-08
-1.34229e-07
1.08947e-07
-1.95585e-08
-4.0847e-07
-1.61694e-07
-4.56688e-07
1.68642e-07
2.90403e-08
6.93004e-07
2.42869e-07
4.15145e-08
5.90707e-07
2.86894e-07
5.15198e-08
3.15174e-07
3.13965e-07
6.13365e-08
1.36571e-07
3.26907e-07
6.96922e-08
2.86959e-08
3.28668e-07
7.58534e-08
-3.52814e-08
3.10503e-07
7.44613e-08
-1.32028e-07
2.74906e-07
6.32722e-08
-2.04475e-07
1.51133e-07
1.31662e-09
-5.85433e-07
-1.39382e-07
-6.09129e-07
1.81285e-07
2.67596e-08
7.55945e-07
2.59205e-07
3.725e-08
6.35601e-07
3.06533e-07
4.64306e-08
3.42022e-07
3.37794e-07
5.52589e-08
1.55444e-07
3.56063e-07
6.25851e-08
4.51182e-08
3.64295e-07
6.82875e-08
-2.3214e-08
3.50498e-07
6.86037e-08
-1.43674e-07
3.13321e-07
6.11622e-08
-2.58075e-07
1.78335e-07
1.29717e-08
-7.15045e-07
-1.22698e-07
-7.31292e-07
1.95833e-07
2.47725e-08
8.29947e-07
2.77413e-07
3.33466e-08
6.86229e-07
3.27557e-07
4.16997e-08
3.715e-07
3.61836e-07
4.96529e-08
1.74289e-07
3.82796e-07
5.59324e-08
5.85998e-08
3.93035e-07
6.07618e-08
-1.50391e-08
3.78776e-07
6.15366e-08
-1.53941e-07
3.36113e-07
5.68329e-08
-2.99522e-07
1.86837e-07
1.82597e-08
-8.07107e-07
-1.10153e-07
-8.58041e-07
2.11062e-07
2.3497e-08
9.13909e-07
2.95839e-07
3.01577e-08
7.41368e-07
3.48646e-07
3.74322e-08
4.03128e-07
3.86251e-07
4.44981e-08
1.94977e-07
4.10401e-07
4.98512e-08
7.41672e-08
4.23083e-07
5.401e-08
-3.28378e-09
4.08664e-07
5.46772e-08
-1.5802e-07
3.61705e-07
5.19319e-08
-3.30946e-07
2.04812e-07
1.71899e-08
-8.91023e-07
-1.11917e-07
-9.78225e-07
2.26676e-07
2.29647e-08
1.00494e-06
3.14137e-07
2.77551e-08
7.98032e-07
3.69295e-07
3.36506e-08
4.34985e-07
4.10347e-07
3.96921e-08
2.1623e-07
4.38208e-07
4.41062e-08
9.13051e-08
4.54398e-07
4.75563e-08
1.03975e-08
4.41691e-07
4.79502e-08
-1.55911e-07
3.92262e-07
4.71332e-08
-3.53791e-07
2.19252e-07
1.66303e-08
-9.83105e-07
-1.02989e-07
-1.02941e-06
2.42702e-07
2.28109e-08
1.0999e-06
3.32736e-07
2.57566e-08
8.54843e-07
3.90156e-07
3.01069e-08
4.66516e-07
4.34707e-07
3.50491e-08
2.37358e-07
4.66385e-07
3.85174e-08
1.08575e-07
4.86809e-07
4.12315e-08
2.70416e-08
4.77454e-07
4.09117e-08
-1.48063e-07
4.29462e-07
4.10387e-08
-3.6611e-07
2.48077e-07
1.10373e-08
-1.0824e-06
-1.04406e-07
-1.21796e-06
2.59227e-07
2.24788e-08
1.19771e-06
3.52009e-07
2.35647e-08
9.11495e-07
4.11845e-07
2.63742e-08
4.97866e-07
4.60119e-07
3.02414e-08
2.58457e-07
4.95767e-07
3.28336e-08
1.25715e-07
5.20773e-07
3.49251e-08
4.49033e-08
5.15079e-07
3.385e-08
-1.37338e-07
4.68828e-07
3.47395e-08
-3.69441e-07
2.67639e-07
6.05183e-09
-1.17857e-06
-1.17623e-07
-1.20898e-06
2.76229e-07
2.1401e-08
1.29802e-06
3.71988e-07
2.05994e-08
9.68158e-07
4.34508e-07
2.20272e-08
5.29489e-07
4.86917e-07
2.49016e-08
2.80093e-07
5.26897e-07
2.67299e-08
1.43302e-07
5.5714e-07
2.83578e-08
6.4441e-08
5.56224e-07
2.66199e-08
-1.22106e-07
5.14141e-07
2.81478e-08
-3.64804e-07
3.013e-07
-8.0109e-10
-1.27946e-06
-1.22759e-07
-1.35262e-06
2.94111e-07
1.88126e-08
1.4017e-06
3.93244e-07
1.62804e-08
1.02494e-06
4.58929e-07
1.66126e-08
5.62226e-07
5.1623e-07
1.85581e-08
3.03468e-07
5.613e-07
1.97301e-08
1.62385e-07
5.97826e-07
2.10295e-08
8.61053e-08
6.02537e-07
1.91388e-08
-1.03682e-07
5.64642e-07
2.20892e-08
-3.53707e-07
3.28668e-07
-4.44528e-09
-1.38532e-06
-9.75105e-08
-1.55735e-06
3.14906e-07
1.23712e-08
1.50177e-06
4.18978e-07
9.41864e-09
1.07751e-06
4.89007e-07
9.35518e-09
5.95753e-07
5.52631e-07
1.03758e-08
3.29253e-07
6.04256e-07
1.09412e-08
1.8333e-07
6.48971e-07
1.17712e-08
1.09049e-07
6.60949e-07
1.05014e-08
-8.31614e-08
6.34935e-07
1.31114e-08
-3.29593e-07
3.83846e-07
-4.77536e-09
-1.49241e-06
-6.46323e-08
-1.81369e-06
3.36393e-07
1.59086e-06
4.45912e-07
1.1179e-06
5.20525e-07
6.21051e-07
5.90538e-07
3.49794e-07
6.48718e-07
1.99599e-07
7.01597e-07
1.26282e-07
7.20924e-07
-6.89124e-08
7.07588e-07
-3.07424e-07
4.3171e-07
-1.6031e-06
-2.07925e-06
1.95322e-07
5.83244e-08
4.68223e-08
1.39692e-07
5.60407e-08
5.16357e-08
8.56763e-08
5.46181e-08
5.45818e-08
5.39561e-08
5.54044e-08
2.85299e-08
1.55102e-07
6.73308e-08
2.6226e-08
1.16698e-07
7.08988e-08
2.65486e-08
6.92896e-08
7.32781e-08
2.70734e-08
7.48177e-08
2.77396e-08
1.97893e-08
4.45527e-08
5.30806e-08
2.28632e-08
3.40492e-08
5.85312e-08
2.23535e-08
2.22941e-08
6.25029e-08
2.19466e-08
6.48792e-08
2.17154e-08
9.91197e-09
-2.09085e-09
3.28424e-08
2.16581e-08
-2.27529e-09
3.77586e-08
2.13975e-08
-1.58513e-09
4.13312e-08
2.11919e-08
4.34693e-08
2.1047e-08
-2.81473e-10
-2.43828e-09
1.27436e-08
1.77661e-08
-3.17358e-09
1.65323e-08
1.73383e-08
-2.87589e-09
1.92613e-08
1.73153e-08
2.08694e-08
1.71027e-08
-1.90863e-09
1.19648e-08
-2.51934e-09
8.86718e-09
6.45805e-09
5.80072e-11
9.05782e-09
1.99754e-09
1.92043e-09
9.18515e-09
3.0226e-09
9.25276e-09
-1.82471e-09
2.88064e-09
-1.86246e-08
2.64704e-09
8.66746e-10
-1.71195e-08
2.16372e-09
-4.48266e-10
-1.60322e-08
1.8087e-09
-1.53997e-08
1.58355e-09
-1.33212e-09
-1.15656e-08
-2.99213e-08
4.94044e-09
-8.97804e-09
-2.89811e-08
4.70605e-09
-5.86902e-09
-2.86027e-08
4.53114e-09
-2.83368e-08
4.31959e-09
-2.59073e-09
-3.75586e-08
-1.30667e-08
-3.42361e-08
-4.17055e-08
-1.30616e-08
-3.33357e-08
-2.70814e-08
-1.3178e-08
-3.52624e-08
-1.34754e-08
-3.48296e-08
-1.69947e-08
-8.70791e-08
-1.19342e-07
-6.48106e-08
-1.19554e-07
-4.19502e-08
-1.19782e-07
-1.20011e-07
-1.83355e-08
3.7967e-07
1.32201e-07
4.94177e-08
2.68939e-07
1.24626e-07
5.22078e-08
1.62005e-07
1.20306e-07
5.38728e-08
1.18553e-07
5.41745e-08
5.28077e-08
3.26911e-07
1.77391e-07
5.30225e-08
2.41356e-07
1.84207e-07
5.25369e-08
1.47044e-07
1.89202e-07
5.24986e-08
1.92278e-07
5.28757e-08
4.81921e-08
1.20765e-07
1.72734e-07
5.33466e-08
9.01952e-08
1.85035e-07
5.21024e-08
5.60411e-08
1.94108e-07
5.12019e-08
1.99605e-07
5.07036e-08
1.97333e-08
-1.22828e-10
1.42255e-07
5.49661e-08
-1.41976e-09
1.53885e-07
5.385e-08
-1.61448e-09
1.62529e-07
5.29714e-08
1.67785e-07
5.2421e-08
-1.16218e-09
-3.40802e-08
1.03147e-07
5.36003e-08
-2.80126e-08
1.12138e-07
5.30262e-08
-1.95039e-08
1.18795e-07
5.25505e-08
1.22824e-07
5.22552e-08
-9.68622e-09
-1.29061e-08
6.80717e-08
4.70199e-08
-1.28861e-08
7.42092e-08
4.69712e-08
-1.05357e-08
7.87235e-08
4.69107e-08
8.14378e-08
4.68631e-08
-6.75513e-09
-1.21937e-08
3.68036e-08
3.52479e-08
-1.13453e-08
4.03298e-08
3.51983e-08
-8.87507e-09
4.29023e-08
3.51634e-08
4.44314e-08
3.51403e-08
-5.42175e-09
-1.9614e-08
1.66364e-08
2.22649e-08
-1.54682e-08
1.83749e-08
2.25181e-08
-1.03636e-08
1.96419e-08
2.269e-08
2.03595e-08
2.27829e-08
-4.75201e-09
-1.11478e-07
1.13781e-08
-5.79744e-08
-7.99912e-08
1.18299e-08
-5.82744e-08
-4.93338e-08
1.21911e-08
-5.84662e-08
1.24448e-08
-5.85671e-08
-1.76787e-08
-1.76055e-07
-1.75039e-07
-1.33029e-07
-1.75019e-07
-8.96269e-08
-1.74797e-07
-1.73996e-07
-4.69901e-08
4.3678e-07
1.57544e-07
4.10229e-08
3.05795e-07
1.45573e-07
4.27701e-08
1.80132e-07
1.38436e-07
4.38409e-08
1.35651e-07
4.39835e-08
5.67331e-08
4.01314e-07
2.41339e-07
5.43826e-08
2.97258e-07
2.48725e-07
5.34535e-08
1.81154e-07
2.54038e-07
5.30152e-08
2.57342e-07
5.30531e-08
5.93012e-08
1.87092e-07
2.71043e-07
6.25761e-08
1.39943e-07
2.87345e-07
6.06399e-08
8.66004e-08
2.99364e-07
5.92298e-08
3.06668e-07
5.84224e-08
2.9567e-08
3.80431e-08
2.65203e-07
7.07873e-08
2.77484e-08
2.82765e-07
6.87336e-08
1.70823e-08
2.95851e-07
6.71603e-08
3.03863e-07
6.61851e-08
6.13213e-09
-3.94473e-08
2.36566e-07
7.62261e-08
-3.0652e-08
2.52226e-07
7.47783e-08
-1.96986e-08
2.6383e-07
7.36264e-08
2.70896e-07
7.28953e-08
-7.363e-09
-5.64363e-08
1.98919e-07
7.5912e-08
-4.39683e-08
2.11392e-07
7.53448e-08
-2.86403e-08
2.20573e-07
7.48475e-08
2.26125e-07
7.45108e-08
-1.15091e-08
-6.65779e-08
1.57718e-07
6.45511e-08
-5.11247e-08
1.66578e-07
6.45652e-08
-3.29629e-08
1.73052e-07
6.4529e-08
1.76921e-07
6.44825e-08
-1.30941e-08
-5.19847e-08
1.26189e-07
4.4723e-08
-3.97707e-08
1.31651e-07
4.5236e-08
-2.52238e-08
1.35619e-07
4.55816e-08
1.38032e-07
4.5776e-08
-9.32181e-09
-1.74846e-07
6.87004e-08
-4.62826e-08
-1.25734e-07
7.06976e-08
-4.64284e-08
-7.44288e-08
7.23345e-08
-4.64819e-08
7.25124e-08
-4.64875e-08
-2.09847e-08
-2.19639e-07
-1.89912e-07
-1.42373e-07
-1.90215e-07
-6.11216e-08
-1.90589e-07
-1.90713e-07
3.92676e-10
4.84147e-07
1.65368e-07
3.68622e-08
3.37943e-07
1.50946e-07
3.84551e-08
1.96794e-07
1.42194e-07
3.94403e-08
1.38759e-07
3.95573e-08
6.06741e-08
4.54881e-07
2.66036e-07
5.02682e-08
3.36913e-07
2.7339e-07
4.89895e-08
2.05155e-07
2.78699e-07
4.82812e-08
2.8202e-07
4.81388e-08
6.68224e-08
2.36861e-07
3.18362e-07
6.06689e-08
1.76629e-07
3.36094e-07
5.81759e-08
1.08968e-07
3.49244e-07
5.63549e-08
3.57279e-07
5.52997e-08
3.68417e-08
8.70033e-08
3.3913e-07
7.15034e-08
6.3984e-08
3.59291e-07
6.85643e-08
3.9652e-08
3.74396e-07
6.63492e-08
3.83705e-07
6.49913e-08
1.4428e-08
-2.55981e-09
3.36843e-07
8.08989e-08
-3.02014e-09
3.56253e-07
7.82841e-08
-1.95968e-09
3.7069e-07
7.62799e-08
3.79539e-07
7.50387e-08
7.23623e-11
-4.67786e-08
3.18917e-07
8.66778e-08
-3.61342e-08
3.36098e-07
8.48634e-08
-2.27883e-08
3.48757e-07
8.34434e-08
3.56456e-07
8.25533e-08
-7.73937e-09
-9.39864e-08
2.82641e-07
8.14319e-08
-7.04085e-08
2.96592e-07
8.05016e-08
-4.36565e-08
3.06789e-07
7.97526e-08
3.12922e-07
7.9274e-08
-1.49057e-08
-1.10825e-07
2.39511e-07
6.44572e-08
-8.23538e-08
2.48904e-07
6.44598e-08
-5.01534e-08
2.55774e-07
6.44045e-08
2.59974e-07
6.4347e-08
-1.57685e-08
-3.2032e-07
1.27124e-07
-2.20395e-08
-2.28143e-07
1.32443e-07
-2.21379e-08
-1.32982e-07
1.36335e-07
-2.2198e-08
1.38646e-07
-2.22545e-08
-3.588e-08
-3.53565e-07
-1.81744e-07
-2.47981e-07
-1.81856e-07
-1.40425e-07
-1.81993e-07
-1.82126e-07
-3.12524e-08
5.25547e-07
1.75116e-07
3.42826e-08
3.6689e-07
1.59327e-07
3.62893e-08
2.12797e-07
1.49774e-07
3.75596e-08
1.46089e-07
3.77888e-08
6.50241e-08
4.88068e-07
2.82988e-07
4.50437e-08
3.61859e-07
2.90897e-07
4.36391e-08
2.20351e-07
2.96691e-07
4.28838e-08
3.00349e-07
4.27568e-08
7.1486e-08
2.59798e-07
3.44257e-07
5.4783e-08
1.93693e-07
3.63219e-07
5.19662e-08
1.19429e-07
3.77411e-07
4.99085e-08
3.86138e-07
4.87151e-08
4.02342e-08
1.09689e-07
3.77525e-07
6.51226e-08
8.07722e-08
3.99043e-07
6.16643e-08
5.01851e-08
4.15293e-07
5.90614e-08
4.25375e-07
5.74615e-08
1.8485e-08
2.09434e-08
3.91585e-07
7.45978e-08
1.46015e-08
4.12497e-07
7.11785e-08
9.44529e-09
4.28146e-07
6.85894e-08
4.37804e-07
6.69912e-08
5.07103e-09
-3.11122e-08
3.91973e-07
8.21271e-08
-2.39469e-08
4.10989e-07
7.92132e-08
-1.43838e-08
4.25039e-07
7.69945e-08
4.3364e-07
7.56221e-08
-3.28113e-09
-1.07743e-07
3.67719e-07
8.14076e-08
-7.94308e-08
3.83927e-07
7.92579e-08
-4.80144e-08
3.95758e-07
7.76243e-08
4.029e-07
7.66135e-08
-1.46067e-08
-1.66236e-07
3.23863e-07
7.00806e-08
-1.2197e-07
3.35145e-07
6.89838e-08
-7.32836e-08
3.43362e-07
6.81216e-08
3.48379e-07
6.75725e-08
-2.19802e-08
-4.60055e-07
1.75373e-07
1.07896e-09
-3.29662e-07
1.81902e-07
7.19202e-10
-1.95282e-07
1.86402e-07
3.89093e-10
1.88802e-07
1.12858e-10
-5.80655e-08
-4.74021e-07
-1.56927e-07
-3.3473e-07
-1.56969e-07
-1.9202e-07
-1.57098e-07
-1.57381e-07
-4.6568e-08
5.74297e-07
1.8896e-07
3.22466e-08
4.01306e-07
1.724e-07
3.48197e-08
2.32761e-07
1.62561e-07
3.64857e-08
1.58988e-07
3.68655e-08
7.09506e-08
5.26191e-07
3.03143e-07
4.02782e-08
3.90559e-07
3.12744e-07
3.89381e-08
2.37783e-07
3.19922e-07
3.83114e-08
3.24502e-07
3.8343e-08
7.66958e-08
2.82106e-07
3.68914e-07
4.89349e-08
2.10363e-07
3.9045e-07
4.60118e-08
1.29557e-07
4.06753e-07
4.38913e-08
4.16851e-07
4.26788e-08
4.32538e-08
1.2469e-07
4.06726e-07
5.80687e-08
9.17058e-08
4.30692e-07
5.44134e-08
5.68904e-08
4.48981e-07
5.16564e-08
4.60405e-07
4.99567e-08
2.0849e-08
3.39145e-08
4.26299e-07
6.62346e-08
2.41098e-08
4.49178e-07
6.25022e-08
1.5542e-08
4.66468e-07
5.96763e-08
4.77215e-07
5.79264e-08
7.80327e-09
-2.13265e-08
4.33533e-07
7.30103e-08
-1.65144e-08
4.53987e-07
6.9598e-08
-9.27597e-09
4.69215e-07
6.70153e-08
4.78601e-07
6.54186e-08
-4.52652e-10
-1.16439e-07
4.13787e-07
7.39242e-08
-8.52701e-08
4.31015e-07
7.10673e-08
-5.09793e-08
4.43624e-07
6.89302e-08
4.51264e-07
6.76183e-08
-1.46408e-08
-2.08841e-07
3.68051e-07
6.65874e-08
-1.53203e-07
3.79729e-07
6.46382e-08
-9.27693e-08
3.88137e-07
6.31805e-08
3.93197e-07
6.22878e-08
-2.94119e-08
-5.66406e-07
2.06935e-07
1.35619e-08
-4.12095e-07
2.13322e-07
1.28216e-08
-2.52539e-07
2.16641e-07
1.23352e-08
2.15531e-07
1.20792e-08
-8.68323e-08
-5.80284e-07
-1.38581e-07
-4.23701e-07
-1.38967e-07
-2.61661e-07
-1.39212e-07
-1.39462e-07
-9.27849e-08
6.3185e-07
2.05487e-07
3.04888e-08
4.42211e-07
1.88585e-07
3.36052e-08
2.56811e-07
1.78864e-07
3.56575e-08
1.75725e-07
3.61741e-08
7.82485e-08
5.69441e-07
3.26568e-07
3.59936e-08
4.23211e-07
3.38971e-07
3.47927e-08
2.57602e-07
3.48429e-07
3.4368e-08
3.54525e-07
3.46229e-08
8.25374e-08
3.06741e-07
3.96645e-07
4.36234e-08
2.28789e-07
4.22223e-07
4.07185e-08
1.40658e-07
4.4182e-07
3.86397e-08
4.54043e-07
3.74838e-08
4.63449e-08
1.39462e-07
4.37824e-07
5.17224e-08
1.02253e-07
4.65827e-07
4.80258e-08
6.30809e-08
4.87422e-07
4.52334e-08
5.00986e-07
4.35104e-08
2.25917e-08
4.40263e-08
4.59958e-07
5.8679e-08
3.11099e-08
4.86378e-07
5.48737e-08
1.96917e-08
5.06541e-07
5.19812e-08
5.19145e-07
5.01818e-08
9.28399e-09
-1.53204e-08
4.68825e-07
6.44296e-08
-1.23525e-08
4.92107e-07
6.0906e-08
-6.61188e-09
5.09595e-07
5.82267e-08
5.20436e-07
5.65613e-08
9.59946e-10
-1.24654e-07
4.47773e-07
6.56939e-08
-9.11446e-08
4.67047e-07
6.26244e-08
-5.41965e-08
4.81254e-07
6.03289e-08
4.89926e-07
5.89151e-08
-1.49772e-08
-2.41379e-07
3.95038e-07
6.11836e-08
-1.76375e-07
4.07845e-07
5.8842e-08
-1.0626e-07
4.17215e-07
5.71095e-08
4.22977e-07
5.60515e-08
-3.30698e-08
-6.33351e-07
2.15807e-07
1.9042e-08
-4.53949e-07
2.23327e-07
1.79433e-08
-2.71074e-07
2.29525e-07
1.71544e-08
2.33322e-07
1.66643e-08
-8.59983e-08
-6.73464e-07
-1.24966e-07
-4.84289e-07
-1.25251e-07
-2.92896e-07
-1.25303e-07
-1.25268e-07
-1.02787e-07
6.97602e-07
2.23243e-07
2.94609e-08
4.89183e-07
2.06373e-07
3.30756e-08
2.84537e-07
1.97154e-07
3.54907e-08
1.94773e-07
3.6122e-08
8.66847e-08
6.16882e-07
3.51147e-07
3.25839e-08
4.59188e-07
3.67289e-07
3.15808e-08
2.79475e-07
3.79832e-07
3.1416e-08
3.87994e-07
3.19484e-08
8.89433e-08
3.33341e-07
4.25568e-07
3.8996e-08
2.48748e-07
4.56354e-07
3.62543e-08
1.5266e-07
4.80232e-07
3.43366e-08
4.95236e-07
3.33228e-08
4.95896e-08
1.55655e-07
4.70557e-07
4.60625e-08
1.13724e-07
5.0383e-07
4.24863e-08
6.96573e-08
5.29752e-07
3.97875e-08
5.46117e-07
3.81267e-08
2.41673e-08
5.55301e-08
4.95928e-07
5.19502e-08
3.88402e-08
5.2717e-07
4.82297e-08
2.3956e-08
5.51232e-07
4.53914e-08
5.66337e-07
4.36201e-08
1.03049e-08
-6.87093e-09
5.0703e-07
5.69194e-08
-6.73896e-09
5.3449e-07
5.34604e-08
-3.36192e-09
5.55275e-07
5.08126e-08
5.68204e-07
4.91556e-08
2.18322e-09
-1.28428e-07
4.85105e-07
5.8033e-08
-9.41398e-08
5.07829e-07
5.5002e-08
-5.59307e-08
5.24678e-07
5.27229e-08
5.34984e-07
5.13096e-08
-1.50996e-08
-2.66729e-07
4.26565e-07
5.55108e-08
-1.94804e-07
4.41703e-07
5.30486e-08
-1.17034e-07
4.5279e-07
5.12327e-08
4.59587e-07
5.01211e-08
-3.57012e-08
-7.00556e-07
2.37518e-07
1.76271e-08
-5.03874e-07
2.46689e-07
1.62802e-08
-3.02563e-07
2.53289e-07
1.535e-08
2.57203e-07
1.48043e-08
-9.83128e-08
-7.63093e-07
-1.25446e-07
-5.45505e-07
-1.25139e-07
-3.26335e-07
-1.24787e-07
-1.24484e-07
-1.06589e-07
7.69386e-07
2.41793e-07
2.92389e-08
5.40836e-07
2.25303e-07
3.33505e-08
3.15298e-07
2.16973e-07
3.61353e-08
2.1568e-07
3.6872e-08
9.60637e-08
6.66072e-07
3.76206e-07
3.0139e-08
4.96739e-07
3.96819e-07
2.94079e-08
3.02431e-07
4.13132e-07
2.95782e-08
4.23861e-07
3.04574e-08
9.57569e-08
3.60356e-07
4.54746e-07
3.50911e-08
2.6915e-07
4.91612e-07
3.26747e-08
1.65001e-07
5.20574e-07
3.10525e-08
5.38919e-07
3.02771e-08
5.29997e-08
1.72307e-07
5.03731e-07
4.1006e-08
1.25508e-07
5.43161e-07
3.77436e-08
7.63894e-08
5.74196e-07
3.52921e-08
5.939e-07
3.37943e-08
2.57496e-08
6.81964e-08
5.32988e-07
4.58076e-08
4.72873e-08
5.69945e-07
4.23605e-08
2.85045e-08
5.98653e-07
3.97238e-08
6.16745e-07
3.80753e-08
1.1211e-08
2.7373e-09
5.47611e-07
4.99621e-08
-7.35439e-10
5.80146e-07
4.67387e-08
-4.64356e-10
6.04946e-07
4.42545e-08
6.20408e-07
4.26928e-08
2.34155e-09
-1.27887e-07
5.26899e-07
5.07252e-08
-9.45803e-08
5.53946e-07
4.79002e-08
-5.6757e-08
5.74098e-07
4.57538e-08
5.86437e-07
4.44102e-08
-1.58802e-08
-2.8613e-07
4.64616e-07
5.0138e-08
-2.09631e-07
4.8276e-07
4.77408e-08
-1.26313e-07
4.96062e-07
4.59564e-08
5.04212e-07
4.48468e-08
-3.8807e-08
-7.73248e-07
2.55892e-07
1.64978e-08
-5.55396e-07
2.66238e-07
1.49562e-08
-3.31642e-07
2.73825e-07
1.38392e-08
2.78436e-07
1.31197e-08
-1.04175e-07
-8.05204e-07
-1.17537e-07
-5.73426e-07
-1.18414e-07
-3.36292e-07
-1.19014e-07
-1.19529e-07
-9.58938e-08
8.44675e-07
2.61025e-07
2.94484e-08
5.95306e-07
2.45172e-07
3.40871e-08
3.47971e-07
2.38085e-07
3.72763e-08
2.38215e-07
3.81271e-08
1.06172e-07
7.15808e-07
4.01973e-07
2.82339e-08
5.34953e-07
4.27586e-07
2.78593e-08
3.25943e-07
4.48234e-07
2.8453e-08
4.61979e-07
2.97597e-08
1.02894e-07
3.87332e-07
4.8464e-07
3.16135e-08
2.89685e-07
5.28241e-07
2.96745e-08
1.77553e-07
5.62949e-07
2.84787e-08
5.8513e-07
2.80386e-08
5.66512e-08
1.88938e-07
5.37741e-07
3.63306e-08
1.37349e-07
5.84014e-07
3.3567e-08
8.32575e-08
6.2083e-07
3.15113e-08
6.44355e-07
3.02748e-08
2.75611e-08
8.10021e-08
5.7108e-07
4.00468e-08
5.58592e-08
6.14461e-07
3.70626e-08
3.31799e-08
6.48463e-07
3.47765e-08
6.69997e-07
3.33467e-08
1.22737e-08
1.4713e-08
5.90037e-07
4.33398e-08
7.05598e-09
6.28335e-07
4.05276e-08
3.67964e-09
6.57755e-07
3.83462e-08
6.76158e-07
3.69712e-08
3.24651e-09
-1.22939e-07
5.7234e-07
4.33029e-08
-9.19059e-08
6.04353e-07
4.08546e-08
-5.5709e-08
6.28341e-07
3.89769e-08
6.43043e-07
3.77989e-08
-1.5976e-08
-2.9784e-07
5.10559e-07
4.36537e-08
-2.19385e-07
5.32129e-07
4.1516e-08
-1.32975e-07
5.47967e-07
3.9926e-08
5.576e-07
3.89524e-08
-4.16314e-08
-8.55155e-07
2.89192e-07
1.0628e-08
-6.18517e-07
3.01104e-07
9.34827e-09
-3.74681e-07
3.09442e-07
8.53585e-09
3.14558e-07
8.12231e-09
-1.26635e-07
-9.51966e-07
-1.16305e-07
-6.82045e-07
-1.15116e-07
-4.09303e-07
-1.14132e-07
-1.13636e-07
-1.35536e-07
9.226e-07
2.80977e-07
2.94849e-08
6.52033e-07
2.66007e-07
3.46986e-08
3.82373e-07
2.6054e-07
3.83484e-08
2.6246e-07
3.93451e-08
1.17084e-07
7.65778e-07
4.28754e-07
2.61815e-08
5.73588e-07
4.59824e-07
2.62437e-08
3.49892e-07
4.85356e-07
2.73477e-08
5.02583e-07
2.91603e-08
1.10384e-07
4.14364e-07
5.15838e-07
2.80384e-08
3.10416e-07
5.66764e-07
2.66905e-08
1.9037e-07
6.07865e-07
2.60251e-08
6.34393e-07
2.6002e-08
6.06083e-08
2.05617e-07
5.73401e-07
3.16132e-08
1.49304e-07
6.27165e-07
2.9486e-08
9.03201e-08
6.70429e-07
2.79393e-08
6.98282e-07
2.70408e-08
2.9674e-08
9.37539e-08
6.11089e-07
3.43256e-08
6.44658e-08
6.61579e-07
3.19436e-08
3.80252e-08
7.01533e-07
3.01198e-08
7.2699e-07
2.8981e-08
1.369e-08
2.76601e-08
6.34801e-07
3.68773e-08
1.56237e-08
6.79545e-07
3.46049e-08
8.47367e-09
7.14209e-07
3.28277e-08
7.36002e-07
3.17037e-08
4.73637e-09
-1.15603e-07
6.20377e-07
3.59984e-08
-8.72956e-08
6.58045e-07
3.40523e-08
-5.3119e-08
6.8648e-07
3.2535e-08
7.03986e-07
3.15781e-08
-1.48748e-08
-3.022e-07
5.59798e-07
3.6997e-08
-2.23122e-07
5.85337e-07
3.51515e-08
-1.34679e-07
6.04203e-07
3.3768e-08
6.15665e-07
3.29251e-08
-4.03248e-08
-9.28288e-07
3.15211e-07
4.94276e-09
-6.66883e-07
3.29825e-07
3.46145e-09
-3.98299e-07
3.41718e-07
2.44186e-09
3.48764e-07
1.8496e-09
-1.2512e-07
-9.54339e-07
-1.32429e-07
-6.88147e-07
-1.31631e-07
-4.14363e-07
-1.31363e-07
-1.31391e-07
-1.36005e-07
1.00292e-06
3.01712e-07
2.86842e-08
7.10964e-07
2.87994e-07
3.44996e-08
4.18767e-07
2.8466e-07
3.86775e-08
2.88849e-07
3.9884e-08
1.28973e-07
8.16088e-07
4.56686e-07
2.32844e-08
6.12694e-07
4.93808e-07
2.3835e-08
3.74282e-07
5.24925e-07
2.55089e-08
5.46242e-07
2.78769e-08
1.18191e-07
4.41774e-07
5.48629e-07
2.38156e-08
3.31534e-07
6.07635e-07
2.31104e-08
2.03511e-07
6.55953e-07
2.30306e-08
6.87481e-07
2.34738e-08
6.48118e-08
2.22746e-07
6.11232e-07
2.63632e-08
1.61615e-07
6.73319e-07
2.49404e-08
9.7671e-08
7.23882e-07
2.39625e-08
7.56712e-07
2.34463e-08
3.20434e-08
1.06865e-07
6.53806e-07
2.81951e-08
7.33607e-08
7.12289e-07
2.64843e-08
4.31485e-08
7.5904e-07
2.51814e-08
7.89042e-07
2.43722e-08
1.54356e-08
4.1889e-08
6.83087e-07
3.01545e-08
2.51514e-08
7.35165e-07
2.84727e-08
1.39906e-08
7.7589e-07
2.7145e-08
8.0166e-07
2.63016e-08
6.78175e-09
-1.04816e-07
6.73282e-07
2.85192e-08
-8.01481e-08
7.17454e-07
2.71017e-08
-4.87769e-08
7.51091e-07
2.59698e-08
7.71932e-07
2.52477e-08
-1.27107e-08
-3.00815e-07
6.16233e-07
3.00639e-08
-2.23216e-07
6.46476e-07
2.8538e-08
-1.34549e-07
6.68813e-07
2.73852e-08
6.82426e-07
2.66844e-08
-3.87958e-08
-1.01146e-06
3.56037e-07
-2.86054e-09
-7.24645e-07
3.67909e-07
-4.77703e-09
-4.28894e-07
3.81478e-07
-5.96882e-09
3.88621e-07
-6.51867e-09
-1.26715e-07
-1.02245e-06
-1.3937e-07
-7.51907e-07
-1.41113e-07
-4.69528e-07
-1.42153e-07
-1.42169e-07
-1.80037e-07
1.08662e-06
3.24125e-07
2.59651e-08
7.73468e-07
3.12644e-07
3.21309e-08
4.58489e-07
3.12529e-07
3.67144e-08
3.19845e-07
3.81591e-08
1.42567e-07
8.66651e-07
4.86888e-07
1.88132e-08
6.52089e-07
5.31236e-07
1.98149e-08
3.98937e-07
5.69222e-07
2.1982e-08
5.95687e-07
2.47885e-08
1.26201e-07
4.7017e-07
5.84428e-07
1.83353e-08
3.53395e-07
6.52896e-07
1.82324e-08
2.17102e-07
7.09853e-07
1.87027e-08
7.47479e-07
1.95806e-08
6.92152e-08
2.41225e-07
6.5308e-07
1.99602e-08
1.74864e-07
7.24981e-07
1.92233e-08
1.05578e-07
7.84305e-07
1.88046e-08
8.23195e-07
1.86692e-08
3.46481e-08
1.21092e-07
7.01531e-07
2.10427e-08
8.30069e-08
7.69556e-07
2.00011e-08
4.87362e-08
8.24542e-07
1.92229e-08
8.6012e-07
1.87487e-08
1.74429e-08
5.76903e-08
7.37567e-07
2.2539e-08
3.57917e-08
7.98491e-07
2.14423e-08
2.02743e-08
8.46642e-07
2.05687e-08
8.77348e-07
2.00112e-08
9.34332e-09
-9.15409e-08
7.33285e-07
2.06653e-08
-7.11801e-08
7.85491e-07
1.97473e-08
-4.31983e-08
8.25641e-07
1.89953e-08
8.50705e-07
1.85096e-08
-9.81057e-09
-2.93737e-07
6.79733e-07
2.36519e-08
-2.1817e-07
7.15947e-07
2.25216e-08
-1.29885e-07
7.43104e-07
2.16442e-08
7.59904e-07
2.10884e-08
-3.34803e-08
-1.09176e-06
3.90358e-07
-7.04687e-09
-7.84271e-07
4.12223e-07
-8.53062e-09
-4.65888e-07
4.28355e-07
-9.5956e-09
4.37571e-07
-1.02284e-08
-1.39838e-07
-1.20713e-06
-1.12015e-07
-8.40263e-07
-1.14585e-07
-4.59333e-07
-1.16377e-07
-1.17792e-07
-6.57954e-08
1.16822e-06
3.51648e-07
1.74462e-08
8.37255e-07
3.45163e-07
2.21048e-08
5.02075e-07
3.51009e-07
2.56673e-08
3.63316e-07
2.68597e-08
1.58845e-07
9.12726e-07
5.24114e-07
1.11313e-08
6.874e-07
5.78263e-07
1.20499e-08
4.20758e-07
6.25792e-07
1.38544e-08
6.59551e-07
1.61015e-08
1.33226e-07
4.98801e-07
6.28868e-07
1.05375e-08
3.74965e-07
7.09593e-07
1.07452e-08
2.30168e-07
7.77933e-07
1.1367e-08
8.23724e-07
1.22417e-08
7.33455e-08
2.61386e-07
7.05364e-07
1.13365e-08
1.89074e-07
7.90009e-07
1.11257e-08
1.13857e-07
8.60863e-07
1.11e-08
9.0781e-07
1.12018e-08
3.7247e-08
1.36503e-07
7.61442e-07
1.17975e-08
9.3238e-08
8.41926e-07
1.13555e-08
5.44792e-08
9.07808e-07
1.10438e-08
9.50829e-07
1.08659e-08
1.93509e-08
7.40744e-08
8.06262e-07
1.26994e-08
4.65103e-08
8.78766e-07
1.21725e-08
2.63558e-08
9.36786e-07
1.17522e-08
9.7411e-07
1.14836e-08
1.16094e-08
-7.67778e-08
8.09158e-07
1.13909e-08
-6.12231e-08
8.72026e-07
1.09384e-08
-3.70163e-08
9.21025e-07
1.05553e-08
9.51925e-07
1.03031e-08
-6.61885e-09
-2.78513e-07
7.67744e-07
1.39933e-08
-2.09117e-07
8.11838e-07
1.33193e-08
-1.24635e-07
8.45399e-07
1.27945e-08
8.66404e-07
1.24612e-08
-3.04795e-08
-1.17268e-06
4.47912e-07
-6.93609e-09
-8.38215e-07
4.76877e-07
-8.02476e-09
-4.88943e-07
4.95225e-07
-8.68791e-09
5.11256e-07
-9.02442e-09
-1.34993e-07
-1.53396e-06
-7.52554e-08
-1.09663e-06
-7.58339e-08
-6.47964e-07
-7.5897e-08
-7.57818e-08
-1.96352e-07
1.24214e-06
3.81606e-07
8.97711e-07
3.82928e-07
5.45606e-07
3.97262e-07
4.15948e-07
1.7672e-07
9.47008e-07
5.6363e-07
7.12944e-07
6.2905e-07
4.36264e-07
6.87809e-07
7.30266e-07
1.38064e-07
5.19655e-07
6.75568e-07
3.89928e-07
7.69528e-07
2.38718e-07
8.50394e-07
9.05331e-07
7.59061e-08
2.76826e-07
7.59877e-07
1.99389e-07
8.58096e-07
1.19482e-07
9.41409e-07
9.97161e-07
3.88627e-08
1.47805e-07
8.23474e-07
1.00158e-07
9.17104e-07
5.79766e-08
9.94641e-07
1.04569e-06
2.03177e-08
8.55657e-08
8.76894e-07
5.33318e-08
9.61516e-07
2.97379e-08
1.02999e-06
1.07437e-06
1.25488e-08
-6.76611e-08
8.87039e-07
-5.61181e-08
9.60916e-07
-3.47012e-08
1.01914e-06
1.05611e-06
-6.12845e-09
-2.64678e-07
8.5829e-07
-2.01481e-07
9.11043e-07
-1.21158e-07
9.51614e-07
9.77062e-07
-2.96449e-08
-1.26307e-06
5.11328e-07
-9.02756e-07
5.42708e-07
-5.27464e-07
5.67638e-07
5.85004e-07
-1.44426e-07
-1.62533e-06
-1.15356e-06
-6.67588e-07
-1.72575e-07
4.76983e-08
4.89085e-08
-2.87542e-08
6.70993e-08
2.49887e-08
-2.00614e-08
5.82712e-08
1.91711e-08
-1.08024e-09
3.91012e-08
1.86448e-08
1.1353e-09
1.89006e-08
1.55048e-08
-7.03886e-09
2.94194e-09
8.1771e-09
-5.05922e-09
-1.35467e-08
1.30976e-09
-1.98011e-09
-2.52867e-08
3.72944e-09
5.35802e-10
-1.23239e-08
-3.09985e-08
-7.66375e-09
-1.0684e-07
3.68835e-09
1.0414e-07
4.8015e-08
-5.04183e-08
1.71733e-07
4.73305e-08
-4.17278e-08
1.78894e-07
4.49829e-08
-1.32318e-08
1.50526e-07
4.64727e-08
-6.1662e-10
1.1021e-07
4.63999e-08
-2.60581e-10
7.30779e-08
4.16684e-08
-3.10979e-09
3.98116e-08
3.12445e-08
-2.08685e-09
1.82261e-08
2.02611e-08
3.04628e-10
1.00361e-08
-5.21221e-08
1.16376e-08
-1.54291e-07
-8.21159e-09
1.18855e-07
3.89047e-08
-5.29901e-08
2.29662e-07
4.72946e-08
-5.14561e-08
2.74573e-07
5.17296e-08
-2.20799e-08
2.72283e-07
5.85657e-08
-3.66239e-09
2.42659e-07
6.45863e-08
4.08206e-09
2.02459e-07
6.61179e-08
4.24839e-09
1.58144e-07
5.72864e-08
5.18492e-09
1.234e-07
4.07489e-08
4.94005e-09
6.49395e-08
-4.12532e-08
2.66104e-08
-1.69595e-07
5.62739e-08
1.21376e-07
3.49705e-08
-5.67466e-08
2.51616e-07
4.28939e-08
-5.90044e-08
3.19781e-07
4.89059e-08
-2.84903e-08
3.4366e-07
5.74258e-08
-8.30266e-09
3.39764e-07
6.63862e-08
2.17531e-09
3.18947e-07
7.31565e-08
6.04745e-09
2.79629e-07
7.03499e-08
1.13557e-08
2.32478e-07
5.71938e-08
1.49454e-08
1.23583e-07
-1.97893e-08
5.15563e-08
-1.61955e-07
6.60964e-08
1.27762e-07
3.338e-08
-6.11259e-08
2.67999e-07
3.81155e-08
-6.39609e-08
3.45635e-07
4.30068e-08
-3.14941e-08
3.80943e-07
5.06551e-08
-1.00457e-08
3.91822e-07
5.91291e-08
1.45595e-09
3.87867e-07
6.68645e-08
6.97225e-09
3.59881e-07
6.78434e-08
1.58923e-08
3.11475e-07
5.99232e-08
2.3703e-08
1.67369e-07
-4.90925e-11
6.63063e-08
-1.40242e-07
8.36059e-08
1.39167e-07
3.25522e-08
-6.73668e-08
2.89716e-07
3.4259e-08
-6.99843e-08
3.73309e-07
3.7637e-08
-3.49604e-08
4.12457e-07
4.39495e-08
-1.15873e-08
4.27169e-07
5.10202e-08
1.20576e-09
4.28086e-07
5.77251e-08
7.77586e-09
4.02994e-07
5.9759e-08
1.85406e-08
3.51438e-07
5.51326e-08
2.69399e-08
1.9162e-07
1.06756e-08
6.22661e-08
-1.24239e-07
7.00095e-08
1.54057e-07
3.19234e-08
-7.51567e-08
3.16812e-07
3.10423e-08
-7.69875e-08
4.06938e-07
3.30392e-08
-3.91749e-08
4.49103e-07
3.82085e-08
-1.38258e-08
4.64939e-07
4.41146e-08
3.60182e-10
4.65679e-07
4.98225e-08
8.12732e-09
4.37656e-07
5.19821e-08
2.08287e-08
3.78234e-07
4.95328e-08
3.19561e-08
2.08081e-07
1.46368e-08
8.01991e-08
-1.11369e-07
6.40409e-08
1.71084e-07
3.18511e-08
-8.43028e-08
3.47124e-07
2.87793e-08
-8.48195e-08
4.44297e-07
2.93894e-08
-4.39242e-08
4.89957e-07
3.34397e-08
-1.6717e-08
5.07535e-07
3.82865e-08
-1.43924e-09
5.0868e-07
4.32321e-08
7.63395e-09
4.78097e-07
4.5213e-08
2.22582e-08
4.11078e-07
4.42445e-08
3.66116e-08
2.28441e-07
1.30443e-08
8.59221e-08
-1.10335e-07
8.65636e-08
1.89867e-07
3.24804e-08
-9.44068e-08
3.79709e-07
2.75967e-08
-9.28888e-08
4.84023e-07
2.67615e-08
-4.86765e-08
5.33306e-07
2.96359e-08
-1.97217e-08
5.53101e-07
3.33917e-08
-3.68305e-09
5.5572e-07
3.7513e-08
5.44765e-09
5.24293e-07
3.90886e-08
2.16771e-08
4.51184e-07
3.95172e-08
3.90343e-08
2.47499e-07
1.1307e-08
1.01252e-07
-1.06632e-07
1.16935e-07
2.10203e-07
3.35516e-08
-1.05075e-07
4.14436e-07
2.71511e-08
-1.00878e-07
5.26146e-07
2.48818e-08
-5.31692e-08
5.79174e-07
2.65828e-08
-2.24055e-08
6.01326e-07
2.92508e-08
-5.73133e-09
6.06022e-07
3.24843e-08
3.5852e-09
5.75121e-07
3.32723e-08
2.07482e-08
4.99037e-07
3.43533e-08
3.96218e-08
2.79945e-07
7.08911e-09
9.6682e-08
-1.0116e-07
1.04203e-07
2.32188e-07
3.45906e-08
-1.16115e-07
4.5153e-07
2.68219e-08
-1.08612e-07
5.71148e-07
2.32079e-08
-5.73256e-08
6.28292e-07
2.38048e-08
-2.46836e-08
6.53034e-07
2.54528e-08
-7.24684e-09
6.60112e-07
2.78773e-08
2.27103e-09
6.29926e-07
2.78164e-08
2.07739e-08
5.51293e-07
2.9067e-08
4.36e-08
3.0981e-07
1.52456e-09
1.21933e-07
-1.16949e-07
1.12007e-07
2.56247e-07
3.50416e-08
-1.27697e-07
4.91545e-07
2.58986e-08
-1.16168e-07
6.19764e-07
2.11129e-08
-6.13013e-08
6.81623e-07
2.07179e-08
-2.67208e-08
7.09441e-07
2.14472e-08
-8.36883e-09
7.19574e-07
2.31547e-08
1.37823e-09
6.91182e-07
2.22622e-08
2.12413e-08
6.11353e-07
2.35993e-08
4.65077e-08
3.46086e-07
-5.7422e-09
1.45823e-07
-1.25309e-07
7.66689e-08
2.84701e-07
3.35244e-08
-1.40588e-07
5.37051e-07
2.33169e-08
-1.23551e-07
6.74866e-07
1.77929e-08
-6.52687e-08
7.42442e-07
1.6581e-08
-2.87825e-08
7.74184e-07
1.65405e-08
-9.38492e-09
7.88253e-07
1.76393e-08
7.9568e-10
7.62294e-07
1.63356e-08
2.20813e-08
6.81284e-07
1.8609e-08
5.25273e-08
3.88145e-07
-9.22584e-09
1.5679e-07
-1.05879e-07
2.88736e-07
3.24885e-07
2.35861e-08
-1.56074e-07
5.9605e-07
1.53494e-08
-1.29954e-07
7.45037e-07
1.12466e-08
-6.90845e-08
8.19952e-07
1.00062e-08
-3.10858e-08
8.56903e-07
9.61387e-09
-1.06661e-08
8.76137e-07
1.01332e-08
-1.11386e-10
8.53829e-07
9.08797e-09
2.2943e-08
7.77424e-07
1.09902e-08
5.35503e-08
4.55531e-07
-7.97378e-09
1.85653e-07
-6.69217e-08
1.97961e-07
3.73738e-07
-1.73404e-07
6.61588e-07
-1.34421e-07
8.20294e-07
-7.15431e-08
9.01889e-07
-3.27175e-08
9.43472e-07
-1.16442e-08
9.6721e-07
-1.04998e-09
9.48013e-07
2.21621e-08
8.77093e-07
5.22709e-08
5.2217e-07
2.02529e-07
2.62058e-07
-8.60049e-08
5.40133e-08
5.54289e-08
-1.3995e-07
5.44543e-08
5.46886e-08
-1.95336e-07
5.56459e-08
5.18237e-08
5.79355e-08
4.70512e-08
-2.5776e-07
-6.39781e-08
7.49495e-08
2.78308e-08
-1.11606e-07
7.3173e-08
2.71566e-08
-1.55754e-07
7.0588e-08
2.67632e-08
6.72017e-08
2.66876e-08
-1.89376e-07
-1.37106e-08
6.47301e-08
2.15872e-08
-2.59039e-08
6.22461e-08
2.16532e-08
-3.69584e-08
5.82003e-08
2.19685e-08
5.27124e-08
2.24512e-08
-4.6284e-08
2.64215e-09
4.32741e-08
2.09233e-08
3.87142e-09
4.08887e-08
2.09512e-08
4.68548e-09
3.70322e-08
2.10716e-08
3.17989e-08
2.1338e-08
5.07539e-09
-1.32394e-08
2.06828e-08
1.7606e-08
-1.98461e-08
1.90327e-08
1.83487e-08
-1.73959e-08
1.64327e-08
1.839e-08
1.26961e-08
1.88365e-08
-1.66447e-08
-8.97848e-09
2.92241e-09
9.18774e-09
-1.34887e-08
1.71927e-09
9.06371e-09
-1.88319e-08
-2.34308e-10
8.9013e-09
-2.9083e-09
8.67192e-09
-2.54883e-08
-2.88935e-09
-1.55029e-08
1.54183e-09
-4.25487e-09
-1.62389e-08
1.72912e-09
-6.35473e-09
-1.74086e-08
2.05239e-09
-1.89963e-08
2.51268e-09
-9.44613e-09
3.95729e-09
-2.86585e-08
4.24333e-09
7.1064e-09
-2.91037e-08
4.27638e-09
9.7485e-09
-2.97258e-08
4.31008e-09
-3.05556e-08
4.37294e-09
1.17321e-08
8.67485e-09
-1.45106e-08
-3.43504e-08
2.53503e-08
-1.47167e-08
-3.35672e-08
4.07103e-08
-1.48547e-08
-3.40043e-08
-1.48268e-08
-3.47566e-08
5.36043e-08
2.95992e-08
-1.21003e-07
5.55546e-08
-1.21121e-07
8.11091e-08
-1.20893e-07
-1.2005e-07
1.05438e-07
-1.59614e-07
1.18505e-07
5.42418e-08
-2.66551e-07
1.20266e-07
5.40119e-08
-3.77292e-07
1.24582e-07
5.2416e-08
1.3209e-07
4.9693e-08
-4.99958e-07
-1.40601e-07
1.92283e-07
5.29429e-08
-2.35067e-07
1.89273e-07
5.26244e-08
-3.20765e-07
1.84333e-07
5.27173e-08
1.77505e-07
5.32659e-08
-3.92746e-07
-4.9681e-08
1.9962e-07
5.07072e-08
-8.40906e-08
1.94132e-07
5.12114e-08
-1.1496e-07
1.85059e-07
5.21186e-08
1.72746e-07
5.33674e-08
-1.4111e-07
-2.08133e-10
1.67725e-07
5.24165e-08
-4.73979e-10
1.62391e-07
5.2964e-08
-1.83622e-09
1.53657e-07
5.3842e-08
1.41942e-07
5.49616e-08
-4.65115e-09
1.00549e-08
1.22743e-07
5.22771e-08
1.95943e-08
1.18616e-07
5.2589e-08
2.6729e-08
1.11846e-07
5.30713e-08
1.02744e-07
5.36329e-08
3.11365e-08
7.23674e-10
8.12792e-08
4.6823e-08
3.17748e-09
7.84008e-08
4.68296e-08
3.34418e-09
7.37336e-08
4.68515e-08
6.74609e-08
4.68654e-08
4.37577e-10
1.30688e-09
4.43203e-08
3.51107e-08
3.65644e-09
4.26804e-08
3.51037e-08
4.33018e-09
4.00056e-08
3.51103e-08
3.63839e-08
3.51356e-08
2.7878e-09
5.9198e-09
2.01833e-08
2.27682e-08
1.08955e-08
1.93267e-08
2.26575e-08
1.47554e-08
1.79915e-08
2.24673e-08
1.62114e-08
2.22001e-08
1.71037e-08
4.43353e-08
1.15653e-08
-5.8427e-08
7.82513e-08
1.00665e-08
-5.82199e-08
1.09556e-07
1.0677e-08
-5.7991e-08
9.96998e-09
-5.76818e-08
1.38725e-07
5.99437e-08
-1.7315e-07
1.2781e-07
-1.72732e-07
1.93723e-07
-1.72452e-07
-1.72049e-07
2.31717e-07
-1.76427e-07
1.35703e-07
4.40363e-08
-3.02141e-07
1.38528e-07
4.39487e-08
-4.33197e-07
1.45698e-07
4.29288e-08
1.57704e-07
4.12275e-08
-5.74816e-07
-1.73407e-07
2.57497e-07
5.31154e-08
-2.89726e-07
2.54349e-07
5.31368e-08
-3.94107e-07
2.49179e-07
5.36292e-08
2.41921e-07
5.46091e-08
-4.79657e-07
-7.92073e-08
3.06879e-07
5.84634e-08
-1.32736e-07
2.99788e-07
5.93122e-08
-1.80145e-07
2.87955e-07
6.07615e-08
2.71802e-07
6.27352e-08
-2.19385e-07
-1.46035e-08
3.04026e-07
6.622e-08
-2.52479e-08
2.96173e-07
6.72323e-08
-3.55055e-08
2.83219e-07
6.88436e-08
2.65752e-07
7.09357e-08
-4.54211e-08
1.65371e-08
2.70936e-07
7.29209e-08
2.77239e-08
2.63904e-07
7.36803e-08
3.68452e-08
2.52318e-07
7.48596e-08
2.36657e-07
7.6335e-08
4.32449e-08
2.14749e-08
2.26032e-07
7.45088e-08
3.69918e-08
2.20382e-07
7.48423e-08
4.97274e-08
2.11106e-07
7.5335e-08
1.98548e-07
7.58967e-08
5.88125e-08
2.50793e-08
1.76793e-07
6.44622e-08
4.32952e-08
1.72789e-07
6.44866e-08
5.88235e-08
1.66195e-07
6.44998e-08
1.57232e-07
6.44629e-08
7.08186e-08
2.07716e-08
1.37978e-07
4.57569e-08
3.51515e-08
1.3553e-07
4.55428e-08
4.71388e-08
1.31503e-07
4.5177e-08
1.2603e-07
4.46483e-08
5.58983e-08
7.95427e-08
7.31048e-08
-4.64818e-08
1.30651e-07
7.26491e-08
-4.64435e-08
1.79223e-07
7.1287e-08
-4.63421e-08
6.94163e-08
-4.61176e-08
2.24276e-07
1.19857e-07
-1.90943e-07
1.83121e-07
-1.9087e-07
2.44887e-07
-1.90631e-07
-1.89953e-07
3.03544e-07
-1.92908e-07
1.38828e-07
3.95848e-08
-3.34115e-07
1.42323e-07
3.94965e-08
-4.80422e-07
1.51133e-07
3.85369e-08
1.65615e-07
3.69655e-08
-6.36286e-07
-1.97456e-07
2.82237e-07
4.81728e-08
-3.29467e-07
2.79136e-07
4.83477e-08
-4.47808e-07
2.7403e-07
4.90846e-08
2.66859e-07
5.03891e-08
-5.44823e-07
-1.00728e-07
3.57622e-07
5.53258e-08
-1.68612e-07
3.49933e-07
5.64078e-08
-2.29159e-07
3.37093e-07
5.82552e-08
3.19618e-07
6.07751e-08
-2.79951e-07
-3.35395e-08
3.84071e-07
6.5017e-08
-5.78953e-08
3.75126e-07
6.64035e-08
-8.09431e-08
3.60342e-07
6.86498e-08
3.4044e-07
7.16239e-08
-1.02446e-07
4.29021e-09
3.79819e-07
7.50662e-08
5.51916e-09
3.71248e-07
7.63378e-08
5.30372e-09
3.5705e-07
7.83748e-08
3.37825e-07
8.10261e-08
3.23434e-09
2.12146e-08
3.56595e-07
8.25746e-08
3.47939e-08
3.49031e-07
8.34883e-08
4.57679e-08
3.36486e-07
8.49338e-08
3.19387e-07
8.67772e-08
5.33332e-08
4.0175e-08
3.12971e-07
7.9275e-08
6.70637e-08
3.06882e-07
7.97552e-08
9.08329e-08
2.96718e-07
8.05059e-08
2.82794e-07
8.14387e-08
1.10458e-07
4.93342e-08
2.60036e-07
6.43111e-08
8.15282e-08
2.55907e-07
6.43317e-08
1.09967e-07
2.49115e-07
6.43491e-08
2.39827e-07
6.43102e-08
1.33279e-07
1.4882e-07
1.38682e-07
-2.23844e-08
2.44286e-07
1.3644e-07
-2.24357e-08
3.36232e-07
1.33303e-07
-2.247e-08
1.2859e-07
-2.24263e-08
4.23785e-07
1.77156e-07
-1.82408e-07
2.89174e-07
-1.82598e-07
4.0591e-07
-1.82726e-07
-1.82707e-07
5.21703e-07
-2.08948e-07
1.46155e-07
3.78e-08
-3.63125e-07
1.49897e-07
3.75825e-08
-5.21906e-07
1.59504e-07
3.63215e-08
1.75348e-07
3.43207e-08
-6.8953e-07
-2.1296e-07
3.00574e-07
4.2766e-08
-3.54745e-07
2.97142e-07
4.29e-08
-4.81361e-07
2.91554e-07
4.36603e-08
2.83829e-07
4.50698e-08
-5.84514e-07
-1.10824e-07
3.86524e-07
4.87147e-08
-1.85358e-07
3.78185e-07
4.99077e-08
-2.51848e-07
3.64341e-07
5.19665e-08
3.45668e-07
5.47877e-08
-3.07693e-07
-4.1804e-08
4.25849e-07
5.74583e-08
-7.25064e-08
4.16241e-07
5.90571e-08
-1.01586e-07
4.00413e-07
6.1664e-08
3.79242e-07
6.51337e-08
-1.28664e-07
-2.88556e-09
4.38272e-07
6.69921e-08
-7.97613e-09
4.29082e-07
6.85946e-08
-1.42234e-08
4.13847e-07
7.11945e-08
3.93273e-07
7.46338e-08
-2.18564e-08
1.81761e-08
4.3402e-07
7.56298e-08
2.79398e-08
4.25799e-07
7.70143e-08
3.53897e-08
4.12084e-07
7.92535e-08
3.93343e-07
8.21999e-08
3.99028e-08
4.94037e-08
4.03177e-07
7.66133e-08
8.10277e-08
3.96311e-07
7.76269e-08
1.09631e-07
3.84724e-07
7.92696e-08
3.68725e-07
8.14355e-08
1.34259e-07
7.51154e-08
3.48571e-07
6.75126e-08
1.23992e-07
3.43774e-07
6.79998e-08
1.68502e-07
3.35766e-07
6.88041e-08
3.24764e-07
6.98469e-08
2.06933e-07
2.04443e-07
1.88244e-07
-1.87955e-10
3.40173e-07
1.85829e-07
-2.13624e-10
4.7307e-07
1.80566e-07
-1.59827e-10
1.75872e-07
-2.89717e-11
5.99572e-07
2.31796e-07
-1.57584e-07
3.83399e-07
-1.58295e-07
5.32852e-07
-1.59855e-07
-1.61023e-07
6.85229e-07
-2.29233e-07
1.59051e-07
3.6866e-08
-3.9787e-07
1.62678e-07
3.64868e-08
-5.7099e-07
1.72567e-07
3.48193e-08
1.89176e-07
3.22419e-08
-7.5281e-07
-2.31208e-07
3.24717e-07
3.83367e-08
-3.84263e-07
3.2035e-07
3.82962e-08
-5.20302e-07
3.13364e-07
3.89131e-08
3.03928e-07
4.02444e-08
-6.3022e-07
-1.21415e-07
4.17235e-07
4.26601e-08
-2.02522e-07
4.07521e-07
4.38531e-08
-2.74696e-07
3.91555e-07
4.59563e-08
3.70295e-07
4.88661e-08
-3.35135e-07
-4.77276e-08
4.60912e-07
4.99296e-08
-8.27402e-08
4.49994e-07
5.16034e-08
-1.16006e-07
4.32151e-07
5.43398e-08
4.08551e-07
5.79825e-08
-1.47105e-07
-6.55217e-09
4.7777e-07
5.78985e-08
-1.51594e-08
4.67579e-07
5.96229e-08
-2.50218e-08
4.50782e-07
6.24315e-08
4.28307e-07
6.6158e-08
-3.62966e-08
1.66638e-08
4.79116e-07
6.54014e-08
2.40304e-08
4.70247e-07
6.69855e-08
2.9024e-08
4.55481e-07
6.95672e-08
4.35409e-07
7.29946e-08
3.11332e-08
5.50177e-08
4.51649e-07
6.76096e-08
8.95798e-08
4.44401e-07
6.89173e-08
1.21127e-07
4.32149e-07
7.10604e-08
4.15229e-07
7.39355e-08
1.48812e-07
9.06146e-08
3.93213e-07
6.22804e-08
1.51741e-07
3.88112e-07
6.3168e-08
2.08408e-07
3.79667e-07
6.46252e-08
3.68037e-07
6.65731e-08
2.58878e-07
2.3023e-07
2.12874e-07
1.21929e-08
3.95359e-07
2.10214e-07
1.256e-08
5.55548e-07
2.06197e-07
1.31266e-08
1.97093e-07
1.38907e-08
7.12577e-07
2.02964e-07
-1.39873e-07
3.3383e-07
-1.39727e-07
5.13823e-07
-1.39501e-07
-1.39216e-07
6.88536e-07
-2.53776e-07
1.75782e-07
3.61683e-08
-4.39267e-07
1.78969e-07
3.56459e-08
-6.2903e-07
1.88734e-07
3.35863e-08
2.05676e-07
3.04611e-08
-8.27287e-07
-2.52179e-07
3.54715e-07
3.46099e-08
-4.18045e-07
3.48805e-07
3.43394e-08
-5.64644e-07
3.39508e-07
3.47479e-08
3.2724e-07
3.59341e-08
-6.81889e-07
-1.3364e-07
4.54391e-07
3.74586e-08
-2.22073e-07
4.42511e-07
3.85876e-08
-3.00453e-07
4.23212e-07
4.06409e-08
3.9787e-07
4.35232e-08
-3.65734e-07
-5.44382e-08
5.01468e-07
4.34727e-08
-9.38555e-08
4.88382e-07
4.51576e-08
-1.31416e-07
4.67203e-07
4.79157e-08
4.39535e-07
5.15844e-08
-1.66678e-07
-1.01101e-08
5.19706e-07
5.01371e-08
-2.16555e-08
5.07663e-07
5.18927e-08
-3.4756e-08
4.87993e-07
5.47485e-08
4.61972e-07
5.85272e-08
-4.95567e-08
1.57201e-08
5.21e-07
5.6521e-08
2.15026e-08
5.10723e-07
5.81491e-08
2.45304e-08
4.93735e-07
6.08023e-08
4.70862e-07
6.43166e-08
2.4324e-08
6.01421e-08
4.90418e-07
5.88841e-08
9.72767e-08
4.8224e-07
6.02716e-08
1.31051e-07
4.68474e-07
6.25531e-08
4.49565e-07
6.56251e-08
1.60663e-07
1.05283e-07
4.23337e-07
5.60395e-08
1.75729e-07
4.17876e-07
5.70916e-08
2.41254e-07
4.0875e-07
5.883e-08
3.96129e-07
6.11862e-08
3.00082e-07
2.63654e-07
2.3546e-07
1.66203e-08
4.4405e-07
2.3296e-07
1.7086e-08
6.2076e-07
2.27281e-07
1.78902e-08
2.18517e-07
1.90313e-08
7.93236e-07
2.51048e-07
-1.25014e-07
4.30887e-07
-1.24738e-07
6.07263e-07
-1.24434e-07
-1.24076e-07
7.87709e-07
-2.82208e-07
1.94818e-07
3.61143e-08
-4.86933e-07
1.97238e-07
3.54753e-08
-6.95455e-07
2.0649e-07
3.3052e-08
2.23386e-07
2.94286e-08
-9.11888e-07
-2.75453e-07
3.88141e-07
3.19356e-08
-4.55369e-07
3.80119e-07
3.13882e-08
-6.13351e-07
3.67694e-07
3.15371e-08
3.51644e-07
3.25255e-08
-7.38192e-07
-1.47127e-07
4.95512e-07
3.33003e-08
-2.43478e-07
4.80777e-07
3.42893e-08
-3.28443e-07
4.57125e-07
3.61817e-08
4.26514e-07
3.88991e-08
-3.98682e-07
-6.23337e-08
5.46519e-07
3.80905e-08
-1.06653e-07
5.30548e-07
3.97134e-08
-1.48946e-07
5.04965e-07
4.23756e-08
4.71958e-07
4.59182e-08
-1.88718e-07
-1.51835e-08
5.66834e-07
4.35725e-08
-3.0255e-08
5.52223e-07
4.52951e-08
-4.72147e-08
5.28591e-07
4.80887e-08
4.9769e-07
5.17706e-08
-6.6185e-08
1.31661e-08
5.6873e-07
4.90998e-08
1.65174e-08
5.56326e-07
5.07013e-08
1.66125e-08
5.36002e-07
5.33016e-08
5.08914e-07
5.67249e-08
1.29864e-08
6.31544e-08
5.35457e-07
5.12662e-08
1.0149e-07
5.2563e-07
5.26377e-08
1.35949e-07
5.09217e-07
5.48847e-08
4.86855e-07
5.78959e-08
1.65742e-07
1.1812e-07
4.59892e-07
5.01023e-08
1.96234e-07
4.53417e-07
5.11964e-08
2.68644e-07
4.42642e-07
5.30012e-08
4.27786e-07
5.54566e-08
3.33447e-07
2.90641e-07
2.56912e-07
1.48872e-08
4.9288e-07
2.52752e-07
1.55176e-08
6.90975e-07
2.45915e-07
1.65274e-08
2.36484e-07
1.79513e-08
8.83362e-07
3.04588e-07
-1.23933e-07
5.20218e-07
-1.23622e-07
7.32032e-07
-1.2328e-07
-1.22913e-07
9.38695e-07
-3.13683e-07
2.15708e-07
3.68666e-08
-5.39279e-07
2.17023e-07
3.61246e-08
-7.67898e-07
2.25372e-07
3.33347e-08
2.41874e-07
2.92185e-08
-1.00353e-06
-2.99632e-07
4.23953e-07
3.04497e-08
-4.94077e-07
4.13309e-07
2.95607e-08
-6.636e-07
3.97063e-07
2.93795e-08
3.76499e-07
3.00997e-08
-7.9579e-07
-1.60779e-07
5.39104e-07
3.02622e-08
-2.65128e-07
5.20936e-07
3.10203e-08
-3.56616e-07
4.92118e-07
3.26231e-08
4.55358e-07
3.50188e-08
-4.31589e-07
-7.04721e-08
5.94185e-07
3.37674e-08
-1.19811e-07
5.7476e-07
3.52358e-08
-1.66925e-07
5.43958e-07
3.76566e-08
5.04708e-07
4.08878e-08
-2.11239e-07
-2.10675e-08
6.17114e-07
3.80359e-08
-4.00339e-08
5.99386e-07
3.96427e-08
-6.12109e-08
5.70992e-07
4.22385e-08
5.34283e-07
4.56468e-08
-8.4657e-08
8.21254e-09
6.20813e-07
4.26422e-08
8.39963e-09
6.05754e-07
4.41521e-08
4.80383e-09
5.81306e-07
4.6589e-08
5.49051e-07
4.97718e-08
-3.00515e-09
6.25944e-08
5.86812e-07
4.43563e-08
1.00497e-07
5.74849e-07
4.56462e-08
1.33914e-07
5.55034e-07
4.7746e-08
5.28252e-07
5.05376e-08
1.62077e-07
1.26609e-07
5.04563e-07
4.47836e-08
2.10061e-07
4.96769e-07
4.58309e-08
2.86776e-07
4.83766e-07
4.75602e-08
4.65872e-07
4.99163e-08
3.54702e-07
3.28809e-07
2.78999e-07
1.29009e-08
5.52334e-07
2.75379e-07
1.33894e-08
7.69561e-07
2.68778e-07
1.42936e-08
2.60348e-07
1.56527e-08
9.77391e-07
3.57151e-07
-1.20063e-07
5.93933e-07
-1.20294e-07
8.22846e-07
-1.20564e-07
-1.20363e-07
1.04314e-06
-3.46902e-07
2.38224e-07
3.81277e-08
-5.94273e-07
2.38101e-07
3.72775e-08
-8.43676e-07
2.45195e-07
3.40891e-08
2.61047e-07
2.94517e-08
-1.09894e-06
-3.23966e-07
4.62019e-07
2.9759e-08
-5.33051e-07
4.48311e-07
2.845e-08
-7.14005e-07
4.27688e-07
2.7852e-08
4.0209e-07
2.82208e-08
-8.53162e-07
-1.74144e-07
5.85235e-07
2.80324e-08
-2.8642e-07
5.63153e-07
2.84639e-08
-3.8427e-07
5.28522e-07
2.96479e-08
4.84974e-07
3.15722e-08
-4.637e-07
-7.81954e-08
6.44541e-07
3.02596e-08
-1.32473e-07
6.21196e-07
3.14782e-08
-1.84326e-07
5.84526e-07
3.35132e-08
5.38361e-07
3.6253e-08
-2.33072e-07
-2.67223e-08
6.70254e-07
3.33217e-08
-4.95726e-08
6.48972e-07
3.47239e-08
-7.49638e-08
6.15181e-07
3.6981e-08
5.71962e-07
3.99353e-08
-1.02847e-07
3.10777e-09
6.7644e-07
3.69408e-08
-3.57867e-10
6.58313e-07
3.82835e-08
-8.14183e-09
6.29128e-07
4.04323e-08
5.91008e-07
4.3215e-08
-2.06253e-08
6.05278e-08
6.43244e-07
3.77796e-08
9.68159e-08
6.2874e-07
3.89375e-08
1.2798e-07
6.0492e-07
4.07965e-08
5.73032e-07
4.32318e-08
1.53267e-07
1.31077e-07
5.57597e-07
3.89817e-08
2.17657e-07
5.48012e-07
3.9986e-08
2.96217e-07
5.3232e-07
4.16064e-08
5.1065e-07
4.37856e-08
3.64736e-07
3.44838e-07
3.13997e-07
8.3519e-09
5.90562e-07
3.06683e-07
9.00192e-09
8.30134e-07
2.96968e-07
1.0081e-08
2.82828e-07
1.16134e-08
1.062e-06
3.68277e-07
-1.13669e-07
6.29689e-07
-1.14067e-07
8.95998e-07
-1.14862e-07
-1.15728e-07
1.13409e-06
-3.81426e-07
2.62457e-07
3.93533e-08
-6.51111e-07
2.60536e-07
3.83645e-08
-9.21692e-07
2.66005e-07
3.47214e-08
2.8097e-07
2.95142e-08
-1.19681e-06
-3.48144e-07
5.02599e-07
2.91663e-08
-5.71885e-07
4.85384e-07
2.7358e-08
-7.64132e-07
4.5986e-07
2.62554e-08
4.28791e-07
2.61914e-08
-9.09915e-07
-1.87148e-07
6.34462e-07
2.60028e-08
-3.07312e-07
6.07999e-07
2.60242e-08
-4.11426e-07
5.66946e-07
2.66839e-08
5.1605e-07
2.80221e-08
-4.95129e-07
-8.54136e-08
6.98426e-07
2.70354e-08
-1.44563e-07
6.70709e-07
2.79258e-08
-2.01111e-07
6.27553e-07
2.9461e-08
5.73865e-07
3.15728e-08
-2.54239e-07
-3.16626e-08
7.272e-07
2.89706e-08
-5.8264e-08
7.01945e-07
3.00967e-08
-8.77824e-08
6.62154e-07
3.19051e-08
6.11783e-07
3.42688e-08
-1.20028e-07
-1.51059e-09
7.36238e-07
3.16926e-08
-8.75003e-09
7.14671e-07
3.28035e-08
-2.09168e-08
6.80194e-07
3.45659e-08
6.35585e-07
3.68222e-08
-3.83194e-08
5.9041e-08
7.04173e-07
3.15841e-08
9.32607e-08
6.8685e-07
3.25456e-08
1.21619e-07
6.58573e-07
3.4066e-08
6.21026e-07
3.60159e-08
1.43399e-07
1.38081e-07
6.15697e-07
3.29842e-08
2.26713e-07
6.04325e-07
3.38855e-08
3.06007e-07
5.85569e-07
3.53239e-08
5.60135e-07
3.7228e-08
3.73463e-07
3.96603e-07
3.4741e-07
1.97361e-09
6.67938e-07
3.39242e-07
2.75731e-09
9.30787e-07
3.28799e-07
4.00757e-09
3.13781e-07
5.80102e-09
1.18296e-06
3.9149e-07
-1.32003e-07
6.67381e-07
-1.32829e-07
9.32312e-07
-1.32173e-07
-1.3031e-07
1.18206e-06
-4.17518e-07
2.8885e-07
3.98991e-08
-7.09748e-07
2.84663e-07
3.87065e-08
-1.00172e-06
2.88002e-07
3.45395e-08
3.01717e-07
2.87326e-08
-1.29683e-06
-3.7229e-07
5.46268e-07
2.7888e-08
-6.10756e-07
5.24974e-07
2.55288e-08
-8.14219e-07
4.93872e-07
2.38596e-08
4.56758e-07
2.33095e-08
-9.66369e-07
-2.00066e-07
6.87568e-07
2.3479e-08
-3.28215e-07
6.5612e-07
2.30382e-08
-4.38629e-07
6.07861e-07
2.3116e-08
5.48893e-07
2.38148e-08
-5.26551e-07
-9.24357e-08
7.5688e-07
2.34472e-08
-1.56552e-07
7.24207e-07
2.39622e-08
-2.17924e-07
6.73767e-07
2.49353e-08
6.11763e-07
2.63497e-08
-2.75564e-07
-3.61658e-08
7.89284e-07
2.43717e-08
-6.65451e-08
7.59512e-07
2.51791e-08
-1.00288e-07
7.12944e-07
2.64774e-08
6.54589e-07
2.81803e-08
-1.37019e-07
-5.87474e-09
8.01934e-07
2.63029e-08
-1.71266e-08
7.76428e-07
2.71468e-08
-3.39977e-08
7.35915e-07
2.84734e-08
6.83984e-07
3.01516e-08
-5.67157e-08
5.7308e-08
7.72198e-07
2.52607e-08
8.86835e-08
7.51608e-07
2.59972e-08
1.13351e-07
7.18176e-07
2.71435e-08
6.74147e-07
2.85764e-08
1.30634e-07
1.42507e-07
6.82438e-07
2.67525e-08
2.31658e-07
6.68825e-07
2.75235e-08
3.10066e-07
6.46358e-07
2.87417e-08
6.16361e-07
3.03218e-08
3.74765e-07
4.51898e-07
3.84615e-07
-6.27353e-09
7.4837e-07
3.80613e-07
-5.49571e-09
1.03677e-06
3.66202e-07
-4.23452e-09
3.57981e-07
-2.4682e-09
1.30343e-06
3.6522e-07
-1.39424e-07
7.58881e-07
-1.36497e-07
1.12529e-06
-1.32936e-07
-1.30773e-07
1.46962e-06
-4.56553e-07
3.19866e-07
3.8177e-08
-7.71587e-07
3.12567e-07
3.67483e-08
-1.08479e-06
3.12697e-07
3.21756e-08
3.24186e-07
2.60164e-08
-1.39992e-06
-3.96342e-07
5.95761e-07
2.48019e-08
-6.49597e-07
5.6936e-07
2.20055e-08
-8.64293e-07
5.3142e-07
1.98434e-08
4.871e-07
1.88423e-08
-1.02273e-06
-2.13239e-07
7.47634e-07
1.9588e-08
-3.49693e-07
7.10148e-07
1.87144e-08
-4.66687e-07
6.53295e-07
1.82437e-08
5.8489e-07
1.83422e-08
-5.58999e-07
-9.98133e-08
8.23447e-07
1.86737e-08
-1.69298e-07
7.84791e-07
1.88115e-08
-2.35935e-07
7.25646e-07
1.92291e-08
6.53861e-07
1.99618e-08
-2.98512e-07
-4.07784e-08
8.60466e-07
1.87539e-08
-7.52489e-08
8.25216e-07
1.92321e-08
-1.13621e-07
7.7049e-07
2.00116e-08
7.02648e-07
2.10511e-08
-1.55272e-07
-1.02057e-08
8.77759e-07
2.00193e-08
-2.58694e-08
8.4745e-07
2.05843e-08
-4.79858e-08
7.99624e-07
2.14635e-08
7.38934e-07
2.25621e-08
-7.66757e-08
5.54847e-08
8.51085e-07
1.85389e-08
8.34978e-08
8.26387e-07
1.90539e-08
1.03873e-07
7.86567e-07
1.9832e-08
7.34632e-07
2.07683e-08
1.1599e-07
1.48966e-07
7.60307e-07
2.10983e-08
2.37023e-07
7.44193e-07
2.16686e-08
3.12031e-07
7.1774e-07
2.2568e-08
6.82224e-07
2.37263e-08
3.71041e-07
4.86421e-07
4.34659e-07
-1.02487e-08
8.07264e-07
4.27506e-07
-9.64476e-09
1.12157e-06
4.07815e-07
-8.60753e-09
3.96034e-07
-7.08788e-09
1.41239e-06
6.9758e-07
-1.20056e-07
1.107e-06
-1.21126e-07
1.385e-06
-1.21916e-07
-1.21586e-07
1.64896e-06
-4.99369e-07
3.63371e-07
2.68734e-08
-8.34642e-07
3.51105e-07
2.56926e-08
-1.1657e-06
3.45287e-07
2.2137e-08
3.51788e-07
1.7481e-08
-1.49935e-06
-4.17566e-07
6.59691e-07
1.61119e-08
-6.84365e-07
6.26052e-07
1.38721e-08
-9.099e-07
5.78606e-07
1.20705e-08
5.24506e-07
1.11518e-08
-1.07492e-06
-2.26006e-07
8.23964e-07
1.22478e-08
-3.70997e-07
7.7839e-07
1.13766e-08
-4.95097e-07
7.10203e-07
1.0755e-08
6.29566e-07
1.05446e-08
-5.92355e-07
-1.07808e-07
9.08163e-07
1.1206e-08
-1.83244e-07
8.61539e-07
1.11067e-08
-2.55863e-07
7.90925e-07
1.11324e-08
7.06429e-07
1.13411e-08
-3.24099e-07
-4.59066e-08
9.51296e-07
1.08696e-08
-8.48905e-08
9.08713e-07
1.10503e-08
-1.28482e-07
8.43172e-07
1.13632e-08
7.62922e-07
1.18044e-08
-1.75721e-07
-1.49575e-08
9.7468e-07
1.14882e-08
-3.53175e-08
9.37904e-07
1.17604e-08
-6.31846e-08
8.80327e-07
1.21825e-08
8.08136e-07
1.2708e-08
-9.85376e-08
5.32407e-08
9.52616e-07
1.03127e-08
7.72298e-08
9.22403e-07
1.05731e-08
9.24496e-08
8.73985e-07
1.09615e-08
8.11553e-07
1.14128e-08
9.83953e-08
1.47488e-07
8.67295e-07
1.24895e-08
2.3163e-07
8.47094e-07
1.28444e-08
3.00639e-07
8.14175e-07
1.33787e-08
7.70516e-07
1.40423e-08
3.5137e-07
5.38694e-07
5.12685e-07
-8.67356e-09
8.85311e-07
4.98852e-07
-8.01086e-09
1.2209e-06
4.77105e-07
-7.11795e-09
4.50445e-07
-5.94362e-09
1.53984e-06
6.40939e-07
-7.46675e-08
1.07288e-06
-7.36865e-08
1.49005e-06
-7.24588e-08
-7.08722e-08
1.88752e-06
-5.42381e-07
4.16039e-07
-8.94608e-07
3.97417e-07
-1.23917e-06
3.83122e-07
3.81816e-07
-1.58805e-06
-4.32715e-07
7.30462e-07
-7.09583e-07
6.88172e-07
-9.43903e-07
6.29521e-07
5.64158e-07
-1.11509e-06
-2.34461e-07
9.05639e-07
-3.85877e-07
8.50974e-07
-5.15888e-07
7.70294e-07
6.76434e-07
-6.17613e-07
-1.13447e-07
9.97583e-07
-1.93571e-07
9.42213e-07
-2.71313e-07
8.59176e-07
7.61119e-07
-3.44652e-07
-4.94141e-08
1.04623e-06
-9.18188e-08
9.95676e-07
-1.3979e-07
9.18517e-07
8.25133e-07
-1.91993e-07
-1.83193e-08
1.075e-06
-4.20881e-08
1.03121e-06
-7.45916e-08
9.6321e-07
8.78913e-07
-1.15656e-07
5.06017e-08
1.05688e-06
7.1743e-08
1.02065e-06
8.29156e-08
9.63007e-07
8.89528e-07
8.37208e-08
1.43636e-07
9.78007e-07
2.23825e-07
9.53315e-07
2.86679e-07
9.13541e-07
8.61382e-07
3.28877e-07
5.81505e-07
5.90364e-07
9.49488e-07
5.7733e-07
1.30153e-06
5.54391e-07
5.20305e-07
1.63667e-06
7.51611e-07
1.22773e-06
1.69162e-06
2.14234e-06
5.41119e-08
3.77845e-08
-3.25892e-07
5.58534e-08
2.40402e-08
-2.13108e-07
4.11492e-08
2.05334e-08
-5.32367e-08
2.29059e-08
1.91378e-08
4.99164e-09
7.336e-09
1.65593e-08
-1.79585e-08
-5.35808e-09
7.66572e-09
-3.29773e-08
-1.8545e-08
2.85889e-09
-1.33654e-08
-2.78609e-08
4.10681e-09
1.25624e-08
-1.33878e-08
-3.14049e-08
6.37887e-08
-1.06819e-07
1.2669e-07
1.24415e-07
4.17374e-08
-6.28313e-07
1.50398e-07
4.77437e-08
-4.42422e-07
1.40836e-07
4.85664e-08
-1.59576e-07
1.14187e-07
4.98266e-08
-8.68692e-09
8.20587e-08
4.80581e-08
3.17707e-08
5.34681e-08
4.15113e-08
-4.81374e-09
2.87806e-08
3.11898e-08
-8.52438e-10
1.25441e-08
1.94711e-08
1.79785e-08
9.09439e-09
-5.06587e-08
1.61431e-07
-1.52397e-07
2.60674e-07
1.50499e-07
3.54605e-08
-7.19024e-07
2.06961e-07
4.95797e-08
-5.37947e-07
2.24912e-07
5.77724e-08
-2.46536e-07
2.18326e-07
6.51464e-08
-5.41481e-08
1.94314e-07
6.92837e-08
4.6038e-08
1.63456e-07
6.7975e-08
6.32127e-08
1.30798e-07
5.72252e-08
7.74465e-08
1.06035e-07
3.90579e-08
6.10786e-08
5.93554e-08
-4.08006e-08
2.61101e-07
-1.68043e-07
3.51398e-07
1.59318e-07
3.17789e-08
-7.9191e-07
2.29159e-07
4.61086e-08
-6.11186e-07
2.66189e-07
5.65309e-08
-3.15734e-07
2.8232e-07
6.66068e-08
-1.20032e-07
2.80599e-07
7.45867e-08
-3.41048e-10
2.66067e-07
7.88599e-08
5.69864e-08
2.37307e-07
7.32006e-08
1.23249e-07
2.02785e-07
5.69638e-08
1.49901e-07
1.11445e-07
-1.99429e-08
4.94273e-07
-1.61996e-07
6.24785e-07
1.68914e-07
2.90763e-08
-8.55729e-07
2.43749e-07
4.15406e-08
-6.54775e-07
2.88333e-07
5.15306e-08
-3.47272e-07
3.15707e-07
6.13631e-08
-1.50789e-07
3.28616e-07
6.97503e-08
-2.99248e-08
3.30061e-07
7.59575e-08
4.13654e-08
3.11556e-07
7.45047e-08
1.51466e-07
2.75902e-07
6.30103e-08
2.36547e-07
1.51192e-07
6.87405e-11
7.04276e-07
-1.44103e-07
8.11454e-07
1.81531e-07
2.67496e-08
-9.32002e-07
2.60016e-07
3.72139e-08
-7.04373e-07
3.07935e-07
4.63619e-08
-3.77881e-07
3.39645e-07
5.51793e-08
-1.72627e-07
3.58102e-07
6.25225e-08
-4.75217e-08
3.66214e-07
6.83007e-08
3.06825e-08
3.52024e-07
6.86364e-08
1.68876e-07
3.13489e-07
6.11368e-08
2.99292e-07
1.71542e-07
1.31822e-08
8.41416e-07
-1.23504e-07
8.39407e-07
1.96041e-07
2.47393e-08
-1.0213e-06
2.78097e-07
3.32835e-08
-7.6001e-07
3.28788e-07
4.15946e-08
-4.11653e-07
3.63563e-07
4.95124e-08
-1.95781e-07
3.84832e-07
5.5784e-08
-6.40823e-08
3.95105e-07
6.06712e-08
2.16848e-08
3.80621e-07
6.14854e-08
1.82302e-07
3.37198e-07
5.68387e-08
3.47806e-07
1.86537e-07
1.82325e-08
9.3885e-07
-1.09653e-07
9.47765e-07
2.11212e-07
2.34607e-08
-1.12181e-06
2.96336e-07
3.0095e-08
-8.20122e-07
3.49586e-07
3.73269e-08
-4.4766e-07
3.87654e-07
4.43441e-08
-2.21613e-07
4.12173e-07
4.96644e-08
-8.45801e-08
4.2497e-07
5.38119e-08
7.05377e-09
4.10438e-07
5.45471e-08
1.87217e-07
3.62933e-07
5.18668e-08
3.85929e-07
2.0361e-07
1.75082e-08
1.04341e-06
-1.09069e-07
1.12142e-06
2.26753e-07
2.29431e-08
-1.22975e-06
3.14421e-07
2.77116e-08
-8.8107e-07
3.69896e-07
3.35684e-08
-4.83301e-07
4.11319e-07
3.95607e-08
-2.47874e-07
4.3951e-07
4.39325e-08
-1.07111e-07
4.55837e-07
4.7359e-08
-1.28743e-08
4.4302e-07
4.77616e-08
1.81684e-07
3.93434e-07
4.68944e-08
4.09265e-07
2.2356e-07
1.56903e-08
1.14909e-06
-1.06557e-07
1.23348e-06
2.42714e-07
2.28153e-08
-1.34151e-06
3.32844e-07
2.57392e-08
-9.41315e-07
3.9048e-07
3.00556e-08
-5.17819e-07
4.35318e-07
3.49587e-08
-2.73304e-07
4.67261e-07
3.83928e-08
-1.29245e-07
4.87756e-07
4.10995e-08
-3.48555e-08
4.78103e-07
4.08506e-08
1.69836e-07
4.29317e-07
4.12259e-08
4.19196e-07
2.43959e-07
1.22639e-08
1.25079e-06
-1.03035e-07
1.33582e-06
2.59209e-07
2.25104e-08
-1.4557e-06
3.52039e-07
2.35698e-08
-1.00057e-06
4.1205e-07
2.63489e-08
-5.51428e-07
4.60574e-07
3.01909e-08
-2.9799e-07
4.9645e-07
3.27668e-08
-1.50273e-07
5.2153e-07
3.48659e-08
-5.71602e-08
5.15697e-07
3.38804e-08
1.56208e-07
4.69128e-07
3.50229e-08
4.2624e-07
2.70559e-07
7.15015e-09
1.38665e-06
-1.13648e-07
1.45134e-06
2.76226e-07
2.14506e-08
-1.57198e-06
3.72054e-07
2.06186e-08
-1.05924e-06
4.34763e-07
2.20188e-08
-5.84924e-07
4.87436e-07
2.48808e-08
-3.22923e-07
5.27667e-07
2.67094e-08
-1.71188e-07
5.58014e-07
2.83533e-08
-8.05444e-08
5.57059e-07
2.66893e-08
1.38786e-07
5.14523e-07
2.84228e-08
4.23906e-07
3.07735e-07
-5.58638e-10
1.51793e-06
-1.15723e-07
1.76769e-06
2.94167e-07
1.8863e-08
-1.69148e-06
3.93445e-07
1.63033e-08
-1.11769e-06
4.59369e-07
1.6613e-08
-6.19512e-07
5.16986e-07
1.85547e-08
-3.49799e-07
5.62397e-07
1.97357e-08
-1.93704e-07
5.99158e-07
2.10532e-08
-1.06131e-07
6.03917e-07
1.92541e-08
1.18673e-07
5.67067e-07
2.2198e-08
4.14122e-07
3.33949e-07
-4.43866e-09
1.64939e-06
-1.06708e-07
1.86335e-06
3.15041e-07
1.24041e-08
-1.80792e-06
4.19345e-07
9.43445e-09
-1.17235e-06
4.89662e-07
9.35817e-09
-6.55413e-07
5.53651e-07
1.03772e-08
-3.79905e-07
6.05705e-07
1.09463e-08
-2.1898e-07
6.50794e-07
1.17779e-08
-1.34344e-07
6.63295e-07
1.05194e-08
9.46351e-08
6.37585e-07
1.315e-08
3.86137e-07
3.79151e-07
-3.87872e-09
1.79773e-06
-6.03993e-08
2.21324e-06
3.36591e-07
-1.91222e-06
4.464e-07
-1.21546e-06
5.21326e-07
-6.83179e-07
5.91714e-07
-4.04657e-07
6.5033e-07
-2.39657e-07
7.03556e-07
-1.57097e-07
7.23309e-07
7.44942e-08
7.10669e-07
3.54676e-07
4.37454e-07
1.90602e-06
2.53879e-06
-4.20522e-07
5.16117e-07
2.60554e-07
-3.71343e-07
-2.88922e-07
2.23857e-07
-3.92971e-07
-4.93646e-07
1.46764e-07
-4.39637e-07
-3.88195e-07
8.6287e-08
-4.74064e-07
-3.02949e-07
6.59542e-08
-4.71144e-07
-2.94935e-07
6.47711e-08
-4.17246e-07
-3.75886e-07
6.17892e-08
-2.845e-07
-5.37041e-07
3.70669e-08
-9.0415e-08
-7.44204e-07
-1.32331e-08
-8.76759e-07
-1.27269e-07
-2.53819e-07
2.7511e-07
2.53721e-07
-2.97885e-07
-5.06432e-07
2.67615e-07
-4.16984e-07
-6.18257e-07
2.21902e-07
-5.11288e-07
-5.07232e-07
2.00725e-07
-5.60962e-07
-4.32212e-07
1.83578e-07
-5.66871e-07
-4.29347e-07
1.4614e-07
-5.14753e-07
-5.31248e-07
9.13169e-08
-3.73771e-07
-6.95979e-07
1.27218e-08
-1.58759e-07
-9.19097e-07
-5.92728e-08
-1.01396e-06
-1.84303e-07
-1.13204e-07
7.39855e-08
2.41142e-07
-3.06437e-07
-6.20895e-07
2.54272e-07
-4.80997e-07
-6.86149e-07
2.11366e-07
-6.00144e-07
-6.01556e-07
1.94646e-07
-6.48559e-07
-5.38018e-07
1.67073e-07
-6.7345e-07
-5.44084e-07
1.01385e-07
-6.0014e-07
-6.24016e-07
6.40973e-09
-4.55184e-07
-8.08397e-07
-8.21352e-08
-1.71224e-07
-1.01124e-06
-1.85398e-07
-1.08862e-06
-3.51077e-07
-1.32747e-07
-8.95594e-08
2.18828e-07
-3.67158e-07
-6.10351e-07
2.32905e-07
-5.75855e-07
-7.02277e-07
1.91991e-07
-6.99336e-07
-6.58076e-07
1.71238e-07
-7.51444e-07
-5.97998e-07
1.15928e-07
-7.60548e-07
-6.22674e-07
3.62382e-08
-6.95623e-07
-6.85192e-07
-6.83642e-08
-5.00518e-07
-8.02154e-07
-1.88984e-07
-1.72692e-07
-1.01029e-06
-3.32145e-07
-1.08576e-06
-5.63945e-07
-1.67347e-07
-1.55879e-07
1.62621e-07
-4.34745e-07
-5.54135e-07
1.83187e-07
-6.44369e-07
-6.73653e-07
1.72614e-07
-7.58974e-07
-6.83651e-07
1.31476e-07
-8.48619e-07
-6.6394e-07
6.57768e-08
-8.2629e-07
-6.04396e-07
-2.04371e-08
-7.19872e-07
-6.25405e-07
-1.30044e-07
-5.33167e-07
-7.3015e-07
-2.92822e-07
-1.58387e-07
-9.22097e-07
-4.68603e-07
-1.00089e-06
-8.17712e-07
-1.92482e-07
-2.20194e-07
8.02016e-08
-4.32436e-07
-5.01828e-07
1.43287e-07
-6.41525e-07
-6.25995e-07
1.29389e-07
-7.71513e-07
-6.62277e-07
9.82037e-08
-8.09131e-07
-6.53559e-07
2.38918e-08
-8.14309e-07
-6.3834e-07
-6.68066e-08
-7.17108e-07
-6.39412e-07
-1.96269e-07
-5.34954e-07
-6.74552e-07
-3.72288e-07
-1.23255e-07
-7.52051e-07
-6.21407e-07
-8.91228e-07
-1.15306e-06
-1.32487e-07
-2.76306e-07
6.90983e-08
-3.23463e-07
-4.58694e-07
1.03634e-07
-5.12913e-07
-5.65706e-07
7.01794e-08
-6.51116e-07
-6.06208e-07
3.73095e-08
-7.16973e-07
-5.99597e-07
-2.7416e-09
-7.33924e-07
-5.72776e-07
-8.49173e-08
-6.32694e-07
-5.35362e-07
-1.89287e-07
-4.16858e-07
-5.22977e-07
-4.06756e-07
-7.46463e-08
-5.59134e-07
-8.7813e-07
-6.45768e-07
-1.43875e-06
-2.75997e-08
-3.15171e-07
5.65761e-08
-1.27795e-07
-4.13347e-07
2.79182e-08
-2.59153e-07
-4.51523e-07
-9.53844e-09
-3.77911e-07
-4.6811e-07
-3.3056e-08
-4.6536e-07
-4.48935e-07
-6.49109e-08
-5.00111e-07
-4.12552e-07
-1.24045e-07
-4.41405e-07
-3.57382e-07
-2.30477e-07
-2.40704e-07
-3.09433e-07
-4.56926e-07
5.56415e-09
-3.37114e-07
-1.12976e-06
-4.41262e-07
-1.75006e-06
1.37278e-07
-1.58679e-07
-3.12197e-07
1.68326e-07
-2.23551e-07
-2.92903e-07
1.09942e-07
-1.9821e-07
-3.04361e-07
4.0072e-08
-1.80802e-07
-2.95077e-07
-4.3697e-08
-1.50799e-07
-2.98119e-07
-9.63739e-08
-1.59512e-07
-3.54778e-07
-9.60707e-08
-1.20947e-07
-4.79125e-07
4.49456e-09
-1.01279e-07
-7.64305e-07
1.06909e-07
-9.99011e-08
-1.38666e-06
-1.24776e-07
-1.95825e-06
3.11426e-07
-1.11068e-06
4.72832e-07
-1.04291e-06
5.22911e-07
-9.66396e-07
4.98083e-07
-8.83591e-07
4.2593e-07
-8.96682e-07
3.57125e-07
-9.40045e-07
2.7235e-07
-1.05392e-06
2.23263e-07
-1.26312e-06
2.04091e-07
-1.72962e-06
-2.15503e-06
-6.53416e-07
1.16679e-06
3.67682e-07
-4.98023e-07
-1.2367e-07
3.89267e-07
-4.42656e-07
-3.58712e-07
3.4085e-07
-4.5103e-07
-2.30239e-07
2.75056e-07
-4.73916e-07
-1.2956e-07
2.34068e-07
-4.75749e-07
-1.08074e-07
2.09032e-07
-4.33332e-07
-1.82694e-07
1.80524e-07
-3.14449e-07
-3.44538e-07
1.22291e-07
-1.29386e-07
-5.73579e-07
3.52664e-08
-7.27453e-07
-7.34978e-08
-4.26128e-07
9.28676e-07
4.75547e-07
-4.03668e-07
-3.90486e-07
5.11977e-07
-4.79606e-07
-5.04409e-07
4.43548e-07
-5.52754e-07
-3.41848e-07
3.85497e-07
-6.03542e-07
-2.25546e-07
3.30367e-07
-6.17442e-07
-2.08722e-07
2.60703e-07
-5.67674e-07
-2.99403e-07
1.58273e-07
-4.2335e-07
-4.95287e-07
1.91667e-08
-1.91643e-07
-7.38958e-07
-1.25584e-07
-8.80952e-07
-2.26289e-07
-1.83844e-07
6.64258e-07
5.29913e-07
-3.57715e-07
-4.97992e-07
5.35662e-07
-5.36293e-07
-5.66045e-07
4.51596e-07
-6.5613e-07
-4.15873e-07
3.88523e-07
-7.21632e-07
-3.00544e-07
3.0759e-07
-7.32292e-07
-2.83769e-07
1.87108e-07
-6.66171e-07
-3.76918e-07
1.783e-08
-4.81099e-07
-5.79252e-07
-1.83221e-07
-1.96171e-07
-8.45326e-07
-3.63939e-07
-9.80513e-07
-4.53025e-07
-1.11156e-07
4.44715e-07
5.40869e-07
-3.96033e-07
-4.86311e-07
5.06123e-07
-6.23871e-07
-5.64918e-07
4.18719e-07
-7.58605e-07
-4.51447e-07
3.41565e-07
-8.21048e-07
-3.50643e-07
2.28488e-07
-8.12647e-07
-3.23828e-07
6.79168e-08
-7.1404e-07
-3.98277e-07
-1.45588e-07
-4.99485e-07
-5.92192e-07
-3.90573e-07
-1.74464e-07
-8.8397e-07
-6.18506e-07
-1.02228e-06
-7.28711e-07
-1.33079e-07
2.83157e-07
4.8906e-07
-4.62957e-07
-4.10179e-07
4.36955e-07
-6.9982e-07
-5.17657e-07
3.62235e-07
-8.3069e-07
-4.62141e-07
2.73059e-07
-8.74569e-07
-3.83046e-07
1.42078e-07
-8.36589e-07
-3.44751e-07
-3.74701e-08
-7.06616e-07
-3.91096e-07
-2.67174e-07
-4.80063e-07
-5.63942e-07
-5.476e-07
-1.2873e-07
-8.59335e-07
-8.44555e-07
-1.05304e-06
-1.01717e-06
-1.93103e-07
1.54944e-07
3.96733e-07
-4.89841e-07
-3.26175e-07
3.56042e-07
-7.12837e-07
-4.52662e-07
2.8741e-07
-8.27621e-07
-4.48469e-07
1.99336e-07
-8.50338e-07
-4.05743e-07
6.93261e-08
-7.85975e-07
-3.70467e-07
-1.05433e-07
-6.39905e-07
-3.99766e-07
-3.33649e-07
-4.12271e-07
-5.24182e-07
-6.39662e-07
-8.80751e-08
-7.61444e-07
-1.04347e-06
-9.52258e-07
-1.32912e-06
-1.58032e-07
7.66812e-08
3.04567e-07
-4.01396e-07
-2.39013e-07
2.59858e-07
-5.92794e-07
-3.76606e-07
1.85542e-07
-6.95811e-07
-4.15268e-07
1.07146e-07
-7.03994e-07
-4.00348e-07
6.78064e-11
-6.35374e-07
-3.75251e-07
-1.48732e-07
-4.80663e-07
-3.85917e-07
-3.57826e-07
-2.53474e-07
-4.69067e-07
-6.8904e-07
3.27994e-09
-6.5152e-07
-1.24479e-06
-8.01218e-07
-1.63586e-06
-3.93008e-08
1.41383e-08
1.76422e-07
-1.72205e-07
-1.93753e-07
1.15585e-07
-2.84711e-07
-2.95871e-07
2.22551e-08
-3.51587e-07
-3.27434e-07
-5.39924e-08
-3.60281e-07
-3.21299e-07
-1.35244e-07
-3.1019e-07
-3.03887e-07
-2.4548e-07
-1.91866e-07
-3.04843e-07
-4.29855e-07
-2.90911e-09
-3.4573e-07
-7.69201e-07
9.58902e-08
-4.55536e-07
-1.42453e-06
-5.3004e-07
-1.93089e-06
2.77954e-07
4.67315e-08
-4.61288e-07
3.1307e-07
-8.18671e-08
-4.39881e-07
2.9636e-07
-1.31553e-07
-4.51949e-07
2.52537e-07
-1.1529e-07
-4.63379e-07
2.27846e-07
-1.16173e-07
-4.785e-07
2.26129e-07
-1.16891e-07
-5.40041e-07
2.59185e-07
-1.28928e-07
-6.88077e-07
2.91751e-07
-1.3772e-07
-1.00486e-06
2.39516e-07
-1.7045e-07
-1.6195e-06
-1.51788e-07
-2.15157e-06
5.66381e-07
-1.48728e-06
8.03523e-07
-1.37461e-06
9.3285e-07
-1.2506e-06
8.72054e-07
-1.16146e-06
8.31705e-07
-1.08973e-06
7.63529e-07
-1.11172e-06
6.80102e-07
-1.16801e-06
5.46041e-07
-1.363e-06
3.96275e-07
-1.83242e-06
-2.28297e-06
-7.73604e-07
1.45541e-06
3.70067e-07
-5.77551e-07
7.17486e-08
4.78376e-07
-4.49966e-07
-1.72342e-07
4.46518e-07
-4.03249e-07
-4.02082e-08
3.65482e-07
-3.95345e-07
6.61821e-08
3.06306e-07
-3.89759e-07
1.11614e-07
2.65408e-07
-3.61519e-07
6.99137e-08
2.25338e-07
-2.70595e-07
-6.5275e-08
1.5691e-07
-1.0695e-07
-3.08534e-07
5.73262e-08
-5.12249e-07
-4.04784e-08
-5.60143e-07
1.4039e-06
5.49283e-07
-4.74842e-07
-1.74162e-07
6.72599e-07
-4.7898e-07
-3.19959e-07
5.95318e-07
-5.00773e-07
-1.3204e-07
4.99137e-07
-5.25487e-07
1.2313e-08
4.08964e-07
-5.32092e-07
6.68223e-08
3.12115e-07
-4.98517e-07
8.51665e-09
1.86112e-07
-3.86648e-07
-1.76127e-07
1.81682e-08
-1.90175e-07
-4.74529e-07
-1.5605e-07
-7.02459e-07
-2.44009e-07
-2.70718e-07
1.28122e-06
6.76812e-07
-3.83016e-07
-2.66146e-07
7.39964e-07
-5.02388e-07
-3.71587e-07
6.22615e-07
-5.77492e-07
-1.77247e-07
5.08853e-07
-6.19516e-07
-2.01275e-08
3.82075e-07
-6.25621e-07
3.71741e-08
2.22883e-07
-5.80987e-07
-3.15965e-08
1.33318e-08
-4.43375e-07
-2.59479e-07
-2.37457e-07
-2.05282e-07
-6.18578e-07
-4.57969e-07
-8.66293e-07
-4.99125e-07
-1.36482e-07
1.14521e-06
7.59254e-07
-3.74481e-07
-2.54684e-07
7.32682e-07
-5.53494e-07
-3.56523e-07
5.8269e-07
-6.49464e-07
-1.86531e-07
4.46843e-07
-6.86784e-07
-3.84742e-08
2.84179e-07
-6.7678e-07
1.90401e-08
7.60716e-08
-6.07859e-07
-5.58587e-08
-1.90221e-07
-4.47312e-07
-3.11203e-07
-4.9937e-07
-1.89402e-07
-7.26854e-07
-7.68126e-07
-9.66954e-07
-8.12184e-07
-9.13334e-08
1.0008e-06
7.70881e-07
-4.09723e-07
-1.64495e-07
6.6518e-07
-6.173e-07
-2.87526e-07
5.00838e-07
-7.09664e-07
-1.72009e-07
3.50924e-07
-7.2191e-07
-5.4014e-08
1.69889e-07
-6.7582e-07
-6.73103e-09
-5.7763e-08
-5.69141e-07
-8.64268e-08
-3.43258e-07
-3.93545e-07
-3.50932e-07
-6.83441e-07
-1.31409e-07
-8.0135e-07
-1.03218e-06
-1.06576e-06
-1.14058e-06
-1.10736e-07
8.66752e-07
7.0477e-07
-4.5135e-07
-2.62647e-08
5.58451e-07
-6.59509e-07
-1.84123e-07
3.9219e-07
-7.33324e-07
-1.39133e-07
2.40299e-07
-7.08827e-07
-7.1883e-08
6.27218e-08
-6.13494e-07
-5.3134e-08
-1.54338e-07
-4.63303e-07
-1.42968e-07
-4.27273e-07
-2.81013e-07
-3.93857e-07
-7.79003e-07
-6.40622e-08
-8.20043e-07
-1.24169e-06
-1.03166e-06
-1.47163e-06
-1.05793e-07
7.89909e-07
5.64688e-07
-4.1584e-07
1.27409e-07
4.16257e-07
-6.04242e-07
-5.7239e-08
2.47082e-07
-6.58033e-07
-8.86598e-08
1.10486e-07
-5.98898e-07
-8.85453e-08
-4.23812e-08
-4.63622e-07
-1.08182e-07
-2.28937e-07
-2.78959e-07
-2.11253e-07
-4.74182e-07
-9.04235e-08
-4.39451e-07
-8.31958e-07
4.56237e-08
-7.73386e-07
-1.42747e-06
-9.28353e-07
-1.78753e-06
-2.44171e-08
7.01214e-07
3.50648e-07
-2.40053e-07
2.28444e-07
2.30211e-07
-3.55307e-07
1.10644e-08
6.92298e-08
-3.5687e-07
-8.26596e-08
-5.84054e-08
-2.65656e-07
-1.24977e-07
-1.90004e-07
-1.13072e-07
-1.70528e-07
-3.35697e-07
5.63569e-08
-2.57922e-07
-5.52592e-07
1.87363e-07
-4.12194e-07
-9.27443e-07
1.70533e-07
-5.9589e-07
-1.58517e-06
-6.32761e-07
-2.05261e-06
4.62031e-07
4.29227e-07
-3.90196e-07
4.84978e-07
1.65828e-07
-4.00182e-07
4.68622e-07
3.42075e-08
-4.58708e-07
4.49812e-07
-1.38266e-08
-5.13378e-07
4.69675e-07
-6.12281e-08
-5.62092e-07
5.22882e-07
-1.17095e-07
-6.46663e-07
5.67061e-07
-1.63774e-07
-8.2639e-07
5.30791e-07
-2.21811e-07
-1.15896e-06
3.58202e-07
-2.79194e-07
-1.76359e-06
-2.41978e-07
-2.28271e-06
8.60814e-07
-1.61885e-06
1.17258e-06
-1.51535e-06
1.31327e-06
-1.41459e-06
1.27384e-06
-1.35188e-06
1.17608e-06
-1.29752e-06
1.12125e-06
-1.21721e-06
9.82158e-07
-1.28011e-06
7.65239e-07
-1.47066e-06
5.33328e-07
-1.90482e-06
-2.40355e-06
-8.48034e-07
1.56093e-06
3.43131e-07
-6.21178e-07
2.01589e-07
4.92938e-07
-4.46869e-07
-4.0563e-08
4.70269e-07
-3.6166e-07
5.95779e-08
3.85136e-07
-3.31288e-07
1.4658e-07
3.19255e-07
-3.21091e-07
1.95339e-07
2.71423e-07
-3.06699e-07
1.73278e-07
2.27647e-07
-2.43702e-07
5.89051e-08
1.59209e-07
-1.04191e-07
-1.85695e-07
5.90683e-08
-4.16527e-07
-3.10006e-08
-6.53475e-07
1.61478e-06
5.37756e-07
-5.28773e-07
1.2444e-08
7.37054e-07
-4.63975e-07
-1.70757e-07
6.60726e-07
-4.37293e-07
-7.46583e-09
5.39511e-07
-4.3938e-07
1.28676e-07
4.28967e-07
-4.47509e-07
1.94281e-07
3.21315e-07
-4.39074e-07
1.60295e-07
1.90676e-07
-3.62772e-07
-1.48288e-08
1.56171e-08
-1.8984e-07
-3.41725e-07
-1.72903e-07
-6.09066e-07
-2.59026e-07
-3.546e-07
1.63855e-06
6.91932e-07
-4.06622e-07
-4.09229e-08
8.4537e-07
-4.56439e-07
-2.13934e-07
7.15628e-07
-4.86471e-07
-3.46993e-08
5.66136e-07
-5.13111e-07
1.22939e-07
4.14472e-07
-5.32462e-07
1.96243e-07
2.40292e-07
-5.22379e-07
1.48046e-07
1.55185e-08
-4.25386e-07
-8.76601e-08
-2.61597e-07
-2.06797e-07
-5.12455e-07
-5.05818e-07
-8.29479e-07
-5.39694e-07
-1.96403e-07
1.65866e-06
8.15547e-07
-3.5803e-07
-9.77169e-09
8.6318e-07
-4.72427e-07
-1.9664e-07
6.79816e-07
-5.33121e-07
-3.01943e-08
5.03055e-07
-5.66449e-07
1.25432e-07
3.15037e-07
-5.79243e-07
1.9869e-07
8.64416e-08
-5.49572e-07
1.35858e-07
-2.07679e-07
-4.30118e-07
-1.54896e-07
-5.51561e-07
-2.01204e-07
-6.701e-07
-8.39381e-07
-9.84714e-07
-8.42056e-07
-1.07706e-07
1.65052e-06
8.86419e-07
-3.55274e-07
8.67502e-08
8.16251e-07
-5.1561e-07
-1.20645e-07
5.85203e-07
-5.85072e-07
1.82363e-09
3.88393e-07
-6.0117e-07
1.30072e-07
1.81373e-07
-5.76347e-07
1.857e-07
-6.95681e-08
-4.98618e-07
9.73587e-08
-3.8246e-07
-3.55069e-07
-2.32676e-07
-7.49183e-07
-1.34058e-07
-8.06483e-07
-1.11675e-06
-1.12171e-06
-1.163e-06
-7.58285e-08
1.60547e-06
8.82677e-07
-3.86595e-07
2.40671e-07
7.15325e-07
-5.72041e-07
3.22696e-09
4.53788e-07
-6.28166e-07
5.05624e-08
2.47711e-07
-6.01637e-07
1.25616e-07
4.06758e-08
-5.14193e-07
1.42271e-07
-1.98328e-07
-3.71612e-07
1.54753e-08
-4.87944e-07
-2.06991e-07
-3.27937e-07
-8.48337e-07
-3.64873e-08
-8.92949e-07
-1.32571e-06
-1.13318e-06
-1.49037e-06
-2.85872e-08
1.54933e-06
7.72707e-07
-3.71032e-07
4.2977e-07
5.69631e-07
-5.51661e-07
1.36805e-07
2.94159e-07
-5.89358e-07
1.06776e-07
9.19943e-08
-5.14328e-07
1.05472e-07
-9.72415e-08
-3.62881e-07
6.68413e-08
-3.04928e-07
-1.65946e-07
-9.62288e-08
-5.59388e-07
2.05288e-08
-4.35514e-07
-9.10832e-07
8.22197e-08
-8.77174e-07
-1.50491e-06
-1.02697e-06
-1.82066e-06
1.03173e-07
1.39726e-06
5.49495e-07
-1.84501e-07
5.58907e-07
3.88778e-07
-3.37269e-07
2.1575e-07
1.43078e-07
-3.2355e-07
7.55653e-08
-4.08875e-08
-1.8026e-07
-1.49056e-08
-2.12891e-07
2.65886e-08
-8.61754e-08
-3.89505e-07
2.3589e-07
-2.33938e-07
-6.24161e-07
3.49947e-07
-4.66563e-07
-1.01043e-06
2.55473e-07
-7.05477e-07
-1.66237e-06
-7.39626e-07
-2.10028e-06
7.89114e-07
9.08556e-07
-1.96284e-07
7.87569e-07
4.0464e-07
-2.44335e-07
7.44155e-07
1.34642e-07
-3.34155e-07
7.24552e-07
1.36272e-08
-4.31808e-07
7.56435e-07
-7.02206e-08
-5.38635e-07
8.16101e-07
-1.12366e-07
-6.80087e-07
8.45521e-07
-2.01673e-07
-8.8806e-07
7.503e-07
-2.91151e-07
-1.23914e-06
4.53588e-07
-3.40823e-07
-1.83152e-06
-3.11878e-07
-2.34603e-06
1.24924e-06
-1.60508e-06
1.60541e-06
-1.47306e-06
1.74157e-06
-1.36647e-06
1.71772e-06
-1.24991e-06
1.65173e-06
-1.28394e-06
1.48476e-06
-1.28782e-06
1.28265e-06
-1.27809e-06
9.87066e-07
-1.50634e-06
5.88338e-07
-1.91817e-06
-2.3733e-06
-9.04417e-07
1.648e-06
3.10605e-07
-6.58437e-07
2.84485e-07
4.64636e-07
-4.56756e-07
3.70425e-08
4.5115e-07
-3.43414e-07
9.75244e-08
3.73457e-07
-2.92137e-07
1.58157e-07
3.11077e-07
-2.74587e-07
2.0699e-07
2.62436e-07
-2.69276e-07
2.04931e-07
2.16891e-07
-2.27874e-07
1.15225e-07
1.49847e-07
-1.11783e-07
-1.20585e-07
5.16906e-08
-3.71587e-07
-2.9702e-08
-7.12631e-07
1.73617e-06
5.07459e-07
-5.72012e-07
1.37197e-07
7.43734e-07
-4.60173e-07
-8.39933e-08
6.69935e-07
-3.95262e-07
3.183e-08
5.40305e-07
-3.76903e-07
1.44714e-07
4.24062e-07
-3.84921e-07
2.22145e-07
3.14191e-07
-3.95154e-07
2.21348e-07
1.84505e-07
-3.46789e-07
7.20423e-08
1.04492e-08
-1.94812e-07
-2.67484e-07
-1.7797e-07
-5.7524e-07
-2.51687e-07
-4.08886e-07
1.82602e-06
6.6372e-07
-4.34322e-07
1.23384e-07
8.84637e-07
-4.29676e-07
-1.25702e-07
7.52708e-07
-4.21493e-07
4.12971e-09
5.85671e-07
-4.34809e-07
1.4915e-07
4.2337e-07
-4.6409e-07
2.47055e-07
2.44681e-07
-4.82529e-07
2.38821e-07
1.65041e-08
-4.17051e-07
1.31541e-08
-2.68164e-07
-2.1568e-07
-4.55943e-07
-5.18722e-07
-8.07154e-07
-5.29459e-07
-2.47739e-07
1.9483e-06
7.9024e-07
-3.60789e-07
1.78214e-07
9.21419e-07
-4.19732e-07
-1.12634e-07
7.25713e-07
-4.49747e-07
1.10905e-08
5.26131e-07
-4.79874e-07
1.6644e-07
3.27896e-07
-5.11598e-07
2.7268e-07
9.25643e-08
-5.13916e-07
2.43932e-07
-2.10446e-07
-4.22481e-07
-6.34239e-08
-5.66391e-07
-1.96751e-07
-6.59862e-07
-8.61185e-07
-1.0054e-06
-8.41744e-07
-1.42087e-07
2.06631e-06
8.80601e-07
-3.30684e-07
2.93568e-07
8.89516e-07
-4.43169e-07
-4.00889e-08
6.25167e-07
-4.92579e-07
5.13749e-08
3.97543e-07
-5.13895e-07
1.8888e-07
1.80274e-07
-5.0937e-07
2.75097e-07
-7.64831e-08
-4.54959e-07
2.02376e-07
-3.95287e-07
-3.32917e-07
-1.69598e-07
-7.65023e-07
-1.27642e-07
-8.44431e-07
-1.13745e-06
-1.17814e-06
-1.18497e-06
-7.17554e-08
2.14159e-06
9.20555e-07
-3.36916e-07
4.65737e-07
8.08342e-07
-4.9439e-07
8.62688e-08
4.84929e-07
-5.41796e-07
1.14285e-07
2.32233e-07
-5.21496e-07
1.98198e-07
1.10845e-08
-4.46008e-07
2.33055e-07
-2.31748e-07
-3.10399e-07
9.72594e-08
-5.18409e-07
-1.49853e-07
-3.12486e-07
-8.65969e-07
5.12665e-10
-9.77786e-07
-1.34269e-06
-1.2444e-06
-1.55269e-06
4.74687e-08
2.1556e-06
8.6273e-07
-2.86395e-07
6.81745e-07
6.87514e-07
-4.68436e-07
2.35165e-07
3.2733e-07
-5.05736e-07
1.81472e-07
6.21329e-08
-4.33729e-07
1.79925e-07
-1.50947e-07
-2.78369e-07
1.36348e-07
-3.63554e-07
-7.33468e-08
-5.59635e-08
-6.11161e-07
1.15604e-07
-4.70655e-07
-9.41588e-07
1.38474e-07
-9.86641e-07
-1.51889e-06
-1.13709e-06
-1.81944e-06
2.94994e-07
1.97109e-06
6.75604e-07
2.51278e-09
8.38855e-07
5.24181e-07
-2.08435e-07
3.47627e-07
2.41591e-07
-2.12494e-07
1.60071e-07
-1.53996e-08
-5.9062e-08
3.74454e-08
-2.23817e-07
1.78388e-07
-7.37794e-08
-4.16802e-07
4.08845e-07
-2.4775e-07
-6.62808e-07
5.08199e-07
-5.32451e-07
-1.04796e-06
3.42245e-07
-8.044e-07
-1.67863e-06
-8.55601e-07
-2.13401e-06
1.1694e-06
1.29662e-06
1.31038e-08
1.19636e-06
6.38326e-07
-7.07248e-08
1.12439e-06
2.67403e-07
-1.81932e-07
1.07102e-06
9.77939e-08
-3.16126e-07
1.0938e-06
-6.11704e-08
-4.62769e-07
1.15337e-06
-1.56511e-07
-6.56912e-07
1.13505e-06
-2.04478e-07
-9.13007e-07
9.68837e-07
-3.30284e-07
-1.27508e-06
5.41536e-07
-3.70324e-07
-1.83829e-06
-3.54718e-07
-2.31839e-06
1.68185e-06
-1.50514e-06
2.06204e-06
-1.46411e-06
2.23032e-06
-1.27424e-06
2.08136e-06
-1.25826e-06
2.05394e-06
-1.24844e-06
1.90796e-06
-1.26557e-06
1.52575e-06
-1.3551e-06
1.19397e-06
-1.4911e-06
6.90483e-07
-1.83731e-06
-2.35231e-06
-9.64608e-07
1.72785e-06
2.74539e-07
-6.99658e-07
3.03938e-07
4.14484e-07
-4.77865e-07
5.18273e-08
4.09344e-07
-3.40865e-07
8.46347e-08
3.44599e-07
-2.70543e-07
1.30459e-07
2.90677e-07
-2.4569e-07
1.86808e-07
2.44456e-07
-2.47319e-07
2.06455e-07
1.98451e-07
-2.23386e-07
1.39535e-07
1.33169e-07
-1.27941e-07
-8.89588e-08
4.01331e-08
-3.50023e-07
-3.39058e-08
-7.60473e-07
1.82406e-06
4.67371e-07
-6.10147e-07
1.83646e-07
7.1371e-07
-4.68053e-07
-6.35732e-08
6.43253e-07
-3.7252e-07
1.0755e-08
5.18662e-07
-3.35717e-07
1.12013e-07
4.05717e-07
-3.4215e-07
2.09962e-07
2.97482e-07
-3.66916e-07
2.44991e-07
1.70749e-07
-3.3874e-07
1.19622e-07
2.20073e-09
-1.94319e-07
-2.31904e-07
-1.79436e-07
-5.62017e-07
-2.39913e-07
-4.46588e-07
1.9343e-06
6.22207e-07
-4.6342e-07
2.0689e-07
8.78241e-07
-4.20221e-07
-1.03536e-07
7.49489e-07
-3.81299e-07
-2.2026e-08
5.79547e-07
-3.82933e-07
1.20777e-07
4.16256e-07
-4.20371e-07
2.53379e-07
2.38718e-07
-4.61402e-07
2.88225e-07
1.43197e-08
-4.18227e-07
7.28134e-08
-2.6451e-07
-2.22312e-07
-4.37813e-07
-5.08671e-07
-8.1834e-07
-5.0026e-07
-2.87835e-07
2.09933e-06
7.40431e-07
-3.77248e-07
2.92133e-07
9.25607e-07
-3.93601e-07
-9.18697e-08
7.3042e-07
-3.98491e-07
-1.43988e-08
5.23414e-07
-4.26043e-07
1.50606e-07
3.25639e-07
-4.72848e-07
2.99615e-07
9.31556e-08
-4.99105e-07
3.08795e-07
-2.04735e-07
-4.26941e-07
-1.22134e-08
-5.53502e-07
-2.06895e-07
-6.78355e-07
-8.40627e-07
-1.0646e-06
-8.03663e-07
-1.77549e-07
2.28516e-06
8.24824e-07
-3.30017e-07
4.32264e-07
9.01874e-07
-4.03343e-07
-1.95446e-08
6.26192e-07
-4.36686e-07
3.36519e-08
3.8286e-07
-4.62109e-07
1.87762e-07
1.68565e-07
-4.71456e-07
3.13021e-07
-8.05164e-08
-4.31248e-07
2.62191e-07
-3.88863e-07
-3.23688e-07
-1.40399e-07
-7.4437e-07
-1.35706e-07
-9.00452e-07
-1.10333e-06
-1.29203e-06
-1.15428e-06
-7.9922e-08
2.44014e-06
8.76209e-07
-3.08229e-07
6.31511e-07
8.37425e-07
-4.44212e-07
1.18154e-07
4.83239e-07
-4.87871e-07
1.10032e-07
1.99539e-07
-4.72217e-07
2.05918e-07
-2.26987e-08
-4.0206e-07
2.64239e-07
-2.53095e-07
-2.66937e-07
1.29897e-07
-5.21209e-07
-1.05525e-07
-3.24556e-07
-8.43196e-07
1.95761e-08
-1.06416e-06
-1.30406e-06
-1.30999e-06
-1.45823e-06
1.08098e-07
2.50832e-06
8.55356e-07
-1.96877e-07
8.73755e-07
7.50269e-07
-3.81553e-07
2.79993e-07
3.50193e-07
-4.26107e-07
1.86024e-07
3.07224e-08
-3.6173e-07
1.89094e-07
-1.98472e-07
-2.01707e-07
1.43341e-07
-4.02651e-07
9.90286e-09
-6.63511e-08
-6.26497e-07
2.07467e-07
-5.27317e-07
-9.36364e-07
1.92648e-07
-1.08866e-06
-1.47954e-06
-1.27251e-06
-1.80665e-06
4.74676e-07
2.28523e-06
7.23345e-07
2.18455e-07
1.02273e-06
6.31455e-07
-6.7444e-09
4.16584e-07
3.3023e-07
-4.59761e-08
1.83322e-07
2.65622e-08
1.02673e-07
2.66683e-08
-2.10013e-07
3.52378e-07
-1.02744e-07
-4.20395e-07
5.92918e-07
-2.94907e-07
-6.74765e-07
6.70034e-07
-6.01537e-07
-1.05083e-06
4.23979e-07
-8.80269e-07
-1.64094e-06
-9.13318e-07
-2.04636e-06
1.48668e-06
1.46697e-06
1.86141e-07
1.62526e-06
6.96579e-07
1.16888e-07
1.55294e-06
3.36051e-07
-2.90352e-08
1.48066e-06
1.31319e-07
-1.9181e-07
1.47603e-06
-6.02356e-08
-3.71199e-07
1.50803e-06
-1.86572e-07
-6.05014e-07
1.43918e-06
-2.3828e-07
-9.00679e-07
1.20009e-06
-3.57477e-07
-1.27992e-06
6.61574e-07
-3.59662e-07
-1.82037e-06
-3.93655e-07
-2.23847e-06
2.00682e-06
-1.20802e-06
2.59459e-06
-1.21756e-06
2.6179e-06
-1.21282e-06
2.49752e-06
-1.26266e-06
2.43115e-06
-1.22498e-06
2.22021e-06
-1.2434e-06
1.83757e-06
-1.27622e-06
1.40496e-06
-1.49997e-06
7.23546e-07
-1.8927e-06
-2.2829e-06
-1.03203e-06
1.79636e-06
2.4195e-07
-7.42999e-07
2.70618e-07
3.61332e-07
-5.01688e-07
2.62797e-08
3.60629e-07
-3.4316e-07
5.07608e-08
3.09184e-07
-2.5622e-07
9.61898e-08
2.64603e-07
-2.25404e-07
1.67447e-07
2.21789e-07
-2.32876e-07
2.0817e-07
1.76618e-07
-2.22765e-07
1.57879e-07
1.14709e-07
-1.42147e-07
-6.93098e-08
3.01946e-08
-3.39087e-07
-3.72089e-08
-8.05571e-07
1.88501e-06
4.24306e-07
-6.44916e-07
1.5983e-07
6.63855e-07
-4.80547e-07
-9.13911e-08
5.96566e-07
-3.59944e-07
-3.47699e-08
4.83602e-07
-3.08352e-07
7.22675e-08
3.78058e-07
-3.13721e-07
1.9635e-07
2.73959e-07
-3.50351e-07
2.62753e-07
1.52808e-07
-3.37186e-07
1.52669e-07
-5.73953e-09
-1.96749e-07
-2.13812e-07
-1.75331e-07
-5.55586e-07
-2.28091e-07
-4.77722e-07
1.99834e-06
5.74961e-07
-4.91085e-07
2.13054e-07
8.38397e-07
-4.20929e-07
-1.27962e-07
7.15921e-07
-3.58711e-07
-7.11806e-08
5.53756e-07
-3.51995e-07
8.53694e-08
3.96454e-07
-3.96383e-07
2.54462e-07
2.25011e-07
-4.54548e-07
3.24037e-07
1.12181e-08
-4.25201e-07
1.11094e-07
-2.52263e-07
-2.23852e-07
-4.40806e-07
-4.83024e-07
-8.40633e-07
-4.79417e-07
-3.2323e-07
2.18147e-06
6.84774e-07
-3.9967e-07
3.27235e-07
8.87886e-07
-3.85687e-07
-1.11587e-07
7.00082e-07
-3.73126e-07
-5.94544e-08
4.99147e-07
-3.99975e-07
1.26929e-07
3.1095e-07
-4.57647e-07
3.15735e-07
8.95759e-08
-4.99557e-07
3.53576e-07
-1.9234e-07
-4.38607e-07
1.71049e-08
-5.20437e-07
-2.17969e-07
-7.1283e-07
-7.89243e-07
-1.14412e-06
-7.61137e-07
-2.13606e-07
2.39831e-06
7.57523e-07
-3.44525e-07
4.95319e-07
8.64729e-07
-3.89911e-07
-3.11926e-08
5.91207e-07
-4.13225e-07
-3.15822e-09
3.49901e-07
-4.41697e-07
1.74106e-07
1.49885e-07
-4.57283e-07
3.31727e-07
-8.08971e-08
-4.22379e-07
2.96775e-07
-3.6694e-07
-3.21569e-07
-1.32578e-07
-6.95468e-07
-1.41913e-07
-9.68424e-07
-1.02733e-06
-1.34703e-06
-1.04933e-06
-1.00903e-07
2.59245e-06
8.04682e-07
-3.01204e-07
7.23529e-07
8.09537e-07
-4.21203e-07
1.22535e-07
4.49536e-07
-4.65789e-07
8.48582e-08
1.56135e-07
-4.50722e-07
1.8956e-07
-5.31925e-08
-3.76147e-07
2.64746e-07
-2.60663e-07
-2.34699e-07
1.34533e-07
-5.00387e-07
-7.00683e-08
-3.53464e-07
-7.86912e-07
2.18629e-08
-1.14949e-06
-1.2149e-06
-1.4601e-06
-1.41181e-06
1.41447e-07
2.68884e-06
7.99853e-07
-1.27967e-07
9.9079e-07
7.52445e-07
-3.08453e-07
3.04085e-07
3.49155e-07
-3.56829e-07
1.59829e-07
4.15533e-09
-2.95601e-07
1.61053e-07
-2.31164e-07
-1.25501e-07
1.12163e-07
-4.20139e-07
1.07588e-07
-1.09926e-07
-6.15099e-07
3.00458e-07
-5.90873e-07
-8.91797e-07
2.34504e-07
-1.17631e-06
-1.38674e-06
-1.33443e-06
-1.68708e-06
6.07385e-07
2.43789e-06
7.1474e-07
4.22943e-07
1.12013e-06
6.86584e-07
2.10722e-07
4.40561e-07
4.06004e-07
1.54806e-07
1.57775e-07
8.45609e-08
2.97252e-07
-1.56042e-08
-1.75773e-07
5.48485e-07
-1.56346e-07
-4.03092e-07
7.87164e-07
-3.58774e-07
-6.64569e-07
8.3956e-07
-6.72762e-07
-1.02131e-06
5.44433e-07
-9.60593e-07
-1.5615e-06
-9.78386e-07
-1.92264e-06
1.72076e-06
1.57005e-06
2.7211e-07
1.96473e-06
7.41304e-07
2.51772e-07
1.94826e-06
3.21108e-07
1.06931e-07
1.89308e-06
7.77698e-08
-5.65883e-08
1.86872e-06
-7.58962e-08
-2.86509e-07
1.86214e-06
-2.08247e-07
-5.4645e-07
1.72907e-06
-2.51689e-07
-8.74698e-07
1.41086e-06
-3.87612e-07
-1.2467e-06
8.06538e-07
-4.37219e-07
-1.73924e-06
-4.21524e-07
-2.11666e-06
2.24659e-06
-1.02889e-06
2.90147e-06
-9.86527e-07
2.91877e-06
-1.14768e-06
2.91696e-06
-1.0902e-06
2.78987e-06
-1.18009e-06
2.55192e-06
-1.1467e-06
2.00877e-06
-1.2814e-06
1.51947e-06
-1.4604e-06
8.44563e-07
-1.7996e-06
-2.14777e-06
-1.10256e-06
1.85161e-06
2.1811e-07
-7.82407e-07
2.05417e-07
3.1395e-07
-5.19874e-07
-1.50029e-08
3.11399e-07
-3.42985e-07
1.95054e-08
2.6986e-07
-2.43467e-07
7.33678e-08
2.33325e-07
-2.09177e-07
1.60455e-07
1.94539e-07
-2.218e-07
2.17066e-07
1.52264e-07
-2.21207e-07
1.75506e-07
9.58714e-08
-1.45177e-07
-5.68657e-08
2.07624e-08
-3.40256e-07
-3.71307e-08
-8.47026e-07
1.91963e-06
3.83204e-07
-6.73254e-07
9.10065e-08
6.04507e-07
-4.91341e-07
-1.38957e-07
5.38622e-07
-3.50917e-07
-7.58371e-08
4.38533e-07
-2.8929e-07
4.76717e-08
3.42139e-07
-2.95134e-07
1.95345e-07
2.44925e-07
-3.41776e-07
2.83342e-07
1.33187e-07
-3.40205e-07
1.78399e-07
-1.01905e-08
-2.03929e-07
-2.07121e-07
-1.61312e-07
-5.74499e-07
-2.00703e-07
-5.03707e-07
2.02725e-06
5.23409e-07
-5.14661e-07
1.65628e-07
7.74747e-07
-4.26012e-07
-1.71497e-07
6.5983e-07
-3.48288e-07
-1.1176e-07
5.11973e-07
-3.36814e-07
6.6752e-08
3.65916e-07
-3.87197e-07
2.64997e-07
2.05758e-07
-4.5824e-07
3.56378e-07
9.24147e-09
-4.39314e-07
1.37168e-07
-2.29938e-07
-2.41248e-07
-4.52357e-07
-4.35799e-07
-8.7174e-07
-4.17231e-07
-3.5537e-07
2.2218e-06
6.24004e-07
-4.22438e-07
3.02449e-07
8.18153e-07
-3.89277e-07
-1.46889e-07
6.42335e-07
-3.68146e-07
-9.22879e-08
4.58565e-07
-3.95761e-07
1.17979e-07
2.87358e-07
-4.60246e-07
3.3503e-07
8.40487e-08
-5.11633e-07
3.88726e-07
-1.73279e-07
-4.58156e-07
3.3378e-08
-4.70098e-07
-2.38996e-07
-7.52211e-07
-7.08483e-07
-1.17302e-06
-6.59138e-07
-2.51086e-07
2.45988e-06
6.85973e-07
-3.66945e-07
4.94032e-07
7.89026e-07
-3.95907e-07
-5.48919e-08
5.28195e-07
-4.16496e-07
-2.79643e-08
3.06191e-07
-4.45857e-07
1.67156e-07
1.30095e-07
-4.61172e-07
3.44969e-07
-7.54961e-08
-4.25342e-07
3.17591e-07
-3.3161e-07
-3.26842e-07
-1.3571e-07
-6.24852e-07
-1.44932e-07
-1.0396e-06
-9.21852e-07
-1.47017e-06
-9.50975e-07
-1.33516e-07
2.67991e-06
7.25241e-07
-3.12009e-07
7.45803e-07
7.36281e-07
-4.20978e-07
1.13209e-07
3.90429e-07
-4.68501e-07
6.18111e-08
1.1391e-07
-4.50186e-07
1.67654e-07
-7.1978e-08
-3.63992e-07
2.49407e-07
-2.51266e-07
-2.11182e-07
1.22498e-07
-4.58075e-07
-3.99782e-08
-3.87891e-07
-7.05907e-07
2.00699e-08
-1.22751e-06
-1.087e-06
-1.54174e-06
-1.25899e-06
1.41413e-07
2.8004e-06
7.25192e-07
-9.18886e-08
1.03306e-06
6.98511e-07
-2.55975e-07
3.10614e-07
3.15863e-07
-3.00352e-07
1.30201e-07
-1.98278e-08
-2.33213e-07
1.12724e-07
-2.43345e-07
-4.85878e-08
5.65403e-08
-4.11869e-07
2.00461e-07
-1.6505e-07
-5.76571e-07
3.9007e-07
-6.53104e-07
-8.16165e-07
2.86871e-07
-1.25733e-06
-1.2537e-06
-1.39859e-06
-1.5033e-06
6.88148e-07
2.53951e-06
6.73439e-07
5.69327e-07
1.154e-06
6.84489e-07
4.08968e-07
4.35005e-07
4.42001e-07
3.67446e-07
1.2369e-07
1.32623e-07
5.15294e-07
-7.76008e-08
-1.33265e-07
7.59754e-07
-2.13782e-07
-3.77201e-07
9.87159e-07
-4.19695e-07
-6.37301e-07
1.00495e-06
-7.28802e-07
-9.63366e-07
6.56566e-07
-1.01995e-06
-1.45046e-06
-1.04064e-06
-1.86456e-06
1.91818e-06
1.65866e-06
2.78221e-07
2.23095e-06
8.03611e-07
2.89412e-07
2.28946e-06
2.94434e-07
1.89025e-07
2.23534e-06
1.18541e-07
2.71184e-09
2.23909e-06
-1.34118e-07
-2.3367e-07
2.18427e-06
-1.81804e-07
-5.23611e-07
2.0025e-06
-2.63696e-07
-8.4895e-07
1.61219e-06
-3.90033e-07
-1.19499e-06
9.48697e-07
-4.62102e-07
-1.63359e-06
-4.75114e-07
-2.04056e-06
2.50594e-06
-1.08842e-06
3.03938e-06
-1.08529e-06
3.31835e-06
-1.01077e-06
3.17157e-06
-1.17459e-06
3.1371e-06
-1.14862e-06
2.71672e-06
-1.15962e-06
2.16754e-06
-1.30057e-06
1.62332e-06
-1.41501e-06
9.46369e-07
-1.67664e-06
-1.94157e-06
-1.17146e-06
1.90095e-06
2.02728e-07
-8.14297e-07
1.32478e-07
2.73107e-07
-5.29167e-07
-5.24221e-08
2.64269e-07
-3.38542e-07
4.50091e-09
2.27819e-07
-2.31071e-07
6.75172e-08
1.98196e-07
-1.96031e-07
1.66482e-07
1.64353e-07
-2.13748e-07
2.3245e-07
1.27139e-07
-2.20801e-07
1.9365e-07
7.82688e-08
-1.47423e-07
-4.63664e-08
1.35257e-08
-3.37965e-07
-3.59928e-08
-8.82322e-07
1.94015e-06
3.45276e-07
-6.92779e-07
9.32927e-09
5.38128e-07
-4.97894e-07
-1.80245e-07
4.71574e-07
-3.42854e-07
-9.6895e-08
3.84903e-07
-2.75677e-07
4.35352e-08
2.98956e-07
-2.83371e-07
2.07324e-07
2.11788e-07
-3.38169e-07
3.07172e-07
1.13274e-07
-3.44364e-07
2.00967e-07
-1.13011e-08
-2.06145e-07
-2.03834e-07
-1.42058e-07
-5.83428e-07
-1.79989e-07
-5.24058e-07
2.03557e-06
4.68771e-07
-5.32622e-07
9.78446e-08
6.94816e-07
-4.32153e-07
-2.08373e-07
5.87508e-07
-3.45844e-07
-1.28675e-07
4.57462e-07
-3.32252e-07
6.94482e-08
3.26426e-07
-3.87386e-07
2.85708e-07
1.82523e-07
-4.67614e-07
3.87812e-07
8.84654e-09
-4.54389e-07
1.57859e-07
-2.00035e-07
-2.49734e-07
-4.66359e-07
-3.77878e-07
-8.8697e-07
-3.54331e-07
-3.83066e-07
2.23722e-06
5.57564e-07
-4.42291e-07
2.48636e-07
7.26609e-07
-3.99773e-07
-1.75809e-07
5.67275e-07
-3.77138e-07
-1.01253e-07
4.08529e-07
-4.05797e-07
1.27027e-07
2.58459e-07
-4.73818e-07
3.59682e-07
7.81157e-08
-5.30494e-07
4.19697e-07
-1.48468e-07
-4.79722e-07
4.42016e-08
-4.07189e-07
-2.50032e-07
-7.9072e-07
-6.13828e-07
-1.22931e-06
-5.89657e-07
-2.86723e-07
2.49402e-06
6.0881e-07
-3.91733e-07
4.54967e-07
6.87728e-07
-4.14758e-07
-7.57503e-08
4.51186e-07
-4.3699e-07
-3.54858e-08
2.62681e-07
-4.6563e-07
1.70979e-07
1.14808e-07
-4.77149e-07
3.58507e-07
-6.27771e-08
-4.37727e-07
3.33709e-07
-2.85017e-07
-3.39417e-07
-1.40128e-07
-5.38804e-07
-1.56185e-07
-1.09907e-06
-7.96741e-07
-1.55077e-06
-8.30845e-07
-1.73234e-07
2.73991e-06
6.39735e-07
-3.34994e-07
7.20008e-07
6.33024e-07
-4.38808e-07
9.84697e-08
3.2005e-07
-4.89505e-07
4.62287e-08
8.29201e-08
-4.64486e-07
1.46984e-07
-7.29741e-08
-3.63769e-07
2.29245e-07
-2.22693e-07
-1.98729e-07
1.06753e-07
-3.96131e-07
-2.06473e-08
-4.17056e-07
-6.07031e-07
2.64571e-08
-1.29451e-06
-9.38635e-07
-1.59629e-06
-1.10763e-06
1.15202e-07
2.89146e-06
6.40151e-07
-8.93859e-08
1.02185e-06
6.01283e-07
-2.26903e-07
2.9558e-07
2.56298e-07
-2.57714e-07
9.67951e-08
-3.9553e-08
-1.77312e-07
5.76663e-08
-2.34398e-07
2.16995e-08
-7.00775e-09
-3.74598e-07
2.82322e-07
-2.18105e-07
-5.12307e-07
4.67719e-07
-7.05913e-07
-7.12674e-07
3.55184e-07
-1.33822e-06
-1.09743e-06
-1.58543e-06
-1.39258e-06
7.21577e-07
2.63418e-06
6.18435e-07
6.51704e-07
1.13334e-06
6.42888e-07
5.5372e-07
3.99738e-07
4.35857e-07
5.66935e-07
5.55291e-08
1.60704e-07
7.36024e-07
-1.43728e-07
-1.00928e-07
9.77658e-07
-2.75409e-07
-3.50403e-07
1.18497e-06
-4.73412e-07
-5.89272e-07
1.15406e-06
-7.71313e-07
-8.67022e-07
7.0144e-07
-1.06106e-06
-1.27497e-06
-1.08561e-06
-1.597e-06
2.08356e-06
1.70189e-06
2.76067e-07
2.46733e-06
7.22708e-07
3.16288e-07
2.55433e-06
2.93778e-07
2.0803e-07
2.55055e-06
3.31891e-08
2.88706e-08
2.5728e-06
-1.72638e-07
-2.26941e-07
2.48745e-06
-1.95652e-07
-5.18033e-07
2.26545e-06
-2.82283e-07
-8.17959e-07
1.80308e-06
-4.00343e-07
-1.10361e-06
1.02568e-06
-4.56159e-07
-1.46109e-06
-3.81488e-07
-1.77223e-06
2.74578e-06
-1.04849e-06
3.40786e-06
-1.03745e-06
3.48686e-06
-1.13619e-06
3.50879e-06
-1.0243e-06
3.36546e-06
-1.00986e-06
2.82355e-06
-1.09743e-06
2.34078e-06
-1.21938e-06
1.73708e-06
-1.24326e-06
1.02771e-06
-1.49359e-06
-1.818e-06
-1.23682e-06
1.95362e-06
1.90918e-07
-8.39805e-07
7.11988e-08
2.34461e-07
-5.33141e-07
-7.08287e-08
2.17611e-07
-3.31959e-07
6.61758e-09
1.84647e-07
-2.20337e-07
7.63178e-08
1.61279e-07
-1.86495e-07
1.81532e-07
1.33294e-07
-2.08927e-07
2.50927e-07
1.0271e-07
-2.21992e-07
2.10493e-07
6.27142e-08
-1.5166e-07
-3.77245e-08
1.00572e-08
-3.44704e-07
-2.85824e-08
-9.1234e-07
1.96266e-06
3.07285e-07
-7.05031e-07
-6.36731e-08
4.65707e-07
-5.00713e-07
-2.01085e-07
3.9753e-07
-3.36426e-07
-9.66253e-08
3.23873e-07
-2.66711e-07
5.51985e-08
2.50371e-07
-2.76925e-07
2.27265e-07
1.7628e-07
-3.38147e-07
3.31607e-07
9.38271e-08
-3.50097e-07
2.2082e-07
-9.66588e-09
-2.12786e-07
-1.99434e-07
-1.17656e-07
-5.83141e-07
-1.41234e-07
-5.39318e-07
2.04289e-06
4.10061e-07
-5.46298e-07
3.67777e-08
6.01367e-07
-4.38989e-07
-2.24708e-07
5.03843e-07
-3.48588e-07
-1.22736e-07
3.93191e-07
-3.34257e-07
8.73108e-08
2.79999e-07
-3.93135e-07
3.12187e-07
1.56494e-07
-4.79983e-07
4.17746e-07
9.57072e-09
-4.69365e-07
1.75898e-07
-1.65714e-07
-2.53499e-07
-4.77979e-07
-3.15209e-07
-9.30932e-07
-2.99823e-07
-4.0593e-07
2.24782e-06
4.85281e-07
-4.59501e-07
1.94903e-07
6.22077e-07
-4.14735e-07
-1.86655e-07
4.84479e-07
-3.9411e-07
-8.91684e-08
3.54358e-07
-4.23283e-07
1.4836e-07
2.26603e-07
-4.93308e-07
3.88164e-07
7.2184e-08
-5.5369e-07
4.49395e-07
-1.19715e-07
-5.04458e-07
5.56065e-08
-3.36105e-07
-2.70722e-07
-8.1859e-07
-5.06888e-07
-1.27048e-06
-4.83329e-07
-3.18633e-07
2.52063e-06
5.25406e-07
-4.17337e-07
4.0693e-07
5.7443e-07
-4.41767e-07
-8.541e-08
3.74396e-07
-4.66238e-07
-2.84679e-08
2.26477e-07
-4.93441e-07
1.84001e-07
1.06395e-07
-5.01087e-07
3.76414e-07
-4.33562e-08
-4.59455e-07
3.52863e-07
-2.30091e-07
-3.62839e-07
-1.38393e-07
-4.41392e-07
-1.81466e-07
-1.14304e-06
-6.53677e-07
-1.6233e-06
-6.87407e-07
-2.14886e-07
2.79281e-06
5.47615e-07
-3.67608e-07
6.75747e-07
5.16955e-07
-4.72381e-07
8.602e-08
2.53421e-07
-5.24364e-07
3.72953e-08
6.91686e-08
-4.89921e-07
1.30534e-07
-5.39211e-08
-3.7628e-07
2.15822e-07
-1.75714e-07
-2.026e-07
1.00027e-07
-3.16946e-07
-2.62952e-08
-4.31395e-07
-4.90304e-07
2.26895e-09
-1.35044e-06
-7.5977e-07
-1.71495e-06
-8.82817e-07
7.41523e-08
2.9845e-06
5.44177e-07
-1.18661e-07
9.9312e-07
4.76749e-07
-2.27101e-07
2.65044e-07
1.85743e-07
-2.3403e-07
4.9704e-08
-4.50015e-08
-1.37047e-07
-5.66689e-09
-1.95149e-07
6.72441e-08
-5.23515e-08
-3.10685e-07
3.34377e-07
-2.57604e-07
-4.21778e-07
5.10422e-07
-7.39213e-07
-5.80871e-07
3.43679e-07
-1.38551e-06
-8.95586e-07
-1.61751e-06
-1.13058e-06
7.17953e-07
2.75633e-06
5.47878e-07
6.74327e-07
1.11132e-06
5.6834e-07
6.53142e-07
3.28783e-07
3.93332e-07
7.48144e-07
-4.06777e-08
1.56116e-07
9.42912e-07
-2.17887e-07
-8.34458e-08
1.17475e-06
-3.32159e-07
-3.02402e-07
1.355e-06
-5.24397e-07
-5.02694e-07
1.28337e-06
-7.98916e-07
-7.35659e-07
7.87218e-07
-1.08672e-06
-1.07756e-06
-1.12444e-06
-1.33652e-06
2.2345e-06
1.79465e-06
2.54074e-07
2.64254e-06
6.97736e-07
3.21851e-07
2.81163e-06
1.40395e-07
2.27358e-07
2.90123e-06
-1.15531e-07
1.4131e-08
2.91556e-06
-2.1516e-07
-2.44048e-07
2.77825e-06
-2.12271e-07
-5.00652e-07
2.53219e-06
-3.6042e-07
-7.35897e-07
1.99619e-06
-3.74457e-07
-9.92088e-07
1.15522e-06
-4.09271e-07
-1.29736e-06
-4.48066e-07
-1.64066e-06
2.99898e-06
-9.90139e-07
3.6074e-06
-9.05182e-07
3.87095e-06
-9.44363e-07
3.70861e-06
-1.03301e-06
3.4288e-06
-1.10761e-06
2.9116e-06
-1.12739e-06
2.56896e-06
-1.12314e-06
1.81158e-06
-1.26303e-06
1.10827e-06
-1.38804e-06
-1.62775e-06
-1.29935e-06
2.01394e-06
1.76528e-07
-8.62326e-07
2.8735e-08
1.93548e-07
-5.35872e-07
-6.99504e-08
1.71108e-07
-3.26251e-07
2.20565e-08
1.42333e-07
-2.12691e-07
9.44984e-08
1.2485e-07
-1.80927e-07
2.01259e-07
1.03176e-07
-2.07123e-07
2.69768e-07
7.97584e-08
-2.23696e-07
2.24907e-07
4.87491e-08
-1.51508e-07
-3.18447e-08
7.34364e-09
-3.41452e-07
-2.39326e-08
-9.39682e-07
1.99544e-06
2.64917e-07
-7.15411e-07
-1.15716e-07
3.85906e-07
-5.0318e-07
-2.02546e-07
3.17911e-07
-3.32842e-07
-8.23272e-08
2.57933e-07
-2.62111e-07
7.51906e-08
1.9896e-07
-2.74827e-07
2.5027e-07
1.39995e-07
-3.40707e-07
3.54525e-07
7.49614e-08
-3.56137e-07
2.37403e-07
-6.72091e-09
-2.15998e-07
-1.97284e-07
-9.23554e-08
-5.96129e-07
-1.13864e-07
-5.51853e-07
2.06069e-06
3.45255e-07
-5.58621e-07
-5.1081e-09
4.97549e-07
-4.47353e-07
-2.22e-07
4.12051e-07
-3.54418e-07
-1.03604e-07
3.21552e-07
-3.39875e-07
1.12184e-07
2.2848e-07
-4.01893e-07
3.4049e-07
1.28308e-07
-4.93948e-07
4.45706e-07
1.04591e-08
-4.86516e-07
1.93578e-07
-1.29304e-07
-2.70575e-07
-4.80574e-07
-2.47873e-07
-9.51536e-07
-2.42746e-07
-4.2566e-07
2.267e-06
4.0666e-07
-4.7622e-07
1.56451e-07
5.11102e-07
-4.32237e-07
-1.80291e-07
3.98812e-07
-4.13857e-07
-6.43175e-08
2.96714e-07
-4.43041e-07
1.76668e-07
1.91323e-07
-5.15042e-07
4.19882e-07
6.48114e-08
-5.79126e-07
4.80251e-07
-9.01559e-08
-5.31367e-07
7.20086e-08
-2.6227e-07
-2.93275e-07
-8.30585e-07
-3.949e-07
-1.30124e-06
-3.79632e-07
-3.47735e-07
2.55338e-06
4.36517e-07
-4.44198e-07
3.67492e-07
4.59878e-07
-4.72242e-07
-8.20023e-08
3.04178e-07
-4.97087e-07
-9.12773e-09
1.96158e-07
-5.23725e-07
2.09591e-07
1.00134e-07
-5.29797e-07
4.05081e-07
-2.2458e-08
-4.89047e-07
3.82632e-07
-1.73196e-07
-3.94218e-07
-1.234e-07
-3.40784e-07
-2.13398e-07
-1.1596e-06
-5.0551e-07
-1.64006e-06
-5.59004e-07
-2.56843e-07
2.84997e-06
4.50734e-07
-4.09884e-07
6.34759e-07
4.02757e-07
-5.19367e-07
8.20074e-08
1.98924e-07
-5.69675e-07
4.26466e-08
6.77316e-08
-5.25743e-07
1.36218e-07
-2.44519e-08
-4.0262e-07
2.27484e-07
-1.21211e-07
-2.23618e-07
1.19354e-07
-2.32642e-07
-4.66551e-08
-4.21369e-07
-3.69266e-07
-2.57867e-10
-1.38269e-06
-5.83048e-07
-1.80069e-06
-7.43209e-07
2.52491e-08
3.08604e-06
4.39103e-07
-1.7626e-07
9.68398e-07
3.44648e-07
-2.64903e-07
2.37409e-07
1.19015e-07
-2.55039e-07
2.63094e-08
-3.84958e-08
-1.49455e-07
-1.69263e-08
-1.47557e-07
6.41037e-08
-6.0866e-08
-2.35863e-07
3.38816e-07
-2.57487e-07
-3.19617e-07
5.23466e-07
-7.49329e-07
-4.3753e-07
3.62302e-07
-1.43177e-06
-6.85299e-07
-1.66967e-06
-8.5566e-07
6.85915e-07
2.91159e-06
4.62693e-07
6.37625e-07
1.12197e-06
4.63088e-07
6.61224e-07
2.88508e-07
3.18668e-07
8.03067e-07
-8.90856e-08
1.29704e-07
1.02273e-06
-2.5448e-07
-6.55303e-08
1.25843e-06
-3.54744e-07
-2.44191e-07
1.43296e-06
-5.3499e-07
-3.99686e-07
1.35236e-06
-8.2697e-07
-5.7738e-07
8.35473e-07
-1.14545e-06
-8.46962e-07
-1.29805e-06
-1.07645e-06
2.39067e-06
1.95748e-06
2.04206e-07
2.78868e-06
7.95707e-07
2.50158e-07
2.99808e-06
1.30761e-07
1.75759e-07
3.10932e-06
-1.77741e-07
-8.47274e-09
3.11843e-06
-2.75769e-07
-2.31778e-07
2.98097e-06
-2.62792e-07
-4.55053e-07
2.69922e-06
-3.58079e-07
-6.31084e-07
2.12709e-06
-4.42938e-07
-8.04015e-07
1.17493e-06
-4.49766e-07
-1.04089e-06
-4.25728e-07
-1.26648e-06
3.31193e-06
-9.69214e-07
3.83982e-06
-1.01582e-06
4.05965e-06
-1.0991e-06
3.88169e-06
-1.0603e-06
3.63232e-06
-8.94431e-07
3.15646e-06
-9.62406e-07
2.68468e-06
-9.43189e-07
1.99455e-06
-9.28233e-07
1.17448e-06
-1.13181e-06
-1.31131e-06
-1.36016e-06
2.07969e-06
1.55452e-07
-8.83833e-07
7.2279e-10
1.47018e-07
-5.39349e-07
-5.64863e-08
1.25357e-07
-3.22954e-07
4.4993e-08
1.02415e-07
-2.08422e-07
1.16548e-07
9.04618e-08
-1.78868e-07
2.21963e-07
7.49625e-08
-2.07889e-07
2.8703e-07
5.84625e-08
-2.26635e-07
2.36384e-07
3.62439e-08
-1.54735e-07
-2.73796e-08
6.25913e-09
-3.44696e-07
-1.64776e-08
-9.65979e-07
2.03611e-06
2.15253e-07
-7.27444e-07
-1.54208e-07
3.02321e-07
-5.0757e-07
-1.94362e-07
2.35929e-07
-3.32237e-07
-6.3203e-08
1.9081e-07
-2.61047e-07
9.70652e-08
1.47265e-07
-2.75904e-07
2.72773e-07
1.04052e-07
-3.4494e-07
3.74491e-07
5.65461e-08
-3.62274e-07
2.50371e-07
-3.36307e-09
-2.21438e-07
-1.946e-07
-6.59695e-08
-6.10508e-07
-8.03833e-08
-5.6362e-07
2.08716e-06
2.72922e-07
-5.72038e-07
-3.39443e-08
3.85728e-07
-4.57154e-07
-2.11457e-07
3.14284e-07
-3.61397e-07
-8.20697e-08
2.44681e-07
-3.46874e-07
1.37464e-07
1.73574e-07
-4.11705e-07
3.6758e-07
9.83459e-08
-5.07823e-07
4.70559e-07
1.05229e-08
-5.03077e-07
2.09245e-07
-9.29094e-08
-2.91207e-07
-4.7607e-07
-1.78219e-07
-9.55876e-07
-1.67412e-07
-4.44636e-07
2.29454e-06
3.2102e-07
-4.93957e-07
1.31322e-07
3.95183e-07
-4.49942e-07
-1.6648e-07
3.09846e-07
-4.32423e-07
-3.62396e-08
2.33388e-07
-4.61583e-07
2.0678e-07
1.51187e-07
-5.36301e-07
4.528e-07
5.43278e-08
-6.04563e-07
5.11268e-07
-6.25837e-08
-5.57466e-07
9.03755e-08
-1.90474e-07
-3.1194e-07
-8.31238e-07
-2.85185e-07
-1.33949e-06
-2.57609e-07
-3.76133e-07
2.59327e-06
3.42758e-07
-4.71701e-07
3.38135e-07
3.4866e-07
-5.01073e-07
-7.05807e-08
2.37678e-07
-5.25309e-07
2.11108e-08
1.6307e-07
-5.5231e-07
2.44582e-07
8.93564e-08
-5.59851e-07
4.43594e-07
-5.68621e-09
-5.23211e-07
4.21738e-07
-1.20281e-07
-4.30481e-07
-9.8262e-08
-2.44846e-07
-2.47576e-07
-1.15912e-06
-3.60458e-07
-1.68908e-06
-3.67407e-07
-2.99421e-07
2.91066e-06
3.52251e-07
-4.58729e-07
6.01199e-07
2.99031e-07
-5.72832e-07
8.75228e-08
1.54953e-07
-6.17827e-07
6.51786e-08
6.86888e-08
-5.66879e-07
1.66085e-07
3.12449e-09
-4.38908e-07
2.64885e-07
-7.04453e-08
-2.58758e-07
1.64139e-07
-1.55162e-07
-8.29712e-08
-3.86842e-07
-2.56441e-07
-2.56889e-08
-1.38587e-06
-4.13544e-07
-1.77577e-06
-4.98129e-07
-3.74737e-08
3.19305e-06
3.33002e-07
-2.52971e-07
9.36369e-07
2.25007e-07
-3.31379e-07
2.19162e-07
6.58161e-08
-3.166e-07
3.9144e-08
-2.72079e-08
-2.02084e-07
-3.68712e-09
-9.22683e-08
2.09693e-08
-3.65872e-08
-1.57414e-07
3.04467e-07
-2.19188e-07
-2.19756e-07
5.08297e-07
-7.25021e-07
-3.03148e-07
3.94947e-07
-1.45752e-06
-5.00269e-07
-1.76201e-06
-7.10379e-07
6.24508e-07
3.08053e-06
3.74658e-07
5.51613e-07
1.11098e-06
3.61411e-07
5.87151e-07
2.62022e-07
2.40303e-07
7.55214e-07
-8.87011e-08
8.95184e-08
9.99327e-07
-2.57481e-07
-5.58167e-08
1.25773e-06
-3.5724e-07
-1.81912e-07
1.4518e-06
-5.17797e-07
-2.9511e-07
1.38352e-06
-8.07777e-07
-4.26311e-07
8.78503e-07
-1.17262e-06
-6.26819e-07
-1.36315e-06
-8.56191e-07
2.51579e-06
2.1604e-06
1.26521e-07
2.92651e-06
7.63156e-07
1.87348e-07
3.1428e-06
6.70673e-08
1.54474e-07
3.23415e-06
-1.65596e-07
-2.28523e-08
3.2551e-06
-2.83575e-07
-2.26726e-07
3.14156e-06
-3.14022e-07
-3.84612e-07
2.85741e-06
-3.49719e-07
-5.1486e-07
2.23238e-06
-3.40401e-07
-6.46391e-07
1.2462e-06
-4.38009e-07
-7.89321e-07
-4.37814e-07
-9.19075e-07
3.48834e-06
-1.19803e-06
4.05538e-06
-1.1198e-06
4.39435e-06
-7.91894e-07
4.24898e-06
-7.31401e-07
3.74386e-06
-8.72786e-07
3.34389e-06
-8.11798e-07
2.85772e-06
-7.95969e-07
1.99294e-06
-8.71505e-07
1.17514e-06
-8.64667e-07
-9.75033e-07
-1.41855e-06
2.14596e-06
1.23395e-07
-9.01421e-07
-3.5949e-08
1.02051e-07
-5.43178e-07
-3.86288e-08
8.24872e-08
-3.21756e-07
6.88898e-08
6.59421e-08
-2.06702e-07
1.3777e-07
5.86303e-08
-1.79043e-07
2.40588e-07
4.87309e-08
-2.09922e-07
3.014e-07
3.84003e-08
-2.29454e-07
2.45273e-07
2.428e-08
-1.56481e-07
-2.38998e-08
4.94695e-09
-3.4534e-07
-9.56807e-09
-9.90625e-07
2.07877e-06
1.55393e-07
-7.42666e-07
-1.91107e-07
2.09541e-07
-5.14169e-07
-1.85823e-07
1.54643e-07
-3.33724e-07
-4.5882e-08
1.25152e-07
-2.62078e-07
1.16559e-07
9.68399e-08
-2.78492e-07
2.92217e-07
6.88471e-08
-3.49327e-07
3.90743e-07
3.80479e-08
-3.67059e-07
2.60726e-07
-1.07404e-09
-2.23992e-07
-1.90734e-07
-4.22023e-08
-6.10862e-07
-5.03313e-08
-5.75083e-07
2.11524e-06
1.92042e-07
-5.86671e-07
-5.89454e-08
2.65179e-07
-4.67037e-07
-2.0344e-07
2.12289e-07
-3.67814e-07
-6.49722e-08
1.64568e-07
-3.53401e-07
1.59085e-07
1.16651e-07
-4.205e-07
3.90912e-07
6.67634e-08
-5.19097e-07
4.91135e-07
8.74173e-09
-5.13876e-07
2.2201e-07
-5.93998e-08
-2.9558e-07
-4.72304e-07
-1.14892e-07
-9.44049e-07
-1.07437e-07
-4.652e-07
2.32458e-06
2.27097e-07
-5.1229e-07
1.1003e-07
2.73325e-07
-4.6528e-07
-1.5527e-07
2.14693e-07
-4.472e-07
-1.20048e-08
1.62364e-07
-4.76566e-07
2.343e-07
1.05358e-07
-5.54513e-07
4.83476e-07
3.97291e-08
-6.26562e-07
5.39178e-07
-3.85591e-08
-5.78782e-07
1.06925e-07
-1.23148e-07
-3.21972e-07
-8.29348e-07
-1.84986e-07
-1.33494e-06
-1.8616e-07
-4.05747e-07
2.63703e-06
2.42385e-07
-4.97776e-07
3.12355e-07
2.38393e-07
-5.24002e-07
-5.90677e-08
1.6773e-07
-5.47142e-07
5.42715e-08
1.1996e-07
-5.75996e-07
2.83328e-07
6.92076e-08
-5.87808e-07
4.85997e-07
3.62725e-09
-5.57209e-07
4.62446e-07
-7.41229e-08
-4.65109e-07
-7.27302e-08
-1.57262e-07
-2.62262e-07
-1.15726e-06
-2.35433e-07
-1.69467e-06
-2.74013e-07
-3.42909e-07
2.9755e-06
2.50588e-07
-5.07837e-07
5.72404e-07
2.03941e-07
-6.23149e-07
9.81692e-08
1.13059e-07
-6.60511e-07
9.79893e-08
6.23629e-08
-6.06893e-07
2.13383e-07
1.94796e-08
-4.79524e-07
3.19774e-07
-3.15632e-08
-3.02044e-07
2.20265e-07
-9.04302e-08
-1.29347e-07
-3.44208e-07
-1.57628e-07
-4.19588e-08
-1.39077e-06
-2.67402e-07
-1.87744e-06
-3.72909e-07
-1.10389e-07
3.30851e-06
2.29094e-07
-3.34827e-07
8.95817e-07
1.26065e-07
-4.08521e-07
2.05508e-07
3.22042e-08
-3.9355e-07
6.334e-08
-7.49589e-09
-2.7882e-07
4.59852e-08
-3.95676e-08
-4.71744e-08
1.16492e-08
-8.09029e-08
2.40819e-07
-1.60156e-07
-1.27296e-07
4.57324e-07
-6.85298e-07
-1.78531e-07
3.33049e-07
-1.46019e-06
-3.06546e-07
-1.80596e-06
-4.00093e-07
5.36161e-07
3.27319e-06
2.87978e-07
4.36106e-07
1.09078e-06
2.66531e-07
4.65647e-07
2.54811e-07
1.61493e-07
6.50365e-07
-9.41211e-08
6.23046e-08
9.19066e-07
-2.54669e-07
-2.38244e-08
1.20021e-06
-3.46077e-07
-1.05298e-07
1.42076e-06
-4.9805e-07
-1.77727e-07
1.37659e-06
-8.03928e-07
-2.63478e-07
8.6559e-07
-1.18439e-06
-3.91574e-07
-1.33172e-06
-4.86613e-07
2.63341e-06
2.31085e-06
1.04854e-07
3.08576e-06
6.56087e-07
1.69721e-07
3.24764e-06
1.4096e-07
1.06481e-07
3.34928e-06
-2.04652e-07
-1.40102e-08
3.37436e-06
-3.91051e-07
-1.15237e-07
3.25803e-06
-3.76108e-07
-2.3809e-07
2.94751e-06
-3.63165e-07
-3.39066e-07
2.31799e-06
-4.03497e-07
-4.17335e-07
1.31151e-06
-4.58361e-07
-5.08887e-07
-4.81965e-07
-6.20943e-07
3.81254e-06
-9.052e-07
4.59654e-06
-6.74335e-07
4.53541e-06
-6.54552e-07
4.25483e-06
-5.43823e-07
3.96596e-06
-4.10171e-07
3.45859e-06
-4.55092e-07
2.86193e-06
-5.3662e-07
2.13655e-06
-4.65075e-07
1.26435e-06
-5.12636e-07
-6.47769e-07
-1.46989e-06
2.21431e-06
7.41755e-08
-9.16376e-07
-6.95838e-08
5.40912e-08
-5.47064e-07
-2.3271e-08
4.1351e-08
-3.21901e-07
8.82708e-08
3.23336e-08
-2.06423e-07
1.54292e-07
2.88232e-08
-1.80081e-07
2.54551e-07
2.39858e-08
-2.12002e-07
3.11704e-07
1.90077e-08
-2.31512e-07
2.51469e-07
1.21954e-08
-1.56391e-07
-2.16679e-08
2.36992e-09
-3.43783e-07
-5.72897e-09
-1.01211e-06
2.12642e-06
8.3054e-08
-7.5624e-07
-2.25847e-07
1.09951e-07
-5.20859e-07
-1.80536e-07
7.65438e-08
-3.35869e-07
-3.34455e-08
6.18909e-08
-2.63747e-07
1.30998e-07
4.80236e-08
-2.81146e-07
3.06509e-07
3.42969e-08
-3.52844e-07
4.02262e-07
1.91971e-08
-3.70331e-07
2.68067e-07
-1.75392e-10
-2.25573e-07
-1.87263e-07
-2.13678e-08
-6.11043e-07
-2.79409e-08
-5.8658e-07
2.14883e-06
1.00816e-07
-6.00137e-07
-8.33803e-08
1.36296e-07
-4.75152e-07
-2.00665e-07
1.07456e-07
-3.72609e-07
-5.40668e-08
8.26663e-08
-3.58322e-07
1.74725e-07
5.86522e-08
-4.27096e-07
4.08183e-07
3.38761e-08
-5.27061e-07
5.05814e-07
5.1678e-09
-5.20557e-07
2.30648e-07
-2.84701e-08
-2.98961e-07
-4.68579e-07
-5.51196e-08
-9.5685e-07
-4.18382e-08
-4.88226e-07
2.36356e-06
1.20712e-07
-5.29629e-07
8.98747e-08
1.41501e-07
-4.76574e-07
-1.5002e-07
1.11019e-07
-4.57184e-07
5.77063e-09
8.31601e-08
-4.86862e-07
2.55488e-07
5.42928e-08
-5.67904e-07
5.07692e-07
2.12805e-08
-6.43043e-07
5.60178e-07
-1.77668e-08
-5.94047e-07
1.17724e-07
-5.91969e-08
-3.33173e-07
-8.28159e-07
-8.6207e-08
-1.35662e-06
-6.34083e-08
-4.37163e-07
2.69485e-06
1.29307e-07
-5.20157e-07
2.88175e-07
1.23117e-07
-5.39509e-07
-5.13732e-08
8.8463e-08
-5.60762e-07
8.22091e-08
6.48009e-08
-5.92597e-07
3.18187e-07
3.83667e-08
-6.09771e-07
5.23699e-07
4.81689e-09
-5.85555e-07
4.96111e-07
-3.42456e-08
-4.97865e-07
-5.2858e-08
-7.43426e-08
-3.01734e-07
-1.15394e-06
-1.05706e-07
-1.72657e-06
-8.85145e-08
-3.868e-07
3.06251e-06
1.35417e-07
-5.51335e-07
5.50044e-07
1.06639e-07
-6.6254e-07
1.10762e-07
6.21602e-08
-6.92972e-07
1.36866e-07
3.81667e-08
-6.3913e-07
2.6726e-07
1.65935e-08
-5.16179e-07
3.78783e-07
-9.56935e-09
-3.42781e-07
2.71899e-07
-3.95856e-08
-1.78023e-07
-3.02891e-07
-7.23201e-08
-1.02122e-07
-1.37378e-06
-1.23403e-07
-1.83579e-06
-1.60409e-07
-1.81877e-07
3.44847e-06
1.19688e-07
-4.09787e-07
8.52126e-07
5.19278e-08
-4.79637e-07
2.01693e-07
1.11565e-08
-4.71049e-07
1.21302e-07
-4.86672e-10
-3.58555e-07
1.27154e-07
-1.19233e-08
-1.2427e-07
9.40402e-08
-3.04143e-08
1.68682e-07
-9.29197e-08
-5.53955e-08
4.04322e-07
-6.37337e-07
-7.96901e-08
3.21482e-07
-1.44921e-06
-1.48245e-07
-1.80556e-06
-2.109e-07
4.07837e-07
3.544e-06
1.70813e-07
2.75692e-07
1.10486e-06
1.45984e-07
2.95134e-07
2.64071e-07
7.97094e-08
4.86165e-07
-3.60242e-08
2.86374e-08
7.70759e-07
-1.67685e-07
-1.35455e-08
1.08798e-06
-2.81744e-07
-4.67059e-08
1.34924e-06
-4.55789e-07
-7.60806e-08
1.3477e-06
-7.74468e-07
-1.24772e-07
8.92989e-07
-1.18015e-06
-2.05889e-07
-1.393e-06
-3.36765e-07
2.71176e-06
2.65247e-06
8.23968e-08
3.13218e-06
7.8754e-07
6.66996e-08
3.29089e-06
1.73673e-07
3.82328e-08
3.38857e-06
-1.02897e-07
-4.46924e-08
3.3877e-06
-1.96882e-07
-8.4999e-08
3.28407e-06
-2.82995e-07
-1.33318e-07
2.99697e-06
-3.38657e-07
-1.68923e-07
2.37462e-06
-3.46989e-07
-2.22523e-07
1.36773e-06
-4.03314e-07
-2.78862e-07
-4.90279e-07
-2.86062e-07
4.17747e-06
-3.81822e-07
4.77963e-06
-6.38141e-07
4.8108e-06
-3.94405e-07
4.54263e-06
-5.07959e-07
4.04016e-06
-3.20995e-07
3.48219e-06
-2.83215e-07
3.01674e-06
-2.152e-07
2.18113e-06
-3.05811e-07
1.27466e-06
-4.17647e-07
-3.16588e-07
-1.50687e-06
2.27676e-06
-9.26094e-07
-9.79832e-08
-5.4999e-07
-1.47802e-08
-3.22406e-07
9.89956e-08
-2.06577e-07
1.63251e-07
-1.80854e-07
2.6195e-07
-2.13375e-07
3.17132e-07
-2.32831e-07
2.54752e-07
-1.57564e-07
-2.03608e-08
-3.47109e-07
-1.02875e-06
2.17313e-06
-7.65477e-07
-2.51288e-07
-5.25437e-07
-1.7826e-07
-3.37414e-07
-2.71232e-08
-2.64808e-07
1.38679e-07
-2.82654e-07
3.14101e-07
-3.54846e-07
4.08529e-07
-3.72763e-07
2.72504e-07
-2.30755e-07
-1.83704e-07
-5.96521e-07
-5.9452e-07
2.1853e-06
-6.09648e-07
-9.98376e-08
-4.79848e-07
-2.00581e-07
-3.75132e-07
-4.9154e-08
-3.60682e-07
1.82897e-07
-4.30254e-07
4.17562e-07
-5.30769e-07
5.14225e-07
-5.23313e-07
2.36591e-07
-2.97266e-07
-4.64891e-07
-9.42105e-07
-5.07088e-07
2.40846e-06
-5.42318e-07
7.69221e-08
-4.83034e-07
-1.48819e-07
-4.61663e-07
1.26583e-08
-4.91618e-07
2.67165e-07
-5.74336e-07
5.21578e-07
-6.50637e-07
5.72777e-07
-5.99018e-07
1.25796e-07
-3.24985e-07
-8.25174e-07
-1.33582e-06
-4.62954e-07
2.76109e-06
-5.35114e-07
2.7223e-07
-5.46938e-07
-4.85038e-08
-5.6708e-07
9.76276e-08
-6.00736e-07
3.39212e-07
-6.21119e-07
5.46802e-07
-5.98727e-07
5.16164e-07
-5.05694e-07
-4.15512e-08
-2.79996e-07
-1.1565e-06
-1.76016e-06
-4.2104e-07
3.16049e-06
-5.79848e-07
5.3771e-07
-6.85098e-07
1.18939e-07
-7.10614e-07
1.6134e-07
-6.56863e-07
3.02083e-07
-5.37798e-07
4.18196e-07
-3.65262e-07
3.04074e-07
-1.98185e-07
-2.80916e-07
-1.03842e-07
-1.37419e-06
-1.84263e-06
-2.34652e-07
3.58937e-06
-4.59219e-07
8.14242e-07
-5.26409e-07
1.97319e-07
-5.21466e-07
1.55944e-07
-4.11844e-07
1.80571e-07
-1.78166e-07
1.54136e-07
1.15749e-07
-4.52036e-08
3.6717e-07
-6.11992e-07
3.09556e-07
-1.46478e-06
-1.9014e-06
2.84343e-07
3.8306e-06
1.35073e-07
1.10954e-06
1.4734e-07
2.64798e-07
3.40615e-07
-8.65629e-09
6.37112e-07
-1.2943e-07
9.77018e-07
-2.32433e-07
1.26834e-06
-4.12568e-07
1.29727e-06
-7.65653e-07
8.20175e-07
-1.19355e-06
-1.31668e-06
2.70715e-06
3.11202e-06
3.12925e-06
7.54215e-07
3.26725e-06
1.65085e-07
3.3998e-06
-1.85826e-07
3.38436e-06
-1.98849e-07
3.28665e-06
-2.68141e-07
2.99261e-06
-2.87531e-07
2.37759e-06
-3.73243e-07
1.4265e-06
-5.21356e-07
-5.49731e-07
4.10418e-06
5.20922e-06
4.8469e-06
4.89105e-06
4.17574e-06
3.63283e-06
3.01447e-06
2.16672e-06
1.51017e-06
3.34173e-10
2.93174e-07
4.80008e-10
-8.85383e-10
4.94969e-07
-8.8017e-11
-7.884e-10
5.39616e-07
-7.97268e-10
1.1002e-11
5.29366e-07
-4.0647e-10
7.01375e-10
4.96227e-07
-4.75587e-10
1.57501e-10
4.14623e-07
-6.40413e-10
-1.2788e-09
2.38352e-07
9.42472e-10
-7.73349e-10
1.46107e-07
3.11435e-09
1.01326e-10
9.94096e-08
4.72979e-09
5.19372e-08
4.41243e-09
-3.69365e-10
3.11952e-07
7.59066e-10
-5.24044e-09
5.02522e-07
-9.05566e-10
-3.10352e-09
5.39009e-07
-2.35333e-09
1.97078e-10
5.27149e-07
-1.65722e-09
3.1114e-09
4.94606e-07
-1.93583e-09
2.03848e-09
4.1741e-07
-2.20224e-09
-3.91865e-09
2.50535e-07
2.11311e-09
-2.52382e-09
1.49428e-07
1.10562e-08
2.82816e-10
1.00555e-07
1.67407e-08
5.44598e-08
1.47496e-08
-1.10684e-08
3.44562e-07
-1.52163e-09
-1.32205e-08
5.09944e-07
-5.07054e-09
-5.82033e-09
5.34511e-07
-4.14888e-09
7.53273e-10
5.21882e-07
-3.62271e-09
6.71744e-09
4.90252e-07
-4.2077e-09
6.55698e-09
4.20183e-07
-4.39133e-09
-5.35733e-09
2.69123e-07
-3.17945e-09
-3.88771e-09
1.56189e-07
1.92334e-08
6.12255e-10
1.02999e-07
3.05693e-08
5.91678e-08
2.66374e-08
-2.18006e-08
3.83901e-07
-1.46782e-08
-2.13712e-08
5.15044e-07
-9.49252e-09
-8.1733e-09
5.23026e-07
-8.48339e-09
1.77999e-09
5.11485e-07
-8.31867e-09
1.07759e-08
4.81172e-07
-9.26504e-09
1.23786e-08
4.19726e-07
-8.65716e-09
-2.25495e-09
2.89158e-07
-9.48104e-09
-3.07894e-09
1.6839e-07
2.59944e-08
1.59675e-09
1.08155e-07
4.47697e-08
6.71609e-08
4.01405e-08
-2.88427e-08
4.12578e-07
-2.98384e-08
-2.6005e-08
5.13561e-07
-1.44086e-08
-9.46382e-09
5.02325e-07
-1.77402e-08
3.41312e-09
4.9277e-07
-1.79639e-08
1.478e-08
4.64492e-07
-1.91239e-08
1.88323e-08
4.12013e-07
-1.74959e-08
5.8692e-09
3.0469e-07
-1.17558e-08
1.29154e-09
1.85612e-07
2.74278e-08
3.93622e-09
1.17279e-07
5.67986e-08
8.0202e-08
5.51876e-08
-4.36293e-08
4.09261e-07
-4.2066e-08
-3.0628e-08
4.90057e-07
-2.75756e-08
-9.72096e-09
4.64846e-07
-3.48506e-08
6.30355e-09
4.59846e-07
-3.44199e-08
2.00961e-08
4.34852e-07
-3.53628e-08
2.80922e-08
3.90359e-07
-3.25479e-08
2.13584e-08
3.03997e-07
-2.26024e-08
1.0651e-08
2.0212e-07
1.5334e-08
9.13573e-09
1.29854e-07
6.26803e-08
1.01313e-07
7.14894e-08
-6.83518e-08
3.44075e-07
-6.60357e-08
-3.5568e-08
4.25949e-07
-5.11332e-08
-7.9123e-09
3.99002e-07
-6.08396e-08
1.21972e-08
4.04004e-07
-5.83902e-08
2.8473e-08
3.85131e-07
-5.83678e-08
4.12183e-08
3.47006e-07
-5.42891e-08
4.42123e-08
2.7539e-07
-4.32372e-08
3.18264e-08
1.98516e-07
-9.48806e-09
2.11564e-08
1.4516e-07
5.79626e-08
1.36794e-07
8.8471e-08
-1.02757e-07
1.97085e-07
-1.02645e-07
-3.68252e-08
2.96927e-07
-8.24048e-08
-5.65837e-10
2.92808e-07
-9.26079e-08
2.45128e-08
3.15734e-07
-8.7077e-08
4.23705e-08
3.08615e-07
-8.53184e-08
5.8872e-08
2.75545e-07
-7.98869e-08
7.12943e-08
2.11582e-07
-6.86626e-08
6.82085e-08
1.59854e-07
-3.40773e-08
4.57055e-08
1.54019e-07
3.61411e-08
1.97375e-07
1.05182e-07
-1.26701e-07
-3.46617e-08
-1.33422e-07
-2.38857e-08
9.43784e-08
-1.08391e-07
2.21385e-08
1.40702e-07
-1.18458e-07
4.85481e-08
1.93766e-07
-1.1111e-07
6.54959e-08
2.03344e-07
-1.07815e-07
8.25587e-08
1.7479e-07
-1.01191e-07
1.02976e-07
1.0971e-07
-8.99608e-08
1.20428e-07
6.77821e-08
-5.84954e-08
9.24787e-08
1.32815e-07
-3.20355e-09
3.02354e-07
1.21966e-07
-1.13162e-07
-1.3484e-07
1.18492e-08
-1.06742e-07
6.33822e-08
-1.19186e-07
8.82224e-08
-1.14707e-07
1.00907e-07
-1.12485e-07
1.13303e-07
-1.05611e-07
1.34025e-07
-9.36836e-08
1.65139e-07
-6.39089e-08
1.4272e-07
-1.46187e-08
1.36574e-07
-7.19951e-10
4.64516e-07
-6.56005e-10
-6.68233e-10
5.23596e-07
-5.973e-10
-3.52614e-10
5.30968e-07
-6.37873e-10
3.21231e-11
5.24111e-07
-6.03781e-10
3.73507e-10
5.0669e-07
-7.15512e-10
3.10791e-10
4.7245e-07
-7.73956e-10
7.16144e-12
4.08998e-07
-4.3214e-10
3.12032e-10
3.40646e-07
1.03403e-09
7.55231e-10
2.65049e-07
2.33566e-09
1.40513e-07
2.63704e-09
-2.79223e-09
4.7113e-07
-3.27905e-09
-3.24177e-09
5.25854e-07
-2.71404e-09
-1.51528e-09
5.29711e-07
-2.82274e-09
1.76758e-10
5.23494e-07
-2.73234e-09
1.72176e-09
5.06393e-07
-3.18358e-09
1.7849e-09
4.7349e-07
-3.30536e-09
3.52452e-10
4.14812e-07
-2.26786e-09
1.3493e-09
3.46739e-07
3.96641e-09
2.74427e-09
2.7152e-07
8.87472e-09
1.489e-07
9.10688e-09
-5.28535e-09
4.81437e-07
-7.2928e-09
-7.02575e-09
5.28193e-07
-5.66911e-09
-3.00029e-09
5.27502e-07
-5.96559e-09
5.35653e-10
5.22304e-07
-5.96933e-09
3.88655e-09
5.05713e-07
-6.8789e-09
4.74994e-09
4.75211e-07
-6.97631e-09
1.6901e-09
4.20679e-07
-5.98698e-09
3.19517e-09
3.5755e-07
6.91696e-09
5.34479e-09
2.83407e-07
1.65323e-08
1.64433e-07
1.64485e-08
-9.41638e-09
4.85211e-07
-1.27355e-08
-1.13784e-08
5.29863e-07
-9.20179e-09
-4.57231e-09
5.22698e-07
-1.04861e-08
1.25072e-09
5.18995e-07
-1.08332e-08
6.84e-09
5.03129e-07
-1.2271e-08
9.22156e-09
4.76297e-07
-1.21247e-08
5.41204e-09
4.25802e-07
-1.07947e-08
6.95525e-09
3.73218e-07
8.78329e-09
9.12935e-09
3.01835e-07
2.41682e-08
1.89304e-07
2.43995e-08
-1.75094e-08
4.75932e-07
-1.8305e-08
-1.62336e-08
5.27786e-07
-1.36081e-08
-6.04438e-09
5.11754e-07
-1.69864e-08
2.54522e-09
5.10271e-07
-1.78301e-08
1.0691e-08
4.95614e-07
-1.97551e-08
1.5264e-08
4.73337e-07
-1.91098e-08
1.34601e-08
4.31415e-07
-1.55655e-08
1.42047e-08
3.9174e-07
8.1604e-09
1.51872e-08
3.27311e-07
3.03396e-08
2.26915e-07
3.2763e-08
-3.17036e-08
4.4802e-07
-2.42341e-08
-2.21455e-08
5.10388e-07
-1.97362e-08
-7.12027e-09
4.87463e-07
-2.55858e-08
4.9909e-09
4.906e-07
-2.68613e-08
1.6009e-08
4.78409e-07
-2.9177e-08
2.39768e-08
4.60755e-07
-2.7934e-08
2.66047e-08
4.28163e-07
-2.19792e-08
2.68251e-08
4.03039e-07
3.81424e-09
2.54005e-08
3.57993e-07
3.3422e-08
2.82417e-07
4.13881e-08
-5.52841e-08
3.81234e-07
-3.09316e-08
-2.84393e-08
4.59365e-07
-2.69576e-08
-6.46188e-09
4.39489e-07
-3.48443e-08
9.95918e-09
4.52247e-07
-3.64591e-08
2.39715e-08
4.45152e-07
-3.91242e-08
3.6376e-08
4.31405e-07
-3.73458e-08
4.546e-08
4.05632e-07
-2.97915e-08
4.81564e-08
3.94004e-07
-3.15057e-09
4.31631e-08
3.88399e-07
3.25492e-08
3.63783e-07
5.02668e-08
-8.4276e-08
2.51209e-07
-3.55548e-08
-3.0801e-08
3.54788e-07
-3.13054e-08
-9.25413e-10
3.57655e-07
-4.06529e-08
2.02237e-08
3.86862e-07
-4.2844e-08
3.64259e-08
3.89701e-07
-4.60723e-08
5.29632e-08
3.78885e-07
-4.39059e-08
7.01513e-08
3.55102e-07
-3.53223e-08
8.17998e-08
3.56834e-07
-8.5576e-09
7.30528e-08
4.04419e-07
2.88671e-08
4.82316e-07
5.97021e-08
-1.04042e-07
5.22146e-08
-3.16537e-08
-1.99462e-08
1.87891e-07
-2.55924e-08
1.80689e-08
2.37374e-07
-3.61949e-08
4.02519e-08
2.93237e-07
-3.96703e-08
5.63143e-08
3.0995e-07
-4.41286e-08
7.48109e-08
3.00944e-07
-4.17488e-08
1.00266e-07
2.71753e-07
-3.20694e-08
1.27349e-07
2.75875e-07
-4.62186e-09
1.19099e-07
3.8132e-07
2.81443e-08
6.5253e-07
7.085e-08
-9.22279e-08
-1.75757e-08
1.26573e-08
-4.19577e-09
5.48487e-08
-1.4852e-08
7.45966e-08
-2.02278e-08
8.69939e-08
-2.64181e-08
1.03199e-07
-2.3663e-08
1.32568e-07
-1.14151e-08
1.77257e-07
1.41647e-08
1.78967e-07
4.06869e-08
8.54089e-08
-8.87678e-10
4.05363e-07
-7.47848e-10
-9.5946e-10
4.57197e-07
-6.28469e-10
-4.65868e-10
4.69983e-07
-4.89629e-10
-6.80196e-11
4.76146e-07
-4.59998e-10
3.56484e-10
4.77031e-07
-5.23365e-10
6.49407e-10
4.78051e-07
-5.24296e-10
7.4819e-10
4.70509e-07
-3.66982e-10
1.06782e-09
4.42433e-07
3.55082e-10
1.18231e-09
3.69408e-07
1.11071e-09
1.97145e-07
1.50496e-09
-3.3713e-09
4.07177e-07
-1.92432e-09
-4.12491e-09
4.57742e-07
-2.50547e-09
-2.03645e-09
4.6736e-07
-2.28772e-09
-2.41119e-10
4.73842e-07
-2.22375e-09
1.6331e-09
4.74448e-07
-2.47503e-09
2.98901e-09
4.75804e-07
-2.41487e-09
3.48394e-09
4.69493e-07
-1.74671e-09
4.67961e-09
4.43761e-07
1.4432e-09
4.7307e-09
3.73722e-07
4.5092e-09
2.05583e-07
5.3997e-09
-6.88802e-09
4.07281e-07
-2.34172e-09
-8.50584e-09
4.58234e-07
-4.54312e-09
-4.13978e-09
4.61947e-07
-4.91956e-09
-3.06561e-10
4.69005e-07
-4.96567e-09
3.63313e-09
4.69091e-07
-5.46135e-09
6.66322e-09
4.71043e-07
-5.24492e-09
7.91975e-09
4.66232e-07
-3.98253e-09
1.01687e-08
4.45859e-07
2.56936e-09
9.71741e-09
3.82025e-07
8.68036e-09
2.21844e-07
9.90487e-09
-1.31018e-08
4.02296e-07
-3.47748e-09
-1.40165e-08
4.56824e-07
-6.8776e-09
-6.60342e-09
4.52389e-07
-8.34113e-09
-2.13297e-11
4.60275e-07
-8.68559e-09
6.45907e-09
4.59808e-07
-9.4691e-09
1.18374e-08
4.62517e-07
-8.97738e-09
1.47304e-08
4.59401e-07
-6.85747e-09
1.82513e-08
4.47851e-07
3.2709e-09
1.67947e-08
3.94607e-07
1.30422e-08
2.48213e-07
1.48251e-08
-2.35427e-08
3.87677e-07
-6.18448e-09
-2.08485e-08
4.50288e-07
-9.7668e-09
-9.22355e-09
4.36157e-07
-1.23797e-08
7.03858e-10
4.45647e-07
-1.313e-08
1.028e-08
4.44719e-07
-1.42428e-08
1.8714e-08
4.48338e-07
-1.33654e-08
2.47575e-08
4.47756e-07
-9.96479e-09
3.00962e-08
4.47557e-07
3.11474e-09
2.71654e-08
4.10848e-07
1.7029e-08
2.8803e-07
2.01111e-08
-4.15514e-08
3.56548e-07
-9.227e-09
-2.91031e-08
4.30715e-07
-1.26127e-08
-1.1497e-08
4.092e-07
-1.62361e-08
2.57054e-09
4.22214e-07
-1.74971e-08
1.55512e-08
4.21532e-07
-1.89717e-08
2.78327e-08
4.25839e-07
-1.77175e-08
3.8703e-08
4.27907e-07
-1.30013e-08
4.72794e-08
4.40839e-07
1.9553e-09
4.27363e-08
4.28552e-07
2.02614e-08
3.46272e-07
2.58821e-08
-6.68615e-08
2.9778e-07
-1.02591e-08
-3.73923e-08
3.87865e-07
-1.35784e-08
-1.20271e-08
3.67021e-07
-1.8032e-08
6.73259e-09
3.87012e-07
-2.00183e-08
2.309e-08
3.88051e-07
-2.20016e-08
3.97991e-08
3.92263e-07
-2.04807e-08
5.72721e-08
3.95408e-07
-1.47662e-08
7.17428e-08
4.22104e-07
1.11328e-09
6.63465e-08
4.43462e-07
2.30337e-08
4.30371e-07
3.25134e-08
-9.45557e-08
2.01137e-07
-6.36246e-09
-4.15581e-08
3.13108e-07
-9.54842e-09
-8.0398e-09
3.07556e-07
-1.47079e-08
1.52419e-08
3.38698e-07
-1.78136e-08
3.41853e-08
3.43628e-07
-2.05947e-08
5.51104e-08
3.4637e-07
-1.89386e-08
8.08077e-08
3.46902e-07
-1.25154e-08
1.05299e-07
3.84456e-07
4.59811e-09
1.01637e-07
4.48907e-07
2.70834e-08
5.50928e-07
4.07809e-08
-1.12393e-07
6.67591e-08
4.96122e-09
-3.44522e-08
2.06704e-07
2.86811e-09
5.05283e-09
2.35156e-07
-3.30259e-09
3.09818e-08
2.80716e-07
-7.61892e-09
5.06583e-08
2.91242e-07
-1.14212e-08
7.42759e-08
2.90647e-07
-9.64627e-09
1.08565e-07
2.8321e-07
-2.6685e-09
1.48144e-07
3.23269e-07
1.6984e-08
1.51724e-07
4.36877e-07
3.65932e-08
7.21421e-07
5.20802e-08
-1.04301e-07
2.09458e-08
-7.75592e-09
2.55625e-08
3.32633e-08
2.05688e-08
5.67817e-08
1.46149e-08
7.44343e-08
9.29415e-09
9.78849e-08
1.22259e-08
1.38192e-07
2.28719e-08
1.96163e-07
4.40234e-08
2.13559e-07
5.80105e-08
6.8083e-08
4.88233e-10
2.23279e-07
-1.78405e-09
-8.95057e-10
3.55971e-07
-1.11672e-09
-5.34705e-10
4.00052e-07
-7.97171e-10
-1.47022e-10
4.24655e-07
-5.92934e-10
3.33549e-10
4.42949e-07
-5.59507e-10
7.60734e-10
4.68632e-07
-5.02979e-10
1.14009e-09
4.93697e-07
-3.80277e-10
1.40078e-09
4.98782e-07
2.61825e-11
1.35937e-09
4.34788e-07
4.72153e-10
2.34193e-07
8.2118e-10
3.58474e-10
2.3409e-07
-5.99992e-09
-4.13386e-09
3.62427e-07
-4.46943e-09
-2.29006e-09
3.99314e-07
-3.3944e-09
-5.18995e-10
4.2332e-07
-2.65915e-09
1.59054e-09
4.40891e-07
-2.52669e-09
3.54386e-09
4.66537e-07
-2.27275e-09
5.23815e-09
4.91969e-07
-1.71285e-09
6.27674e-09
4.9907e-07
1.16624e-10
5.6459e-09
4.37899e-07
2.02902e-09
2.42203e-07
3.03494e-09
-8.24199e-09
2.5003e-07
-9.9194e-09
-9.62317e-09
3.67784e-07
-8.51934e-09
-4.78497e-09
3.96356e-07
-6.80008e-09
-7.98908e-10
4.19958e-07
-5.59044e-09
3.636e-09
4.36352e-07
-5.35815e-09
7.84657e-09
4.61898e-07
-4.81663e-09
1.15218e-08
4.87938e-07
-3.62661e-09
1.3593e-08
4.99377e-07
1.90784e-10
1.1792e-08
4.44325e-07
4.05475e-09
2.58217e-07
5.68259e-09
-1.91955e-08
2.63666e-07
-1.17142e-08
-1.6521e-08
3.70129e-07
-1.18974e-08
-7.65252e-09
3.89551e-07
-1.04045e-08
-6.95849e-10
4.13353e-07
-9.03707e-09
6.64255e-09
4.28324e-07
-8.77902e-09
1.38357e-08
4.53632e-07
-7.90541e-09
2.03441e-08
4.80483e-07
-5.91153e-09
2.38257e-08
4.9895e-07
2.16534e-10
2.04141e-08
4.54433e-07
6.34578e-09
2.84765e-07
8.69119e-09
-2.73339e-08
2.68984e-07
-1.17998e-08
-2.32469e-08
3.70063e-07
-1.37884e-08
-1.03045e-08
3.7763e-07
-1.34014e-08
2.30531e-10
4.02012e-07
-1.23254e-08
1.08423e-08
4.15663e-07
-1.2194e-08
2.17289e-08
4.40399e-07
-1.10189e-08
3.21751e-08
4.6818e-07
-8.1086e-09
3.78111e-08
4.96118e-07
3.101e-10
3.26439e-08
4.67809e-07
8.82035e-09
3.25378e-07
1.21424e-08
-4.22648e-08
2.56289e-07
-1.09863e-08
-3.04844e-08
3.59882e-07
-1.42132e-08
-1.22942e-08
3.57919e-07
-1.47168e-08
2.22124e-09
3.84306e-07
-1.43072e-08
1.65772e-08
3.96888e-07
-1.4554e-08
3.18217e-08
4.20613e-07
-1.31768e-08
4.75295e-08
4.48876e-07
-9.40531e-09
5.6789e-08
4.87882e-07
9.31054e-10
5.02725e-08
4.82909e-07
1.16775e-08
3.85217e-07
1.63151e-08
-6.40913e-08
2.18138e-07
-6.96929e-09
-3.7369e-08
3.30909e-07
-1.13283e-08
-1.25134e-08
3.27545e-07
-1.25148e-08
6.40732e-09
3.58571e-07
-1.32044e-08
2.44123e-08
3.71e-07
-1.41198e-08
4.44121e-08
3.92831e-07
-1.26994e-08
6.68216e-08
4.19952e-07
-8.25228e-09
8.23688e-08
4.70097e-07
3.34988e-09
7.59407e-08
4.96703e-07
1.56667e-08
4.71913e-07
2.17573e-08
-8.6443e-08
1.48611e-07
2.95187e-09
-4.02094e-08
2.7747e-07
-2.34428e-09
-8.75188e-09
2.85539e-07
-4.16003e-09
1.42366e-08
3.24269e-07
-6.50141e-09
3.5155e-08
3.37895e-07
-8.40871e-09
5.97131e-08
3.56333e-07
-6.99986e-09
9.00949e-08
3.78838e-07
-1.78523e-09
1.16181e-07
4.3853e-07
1.00781e-08
1.13133e-07
5.04351e-07
2.24823e-08
5.96439e-07
2.9387e-08
-9.9123e-08
4.99184e-08
1.83286e-08
-3.31552e-08
2.00831e-07
1.35378e-08
1.96409e-09
2.35605e-07
1.15106e-08
2.76688e-08
2.83241e-07
7.7022e-09
4.98409e-08
2.99263e-07
5.03766e-09
7.7763e-08
3.12236e-07
6.52682e-09
1.16743e-07
3.25102e-07
1.2086e-08
1.58662e-07
3.88674e-07
2.49203e-08
1.65199e-07
4.99211e-07
3.51942e-08
7.73135e-07
4.05825e-08
-9.05399e-08
3.43636e-08
-9.82524e-09
3.46174e-08
2.55869e-08
3.41096e-08
4.86394e-08
2.9871e-08
6.94759e-08
2.6864e-08
9.8548e-08
2.9615e-08
1.44806e-07
3.75652e-08
2.0684e-07
5.24308e-08
2.30013e-07
5.82315e-08
5.69173e-08
1.49115e-09
1.40647e-07
-1.8963e-09
-3.66202e-10
2.71316e-07
-1.34839e-09
-3.69466e-10
3.28081e-07
-9.99571e-10
-1.0694e-10
3.67134e-07
-6.80633e-10
3.72568e-10
3.99864e-07
-5.59022e-10
8.65242e-10
4.4421e-07
-4.49855e-10
1.3666e-09
4.92469e-07
-3.19431e-10
1.66443e-09
5.22436e-07
-6.07641e-11
1.5285e-09
4.70603e-07
2.43298e-10
2.55878e-07
5.36623e-10
4.27878e-09
1.48262e-07
-6.46721e-09
-1.7969e-09
2.78094e-07
-5.17218e-09
-1.49751e-09
3.28435e-07
-4.04765e-09
-2.64495e-10
3.66167e-07
-2.9259e-09
1.80719e-09
3.97728e-07
-2.46253e-09
4.05872e-09
4.41722e-07
-2.03631e-09
6.30889e-09
4.89973e-07
-1.46695e-09
7.52007e-09
5.21622e-07
-2.79688e-10
6.45429e-09
4.72629e-07
1.06836e-09
2.63339e-07
2.02794e-09
3.98502e-09
1.60703e-07
-1.14595e-08
-4.90803e-09
2.88267e-07
-9.79907e-09
-3.14796e-09
3.27732e-07
-7.85753e-09
-1.66493e-10
3.63522e-07
-5.92675e-09
4.16807e-09
3.93123e-07
-5.08761e-09
8.99587e-09
4.36355e-07
-4.27757e-09
1.38198e-08
4.84623e-07
-3.10037e-09
1.6295e-08
5.19934e-07
-5.96682e-10
1.35812e-08
4.77209e-07
2.18822e-09
2.78723e-07
3.87967e-09
-4.89781e-09
1.74411e-07
-1.59264e-08
-1.06426e-08
2.96463e-07
-1.43489e-08
-5.40993e-09
3.23745e-07
-1.16502e-08
3.05048e-10
3.57935e-07
-9.16515e-09
7.62019e-09
3.85084e-07
-8.05554e-09
1.58249e-08
4.27128e-07
-6.88297e-09
2.41396e-08
4.75407e-07
-5.01129e-09
2.83876e-08
5.16851e-07
-9.49288e-10
2.35342e-08
4.8486e-07
3.5488e-09
3.04853e-07
6.09558e-09
-2.06189e-08
1.80685e-07
-1.75772e-08
-1.81871e-08
2.97319e-07
-1.70766e-08
-7.92495e-09
3.14377e-07
-1.42958e-08
1.41754e-09
3.48044e-07
-1.17773e-08
1.23643e-08
3.7261e-07
-1.06673e-08
2.47126e-08
4.13034e-07
-9.2742e-09
3.76014e-08
4.6117e-07
-6.76025e-09
4.44964e-08
5.11387e-07
-1.12051e-09
3.74436e-08
4.95526e-07
5.20624e-09
3.45629e-07
8.80931e-09
-3.52238e-08
1.7248e-07
-1.55437e-08
-2.57971e-08
2.90122e-07
-1.6443e-08
-9.85635e-09
2.98189e-07
-1.44706e-08
3.74584e-09
3.32695e-07
-1.25608e-08
1.86948e-08
3.54931e-07
-1.18243e-08
3.58569e-08
3.93165e-07
-1.04699e-08
5.46101e-08
4.40554e-07
-7.54295e-09
6.56601e-08
5.01867e-07
-5.99209e-10
5.70813e-08
5.08338e-07
7.4442e-09
4.06704e-07
1.23216e-08
-5.55741e-08
1.43277e-07
-9.63813e-09
-3.25057e-08
2.6772e-07
-1.19952e-08
-1.01156e-08
2.73979e-07
-1.06955e-08
8.0415e-09
3.11313e-07
-9.97988e-09
2.70128e-08
3.31832e-07
-9.99304e-09
4.94291e-08
3.67017e-07
-8.96897e-09
7.55178e-08
4.12198e-07
-5.98534e-09
9.32095e-08
4.85561e-07
1.96306e-09
8.50377e-08
5.2121e-07
1.09659e-08
4.96336e-07
1.7162e-08
-7.52798e-08
8.97984e-08
1.85226e-09
-3.52103e-08
2.27351e-07
-2.04517e-09
-6.91905e-09
2.42988e-07
-1.46128e-09
1.54003e-08
2.84899e-07
-2.40797e-09
3.78333e-08
3.04369e-07
-3.37944e-09
6.54716e-08
3.35207e-07
-2.82861e-09
1.00283e-07
3.75793e-07
-1.92113e-10
1.28526e-07
4.58746e-07
8.6497e-09
1.24766e-07
5.30245e-07
1.72069e-08
6.26299e-07
2.41899e-08
-8.51133e-08
1.38415e-08
1.83414e-08
-2.89113e-08
1.70399e-07
1.42872e-08
2.20464e-09
2.08489e-07
1.48938e-08
2.71695e-08
2.55409e-07
1.22266e-08
5.17294e-08
2.74463e-07
1.03828e-08
8.38208e-08
2.98773e-07
1.0869e-08
1.27885e-07
3.2986e-07
1.39543e-08
1.72065e-07
4.16904e-07
2.25817e-08
1.79774e-07
5.28993e-07
2.87362e-08
8.11938e-07
3.47178e-08
-7.60887e-08
3.32723e-08
-8.11043e-09
3.36513e-08
2.20729e-08
3.62362e-08
4.4722e-08
3.36963e-08
6.90766e-08
3.20248e-08
1.03889e-07
3.36422e-08
1.56096e-07
3.82505e-08
2.21242e-07
4.78492e-08
2.48269e-07
4.93301e-08
5.02403e-08
2.10043e-09
9.78838e-08
-1.50531e-09
1.58559e-10
2.13577e-07
-1.3136e-09
-1.24985e-10
2.71095e-07
-1.0588e-09
1.82468e-11
3.19087e-07
-7.63863e-10
4.4793e-10
3.6314e-07
-5.83179e-10
9.63775e-10
4.22333e-07
-4.43787e-10
1.52111e-09
4.8878e-07
-3.0009e-10
1.79843e-09
5.38266e-07
-8.49769e-11
1.63063e-09
4.95972e-07
1.5374e-10
2.71966e-07
4.26219e-10
6.6817e-09
1.02323e-07
-5.03059e-09
3.86855e-10
2.1954e-07
-4.84016e-09
-4.4125e-10
2.71956e-07
-4.08084e-09
2.66396e-10
3.18562e-07
-3.10914e-09
2.15956e-09
3.61262e-07
-2.47815e-09
4.52735e-09
4.1989e-07
-1.96072e-09
7.04482e-09
4.86159e-07
-1.36283e-09
8.20183e-09
5.37212e-07
-3.82479e-10
6.95512e-09
4.97594e-07
6.92927e-10
2.79315e-07
1.63391e-09
9.86503e-09
1.09557e-07
-8.95052e-09
-1.60154e-10
2.28758e-07
-8.99218e-09
-9.35122e-10
2.72569e-07
-7.69603e-09
9.25358e-10
3.16834e-07
-6.05953e-09
4.96113e-09
3.5712e-07
-4.98174e-09
1.004e-08
4.14584e-07
-4.05078e-09
1.54273e-08
4.80537e-07
-2.86604e-09
1.78236e-08
5.35016e-07
-7.96909e-10
1.47008e-08
5.01459e-07
1.44645e-09
2.94728e-07
3.16766e-09
8.46793e-09
1.18006e-07
-1.28458e-08
-2.96704e-09
2.38927e-07
-1.30829e-08
-1.83664e-09
2.71042e-07
-1.12538e-08
2.11188e-09
3.12776e-07
-9.05542e-09
9.01105e-09
3.49838e-07
-7.67207e-09
1.76402e-08
4.05485e-07
-6.41308e-09
2.68675e-08
4.70923e-07
-4.62419e-09
3.10245e-08
5.3116e-07
-1.25066e-09
2.55048e-08
5.08135e-07
2.39234e-09
3.21277e-07
5.05144e-09
-2.35132e-09
1.22883e-07
-1.58756e-08
-8.5976e-09
2.44047e-07
-1.59505e-08
-3.20469e-09
2.65033e-07
-1.36798e-08
4.00046e-09
3.05023e-07
-1.123e-08
1.44622e-08
3.38542e-07
-9.83387e-09
2.74544e-08
3.91699e-07
-8.48108e-09
4.16298e-08
4.56233e-07
-6.24673e-09
4.84525e-08
5.24749e-07
-1.53242e-09
4.05267e-08
5.17683e-07
3.58411e-09
3.63198e-07
7.41437e-09
-2.13919e-08
1.14776e-07
-1.71354e-08
-1.58772e-08
2.38163e-07
-1.60739e-08
-4.48089e-09
2.52653e-07
-1.34867e-08
6.96135e-09
2.92441e-07
-1.14211e-08
2.15159e-08
3.22574e-07
-1.04111e-08
3.96068e-08
3.72466e-07
-9.32748e-09
6.00287e-08
4.35278e-07
-7.00945e-09
7.11035e-08
5.14235e-07
-1.15937e-09
6.16038e-08
5.29397e-07
5.22992e-09
4.26605e-07
1.05186e-08
-3.99448e-08
8.97576e-08
-1.16697e-08
-2.19596e-08
2.19852e-07
-1.16687e-08
-4.42244e-09
2.33662e-07
-9.24156e-09
1.16256e-08
2.74663e-07
-8.25021e-09
3.0439e-08
3.01765e-07
-7.99798e-09
5.41716e-08
3.4733e-07
-7.56649e-09
8.22982e-08
4.0683e-07
-5.665e-09
1.00304e-07
4.97386e-07
8.05299e-10
9.1459e-08
5.41376e-07
7.83173e-09
5.20413e-07
1.48122e-08
-5.72507e-08
4.4406e-08
-3.135e-10
-2.4116e-08
1.86511e-07
-1.8387e-09
-1.60392e-09
2.09293e-07
3.95176e-10
1.88421e-08
2.51911e-07
-1.02326e-10
4.15316e-08
2.76546e-07
-8.49911e-10
7.10719e-08
3.16225e-07
-1.26352e-09
1.08357e-07
3.69455e-07
-1.01883e-10
1.37474e-07
4.70958e-07
5.95978e-09
1.33803e-07
5.49801e-07
1.24518e-08
6.57377e-07
2.10293e-08
-6.52703e-08
-1.80152e-08
1.44484e-08
-1.80917e-08
1.40758e-07
1.2862e-08
7.61292e-09
1.83111e-07
1.53714e-08
2.96138e-08
2.28532e-07
1.36052e-08
5.50401e-08
2.49316e-07
1.21861e-08
8.99003e-08
2.80903e-07
1.13302e-08
1.37391e-07
3.24192e-07
1.17269e-08
1.83232e-07
4.30459e-07
1.72387e-08
1.92627e-07
5.47993e-07
2.11481e-08
8.54379e-07
3.03428e-08
-5.63535e-08
2.73945e-08
1.4148e-09
2.93356e-08
2.44699e-08
3.45021e-08
4.48583e-08
3.31306e-08
7.10219e-08
3.21435e-08
1.09996e-07
3.21653e-08
1.66873e-07
3.31555e-08
2.3518e-07
3.84533e-08
2.66628e-07
3.73575e-08
4.42338e-08
2.20877e-09
7.22321e-08
-1.12604e-09
4.80182e-10
1.73561e-07
-1.15916e-09
8.65231e-11
2.28329e-07
-9.93102e-10
1.25117e-10
2.8135e-07
-7.70649e-10
5.1948e-10
3.34596e-07
-5.6862e-10
1.03748e-09
4.06299e-07
-4.09509e-10
1.62146e-09
4.8804e-07
-2.58068e-10
1.90423e-09
5.53347e-07
-6.3252e-11
1.72337e-09
5.18828e-07
1.48416e-10
2.86456e-07
4.21333e-10
7.16142e-09
7.47287e-08
-3.70423e-09
1.63325e-09
1.78396e-07
-4.14677e-09
4.40969e-10
2.29129e-07
-3.68817e-09
7.47634e-10
2.80956e-07
-3.02183e-09
2.48332e-09
3.32735e-07
-2.35239e-09
4.87633e-09
4.03733e-07
-1.78846e-09
7.54301e-09
4.85187e-07
-1.17659e-09
8.74488e-09
5.52051e-07
-2.88478e-10
7.40953e-09
5.2018e-07
6.76494e-10
2.93866e-07
1.63329e-09
1.15851e-08
7.89026e-08
-6.60354e-09
2.4436e-09
1.86137e-07
-7.59184e-09
9.06293e-10
2.29731e-07
-6.76134e-09
1.95444e-09
2.79581e-07
-5.73357e-09
5.66738e-09
3.28672e-07
-4.63155e-09
1.08148e-08
3.98196e-07
-3.66074e-09
1.65408e-08
4.79078e-07
-2.4826e-09
1.905e-08
5.49352e-07
-6.06628e-10
1.5715e-08
5.23544e-07
1.41764e-09
3.09565e-07
3.18366e-09
1.32844e-08
8.41807e-08
-9.75332e-09
2.05269e-09
1.95364e-07
-1.10784e-08
1.21098e-09
2.28933e-07
-9.61357e-09
3.83043e-09
2.76285e-07
-8.37798e-09
1.02136e-08
3.21609e-07
-6.99271e-09
1.89796e-08
3.88764e-07
-5.74777e-09
2.87959e-08
4.68668e-07
-4.03042e-09
3.3165e-08
5.44701e-07
-9.6911e-10
2.72965e-08
5.29474e-07
2.33044e-09
3.36827e-07
5.08541e-09
7.87185e-09
8.72998e-08
-1.28054e-08
-1.89935e-10
2.01268e-07
-1.37924e-08
1.07863e-09
2.25376e-07
-1.13919e-08
6.44857e-09
2.6986e-07
-1.01754e-08
1.62218e-08
3.10778e-07
-8.7764e-09
2.94624e-08
3.74588e-07
-7.54501e-09
4.45419e-08
4.52852e-07
-5.51054e-09
5.17191e-08
5.37229e-07
-1.23717e-09
4.33614e-08
5.38006e-07
3.40993e-09
3.80164e-07
7.43946e-09
-6.50639e-09
7.81117e-08
-1.43202e-08
-5.55774e-09
1.98281e-07
-1.40345e-08
6.95077e-10
2.16667e-07
-1.10306e-08
1.00038e-08
2.59205e-07
-1.0075e-08
2.38011e-08
2.95611e-07
-9.04121e-09
4.23331e-08
3.54968e-07
-8.24024e-09
6.40621e-08
4.30449e-07
-6.33576e-09
7.56987e-08
5.25514e-07
-1.08175e-09
6.58442e-08
5.4835e-07
4.74022e-09
4.46073e-07
1.04533e-08
-2.31544e-08
5.47687e-08
-1.07652e-08
-1.04986e-08
1.83974e-07
-1.00175e-08
1.3635e-09
2.02696e-07
-7.1322e-09
1.49527e-08
2.44187e-07
-6.82146e-09
3.30962e-08
2.76033e-07
-6.56368e-09
5.75976e-08
3.2953e-07
-6.62967e-09
8.75815e-08
4.00271e-07
-5.47073e-09
1.06441e-07
5.07274e-07
1.86101e-10
9.76542e-08
5.58368e-07
6.60046e-09
5.44054e-07
1.44854e-08
-3.88709e-08
1.51255e-08
-1.91276e-09
-1.21153e-08
1.56967e-07
-1.58647e-09
4.82585e-09
1.84747e-07
1.40357e-09
2.19527e-08
2.2622e-07
7.38371e-10
4.42537e-08
2.529e-07
-1.75371e-11
7.50965e-08
2.98549e-07
-1.1257e-09
1.14991e-07
3.61539e-07
-1.26463e-09
1.45461e-07
4.78779e-07
3.98466e-09
1.42862e-07
5.63717e-07
9.70156e-09
6.87799e-07
2.01455e-08
-4.5892e-08
-3.89106e-08
1.0435e-08
-6.0409e-09
1.18962e-07
1.10178e-08
1.29699e-08
1.66398e-07
1.47109e-08
3.17606e-08
2.07659e-07
1.33762e-08
5.73287e-08
2.27471e-07
1.20467e-08
9.4367e-08
2.62661e-07
1.01801e-08
1.45289e-07
3.1365e-07
8.69354e-09
1.93612e-07
4.35027e-07
1.26681e-08
2.06099e-07
5.56727e-07
1.56508e-08
8.95766e-07
2.8475e-08
-3.7876e-08
2.1035e-08
9.14001e-09
2.48888e-08
2.75601e-08
3.104e-08
4.51075e-08
3.06986e-08
7.2199e-08
3.00325e-08
1.14572e-07
2.88175e-08
1.75943e-07
2.70708e-08
2.48711e-07
2.98734e-08
2.86647e-07
2.75496e-08
4.09183e-08
2.01803e-09
5.6016e-08
-8.22362e-10
6.46168e-10
1.46492e-07
-9.64093e-10
2.41443e-10
1.98885e-07
-8.74254e-10
2.13521e-10
2.55513e-07
-7.10774e-10
5.67959e-10
3.17158e-07
-5.16522e-10
1.07604e-09
4.00435e-07
-3.52903e-10
1.67286e-09
4.96046e-07
-2.04523e-10
1.9552e-09
5.75024e-07
-2.30538e-11
1.78754e-09
5.45755e-07
1.76737e-10
3.02694e-07
4.62607e-10
6.63708e-09
5.69712e-08
-2.66617e-09
2.27263e-09
1.50069e-07
-3.35929e-09
1.04929e-09
1.99572e-07
-3.15245e-09
1.11483e-09
2.55141e-07
-2.71498e-09
2.70018e-09
3.15317e-07
-2.09658e-09
5.07499e-09
3.978e-07
-1.52776e-09
7.83519e-09
4.9304e-07
-9.30831e-10
9.06447e-09
5.736e-07
-9.43906e-11
7.75272e-09
5.46921e-07
8.22464e-10
3.10265e-07
1.81533e-09
1.1271e-08
5.84244e-08
-4.70089e-09
3.90239e-09
1.55882e-07
-6.03573e-09
2.18641e-09
2.00169e-07
-5.64258e-09
2.71617e-09
2.53923e-07
-5.04573e-09
6.13148e-09
3.11335e-07
-4.06511e-09
1.12664e-08
3.92108e-07
-3.1044e-09
1.72262e-08
4.86561e-07
-1.96348e-09
1.98209e-08
5.70583e-07
-1.84485e-10
1.65074e-08
5.4991e-07
1.74177e-09
3.26403e-07
3.55356e-09
1.46849e-08
5.98148e-08
-6.86488e-09
4.91898e-09
1.63257e-07
-8.68734e-09
3.4608e-09
1.99853e-07
-7.83851e-09
5.08979e-09
2.51148e-07
-7.23235e-09
1.09863e-08
3.04497e-07
-6.05095e-09
1.97606e-08
3.82431e-07
-4.84505e-09
3.00117e-08
4.75477e-07
-3.19789e-09
3.45563e-08
5.65343e-07
-2.73403e-10
2.87286e-08
5.55201e-07
2.86721e-09
3.54547e-07
5.66957e-09
1.44734e-08
5.93133e-08
-8.89473e-09
4.58774e-09
1.7013e-07
-1.07796e-08
4.6218e-09
1.97476e-07
-9.04931e-09
8.25528e-09
2.45954e-07
-8.6147e-09
1.73192e-08
2.94143e-07
-7.48697e-09
3.06145e-08
3.67922e-07
-6.33144e-09
4.63989e-08
4.58592e-07
-4.41016e-09
5.38868e-08
5.56907e-07
-2.89311e-10
4.5678e-08
5.62685e-07
4.13514e-09
3.9943e-07
8.2345e-09
6.43598e-09
5.26604e-08
-1.00822e-08
2.60233e-09
1.7126e-07
-1.13299e-08
5.6179e-09
1.91799e-07
-8.36845e-09
1.2286e-08
2.37541e-07
-8.33015e-09
2.51586e-08
2.7981e-07
-7.58086e-09
4.38463e-08
3.47889e-07
-6.89392e-09
6.66385e-08
4.34625e-07
-5.16053e-09
7.88044e-08
5.43677e-07
-1.76579e-11
6.94064e-08
5.71305e-07
5.51803e-09
4.6788e-07
1.14098e-08
-9.93281e-09
3.21546e-08
-9.26643e-09
2.97376e-10
1.59774e-07
-8.76069e-09
7.06667e-09
1.82669e-07
-4.77168e-09
1.74264e-08
2.25721e-07
-5.36032e-09
3.45316e-08
2.61456e-07
-5.31477e-09
5.93983e-08
3.21926e-07
-5.5335e-09
9.09148e-08
4.02277e-07
-4.63984e-09
1.10704e-07
5.23108e-07
9.66137e-10
1.03054e-07
5.78457e-07
7.09767e-09
5.69937e-07
1.54824e-08
-2.24219e-08
-2.63023e-09
-2.68044e-09
1.29122e-11
1.37735e-07
-1.98147e-09
1.05171e-08
1.71088e-07
2.48155e-09
2.41345e-08
2.11569e-07
1.27292e-09
4.54519e-08
2.39639e-07
4.82773e-10
7.70506e-08
2.90076e-07
-8.7487e-10
1.19084e-07
3.60448e-07
-1.46829e-09
1.51258e-07
4.91179e-07
3.73859e-09
1.51136e-07
5.7902e-07
9.26179e-09
7.20262e-07
2.09569e-08
-2.83163e-08
-4.98519e-08
6.95994e-09
4.43628e-09
1.07531e-07
8.47131e-09
1.77548e-08
1.59081e-07
1.3401e-08
3.29874e-08
1.97601e-07
1.21124e-08
5.78668e-08
2.15966e-07
1.0841e-08
9.62835e-08
2.53185e-07
8.65459e-09
1.50164e-07
3.08885e-07
6.37627e-09
2.01608e-07
4.42145e-07
1.0259e-08
2.19061e-07
5.64056e-07
1.31619e-08
9.39052e-07
2.87461e-08
-2.16423e-08
1.53075e-08
1.70983e-08
1.99388e-08
3.04171e-08
2.66909e-08
4.46561e-08
2.68551e-08
7.15721e-08
2.63448e-08
1.16244e-07
2.4605e-08
1.81505e-07
2.14794e-08
2.59815e-07
2.37761e-08
3.06843e-07
2.14856e-08
4.02428e-08
1.73004e-09
4.53912e-08
-5.88909e-10
7.12424e-10
1.28446e-07
-7.79786e-10
3.26785e-10
1.79839e-07
-7.30416e-10
2.66561e-10
2.40232e-07
-6.09425e-10
5.84855e-10
3.10335e-07
-4.32902e-10
1.07641e-09
4.0514e-07
-2.7683e-10
1.67813e-09
5.14093e-07
-1.40998e-10
1.96392e-09
6.05464e-07
2.43788e-11
1.8288e-09
5.79288e-07
2.15313e-10
3.22073e-07
5.16385e-10
5.75803e-09
4.52502e-08
-1.88637e-09
2.54238e-09
1.30966e-07
-2.66407e-09
1.38393e-09
1.80426e-07
-2.5807e-09
1.32828e-09
2.39862e-07
-2.28931e-09
2.78372e-09
3.08522e-07
-1.73946e-09
5.11746e-09
4.02474e-07
-1.19483e-09
7.94019e-09
5.1098e-07
-6.40715e-10
9.2157e-09
6.03956e-07
1.38138e-10
8.0136e-09
5.80291e-07
1.02183e-09
3.29848e-07
2.05368e-09
1.00971e-08
4.48523e-08
-3.28781e-09
4.62389e-09
1.35115e-07
-4.71111e-09
2.91813e-09
1.81029e-07
-4.53953e-09
3.15613e-09
2.38773e-07
-4.19523e-09
6.31336e-09
3.0464e-07
-3.34036e-09
1.13932e-08
3.96705e-07
-2.41524e-09
1.75302e-08
5.04225e-07
-1.34547e-09
2.02536e-08
6.00715e-07
3.33077e-10
1.71427e-08
5.8295e-07
2.19318e-09
3.46501e-07
4.0433e-09
1.40629e-08
4.38368e-08
-4.75146e-09
6.57448e-09
1.40612e-07
-6.69616e-09
4.81676e-09
1.81144e-07
-6.19573e-09
5.82247e-09
2.36467e-07
-5.93204e-09
1.12827e-08
2.98054e-07
-4.92496e-09
1.99954e-08
3.86895e-07
-3.74767e-09
3.05982e-08
4.92608e-07
-2.18399e-09
3.53946e-08
5.95032e-07
6.12865e-10
2.99108e-08
5.87655e-07
3.64656e-09
3.75622e-07
6.45932e-09
1.62059e-08
4.12133e-08
-6.14716e-09
7.85446e-09
1.46467e-07
-8.28236e-09
6.87527e-09
1.80088e-07
-7.01434e-09
9.3182e-09
2.32377e-07
-6.96714e-09
1.7712e-08
2.88207e-07
-6.03345e-09
3.09484e-08
3.72194e-07
-4.86661e-09
4.73242e-08
4.74829e-07
-3.00732e-09
5.52378e-08
5.85828e-07
1.00122e-09
4.76305e-08
5.94117e-07
5.28043e-09
4.22135e-07
9.35178e-09
1.36033e-08
3.42521e-08
-7.10775e-09
7.99233e-09
1.49653e-07
-8.90428e-09
8.95178e-09
1.77083e-07
-6.32239e-09
1.36312e-08
2.25988e-07
-6.62032e-09
2.55677e-08
2.74721e-07
-6.03166e-09
4.42255e-08
3.51894e-07
-5.25219e-09
6.79256e-08
4.49482e-07
-3.51284e-09
8.07741e-08
5.71364e-07
1.59812e-09
7.24656e-08
6.00952e-07
6.9917e-09
4.93158e-07
1.28529e-08
1.87344e-09
1.63437e-08
-6.6407e-09
7.33213e-09
1.42919e-07
-7.48369e-09
1.12943e-08
1.71703e-07
-3.35279e-09
1.88465e-08
2.17169e-07
-4.09302e-09
3.47851e-08
2.57574e-07
-4.10607e-09
5.97167e-08
3.25549e-07
-4.11975e-09
9.25574e-08
4.15116e-07
-3.1151e-09
1.13441e-07
5.48754e-07
2.69203e-09
1.0779e-07
6.04983e-07
8.71839e-09
5.99226e-07
1.72038e-08
-8.09722e-09
-1.39203e-08
-2.33395e-09
8.0707e-09
1.2698e-07
-2.20869e-09
1.49879e-08
1.64727e-07
2.54092e-09
2.52421e-08
2.06792e-07
1.39667e-09
4.52743e-08
2.37347e-07
6.78497e-10
7.71534e-08
2.93168e-07
-3.73339e-10
1.21041e-07
3.70524e-07
-7.63391e-10
1.55073e-07
5.13466e-07
4.9946e-09
1.58586e-07
6.00145e-07
1.05856e-08
7.55935e-07
2.28339e-08
-1.32666e-08
-5.56851e-08
4.58775e-09
1.27628e-08
1.03304e-07
6.1196e-09
2.15989e-08
1.57944e-07
1.13501e-08
3.32689e-08
1.96935e-07
1.02995e-08
5.68972e-08
2.15359e-07
9.20148e-09
9.59852e-08
2.55403e-07
7.33242e-09
1.52356e-07
3.15318e-07
5.21189e-09
2.07151e-07
4.58925e-07
1.00049e-08
2.31135e-07
5.76016e-07
1.33078e-08
9.85266e-07
3.05506e-08
-8.28835e-09
1.1002e-08
2.44125e-08
1.52182e-08
3.27284e-08
2.20446e-08
4.35412e-08
2.23865e-08
6.94368e-08
2.19807e-08
1.15377e-07
2.03656e-08
1.83781e-07
1.70745e-08
2.68079e-07
2.04216e-08
3.26382e-07
1.90304e-08
4.16872e-08
1.48167e-09
3.85433e-08
-4.05008e-10
7.38104e-10
1.16753e-07
-6.10191e-10
3.71118e-10
1.68667e-07
-5.8104e-10
2.91276e-10
2.33478e-07
-4.90267e-10
5.79069e-10
3.12451e-07
-3.37032e-10
1.05042e-09
4.19109e-07
-1.98166e-10
1.65164e-09
5.4135e-07
-8.18423e-11
1.93953e-09
6.44474e-07
6.36976e-11
1.84848e-09
6.19703e-07
2.42764e-10
3.44876e-07
5.52299e-10
5.00329e-09
3.76444e-08
-1.28007e-09
2.66778e-09
1.18477e-07
-2.05216e-09
1.56428e-09
1.69216e-07
-2.02594e-09
1.42888e-09
2.33148e-07
-1.82412e-09
2.77466e-09
3.10714e-07
-1.34856e-09
5.05463e-09
4.16488e-07
-8.54256e-10
7.91659e-09
5.38214e-07
-3.66729e-10
9.23304e-09
6.42958e-07
3.37553e-10
8.19584e-09
6.20587e-07
1.17488e-09
3.52897e-07
2.22769e-09
9.02206e-09
3.59272e-08
-2.18956e-09
5.03957e-09
1.21319e-07
-3.57042e-09
3.34571e-09
1.69889e-07
-3.51856e-09
3.37128e-09
2.3224e-07
-3.3121e-09
6.30625e-09
3.07013e-07
-2.57404e-09
1.13055e-08
4.10789e-07
-1.71573e-09
1.75737e-08
5.31355e-07
-7.54746e-10
2.04163e-08
6.39661e-07
7.88115e-10
1.76275e-08
6.23014e-07
2.55588e-09
3.70151e-07
4.41699e-09
1.31695e-08
3.30186e-08
-3.081e-09
7.65264e-09
1.2512e-07
-4.98053e-09
5.67896e-09
1.704e-07
-4.73288e-09
6.20122e-09
2.30423e-07
-4.63759e-09
1.12716e-08
3.00786e-07
-3.76845e-09
1.98778e-08
4.01073e-07
-2.63773e-09
3.07579e-08
5.19489e-07
-1.1977e-09
3.5789e-08
6.33827e-07
1.41569e-09
3.08514e-08
6.27296e-07
4.30134e-09
4.00379e-07
7.08312e-09
1.66356e-08
2.81084e-08
-3.83674e-09
1.01599e-08
1.29346e-07
-6.03253e-09
8.42036e-09
1.70386e-07
-5.26101e-09
9.90258e-09
2.2736e-07
-5.38615e-09
1.76691e-08
2.91564e-07
-4.57769e-09
3.07682e-08
3.86488e-07
-3.38026e-09
4.76237e-08
5.01229e-07
-1.6033e-09
5.59266e-08
6.24305e-07
2.22061e-09
4.92229e-08
6.32985e-07
6.29582e-09
4.48688e-07
1.02652e-08
1.801e-08
1.95482e-08
-4.19375e-09
1.21929e-08
1.32623e-07
-6.3628e-09
1.14166e-08
1.6945e-07
-4.60967e-09
1.44154e-08
2.22781e-07
-5.03987e-09
2.54236e-08
2.79042e-07
-4.51782e-09
4.39136e-08
3.66307e-07
-3.56179e-09
6.83553e-08
4.75055e-07
-1.78015e-09
8.18076e-08
6.09209e-07
3.24116e-09
7.50074e-08
6.38377e-07
8.39972e-09
5.22467e-07
1.40819e-08
1.504e-08
4.32041e-09
-3.62506e-09
1.36775e-08
1.31917e-07
-5.41404e-09
1.46982e-08
1.67311e-07
-2.23317e-09
1.97125e-08
2.16674e-07
-2.99974e-09
3.44046e-08
2.63212e-07
-2.9679e-09
5.91629e-08
3.4003e-07
-2.60074e-09
9.30699e-08
4.39371e-07
-1.33835e-09
1.14904e-07
5.85434e-07
4.63372e-09
1.11797e-07
6.39737e-07
1.04658e-08
6.32716e-07
1.87513e-08
4.71525e-09
-2.25364e-08
-1.24645e-09
1.54546e-08
1.21206e-07
-2.23511e-09
1.87956e-08
1.64175e-07
2.33637e-09
2.59017e-08
2.09637e-07
1.32793e-09
4.44408e-08
2.44557e-07
7.94687e-10
7.62141e-08
3.07551e-07
3.32989e-10
1.21561e-07
3.92799e-07
4.62379e-10
1.57199e-07
5.47949e-07
6.84061e-09
1.65038e-07
6.30054e-07
1.24297e-08
7.95931e-07
2.46576e-08
-1.49833e-09
-5.90462e-08
3.75576e-09
2.03088e-08
1.0186e-07
3.66064e-09
2.50588e-08
1.61578e-07
9.1991e-09
3.3311e-08
2.03362e-07
8.32411e-09
5.5333e-08
2.24265e-07
7.47203e-09
9.45046e-08
2.69414e-07
6.29839e-09
1.52784e-07
3.34853e-07
4.87919e-09
2.10557e-07
4.89284e-07
1.08981e-08
2.41942e-07
5.97358e-07
1.46192e-08
1.03589e-06
3.25293e-08
3.58329e-09
8.4926e-09
3.08948e-08
1.08756e-08
3.50446e-08
1.75855e-08
4.25175e-08
1.78699e-08
6.68599e-08
1.75293e-08
1.13228e-07
1.64402e-08
1.83955e-07
1.37421e-08
2.73863e-07
1.88332e-08
3.44644e-07
1.8558e-08
4.36481e-08
1.31599e-09
3.43311e-08
-2.66613e-10
7.53497e-10
1.09485e-07
-4.58274e-10
3.94484e-10
1.6299e-07
-4.39329e-10
2.9992e-10
2.32715e-07
-3.70912e-10
5.63637e-10
3.20757e-07
-2.44839e-10
1.01373e-09
4.39392e-07
-1.29678e-10
1.61066e-09
5.74827e-07
-3.64782e-11
1.89837e-09
6.89301e-07
8.60687e-11
1.85362e-09
6.64934e-07
2.46489e-10
3.70187e-07
5.48378e-10
4.51549e-09
3.30167e-08
-8.31685e-10
2.75583e-09
1.10714e-07
-1.52174e-09
1.66777e-09
1.63572e-07
-1.51955e-09
1.46849e-09
2.32464e-07
-1.37366e-09
2.7269e-09
3.19129e-07
-9.78831e-10
4.94869e-09
4.36874e-07
-5.57409e-10
7.83118e-09
5.71732e-07
-1.53547e-10
9.1768e-09
6.87837e-07
4.55593e-10
8.3225e-09
6.65749e-07
1.21447e-09
3.78495e-07
2.24264e-09
8.35424e-09
3.0592e-08
-1.3914e-09
5.351e-09
1.12751e-07
-2.60441e-09
3.61711e-09
1.64402e-07
-2.61523e-09
3.46761e-09
2.31781e-07
-2.47955e-09
6.22216e-09
3.1566e-07
-1.86039e-09
1.11311e-08
4.31357e-07
-1.10766e-09
1.749e-08
5.6491e-07
-2.9183e-10
2.04256e-08
6.84625e-07
1.0642e-09
1.80036e-08
6.68054e-07
2.67281e-09
3.96435e-07
4.48004e-09
1.26226e-08
2.66909e-08
-1.892e-09
8.46124e-09
1.1548e-07
-3.5473e-09
6.26876e-09
1.65337e-07
-3.47542e-09
6.39497e-09
2.30463e-07
-3.44593e-09
1.11405e-08
3.09853e-07
-2.70643e-09
1.96216e-08
4.21912e-07
-1.67469e-09
3.07104e-08
5.53041e-07
-4.17904e-10
3.59275e-08
6.78908e-07
1.91588e-09
3.16158e-08
6.72121e-07
4.54567e-09
4.27913e-07
7.22141e-09
1.67586e-08
2.06261e-08
-2.24421e-09
1.18515e-08
1.185e-07
-4.14545e-09
9.52869e-09
1.66193e-07
-3.79391e-09
1.02396e-08
2.28327e-07
-3.96105e-09
1.74683e-08
3.01304e-07
-3.25714e-09
3.03961e-08
4.07694e-07
-2.08956e-09
4.76247e-08
5.34687e-07
-4.77794e-10
5.62316e-08
6.69516e-07
3.00521e-09
5.05505e-08
6.77376e-07
6.72201e-09
4.78225e-07
1.05036e-08
1.98848e-08
1.12437e-08
-2.29082e-09
1.52285e-08
1.20923e-07
-4.12836e-09
1.32514e-08
1.66772e-07
-3.21104e-09
1.49203e-08
2.2526e-07
-3.64118e-09
2.51069e-08
2.89759e-07
-3.1596e-09
4.33655e-08
3.8796e-07
-2.08629e-09
6.8388e-08
5.08246e-07
-3.60887e-10
8.2295e-08
6.54509e-07
4.34134e-09
7.71603e-08
6.81854e-07
9.05586e-09
5.55024e-07
1.44425e-08
2.09815e-08
-3.19152e-09
-1.77882e-09
1.84755e-08
1.21171e-07
-3.15545e-09
1.7382e-08
1.66979e-07
-1.34541e-09
2.03452e-08
2.21347e-07
-2.04913e-09
3.38856e-08
2.75212e-07
-1.96092e-09
5.83518e-08
3.6215e-07
-1.25724e-09
9.3087e-08
4.71999e-07
1.73365e-10
1.15606e-07
6.30625e-07
5.99827e-09
1.15232e-07
6.81331e-07
1.13641e-08
6.69759e-07
1.92491e-08
1.8423e-08
-2.69095e-08
-3.85731e-10
2.19732e-08
1.1626e-07
-8.7271e-10
2.21769e-08
1.66996e-07
2.11592e-09
2.6506e-08
2.17102e-07
1.24416e-09
4.35783e-08
2.58065e-07
8.69944e-10
7.50356e-08
3.30037e-07
9.89015e-10
1.21492e-07
4.24403e-07
1.60234e-09
1.58285e-07
5.92447e-07
8.22633e-09
1.70649e-07
6.67929e-07
1.34679e-08
8.39778e-07
2.52874e-08
1.3341e-08
-6.13464e-08
2.68463e-09
2.7133e-08
1.02879e-07
3.25268e-09
2.8463e-08
1.67609e-07
7.25766e-09
3.35852e-08
2.13774e-07
6.53132e-09
5.39357e-08
2.39321e-07
5.86615e-09
9.28522e-08
2.91988e-07
5.43112e-09
1.52548e-07
3.64795e-07
4.7916e-09
2.126e-07
5.31621e-07
1.16719e-08
2.51577e-07
6.28174e-07
1.53977e-08
1.09065e-06
3.32392e-08
1.64683e-08
6.04874e-09
3.68534e-08
8.56745e-09
3.76686e-08
1.3606e-08
4.21032e-08
1.37616e-08
6.47261e-08
1.34102e-08
1.11029e-07
1.29483e-08
1.83418e-07
1.10878e-08
2.78074e-07
1.76908e-08
3.61608e-07
1.80739e-08
4.43582e-08
1.22761e-09
3.18894e-08
-1.67243e-10
7.68452e-10
1.05194e-07
-3.26073e-10
4.08331e-10
1.60779e-07
-3.12386e-10
3.02164e-10
2.35433e-07
-2.62128e-10
5.4832e-10
3.32152e-07
-1.65534e-10
9.78802e-10
4.6223e-07
-7.7563e-11
1.56981e-09
6.10221e-07
-8.51907e-12
1.85453e-09
7.35439e-07
8.83429e-11
1.85156e-09
7.11091e-07
2.21329e-10
3.96069e-07
4.91236e-10
4.27745e-09
3.03908e-08
-5.15414e-10
2.83957e-09
1.06184e-07
-1.07298e-09
1.73602e-09
1.61439e-07
-1.0758e-09
1.48495e-09
2.3528e-07
-9.69204e-10
2.68023e-09
3.3064e-07
-6.62098e-10
4.84775e-09
4.59836e-07
-3.30848e-10
7.73903e-09
6.07198e-07
-2.17851e-11
9.09774e-09
7.34064e-07
4.70927e-10
8.41541e-09
7.11881e-07
1.10704e-09
4.04693e-07
2.03397e-09
8.10104e-09
2.76662e-08
-8.42225e-10
5.62621e-09
1.07866e-07
-1.81242e-09
3.81042e-09
1.6248e-07
-1.8408e-09
3.51892e-09
2.34836e-07
-1.74348e-09
6.14152e-09
3.27411e-07
-1.25393e-09
1.09663e-08
4.54549e-07
-6.45786e-10
1.73868e-08
6.00492e-07
-6.55037e-12
2.03774e-08
7.31033e-07
1.1047e-09
1.83081e-08
7.14164e-07
2.45868e-09
4.23388e-07
4.09266e-09
1.25879e-08
2.33618e-08
-1.10009e-09
9.1354e-09
1.10189e-07
-2.41744e-09
6.70645e-09
1.63859e-07
-2.42493e-09
6.51688e-09
2.3399e-07
-2.41038e-09
1.102e-08
3.22014e-07
-1.81277e-09
1.93852e-08
4.45458e-07
-9.48991e-10
3.06288e-08
5.88769e-07
6.15908e-11
3.59625e-08
7.25617e-07
1.99835e-09
3.22596e-08
7.18198e-07
4.21502e-09
4.56234e-07
6.63568e-09
1.72599e-08
1.68107e-08
-1.22091e-09
1.31893e-08
1.12842e-07
-2.72746e-09
1.0365e-08
1.65497e-07
-2.6078e-09
1.04777e-08
2.32664e-07
-2.74793e-09
1.72964e-08
3.14097e-07
-2.15893e-09
3.00655e-08
4.31727e-07
-1.12744e-09
4.75815e-08
5.70564e-07
2.11249e-10
5.63776e-08
7.16677e-07
3.14943e-09
5.16953e-08
7.23321e-07
6.28129e-09
5.08729e-07
9.70387e-09
2.13297e-08
6.90499e-09
-1.10093e-09
1.74966e-08
1.15087e-07
-2.53924e-09
1.46388e-08
1.67278e-07
-2.13423e-09
1.53119e-08
2.30835e-07
-2.48508e-09
2.48597e-08
3.0344e-07
-2.0494e-09
4.29008e-08
4.12606e-07
-1.00566e-09
6.83779e-08
5.44225e-07
5.01561e-10
8.25567e-08
7.02281e-07
4.55889e-09
7.90468e-08
7.27361e-07
8.52522e-09
5.88803e-07
1.34153e-08
2.40284e-08
-7.95652e-09
-5.92899e-10
2.18749e-08
1.15707e-07
-1.62157e-09
1.94103e-08
1.69138e-07
-7.39699e-10
2.08907e-08
2.28622e-07
-1.31576e-09
3.35171e-08
2.90025e-07
-1.1721e-09
5.76975e-08
3.87484e-07
-3.16341e-10
9.3081e-08
5.07949e-07
1.06518e-09
1.15996e-07
6.79104e-07
6.25996e-09
1.18277e-07
7.25681e-07
1.07629e-08
7.08347e-07
1.79823e-08
2.51705e-08
-2.9772e-08
4.50226e-10
2.65898e-08
1.13202e-07
2.14813e-10
2.47909e-08
1.71271e-07
1.78278e-09
2.71349e-08
2.26464e-07
1.05857e-09
4.30105e-08
2.74178e-07
8.41263e-10
7.41301e-08
3.56013e-07
1.34084e-09
1.21445e-07
4.60052e-07
2.18467e-09
1.58933e-07
6.41459e-07
8.38413e-09
1.75676e-07
7.09641e-07
1.27646e-08
8.85544e-07
2.3766e-08
2.31242e-08
-6.2656e-08
1.96308e-09
3.24413e-08
1.0415e-07
2.98992e-09
3.13403e-08
1.74172e-07
5.45894e-09
3.413e-08
2.25363e-07
4.84285e-09
5.3057e-08
2.56751e-07
4.36734e-09
9.16413e-08
3.18372e-07
4.48878e-09
1.52411e-07
3.99672e-07
4.40219e-09
2.14044e-07
5.802e-07
1.12974e-08
2.60362e-07
6.64354e-07
1.43676e-08
1.14771e-06
3.14359e-08
2.53402e-08
3.97462e-09
4.17608e-08
6.66686e-09
4.02165e-08
1.00056e-08
4.23177e-08
1.00195e-08
6.34052e-08
9.69233e-09
1.09487e-07
9.74693e-09
1.8309e-07
8.61563e-09
2.81597e-07
1.58004e-08
3.77588e-07
1.60028e-08
4.22639e-08
1.18914e-09
3.05505e-08
-9.68868e-11
7.83254e-10
1.0278e-07
-2.09961e-10
4.17909e-10
1.60412e-07
-1.99869e-10
3.03238e-10
2.39432e-07
-1.66434e-10
5.37675e-10
3.43658e-07
-1.00792e-10
9.52204e-10
4.83685e-07
-4.16307e-11
1.53744e-09
6.42649e-07
4.15223e-12
1.81774e-09
7.77349e-07
7.17954e-11
1.84847e-09
7.53038e-07
1.68172e-10
4.19791e-07
3.75962e-10
4.19506e-09
2.89911e-08
-2.96011e-10
2.91797e-09
1.03671e-07
-6.86924e-10
1.78668e-09
1.61155e-07
-6.86852e-10
1.49732e-09
2.39367e-07
-6.1518e-10
2.65169e-09
3.42245e-07
-4.03292e-10
4.77563e-09
4.81405e-07
-1.75048e-10
7.66981e-09
6.39697e-07
3.606e-11
9.0299e-09
7.76074e-07
3.85536e-10
8.49119e-09
7.53833e-07
8.5068e-10
4.28743e-07
1.57247e-09
8.09684e-09
2.61841e-08
-4.74674e-10
5.86596e-09
1.0524e-07
-1.15046e-09
3.95791e-09
1.62394e-07
-1.17161e-09
3.56087e-09
2.39125e-07
-1.10471e-09
6.09761e-09
3.39216e-07
-7.61324e-10
1.08564e-08
4.76334e-07
-3.32948e-10
1.73193e-08
6.33117e-07
1.11295e-10
2.03343e-08
7.73256e-07
9.08261e-10
1.85659e-08
7.56159e-07
1.90188e-09
4.48217e-07
3.18507e-09
1.28618e-08
2.18039e-08
-5.98905e-10
9.69623e-09
1.07501e-07
-1.51287e-09
7.04378e-09
1.64157e-07
-1.53533e-09
6.6198e-09
2.38662e-07
-1.52259e-09
1.0962e-08
3.34155e-07
-1.09398e-09
1.92386e-08
4.67577e-07
-4.68807e-10
3.05988e-08
6.21573e-07
2.45212e-10
3.59906e-08
7.68212e-07
1.65068e-09
3.28169e-08
7.60268e-07
3.27929e-09
4.82472e-07
5.19724e-09
1.80549e-08
1.5215e-08
-6.23478e-10
1.42663e-08
1.10226e-07
-1.66389e-09
1.10117e-08
1.66439e-07
-1.63508e-09
1.06837e-08
2.37968e-07
-1.72654e-09
1.72234e-08
3.26745e-07
-1.28905e-09
2.98741e-08
4.54312e-07
-5.13531e-10
4.76151e-08
6.0359e-07
4.53398e-10
5.65051e-08
7.59856e-07
2.61527e-09
5.27053e-08
7.65435e-07
4.91382e-09
5.37226e-07
7.65496e-09
2.28531e-08
5.32603e-09
-4.86102e-10
1.92618e-08
1.12744e-07
-1.46537e-09
1.57114e-08
1.69161e-07
-1.3059e-09
1.56624e-08
2.37076e-07
-1.54325e-09
2.47656e-08
3.16788e-07
-1.19505e-09
4.26461e-08
4.35788e-07
-3.61567e-10
6.84864e-08
5.77487e-07
7.6405e-10
8.27935e-08
7.46303e-07
3.80507e-09
8.07419e-08
7.69308e-07
6.70406e-09
6.20708e-07
1.06754e-08
2.63387e-08
-9.48795e-09
-1.01431e-10
2.43965e-08
1.13828e-07
-7.61955e-10
2.09751e-08
1.7222e-07
-3.77241e-10
2.14062e-08
2.36106e-07
-7.7739e-10
3.33838e-08
3.04256e-07
-6.1731e-10
5.73532e-08
4.11352e-07
1.49824e-10
9.32592e-08
5.41404e-07
1.24274e-09
1.16359e-07
7.24224e-07
5.23915e-09
1.2106e-07
7.66872e-07
8.49799e-09
7.45283e-07
1.44681e-08
2.83836e-08
-3.11645e-08
5.96091e-10
2.98026e-08
1.12052e-07
5.72566e-10
2.68135e-08
1.75709e-07
1.2844e-09
2.77918e-08
2.35425e-07
7.6202e-10
4.28006e-08
2.89413e-07
6.75198e-10
7.36692e-08
3.80564e-07
1.26049e-09
1.21675e-07
4.93544e-07
2.03831e-09
1.59547e-07
6.87749e-07
6.98755e-09
1.80342e-07
7.48762e-07
1.00797e-08
9.29997e-07
1.93941e-08
2.96917e-08
-6.25747e-08
1.45144e-09
3.62869e-08
1.05953e-07
2.49607e-09
3.36562e-08
1.80109e-07
3.69078e-09
3.48433e-08
2.35875e-07
3.20718e-09
5.27118e-08
2.72992e-07
2.92085e-09
9.10463e-08
3.43429e-07
3.29007e-09
1.52666e-07
4.32874e-07
3.45274e-09
2.15424e-07
6.27045e-07
9.24288e-09
2.68648e-07
6.98687e-07
1.12181e-08
1.20395e-06
2.61265e-08
3.0897e-08
2.7785e-09
4.53704e-08
4.78865e-09
4.24362e-08
6.64025e-09
4.29357e-08
6.55007e-09
6.28428e-08
6.30695e-09
1.08756e-07
6.6222e-09
1.83272e-07
6.01606e-09
2.85033e-07
1.24146e-08
3.93021e-07
1.20412e-08
3.59746e-08
1.17537e-09
2.98619e-08
-4.36217e-11
7.95192e-10
1.01502e-07
-1.03526e-10
4.24685e-10
1.60741e-07
-9.71119e-11
3.0462e-10
2.43017e-07
-8.0755e-11
5.31982e-10
3.52798e-07
-4.71344e-11
9.35364e-10
5.00233e-07
-1.74669e-11
1.5168e-09
6.67435e-07
5.8204e-12
1.79286e-09
8.09379e-07
4.06228e-11
1.84748e-09
7.85239e-07
9.23547e-11
4.38218e-07
2.06795e-10
4.1815e-09
2.82852e-08
-1.32682e-10
2.97918e-09
1.02355e-07
-3.37666e-10
1.82325e-09
1.61543e-07
-3.33367e-10
1.50958e-09
2.43014e-07
-2.98596e-10
2.64046e-09
3.51453e-07
-1.88962e-10
4.73448e-09
4.98036e-07
-7.28996e-11
7.6321e-09
6.64537e-07
3.62651e-11
8.98817e-09
8.0819e-07
2.18452e-10
8.55425e-09
7.86054e-07
4.69841e-10
4.47472e-07
8.72837e-10
8.17594e-09
2.54643e-08
-2.09788e-10
6.04569e-09
1.03898e-07
-5.63212e-10
4.06388e-09
1.62921e-07
-5.67622e-10
3.59896e-09
2.4291e-07
-5.35842e-10
6.08683e-09
3.4856e-07
-3.55768e-10
1.08019e-08
4.93123e-07
-1.35047e-10
1.7298e-08
6.58055e-07
9.7228e-11
2.03197e-08
8.0556e-07
5.15729e-10
1.87758e-08
7.88445e-07
1.05425e-09
4.67655e-07
1.77813e-09
1.31846e-08
2.10944e-08
-2.57294e-10
1.01067e-08
1.06199e-07
-7.3591e-10
7.28479e-09
1.64949e-07
-7.4138e-10
6.7084e-09
2.42702e-07
-7.37519e-10
1.09576e-08
3.43725e-07
-5.0842e-10
1.91785e-08
4.84615e-07
-1.81202e-10
3.06274e-08
6.46655e-07
1.96594e-10
3.60425e-08
8.00856e-07
9.40448e-10
3.32731e-08
7.92669e-07
1.82458e-09
5.03204e-07
2.92119e-09
1.88079e-08
1.45647e-08
-2.52998e-10
1.50453e-08
1.09098e-07
-8.00225e-10
1.14731e-08
1.67671e-07
-7.84267e-10
1.08565e-08
2.42426e-07
-8.3429e-10
1.72309e-08
3.36655e-07
-5.93173e-10
2.98112e-08
4.717e-07
-1.78673e-10
4.77235e-08
6.28855e-07
3.41026e-10
5.66528e-08
7.93045e-07
1.49688e-09
5.35452e-08
7.97946e-07
2.74535e-09
5.60062e-07
4.34212e-09
2.41998e-08
4.7947e-09
-1.68223e-10
2.05326e-08
1.11987e-07
-6.86728e-10
1.64791e-08
1.71034e-07
-6.15137e-10
1.59555e-08
2.42148e-07
-7.41515e-10
2.47884e-08
3.27164e-07
-5.37432e-10
4.25779e-08
4.53627e-07
-7.8471e-11
6.86976e-08
6.02958e-07
5.41434e-10
8.30585e-08
7.80298e-07
2.19074e-09
8.2182e-08
8.01765e-07
3.76153e-09
6.46787e-07
6.13281e-09
2.83071e-08
-9.86935e-09
3.666e-11
2.62019e-08
1.13648e-07
-3.16714e-10
2.21011e-08
1.74909e-07
-1.51665e-10
2.1845e-08
2.41991e-07
-3.63802e-10
3.34195e-08
3.15221e-07
-2.48317e-10
5.7274e-08
4.29723e-07
1.99345e-10
9.35871e-08
5.67063e-07
8.23845e-10
1.16778e-07
7.5931e-07
3.03609e-09
1.23484e-07
7.98772e-07
4.78471e-09
7.76279e-07
8.46004e-09
3.06705e-08
-3.15958e-08
4.06829e-10
3.20461e-08
1.12472e-07
3.74146e-10
2.8277e-08
1.79284e-07
6.79937e-10
2.83747e-08
2.42263e-07
3.92501e-10
4.28357e-08
3.01049e-07
3.86745e-10
7.35761e-08
3.9948e-07
7.63674e-10
1.22125e-07
5.19303e-07
1.25012e-09
1.60265e-07
7.24087e-07
4.07072e-09
1.84509e-07
7.78929e-07
5.67803e-09
9.68558e-07
1.16246e-08
3.26677e-08
-6.23751e-08
9.39962e-10
3.87887e-08
1.07477e-07
1.37206e-09
3.53438e-08
1.84539e-07
1.88114e-09
3.55289e-08
2.43692e-07
1.59373e-09
5.27177e-08
2.853e-07
1.48156e-09
9.09438e-08
3.62777e-07
1.76722e-09
1.53224e-07
4.58526e-07
1.94995e-09
2.1695e-07
6.64219e-07
5.38514e-09
2.76233e-07
7.24598e-07
6.26701e-09
1.2547e-06
1.62155e-08
3.38421e-08
1.64754e-09
4.77583e-08
2.51401e-09
4.41403e-08
3.34413e-09
4.36425e-08
3.24023e-09
6.27701e-08
3.12492e-09
1.08652e-07
3.39333e-09
1.83841e-07
3.1526e-09
2.88602e-07
7.14623e-09
4.07464e-07
6.52187e-09
2.33625e-08
1.17234e-09
2.95878e-08
8.01565e-10
1.00947e-07
4.28626e-10
1.61077e-07
3.0579e-10
2.45085e-07
5.29958e-10
3.57833e-07
9.27728e-10
5.09237e-07
1.50778e-09
6.80908e-07
1.78188e-09
8.26819e-07
1.84858e-09
8.02895e-07
4.48461e-07
4.18842e-09
2.80131e-08
3.01163e-09
1.01786e-07
1.84398e-09
1.61911e-07
1.51784e-09
2.45113e-07
2.63896e-09
3.56523e-07
4.71846e-09
5.07085e-07
7.62144e-09
6.78041e-07
8.97469e-09
8.25684e-07
8.59836e-09
8.03742e-07
4.57932e-07
8.24271e-09
2.52032e-08
6.13976e-09
1.03326e-07
4.12235e-09
1.63361e-07
3.62286e-09
2.45077e-07
6.09136e-09
3.53699e-07
1.0786e-08
5.02255e-07
1.73082e-08
6.71616e-07
2.03302e-08
8.23178e-07
1.89148e-08
8.06211e-07
4.78625e-07
1.3393e-08
2.08666e-08
1.032e-08
1.05663e-07
7.41549e-09
1.65524e-07
6.76183e-09
2.44993e-07
1.09745e-08
3.48978e-07
1.91701e-08
4.93878e-07
3.0683e-08
6.603e-07
3.61026e-08
8.18699e-07
3.35742e-08
8.10564e-07
5.1512e-07
1.92603e-08
1.44073e-08
1.54493e-08
1.08674e-07
1.17212e-08
1.68468e-07
1.09583e-08
2.44921e-07
1.72664e-08
3.42077e-07
2.98163e-08
4.8115e-07
4.78501e-08
6.42607e-07
5.67867e-08
8.11259e-07
5.41092e-08
8.15987e-07
5.73571e-07
2.49879e-08
4.75081e-09
2.11921e-08
1.11784e-07
1.68907e-08
1.72155e-07
1.61266e-08
2.44944e-07
2.48489e-08
3.32817e-07
4.26012e-08
4.63319e-07
6.89219e-08
6.16828e-07
8.3294e-08
7.99078e-07
8.318e-08
8.19863e-07
6.62884e-07
2.94478e-08
-9.77622e-09
2.71404e-08
1.13775e-07
2.27066e-08
1.76437e-07
2.21022e-08
2.45185e-07
3.35087e-08
3.21163e-07
5.73213e-08
4.39706e-07
9.39366e-08
5.81036e-07
1.17169e-07
7.78881e-07
1.25235e-07
8.16582e-07
7.96579e-07
3.20551e-08
-3.13593e-08
3.32104e-08
1.12995e-07
2.90701e-08
1.81258e-07
2.87221e-08
2.45926e-07
4.29529e-08
3.07319e-07
7.36574e-08
4.09765e-07
1.22627e-07
5.33317e-07
1.60971e-07
7.44608e-07
1.87671e-07
7.9556e-07
9.95875e-07
3.41898e-08
-6.17931e-08
4.00632e-08
1.08496e-07
3.6271e-08
1.86933e-07
3.59502e-08
2.47841e-07
5.28533e-08
2.91898e-07
9.1075e-08
3.73311e-07
1.53894e-07
4.72448e-07
2.18452e-07
6.85435e-07
2.82278e-07
7.38002e-07
1.29437e-06
3.55474e-08
4.90113e-08
4.51082e-08
4.4099e-08
6.29004e-08
1.08843e-07
1.84613e-07
2.91961e-07
4.19495e-07
-1.00102e-10
5.13224e-08
4.54169e-09
7.3747e-10
9.48e-08
5.09457e-09
1.59264e-09
1.3273e-07
3.8209e-09
1.39813e-09
1.8318e-07
1.9698e-09
-3.75013e-10
2.65284e-07
3.62461e-10
-2.43087e-10
4.35712e-07
-1.11259e-09
6.77184e-10
5.08602e-07
-8.14673e-10
1.27467e-09
5.29117e-07
-1.46647e-09
-1.65231e-09
4.67076e-07
-1.94463e-09
2.66164e-07
9.2532e-10
-2.25962e-10
5.39865e-08
1.51653e-08
2.45553e-09
9.63978e-08
1.79652e-08
5.25032e-09
1.362e-07
1.35138e-08
3.98786e-09
1.92252e-07
6.27414e-09
-3.04764e-09
2.78671e-07
-2.57706e-09
-1.37866e-09
4.37338e-07
-3.64578e-09
2.23784e-09
5.0827e-07
-4.24083e-09
5.85042e-09
5.28804e-07
-4.60091e-09
-2.13029e-09
4.79175e-07
-5.79147e-09
2.84499e-07
1.6713e-09
-3.58668e-10
5.88081e-08
2.73726e-08
4.07418e-09
9.95257e-08
3.27262e-08
8.49863e-09
1.42812e-07
2.3666e-08
3.41064e-09
2.09889e-07
7.8143e-09
-8.13546e-09
2.98406e-07
-9.57853e-09
-4.11219e-09
4.38502e-07
-6.67618e-09
3.92634e-09
5.04892e-07
-6.71213e-09
1.29545e-08
5.25154e-07
-6.54037e-09
6.24783e-09
4.92566e-07
-8.1026e-09
3.17155e-07
-3.25413e-10
-9.17834e-10
6.66877e-08
4.12255e-08
4.71368e-09
1.04777e-07
4.77546e-08
9.02782e-09
1.53543e-07
3.1249e-08
-2.39233e-09
2.3257e-07
1.34533e-09
-1.45551e-08
3.18455e-07
-1.67845e-08
-7.8767e-09
4.36145e-07
-1.22813e-08
5.06264e-09
4.96006e-07
-9.91803e-09
2.00654e-08
5.15487e-07
-1.00476e-08
1.87375e-08
5.01988e-07
-1.03702e-08
3.59363e-07
-1.48467e-08
-2.82244e-09
7.93596e-08
5.6651e-08
2.21107e-09
1.12985e-07
6.04082e-08
2.64622e-09
1.69296e-07
3.2153e-08
-1.14795e-08
2.52502e-07
-1.22581e-08
-2.06457e-08
3.30775e-07
-2.58571e-08
-1.12818e-08
4.25539e-07
-2.23671e-08
5.09574e-09
4.77872e-07
-1.91854e-08
2.45642e-08
4.95217e-07
-1.86615e-08
2.78765e-08
5.03002e-07
-1.62846e-08
3.91805e-07
-3.14662e-08
-7.77892e-09
9.99715e-08
7.33517e-08
-6.66147e-09
1.24579e-07
6.67256e-08
-1.266e-08
1.84381e-07
1.94151e-08
-2.29833e-08
2.5832e-07
-2.4288e-08
-2.67515e-08
3.25941e-07
-3.95235e-08
-1.49403e-08
4.01512e-07
-3.91237e-08
4.35462e-09
4.45291e-07
-3.58935e-08
2.83703e-08
4.57619e-07
-3.55761e-08
4.163e-08
4.81679e-07
-2.86082e-08
3.92443e-07
-4.41755e-08
-1.96036e-08
1.34798e-07
9.07317e-08
-2.73922e-08
1.38501e-07
6.20235e-08
-3.68026e-08
1.79789e-07
-6.91094e-09
-3.80254e-08
2.35976e-07
-4.59513e-08
-3.53114e-08
2.96293e-07
-6.08154e-08
-2.09691e-08
3.56711e-07
-6.24245e-08
2.00261e-09
3.89535e-07
-6.02117e-08
3.23572e-08
3.91582e-07
-6.16148e-08
6.61785e-08
4.18422e-07
-5.1868e-08
3.29934e-07
-6.76324e-08
-4.40253e-08
1.94565e-07
1.07835e-07
-6.40805e-08
1.46054e-07
4.01219e-08
-6.59264e-08
1.40748e-07
-3.29347e-08
-5.77408e-08
1.77731e-07
-7.16784e-08
-4.9267e-08
2.35561e-07
-8.53989e-08
-3.31145e-08
2.84345e-07
-8.90151e-08
-6.64434e-09
3.02113e-07
-8.89711e-08
3.27933e-08
2.84227e-07
-9.33771e-08
1.00406e-07
2.89054e-07
-8.2948e-08
1.84411e-07
-1.03579e-07
-9.08686e-08
2.98603e-07
1.24924e-07
-1.17133e-07
1.24309e-07
-4.22745e-10
-9.98049e-08
4.94315e-08
-5.76416e-08
-8.3408e-08
8.12525e-08
-9.18224e-08
-7.23559e-08
1.43313e-07
-1.04549e-07
-5.66388e-08
1.82627e-07
-1.10151e-07
-2.87822e-08
1.80663e-07
-1.12333e-07
1.93897e-08
1.31649e-07
-1.18761e-07
1.24044e-07
8.56615e-08
-1.08474e-07
-4.61605e-08
-1.33533e-07
-1.41175e-07
1.39826e-07
-1.62623e-07
-1.16532e-08
-1.32655e-07
-6.1999e-08
-1.15575e-07
-9.3173e-08
-1.07315e-07
-1.05978e-07
-9.53474e-08
-1.12632e-07
-6.93033e-08
-1.1447e-07
-1.56409e-08
-1.18464e-07
1.10149e-07
-1.06019e-07
-1.33906e-07
-7.84797e-10
1.38487e-07
2.72286e-09
-3.36804e-10
2.56716e-07
2.54521e-09
1.57283e-10
3.22902e-07
1.31088e-09
1.50991e-10
3.70206e-07
-2.03798e-11
-2.21528e-10
4.21982e-07
-1.01931e-09
-7.35334e-11
4.79304e-07
-1.05243e-09
3.41735e-10
5.16786e-07
-8.71984e-10
8.50237e-10
5.29767e-07
-9.5331e-10
6.90923e-10
5.21066e-07
-9.99119e-10
4.47718e-07
-6.60525e-10
-2.80226e-09
1.47062e-07
9.39232e-09
-1.37762e-09
2.63637e-07
9.62018e-09
3.81397e-10
3.2965e-07
5.00654e-09
1.55471e-10
3.7722e-07
-5.1358e-10
-1.47814e-09
4.25917e-07
-4.87908e-09
-5.07223e-10
4.79165e-07
-4.47808e-09
1.16694e-09
5.14787e-07
-3.91615e-09
3.48704e-09
5.26749e-07
-3.90279e-09
2.92255e-09
5.20001e-07
-4.16216e-09
4.55678e-07
-3.79825e-09
-5.33577e-09
1.62819e-07
1.69519e-08
-3.02949e-09
2.7619e-07
1.78668e-08
-8.75503e-11
3.41595e-07
8.77915e-09
-9.89471e-10
3.88628e-07
-2.69226e-09
-3.93119e-09
4.30092e-07
-1.08111e-08
-1.6804e-09
4.79521e-07
-9.28237e-09
2.11559e-09
5.12226e-07
-7.94766e-09
6.75377e-09
5.23246e-07
-7.67551e-09
5.10425e-09
5.21393e-07
-7.84494e-09
4.69108e-07
-8.96089e-09
-8.88733e-09
1.87807e-07
2.51244e-08
-6.08004e-09
2.95119e-07
2.60175e-08
-2.69407e-09
3.58407e-07
1.10504e-08
-4.66329e-09
3.99953e-07
-8.01037e-09
-7.59089e-09
4.34519e-07
-1.82842e-08
-3.54818e-09
4.78893e-07
-1.5697e-08
3.05113e-09
5.08975e-07
-1.32663e-08
1.05488e-08
5.18213e-07
-1.25132e-08
8.5008e-09
5.24587e-07
-1.15169e-08
4.7597e-07
-1.52047e-08
-1.46014e-08
2.25345e-07
3.3714e-08
-1.22861e-08
3.20652e-07
3.25596e-08
-9.30527e-09
3.77353e-07
1.02259e-08
-1.14956e-08
4.05519e-07
-1.56345e-08
-1.23084e-08
4.35875e-07
-2.64013e-08
-5.8185e-09
4.73992e-07
-2.39569e-08
3.8453e-09
5.00722e-07
-2.05972e-08
1.5111e-08
5.07353e-07
-1.90678e-08
1.62952e-08
5.23011e-07
-1.58929e-08
4.68333e-07
-2.07488e-08
-2.45354e-08
2.80649e-07
4.25834e-08
-2.42669e-08
3.5123e-07
3.58795e-08
-2.22272e-08
3.89357e-07
5.37051e-09
-2.114e-08
4.04039e-07
-2.38963e-08
-1.8272e-08
4.28656e-07
-3.51735e-08
-8.92697e-09
4.59335e-07
-3.3812e-08
4.28932e-09
4.81451e-07
-2.98392e-08
2.06024e-08
4.83051e-07
-2.75879e-08
3.04728e-08
5.06111e-07
-2.15801e-08
4.40948e-07
-2.61019e-08
-4.21422e-08
3.61797e-07
5.17249e-08
-4.54441e-08
3.81486e-07
3.50678e-08
-4.16611e-08
3.80408e-07
-1.74594e-09
-3.44927e-08
3.83399e-07
-3.24802e-08
-2.67599e-08
4.04068e-07
-4.39612e-08
-1.43242e-08
4.28232e-07
-4.37588e-08
3.17336e-09
4.43171e-07
-3.94309e-08
2.63823e-08
4.34909e-07
-3.66838e-08
5.39525e-08
4.55028e-07
-2.83568e-08
3.74227e-07
-3.21721e-08
-7.20549e-08
4.80253e-07
6.14336e-08
-7.94391e-08
3.97684e-07
3.13071e-08
-6.73676e-08
3.43109e-07
-7.70908e-09
-5.22048e-08
3.34539e-07
-3.79828e-08
-3.96679e-08
3.55523e-07
-4.93925e-08
-2.48388e-08
3.74548e-07
-5.01627e-08
-3.2638e-09
3.78082e-07
-4.54595e-08
2.82283e-08
3.52214e-07
-4.21771e-08
8.27908e-08
3.49747e-07
-3.22329e-08
2.43867e-07
-3.61527e-08
-1.18258e-07
6.50594e-07
7.28415e-08
-1.25772e-07
3.74283e-07
3.04918e-08
-9.87622e-08
2.62149e-07
-3.6926e-09
-7.52548e-08
2.53138e-07
-3.39309e-08
-5.99214e-08
2.81208e-07
-4.55699e-08
-4.49149e-08
2.96497e-07
-4.71086e-08
-2.22074e-08
2.84604e-07
-4.1565e-08
1.69632e-08
2.31373e-07
-3.70927e-08
1.02325e-07
1.81821e-07
-2.59124e-08
4.4537e-08
-3.16255e-08
-1.78409e-07
8.76475e-08
-1.76495e-07
4.31783e-08
-1.32305e-07
1.53763e-08
-1.04702e-07
-1.19686e-08
-9.07668e-08
-2.55456e-08
-7.905e-08
-2.79536e-08
-5.878e-08
-2.111e-08
-1.52718e-08
-1.50119e-08
9.0297e-08
-3.85409e-09
-1.6997e-08
-1.18538e-09
1.95768e-07
1.53784e-09
-1.03698e-09
3.63613e-07
1.18494e-09
-6.56613e-10
4.32218e-07
4.2454e-10
-4.16108e-10
4.54317e-07
-2.94878e-10
-3.56003e-10
4.64922e-07
-7.43635e-10
-3.05592e-12
4.69898e-07
-7.29678e-10
4.29009e-10
4.75237e-07
-6.49741e-10
1.08611e-09
4.70953e-07
-7.18915e-10
1.72028e-09
4.55827e-07
-1.07412e-09
3.86624e-07
-1.73024e-09
-4.71155e-09
2.04359e-07
5.51246e-09
-4.51546e-09
3.6824e-07
4.79677e-09
-3.04857e-09
4.34025e-07
1.73259e-09
-2.04141e-09
4.54213e-07
-1.41601e-09
-1.6643e-09
4.63052e-07
-3.38655e-09
-1.18508e-10
4.67176e-07
-3.30179e-09
1.74736e-09
4.72434e-07
-2.97874e-09
4.25034e-09
4.67675e-07
-3.1273e-09
5.03337e-09
4.54811e-07
-3.92932e-09
3.91182e-07
-4.7193e-09
-9.62125e-09
2.20827e-07
1.01051e-08
-9.75333e-09
3.77024e-07
9.21493e-09
-6.96425e-09
4.36909e-07
3.106e-09
-4.91294e-09
4.52904e-07
-3.43524e-09
-3.78569e-09
4.58426e-07
-7.3118e-09
-5.06038e-10
4.61656e-07
-7.04258e-09
3.41243e-09
4.66906e-07
-6.33807e-09
8.19247e-09
4.61572e-07
-6.35325e-09
7.31222e-09
4.54518e-07
-6.67158e-09
3.93927e-07
-5.51102e-09
-1.65477e-08
2.47387e-07
1.5112e-08
-1.74193e-08
3.90107e-07
1.38059e-08
-1.30762e-08
4.39666e-07
3.95014e-09
-9.55446e-09
4.47983e-07
-6.6108e-09
-6.86897e-09
4.4963e-07
-1.21744e-08
-1.28182e-09
4.52166e-07
-1.17947e-08
5.34308e-09
4.57606e-07
-1.05916e-08
1.31218e-08
4.51453e-07
-1.01734e-08
1.17896e-08
4.53552e-07
-9.2188e-09
3.91467e-07
-6.44097e-09
-2.67136e-08
2.87329e-07
2.04854e-08
-2.87533e-08
4.06731e-07
1.79744e-08
-2.2404e-08
4.39781e-07
3.76126e-09
-1.63965e-08
4.36921e-07
-1.05813e-08
-1.10419e-08
4.3519e-07
-1.73161e-08
-2.58857e-09
4.36914e-07
-1.71584e-08
7.46324e-09
4.42393e-07
-1.54373e-08
1.95906e-08
4.34633e-07
-1.43757e-08
2.19559e-08
4.47218e-07
-1.19249e-08
3.78612e-07
-8.53901e-09
-4.2091e-08
3.45645e-07
2.63575e-08
-4.55444e-08
4.24712e-07
2.13517e-08
-3.60109e-08
4.33121e-07
2.49623e-09
-2.57847e-08
4.17151e-07
-1.43524e-08
-1.66588e-08
4.12812e-07
-2.19228e-08
-4.92635e-09
4.13609e-07
-2.22407e-08
9.29878e-09
4.1835e-07
-2.00214e-08
2.75517e-08
4.07009e-07
-1.82174e-08
3.99471e-08
4.27661e-07
-1.44204e-08
3.48506e-07
-1.07875e-08
-6.55761e-08
4.2983e-07
3.31157e-08
-6.98787e-08
4.39839e-07
2.42424e-08
-5.46218e-08
4.14586e-07
1.53102e-09
-3.81913e-08
3.84702e-07
-1.64635e-08
-2.45263e-08
3.79704e-07
-2.4519e-08
-9.45869e-09
3.80088e-07
-2.53063e-08
9.46237e-09
3.8253e-07
-2.25339e-08
3.54729e-08
3.64167e-07
-1.98542e-08
6.52221e-08
3.84567e-07
-1.50133e-08
2.90354e-07
-1.12123e-08
-1.0084e-07
5.50561e-07
4.15416e-08
-1.03564e-07
4.45463e-07
2.84065e-08
-7.85647e-08
3.76967e-07
4.90982e-09
-5.41055e-08
3.36396e-07
-1.41374e-08
-3.59492e-08
3.3456e-07
-2.24061e-08
-1.82481e-08
3.35773e-07
-2.35506e-08
5.26365e-09
3.33589e-07
-2.00324e-08
3.92221e-08
3.04222e-07
-1.61928e-08
9.27494e-08
3.09335e-07
-1.05303e-08
1.94107e-07
-6.80006e-09
-1.51012e-07
7.21388e-07
5.30264e-08
-1.46773e-07
4.33651e-07
3.80636e-08
-1.06983e-07
3.16031e-07
1.74503e-08
-7.39845e-08
2.73166e-07
-3.70065e-09
-5.27366e-08
2.7985e-07
-1.21102e-08
-3.41717e-08
2.83714e-07
-1.36162e-08
-8.54606e-09
2.75612e-07
-9.21504e-09
3.1732e-08
2.31027e-07
-4.1776e-09
1.10327e-07
2.02509e-07
2.31611e-09
6.01212e-08
4.97813e-09
-2.13033e-07
6.92359e-08
-1.95291e-07
5.97028e-08
-1.37419e-07
4.48977e-08
-9.83132e-08
2.23867e-08
-7.67461e-08
1.05944e-08
-5.99875e-08
7.74091e-09
-3.65522e-08
1.35289e-08
4.60465e-09
2.01141e-08
1.02032e-07
2.55836e-08
2.13315e-08
-1.36352e-09
2.33271e-07
8.3438e-10
-1.38959e-09
4.31093e-07
4.98094e-10
-1.10579e-09
4.93135e-07
3.62424e-11
-6.94453e-10
4.86815e-07
-3.85702e-10
-3.61147e-10
4.64444e-07
-6.27626e-10
6.44697e-11
4.4044e-07
-6.7297e-10
3.92827e-10
4.23415e-07
-6.99392e-10
6.16709e-10
3.97592e-07
-8.97739e-10
-8.85319e-10
3.48956e-07
-1.2019e-09
2.09871e-07
-1.82627e-09
-5.64893e-09
2.41354e-07
3.07897e-09
-6.21294e-09
4.34325e-07
2.12839e-09
-5.06908e-09
4.9357e-07
1.53276e-10
-3.26872e-09
4.85342e-07
-1.74331e-09
-1.71025e-09
4.6232e-07
-2.82078e-09
1.38311e-10
4.38294e-07
-3.00481e-09
1.64706e-09
4.22025e-07
-3.09826e-09
2.82579e-09
3.97067e-07
-3.78168e-09
-2.21198e-09
3.54785e-07
-4.72117e-09
2.18986e-07
-6.22928e-09
-1.17747e-08
2.57474e-07
5.75977e-09
-1.34325e-08
4.40959e-07
4.23909e-09
-1.11463e-08
4.94143e-07
2.46518e-10
-7.32899e-09
4.81827e-07
-3.73803e-09
-3.88561e-09
4.57499e-07
-5.93438e-09
-8.73634e-12
4.33672e-07
-6.29733e-09
3.50697e-09
4.18615e-07
-6.44401e-09
6.94129e-09
3.94816e-07
-7.53611e-09
1.70334e-09
3.62307e-07
-8.95595e-09
2.33388e-07
-1.03902e-08
-2.03519e-08
2.84137e-07
8.80082e-09
-2.35178e-08
4.5132e-07
6.61077e-09
-1.97094e-08
4.94026e-07
2.5878e-10
-1.31373e-08
4.74887e-07
-6.24261e-09
-7.03736e-09
4.48847e-07
-9.62328e-09
-4.08312e-10
4.2546e-07
-1.02119e-08
5.97763e-09
4.11946e-07
-1.03086e-08
1.34126e-08
3.88745e-07
-1.15376e-08
1.22867e-08
3.67011e-07
-1.27967e-08
2.47671e-07
-1.26863e-08
-3.25174e-08
3.24854e-07
1.2285e-08
-3.73267e-08
4.64949e-07
9.1542e-09
-3.1296e-08
4.9145e-07
3.06483e-10
-2.09769e-08
4.62773e-07
-8.78723e-09
-1.13828e-08
4.35149e-07
-1.32123e-08
-1.4455e-09
4.12424e-07
-1.40602e-08
8.61928e-09
4.0039e-07
-1.39468e-08
2.11143e-08
3.76778e-07
-1.49045e-08
2.44615e-08
3.66963e-07
-1.52249e-08
2.54754e-07
-1.40084e-08
-5.00805e-08
3.84794e-07
1.64982e-08
-5.61553e-08
4.80298e-07
1.2077e-08
-4.6515e-08
4.8342e-07
8.84774e-10
-3.11353e-08
4.43436e-07
-1.03956e-08
-1.72789e-08
4.1499e-07
-1.56207e-08
-3.68455e-09
3.93278e-07
-1.66902e-08
1.06378e-08
3.82202e-07
-1.61562e-08
2.91315e-08
3.56487e-07
-1.64209e-08
4.10034e-08
3.56527e-07
-1.58569e-08
2.44218e-07
-1.3609e-08
-7.57008e-08
4.71612e-07
2.19973e-08
-8.16639e-08
4.94358e-07
1.61451e-08
-6.58288e-08
4.65811e-07
3.30417e-09
-4.38946e-08
4.14439e-07
-9.40094e-09
-2.52907e-08
3.87017e-07
-1.51514e-08
-8.07618e-09
3.67083e-07
-1.63259e-08
1.07625e-08
3.55932e-07
-1.51041e-08
3.6092e-08
3.25496e-07
-1.4194e-08
6.30389e-08
3.27373e-07
-1.28072e-08
2.08172e-07
-9.12626e-09
-1.12877e-07
5.96322e-07
2.97078e-08
-1.1551e-07
5.02324e-07
2.30722e-08
-8.92792e-08
4.34375e-07
1.01145e-08
-5.94513e-08
3.73457e-07
-2.9845e-09
-3.62234e-08
3.50648e-07
-9.26536e-09
-1.60949e-08
3.33903e-07
-1.05009e-08
6.88421e-09
3.21221e-07
-8.30173e-09
3.86416e-08
2.83209e-07
-5.6646e-09
8.51026e-08
2.73913e-07
-3.53282e-09
1.40283e-07
1.62311e-09
-1.64971e-07
7.73309e-07
4.10101e-08
-1.58138e-07
4.97606e-07
3.59476e-08
-1.16198e-07
3.84725e-07
2.51586e-08
-7.78128e-08
3.20022e-07
1.1348e-08
-5.10943e-08
3.06921e-07
4.89674e-09
-2.96751e-08
2.95389e-07
3.47767e-09
-4.45358e-09
2.80409e-07
6.37472e-09
3.12355e-08
2.32825e-07
1.05162e-08
9.74017e-08
1.97159e-07
1.29021e-08
4.30159e-08
1.75794e-08
-2.29866e-07
5.7468e-08
-2.06549e-07
5.91988e-08
-1.44579e-07
5.29809e-08
-9.89203e-08
3.72696e-08
-7.0877e-08
2.85452e-08
-5.069e-08
2.57514e-08
-2.7854e-08
2.89636e-08
7.56553e-09
3.35608e-08
8.85878e-08
3.44295e-08
3.41188e-08
-1.52673e-09
2.55399e-07
5.36313e-10
-1.6535e-09
4.68457e-07
2.46474e-10
-1.35388e-09
5.19538e-07
-6.61507e-11
-8.50614e-10
4.89555e-07
-3.41028e-10
-4.06086e-10
4.42765e-07
-5.20466e-10
2.7066e-11
3.98863e-07
-6.25173e-10
2.48287e-10
3.65963e-07
-7.47968e-10
1.57543e-10
3.25631e-07
-1.0431e-09
-1.74021e-09
2.66701e-07
-1.32789e-09
1.34775e-07
-1.76068e-09
-6.44125e-09
2.62898e-07
2.02133e-09
-7.46997e-09
4.70539e-07
1.07561e-09
-6.24474e-09
5.18777e-07
-3.11292e-10
-3.99747e-09
4.87132e-07
-1.56727e-09
-1.94922e-09
4.40239e-07
-2.34281e-09
-7.38398e-11
3.96727e-07
-2.74449e-09
9.85613e-10
3.64995e-07
-3.18922e-09
9.25184e-10
3.26114e-07
-4.20451e-09
-5.34452e-09
2.73321e-07
-5.07176e-09
1.41881e-07
-6.03491e-09
-1.35472e-08
2.78341e-07
3.86428e-09
-1.61858e-08
4.75219e-07
2.19754e-09
-1.36787e-08
5.17184e-07
-6.66972e-10
-8.88426e-09
4.81915e-07
-3.31643e-09
-4.45212e-09
4.34761e-07
-4.88858e-09
-4.38159e-10
3.92065e-07
-5.64916e-09
2.13481e-09
3.62405e-07
-6.42738e-09
3.15678e-09
3.25728e-07
-8.17213e-09
-6.32393e-09
2.83495e-07
-9.64893e-09
1.53985e-07
-1.09415e-08
-2.347e-08
3.04541e-07
6.07037e-09
-2.82041e-08
4.83005e-07
3.55909e-09
-2.39072e-08
5.14211e-07
-1.06575e-09
-1.56865e-08
4.72831e-07
-5.37902e-09
-8.06965e-09
4.25328e-07
-7.80792e-09
-1.21032e-09
3.83902e-07
-8.90889e-09
3.91297e-09
3.56897e-07
-9.9239e-09
8.11644e-09
3.22203e-07
-1.2216e-08
1.58761e-10
2.92991e-07
-1.43357e-08
1.66924e-07
-1.59175e-08
-3.73443e-08
3.45394e-07
8.77606e-09
-4.42362e-08
4.9383e-07
5.22081e-09
-3.72858e-08
5.08844e-07
-1.2772e-09
-2.45934e-08
4.58641e-07
-7.29014e-09
-1.29908e-08
4.10963e-07
-1.04497e-08
-2.6374e-09
3.71251e-07
-1.1763e-08
6.11102e-09
3.4698e-07
-1.27786e-08
1.54393e-08
3.13118e-07
-1.51477e-08
1.64243e-08
2.94422e-07
-1.7641e-08
1.73417e-07
-1.8584e-08
-5.69492e-08
4.06554e-07
1.22873e-08
-6.53417e-08
5.06822e-07
7.47675e-09
-5.42479e-08
4.99394e-07
-7.58946e-10
-3.58082e-08
4.37991e-07
-8.18542e-09
-1.94967e-08
3.90803e-07
-1.17725e-08
-5.21259e-09
3.53337e-07
-1.30604e-08
7.8794e-09
3.31452e-07
-1.37211e-08
2.31817e-08
2.96926e-07
-1.55324e-08
3.16938e-08
2.87499e-07
-1.74458e-08
1.65572e-07
-1.73173e-08
-8.48833e-08
4.96294e-07
1.714e-08
-9.28736e-08
5.19913e-07
1.10442e-08
-7.51629e-08
4.83182e-07
1.8047e-09
-4.94994e-08
4.09558e-07
-6.63198e-09
-2.79828e-08
3.64376e-07
-1.02424e-08
-9.69742e-09
3.29955e-07
-1.12302e-08
8.06497e-09
3.09743e-07
-1.1158e-08
3.00697e-08
2.72519e-07
-1.17918e-08
5.27334e-08
2.65064e-07
-1.3037e-08
1.36764e-07
-1.13394e-08
-1.24607e-07
6.26409e-07
2.41992e-08
-1.28223e-07
5.29228e-07
1.73726e-08
-1.00004e-07
4.56473e-07
8.60332e-09
-6.57021e-08
3.72904e-07
-6.32641e-10
-3.89548e-08
3.32248e-07
-3.88523e-09
-1.71904e-08
3.02136e-07
-4.44761e-09
4.88547e-09
2.82774e-07
-3.40929e-09
3.28288e-08
2.41287e-07
-2.37674e-09
7.2781e-08
2.24422e-07
-2.84307e-09
8.3957e-08
4.49213e-10
-1.79635e-07
8.12274e-07
3.47799e-08
-1.71858e-07
5.28358e-07
2.90402e-08
-1.27772e-07
4.14822e-07
2.27224e-08
-8.42184e-08
3.27076e-07
1.3621e-08
-5.29607e-08
2.95874e-07
1.0013e-08
-2.90274e-08
2.72208e-07
9.47185e-09
-4.74066e-09
2.53489e-07
1.13722e-08
2.65079e-08
2.06375e-07
1.41789e-08
8.27146e-08
1.67344e-07
1.37729e-08
8.53059e-09
1.75802e-08
-2.4819e-07
5.03716e-08
-2.21187e-07
4.98134e-08
-1.56175e-07
4.82311e-08
-1.04435e-07
3.81919e-08
-7.035e-08
3.31003e-08
-4.65423e-08
3.13783e-08
-2.42678e-08
3.30901e-08
5.58185e-09
3.58954e-08
7.37765e-08
3.34162e-08
3.29028e-08
-1.63252e-09
2.7148e-07
4.22536e-10
-1.8002e-09
4.94061e-07
1.52211e-10
-1.52371e-09
5.35705e-07
-9.22578e-11
-9.72872e-10
4.86276e-07
-3.16936e-10
-4.84891e-10
4.20474e-07
-4.82722e-10
-8.10777e-11
3.61431e-07
-6.25264e-10
2.26669e-11
3.16978e-07
-8.13493e-10
-3.10115e-10
2.68203e-07
-1.07465e-09
-2.21735e-09
2.09745e-07
-1.30782e-09
9.43377e-08
-1.43481e-09
-6.95922e-09
2.78847e-07
1.61353e-09
-8.20454e-09
4.95707e-07
6.7473e-10
-7.05187e-09
5.34667e-07
-4.26491e-10
-4.56721e-09
4.83671e-07
-1.44667e-09
-2.31903e-09
4.18016e-07
-2.13284e-09
-5.45271e-10
3.59565e-07
-2.65204e-09
3.50785e-11
3.16506e-07
-3.29825e-09
-9.70474e-10
2.69138e-07
-4.13429e-09
-7.1531e-09
2.15664e-07
-4.80769e-09
9.87425e-08
-4.81459e-09
-1.47046e-08
2.94291e-07
3.12455e-09
-1.78239e-08
4.99623e-07
1.40082e-09
-1.54393e-08
5.3251e-07
-8.94795e-10
-1.01281e-08
4.78086e-07
-3.04297e-09
-5.28804e-09
4.12679e-07
-4.39195e-09
-1.49711e-09
3.55441e-07
-5.31672e-09
1.28735e-10
3.14865e-07
-6.41228e-09
-9.45137e-10
2.69834e-07
-7.79451e-09
-1.09462e-08
2.24984e-07
-8.96844e-09
1.05952e-07
-8.70135e-09
-2.55062e-08
3.20885e-07
4.98258e-09
-3.10217e-08
5.06384e-07
2.31386e-09
-2.68898e-08
5.28722e-07
-1.40904e-09
-1.77999e-08
4.68522e-07
-4.90461e-09
-9.5376e-09
4.03532e-07
-6.92346e-09
-3.02239e-09
3.48183e-07
-8.16614e-09
5.75036e-10
3.10921e-07
-9.57728e-09
9.42551e-10
2.68655e-07
-1.14042e-08
-1.04084e-08
2.35226e-07
-1.32265e-08
1.14395e-07
-1.28743e-08
-4.05252e-08
3.62866e-07
7.31986e-09
-4.84506e-08
5.16055e-07
3.47512e-09
-4.16757e-08
5.22413e-07
-1.74335e-09
-2.77123e-08
4.53885e-07
-6.61671e-09
-1.52034e-08
3.89694e-07
-9.12047e-09
-5.24208e-09
3.36911e-07
-1.0452e-08
1.52068e-09
3.03283e-07
-1.19041e-08
6.02843e-09
2.62942e-07
-1.39427e-08
-8.86924e-10
2.40877e-07
-1.63769e-08
1.18872e-07
-1.63602e-08
-6.16008e-08
4.26352e-07
1.04023e-08
-7.11122e-08
5.27939e-07
5.10376e-09
-6.0122e-08
5.12062e-07
-1.39832e-09
-3.99878e-08
4.32988e-07
-7.42274e-09
-2.24692e-08
3.70423e-07
-1.00212e-08
-8.48736e-09
3.20958e-07
-1.10901e-08
2.49673e-09
2.90769e-07
-1.2191e-08
1.29948e-08
2.50812e-07
-1.39006e-08
1.78339e-08
2.35233e-07
-1.66406e-08
1.10287e-07
-1.75698e-08
-9.14573e-08
5.20267e-07
1.46823e-08
-1.00337e-07
5.40146e-07
7.71604e-09
-8.24732e-08
4.95385e-07
6.17362e-10
-5.46919e-08
4.04622e-07
-6.04807e-09
-3.15826e-08
3.45294e-07
-8.2231e-09
-1.33568e-08
3.00161e-07
-8.65951e-09
2.30879e-09
2.7296e-07
-9.01449e-09
1.90073e-08
2.32002e-07
-9.68025e-09
3.64956e-08
2.16931e-07
-1.22231e-08
8.50381e-08
-1.23529e-08
-1.33807e-07
6.57374e-07
2.08988e-08
-1.37553e-07
5.48874e-07
1.239e-08
-1.08636e-07
4.69203e-07
5.86896e-09
-7.17299e-08
3.67519e-07
-4.36765e-10
-4.2823e-08
3.14329e-07
-1.82717e-09
-2.06748e-08
2.75023e-07
-1.45754e-09
-5.09397e-10
2.50213e-07
-8.28211e-10
2.12237e-08
2.07862e-07
2.98067e-11
5.40687e-08
1.83554e-07
-2.31109e-09
3.97315e-08
-1.11738e-09
-1.92643e-07
8.54568e-07
3.0228e-08
-1.83374e-07
5.4745e-07
2.11948e-08
-1.37765e-07
4.2899e-07
1.73266e-08
-9.06821e-08
3.224e-07
1.16572e-08
-5.64173e-08
2.79085e-07
1.09918e-08
-3.1496e-08
2.47808e-07
1.17655e-08
-1.00881e-08
2.27044e-07
1.31332e-08
1.52547e-08
1.81696e-07
1.50025e-08
6.24235e-08
1.3751e-07
1.26491e-08
-2.23596e-08
1.38916e-08
-2.66669e-07
4.4148e-08
-2.35405e-07
3.75589e-08
-1.67347e-07
3.876e-08
-1.10853e-07
3.32961e-08
-7.23924e-08
3.20215e-08
-4.66515e-08
3.18747e-08
-2.66686e-08
3.28211e-08
-3.28634e-09
3.42721e-08
5.3888e-08
2.93627e-08
2.70716e-08
-1.72685e-09
2.85792e-07
4.17222e-10
-1.91105e-09
5.16628e-07
1.46038e-10
-1.63399e-09
5.50411e-07
-6.85836e-11
-1.05953e-09
4.85012e-07
-2.69893e-10
-5.63781e-10
4.03547e-07
-4.3231e-10
-1.99069e-10
3.31981e-07
-5.95086e-10
-2.05302e-10
2.78368e-07
-7.95713e-10
-6.28266e-10
2.25207e-07
-1.00074e-09
-2.30272e-09
1.69876e-07
-1.14223e-09
6.93926e-08
-1.06881e-09
-7.42014e-09
2.93215e-07
1.6103e-09
-8.76966e-09
5.17999e-07
6.53655e-10
-7.59324e-09
5.49132e-07
-3.24308e-10
-4.97016e-09
4.8218e-07
-1.23788e-09
-2.67096e-09
4.01005e-07
-1.89013e-09
-1.05214e-09
3.30169e-07
-2.45903e-09
-8.97736e-10
2.78029e-07
-3.11346e-09
-2.1838e-09
2.26066e-07
-3.7078e-09
-7.52691e-09
1.74484e-07
-4.0727e-09
7.15204e-08
-3.51193e-09
-1.57325e-08
3.08938e-07
3.13437e-09
-1.9097e-08
5.21403e-07
1.36108e-09
-1.6642e-08
5.46471e-07
-6.89036e-10
-1.10105e-08
4.76118e-07
-2.6122e-09
-6.05135e-09
3.95515e-07
-3.86082e-09
-2.56596e-09
3.26197e-07
-4.83062e-09
-1.80201e-09
2.76747e-07
-5.89499e-09
-3.51706e-09
2.26775e-07
-6.78843e-09
-1.24155e-08
1.8186e-07
-7.44635e-09
7.49254e-08
-6.26912e-09
-2.73214e-08
3.36237e-07
5.00546e-09
-3.32389e-08
5.27402e-07
2.23227e-09
-2.89617e-08
5.4189e-07
-1.10481e-09
-1.9306e-08
4.6579e-07
-4.23239e-09
-1.08356e-08
3.86163e-07
-6.04244e-09
-4.80251e-09
3.19273e-07
-7.27528e-09
-2.63902e-09
2.73604e-07
-8.5979e-09
-3.76201e-09
2.26143e-07
-9.64864e-09
-1.50611e-08
1.90795e-07
-1.08623e-08
7.88896e-08
-9.25528e-09
-4.33953e-08
3.79625e-07
7.32713e-09
-5.18265e-08
5.36039e-07
3.26927e-09
-4.47866e-08
5.34526e-07
-1.41952e-09
-2.99443e-08
4.501e-07
-5.76914e-09
-1.71061e-08
3.72109e-07
-7.9048e-09
-7.80113e-09
3.08629e-07
-9.11312e-09
-3.11539e-09
2.67447e-07
-1.04328e-08
-2.06906e-09
2.22583e-07
-1.14292e-08
-1.17397e-08
1.97645e-07
-1.35558e-08
8.08201e-08
-1.20498e-08
-6.58902e-08
4.45607e-07
1.03095e-08
-7.58488e-08
5.46536e-07
4.56551e-09
-6.43998e-08
5.22964e-07
-1.28576e-09
-4.29869e-08
4.27876e-07
-6.61213e-09
-2.49478e-08
3.52662e-07
-8.61345e-09
-1.17108e-08
2.9369e-07
-9.38802e-09
-3.29011e-09
2.57183e-07
-1.03477e-08
1.93219e-09
2.14469e-07
-1.10086e-08
1.32102e-09
1.95642e-07
-1.40259e-08
7.31945e-08
-1.34826e-08
-9.7716e-08
5.43691e-07
1.43142e-08
-1.06645e-07
5.56768e-07
6.41253e-09
-8.80216e-08
5.04956e-07
2.23456e-12
-5.84257e-08
3.97938e-07
-5.70566e-09
-3.44722e-08
3.27438e-07
-6.95293e-09
-1.69121e-08
2.74344e-07
-6.8732e-09
-4.16195e-09
2.42513e-07
-7.09378e-09
7.11012e-09
2.00617e-07
-7.10088e-09
1.95922e-08
1.81278e-07
-1.03404e-08
5.01538e-08
-1.10812e-08
-1.42942e-07
6.87577e-07
1.99542e-08
-1.45726e-07
5.62405e-07
9.53666e-09
-1.15538e-07
4.76757e-07
3.88013e-09
-7.60832e-08
3.59429e-07
-1.38327e-09
-4.57973e-08
2.96658e-07
-1.33252e-09
-2.40501e-08
2.51365e-07
-2.25711e-10
-7.58873e-09
2.24729e-07
4.94021e-10
8.78673e-09
1.82841e-07
1.43155e-09
3.55745e-08
1.54109e-07
-1.92929e-09
1.06997e-08
-2.3946e-09
-2.06198e-07
8.95728e-07
2.82749e-08
-1.93944e-07
5.55786e-07
1.55603e-08
-1.45948e-07
4.33377e-07
1.27101e-08
-9.54672e-08
3.11874e-07
8.73176e-09
-5.89526e-08
2.61029e-07
1.01064e-08
-3.38676e-08
2.26132e-07
1.19131e-08
-1.55831e-08
2.06371e-07
1.32076e-08
2.57031e-09
1.64922e-07
1.47688e-08
4.28574e-08
1.1573e-07
1.07422e-08
-4.29963e-08
1.00326e-08
-2.86763e-07
4.07209e-08
-2.4911e-07
2.75852e-08
-1.7669e-07
3.01042e-08
-1.15723e-07
2.728e-08
-7.37896e-08
2.88722e-08
-4.70758e-08
2.99827e-08
-2.98961e-08
3.05994e-08
-1.14398e-08
3.1033e-08
3.53e-08
2.4847e-08
2.07423e-08
-1.79337e-09
3.01774e-07
4.61032e-10
-1.96667e-09
5.43046e-07
1.76619e-10
-1.69069e-09
5.71422e-07
-2.4961e-11
-1.10403e-09
4.92249e-07
-2.10993e-10
-6.15382e-10
3.96799e-07
-3.65989e-10
-2.90957e-10
3.13753e-07
-5.33211e-10
-3.55486e-10
2.51972e-07
-7.24227e-10
-7.8842e-10
1.95612e-07
-8.77416e-10
-2.10954e-09
1.43089e-07
-9.48988e-10
5.38003e-08
-7.79879e-10
-7.77239e-09
3.09355e-07
1.80164e-09
-9.10838e-09
5.44226e-07
8.09103e-10
-7.90794e-09
5.70013e-07
-1.1586e-10
-5.19302e-09
4.89266e-07
-9.69412e-10
-2.89875e-09
3.94203e-07
-1.58831e-09
-1.42437e-09
3.11983e-07
-2.16305e-09
-1.47845e-09
2.51674e-07
-2.76109e-09
-2.78254e-09
1.96365e-07
-3.15671e-09
-6.96029e-09
1.46491e-07
-3.29694e-09
5.45165e-08
-2.52506e-09
-1.65426e-08
3.25511e-07
3.52125e-09
-1.9906e-08
5.47247e-07
1.7034e-09
-1.73735e-08
5.6703e-07
-2.39319e-10
-1.15103e-08
4.82839e-07
-2.04869e-09
-6.53682e-09
3.88594e-07
-3.22477e-09
-3.33068e-09
3.08133e-07
-4.18695e-09
-3.01481e-09
2.50585e-07
-5.12163e-09
-4.87121e-09
1.97074e-07
-5.64162e-09
-1.19181e-08
1.52002e-07
-5.91064e-09
5.55454e-08
-4.44822e-09
-2.87815e-08
3.53683e-07
5.61453e-09
-3.46908e-08
5.52593e-07
2.79558e-09
-3.02515e-08
5.61856e-07
-3.69297e-10
-2.0163e-08
4.71852e-07
-3.33369e-09
-1.16437e-08
3.79054e-07
-5.0223e-09
-6.06234e-09
3.01496e-07
-6.21953e-09
-4.75906e-09
2.4801e-07
-7.32684e-09
-6.44047e-09
1.96936e-07
-7.82843e-09
-1.58384e-08
1.59033e-07
-8.49503e-09
5.63881e-08
-6.49264e-09
-4.57519e-08
3.98608e-07
8.15435e-09
-5.40789e-08
5.60163e-07
4.02656e-09
-4.67472e-08
5.5353e-07
-4.254e-10
-3.12013e-08
4.55123e-07
-4.58615e-09
-1.82575e-08
3.64751e-07
-6.5455e-09
-9.60868e-09
2.91415e-07
-7.68057e-09
-6.43389e-09
2.43115e-07
-8.71235e-09
-6.72779e-09
1.94834e-07
-9.033e-09
-1.64868e-08
1.65792e-07
-1.0555e-08
5.55426e-08
-8.42849e-09
-6.95053e-08
4.67119e-07
1.13035e-08
-7.90624e-08
5.6891e-07
5.37507e-09
-6.71086e-08
5.4048e-07
-1.90143e-10
-4.46333e-08
4.31384e-07
-5.34932e-09
-2.63825e-08
3.44996e-07
-7.10917e-09
-1.39996e-08
2.77413e-07
-7.76891e-09
-7.92231e-09
2.35107e-07
-8.41725e-09
-5.25915e-09
1.8953e-07
-8.36821e-09
-9.7862e-09
1.67487e-07
-1.11936e-08
4.90267e-08
-9.62731e-09
-1.03183e-07
5.69266e-07
1.53505e-08
-1.11034e-07
5.76242e-07
6.93187e-09
-9.15172e-08
5.20151e-07
8.15276e-10
-6.03855e-08
3.99345e-07
-4.7978e-09
-3.60135e-08
3.19376e-07
-5.70538e-09
-1.94244e-08
2.59416e-07
-5.46517e-09
-9.71895e-09
2.23737e-07
-5.42892e-09
-2.99485e-09
1.80515e-07
-4.80955e-09
6.43754e-09
1.5658e-07
-8.8647e-09
2.85151e-08
-8.9059e-09
-1.51297e-07
7.19714e-07
2.0802e-08
-1.51664e-07
5.77048e-07
9.09815e-09
-1.19816e-07
4.88547e-07
3.63709e-09
-7.8216e-08
3.57906e-07
-1.54484e-09
-4.71296e-08
2.87924e-07
-9.66216e-10
-2.63036e-08
2.37967e-07
3.97104e-10
-1.33023e-08
2.09997e-07
1.23331e-09
-2.77127e-09
1.68969e-07
2.44742e-09
1.88984e-08
1.35029e-07
-2.04629e-09
-6.28923e-09
-2.63134e-09
-2.19251e-07
9.38666e-07
2.85743e-08
-2.02083e-07
5.62398e-07
1.30421e-08
-1.5101e-07
4.39918e-07
1.02657e-08
-9.7577e-08
3.06775e-07
6.43029e-09
-5.96426e-08
2.51422e-07
8.67376e-09
-3.51916e-08
2.14608e-07
1.08218e-08
-2.04444e-08
1.96355e-07
1.21032e-08
-7.18359e-09
1.57096e-07
1.33826e-08
2.51926e-08
1.04978e-07
8.41866e-09
-5.34069e-08
6.85254e-09
-3.07044e-07
4.00619e-08
-2.60339e-07
2.146e-08
-1.82429e-07
2.39335e-08
-1.17589e-07
2.16705e-08
-7.33222e-08
2.47164e-08
-4.6733e-08
2.63756e-08
-3.28093e-08
2.68622e-08
-1.95981e-08
2.6696e-08
1.91347e-08
1.98969e-08
1.51691e-08
-1.83555e-09
3.20974e-07
5.18584e-10
-1.97656e-09
5.76232e-07
2.18231e-10
-1.69728e-09
6.01443e-07
2.57755e-11
-1.10525e-09
5.0983e-07
-1.431e-10
-6.3162e-10
4.01011e-07
-2.83461e-10
-3.42744e-10
3.06515e-07
-4.42626e-10
-4.37991e-10
2.36474e-07
-6.15196e-10
-8.51106e-10
1.76588e-07
-7.28941e-10
-1.83149e-09
1.25315e-07
-7.62615e-10
4.36063e-08
-5.5171e-10
-8.03676e-09
3.28758e-07
2.05487e-09
-9.26492e-09
5.77247e-07
1.02289e-09
-8.01903e-09
5.99949e-07
1.32322e-10
-5.23895e-09
5.0674e-07
-6.60062e-10
-2.97749e-09
3.9839e-07
-1.22868e-09
-1.62814e-09
3.04782e-07
-1.77896e-09
-1.79477e-09
2.36187e-07
-2.30741e-09
-3.02833e-09
1.77235e-07
-2.56975e-09
-6.09842e-09
1.27685e-07
-2.59615e-09
4.32607e-08
-1.76222e-09
-1.71847e-08
3.45424e-07
4.03963e-09
-2.03497e-08
5.7993e-07
2.18506e-09
-1.76903e-08
5.9674e-07
3.10559e-10
-1.16443e-08
5.00038e-07
-1.39286e-09
-6.70932e-09
3.92716e-07
-2.4852e-09
-3.74912e-09
3.01048e-07
-3.41298e-09
-3.70404e-09
2.35242e-07
-4.2209e-09
-5.53142e-09
1.77932e-07
-4.5112e-09
-1.07255e-08
1.3154e-07
-4.57188e-09
4.24838e-08
-3.05846e-09
-2.99743e-08
3.74564e-07
6.44842e-09
-3.55463e-08
5.84674e-07
3.62355e-09
-3.08587e-08
5.91116e-07
5.67145e-10
-2.04097e-08
4.8852e-07
-2.26416e-09
-1.19273e-08
3.83065e-07
-3.85347e-09
-6.76277e-09
2.94689e-07
-5.02505e-09
-6.04314e-09
2.3315e-07
-5.9552e-09
-7.98003e-09
1.78183e-07
-6.14284e-09
-1.50687e-08
1.36594e-07
-6.46043e-09
4.08949e-08
-4.39014e-09
-4.77193e-08
4.21106e-07
9.33218e-09
-5.54533e-08
5.91196e-07
5.23878e-09
-4.77019e-08
5.82009e-07
9.30357e-10
-3.15529e-08
4.70901e-07
-3.11628e-09
-1.86379e-08
3.68601e-07
-4.99714e-09
-1.06359e-08
2.85153e-07
-6.14699e-09
-8.59048e-09
2.29368e-07
-6.97533e-09
-9.83778e-09
1.77332e-07
-6.93451e-09
-1.78371e-08
1.41962e-07
-7.92285e-09
3.75655e-08
-5.61952e-09
-7.25852e-08
4.92171e-07
1.28236e-08
-8.10613e-08
5.98117e-07
6.93033e-09
-6.84335e-08
5.67683e-07
1.50729e-09
-4.50372e-08
4.45791e-07
-3.63538e-09
-2.6786e-08
3.48626e-07
-5.38572e-09
-1.53202e-08
2.72058e-07
-6.13914e-09
-1.11679e-08
2.23403e-07
-6.60468e-09
-1.0607e-08
1.74628e-07
-6.2242e-09
-1.65727e-08
1.45147e-07
-8.41235e-09
3.01827e-08
-6.41094e-09
-1.07947e-07
5.98305e-07
1.71636e-08
-1.13809e-07
6.02269e-07
8.64076e-09
-9.32012e-08
5.45292e-07
2.59891e-09
-6.07373e-08
4.11753e-07
-3.22378e-09
-3.62766e-08
3.22688e-07
-4.22758e-09
-2.08493e-08
2.55353e-07
-4.18786e-09
-1.39256e-08
2.15108e-07
-4.05624e-09
-1.04284e-08
1.69581e-07
-3.25897e-09
-7.65857e-09
1.40486e-07
-6.97225e-09
1.22938e-08
-5.95299e-09
-1.58788e-07
7.55113e-07
2.27821e-08
-1.55522e-07
5.97599e-07
1.05031e-08
-1.21819e-07
5.103e-07
4.92642e-09
-7.8363e-08
3.67574e-07
-8.22217e-10
-4.69826e-08
2.90769e-07
-4.27624e-10
-2.74422e-08
2.35575e-07
6.35567e-10
-1.77585e-08
2.05218e-07
1.4399e-09
-1.1123e-08
1.62787e-07
2.60696e-09
4.77979e-09
1.24626e-07
-2.08709e-09
-1.73284e-08
-1.95668e-09
-2.31378e-07
9.84578e-07
3.04871e-08
-2.07674e-07
5.73692e-07
1.32445e-08
-1.5325e-07
4.56142e-07
1.00007e-08
-9.73372e-08
3.12855e-07
5.23679e-09
-5.87288e-08
2.53488e-07
7.34761e-09
-3.55253e-08
2.13996e-07
9.19796e-09
-2.42978e-08
1.95757e-07
1.0338e-08
-1.5624e-08
1.56099e-07
1.13984e-08
1.03652e-08
1.00999e-07
6.05871e-09
-5.88779e-08
4.71699e-09
-3.26634e-07
4.16134e-08
-2.68643e-07
1.9022e-08
-1.84755e-07
2.05163e-08
-1.16796e-07
1.71933e-08
-7.12698e-08
2.04406e-08
-4.56914e-08
2.20008e-08
-3.51517e-08
2.24081e-08
-2.69144e-08
2.20646e-08
6.05743e-09
1.50256e-08
1.10885e-08
-1.85488e-09
3.43761e-07
5.58337e-10
-1.95093e-09
6.16655e-07
2.48479e-10
-1.66863e-09
6.40488e-07
6.77733e-11
-1.07611e-09
5.37114e-07
-8.04574e-11
-6.21186e-10
4.14978e-07
-1.99988e-10
-3.60875e-10
3.08638e-07
-3.41534e-10
-4.7457e-10
2.29834e-07
-4.91195e-10
-8.68802e-10
1.65633e-07
-5.77733e-10
-1.59307e-09
1.1399e-07
-5.94174e-10
3.71832e-08
-3.77405e-10
-8.21812e-09
3.5179e-07
2.24477e-09
-9.27825e-09
6.17547e-07
1.19034e-09
-7.98755e-09
6.38984e-07
3.45409e-10
-5.16352e-09
5.34e-07
-3.70101e-10
-2.94809e-09
4.12403e-07
-8.68496e-10
-1.70092e-09
3.06981e-07
-1.36866e-09
-1.94184e-09
2.29594e-07
-1.82628e-09
-3.11875e-09
1.66251e-07
-2.01082e-09
-5.36902e-09
1.15636e-07
-1.9918e-09
3.61728e-08
-1.18972e-09
-1.76681e-08
3.69052e-07
4.44493e-09
-2.05053e-08
6.1999e-07
2.57949e-09
-1.77187e-08
6.35713e-07
7.9528e-10
-1.1532e-08
5.2719e-07
-7.69921e-10
-6.66205e-09
4.06797e-07
-1.74912e-09
-3.90925e-09
3.03428e-07
-2.61299e-09
-4.06319e-09
2.28839e-07
-3.31224e-09
-5.87012e-09
1.67033e-07
-3.4862e-09
-9.67505e-09
1.18319e-07
-3.44993e-09
3.4253e-08
-2.02495e-09
-3.09129e-08
3.99291e-07
7.12237e-09
-3.59298e-08
6.24299e-07
4.33176e-09
-3.0995e-08
6.29927e-07
1.41848e-09
-2.02532e-08
5.15413e-07
-1.22921e-09
-1.18544e-08
3.97237e-07
-2.69246e-09
-7.05701e-09
2.9743e-07
-3.82452e-09
-6.79211e-09
2.27249e-07
-4.62967e-09
-8.91498e-09
1.67691e-07
-4.67844e-09
-1.41453e-08
1.21868e-07
-4.77904e-09
3.10456e-08
-2.82642e-09
-4.9309e-08
4.47616e-07
1.03165e-08
-5.61263e-08
6.30023e-07
6.33175e-09
-4.7968e-08
6.20482e-07
2.2167e-09
-3.1319e-08
4.973e-07
-1.65171e-09
-1.85124e-08
3.82886e-07
-3.45259e-09
-1.11088e-08
2.88524e-07
-4.64428e-09
-9.96719e-09
2.24495e-07
-5.3628e-09
-1.18943e-08
1.67867e-07
-5.18261e-09
-1.80018e-08
1.2578e-07
-5.7264e-09
2.57743e-08
-3.47831e-09
-7.51235e-08
5.21417e-07
1.41458e-08
-8.2073e-08
6.35463e-07
8.43979e-09
-6.88187e-08
6.05505e-07
3.23068e-09
-4.4658e-08
4.71344e-07
-1.84019e-09
-2.65442e-08
3.63028e-07
-3.64155e-09
-1.59757e-08
2.76401e-07
-4.58473e-09
-1.34056e-08
2.20316e-07
-4.99603e-09
-1.44188e-08
1.67169e-07
-4.51277e-09
-1.99535e-08
1.28844e-07
-5.94146e-09
1.69192e-08
-3.74169e-09
-1.11951e-07
6.31704e-07
1.88274e-08
-1.15242e-07
6.36886e-07
1.05092e-08
-9.36597e-08
5.819e-07
4.62132e-09
-6.01071e-08
4.35965e-07
-1.39755e-09
-3.57945e-08
3.3716e-07
-2.67259e-09
-2.159e-08
2.61034e-07
-3.02461e-09
-1.70845e-08
2.14693e-07
-2.9383e-09
-1.63516e-08
1.65316e-07
-2.13786e-09
-1.7915e-08
1.28367e-07
-4.93011e-09
1.65453e-09
-3.19149e-09
-1.65238e-07
7.9498e-07
2.47443e-08
-1.57613e-07
6.27286e-07
1.24774e-08
-1.22277e-07
5.44653e-07
6.83765e-09
-7.73458e-08
3.89789e-07
4.2358e-10
-4.60589e-08
3.0516e-07
2.85871e-10
-2.80097e-08
2.42866e-07
7.54909e-10
-2.14384e-08
2.0817e-07
1.39238e-09
-1.83505e-08
1.62442e-07
2.39377e-09
-8.72764e-09
1.18552e-07
-1.89317e-09
-2.52898e-08
-1.14375e-09
-2.42188e-07
1.03503e-06
3.26229e-08
-2.11039e-07
5.94704e-07
1.46772e-08
-1.53612e-07
4.86305e-07
1.09227e-08
-9.57874e-08
3.32321e-07
4.88022e-09
-5.71014e-08
2.67537e-07
6.28557e-09
-3.55175e-08
2.23032e-07
7.44859e-09
-2.7722e-08
2.02338e-07
8.37526e-09
-2.30778e-08
1.5999e-07
9.20776e-09
-1.7771e-09
9.95137e-08
3.79916e-09
-6.14918e-08
3.67609e-09
-3.44902e-07
4.37431e-08
-2.74379e-07
1.86387e-08
-1.84865e-07
1.89028e-08
-1.14598e-07
1.37912e-08
-6.86684e-08
1.64581e-08
-4.46634e-08
1.7511e-08
-3.74776e-08
1.78866e-08
-3.33448e-08
1.75446e-08
-6.90463e-09
1.09387e-08
8.29326e-09
-1.85854e-09
3.69254e-07
5.56979e-10
-1.90678e-09
6.62312e-07
2.53786e-10
-1.62361e-09
6.85861e-07
9.15789e-11
-1.03424e-09
5.71137e-07
-3.29593e-11
-5.98697e-10
4.35737e-07
-1.28306e-10
-3.59804e-10
3.1734e-07
-2.45621e-10
-4.86466e-10
2.29462e-07
-3.69143e-10
-8.72889e-10
1.60324e-07
-4.35684e-10
-1.43165e-09
1.07136e-07
-4.45167e-10
3.33115e-08
-2.48007e-10
-8.33989e-09
3.77567e-07
2.2715e-09
-9.21122e-09
6.63134e-07
1.23968e-09
-7.88656e-09
6.84409e-07
4.72297e-10
-5.03674e-09
5.68063e-07
-1.45991e-10
-2.87158e-09
4.33261e-07
-5.58108e-10
-1.7021e-09
3.15787e-07
-9.85323e-10
-2.00127e-09
2.29303e-07
-1.36764e-09
-3.16464e-09
1.60982e-07
-1.50533e-09
-4.89292e-09
1.08347e-07
-1.4745e-09
3.19404e-08
-7.71503e-10
-1.80354e-08
3.95515e-07
4.53243e-09
-2.04942e-08
6.65453e-07
2.7195e-09
-1.76047e-08
6.81223e-07
1.09212e-09
-1.1316e-08
5.61288e-07
-2.83729e-10
-6.52058e-09
4.27832e-07
-1.11511e-09
-3.93103e-09
3.1246e-07
-1.87589e-09
-4.24993e-09
2.28778e-07
-2.46835e-09
-6.10084e-09
1.61934e-07
-2.58774e-09
-9.02581e-09
1.10336e-07
-2.51381e-09
2.94098e-08
-1.28272e-09
-3.16637e-08
4.27001e-07
7.30062e-09
-3.60365e-08
6.6954e-07
4.61701e-09
-3.08993e-08
6.7555e-07
1.95472e-09
-1.99309e-08
5.49503e-07
-4.12318e-10
-1.16331e-08
4.18534e-07
-1.69216e-09
-7.13637e-09
3.06871e-07
-2.73228e-09
-7.25061e-09
2.2769e-07
-3.42775e-09
-9.59532e-09
1.63033e-07
-3.43263e-09
-1.36149e-08
1.12978e-07
-3.40126e-09
2.53437e-08
-1.72469e-09
-5.06168e-08
4.77321e-07
1.06129e-08
-5.6386e-08
6.74821e-07
6.82028e-09
-4.79003e-08
6.66226e-07
3.05406e-09
-3.08535e-08
5.31281e-07
-4.7713e-10
-1.81877e-08
4.04534e-07
-2.11801e-09
-1.12926e-08
2.98625e-07
-3.29232e-09
-1.08931e-08
2.25862e-07
-3.9337e-09
-1.33954e-08
1.64088e-07
-3.73504e-09
-1.80875e-08
1.15873e-07
-3.92935e-09
1.90423e-08
-2.00717e-09
-7.72489e-08
5.54131e-07
1.45846e-08
-8.2499e-08
6.79329e-07
9.18191e-09
-6.87603e-08
6.5132e-07
4.39867e-09
-4.39889e-08
5.05035e-07
-3.65443e-10
-2.60731e-08
3.851e-07
-2.12355e-09
-1.62957e-08
2.87464e-07
-3.20106e-09
-1.50048e-08
2.23179e-07
-3.60366e-09
-1.71812e-08
1.64891e-07
-3.13834e-09
-2.15653e-08
1.18145e-07
-3.82872e-09
9.33936e-09
-1.97919e-09
-1.15349e-07
6.68882e-07
1.94257e-08
-1.15864e-07
6.78837e-07
1.15168e-08
-9.3563e-08
6.27577e-07
6.06263e-09
-5.91508e-08
4.69061e-07
1.64516e-10
-3.50996e-08
3.59674e-07
-1.29807e-09
-2.20215e-08
2.73366e-07
-2.00497e-09
-1.94906e-08
2.19715e-07
-2.00469e-09
-2.08061e-08
1.65336e-07
-1.26749e-09
-2.30781e-08
1.18258e-07
-2.77028e-09
-5.55517e-09
-1.40011e-09
-1.70802e-07
8.3893e-07
2.54977e-08
-1.58601e-07
6.65471e-07
1.36433e-08
-1.22074e-07
5.89591e-07
8.29717e-09
-7.60059e-08
4.21821e-07
1.59576e-09
-4.50151e-08
3.28019e-07
9.51246e-10
-2.84217e-08
2.56703e-07
8.25446e-10
-2.45502e-08
2.15951e-07
1.28504e-09
-2.46389e-08
1.65641e-07
2.17899e-09
-2.19242e-08
1.14097e-07
-4.44545e-10
-2.80788e-08
2.52265e-11
-2.51768e-07
1.08984e-06
3.34782e-08
-2.12969e-07
6.25761e-07
1.55881e-08
-1.53228e-07
5.29022e-07
1.17501e-08
-9.39706e-08
3.62652e-07
4.79306e-09
-5.55384e-08
2.90471e-07
5.40123e-09
-3.56349e-08
2.38429e-07
5.81943e-09
-3.09178e-08
2.1306e-07
6.55039e-09
-2.97639e-08
1.66433e-07
7.26335e-09
-1.65743e-08
1.0119e-07
3.51908e-09
-6.293e-08
2.81257e-09
-3.61805e-07
4.46155e-08
-2.7847e-07
1.82668e-08
-1.84175e-07
1.77753e-08
-1.12248e-07
1.10984e-08
-6.64062e-08
1.29245e-08
-4.41507e-08
1.33547e-08
-3.99835e-08
1.37393e-08
-3.91891e-08
1.35293e-08
-1.89759e-08
8.60941e-09
5.80001e-09
-1.85441e-09
3.95482e-07
5.00444e-10
-1.85943e-09
7.09237e-07
2.28657e-10
-1.57834e-09
7.32941e-07
9.3954e-11
-9.93917e-10
6.07462e-07
-4.40573e-12
-5.76155e-10
4.59388e-07
-7.46677e-11
-3.51888e-10
3.29397e-07
-1.6419e-10
-4.87479e-10
2.32746e-07
-2.59186e-10
-8.74437e-10
1.58563e-07
-3.0906e-10
-1.33929e-09
1.03256e-07
-3.16495e-10
3.11308e-08
-1.55791e-10
-8.42575e-09
4.04113e-07
2.06712e-09
-9.11906e-09
7.10035e-07
1.1351e-09
-7.777e-09
7.31581e-07
4.9054e-10
-4.91388e-09
6.04461e-07
-8.95101e-12
-2.79555e-09
4.57036e-07
-3.24092e-10
-1.67871e-09
3.27955e-07
-6.60318e-10
-2.02197e-09
2.32682e-07
-9.59948e-10
-3.2012e-09
1.59301e-07
-1.06412e-09
-4.64146e-09
1.04261e-07
-1.03982e-09
2.96094e-08
-4.79149e-10
-1.8327e-08
4.22817e-07
4.15518e-09
-2.0421e-08
7.12335e-07
2.51404e-09
-1.74672e-08
7.28578e-07
1.14118e-09
-1.1107e-08
5.97804e-07
1.31267e-11
-6.38073e-09
4.51832e-07
-6.37883e-10
-3.90489e-09
3.24858e-07
-1.25455e-09
-4.35391e-09
2.32391e-07
-1.72854e-09
-6.29049e-09
1.60471e-07
-1.82036e-09
-8.75271e-09
1.05962e-07
-1.75179e-09
2.68432e-08
-7.78449e-10
-3.22875e-08
4.55672e-07
6.73264e-09
-3.60322e-08
7.16393e-07
4.30385e-09
-3.07629e-08
7.2321e-07
2.05392e-09
-1.9623e-08
5.86164e-07
8.82064e-11
-1.14182e-08
4.42878e-07
-9.42993e-10
-7.13852e-09
3.19665e-07
-1.8185e-09
-7.55321e-09
2.31769e-07
-2.39084e-09
-1.01434e-08
1.62025e-07
-2.3963e-09
-1.35603e-08
1.08303e-07
-2.32502e-09
2.24778e-08
-1.00486e-09
-5.17326e-08
5.08178e-07
9.84017e-09
-5.64758e-08
7.21548e-07
6.40867e-09
-4.77786e-08
7.14341e-07
3.22505e-09
-3.04204e-08
5.68087e-07
2.4202e-10
-1.78833e-08
4.2935e-07
-1.12618e-09
-1.13682e-08
3.12029e-07
-2.17185e-09
-1.15481e-08
2.3074e-07
-2.72511e-09
-1.45654e-08
1.6388e-07
-2.57278e-09
-1.85711e-08
1.10978e-07
-2.59853e-09
1.58431e-08
-1.08962e-09
-7.90942e-08
5.88261e-07
1.35955e-08
-8.26845e-08
7.25625e-07
8.69463e-09
-6.86452e-08
7.00047e-07
4.65369e-09
-4.3389e-08
5.41931e-07
5.33726e-10
-2.56565e-08
4.10505e-07
-1.01108e-09
-1.64873e-08
3.0173e-07
-2.0707e-09
-1.61677e-08
2.29278e-07
-2.46101e-09
-1.92344e-08
1.65905e-07
-2.09635e-09
-2.29652e-08
1.1325e-07
-2.36984e-09
5.81864e-09
-9.29341e-10
-1.18337e-07
7.07813e-07
1.82101e-08
-1.16154e-07
7.23984e-07
1.09753e-08
-9.34239e-08
6.77009e-07
6.37098e-09
-5.83295e-08
5.05906e-07
1.09582e-09
-3.45309e-08
3.85737e-07
-3.28897e-10
-2.23411e-08
2.88738e-07
-1.20226e-09
-2.12587e-08
2.27486e-07
-1.29425e-09
-2.39241e-08
1.68009e-07
-7.05619e-10
-2.593e-08
1.13897e-07
-1.41063e-09
-9.2189e-09
-3.76721e-10
-1.75751e-07
8.85019e-07
2.40428e-08
-1.59122e-07
7.07983e-07
1.30165e-08
-1.21867e-07
6.39545e-07
8.50598e-09
-7.4907e-08
4.58331e-07
2.21109e-09
-4.42288e-08
3.54689e-07
1.32104e-09
-2.88181e-08
2.73351e-07
8.01695e-10
-2.68868e-08
2.2577e-07
1.07072e-09
-2.88603e-08
1.7036e-07
1.80246e-09
-2.73533e-08
1.1149e-07
4.57688e-10
-3.12319e-08
7.18781e-10
-2.60451e-07
1.14719e-06
3.1758e-08
-2.14262e-07
6.62735e-07
1.46468e-08
-1.52909e-07
5.78521e-07
1.14215e-08
-9.25507e-08
3.98345e-07
4.42123e-09
-5.44419e-08
3.1752e-07
4.46242e-09
-3.59687e-08
2.56381e-07
4.31706e-09
-3.35613e-08
2.25078e-07
4.83579e-09
-3.48088e-08
1.73427e-07
5.44532e-09
-2.58046e-08
1.02821e-07
3.18653e-09
-6.41881e-08
2.00609e-09
-3.77667e-07
4.26198e-08
-2.81826e-07
1.62836e-08
-1.83655e-07
1.59127e-08
-1.10497e-07
8.6218e-09
-6.48908e-08
9.71198e-09
-4.42036e-08
9.62908e-09
-4.23819e-08
9.98174e-09
-4.39371e-08
9.93547e-09
-2.73915e-08
6.70827e-09
3.93554e-09
-1.84918e-09
4.1963e-07
3.83619e-10
-1.81949e-09
7.52104e-07
1.74014e-10
-1.54214e-09
7.75954e-07
7.62736e-11
-9.62963e-10
6.40965e-07
7.81683e-12
-5.59571e-10
4.81776e-07
-3.87204e-11
-3.44265e-10
3.41654e-07
-9.88322e-11
-4.85244e-10
2.37351e-07
-1.63528e-10
-8.75907e-10
1.58648e-07
-1.97199e-10
-1.2918e-09
1.01204e-07
-2.037e-10
2.99853e-08
-9.01868e-11
-8.49416e-09
4.2859e-07
1.60111e-09
-9.03922e-09
7.5291e-07
8.7434e-10
-7.69263e-09
7.74695e-07
4.02305e-10
-4.82362e-09
6.38039e-07
4.81623e-11
-2.74259e-09
4.79538e-07
-1.66638e-10
-1.65681e-09
3.40306e-07
-3.9835e-10
-2.02931e-09
2.3737e-07
-6.06248e-10
-3.23358e-09
1.59466e-07
-6.78109e-10
-4.52998e-09
1.02127e-07
-6.66076e-10
2.84185e-08
-2.7513e-10
-1.85712e-08
4.48076e-07
3.24023e-09
-2.03547e-08
7.55258e-07
1.95009e-09
-1.73696e-08
7.7191e-07
9.40873e-10
-1.09601e-08
6.3151e-07
1.32541e-10
-6.28708e-09
4.74547e-07
-3.20246e-10
-3.87962e-09
3.374e-07
-7.55322e-10
-4.4204e-09
2.37273e-07
-1.09082e-09
-6.44792e-09
1.60831e-07
-1.1573e-09
-8.70104e-09
1.03743e-07
-1.11411e-09
2.55981e-08
-4.38567e-10
-3.28238e-08
4.82349e-07
5.28396e-09
-3.6024e-08
7.59403e-07
3.35848e-09
-3.06847e-08
7.66923e-07
1.70218e-09
-1.94158e-08
6.20054e-07
2.75585e-10
-1.12798e-08
4.65922e-07
-4.5386e-10
-7.13638e-09
3.32527e-07
-1.08952e-09
-7.76872e-09
2.3702e-07
-1.50572e-09
-1.05857e-08
1.62769e-07
-1.51705e-09
-1.37753e-08
1.06068e-07
-1.46085e-09
2.11996e-08
-5.46059e-10
-5.2712e-08
5.37123e-07
7.77811e-09
-5.65513e-08
7.64621e-07
5.02969e-09
-4.77429e-08
7.58652e-07
2.68754e-09
-3.01409e-08
6.02202e-07
4.91597e-10
-1.76956e-08
4.52849e-07
-4.99062e-10
-1.14299e-08
3.25379e-07
-1.28893e-09
-1.20331e-08
2.36607e-07
-1.70921e-09
-1.54922e-08
1.65271e-07
-1.61535e-09
-1.93076e-08
1.08882e-07
-1.59694e-09
1.45887e-08
-5.52252e-10
-8.07455e-08
6.20624e-07
1.08397e-08
-8.28505e-08
7.6856e-07
6.8611e-09
-6.86607e-08
7.45218e-07
3.89824e-09
-4.30161e-08
5.76284e-07
8.07472e-10
-2.54124e-08
4.34585e-07
-3.50511e-10
-1.66573e-08
3.15755e-07
-1.20193e-09
-1.70446e-08
2.36062e-07
-1.52849e-09
-2.08264e-08
1.68245e-07
-1.28823e-09
-2.44442e-08
1.11516e-07
-1.38585e-09
4.67324e-09
-3.95391e-10
-1.21057e-07
7.45214e-07
1.46777e-08
-1.16423e-07
7.66203e-07
8.69871e-09
-9.34834e-08
7.23298e-07
5.35095e-09
-5.78359e-08
5.40445e-07
1.28754e-09
-3.42155e-08
4.10482e-07
1.54095e-10
-2.26486e-08
3.0362e-07
-6.33515e-10
-2.26045e-08
2.35493e-07
-7.68942e-10
-2.62584e-08
1.7156e-07
-3.66447e-10
-2.81976e-08
1.1272e-07
-6.74275e-10
-1.01786e-08
8.1242e-12
-1.80327e-07
9.29932e-07
1.96513e-08
-1.59616e-07
7.48186e-07
1.03226e-08
-1.21952e-07
6.87028e-07
7.11252e-09
-7.42681e-08
4.92892e-07
2.07928e-09
-4.38127e-08
3.80092e-07
1.25629e-09
-2.92536e-08
2.89215e-07
6.47579e-10
-2.86831e-08
2.35235e-07
7.5944e-10
-3.18696e-08
1.75267e-07
1.28331e-09
-3.02331e-08
1.10881e-07
6.61448e-10
-3.20488e-08
7.24107e-10
-2.68613e-07
1.20387e-06
2.64295e-08
-2.15491e-07
6.98219e-07
1.14926e-08
-1.52996e-07
6.26584e-07
9.3711e-09
-9.17552e-08
4.3259e-07
3.483e-09
-5.38793e-08
3.43404e-07
3.27459e-09
-3.64668e-08
2.7324e-07
2.88007e-09
-3.56697e-08
2.36086e-07
3.1883e-09
-3.84672e-08
1.79839e-07
3.67124e-09
-3.19193e-08
1.04935e-07
2.58776e-09
-6.30834e-08
1.71901e-09
-3.92947e-07
3.63137e-08
-2.85091e-07
1.23203e-08
-1.83654e-07
1.25299e-08
-1.09555e-07
6.02697e-09
-6.41168e-08
6.59248e-09
-4.46376e-08
6.25182e-09
-4.4461e-08
6.50948e-09
-4.7465e-08
6.58614e-09
-3.29079e-08
4.79253e-09
2.99472e-09
-1.84649e-09
4.38443e-07
2.11127e-10
-1.79235e-09
7.85125e-07
9.55878e-11
-1.51885e-09
8.0895e-07
4.30905e-11
-9.43102e-10
6.66685e-07
7.89037e-12
-5.49817e-10
4.9913e-07
-1.57181e-11
-3.39429e-10
3.5144e-07
-4.58076e-11
-4.83103e-10
2.41446e-07
-7.90258e-11
-8.7723e-10
1.59346e-07
-9.56177e-11
-1.26887e-09
1.00203e-07
-1.00483e-10
2.94299e-08
-4.02669e-11
-8.55128e-09
4.47706e-07
8.89369e-10
-8.98875e-09
7.85954e-07
4.83291e-10
-7.64425e-09
8.0778e-07
2.28008e-10
-4.7699e-09
6.63815e-07
4.34724e-11
-2.71435e-09
4.96976e-07
-6.74606e-11
-1.64437e-09
3.50157e-07
-1.85299e-10
-2.03311e-09
2.41522e-07
-2.9326e-10
-3.25832e-09
1.60222e-07
-3.28575e-10
-4.48688e-09
1.01094e-07
-3.27796e-10
2.78544e-08
-1.22185e-10
-1.87701e-08
4.67906e-07
1.81032e-09
-2.03232e-08
7.88375e-07
1.0821e-09
-1.7327e-08
8.0519e-07
5.34715e-10
-1.08797e-08
6.5739e-07
1.10355e-10
-6.24129e-09
4.92143e-07
-1.263e-10
-3.86878e-09
3.4738e-07
-3.50722e-10
-4.46485e-09
2.41555e-07
-5.27668e-10
-6.56237e-09
1.61722e-07
-5.60069e-10
-8.7305e-09
1.02694e-07
-5.46628e-10
2.5035e-08
-1.91559e-10
-3.32628e-08
5.03481e-07
2.97213e-09
-3.6049e-08
7.92648e-07
1.87086e-09
-3.06791e-08
8.00552e-07
9.70914e-10
-1.9313e-08
6.46083e-07
2.15921e-10
-1.12179e-08
4.83765e-07
-1.70124e-10
-7.14756e-09
3.42724e-07
-5.03508e-10
-7.91671e-09
2.41546e-07
-7.27934e-10
-1.0902e-08
1.63923e-07
-7.32211e-10
-1.40325e-08
1.05077e-07
-7.13417e-10
2.06698e-08
-2.30329e-10
-5.35267e-08
5.60371e-07
4.41487e-09
-5.66605e-08
7.97998e-07
2.81376e-09
-4.78019e-08
7.9284e-07
1.54025e-09
-3.00154e-08
6.28422e-07
3.66051e-10
-1.76199e-08
4.71037e-07
-1.6687e-10
-1.14948e-08
3.359e-07
-5.90257e-10
-1.23702e-08
2.41538e-07
-8.25128e-10
-1.61521e-08
1.66865e-07
-7.75332e-10
-1.99882e-08
1.0809e-07
-7.73513e-10
1.41507e-08
-2.16127e-10
-8.21493e-08
6.47129e-07
6.23035e-09
-8.30631e-08
8.01918e-07
3.85516e-09
-6.88054e-08
7.80233e-07
2.24741e-09
-4.28627e-08
6.02717e-07
5.70774e-10
-2.53247e-08
4.53216e-07
-6.78368e-11
-1.68129e-08
3.26725e-07
-5.38521e-10
-1.76606e-08
2.41592e-07
-7.35129e-10
-2.19616e-08
1.70487e-07
-6.08939e-10
-2.57263e-08
1.11128e-07
-6.58801e-10
4.39797e-09
-1.20405e-10
-1.23428e-07
7.7665e-07
8.58515e-09
-1.16773e-07
7.99056e-07
4.90569e-09
-9.37259e-08
7.59432e-07
3.10503e-09
-5.76475e-08
5.67071e-07
8.55082e-10
-3.41142e-08
4.29631e-07
2.06379e-10
-2.29249e-08
3.15157e-07
-2.55226e-10
-2.35598e-08
2.41821e-07
-3.6291e-10
-2.79243e-08
1.74637e-07
-1.51209e-10
-3.01333e-08
1.12956e-07
-2.92027e-10
-1.02553e-08
1.00815e-10
-1.84417e-07
9.68939e-07
1.17793e-08
-1.60242e-07
7.79377e-07
5.82617e-09
-1.22297e-07
7.24451e-07
4.14884e-09
-7.4042e-08
5.19616e-07
1.27982e-09
-4.36879e-08
3.99768e-07
7.65203e-10
-2.96574e-08
3.01403e-07
3.71907e-10
-2.99681e-08
2.42508e-07
3.84286e-10
-3.39821e-08
1.79267e-07
6.6807e-10
-3.2659e-08
1.1191e-07
3.85343e-10
-3.20101e-08
4.89924e-10
-2.76085e-07
1.25505e-06
1.63996e-08
-2.169e-07
7.25248e-07
6.43683e-09
-1.53432e-07
6.64888e-07
5.4663e-09
-9.14988e-08
4.59192e-07
1.97342e-09
-5.37097e-08
3.63493e-07
1.76121e-09
-3.69686e-08
2.86085e-07
1.45745e-09
-3.71838e-08
2.4434e-07
1.57202e-09
-4.08191e-08
1.84727e-07
1.8473e-09
-3.4646e-08
1.06988e-07
1.33888e-09
-6.27177e-08
1.0125e-09
-4.07245e-07
2.35715e-08
-2.88521e-07
6.6968e-09
-1.84088e-07
7.21995e-09
-1.09282e-07
3.1641e-09
-6.38636e-08
3.37822e-09
-4.51709e-08
3.09116e-09
-4.60212e-08
3.20096e-09
-4.97584e-08
3.27161e-09
-3.56931e-08
2.37594e-09
1.53307e-09
-1.84667e-09
4.48914e-07
-1.78023e-09
8.03265e-07
-1.5085e-09
8.26955e-07
-9.33971e-10
6.807e-07
-5.45762e-10
5.08601e-07
-3.3742e-10
3.56846e-07
-4.82299e-10
2.43804e-07
-8.7764e-10
1.59889e-07
-1.26016e-09
9.97979e-08
2.92294e-08
-8.59209e-09
4.58396e-07
-8.97077e-09
8.04127e-07
-7.6282e-09
8.25841e-07
-4.74763e-09
6.77863e-07
-2.70431e-09
5.0649e-07
-1.63989e-09
3.55597e-07
-2.03634e-09
2.43907e-07
-3.27031e-09
1.60795e-07
-4.47547e-09
1.00675e-07
2.76624e-08
-1.89031e-08
4.79109e-07
-2.03249e-08
8.0663e-07
-1.73265e-08
8.23377e-07
-1.08508e-08
6.71497e-07
-6.22805e-09
5.01741e-07
-3.86729e-09
3.52885e-07
-4.4903e-09
2.44002e-07
-6.61959e-09
1.62364e-07
-8.7661e-09
1.02275e-07
2.4867e-08
-3.35543e-08
5.15636e-07
-3.60952e-08
8.11042e-07
-3.07174e-08
8.1897e-07
-1.92833e-08
6.60279e-07
-1.12055e-08
4.93493e-07
-7.16052e-09
3.48337e-07
-7.99715e-09
2.44111e-07
-1.10615e-08
1.64696e-07
-1.41984e-08
1.04699e-07
2.05564e-08
-5.40766e-08
5.74127e-07
-5.67744e-08
8.16554e-07
-4.79035e-08
8.11639e-07
-2.99889e-08
6.42731e-07
-1.76127e-08
4.8095e-07
-1.15398e-08
3.41674e-07
-1.25506e-08
2.44297e-07
-1.64865e-08
1.67857e-07
-2.03911e-08
1.0783e-07
1.41407e-08
-8.31269e-08
6.63484e-07
-8.32713e-08
8.20553e-07
-6.89959e-08
7.99611e-07
-4.28429e-08
6.17148e-07
-2.5328e-08
4.63367e-07
-1.69112e-08
3.32718e-07
-1.79892e-08
2.4464e-07
-2.2539e-08
1.71798e-07
-2.64631e-08
1.11096e-07
4.54862e-09
-1.25149e-07
7.97219e-07
-1.17128e-07
8.17438e-07
-9.40321e-08
7.79621e-07
-5.76392e-08
5.81611e-07
-3.41318e-08
4.40066e-07
-2.30956e-08
3.21427e-07
-2.40713e-08
2.45253e-07
-2.87722e-08
1.76348e-07
-3.12169e-08
1.13249e-07
-9.90177e-09
-1.87533e-07
9.96532e-07
-1.60899e-07
7.9663e-07
-1.22745e-07
7.45616e-07
-7.40549e-08
5.342e-07
-4.37209e-08
4.10498e-07
-2.99095e-08
3.07988e-07
-3.06641e-08
2.46392e-07
-3.50508e-08
1.81404e-07
-3.3956e-08
1.12541e-07
-3.14305e-08
-2.82063e-07
1.29499e-06
-2.18338e-07
7.39343e-07
-1.5404e-07
6.86784e-07
-9.15497e-08
4.73684e-07
-5.37522e-08
3.74462e-07
-3.72944e-08
2.92988e-07
-3.80271e-08
2.48698e-07
-4.20248e-08
1.8725e-07
-3.61323e-08
1.07989e-07
-6.1812e-08
-4.19185e-07
-2.91803e-07
-1.84791e-07
-1.09383e-07
-6.38971e-08
-4.55433e-08
-4.69473e-08
-5.10762e-08
-3.77971e-08
)
;

boundaryField
{
    left_open
    {
        type            calculated;
        value           nonuniform List<scalar> 
420
(
-3.1131e-09
-9.23639e-09
-3.62052e-09
2.94015e-09
1.11803e-08
4.30592e-08
9.96905e-08
1.75197e-07
2.41511e-07
2.47574e-07
2.37508e-11
2.16081e-10
7.49456e-10
3.69913e-09
1.52545e-08
4.17821e-08
8.69646e-08
1.47208e-07
2.01265e-07
2.08755e-07
9.24766e-12
2.02036e-10
1.83299e-09
8.82847e-09
2.60399e-08
5.76724e-08
1.04956e-07
1.62004e-07
2.10154e-07
2.20411e-07
-2.60754e-09
-7.09382e-09
-1.20832e-10
1.37959e-08
2.76309e-08
5.67185e-08
9.8951e-08
1.46654e-07
1.84448e-07
1.91677e-07
-3.64239e-09
-1.14262e-08
-1.48857e-08
-4.59827e-09
2.01223e-08
4.79862e-08
8.74449e-08
1.29858e-07
1.61057e-07
1.6522e-07
-3.88979e-09
-1.25571e-08
-1.96079e-08
-1.99982e-08
-4.22643e-09
3.10911e-08
6.69948e-08
1.04769e-07
1.31586e-07
1.34015e-07
-3.3886e-09
-1.09844e-08
-1.81058e-08
-2.16547e-08
-1.40604e-08
1.28809e-08
4.55945e-08
8.0115e-08
1.03944e-07
1.05976e-07
-2.65698e-09
-8.63034e-09
-1.46267e-08
-1.89634e-08
-1.78821e-08
-4.02013e-09
2.89417e-08
5.79767e-08
7.9016e-08
8.15706e-08
-1.95332e-09
-6.39678e-09
-1.11121e-08
-1.51606e-08
-1.63295e-08
-9.61522e-09
1.34119e-08
3.80179e-08
5.74073e-08
6.11518e-08
-1.41561e-09
-4.71068e-09
-8.40302e-09
-1.19311e-08
-1.40354e-08
-1.2363e-08
-2.82602e-09
2.10574e-08
3.88443e-08
4.4045e-08
-1.06988e-09
-3.64954e-09
-6.72761e-09
-9.91047e-09
-1.2286e-08
-1.24046e-08
-8.39053e-09
4.44096e-09
2.21724e-08
2.98055e-08
-8.80952e-10
-3.09516e-09
-5.92555e-09
-9.07529e-09
-1.17319e-08
-1.26133e-08
-1.03515e-08
-4.18767e-09
1.04877e-08
1.91984e-08
-7.91379e-10
-2.85495e-09
-5.65738e-09
-8.98276e-09
-1.20632e-08
-1.35785e-08
-1.20152e-08
-6.85029e-09
2.24068e-09
1.3009e-08
-7.53449e-10
-2.76823e-09
-5.61983e-09
-9.15631e-09
-1.26485e-08
-1.47473e-08
-1.37804e-08
-8.75291e-09
-1.37257e-09
1.02852e-08
-7.40871e-10
-2.74637e-09
-5.64262e-09
-9.3137e-09
-1.30539e-08
-1.54992e-08
-1.48834e-08
-1.00634e-08
-2.8116e-09
8.46011e-09
4.20301e-08
3.50646e-08
3.89221e-08
3.40488e-08
2.93298e-08
2.34438e-08
1.82362e-08
1.38591e-08
1.02622e-08
7.31507e-09
4.97782e-09
3.28509e-09
2.41099e-09
2.02897e-09
1.74529e-09
3.91381e-08
3.60215e-08
3.27102e-08
2.93062e-08
2.58959e-08
2.25464e-08
1.94263e-08
3.24765e-08
2.96807e-08
2.66977e-08
2.36197e-08
2.0532e-08
1.75093e-08
1.47195e-08
3.68353e-08
3.45103e-08
3.1921e-08
2.91307e-08
2.62037e-08
2.32061e-08
2.03133e-08
3.23268e-08
3.04181e-08
2.82861e-08
2.59754e-08
2.35349e-08
2.10174e-08
1.85753e-08
2.78423e-08
2.61978e-08
2.43559e-08
2.23513e-08
2.02225e-08
1.80135e-08
1.58641e-08
2.21122e-08
2.06528e-08
1.90266e-08
1.7264e-08
1.53998e-08
1.34745e-08
1.16223e-08
1.70651e-08
1.57856e-08
1.43613e-08
1.28193e-08
1.11903e-08
9.51934e-09
7.93497e-09
1.28917e-08
1.18485e-08
1.06972e-08
9.47023e-09
8.20432e-09
6.93818e-09
5.78724e-09
9.47831e-09
8.63776e-09
7.71448e-09
6.7394e-09
5.75081e-09
4.79814e-09
3.99524e-09
6.71512e-09
6.08065e-09
5.38454e-09
4.65618e-09
3.93023e-09
3.24323e-09
2.69499e-09
4.55863e-09
4.11489e-09
3.62013e-09
3.10079e-09
2.58462e-09
2.09705e-09
1.72559e-09
3.01441e-09
2.71833e-09
2.36915e-09
1.991e-09
1.61397e-09
1.28301e-09
1.09994e-09
2.25418e-09
2.06156e-09
1.80694e-09
1.51592e-09
1.21469e-09
9.28392e-10
7.37932e-10
1.91923e-09
1.77071e-09
1.55716e-09
1.30335e-09
1.03323e-09
7.67927e-10
5.87258e-10
1.67118e-09
1.56637e-09
1.40397e-09
1.20704e-09
9.94887e-10
7.82958e-10
6.42216e-10
7.95641e-08
2.22257e-08
1.59856e-08
3.10504e-08
1.29467e-07
1.72909e-08
4.58535e-08
2.1861e-07
5.26718e-08
1.84973e-07
4.47387e-08
1.3797e-08
1.76287e-08
3.52254e-08
1.48561e-08
-1.26412e-09
2.39287e-08
2.09094e-07
1.29419e-08
1.59908e-07
7.43057e-08
2.12132e-08
-7.47779e-09
8.90143e-08
1.92786e-08
1.41723e-08
1.30735e-08
3.4152e-08
1.41545e-07
2.13675e-07
7.08194e-08
9.88628e-09
4.84628e-09
1.56968e-08
1.18603e-07
1.06996e-08
4.31291e-08
2.20342e-07
2.54901e-08
2.72325e-07
5.53467e-08
1.09043e-08
4.40379e-08
2.30588e-09
8.29568e-08
7.61205e-09
1.71789e-07
2.08825e-07
-3.77588e-08
1.38565e-07
2.99109e-08
5.01537e-09
-1.08192e-08
1.79973e-08
-2.97645e-08
1.42289e-07
-4.35107e-08
9.20261e-08
-2.19466e-08
3.51145e-08
7.94054e-09
2.84194e-09
4.22094e-08
7.93925e-08
-5.48818e-08
-5.29898e-08
-2.36928e-08
-5.25078e-08
8.59815e-08
8.59704e-08
6.59838e-09
7.49727e-09
5.549e-09
-6.34261e-09
8.03431e-08
-9.1022e-08
1.99896e-07
-2.67867e-08
-3.16542e-08
2.77464e-07
6.85078e-09
2.5248e-08
-2.10828e-09
-4.8321e-08
-9.43848e-08
1.09827e-07
-4.53899e-08
2.5902e-07
-1.00401e-07
2.94494e-07
3.85216e-09
-1.20839e-08
3.31539e-08
-6.79834e-10
1.61111e-09
-1.30326e-07
1.9145e-07
-1.24689e-08
3.82634e-07
2.63204e-07
1.07393e-09
-9.60162e-09
2.63953e-08
-7.509e-08
-1.2418e-07
6.66453e-08
-3.60442e-08
2.33443e-07
2.45761e-08
3.43607e-07
6.02861e-09
3.16238e-09
2.28153e-08
2.97572e-08
-1.07073e-07
2.49318e-08
1.45097e-07
2.59437e-07
1.10059e-07
5.10887e-08
-4.80756e-10
2.30514e-08
-2.57537e-08
-5.489e-08
4.20477e-08
-1.45236e-07
-1.43464e-07
2.81405e-07
2.07329e-07
3.15344e-07
-2.50226e-09
1.22744e-08
-1.40728e-08
-4.82976e-08
-9.36437e-08
-1.1423e-07
2.88239e-08
-5.98834e-08
5.10626e-07
3.87126e-07
-4.3376e-10
1.94031e-08
-2.45905e-08
4.52638e-08
3.28678e-08
4.34129e-08
2.08451e-10
-1.88254e-08
-1.43204e-08
4.28242e-07
)
;
    }
    right_open
    {
        type            calculated;
        value           nonuniform List<scalar> 
420
(
-3.64726e-09
-1.08367e-08
-8.6472e-09
-1.69652e-09
9.18527e-09
3.92821e-08
9.63666e-08
1.72442e-07
2.38662e-07
2.44052e-07
-2.63966e-11
4.31307e-10
3.09731e-10
1.99639e-09
1.32144e-08
3.97823e-08
8.52121e-08
1.45722e-07
1.99745e-07
2.06888e-07
4.96458e-10
1.3966e-09
1.11646e-09
5.48538e-09
2.26004e-08
5.47386e-08
1.02412e-07
1.59641e-07
2.07708e-07
2.17743e-07
-3.16596e-09
-9.81656e-09
-7.819e-09
4.24938e-09
2.28472e-08
5.43608e-08
9.69978e-08
1.44567e-07
1.82067e-07
1.89066e-07
-3.92331e-09
-1.2645e-08
-1.7877e-08
-9.5492e-09
1.45074e-08
4.32477e-08
8.3754e-08
1.26762e-07
1.5814e-07
1.62385e-07
-3.92986e-09
-1.27782e-08
-2.03952e-08
-2.18945e-08
-7.58741e-09
2.66713e-08
6.27588e-08
1.00943e-07
1.28204e-07
1.31035e-07
-3.37274e-09
-1.09573e-08
-1.82526e-08
-2.26441e-08
-1.79797e-08
4.86259e-09
4.1363e-08
7.63075e-08
1.00415e-07
1.02886e-07
-2.66388e-09
-8.66332e-09
-1.47677e-08
-1.94436e-08
-1.92622e-08
-7.12445e-09
2.47757e-08
5.3942e-08
7.54935e-08
7.87277e-08
-1.99052e-09
-6.51565e-09
-1.13382e-08
-1.55821e-08
-1.73162e-08
-1.24048e-08
7.28134e-09
3.37307e-08
5.4054e-08
5.8498e-08
-1.48516e-09
-4.93117e-09
-8.78866e-09
-1.25014e-08
-1.48713e-08
-1.37668e-08
-5.4099e-09
1.74073e-08
3.54704e-08
4.13695e-08
-1.16101e-09
-3.94001e-09
-7.23738e-09
-1.06503e-08
-1.32569e-08
-1.36242e-08
-9.97354e-09
-5.66851e-10
1.91454e-08
2.75488e-08
-9.79847e-10
-3.41236e-09
-6.49078e-09
-9.91465e-09
-1.28537e-08
-1.39901e-08
-1.19146e-08
-6.03068e-09
7.96499e-09
1.76614e-08
-8.88276e-10
-3.16722e-09
-6.22041e-09
-9.83547e-09
-1.32339e-08
-1.50623e-08
-1.37298e-08
-8.36615e-09
-5.93262e-10
1.14509e-08
-8.4504e-10
-3.06429e-09
-6.15809e-09
-9.98286e-09
-1.38051e-08
-1.62483e-08
-1.55719e-08
-1.06681e-08
-3.22775e-09
8.51262e-09
-8.28659e-10
-3.03067e-09
-6.16221e-09
-1.0118e-08
-1.41914e-08
-1.69912e-08
-1.6665e-08
-1.19356e-08
-4.73374e-09
6.01487e-09
4.13362e-08
3.47102e-08
3.84166e-08
3.35574e-08
2.88139e-08
2.29031e-08
1.76698e-08
1.33899e-08
9.82509e-09
6.87882e-09
4.59322e-09
3.03939e-09
2.17514e-09
1.71085e-09
1.34754e-09
3.84602e-08
3.53756e-08
3.2108e-08
2.87572e-08
2.54083e-08
2.21326e-08
1.91204e-08
3.21377e-08
2.93688e-08
2.64203e-08
2.33815e-08
2.0335e-08
1.73542e-08
1.46176e-08
3.63458e-08
3.4044e-08
3.14845e-08
2.87298e-08
2.58433e-08
2.28858e-08
2.00275e-08
3.18513e-08
2.99617e-08
2.78528e-08
2.55692e-08
2.3159e-08
2.06738e-08
1.82649e-08
2.73473e-08
2.57275e-08
2.39141e-08
2.19423e-08
1.98509e-08
1.76819e-08
1.55765e-08
2.15923e-08
2.0154e-08
1.85502e-08
1.68117e-08
1.49729e-08
1.30723e-08
1.12452e-08
1.65171e-08
1.5254e-08
1.38455e-08
1.23196e-08
1.07081e-08
9.05661e-09
7.49208e-09
1.24572e-08
1.14461e-08
1.03229e-08
9.11991e-09
7.86978e-09
6.60641e-09
5.4413e-09
9.07607e-09
8.26952e-09
7.3787e-09
6.43489e-09
5.47211e-09
4.5239e-09
3.69051e-09
6.31167e-09
5.70627e-09
5.03473e-09
4.32651e-09
3.61258e-09
2.92011e-09
2.34244e-09
4.19447e-09
3.76156e-09
3.2706e-09
2.75312e-09
2.24361e-09
1.77374e-09
1.4304e-09
2.78672e-09
2.50141e-09
2.15736e-09
1.78286e-09
1.40656e-09
1.05121e-09
7.99101e-10
2.03254e-09
1.84596e-09
1.59151e-09
1.2992e-09
9.98162e-10
7.11695e-10
5.22161e-10
1.61124e-09
1.46824e-09
1.25663e-09
1.007e-09
7.5222e-10
5.21974e-10
4.06264e-10
1.29938e-09
1.21324e-09
1.05976e-09
8.67688e-10
6.67273e-10
4.85619e-10
4.14739e-10
7.96158e-08
1.26802e-08
4.2085e-08
3.47142e-08
1.7147e-08
1.56865e-07
1.23254e-08
2.31594e-07
8.46448e-08
1.28903e-07
4.54318e-08
3.89186e-09
5.40248e-09
3.21643e-08
1.01192e-07
-1.27187e-08
4.94397e-08
5.63234e-09
5.46393e-08
2.49889e-07
7.36101e-08
1.78122e-08
4.73834e-09
-5.15331e-09
9.05349e-08
4.44688e-08
9.41353e-08
-3.2302e-09
9.86439e-08
9.39595e-08
6.99317e-08
1.77389e-08
5.40112e-08
-1.59626e-08
2.54925e-08
-6.10725e-09
9.30946e-09
1.59356e-08
8.92862e-08
1.59859e-07
5.48217e-08
1.56245e-09
6.11603e-09
1.35256e-09
6.68357e-08
1.28826e-07
3.01546e-08
9.46961e-08
1.31219e-08
2.66859e-07
2.81133e-08
5.97159e-09
4.89255e-09
1.42224e-09
6.08264e-08
-5.67014e-08
1.42025e-07
-2.26727e-08
6.21011e-08
2.66235e-07
4.9612e-09
7.97382e-09
4.02215e-08
4.28173e-08
-4.37357e-08
8.81733e-08
-1.04694e-08
6.48885e-08
1.28003e-07
2.35602e-07
2.31984e-09
2.97869e-09
-6.0867e-09
-3.95422e-08
5.36521e-08
-6.08594e-08
-3.97802e-08
2.40109e-07
3.06523e-07
1.90927e-07
6.9717e-10
1.84973e-08
-8.97727e-09
2.26905e-08
4.49709e-08
-7.90481e-08
2.33297e-07
-6.56946e-08
5.35674e-08
5.25304e-07
-1.33763e-09
-1.30115e-08
3.96858e-08
-3.72824e-08
2.77358e-08
-1.30519e-07
-1.53779e-08
3.39436e-08
3.46669e-07
1.6894e-08
6.22557e-10
1.12211e-08
2.76566e-08
-4.70543e-08
-3.19387e-09
2.03729e-08
-4.32664e-08
2.03159e-07
-7.14472e-08
3.01169e-07
-2.55135e-09
1.08098e-08
-2.1035e-08
-5.012e-08
-8.92544e-08
-1.83659e-07
2.3558e-07
2.58829e-07
-2.64405e-08
2.46689e-07
-2.65629e-09
1.13976e-08
-2.22232e-08
-2.67577e-09
3.8856e-09
1.51934e-08
-4.82645e-08
2.21113e-08
1.63768e-07
3.07922e-07
3.71583e-10
1.92285e-08
-1.86083e-08
-5.59288e-08
-1.16936e-07
-2.04938e-07
1.0154e-07
3.30043e-07
1.30596e-07
3.28296e-07
1.3667e-09
-9.20837e-09
6.3953e-09
5.1961e-09
5.56225e-08
-1.8133e-07
1.57052e-07
-1.00949e-07
3.72703e-07
1.99039e-07
)
;
    }
    lower_side
    {
        type            calculated;
        value           uniform 0;
    }
    bottom
    {
        type            calculated;
        value           nonuniform List<scalar> 
300
(
-2.88088e-07
-4.62684e-07
-4.04392e-07
-2.20123e-07
-1.38384e-07
-9.64855e-08
-7.14315e-08
-5.56807e-08
-4.54014e-08
-3.87933e-08
-3.47156e-08
-3.23354e-08
-3.10186e-08
-3.0337e-08
-3.00629e-08
-4.93324e-07
-5.23138e-07
-4.57094e-07
-3.54099e-07
-2.69227e-07
-2.1167e-07
-1.71987e-07
-1.45315e-07
-1.27612e-07
-1.16179e-07
-1.09074e-07
-1.04867e-07
-1.0249e-07
-1.01228e-07
-1.0068e-07
-5.39388e-07
-5.31443e-07
-4.70625e-07
-4.00104e-07
-3.27875e-07
-2.70752e-07
-2.28001e-07
-1.98599e-07
-1.79598e-07
-1.6845e-07
-1.62773e-07
-1.60546e-07
-1.60159e-07
-1.60473e-07
-1.60801e-07
-5.29869e-07
-5.24298e-07
-4.76688e-07
-4.2491e-07
-3.67308e-07
-3.19147e-07
-2.81381e-07
-2.55545e-07
-2.40273e-07
-2.33517e-07
-2.3274e-07
-2.35436e-07
-2.39413e-07
-2.42983e-07
-2.45043e-07
-4.96558e-07
-5.06792e-07
-4.77648e-07
-4.43393e-07
-4.00344e-07
-3.63545e-07
-3.35005e-07
-3.17564e-07
-3.10737e-07
-3.12834e-07
-3.21113e-07
-3.32478e-07
-3.43958e-07
-3.53079e-07
-3.58105e-07
-4.13596e-07
-4.72254e-07
-4.78593e-07
-4.69081e-07
-4.44756e-07
-4.22855e-07
-4.06851e-07
-4.01e-07
-4.05708e-07
-4.19659e-07
-4.39911e-07
-4.62713e-07
-4.84135e-07
-5.0066e-07
-5.09652e-07
-2.3504e-07
-4.0732e-07
-4.70673e-07
-4.94063e-07
-4.93031e-07
-4.89357e-07
-4.88666e-07
-4.96696e-07
-5.14758e-07
-5.42011e-07
-5.7547e-07
-6.1084e-07
-6.43247e-07
-6.68018e-07
-6.81482e-07
-1.45227e-07
-3.38871e-07
-4.42074e-07
-4.98714e-07
-5.22647e-07
-5.38519e-07
-5.53652e-07
-5.75346e-07
-6.05797e-07
-6.44801e-07
-6.89611e-07
-7.35726e-07
-7.77613e-07
-8.09623e-07
-8.27052e-07
-9.90349e-08
-2.63098e-07
-3.68297e-07
-4.34108e-07
-4.70238e-07
-4.95715e-07
-5.18642e-07
-5.45616e-07
-5.79192e-07
-6.1964e-07
-6.64893e-07
-7.11063e-07
-7.53016e-07
-7.85218e-07
-8.0287e-07
-5.1107e-08
-1.37982e-07
-1.94831e-07
-2.32149e-07
-2.54065e-07
-2.70225e-07
-2.84728e-07
-3.00948e-07
-3.20298e-07
-3.43063e-07
-3.68329e-07
-3.9416e-07
-4.17827e-07
-4.36202e-07
-4.46405e-07
-5.04338e-08
-1.35883e-07
-1.93397e-07
-2.31204e-07
-2.53574e-07
-2.69734e-07
-2.8406e-07
-3.00025e-07
-3.19196e-07
-3.41946e-07
-3.67394e-07
-3.93571e-07
-4.17664e-07
-4.36424e-07
-4.46856e-07
-9.428e-08
-2.54615e-07
-3.62401e-07
-4.3038e-07
-4.68079e-07
-4.93799e-07
-5.16438e-07
-5.42903e-07
-5.76133e-07
-6.16589e-07
-6.62269e-07
-7.09207e-07
-7.52079e-07
-7.85101e-07
-8.03235e-07
-1.31752e-07
-3.20886e-07
-4.31712e-07
-4.9303e-07
-5.19735e-07
-5.35955e-07
-5.50712e-07
-5.71741e-07
-6.01773e-07
-6.40812e-07
-6.86168e-07
-7.33225e-07
-7.76213e-07
-8.09191e-07
-8.27184e-07
-1.80714e-07
-3.6821e-07
-4.54284e-07
-4.87136e-07
-4.90103e-07
-4.86851e-07
-4.85633e-07
-4.92894e-07
-5.1049e-07
-5.37769e-07
-5.71774e-07
-6.08075e-07
-6.41556e-07
-6.67261e-07
-6.81266e-07
-2.61122e-07
-4.20228e-07
-4.65258e-07
-4.64893e-07
-4.43317e-07
-4.21e-07
-4.04093e-07
-3.97354e-07
-4.01568e-07
-4.15517e-07
-4.36244e-07
-4.5986e-07
-4.82216e-07
-4.99547e-07
-5.09005e-07
-4.34851e-07
-4.79512e-07
-4.70574e-07
-4.40922e-07
-3.99344e-07
-3.61835e-07
-3.32376e-07
-3.1414e-07
-3.06895e-07
-3.09e-07
-3.17675e-07
-3.29703e-07
-3.41935e-07
-3.51703e-07
-3.57101e-07
-5.08305e-07
-5.17144e-07
-4.75892e-07
-4.23693e-07
-3.66136e-07
-3.17016e-07
-2.78379e-07
-2.51979e-07
-2.36488e-07
-2.29844e-07
-2.29458e-07
-2.32721e-07
-2.37306e-07
-2.41387e-07
-2.43738e-07
-5.2852e-07
-5.30789e-07
-4.71845e-07
-3.97637e-07
-3.25395e-07
-2.67839e-07
-2.24857e-07
-1.95302e-07
-1.76323e-07
-1.6539e-07
-1.60079e-07
-1.58303e-07
-1.58369e-07
-1.59053e-07
-1.5959e-07
-4.62685e-07
-5.21852e-07
-4.56387e-07
-3.47326e-07
-2.64677e-07
-2.07858e-07
-1.68367e-07
-1.41961e-07
-1.24521e-07
-1.13434e-07
-1.06726e-07
-1.0292e-07
-1.00901e-07
-9.99148e-08
-9.95159e-08
-2.61693e-07
-4.45414e-07
-3.8433e-07
-2.07495e-07
-1.32657e-07
-9.2951e-08
-6.86886e-08
-5.35349e-08
-4.36754e-08
-3.74654e-08
-3.37116e-08
-3.15825e-08
-3.04544e-08
-2.99037e-08
-2.97012e-08
)
;
    }
    top
    {
        type            calculated;
        value           nonuniform List<scalar> 
465
(
1.12612e-07
7.29387e-08
5.04507e-08
9.36296e-08
1.91705e-08
3.29234e-07
3.65749e-07
4.15849e-08
3.22749e-08
-8.85679e-09
6.33867e-08
5.2574e-07
1.31576e-08
6.58278e-08
1.34739e-07
7.86129e-08
1.94166e-07
1.80772e-07
3.14716e-08
9.61717e-08
-4.37937e-08
1.66486e-07
1.44129e-07
3.20752e-07
1.19707e-07
4.35259e-07
1.8657e-07
1.27065e-07
-5.7407e-08
7.1604e-08
8.59781e-08
1.52619e-07
9.36662e-08
2.48779e-08
3.88003e-08
2.97929e-07
4.03579e-08
7.35493e-08
2.65357e-07
3.52609e-07
-1.1011e-07
-5.37719e-09
4.28711e-07
-1.14397e-07
-1.37031e-08
2.55148e-08
1.48047e-07
3.85454e-08
3.10147e-08
4.81658e-08
2.72601e-07
6.38666e-08
7.5699e-08
-6.29553e-08
1.43582e-07
1.72241e-08
5.3383e-08
3.17101e-07
3.20606e-09
4.02983e-07
6.58822e-08
7.10098e-08
-4.42957e-08
2.34966e-07
-3.27659e-08
7.47557e-08
-1.80993e-08
2.75429e-07
-1.61227e-07
4.34479e-07
-1.50878e-08
-1.24634e-07
-2.54828e-07
1.4837e-07
-3.79235e-07
8.47293e-08
9.70182e-08
-6.94553e-08
2.25117e-07
-9.92235e-08
-8.87246e-08
-6.51391e-08
2.96245e-07
-1.06253e-07
-1.83218e-07
1.1241e-07
4.83833e-09
-5.59404e-07
-4.41744e-09
-3.60694e-07
1.29485e-07
3.13761e-08
2.4128e-07
2.95418e-08
2.58243e-07
-1.29681e-07
2.19494e-07
2.23786e-07
2.89767e-07
-2.98681e-07
-3.91517e-07
-3.83117e-08
-1.09367e-07
6.87848e-08
-1.75834e-07
7.64186e-08
8.78948e-08
-5.17538e-08
-3.40197e-08
-8.87595e-08
1.01678e-07
3.64407e-07
-9.22197e-08
-1.16995e-07
2.63654e-07
-3.49528e-07
1.11507e-07
-6.04205e-08
1.38878e-07
-1.36054e-07
1.26772e-07
6.8502e-08
2.61874e-07
5.95721e-08
3.16267e-07
-3.56375e-08
5.66048e-08
-1.28057e-07
-1.8325e-07
2.95653e-07
5.97239e-07
-2.04256e-07
2.82421e-07
-7.3176e-07
-6.99508e-07
7.71814e-08
1.10824e-07
-7.55817e-09
2.70854e-08
-3.90843e-08
1.07079e-07
2.14767e-07
5.73176e-07
-8.67613e-09
5.78462e-07
-3.35087e-08
2.73514e-07
-2.01493e-07
-1.38817e-08
9.24979e-07
8.56474e-09
2.43832e-08
8.57021e-09
7.55496e-09
8.59511e-09
3.0925e-08
1.32356e-08
1.42933e-08
1.64493e-08
1.2371e-08
7.02547e-08
2.76993e-08
2.57598e-09
1.25673e-07
-2.89751e-08
9.39326e-09
2.51298e-08
1.04444e-08
1.5856e-08
1.54643e-08
3.75983e-08
1.76268e-08
2.28826e-08
2.37916e-08
2.19822e-08
7.6515e-08
3.28072e-08
1.28074e-08
1.31225e-07
-1.78372e-08
8.94662e-09
2.42363e-08
8.64527e-09
1.85224e-08
1.774e-08
3.87538e-08
2.04474e-08
2.9006e-08
2.77517e-08
2.79034e-08
7.9972e-08
1.06672e-07
1.88632e-08
7.68925e-10
-4.88127e-09
8.23709e-09
2.37713e-08
6.88624e-09
2.02036e-08
1.88115e-08
3.67324e-08
2.4235e-08
3.36188e-08
3.09349e-08
3.18366e-08
8.49988e-08
1.09688e-07
2.16787e-08
6.08989e-09
5.77595e-09
7.21257e-09
2.37624e-08
2.76808e-08
2.09062e-08
1.86212e-08
2.87523e-08
2.90319e-08
3.66878e-08
3.30995e-08
3.49149e-08
8.8e-08
1.09716e-07
1.96833e-08
1.76535e-08
1.42184e-08
5.05859e-09
1.86876e-08
2.43286e-08
1.86123e-08
1.54969e-08
1.28072e-08
2.83938e-08
3.42681e-08
3.09802e-08
3.47492e-08
7.74452e-08
9.75836e-08
1.42038e-08
2.22808e-08
2.06257e-08
4.61821e-09
-4.43923e-09
2.72766e-08
1.91084e-08
1.52457e-08
6.21449e-08
3.36056e-08
3.78217e-08
3.49282e-08
4.35543e-08
8.60948e-08
1.0334e-07
6.46178e-09
2.43425e-08
2.61574e-08
4.48529e-09
-6.1795e-09
2.74874e-08
1.61721e-08
9.93452e-09
6.07202e-08
3.81509e-08
3.60235e-08
3.52837e-08
3.9065e-08
8.19381e-08
-9.40827e-09
2.6964e-09
1.94927e-08
2.75465e-08
4.60376e-09
-3.67323e-09
2.76634e-08
8.67669e-09
8.25774e-09
5.84073e-09
3.5856e-08
3.29648e-08
3.71685e-08
2.49585e-08
8.10041e-08
5.78894e-10
1.18629e-07
1.05047e-08
1.80675e-08
5.18389e-09
2.39517e-08
2.86301e-08
5.56829e-09
1.82005e-09
5.78161e-10
2.29393e-08
2.86744e-08
3.75251e-08
4.01395e-08
7.84638e-08
1.41525e-08
1.22671e-07
2.30379e-09
-1.27595e-09
5.05431e-09
2.56889e-08
2.71187e-08
2.32983e-09
7.09447e-09
8.2313e-11
1.2636e-08
2.03164e-08
3.07231e-08
3.8742e-08
1.18873e-08
1.17717e-08
1.10375e-07
7.18678e-09
-1.93807e-08
1.10787e-07
1.17752e-07
5.15585e-08
2.69925e-07
3.2578e-07
2.64347e-09
9.22899e-08
3.33962e-07
1.5003e-07
7.35069e-08
7.64656e-08
6.66955e-07
6.95704e-08
1.65961e-07
1.16374e-06
8.90819e-10
1.28027e-08
-5.03754e-09
6.40572e-09
2.48802e-07
-1.37444e-07
-1.44279e-07
3.68117e-07
1.33113e-08
-4.22549e-08
3.77557e-07
2.99012e-07
-5.71969e-07
1.46979e-07
-9.86821e-07
6.25347e-08
2.3421e-08
5.7683e-08
-4.94479e-08
7.16178e-09
2.51019e-07
2.38252e-07
-1.20993e-07
3.39623e-07
-3.14214e-07
6.47395e-08
-5.78013e-07
6.38748e-08
-1.18994e-07
1.32798e-07
4.98927e-08
2.23084e-07
2.15736e-07
-6.43245e-08
2.54805e-07
2.55779e-07
-9.25403e-08
3.4932e-07
-1.38546e-07
5.49226e-08
2.68197e-08
-3.48143e-07
-1.12731e-07
1.29324e-07
-7.36496e-07
8.92932e-08
1.17255e-07
2.44034e-07
-1.7658e-08
-6.90648e-08
-1.70997e-08
6.60794e-09
-1.30817e-07
-1.67695e-07
1.61933e-07
-2.38946e-07
1.9936e-07
-5.64059e-07
2.15984e-07
1.95315e-07
1.65058e-08
1.23026e-07
4.33091e-08
1.2533e-07
-3.26041e-08
2.3644e-09
-6.68015e-08
2.51151e-07
2.83763e-07
3.34588e-07
4.84785e-08
-6.4215e-08
-2.24826e-07
1.02434e-07
-9.12458e-09
4.59808e-08
6.86335e-08
8.75123e-08
-1.48711e-09
2.54391e-07
6.55786e-08
2.96308e-07
3.04307e-07
1.19496e-07
-1.13659e-07
-6.58765e-08
-1.0551e-08
-2.54875e-08
-1.9425e-07
1.14983e-07
3.92156e-08
9.62727e-08
1.02845e-07
4.02153e-08
-1.36426e-08
8.40238e-08
6.21308e-08
1.08841e-07
3.18249e-08
4.02316e-07
-8.72633e-08
4.67189e-07
-8.41893e-08
3.28854e-07
1.68043e-07
3.72873e-08
8.21709e-08
2.51675e-08
7.13485e-08
5.23893e-08
3.76774e-07
1.44544e-07
9.20368e-08
7.03123e-08
1.88467e-07
1.143e-07
1.12867e-07
6.20585e-08
4.07568e-07
-2.82228e-07
5.3229e-08
1.2261e-07
3.17658e-07
8.6452e-08
4.80683e-08
-5.62238e-09
5.2456e-08
7.42511e-08
-3.36458e-09
4.52549e-07
1.31298e-07
1.54509e-07
1.4735e-07
1.24731e-07
4.4423e-07
)
;
    }
    end
    {
        type            calculated;
        value           nonuniform List<scalar> 
726
(
-2.78657e-09
-9.93191e-09
-1.63993e-08
-5.80047e-09
1.88232e-08
4.59519e-08
9.98816e-08
1.77193e-07
2.50356e-07
2.6927e-07
-3.3722e-10
-1.77672e-09
-2.00549e-10
3.96279e-09
1.30534e-08
3.80769e-08
8.24554e-08
1.45492e-07
2.08122e-07
2.26751e-07
4.7205e-10
8.24061e-10
1.24564e-09
6.77075e-09
2.18991e-08
5.14211e-08
9.90265e-08
1.62539e-07
2.24537e-07
2.49216e-07
1.097e-10
5.74072e-10
2.31583e-09
8.76118e-09
2.38012e-08
5.13181e-08
9.41211e-08
1.50266e-07
2.06665e-07
2.35289e-07
1.16074e-10
6.42207e-10
2.59763e-09
9.34796e-09
2.44366e-08
5.12095e-08
9.18112e-08
1.43973e-07
1.96137e-07
2.25611e-07
1.56505e-10
4.88135e-10
1.77894e-09
7.5111e-09
2.1156e-08
4.62044e-08
8.48948e-08
1.34844e-07
1.84881e-07
2.14096e-07
-2.81857e-09
-8.33869e-09
-3.49393e-09
4.07887e-09
9.18632e-09
3.00284e-08
6.88481e-08
1.20046e-07
1.71413e-07
2.00969e-07
-4.50016e-09
-1.57721e-08
-2.74643e-08
-3.73713e-08
-4.00719e-08
-2.11355e-08
2.54768e-08
7.58237e-08
1.33113e-07
1.65464e-07
-5.97923e-09
-2.0693e-08
-3.75135e-08
-5.46011e-08
-6.85674e-08
-7.37403e-08
-6.25992e-08
-2.24976e-08
5.23561e-08
9.26855e-08
-5.14124e-09
-1.69894e-08
-3.07332e-08
-4.6537e-08
-6.42926e-08
-8.34652e-08
-1.02795e-07
-1.20058e-07
-1.34465e-07
-1.42385e-07
-5.33021e-09
-1.76035e-08
-3.18356e-08
-4.81874e-08
-6.65005e-08
-8.61847e-08
-1.05955e-07
-1.23578e-07
-1.38092e-07
-1.46023e-07
-6.45211e-09
-2.22446e-08
-4.0287e-08
-5.86377e-08
-7.36498e-08
-7.94374e-08
-6.81566e-08
-2.76207e-08
4.84317e-08
8.88218e-08
-5.65449e-09
-1.97784e-08
-3.47026e-08
-4.6294e-08
-4.83418e-08
-2.85023e-08
2.09122e-08
7.38202e-08
1.31628e-07
1.62315e-07
-4.24153e-09
-1.4084e-08
-2.03636e-08
-1.26056e-08
6.45057e-09
2.87926e-08
6.95165e-08
1.21736e-07
1.71902e-07
1.98361e-07
-2.75125e-09
-3.77407e-09
1.38984e-09
8.89771e-09
2.27025e-08
4.81244e-08
8.77485e-08
1.37654e-07
1.85743e-07
2.11569e-07
1.1997e-10
3.50065e-10
1.48952e-09
7.95927e-09
2.36082e-08
5.13386e-08
9.28814e-08
1.45226e-07
1.96149e-07
2.23099e-07
-4.02469e-10
9.56691e-10
2.05106e-09
5.86446e-09
2.09412e-08
4.9178e-08
9.29945e-08
1.4992e-07
2.05924e-07
2.32867e-07
2.71636e-10
1.30171e-09
1.16199e-09
4.71129e-09
1.94621e-08
4.91577e-08
9.72949e-08
1.61292e-07
2.23163e-07
2.46667e-07
4.80631e-10
1.67283e-09
1.41812e-09
2.27569e-09
1.19579e-08
3.66707e-08
8.1301e-08
1.44701e-07
2.07209e-07
2.24958e-07
-3.40203e-09
-1.12995e-08
-1.7436e-08
-6.92855e-09
1.77149e-08
4.58851e-08
9.9952e-08
1.77064e-07
2.49484e-07
2.67083e-07
4.83415e-08
3.91646e-08
4.46785e-08
4.3591e-08
4.28943e-08
4.11067e-08
3.86055e-08
3.13575e-08
1.78399e-08
-2.76221e-08
-2.83282e-08
1.69975e-08
3.05178e-08
3.77733e-08
4.02389e-08
4.20968e-08
4.28948e-08
4.40778e-08
3.87457e-08
4.78495e-08
4.61184e-08
4.36748e-08
4.10287e-08
3.82708e-08
3.54762e-08
3.27067e-08
3.01335e-08
3.66611e-08
3.38676e-08
3.08185e-08
2.76207e-08
2.43765e-08
2.118e-08
1.81935e-08
4.24439e-08
3.98372e-08
3.68436e-08
3.35492e-08
3.0044e-08
2.64158e-08
2.28512e-08
4.19141e-08
3.98845e-08
3.74605e-08
3.47008e-08
3.16734e-08
2.84526e-08
2.52174e-08
4.16585e-08
4.0105e-08
3.81741e-08
3.59033e-08
3.334e-08
3.05386e-08
2.76685e-08
4.01163e-08
3.88492e-08
3.72421e-08
3.53256e-08
3.31371e-08
3.07189e-08
2.82273e-08
3.77086e-08
3.65407e-08
3.50467e-08
3.32592e-08
3.12141e-08
2.89478e-08
2.66011e-08
3.04104e-08
2.91995e-08
2.76781e-08
2.58864e-08
2.38669e-08
2.16616e-08
1.94255e-08
1.71604e-08
1.6211e-08
1.49669e-08
1.35008e-08
1.18896e-08
1.02192e-08
8.65893e-09
-2.64543e-08
-2.4579e-08
-2.21007e-08
-1.91597e-08
-1.59628e-08
-1.28187e-08
-1.00105e-08
-2.51327e-09
-4.02569e-09
-4.36788e-09
-4.22516e-09
-3.87864e-09
-3.48373e-09
-3.17088e-09
-3.96138e-09
-7.12306e-09
-8.12658e-09
-8.07861e-09
-7.5422e-09
-6.84111e-09
-6.19206e-09
-3.96106e-09
-7.12201e-09
-8.12414e-09
-8.07379e-09
-7.53434e-09
-6.83319e-09
-6.20155e-09
-2.51284e-09
-4.0243e-09
-4.36452e-09
-4.21803e-09
-3.86573e-09
-3.46745e-09
-3.18529e-09
-2.51128e-09
-4.02044e-09
-4.35981e-09
-4.21303e-09
-3.86065e-09
-3.46245e-09
-3.18086e-09
-3.95771e-09
-7.11433e-09
-8.11477e-09
-8.06386e-09
-7.52433e-09
-6.82351e-09
-6.19328e-09
-3.95807e-09
-7.11541e-09
-8.11722e-09
-8.06865e-09
-7.53207e-09
-6.83127e-09
-6.18383e-09
-2.51182e-09
-4.02195e-09
-4.36327e-09
-4.22021e-09
-3.87355e-09
-3.47868e-09
-3.16676e-09
-2.71437e-08
-2.5248e-08
-2.27444e-08
-1.97697e-08
-1.65302e-08
-1.33435e-08
-1.05175e-08
1.63073e-08
1.53572e-08
1.41275e-08
1.26949e-08
1.1135e-08
9.50829e-09
7.96289e-09
2.95121e-08
2.82602e-08
2.67133e-08
2.49137e-08
2.29038e-08
2.07209e-08
1.85271e-08
3.67872e-08
3.55551e-08
3.40167e-08
3.22071e-08
3.01638e-08
2.79239e-08
2.56523e-08
3.91633e-08
3.78293e-08
3.61757e-08
3.42351e-08
3.20448e-08
2.96437e-08
2.71918e-08
4.07907e-08
3.9179e-08
3.72052e-08
3.49102e-08
3.23424e-08
2.9553e-08
2.671e-08
4.11686e-08
3.91035e-08
3.66582e-08
3.38929e-08
3.0876e-08
2.76803e-08
2.4491e-08
4.18213e-08
3.92119e-08
3.62306e-08
3.2963e-08
2.94979e-08
2.59204e-08
2.24321e-08
3.6232e-08
3.34495e-08
3.04264e-08
2.72679e-08
2.40737e-08
2.0932e-08
1.80174e-08
4.56211e-08
4.31876e-08
4.05645e-08
3.7842e-08
3.50944e-08
3.23796e-08
2.98651e-08
2.03059e-07
1.4012e-07
2.01765e-07
3.30637e-07
5.10913e-07
8.18003e-07
1.09704e-06
1.29747e-06
1.65464e-06
2.01654e-06
6.62043e-08
3.70703e-08
3.40987e-09
9.95025e-08
2.91284e-08
4.39209e-08
3.31619e-07
6.40469e-07
1.02654e-06
1.58039e-06
7.02057e-08
3.33018e-08
-1.25122e-08
3.08584e-08
5.48734e-08
7.34385e-08
8.09984e-08
4.37597e-08
4.31803e-07
1.14677e-06
9.11335e-08
6.45718e-09
5.36844e-08
2.6844e-08
1.22041e-08
2.78756e-08
1.60141e-07
8.47851e-09
2.28202e-07
9.51395e-07
1.20491e-07
5.35195e-09
-1.83388e-09
1.93859e-09
1.29755e-08
7.56521e-09
8.18566e-08
2.57631e-08
1.43215e-07
8.41611e-07
1.446e-07
1.7127e-08
3.48464e-10
-4.78733e-09
2.1424e-09
1.29442e-07
3.8139e-08
4.0442e-08
7.6278e-08
7.44459e-07
1.38856e-07
2.88384e-08
4.61228e-08
3.21682e-08
2.87622e-08
6.82245e-08
3.82376e-08
5.36353e-08
8.629e-08
6.68718e-07
8.51148e-08
3.41513e-09
2.24254e-08
3.11198e-08
9.36987e-08
-4.43866e-09
3.97279e-09
6.92846e-08
1.1918e-07
6.24498e-07
5.72965e-09
5.71521e-09
7.28934e-09
7.3826e-08
1.46001e-08
3.7797e-08
5.50045e-08
3.0554e-08
5.33013e-08
6.24985e-07
-1.09907e-08
3.95323e-08
6.98159e-09
2.00489e-08
4.90126e-08
1.4102e-07
1.03564e-07
1.60334e-08
7.58611e-08
6.51709e-07
-2.3576e-08
3.12101e-09
3.79318e-10
1.08055e-10
1.13656e-08
1.22594e-08
1.40128e-08
3.29676e-09
2.72122e-09
6.65789e-08
-3.32572e-08
-1.92791e-09
4.67894e-10
-1.54424e-10
1.1779e-08
1.33455e-08
1.64296e-08
4.05919e-09
3.92539e-09
7.50607e-08
-3.92361e-08
-2.98546e-09
5.26443e-10
-4.34126e-10
4.62008e-09
1.29259e-08
1.70303e-08
4.57151e-09
2.15424e-08
7.52856e-08
-4.30055e-08
1.6638e-09
5.92398e-10
-7.04182e-10
4.45712e-09
1.2619e-08
1.74617e-08
4.93404e-09
5.20773e-09
7.55143e-08
-4.43098e-08
8.876e-10
6.13547e-10
-9.34738e-10
4.52707e-09
1.24189e-08
1.77253e-08
5.34303e-09
9.88833e-09
7.57158e-08
-3.93129e-08
-4.52294e-09
6.56325e-10
-8.86216e-10
9.80249e-09
1.10184e-08
1.58293e-08
4.8875e-09
8.71185e-09
6.74398e-08
-4.42778e-08
-4.8317e-09
1.27291e-09
-9.6802e-10
1.11566e-08
1.24946e-08
1.77955e-08
5.49461e-09
3.86358e-09
7.59706e-08
-4.30436e-08
1.74159e-09
1.47678e-09
-8.16865e-10
1.009e-08
1.27627e-08
1.75972e-08
5.44316e-09
2.50537e-09
7.59714e-08
-3.93466e-08
2.43164e-09
1.48274e-09
-7.11352e-10
-2.44298e-10
1.31118e-08
1.72245e-08
5.36894e-09
3.7752e-09
7.58874e-08
-3.33753e-08
-2.31499e-09
1.37242e-09
-8.08513e-10
-4.83239e-10
1.35917e-08
1.66694e-08
5.20665e-09
6.13735e-09
7.57168e-08
-2.37575e-08
-2.03337e-09
1.13054e-09
-8.07395e-10
3.26785e-10
1.25199e-08
1.42496e-08
4.38221e-09
6.75101e-09
6.71315e-08
-2.06761e-08
2.77924e-08
1.99563e-08
8.21946e-08
5.31091e-08
1.43641e-07
1.06157e-07
2.24852e-08
8.22437e-08
6.56546e-07
-5.31893e-09
-5.98483e-09
5.32045e-08
-9.01986e-09
2.80151e-08
4.43804e-08
4.4233e-08
2.69673e-08
7.20911e-08
6.57122e-07
8.16038e-08
2.18357e-08
3.11207e-08
3.28742e-08
8.41878e-09
3.20753e-08
5.90182e-08
2.67527e-08
1.09463e-07
6.55631e-07
1.36211e-07
1.26423e-08
1.88736e-08
8.81443e-09
8.75562e-09
1.04559e-08
4.48701e-08
1.37572e-08
7.76622e-08
6.77762e-07
1.37232e-07
-4.60664e-09
-1.27975e-08
-3.77315e-09
8.95739e-08
3.40259e-09
1.46869e-08
1.73859e-09
8.37707e-08
7.28777e-07
1.14384e-07
-5.77619e-09
3.80337e-08
5.12249e-08
-2.00859e-08
1.0565e-07
3.63718e-08
-1.38457e-09
1.54436e-07
8.32852e-07
8.81203e-08
1.19873e-08
1.31306e-08
6.43781e-08
-3.60768e-08
1.12787e-07
-1.59243e-08
-6.16446e-09
2.42407e-07
9.71789e-07
7.13065e-08
5.29568e-09
4.93642e-08
-1.22702e-08
3.42196e-08
1.34222e-07
3.94133e-08
4.27081e-08
4.55604e-07
1.17173e-06
6.98059e-08
1.92068e-08
-6.32001e-09
3.42725e-09
5.66938e-09
3.96761e-08
3.43022e-07
6.61496e-07
1.04706e-06
1.61162e-06
2.04304e-07
1.50103e-07
2.12448e-07
3.53748e-07
5.5738e-07
7.62962e-07
1.10637e-06
1.31918e-06
1.66408e-06
2.05223e-06
)
;
    }
    symm
    {
        type            symmetryPlane;
        value           uniform 0;
    }
    air_to_aluminum
    {
        type            calculated;
        value           nonuniform List<scalar> 
825
(
0
0
0
2.06795e-25
0
0
0
0
0
0
0
0
0
0
0
0
0
0
0
0
1.61559e-27
0
0
-1.61559e-27
0
0
1.61559e-27
0
0
0
0
0
0
0
0
0
0
0
0
0
0
0
0
0
0
0
0
0
0
0
0
0
0
-1.29247e-26
0
0
0
0
-6.46235e-27
0
0
0
0
0
0
0
0
0
2.58494e-26
-2.58494e-26
0
0
0
0
1.03398e-25
0
0
0
0
0
0
0
0
0
0
0
0
0
0
0
0
0
0
0
0
0
-6.46235e-27
-6.46235e-27
0
0
0
0
0
0
0
0
0
0
0
0
0
0
0
-1.29247e-26
0
0
0
0
0
0
0
0
0
0
0
0
0
0
0
0
0
0
0
0
-1.03398e-25
0
0
0
0
0
0
0
0
0
0
0
8.27181e-25
0
0
0
0
0
0
0
0
-1.65436e-24
0
0
0
0
0
0
0
0
0
0
0
0
0
0
0
0
0
0
0
0
0
0
4.1359e-25
0
0
0
0
0
0
0
0
0
0
0
0
0
0
0
0
0
0
0
0
0
0
0
0
0
0
0
0
0
0
0
0
0
0
0
0
0
0
0
0
0
0
0
0
0
0
0
0
0
0
0
3.30872e-24
0
0
0
0
0
0
0
0
0
0
0
0
0
0
0
0
0
0
0
0
0
0
0
0
0
0
0
0
0
-8.27181e-25
0
0
-8.07794e-28
0
0
0
0
-2.06795e-25
0
-1.65436e-24
0
0
2.58494e-26
5.16988e-26
1.03398e-25
0
0
0
0
0
0
-5.16988e-26
0
0
0
0
-3.23117e-27
0
0
0
0
0
0
0
0
0
0
0
0
0
0
0
0
0
0
0
-2.06795e-25
0
0
0
0
0
0
0
0
0
1.65436e-24
0
0
0
0
0
0
0
0
0
-6.46235e-27
0
0
0
0
0
0
0
0
0
0
2.06795e-25
-4.1359e-25
0
0
0
0
0
0
0
0
0
-3.30872e-24
0
-6.46235e-27
0
0
0
0
0
0
6.61744e-24
0
0
0
0
0
0
0
0
0
0
0
0
0
0
0
0
0
0
0
-4.1359e-25
0
0
0
0
0
0
0
0
0
0
0
0
0
0
-1.03398e-25
0
0
0
0
-2.58494e-26
0
0
0
-8.27181e-25
-3.23117e-27
0
0
0
0
0
8.27181e-25
0
0
0
0
0
0
0
0
0
0
-1.03398e-25
0
0
0
0
2.58494e-26
0
0
0
0
0
0
0
0
0
0
0
0
0
0
0
0
0
0
0
0
0
0
-2.06795e-25
0
-8.27181e-25
0
0
0
1.03398e-25
0
0
0
0
-1.29247e-26
5.16988e-26
0
0
0
0
0
0
0
0
0
0
0
3.30872e-24
-5.16988e-26
0
0
0
0
0
-3.30872e-24
0
0
0
0
0
8.27181e-25
0
0
0
0
0
0
0
0
0
0
0
0
0
-5.16988e-26
0
0
0
0
0
0
-2.58494e-26
0
0
0
8.27181e-25
0
0
0
0
0
0
-4.1359e-25
0
0
-3.23117e-27
0
0
0
0
0
0
0
0
0
0
-1.03398e-25
0
4.1359e-25
0
0
0
0
0
0
0
0
0
0
0
0
0
0
0
0
0
0
0
0
0
0
-4.1359e-25
0
0
0
0
0
0
2.06795e-25
0
0
0
0
0
-5.16988e-26
0
0
0
0
0
0
0
0
0
0
0
0
0
0
0
0
0
0
0
0
-3.30872e-24
6.61744e-24
0
0
0
0
0
0
3.30872e-24
0
0
0
0
0
0
0
0
8.07794e-28
3.23117e-27
0
0
0
2.06795e-25
0
0
0
0
0
0
0
0
0
0
0
0
0
0
0
0
0
0
0
0
0
0
3.23117e-27
0
0
0
0
4.1359e-25
0
3.23117e-27
0
-5.16988e-26
-1.03398e-25
0
0
0
0
0
0
0
0
0
0
0
0
0
0
0
-8.27181e-25
0
0
0
0
0
0
0
0
0
0
0
0
0
0
0
0
0
0
-2.06795e-25
0
0
0
0
0
0
0
0
0
0
2.01948e-28
0
0
0
0
-1.65436e-24
0
0
0
0
0
0
0
0
4.1359e-25
0
0
0
0
0
1.65436e-24
0
0
0
0
0
0
0
-1.65436e-24
1.65436e-24
0
0
0
0
0
0
0
0
0
0
0
0
0
0
0
0
-4.1359e-25
0
0
0
0
0
0
0
0
0
0
0
0
0
0
0
0
0
0
0
0
0
0
0
0
0
0
0
0
0
0
0
0
0
0
0
0
0
0
0
0
0
0
0
0
3.30872e-24
0
0
0
0
0
0
3.30872e-24
0
0
6.61744e-24
0
0
0
-3.30872e-24
0
0
0
-6.61744e-24
0
0
0
0
0
0
0
0
0
0
-3.30872e-24
0
0
0
0
0
0
0
0
0
0
-6.61744e-24
0
0
)
;
    }
}


// ************************************************************************* //
