/*--------------------------------*- C++ -*----------------------------------*\
| =========                 |                                                 |
| \\      /  F ield         | OpenFOAM: The Open Source CFD Toolbox           |
|  \\    /   O peration     | Version:                                        |
|   \\  /    A nd           | Website:  www.openfoam.com                      |
|    \\/     M anipulation  |                                                 |
\*---------------------------------------------------------------------------*/
FoamFile
{
    version     2.0;
    format      ascii;
    class       volScalarField;
    location    "60/air";
    object      rho;
}
// * * * * * * * * * * * * * * * * * * * * * * * * * * * * * * * * * * * * * //

dimensions      [1 -3 0 0 0 0 0];


internalField   nonuniform List<scalar> 
10890
(
1.20394
1.20397
1.20401
1.20406
1.20409
1.2041
1.20409
1.20406
1.20392
1.2031
1.20398
1.20402
1.20406
1.20409
1.20412
1.20414
1.20413
1.2041
1.20398
1.20298
1.20403
1.20407
1.2041
1.20413
1.20415
1.20417
1.20416
1.20414
1.20403
1.20303
1.20407
1.2041
1.20413
1.20416
1.20418
1.20419
1.20419
1.20418
1.20408
1.20301
1.2041
1.20413
1.20416
1.20418
1.2042
1.20421
1.20422
1.20421
1.20411
1.20295
1.20412
1.20415
1.20418
1.2042
1.20422
1.20423
1.20423
1.20423
1.20414
1.20285
1.20413
1.20416
1.20419
1.20421
1.20423
1.20424
1.20425
1.20424
1.20415
1.20273
1.20415
1.20417
1.2042
1.20423
1.20424
1.20425
1.20426
1.20425
1.20416
1.20258
1.20417
1.20419
1.20421
1.20424
1.20425
1.20426
1.20427
1.20426
1.20417
1.20242
1.20418
1.2042
1.20423
1.20425
1.20426
1.20427
1.20427
1.20427
1.20419
1.20225
1.2042
1.20421
1.20423
1.20425
1.20427
1.20428
1.20428
1.20428
1.2042
1.20208
1.20421
1.20422
1.20424
1.20426
1.20428
1.20428
1.20429
1.20429
1.20421
1.20189
1.20422
1.20423
1.20425
1.20427
1.20428
1.20429
1.2043
1.2043
1.20423
1.2017
1.20423
1.20423
1.20425
1.20427
1.20428
1.20429
1.2043
1.2043
1.20424
1.20149
1.20423
1.20424
1.20425
1.20427
1.20428
1.20429
1.2043
1.2043
1.20425
1.20124
1.2031
1.20392
1.20405
1.20409
1.20409
1.20408
1.20405
1.20401
1.20397
1.20394
1.20298
1.20397
1.2041
1.20413
1.20413
1.20412
1.20409
1.20405
1.20401
1.20398
1.20303
1.20403
1.20414
1.20416
1.20416
1.20415
1.20413
1.2041
1.20406
1.20403
1.20301
1.20408
1.20418
1.20419
1.20419
1.20418
1.20416
1.20413
1.2041
1.20407
1.20295
1.20411
1.20421
1.20421
1.20421
1.2042
1.20418
1.20416
1.20413
1.2041
1.20285
1.20414
1.20423
1.20423
1.20423
1.20422
1.2042
1.20418
1.20415
1.20412
1.20273
1.20415
1.20424
1.20425
1.20424
1.20423
1.20421
1.20419
1.20416
1.20413
1.20258
1.20416
1.20425
1.20426
1.20425
1.20424
1.20423
1.2042
1.20418
1.20415
1.20242
1.20417
1.20426
1.20427
1.20426
1.20425
1.20424
1.20421
1.20419
1.20417
1.20225
1.20419
1.20427
1.20427
1.20427
1.20426
1.20425
1.20423
1.2042
1.20418
1.20207
1.2042
1.20428
1.20428
1.20428
1.20427
1.20425
1.20423
1.20421
1.2042
1.20189
1.20421
1.20429
1.20429
1.20428
1.20428
1.20426
1.20424
1.20422
1.20421
1.2017
1.20423
1.2043
1.2043
1.20429
1.20428
1.20427
1.20425
1.20423
1.20422
1.20149
1.20424
1.2043
1.2043
1.20429
1.20428
1.20427
1.20425
1.20424
1.20423
1.20124
1.20425
1.2043
1.2043
1.20429
1.20428
1.20427
1.20425
1.20424
1.20423
1.20392
1.20395
1.20399
1.20404
1.20407
1.20408
1.20408
1.20404
1.20389
1.20288
1.2039
1.20393
1.20397
1.20402
1.20405
1.20407
1.20406
1.20402
1.20386
1.2027
1.20388
1.20391
1.20395
1.204
1.20403
1.20405
1.20404
1.204
1.20383
1.20256
1.20386
1.20389
1.20393
1.20398
1.20402
1.20404
1.20403
1.20399
1.20381
1.20246
1.20385
1.20387
1.20391
1.20396
1.204
1.20402
1.20401
1.20397
1.20379
1.20239
1.20383
1.20385
1.20389
1.20394
1.20398
1.204
1.204
1.20396
1.20378
1.20237
1.20382
1.20384
1.20387
1.20392
1.20396
1.20399
1.20398
1.20395
1.20378
1.20241
1.20396
1.20399
1.20403
1.20408
1.20411
1.20412
1.20412
1.20408
1.20394
1.2027
1.20394
1.20397
1.20401
1.20406
1.20409
1.20411
1.2041
1.20407
1.20391
1.20246
1.20393
1.20395
1.20399
1.20404
1.20407
1.20409
1.20408
1.20405
1.20388
1.20225
1.20391
1.20393
1.20397
1.20402
1.20405
1.20407
1.20407
1.20403
1.20385
1.20208
1.20389
1.20391
1.20395
1.204
1.20404
1.20406
1.20405
1.20401
1.20382
1.20195
1.20388
1.20389
1.20393
1.20398
1.20402
1.20404
1.20403
1.204
1.2038
1.20188
1.20387
1.20388
1.20391
1.20396
1.204
1.20402
1.20402
1.20398
1.20379
1.20187
1.20402
1.20405
1.20408
1.20412
1.20414
1.20415
1.20415
1.20413
1.204
1.20273
1.204
1.20403
1.20407
1.2041
1.20413
1.20414
1.20414
1.20411
1.20397
1.20248
1.20398
1.20401
1.20405
1.20409
1.20411
1.20413
1.20412
1.20409
1.20394
1.20225
1.20397
1.20399
1.20403
1.20407
1.2041
1.20411
1.20411
1.20408
1.20391
1.20207
1.20395
1.20398
1.20401
1.20405
1.20408
1.2041
1.20409
1.20406
1.20389
1.20193
1.20394
1.20396
1.204
1.20404
1.20407
1.20408
1.20408
1.20404
1.20387
1.20183
1.20393
1.20394
1.20398
1.20402
1.20405
1.20407
1.20406
1.20403
1.20385
1.20181
1.20405
1.20409
1.20412
1.20415
1.20417
1.20418
1.20418
1.20417
1.20405
1.20269
1.20404
1.20407
1.20411
1.20414
1.20416
1.20417
1.20417
1.20415
1.20402
1.20241
1.20403
1.20406
1.20409
1.20413
1.20415
1.20416
1.20416
1.20414
1.20399
1.20217
1.20401
1.20404
1.20408
1.20411
1.20414
1.20415
1.20414
1.20412
1.20397
1.20197
1.204
1.20403
1.20406
1.2041
1.20412
1.20413
1.20413
1.20411
1.20394
1.20181
1.20398
1.20401
1.20405
1.20408
1.20411
1.20412
1.20412
1.20409
1.20392
1.20171
1.20397
1.20399
1.20403
1.20407
1.2041
1.20411
1.2041
1.20408
1.20391
1.20168
1.20408
1.20411
1.20415
1.20417
1.20419
1.2042
1.20421
1.2042
1.20409
1.20259
1.20407
1.2041
1.20414
1.20416
1.20418
1.20419
1.2042
1.20418
1.20406
1.20228
1.20406
1.20409
1.20412
1.20415
1.20417
1.20418
1.20419
1.20417
1.20403
1.20201
1.20404
1.20407
1.20411
1.20414
1.20416
1.20417
1.20418
1.20416
1.20401
1.20178
1.20403
1.20406
1.2041
1.20413
1.20415
1.20416
1.20416
1.20415
1.20399
1.20161
1.20402
1.20405
1.20408
1.20412
1.20414
1.20415
1.20415
1.20413
1.20397
1.20149
1.20401
1.20403
1.20407
1.20411
1.20413
1.20414
1.20414
1.20412
1.20395
1.20146
1.2041
1.20413
1.20417
1.20419
1.20421
1.20422
1.20422
1.20422
1.20411
1.20245
1.20409
1.20412
1.20415
1.20418
1.2042
1.20421
1.20422
1.20421
1.20408
1.2021
1.20408
1.20411
1.20414
1.20417
1.20419
1.2042
1.20421
1.2042
1.20406
1.20179
1.20407
1.2041
1.20413
1.20416
1.20418
1.2042
1.2042
1.20419
1.20404
1.20153
1.20406
1.20408
1.20412
1.20415
1.20417
1.20419
1.20419
1.20418
1.20402
1.20133
1.20404
1.20407
1.20411
1.20414
1.20417
1.20418
1.20418
1.20416
1.204
1.2012
1.20403
1.20406
1.2041
1.20413
1.20416
1.20417
1.20417
1.20415
1.20399
1.20117
1.20412
1.20415
1.20418
1.20421
1.20422
1.20423
1.20424
1.20423
1.20413
1.20227
1.20411
1.20414
1.20417
1.2042
1.20422
1.20423
1.20423
1.20423
1.2041
1.20187
1.2041
1.20413
1.20416
1.20419
1.20421
1.20422
1.20422
1.20422
1.20408
1.20152
1.20409
1.20411
1.20415
1.20418
1.2042
1.20421
1.20422
1.20421
1.20406
1.20123
1.20408
1.2041
1.20414
1.20417
1.20419
1.2042
1.20421
1.2042
1.20404
1.20099
1.20407
1.20409
1.20413
1.20416
1.20418
1.20419
1.2042
1.20419
1.20403
1.20084
1.20405
1.20408
1.20412
1.20415
1.20417
1.20418
1.20419
1.20418
1.20402
1.20081
1.20414
1.20416
1.20419
1.20422
1.20423
1.20424
1.20425
1.20425
1.20414
1.20207
1.20413
1.20415
1.20418
1.20421
1.20423
1.20424
1.20424
1.20424
1.20411
1.2016
1.20412
1.20414
1.20418
1.2042
1.20422
1.20423
1.20424
1.20423
1.20409
1.20121
1.20411
1.20413
1.20417
1.20419
1.20421
1.20422
1.20423
1.20422
1.20407
1.20087
1.2041
1.20412
1.20415
1.20419
1.20421
1.20422
1.20422
1.20421
1.20406
1.2006
1.20409
1.20411
1.20414
1.20418
1.2042
1.20421
1.20421
1.2042
1.20405
1.20043
1.20408
1.20409
1.20413
1.20417
1.20419
1.2042
1.2042
1.20419
1.20404
1.20039
1.20416
1.20418
1.20421
1.20423
1.20425
1.20425
1.20426
1.20426
1.20415
1.20183
1.20415
1.20417
1.2042
1.20422
1.20424
1.20425
1.20425
1.20425
1.20413
1.20131
1.20414
1.20416
1.20419
1.20422
1.20423
1.20424
1.20425
1.20424
1.20411
1.20085
1.20413
1.20415
1.20418
1.20421
1.20423
1.20424
1.20424
1.20423
1.20409
1.20047
1.20412
1.20413
1.20417
1.2042
1.20422
1.20423
1.20423
1.20423
1.20408
1.20016
1.2041
1.20412
1.20416
1.20419
1.20421
1.20422
1.20423
1.20422
1.20407
1.19995
1.20409
1.20411
1.20415
1.20418
1.2042
1.20421
1.20422
1.20421
1.20406
1.19991
1.20417
1.20419
1.20422
1.20424
1.20426
1.20426
1.20427
1.20427
1.20416
1.20159
1.20416
1.20418
1.20421
1.20423
1.20425
1.20426
1.20426
1.20426
1.20414
1.20099
1.20415
1.20417
1.2042
1.20423
1.20424
1.20425
1.20426
1.20425
1.20412
1.20047
1.20414
1.20416
1.20419
1.20422
1.20424
1.20425
1.20425
1.20425
1.20411
1.20003
1.20413
1.20415
1.20418
1.20421
1.20423
1.20424
1.20425
1.20424
1.2041
1.19967
1.20412
1.20413
1.20417
1.2042
1.20422
1.20423
1.20424
1.20423
1.20409
1.19943
1.20411
1.20412
1.20416
1.20419
1.20422
1.20423
1.20423
1.20422
1.20409
1.19938
1.20419
1.2042
1.20423
1.20425
1.20426
1.20427
1.20428
1.20428
1.20418
1.20132
1.20418
1.20419
1.20422
1.20424
1.20426
1.20427
1.20427
1.20427
1.20416
1.20065
1.20417
1.20418
1.20421
1.20424
1.20425
1.20426
1.20427
1.20427
1.20414
1.20006
1.20416
1.20417
1.2042
1.20423
1.20425
1.20426
1.20426
1.20426
1.20413
1.19955
1.20415
1.20416
1.20419
1.20422
1.20424
1.20425
1.20426
1.20425
1.20412
1.19914
1.20414
1.20415
1.20418
1.20421
1.20424
1.20425
1.20425
1.20425
1.20412
1.19887
1.20413
1.20413
1.20417
1.20421
1.20423
1.20424
1.20424
1.20424
1.20412
1.1988
1.2042
1.20421
1.20423
1.20426
1.20427
1.20428
1.20429
1.20429
1.20419
1.20105
1.20419
1.2042
1.20423
1.20425
1.20427
1.20428
1.20428
1.20428
1.20418
1.20028
1.20418
1.20419
1.20422
1.20424
1.20426
1.20427
1.20428
1.20428
1.20416
1.19962
1.20417
1.20418
1.20421
1.20424
1.20426
1.20427
1.20427
1.20427
1.20415
1.19904
1.20416
1.20417
1.2042
1.20423
1.20425
1.20426
1.20427
1.20426
1.20414
1.19858
1.20415
1.20416
1.20419
1.20422
1.20424
1.20426
1.20426
1.20426
1.20414
1.19826
1.20414
1.20414
1.20418
1.20421
1.20424
1.20425
1.20426
1.20425
1.20415
1.19818
1.20421
1.20422
1.20424
1.20426
1.20428
1.20429
1.20429
1.20429
1.20421
1.20076
1.2042
1.20421
1.20423
1.20426
1.20427
1.20428
1.20429
1.20429
1.2042
1.1999
1.20419
1.2042
1.20422
1.20425
1.20427
1.20428
1.20429
1.20428
1.20418
1.19914
1.20418
1.20419
1.20422
1.20424
1.20426
1.20427
1.20428
1.20428
1.20418
1.1985
1.20417
1.20418
1.20421
1.20424
1.20426
1.20427
1.20428
1.20427
1.20417
1.19797
1.20416
1.20417
1.2042
1.20423
1.20425
1.20426
1.20427
1.20427
1.20417
1.1976
1.20415
1.20415
1.20419
1.20422
1.20425
1.20426
1.20427
1.20426
1.20418
1.19751
1.20422
1.20423
1.20424
1.20426
1.20428
1.20429
1.2043
1.2043
1.20422
1.20043
1.20421
1.20422
1.20424
1.20426
1.20428
1.20429
1.20429
1.20429
1.20421
1.19948
1.2042
1.20421
1.20423
1.20425
1.20427
1.20428
1.20429
1.20429
1.2042
1.19863
1.20419
1.2042
1.20422
1.20425
1.20427
1.20428
1.20429
1.20429
1.2042
1.19791
1.20418
1.20418
1.20421
1.20424
1.20426
1.20427
1.20428
1.20428
1.2042
1.19731
1.20417
1.20417
1.2042
1.20423
1.20426
1.20427
1.20428
1.20428
1.2042
1.19689
1.20416
1.20416
1.20419
1.20423
1.20425
1.20426
1.20427
1.20427
1.20422
1.19678
1.20422
1.20423
1.20425
1.20427
1.20428
1.20429
1.2043
1.2043
1.20423
1.20008
1.20421
1.20422
1.20424
1.20426
1.20428
1.20429
1.2043
1.2043
1.20422
1.19902
1.2042
1.20421
1.20423
1.20425
1.20427
1.20428
1.20429
1.20429
1.20422
1.1981
1.20419
1.2042
1.20422
1.20425
1.20427
1.20428
1.20429
1.20429
1.20421
1.19731
1.20418
1.20419
1.20421
1.20424
1.20426
1.20428
1.20428
1.20429
1.20421
1.19666
1.20417
1.20417
1.2042
1.20423
1.20426
1.20427
1.20428
1.20428
1.20422
1.1962
1.20416
1.20416
1.20419
1.20423
1.20425
1.20427
1.20427
1.20428
1.20424
1.19608
1.19588
1.196
1.196
1.19587
1.19604
1.19635
1.19634
1.19603
1.19612
1.19655
1.19655
1.19612
1.19618
1.19669
1.19669
1.19618
1.19625
1.19683
1.19683
1.19624
1.19637
1.19706
1.19705
1.19636
1.19668
1.19748
1.19747
1.19667
1.19535
1.19535
1.19534
1.19535
1.19535
1.19534
1.19534
1.19534
1.19536
1.19536
1.19536
1.19535
1.19538
1.19541
1.1954
1.19537
1.19542
1.19551
1.1955
1.19542
1.19553
1.1957
1.19569
1.19551
1.19579
1.19607
1.19604
1.19574
1.19461
1.19461
1.19461
1.1946
1.19462
1.19464
1.19464
1.19462
1.19463
1.19468
1.19467
1.19463
1.19466
1.19473
1.19473
1.19465
1.19471
1.19483
1.19483
1.1947
1.19481
1.19503
1.19502
1.19479
1.19508
1.19539
1.19536
1.19502
1.19347
1.19348
1.19348
1.19347
1.19349
1.19351
1.19351
1.19348
1.1935
1.19355
1.19355
1.1935
1.19353
1.19362
1.19362
1.19352
1.19359
1.19374
1.19373
1.19358
1.19371
1.19397
1.19395
1.19369
1.19402
1.19439
1.19436
1.19395
1.19194
1.19195
1.19195
1.19193
1.19196
1.19199
1.19199
1.19195
1.19198
1.19204
1.19204
1.19197
1.19201
1.19212
1.19211
1.192
1.19208
1.19226
1.19225
1.19207
1.19223
1.19253
1.19251
1.1922
1.19258
1.19302
1.19299
1.1925
1.18999
1.19001
1.19001
1.18999
1.19002
1.19006
1.19005
1.19001
1.19004
1.19012
1.19011
1.19003
1.19008
1.19021
1.1902
1.19007
1.19016
1.19038
1.19037
1.19015
1.19033
1.19069
1.19067
1.1903
1.19075
1.19127
1.19123
1.19066
1.18762
1.18764
1.18764
1.18762
1.18765
1.1877
1.1877
1.18764
1.18768
1.18777
1.18777
1.18767
1.18773
1.18788
1.18787
1.18772
1.18782
1.18808
1.18807
1.1878
1.18802
1.18844
1.18842
1.18798
1.18852
1.18913
1.18907
1.1884
1.18481
1.18483
1.18482
1.1848
1.18484
1.1849
1.1849
1.18483
1.18488
1.18498
1.18498
1.18486
1.18493
1.18511
1.1851
1.18492
1.18504
1.18534
1.18533
1.18502
1.18528
1.18578
1.18575
1.18523
1.18587
1.18659
1.18651
1.18571
1.18153
1.18155
1.18155
1.18152
1.18156
1.18164
1.18163
1.18155
1.18161
1.18174
1.18173
1.18159
1.18168
1.18189
1.18188
1.18166
1.1818
1.18216
1.18214
1.18178
1.18208
1.18267
1.18264
1.18202
1.18278
1.18362
1.18353
1.18258
1.17776
1.17779
1.17778
1.17775
1.17781
1.17789
1.17789
1.17779
1.17786
1.17801
1.178
1.17784
1.17794
1.17819
1.17818
1.17792
1.17809
1.17851
1.17849
1.17805
1.17842
1.17911
1.17906
1.17834
1.17924
1.18023
1.18011
1.17899
1.1735
1.17353
1.17352
1.17348
1.17355
1.17365
1.17365
1.17354
1.17361
1.17379
1.17378
1.17359
1.17371
1.174
1.17399
1.17368
1.17388
1.17437
1.17435
1.17384
1.17427
1.17507
1.17502
1.17417
1.17523
1.17639
1.17623
1.17492
1.16872
1.16875
1.16875
1.1687
1.16878
1.1689
1.16889
1.16876
1.16886
1.16906
1.16905
1.16883
1.16896
1.1693
1.16929
1.16893
1.16917
1.16973
1.1697
1.16911
1.16962
1.17055
1.17047
1.16949
1.17073
1.17207
1.17187
1.17035
1.16341
1.16345
1.16344
1.16339
1.16349
1.16362
1.1636
1.16346
1.16358
1.1638
1.16379
1.16353
1.1637
1.16408
1.16405
1.16365
1.16394
1.16457
1.16453
1.16385
1.16445
1.16549
1.1654
1.16428
1.16574
1.16723
1.16698
1.16525
1.15754
1.15755
1.15752
1.15747
1.15766
1.15776
1.15773
1.15757
1.15779
1.15799
1.15795
1.15768
1.15795
1.15831
1.15827
1.15783
1.15823
1.15887
1.1588
1.15807
1.15882
1.1599
1.15976
1.15855
1.16027
1.16183
1.1615
1.15962
1.15076
1.15051
1.15042
1.15047
1.15135
1.15123
1.15113
1.15105
1.1518
1.15183
1.15172
1.15149
1.1522
1.15242
1.15231
1.15189
1.15267
1.15318
1.15304
1.15232
1.15341
1.1544
1.15418
1.15293
1.15506
1.15655
1.1561
1.15412
1.19587
1.196
1.196
1.19588
1.19603
1.19634
1.19635
1.19603
1.19612
1.19655
1.19655
1.19612
1.19618
1.19669
1.19669
1.19618
1.19624
1.19683
1.19683
1.19625
1.19636
1.19705
1.19706
1.19637
1.19667
1.19747
1.19748
1.19668
1.19535
1.19534
1.19535
1.19535
1.19534
1.19534
1.19534
1.19535
1.19535
1.19536
1.19536
1.19536
1.19537
1.1954
1.19541
1.19538
1.19542
1.1955
1.19551
1.19542
1.19551
1.19569
1.1957
1.19553
1.19574
1.19604
1.19607
1.19579
1.1946
1.19461
1.19461
1.19461
1.19461
1.19464
1.19464
1.19462
1.19463
1.19467
1.19468
1.19463
1.19465
1.19473
1.19473
1.19466
1.1947
1.19483
1.19483
1.19471
1.19479
1.19502
1.19503
1.19481
1.19501
1.19536
1.19539
1.19508
1.19347
1.19348
1.19348
1.19347
1.19348
1.19351
1.19351
1.19349
1.1935
1.19355
1.19355
1.1935
1.19352
1.19362
1.19362
1.19353
1.19358
1.19373
1.19374
1.19359
1.19369
1.19395
1.19397
1.19371
1.19395
1.19435
1.19439
1.19402
1.19193
1.19195
1.19195
1.19194
1.19195
1.19199
1.19199
1.19196
1.19197
1.19204
1.19204
1.19198
1.192
1.19211
1.19212
1.19201
1.19207
1.19225
1.19226
1.19208
1.1922
1.19251
1.19253
1.19222
1.1925
1.19298
1.19302
1.19258
1.18999
1.19001
1.19001
1.18999
1.19001
1.19005
1.19006
1.19002
1.19003
1.19011
1.19012
1.19004
1.19007
1.1902
1.19021
1.19008
1.19015
1.19037
1.19038
1.19016
1.1903
1.19067
1.19069
1.19033
1.19066
1.19123
1.19127
1.19075
1.18762
1.18764
1.18764
1.18762
1.18764
1.1877
1.1877
1.18765
1.18767
1.18777
1.18777
1.18768
1.18772
1.18787
1.18788
1.18773
1.1878
1.18807
1.18808
1.18782
1.18798
1.18842
1.18844
1.18802
1.1884
1.18907
1.18913
1.18852
1.1848
1.18482
1.18483
1.18481
1.18483
1.1849
1.1849
1.18484
1.18486
1.18498
1.18498
1.18488
1.18492
1.1851
1.18511
1.18493
1.18502
1.18533
1.18534
1.18504
1.18523
1.18575
1.18578
1.18528
1.18571
1.18651
1.18658
1.18587
1.18152
1.18155
1.18155
1.18153
1.18155
1.18163
1.18164
1.18156
1.18159
1.18173
1.18174
1.18161
1.18166
1.18188
1.18189
1.18168
1.18178
1.18214
1.18216
1.1818
1.18202
1.18263
1.18267
1.18208
1.18258
1.18353
1.18362
1.18278
1.17775
1.17778
1.17779
1.17776
1.17779
1.17789
1.17789
1.17781
1.17784
1.178
1.17801
1.17786
1.17792
1.17818
1.17819
1.17794
1.17805
1.17849
1.17851
1.17809
1.17834
1.17906
1.17911
1.17842
1.17899
1.18011
1.18023
1.17924
1.17348
1.17352
1.17353
1.1735
1.17354
1.17365
1.17365
1.17355
1.17359
1.17378
1.17379
1.17361
1.17368
1.17399
1.174
1.17371
1.17384
1.17435
1.17437
1.17388
1.17417
1.17502
1.17507
1.17427
1.17492
1.17623
1.17639
1.17523
1.1687
1.16875
1.16875
1.16872
1.16876
1.16889
1.1689
1.16878
1.16883
1.16905
1.16906
1.16886
1.16893
1.16929
1.1693
1.16896
1.16911
1.1697
1.16973
1.16917
1.16949
1.17047
1.17055
1.16962
1.17035
1.17187
1.17207
1.17073
1.16339
1.16344
1.16345
1.16341
1.16346
1.1636
1.16362
1.16349
1.16353
1.16379
1.1638
1.16358
1.16365
1.16405
1.16408
1.1637
1.16385
1.16453
1.16457
1.16394
1.16428
1.1654
1.16549
1.16445
1.16525
1.16698
1.16723
1.16574
1.15747
1.15752
1.15755
1.15754
1.15757
1.15773
1.15776
1.15766
1.15768
1.15795
1.15799
1.15779
1.15783
1.15827
1.15831
1.15795
1.15807
1.1588
1.15887
1.15823
1.15855
1.15976
1.1599
1.15882
1.15962
1.16149
1.16183
1.16027
1.15047
1.15042
1.15051
1.15076
1.15105
1.15113
1.15123
1.15135
1.15149
1.15172
1.15183
1.1518
1.15189
1.15231
1.15242
1.1522
1.15232
1.15304
1.15318
1.15267
1.15293
1.15418
1.1544
1.15341
1.15412
1.1561
1.15655
1.15506
1.20288
1.20388
1.20403
1.20407
1.20408
1.20406
1.20403
1.20399
1.20395
1.20392
1.2027
1.20385
1.20402
1.20405
1.20406
1.20405
1.20401
1.20397
1.20393
1.2039
1.20256
1.20383
1.204
1.20404
1.20405
1.20403
1.20399
1.20395
1.2039
1.20388
1.20246
1.20381
1.20398
1.20402
1.20403
1.20401
1.20397
1.20393
1.20388
1.20386
1.20239
1.20379
1.20397
1.20401
1.20401
1.20399
1.20395
1.20391
1.20387
1.20385
1.20238
1.20378
1.20396
1.20399
1.204
1.20398
1.20394
1.20389
1.20385
1.20383
1.20241
1.20378
1.20394
1.20398
1.20398
1.20396
1.20392
1.20387
1.20383
1.20382
1.2027
1.20394
1.20408
1.20411
1.20412
1.2041
1.20407
1.20403
1.20399
1.20396
1.20245
1.2039
1.20406
1.20409
1.2041
1.20409
1.20405
1.20401
1.20397
1.20394
1.20225
1.20387
1.20404
1.20408
1.20408
1.20407
1.20404
1.20399
1.20395
1.20393
1.20208
1.20384
1.20403
1.20406
1.20407
1.20405
1.20402
1.20397
1.20393
1.20391
1.20195
1.20382
1.20401
1.20405
1.20405
1.20403
1.204
1.20395
1.20391
1.20389
1.20187
1.2038
1.20399
1.20403
1.20403
1.20401
1.20398
1.20393
1.20389
1.20388
1.20186
1.20378
1.20398
1.20402
1.20402
1.204
1.20396
1.20391
1.20387
1.20386
1.20273
1.204
1.20412
1.20415
1.20415
1.20414
1.20412
1.20408
1.20405
1.20402
1.20247
1.20397
1.20411
1.20413
1.20414
1.20413
1.2041
1.20406
1.20403
1.204
1.20225
1.20394
1.20409
1.20412
1.20412
1.20411
1.20408
1.20405
1.20401
1.20398
1.20207
1.20391
1.20407
1.2041
1.20411
1.2041
1.20407
1.20403
1.20399
1.20397
1.20192
1.20388
1.20406
1.20409
1.20409
1.20408
1.20405
1.20401
1.20398
1.20395
1.20183
1.20386
1.20404
1.20407
1.20408
1.20406
1.20403
1.20399
1.20396
1.20394
1.2018
1.20384
1.20403
1.20406
1.20406
1.20405
1.20402
1.20398
1.20394
1.20392
1.20269
1.20405
1.20416
1.20418
1.20418
1.20417
1.20415
1.20412
1.20409
1.20405
1.20241
1.20402
1.20415
1.20417
1.20417
1.20416
1.20414
1.20411
1.20407
1.20404
1.20217
1.20399
1.20414
1.20416
1.20416
1.20415
1.20412
1.20409
1.20406
1.20403
1.20197
1.20397
1.20412
1.20414
1.20415
1.20413
1.20411
1.20408
1.20404
1.20401
1.20181
1.20394
1.20411
1.20413
1.20413
1.20412
1.2041
1.20406
1.20403
1.204
1.20171
1.20392
1.20409
1.20412
1.20412
1.20411
1.20408
1.20405
1.20401
1.20398
1.20168
1.20391
1.20407
1.2041
1.20411
1.20409
1.20407
1.20403
1.20399
1.20397
1.20259
1.20409
1.2042
1.20421
1.2042
1.20419
1.20417
1.20415
1.20411
1.20408
1.20228
1.20406
1.20418
1.2042
1.20419
1.20418
1.20416
1.20413
1.2041
1.20407
1.20201
1.20403
1.20417
1.20419
1.20418
1.20417
1.20415
1.20412
1.20409
1.20406
1.20178
1.20401
1.20416
1.20418
1.20417
1.20416
1.20414
1.20411
1.20407
1.20404
1.20161
1.20399
1.20415
1.20416
1.20416
1.20415
1.20413
1.2041
1.20406
1.20403
1.20149
1.20397
1.20413
1.20415
1.20415
1.20414
1.20412
1.20408
1.20405
1.20402
1.20146
1.20395
1.20412
1.20414
1.20414
1.20413
1.20411
1.20407
1.20403
1.20401
1.20245
1.20411
1.20422
1.20422
1.20422
1.20421
1.20419
1.20417
1.20413
1.2041
1.2021
1.20408
1.20421
1.20422
1.20421
1.2042
1.20418
1.20415
1.20412
1.20409
1.20179
1.20406
1.2042
1.20421
1.2042
1.20419
1.20417
1.20414
1.20411
1.20408
1.20153
1.20404
1.20419
1.2042
1.20419
1.20418
1.20416
1.20413
1.2041
1.20407
1.20133
1.20402
1.20418
1.20419
1.20419
1.20417
1.20415
1.20412
1.20408
1.20406
1.2012
1.204
1.20416
1.20418
1.20418
1.20417
1.20414
1.20411
1.20407
1.20404
1.20117
1.20399
1.20415
1.20417
1.20417
1.20415
1.20413
1.2041
1.20406
1.20403
1.20227
1.20413
1.20423
1.20424
1.20423
1.20422
1.20421
1.20418
1.20415
1.20412
1.20187
1.2041
1.20423
1.20423
1.20423
1.20422
1.2042
1.20417
1.20414
1.20411
1.20152
1.20408
1.20422
1.20422
1.20422
1.20421
1.20419
1.20416
1.20413
1.2041
1.20123
1.20406
1.20421
1.20422
1.20421
1.2042
1.20418
1.20415
1.20411
1.20409
1.201
1.20404
1.2042
1.20421
1.2042
1.20419
1.20417
1.20414
1.2041
1.20408
1.20084
1.20403
1.20419
1.2042
1.20419
1.20418
1.20416
1.20413
1.20409
1.20407
1.20081
1.20402
1.20418
1.20419
1.20418
1.20417
1.20415
1.20412
1.20408
1.20405
1.20206
1.20414
1.20425
1.20425
1.20424
1.20423
1.20422
1.20419
1.20417
1.20414
1.2016
1.20411
1.20424
1.20424
1.20424
1.20423
1.20421
1.20419
1.20415
1.20413
1.20121
1.20409
1.20423
1.20424
1.20423
1.20422
1.2042
1.20418
1.20414
1.20412
1.20087
1.20407
1.20422
1.20423
1.20422
1.20421
1.20419
1.20417
1.20413
1.20411
1.2006
1.20406
1.20421
1.20422
1.20422
1.20421
1.20419
1.20415
1.20412
1.2041
1.20043
1.20405
1.2042
1.20421
1.20421
1.2042
1.20418
1.20414
1.20411
1.20409
1.20039
1.20404
1.20419
1.2042
1.2042
1.20419
1.20417
1.20413
1.20409
1.20408
1.20183
1.20415
1.20426
1.20426
1.20425
1.20425
1.20423
1.20421
1.20418
1.20416
1.20131
1.20413
1.20425
1.20425
1.20425
1.20424
1.20422
1.2042
1.20417
1.20415
1.20085
1.20411
1.20424
1.20425
1.20424
1.20423
1.20422
1.20419
1.20416
1.20414
1.20047
1.20409
1.20423
1.20424
1.20424
1.20423
1.20421
1.20418
1.20415
1.20413
1.20016
1.20408
1.20423
1.20423
1.20423
1.20422
1.2042
1.20417
1.20413
1.20412
1.19995
1.20407
1.20422
1.20423
1.20422
1.20421
1.20419
1.20416
1.20412
1.20411
1.19991
1.20406
1.20421
1.20422
1.20421
1.2042
1.20418
1.20415
1.20411
1.20409
1.20158
1.20416
1.20427
1.20427
1.20426
1.20426
1.20424
1.20422
1.20419
1.20417
1.20099
1.20414
1.20426
1.20426
1.20426
1.20425
1.20423
1.20421
1.20418
1.20416
1.20047
1.20412
1.20425
1.20426
1.20425
1.20424
1.20423
1.2042
1.20417
1.20415
1.20002
1.20411
1.20425
1.20425
1.20425
1.20424
1.20422
1.20419
1.20416
1.20414
1.19967
1.2041
1.20424
1.20425
1.20424
1.20423
1.20421
1.20418
1.20415
1.20413
1.19943
1.20409
1.20423
1.20424
1.20423
1.20422
1.2042
1.20417
1.20414
1.20412
1.19938
1.20409
1.20422
1.20423
1.20423
1.20422
1.20419
1.20416
1.20412
1.20411
1.20132
1.20418
1.20428
1.20428
1.20427
1.20426
1.20425
1.20423
1.2042
1.20419
1.20065
1.20416
1.20427
1.20427
1.20427
1.20426
1.20424
1.20422
1.20419
1.20418
1.20005
1.20414
1.20427
1.20427
1.20426
1.20425
1.20424
1.20421
1.20418
1.20417
1.19955
1.20413
1.20426
1.20426
1.20426
1.20425
1.20423
1.2042
1.20417
1.20416
1.19914
1.20412
1.20425
1.20426
1.20425
1.20424
1.20422
1.20419
1.20416
1.20415
1.19887
1.20412
1.20425
1.20425
1.20425
1.20424
1.20421
1.20418
1.20415
1.20414
1.1988
1.20412
1.20424
1.20424
1.20424
1.20423
1.20421
1.20417
1.20413
1.20413
1.20105
1.20419
1.20429
1.20429
1.20428
1.20427
1.20426
1.20424
1.20421
1.2042
1.20028
1.20418
1.20428
1.20428
1.20428
1.20427
1.20425
1.20423
1.2042
1.20419
1.19961
1.20416
1.20428
1.20428
1.20427
1.20426
1.20424
1.20422
1.20419
1.20418
1.19904
1.20415
1.20427
1.20427
1.20427
1.20426
1.20424
1.20421
1.20418
1.20417
1.19858
1.20414
1.20426
1.20427
1.20426
1.20425
1.20423
1.2042
1.20417
1.20416
1.19826
1.20414
1.20426
1.20426
1.20426
1.20424
1.20422
1.20419
1.20416
1.20415
1.19818
1.20415
1.20425
1.20426
1.20425
1.20424
1.20421
1.20418
1.20414
1.20414
1.20076
1.20421
1.20429
1.20429
1.20429
1.20428
1.20426
1.20424
1.20422
1.20421
1.1999
1.2042
1.20429
1.20429
1.20428
1.20427
1.20426
1.20423
1.20421
1.2042
1.19914
1.20418
1.20428
1.20429
1.20428
1.20427
1.20425
1.20422
1.2042
1.20419
1.1985
1.20418
1.20428
1.20428
1.20427
1.20426
1.20424
1.20422
1.20419
1.20418
1.19797
1.20417
1.20427
1.20428
1.20427
1.20426
1.20424
1.20421
1.20418
1.20417
1.1976
1.20417
1.20427
1.20427
1.20426
1.20425
1.20423
1.2042
1.20417
1.20416
1.19751
1.20418
1.20426
1.20427
1.20426
1.20425
1.20422
1.20419
1.20415
1.20415
1.20044
1.20422
1.2043
1.2043
1.20429
1.20428
1.20426
1.20424
1.20423
1.20422
1.19948
1.20421
1.20429
1.20429
1.20429
1.20428
1.20426
1.20424
1.20422
1.20421
1.19864
1.2042
1.20429
1.20429
1.20428
1.20427
1.20425
1.20423
1.20421
1.2042
1.19791
1.2042
1.20429
1.20429
1.20428
1.20427
1.20425
1.20422
1.2042
1.20419
1.19731
1.2042
1.20428
1.20428
1.20427
1.20426
1.20424
1.20421
1.20418
1.20418
1.19689
1.2042
1.20428
1.20428
1.20427
1.20426
1.20423
1.2042
1.20417
1.20417
1.19678
1.20422
1.20427
1.20427
1.20426
1.20425
1.20423
1.20419
1.20416
1.20416
1.20008
1.20423
1.2043
1.2043
1.20429
1.20428
1.20427
1.20425
1.20423
1.20422
1.19903
1.20422
1.2043
1.2043
1.20429
1.20428
1.20426
1.20424
1.20422
1.20422
1.1981
1.20422
1.20429
1.20429
1.20428
1.20427
1.20425
1.20423
1.20421
1.2042
1.19731
1.20421
1.20429
1.20429
1.20428
1.20427
1.20425
1.20422
1.2042
1.20419
1.19666
1.20421
1.20429
1.20428
1.20428
1.20426
1.20424
1.20421
1.20419
1.20418
1.1962
1.20422
1.20428
1.20428
1.20427
1.20426
1.20423
1.2042
1.20417
1.20417
1.19608
1.20424
1.20428
1.20428
1.20427
1.20425
1.20423
1.20419
1.20416
1.20416
1.20377
1.20377
1.20379
1.20384
1.20388
1.20391
1.20391
1.20389
1.20378
1.20304
1.20372
1.2037
1.20372
1.20376
1.2038
1.20383
1.20384
1.20383
1.20379
1.20353
1.20366
1.20361
1.20363
1.20368
1.20373
1.20376
1.20379
1.20379
1.20377
1.20366
1.2036
1.20354
1.20356
1.20361
1.20366
1.2037
1.20373
1.20375
1.20374
1.20369
1.20354
1.20347
1.2035
1.20355
1.2036
1.20365
1.20369
1.20372
1.20372
1.2037
1.20349
1.20341
1.20346
1.20352
1.20358
1.20363
1.20367
1.20369
1.20371
1.20371
1.20346
1.2034
1.20345
1.20352
1.20357
1.20362
1.20365
1.20368
1.2037
1.20371
1.20345
1.20341
1.20346
1.20352
1.20357
1.20361
1.20364
1.20366
1.20367
1.20368
1.20346
1.20345
1.20349
1.20354
1.20357
1.20359
1.2036
1.20362
1.20362
1.20362
1.2035
1.2035
1.20354
1.20356
1.20358
1.20359
1.2036
1.20359
1.20359
1.20358
1.20381
1.20379
1.20381
1.20385
1.2039
1.20393
1.20393
1.2039
1.20374
1.20234
1.20375
1.20368
1.20368
1.20371
1.20376
1.2038
1.20381
1.2038
1.2037
1.20298
1.20368
1.20357
1.20355
1.20358
1.20364
1.20369
1.20373
1.20374
1.20369
1.20331
1.20359
1.20346
1.20344
1.20348
1.20353
1.2036
1.20365
1.20369
1.20368
1.20348
1.20351
1.20338
1.20336
1.2034
1.20347
1.20354
1.2036
1.20366
1.20368
1.20358
1.20345
1.20333
1.20333
1.20338
1.20345
1.20351
1.20358
1.20364
1.20368
1.20364
1.20341
1.20332
1.20335
1.2034
1.20346
1.20352
1.20358
1.20363
1.20366
1.20366
1.2034
1.20334
1.20339
1.20344
1.20349
1.20353
1.20357
1.2036
1.20363
1.20364
1.20341
1.20339
1.20344
1.20348
1.20351
1.20353
1.20354
1.20355
1.20355
1.20356
1.20346
1.20348
1.20351
1.20353
1.20354
1.20353
1.20352
1.20351
1.20348
1.20346
1.20386
1.20385
1.20388
1.20392
1.20396
1.20398
1.20398
1.20394
1.20378
1.20224
1.2038
1.20372
1.20373
1.20376
1.2038
1.20383
1.20384
1.20381
1.20368
1.20276
1.2037
1.20358
1.20357
1.20361
1.20366
1.2037
1.20373
1.20373
1.20363
1.20304
1.20361
1.20342
1.20341
1.20347
1.20354
1.20359
1.20364
1.20367
1.20362
1.20322
1.2035
1.20331
1.20329
1.20336
1.20344
1.20351
1.20357
1.20363
1.20362
1.20335
1.20342
1.20324
1.20325
1.20331
1.20339
1.20347
1.20354
1.2036
1.20362
1.20346
1.20337
1.20324
1.20327
1.20333
1.2034
1.20346
1.20353
1.20359
1.20362
1.20353
1.20334
1.20327
1.20332
1.20338
1.20343
1.20348
1.20352
1.20356
1.20359
1.20356
1.20336
1.20333
1.20338
1.20342
1.20344
1.20346
1.20348
1.20349
1.20349
1.20347
1.20342
1.20344
1.20347
1.20348
1.20347
1.20345
1.20343
1.20339
1.20336
1.20331
1.20391
1.20391
1.20394
1.20399
1.20402
1.20403
1.20403
1.20399
1.20384
1.20219
1.20383
1.20376
1.20378
1.20383
1.20387
1.20389
1.20388
1.20384
1.2037
1.20272
1.20372
1.20358
1.2036
1.20367
1.20372
1.20376
1.20376
1.20374
1.20361
1.20294
1.2036
1.20339
1.2034
1.20349
1.20358
1.20364
1.20367
1.20367
1.20357
1.20305
1.20348
1.20324
1.20324
1.20335
1.20346
1.20354
1.20359
1.20362
1.20356
1.20314
1.20337
1.20317
1.20319
1.20327
1.20338
1.20346
1.20353
1.20359
1.20356
1.20324
1.20331
1.20316
1.2032
1.20328
1.20336
1.20343
1.2035
1.20356
1.20356
1.20332
1.20329
1.20319
1.20325
1.20332
1.20338
1.20343
1.20348
1.20353
1.20353
1.20338
1.20329
1.20326
1.20331
1.20335
1.20337
1.2034
1.20341
1.20341
1.20339
1.20331
1.20338
1.20338
1.20341
1.20341
1.20339
1.20336
1.20331
1.20325
1.20319
1.20311
1.20394
1.20395
1.20399
1.20403
1.20407
1.20408
1.20407
1.20404
1.2039
1.20207
1.20386
1.20379
1.20383
1.20388
1.20393
1.20394
1.20393
1.20389
1.20375
1.20269
1.20373
1.20358
1.20361
1.20371
1.20378
1.20381
1.20381
1.20377
1.20362
1.20291
1.20358
1.20335
1.20338
1.20351
1.20362
1.20368
1.2037
1.20368
1.20355
1.20298
1.20344
1.20317
1.2032
1.20334
1.20347
1.20357
1.20361
1.20363
1.20352
1.20302
1.20332
1.20309
1.20313
1.20324
1.20337
1.20347
1.20354
1.20358
1.20351
1.20306
1.20325
1.20308
1.20314
1.20323
1.20333
1.20342
1.20349
1.20354
1.20349
1.20311
1.20321
1.20311
1.20318
1.20326
1.20333
1.20339
1.20345
1.20349
1.20344
1.20315
1.20321
1.20318
1.20323
1.20326
1.2033
1.20332
1.20333
1.20332
1.20324
1.20307
1.2033
1.20332
1.20334
1.20333
1.20329
1.20324
1.20319
1.2031
1.20301
1.20288
1.20397
1.20398
1.20402
1.20407
1.2041
1.20411
1.20411
1.20408
1.20396
1.2019
1.20387
1.2038
1.20385
1.20392
1.20397
1.20398
1.20397
1.20393
1.20381
1.20263
1.20373
1.20356
1.20362
1.20373
1.20382
1.20385
1.20385
1.2038
1.20365
1.20288
1.20356
1.2033
1.20335
1.20351
1.20365
1.20372
1.20373
1.2037
1.20356
1.20295
1.20339
1.2031
1.20314
1.20332
1.20348
1.20358
1.20363
1.20363
1.2035
1.20295
1.20326
1.203
1.20306
1.2032
1.20335
1.20347
1.20355
1.20358
1.20346
1.20296
1.20316
1.20299
1.20307
1.20318
1.20329
1.2034
1.20348
1.20352
1.20342
1.20296
1.20313
1.20302
1.2031
1.20319
1.20328
1.20335
1.20342
1.20344
1.20333
1.20295
1.20313
1.20309
1.20313
1.20317
1.20321
1.20323
1.20323
1.20319
1.20307
1.20284
1.20324
1.20324
1.20326
1.20324
1.20318
1.20311
1.20303
1.20294
1.2028
1.20267
1.20399
1.204
1.20405
1.20409
1.20412
1.20413
1.20413
1.20412
1.204
1.20169
1.20389
1.20381
1.20387
1.20395
1.204
1.20401
1.204
1.20397
1.20385
1.20255
1.20373
1.20354
1.20361
1.20375
1.20384
1.20388
1.20387
1.20383
1.20368
1.20284
1.20354
1.20325
1.20332
1.20351
1.20366
1.20373
1.20375
1.20372
1.20357
1.20291
1.20335
1.20303
1.20309
1.20329
1.20347
1.20359
1.20364
1.20364
1.2035
1.20291
1.20319
1.20292
1.203
1.20316
1.20333
1.20346
1.20354
1.20356
1.20344
1.20289
1.20309
1.2029
1.20299
1.20312
1.20325
1.20336
1.20345
1.20349
1.20337
1.20285
1.20303
1.20292
1.203
1.20311
1.20321
1.2033
1.20337
1.20338
1.20323
1.20279
1.20305
1.20299
1.20302
1.20305
1.20309
1.20312
1.20311
1.20305
1.20291
1.20264
1.20317
1.20317
1.20317
1.20313
1.20306
1.20297
1.20288
1.20277
1.20261
1.20246
1.20401
1.20402
1.20406
1.20411
1.20414
1.20415
1.20415
1.20414
1.20405
1.20146
1.2039
1.20382
1.20388
1.20396
1.20402
1.20403
1.20403
1.204
1.20389
1.20247
1.20372
1.20352
1.2036
1.20375
1.20386
1.2039
1.20389
1.20385
1.20371
1.2028
1.20352
1.2032
1.20328
1.20349
1.20366
1.20374
1.20376
1.20373
1.20358
1.20287
1.20332
1.20296
1.20303
1.20326
1.20346
1.20358
1.20363
1.20363
1.20349
1.20285
1.20312
1.20283
1.20293
1.20311
1.20329
1.20343
1.20351
1.20354
1.20342
1.20282
1.20301
1.20279
1.20291
1.20306
1.2032
1.20332
1.20341
1.20345
1.20332
1.20276
1.20294
1.2028
1.20289
1.20301
1.20312
1.20322
1.2033
1.20331
1.20314
1.20265
1.20296
1.20287
1.20289
1.20292
1.20295
1.20298
1.20297
1.2029
1.20274
1.20244
1.20309
1.20308
1.20307
1.20302
1.20294
1.20283
1.20271
1.20257
1.20239
1.20223
1.20403
1.20403
1.20408
1.20413
1.20416
1.20417
1.20417
1.20416
1.20409
1.2012
1.20391
1.20382
1.20389
1.20398
1.20404
1.20405
1.20404
1.20401
1.20391
1.20238
1.20372
1.2035
1.20359
1.20376
1.20387
1.20391
1.2039
1.20386
1.20372
1.20276
1.2035
1.20316
1.20325
1.20348
1.20366
1.20374
1.20376
1.20374
1.20359
1.20282
1.20328
1.20289
1.20297
1.20322
1.20344
1.20356
1.20362
1.20362
1.20349
1.20279
1.20308
1.20274
1.20286
1.20306
1.20325
1.20339
1.20348
1.20351
1.2034
1.20275
1.20292
1.20269
1.20281
1.20298
1.20313
1.20325
1.20335
1.2034
1.20328
1.20266
1.20286
1.20268
1.20277
1.20289
1.20301
1.20312
1.20321
1.20323
1.20306
1.20251
1.20287
1.20276
1.20275
1.20276
1.20279
1.20281
1.2028
1.20274
1.20256
1.20222
1.20302
1.20299
1.20297
1.2029
1.2028
1.20267
1.20253
1.20235
1.20215
1.20194
1.20405
1.20404
1.20409
1.20414
1.20417
1.20418
1.20419
1.20417
1.20413
1.20093
1.20391
1.20382
1.20389
1.20399
1.20405
1.20407
1.20406
1.20403
1.20393
1.20229
1.20372
1.20349
1.20359
1.20376
1.20388
1.20392
1.20392
1.20387
1.20372
1.20271
1.20349
1.20312
1.20322
1.20347
1.20366
1.20375
1.20376
1.20374
1.20359
1.20277
1.20325
1.20283
1.20292
1.20319
1.20342
1.20355
1.2036
1.20361
1.20347
1.20273
1.20301
1.20266
1.20279
1.203
1.20321
1.20335
1.20344
1.20348
1.20337
1.20266
1.20285
1.20258
1.20271
1.2029
1.20305
1.20318
1.20328
1.20334
1.20323
1.20255
1.20276
1.20256
1.20263
1.20275
1.20288
1.203
1.2031
1.20314
1.20298
1.20236
1.2028
1.20262
1.20259
1.20258
1.20259
1.2026
1.20261
1.20256
1.20238
1.20197
1.20295
1.20291
1.20287
1.2028
1.2027
1.20253
1.20233
1.20212
1.20187
1.20163
1.20406
1.20406
1.20411
1.20416
1.20419
1.2042
1.2042
1.20419
1.20418
1.20064
1.20392
1.20382
1.2039
1.20401
1.20407
1.20409
1.20408
1.20405
1.20395
1.20219
1.20372
1.20348
1.20358
1.20377
1.2039
1.20394
1.20393
1.20389
1.20373
1.20266
1.20347
1.20309
1.20319
1.20346
1.20366
1.20376
1.20377
1.20374
1.20358
1.20272
1.20321
1.20277
1.20287
1.20315
1.2034
1.20354
1.20359
1.20359
1.20346
1.20266
1.20297
1.20258
1.20271
1.20295
1.20317
1.20331
1.2034
1.20344
1.20334
1.20257
1.20278
1.20247
1.20262
1.20281
1.20298
1.20311
1.20321
1.20328
1.20318
1.20243
1.20269
1.20243
1.20249
1.20261
1.20274
1.20286
1.20298
1.20305
1.2029
1.2022
1.2027
1.20249
1.20243
1.2024
1.20239
1.20239
1.2024
1.20237
1.20218
1.2017
1.20289
1.20282
1.20274
1.20265
1.20254
1.20238
1.2021
1.20182
1.20154
1.20124
1.20408
1.20407
1.20411
1.20417
1.2042
1.20421
1.20422
1.20421
1.20423
1.20033
1.20393
1.20383
1.20391
1.20402
1.20408
1.20411
1.2041
1.20407
1.20397
1.2021
1.20372
1.20347
1.20358
1.20377
1.20391
1.20396
1.20395
1.2039
1.20373
1.20262
1.20347
1.20307
1.20317
1.20345
1.20366
1.20377
1.20378
1.20374
1.20358
1.20267
1.20319
1.20272
1.20283
1.20313
1.20339
1.20354
1.20359
1.20358
1.20344
1.20258
1.20293
1.2025
1.20265
1.2029
1.20314
1.20329
1.20337
1.20341
1.20331
1.20248
1.20273
1.20238
1.20252
1.20274
1.20291
1.20304
1.20315
1.20322
1.20313
1.20231
1.20262
1.20231
1.20236
1.20248
1.2026
1.20273
1.20286
1.20296
1.20283
1.20204
1.20263
1.20236
1.20226
1.20222
1.20219
1.20219
1.20221
1.20217
1.20196
1.20139
1.20284
1.20274
1.20264
1.20251
1.20236
1.20216
1.20186
1.20154
1.20117
1.20078
1.20408
1.20407
1.20412
1.20417
1.20421
1.20423
1.20423
1.20423
1.20428
1.20001
1.20393
1.20383
1.20391
1.20403
1.2041
1.20412
1.20412
1.20409
1.204
1.20201
1.20371
1.20347
1.20358
1.20378
1.20392
1.20397
1.20397
1.20392
1.20374
1.20258
1.20346
1.20305
1.20316
1.20344
1.20367
1.20378
1.2038
1.20376
1.20358
1.20262
1.20318
1.20269
1.20279
1.20311
1.20338
1.20354
1.20359
1.20358
1.20343
1.2025
1.20289
1.20244
1.20259
1.20286
1.20311
1.20327
1.20336
1.20339
1.20328
1.20237
1.20266
1.20229
1.20244
1.20267
1.20286
1.203
1.2031
1.20317
1.20309
1.20218
1.20256
1.2022
1.20224
1.20237
1.20249
1.20261
1.20275
1.20286
1.20278
1.20187
1.20257
1.20225
1.20212
1.20205
1.202
1.20199
1.202
1.20196
1.20172
1.20104
1.20278
1.20266
1.20256
1.2024
1.20218
1.20192
1.20162
1.20124
1.2008
1.20021
1.20409
1.20408
1.20413
1.20418
1.20422
1.20423
1.20424
1.20424
1.20433
1.19967
1.20393
1.20383
1.20392
1.20403
1.2041
1.20414
1.20414
1.20411
1.20402
1.20191
1.20371
1.20346
1.20358
1.20378
1.20393
1.20399
1.20399
1.20394
1.20375
1.20254
1.20345
1.20304
1.20315
1.20344
1.20367
1.20379
1.20381
1.20377
1.20358
1.20256
1.20317
1.20266
1.20277
1.20309
1.20338
1.20354
1.2036
1.20359
1.20343
1.2024
1.20288
1.2024
1.20254
1.20283
1.2031
1.20327
1.20335
1.20338
1.20326
1.20224
1.20264
1.20223
1.20238
1.20263
1.20283
1.20297
1.20307
1.20314
1.20305
1.20201
1.2025
1.20213
1.20216
1.20229
1.20241
1.20253
1.20266
1.20279
1.20274
1.20167
1.20253
1.20217
1.20201
1.20191
1.20186
1.20184
1.20183
1.20177
1.20148
1.2006
1.20274
1.20259
1.20245
1.20228
1.20203
1.20171
1.20136
1.20092
1.20033
1.19961
1.20409
1.20408
1.20413
1.20418
1.20422
1.20424
1.20424
1.20425
1.20437
1.19935
1.20394
1.20384
1.20392
1.20403
1.20411
1.20414
1.20414
1.20412
1.20403
1.20183
1.20371
1.20346
1.20358
1.20378
1.20393
1.20399
1.204
1.20395
1.20376
1.2025
1.20345
1.20303
1.20314
1.20344
1.20368
1.20379
1.20382
1.20377
1.20359
1.2025
1.20316
1.20265
1.20275
1.20308
1.20338
1.20355
1.2036
1.20359
1.20342
1.2023
1.20287
1.20238
1.20252
1.20281
1.20309
1.20327
1.20336
1.20338
1.20325
1.20211
1.20263
1.2022
1.20235
1.20261
1.20282
1.20296
1.20306
1.20312
1.20302
1.20184
1.20248
1.20208
1.20211
1.20225
1.20238
1.20249
1.20261
1.20273
1.20271
1.2015
1.20248
1.20212
1.20194
1.20183
1.20177
1.20174
1.20174
1.20165
1.2013
1.20018
1.20273
1.20255
1.20239
1.20221
1.20193
1.20155
1.20114
1.20064
1.19993
1.19912
1.20198
1.20345
1.20362
1.20365
1.20368
1.2037
1.20371
1.20368
1.20362
1.20358
1.20032
1.20235
1.20299
1.20329
1.20347
1.20358
1.20364
1.20364
1.20356
1.20346
1.19981
1.20181
1.20244
1.20279
1.20306
1.20327
1.20342
1.20351
1.20345
1.2033
1.19947
1.20164
1.20221
1.20249
1.2027
1.2029
1.20308
1.20322
1.20324
1.20308
1.19897
1.20147
1.20208
1.20233
1.20249
1.20264
1.20277
1.2029
1.20295
1.20283
1.19829
1.20122
1.20191
1.20218
1.20234
1.20246
1.20256
1.20265
1.20269
1.20261
1.19745
1.20091
1.20169
1.20198
1.20215
1.20228
1.20237
1.20244
1.20246
1.20238
1.1965
1.20056
1.20143
1.20174
1.20192
1.20205
1.20215
1.20221
1.20221
1.20213
1.19543
1.2002
1.20115
1.20147
1.20166
1.2018
1.20189
1.20195
1.20193
1.20182
1.19425
1.19982
1.20086
1.20118
1.20137
1.20151
1.2016
1.20166
1.20161
1.20148
1.19294
1.19942
1.20055
1.20086
1.20104
1.20118
1.20127
1.20132
1.20123
1.20108
1.19151
1.19901
1.20022
1.20051
1.20067
1.20081
1.20089
1.20093
1.2008
1.20056
1.18993
1.19856
1.19984
1.20009
1.20021
1.20035
1.20042
1.20045
1.20025
1.19991
1.18812
1.19796
1.19931
1.1995
1.19959
1.19971
1.19976
1.1998
1.19952
1.19921
1.18632
1.19731
1.19871
1.19884
1.19889
1.19902
1.19906
1.19911
1.19875
1.19849
1.20183
1.20173
1.20166
1.2016
1.20341
1.20337
1.20335
1.20334
1.20361
1.20361
1.2036
1.2036
1.20365
1.20364
1.20364
1.20364
1.20368
1.20367
1.20367
1.20367
1.2037
1.20369
1.20369
1.20369
1.20371
1.2037
1.2037
1.2037
1.20368
1.20369
1.20369
1.20369
1.20362
1.20363
1.20362
1.20362
1.20358
1.20358
1.20358
1.20358
1.19992
1.19959
1.19935
1.1992
1.20217
1.202
1.20186
1.20177
1.20292
1.20285
1.2028
1.20276
1.20326
1.20323
1.2032
1.20319
1.20345
1.20343
1.20342
1.20341
1.20357
1.20356
1.20355
1.20355
1.20363
1.20363
1.20362
1.20362
1.20364
1.20364
1.20363
1.20363
1.20356
1.20356
1.20356
1.20356
1.20346
1.20346
1.20346
1.20346
1.1993
1.19888
1.19856
1.19836
1.20155
1.20127
1.20105
1.2009
1.20231
1.20218
1.20207
1.202
1.20271
1.20264
1.20259
1.20255
1.20301
1.20296
1.20293
1.20291
1.20323
1.2032
1.20318
1.20317
1.2034
1.20338
1.20337
1.20336
1.2035
1.20349
1.20348
1.20348
1.20345
1.20345
1.20345
1.20345
1.20329
1.20329
1.20329
1.20329
1.19889
1.19839
1.19802
1.19777
1.20132
1.20098
1.2007
1.20052
1.20204
1.20187
1.20172
1.20163
1.20238
1.20228
1.2022
1.20215
1.20262
1.20255
1.2025
1.20247
1.20284
1.20279
1.20275
1.20273
1.20303
1.203
1.20297
1.20296
1.2032
1.20317
1.20316
1.20315
1.20323
1.20322
1.20321
1.2032
1.20308
1.20307
1.20307
1.20307
1.19828
1.1977
1.19726
1.19696
1.20109
1.20069
1.20035
1.20014
1.20188
1.20167
1.20149
1.20137
1.2022
1.20208
1.20198
1.20191
1.2024
1.20231
1.20225
1.20221
1.20257
1.2025
1.20245
1.20242
1.20272
1.20267
1.20263
1.20261
1.20286
1.20283
1.2028
1.20279
1.20293
1.20291
1.2029
1.20289
1.20283
1.20282
1.20282
1.20281
1.19746
1.19675
1.19621
1.19585
1.20076
1.20026
1.19984
1.19957
1.20167
1.20141
1.20118
1.20103
1.20202
1.20187
1.20175
1.20166
1.20222
1.20212
1.20204
1.20199
1.20237
1.2023
1.20224
1.2022
1.20249
1.20244
1.20239
1.20237
1.2026
1.20256
1.20253
1.20251
1.20266
1.20264
1.20262
1.20262
1.2026
1.20259
1.20259
1.20258
1.19645
1.19557
1.1949
1.19444
1.20034
1.19971
1.19917
1.19883
1.20139
1.20106
1.20076
1.20057
1.20178
1.20159
1.20143
1.20132
1.20201
1.20188
1.20177
1.20171
1.20217
1.20207
1.202
1.20195
1.20229
1.20222
1.20216
1.20213
1.20238
1.20233
1.20229
1.20227
1.20243
1.2024
1.20239
1.20237
1.20236
1.20236
1.20235
1.20235
1.19527
1.19419
1.19334
1.19276
1.19987
1.19907
1.19838
1.19793
1.20106
1.20064
1.20026
1.2
1.20149
1.20125
1.20104
1.2009
1.20174
1.20157
1.20144
1.20135
1.20192
1.20179
1.2017
1.20164
1.20205
1.20195
1.20188
1.20184
1.20214
1.20208
1.20203
1.202
1.20218
1.20215
1.20213
1.20211
1.20211
1.2021
1.2021
1.20209
1.19394
1.1926
1.19153
1.1908
1.19935
1.19835
1.19747
1.19689
1.2007
1.20017
1.19968
1.19934
1.20117
1.20086
1.20059
1.2004
1.20143
1.20122
1.20105
1.20094
1.20162
1.20147
1.20134
1.20127
1.20176
1.20164
1.20155
1.2015
1.20186
1.20178
1.20172
1.20168
1.20189
1.20185
1.20182
1.2018
1.20181
1.20179
1.20179
1.20178
1.19244
1.19079
1.18946
1.18854
1.19879
1.19755
1.19643
1.19568
1.20031
1.19964
1.19902
1.19859
1.20081
1.20042
1.20007
1.19984
1.20109
1.20082
1.2006
1.20046
1.20129
1.20109
1.20094
1.20084
1.20144
1.20129
1.20117
1.2011
1.20154
1.20143
1.20135
1.20131
1.20155
1.2015
1.20147
1.20144
1.20145
1.20144
1.20143
1.20142
1.19077
1.18876
1.1871
1.18595
1.19819
1.19665
1.19525
1.1943
1.19988
1.19906
1.19827
1.19771
1.20041
1.19992
1.19949
1.19919
1.2007
1.20037
1.20009
1.19991
1.20092
1.20067
1.20047
1.20035
1.20107
1.20088
1.20074
1.20065
1.20117
1.20103
1.20093
1.20087
1.20116
1.2011
1.20105
1.20103
1.20105
1.20103
1.20102
1.20101
1.18893
1.18648
1.18444
1.183
1.19753
1.19565
1.19389
1.19269
1.19942
1.1984
1.1974
1.19668
1.19996
1.19935
1.1988
1.19841
1.20025
1.19984
1.19949
1.19926
1.20048
1.20017
1.19992
1.19977
1.20063
1.2004
1.20022
1.2001
1.20074
1.20057
1.20044
1.20036
1.2007
1.20062
1.20056
1.20053
1.20053
1.20053
1.20051
1.2005
1.18687
1.1839
1.18138
1.17958
1.19679
1.19448
1.19228
1.19074
1.19887
1.1976
1.19633
1.19541
1.19942
1.19866
1.19795
1.19744
1.1997
1.19918
1.19874
1.19844
1.19994
1.19954
1.19923
1.19902
1.20009
1.19979
1.19956
1.19941
1.2002
1.19998
1.19981
1.1997
1.20012
1.20002
1.19994
1.19989
1.19987
1.19984
1.19982
1.19981
1.18444
1.18079
1.17765
1.1754
1.19581
1.19292
1.19012
1.18813
1.1981
1.19648
1.19483
1.1936
1.19865
1.19766
1.19672
1.19604
1.19893
1.19825
1.19766
1.19725
1.19918
1.19866
1.19824
1.19796
1.19934
1.19895
1.19863
1.19843
1.19947
1.19917
1.19893
1.19879
1.19934
1.19919
1.19908
1.19901
1.19914
1.19906
1.19902
1.199
1.18198
1.17756
1.17372
1.17098
1.19473
1.19118
1.18768
1.18517
1.19723
1.19519
1.19308
1.19149
1.19779
1.19653
1.1953
1.1944
1.19807
1.1972
1.19642
1.19588
1.19835
1.19768
1.19713
1.19676
1.19853
1.19802
1.19761
1.19735
1.19868
1.19829
1.19798
1.19779
1.19852
1.19832
1.19817
1.19808
1.19841
1.19835
1.19831
1.19829
1.20157
1.20334
1.2036
1.20364
1.20367
1.20369
1.2037
1.20369
1.20362
1.20358
1.19915
1.20175
1.20275
1.20318
1.20341
1.20355
1.20362
1.20363
1.20356
1.20345
1.19828
1.20087
1.20197
1.20254
1.2029
1.20317
1.20336
1.20348
1.20345
1.20329
1.19769
1.20047
1.2016
1.20213
1.20246
1.20272
1.20295
1.20314
1.2032
1.20307
1.19686
1.20008
1.20134
1.20189
1.2022
1.20241
1.2026
1.20278
1.20289
1.20281
1.19572
1.1995
1.20099
1.20164
1.20197
1.20219
1.20236
1.20251
1.20261
1.20258
1.19428
1.19873
1.20051
1.20129
1.20169
1.20194
1.20212
1.20226
1.20237
1.20235
1.19256
1.1978
1.19992
1.20085
1.20133
1.20162
1.20183
1.20199
1.20211
1.20209
1.19054
1.19672
1.19924
1.20035
1.2009
1.20124
1.20148
1.20167
1.2018
1.20178
1.18821
1.19547
1.19845
1.19976
1.20042
1.20081
1.20108
1.20129
1.20144
1.20142
1.18554
1.19403
1.19753
1.19909
1.19986
1.20031
1.20062
1.20086
1.20102
1.20101
1.18249
1.19234
1.19646
1.19829
1.19919
1.19972
1.20007
1.20034
1.20052
1.20049
1.17895
1.1903
1.19511
1.19728
1.19835
1.19896
1.19937
1.19967
1.19988
1.1998
1.17462
1.18754
1.1932
1.19582
1.19712
1.19788
1.19837
1.19875
1.19899
1.199
1.17004
1.18441
1.19097
1.19411
1.19571
1.19665
1.19727
1.19773
1.19805
1.19828
1.2016
1.20166
1.20173
1.20183
1.20333
1.20335
1.20338
1.20341
1.2036
1.2036
1.20361
1.20362
1.20364
1.20364
1.20364
1.20365
1.20367
1.20367
1.20367
1.20367
1.20369
1.20369
1.20369
1.2037
1.2037
1.2037
1.2037
1.20371
1.20369
1.20369
1.20369
1.20368
1.20362
1.20362
1.20362
1.20362
1.20358
1.20358
1.20358
1.20358
1.1992
1.19935
1.19958
1.19991
1.20177
1.20185
1.20199
1.20217
1.20276
1.2028
1.20285
1.20292
1.20319
1.2032
1.20323
1.20326
1.20341
1.20342
1.20343
1.20345
1.20355
1.20355
1.20356
1.20357
1.20362
1.20362
1.20363
1.20363
1.20363
1.20363
1.20364
1.20364
1.20356
1.20356
1.20356
1.20356
1.20345
1.20345
1.20345
1.20346
1.19835
1.19856
1.19887
1.1993
1.2009
1.20104
1.20126
1.20154
1.20199
1.20206
1.20217
1.2023
1.20255
1.20258
1.20264
1.20271
1.2029
1.20292
1.20296
1.203
1.20317
1.20318
1.2032
1.20323
1.20336
1.20337
1.20338
1.2034
1.20348
1.20348
1.20349
1.2035
1.20345
1.20345
1.20345
1.20345
1.20329
1.2033
1.2033
1.2033
1.19777
1.19802
1.19839
1.19888
1.20052
1.20069
1.20097
1.20131
1.20162
1.20172
1.20186
1.20203
1.20214
1.20219
1.20227
1.20237
1.20247
1.2025
1.20255
1.20262
1.20273
1.20275
1.20279
1.20284
1.20296
1.20297
1.203
1.20303
1.20315
1.20316
1.20317
1.2032
1.2032
1.20321
1.20322
1.20323
1.20307
1.20307
1.20307
1.20307
1.19696
1.19725
1.19769
1.19827
1.20013
1.20034
1.20068
1.20108
1.20137
1.20149
1.20166
1.20187
1.20191
1.20197
1.20207
1.20219
1.20221
1.20224
1.20231
1.20239
1.20242
1.20245
1.2025
1.20256
1.20261
1.20263
1.20267
1.20271
1.20279
1.2028
1.20283
1.20286
1.20289
1.2029
1.20291
1.20293
1.20281
1.20281
1.20282
1.20282
1.19585
1.19621
1.19675
1.19745
1.19957
1.19983
1.20025
1.20075
1.20103
1.20118
1.2014
1.20166
1.20166
1.20174
1.20186
1.20201
1.20199
1.20203
1.20211
1.20221
1.2022
1.20223
1.20229
1.20237
1.20236
1.20239
1.20243
1.20249
1.20251
1.20253
1.20256
1.2026
1.20262
1.20262
1.20264
1.20266
1.20258
1.20259
1.20258
1.20259
1.19444
1.19489
1.19557
1.19644
1.19882
1.19917
1.1997
1.20033
1.20056
1.20076
1.20105
1.20138
1.20132
1.20142
1.20158
1.20177
1.2017
1.20177
1.20187
1.202
1.20195
1.20199
1.20206
1.20216
1.20213
1.20216
1.20221
1.20228
1.20227
1.20229
1.20233
1.20238
1.20237
1.20238
1.2024
1.20242
1.20235
1.20236
1.20236
1.20237
1.19276
1.19333
1.19418
1.19527
1.19793
1.19837
1.19906
1.19986
1.2
1.20025
1.20063
1.20105
1.20089
1.20103
1.20124
1.20149
1.20135
1.20143
1.20156
1.20173
1.20163
1.20169
1.20179
1.20191
1.20184
1.20188
1.20195
1.20204
1.202
1.20203
1.20207
1.20214
1.20211
1.20212
1.20215
1.20218
1.20209
1.2021
1.2021
1.20211
1.1908
1.19153
1.19259
1.19394
1.19689
1.19747
1.19835
1.19935
1.19934
1.19968
1.20016
1.20069
1.2004
1.20058
1.20085
1.20116
1.20094
1.20104
1.20121
1.20143
1.20127
1.20134
1.20146
1.20162
1.2015
1.20155
1.20164
1.20175
1.20168
1.20171
1.20177
1.20185
1.2018
1.20182
1.20185
1.20188
1.20178
1.20179
1.2018
1.20181
1.18854
1.18946
1.19079
1.19244
1.19568
1.19643
1.19754
1.19879
1.19858
1.19902
1.19964
1.2003
1.19984
1.20007
1.20041
1.20081
1.20046
1.2006
1.20082
1.20108
1.20084
1.20094
1.20109
1.20129
1.2011
1.20117
1.20128
1.20143
1.2013
1.20135
1.20143
1.20153
1.20144
1.20147
1.2015
1.20155
1.20142
1.20143
1.20144
1.20146
1.18595
1.18711
1.18876
1.19078
1.1943
1.19525
1.19665
1.19819
1.19771
1.19827
1.19906
1.19988
1.19918
1.19949
1.19992
1.20041
1.19991
1.20009
1.20036
1.2007
1.20035
1.20047
1.20066
1.20091
1.20065
1.20073
1.20088
1.20106
1.20087
1.20093
1.20103
1.20117
1.20103
1.20105
1.2011
1.20116
1.20101
1.20102
1.20103
1.20105
1.183
1.18444
1.18648
1.18893
1.19269
1.19389
1.19565
1.19753
1.19668
1.1974
1.19839
1.19942
1.19841
1.1988
1.19935
1.19996
1.19926
1.19949
1.19983
1.20025
1.19976
1.19992
1.20017
1.20047
1.2001
1.20021
1.20039
1.20063
1.20036
1.20044
1.20056
1.20073
1.20053
1.20056
1.20062
1.2007
1.20049
1.20048
1.2005
1.20053
1.17958
1.18138
1.18389
1.18687
1.19074
1.19228
1.19448
1.19679
1.19541
1.19633
1.1976
1.19887
1.19744
1.19794
1.19865
1.19941
1.19844
1.19873
1.19917
1.1997
1.19902
1.19922
1.19954
1.19993
1.19941
1.19956
1.19979
1.20009
1.1997
1.19981
1.19997
1.2002
1.19989
1.19994
1.20002
1.20012
1.19981
1.19982
1.19988
1.19992
1.1754
1.17764
1.18078
1.18444
1.18812
1.19011
1.19291
1.19581
1.19359
1.19482
1.19647
1.1981
1.19603
1.19672
1.19766
1.19864
1.19725
1.19765
1.19824
1.19892
1.19796
1.19823
1.19866
1.19917
1.19843
1.19863
1.19894
1.19933
1.19879
1.19893
1.19916
1.19946
1.19901
1.19907
1.19918
1.19933
1.199
1.19902
1.19905
1.19909
1.17097
1.17371
1.17754
1.18197
1.18516
1.18767
1.19117
1.19472
1.19148
1.19307
1.19518
1.19722
1.1944
1.19529
1.19652
1.19778
1.19588
1.19641
1.19719
1.19806
1.19676
1.19712
1.19767
1.19834
1.19734
1.1976
1.19801
1.19852
1.19779
1.19797
1.19828
1.19867
1.19807
1.19816
1.19831
1.19851
1.19829
1.19832
1.19836
1.19841
1.20198
1.20345
1.20362
1.20365
1.20367
1.2037
1.20371
1.20368
1.20362
1.20358
1.20032
1.20234
1.20298
1.20329
1.20347
1.20358
1.20364
1.20364
1.20356
1.20346
1.19981
1.2018
1.20243
1.20279
1.20305
1.20327
1.20342
1.20351
1.20345
1.2033
1.19947
1.20163
1.2022
1.20248
1.20269
1.2029
1.20308
1.20322
1.20324
1.20308
1.19896
1.20146
1.20207
1.20232
1.20248
1.20263
1.20277
1.2029
1.20295
1.20283
1.19828
1.20121
1.2019
1.20217
1.20233
1.20245
1.20255
1.20265
1.20268
1.2026
1.19745
1.2009
1.20168
1.20197
1.20214
1.20227
1.20236
1.20244
1.20245
1.20237
1.1965
1.20056
1.20142
1.20173
1.20191
1.20205
1.20214
1.20221
1.20221
1.20212
1.19543
1.20019
1.20115
1.20147
1.20165
1.20179
1.20189
1.20195
1.20193
1.20183
1.19425
1.19982
1.20086
1.20118
1.20136
1.2015
1.2016
1.20165
1.20161
1.20148
1.19294
1.19942
1.20055
1.20086
1.20103
1.20118
1.20127
1.20132
1.20123
1.20107
1.19151
1.19901
1.20022
1.2005
1.20066
1.2008
1.20089
1.20093
1.2008
1.20057
1.18993
1.19856
1.19983
1.20008
1.20021
1.20034
1.20041
1.20044
1.20025
1.19996
1.18811
1.19796
1.1993
1.19949
1.19958
1.1997
1.19975
1.19979
1.19951
1.19916
1.18632
1.1973
1.1987
1.19883
1.19888
1.19901
1.19904
1.1991
1.19875
1.19849
1.20304
1.20378
1.20388
1.20391
1.20391
1.20388
1.20383
1.20379
1.20377
1.20377
1.20353
1.20378
1.20383
1.20384
1.20382
1.2038
1.20376
1.20372
1.2037
1.20372
1.20366
1.20377
1.20379
1.20378
1.20376
1.20373
1.20368
1.20364
1.20361
1.20366
1.20369
1.20374
1.20375
1.20373
1.2037
1.20366
1.20361
1.20355
1.20353
1.2036
1.2037
1.20372
1.20371
1.20369
1.20366
1.2036
1.20354
1.2035
1.20346
1.20354
1.20371
1.20371
1.2037
1.20366
1.20363
1.20358
1.20352
1.20346
1.20342
1.20349
1.20371
1.2037
1.20368
1.20365
1.20361
1.20357
1.20351
1.20345
1.2034
1.20346
1.20368
1.20367
1.20365
1.20363
1.2036
1.20357
1.20352
1.20346
1.20341
1.20345
1.20362
1.20362
1.20361
1.2036
1.20359
1.20357
1.20354
1.20349
1.20345
1.20346
1.20358
1.20358
1.20359
1.2036
1.20359
1.20358
1.20356
1.20354
1.2035
1.20349
1.20234
1.20373
1.2039
1.20393
1.20393
1.2039
1.20385
1.20381
1.20379
1.20381
1.20297
1.2037
1.2038
1.20381
1.2038
1.20376
1.20371
1.20368
1.20368
1.20375
1.20331
1.20369
1.20374
1.20372
1.20369
1.20364
1.20358
1.20355
1.20357
1.20367
1.20348
1.20368
1.20369
1.20365
1.2036
1.20353
1.20348
1.20344
1.20346
1.20359
1.20358
1.20368
1.20366
1.2036
1.20354
1.20347
1.2034
1.20336
1.20338
1.20352
1.20364
1.20368
1.20364
1.20358
1.20351
1.20345
1.20338
1.20333
1.20333
1.20345
1.20366
1.20366
1.20363
1.20358
1.20352
1.20346
1.2034
1.20335
1.20332
1.20341
1.20364
1.20363
1.2036
1.20357
1.20353
1.20349
1.20344
1.20339
1.20334
1.20339
1.20356
1.20355
1.20354
1.20354
1.20353
1.20351
1.20348
1.20344
1.20339
1.20341
1.20346
1.20348
1.2035
1.20352
1.20354
1.20354
1.20353
1.20351
1.20347
1.20346
1.20223
1.20378
1.20394
1.20397
1.20398
1.20396
1.20392
1.20388
1.20385
1.20386
1.20275
1.20367
1.20381
1.20384
1.20383
1.2038
1.20376
1.20373
1.20372
1.2038
1.20303
1.20363
1.20373
1.20373
1.2037
1.20366
1.20361
1.20357
1.20358
1.2037
1.20321
1.20362
1.20367
1.20364
1.20359
1.20354
1.20347
1.20341
1.20342
1.2036
1.20335
1.20362
1.20363
1.20357
1.20351
1.20344
1.20336
1.20329
1.20331
1.2035
1.20346
1.20362
1.2036
1.20354
1.20347
1.20339
1.20331
1.20325
1.20324
1.20342
1.20353
1.20362
1.20359
1.20353
1.20346
1.2034
1.20333
1.20327
1.20323
1.20337
1.20356
1.20359
1.20356
1.20352
1.20347
1.20343
1.20338
1.20332
1.20327
1.20334
1.20347
1.20349
1.20348
1.20347
1.20346
1.20344
1.20342
1.20338
1.20333
1.20336
1.20331
1.20335
1.20339
1.20343
1.20346
1.20347
1.20348
1.20347
1.20343
1.20343
1.20218
1.20384
1.20399
1.20402
1.20403
1.20402
1.20399
1.20394
1.20391
1.20391
1.20271
1.2037
1.20384
1.20388
1.20389
1.20387
1.20383
1.20378
1.20376
1.20383
1.20293
1.2036
1.20374
1.20376
1.20376
1.20372
1.20367
1.2036
1.20358
1.20372
1.20304
1.20357
1.20367
1.20367
1.20364
1.20358
1.20349
1.2034
1.20339
1.20359
1.20313
1.20356
1.20362
1.20359
1.20354
1.20346
1.20335
1.20325
1.20324
1.20347
1.20323
1.20356
1.20359
1.20353
1.20346
1.20338
1.20327
1.20319
1.20316
1.20337
1.20332
1.20356
1.20356
1.2035
1.20343
1.20336
1.20328
1.2032
1.20316
1.20331
1.20338
1.20353
1.20353
1.20348
1.20343
1.20338
1.20332
1.20325
1.20319
1.20328
1.20331
1.20339
1.20341
1.20341
1.2034
1.20337
1.20334
1.20331
1.20326
1.20329
1.20312
1.20319
1.20325
1.20331
1.20335
1.20339
1.20341
1.20341
1.20338
1.20337
1.20207
1.2039
1.20404
1.20407
1.20408
1.20406
1.20403
1.20399
1.20395
1.20394
1.20268
1.20375
1.20389
1.20393
1.20394
1.20393
1.20388
1.20383
1.20379
1.20385
1.2029
1.20362
1.20377
1.20381
1.20381
1.20378
1.20371
1.20361
1.20358
1.20373
1.20297
1.20355
1.20368
1.2037
1.20368
1.20362
1.20351
1.20338
1.20335
1.20358
1.20301
1.20352
1.20363
1.20361
1.20357
1.20348
1.20334
1.2032
1.20317
1.20344
1.20305
1.2035
1.20358
1.20354
1.20347
1.20337
1.20324
1.20312
1.20309
1.20332
1.2031
1.20349
1.20354
1.20349
1.20342
1.20333
1.20323
1.20314
1.20307
1.20324
1.20314
1.20344
1.20349
1.20345
1.20339
1.20333
1.20326
1.20318
1.20311
1.20321
1.20307
1.20324
1.20331
1.20333
1.20332
1.2033
1.20326
1.20323
1.20318
1.20322
1.20289
1.203
1.2031
1.20319
1.20324
1.20329
1.20333
1.20334
1.20332
1.20331
1.2019
1.20396
1.20408
1.20411
1.20411
1.2041
1.20407
1.20402
1.20398
1.20397
1.20262
1.20381
1.20393
1.20397
1.20398
1.20397
1.20392
1.20385
1.20381
1.20387
1.20287
1.20365
1.2038
1.20385
1.20385
1.20382
1.20373
1.20362
1.20356
1.20373
1.20294
1.20355
1.2037
1.20373
1.20372
1.20365
1.20351
1.20335
1.2033
1.20356
1.20294
1.2035
1.20363
1.20363
1.20359
1.20348
1.20332
1.20314
1.2031
1.2034
1.20295
1.20346
1.20357
1.20355
1.20347
1.20336
1.2032
1.20306
1.203
1.20325
1.20295
1.20342
1.20352
1.20348
1.2034
1.20329
1.20318
1.20307
1.20299
1.20317
1.20294
1.20333
1.20344
1.20342
1.20335
1.20328
1.20319
1.2031
1.20302
1.20312
1.20284
1.20307
1.20319
1.20323
1.20323
1.20321
1.20317
1.20313
1.20309
1.20314
1.20266
1.2028
1.20294
1.20304
1.20312
1.20318
1.20323
1.20326
1.20326
1.20324
1.20169
1.204
1.20412
1.20413
1.20413
1.20412
1.20409
1.20405
1.204
1.20399
1.20255
1.20385
1.20397
1.204
1.20401
1.204
1.20395
1.20387
1.20381
1.20389
1.20284
1.20368
1.20383
1.20387
1.20388
1.20384
1.20375
1.20361
1.20354
1.20373
1.2029
1.20357
1.20372
1.20375
1.20373
1.20366
1.20351
1.20332
1.20325
1.20354
1.2029
1.20349
1.20364
1.20364
1.20359
1.20348
1.20329
1.20309
1.20303
1.20335
1.20288
1.20343
1.20356
1.20354
1.20346
1.20333
1.20316
1.203
1.20292
1.2032
1.20284
1.20336
1.20349
1.20345
1.20336
1.20325
1.20312
1.20299
1.20289
1.20309
1.20278
1.20323
1.20338
1.20337
1.2033
1.20321
1.20311
1.203
1.20292
1.20304
1.20264
1.2029
1.20305
1.20311
1.20312
1.20309
1.20305
1.20302
1.20299
1.20306
1.20245
1.20261
1.20277
1.20288
1.20297
1.20306
1.20313
1.20317
1.20318
1.20317
1.20146
1.20405
1.20414
1.20415
1.20415
1.20414
1.20411
1.20406
1.20402
1.20401
1.20246
1.20389
1.204
1.20403
1.20403
1.20402
1.20396
1.20388
1.20382
1.2039
1.2028
1.20371
1.20385
1.20389
1.2039
1.20386
1.20375
1.2036
1.20352
1.20372
1.20286
1.20358
1.20373
1.20376
1.20374
1.20366
1.20349
1.20328
1.2032
1.20352
1.20285
1.20349
1.20363
1.20363
1.20358
1.20346
1.20326
1.20303
1.20296
1.20332
1.20281
1.20341
1.20354
1.20351
1.20343
1.20329
1.20311
1.20293
1.20283
1.20313
1.20275
1.20332
1.20345
1.20341
1.20332
1.2032
1.20306
1.20291
1.20279
1.20301
1.20264
1.20314
1.20331
1.2033
1.20323
1.20313
1.20301
1.20289
1.20281
1.20295
1.20244
1.20273
1.2029
1.20297
1.20298
1.20296
1.20292
1.20289
1.20288
1.20297
1.20222
1.20241
1.20257
1.20272
1.20282
1.20293
1.20302
1.20308
1.20309
1.2031
1.2012
1.20409
1.20416
1.20417
1.20417
1.20416
1.20413
1.20408
1.20403
1.20403
1.20238
1.20391
1.20401
1.20404
1.20405
1.20404
1.20398
1.20389
1.20382
1.20391
1.20275
1.20372
1.20386
1.2039
1.20391
1.20387
1.20376
1.20359
1.2035
1.20372
1.20282
1.20359
1.20374
1.20376
1.20375
1.20366
1.20348
1.20325
1.20316
1.20351
1.20279
1.20349
1.20362
1.20362
1.20357
1.20344
1.20322
1.20297
1.20289
1.20328
1.20274
1.20339
1.20351
1.20348
1.20339
1.20325
1.20306
1.20286
1.20274
1.20307
1.20265
1.20328
1.2034
1.20335
1.20325
1.20313
1.20298
1.20281
1.20269
1.20294
1.2025
1.20305
1.20323
1.20321
1.20313
1.20301
1.20289
1.20277
1.20269
1.20285
1.20222
1.20256
1.20273
1.20281
1.20281
1.20279
1.20276
1.20275
1.20275
1.20288
1.20194
1.20215
1.20236
1.20252
1.20267
1.20281
1.20291
1.20298
1.203
1.20304
1.20093
1.20413
1.20417
1.20419
1.20418
1.20417
1.20414
1.20409
1.20404
1.20405
1.20229
1.20393
1.20403
1.20406
1.20407
1.20405
1.20399
1.20389
1.20382
1.20391
1.20271
1.20372
1.20388
1.20392
1.20392
1.20388
1.20376
1.20359
1.20349
1.20372
1.20277
1.20359
1.20374
1.20376
1.20375
1.20366
1.20347
1.20322
1.20312
1.20349
1.20272
1.20347
1.20361
1.2036
1.20355
1.20342
1.20319
1.20292
1.20283
1.20325
1.20266
1.20337
1.20348
1.20344
1.20335
1.20321
1.203
1.20278
1.20266
1.20301
1.20254
1.20323
1.20334
1.20328
1.20318
1.20305
1.2029
1.20271
1.20258
1.20285
1.20235
1.20297
1.20314
1.2031
1.203
1.20288
1.20275
1.20263
1.20256
1.20276
1.20197
1.20237
1.20255
1.20261
1.2026
1.20259
1.20259
1.20259
1.20262
1.2028
1.20161
1.20186
1.20211
1.20235
1.20254
1.20269
1.20278
1.20288
1.20291
1.20296
1.20064
1.20418
1.20419
1.2042
1.2042
1.20419
1.20416
1.20411
1.20406
1.20406
1.20219
1.20395
1.20405
1.20408
1.20409
1.20407
1.20401
1.2039
1.20382
1.20392
1.20266
1.20373
1.20389
1.20393
1.20394
1.2039
1.20377
1.20358
1.20347
1.20371
1.20272
1.20358
1.20374
1.20377
1.20376
1.20366
1.20345
1.20319
1.20308
1.20347
1.20265
1.20346
1.20359
1.20359
1.20354
1.2034
1.20315
1.20287
1.20277
1.20321
1.20257
1.20334
1.20344
1.2034
1.20331
1.20317
1.20295
1.20271
1.20257
1.20297
1.20243
1.20318
1.20328
1.20321
1.20311
1.20298
1.20281
1.20261
1.20247
1.20278
1.20219
1.2029
1.20305
1.20298
1.20286
1.20274
1.20261
1.20249
1.20243
1.20269
1.2017
1.20217
1.20237
1.20241
1.2024
1.20239
1.2024
1.20242
1.20249
1.2027
1.20124
1.20155
1.20185
1.20212
1.20235
1.20252
1.20263
1.20274
1.20281
1.20289
1.20033
1.20423
1.20421
1.20422
1.20421
1.2042
1.20417
1.20411
1.20407
1.20408
1.2021
1.20397
1.20407
1.2041
1.20411
1.20408
1.20402
1.20391
1.20383
1.20393
1.20262
1.20373
1.20391
1.20395
1.20396
1.20391
1.20377
1.20358
1.20347
1.20371
1.20267
1.20358
1.20374
1.20378
1.20377
1.20366
1.20345
1.20317
1.20306
1.20346
1.20258
1.20344
1.20358
1.20359
1.20354
1.20339
1.20313
1.20282
1.20272
1.20319
1.20247
1.20331
1.20341
1.20337
1.20329
1.20314
1.2029
1.20264
1.2025
1.20292
1.20231
1.20313
1.20322
1.20315
1.20304
1.20291
1.20274
1.20252
1.20238
1.20273
1.20203
1.20283
1.20296
1.20286
1.20273
1.20261
1.20248
1.20236
1.20231
1.20262
1.20139
1.20196
1.20217
1.20221
1.2022
1.2022
1.20222
1.20226
1.20237
1.20262
1.20082
1.2012
1.20152
1.20184
1.20216
1.20236
1.20251
1.20264
1.20273
1.20283
1.20001
1.20428
1.20423
1.20423
1.20423
1.20421
1.20417
1.20412
1.20407
1.20408
1.20201
1.204
1.20409
1.20412
1.20412
1.2041
1.20402
1.20391
1.20383
1.20393
1.20258
1.20374
1.20392
1.20397
1.20397
1.20392
1.20378
1.20357
1.20346
1.20371
1.20262
1.20358
1.20376
1.2038
1.20378
1.20367
1.20344
1.20315
1.20305
1.20345
1.2025
1.20343
1.20358
1.20359
1.20354
1.20338
1.2031
1.20279
1.20269
1.20318
1.20237
1.20328
1.20339
1.20336
1.20327
1.20311
1.20286
1.20259
1.20244
1.2029
1.20217
1.20308
1.20317
1.2031
1.20299
1.20286
1.20267
1.20244
1.20229
1.20267
1.20186
1.20277
1.20287
1.20275
1.20261
1.20249
1.20237
1.20224
1.2022
1.20254
1.20104
1.20172
1.20196
1.202
1.20199
1.20201
1.20205
1.20212
1.20226
1.20257
1.20023
1.20076
1.20123
1.20164
1.20194
1.20221
1.20241
1.20255
1.20266
1.20279
1.19967
1.20433
1.20424
1.20424
1.20423
1.20422
1.20418
1.20413
1.20408
1.20409
1.20191
1.20402
1.20411
1.20414
1.20414
1.2041
1.20403
1.20392
1.20383
1.20394
1.20253
1.20375
1.20394
1.20399
1.20399
1.20393
1.20378
1.20357
1.20346
1.20371
1.20256
1.20358
1.20377
1.20381
1.20379
1.20367
1.20344
1.20314
1.20303
1.20345
1.2024
1.20343
1.20359
1.2036
1.20354
1.20338
1.20309
1.20276
1.20266
1.20317
1.20223
1.20326
1.20338
1.20335
1.20327
1.20309
1.20283
1.20254
1.2024
1.20287
1.202
1.20305
1.20313
1.20307
1.20297
1.20283
1.20262
1.20238
1.20223
1.20264
1.20167
1.20273
1.20278
1.20265
1.20252
1.20241
1.20228
1.20215
1.20213
1.20251
1.2006
1.20149
1.20177
1.20183
1.20184
1.20186
1.20191
1.20201
1.20217
1.20252
1.1996
1.20038
1.20092
1.20138
1.20174
1.20207
1.20229
1.20249
1.20261
1.20276
1.19935
1.20437
1.20425
1.20425
1.20424
1.20422
1.20418
1.20413
1.20408
1.20409
1.20183
1.20403
1.20412
1.20414
1.20414
1.20411
1.20403
1.20392
1.20383
1.20394
1.2025
1.20376
1.20395
1.204
1.20399
1.20393
1.20378
1.20357
1.20346
1.20372
1.20249
1.20359
1.20378
1.20382
1.20379
1.20367
1.20343
1.20314
1.20303
1.20345
1.2023
1.20342
1.20359
1.2036
1.20354
1.20337
1.20308
1.20275
1.20265
1.20317
1.2021
1.20325
1.20338
1.20336
1.20327
1.20309
1.20281
1.20252
1.20238
1.20287
1.20183
1.20302
1.20312
1.20306
1.20296
1.20281
1.2026
1.20234
1.2022
1.20264
1.20149
1.20271
1.20272
1.2026
1.20249
1.20238
1.20225
1.20211
1.20208
1.20248
1.20018
1.2013
1.20165
1.20172
1.20174
1.20178
1.20184
1.20194
1.20212
1.2025
1.19911
1.19998
1.20065
1.20114
1.2016
1.20196
1.20222
1.20241
1.20255
1.20274
1.20432
1.20432
1.20432
1.20432
1.20432
1.20432
1.20432
1.20432
1.20432
1.20432
1.20432
1.20432
1.20432
1.20432
1.20432
1.20432
1.20432
1.20432
1.20432
1.20432
1.20432
1.20432
1.20432
1.20432
1.20432
1.20432
1.20432
1.20432
1.20432
1.20432
1.20432
1.20432
1.20432
1.20432
1.20432
1.20432
1.20432
1.20432
1.20432
1.20432
1.20431
1.20431
1.20431
1.20431
1.20431
1.20431
1.20431
1.20431
1.20431
1.20431
1.20429
1.2043
1.2043
1.2043
1.2043
1.2043
1.2043
1.2043
1.2043
1.20431
1.20426
1.20427
1.20428
1.20428
1.20428
1.20428
1.20428
1.20428
1.20429
1.20429
1.20421
1.20423
1.20424
1.20425
1.20425
1.20425
1.20425
1.20424
1.20425
1.20425
1.20412
1.20415
1.20417
1.20419
1.20421
1.20421
1.2042
1.20418
1.20416
1.20415
1.20401
1.20404
1.20408
1.20412
1.20414
1.20415
1.20414
1.20411
1.20403
1.20383
1.20432
1.20432
1.20432
1.20432
1.20432
1.20432
1.20432
1.20432
1.20432
1.20432
1.20432
1.20432
1.20432
1.20432
1.20432
1.20432
1.20432
1.20432
1.20432
1.20432
1.20432
1.20432
1.20432
1.20432
1.20432
1.20432
1.20432
1.20432
1.20432
1.20432
1.20431
1.20432
1.20432
1.20432
1.20432
1.20432
1.20432
1.20432
1.20431
1.20431
1.20431
1.20431
1.20431
1.20431
1.20431
1.20431
1.20431
1.20431
1.20431
1.20431
1.20429
1.2043
1.2043
1.2043
1.2043
1.2043
1.2043
1.2043
1.2043
1.20429
1.20427
1.20428
1.20428
1.20429
1.20429
1.20429
1.20429
1.20429
1.20428
1.20427
1.20422
1.20424
1.20425
1.20426
1.20427
1.20427
1.20426
1.20426
1.20425
1.20422
1.20415
1.20418
1.2042
1.20421
1.20423
1.20423
1.20423
1.20422
1.20419
1.20411
1.20405
1.20408
1.20412
1.20415
1.20417
1.20418
1.20417
1.20415
1.20408
1.20377
1.20432
1.20432
1.20432
1.20432
1.20432
1.20432
1.20432
1.20432
1.20432
1.20432
1.20432
1.20432
1.20432
1.20432
1.20432
1.20432
1.20432
1.20432
1.20432
1.20432
1.20432
1.20432
1.20432
1.20432
1.20432
1.20432
1.20432
1.20432
1.20432
1.20432
1.20431
1.20431
1.20432
1.20432
1.20432
1.20432
1.20432
1.20432
1.20432
1.20431
1.20431
1.20431
1.20431
1.20431
1.20431
1.20431
1.20431
1.20431
1.20431
1.20431
1.20429
1.2043
1.2043
1.2043
1.2043
1.20431
1.20431
1.2043
1.2043
1.2043
1.20427
1.20428
1.20428
1.20429
1.20429
1.20429
1.20429
1.20429
1.20429
1.20428
1.20423
1.20424
1.20425
1.20426
1.20427
1.20427
1.20427
1.20427
1.20426
1.20423
1.20417
1.20419
1.20421
1.20423
1.20424
1.20424
1.20424
1.20424
1.20421
1.20414
1.20409
1.20412
1.20415
1.20417
1.20419
1.2042
1.2042
1.20418
1.20412
1.20383
1.20432
1.20432
1.20432
1.20432
1.20432
1.20432
1.20432
1.20432
1.20432
1.20432
1.20432
1.20432
1.20432
1.20432
1.20432
1.20432
1.20432
1.20432
1.20432
1.20432
1.20432
1.20432
1.20432
1.20432
1.20432
1.20432
1.20432
1.20432
1.20432
1.20432
1.20431
1.20431
1.20431
1.20432
1.20432
1.20432
1.20432
1.20432
1.20432
1.20432
1.2043
1.20431
1.20431
1.20431
1.20431
1.20431
1.20431
1.20431
1.20431
1.20431
1.20429
1.2043
1.2043
1.2043
1.20431
1.20431
1.20431
1.20431
1.20431
1.2043
1.20427
1.20428
1.20428
1.20429
1.20429
1.2043
1.2043
1.2043
1.20429
1.20428
1.20423
1.20425
1.20426
1.20427
1.20428
1.20428
1.20428
1.20428
1.20427
1.20425
1.20418
1.20421
1.20422
1.20424
1.20425
1.20426
1.20426
1.20426
1.20424
1.20416
1.20411
1.20415
1.20417
1.2042
1.20421
1.20422
1.20422
1.20421
1.20416
1.20387
1.20432
1.20432
1.20432
1.20432
1.20432
1.20432
1.20432
1.20432
1.20432
1.20432
1.20432
1.20432
1.20432
1.20432
1.20432
1.20432
1.20432
1.20432
1.20432
1.20432
1.20432
1.20432
1.20432
1.20432
1.20432
1.20432
1.20432
1.20432
1.20432
1.20432
1.20431
1.20431
1.20431
1.20432
1.20432
1.20432
1.20432
1.20432
1.20432
1.20432
1.2043
1.20431
1.20431
1.20431
1.20431
1.20431
1.20432
1.20432
1.20432
1.20431
1.20429
1.2043
1.2043
1.2043
1.20431
1.20431
1.20431
1.20431
1.20431
1.20431
1.20427
1.20428
1.20429
1.20429
1.2043
1.2043
1.2043
1.2043
1.2043
1.20429
1.20424
1.20425
1.20426
1.20427
1.20428
1.20429
1.20429
1.20429
1.20428
1.20426
1.20419
1.20422
1.20423
1.20425
1.20426
1.20427
1.20427
1.20427
1.20425
1.20418
1.20413
1.20416
1.20419
1.20421
1.20423
1.20424
1.20424
1.20424
1.20419
1.20389
1.20432
1.20432
1.20432
1.20432
1.20432
1.20432
1.20432
1.20432
1.20432
1.20432
1.20432
1.20432
1.20432
1.20432
1.20432
1.20432
1.20432
1.20432
1.20432
1.20432
1.20432
1.20432
1.20432
1.20432
1.20432
1.20432
1.20432
1.20432
1.20432
1.20432
1.20432
1.20431
1.20431
1.20432
1.20432
1.20432
1.20432
1.20432
1.20432
1.20432
1.20431
1.20431
1.20431
1.20431
1.20431
1.20432
1.20432
1.20432
1.20432
1.20431
1.20429
1.2043
1.2043
1.2043
1.20431
1.20431
1.20431
1.20431
1.20431
1.20431
1.20427
1.20428
1.20429
1.20429
1.2043
1.2043
1.20431
1.20431
1.20431
1.2043
1.20424
1.20426
1.20427
1.20428
1.20429
1.20429
1.2043
1.2043
1.20429
1.20427
1.2042
1.20422
1.20424
1.20426
1.20427
1.20427
1.20428
1.20428
1.20426
1.20419
1.20415
1.20418
1.2042
1.20422
1.20424
1.20425
1.20425
1.20425
1.20421
1.2039
1.20432
1.20432
1.20432
1.20432
1.20432
1.20432
1.20432
1.20432
1.20432
1.20432
1.20432
1.20432
1.20432
1.20432
1.20432
1.20432
1.20432
1.20432
1.20432
1.20432
1.20432
1.20432
1.20432
1.20432
1.20432
1.20432
1.20432
1.20432
1.20432
1.20432
1.20432
1.20431
1.20432
1.20432
1.20432
1.20432
1.20432
1.20432
1.20432
1.20432
1.20431
1.20431
1.20431
1.20431
1.20431
1.20432
1.20432
1.20432
1.20432
1.20432
1.2043
1.2043
1.2043
1.20431
1.20431
1.20431
1.20431
1.20432
1.20431
1.20431
1.20428
1.20428
1.20429
1.2043
1.2043
1.20431
1.20431
1.20431
1.20431
1.2043
1.20425
1.20426
1.20427
1.20428
1.20429
1.2043
1.2043
1.2043
1.2043
1.20428
1.20421
1.20423
1.20425
1.20426
1.20427
1.20428
1.20429
1.20429
1.20427
1.2042
1.20417
1.20419
1.20422
1.20424
1.20425
1.20426
1.20426
1.20426
1.20422
1.2039
1.20432
1.20432
1.20432
1.20432
1.20432
1.20432
1.20432
1.20432
1.20432
1.20432
1.20432
1.20432
1.20432
1.20432
1.20432
1.20432
1.20432
1.20432
1.20432
1.20432
1.20432
1.20432
1.20432
1.20432
1.20432
1.20432
1.20432
1.20432
1.20432
1.20432
1.20432
1.20432
1.20432
1.20432
1.20432
1.20432
1.20432
1.20432
1.20432
1.20432
1.20431
1.20431
1.20431
1.20431
1.20432
1.20432
1.20432
1.20432
1.20432
1.20432
1.2043
1.2043
1.2043
1.20431
1.20431
1.20431
1.20432
1.20432
1.20432
1.20431
1.20428
1.20429
1.20429
1.2043
1.2043
1.20431
1.20431
1.20431
1.20431
1.2043
1.20426
1.20427
1.20428
1.20429
1.20429
1.2043
1.2043
1.20431
1.2043
1.20428
1.20422
1.20424
1.20426
1.20427
1.20428
1.20429
1.20429
1.20429
1.20428
1.20421
1.20418
1.2042
1.20423
1.20425
1.20426
1.20427
1.20427
1.20427
1.20423
1.2039
1.20432
1.20432
1.20432
1.20432
1.20432
1.20432
1.20432
1.20432
1.20432
1.20432
1.20432
1.20432
1.20432
1.20432
1.20432
1.20432
1.20432
1.20432
1.20432
1.20432
1.20432
1.20432
1.20432
1.20432
1.20432
1.20432
1.20432
1.20432
1.20432
1.20432
1.20432
1.20432
1.20432
1.20432
1.20432
1.20432
1.20432
1.20432
1.20432
1.20432
1.20432
1.20431
1.20431
1.20431
1.20432
1.20432
1.20432
1.20432
1.20432
1.20432
1.20431
1.20431
1.20431
1.20431
1.20431
1.20432
1.20432
1.20432
1.20432
1.20432
1.20429
1.20429
1.2043
1.2043
1.20431
1.20431
1.20431
1.20432
1.20431
1.20431
1.20427
1.20428
1.20428
1.20429
1.2043
1.2043
1.20431
1.20431
1.20431
1.20429
1.20424
1.20425
1.20427
1.20428
1.20429
1.20429
1.2043
1.2043
1.20429
1.20422
1.2042
1.20422
1.20424
1.20425
1.20427
1.20428
1.20428
1.20428
1.20424
1.2039
1.20432
1.20432
1.20432
1.20432
1.20432
1.20432
1.20432
1.20432
1.20432
1.20432
1.20432
1.20432
1.20432
1.20432
1.20432
1.20432
1.20432
1.20432
1.20432
1.20432
1.20432
1.20432
1.20432
1.20432
1.20432
1.20432
1.20432
1.20432
1.20432
1.20432
1.20432
1.20432
1.20432
1.20432
1.20432
1.20432
1.20432
1.20432
1.20432
1.20432
1.20432
1.20431
1.20431
1.20432
1.20432
1.20432
1.20432
1.20432
1.20432
1.20432
1.20431
1.20431
1.20431
1.20431
1.20431
1.20432
1.20432
1.20432
1.20432
1.20432
1.2043
1.2043
1.2043
1.20431
1.20431
1.20431
1.20432
1.20432
1.20432
1.20431
1.20428
1.20428
1.20429
1.2043
1.2043
1.20431
1.20431
1.20431
1.20431
1.20429
1.20425
1.20426
1.20427
1.20428
1.20429
1.2043
1.2043
1.2043
1.20429
1.20423
1.20421
1.20423
1.20425
1.20426
1.20427
1.20428
1.20429
1.20429
1.20425
1.2039
1.20432
1.20432
1.20432
1.20432
1.20432
1.20432
1.20432
1.20432
1.20432
1.20432
1.20432
1.20432
1.20432
1.20432
1.20432
1.20432
1.20432
1.20432
1.20432
1.20432
1.20432
1.20432
1.20432
1.20432
1.20432
1.20432
1.20432
1.20432
1.20432
1.20432
1.20432
1.20432
1.20432
1.20432
1.20432
1.20432
1.20432
1.20432
1.20432
1.20432
1.20432
1.20432
1.20432
1.20432
1.20432
1.20432
1.20432
1.20432
1.20432
1.20432
1.20431
1.20431
1.20431
1.20431
1.20432
1.20432
1.20432
1.20432
1.20432
1.20432
1.20431
1.2043
1.2043
1.20431
1.20431
1.20431
1.20432
1.20432
1.20432
1.20431
1.20429
1.20429
1.20429
1.2043
1.20431
1.20431
1.20431
1.20431
1.20431
1.2043
1.20426
1.20427
1.20428
1.20429
1.2043
1.2043
1.20431
1.20431
1.2043
1.20424
1.20422
1.20424
1.20425
1.20427
1.20428
1.20429
1.20429
1.2043
1.20426
1.20391
1.20432
1.20432
1.20432
1.20432
1.20432
1.20432
1.20432
1.20432
1.20432
1.20432
1.20432
1.20432
1.20432
1.20432
1.20432
1.20432
1.20432
1.20432
1.20432
1.20432
1.20432
1.20432
1.20432
1.20432
1.20432
1.20432
1.20432
1.20432
1.20432
1.20432
1.20432
1.20432
1.20432
1.20432
1.20432
1.20432
1.20432
1.20432
1.20432
1.20432
1.20432
1.20432
1.20432
1.20432
1.20432
1.20432
1.20432
1.20432
1.20432
1.20432
1.20432
1.20431
1.20431
1.20431
1.20432
1.20432
1.20432
1.20432
1.20432
1.20432
1.20431
1.20431
1.20431
1.20431
1.20431
1.20432
1.20432
1.20432
1.20432
1.20431
1.2043
1.20429
1.2043
1.2043
1.20431
1.20431
1.20431
1.20432
1.20431
1.2043
1.20427
1.20428
1.20428
1.20429
1.2043
1.20431
1.20431
1.20431
1.2043
1.20425
1.20424
1.20425
1.20426
1.20428
1.20429
1.20429
1.2043
1.2043
1.20427
1.20393
1.20432
1.20432
1.20432
1.20432
1.20432
1.20432
1.20432
1.20432
1.20432
1.20432
1.20432
1.20432
1.20432
1.20432
1.20432
1.20432
1.20432
1.20432
1.20432
1.20432
1.20432
1.20432
1.20432
1.20432
1.20432
1.20432
1.20432
1.20432
1.20432
1.20432
1.20432
1.20432
1.20432
1.20432
1.20432
1.20432
1.20432
1.20432
1.20432
1.20432
1.20432
1.20432
1.20432
1.20432
1.20432
1.20432
1.20432
1.20432
1.20432
1.20432
1.20432
1.20431
1.20431
1.20432
1.20432
1.20432
1.20432
1.20432
1.20432
1.20432
1.20431
1.20431
1.20431
1.20431
1.20431
1.20432
1.20432
1.20432
1.20432
1.20432
1.2043
1.2043
1.2043
1.2043
1.20431
1.20431
1.20432
1.20432
1.20431
1.2043
1.20428
1.20428
1.20429
1.20429
1.2043
1.20431
1.20431
1.20431
1.2043
1.20426
1.20425
1.20425
1.20427
1.20428
1.20429
1.2043
1.2043
1.2043
1.20427
1.20395
1.20432
1.20432
1.20432
1.20432
1.20432
1.20432
1.20432
1.20432
1.20432
1.20432
1.20432
1.20432
1.20432
1.20432
1.20432
1.20432
1.20432
1.20432
1.20432
1.20432
1.20432
1.20432
1.20432
1.20432
1.20432
1.20432
1.20432
1.20432
1.20432
1.20432
1.20432
1.20432
1.20432
1.20432
1.20432
1.20432
1.20432
1.20432
1.20432
1.20432
1.20432
1.20432
1.20432
1.20432
1.20432
1.20432
1.20432
1.20432
1.20432
1.20432
1.20432
1.20431
1.20431
1.20432
1.20432
1.20432
1.20432
1.20432
1.20432
1.20432
1.20431
1.20431
1.20431
1.20431
1.20432
1.20432
1.20432
1.20432
1.20432
1.20432
1.20431
1.2043
1.2043
1.20431
1.20431
1.20431
1.20432
1.20432
1.20432
1.20431
1.20429
1.20428
1.20429
1.2043
1.2043
1.20431
1.20431
1.20431
1.20431
1.20426
1.20426
1.20426
1.20427
1.20428
1.20429
1.2043
1.20431
1.20431
1.20428
1.20396
1.20432
1.20432
1.20432
1.20432
1.20432
1.20432
1.20432
1.20432
1.20432
1.20432
1.20432
1.20432
1.20432
1.20432
1.20432
1.20432
1.20432
1.20432
1.20432
1.20432
1.20432
1.20432
1.20432
1.20432
1.20432
1.20432
1.20432
1.20432
1.20432
1.20432
1.20432
1.20432
1.20432
1.20432
1.20432
1.20432
1.20432
1.20432
1.20432
1.20432
1.20432
1.20432
1.20432
1.20432
1.20432
1.20432
1.20432
1.20432
1.20432
1.20432
1.20432
1.20431
1.20431
1.20432
1.20432
1.20432
1.20432
1.20432
1.20432
1.20432
1.20431
1.20431
1.20431
1.20431
1.20432
1.20432
1.20432
1.20432
1.20432
1.20432
1.20431
1.2043
1.2043
1.20431
1.20431
1.20431
1.20432
1.20432
1.20432
1.20431
1.20429
1.20429
1.20429
1.2043
1.2043
1.20431
1.20431
1.20431
1.20431
1.20427
1.20426
1.20426
1.20427
1.20428
1.20429
1.2043
1.20431
1.20431
1.20428
1.20397
1.20432
1.20432
1.20432
1.20432
1.20432
1.20432
1.20432
1.20432
1.20432
1.20432
1.20432
1.20432
1.20432
1.20432
1.20432
1.20432
1.20432
1.20432
1.20432
1.20432
1.20432
1.20432
1.20432
1.20432
1.20432
1.20432
1.20432
1.20432
1.20432
1.20432
1.20432
1.20432
1.20432
1.20432
1.20431
1.20432
1.20432
1.20432
1.20432
1.20432
1.20431
1.20431
1.20431
1.20431
1.20431
1.20431
1.20431
1.20431
1.20431
1.20431
1.20431
1.2043
1.2043
1.2043
1.2043
1.2043
1.2043
1.2043
1.2043
1.20429
1.20429
1.20429
1.20427
1.20427
1.20428
1.20428
1.20428
1.20428
1.20427
1.20426
1.20425
1.20425
1.20424
1.20424
1.20425
1.20425
1.20425
1.20424
1.20423
1.20421
1.20415
1.20415
1.20418
1.2042
1.2042
1.2042
1.20419
1.20417
1.20415
1.20412
1.20383
1.20402
1.2041
1.20413
1.20414
1.20413
1.20411
1.20408
1.20404
1.204
1.20432
1.20432
1.20432
1.20432
1.20432
1.20432
1.20432
1.20432
1.20432
1.20432
1.20432
1.20432
1.20432
1.20432
1.20432
1.20432
1.20432
1.20432
1.20432
1.20432
1.20432
1.20432
1.20432
1.20432
1.20432
1.20432
1.20432
1.20432
1.20432
1.20432
1.20431
1.20431
1.20432
1.20432
1.20432
1.20432
1.20432
1.20432
1.20432
1.20431
1.20431
1.20431
1.20431
1.20431
1.20431
1.20431
1.20431
1.20431
1.20431
1.20431
1.20429
1.2043
1.2043
1.2043
1.2043
1.2043
1.2043
1.2043
1.2043
1.20429
1.20427
1.20428
1.20428
1.20429
1.20429
1.20429
1.20428
1.20428
1.20428
1.20427
1.20422
1.20424
1.20426
1.20426
1.20426
1.20426
1.20426
1.20425
1.20424
1.20422
1.2041
1.20418
1.20421
1.20422
1.20423
1.20422
1.20421
1.20419
1.20417
1.20415
1.20377
1.20407
1.20415
1.20417
1.20417
1.20417
1.20415
1.20411
1.20408
1.20405
1.20432
1.20432
1.20432
1.20432
1.20432
1.20432
1.20432
1.20432
1.20432
1.20432
1.20432
1.20432
1.20432
1.20432
1.20432
1.20432
1.20432
1.20432
1.20432
1.20432
1.20432
1.20432
1.20432
1.20432
1.20432
1.20432
1.20432
1.20432
1.20432
1.20432
1.20431
1.20432
1.20432
1.20432
1.20432
1.20432
1.20432
1.20432
1.20431
1.20431
1.20431
1.20431
1.20431
1.20431
1.20431
1.20431
1.20431
1.20431
1.20431
1.20431
1.2043
1.2043
1.2043
1.2043
1.2043
1.2043
1.2043
1.2043
1.2043
1.20429
1.20427
1.20429
1.20429
1.20429
1.20429
1.20429
1.20429
1.20428
1.20428
1.20427
1.20423
1.20426
1.20427
1.20427
1.20427
1.20427
1.20426
1.20425
1.20424
1.20423
1.20414
1.20421
1.20424
1.20424
1.20424
1.20424
1.20423
1.20421
1.20419
1.20417
1.20383
1.20412
1.20418
1.2042
1.2042
1.20419
1.20417
1.20415
1.20412
1.20408
1.20432
1.20432
1.20432
1.20432
1.20432
1.20432
1.20432
1.20432
1.20432
1.20432
1.20432
1.20432
1.20432
1.20432
1.20432
1.20432
1.20432
1.20432
1.20432
1.20432
1.20432
1.20432
1.20432
1.20432
1.20432
1.20432
1.20432
1.20432
1.20432
1.20432
1.20431
1.20432
1.20432
1.20432
1.20432
1.20432
1.20432
1.20431
1.20431
1.20431
1.20431
1.20431
1.20431
1.20431
1.20431
1.20431
1.20431
1.20431
1.20431
1.2043
1.2043
1.20431
1.20431
1.20431
1.20431
1.2043
1.2043
1.2043
1.2043
1.20429
1.20428
1.20429
1.2043
1.2043
1.2043
1.20429
1.20429
1.20428
1.20428
1.20427
1.20425
1.20427
1.20428
1.20428
1.20428
1.20428
1.20427
1.20426
1.20425
1.20423
1.20416
1.20424
1.20426
1.20426
1.20426
1.20425
1.20424
1.20422
1.2042
1.20418
1.20387
1.20416
1.20421
1.20422
1.20422
1.20421
1.2042
1.20417
1.20415
1.20411
1.20432
1.20432
1.20432
1.20432
1.20432
1.20432
1.20432
1.20432
1.20432
1.20432
1.20432
1.20432
1.20432
1.20432
1.20432
1.20432
1.20432
1.20432
1.20432
1.20432
1.20432
1.20432
1.20432
1.20432
1.20432
1.20432
1.20432
1.20432
1.20432
1.20432
1.20432
1.20432
1.20432
1.20432
1.20432
1.20432
1.20432
1.20431
1.20431
1.20431
1.20431
1.20432
1.20432
1.20432
1.20431
1.20431
1.20431
1.20431
1.20431
1.2043
1.20431
1.20431
1.20431
1.20431
1.20431
1.20431
1.2043
1.2043
1.2043
1.20429
1.20429
1.2043
1.2043
1.2043
1.2043
1.2043
1.20429
1.20428
1.20428
1.20427
1.20426
1.20428
1.20429
1.20429
1.20429
1.20428
1.20427
1.20426
1.20425
1.20424
1.20418
1.20425
1.20427
1.20427
1.20427
1.20426
1.20425
1.20423
1.20421
1.20419
1.20389
1.20419
1.20424
1.20424
1.20424
1.20423
1.20421
1.20419
1.20416
1.20413
1.20432
1.20432
1.20432
1.20432
1.20432
1.20432
1.20432
1.20432
1.20432
1.20432
1.20432
1.20432
1.20432
1.20432
1.20432
1.20432
1.20432
1.20432
1.20432
1.20432
1.20432
1.20432
1.20432
1.20432
1.20432
1.20432
1.20432
1.20432
1.20432
1.20432
1.20432
1.20432
1.20432
1.20432
1.20432
1.20432
1.20432
1.20431
1.20431
1.20432
1.20431
1.20432
1.20432
1.20432
1.20432
1.20431
1.20431
1.20431
1.20431
1.20431
1.20431
1.20431
1.20431
1.20431
1.20431
1.20431
1.2043
1.2043
1.2043
1.20429
1.2043
1.20431
1.20431
1.20431
1.2043
1.2043
1.20429
1.20429
1.20428
1.20427
1.20427
1.20429
1.2043
1.2043
1.20429
1.20429
1.20428
1.20427
1.20426
1.20424
1.20419
1.20426
1.20428
1.20428
1.20427
1.20427
1.20426
1.20424
1.20422
1.2042
1.2039
1.20421
1.20425
1.20425
1.20425
1.20424
1.20422
1.2042
1.20418
1.20415
1.20432
1.20432
1.20432
1.20432
1.20432
1.20432
1.20432
1.20432
1.20432
1.20432
1.20432
1.20432
1.20432
1.20432
1.20432
1.20432
1.20432
1.20432
1.20432
1.20432
1.20432
1.20432
1.20432
1.20432
1.20432
1.20432
1.20432
1.20432
1.20432
1.20432
1.20432
1.20432
1.20432
1.20432
1.20432
1.20432
1.20432
1.20432
1.20431
1.20432
1.20432
1.20432
1.20432
1.20432
1.20432
1.20431
1.20431
1.20431
1.20431
1.20431
1.20431
1.20431
1.20432
1.20431
1.20431
1.20431
1.20431
1.2043
1.2043
1.2043
1.2043
1.20431
1.20431
1.20431
1.20431
1.2043
1.2043
1.20429
1.20429
1.20428
1.20428
1.2043
1.2043
1.2043
1.2043
1.20429
1.20428
1.20427
1.20426
1.20425
1.2042
1.20427
1.20429
1.20429
1.20428
1.20427
1.20426
1.20425
1.20423
1.20421
1.2039
1.20422
1.20426
1.20426
1.20426
1.20425
1.20424
1.20422
1.20419
1.20417
1.20432
1.20432
1.20432
1.20432
1.20432
1.20432
1.20432
1.20432
1.20432
1.20432
1.20432
1.20432
1.20432
1.20432
1.20432
1.20432
1.20432
1.20432
1.20432
1.20432
1.20432
1.20432
1.20432
1.20432
1.20432
1.20432
1.20432
1.20432
1.20432
1.20432
1.20432
1.20432
1.20432
1.20432
1.20432
1.20432
1.20432
1.20432
1.20432
1.20432
1.20432
1.20432
1.20432
1.20432
1.20432
1.20432
1.20431
1.20431
1.20431
1.20431
1.20431
1.20432
1.20432
1.20432
1.20431
1.20431
1.20431
1.2043
1.2043
1.2043
1.2043
1.20431
1.20431
1.20431
1.20431
1.2043
1.2043
1.20429
1.20429
1.20429
1.20428
1.2043
1.20431
1.2043
1.2043
1.20429
1.20429
1.20428
1.20427
1.20426
1.20421
1.20428
1.20429
1.20429
1.20429
1.20428
1.20427
1.20426
1.20424
1.20423
1.2039
1.20423
1.20427
1.20427
1.20427
1.20426
1.20425
1.20423
1.2042
1.20418
1.20432
1.20432
1.20432
1.20432
1.20432
1.20432
1.20432
1.20432
1.20432
1.20432
1.20432
1.20432
1.20432
1.20432
1.20432
1.20432
1.20432
1.20432
1.20432
1.20432
1.20432
1.20432
1.20432
1.20432
1.20432
1.20432
1.20432
1.20432
1.20432
1.20432
1.20432
1.20432
1.20432
1.20432
1.20432
1.20432
1.20432
1.20432
1.20432
1.20432
1.20432
1.20432
1.20432
1.20432
1.20432
1.20432
1.20431
1.20431
1.20431
1.20432
1.20432
1.20432
1.20432
1.20432
1.20432
1.20431
1.20431
1.20431
1.20431
1.20431
1.20431
1.20431
1.20431
1.20431
1.20431
1.20431
1.2043
1.2043
1.2043
1.20429
1.20429
1.20431
1.20431
1.20431
1.2043
1.2043
1.20429
1.20429
1.20428
1.20427
1.20422
1.20429
1.2043
1.2043
1.20429
1.20429
1.20428
1.20427
1.20425
1.20424
1.2039
1.20424
1.20428
1.20428
1.20428
1.20427
1.20425
1.20424
1.20422
1.2042
1.20432
1.20432
1.20432
1.20432
1.20432
1.20432
1.20432
1.20432
1.20432
1.20432
1.20432
1.20432
1.20432
1.20432
1.20432
1.20432
1.20432
1.20432
1.20432
1.20432
1.20432
1.20432
1.20432
1.20432
1.20432
1.20432
1.20432
1.20432
1.20432
1.20432
1.20432
1.20432
1.20432
1.20432
1.20432
1.20432
1.20432
1.20432
1.20432
1.20432
1.20432
1.20432
1.20432
1.20432
1.20432
1.20432
1.20432
1.20431
1.20431
1.20432
1.20432
1.20432
1.20432
1.20432
1.20432
1.20431
1.20431
1.20431
1.20431
1.20431
1.20431
1.20432
1.20432
1.20432
1.20431
1.20431
1.20431
1.2043
1.2043
1.2043
1.20429
1.20431
1.20431
1.20431
1.20431
1.2043
1.2043
1.20429
1.20428
1.20428
1.20423
1.20429
1.2043
1.2043
1.2043
1.20429
1.20428
1.20427
1.20426
1.20425
1.2039
1.20425
1.20429
1.20429
1.20428
1.20427
1.20426
1.20425
1.20423
1.20421
1.20432
1.20432
1.20432
1.20432
1.20432
1.20432
1.20432
1.20432
1.20432
1.20432
1.20432
1.20432
1.20432
1.20432
1.20432
1.20432
1.20432
1.20432
1.20432
1.20432
1.20432
1.20432
1.20432
1.20432
1.20432
1.20432
1.20432
1.20432
1.20432
1.20432
1.20432
1.20432
1.20432
1.20432
1.20432
1.20432
1.20432
1.20432
1.20432
1.20432
1.20432
1.20432
1.20432
1.20432
1.20432
1.20432
1.20432
1.20432
1.20432
1.20432
1.20432
1.20432
1.20432
1.20432
1.20432
1.20432
1.20431
1.20431
1.20431
1.20431
1.20431
1.20432
1.20432
1.20432
1.20431
1.20431
1.20431
1.20431
1.2043
1.20431
1.2043
1.20431
1.20431
1.20431
1.20431
1.20431
1.2043
1.20429
1.20429
1.20429
1.20424
1.2043
1.20431
1.20431
1.2043
1.2043
1.20429
1.20428
1.20427
1.20426
1.20391
1.20426
1.20429
1.20429
1.20429
1.20428
1.20427
1.20426
1.20424
1.20423
1.20432
1.20432
1.20432
1.20432
1.20432
1.20432
1.20432
1.20432
1.20432
1.20432
1.20432
1.20432
1.20432
1.20432
1.20432
1.20432
1.20432
1.20432
1.20432
1.20432
1.20432
1.20432
1.20432
1.20432
1.20432
1.20432
1.20432
1.20432
1.20432
1.20432
1.20432
1.20432
1.20432
1.20432
1.20432
1.20432
1.20432
1.20432
1.20432
1.20432
1.20432
1.20432
1.20432
1.20432
1.20432
1.20432
1.20432
1.20432
1.20432
1.20432
1.20432
1.20432
1.20432
1.20432
1.20432
1.20432
1.20431
1.20431
1.20431
1.20432
1.20431
1.20432
1.20432
1.20432
1.20432
1.20431
1.20431
1.20431
1.20431
1.20431
1.2043
1.20431
1.20432
1.20431
1.20431
1.20431
1.2043
1.2043
1.2043
1.2043
1.20425
1.2043
1.20431
1.20431
1.20431
1.2043
1.20429
1.20428
1.20428
1.20428
1.20393
1.20427
1.2043
1.2043
1.20429
1.20429
1.20428
1.20426
1.20425
1.20424
1.20432
1.20432
1.20432
1.20432
1.20432
1.20432
1.20432
1.20432
1.20432
1.20432
1.20432
1.20432
1.20432
1.20432
1.20432
1.20432
1.20432
1.20432
1.20432
1.20432
1.20432
1.20432
1.20432
1.20432
1.20432
1.20432
1.20432
1.20432
1.20432
1.20432
1.20432
1.20432
1.20432
1.20432
1.20432
1.20432
1.20432
1.20432
1.20432
1.20432
1.20432
1.20432
1.20432
1.20432
1.20432
1.20432
1.20432
1.20432
1.20432
1.20432
1.20432
1.20432
1.20432
1.20432
1.20432
1.20432
1.20432
1.20431
1.20431
1.20432
1.20432
1.20432
1.20432
1.20432
1.20432
1.20431
1.20431
1.20431
1.20431
1.20431
1.2043
1.20431
1.20432
1.20432
1.20431
1.20431
1.2043
1.2043
1.2043
1.2043
1.20426
1.2043
1.20431
1.20431
1.20431
1.2043
1.2043
1.20429
1.20428
1.20429
1.20395
1.20427
1.2043
1.2043
1.2043
1.20429
1.20428
1.20427
1.20425
1.20425
1.20432
1.20432
1.20432
1.20432
1.20432
1.20432
1.20432
1.20432
1.20432
1.20432
1.20432
1.20432
1.20432
1.20432
1.20432
1.20432
1.20432
1.20432
1.20432
1.20432
1.20432
1.20432
1.20432
1.20432
1.20432
1.20432
1.20432
1.20432
1.20432
1.20432
1.20432
1.20432
1.20432
1.20432
1.20432
1.20432
1.20432
1.20432
1.20432
1.20432
1.20432
1.20432
1.20432
1.20432
1.20432
1.20432
1.20432
1.20432
1.20432
1.20432
1.20432
1.20432
1.20432
1.20432
1.20432
1.20432
1.20432
1.20431
1.20431
1.20432
1.20432
1.20432
1.20432
1.20432
1.20432
1.20432
1.20431
1.20431
1.20431
1.20431
1.20431
1.20432
1.20432
1.20432
1.20431
1.20431
1.20431
1.2043
1.2043
1.20431
1.20426
1.20431
1.20431
1.20431
1.20431
1.2043
1.2043
1.20429
1.20428
1.20429
1.20396
1.20428
1.20431
1.20431
1.2043
1.20429
1.20428
1.20427
1.20426
1.20426
1.20432
1.20432
1.20432
1.20432
1.20432
1.20432
1.20432
1.20432
1.20432
1.20432
1.20432
1.20432
1.20432
1.20432
1.20432
1.20432
1.20432
1.20432
1.20432
1.20432
1.20432
1.20432
1.20432
1.20432
1.20432
1.20432
1.20432
1.20432
1.20432
1.20432
1.20432
1.20432
1.20432
1.20432
1.20432
1.20432
1.20432
1.20432
1.20432
1.20432
1.20432
1.20432
1.20432
1.20432
1.20432
1.20432
1.20432
1.20432
1.20432
1.20432
1.20432
1.20432
1.20432
1.20432
1.20432
1.20432
1.20432
1.20431
1.20431
1.20432
1.20432
1.20432
1.20432
1.20432
1.20432
1.20432
1.20431
1.20431
1.20431
1.20431
1.20431
1.20432
1.20432
1.20432
1.20431
1.20431
1.20431
1.2043
1.2043
1.20431
1.20427
1.20431
1.20431
1.20431
1.20431
1.2043
1.2043
1.20429
1.20429
1.20429
1.20397
1.20428
1.20431
1.20431
1.2043
1.20429
1.20428
1.20427
1.20426
1.20426
)
;

boundaryField
{
    left_open
    {
        type            calculated;
        value           nonuniform List<scalar> 
420
(
1.20432
1.20432
1.20432
1.20432
1.20431
1.20429
1.20426
1.20421
1.20412
1.20401
1.20432
1.20432
1.20432
1.20431
1.20431
1.20429
1.20427
1.20422
1.20415
1.20405
1.20432
1.20432
1.20432
1.20431
1.20431
1.20429
1.20427
1.20423
1.20417
1.20409
1.20432
1.20432
1.20432
1.20431
1.2043
1.20429
1.20427
1.20423
1.20418
1.20411
1.20432
1.20432
1.20432
1.20432
1.2043
1.20429
1.20427
1.20424
1.20419
1.20413
1.20432
1.20432
1.20432
1.20432
1.20432
1.20429
1.20427
1.20424
1.2042
1.20415
1.20432
1.20432
1.20432
1.20432
1.20432
1.2043
1.20428
1.20425
1.20421
1.20417
1.20432
1.20432
1.20432
1.20432
1.20432
1.20432
1.20429
1.20426
1.20422
1.20418
1.20432
1.20432
1.20432
1.20432
1.20432
1.20432
1.20429
1.20427
1.20424
1.2042
1.20432
1.20432
1.20432
1.20432
1.20432
1.20432
1.20432
1.20428
1.20425
1.20421
1.20432
1.20432
1.20432
1.20432
1.20432
1.20432
1.20432
1.20429
1.20426
1.20423
1.20432
1.20432
1.20432
1.20432
1.20432
1.20432
1.20432
1.20432
1.20427
1.20424
1.20432
1.20432
1.20432
1.20432
1.20432
1.20432
1.20432
1.20432
1.20429
1.20425
1.20432
1.20432
1.20432
1.20432
1.20432
1.20432
1.20432
1.20432
1.20432
1.20426
1.20432
1.20432
1.20432
1.20432
1.20432
1.20432
1.20432
1.20432
1.20432
1.20426
1.20394
1.20398
1.20403
1.20407
1.2041
1.20412
1.20413
1.20415
1.20417
1.20418
1.2042
1.20421
1.20422
1.20423
1.20423
1.20392
1.2039
1.20388
1.20386
1.20385
1.20383
1.20382
1.20396
1.20394
1.20393
1.20391
1.20389
1.20388
1.20387
1.20402
1.204
1.20398
1.20397
1.20395
1.20394
1.20393
1.20405
1.20404
1.20403
1.20401
1.204
1.20399
1.20397
1.20408
1.20407
1.20406
1.20404
1.20403
1.20402
1.20401
1.2041
1.20409
1.20408
1.20407
1.20406
1.20404
1.20403
1.20412
1.20411
1.2041
1.20409
1.20408
1.20407
1.20405
1.20414
1.20413
1.20412
1.20411
1.2041
1.20409
1.20408
1.20416
1.20415
1.20414
1.20413
1.20412
1.2041
1.20409
1.20417
1.20416
1.20415
1.20414
1.20413
1.20412
1.20411
1.20419
1.20418
1.20417
1.20416
1.20415
1.20414
1.20413
1.2042
1.20419
1.20418
1.20417
1.20416
1.20415
1.20414
1.20421
1.2042
1.20419
1.20418
1.20417
1.20416
1.20415
1.20422
1.20421
1.2042
1.20419
1.20418
1.20417
1.20416
1.20422
1.20421
1.2042
1.20419
1.20418
1.20417
1.20416
1.20377
1.20372
1.20366
1.2036
1.20431
1.20349
1.20346
1.2043
1.20346
1.2035
1.20381
1.20375
1.20368
1.2036
1.20352
1.20345
1.20341
1.2043
1.20341
1.20346
1.20386
1.2038
1.2037
1.20431
1.2035
1.20342
1.20337
1.20335
1.20336
1.20343
1.20391
1.20383
1.20372
1.2036
1.20431
1.20338
1.20332
1.2043
1.20329
1.20338
1.20394
1.20386
1.20431
1.20358
1.20431
1.20332
1.20431
1.2043
1.20322
1.2033
1.20397
1.20388
1.20373
1.20356
1.2034
1.20431
1.20317
1.20313
1.20314
1.20323
1.20399
1.20389
1.20431
1.20431
1.20335
1.2032
1.20309
1.20303
1.20306
1.20316
1.20402
1.2039
1.20373
1.20353
1.20431
1.20313
1.20431
1.20295
1.20296
1.20309
1.20404
1.20431
1.20372
1.20351
1.20329
1.20431
1.20293
1.2043
1.20287
1.20302
1.20405
1.20391
1.20431
1.20431
1.20431
1.20302
1.20431
1.20277
1.2043
1.20295
1.20406
1.20392
1.20431
1.20347
1.20321
1.20431
1.20279
1.2043
1.2027
1.20289
1.20408
1.20393
1.20431
1.20431
1.2032
1.20431
1.20431
1.2043
1.20263
1.20283
1.20408
1.20431
1.20372
1.20346
1.20431
1.20291
1.20268
1.2043
1.20257
1.20278
1.20409
1.20431
1.20372
1.20346
1.20318
1.20289
1.20265
1.20251
1.2043
1.20275
1.20409
1.20431
1.20371
1.20431
1.20431
1.20431
1.20264
1.20249
1.20249
1.20273
)
;
    }
    right_open
    {
        type            calculated;
        value           nonuniform List<scalar> 
420
(
1.20432
1.20432
1.20432
1.20432
1.20431
1.20429
1.20426
1.20421
1.20412
1.204
1.20432
1.20432
1.20432
1.20431
1.20431
1.20429
1.20427
1.20422
1.20415
1.20404
1.20432
1.20432
1.20432
1.20431
1.20431
1.20429
1.20427
1.20423
1.20417
1.20408
1.20432
1.20432
1.20432
1.20431
1.2043
1.20429
1.20427
1.20423
1.20418
1.20411
1.20432
1.20432
1.20432
1.20432
1.2043
1.20429
1.20427
1.20424
1.20419
1.20413
1.20432
1.20432
1.20432
1.20432
1.20432
1.20429
1.20427
1.20424
1.2042
1.20415
1.20432
1.20432
1.20432
1.20432
1.20432
1.2043
1.20428
1.20425
1.20421
1.20417
1.20432
1.20432
1.20432
1.20432
1.20432
1.20432
1.20429
1.20426
1.20423
1.20418
1.20432
1.20432
1.20432
1.20432
1.20432
1.20432
1.20429
1.20427
1.20424
1.2042
1.20432
1.20432
1.20432
1.20432
1.20432
1.20432
1.20432
1.20428
1.20425
1.20421
1.20432
1.20432
1.20432
1.20432
1.20432
1.20432
1.20432
1.20432
1.20426
1.20423
1.20432
1.20432
1.20432
1.20432
1.20432
1.20432
1.20432
1.20432
1.20428
1.20424
1.20432
1.20432
1.20432
1.20432
1.20432
1.20432
1.20432
1.20432
1.20432
1.20425
1.20432
1.20432
1.20432
1.20432
1.20432
1.20432
1.20432
1.20432
1.20432
1.20426
1.20432
1.20432
1.20432
1.20432
1.20432
1.20432
1.20432
1.20432
1.20432
1.20426
1.20394
1.20398
1.20403
1.20407
1.2041
1.20412
1.20413
1.20415
1.20417
1.20418
1.2042
1.20421
1.20422
1.20423
1.20423
1.20392
1.2039
1.20388
1.20386
1.20385
1.20383
1.20382
1.20396
1.20394
1.20393
1.20391
1.20389
1.20388
1.20387
1.20402
1.204
1.20398
1.20397
1.20395
1.20394
1.20393
1.20405
1.20404
1.20403
1.20401
1.204
1.20399
1.20397
1.20408
1.20407
1.20406
1.20404
1.20403
1.20402
1.20401
1.2041
1.20409
1.20408
1.20407
1.20406
1.20404
1.20403
1.20412
1.20411
1.2041
1.20409
1.20408
1.20407
1.20405
1.20414
1.20413
1.20412
1.20411
1.2041
1.20409
1.20408
1.20416
1.20415
1.20414
1.20413
1.20412
1.20411
1.2041
1.20417
1.20416
1.20415
1.20414
1.20413
1.20412
1.20411
1.20419
1.20418
1.20417
1.20416
1.20415
1.20414
1.20413
1.2042
1.20419
1.20418
1.20417
1.20416
1.20415
1.20414
1.20421
1.2042
1.20419
1.20418
1.20417
1.20416
1.20415
1.20422
1.20421
1.2042
1.20419
1.20418
1.20417
1.20416
1.20423
1.20422
1.20421
1.20419
1.20418
1.20417
1.20416
1.20377
1.20372
1.20366
1.2036
1.20354
1.20431
1.20346
1.2043
1.20346
1.20349
1.20381
1.20375
1.20367
1.2036
1.20431
1.20345
1.20341
1.20339
1.20341
1.20347
1.20386
1.2038
1.2037
1.2036
1.20431
1.20342
1.20337
1.20334
1.20336
1.20342
1.20391
1.20383
1.20431
1.20359
1.20348
1.20338
1.20331
1.20328
1.2033
1.20337
1.20394
1.20386
1.20373
1.20358
1.20431
1.20431
1.20325
1.20321
1.20322
1.20332
1.20397
1.20388
1.20373
1.20356
1.20431
1.20326
1.20431
1.20313
1.20314
1.20325
1.20399
1.20389
1.20431
1.20431
1.20335
1.20431
1.20309
1.20304
1.20306
1.20318
1.20401
1.2039
1.20373
1.20352
1.20431
1.20314
1.20301
1.2043
1.2043
1.20311
1.20403
1.20431
1.20372
1.20431
1.20431
1.20308
1.20431
1.20286
1.20288
1.2043
1.20405
1.20391
1.20431
1.20349
1.20431
1.20302
1.20286
1.20277
1.2043
1.20295
1.20407
1.20431
1.20431
1.20347
1.20431
1.20431
1.20279
1.2043
1.2027
1.2029
1.20408
1.20431
1.20371
1.20346
1.20319
1.20293
1.20431
1.2043
1.20262
1.20284
1.20409
1.20431
1.20372
1.20431
1.20431
1.20431
1.20268
1.20255
1.20257
1.20279
1.20409
1.20431
1.20372
1.20346
1.20317
1.20288
1.20431
1.2043
1.20253
1.20275
1.2041
1.20394
1.20431
1.20431
1.20431
1.20288
1.20431
1.20249
1.2043
1.20272
)
;
    }
    lower_side
    {
        type            calculated;
        value           nonuniform List<scalar> 
300
(
1.20432
1.20432
1.20432
1.20432
1.20431
1.20431
1.20429
1.20425
1.20415
1.20383
1.20432
1.20432
1.20432
1.20431
1.20431
1.20429
1.20427
1.20422
1.20411
1.20377
1.20432
1.20432
1.20432
1.20431
1.20431
1.2043
1.20428
1.20423
1.20414
1.20383
1.20432
1.20432
1.20432
1.20432
1.20431
1.2043
1.20428
1.20425
1.20416
1.20387
1.20432
1.20432
1.20432
1.20432
1.20431
1.20431
1.20429
1.20426
1.20418
1.20389
1.20432
1.20432
1.20432
1.20432
1.20431
1.20431
1.2043
1.20427
1.20419
1.2039
1.20432
1.20432
1.20432
1.20432
1.20432
1.20431
1.2043
1.20428
1.2042
1.2039
1.20432
1.20432
1.20432
1.20432
1.20432
1.20431
1.2043
1.20428
1.20421
1.2039
1.20432
1.20432
1.20432
1.20432
1.20432
1.20432
1.20431
1.20429
1.20422
1.2039
1.20432
1.20432
1.20432
1.20432
1.20432
1.20432
1.20431
1.20429
1.20423
1.2039
1.20432
1.20432
1.20432
1.20432
1.20432
1.20432
1.20431
1.2043
1.20424
1.20391
1.20432
1.20432
1.20432
1.20432
1.20432
1.20432
1.20431
1.2043
1.20425
1.20393
1.20432
1.20432
1.20432
1.20432
1.20432
1.20432
1.20432
1.2043
1.20426
1.20395
1.20432
1.20432
1.20432
1.20432
1.20432
1.20432
1.20432
1.20431
1.20426
1.20396
1.20432
1.20432
1.20432
1.20432
1.20432
1.20432
1.20432
1.20431
1.20427
1.20397
1.20432
1.20432
1.20432
1.20432
1.20431
1.20431
1.20429
1.20425
1.20415
1.20383
1.20432
1.20432
1.20432
1.20431
1.20431
1.20429
1.20427
1.20422
1.2041
1.20377
1.20432
1.20432
1.20432
1.20431
1.20431
1.2043
1.20427
1.20423
1.20414
1.20383
1.20432
1.20432
1.20432
1.20431
1.20431
1.2043
1.20428
1.20425
1.20416
1.20387
1.20432
1.20432
1.20432
1.20432
1.20431
1.20431
1.20429
1.20426
1.20418
1.20389
1.20432
1.20432
1.20432
1.20432
1.20431
1.20431
1.2043
1.20427
1.20419
1.2039
1.20432
1.20432
1.20432
1.20432
1.20432
1.20431
1.2043
1.20428
1.2042
1.2039
1.20432
1.20432
1.20432
1.20432
1.20432
1.20431
1.2043
1.20428
1.20421
1.2039
1.20432
1.20432
1.20432
1.20432
1.20432
1.20432
1.20431
1.20429
1.20422
1.2039
1.20432
1.20432
1.20432
1.20432
1.20432
1.20432
1.20431
1.20429
1.20423
1.2039
1.20432
1.20432
1.20432
1.20432
1.20432
1.20432
1.20431
1.2043
1.20424
1.20391
1.20432
1.20432
1.20432
1.20432
1.20432
1.20432
1.20431
1.2043
1.20425
1.20393
1.20432
1.20432
1.20432
1.20432
1.20432
1.20432
1.20432
1.2043
1.20426
1.20395
1.20432
1.20432
1.20432
1.20432
1.20432
1.20432
1.20432
1.20431
1.20426
1.20396
1.20432
1.20432
1.20432
1.20432
1.20432
1.20432
1.20432
1.20431
1.20427
1.20397
)
;
    }
    bottom
    {
        type            calculated;
        value           uniform 1.20432;
    }
    top
    {
        type            calculated;
        value           nonuniform List<scalar> 
465
(
1.2035
1.20346
1.20343
1.20338
1.2033
1.2043
1.2043
1.20309
1.20302
1.20295
1.20289
1.2043
1.20278
1.20275
1.20273
1.2035
1.20348
1.20344
1.20338
1.20332
1.20324
1.20317
1.20308
1.2043
1.2029
1.2043
1.20273
1.20266
1.20259
1.20256
1.20354
1.20352
1.20347
1.20341
1.20334
1.2043
1.20317
1.20307
1.2043
1.2043
1.20275
1.20264
1.2043
1.20246
1.2024
1.20356
1.20353
1.20348
1.20341
1.20333
1.2043
1.20313
1.20302
1.20291
1.2028
1.20266
1.20252
1.2043
1.20229
1.2043
1.20358
1.20354
1.20347
1.2043
1.20329
1.20319
1.20306
1.2043
1.20281
1.2043
1.20254
1.20237
1.20219
1.2043
1.20195
1.20359
1.20354
1.20345
1.2043
1.20324
1.20312
1.20298
1.2043
1.20268
1.20255
1.2043
1.2043
1.20193
1.2043
1.20158
1.2036
1.20352
1.2043
1.20332
1.2043
1.20304
1.2043
1.2043
1.2043
1.20235
1.20212
1.2043
1.2043
1.2043
1.2043
1.2036
1.20351
1.20339
1.20326
1.2031
1.20294
1.2043
1.20258
1.20236
1.2043
1.20185
1.2043
1.2043
1.2043
1.2043
1.20359
1.20348
1.2043
1.20319
1.2043
1.20281
1.20262
1.2024
1.20216
1.2043
1.2043
1.20119
1.2043
1.20037
1.19998
1.20358
1.20347
1.20331
1.20312
1.20289
1.20267
1.20246
1.2043
1.20194
1.2043
1.20125
1.2008
1.20023
1.19964
1.2043
1.20358
1.2043
1.2033
1.20308
1.20284
1.20261
1.20238
1.20213
1.20183
1.20148
1.2043
1.20057
1.19992
1.2043
1.19849
1.20358
1.2043
1.2033
1.20308
1.20283
1.2026
1.20237
1.20212
1.20181
1.20146
1.2043
1.20053
1.19988
1.2043
1.19841
1.20358
1.2043
1.2033
1.20308
1.20282
1.2026
1.20236
1.20211
1.2018
1.20144
1.2043
1.2043
1.19985
1.19905
1.19835
1.20358
1.2043
1.20329
1.20307
1.20282
1.20259
1.20235
1.2021
1.20179
1.20143
1.2043
1.2043
1.19983
1.19902
1.19831
1.20358
1.2043
1.2043
1.20307
1.20282
1.20258
1.20235
1.20209
1.20178
1.20142
1.2043
1.2043
1.19981
1.19901
1.19829
1.20358
1.2043
1.2043
1.20307
1.20282
1.20257
1.20235
1.20209
1.20178
1.20142
1.2043
1.2043
1.19981
1.199
1.19829
1.20358
1.20345
1.2043
1.20307
1.20282
1.2043
1.20235
1.20209
1.20178
1.20143
1.2043
1.2043
1.19981
1.19901
1.19829
1.20358
1.20345
1.2043
1.20307
1.20282
1.2043
1.20236
1.2021
1.20179
1.20143
1.2043
1.20047
1.19982
1.19903
1.19832
1.20358
1.20345
1.2043
1.20307
1.20282
1.20258
1.20236
1.20211
1.2018
1.20144
1.2043
1.2005
1.2043
1.19905
1.19836
1.20358
1.2043
1.2043
1.20308
1.20282
1.20259
1.20237
1.20211
1.20181
1.20147
1.2043
1.20054
1.2043
1.1991
1.19842
1.20358
1.2043
1.2043
1.20308
1.20284
1.2026
1.20238
1.20213
1.20183
1.20149
1.20106
1.20057
1.2043
1.19917
1.1985
1.20358
1.20346
1.20331
1.2043
1.2043
1.20267
1.20246
1.20223
1.20194
1.20162
1.20125
1.2043
1.20024
1.19963
1.2043
1.20358
1.20348
1.20335
1.20319
1.2043
1.20281
1.20261
1.2043
1.20216
1.20188
1.2043
1.2043
1.20079
1.2043
1.20003
1.20359
1.2035
1.20339
1.20326
1.20311
1.2043
1.2043
1.20258
1.2043
1.20212
1.2043
1.20154
1.2043
1.2043
1.2043
1.2036
1.2043
1.2043
1.20331
1.2043
1.2043
1.20289
1.2043
1.20253
1.2043
1.2043
1.20187
1.2043
1.2043
1.20118
1.20359
1.20354
1.2043
1.20336
1.20325
1.20312
1.20298
1.20283
1.20267
1.2043
1.20237
1.2043
1.20196
1.2043
1.2043
1.20358
1.20354
1.20347
1.2034
1.20329
1.20319
1.20306
1.2043
1.2043
1.2043
1.20253
1.20237
1.20223
1.2043
1.2043
1.20356
1.20353
1.20348
1.20341
1.2043
1.20324
1.2043
1.2043
1.20292
1.20279
1.20264
1.20251
1.20242
1.2023
1.2043
1.20354
1.20351
1.20347
1.20341
1.20334
1.20326
1.20317
1.20308
1.20298
1.2043
1.20275
1.2043
1.20256
1.2043
1.2043
1.2035
1.20347
1.20343
1.20339
1.20332
1.2043
1.20318
1.20309
1.203
1.20291
1.20282
1.20274
1.20267
1.2043
1.20256
1.20349
1.20347
1.2043
1.20337
1.20332
1.20325
1.20318
1.2031
1.20303
1.2043
1.2029
1.20284
1.20279
1.20275
1.2043
)
;
    }
    end
    {
        type            calculated;
        value           nonuniform List<scalar> 
726
(
1.20432
1.20432
1.20432
1.20432
1.20431
1.20429
1.20426
1.20421
1.20412
1.20401
1.20432
1.20432
1.20432
1.20432
1.20431
1.2043
1.20427
1.20423
1.20415
1.20404
1.20432
1.20432
1.20432
1.20432
1.20431
1.2043
1.20428
1.20424
1.20417
1.20408
1.20432
1.20432
1.20432
1.20432
1.20431
1.2043
1.20428
1.20425
1.20419
1.20411
1.20432
1.20432
1.20432
1.20432
1.20431
1.2043
1.20428
1.20425
1.20421
1.20414
1.20432
1.20432
1.20432
1.20432
1.20431
1.2043
1.20428
1.20425
1.20421
1.20415
1.20432
1.20432
1.20432
1.20432
1.20431
1.2043
1.20428
1.20425
1.2042
1.20414
1.20432
1.20432
1.20432
1.20432
1.20432
1.20432
1.20428
1.20424
1.20418
1.20411
1.20432
1.20432
1.20432
1.20432
1.20432
1.20432
1.20432
1.20432
1.20416
1.20403
1.20432
1.20432
1.20432
1.20432
1.20432
1.20432
1.20432
1.20432
1.20432
1.20432
1.20432
1.20432
1.20432
1.20432
1.20432
1.20432
1.20432
1.20432
1.20432
1.20432
1.20432
1.20432
1.20432
1.20432
1.20432
1.20432
1.20432
1.20432
1.20415
1.20402
1.20432
1.20432
1.20432
1.20432
1.20432
1.20432
1.20427
1.20424
1.20418
1.2041
1.20432
1.20432
1.20432
1.20432
1.20431
1.2043
1.20427
1.20424
1.2042
1.20413
1.20432
1.20432
1.20432
1.20431
1.20431
1.2043
1.20428
1.20425
1.2042
1.20414
1.20432
1.20432
1.20432
1.20432
1.20431
1.2043
1.20428
1.20425
1.2042
1.20413
1.20432
1.20432
1.20432
1.20432
1.20431
1.2043
1.20428
1.20425
1.20419
1.20411
1.20432
1.20432
1.20432
1.20432
1.20431
1.2043
1.20428
1.20424
1.20417
1.20408
1.20432
1.20432
1.20432
1.20432
1.20431
1.2043
1.20427
1.20423
1.20415
1.20404
1.20432
1.20432
1.20432
1.20432
1.20431
1.20429
1.20426
1.20421
1.20412
1.204
1.20394
1.20397
1.20401
1.20406
1.20409
1.2041
1.20409
1.20406
1.20392
1.20432
1.20432
1.20392
1.20405
1.20409
1.20409
1.20408
1.20405
1.20401
1.20397
1.20394
1.20392
1.2039
1.20388
1.20386
1.20385
1.20383
1.20382
1.20395
1.20393
1.20391
1.20389
1.20387
1.20385
1.20384
1.20399
1.20397
1.20395
1.20393
1.20391
1.20389
1.20387
1.20404
1.20402
1.204
1.20398
1.20396
1.20394
1.20392
1.20407
1.20405
1.20403
1.20402
1.204
1.20398
1.20396
1.20408
1.20407
1.20405
1.20404
1.20402
1.204
1.20399
1.20408
1.20406
1.20404
1.20403
1.20401
1.204
1.20398
1.20404
1.20402
1.204
1.20399
1.20397
1.20396
1.20395
1.20389
1.20386
1.20383
1.20381
1.20379
1.20378
1.20378
1.20432
1.20432
1.20432
1.20432
1.20432
1.20432
1.20432
1.20432
1.20432
1.20432
1.20432
1.20432
1.20432
1.20432
1.20432
1.20432
1.20432
1.20432
1.20432
1.20432
1.20432
1.20432
1.20432
1.20432
1.20432
1.20432
1.20432
1.20432
1.20432
1.20432
1.20432
1.20432
1.20432
1.20432
1.20432
1.20432
1.20432
1.20432
1.20432
1.20432
1.20432
1.20432
1.20432
1.20432
1.20432
1.20432
1.20432
1.20432
1.20432
1.20432
1.20432
1.20432
1.20432
1.20432
1.20432
1.20432
1.20432
1.20432
1.20432
1.20432
1.20432
1.20432
1.20432
1.20432
1.20432
1.20432
1.20432
1.20432
1.20432
1.20432
1.20388
1.20385
1.20383
1.20381
1.20379
1.20378
1.20378
1.20403
1.20402
1.204
1.20398
1.20397
1.20396
1.20394
1.20407
1.20405
1.20404
1.20402
1.20401
1.20399
1.20398
1.20408
1.20406
1.20405
1.20403
1.20401
1.204
1.20398
1.20406
1.20405
1.20403
1.20401
1.20399
1.20398
1.20396
1.20403
1.20401
1.20399
1.20397
1.20395
1.20394
1.20392
1.20399
1.20397
1.20395
1.20393
1.20391
1.20389
1.20387
1.20395
1.20393
1.2039
1.20389
1.20387
1.20385
1.20383
1.20392
1.2039
1.20388
1.20386
1.20385
1.20383
1.20382
1.20377
1.20372
1.20366
1.2036
1.20353
1.20349
1.20346
1.20344
1.20346
1.2035
1.20377
1.20431
1.20361
1.20431
1.20347
1.20342
1.2034
1.20341
1.20345
1.2035
1.20379
1.20431
1.20364
1.20356
1.2035
1.20347
1.20346
1.20346
1.20349
1.20354
1.20384
1.20376
1.20431
1.20361
1.20355
1.20352
1.20431
1.20352
1.20354
1.20356
1.20388
1.2038
1.20373
1.20366
1.20361
1.20358
1.20358
1.20357
1.20357
1.20358
1.20391
1.20383
1.20376
1.2037
1.20366
1.20431
1.20362
1.20361
1.20359
1.20359
1.20391
1.20431
1.20431
1.20373
1.2037
1.20367
1.20365
1.20364
1.2036
1.2036
1.20389
1.20383
1.20379
1.20375
1.20431
1.2037
1.20368
1.20366
1.20362
1.2036
1.20378
1.20379
1.20377
1.20431
1.20372
1.20371
1.2037
1.20367
1.20362
1.20359
1.20431
1.20431
1.20366
1.20369
1.2037
1.20371
1.20371
1.20368
1.20362
1.20358
1.20431
1.20431
1.20362
1.20365
1.20431
1.2037
1.20371
1.20369
1.20362
1.20358
1.20431
1.20342
1.20362
1.20365
1.20431
1.2037
1.20371
1.20369
1.20362
1.20358
1.20431
1.20338
1.20361
1.20364
1.20367
1.20369
1.20371
1.20369
1.2043
1.20358
1.20431
1.20431
1.2036
1.20364
1.20367
1.20369
1.2037
1.20369
1.20362
1.20358
1.20431
1.20431
1.2036
1.20364
1.20367
1.20369
1.2037
1.20369
1.20363
1.20358
1.20431
1.20334
1.2036
1.20364
1.20431
1.20369
1.2037
1.20369
1.20363
1.20358
1.20431
1.20334
1.2036
1.20364
1.20431
1.20369
1.2037
1.20369
1.20362
1.20358
1.20431
1.20431
1.2036
1.20364
1.20431
1.20369
1.2037
1.20369
1.20362
1.20358
1.20431
1.20431
1.20361
1.20364
1.20367
1.20369
1.20371
1.20369
1.20362
1.20358
1.20431
1.20342
1.20362
1.20365
1.20367
1.2037
1.20371
1.20369
1.20362
1.20358
1.20431
1.20345
1.20362
1.20365
1.20367
1.2037
1.20371
1.20369
1.20362
1.20358
1.20431
1.20431
1.20366
1.20431
1.2037
1.20371
1.20371
1.20368
1.20362
1.20358
1.20378
1.20379
1.20431
1.20374
1.20372
1.20371
1.2037
1.20367
1.20362
1.20358
1.20388
1.20383
1.20379
1.20375
1.20372
1.2037
1.20368
1.20365
1.20361
1.20359
1.20391
1.20384
1.20378
1.20373
1.20369
1.20367
1.20365
1.20363
1.2036
1.2036
1.20391
1.20382
1.20376
1.2037
1.20431
1.20363
1.20361
1.2036
1.20359
1.20359
1.20388
1.2038
1.20431
1.20431
1.2036
1.20431
1.20357
1.20357
1.20357
1.20358
1.20384
1.20376
1.20368
1.20431
1.20355
1.20431
1.20351
1.20352
1.20354
1.20356
1.20379
1.20372
1.20431
1.20356
1.2035
1.20431
1.20345
1.20346
1.20349
1.20354
1.20377
1.2037
1.20361
1.20353
1.20346
1.20342
1.2034
1.20341
1.20345
1.2035
1.20377
1.20372
1.20366
1.2036
1.20354
1.20348
1.20346
1.20344
1.20346
1.20349
)
;
    }
    symm
    {
        type            symmetryPlane;
    }
    air_to_aluminum
    {
        type            calculated;
        value           nonuniform List<scalar> 
825
(
1.19573
1.19535
1.1946
1.19346
1.19193
1.18998
1.18761
1.18479
1.1815
1.17774
1.17347
1.16868
1.16338
1.1575
1.15062
1.19573
1.19573
1.19573
1.19573
1.19535
1.19535
1.19535
1.19535
1.1946
1.1946
1.1946
1.1946
1.19346
1.19346
1.19346
1.19346
1.19193
1.19192
1.19192
1.19192
1.18998
1.18998
1.18998
1.18998
1.18761
1.18761
1.1876
1.1876
1.18479
1.18478
1.18478
1.18478
1.1815
1.1815
1.1815
1.1815
1.17773
1.17773
1.17773
1.17773
1.17346
1.17346
1.17346
1.17346
1.16868
1.16868
1.16867
1.16867
1.16337
1.16336
1.16335
1.16335
1.15746
1.15743
1.15741
1.1574
1.15027
1.15004
1.14995
1.15001
1.19573
1.19573
1.19573
1.19573
1.19535
1.19535
1.19535
1.19535
1.1946
1.1946
1.1946
1.1946
1.19346
1.19346
1.19346
1.19346
1.19192
1.19192
1.19192
1.19193
1.18998
1.18998
1.18998
1.18998
1.1876
1.1876
1.18761
1.18761
1.18478
1.18478
1.18478
1.18479
1.1815
1.1815
1.1815
1.1815
1.17773
1.17773
1.17773
1.17773
1.17346
1.17346
1.17346
1.17346
1.16867
1.16867
1.16868
1.16868
1.16335
1.16335
1.16336
1.16337
1.1574
1.15741
1.15743
1.15746
1.15001
1.14995
1.15004
1.15027
1.19573
1.19535
1.1946
1.19346
1.19193
1.18998
1.18761
1.18479
1.1815
1.17774
1.17347
1.16868
1.16338
1.1575
1.15062
1.19573
1.19573
1.19574
1.19574
1.19574
1.19574
1.19574
1.19535
1.19535
1.19536
1.19536
1.19536
1.19536
1.19536
1.1946
1.1946
1.1946
1.1946
1.1946
1.1946
1.1946
1.19346
1.19346
1.19346
1.19346
1.19346
1.19346
1.19346
1.19193
1.19193
1.19193
1.19193
1.19193
1.19193
1.19193
1.18998
1.18998
1.18999
1.18999
1.18999
1.18999
1.18999
1.18761
1.18761
1.18761
1.18761
1.18761
1.18762
1.18762
1.18479
1.18479
1.18479
1.1848
1.1848
1.1848
1.1848
1.18151
1.18151
1.18151
1.18151
1.18151
1.18151
1.18151
1.17774
1.17774
1.17774
1.17774
1.17775
1.17775
1.17775
1.17347
1.17347
1.17348
1.17348
1.17348
1.17348
1.17348
1.16869
1.16869
1.1687
1.1687
1.1687
1.1687
1.1687
1.16338
1.16339
1.1634
1.16341
1.16341
1.16342
1.16342
1.15754
1.15758
1.15762
1.15766
1.15769
1.15771
1.15772
1.15107
1.15145
1.15176
1.152
1.15219
1.15231
1.15237
1.19573
1.19573
1.19574
1.19574
1.19574
1.19574
1.19574
1.19574
1.19535
1.19535
1.19536
1.19536
1.19536
1.19536
1.19536
1.19536
1.1946
1.1946
1.1946
1.1946
1.1946
1.1946
1.1946
1.1946
1.19346
1.19346
1.19346
1.19346
1.19346
1.19346
1.19346
1.19346
1.19193
1.19193
1.19193
1.19193
1.19193
1.19193
1.19193
1.19193
1.18998
1.18998
1.18999
1.18999
1.18999
1.18999
1.18999
1.18999
1.18761
1.18761
1.18761
1.18761
1.18761
1.18762
1.18762
1.18762
1.18479
1.18479
1.18479
1.1848
1.1848
1.1848
1.1848
1.1848
1.18151
1.18151
1.18151
1.18151
1.18151
1.18151
1.18151
1.18151
1.17774
1.17774
1.17774
1.17774
1.17775
1.17775
1.17775
1.17775
1.17347
1.17347
1.17347
1.17348
1.17348
1.17348
1.17348
1.17348
1.16869
1.16869
1.1687
1.1687
1.1687
1.1687
1.1687
1.1687
1.16338
1.16339
1.1634
1.16341
1.16341
1.16342
1.16342
1.16342
1.15754
1.15758
1.15762
1.15766
1.15769
1.15771
1.15772
1.15772
1.15107
1.15145
1.15176
1.152
1.15219
1.15231
1.15237
1.15237
1.19573
1.19573
1.19573
1.19573
1.19573
1.19573
1.19573
1.19535
1.19535
1.19535
1.19535
1.19535
1.19535
1.19535
1.19459
1.19459
1.19459
1.19459
1.19459
1.19459
1.19459
1.19346
1.19346
1.19345
1.19345
1.19345
1.19345
1.19345
1.19192
1.19192
1.19192
1.19192
1.19192
1.19192
1.19192
1.18998
1.18997
1.18997
1.18997
1.18997
1.18997
1.18997
1.1876
1.1876
1.1876
1.1876
1.1876
1.1876
1.1876
1.18478
1.18478
1.18478
1.18478
1.18478
1.18478
1.18478
1.18149
1.18149
1.18149
1.18149
1.18149
1.18149
1.18149
1.17772
1.17772
1.17772
1.17772
1.17772
1.17772
1.17772
1.17345
1.17345
1.17345
1.17345
1.17345
1.17345
1.17345
1.16867
1.16866
1.16866
1.16866
1.16866
1.16866
1.16866
1.16334
1.16334
1.16334
1.16334
1.16335
1.16335
1.16335
1.15743
1.15746
1.15748
1.15751
1.15753
1.15754
1.15755
1.15065
1.15103
1.15135
1.1516
1.15179
1.15191
1.15197
1.19573
1.19573
1.19573
1.19573
1.19573
1.19573
1.19573
1.19573
1.19535
1.19535
1.19535
1.19535
1.19535
1.19535
1.19535
1.19535
1.19459
1.19459
1.19459
1.19459
1.19459
1.19459
1.19459
1.19459
1.19346
1.19346
1.19345
1.19345
1.19345
1.19345
1.19345
1.19345
1.19192
1.19192
1.19192
1.19192
1.19192
1.19192
1.19192
1.19192
1.18998
1.18997
1.18997
1.18997
1.18997
1.18997
1.18997
1.18997
1.1876
1.1876
1.1876
1.1876
1.1876
1.1876
1.1876
1.1876
1.18478
1.18478
1.18478
1.18478
1.18478
1.18478
1.18478
1.18478
1.18149
1.18149
1.18149
1.18149
1.18149
1.18149
1.18149
1.18149
1.17772
1.17772
1.17772
1.17772
1.17772
1.17772
1.17772
1.17772
1.17345
1.17345
1.17345
1.17345
1.17345
1.17345
1.17345
1.17345
1.16867
1.16866
1.16866
1.16866
1.16866
1.16866
1.16866
1.16866
1.16334
1.16334
1.16334
1.16334
1.16335
1.16335
1.16335
1.16335
1.15743
1.15746
1.15748
1.15751
1.15753
1.15754
1.15755
1.15755
1.15065
1.15103
1.15135
1.1516
1.15179
1.15191
1.15197
1.15197
1.19573
1.19573
1.19574
1.19574
1.19574
1.19574
1.19574
1.19535
1.19535
1.19536
1.19536
1.19536
1.19536
1.19536
1.1946
1.1946
1.1946
1.1946
1.1946
1.1946
1.1946
1.19346
1.19346
1.19346
1.19346
1.19346
1.19346
1.19346
1.19193
1.19193
1.19193
1.19193
1.19193
1.19193
1.19193
1.18998
1.18998
1.18999
1.18999
1.18999
1.18999
1.18999
1.18761
1.18761
1.18761
1.18761
1.18761
1.18762
1.18762
1.18479
1.18479
1.18479
1.1848
1.1848
1.1848
1.1848
1.18151
1.18151
1.18151
1.18151
1.18151
1.18151
1.18151
1.17774
1.17774
1.17774
1.17774
1.17775
1.17775
1.17775
1.17347
1.17347
1.17347
1.17348
1.17348
1.17348
1.17348
1.16869
1.16869
1.1687
1.1687
1.1687
1.1687
1.1687
1.16338
1.16339
1.1634
1.16341
1.16341
1.16342
1.16342
1.15754
1.15758
1.15762
1.15766
1.15769
1.15771
1.15772
1.15107
1.15145
1.15176
1.152
1.15219
1.15231
1.15237
1.19573
1.19573
1.19574
1.19574
1.19574
1.19574
1.19574
1.19574
1.19535
1.19535
1.19536
1.19536
1.19536
1.19536
1.19536
1.19536
1.1946
1.1946
1.1946
1.1946
1.1946
1.1946
1.1946
1.1946
1.19346
1.19346
1.19346
1.19346
1.19346
1.19346
1.19346
1.19346
1.19193
1.19193
1.19193
1.19193
1.19193
1.19193
1.19193
1.19193
1.18998
1.18998
1.18999
1.18999
1.18999
1.18999
1.18999
1.18999
1.18761
1.18761
1.18761
1.18761
1.18761
1.18762
1.18762
1.18762
1.18479
1.18479
1.18479
1.1848
1.1848
1.1848
1.1848
1.1848
1.18151
1.18151
1.18151
1.18151
1.18151
1.18151
1.18151
1.18151
1.17774
1.17774
1.17774
1.17774
1.17775
1.17775
1.17775
1.17775
1.17347
1.17347
1.17348
1.17348
1.17348
1.17348
1.17348
1.17348
1.16869
1.16869
1.1687
1.1687
1.1687
1.1687
1.1687
1.1687
1.16338
1.16339
1.1634
1.16341
1.16341
1.16342
1.16342
1.16342
1.15754
1.15758
1.15762
1.15766
1.15769
1.15771
1.15772
1.15772
1.15107
1.15145
1.15176
1.152
1.15219
1.15231
1.15237
1.15237
)
;
    }
}


// ************************************************************************* //
