/*--------------------------------*- C++ -*----------------------------------*\
| =========                 |                                                 |
| \\      /  F ield         | OpenFOAM: The Open Source CFD Toolbox           |
|  \\    /   O peration     | Version:                                        |
|   \\  /    A nd           | Website:  www.openfoam.com                      |
|    \\/     M anipulation  |                                                 |
\*---------------------------------------------------------------------------*/
FoamFile
{
    version     2.0;
    format      ascii;
    class       volScalarField;
    location    "60/air";
    object      T;
}
// * * * * * * * * * * * * * * * * * * * * * * * * * * * * * * * * * * * * * //

dimensions      [0 0 0 1 0 0 0];


internalField   nonuniform List<scalar> 
10890
(
293.242
293.234
293.224
293.213
293.206
293.203
293.205
293.214
293.246
293.447
293.231
293.223
293.214
293.204
293.197
293.194
293.195
293.202
293.233
293.475
293.219
293.211
293.203
293.195
293.189
293.187
293.188
293.193
293.219
293.464
293.21
293.202
293.194
293.187
293.183
293.18
293.18
293.184
293.207
293.467
293.204
293.196
293.188
293.182
293.178
293.175
293.175
293.177
293.199
293.484
293.199
293.192
293.184
293.178
293.174
293.172
293.17
293.172
293.194
293.507
293.195
293.188
293.181
293.175
293.171
293.169
293.167
293.168
293.19
293.538
293.19
293.184
293.178
293.172
293.168
293.166
293.165
293.165
293.187
293.573
293.186
293.181
293.175
293.169
293.166
293.164
293.162
293.163
293.185
293.612
293.183
293.178
293.172
293.167
293.164
293.161
293.16
293.161
293.182
293.654
293.179
293.175
293.17
293.165
293.162
293.159
293.158
293.158
293.178
293.696
293.176
293.173
293.168
293.163
293.16
293.158
293.156
293.156
293.175
293.741
293.173
293.171
293.167
293.162
293.159
293.157
293.155
293.155
293.172
293.788
293.171
293.17
293.166
293.162
293.158
293.156
293.154
293.154
293.169
293.84
293.171
293.169
293.166
293.161
293.158
293.155
293.154
293.154
293.167
293.9
293.447
293.247
293.215
293.206
293.204
293.207
293.214
293.225
293.234
293.242
293.475
293.234
293.204
293.197
293.195
293.198
293.205
293.214
293.224
293.231
293.464
293.219
293.193
293.188
293.187
293.19
293.195
293.203
293.211
293.219
293.467
293.208
293.184
293.181
293.181
293.183
293.188
293.194
293.202
293.21
293.484
293.2
293.177
293.175
293.175
293.178
293.182
293.189
293.196
293.204
293.507
293.194
293.172
293.17
293.172
293.174
293.178
293.184
293.192
293.199
293.538
293.19
293.168
293.167
293.169
293.171
293.175
293.181
293.188
293.195
293.573
293.187
293.165
293.165
293.166
293.168
293.172
293.178
293.184
293.19
293.612
293.185
293.163
293.162
293.164
293.166
293.169
293.175
293.181
293.186
293.654
293.182
293.161
293.16
293.161
293.164
293.167
293.172
293.178
293.182
293.697
293.178
293.158
293.158
293.159
293.162
293.165
293.17
293.175
293.179
293.741
293.175
293.156
293.156
293.158
293.16
293.163
293.168
293.173
293.176
293.788
293.172
293.155
293.155
293.157
293.159
293.162
293.167
293.171
293.173
293.84
293.169
293.154
293.154
293.156
293.158
293.162
293.166
293.17
293.171
293.9
293.167
293.153
293.154
293.155
293.158
293.161
293.166
293.169
293.17
293.247
293.239
293.229
293.218
293.21
293.206
293.208
293.218
293.254
293.501
293.252
293.245
293.234
293.223
293.214
293.21
293.212
293.222
293.261
293.545
293.256
293.25
293.239
293.228
293.219
293.214
293.216
293.226
293.268
293.579
293.26
293.255
293.244
293.232
293.223
293.218
293.22
293.23
293.273
293.604
293.264
293.259
293.249
293.237
293.227
293.222
293.224
293.233
293.277
293.619
293.267
293.263
293.253
293.242
293.231
293.226
293.227
293.237
293.28
293.624
293.27
293.267
293.257
293.246
293.235
293.23
293.231
293.24
293.281
293.614
293.236
293.229
293.219
293.208
293.201
293.198
293.199
293.207
293.241
293.543
293.24
293.234
293.224
293.213
293.205
293.201
293.203
293.211
293.249
293.603
293.245
293.239
293.229
293.218
293.209
293.205
293.207
293.215
293.257
293.654
293.249
293.244
293.234
293.222
293.214
293.209
293.21
293.219
293.264
293.695
293.253
293.248
293.239
293.227
293.218
293.213
293.214
293.224
293.27
293.726
293.256
293.253
293.243
293.232
293.222
293.217
293.218
293.228
293.275
293.745
293.26
293.257
293.248
293.237
293.227
293.222
293.222
293.232
293.278
293.748
293.223
293.215
293.207
293.198
293.193
293.19
293.191
293.196
293.227
293.535
293.227
293.22
293.211
293.202
293.196
293.193
293.194
293.2
293.234
293.599
293.231
293.224
293.215
293.206
293.199
293.196
293.197
293.204
293.242
293.653
293.235
293.228
293.219
293.21
293.203
293.2
293.201
293.208
293.248
293.698
293.238
293.233
293.224
293.214
293.207
293.203
293.204
293.212
293.255
293.733
293.242
293.237
293.228
293.218
293.211
293.207
293.208
293.216
293.26
293.756
293.245
293.241
293.232
293.222
293.215
293.211
293.212
293.22
293.264
293.762
293.214
293.206
293.198
293.19
293.185
293.183
293.183
293.187
293.215
293.545
293.217
293.209
293.201
293.193
293.188
293.185
293.186
293.19
293.222
293.614
293.221
293.213
293.204
293.196
293.191
293.188
293.189
293.193
293.229
293.673
293.224
293.217
293.208
293.2
293.194
293.191
293.192
293.197
293.235
293.722
293.227
293.221
293.212
293.203
293.197
293.194
293.195
293.201
293.241
293.761
293.23
293.224
293.215
293.207
293.2
293.197
293.198
293.204
293.246
293.786
293.234
293.228
293.219
293.21
293.203
293.2
293.201
293.208
293.249
293.792
293.207
293.199
293.191
293.184
293.18
293.177
293.177
293.179
293.206
293.57
293.21
293.202
293.194
293.187
293.182
293.18
293.179
293.182
293.213
293.647
293.213
293.206
293.197
293.19
293.185
293.182
293.182
293.185
293.219
293.713
293.216
293.209
293.2
293.192
293.187
293.184
293.184
293.188
293.225
293.768
293.219
293.212
293.203
293.195
293.19
293.187
293.187
293.191
293.23
293.811
293.222
293.216
293.206
293.198
293.192
293.19
293.19
293.194
293.235
293.839
293.225
293.219
293.21
293.201
293.195
293.192
293.193
293.198
293.238
293.846
293.202
293.194
293.187
293.18
293.176
293.173
293.172
293.174
293.2
293.605
293.205
293.197
293.189
293.182
293.178
293.175
293.174
293.176
293.207
293.691
293.208
293.2
293.192
293.185
293.18
293.177
293.176
293.179
293.213
293.766
293.21
293.203
293.195
293.187
293.182
293.179
293.179
293.181
293.218
293.829
293.213
293.207
293.197
293.19
293.184
293.182
293.181
293.184
293.223
293.878
293.216
293.21
293.2
293.192
293.187
293.184
293.183
293.187
293.227
293.91
293.219
293.213
293.203
293.195
293.189
293.186
293.186
293.19
293.229
293.918
293.197
293.191
293.183
293.177
293.173
293.17
293.169
293.17
293.196
293.648
293.2
293.193
293.185
293.179
293.174
293.172
293.171
293.172
293.202
293.747
293.203
293.196
293.188
293.181
293.176
293.174
293.172
293.174
293.208
293.832
293.205
293.199
293.19
293.183
293.178
293.176
293.174
293.176
293.213
293.904
293.208
293.202
293.193
293.185
293.18
293.178
293.177
293.179
293.217
293.961
293.211
293.205
293.196
293.188
293.182
293.18
293.179
293.181
293.221
293.998
293.214
293.208
293.199
293.19
293.185
293.182
293.181
293.184
293.223
294.006
293.193
293.187
293.18
293.174
293.17
293.168
293.166
293.167
293.193
293.699
293.195
293.19
293.182
293.176
293.171
293.169
293.168
293.169
293.199
293.812
293.198
293.192
293.184
293.178
293.173
293.171
293.169
293.171
293.204
293.909
293.201
293.195
293.187
293.18
293.175
293.172
293.171
293.173
293.209
293.991
293.203
293.198
293.189
293.182
293.177
293.174
293.173
293.175
293.213
294.057
293.206
293.201
293.192
293.184
293.179
293.176
293.175
293.177
293.216
294.1
293.208
293.204
293.195
293.186
293.181
293.178
293.177
293.18
293.217
294.11
293.189
293.184
293.177
293.171
293.167
293.165
293.164
293.164
293.19
293.755
293.191
293.186
293.179
293.173
293.169
293.166
293.165
293.166
293.196
293.884
293.194
293.189
293.181
293.174
293.17
293.168
293.167
293.168
293.201
293.996
293.196
293.191
293.183
293.176
293.172
293.169
293.168
293.17
293.205
294.09
293.199
293.194
293.186
293.178
293.174
293.171
293.17
293.172
293.209
294.165
293.201
293.197
293.188
293.18
293.175
293.173
293.172
293.174
293.211
294.216
293.204
293.201
293.191
293.183
293.177
293.175
293.174
293.176
293.211
294.227
293.185
293.18
293.174
293.169
293.165
293.163
293.161
293.162
293.187
293.816
293.187
293.183
293.176
293.17
293.166
293.164
293.163
293.163
293.192
293.962
293.19
293.185
293.178
293.172
293.168
293.165
293.164
293.165
293.197
294.09
293.192
293.188
293.18
293.173
293.169
293.167
293.165
293.167
293.201
294.198
293.195
293.191
293.183
293.175
293.171
293.168
293.167
293.168
293.204
294.285
293.197
293.194
293.185
293.177
293.172
293.17
293.169
293.17
293.205
294.343
293.2
293.197
293.188
293.179
293.174
293.171
293.171
293.172
293.205
294.356
293.181
293.178
293.172
293.166
293.163
293.16
293.159
293.16
293.183
293.88
293.184
293.18
293.174
293.168
293.164
293.162
293.16
293.161
293.188
294.046
293.186
293.183
293.176
293.169
293.165
293.163
293.161
293.162
293.192
294.191
293.189
293.185
293.178
293.171
293.167
293.164
293.163
293.164
293.196
294.315
293.191
293.188
293.18
293.173
293.168
293.165
293.164
293.165
293.198
294.414
293.194
293.191
293.183
293.175
293.17
293.167
293.166
293.167
293.199
294.482
293.196
293.194
293.185
293.177
293.171
293.168
293.167
293.169
293.198
294.498
293.178
293.175
293.17
293.165
293.161
293.159
293.157
293.157
293.18
293.948
293.18
293.177
293.172
293.166
293.162
293.16
293.158
293.159
293.184
294.135
293.183
293.18
293.174
293.168
293.163
293.161
293.159
293.16
293.187
294.299
293.185
293.183
293.176
293.169
293.164
293.162
293.16
293.161
293.19
294.439
293.188
293.185
293.178
293.171
293.166
293.163
293.162
293.162
293.192
294.554
293.19
293.189
293.181
293.173
293.167
293.164
293.163
293.164
293.192
294.632
293.193
293.192
293.183
293.175
293.169
293.166
293.164
293.165
293.19
294.651
293.175
293.173
293.168
293.163
293.16
293.157
293.156
293.156
293.176
294.019
293.178
293.176
293.17
293.165
293.161
293.158
293.157
293.157
293.179
294.23
293.18
293.178
293.172
293.166
293.162
293.159
293.158
293.158
293.182
294.414
293.183
293.181
293.174
293.168
293.163
293.16
293.159
293.159
293.184
294.573
293.185
293.183
293.176
293.169
293.164
293.161
293.16
293.16
293.185
294.703
293.188
293.187
293.179
293.171
293.166
293.163
293.161
293.161
293.184
294.794
293.191
293.19
293.182
293.173
293.167
293.164
293.162
293.163
293.182
294.817
293.174
293.172
293.168
293.163
293.159
293.156
293.155
293.155
293.172
294.098
293.176
293.174
293.169
293.164
293.16
293.157
293.156
293.155
293.175
294.333
293.178
293.177
293.171
293.165
293.161
293.158
293.156
293.156
293.178
294.54
293.181
293.179
293.173
293.167
293.162
293.159
293.157
293.157
293.179
294.718
293.184
293.182
293.175
293.168
293.163
293.16
293.158
293.158
293.179
294.865
293.186
293.185
293.178
293.17
293.165
293.161
293.159
293.159
293.178
294.968
293.189
293.188
293.18
293.172
293.166
293.163
293.161
293.161
293.174
294.995
293.173
293.171
293.167
293.162
293.159
293.156
293.154
293.154
293.17
294.185
293.175
293.174
293.169
293.164
293.159
293.157
293.155
293.155
293.173
294.444
293.177
293.176
293.171
293.165
293.16
293.158
293.156
293.156
293.174
294.67
293.18
293.179
293.173
293.166
293.162
293.159
293.157
293.156
293.175
294.866
293.183
293.182
293.175
293.168
293.163
293.16
293.158
293.157
293.175
295.026
293.185
293.185
293.177
293.17
293.164
293.161
293.159
293.158
293.173
295.14
293.188
293.188
293.18
293.171
293.165
293.162
293.16
293.16
293.169
295.169
295.219
295.188
295.188
295.219
295.18
295.103
295.103
295.18
295.158
295.052
295.052
295.158
295.143
295.018
295.018
295.144
295.127
294.983
294.984
295.128
295.097
294.928
294.929
295.098
295.02
294.823
294.825
295.024
295.349
295.35
295.35
295.35
295.349
295.351
295.351
295.35
295.347
295.347
295.347
295.349
295.342
295.335
295.336
295.344
295.33
295.31
295.311
295.332
295.304
295.262
295.264
295.308
295.24
295.171
295.177
295.252
295.533
295.531
295.531
295.534
295.53
295.524
295.524
295.531
295.526
295.516
295.516
295.527
295.52
295.502
295.502
295.521
295.507
295.476
295.478
295.51
295.481
295.428
295.431
295.487
295.416
295.338
295.346
295.431
295.814
295.812
295.812
295.815
295.81
295.804
295.804
295.812
295.806
295.793
295.794
295.807
295.798
295.777
295.778
295.8
295.784
295.747
295.748
295.787
295.754
295.691
295.694
295.76
295.678
295.586
295.595
295.696
296.195
296.192
296.192
296.196
296.19
296.182
296.182
296.191
296.184
296.169
296.17
296.186
296.176
296.15
296.151
296.178
296.159
296.115
296.116
296.162
296.123
296.048
296.052
296.13
296.034
295.924
295.934
296.054
296.678
296.675
296.675
296.679
296.672
296.663
296.663
296.674
296.666
296.648
296.649
296.668
296.656
296.625
296.626
296.658
296.636
296.583
296.585
296.64
296.593
296.505
296.509
296.602
296.489
296.359
296.371
296.513
297.27
297.267
297.267
297.272
297.263
297.251
297.252
297.265
297.256
297.234
297.235
297.258
297.244
297.206
297.208
297.247
297.22
297.157
297.16
297.225
297.17
297.065
297.07
297.18
297.046
296.893
296.908
297.077
297.977
297.972
297.973
297.979
297.969
297.954
297.955
297.971
297.959
297.933
297.934
297.962
297.945
297.9
297.902
297.949
297.918
297.842
297.845
297.924
297.858
297.733
297.74
297.871
297.711
297.53
297.549
297.75
298.805
298.799
298.8
298.807
298.795
298.777
298.778
298.798
298.784
298.752
298.753
298.787
298.766
298.713
298.715
298.771
298.734
298.644
298.648
298.741
298.663
298.515
298.524
298.679
298.488
298.275
298.299
298.537
299.76
299.753
299.754
299.762
299.748
299.726
299.728
299.751
299.735
299.696
299.698
299.739
299.714
299.651
299.653
299.72
299.676
299.57
299.574
299.685
299.592
299.417
299.428
299.612
299.385
299.132
299.163
299.446
300.849
300.841
300.842
300.852
300.835
300.809
300.811
300.839
300.819
300.774
300.776
300.824
300.795
300.72
300.723
300.802
300.75
300.625
300.631
300.761
300.651
300.445
300.46
300.677
300.406
300.11
300.149
300.484
302.079
302.07
302.071
302.083
302.062
302.032
302.034
302.068
302.044
301.99
301.993
302.051
302.016
301.928
301.932
302.025
301.963
301.817
301.825
301.977
301.847
301.607
301.626
301.88
301.56
301.215
301.266
301.657
303.456
303.447
303.449
303.463
303.436
303.404
303.407
303.445
303.414
303.355
303.359
303.426
303.381
303.283
303.289
303.396
303.32
303.155
303.166
303.342
303.186
302.914
302.94
303.23
302.851
302.463
302.529
302.977
304.996
304.995
305.001
305.016
304.964
304.938
304.946
304.988
304.931
304.878
304.887
304.959
304.888
304.792
304.805
304.921
304.814
304.647
304.665
304.856
304.66
304.376
304.413
304.73
304.278
303.87
303.957
304.449
306.793
306.859
306.884
306.871
306.635
306.667
306.694
306.716
306.516
306.509
306.537
306.598
306.409
306.351
306.381
306.493
306.286
306.149
306.185
306.379
306.089
305.826
305.884
306.215
305.651
305.256
305.375
305.899
295.219
295.188
295.188
295.219
295.18
295.103
295.103
295.18
295.158
295.052
295.052
295.158
295.144
295.018
295.018
295.143
295.128
294.984
294.983
295.127
295.098
294.929
294.928
295.097
295.024
294.825
294.823
295.02
295.35
295.35
295.35
295.349
295.35
295.351
295.351
295.349
295.349
295.347
295.347
295.347
295.344
295.336
295.335
295.342
295.332
295.311
295.31
295.33
295.308
295.264
295.262
295.304
295.252
295.178
295.172
295.24
295.534
295.531
295.531
295.533
295.531
295.524
295.524
295.53
295.527
295.516
295.516
295.526
295.521
295.503
295.502
295.52
295.51
295.478
295.476
295.508
295.487
295.431
295.428
295.481
295.432
295.347
295.338
295.416
295.815
295.812
295.812
295.814
295.812
295.804
295.804
295.81
295.807
295.794
295.793
295.806
295.8
295.778
295.777
295.799
295.787
295.749
295.747
295.784
295.76
295.694
295.691
295.754
295.696
295.595
295.587
295.678
296.196
296.192
296.192
296.195
296.191
296.182
296.182
296.19
296.186
296.17
296.169
296.184
296.178
296.151
296.15
296.176
296.162
296.116
296.115
296.159
296.13
296.052
296.048
296.123
296.054
295.934
295.925
296.034
296.679
296.675
296.675
296.678
296.674
296.663
296.663
296.672
296.668
296.649
296.648
296.666
296.658
296.626
296.625
296.656
296.64
296.585
296.583
296.636
296.602
296.509
296.505
296.593
296.513
296.371
296.36
296.489
297.272
297.267
297.267
297.27
297.265
297.252
297.251
297.263
297.258
297.235
297.234
297.256
297.247
297.208
297.206
297.244
297.225
297.16
297.157
297.22
297.18
297.071
297.065
297.17
297.077
296.908
296.894
297.046
297.979
297.973
297.972
297.977
297.971
297.955
297.954
297.969
297.962
297.934
297.933
297.959
297.949
297.902
297.9
297.945
297.924
297.845
297.842
297.918
297.871
297.74
297.733
297.858
297.75
297.549
297.53
297.711
298.807
298.8
298.799
298.805
298.798
298.778
298.777
298.795
298.787
298.753
298.752
298.784
298.771
298.715
298.713
298.766
298.741
298.648
298.644
298.734
298.679
298.524
298.515
298.663
298.537
298.299
298.275
298.488
299.762
299.754
299.753
299.76
299.751
299.728
299.726
299.748
299.739
299.698
299.696
299.735
299.72
299.653
299.651
299.714
299.685
299.574
299.57
299.676
299.612
299.428
299.417
299.592
299.446
299.163
299.132
299.385
300.852
300.842
300.841
300.849
300.839
300.811
300.809
300.835
300.824
300.776
300.774
300.819
300.802
300.723
300.72
300.795
300.761
300.631
300.625
300.75
300.677
300.459
300.445
300.651
300.483
300.149
300.11
300.406
302.083
302.071
302.07
302.079
302.068
302.034
302.032
302.062
302.051
301.993
301.99
302.044
302.025
301.932
301.928
302.016
301.977
301.825
301.817
301.963
301.88
301.626
301.607
301.847
301.657
301.266
301.215
301.559
303.463
303.449
303.447
303.456
303.445
303.407
303.403
303.436
303.426
303.359
303.355
303.414
303.396
303.289
303.283
303.381
303.342
303.166
303.155
303.32
303.23
302.94
302.914
303.186
302.977
302.529
302.463
302.851
305.016
305.001
304.995
304.996
304.988
304.946
304.938
304.964
304.959
304.887
304.878
304.931
304.921
304.805
304.792
304.888
304.856
304.665
304.647
304.814
304.73
304.413
304.376
304.66
304.45
303.958
303.87
304.278
306.871
306.884
306.859
306.793
306.716
306.694
306.667
306.635
306.598
306.537
306.509
306.516
306.493
306.381
306.351
306.409
306.379
306.185
306.149
306.286
306.215
305.884
305.826
306.089
305.899
305.376
305.256
305.652
293.501
293.255
293.219
293.21
293.208
293.211
293.219
293.23
293.24
293.247
293.544
293.262
293.223
293.214
293.212
293.216
293.224
293.235
293.245
293.252
293.578
293.269
293.227
293.217
293.216
293.22
293.229
293.24
293.25
293.256
293.603
293.274
293.231
293.221
293.22
293.224
293.233
293.245
293.255
293.26
293.618
293.278
293.234
293.225
293.223
293.228
293.238
293.249
293.259
293.264
293.623
293.28
293.238
293.228
293.227
293.232
293.242
293.254
293.263
293.267
293.613
293.282
293.241
293.232
293.231
293.236
293.246
293.258
293.267
293.27
293.544
293.242
293.208
293.2
293.199
293.202
293.209
293.219
293.229
293.236
293.604
293.251
293.212
293.204
293.202
293.206
293.214
293.224
293.234
293.241
293.655
293.258
293.216
293.208
293.206
293.21
293.218
293.229
293.239
293.245
293.696
293.265
293.22
293.212
293.21
293.214
293.223
293.234
293.244
293.249
293.727
293.271
293.225
293.215
293.214
293.219
293.228
293.239
293.249
293.253
293.746
293.276
293.228
293.219
293.218
293.223
293.233
293.244
293.253
293.257
293.748
293.279
293.232
293.223
293.222
293.228
293.237
293.248
293.257
293.26
293.536
293.227
293.197
293.191
293.191
293.193
293.199
293.207
293.216
293.223
293.599
293.235
293.201
293.195
293.194
293.196
293.203
293.211
293.22
293.227
293.653
293.242
293.205
293.198
293.197
293.2
293.206
293.215
293.224
293.231
293.698
293.249
293.209
293.201
293.2
293.204
293.21
293.22
293.229
293.235
293.733
293.255
293.213
293.205
293.204
293.207
293.214
293.224
293.233
293.239
293.756
293.26
293.217
293.209
293.208
293.211
293.219
293.228
293.237
293.242
293.762
293.265
293.221
293.212
293.211
293.215
293.223
293.232
293.241
293.245
293.545
293.215
293.187
293.183
293.183
293.186
293.191
293.198
293.206
293.214
293.614
293.222
293.19
293.186
293.186
293.188
293.194
293.201
293.21
293.217
293.673
293.229
293.194
293.189
293.189
293.191
293.197
293.205
293.213
293.221
293.722
293.235
293.197
293.192
293.191
293.194
293.2
293.208
293.217
293.224
293.761
293.241
293.201
293.195
293.194
293.197
293.203
293.212
293.221
293.227
293.786
293.246
293.205
293.198
293.198
293.2
293.207
293.215
293.225
293.231
293.792
293.25
293.209
293.202
293.201
293.204
293.21
293.219
293.228
293.234
293.57
293.206
293.179
293.177
293.178
293.18
293.185
293.191
293.199
293.207
293.647
293.213
293.182
293.179
293.18
293.182
293.187
293.194
293.202
293.21
293.713
293.219
293.185
293.182
293.182
293.185
293.19
293.197
293.206
293.213
293.768
293.225
293.188
293.184
293.184
293.187
293.192
293.2
293.209
293.216
293.811
293.23
293.191
293.187
293.187
293.19
293.195
293.203
293.212
293.219
293.839
293.235
293.195
293.19
293.19
293.192
293.198
293.207
293.216
293.222
293.846
293.238
293.198
293.193
293.192
293.195
293.201
293.21
293.219
293.225
293.605
293.2
293.174
293.172
293.173
293.176
293.18
293.187
293.194
293.202
293.691
293.207
293.176
293.174
293.175
293.178
293.182
293.189
293.197
293.205
293.766
293.213
293.179
293.176
293.177
293.18
293.185
293.192
293.2
293.207
293.829
293.218
293.181
293.179
293.179
293.182
293.187
293.195
293.203
293.21
293.878
293.223
293.184
293.181
293.182
293.184
293.19
293.197
293.207
293.213
293.91
293.227
293.187
293.183
293.184
293.187
293.192
293.2
293.21
293.216
293.918
293.229
293.19
293.186
293.186
293.189
293.195
293.203
293.213
293.219
293.648
293.196
293.17
293.169
293.17
293.173
293.177
293.183
293.19
293.197
293.747
293.202
293.172
293.171
293.172
293.174
293.179
293.185
293.193
293.2
293.832
293.208
293.174
293.173
293.174
293.176
293.181
293.188
293.196
293.203
293.904
293.213
293.177
293.175
293.176
293.178
293.183
293.19
293.199
293.205
293.96
293.217
293.179
293.177
293.178
293.18
293.185
293.193
293.202
293.208
293.998
293.221
293.181
293.179
293.18
293.182
293.188
293.196
293.205
293.211
294.006
293.223
293.184
293.181
293.182
293.185
293.19
293.199
293.208
293.214
293.699
293.193
293.167
293.166
293.168
293.17
293.174
293.18
293.187
293.193
293.812
293.199
293.169
293.168
293.169
293.171
293.176
293.182
293.189
293.195
293.909
293.204
293.171
293.169
293.171
293.173
293.178
293.184
293.192
293.198
293.991
293.209
293.173
293.171
293.172
293.175
293.18
293.187
293.195
293.2
294.057
293.213
293.175
293.173
293.174
293.177
293.182
293.189
293.198
293.203
294.1
293.216
293.177
293.175
293.176
293.179
293.184
293.192
293.201
293.206
294.11
293.217
293.18
293.177
293.178
293.181
293.186
293.195
293.204
293.208
293.756
293.19
293.164
293.164
293.165
293.167
293.171
293.177
293.183
293.188
293.884
293.196
293.166
293.165
293.166
293.169
293.173
293.179
293.186
293.191
293.996
293.201
293.168
293.167
293.168
293.17
293.174
293.181
293.189
293.193
294.09
293.205
293.17
293.168
293.169
293.172
293.176
293.183
293.191
293.196
294.166
293.209
293.172
293.17
293.171
293.174
293.178
293.186
293.194
293.199
294.216
293.211
293.174
293.172
293.173
293.175
293.18
293.188
293.197
293.201
294.227
293.211
293.176
293.174
293.175
293.177
293.183
293.191
293.2
293.204
293.816
293.187
293.162
293.161
293.163
293.165
293.168
293.174
293.18
293.185
293.963
293.192
293.163
293.163
293.164
293.166
293.17
293.176
293.183
293.187
294.09
293.197
293.165
293.164
293.165
293.168
293.172
293.178
293.185
293.189
294.198
293.201
293.167
293.165
293.167
293.169
293.173
293.18
293.188
293.192
294.285
293.204
293.169
293.167
293.168
293.171
293.175
293.183
293.191
293.195
294.344
293.205
293.17
293.169
293.17
293.172
293.177
293.185
293.194
293.197
294.356
293.205
293.172
293.171
293.171
293.174
293.179
293.188
293.197
293.2
293.88
293.184
293.16
293.159
293.16
293.163
293.166
293.172
293.177
293.181
294.046
293.188
293.161
293.16
293.162
293.164
293.168
293.174
293.18
293.183
294.191
293.192
293.162
293.161
293.163
293.165
293.169
293.176
293.182
293.186
294.315
293.196
293.164
293.163
293.164
293.167
293.171
293.178
293.185
293.188
294.415
293.198
293.165
293.164
293.165
293.168
293.173
293.18
293.188
293.191
294.482
293.199
293.167
293.166
293.167
293.17
293.175
293.183
293.191
293.193
294.498
293.198
293.169
293.167
293.168
293.171
293.177
293.185
293.194
293.196
293.948
293.18
293.157
293.157
293.159
293.161
293.165
293.17
293.175
293.178
294.135
293.184
293.159
293.158
293.16
293.162
293.166
293.172
293.177
293.18
294.299
293.187
293.16
293.159
293.161
293.163
293.167
293.174
293.18
293.183
294.44
293.19
293.161
293.16
293.162
293.164
293.169
293.176
293.183
293.185
294.554
293.192
293.162
293.162
293.163
293.166
293.171
293.178
293.185
293.188
294.632
293.192
293.164
293.163
293.164
293.167
293.173
293.18
293.188
293.19
294.651
293.19
293.165
293.164
293.166
293.169
293.175
293.183
293.192
293.193
294.019
293.176
293.156
293.156
293.157
293.16
293.163
293.168
293.173
293.175
294.23
293.179
293.157
293.157
293.158
293.161
293.165
293.17
293.175
293.177
294.414
293.182
293.158
293.158
293.159
293.162
293.166
293.172
293.178
293.18
294.573
293.184
293.159
293.159
293.16
293.163
293.168
293.174
293.181
293.182
294.703
293.185
293.16
293.16
293.161
293.164
293.169
293.176
293.183
293.185
294.794
293.184
293.161
293.161
293.163
293.166
293.171
293.179
293.186
293.188
294.817
293.182
293.163
293.162
293.164
293.167
293.173
293.182
293.19
293.19
294.098
293.172
293.155
293.155
293.156
293.159
293.163
293.168
293.172
293.173
294.333
293.175
293.155
293.156
293.157
293.16
293.164
293.169
293.174
293.176
294.539
293.178
293.156
293.156
293.158
293.161
293.165
293.171
293.177
293.178
294.718
293.179
293.157
293.157
293.159
293.162
293.167
293.173
293.179
293.181
294.865
293.179
293.158
293.158
293.16
293.163
293.168
293.176
293.182
293.183
294.968
293.178
293.159
293.159
293.161
293.165
293.17
293.178
293.185
293.186
294.995
293.174
293.161
293.161
293.162
293.166
293.172
293.181
293.188
293.189
294.185
293.17
293.154
293.154
293.156
293.159
293.162
293.167
293.171
293.172
294.443
293.173
293.155
293.155
293.157
293.159
293.164
293.169
293.174
293.175
294.67
293.174
293.156
293.156
293.158
293.16
293.165
293.171
293.176
293.177
294.865
293.175
293.156
293.157
293.159
293.162
293.166
293.173
293.179
293.18
295.026
293.175
293.157
293.158
293.16
293.163
293.168
293.175
293.181
293.182
295.139
293.173
293.158
293.159
293.161
293.164
293.17
293.177
293.185
293.185
295.169
293.169
293.159
293.16
293.162
293.165
293.171
293.18
293.188
293.188
293.283
293.283
293.277
293.267
293.256
293.249
293.248
293.255
293.28
293.46
293.295
293.3
293.294
293.285
293.275
293.268
293.266
293.269
293.278
293.34
293.309
293.32
293.315
293.303
293.293
293.284
293.278
293.278
293.283
293.309
293.323
293.338
293.333
293.321
293.31
293.299
293.29
293.287
293.288
293.302
293.337
293.355
293.347
293.335
293.322
293.31
293.3
293.293
293.292
293.299
293.35
293.367
293.356
293.341
293.328
293.314
293.305
293.299
293.295
293.295
293.356
293.37
293.358
293.341
293.328
293.318
293.309
293.303
293.297
293.296
293.357
293.367
293.356
293.341
293.329
293.32
293.313
293.308
293.304
293.302
293.356
293.358
293.347
293.337
293.329
293.324
293.32
293.317
293.317
293.316
293.346
293.345
293.336
293.33
293.325
293.322
293.321
293.322
293.323
293.326
293.274
293.277
293.272
293.262
293.251
293.244
293.243
293.252
293.291
293.631
293.287
293.304
293.305
293.297
293.285
293.276
293.271
293.274
293.3
293.476
293.305
293.331
293.335
293.327
293.314
293.302
293.293
293.29
293.303
293.394
293.324
293.357
293.362
293.353
293.339
293.324
293.311
293.301
293.302
293.351
293.344
293.377
293.381
293.371
293.355
293.338
293.322
293.308
293.303
293.327
293.359
293.389
293.388
293.376
293.36
293.343
293.327
293.313
293.304
293.313
293.368
293.391
293.384
293.37
293.355
293.341
293.328
293.316
293.307
293.307
293.37
293.385
293.373
293.36
293.348
293.338
293.329
293.322
293.315
293.312
293.369
293.372
293.36
293.35
293.343
293.339
293.336
293.335
293.333
293.331
293.355
293.351
293.342
293.338
293.337
293.337
293.34
293.344
293.35
293.354
293.26
293.262
293.256
293.246
293.237
293.232
293.233
293.242
293.281
293.656
293.276
293.294
293.293
293.284
293.275
293.268
293.266
293.273
293.305
293.529
293.299
293.329
293.331
293.321
293.308
293.298
293.293
293.293
293.317
293.461
293.322
293.366
293.369
293.355
293.338
293.324
293.314
293.306
293.318
293.416
293.346
293.395
293.397
293.382
293.362
293.344
293.329
293.316
293.317
293.383
293.366
293.409
293.408
293.392
293.373
293.355
293.337
293.322
293.316
293.356
293.379
293.411
293.402
293.387
293.371
293.355
293.34
293.325
293.317
293.338
293.384
293.402
293.389
293.376
293.363
293.352
293.341
293.331
293.324
293.332
293.379
293.387
293.375
293.366
293.36
293.355
293.352
293.349
293.349
293.352
293.364
293.36
293.352
293.351
293.353
293.357
293.362
293.373
293.38
293.392
293.249
293.248
293.24
293.23
293.222
293.219
293.22
293.229
293.265
293.668
293.268
293.284
293.279
293.268
293.258
293.253
293.255
293.265
293.299
293.539
293.294
293.328
293.324
293.308
293.293
293.285
293.284
293.29
293.322
293.485
293.324
293.375
293.373
293.349
293.328
293.314
293.307
293.306
293.33
293.458
293.352
293.411
293.409
293.384
293.358
293.338
293.325
293.318
293.331
293.435
293.377
293.428
293.423
293.402
293.377
293.356
293.339
293.326
293.331
293.411
293.393
293.43
293.418
293.401
293.381
293.363
293.345
293.331
293.332
293.391
293.398
293.421
293.406
293.391
293.376
293.363
293.35
293.339
293.339
293.376
293.397
293.404
293.392
293.383
293.376
293.371
293.367
293.367
293.373
293.393
293.375
293.374
293.367
293.367
293.371
293.379
293.391
293.406
293.422
293.44
293.24
293.238
293.229
293.218
293.211
293.208
293.209
293.217
293.25
293.698
293.261
293.278
293.269
293.254
293.244
293.24
293.243
293.254
293.286
293.546
293.291
293.329
293.32
293.297
293.28
293.272
293.273
293.283
293.318
293.492
293.328
293.385
293.377
293.345
293.317
293.303
293.298
293.302
293.334
293.475
293.362
293.427
293.421
293.387
293.353
293.331
293.319
293.316
293.342
293.465
293.391
293.448
293.438
293.41
293.379
293.354
293.336
293.327
293.345
293.454
293.408
293.45
293.434
293.413
293.389
293.366
293.348
293.336
293.349
293.442
293.416
293.441
293.424
293.405
293.388
293.372
293.358
293.348
293.361
293.432
293.415
293.423
293.412
293.403
293.395
293.388
293.386
293.391
293.408
293.45
293.394
293.389
293.384
293.387
293.397
293.409
293.421
293.443
293.466
293.496
293.234
293.232
293.221
293.21
293.203
293.2
293.201
293.206
293.237
293.74
293.257
293.274
293.262
293.245
293.234
293.23
293.233
293.242
293.273
293.561
293.292
293.332
293.319
293.291
293.27
293.262
293.264
293.274
293.311
293.498
293.333
293.397
293.384
293.344
293.311
293.295
293.291
293.298
293.333
293.483
293.374
293.445
293.434
293.392
293.352
293.326
293.315
293.315
293.347
293.48
293.405
293.468
293.453
293.419
293.382
293.354
293.335
293.328
293.355
293.479
293.428
293.471
293.451
293.425
293.397
293.371
293.351
293.341
293.366
293.479
293.437
293.463
293.444
293.422
293.401
293.382
293.366
293.36
293.387
293.481
293.435
293.445
293.436
293.427
293.418
293.411
293.411
293.421
293.45
293.506
293.409
293.409
293.403
293.41
293.423
293.44
293.459
293.483
293.516
293.548
293.229
293.227
293.215
293.204
293.197
293.194
293.194
293.199
293.226
293.79
293.254
293.272
293.259
293.24
293.227
293.223
293.225
293.234
293.262
293.58
293.292
293.337
293.32
293.288
293.265
293.256
293.257
293.267
293.303
293.508
293.337
293.408
293.392
293.346
293.309
293.29
293.286
293.293
293.33
293.491
293.384
293.462
293.447
293.398
293.353
293.326
293.313
293.314
293.348
293.492
293.422
293.488
293.469
293.429
293.389
293.358
293.338
293.331
293.362
293.496
293.447
293.494
293.47
293.439
293.407
293.379
293.358
293.348
293.379
293.505
293.461
293.488
293.467
293.441
293.417
293.395
293.378
293.375
293.411
293.519
293.455
293.471
293.463
293.455
293.446
293.439
293.441
293.455
293.49
293.555
293.426
293.426
293.427
293.437
293.453
293.473
293.496
293.524
293.561
293.599
293.223
293.223
293.211
293.2
293.192
293.19
293.19
293.193
293.216
293.847
293.251
293.271
293.256
293.235
293.222
293.218
293.22
293.227
293.253
293.6
293.293
293.342
293.322
293.286
293.261
293.251
293.253
293.262
293.297
293.518
293.342
293.42
293.401
293.349
293.308
293.289
293.284
293.291
293.327
293.501
293.391
293.479
293.461
293.407
293.357
293.328
293.315
293.315
293.349
293.504
293.439
293.51
293.486
293.442
293.397
293.365
293.344
293.336
293.367
293.512
293.466
293.518
293.491
293.455
293.421
293.391
293.368
293.358
293.39
293.528
293.483
293.516
293.494
293.465
293.438
293.413
293.395
293.393
293.434
293.553
293.478
293.498
293.495
293.488
293.479
293.474
293.476
293.492
293.531
293.604
293.445
293.447
293.449
293.463
293.483
293.509
293.538
293.573
293.617
293.655
293.218
293.219
293.207
293.195
293.188
293.186
293.185
293.188
293.206
293.909
293.249
293.271
293.254
293.231
293.218
293.213
293.216
293.223
293.247
293.622
293.294
293.347
293.325
293.285
293.258
293.248
293.249
293.259
293.295
293.529
293.347
293.43
293.409
293.352
293.308
293.288
293.284
293.29
293.326
293.513
293.401
293.495
293.475
293.415
293.362
293.331
293.318
293.317
293.35
293.519
293.449
293.531
293.503
293.455
293.407
293.374
293.353
293.343
293.372
293.53
293.488
293.544
293.514
293.473
293.437
293.407
293.382
293.37
293.4
293.552
293.503
293.545
293.525
293.495
293.465
293.438
293.416
293.412
293.454
293.588
293.501
293.527
293.529
293.526
293.519
293.514
293.515
293.532
293.574
293.658
293.463
293.469
293.474
293.492
293.517
293.548
293.583
293.626
293.675
293.727
293.214
293.216
293.204
293.192
293.184
293.182
293.181
293.184
293.195
293.976
293.248
293.27
293.252
293.228
293.213
293.209
293.211
293.219
293.243
293.644
293.294
293.351
293.327
293.284
293.255
293.244
293.246
293.256
293.293
293.541
293.351
293.44
293.417
293.356
293.309
293.287
293.283
293.29
293.326
293.525
293.409
293.511
293.488
293.424
293.367
293.335
293.322
293.321
293.353
293.536
293.465
293.552
293.521
293.468
293.418
293.383
293.363
293.352
293.379
293.551
293.505
293.571
293.538
293.493
293.455
293.425
293.399
293.384
293.411
293.578
293.526
293.576
293.558
293.528
293.498
293.469
293.443
293.434
293.473
293.625
293.518
293.56
293.567
293.569
293.567
293.564
293.563
293.575
293.62
293.719
293.48
293.49
293.499
293.516
293.541
293.581
293.63
293.682
293.743
293.801
293.211
293.213
293.201
293.189
293.181
293.178
293.177
293.18
293.184
294.048
293.246
293.269
293.25
293.225
293.209
293.204
293.206
293.214
293.238
293.667
293.295
293.353
293.328
293.282
293.251
293.24
293.242
293.253
293.293
293.553
293.356
293.448
293.423
293.358
293.308
293.285
293.282
293.29
293.328
293.538
293.419
293.525
293.501
293.431
293.371
293.337
293.325
293.325
293.357
293.553
293.476
293.572
293.538
293.481
293.427
293.392
293.371
293.361
293.387
293.573
293.523
293.597
293.562
293.514
293.473
293.442
293.417
293.4
293.424
293.606
293.544
293.608
293.593
293.562
293.532
293.503
293.472
293.456
293.492
293.664
293.541
293.591
293.607
293.614
293.617
293.615
293.613
293.621
293.668
293.785
293.494
293.511
293.53
293.552
293.581
293.62
293.686
293.755
293.824
293.898
293.208
293.211
293.199
293.186
293.178
293.174
293.173
293.175
293.171
294.123
293.244
293.268
293.248
293.222
293.206
293.2
293.201
293.209
293.233
293.69
293.295
293.355
293.329
293.281
293.248
293.236
293.238
293.249
293.291
293.563
293.356
293.453
293.428
293.36
293.307
293.283
293.279
293.288
293.328
293.55
293.423
293.536
293.511
293.438
293.374
293.338
293.325
293.327
293.361
293.571
293.486
293.59
293.555
293.492
293.435
293.398
293.378
293.368
293.394
293.596
293.535
293.62
293.585
293.532
293.489
293.458
293.433
293.415
293.437
293.636
293.562
293.637
293.625
293.594
293.565
293.535
293.502
293.479
293.509
293.703
293.558
293.623
293.647
293.659
293.665
293.664
293.661
293.669
293.721
293.86
293.507
293.532
293.556
293.586
293.623
293.672
293.745
293.823
293.915
294.01
293.206
293.209
293.197
293.184
293.176
293.172
293.17
293.171
293.158
294.202
293.243
293.267
293.247
293.22
293.203
293.196
293.197
293.204
293.227
293.712
293.296
293.356
293.329
293.28
293.246
293.232
293.233
293.245
293.288
293.573
293.358
293.458
293.431
293.361
293.306
293.28
293.275
293.285
293.328
293.562
293.425
293.545
293.52
293.443
293.376
293.338
293.324
293.327
293.363
293.591
293.495
293.604
293.569
293.502
293.441
293.402
293.381
293.373
293.4
293.622
293.55
293.641
293.605
293.548
293.502
293.469
293.445
293.427
293.448
293.669
293.576
293.662
293.653
293.622
293.593
293.564
293.53
293.501
293.523
293.745
293.573
293.65
293.682
293.7
293.711
293.714
293.712
293.722
293.78
293.947
293.521
293.55
293.576
293.615
293.668
293.732
293.805
293.896
294.006
294.149
293.205
293.207
293.196
293.183
293.174
293.17
293.168
293.168
293.146
294.285
293.242
293.267
293.246
293.219
293.201
293.193
293.193
293.199
293.222
293.735
293.296
293.357
293.329
293.279
293.244
293.229
293.229
293.241
293.286
293.583
293.36
293.461
293.434
293.362
293.305
293.278
293.272
293.282
293.327
293.577
293.428
293.551
293.526
293.447
293.377
293.337
293.323
293.326
293.365
293.615
293.498
293.615
293.58
293.51
293.445
293.403
293.382
293.375
293.405
293.655
293.556
293.656
293.619
293.559
293.51
293.475
293.452
293.435
293.457
293.711
293.59
293.681
293.674
293.642
293.612
293.583
293.552
293.52
293.532
293.792
293.583
293.67
293.71
293.735
293.747
293.752
293.754
293.767
293.838
294.054
293.53
293.568
293.601
293.644
293.703
293.783
293.867
293.975
294.121
294.296
293.204
293.207
293.195
293.182
293.174
293.169
293.167
293.167
293.137
294.364
293.242
293.266
293.246
293.218
293.2
293.192
293.191
293.197
293.22
293.755
293.297
293.357
293.329
293.279
293.243
293.228
293.227
293.238
293.285
293.592
293.359
293.462
293.435
293.363
293.305
293.276
293.271
293.281
293.327
293.592
293.429
293.554
293.529
293.449
293.377
293.336
293.321
293.325
293.367
293.64
293.499
293.62
293.586
293.514
293.447
293.403
293.382
293.376
293.408
293.687
293.56
293.664
293.627
293.565
293.513
293.478
293.454
293.439
293.464
293.753
293.595
293.692
293.685
293.651
293.62
293.593
293.564
293.534
293.538
293.835
293.594
293.683
293.728
293.753
293.769
293.776
293.776
293.797
293.884
294.157
293.534
293.577
293.615
293.66
293.729
293.822
293.922
294.045
294.218
294.417
293.72
293.36
293.318
293.31
293.304
293.299
293.296
293.301
293.316
293.326
294.125
293.63
293.473
293.398
293.354
293.327
293.313
293.313
293.332
293.355
294.25
293.76
293.606
293.52
293.455
293.404
293.366
293.345
293.357
293.395
294.333
293.802
293.663
293.595
293.542
293.493
293.45
293.414
293.41
293.448
294.457
293.844
293.695
293.633
293.593
293.557
293.523
293.491
293.48
293.508
294.625
293.905
293.736
293.67
293.631
293.6
293.575
293.553
293.544
293.562
294.829
293.981
293.791
293.719
293.677
293.645
293.622
293.604
293.6
293.62
295.064
294.066
293.853
293.777
293.733
293.7
293.676
293.66
293.66
293.68
295.328
294.155
293.921
293.842
293.797
293.762
293.738
293.723
293.728
293.755
295.622
294.248
293.992
293.913
293.868
293.833
293.809
293.796
293.808
293.84
295.946
294.346
294.068
293.992
293.948
293.913
293.89
293.879
293.899
293.936
296.301
294.447
294.15
294.078
294.04
294.004
293.984
293.974
294.006
294.063
296.693
294.557
294.243
294.182
294.15
294.117
294.1
294.092
294.14
294.222
297.146
294.704
294.374
294.326
294.304
294.272
294.26
294.251
294.32
294.394
297.595
294.865
294.521
294.487
294.474
294.443
294.433
294.42
294.508
294.572
293.756
293.78
293.798
293.812
293.369
293.379
293.385
293.388
293.32
293.322
293.323
293.324
293.312
293.313
293.314
293.314
293.304
293.305
293.306
293.306
293.299
293.3
293.3
293.3
293.296
293.297
293.297
293.297
293.301
293.301
293.301
293.301
293.316
293.315
293.316
293.315
293.326
293.326
293.326
293.326
294.224
294.305
294.364
294.401
293.672
293.715
293.749
293.77
293.489
293.506
293.519
293.528
293.407
293.414
293.42
293.423
293.359
293.363
293.366
293.368
293.33
293.332
293.334
293.335
293.314
293.315
293.316
293.316
293.313
293.313
293.313
293.313
293.332
293.332
293.332
293.332
293.355
293.356
293.356
293.356
294.375
294.479
294.557
294.608
293.825
293.893
293.948
293.982
293.638
293.67
293.697
293.714
293.539
293.556
293.57
293.579
293.468
293.479
293.487
293.492
293.412
293.419
293.424
293.427
293.371
293.375
293.378
293.38
293.347
293.349
293.35
293.351
293.358
293.358
293.359
293.359
293.396
293.396
293.396
293.396
294.477
294.598
294.69
294.751
293.881
293.964
294.032
294.075
293.704
293.746
293.781
293.805
293.621
293.646
293.665
293.678
293.561
293.578
293.591
293.599
293.507
293.52
293.529
293.535
293.46
293.469
293.475
293.479
293.42
293.426
293.43
293.432
293.413
293.415
293.417
293.418
293.449
293.45
293.45
293.451
294.626
294.769
294.878
294.95
293.936
294.035
294.118
294.17
293.743
293.794
293.838
293.867
293.665
293.695
293.719
293.734
293.616
293.636
293.652
293.662
293.575
293.59
293.602
293.609
293.537
293.549
293.558
293.563
293.501
293.51
293.516
293.52
293.485
293.489
293.492
293.494
293.509
293.511
293.512
293.513
294.828
295.002
295.136
295.225
294.017
294.14
294.243
294.309
293.795
293.858
293.913
293.95
293.708
293.745
293.776
293.796
293.658
293.684
293.703
293.716
293.622
293.64
293.655
293.664
293.592
293.606
293.617
293.623
293.565
293.575
293.583
293.587
293.55
293.555
293.559
293.561
293.565
293.567
293.568
293.57
295.078
295.293
295.46
295.573
294.12
294.274
294.406
294.491
293.864
293.945
294.016
294.064
293.767
293.814
293.853
293.88
293.711
293.743
293.769
293.785
293.672
293.695
293.713
293.725
293.642
293.66
293.673
293.681
293.619
293.631
293.64
293.646
293.607
293.613
293.618
293.62
293.623
293.625
293.626
293.626
295.368
295.636
295.847
295.99
294.236
294.432
294.601
294.712
293.944
294.048
294.14
294.203
293.837
293.898
293.949
293.984
293.777
293.818
293.851
293.871
293.733
293.764
293.787
293.801
293.701
293.724
293.741
293.751
293.678
293.693
293.705
293.712
293.668
293.676
293.681
293.684
293.684
293.686
293.688
293.689
295.698
296.031
296.296
296.478
294.363
294.609
294.826
294.969
294.033
294.163
294.282
294.365
293.917
293.993
294.059
294.104
293.852
293.904
293.946
293.973
293.805
293.843
293.873
293.892
293.771
293.8
293.821
293.835
293.747
293.767
293.781
293.791
293.739
293.749
293.755
293.76
293.759
293.762
293.764
293.765
296.069
296.479
296.812
297.042
294.501
294.807
295.081
295.265
294.128
294.291
294.444
294.55
294.004
294.101
294.185
294.243
293.936
294.001
294.055
294.089
293.886
293.934
293.972
293.996
293.85
293.887
293.914
293.931
293.825
293.851
293.87
293.882
293.822
293.834
293.842
293.848
293.845
293.849
293.851
293.853
296.483
296.986
297.4
297.69
294.649
295.027
295.373
295.609
294.232
294.435
294.628
294.766
294.102
294.222
294.329
294.403
294.031
294.113
294.18
294.224
293.978
294.039
294.086
294.117
293.941
293.987
294.022
294.043
293.916
293.948
293.973
293.988
293.917
293.932
293.943
293.95
293.943
293.948
293.951
293.954
296.944
297.556
298.069
298.432
294.81
295.275
295.709
296.008
294.346
294.597
294.842
295.019
294.213
294.361
294.497
294.592
294.141
294.242
294.327
294.383
294.085
294.161
294.221
294.26
294.047
294.104
294.149
294.176
294.021
294.063
294.094
294.114
294.029
294.049
294.063
294.072
294.07
294.072
294.076
294.079
297.459
298.206
298.842
299.297
294.992
295.563
296.109
296.491
294.481
294.793
295.105
295.334
294.346
294.533
294.707
294.831
294.276
294.403
294.512
294.586
294.217
294.314
294.392
294.442
294.179
294.253
294.31
294.346
294.152
294.207
294.248
294.274
294.171
294.197
294.217
294.228
294.232
294.24
294.245
294.248
298.068
298.991
299.788
300.361
295.234
295.949
296.647
297.143
294.669
295.069
295.478
295.782
294.533
294.777
295.009
295.177
294.465
294.632
294.778
294.878
294.402
294.53
294.634
294.703
294.363
294.46
294.537
294.587
294.332
294.406
294.463
294.499
294.363
294.4
294.428
294.445
294.412
294.432
294.441
294.445
298.689
299.811
300.792
301.495
295.502
296.382
297.255
297.886
294.883
295.387
295.91
296.305
294.746
295.056
295.359
295.582
294.676
294.891
295.083
295.216
294.607
294.771
294.908
294.998
294.563
294.688
294.789
294.854
294.525
294.622
294.697
294.745
294.565
294.614
294.651
294.674
294.591
294.605
294.615
294.621
293.818
293.388
293.324
293.314
293.306
293.3
293.297
293.301
293.315
293.326
294.413
293.776
293.53
293.425
293.369
293.335
293.317
293.313
293.332
293.356
294.625
293.992
293.72
293.582
293.494
293.428
293.381
293.351
293.359
293.396
294.772
294.087
293.812
293.682
293.601
293.536
293.48
293.433
293.418
293.451
294.976
294.185
293.876
293.74
293.665
293.612
293.565
293.521
293.495
293.513
295.257
294.327
293.962
293.802
293.72
293.666
293.625
293.589
293.562
293.571
295.612
294.515
294.079
293.888
293.79
293.728
293.684
293.648
293.621
293.626
296.04
294.743
294.223
293.994
293.878
293.806
293.755
293.714
293.685
293.689
296.541
295.009
294.39
294.118
293.981
293.898
293.839
293.793
293.761
293.765
297.123
295.318
294.584
294.261
294.1
294.003
293.937
293.885
293.849
293.853
297.791
295.676
294.809
294.426
294.237
294.126
294.05
293.992
293.952
293.954
298.56
296.094
295.075
294.623
294.401
294.272
294.185
294.119
294.074
294.08
299.457
296.602
295.406
294.871
294.609
294.457
294.357
294.282
294.232
294.249
300.56
297.291
295.88
295.232
294.91
294.724
294.602
294.51
294.45
294.447
301.737
298.075
296.434
295.655
295.258
295.026
294.874
294.759
294.681
294.622
293.812
293.797
293.779
293.755
293.388
293.385
293.378
293.369
293.324
293.323
293.321
293.32
293.314
293.314
293.313
293.312
293.306
293.306
293.307
293.306
293.3
293.3
293.3
293.299
293.297
293.297
293.297
293.296
293.301
293.301
293.301
293.301
293.316
293.316
293.316
293.316
293.326
293.326
293.326
293.326
294.401
294.364
294.306
294.225
293.771
293.75
293.716
293.673
293.528
293.52
293.506
293.49
293.424
293.42
293.414
293.407
293.368
293.366
293.363
293.359
293.335
293.334
293.332
293.33
293.316
293.316
293.315
293.314
293.313
293.313
293.313
293.313
293.332
293.332
293.332
293.332
293.358
293.358
293.357
293.356
294.608
294.558
294.481
294.377
293.983
293.949
293.895
293.828
293.715
293.698
293.672
293.64
293.579
293.571
293.558
293.54
293.492
293.487
293.479
293.468
293.427
293.424
293.419
293.412
293.38
293.378
293.375
293.371
293.351
293.35
293.349
293.347
293.359
293.359
293.358
293.358
293.396
293.395
293.395
293.394
294.751
294.691
294.6
294.479
294.076
294.034
293.966
293.884
293.806
293.783
293.748
293.706
293.679
293.667
293.647
293.623
293.599
293.591
293.579
293.562
293.535
293.529
293.52
293.508
293.479
293.475
293.469
293.46
293.432
293.43
293.426
293.42
293.418
293.417
293.415
293.413
293.451
293.45
293.45
293.45
294.951
294.879
294.771
294.628
294.171
294.12
294.038
293.939
293.868
293.84
293.797
293.746
293.735
293.72
293.697
293.667
293.663
293.653
293.638
293.618
293.61
293.603
293.591
293.576
293.564
293.558
293.55
293.538
293.52
293.516
293.51
293.502
293.494
293.493
293.49
293.485
293.513
293.513
293.512
293.51
295.226
295.137
295.004
294.83
294.31
294.245
294.142
294.019
293.951
293.915
293.861
293.798
293.796
293.777
293.748
293.711
293.716
293.705
293.686
293.661
293.664
293.656
293.642
293.624
293.624
293.618
293.607
293.593
293.588
293.583
293.576
293.566
293.561
293.559
293.556
293.551
293.569
293.568
293.57
293.568
295.573
295.461
295.295
295.079
294.492
294.408
294.277
294.122
294.065
294.018
293.947
293.866
293.88
293.855
293.816
293.769
293.785
293.77
293.745
293.714
293.725
293.715
293.697
293.674
293.682
293.674
293.661
293.644
293.646
293.641
293.632
293.62
293.62
293.618
293.614
293.608
293.626
293.624
293.623
293.622
295.99
295.848
295.637
295.369
294.713
294.603
294.434
294.238
294.204
294.141
294.049
293.946
293.984
293.951
293.9
293.839
293.872
293.852
293.82
293.779
293.802
293.788
293.765
293.735
293.752
293.742
293.725
293.703
293.712
293.706
293.694
293.679
293.684
293.681
293.676
293.669
293.689
293.688
293.686
293.684
296.478
296.296
296.031
295.698
294.969
294.826
294.61
294.364
294.365
294.283
294.164
294.034
294.105
294.06
293.995
293.918
293.973
293.947
293.905
293.853
293.892
293.874
293.845
293.806
293.835
293.822
293.801
293.772
293.791
293.782
293.767
293.748
293.76
293.756
293.749
293.74
293.765
293.764
293.761
293.758
297.042
296.812
296.479
296.069
295.266
295.082
294.807
294.501
294.551
294.444
294.292
294.129
294.243
294.186
294.102
294.005
294.09
294.055
294.002
293.937
293.997
293.973
293.935
293.887
293.932
293.915
293.888
293.851
293.882
293.871
293.852
293.826
293.848
293.843
293.834
293.822
293.852
293.851
293.849
293.844
297.689
297.399
296.986
296.483
295.608
295.373
295.027
294.649
294.766
294.628
294.435
294.232
294.403
294.329
294.223
294.103
294.224
294.18
294.114
294.032
294.117
294.087
294.04
293.979
294.044
294.022
293.987
293.942
293.988
293.973
293.949
293.916
293.95
293.943
293.932
293.917
293.953
293.951
293.948
293.943
298.432
298.069
297.556
296.943
296.008
295.708
295.274
294.81
295.019
294.842
294.598
294.347
294.593
294.497
294.362
294.213
294.384
294.328
294.243
294.142
294.26
294.222
294.162
294.086
294.177
294.149
294.105
294.048
294.114
294.095
294.063
294.022
294.072
294.063
294.049
294.029
294.081
294.083
294.079
294.071
299.297
298.842
298.206
297.46
296.491
296.109
295.564
294.992
295.334
295.106
294.794
294.482
294.832
294.708
294.534
294.347
294.586
294.514
294.405
294.277
294.443
294.393
294.316
294.219
294.347
294.311
294.254
294.181
294.275
294.249
294.208
294.154
294.228
294.217
294.197
294.171
294.248
294.244
294.232
294.221
300.361
299.789
298.993
298.07
297.144
296.649
295.951
295.236
295.783
295.479
295.071
294.671
295.178
295.01
294.779
294.536
294.879
294.78
294.635
294.467
294.704
294.636
294.532
294.405
294.587
294.539
294.462
294.365
294.499
294.464
294.408
294.334
294.445
294.429
294.401
294.365
294.446
294.441
294.434
294.423
301.497
300.795
299.815
298.692
297.888
297.258
296.385
295.505
296.307
295.913
295.39
294.886
295.584
295.361
295.059
294.748
295.217
295.085
294.894
294.679
294.999
294.91
294.774
294.61
294.855
294.791
294.691
294.566
294.746
294.699
294.624
294.528
294.674
294.652
294.615
294.566
294.62
294.614
294.604
294.59
293.719
293.361
293.318
293.31
293.305
293.299
293.296
293.301
293.316
293.326
294.127
293.631
293.474
293.399
293.354
293.327
293.313
293.313
293.332
293.355
294.252
293.763
293.608
293.521
293.456
293.404
293.366
293.344
293.357
293.394
294.335
293.805
293.666
293.597
293.544
293.494
293.45
293.414
293.41
293.448
294.459
293.847
293.698
293.636
293.595
293.558
293.524
293.492
293.481
293.508
294.627
293.907
293.739
293.673
293.633
293.603
293.577
293.554
293.545
293.566
294.831
293.984
293.793
293.721
293.679
293.648
293.624
293.606
293.601
293.62
295.065
294.068
293.855
293.779
293.735
293.702
293.678
293.661
293.66
293.681
295.329
294.156
293.922
293.843
293.798
293.764
293.74
293.725
293.729
293.754
295.621
294.248
293.993
293.914
293.869
293.834
293.811
293.797
293.808
293.838
295.945
294.345
294.068
293.992
293.949
293.914
293.891
293.879
293.899
293.94
296.301
294.447
294.15
294.079
294.041
294.006
293.985
293.975
294.006
294.062
296.694
294.558
294.244
294.183
294.152
294.119
294.102
294.093
294.141
294.211
297.147
294.706
294.375
294.328
294.307
294.275
294.263
294.253
294.321
294.407
297.598
294.867
294.523
294.49
294.478
294.446
294.436
294.423
294.509
294.571
293.46
293.281
293.255
293.248
293.25
293.257
293.267
293.277
293.283
293.283
293.34
293.279
293.268
293.266
293.27
293.276
293.285
293.295
293.3
293.295
293.309
293.283
293.278
293.279
293.285
293.292
293.304
293.314
293.321
293.308
293.302
293.29
293.287
293.291
293.299
293.309
293.321
293.334
293.34
293.324
293.299
293.293
293.295
293.301
293.309
293.322
293.336
293.348
293.357
293.338
293.295
293.295
293.299
293.307
293.316
293.327
293.341
293.355
293.367
293.349
293.296
293.298
293.302
293.309
293.319
293.329
293.344
293.359
293.37
293.357
293.302
293.304
293.309
293.314
293.321
293.33
293.342
293.356
293.367
293.358
293.316
293.317
293.318
293.321
293.325
293.33
293.337
293.347
293.358
293.356
293.325
293.325
293.323
293.322
293.323
293.326
293.33
293.336
293.345
293.349
293.632
293.291
293.252
293.244
293.245
293.252
293.262
293.272
293.277
293.274
293.477
293.3
293.275
293.272
293.276
293.285
293.297
293.305
293.304
293.288
293.395
293.303
293.289
293.293
293.302
293.314
293.327
293.335
293.331
293.306
293.351
293.302
293.301
293.31
293.324
293.339
293.353
293.362
293.357
293.325
293.327
293.303
293.308
293.322
293.338
293.355
293.371
293.381
293.377
293.343
293.313
293.304
293.313
293.327
293.343
293.36
293.376
293.388
293.389
293.359
293.307
293.307
293.316
293.328
293.341
293.355
293.37
293.384
293.391
293.368
293.312
293.315
293.322
293.33
293.338
293.348
293.36
293.373
293.385
293.373
293.332
293.333
293.335
293.337
293.339
293.344
293.35
293.36
293.372
293.369
293.355
293.351
293.345
293.339
293.337
293.336
293.339
293.343
293.352
293.354
293.658
293.281
293.242
293.233
293.232
293.237
293.246
293.256
293.262
293.26
293.532
293.306
293.273
293.266
293.268
293.275
293.284
293.293
293.294
293.276
293.463
293.317
293.293
293.293
293.298
293.308
293.32
293.331
293.329
293.298
293.418
293.318
293.306
293.313
293.324
293.338
293.355
293.369
293.366
293.324
293.384
293.317
293.316
293.329
293.344
293.362
293.381
293.397
293.394
293.346
293.356
293.316
293.322
293.337
293.355
293.373
293.392
293.408
293.409
293.366
293.338
293.318
293.325
293.34
293.355
293.371
293.387
293.402
293.411
293.379
293.332
293.324
293.331
293.341
293.352
293.364
293.376
293.389
293.403
293.385
293.353
293.349
293.35
293.352
293.355
293.36
293.366
293.375
293.387
293.38
293.391
293.383
293.372
293.362
293.355
293.352
293.351
293.352
293.362
293.364
293.669
293.266
293.23
293.221
293.219
293.222
293.23
293.24
293.248
293.249
293.541
293.299
293.265
293.255
293.254
293.258
293.268
293.279
293.284
293.267
293.488
293.322
293.29
293.284
293.285
293.293
293.307
293.324
293.328
293.293
293.46
293.33
293.306
293.307
293.314
293.327
293.349
293.372
293.375
293.325
293.437
293.332
293.318
293.325
293.338
293.358
293.384
293.409
293.411
293.353
293.412
293.332
293.326
293.339
293.356
293.377
293.402
293.423
293.428
293.378
293.391
293.333
293.332
293.346
293.363
293.381
293.401
293.419
293.43
293.394
293.376
293.339
293.34
293.35
293.363
293.376
293.391
293.406
293.421
293.401
293.393
293.374
293.367
293.368
293.371
293.377
293.384
293.392
293.404
293.396
293.438
293.422
293.406
293.392
293.381
293.371
293.368
293.367
293.374
293.377
293.698
293.25
293.217
293.209
293.208
293.211
293.218
293.229
293.238
293.24
293.548
293.287
293.254
293.243
293.24
293.244
293.254
293.269
293.277
293.262
293.494
293.319
293.283
293.273
293.272
293.279
293.297
293.32
293.329
293.292
293.477
293.335
293.303
293.298
293.302
293.317
293.345
293.377
293.385
293.328
293.468
293.342
293.317
293.319
293.331
293.353
293.387
293.421
293.427
293.362
293.456
293.346
293.327
293.336
293.354
293.379
293.41
293.438
293.448
293.39
293.443
293.35
293.336
293.348
293.366
293.389
293.413
293.435
293.45
293.409
293.433
293.361
293.349
293.358
293.372
293.388
293.405
293.424
293.441
293.417
293.45
293.409
293.391
293.387
293.389
293.395
293.403
293.412
293.423
293.415
293.493
293.466
293.442
293.421
293.408
293.396
293.386
293.385
293.389
293.391
293.74
293.237
293.206
293.201
293.2
293.203
293.21
293.221
293.232
293.234
293.562
293.273
293.243
293.233
293.23
293.234
293.245
293.262
293.274
293.257
293.5
293.311
293.275
293.264
293.262
293.27
293.291
293.319
293.333
293.292
293.485
293.334
293.298
293.291
293.294
293.311
293.344
293.384
293.397
293.333
293.483
293.348
293.315
293.314
293.326
293.351
293.391
293.434
293.445
293.372
293.481
293.356
293.329
293.335
293.354
293.382
293.419
293.453
293.468
293.407
293.481
293.367
293.341
293.351
293.371
293.397
293.425
293.452
293.471
293.426
293.482
293.387
293.36
293.367
293.382
293.401
293.422
293.444
293.463
293.439
293.506
293.45
293.422
293.411
293.411
293.418
293.427
293.436
293.445
293.433
293.549
293.516
293.482
293.456
293.439
293.423
293.41
293.403
293.404
293.408
293.791
293.226
293.199
293.194
293.194
293.197
293.204
293.215
293.227
293.229
293.581
293.262
293.234
293.225
293.223
293.227
293.239
293.258
293.272
293.253
293.509
293.303
293.267
293.257
293.256
293.265
293.287
293.32
293.337
293.292
293.493
293.331
293.294
293.286
293.29
293.309
293.345
293.392
293.408
293.338
293.494
293.349
293.314
293.313
293.326
293.353
293.398
293.447
293.462
293.384
293.498
293.363
293.331
293.338
293.357
293.388
293.429
293.469
293.489
293.421
293.507
293.38
293.349
293.358
293.379
293.407
293.439
293.47
293.494
293.447
293.521
293.413
293.375
293.378
293.395
293.417
293.441
293.467
293.488
293.459
293.556
293.491
293.456
293.441
293.439
293.445
293.454
293.463
293.47
293.453
293.601
293.563
293.524
293.497
293.474
293.454
293.435
293.425
293.424
293.425
293.847
293.216
293.193
293.19
293.19
293.192
293.2
293.211
293.222
293.223
293.601
293.253
293.227
293.22
293.218
293.222
293.235
293.256
293.271
293.251
293.519
293.298
293.262
293.253
293.251
293.261
293.286
293.322
293.342
293.293
293.503
293.328
293.291
293.284
293.289
293.308
293.349
293.4
293.42
293.343
293.506
293.349
293.315
293.315
293.328
293.357
293.406
293.461
293.479
293.392
293.514
293.368
293.336
293.344
293.365
293.397
293.441
293.486
293.51
293.437
293.53
293.391
293.358
293.368
293.391
293.421
293.455
293.491
293.518
293.467
293.555
293.435
293.393
293.395
293.413
293.437
293.465
293.494
293.515
293.479
293.605
293.532
293.493
293.476
293.473
293.478
293.487
293.494
293.498
293.474
293.657
293.611
293.573
293.536
293.511
293.483
293.462
293.447
293.446
293.442
293.909
293.206
293.188
293.185
293.186
293.188
293.195
293.207
293.219
293.218
293.622
293.247
293.223
293.215
293.213
293.217
293.231
293.254
293.27
293.249
293.53
293.295
293.259
293.249
293.248
293.258
293.285
293.325
293.347
293.294
293.514
293.326
293.29
293.284
293.288
293.308
293.352
293.409
293.43
293.346
293.52
293.351
293.317
293.318
293.331
293.362
293.415
293.475
293.496
293.4
293.532
293.373
293.343
293.353
293.374
293.407
293.455
293.503
293.531
293.452
293.554
293.401
293.37
293.382
293.407
293.437
293.473
293.514
293.544
293.484
293.59
293.455
293.413
293.416
293.437
293.464
293.494
293.525
293.545
293.505
293.659
293.575
293.533
293.515
293.513
293.518
293.526
293.529
293.527
293.498
293.727
293.674
293.623
293.585
293.549
293.514
293.488
293.473
293.468
293.457
293.976
293.195
293.184
293.181
293.182
293.184
293.192
293.204
293.216
293.215
293.644
293.243
293.219
293.211
293.209
293.213
293.228
293.252
293.27
293.248
293.541
293.293
293.256
293.246
293.244
293.255
293.284
293.327
293.351
293.294
293.526
293.327
293.29
293.283
293.287
293.308
293.356
293.417
293.441
293.35
293.536
293.354
293.321
293.322
293.335
293.367
293.424
293.489
293.511
293.409
293.552
293.379
293.352
293.362
293.383
293.418
293.468
293.521
293.552
293.466
293.58
293.412
293.384
293.399
293.425
293.455
293.493
293.538
293.571
293.505
293.626
293.474
293.434
293.443
293.469
293.498
293.528
293.558
293.576
293.526
293.719
293.621
293.576
293.564
293.564
293.567
293.569
293.567
293.56
293.517
293.807
293.745
293.686
293.626
293.579
293.543
293.52
293.498
293.489
293.477
294.047
293.184
293.18
293.177
293.178
293.181
293.189
293.201
293.213
293.211
293.667
293.238
293.214
293.206
293.204
293.209
293.225
293.25
293.269
293.246
293.553
293.292
293.253
293.242
293.24
293.251
293.282
293.328
293.354
293.295
293.538
293.328
293.29
293.281
293.285
293.308
293.358
293.423
293.449
293.355
293.554
293.358
293.325
293.324
293.337
293.371
293.432
293.501
293.525
293.417
293.574
293.387
293.361
293.371
293.392
293.428
293.481
293.539
293.572
293.475
293.607
293.424
293.4
293.417
293.442
293.473
293.514
293.562
293.597
293.523
293.665
293.493
293.457
293.472
293.502
293.532
293.562
293.592
293.607
293.544
293.786
293.669
293.622
293.613
293.615
293.616
293.614
293.608
293.592
293.542
293.897
293.821
293.749
293.682
293.625
293.584
293.557
293.531
293.513
293.493
294.123
293.171
293.175
293.173
293.174
293.178
293.186
293.199
293.211
293.208
293.69
293.233
293.209
293.201
293.2
293.206
293.222
293.249
293.269
293.244
293.563
293.291
293.249
293.237
293.236
293.248
293.281
293.329
293.356
293.296
293.551
293.328
293.288
293.279
293.283
293.307
293.361
293.428
293.455
293.358
293.572
293.361
293.327
293.325
293.338
293.374
293.438
293.512
293.537
293.424
293.597
293.394
293.368
293.378
293.398
293.436
293.493
293.555
293.59
293.487
293.637
293.437
293.415
293.433
293.458
293.49
293.533
293.585
293.621
293.534
293.704
293.509
293.479
293.501
293.534
293.564
293.594
293.625
293.637
293.561
293.861
293.722
293.669
293.661
293.663
293.664
293.659
293.647
293.622
293.56
293.999
293.907
293.83
293.75
293.672
293.624
293.588
293.555
293.533
293.508
294.202
293.158
293.171
293.17
293.172
293.176
293.184
293.197
293.209
293.206
293.712
293.227
293.203
293.196
293.196
293.203
293.22
293.248
293.268
293.243
293.573
293.288
293.244
293.233
293.232
293.246
293.28
293.33
293.357
293.296
293.563
293.328
293.285
293.275
293.28
293.306
293.362
293.432
293.458
293.359
293.592
293.363
293.327
293.324
293.338
293.376
293.444
293.521
293.546
293.426
293.624
293.4
293.373
293.381
293.402
293.442
293.503
293.57
293.605
293.492
293.671
293.448
293.427
293.445
293.47
293.502
293.548
293.605
293.641
293.549
293.746
293.523
293.501
293.53
293.564
293.593
293.623
293.653
293.662
293.579
293.948
293.78
293.721
293.711
293.713
293.71
293.7
293.682
293.648
293.573
294.146
294.016
293.899
293.799
293.725
293.66
293.612
293.577
293.549
293.519
294.285
293.146
293.168
293.168
293.17
293.174
293.183
293.196
293.208
293.204
293.735
293.222
293.199
293.193
293.193
293.201
293.219
293.247
293.267
293.242
293.583
293.286
293.24
293.229
293.229
293.244
293.28
293.33
293.358
293.296
293.578
293.327
293.282
293.272
293.278
293.306
293.363
293.435
293.461
293.36
293.616
293.365
293.326
293.323
293.337
293.377
293.448
293.527
293.552
293.428
293.656
293.405
293.375
293.382
293.404
293.446
293.511
293.581
293.615
293.5
293.713
293.457
293.435
293.452
293.476
293.511
293.56
293.62
293.657
293.556
293.794
293.533
293.521
293.552
293.584
293.613
293.643
293.675
293.681
293.587
294.053
293.838
293.767
293.753
293.751
293.746
293.733
293.709
293.669
293.586
294.298
294.107
293.976
293.862
293.775
293.695
293.64
293.593
293.562
293.526
294.364
293.137
293.166
293.167
293.169
293.174
293.182
293.195
293.207
293.204
293.755
293.219
293.197
293.191
293.192
293.2
293.218
293.246
293.267
293.242
293.593
293.284
293.238
293.227
293.228
293.243
293.279
293.33
293.358
293.295
293.593
293.326
293.28
293.27
293.276
293.305
293.364
293.436
293.462
293.359
293.641
293.367
293.325
293.321
293.336
293.378
293.45
293.53
293.554
293.428
293.689
293.408
293.376
293.382
293.404
293.448
293.515
293.586
293.621
293.501
293.755
293.464
293.44
293.455
293.478
293.514
293.566
293.628
293.665
293.556
293.837
293.538
293.535
293.565
293.593
293.62
293.652
293.686
293.692
293.595
294.156
293.883
293.797
293.779
293.775
293.766
293.751
293.726
293.681
293.588
294.419
294.207
294.041
293.921
293.809
293.722
293.658
293.61
293.577
293.532
293.15
293.15
293.15
293.15
293.15
293.15
293.15
293.15
293.15
293.15
293.15
293.15
293.15
293.15
293.15
293.15
293.15
293.15
293.15
293.15
293.15
293.15
293.15
293.15
293.151
293.151
293.151
293.15
293.15
293.15
293.151
293.151
293.151
293.151
293.151
293.151
293.151
293.151
293.151
293.151
293.153
293.153
293.153
293.152
293.152
293.153
293.153
293.152
293.152
293.152
293.157
293.156
293.155
293.155
293.155
293.155
293.155
293.154
293.154
293.153
293.163
293.161
293.16
293.159
293.159
293.159
293.16
293.16
293.158
293.157
293.176
293.172
293.169
293.167
293.165
293.165
293.167
293.169
293.167
293.167
293.197
293.19
293.185
293.18
293.177
293.176
293.178
293.182
293.189
293.192
293.226
293.217
293.208
293.199
293.193
293.191
293.194
293.201
293.221
293.269
293.15
293.15
293.15
293.15
293.15
293.15
293.15
293.15
293.15
293.15
293.15
293.15
293.15
293.15
293.15
293.15
293.15
293.15
293.15
293.15
293.151
293.151
293.151
293.15
293.15
293.151
293.151
293.151
293.151
293.151
293.151
293.151
293.151
293.151
293.151
293.151
293.151
293.151
293.152
293.152
293.153
293.153
293.152
293.152
293.152
293.152
293.152
293.152
293.153
293.153
293.156
293.155
293.155
293.154
293.154
293.154
293.154
293.155
293.155
293.156
293.162
293.16
293.159
293.158
293.157
293.157
293.158
293.158
293.159
293.162
293.173
293.169
293.167
293.164
293.163
293.162
293.163
293.165
293.167
293.173
293.191
293.185
293.18
293.175
293.172
293.171
293.172
293.175
293.182
293.201
293.216
293.207
293.199
293.191
293.186
293.184
293.185
293.19
293.208
293.282
293.15
293.15
293.15
293.15
293.15
293.15
293.15
293.15
293.15
293.15
293.15
293.15
293.15
293.15
293.15
293.15
293.15
293.15
293.15
293.15
293.151
293.151
293.151
293.151
293.15
293.15
293.15
293.15
293.151
293.151
293.152
293.152
293.151
293.151
293.151
293.151
293.151
293.151
293.151
293.152
293.154
293.153
293.153
293.152
293.152
293.152
293.152
293.152
293.152
293.153
293.157
293.156
293.155
293.154
293.154
293.154
293.153
293.154
293.154
293.156
293.162
293.16
293.159
293.158
293.157
293.156
293.156
293.157
293.158
293.161
293.172
293.168
293.166
293.163
293.162
293.161
293.161
293.161
293.164
293.17
293.187
293.18
293.176
293.172
293.169
293.168
293.168
293.17
293.176
293.194
293.206
293.198
293.191
293.185
293.18
293.178
293.179
293.182
293.197
293.268
293.15
293.15
293.15
293.15
293.15
293.15
293.15
293.15
293.15
293.15
293.15
293.15
293.15
293.15
293.15
293.15
293.15
293.15
293.15
293.15
293.151
293.151
293.151
293.151
293.15
293.15
293.15
293.15
293.15
293.151
293.152
293.152
293.152
293.151
293.151
293.151
293.151
293.151
293.151
293.151
293.154
293.153
293.153
293.152
293.152
293.152
293.151
293.151
293.152
293.153
293.157
293.156
293.155
293.154
293.154
293.153
293.153
293.153
293.153
293.155
293.163
293.16
293.159
293.157
293.156
293.155
293.155
293.155
293.156
293.158
293.171
293.167
293.164
293.162
293.16
293.159
293.158
293.159
293.161
293.167
293.183
293.177
293.173
293.169
293.166
293.165
293.164
293.165
293.17
293.187
293.2
293.192
293.185
293.179
293.175
293.173
293.173
293.175
293.188
293.258
293.15
293.15
293.15
293.15
293.15
293.15
293.15
293.15
293.15
293.15
293.15
293.15
293.15
293.15
293.15
293.15
293.15
293.15
293.15
293.15
293.151
293.151
293.151
293.151
293.15
293.15
293.15
293.15
293.15
293.151
293.152
293.152
293.152
293.151
293.151
293.151
293.151
293.15
293.151
293.151
293.154
293.153
293.153
293.152
293.152
293.151
293.151
293.151
293.151
293.152
293.157
293.156
293.155
293.154
293.153
293.153
293.152
293.152
293.152
293.154
293.163
293.16
293.158
293.157
293.156
293.155
293.154
293.154
293.154
293.157
293.17
293.166
293.163
293.161
293.159
293.158
293.157
293.156
293.158
293.164
293.181
293.175
293.171
293.167
293.164
293.163
293.161
293.161
293.166
293.183
293.195
293.187
293.181
293.175
293.172
293.17
293.169
293.169
293.181
293.254
293.15
293.15
293.15
293.15
293.15
293.15
293.15
293.15
293.15
293.15
293.15
293.15
293.15
293.15
293.15
293.15
293.15
293.15
293.15
293.15
293.151
293.151
293.151
293.151
293.15
293.15
293.15
293.15
293.15
293.15
293.151
293.152
293.152
293.151
293.151
293.151
293.15
293.15
293.15
293.151
293.153
293.153
293.153
293.152
293.152
293.151
293.151
293.151
293.151
293.151
293.156
293.156
293.155
293.154
293.153
293.152
293.152
293.151
293.152
293.153
293.162
293.159
293.158
293.156
293.155
293.154
293.153
293.153
293.153
293.155
293.169
293.165
293.162
293.16
293.158
293.157
293.156
293.155
293.156
293.162
293.178
293.173
293.169
293.165
293.162
293.161
293.159
293.159
293.163
293.18
293.191
293.184
293.177
293.172
293.169
293.167
293.165
293.166
293.177
293.253
293.15
293.15
293.15
293.15
293.15
293.15
293.15
293.15
293.15
293.15
293.15
293.15
293.15
293.15
293.15
293.15
293.15
293.15
293.15
293.15
293.15
293.151
293.151
293.151
293.15
293.15
293.15
293.15
293.15
293.15
293.151
293.152
293.151
293.151
293.151
293.15
293.15
293.15
293.15
293.15
293.152
293.153
293.152
293.152
293.151
293.151
293.151
293.15
293.151
293.151
293.155
293.155
293.154
293.153
293.153
293.152
293.151
293.151
293.151
293.152
293.16
293.158
293.157
293.155
293.154
293.153
293.152
293.152
293.152
293.154
293.167
293.163
293.161
293.159
293.157
293.156
293.154
293.154
293.155
293.16
293.176
293.171
293.167
293.163
293.161
293.159
293.158
293.157
293.161
293.178
293.187
293.18
293.175
293.17
293.166
293.164
293.163
293.163
293.174
293.252
293.15
293.15
293.15
293.15
293.15
293.15
293.15
293.15
293.15
293.15
293.15
293.15
293.15
293.15
293.15
293.15
293.15
293.15
293.15
293.15
293.15
293.151
293.151
293.15
293.15
293.15
293.15
293.15
293.15
293.15
293.151
293.151
293.151
293.151
293.151
293.15
293.15
293.15
293.15
293.15
293.152
293.152
293.152
293.152
293.151
293.151
293.15
293.15
293.15
293.151
293.154
293.154
293.154
293.153
293.152
293.151
293.151
293.151
293.151
293.151
293.158
293.157
293.156
293.155
293.154
293.153
293.152
293.151
293.152
293.153
293.164
293.162
293.159
293.157
293.156
293.155
293.153
293.153
293.154
293.159
293.173
293.168
293.165
293.162
293.159
293.158
293.156
293.156
293.159
293.176
293.183
293.177
293.172
293.167
293.164
293.162
293.161
293.161
293.172
293.253
293.15
293.15
293.15
293.15
293.15
293.15
293.15
293.15
293.15
293.15
293.15
293.15
293.15
293.15
293.15
293.15
293.15
293.15
293.15
293.15
293.15
293.151
293.151
293.15
293.15
293.15
293.15
293.15
293.15
293.15
293.151
293.151
293.151
293.151
293.15
293.15
293.15
293.15
293.15
293.15
293.151
293.152
293.152
293.151
293.151
293.151
293.15
293.15
293.15
293.15
293.153
293.153
293.153
293.152
293.152
293.151
293.151
293.15
293.15
293.151
293.156
293.156
293.155
293.154
293.153
293.152
293.151
293.151
293.151
293.153
293.162
293.16
293.158
293.156
293.155
293.154
293.153
293.152
293.153
293.157
293.17
293.166
293.163
293.16
293.158
293.156
293.155
293.154
293.158
293.174
293.179
293.174
293.169
293.165
293.162
293.16
293.159
293.159
293.169
293.252
293.15
293.15
293.15
293.15
293.15
293.15
293.15
293.15
293.15
293.15
293.15
293.15
293.15
293.15
293.15
293.15
293.15
293.15
293.15
293.15
293.15
293.15
293.15
293.15
293.15
293.15
293.15
293.15
293.15
293.15
293.15
293.151
293.151
293.151
293.15
293.15
293.15
293.15
293.15
293.15
293.151
293.151
293.151
293.151
293.151
293.15
293.15
293.15
293.15
293.15
293.152
293.153
293.152
293.152
293.151
293.151
293.15
293.15
293.15
293.151
293.154
293.155
293.154
293.153
293.152
293.151
293.151
293.151
293.151
293.152
293.159
293.158
293.157
293.155
293.154
293.153
293.152
293.151
293.152
293.156
293.167
293.164
293.161
293.158
293.156
293.155
293.154
293.153
293.157
293.172
293.176
293.172
293.167
293.163
293.16
293.158
293.157
293.157
293.167
293.251
293.15
293.15
293.15
293.15
293.15
293.15
293.15
293.15
293.15
293.15
293.15
293.15
293.15
293.15
293.15
293.15
293.15
293.15
293.15
293.15
293.15
293.15
293.15
293.15
293.15
293.15
293.15
293.15
293.15
293.15
293.15
293.151
293.151
293.15
293.15
293.15
293.15
293.15
293.15
293.15
293.151
293.151
293.151
293.151
293.15
293.15
293.15
293.15
293.15
293.15
293.151
293.152
293.152
293.151
293.151
293.15
293.15
293.15
293.15
293.15
293.153
293.154
293.153
293.153
293.152
293.151
293.151
293.15
293.151
293.152
293.157
293.157
293.156
293.154
293.153
293.152
293.151
293.151
293.152
293.155
293.163
293.162
293.159
293.157
293.155
293.154
293.153
293.152
293.155
293.169
293.172
293.169
293.165
293.161
293.159
293.157
293.155
293.155
293.165
293.249
293.15
293.15
293.15
293.15
293.15
293.15
293.15
293.15
293.15
293.15
293.15
293.15
293.15
293.15
293.15
293.15
293.15
293.15
293.15
293.15
293.15
293.15
293.15
293.15
293.15
293.15
293.15
293.15
293.15
293.15
293.15
293.15
293.15
293.15
293.15
293.15
293.15
293.15
293.15
293.15
293.15
293.151
293.151
293.151
293.15
293.15
293.15
293.15
293.15
293.15
293.151
293.152
293.152
293.151
293.151
293.15
293.15
293.15
293.15
293.15
293.152
293.153
293.153
293.152
293.151
293.151
293.15
293.15
293.15
293.151
293.155
293.156
293.155
293.154
293.152
293.152
293.151
293.151
293.151
293.154
293.161
293.16
293.158
293.156
293.154
293.153
293.152
293.152
293.154
293.167
293.169
293.167
293.164
293.16
293.157
293.155
293.154
293.154
293.162
293.245
293.15
293.15
293.15
293.15
293.15
293.15
293.15
293.15
293.15
293.15
293.15
293.15
293.15
293.15
293.15
293.15
293.15
293.15
293.15
293.15
293.15
293.15
293.15
293.15
293.15
293.15
293.15
293.15
293.15
293.15
293.15
293.15
293.15
293.15
293.15
293.15
293.15
293.15
293.15
293.15
293.15
293.151
293.151
293.151
293.15
293.15
293.15
293.15
293.15
293.15
293.151
293.151
293.151
293.151
293.151
293.15
293.15
293.15
293.15
293.15
293.152
293.153
293.153
293.152
293.151
293.151
293.15
293.15
293.15
293.151
293.153
293.155
293.154
293.153
293.152
293.151
293.151
293.15
293.151
293.153
293.158
293.159
293.158
293.155
293.154
293.152
293.151
293.151
293.153
293.165
293.166
293.165
293.162
293.159
293.156
293.154
293.153
293.153
293.16
293.24
293.15
293.15
293.15
293.15
293.15
293.15
293.15
293.15
293.15
293.15
293.15
293.15
293.15
293.15
293.15
293.15
293.15
293.15
293.15
293.15
293.15
293.15
293.15
293.15
293.15
293.15
293.15
293.15
293.15
293.15
293.15
293.15
293.15
293.15
293.15
293.15
293.15
293.15
293.15
293.15
293.15
293.151
293.151
293.15
293.15
293.15
293.15
293.15
293.15
293.15
293.151
293.151
293.151
293.151
293.15
293.15
293.15
293.15
293.15
293.15
293.151
293.152
293.152
293.152
293.151
293.15
293.15
293.15
293.15
293.151
293.153
293.154
293.154
293.153
293.152
293.151
293.15
293.15
293.151
293.153
293.157
293.158
293.157
293.155
293.153
293.152
293.151
293.151
293.153
293.163
293.165
293.164
293.162
293.158
293.156
293.154
293.153
293.152
293.159
293.236
293.15
293.15
293.15
293.15
293.15
293.15
293.15
293.15
293.15
293.15
293.15
293.15
293.15
293.15
293.15
293.15
293.15
293.15
293.15
293.15
293.15
293.15
293.15
293.15
293.15
293.15
293.15
293.15
293.15
293.15
293.15
293.15
293.15
293.15
293.15
293.15
293.15
293.15
293.15
293.15
293.15
293.151
293.151
293.15
293.15
293.15
293.15
293.15
293.15
293.15
293.151
293.151
293.151
293.151
293.15
293.15
293.15
293.15
293.15
293.15
293.151
293.152
293.152
293.152
293.151
293.15
293.15
293.15
293.15
293.151
293.153
293.154
293.154
293.153
293.152
293.151
293.15
293.15
293.151
293.152
293.156
293.158
293.157
293.155
293.153
293.152
293.151
293.151
293.152
293.162
293.164
293.164
293.161
293.158
293.156
293.154
293.152
293.152
293.158
293.234
293.15
293.15
293.15
293.15
293.15
293.15
293.15
293.15
293.15
293.15
293.15
293.15
293.15
293.15
293.15
293.15
293.15
293.15
293.15
293.15
293.15
293.15
293.15
293.151
293.151
293.151
293.151
293.151
293.151
293.15
293.151
293.151
293.151
293.151
293.152
293.151
293.151
293.151
293.151
293.151
293.152
293.152
293.152
293.153
293.153
293.153
293.153
293.153
293.153
293.153
293.153
293.154
293.155
293.156
293.156
293.155
293.155
293.155
293.156
293.157
293.157
293.158
293.161
293.161
293.16
293.159
293.16
293.16
293.161
293.164
293.167
293.168
293.17
293.168
293.167
293.166
293.168
293.17
293.172
293.176
293.192
293.19
293.184
293.18
293.178
293.178
293.181
293.186
293.191
293.198
293.269
293.222
293.202
293.195
293.193
293.195
293.2
293.209
293.217
293.226
293.15
293.15
293.15
293.15
293.15
293.15
293.15
293.15
293.15
293.15
293.15
293.15
293.15
293.15
293.15
293.15
293.15
293.15
293.15
293.15
293.151
293.151
293.151
293.151
293.151
293.151
293.151
293.151
293.151
293.151
293.152
293.152
293.151
293.151
293.151
293.151
293.151
293.151
293.151
293.152
293.153
293.153
293.153
293.153
293.152
293.152
293.152
293.153
293.153
293.153
293.156
293.155
293.155
293.155
293.154
293.154
293.155
293.155
293.155
293.156
293.162
293.16
293.159
293.158
293.158
293.158
293.158
293.159
293.16
293.162
293.174
293.168
293.165
293.164
293.163
293.164
293.165
293.167
293.17
293.173
293.202
293.183
293.176
293.173
293.172
293.173
293.176
293.18
293.185
293.192
293.283
293.209
293.191
293.186
293.185
293.187
293.192
293.2
293.208
293.216
293.15
293.15
293.15
293.15
293.15
293.15
293.15
293.15
293.15
293.15
293.15
293.15
293.15
293.15
293.15
293.15
293.15
293.15
293.15
293.15
293.151
293.151
293.151
293.15
293.15
293.151
293.151
293.151
293.151
293.151
293.152
293.151
293.151
293.151
293.151
293.151
293.151
293.151
293.152
293.152
293.153
293.153
293.152
293.152
293.152
293.152
293.152
293.153
293.153
293.154
293.156
293.155
293.154
293.154
293.154
293.154
293.154
293.155
293.156
293.157
293.161
293.158
293.157
293.156
293.157
293.157
293.158
293.159
293.16
293.163
293.171
293.164
293.162
293.161
293.161
293.162
293.163
293.166
293.168
293.172
293.194
293.176
293.17
293.168
293.168
293.17
293.172
293.176
293.181
293.187
293.268
293.198
293.183
293.179
293.179
293.181
293.185
293.192
293.199
293.207
293.15
293.15
293.15
293.15
293.15
293.15
293.15
293.15
293.15
293.15
293.15
293.15
293.15
293.15
293.15
293.15
293.15
293.15
293.15
293.15
293.151
293.15
293.15
293.15
293.15
293.15
293.151
293.151
293.151
293.151
293.151
293.151
293.151
293.151
293.151
293.151
293.151
293.152
293.152
293.152
293.153
293.152
293.151
293.152
293.152
293.152
293.152
293.153
293.153
293.154
293.155
293.153
293.153
293.153
293.153
293.154
293.154
293.155
293.156
293.157
293.159
293.156
293.155
293.155
293.155
293.156
293.157
293.159
293.16
293.163
293.167
293.161
293.159
293.159
293.159
293.16
293.162
293.164
293.167
293.171
293.188
293.17
293.165
293.164
293.165
293.167
293.169
293.173
293.177
293.184
293.258
293.188
293.175
293.173
293.174
293.176
293.179
293.185
293.192
293.2
293.15
293.15
293.15
293.15
293.15
293.15
293.15
293.15
293.15
293.15
293.15
293.15
293.15
293.15
293.15
293.15
293.15
293.15
293.15
293.15
293.151
293.15
293.15
293.15
293.15
293.15
293.151
293.151
293.151
293.151
293.151
293.151
293.15
293.151
293.151
293.151
293.151
293.152
293.152
293.152
293.152
293.151
293.151
293.151
293.151
293.152
293.152
293.153
293.153
293.154
293.154
293.152
293.152
293.152
293.153
293.153
293.154
293.155
293.156
293.157
293.157
293.154
293.154
293.154
293.155
293.156
293.157
293.158
293.16
293.162
293.164
293.158
293.157
293.157
293.158
293.159
293.161
293.163
293.166
293.17
293.183
293.166
293.162
293.162
293.163
293.164
293.167
293.171
293.175
293.181
293.254
293.182
293.17
293.169
293.17
293.172
293.175
293.181
293.187
293.195
293.15
293.15
293.15
293.15
293.15
293.15
293.15
293.15
293.15
293.15
293.15
293.15
293.15
293.15
293.15
293.15
293.15
293.15
293.15
293.15
293.15
293.15
293.15
293.15
293.15
293.15
293.151
293.151
293.151
293.151
293.151
293.15
293.15
293.15
293.151
293.151
293.151
293.152
293.152
293.151
293.151
293.151
293.151
293.151
293.151
293.152
293.152
293.153
293.153
293.153
293.153
293.152
293.151
293.152
293.152
293.153
293.154
293.155
293.156
293.156
293.155
293.153
293.153
293.153
293.154
293.155
293.156
293.158
293.159
293.161
293.162
293.156
293.155
293.156
293.157
293.158
293.16
293.162
293.165
293.169
293.18
293.163
293.159
293.159
293.161
293.163
293.165
293.169
293.173
293.178
293.253
293.177
293.166
293.165
293.167
293.169
293.172
293.177
293.184
293.191
293.15
293.15
293.15
293.15
293.15
293.15
293.15
293.15
293.15
293.15
293.15
293.15
293.15
293.15
293.15
293.15
293.15
293.15
293.15
293.15
293.15
293.15
293.15
293.15
293.15
293.15
293.151
293.151
293.151
293.15
293.15
293.15
293.15
293.15
293.151
293.151
293.151
293.151
293.151
293.151
293.151
293.151
293.15
293.151
293.151
293.151
293.152
293.152
293.153
293.152
293.152
293.151
293.151
293.151
293.152
293.153
293.153
293.154
293.155
293.155
293.154
293.152
293.152
293.152
293.153
293.154
293.155
293.157
293.158
293.16
293.16
293.155
293.154
293.154
293.156
293.157
293.159
293.161
293.163
293.166
293.178
293.161
293.157
293.158
293.159
293.161
293.163
293.167
293.171
293.175
293.252
293.174
293.163
293.163
293.164
293.167
293.17
293.175
293.18
293.187
293.15
293.15
293.15
293.15
293.15
293.15
293.15
293.15
293.15
293.15
293.15
293.15
293.15
293.15
293.15
293.15
293.15
293.15
293.15
293.15
293.15
293.15
293.15
293.15
293.15
293.15
293.15
293.151
293.151
293.15
293.15
293.15
293.15
293.15
293.15
293.151
293.151
293.151
293.151
293.151
293.151
293.15
293.15
293.15
293.151
293.151
293.152
293.152
293.152
293.152
293.151
293.151
293.151
293.151
293.151
293.152
293.153
293.154
293.154
293.154
293.153
293.152
293.151
293.152
293.153
293.154
293.155
293.156
293.157
293.158
293.159
293.154
293.153
293.154
293.155
293.156
293.157
293.159
293.162
293.164
293.176
293.159
293.156
293.156
293.158
293.159
293.162
293.165
293.168
293.172
293.253
293.172
293.161
293.161
293.162
293.164
293.167
293.172
293.177
293.183
293.15
293.15
293.15
293.15
293.15
293.15
293.15
293.15
293.15
293.15
293.15
293.15
293.15
293.15
293.15
293.15
293.15
293.15
293.15
293.15
293.15
293.15
293.15
293.15
293.15
293.15
293.15
293.151
293.151
293.15
293.15
293.15
293.15
293.15
293.15
293.15
293.151
293.151
293.151
293.151
293.15
293.15
293.15
293.15
293.151
293.151
293.151
293.152
293.152
293.151
293.151
293.15
293.15
293.151
293.151
293.152
293.152
293.153
293.153
293.153
293.153
293.151
293.151
293.151
293.152
293.153
293.154
293.155
293.156
293.156
293.157
293.153
293.152
293.153
293.154
293.155
293.156
293.158
293.16
293.162
293.174
293.158
293.155
293.155
293.156
293.158
293.16
293.163
293.166
293.169
293.253
293.169
293.159
293.159
293.16
293.162
293.165
293.169
293.174
293.179
293.15
293.15
293.15
293.15
293.15
293.15
293.15
293.15
293.15
293.15
293.15
293.15
293.15
293.15
293.15
293.15
293.15
293.15
293.15
293.15
293.15
293.15
293.15
293.15
293.15
293.15
293.15
293.15
293.15
293.15
293.15
293.15
293.15
293.15
293.15
293.15
293.151
293.151
293.151
293.15
293.15
293.15
293.15
293.15
293.15
293.151
293.151
293.151
293.151
293.151
293.151
293.15
293.15
293.15
293.151
293.151
293.152
293.152
293.153
293.152
293.152
293.151
293.151
293.151
293.151
293.152
293.153
293.154
293.155
293.154
293.156
293.152
293.152
293.152
293.153
293.154
293.155
293.157
293.158
293.159
293.172
293.157
293.153
293.154
293.155
293.156
293.158
293.161
293.164
293.166
293.251
293.167
293.157
293.157
293.158
293.16
293.163
293.167
293.171
293.176
293.15
293.15
293.15
293.15
293.15
293.15
293.15
293.15
293.15
293.15
293.15
293.15
293.15
293.15
293.15
293.15
293.15
293.15
293.15
293.15
293.15
293.15
293.15
293.15
293.15
293.15
293.15
293.15
293.15
293.15
293.15
293.15
293.15
293.15
293.15
293.15
293.15
293.151
293.151
293.15
293.15
293.15
293.15
293.15
293.15
293.15
293.151
293.151
293.151
293.151
293.151
293.15
293.15
293.15
293.15
293.151
293.151
293.152
293.152
293.151
293.152
293.151
293.15
293.151
293.151
293.152
293.153
293.153
293.154
293.153
293.155
293.152
293.151
293.151
293.152
293.153
293.154
293.156
293.157
293.156
293.17
293.155
293.152
293.153
293.154
293.155
293.157
293.159
293.162
293.163
293.249
293.165
293.155
293.155
293.157
293.159
293.161
293.165
293.169
293.172
293.15
293.15
293.15
293.15
293.15
293.15
293.15
293.15
293.15
293.15
293.15
293.15
293.15
293.15
293.15
293.15
293.15
293.15
293.15
293.15
293.15
293.15
293.15
293.15
293.15
293.15
293.15
293.15
293.15
293.15
293.15
293.15
293.15
293.15
293.15
293.15
293.15
293.15
293.15
293.15
293.15
293.15
293.15
293.15
293.15
293.15
293.151
293.151
293.151
293.15
293.15
293.15
293.15
293.15
293.15
293.151
293.151
293.152
293.152
293.151
293.151
293.15
293.15
293.15
293.151
293.151
293.152
293.153
293.153
293.152
293.154
293.151
293.151
293.151
293.152
293.152
293.154
293.155
293.156
293.154
293.167
293.154
293.152
293.152
293.153
293.154
293.156
293.158
293.16
293.16
293.245
293.163
293.154
293.154
293.155
293.157
293.16
293.163
293.167
293.169
293.15
293.15
293.15
293.15
293.15
293.15
293.15
293.15
293.15
293.15
293.15
293.15
293.15
293.15
293.15
293.15
293.15
293.15
293.15
293.15
293.15
293.15
293.15
293.15
293.15
293.15
293.15
293.15
293.15
293.15
293.15
293.15
293.15
293.15
293.15
293.15
293.15
293.15
293.15
293.15
293.15
293.15
293.15
293.15
293.15
293.15
293.151
293.151
293.151
293.15
293.15
293.15
293.15
293.15
293.15
293.151
293.151
293.151
293.151
293.151
293.151
293.15
293.15
293.15
293.151
293.151
293.152
293.153
293.153
293.152
293.153
293.151
293.15
293.151
293.151
293.152
293.153
293.154
293.155
293.153
293.165
293.153
293.151
293.151
293.152
293.154
293.155
293.157
293.159
293.157
293.241
293.16
293.153
293.153
293.154
293.156
293.159
293.162
293.165
293.166
293.15
293.15
293.15
293.15
293.15
293.15
293.15
293.15
293.15
293.15
293.15
293.15
293.15
293.15
293.15
293.15
293.15
293.15
293.15
293.15
293.15
293.15
293.15
293.15
293.15
293.15
293.15
293.15
293.15
293.15
293.15
293.15
293.15
293.15
293.15
293.15
293.15
293.15
293.15
293.15
293.15
293.15
293.15
293.15
293.15
293.15
293.15
293.151
293.151
293.15
293.15
293.15
293.15
293.15
293.15
293.15
293.151
293.151
293.151
293.151
293.151
293.15
293.15
293.15
293.15
293.151
293.152
293.152
293.152
293.151
293.153
293.151
293.15
293.15
293.151
293.152
293.153
293.154
293.154
293.153
293.163
293.153
293.151
293.151
293.152
293.153
293.155
293.157
293.158
293.157
293.236
293.159
293.152
293.153
293.154
293.156
293.158
293.162
293.164
293.165
293.15
293.15
293.15
293.15
293.15
293.15
293.15
293.15
293.15
293.15
293.15
293.15
293.15
293.15
293.15
293.15
293.15
293.15
293.15
293.15
293.15
293.15
293.15
293.15
293.15
293.15
293.15
293.15
293.15
293.15
293.15
293.15
293.15
293.15
293.15
293.15
293.15
293.15
293.15
293.15
293.15
293.15
293.15
293.15
293.15
293.15
293.15
293.151
293.151
293.15
293.15
293.15
293.15
293.15
293.15
293.15
293.151
293.151
293.151
293.151
293.151
293.15
293.15
293.15
293.15
293.151
293.152
293.152
293.152
293.151
293.152
293.151
293.15
293.15
293.151
293.152
293.153
293.154
293.154
293.153
293.162
293.152
293.151
293.151
293.152
293.153
293.155
293.157
293.158
293.156
293.234
293.158
293.152
293.152
293.154
293.156
293.158
293.161
293.164
293.164
)
;

boundaryField
{
    left_open
    {
        type            inletOutlet;
        inletValue      uniform 293.15;
        value           nonuniform List<scalar> 
420
(
293.15
293.15
293.15
293.151
293.153
293.157
293.163
293.176
293.197
293.226
293.15
293.15
293.151
293.151
293.153
293.156
293.162
293.173
293.191
293.216
293.15
293.15
293.151
293.152
293.154
293.157
293.163
293.172
293.187
293.206
293.15
293.15
293.15
293.152
293.154
293.157
293.163
293.171
293.183
293.2
293.15
293.15
293.15
293.15
293.154
293.157
293.163
293.17
293.181
293.195
293.15
293.15
293.15
293.15
293.15
293.156
293.162
293.169
293.178
293.191
293.15
293.15
293.15
293.15
293.15
293.155
293.16
293.167
293.176
293.187
293.15
293.15
293.15
293.15
293.15
293.15
293.158
293.164
293.173
293.183
293.15
293.15
293.15
293.15
293.15
293.15
293.156
293.162
293.17
293.179
293.15
293.15
293.15
293.15
293.15
293.15
293.15
293.159
293.166
293.176
293.15
293.15
293.15
293.15
293.15
293.15
293.15
293.157
293.163
293.172
293.15
293.15
293.15
293.15
293.15
293.15
293.15
293.15
293.16
293.169
293.15
293.15
293.15
293.15
293.15
293.15
293.15
293.15
293.158
293.166
293.15
293.15
293.15
293.15
293.15
293.15
293.15
293.15
293.15
293.165
293.15
293.15
293.15
293.15
293.15
293.15
293.15
293.15
293.15
293.164
293.242
293.231
293.219
293.21
293.204
293.199
293.195
293.19
293.186
293.183
293.179
293.176
293.173
293.171
293.17
293.247
293.252
293.256
293.26
293.264
293.267
293.27
293.236
293.24
293.245
293.249
293.253
293.256
293.26
293.223
293.227
293.231
293.235
293.238
293.242
293.245
293.214
293.217
293.221
293.224
293.227
293.23
293.234
293.207
293.21
293.213
293.216
293.219
293.222
293.225
293.202
293.205
293.207
293.21
293.213
293.216
293.219
293.197
293.2
293.203
293.205
293.208
293.211
293.214
293.193
293.195
293.198
293.201
293.203
293.206
293.208
293.189
293.191
293.194
293.196
293.199
293.201
293.204
293.185
293.187
293.19
293.192
293.195
293.197
293.2
293.181
293.184
293.186
293.189
293.191
293.194
293.196
293.178
293.18
293.183
293.185
293.188
293.19
293.193
293.175
293.178
293.18
293.183
293.185
293.188
293.19
293.174
293.176
293.178
293.181
293.183
293.186
293.189
293.173
293.175
293.177
293.18
293.182
293.185
293.188
293.283
293.294
293.309
293.323
293.15
293.349
293.356
293.15
293.356
293.346
293.274
293.287
293.305
293.324
293.343
293.359
293.368
293.15
293.368
293.355
293.26
293.276
293.298
293.15
293.346
293.366
293.378
293.383
293.379
293.363
293.249
293.268
293.293
293.323
293.15
293.376
293.391
293.15
293.396
293.374
293.24
293.261
293.15
293.327
293.15
293.39
293.15
293.15
293.415
293.393
293.234
293.257
293.292
293.332
293.372
293.15
293.427
293.436
293.434
293.412
293.229
293.253
293.15
293.15
293.383
293.421
293.446
293.459
293.454
293.428
293.223
293.251
293.292
293.341
293.15
293.437
293.15
293.481
293.478
293.444
293.218
293.15
293.293
293.345
293.399
293.15
293.487
293.15
293.5
293.462
293.214
293.248
293.15
293.15
293.15
293.463
293.15
293.525
293.15
293.479
293.211
293.246
293.15
293.354
293.417
293.15
293.52
293.15
293.54
293.493
293.208
293.244
293.15
293.15
293.421
293.15
293.15
293.15
293.557
293.51
293.206
293.15
293.295
293.357
293.15
293.492
293.548
293.15
293.572
293.52
293.205
293.15
293.295
293.358
293.426
293.495
293.553
293.588
293.15
293.529
293.204
293.15
293.296
293.15
293.15
293.15
293.557
293.593
293.593
293.533
)
;
    }
    right_open
    {
        type            inletOutlet;
        inletValue      uniform 293.15;
        value           nonuniform List<scalar> 
420
(
293.15
293.15
293.15
293.15
293.153
293.157
293.164
293.176
293.198
293.226
293.15
293.15
293.151
293.152
293.153
293.156
293.162
293.173
293.192
293.216
293.15
293.15
293.151
293.152
293.154
293.157
293.163
293.172
293.187
293.207
293.15
293.15
293.15
293.152
293.154
293.157
293.163
293.171
293.184
293.2
293.15
293.15
293.15
293.15
293.154
293.157
293.162
293.17
293.181
293.195
293.15
293.15
293.15
293.15
293.15
293.156
293.161
293.169
293.178
293.191
293.15
293.15
293.15
293.15
293.15
293.155
293.16
293.166
293.175
293.187
293.15
293.15
293.15
293.15
293.15
293.15
293.158
293.164
293.172
293.183
293.15
293.15
293.15
293.15
293.15
293.15
293.156
293.162
293.169
293.179
293.15
293.15
293.15
293.15
293.15
293.15
293.15
293.159
293.166
293.175
293.15
293.15
293.15
293.15
293.15
293.15
293.15
293.15
293.163
293.172
293.15
293.15
293.15
293.15
293.15
293.15
293.15
293.15
293.16
293.169
293.15
293.15
293.15
293.15
293.15
293.15
293.15
293.15
293.15
293.166
293.15
293.15
293.15
293.15
293.15
293.15
293.15
293.15
293.15
293.165
293.15
293.15
293.15
293.15
293.15
293.15
293.15
293.15
293.15
293.163
293.242
293.231
293.219
293.21
293.204
293.199
293.194
293.19
293.186
293.182
293.179
293.175
293.173
293.171
293.17
293.247
293.252
293.256
293.26
293.264
293.267
293.27
293.236
293.241
293.245
293.249
293.253
293.256
293.26
293.223
293.227
293.231
293.235
293.238
293.242
293.245
293.214
293.217
293.221
293.224
293.227
293.23
293.234
293.207
293.21
293.213
293.216
293.219
293.222
293.225
293.202
293.205
293.207
293.21
293.213
293.216
293.219
293.197
293.2
293.203
293.205
293.208
293.211
293.214
293.193
293.195
293.198
293.2
293.203
293.206
293.208
293.188
293.191
293.193
293.196
293.198
293.201
293.204
293.185
293.187
293.189
293.192
293.194
293.197
293.2
293.181
293.183
293.186
293.188
293.191
293.193
293.196
293.178
293.18
293.183
293.185
293.188
293.19
293.193
293.175
293.177
293.18
293.182
293.185
293.187
293.19
293.173
293.176
293.178
293.18
293.183
293.186
293.188
293.172
293.174
293.177
293.179
293.182
293.185
293.187
293.282
293.295
293.308
293.324
293.338
293.15
293.357
293.15
293.355
293.349
293.273
293.288
293.306
293.324
293.15
293.359
293.368
293.372
293.368
293.354
293.26
293.276
293.298
293.323
293.15
293.365
293.378
293.385
293.38
293.366
293.249
293.267
293.15
293.325
293.353
293.377
293.393
293.4
293.395
293.377
293.24
293.262
293.291
293.327
293.15
293.15
293.408
293.416
293.414
293.39
293.234
293.257
293.291
293.332
293.15
293.405
293.15
293.437
293.432
293.407
293.228
293.253
293.15
293.15
293.383
293.15
293.445
293.457
293.452
293.424
293.223
293.251
293.293
293.342
293.15
293.435
293.465
293.15
293.15
293.442
293.218
293.15
293.293
293.15
293.15
293.45
293.15
293.503
293.496
293.15
293.214
293.248
293.15
293.349
293.15
293.463
293.503
293.524
293.15
293.48
293.211
293.15
293.15
293.354
293.15
293.15
293.521
293.15
293.541
293.492
293.208
293.15
293.295
293.357
293.422
293.485
293.15
293.15
293.56
293.507
293.206
293.15
293.295
293.15
293.15
293.15
293.546
293.577
293.572
293.518
293.204
293.15
293.295
293.358
293.426
293.497
293.15
293.15
293.583
293.527
293.203
293.242
293.15
293.15
293.15
293.499
293.15
293.592
293.15
293.535
)
;
    }
    lower_side
    {
        type            zeroGradient;
    }
    bottom
    {
        type            inletOutlet;
        inletValue      uniform 293.15;
        value           uniform 293.15;
    }
    top
    {
        type            inletOutlet;
        inletValue      uniform 293.15;
        value           nonuniform List<scalar> 
465
(
293.346
293.355
293.363
293.374
293.393
293.15
293.15
293.444
293.462
293.479
293.493
293.15
293.52
293.529
293.533
293.345
293.351
293.36
293.374
293.388
293.408
293.426
293.447
293.15
293.49
293.15
293.532
293.549
293.567
293.575
293.336
293.341
293.352
293.366
293.383
293.15
293.426
293.449
293.15
293.15
293.528
293.554
293.15
293.599
293.613
293.33
293.337
293.35
293.367
293.386
293.15
293.436
293.462
293.49
293.515
293.55
293.584
293.15
293.641
293.15
293.325
293.336
293.353
293.15
293.396
293.422
293.452
293.15
293.515
293.15
293.578
293.621
293.665
293.15
293.724
293.322
293.337
293.357
293.15
293.408
293.439
293.472
293.15
293.545
293.578
293.15
293.15
293.727
293.15
293.815
293.32
293.34
293.15
293.389
293.15
293.458
293.15
293.15
293.15
293.626
293.681
293.15
293.15
293.15
293.15
293.322
293.343
293.372
293.405
293.442
293.481
293.15
293.57
293.623
293.15
293.749
293.15
293.15
293.15
293.15
293.323
293.349
293.15
293.42
293.15
293.514
293.559
293.614
293.672
293.15
293.15
293.909
293.15
294.109
294.206
293.325
293.354
293.391
293.439
293.495
293.547
293.598
293.15
293.725
293.15
293.895
294.006
294.144
294.289
293.15
293.325
293.15
293.394
293.447
293.507
293.561
293.619
293.68
293.754
293.839
293.15
294.061
294.22
293.15
294.571
293.325
293.15
293.394
293.447
293.508
293.564
293.622
293.683
293.758
293.844
293.15
294.07
294.23
293.15
294.59
293.325
293.15
293.395
293.448
293.51
293.566
293.624
293.685
293.761
293.848
293.15
293.15
294.238
294.433
294.605
293.326
293.15
293.396
293.449
293.511
293.567
293.625
293.687
293.763
293.85
293.15
293.15
294.243
294.44
294.615
293.326
293.15
293.15
293.449
293.512
293.569
293.626
293.688
293.764
293.852
293.15
293.15
294.247
294.444
294.62
293.326
293.15
293.15
293.45
293.512
293.572
293.626
293.689
293.765
293.852
293.15
293.15
294.248
294.445
294.622
293.326
293.357
293.15
293.45
293.512
293.15
293.625
293.688
293.764
293.851
293.15
293.15
294.247
294.444
294.619
293.326
293.357
293.15
293.449
293.512
293.15
293.623
293.687
293.763
293.85
293.15
294.085
294.245
294.44
294.613
293.326
293.357
293.15
293.45
293.511
293.57
293.622
293.685
293.76
293.849
293.15
294.078
293.15
294.433
294.603
293.326
293.15
293.15
293.449
293.51
293.568
293.622
293.683
293.757
293.842
293.15
294.069
293.15
294.421
294.589
293.326
293.15
293.15
293.447
293.506
293.565
293.62
293.68
293.753
293.836
293.941
294.061
293.15
294.404
294.57
293.325
293.354
293.39
293.15
293.15
293.548
293.6
293.655
293.725
293.805
293.894
293.15
294.141
294.291
293.15
293.325
293.35
293.382
293.421
293.15
293.514
293.561
293.15
293.671
293.741
293.15
293.15
294.007
293.15
294.194
293.323
293.345
293.371
293.405
293.441
293.15
293.15
293.57
293.15
293.681
293.15
293.823
293.15
293.15
293.15
293.322
293.15
293.15
293.391
293.15
293.15
293.495
293.15
293.582
293.15
293.15
293.744
293.15
293.15
293.912
293.322
293.337
293.15
293.38
293.407
293.437
293.472
293.51
293.547
293.15
293.621
293.15
293.721
293.15
293.15
293.326
293.336
293.352
293.371
293.395
293.422
293.452
293.15
293.15
293.15
293.581
293.621
293.656
293.15
293.15
293.33
293.339
293.35
293.367
293.15
293.41
293.15
293.15
293.487
293.518
293.554
293.587
293.61
293.637
293.15
293.336
293.343
293.352
293.366
293.384
293.403
293.425
293.447
293.472
293.15
293.529
293.15
293.575
293.15
293.15
293.345
293.352
293.361
293.373
293.388
293.15
293.424
293.445
293.467
293.489
293.511
293.531
293.548
293.15
293.575
293.349
293.354
293.15
293.377
293.39
293.407
293.424
293.442
293.461
293.15
293.492
293.507
293.518
293.527
293.15
)
;
    }
    end
    {
        type            inletOutlet;
        inletValue      uniform 293.15;
        value           nonuniform List<scalar> 
726
(
293.15
293.15
293.15
293.15
293.153
293.157
293.163
293.176
293.197
293.226
293.15
293.15
293.15
293.151
293.153
293.156
293.161
293.172
293.19
293.217
293.15
293.15
293.15
293.151
293.153
293.155
293.16
293.169
293.185
293.208
293.15
293.15
293.15
293.151
293.152
293.155
293.159
293.167
293.18
293.199
293.15
293.15
293.151
293.151
293.152
293.155
293.159
293.165
293.177
293.193
293.15
293.15
293.151
293.151
293.153
293.155
293.159
293.165
293.176
293.191
293.15
293.15
293.15
293.151
293.153
293.155
293.16
293.167
293.178
293.194
293.15
293.15
293.15
293.15
293.15
293.15
293.16
293.169
293.182
293.201
293.15
293.15
293.15
293.15
293.15
293.15
293.15
293.15
293.189
293.221
293.15
293.15
293.15
293.15
293.15
293.15
293.15
293.15
293.15
293.15
293.15
293.15
293.15
293.15
293.15
293.15
293.15
293.15
293.15
293.15
293.15
293.15
293.15
293.15
293.15
293.15
293.15
293.15
293.19
293.222
293.15
293.15
293.15
293.15
293.15
293.15
293.161
293.17
293.184
293.202
293.15
293.15
293.15
293.15
293.153
293.156
293.161
293.168
293.18
293.195
293.15
293.15
293.151
293.152
293.153
293.156
293.16
293.167
293.178
293.193
293.15
293.15
293.151
293.151
293.153
293.155
293.159
293.167
293.178
293.195
293.15
293.15
293.151
293.151
293.153
293.155
293.16
293.168
293.181
293.2
293.15
293.15
293.151
293.151
293.153
293.155
293.16
293.17
293.186
293.209
293.15
293.15
293.151
293.151
293.153
293.156
293.161
293.172
293.191
293.217
293.15
293.15
293.15
293.15
293.153
293.157
293.164
293.176
293.198
293.226
293.242
293.234
293.224
293.213
293.206
293.203
293.205
293.214
293.246
293.15
293.15
293.247
293.215
293.206
293.204
293.207
293.214
293.225
293.234
293.242
293.247
293.252
293.256
293.26
293.264
293.267
293.27
293.239
293.245
293.25
293.255
293.259
293.263
293.267
293.229
293.234
293.239
293.244
293.249
293.253
293.257
293.218
293.223
293.228
293.232
293.237
293.241
293.246
293.21
293.214
293.219
293.223
293.227
293.231
293.235
293.206
293.21
293.214
293.218
293.222
293.226
293.23
293.209
293.212
293.216
293.22
293.223
293.227
293.231
293.218
293.222
293.226
293.23
293.233
293.237
293.24
293.254
293.261
293.268
293.273
293.277
293.28
293.281
293.15
293.15
293.15
293.15
293.15
293.15
293.15
293.15
293.15
293.15
293.15
293.15
293.15
293.15
293.15
293.15
293.15
293.15
293.15
293.15
293.15
293.15
293.15
293.15
293.15
293.15
293.15
293.15
293.15
293.15
293.15
293.15
293.15
293.15
293.15
293.15
293.15
293.15
293.15
293.15
293.15
293.15
293.15
293.15
293.15
293.15
293.15
293.15
293.15
293.15
293.15
293.15
293.15
293.15
293.15
293.15
293.15
293.15
293.15
293.15
293.15
293.15
293.15
293.15
293.15
293.15
293.15
293.15
293.15
293.15
293.255
293.262
293.269
293.274
293.278
293.28
293.281
293.219
293.223
293.227
293.231
293.234
293.238
293.241
293.21
293.214
293.217
293.221
293.225
293.228
293.232
293.208
293.212
293.216
293.22
293.223
293.227
293.231
293.211
293.216
293.22
293.224
293.228
293.232
293.236
293.219
293.224
293.229
293.233
293.238
293.242
293.246
293.23
293.235
293.24
293.245
293.249
293.254
293.258
293.24
293.245
293.25
293.255
293.259
293.263
293.267
293.247
293.252
293.256
293.26
293.264
293.267
293.27
293.283
293.294
293.309
293.323
293.339
293.349
293.356
293.36
293.356
293.346
293.283
293.15
293.32
293.15
293.355
293.367
293.37
293.367
293.358
293.345
293.277
293.15
293.314
293.332
293.347
293.355
293.357
293.356
293.347
293.336
293.266
293.284
293.15
293.321
293.335
293.341
293.15
293.341
293.337
293.33
293.256
293.275
293.292
293.309
293.321
293.327
293.328
293.329
293.329
293.325
293.249
293.268
293.284
293.299
293.309
293.15
293.318
293.32
293.324
293.322
293.248
293.15
293.15
293.29
293.3
293.305
293.309
293.313
293.32
293.32
293.255
293.268
293.278
293.287
293.15
293.299
293.303
293.307
293.317
293.322
293.279
293.278
293.283
293.15
293.292
293.294
293.297
293.304
293.317
293.323
293.15
293.15
293.309
293.302
293.299
293.295
293.295
293.301
293.316
293.325
293.15
293.15
293.318
293.31
293.15
293.298
293.296
293.301
293.316
293.325
293.15
293.368
293.319
293.311
293.15
293.299
293.296
293.301
293.316
293.325
293.15
293.378
293.321
293.313
293.306
293.3
293.296
293.301
293.15
293.325
293.15
293.15
293.323
293.313
293.306
293.3
293.296
293.301
293.316
293.326
293.15
293.15
293.324
293.314
293.307
293.3
293.297
293.301
293.315
293.326
293.15
293.387
293.324
293.314
293.15
293.3
293.297
293.301
293.315
293.326
293.15
293.387
293.323
293.314
293.15
293.3
293.297
293.301
293.316
293.326
293.15
293.15
293.322
293.313
293.15
293.3
293.296
293.301
293.316
293.326
293.15
293.15
293.321
293.313
293.307
293.3
293.296
293.301
293.316
293.326
293.15
293.368
293.319
293.312
293.306
293.299
293.296
293.301
293.316
293.326
293.15
293.36
293.317
293.31
293.305
293.298
293.296
293.301
293.316
293.326
293.15
293.15
293.309
293.15
293.299
293.295
293.295
293.301
293.316
293.325
293.28
293.278
293.15
293.289
293.292
293.294
293.298
293.304
293.317
293.325
293.255
293.268
293.278
293.287
293.295
293.299
293.302
293.308
293.318
293.323
293.248
293.266
293.279
293.291
293.3
293.306
293.309
293.314
293.321
293.322
293.25
293.269
293.284
293.298
293.15
293.316
293.318
293.321
293.324
293.322
293.257
293.276
293.15
293.15
293.322
293.15
293.329
293.33
293.329
293.326
293.267
293.285
293.303
293.15
293.336
293.15
293.343
293.342
293.337
293.33
293.277
293.294
293.15
293.334
293.347
293.15
293.358
293.356
293.347
293.336
293.283
293.3
293.321
293.34
293.356
293.367
293.37
293.367
293.358
293.345
293.282
293.295
293.308
293.324
293.338
293.351
293.357
293.36
293.355
293.349
)
;
    }
    symm
    {
        type            symmetryPlane;
    }
    air_to_aluminum
    {
        type            compressible::turbulentTemperatureCoupledBaffleMixed;
        refValue        nonuniform List<scalar> 
825
(
295.254
295.348
295.535
295.817
296.197
296.681
297.274
297.982
298.81
299.766
300.857
302.088
303.466
305.007
306.83
295.255
295.255
295.255
295.255
295.348
295.349
295.349
295.349
295.535
295.535
295.535
295.535
295.817
295.817
295.817
295.817
296.198
296.198
296.198
296.198
296.682
296.682
296.682
296.683
297.275
297.275
297.275
297.276
297.982
297.983
297.983
297.983
298.811
298.811
298.812
298.812
299.767
299.768
299.768
299.769
300.858
300.858
300.859
300.86
302.089
302.09
302.091
302.092
303.469
303.471
303.472
303.474
305.018
305.026
305.031
305.032
306.924
306.985
307.009
306.995
295.255
295.255
295.255
295.255
295.349
295.349
295.349
295.348
295.535
295.535
295.535
295.535
295.817
295.817
295.817
295.817
296.198
296.198
296.198
296.198
296.683
296.682
296.682
296.682
297.276
297.275
297.275
297.275
297.983
297.983
297.983
297.982
298.812
298.812
298.811
298.811
299.769
299.768
299.768
299.767
300.86
300.859
300.858
300.858
302.092
302.091
302.09
302.089
303.474
303.472
303.471
303.469
305.032
305.031
305.026
305.018
306.995
307.009
306.985
306.924
295.254
295.348
295.535
295.817
296.197
296.681
297.274
297.982
298.81
299.766
300.857
302.088
303.466
305.007
306.83
295.254
295.254
295.254
295.254
295.253
295.253
295.253
295.348
295.348
295.348
295.347
295.347
295.347
295.347
295.534
295.534
295.534
295.534
295.534
295.534
295.534
295.816
295.816
295.816
295.816
295.816
295.815
295.815
296.197
296.197
296.196
296.196
296.196
296.196
296.196
296.681
296.681
296.68
296.68
296.68
296.68
296.68
297.274
297.273
297.273
297.273
297.272
297.272
297.272
297.981
297.981
297.98
297.98
297.98
297.979
297.979
298.81
298.809
298.809
298.808
298.808
298.808
298.807
299.766
299.765
299.764
299.764
299.764
299.763
299.763
300.856
300.855
300.855
300.854
300.853
300.853
300.853
302.087
302.086
302.085
302.084
302.083
302.083
302.082
303.464
303.462
303.46
303.458
303.457
303.456
303.455
304.996
304.985
304.974
304.965
304.958
304.953
304.95
306.71
306.61
306.527
306.462
306.413
306.381
306.365
295.254
295.254
295.254
295.254
295.253
295.253
295.253
295.253
295.348
295.348
295.348
295.347
295.347
295.347
295.347
295.347
295.534
295.534
295.534
295.534
295.534
295.534
295.534
295.534
295.816
295.816
295.816
295.816
295.816
295.815
295.815
295.815
296.197
296.197
296.196
296.196
296.196
296.196
296.196
296.196
296.681
296.681
296.68
296.68
296.68
296.68
296.68
296.68
297.274
297.273
297.273
297.273
297.272
297.272
297.272
297.272
297.981
297.981
297.98
297.98
297.98
297.979
297.979
297.979
298.81
298.809
298.809
298.808
298.808
298.808
298.807
298.807
299.766
299.765
299.764
299.764
299.764
299.763
299.763
299.763
300.856
300.855
300.855
300.854
300.853
300.853
300.853
300.853
302.087
302.086
302.085
302.084
302.083
302.083
302.082
302.082
303.464
303.462
303.46
303.458
303.457
303.456
303.455
303.455
304.996
304.985
304.974
304.965
304.958
304.953
304.95
304.95
306.71
306.61
306.527
306.462
306.413
306.381
306.365
306.365
295.255
295.255
295.255
295.255
295.254
295.254
295.254
295.349
295.349
295.349
295.349
295.349
295.349
295.349
295.536
295.536
295.536
295.536
295.536
295.536
295.536
295.818
295.818
295.818
295.818
295.818
295.818
295.818
296.199
296.199
296.199
296.199
296.199
296.199
296.199
296.683
296.683
296.683
296.683
296.683
296.683
296.683
297.276
297.276
297.276
297.276
297.276
297.276
297.276
297.984
297.984
297.984
297.984
297.984
297.984
297.984
298.813
298.813
298.813
298.813
298.813
298.813
298.813
299.769
299.77
299.77
299.77
299.77
299.77
299.77
300.86
300.861
300.861
300.861
300.861
300.861
300.861
302.093
302.093
302.094
302.094
302.094
302.093
302.093
303.475
303.475
303.475
303.474
303.474
303.474
303.473
305.025
305.018
305.011
305.004
304.999
304.995
304.993
306.824
306.721
306.636
306.57
306.52
306.487
306.47
295.255
295.255
295.255
295.255
295.254
295.254
295.254
295.254
295.349
295.349
295.349
295.349
295.349
295.349
295.349
295.349
295.536
295.536
295.536
295.536
295.536
295.536
295.536
295.536
295.818
295.818
295.818
295.818
295.818
295.818
295.818
295.818
296.199
296.199
296.199
296.199
296.199
296.199
296.199
296.199
296.683
296.683
296.683
296.683
296.683
296.683
296.683
296.683
297.276
297.276
297.276
297.276
297.276
297.276
297.276
297.276
297.984
297.984
297.984
297.984
297.984
297.984
297.984
297.984
298.813
298.813
298.813
298.813
298.813
298.813
298.813
298.813
299.769
299.77
299.77
299.77
299.77
299.77
299.77
299.77
300.86
300.861
300.861
300.861
300.861
300.861
300.861
300.861
302.093
302.093
302.094
302.094
302.094
302.093
302.093
302.093
303.475
303.475
303.475
303.474
303.474
303.474
303.473
303.473
305.025
305.018
305.011
305.004
304.999
304.995
304.993
304.993
306.824
306.721
306.636
306.57
306.52
306.487
306.47
306.47
295.254
295.254
295.254
295.254
295.253
295.253
295.253
295.348
295.348
295.348
295.347
295.347
295.347
295.347
295.534
295.534
295.534
295.534
295.534
295.534
295.534
295.816
295.816
295.816
295.816
295.816
295.815
295.815
296.197
296.197
296.196
296.196
296.196
296.196
296.196
296.681
296.681
296.68
296.68
296.68
296.68
296.68
297.274
297.273
297.273
297.273
297.272
297.272
297.272
297.981
297.981
297.98
297.98
297.98
297.979
297.979
298.81
298.809
298.809
298.808
298.808
298.808
298.807
299.766
299.765
299.764
299.764
299.764
299.763
299.763
300.856
300.855
300.855
300.854
300.853
300.853
300.853
302.087
302.086
302.085
302.084
302.083
302.083
302.082
303.464
303.462
303.46
303.458
303.457
303.456
303.455
304.996
304.985
304.974
304.965
304.958
304.953
304.95
306.71
306.61
306.527
306.462
306.413
306.381
306.365
295.254
295.254
295.254
295.254
295.253
295.253
295.253
295.253
295.348
295.348
295.348
295.347
295.347
295.347
295.347
295.347
295.534
295.534
295.534
295.534
295.534
295.534
295.534
295.534
295.816
295.816
295.816
295.816
295.816
295.815
295.815
295.815
296.197
296.197
296.196
296.196
296.196
296.196
296.196
296.196
296.681
296.681
296.68
296.68
296.68
296.68
296.68
296.68
297.274
297.273
297.273
297.273
297.272
297.272
297.272
297.272
297.981
297.981
297.98
297.98
297.98
297.979
297.979
297.979
298.81
298.809
298.809
298.808
298.808
298.808
298.807
298.807
299.766
299.765
299.764
299.764
299.764
299.763
299.763
299.763
300.856
300.855
300.855
300.854
300.853
300.853
300.853
300.853
302.087
302.086
302.085
302.084
302.083
302.083
302.082
302.082
303.464
303.462
303.46
303.458
303.457
303.456
303.455
303.455
304.996
304.985
304.974
304.965
304.958
304.953
304.95
304.95
306.71
306.61
306.527
306.462
306.413
306.381
306.365
306.365
)
;
        refGradient     uniform 0;
        valueFraction   nonuniform List<scalar> 
825
(
0.999986
0.999986
0.999986
0.999986
0.999986
0.999986
0.999986
0.999986
0.999986
0.999986
0.999986
0.999986
0.999986
0.999986
0.999986
0.999855
0.999855
0.999855
0.999855
0.999855
0.999855
0.999855
0.999855
0.999855
0.999855
0.999855
0.999855
0.999855
0.999855
0.999855
0.999855
0.999855
0.999855
0.999855
0.999855
0.999855
0.999855
0.999855
0.999855
0.999855
0.999855
0.999855
0.999855
0.999855
0.999855
0.999855
0.999855
0.999855
0.999855
0.999855
0.999855
0.999855
0.999855
0.999855
0.999855
0.999855
0.999855
0.999855
0.999855
0.999855
0.999855
0.999855
0.999855
0.999855
0.999855
0.999855
0.999855
0.999855
0.999855
0.999855
0.999855
0.999855
0.999855
0.999855
0.999855
0.999855
0.999855
0.999855
0.999855
0.999855
0.999855
0.999855
0.999855
0.999855
0.999855
0.999855
0.999855
0.999855
0.999855
0.999855
0.999855
0.999855
0.999855
0.999855
0.999855
0.999855
0.999855
0.999855
0.999855
0.999855
0.999855
0.999855
0.999855
0.999855
0.999855
0.999855
0.999855
0.999855
0.999855
0.999855
0.999855
0.999855
0.999855
0.999855
0.999855
0.999855
0.999855
0.999855
0.999855
0.999855
0.999855
0.999855
0.999855
0.999855
0.999855
0.999855
0.999855
0.999855
0.999855
0.999855
0.999855
0.999855
0.999855
0.999855
0.999855
0.999986
0.999986
0.999986
0.999986
0.999986
0.999986
0.999986
0.999986
0.999986
0.999986
0.999986
0.999986
0.999986
0.999986
0.999986
0.999986
0.999986
0.999986
0.999986
0.999986
0.999986
0.999986
0.999986
0.999986
0.999986
0.999986
0.999986
0.999986
0.999986
0.999986
0.999986
0.999986
0.999986
0.999986
0.999986
0.999986
0.999986
0.999986
0.999986
0.999986
0.999986
0.999986
0.999986
0.999986
0.999986
0.999986
0.999986
0.999986
0.999986
0.999986
0.999986
0.999986
0.999986
0.999986
0.999986
0.999986
0.999986
0.999986
0.999986
0.999986
0.999986
0.999986
0.999986
0.999986
0.999986
0.999986
0.999986
0.999986
0.999986
0.999986
0.999986
0.999986
0.999986
0.999986
0.999986
0.999986
0.999986
0.999986
0.999986
0.999986
0.999986
0.999986
0.999986
0.999986
0.999986
0.999986
0.999986
0.999986
0.999986
0.999986
0.999986
0.999986
0.999986
0.999986
0.999986
0.999986
0.999986
0.999986
0.999986
0.999986
0.999986
0.999986
0.999986
0.999986
0.999986
0.999986
0.999986
0.999986
0.999986
0.999986
0.999986
0.999986
0.999986
0.999986
0.999986
0.999986
0.999986
0.999986
0.999986
0.999986
0.999871
0.999871
0.999871
0.999871
0.999871
0.999871
0.999871
0.999986
0.999871
0.999871
0.999871
0.999871
0.999871
0.999871
0.999871
0.999986
0.999871
0.999871
0.999871
0.999871
0.999871
0.999871
0.999871
0.999986
0.999871
0.999871
0.999871
0.999871
0.999871
0.999871
0.999871
0.999986
0.999871
0.999871
0.999871
0.999871
0.999871
0.999871
0.999871
0.999986
0.999871
0.999871
0.999871
0.999871
0.999871
0.999871
0.999871
0.999986
0.999871
0.999871
0.999871
0.999871
0.999871
0.999871
0.999871
0.999986
0.999871
0.999871
0.999871
0.999871
0.999871
0.999871
0.999871
0.999986
0.999871
0.999871
0.999871
0.999871
0.999871
0.999871
0.999871
0.999986
0.999871
0.999871
0.999871
0.999871
0.999871
0.999871
0.999871
0.999986
0.999871
0.999871
0.999871
0.999871
0.999871
0.999871
0.999871
0.999986
0.999871
0.999871
0.999871
0.999871
0.999871
0.999871
0.999871
0.999986
0.999871
0.999871
0.999871
0.999871
0.999871
0.999871
0.999871
0.999986
0.999871
0.999871
0.999871
0.999871
0.999871
0.999871
0.999871
0.999986
0.999871
0.999871
0.999871
0.999871
0.999871
0.999871
0.999871
0.999986
0.999871
0.999871
0.999871
0.999871
0.999871
0.999871
0.999871
0.999871
0.999871
0.999871
0.999871
0.999871
0.999871
0.999871
0.999871
0.999871
0.999871
0.999871
0.999871
0.999871
0.999871
0.999871
0.999871
0.999871
0.999871
0.999871
0.999871
0.999871
0.999871
0.999871
0.999871
0.999871
0.999871
0.999871
0.999871
0.999871
0.999871
0.999871
0.999871
0.999871
0.999871
0.999871
0.999871
0.999871
0.999871
0.999871
0.999871
0.999871
0.999871
0.999871
0.999871
0.999871
0.999871
0.999871
0.999871
0.999871
0.999871
0.999871
0.999871
0.999871
0.999871
0.999871
0.999871
0.999871
0.999871
0.999871
0.999871
0.999871
0.999871
0.999871
0.999871
0.999871
0.999871
0.999871
0.999871
0.999871
0.999871
0.999871
0.999871
0.999871
0.999871
0.999871
0.999871
0.999871
0.999871
0.999871
0.999871
0.999871
0.999871
0.999871
0.999871
0.999871
0.999871
0.999871
0.999871
0.999871
0.999871
0.999871
0.999871
0.999871
0.999871
0.999871
0.999871
0.999871
0.999871
0.999871
0.999871
0.999871
0.999871
0.999871
0.999871
0.999871
0.999986
0.999871
0.999871
0.999871
0.999871
0.999871
0.999871
0.999871
0.999986
0.999871
0.999871
0.999871
0.999871
0.999871
0.999871
0.999871
0.999986
0.999871
0.999871
0.999871
0.999871
0.999871
0.999871
0.999871
0.999986
0.999871
0.999871
0.999871
0.999871
0.999871
0.999871
0.999871
0.999986
0.999871
0.999871
0.999871
0.999871
0.999871
0.999871
0.999871
0.999986
0.999871
0.999871
0.999871
0.999871
0.999871
0.999871
0.999871
0.999986
0.999871
0.999871
0.999871
0.999871
0.999871
0.999871
0.999871
0.999986
0.999871
0.999871
0.999871
0.999871
0.999871
0.999871
0.999871
0.999986
0.999871
0.999871
0.999871
0.999871
0.999871
0.999871
0.999871
0.999986
0.999871
0.999871
0.999871
0.999871
0.999871
0.999871
0.999871
0.999986
0.999871
0.999871
0.999871
0.999871
0.999871
0.999871
0.999871
0.999986
0.999871
0.999871
0.999871
0.999871
0.999871
0.999871
0.999871
0.999986
0.999871
0.999871
0.999871
0.999871
0.999871
0.999871
0.999871
0.999986
0.999871
0.999871
0.999871
0.999871
0.999871
0.999871
0.999871
0.999986
0.999871
0.999871
0.999871
0.999871
0.999871
0.999871
0.999871
0.999871
0.999871
0.999871
0.999871
0.999871
0.999871
0.999871
0.999871
0.999871
0.999871
0.999871
0.999871
0.999871
0.999871
0.999871
0.999871
0.999871
0.999871
0.999871
0.999871
0.999871
0.999871
0.999871
0.999871
0.999871
0.999871
0.999871
0.999871
0.999871
0.999871
0.999871
0.999871
0.999871
0.999871
0.999871
0.999871
0.999871
0.999871
0.999871
0.999871
0.999871
0.999871
0.999871
0.999871
0.999871
0.999871
0.999871
0.999871
0.999871
0.999871
0.999871
0.999871
0.999871
0.999871
0.999871
0.999871
0.999871
0.999871
0.999871
0.999871
0.999871
0.999871
0.999871
0.999871
0.999871
0.999871
0.999871
0.999871
0.999871
0.999871
0.999871
0.999871
0.999871
0.999871
0.999871
0.999871
0.999871
0.999871
0.999871
0.999871
0.999871
0.999871
0.999871
0.999871
0.999871
0.999871
0.999871
0.999871
0.999871
0.999871
0.999871
0.999871
0.999871
0.999871
0.999871
0.999871
0.999871
0.999871
0.999986
0.999986
0.999986
0.999986
0.999986
0.999986
0.999986
0.999986
0.999986
0.999986
0.999986
0.999986
0.999986
0.999986
0.999986
0.999986
0.999986
0.999986
0.999986
0.999986
0.999986
0.999986
0.999986
0.999986
0.999986
0.999986
0.999986
0.999986
0.999986
0.999986
0.999986
0.999986
0.999986
0.999986
0.999986
0.999986
0.999986
0.999986
0.999986
0.999986
0.999986
0.999986
0.999986
0.999986
0.999986
0.999986
0.999986
0.999986
0.999986
0.999986
0.999986
0.999986
0.999986
0.999986
0.999986
0.999986
0.999986
0.999986
0.999986
0.999986
0.999986
0.999986
0.999986
0.999986
0.999986
0.999986
0.999986
0.999986
0.999986
0.999986
0.999986
0.999986
0.999986
0.999986
0.999986
0.999986
0.999986
0.999986
0.999986
0.999986
0.999986
0.999986
0.999986
0.999986
0.999986
0.999986
0.999986
0.999986
0.999986
0.999986
0.999986
0.999986
0.999986
0.999986
0.999986
0.999986
0.999986
0.999986
0.999986
0.999986
0.999986
0.999986
0.999986
0.999986
0.999986
0.999986
0.999986
0.999986
0.999986
0.999986
0.999986
0.999986
0.999986
0.999986
0.999986
0.999986
0.999986
0.999986
0.999986
0.999986
)
;
        value           nonuniform List<scalar> 
825
(
295.254
295.348
295.535
295.817
296.197
296.681
297.274
297.982
298.81
299.766
300.857
302.088
303.466
305.007
306.829
295.255
295.255
295.255
295.255
295.348
295.349
295.349
295.349
295.535
295.535
295.535
295.535
295.817
295.817
295.817
295.817
296.198
296.198
296.198
296.198
296.682
296.682
296.682
296.683
297.275
297.275
297.275
297.276
297.982
297.983
297.983
297.983
298.811
298.811
298.812
298.812
299.767
299.768
299.768
299.769
300.858
300.858
300.859
300.86
302.089
302.09
302.091
302.092
303.469
303.471
303.472
303.474
305.018
305.026
305.031
305.032
306.924
306.985
307.008
306.995
295.255
295.255
295.255
295.255
295.349
295.349
295.349
295.348
295.535
295.535
295.535
295.535
295.817
295.817
295.817
295.817
296.198
296.198
296.198
296.198
296.683
296.682
296.682
296.682
297.276
297.275
297.275
297.275
297.983
297.983
297.983
297.982
298.812
298.812
298.811
298.811
299.769
299.768
299.768
299.767
300.86
300.859
300.858
300.858
302.092
302.091
302.09
302.089
303.474
303.472
303.471
303.469
305.032
305.031
305.026
305.018
306.995
307.008
306.985
306.924
295.254
295.348
295.535
295.817
296.197
296.681
297.274
297.982
298.81
299.766
300.857
302.088
303.466
305.007
306.829
295.254
295.254
295.254
295.254
295.253
295.253
295.253
295.348
295.348
295.348
295.347
295.347
295.347
295.347
295.534
295.534
295.534
295.534
295.534
295.534
295.534
295.816
295.816
295.816
295.816
295.816
295.815
295.815
296.197
296.197
296.196
296.196
296.196
296.196
296.196
296.681
296.681
296.68
296.68
296.68
296.68
296.68
297.274
297.273
297.273
297.273
297.272
297.272
297.272
297.981
297.981
297.98
297.98
297.98
297.979
297.979
298.809
298.809
298.809
298.808
298.808
298.807
298.807
299.766
299.765
299.764
299.764
299.763
299.763
299.763
300.856
300.855
300.854
300.854
300.853
300.853
300.853
302.087
302.086
302.085
302.084
302.083
302.083
302.082
303.464
303.462
303.46
303.458
303.457
303.455
303.455
304.996
304.985
304.974
304.965
304.958
304.952
304.95
306.71
306.61
306.527
306.462
306.413
306.381
306.364
295.254
295.254
295.254
295.254
295.253
295.253
295.253
295.253
295.348
295.348
295.348
295.347
295.347
295.347
295.347
295.347
295.534
295.534
295.534
295.534
295.534
295.534
295.534
295.534
295.816
295.816
295.816
295.816
295.816
295.815
295.815
295.815
296.197
296.197
296.196
296.196
296.196
296.196
296.196
296.196
296.681
296.681
296.68
296.68
296.68
296.68
296.68
296.68
297.274
297.273
297.273
297.273
297.272
297.272
297.272
297.272
297.981
297.981
297.98
297.98
297.98
297.979
297.979
297.979
298.81
298.809
298.809
298.808
298.808
298.807
298.807
298.807
299.766
299.765
299.764
299.764
299.764
299.763
299.763
299.763
300.856
300.855
300.855
300.854
300.853
300.853
300.853
300.853
302.087
302.086
302.085
302.084
302.083
302.083
302.082
302.082
303.464
303.462
303.46
303.458
303.457
303.456
303.455
303.455
304.996
304.985
304.974
304.965
304.958
304.953
304.95
304.95
306.71
306.61
306.527
306.462
306.413
306.381
306.364
306.364
295.255
295.255
295.255
295.255
295.254
295.254
295.254
295.349
295.349
295.349
295.349
295.349
295.349
295.349
295.536
295.536
295.536
295.536
295.536
295.536
295.536
295.818
295.818
295.818
295.818
295.818
295.818
295.818
296.199
296.199
296.199
296.199
296.199
296.199
296.199
296.683
296.683
296.683
296.683
296.683
296.683
296.683
297.276
297.276
297.276
297.276
297.276
297.276
297.276
297.984
297.984
297.984
297.984
297.984
297.984
297.984
298.813
298.813
298.813
298.813
298.813
298.813
298.813
299.769
299.77
299.77
299.77
299.77
299.77
299.77
300.86
300.861
300.861
300.861
300.861
300.861
300.861
302.093
302.093
302.093
302.094
302.094
302.093
302.093
303.475
303.475
303.475
303.474
303.474
303.474
303.473
305.025
305.018
305.011
305.004
304.999
304.995
304.993
306.824
306.721
306.636
306.57
306.52
306.487
306.47
295.255
295.255
295.255
295.255
295.254
295.254
295.254
295.254
295.349
295.349
295.349
295.349
295.349
295.349
295.349
295.349
295.536
295.536
295.536
295.536
295.536
295.536
295.536
295.536
295.818
295.818
295.818
295.818
295.818
295.818
295.818
295.818
296.199
296.199
296.199
296.199
296.199
296.199
296.199
296.199
296.683
296.683
296.683
296.683
296.683
296.683
296.683
296.683
297.276
297.276
297.276
297.276
297.276
297.276
297.276
297.276
297.984
297.984
297.984
297.984
297.984
297.984
297.984
297.984
298.813
298.813
298.813
298.813
298.813
298.813
298.813
298.813
299.769
299.77
299.77
299.77
299.77
299.77
299.77
299.77
300.86
300.861
300.861
300.861
300.861
300.861
300.861
300.861
302.093
302.093
302.093
302.094
302.094
302.093
302.093
302.093
303.475
303.475
303.475
303.474
303.474
303.474
303.473
303.473
305.025
305.018
305.011
305.004
304.999
304.995
304.993
304.993
306.824
306.721
306.636
306.57
306.52
306.487
306.47
306.47
295.254
295.254
295.254
295.254
295.253
295.253
295.253
295.348
295.348
295.348
295.347
295.347
295.347
295.347
295.534
295.534
295.534
295.534
295.534
295.534
295.534
295.816
295.816
295.816
295.816
295.816
295.815
295.815
296.197
296.197
296.196
296.196
296.196
296.196
296.196
296.681
296.681
296.68
296.68
296.68
296.68
296.68
297.274
297.273
297.273
297.273
297.272
297.272
297.272
297.981
297.981
297.98
297.98
297.98
297.979
297.979
298.81
298.809
298.809
298.808
298.808
298.807
298.807
299.766
299.765
299.764
299.764
299.764
299.763
299.763
300.856
300.855
300.855
300.854
300.853
300.853
300.853
302.087
302.086
302.085
302.084
302.083
302.083
302.082
303.464
303.462
303.46
303.458
303.457
303.456
303.455
304.996
304.985
304.974
304.965
304.958
304.953
304.95
306.71
306.61
306.527
306.462
306.413
306.381
306.364
295.254
295.254
295.254
295.254
295.253
295.253
295.253
295.253
295.348
295.348
295.348
295.347
295.347
295.347
295.347
295.347
295.534
295.534
295.534
295.534
295.534
295.534
295.534
295.534
295.816
295.816
295.816
295.816
295.816
295.815
295.815
295.815
296.197
296.197
296.196
296.196
296.196
296.196
296.196
296.196
296.681
296.681
296.68
296.68
296.68
296.68
296.68
296.68
297.274
297.273
297.273
297.273
297.272
297.272
297.272
297.272
297.981
297.981
297.98
297.98
297.98
297.979
297.979
297.979
298.809
298.809
298.809
298.808
298.808
298.807
298.807
298.807
299.766
299.765
299.764
299.764
299.763
299.763
299.763
299.763
300.856
300.855
300.854
300.854
300.853
300.853
300.853
300.853
302.087
302.086
302.085
302.084
302.083
302.083
302.082
302.082
303.464
303.462
303.46
303.458
303.457
303.455
303.455
303.455
304.996
304.985
304.974
304.965
304.958
304.952
304.95
304.95
306.71
306.61
306.527
306.462
306.413
306.381
306.364
306.364
)
;
        Tnbr            T;
        thicknessLayers 0();
        kappaLayers     0();
        kappaMethod     fluidThermo;
        kappa           none;
        alphaAni        none;
        alpha           none;
    }
}


// ************************************************************************* //
