/*--------------------------------*- C++ -*----------------------------------*\
| =========                 |                                                 |
| \\      /  F ield         | OpenFOAM: The Open Source CFD Toolbox           |
|  \\    /   O peration     | Version:                                        |
|   \\  /    A nd           | Website:  www.openfoam.com                      |
|    \\/     M anipulation  |                                                 |
\*---------------------------------------------------------------------------*/
FoamFile
{
    version     2.0;
    format      ascii;
    class       volVectorField;
    location    "0.7";
    object      flux;
}
// * * * * * * * * * * * * * * * * * * * * * * * * * * * * * * * * * * * * * //

dimensions      [0 1 -1 1 0 0 0];


internalField   nonuniform List<vector> 
4352
(
(-1.73782 1.69165 -1.73473e-08)
(-0.514296 0.91104 -3.4695e-08)
(-0.197294 0.543062 -3.92707e-08)
(-0.0968907 0.339826 -3.63799e-08)
(-0.0559612 0.215521 -2.96805e-08)
(-0.0348861 0.135636 -2.22038e-08)
(-0.0222287 0.0836499 -1.57609e-08)
(-0.0140562 0.0501704 -1.1029e-08)
(-1.047 0.470602 -8.62583e-09)
(-0.634295 0.505619 -5.5082e-10)
(-0.373919 0.389026 1.41755e-08)
(-0.23065 0.273487 2.71578e-08)
(-0.148229 0.183956 3.37411e-08)
(-0.0969853 0.119531 3.3082e-08)
(-0.0632372 0.0750462 2.70888e-08)
(-0.0404652 0.0454262 1.92396e-08)
(-0.761602 0.158149 -1.31294e-09)
(-0.595872 0.258626 6.89922e-09)
(-0.429426 0.244041 2.38823e-08)
(-0.301961 0.193019 3.98024e-08)
(-0.209917 0.13939 4.82146e-08)
(-0.143796 0.0945663 4.67102e-08)
(-0.0963338 0.060843 3.67149e-08)
(-0.0626468 0.0371872 2.24299e-08)
(-0.630229 0.0636632 -2.9944e-10)
(-0.548403 0.132764 3.04072e-08)
(-0.439526 0.144481 6.52719e-08)
(-0.335301 0.125706 8.99166e-08)
(-0.246682 0.0967246 9.69868e-08)
(-0.175532 0.0682354 8.6008e-08)
(-0.120616 0.04462 6.22875e-08)
(-0.0797153 0.0269924 3.72634e-08)
(-0.565175 0.0292086 1.00667e-08)
(-0.515054 0.0693838 4.07119e-08)
(-0.436484 0.0829513 7.37202e-08)
(-0.349717 0.0773989 9.66822e-08)
(-0.267388 0.0624255 1.02565e-07)
(-0.1959 0.0449501 9.02185e-08)
(-0.137577 0.0287652 6.27466e-08)
(-0.0922056 0.01569 2.77643e-08)
(-0.531637 0.014427 5.80245e-09)
(-0.49466 0.0366487 4.42827e-08)
(-0.431511 0.0464809 8.37296e-08)
(-0.355827 0.0453818 1.09208e-07)
(-0.27913 0.0374067 1.12969e-07)
(-0.209192 0.0261956 9.22224e-08)
(-0.149876 0.0140988 4.93718e-08)
(-0.101699 0.00282444 4.5812e-09)
(-0.514099 0.00734723 1.25323e-08)
(-0.483 0.0193094 4.64314e-08)
(-0.427751 0.0253252 8.01286e-08)
(-0.358791 0.0252125 1.03724e-07)
(-0.286574 0.0203227 1.13842e-07)
(-0.219208 0.0119638 1.12239e-07)
(-0.160948 0.000590198 1.09149e-07)
(-0.111109 -0.0135929 1.27715e-07)
(-0.504981 0.00375118 7.59458e-09)
(-0.476682 0.010017 4.04284e-08)
(-0.425608 0.0133142 7.47338e-08)
(-0.36083 0.0131198 1.02745e-07)
(-0.292379 0.00955196 1.22874e-07)
(-0.228925 0.00235831 1.36988e-07)
(-0.175433 -0.0105039 1.44646e-07)
(-0.127101 -0.0359995 1.37211e-07)
(-1.73782 1.69165 -6.97203e-09)
(-0.514296 0.91104 1.52745e-08)
(-0.197294 0.543062 4.37522e-08)
(-0.0968907 0.339826 6.72598e-08)
(-0.0559612 0.215521 8.12033e-08)
(-0.0348861 0.135636 8.45853e-08)
(-0.0222286 0.0836499 7.93571e-08)
(-0.0140562 0.0501704 6.83844e-08)
(-1.047 0.470602 8.20989e-08)
(-0.634294 0.505619 2.32024e-07)
(-0.373919 0.389026 3.49087e-07)
(-0.23065 0.273487 4.16806e-07)
(-0.148229 0.183956 4.3236e-07)
(-0.0969853 0.119531 4.05608e-07)
(-0.0632372 0.0750463 3.5171e-07)
(-0.0404653 0.0454263 2.86698e-07)
(-0.761602 0.158149 1.07968e-07)
(-0.595872 0.258626 3.33447e-07)
(-0.429426 0.244041 5.15126e-07)
(-0.301961 0.193019 6.24371e-07)
(-0.209917 0.13939 6.55727e-07)
(-0.143796 0.0945664 6.21281e-07)
(-0.0963338 0.0608431 5.4289e-07)
(-0.0626469 0.0371873 4.43069e-07)
(-0.630229 0.0636632 1.57401e-07)
(-0.548403 0.132764 4.57725e-07)
(-0.439526 0.144481 6.90694e-07)
(-0.335301 0.125706 8.2427e-07)
(-0.246682 0.0967247 8.55097e-07)
(-0.175532 0.0682355 8.02768e-07)
(-0.120616 0.0446201 6.97844e-07)
(-0.0797154 0.0269924 5.73426e-07)
(-0.565175 0.0292086 1.57439e-07)
(-0.515054 0.0693838 4.66799e-07)
(-0.436484 0.0829514 7.08641e-07)
(-0.349717 0.077399 8.49462e-07)
(-0.267388 0.0624256 8.85951e-07)
(-0.1959 0.0449501 8.37104e-07)
(-0.137577 0.0287652 7.31627e-07)
(-0.0922057 0.0156899 5.97015e-07)
(-0.531637 0.014427 1.58009e-07)
(-0.49466 0.0366487 4.61857e-07)
(-0.431511 0.0464809 6.95693e-07)
(-0.355827 0.0453818 8.27443e-07)
(-0.27913 0.0374067 8.54829e-07)
(-0.209192 0.0261957 7.96364e-07)
(-0.149877 0.0140989 6.81559e-07)
(-0.101699 0.00282464 5.52242e-07)
(-0.514099 0.00734724 1.35246e-07)
(-0.483 0.0193094 3.95576e-07)
(-0.427751 0.0253252 5.95317e-07)
(-0.358791 0.0252125 7.07993e-07)
(-0.286574 0.0203227 7.3454e-07)
(-0.219208 0.0119639 6.94181e-07)
(-0.160948 0.000590388 6.20303e-07)
(-0.111109 -0.0135926 5.51313e-07)
(-0.50498 0.00375118 1.11697e-07)
(-0.476682 0.010017 3.25464e-07)
(-0.425607 0.0133142 4.86398e-07)
(-0.36083 0.0131197 5.73354e-07)
(-0.292379 0.00955193 5.86324e-07)
(-0.228925 0.00235831 5.40995e-07)
(-0.175433 -0.0105039 4.55941e-07)
(-0.127101 -0.0359997 3.42514e-07)
(-1.73782 1.69165 3.25587e-08)
(-0.514296 0.91104 1.09083e-07)
(-0.197294 0.543063 1.8672e-07)
(-0.0968906 0.339827 2.40999e-07)
(-0.0559612 0.215522 2.66565e-07)
(-0.0348861 0.135637 2.67595e-07)
(-0.0222287 0.0836508 2.50783e-07)
(-0.0140563 0.0501711 2.22547e-07)
(-1.047 0.470602 2.48455e-07)
(-0.634294 0.50562 6.83328e-07)
(-0.373919 0.389027 9.93775e-07)
(-0.23065 0.273488 1.16264e-06)
(-0.148229 0.183957 1.19971e-06)
(-0.0969855 0.119532 1.13509e-06)
(-0.0632374 0.0750471 1.00681e-06)
(-0.0404655 0.045427 8.46176e-07)
(-0.761601 0.158149 3.88262e-07)
(-0.595871 0.258626 1.05449e-06)
(-0.429426 0.244041 1.54564e-06)
(-0.30196 0.19302 1.81821e-06)
(-0.209917 0.13939 1.88439e-06)
(-0.143796 0.0945671 1.7939e-06)
(-0.0963341 0.0608437 1.60705e-06)
(-0.0626472 0.0371878 1.37259e-06)
(-0.630228 0.0636633 4.87929e-07)
(-0.548402 0.132764 1.31866e-06)
(-0.439525 0.144481 1.91231e-06)
(-0.335301 0.125706 2.23859e-06)
(-0.246682 0.0967251 2.32278e-06)
(-0.175532 0.0682358 2.22898e-06)
(-0.120617 0.0446204 2.02872e-06)
(-0.0797158 0.0269927 1.76505e-06)
(-0.565174 0.0292086 4.93932e-07)
(-0.515053 0.0693838 1.33948e-06)
(-0.436483 0.0829513 1.95457e-06)
(-0.349717 0.0773989 2.29875e-06)
(-0.267388 0.0624255 2.39863e-06)
(-0.195901 0.0449501 2.32383e-06)
(-0.137577 0.0287652 2.15279e-06)
(-0.0922061 0.0156899 1.93363e-06)
(-0.531636 0.014427 4.74251e-07)
(-0.494659 0.0366486 1.27592e-06)
(-0.43151 0.0464806 1.8469e-06)
(-0.355827 0.0453815 2.1623e-06)
(-0.27913 0.0374064 2.25615e-06)
(-0.209193 0.0261953 2.20694e-06)
(-0.149877 0.0140986 2.10093e-06)
(-0.101699 0.00282435 1.9531e-06)
(-0.514098 0.00734714 3.99424e-07)
(-0.482999 0.0193091 1.07507e-06)
(-0.42775 0.0253248 1.55246e-06)
(-0.358791 0.025212 1.8024e-06)
(-0.286574 0.0203221 1.84688e-06)
(-0.219209 0.0119633 1.7436e-06)
(-0.160948 0.000589746 1.54344e-06)
(-0.111109 -0.0135933 1.2241e-06)
(-0.50498 0.00375108 3.21625e-07)
(-0.476681 0.0100167 8.5346e-07)
(-0.425607 0.0133137 1.20639e-06)
(-0.36083 0.0131192 1.35113e-06)
(-0.292379 0.00955133 1.29668e-06)
(-0.228925 0.00235767 1.08057e-06)
(-0.175434 -0.0105046 7.59235e-07)
(-0.127101 -0.0360004 4.03715e-07)
(-1.73782 1.69165 2.21834e-08)
(-0.514296 0.911041 5.91132e-08)
(-0.197294 0.543065 1.03697e-07)
(-0.0968905 0.339829 1.37359e-07)
(-0.0559611 0.215524 1.55681e-07)
(-0.0348861 0.135639 1.60805e-07)
(-0.0222287 0.0836524 1.55665e-07)
(-0.0140564 0.0501726 1.43134e-07)
(-1.047 0.470603 1.5773e-07)
(-0.634293 0.505621 4.50753e-07)
(-0.373918 0.389029 6.58864e-07)
(-0.23065 0.273491 7.7299e-07)
(-0.148229 0.183959 8.01089e-07)
(-0.0969857 0.119535 7.62566e-07)
(-0.0632378 0.075049 6.8219e-07)
(-0.0404659 0.0454286 5.78718e-07)
(-0.761599 0.158149 2.78981e-07)
(-0.59587 0.258627 7.27943e-07)
(-0.429425 0.244042 1.0544e-06)
(-0.30196 0.193022 1.23364e-06)
(-0.209917 0.139392 1.27687e-06)
(-0.143796 0.0945686 1.21932e-06)
(-0.0963347 0.0608451 1.10088e-06)
(-0.0626479 0.0371891 9.51955e-07)
(-0.630226 0.0636634 3.30229e-07)
(-0.5484 0.132764 8.91339e-07)
(-0.439524 0.144482 1.28689e-06)
(-0.335301 0.125707 1.50424e-06)
(-0.246682 0.0967258 1.56467e-06)
(-0.175533 0.0682365 1.51222e-06)
(-0.120617 0.0446212 1.39316e-06)
(-0.0797166 0.0269936 1.22888e-06)
(-0.565171 0.0292085 3.4656e-07)
(-0.515051 0.0693837 9.13392e-07)
(-0.436482 0.0829512 1.31965e-06)
(-0.349716 0.0773988 1.54597e-06)
(-0.267388 0.0624254 1.61524e-06)
(-0.195901 0.0449501 1.57695e-06)
(-0.137578 0.0287653 1.48391e-06)
(-0.0922067 0.0156903 1.36438e-06)
(-0.531634 0.0144268 3.22045e-07)
(-0.494657 0.0366482 8.58346e-07)
(-0.431509 0.0464801 1.23493e-06)
(-0.355826 0.0453808 1.44406e-06)
(-0.27913 0.0374056 1.51429e-06)
(-0.209193 0.0261945 1.5028e-06)
(-0.149877 0.0140976 1.46874e-06)
(-0.1017 0.00282322 1.40544e-06)
(-0.514096 0.00734693 2.7671e-07)
(-0.482998 0.0193085 7.25925e-07)
(-0.427749 0.0253239 1.03728e-06)
(-0.358791 0.0252108 1.19813e-06)
(-0.286574 0.0203208 1.22618e-06)
(-0.219209 0.0119616 1.16166e-06)
(-0.160949 0.000587705 1.03229e-06)
(-0.11111 -0.0135957 8.00504e-07)
(-0.504978 0.00375086 2.17523e-07)
(-0.47668 0.0100161 5.68424e-07)
(-0.425606 0.0133128 7.94722e-07)
(-0.360829 0.013118 8.80526e-07)
(-0.29238 0.00954992 8.33227e-07)
(-0.228926 0.00235601 6.76566e-07)
(-0.175434 -0.0105065 4.4794e-07)
(-0.127102 -0.0360019 1.98413e-07)
(-0.00868358 0.0291284 -7.62596e-09)
(-0.0051964 0.0163307 -4.87637e-09)
(-0.00299907 0.00883319 -2.7523e-09)
(-0.0016664 0.00460991 -1.28977e-09)
(-0.000891223 0.00232289 -4.55245e-10)
(-0.000459091 0.00113124 -5.3484e-11)
(-0.000228039 0.000533052 8.54252e-11)
(-0.00010937 0.000243319 1.05914e-10)
(-5.07195e-05 0.000107717 8.21676e-11)
(-2.27738e-05 4.63002e-05 5.33356e-11)
(-9.91423e-06 1.9344e-05 3.05814e-11)
(-4.18982e-06 7.86371e-06 1.62133e-11)
(-1.72094e-06 3.11356e-06 7.99129e-12)
(-6.87793e-07 1.20185e-06 3.7401e-12)
(-2.67755e-07 4.52684e-07 1.65714e-12)
(-1.01634e-07 1.66522e-07 7.04444e-13)
(-3.76515e-08 5.98737e-08 2.86801e-13)
(-1.36255e-08 2.10587e-08 1.13903e-13)
(-4.82086e-09 7.25082e-09 4.0304e-14)
(-1.66897e-09 2.44575e-09 1.40188e-14)
(-5.65791e-10 8.08734e-10 4.67293e-15)
(-1.87962e-10 2.62334e-10 1.16823e-15)
(-6.12341e-11 8.35251e-11 1.16823e-15)
(-1.95749e-11 2.61193e-11 0)
(-6.14607e-12 8.02809e-12 -1.16823e-15)
(-1.89487e-12 2.42408e-12 5.84116e-16)
(-5.73602e-13 7.19631e-13 5.84116e-16)
(-1.7173e-13 2.09114e-13 0)
(-5.0234e-14 5.84116e-14 0)
(-1.16823e-14 1.63553e-14 0)
(-3.5047e-15 5.84116e-15 -1.75235e-15)
(-3.5047e-15 0 0)
(-0.0251561 0.0264556 1.29543e-08)
(-0.0150988 0.0148154 9.17596e-09)
(-0.00872176 0.00798341 7.00182e-09)
(-0.0048439 0.00414507 5.40396e-09)
(-0.00258744 0.00207691 3.9999e-09)
(-0.00133075 0.00100581 2.76411e-09)
(-0.000659886 0.00047146 1.77788e-09)
(-0.000315964 0.000214181 1.06651e-09)
(-0.000146299 9.44158e-05 6.00853e-10)
(-6.5599e-05 4.0432e-05 3.1942e-10)
(-2.85222e-05 1.68375e-05 1.61232e-10)
(-1.20406e-05 6.82546e-06 7.75443e-11)
(-4.94093e-06 2.69586e-06 3.56983e-11)
(-1.97309e-06 1.0384e-06 1.57688e-11)
(-7.67569e-07 3.90401e-07 6.70799e-12)
(-2.91175e-07 1.4338e-07 2.75002e-12)
(-1.07812e-07 5.14807e-08 1.08996e-12)
(-3.89974e-08 1.80845e-08 4.18227e-13)
(-1.37921e-08 6.22004e-09 1.54207e-13)
(-4.77312e-09 2.09607e-09 5.37387e-14)
(-1.61763e-09 6.92519e-10 1.98599e-14)
(-5.3725e-10 2.24464e-10 7.00939e-15)
(-1.74979e-10 7.14222e-11 2.92058e-15)
(-5.59233e-11 2.23191e-11 1.16823e-15)
(-1.75504e-11 6.85168e-12 0)
(-5.41125e-12 2.06894e-12 -2.33646e-15)
(-1.6402e-12 6.1449e-13 5.84116e-16)
(-4.89489e-13 1.77571e-13 5.84116e-16)
(-1.43693e-13 5.14022e-14 5.84116e-16)
(-4.43928e-14 9.34586e-15 1.16823e-15)
(-7.00939e-15 -1.16823e-15 0)
(-4.67293e-15 2.33646e-15 -1.16823e-15)
(-0.0392944 0.0215929 1.03541e-08)
(-0.0236686 0.0119523 5.78928e-09)
(-0.0136694 0.00633681 5.07953e-09)
(-0.0075729 0.00323191 4.93833e-09)
(-0.00403048 0.00159112 4.32267e-09)
(-0.00206454 0.000758057 3.31171e-09)
(-0.00101967 0.00035016 2.26958e-09)
(-0.000486415 0.000157041 1.41602e-09)
(-0.000224468 6.84584e-05 8.18217e-10)
(-0.000100352 2.90354e-05 4.42283e-10)
(-4.35207e-05 1.19919e-05 2.25785e-10)
(-1.83314e-05 4.82681e-06 1.09453e-10)
(-7.50799e-06 1.89486e-06 5.06721e-11)
(-2.99326e-06 7.26041e-07 2.24756e-11)
(-1.16278e-06 2.71727e-07 9.58651e-12)
(-4.40554e-07 9.94033e-08 3.93928e-12)
(-1.62947e-07 3.55689e-08 1.56485e-12)
(-5.88862e-08 1.24576e-08 6.01055e-13)
(-2.08093e-08 4.27351e-09 2.21964e-13)
(-7.19649e-09 1.4368e-09 7.82716e-14)
(-2.43739e-09 4.73743e-10 2.80376e-14)
(-8.09062e-10 1.5328e-10 1.16823e-14)
(-2.6338e-10 4.86931e-11 5.25704e-15)
(-8.41431e-11 1.51964e-11 2.92058e-15)
(-2.63962e-11 4.65774e-12 0)
(-8.13323e-12 1.40071e-12 5.84116e-16)
(-2.46263e-12 4.15891e-13 5.84116e-16)
(-7.39491e-13 1.21496e-13 0)
(-2.17291e-13 3.0374e-14 1.16823e-15)
(-6.42528e-14 9.34586e-15 1.75235e-15)
(-1.28506e-14 1.16823e-15 1.75235e-15)
(-2.33646e-15 -2.33646e-15 0)
(-0.050391 0.0150613 2.43048e-08)
(-0.0303549 0.00787393 2.02086e-08)
(-0.0174421 0.00391782 1.80544e-08)
(-0.0095896 0.00187621 1.50277e-08)
(-0.0050613 0.000870903 1.12746e-08)
(-0.0025717 0.000393476 7.67598e-09)
(-0.0012609 0.000173431 4.80761e-09)
(-0.000597666 7.46655e-05 2.8026e-09)
(-0.000274305 3.14174e-05 1.53551e-09)
(-0.000122065 1.29247e-05 7.96178e-10)
(-5.27308e-05 5.1996e-06 3.93012e-10)
(-2.21377e-05 2.04599e-06 1.85446e-10)
(-9.0417e-06 7.87637e-07 8.39702e-11)
(-3.59621e-06 2.96729e-07 3.65797e-11)
(-1.39421e-06 1.09434e-07 1.53734e-11)
(-5.27333e-07 3.95244e-08 6.24245e-12)
(-1.94757e-07 1.39856e-08 2.45504e-12)
(-7.02927e-08 4.85057e-09 9.3517e-13)
(-2.4813e-08 1.64968e-09 3.45213e-13)
(-8.57289e-09 5.50443e-10 1.23833e-13)
(-2.90115e-09 1.80272e-10 4.38087e-14)
(-9.62294e-10 5.79817e-11 1.69394e-14)
(-3.13063e-10 1.83202e-11 7.00939e-15)
(-9.9961e-11 5.69163e-12 2.33646e-15)
(-3.13437e-11 1.73599e-12 2.33646e-15)
(-9.65427e-12 5.24536e-13 2.33646e-15)
(-2.92292e-12 1.48365e-13 0)
(-8.71501e-13 4.20564e-14 1.75235e-15)
(-2.55843e-13 1.28506e-14 1.16823e-15)
(-7.35986e-14 5.84116e-15 1.75235e-15)
(-1.86917e-14 4.67293e-15 1.75235e-15)
(-3.5047e-15 0 5.84116e-16)
(-0.0584129 0.00678166 -4.40963e-09)
(-0.0348121 0.00237775 -1.02601e-09)
(-0.0196671 0.000621749 6.68816e-09)
(-0.0106198 5.20534e-05 9.69391e-09)
(-0.00551321 -7.77118e-05 8.90979e-09)
(-0.00276201 -7.57689e-05 6.63421e-09)
(-0.00133848 -4.91276e-05 4.3411e-09)
(-0.000628428 -2.70726e-05 2.58688e-09)
(-0.000286209 -1.35653e-05 1.43374e-09)
(-0.00012657 -6.35987e-06 7.47576e-10)
(-5.43995e-05 -2.83169e-06 3.70029e-10)
(-2.27434e-05 -1.20794e-06 1.74738e-10)
(-9.25725e-06 -4.96497e-07 7.91249e-11)
(-3.67146e-06 -1.97417e-07 3.44447e-11)
(-1.41998e-06 -7.61582e-08 1.44651e-11)
(-5.36003e-07 -2.85688e-08 5.86745e-12)
(-1.97621e-07 -1.044e-08 2.30551e-12)
(-7.12221e-08 -3.72216e-09 8.78511e-13)
(-2.51095e-08 -1.29639e-09 3.24769e-13)
(-8.6659e-09 -4.4158e-10 1.16823e-13)
(-2.92986e-09 -1.47244e-10 4.32246e-14)
(-9.71017e-10 -4.8109e-11 1.63553e-14)
(-3.15669e-10 -1.54148e-11 8.17763e-15)
(-1.00726e-10 -4.84816e-12 2.33646e-15)
(-3.15645e-11 -1.49534e-12 3.5047e-15)
(-9.71852e-12 -4.57947e-13 1.75235e-15)
(-2.94628e-12 -1.3902e-13 0)
(-8.75006e-13 -4.20564e-14 1.75235e-15)
(-2.54675e-13 -1.05141e-14 1.75235e-15)
(-7.00939e-14 -2.33646e-15 -5.84116e-16)
(-1.98599e-14 0 0)
(-7.00939e-15 0 1.75235e-15)
(-0.0637032 -0.00480473 2.28061e-08)
(-0.0365148 -0.00535392 3.1508e-08)
(-0.0197678 -0.00378772 3.0025e-08)
(-0.0102891 -0.00225029 2.37467e-08)
(-0.00518912 -0.00121373 1.66213e-08)
(-0.00254312 -0.000613602 1.06227e-08)
(-0.00121221 -0.000295307 6.30636e-09)
(-0.000562104 -0.000136442 3.51892e-09)
(-0.000253592 -6.08274e-05 1.8593e-09)
(-0.000111332 -2.62509e-05 9.3596e-10)
(-4.75789e-05 -1.09922e-05 4.50682e-10)
(-1.98025e-05 -4.47383e-06 2.08373e-10)
(-8.03118e-06 -1.77234e-06 9.27337e-11)
(-3.17588e-06 -6.84235e-07 3.98326e-11)
(-1.22536e-06 -2.57703e-07 1.6541e-11)
(-4.61615e-07 -9.4777e-08 6.65425e-12)
(-1.69911e-07 -3.40677e-08 2.59756e-12)
(-6.11491e-08 -1.19783e-08 9.84236e-13)
(-2.15324e-08 -4.12287e-09 3.64488e-13)
(-7.42374e-09 -1.39018e-09 1.30258e-13)
(-2.50768e-09 -4.59523e-10 4.55611e-14)
(-8.30466e-10 -1.49005e-10 1.69394e-14)
(-2.698e-10 -4.74244e-11 7.59351e-15)
(-8.60415e-11 -1.48237e-11 4.67293e-15)
(-2.69535e-11 -4.55143e-12 4.67293e-15)
(-8.29795e-12 -1.37384e-12 3.5047e-15)
(-2.50703e-12 -4.07713e-13 1.75235e-15)
(-7.465e-13 -1.16823e-13 5.84116e-16)
(-2.14955e-13 -3.5047e-14 1.16823e-15)
(-6.07481e-14 -9.34586e-15 5.84116e-16)
(-1.75235e-14 -4.67293e-15 1.16823e-15)
(-3.5047e-15 -1.16823e-15 5.84116e-16)
(-0.0665913 -0.0248116 1.167e-07)
(-0.0337951 -0.0166979 8.84316e-08)
(-0.0165635 -0.0093292 6.06447e-08)
(-0.00804582 -0.00482038 3.88268e-08)
(-0.00387652 -0.00237644 2.34886e-08)
(-0.00184359 -0.00113047 1.35036e-08)
(-0.000861317 -0.000521259 7.40583e-09)
(-0.000393949 -0.000233475 3.88576e-09)
(-0.000176018 -0.000101703 1.95578e-09)
(-7.67347e-05 -4.31227e-05 9.46349e-10)
(-3.26225e-05 -1.78103e-05 4.41182e-10)
(-1.35236e-05 -7.17019e-06 1.98505e-10)
(-5.46766e-06 -2.81569e-06 8.63604e-11)
(-2.15683e-06 -1.07928e-06 3.63752e-11)
(-8.30526e-07 -4.04093e-07 1.4857e-11)
(-3.12368e-07 -1.47886e-07 5.89139e-12)
(-1.14822e-07 -5.29377e-08 2.27104e-12)
(-4.12773e-08 -1.85478e-08 8.52809e-13)
(-1.45213e-08 -6.36492e-09 3.11334e-13)
(-5.00255e-09 -2.14066e-09 1.09814e-13)
(-1.68868e-09 -7.06033e-10 3.67993e-14)
(-5.58916e-10 -2.28503e-10 1.28506e-14)
(-1.8149e-10 -7.26068e-11 4.67293e-15)
(-5.78555e-11 -2.26649e-11 2.92058e-15)
(-1.81169e-11 -6.95215e-12 1.16823e-15)
(-5.57597e-12 -2.09581e-12 0)
(-1.68576e-12 -6.20331e-13 1.75235e-15)
(-5.01172e-13 -1.79908e-13 0)
(-1.43693e-13 -4.90658e-14 0)
(-4.20564e-14 -1.5187e-14 0)
(-1.40188e-14 -3.5047e-15 -1.16823e-15)
(0 -2.33646e-15 1.16823e-15)
(-0.0668082 -0.0694036 6.97575e-08)
(-0.0210325 -0.0312983 4.24582e-08)
(-0.00789034 -0.0145761 2.65218e-08)
(-0.0033363 -0.00684448 1.61428e-08)
(-0.00149921 -0.00319394 9.43908e-09)
(-0.000687935 -0.00146875 5.29044e-09)
(-0.000315215 -0.000662409 2.84273e-09)
(-0.000142548 -0.000292216 1.46705e-09)
(-6.32399e-05 -0.000125913 7.28106e-10)
(-2.74389e-05 -5.29588e-05 3.4824e-10)
(-1.16264e-05 -2.17389e-05 1.60714e-10)
(-4.80791e-06 -8.71001e-06 7.17032e-11)
(-1.94027e-06 -3.40739e-06 3.09605e-11)
(-7.64277e-07 -1.30209e-06 1.29592e-11)
(-2.93963e-07 -4.86291e-07 5.2623e-12)
(-1.1046e-07 -1.77598e-07 2.07712e-12)
(-4.05728e-08 -6.34635e-08 7.9615e-13)
(-1.45763e-08 -2.22032e-08 2.98483e-13)
(-5.12524e-09 -7.60988e-09 1.08061e-13)
(-1.76485e-09 -2.55665e-09 3.85517e-14)
(-5.95524e-10 -8.42471e-10 1.28506e-14)
(-1.97042e-10 -2.72443e-10 5.25704e-15)
(-6.3963e-11 -8.65146e-11 2.92058e-15)
(-2.03857e-11 -2.69897e-11 1.16823e-15)
(-6.38322e-12 -8.27459e-12 1.16823e-15)
(-1.9638e-12 -2.49067e-12 1.16823e-15)
(-5.93462e-13 -7.3365e-13 2.33646e-15)
(-1.7874e-13 -2.1145e-13 5.84116e-16)
(-5.14022e-14 -5.84116e-14 0)
(-1.28506e-14 -1.40188e-14 0)
(-2.33646e-15 -2.33646e-15 0)
(0 3.5047e-15 0)
(-0.00868357 0.0291284 5.50414e-08)
(-0.00519639 0.0163308 4.18226e-08)
(-0.00299907 0.0088332 3.01094e-08)
(-0.0016664 0.00460992 2.05075e-08)
(-0.000891221 0.0023229 1.32077e-08)
(-0.00045909 0.00113125 8.04609e-09)
(-0.000228039 0.000533055 4.64702e-09)
(-0.00010937 0.000243321 2.55012e-09)
(-5.07196e-05 0.000107718 1.33408e-09)
(-2.27739e-05 4.63009e-05 6.66921e-10)
(-9.91431e-06 1.93444e-05 3.19601e-10)
(-4.18987e-06 7.8639e-06 1.47101e-10)
(-1.72096e-06 3.11365e-06 6.5206e-11)
(-6.87805e-07 1.20188e-06 2.7874e-11)
(-2.67761e-07 4.527e-07 1.15199e-11)
(-1.01637e-07 1.66529e-07 4.60342e-12)
(-3.76527e-08 5.98765e-08 1.78506e-12)
(-1.3626e-08 2.10598e-08 6.68813e-13)
(-4.82106e-09 7.25121e-09 2.42992e-13)
(-1.66904e-09 2.44589e-09 8.41127e-14)
(-5.65817e-10 8.0878e-10 2.97899e-14)
(-1.87967e-10 2.62349e-10 8.76174e-15)
(-6.12376e-11 8.35344e-11 2.92058e-15)
(-1.95784e-11 2.61217e-11 0)
(-6.14607e-12 8.02459e-12 -1.16823e-15)
(-1.8937e-12 2.42175e-12 0)
(-5.73602e-13 7.21967e-13 5.84116e-16)
(-1.7173e-13 2.1145e-13 0)
(-5.0234e-14 5.95798e-14 1.16823e-15)
(-1.5187e-14 1.75235e-14 1.16823e-15)
(-3.5047e-15 4.67293e-15 -2.33646e-15)
(0 0 0)
(-0.0251561 0.0264557 2.2213e-07)
(-0.0150989 0.0148154 1.64238e-07)
(-0.00872177 0.00798342 1.15517e-07)
(-0.00484391 0.00414508 7.70755e-08)
(-0.00258745 0.00207692 4.86976e-08)
(-0.00133075 0.00100581 2.91691e-08)
(-0.00065989 0.000471465 1.65909e-08)
(-0.000315967 0.000214183 8.98793e-09)
(-0.000146301 9.44172e-05 4.64903e-09)
(-6.55999e-05 4.04327e-05 2.30301e-09)
(-2.85227e-05 1.68379e-05 1.09504e-09)
(-1.20409e-05 6.82565e-06 5.01035e-10)
(-4.94105e-06 2.69595e-06 2.21007e-10)
(-1.97314e-06 1.03844e-06 9.41712e-11)
(-7.67595e-07 3.90417e-07 3.88192e-11)
(-2.91187e-07 1.43387e-07 1.55048e-11)
(-1.07816e-07 5.14833e-08 6.00822e-12)
(-3.89992e-08 1.80855e-08 2.26111e-12)
(-1.37929e-08 6.22041e-09 8.24772e-13)
(-4.77339e-09 2.0962e-09 2.9089e-13)
(-1.61772e-09 6.92569e-10 9.98839e-14)
(-5.37282e-10 2.24485e-10 3.44628e-14)
(-1.74991e-10 7.14304e-11 1.34347e-14)
(-5.59303e-11 2.23226e-11 4.67293e-15)
(-1.75527e-11 6.85519e-12 0)
(-5.40891e-12 2.07128e-12 2.33646e-15)
(-1.63903e-12 6.12154e-13 5.84116e-16)
(-4.89489e-13 1.77571e-13 1.16823e-15)
(-1.43693e-13 5.14022e-14 -5.84116e-16)
(-4.20564e-14 1.16823e-14 0)
(-1.16823e-14 3.5047e-15 0)
(-3.5047e-15 -1.16823e-15 -5.84116e-16)
(-0.0392945 0.0215929 3.41561e-07)
(-0.0236686 0.0119523 2.51977e-07)
(-0.0136694 0.00633684 1.77349e-07)
(-0.0075729 0.00323193 1.18316e-07)
(-0.00403048 0.00159113 7.47118e-08)
(-0.00206455 0.000758066 4.46468e-08)
(-0.00101967 0.000350166 2.53318e-08)
(-0.000486418 0.000157044 1.36767e-08)
(-0.00022447 6.84602e-05 7.05366e-09)
(-0.000100353 2.90363e-05 3.48268e-09)
(-4.35214e-05 1.19924e-05 1.65165e-09)
(-1.83318e-05 4.82703e-06 7.53637e-10)
(-7.50817e-06 1.89495e-06 3.31759e-10)
(-2.99334e-06 7.26082e-07 1.41066e-10)
(-1.16282e-06 2.71744e-07 5.80699e-11)
(-4.40571e-07 9.94103e-08 2.3159e-11)
(-1.62954e-07 3.55716e-08 8.96618e-12)
(-5.88889e-08 1.24587e-08 3.37035e-12)
(-2.08104e-08 4.27389e-09 1.2319e-12)
(-7.19688e-09 1.43694e-09 4.37503e-13)
(-2.43753e-09 4.73791e-10 1.51286e-13)
(-8.09107e-10 1.53298e-10 5.14022e-14)
(-2.63399e-10 4.87001e-11 1.86917e-14)
(-8.41548e-11 1.51975e-11 6.42528e-15)
(-2.63974e-11 4.66125e-12 2.92058e-15)
(-8.13557e-12 1.40655e-12 2.92058e-15)
(-2.46497e-12 4.13554e-13 0)
(-7.37155e-13 1.1916e-13 0)
(-2.13786e-13 3.27105e-14 0)
(-5.95798e-14 9.34586e-15 1.16823e-15)
(-1.86917e-14 2.33646e-15 0)
(-4.67293e-15 1.16823e-15 -5.84116e-16)
(-0.0503911 0.0150613 4.54512e-07)
(-0.0303549 0.00787392 3.4408e-07)
(-0.0174422 0.00391782 2.45543e-07)
(-0.00958961 0.00187621 1.64501e-07)
(-0.00506131 0.000870912 1.03552e-07)
(-0.00257172 0.000393482 6.15154e-08)
(-0.00126091 0.000173435 3.46277e-08)
(-0.000597673 7.46679e-05 1.85553e-08)
(-0.000274309 3.14187e-05 9.49693e-09)
(-0.000122068 1.29254e-05 4.65904e-09)
(-5.2732e-05 5.19988e-06 2.19618e-09)
(-2.21383e-05 2.04612e-06 9.97349e-10)
(-9.042e-06 7.87694e-07 4.37127e-10)
(-3.59635e-06 2.96753e-07 1.85284e-10)
(-1.39427e-06 1.09444e-07 7.60543e-11)
(-5.27359e-07 3.95282e-08 3.028e-11)
(-1.94768e-07 1.39871e-08 1.17063e-11)
(-7.02969e-08 4.85112e-09 4.39956e-12)
(-2.48146e-08 1.64988e-09 1.60632e-12)
(-8.57349e-09 5.50518e-10 5.71266e-13)
(-2.90137e-09 1.80304e-10 1.98015e-13)
(-9.62371e-10 5.7991e-11 6.71734e-14)
(-3.1309e-10 1.83249e-11 2.33646e-14)
(-9.99691e-11 5.6928e-12 7.59351e-15)
(-3.13448e-11 1.74183e-12 4.67293e-15)
(-9.65778e-12 5.222e-13 1.16823e-15)
(-2.92525e-12 1.50702e-13 0)
(-8.67997e-13 4.55611e-14 0)
(-2.54675e-13 1.40188e-14 0)
(-7.47669e-14 2.33646e-15 5.84116e-16)
(-1.98599e-14 0 -1.16823e-15)
(-7.00939e-15 4.67293e-15 0)
(-0.058413 0.00678166 4.53482e-07)
(-0.0348121 0.00237777 3.43573e-07)
(-0.0196671 0.000621773 2.47769e-07)
(-0.0106198 5.20709e-05 1.66958e-07)
(-0.00551322 -7.77011e-05 1.05199e-07)
(-0.00276202 -7.5763e-05 6.23444e-08)
(-0.00133848 -4.91246e-05 3.49626e-08)
(-0.000628434 -2.70711e-05 1.86525e-08)
(-0.000286213 -1.35647e-05 9.50646e-09)
(-0.000126572 -6.35959e-06 4.64502e-09)
(-5.44006e-05 -2.83158e-06 2.18197e-09)
(-2.2744e-05 -1.20789e-06 9.87818e-10)
(-9.25753e-06 -4.96479e-07 4.31844e-10)
(-3.67159e-06 -1.97411e-07 1.8264e-10)
(-1.42004e-06 -7.61559e-08 7.48405e-11)
(-5.36027e-07 -2.8568e-08 2.9756e-11)
(-1.97631e-07 -1.04397e-08 1.14907e-11)
(-7.12261e-08 -3.72206e-09 4.31311e-12)
(-2.5111e-08 -1.29635e-09 1.57536e-12)
(-8.66646e-09 -4.4157e-10 5.60751e-13)
(-2.93006e-09 -1.47243e-10 1.94511e-13)
(-9.71086e-10 -4.8109e-11 6.60051e-14)
(-3.15697e-10 -1.5416e-11 2.33646e-14)
(-1.00735e-10 -4.84466e-12 7.59351e-15)
(-3.1568e-11 -1.493e-12 4.08881e-15)
(-9.72436e-12 -4.53274e-13 0)
(-2.94395e-12 -1.35515e-13 1.16823e-15)
(-8.75006e-13 -4.43928e-14 5.84116e-16)
(-2.57011e-13 -1.40188e-14 -1.16823e-15)
(-7.47669e-14 -3.5047e-15 1.16823e-15)
(-1.63553e-14 -2.33646e-15 0)
(-5.84116e-15 -2.33646e-15 0)
(-0.0637032 -0.00480449 4.79823e-07)
(-0.0365148 -0.00535374 3.7494e-07)
(-0.0197679 -0.00378761 2.6612e-07)
(-0.0102891 -0.00225023 1.74599e-07)
(-0.00518915 -0.0012137 1.07247e-07)
(-0.00254314 -0.000613588 6.22015e-08)
(-0.00121222 -0.000295301 3.42802e-08)
(-0.000562113 -0.00013644 1.80321e-08)
(-0.000253597 -6.08263e-05 9.08705e-09)
(-0.000111335 -2.62505e-05 4.39917e-09)
(-4.75803e-05 -1.0992e-05 2.05111e-09)
(-1.98032e-05 -4.47378e-06 9.22838e-10)
(-8.03152e-06 -1.77232e-06 4.01422e-10)
(-3.17603e-06 -6.84231e-07 1.69069e-10)
(-1.22542e-06 -2.57702e-07 6.90519e-11)
(-4.61643e-07 -9.47769e-08 2.73799e-11)
(-1.69922e-07 -3.40677e-08 1.05526e-11)
(-6.11536e-08 -1.19784e-08 3.95739e-12)
(-2.15341e-08 -4.12289e-09 1.4451e-12)
(-7.42437e-09 -1.39019e-09 5.14022e-13)
(-2.50791e-09 -4.59535e-10 1.78155e-13)
(-8.30543e-10 -1.49009e-10 6.13322e-14)
(-2.69824e-10 -4.74291e-11 1.98599e-14)
(-8.60496e-11 -1.48225e-11 7.59351e-15)
(-2.69535e-11 -4.55377e-12 2.92058e-15)
(-8.29912e-12 -1.37384e-12 1.75235e-15)
(-2.5152e-12 -4.05377e-13 1.16823e-15)
(-7.47669e-13 -1.17991e-13 0)
(-2.14955e-13 -3.62152e-14 1.16823e-15)
(-6.07481e-14 -5.84116e-15 1.16823e-15)
(-1.98599e-14 -3.5047e-15 5.84116e-16)
(-3.5047e-15 -2.33646e-15 1.16823e-15)
(-0.0665913 -0.0248115 4.30295e-07)
(-0.0337952 -0.0166979 3.16909e-07)
(-0.0165636 -0.00932921 2.15981e-07)
(-0.0080459 -0.00482039 1.37423e-07)
(-0.00387657 -0.00237646 8.24025e-08)
(-0.00184362 -0.00113048 4.6903e-08)
(-0.000861336 -0.000521266 2.54599e-08)
(-0.00039396 -0.000233479 1.32314e-08)
(-0.000176023 -0.000101705 6.60106e-09)
(-7.67378e-05 -4.31239e-05 3.16975e-09)
(-3.2624e-05 -1.78109e-05 1.46774e-09)
(-1.35243e-05 -7.17047e-06 6.56683e-10)
(-5.46798e-06 -2.81582e-06 2.84288e-10)
(-2.15697e-06 -1.07934e-06 1.19281e-10)
(-8.30587e-07 -4.04116e-07 4.85582e-11)
(-3.12393e-07 -1.47895e-07 1.92063e-11)
(-1.14832e-07 -5.29413e-08 7.38615e-12)
(-4.12812e-08 -1.85492e-08 2.76579e-12)
(-1.45228e-08 -6.36543e-09 1.00877e-12)
(-5.0031e-09 -2.14084e-09 3.56895e-13)
(-1.68887e-09 -7.06096e-10 1.23248e-13)
(-5.58982e-10 -2.28525e-10 3.97199e-14)
(-1.81509e-10 -7.2615e-11 1.34347e-14)
(-5.78614e-11 -2.26672e-11 3.5047e-15)
(-1.81228e-11 -6.95565e-12 2.92058e-15)
(-5.5748e-12 -2.09814e-12 1.16823e-15)
(-1.68693e-12 -6.17995e-13 0)
(-5.04676e-13 -1.7874e-13 1.16823e-15)
(-1.43693e-13 -4.90658e-14 0)
(-4.43928e-14 -1.5187e-14 0)
(-1.16823e-14 -4.67293e-15 0)
(0 0 5.84116e-16)
(-0.0668084 -0.069404 1.69298e-07)
(-0.0210325 -0.0312985 1.00853e-07)
(-0.00789039 -0.0145762 6.38352e-08)
(-0.00333633 -0.00684459 3.98088e-08)
(-0.00149923 -0.003194 2.38051e-08)
(-0.000687948 -0.00146879 1.35671e-08)
(-0.000315223 -0.00066243 7.37794e-09)
(-0.000142552 -0.000292227 3.83809e-09)
(-6.32421e-05 -0.000125918 1.91562e-09)
(-2.74401e-05 -5.29614e-05 9.19523e-10)
(-1.16269e-05 -2.17401e-05 4.25487e-10)
(-4.80817e-06 -8.71055e-06 1.9014e-10)
(-1.94039e-06 -3.40763e-06 8.22038e-11)
(-7.64328e-07 -1.30219e-06 3.44313e-11)
(-2.93984e-07 -4.86332e-07 1.39919e-11)
(-1.10469e-07 -1.77614e-07 5.52399e-12)
(-4.05764e-08 -6.34697e-08 2.118e-12)
(-1.45777e-08 -2.22055e-08 7.91477e-13)
(-5.12577e-09 -7.61072e-09 2.86801e-13)
(-1.76504e-09 -2.55694e-09 1.0222e-13)
(-5.95592e-10 -8.42572e-10 3.67993e-14)
(-1.97061e-10 -2.7248e-10 1.22664e-14)
(-6.39701e-11 -8.65298e-11 4.67293e-15)
(-2.03903e-11 -2.70002e-11 1.75235e-15)
(-6.38205e-12 -8.28043e-12 1.75235e-15)
(-1.9638e-12 -2.49651e-12 1.75235e-15)
(-5.92294e-13 -7.41827e-13 1.16823e-15)
(-1.82244e-13 -2.12618e-13 1.16823e-15)
(-5.14022e-14 -5.84116e-14 5.84116e-16)
(-1.5187e-14 -1.63553e-14 2.33646e-15)
(-2.33646e-15 0 0)
(0 0 1.16823e-15)
(-0.00868364 0.029129 1.86799e-07)
(-0.00519645 0.0163312 1.46788e-07)
(-0.00299912 0.00883348 1.07419e-07)
(-0.00166644 0.00461011 7.3263e-08)
(-0.000891248 0.00232301 4.67748e-08)
(-0.000459108 0.00113132 2.80941e-08)
(-0.00022805 0.000533094 1.59605e-08)
(-0.000109377 0.000243342 8.61457e-09)
(-5.07233e-05 0.000107729 4.43647e-09)
(-2.27758e-05 4.63061e-05 2.18712e-09)
(-9.91527e-06 1.93468e-05 1.03546e-09)
(-4.19033e-06 7.86501e-06 4.71869e-10)
(-1.72117e-06 3.11413e-06 2.07499e-10)
(-6.879e-07 1.20209e-06 8.8191e-11)
(-2.67801e-07 4.52784e-07 3.62993e-11)
(-1.01654e-07 1.66562e-07 1.44867e-11)
(-3.76594e-08 5.98893e-08 5.61452e-12)
(-1.36286e-08 2.10646e-08 2.1145e-12)
(-4.82203e-09 7.25296e-09 7.75122e-13)
(-1.66939e-09 2.44651e-09 2.78039e-13)
(-5.65947e-10 8.08994e-10 9.75474e-14)
(-1.88012e-10 2.62418e-10 3.21264e-14)
(-6.12504e-11 8.3559e-11 9.34586e-15)
(-1.95831e-11 2.61287e-11 4.08881e-15)
(-6.14607e-12 8.02809e-12 2.33646e-15)
(-1.8902e-12 2.42759e-12 1.16823e-15)
(-5.7477e-13 7.24304e-13 0)
(-1.76403e-13 2.12618e-13 1.16823e-15)
(-4.90658e-14 5.95798e-14 0)
(-1.5187e-14 1.5187e-14 -1.16823e-15)
(-4.67293e-15 2.33646e-15 1.16823e-15)
(0 -1.16823e-15 -5.84116e-16)
(-0.0251563 0.0264562 6.74015e-07)
(-0.0150991 0.0148158 5.05777e-07)
(-0.00872193 0.0079837 3.56029e-07)
(-0.00484403 0.00414526 2.35091e-07)
(-0.00258754 0.00207703 1.46072e-07)
(-0.00133081 0.00100588 8.57422e-08)
(-0.000659927 0.000471502 4.77578e-08)
(-0.000315988 0.000214203 2.53385e-08)
(-0.000146313 9.44272e-05 1.28527e-08)
(-6.56061e-05 4.04376e-05 6.25135e-09)
(-2.85258e-05 1.68401e-05 2.92366e-09)
(-1.20424e-05 6.82667e-06 1.3177e-09)
(-4.94174e-06 2.6964e-06 5.73548e-10)
(-1.97345e-06 1.03863e-06 2.41498e-10)
(-7.67727e-07 3.90494e-07 9.85316e-11)
(-2.91241e-07 1.43417e-07 3.90049e-11)
(-1.07838e-07 5.14951e-08 1.50019e-11)
(-3.90077e-08 1.80899e-08 5.60927e-12)
(-1.37961e-08 6.22202e-09 2.04265e-12)
(-4.77457e-09 2.09677e-09 7.25472e-13)
(-1.61814e-09 6.92764e-10 2.50586e-13)
(-5.37422e-10 2.24554e-10 8.52809e-14)
(-1.75039e-10 7.14514e-11 2.74535e-14)
(-5.5949e-11 2.23331e-11 9.34586e-15)
(-1.75574e-11 6.86103e-12 4.08881e-15)
(-5.40891e-12 2.07244e-12 1.75235e-15)
(-1.64253e-12 6.13322e-13 1.16823e-15)
(-4.91826e-13 1.79908e-13 0)
(-1.44861e-13 5.14022e-14 0)
(-4.20564e-14 1.40188e-14 0)
(-1.16823e-14 3.5047e-15 0)
(-2.33646e-15 0 0)
(-0.0392948 0.0215934 1.11445e-06)
(-0.0236689 0.0119527 8.43928e-07)
(-0.0136696 0.00633707 5.93455e-07)
(-0.0075731 0.00323208 3.89196e-07)
(-0.00403063 0.00159123 2.39477e-07)
(-0.00206464 0.000758121 1.39161e-07)
(-0.00101973 0.000350196 7.67555e-08)
(-0.000486452 0.00015706 4.03774e-08)
(-0.000224489 6.84681e-05 2.03261e-08)
(-0.000100363 2.90401e-05 9.82544e-09)
(-4.35262e-05 1.19941e-05 4.57091e-09)
(-1.83341e-05 4.82781e-06 2.05176e-09)
(-7.50922e-06 1.89529e-06 8.90026e-10)
(-2.9938e-06 7.26223e-07 3.73872e-10)
(-1.16301e-06 2.71801e-07 1.52257e-10)
(-4.40653e-07 9.94329e-08 6.02165e-11)
(-1.62987e-07 3.55802e-08 2.31456e-11)
(-5.89017e-08 1.24619e-08 8.65718e-12)
(-2.08152e-08 4.27507e-09 3.15306e-12)
(-7.19865e-09 1.43736e-09 1.11975e-12)
(-2.43817e-09 4.73939e-10 3.89021e-13)
(-8.09326e-10 1.53347e-10 1.31426e-13)
(-2.6347e-10 4.87141e-11 4.20564e-14)
(-8.41758e-11 1.52034e-11 1.57711e-14)
(-2.64044e-11 4.66475e-12 7.59351e-15)
(-8.13791e-12 1.40305e-12 1.75235e-15)
(-2.46731e-12 4.12386e-13 1.16823e-15)
(-7.37155e-13 1.16823e-13 2.33646e-15)
(-2.17291e-13 3.27105e-14 5.84116e-16)
(-6.42528e-14 9.34586e-15 5.84116e-16)
(-1.5187e-14 0 5.84116e-16)
(-3.5047e-15 1.16823e-15 1.75235e-15)
(-0.0503915 0.0150615 1.4446e-06)
(-0.0303553 0.00787412 1.09787e-06)
(-0.0174425 0.00391796 7.70257e-07)
(-0.00958988 0.0018763 5.0172e-07)
(-0.0050615 0.000870964 3.06105e-07)
(-0.00257184 0.000393511 1.76277e-07)
(-0.00126099 0.00017345 9.64275e-08)
(-0.000597717 7.46755e-05 5.03451e-08)
(-0.000274332 3.14223e-05 2.51861e-08)
(-0.00012208 1.29271e-05 1.2109e-08)
(-5.27381e-05 5.20066e-06 5.60949e-09)
(-2.21412e-05 2.04646e-06 2.50902e-09)
(-9.04333e-06 7.87837e-07 1.0856e-09)
(-3.59694e-06 2.96812e-07 4.55085e-10)
(-1.39452e-06 1.09467e-07 1.85103e-10)
(-5.27462e-07 3.95376e-08 7.31442e-11)
(-1.94809e-07 1.39906e-08 2.81106e-11)
(-7.03129e-08 4.85245e-09 1.0517e-11)
(-2.48206e-08 1.65037e-09 3.83355e-12)
(-8.5757e-09 5.50689e-10 1.36391e-12)
(-2.90216e-09 1.80361e-10 4.74886e-13)
(-9.62649e-10 5.80086e-11 1.62384e-13)
(-3.13181e-10 1.83284e-11 5.31546e-14)
(-9.99972e-11 5.69163e-12 1.86917e-14)
(-3.13577e-11 1.73833e-12 7.00939e-15)
(-9.66245e-12 5.18695e-13 2.92058e-15)
(-2.92642e-12 1.5187e-13 2.33646e-15)
(-8.72669e-13 3.97199e-14 5.84116e-16)
(-2.52338e-13 9.34586e-15 1.16823e-15)
(-7.47669e-14 3.5047e-15 -5.84116e-16)
(-2.10282e-14 2.33646e-15 1.16823e-15)
(-2.33646e-15 0 -1.16823e-15)
(-0.0584134 0.00678171 1.66579e-06)
(-0.0348125 0.00237781 1.26509e-06)
(-0.0196674 0.00062179 8.67812e-07)
(-0.0106201 5.20736e-05 5.50366e-07)
(-0.00551342 -7.77044e-05 3.27536e-07)
(-0.00276215 -7.57676e-05 1.84652e-07)
(-0.00133856 -4.91283e-05 9.92313e-08)
(-0.000628479 -2.70736e-05 5.10552e-08)
(-0.000286237 -1.35661e-05 2.52313e-08)
(-0.000126585 -6.36039e-06 1.20079e-08)
(-5.44068e-05 -2.83198e-06 5.51485e-09)
(-2.27469e-05 -1.20809e-06 2.4487e-09)
(-9.25886e-06 -4.96568e-07 1.05281e-09)
(-3.67217e-06 -1.97449e-07 4.38941e-10)
(-1.42029e-06 -7.61722e-08 1.77682e-10)
(-5.3613e-07 -2.85746e-08 6.99181e-11)
(-1.97672e-07 -1.04423e-08 2.67706e-11)
(-7.1242e-08 -3.72304e-09 9.98254e-12)
(-2.5117e-08 -1.29671e-09 3.62795e-12)
(-8.66866e-09 -4.41695e-10 1.28798e-12)
(-2.93085e-09 -1.47286e-10 4.44512e-13)
(-9.71359e-10 -4.8123e-11 1.51286e-13)
(-3.15791e-10 -1.54195e-11 4.96499e-14)
(-1.00764e-10 -4.84933e-12 1.81076e-14)
(-3.15785e-11 -1.50118e-12 4.67293e-15)
(-9.72436e-12 -4.55611e-13 1.75235e-15)
(-2.94395e-12 -1.37851e-13 1.75235e-15)
(-8.78511e-13 -3.97199e-14 1.75235e-15)
(-2.54675e-13 -9.34586e-15 1.16823e-15)
(-7.12622e-14 -3.5047e-15 1.75235e-15)
(-1.86917e-14 3.5047e-15 1.75235e-15)
(-8.17763e-15 4.67293e-15 0)
(-0.0637036 -0.00480477 1.58888e-06)
(-0.0365153 -0.00535397 1.20951e-06)
(-0.0197682 -0.00378778 8.24251e-07)
(-0.0102894 -0.00225035 5.15155e-07)
(-0.00518934 -0.00121378 3.01695e-07)
(-0.00254326 -0.000613633 1.67675e-07)
(-0.00121229 -0.000295326 8.90697e-08)
(-0.000562154 -0.000136453 4.542e-08)
(-0.000253619 -6.08332e-05 2.2298e-08)
(-0.000111346 -2.62538e-05 1.05618e-08)
(-4.75858e-05 -1.09936e-05 4.83521e-09)
(-1.98058e-05 -4.47449e-06 2.14274e-09)
(-8.03269e-06 -1.77263e-06 9.20414e-10)
(-3.17654e-06 -6.84362e-07 3.83709e-10)
(-1.22564e-06 -2.57755e-07 1.55424e-10)
(-4.61732e-07 -9.47981e-08 6.12358e-11)
(-1.69957e-07 -3.40759e-08 2.34885e-11)
(-6.11673e-08 -1.19814e-08 8.77868e-12)
(-2.15393e-08 -4.124e-09 3.1992e-12)
(-7.42627e-09 -1.39059e-09 1.13961e-12)
(-2.50858e-09 -4.59668e-10 3.96031e-13)
(-8.3078e-10 -1.49057e-10 1.33178e-13)
(-2.69907e-10 -4.74431e-11 4.43928e-14)
(-8.60765e-11 -1.48307e-11 1.34347e-14)
(-2.69628e-11 -4.5526e-12 2.92058e-15)
(-8.30263e-12 -1.37618e-12 1.16823e-15)
(-2.5117e-12 -4.10049e-13 1.16823e-15)
(-7.44164e-13 -1.1916e-13 5.84116e-16)
(-2.13786e-13 -3.27105e-14 1.16823e-15)
(-6.42528e-14 -8.17763e-15 0)
(-1.28506e-14 -3.5047e-15 1.16823e-15)
(-9.34586e-15 0 5.84116e-16)
(-0.0665917 -0.0248122 9.3623e-07)
(-0.0337955 -0.0166984 6.45446e-07)
(-0.0165638 -0.00932961 4.19139e-07)
(-0.00804609 -0.00482065 2.57329e-07)
(-0.0038767 -0.00237661 1.49784e-07)
(-0.00184371 -0.00113056 8.30085e-08)
(-0.000861384 -0.000521313 4.39868e-08)
(-0.000393986 -0.000233503 2.23649e-08)
(-0.000176038 -0.000101717 1.09422e-08)
(-7.6745e-05 -4.31297e-05 5.16294e-09)
(-3.26275e-05 -1.78135e-05 2.35389e-09)
(-1.35259e-05 -7.17166e-06 1.0386e-09)
(-5.46873e-06 -2.81633e-06 4.44145e-10)
(-2.1573e-06 -1.07955e-06 1.8431e-10)
(-8.30726e-07 -4.04203e-07 7.43083e-11)
(-3.1245e-07 -1.47929e-07 2.91357e-11)
(-1.14855e-07 -5.29546e-08 1.11192e-11)
(-4.12901e-08 -1.85541e-08 4.13554e-12)
(-1.45261e-08 -6.36723e-09 1.49884e-12)
(-5.00432e-09 -2.14148e-09 5.3213e-13)
(-1.68931e-09 -7.06314e-10 1.83997e-13)
(-5.59136e-10 -2.28596e-10 6.07481e-14)
(-1.81563e-10 -7.26372e-11 1.86917e-14)
(-5.78742e-11 -2.26731e-11 5.25704e-15)
(-1.81263e-11 -6.95449e-12 5.84116e-16)
(-5.57948e-12 -2.09581e-12 0)
(-1.68576e-12 -6.17995e-13 0)
(-5.0234e-13 -1.75235e-13 0)
(-1.44861e-13 -4.90658e-14 1.16823e-15)
(-4.20564e-14 -1.28506e-14 0)
(-1.16823e-14 -3.5047e-15 0)
(-2.33646e-15 -4.67293e-15 0)
(-0.0668087 -0.0694048 2.01292e-07)
(-0.0210327 -0.0312991 1.15646e-07)
(-0.00789046 -0.0145766 7.2201e-08)
(-0.00333638 -0.00684483 4.52086e-08)
(-0.00149926 -0.00319415 2.7201e-08)
(-0.000687968 -0.00146887 1.55428e-08)
(-0.000315235 -0.000662475 8.43986e-09)
(-0.000142559 -0.00029225 4.37163e-09)
(-6.32457e-05 -0.00012593 2.16868e-09)
(-2.74419e-05 -5.2967e-05 1.03382e-09)
(-1.16278e-05 -2.17426e-05 4.74909e-10)
(-4.8086e-06 -8.7117e-06 2.10688e-10)
(-1.94058e-06 -3.40813e-06 9.04387e-11)
(-7.64413e-07 -1.30239e-06 3.76194e-11)
(-2.9402e-07 -4.86416e-07 1.51847e-11)
(-1.10484e-07 -1.77648e-07 5.95331e-12)
(-4.05823e-08 -6.34825e-08 2.26988e-12)
(-1.458e-08 -2.22103e-08 8.4288e-13)
(-5.12662e-09 -7.61247e-09 3.04324e-13)
(-1.76536e-09 -2.55757e-09 1.08061e-13)
(-5.95706e-10 -8.42791e-10 3.73834e-14)
(-1.97102e-10 -2.72551e-10 1.22664e-14)
(-6.39841e-11 -8.65532e-11 1.75235e-15)
(-2.03915e-11 -2.70037e-11 1.16823e-15)
(-6.38556e-12 -8.28393e-12 1.75235e-15)
(-1.9673e-12 -2.49418e-12 -1.16823e-15)
(-5.93462e-13 -7.37155e-13 -1.16823e-15)
(-1.76403e-13 -2.14955e-13 1.16823e-15)
(-5.0234e-14 -6.19163e-14 1.16823e-15)
(-1.63553e-14 -1.75235e-14 1.75235e-15)
(-5.84116e-15 -4.67293e-15 1.16823e-15)
(0 0 0)
(-0.00868372 0.0291302 1.24132e-07)
(-0.00519655 0.0163321 1.00089e-07)
(-0.00299921 0.00883413 7.45577e-08)
(-0.00166652 0.00461054 5.14658e-08)
(-0.000891311 0.00232328 3.31119e-08)
(-0.000459152 0.00113148 1.99945e-08)
(-0.000228078 0.000533183 1.13989e-08)
(-0.000109394 0.000243389 6.17036e-09)
(-5.07325e-05 0.000107753 3.18455e-09)
(-2.27807e-05 4.63178e-05 1.57354e-09)
(-9.91774e-06 1.93523e-05 7.4644e-10)
(-4.19152e-06 7.86748e-06 3.40982e-10)
(-1.72173e-06 3.11521e-06 1.50285e-10)
(-6.88148e-07 1.20254e-06 6.40559e-11)
(-2.67908e-07 4.5297e-07 2.64406e-11)
(-1.01699e-07 1.66636e-07 1.05883e-11)
(-3.76775e-08 5.99177e-08 4.11802e-12)
(-1.36357e-08 2.10753e-08 1.55901e-12)
(-4.82473e-09 7.25684e-09 5.74186e-13)
(-1.6704e-09 2.44789e-09 2.05609e-13)
(-5.66306e-10 8.09479e-10 7.18463e-14)
(-1.88143e-10 2.62585e-10 2.62852e-14)
(-6.1296e-11 8.36069e-11 7.00939e-15)
(-1.95959e-11 2.61462e-11 2.33646e-15)
(-6.14957e-12 8.0316e-12 0)
(-1.89487e-12 2.42525e-12 5.84116e-16)
(-5.75938e-13 7.23136e-13 -5.84116e-16)
(-1.7173e-13 2.09114e-13 0)
(-4.78975e-14 5.60751e-14 0)
(-1.40188e-14 1.5187e-14 1.16823e-15)
(-5.84116e-15 2.33646e-15 1.16823e-15)
(-1.16823e-15 -1.16823e-15 5.84116e-16)
(-0.0251568 0.0264575 4.64839e-07)
(-0.0150995 0.0148168 3.50715e-07)
(-0.00872231 0.00798439 2.47514e-07)
(-0.00484433 0.00414571 1.63419e-07)
(-0.00258775 0.00207731 1.01374e-07)
(-0.00133095 0.00100604 5.93372e-08)
(-0.00066001 0.000471586 3.29448e-08)
(-0.000316036 0.000214247 1.7417e-08)
(-0.000146339 9.4449e-05 8.80456e-09)
(-6.56197e-05 4.0448e-05 4.26776e-09)
(-2.85326e-05 1.68449e-05 1.98986e-09)
(-1.20456e-05 6.82881e-06 8.94206e-10)
(-4.94321e-06 2.69732e-06 3.8824e-10)
(-1.97409e-06 1.03901e-06 1.63095e-10)
(-7.68e-07 3.90649e-07 6.64198e-11)
(-2.91354e-07 1.43478e-07 2.62502e-11)
(-1.07883e-07 5.15183e-08 1.00842e-11)
(-3.90252e-08 1.80986e-08 3.76696e-12)
(-1.38026e-08 6.22516e-09 1.37034e-12)
(-4.77697e-09 2.09788e-09 4.87153e-13)
(-1.619e-09 6.93148e-10 1.70562e-13)
(-5.37726e-10 2.2468e-10 5.84116e-14)
(-1.75141e-10 7.14946e-11 1.86917e-14)
(-5.59817e-11 2.23459e-11 7.00939e-15)
(-1.7569e-11 6.8657e-12 1.75235e-15)
(-5.41709e-12 2.07128e-12 -1.16823e-15)
(-1.6402e-12 6.1449e-13 -1.16823e-15)
(-4.91826e-13 1.79908e-13 -1.16823e-15)
(-1.43693e-13 5.14022e-14 -1.16823e-15)
(-3.97199e-14 1.40188e-14 1.16823e-15)
(-1.40188e-14 3.5047e-15 0)
(-1.16823e-15 0 0)
(-0.0392955 0.0215945 7.83239e-07)
(-0.0236697 0.0119535 5.9774e-07)
(-0.0136703 0.00633766 4.21185e-07)
(-0.00757361 0.00323246 2.75818e-07)
(-0.00403098 0.00159145 1.69088e-07)
(-0.00206487 0.000758248 9.78258e-08)
(-0.00101987 0.000350264 5.36933e-08)
(-0.000486531 0.000157094 2.81166e-08)
(-0.000224531 6.84849e-05 1.40907e-08)
(-0.000100385 2.90481e-05 6.78505e-09)
(-4.3537e-05 1.19978e-05 3.14504e-09)
(-1.83392e-05 4.82941e-06 1.40757e-09)
(-7.51152e-06 1.89598e-06 6.08938e-10)
(-2.99481e-06 7.26509e-07 2.5528e-10)
(-1.16344e-06 2.71917e-07 1.03773e-10)
(-4.40829e-07 9.94786e-08 4.09956e-11)
(-1.63057e-07 3.55978e-08 1.57437e-11)
(-5.89289e-08 1.24685e-08 5.88789e-12)
(-2.08255e-08 4.27747e-09 2.14312e-12)
(-7.20241e-09 1.43822e-09 7.61687e-13)
(-2.43951e-09 4.7424e-10 2.64605e-13)
(-8.09799e-10 1.53452e-10 8.99539e-14)
(-2.63629e-10 4.8755e-11 2.92058e-14)
(-8.42249e-11 1.52162e-11 9.34586e-15)
(-2.64266e-11 4.66826e-12 2.92058e-15)
(-8.14491e-12 1.41006e-12 -5.84116e-16)
(-2.46614e-12 4.17059e-13 0)
(-7.37155e-13 1.23833e-13 0)
(-2.14955e-13 3.85517e-14 0)
(-6.07481e-14 1.16823e-14 1.16823e-15)
(-1.75235e-14 5.84116e-15 1.16823e-15)
(-7.00939e-15 1.16823e-15 1.16823e-15)
(-0.0503924 0.0150624 1.0144e-06)
(-0.0303563 0.00787476 7.73997e-07)
(-0.0174433 0.00391837 5.42768e-07)
(-0.00959054 0.00187654 3.52247e-07)
(-0.00506196 0.000871089 2.13828e-07)
(-0.00257214 0.000393573 1.22437e-07)
(-0.00126116 0.00017348 6.66074e-08)
(-0.000597815 7.46892e-05 3.45924e-08)
(-0.000274385 3.14285e-05 1.72246e-08)
(-0.000122107 1.29297e-05 8.24612e-09)
(-5.27512e-05 5.20177e-06 3.80632e-09)
(-2.21474e-05 2.04691e-06 1.69712e-09)
(-9.04611e-06 7.88019e-07 7.32445e-10)
(-3.59815e-06 2.96883e-07 3.06382e-10)
(-1.39503e-06 1.09495e-07 1.24422e-10)
(-5.27673e-07 3.95477e-08 4.91043e-11)
(-1.94893e-07 1.39943e-08 1.88599e-11)
(-7.03455e-08 4.85377e-09 7.0532e-12)
(-2.48329e-08 1.65084e-09 2.57245e-12)
(-8.5802e-09 5.50853e-10 9.15894e-13)
(-2.90377e-09 1.80416e-10 3.2068e-13)
(-9.63212e-10 5.80296e-11 1.10398e-13)
(-3.13376e-10 1.83377e-11 3.85517e-14)
(-1.00064e-10 5.69864e-12 1.34347e-14)
(-3.13764e-11 1.73833e-12 3.5047e-15)
(-9.66829e-12 5.23368e-13 4.08881e-15)
(-2.92642e-12 1.53038e-13 1.75235e-15)
(-8.72669e-13 4.67293e-14 2.92058e-15)
(-2.57011e-13 1.28506e-14 1.75235e-15)
(-7.47669e-14 1.16823e-15 5.84116e-16)
(-2.10282e-14 2.33646e-15 1.75235e-15)
(-7.00939e-15 2.33646e-15 1.16823e-15)
(-0.0584143 0.00678195 1.2079e-06)
(-0.0348137 0.00237799 9.20487e-07)
(-0.0196685 0.000621881 6.26731e-07)
(-0.0106209 5.20977e-05 3.93102e-07)
(-0.00551395 -7.77099e-05 2.31246e-07)
(-0.00276248 -7.57802e-05 1.28942e-07)
(-0.00133875 -4.91393e-05 6.86098e-08)
(-0.000628582 -2.7081e-05 3.49895e-08)
(-0.000286291 -1.35704e-05 1.71586e-08)
(-0.000126611 -6.36269e-06 8.11044e-09)
(-5.44198e-05 -2.83313e-06 3.7029e-09)
(-2.27529e-05 -1.20862e-06 1.63562e-09)
(-9.26155e-06 -4.9681e-07 7.00088e-10)
(-3.67334e-06 -1.97553e-07 2.90744e-10)
(-1.42078e-06 -7.62152e-08 1.17305e-10)
(-5.36329e-07 -2.85918e-08 4.60307e-11)
(-1.97751e-07 -1.0449e-08 1.7586e-11)
(-7.12724e-08 -3.72554e-09 6.54502e-12)
(-2.51284e-08 -1.29762e-09 2.37735e-12)
(-8.67283e-09 -4.42017e-10 8.42295e-13)
(-2.93233e-09 -1.47399e-10 2.93226e-13)
(-9.71875e-10 -4.81674e-11 9.92997e-14)
(-3.15965e-10 -1.54347e-11 3.44628e-14)
(-1.00823e-10 -4.85634e-12 1.28506e-14)
(-3.16007e-11 -1.49884e-12 4.08881e-15)
(-9.73137e-12 -4.57947e-13 1.75235e-15)
(-2.94395e-12 -1.37851e-13 1.75235e-15)
(-8.76174e-13 -4.67293e-14 2.33646e-15)
(-2.57011e-13 -1.28506e-14 1.75235e-15)
(-7.24304e-14 -1.16823e-15 1.16823e-15)
(-2.10282e-14 -4.67293e-15 1.16823e-15)
(-9.34586e-15 0 1.16823e-15)
(-0.0637047 -0.00480594 1.13186e-06)
(-0.0365164 -0.00535498 8.66075e-07)
(-0.0197692 -0.00378851 5.88156e-07)
(-0.0102901 -0.00225082 3.64303e-07)
(-0.00518984 -0.00121406 2.1107e-07)
(-0.00254356 -0.000613792 1.16096e-07)
(-0.00121246 -0.000295411 6.10958e-08)
(-0.000562246 -0.000136497 3.09068e-08)
(-0.000253667 -6.08549e-05 1.50703e-08)
(-0.00011137 -2.62642e-05 7.09857e-09)
(-4.75972e-05 -1.09984e-05 3.23478e-09)
(-1.98111e-05 -4.4766e-06 1.42827e-09)
(-8.03504e-06 -1.77354e-06 6.11727e-10)
(-3.17756e-06 -6.84741e-07 2.54473e-10)
(-1.22607e-06 -2.57908e-07 1.02914e-10)
(-4.61907e-07 -9.48585e-08 4.05079e-11)
(-1.70027e-07 -3.4099e-08 1.55311e-11)
(-6.11942e-08 -1.19901e-08 5.80553e-12)
(-2.15494e-08 -4.12715e-09 2.118e-12)
(-7.42998e-09 -1.3917e-09 7.55846e-13)
(-2.50992e-09 -4.60057e-10 2.63436e-13)
(-8.31246e-10 -1.49189e-10 8.99539e-14)
(-2.70066e-10 -4.7491e-11 3.0374e-14)
(-8.61291e-11 -1.48482e-11 9.34586e-15)
(-2.69792e-11 -4.56311e-12 3.5047e-15)
(-8.30613e-12 -1.37851e-12 2.92058e-15)
(-2.51287e-12 -4.11218e-13 5.84116e-16)
(-7.48837e-13 -1.22664e-13 1.16823e-15)
(-2.16123e-13 -3.62152e-14 0)
(-6.30845e-14 -1.16823e-14 0)
(-1.75235e-14 -5.84116e-15 -1.16823e-15)
(-5.84116e-15 -3.5047e-15 -5.84116e-16)
(-0.0665925 -0.0248143 6.22635e-07)
(-0.0337962 -0.0167 4.16968e-07)
(-0.0165643 -0.00933071 2.63803e-07)
(-0.00804643 -0.00482133 1.58733e-07)
(-0.00387692 -0.00237701 9.08703e-08)
(-0.00184384 -0.00113078 4.9609e-08)
(-0.000861457 -0.000521428 2.59327e-08)
(-0.000394026 -0.000233561 1.30193e-08)
(-0.000176058 -0.000101746 6.29694e-09)
(-7.67549e-05 -4.31429e-05 2.93954e-09)
(-3.26322e-05 -1.78196e-05 1.32733e-09)
(-1.35281e-05 -7.17433e-06 5.80425e-10)
(-5.46969e-06 -2.81748e-06 2.46217e-10)
(-2.15771e-06 -1.08003e-06 1.01405e-10)
(-8.30897e-07 -4.04396e-07 4.06078e-11)
(-3.1252e-07 -1.48005e-07 1.58196e-11)
(-1.14882e-07 -5.29837e-08 6.00355e-12)
(-4.13005e-08 -1.8565e-08 2.22198e-12)
(-1.453e-08 -6.37122e-09 8.01991e-13)
(-5.00573e-09 -2.1429e-09 2.85049e-13)
(-1.68982e-09 -7.06813e-10 9.75474e-14)
(-5.59309e-10 -2.28767e-10 3.32946e-14)
(-1.81623e-10 -7.26991e-11 1.16823e-14)
(-5.78976e-11 -2.26929e-11 3.5047e-15)
(-1.81298e-11 -6.9615e-12 0)
(-5.57948e-12 -2.10165e-12 5.84116e-16)
(-1.6881e-12 -6.20331e-13 0)
(-5.03508e-13 -1.81076e-13 -1.16823e-15)
(-1.43693e-13 -5.37387e-14 -1.16823e-15)
(-4.20564e-14 -1.40188e-14 1.16823e-15)
(-1.28506e-14 -4.67293e-15 -1.16823e-15)
(0 0 0)
(-0.066809 -0.0694063 1.01751e-07)
(-0.0210328 -0.0313001 5.72512e-08)
(-0.00789053 -0.0145772 3.48876e-08)
(-0.00333642 -0.00684519 2.15426e-08)
(-0.00149929 -0.00319436 1.2835e-08)
(-0.000687986 -0.00146898 7.26612e-09)
(-0.000315245 -0.000662534 3.90465e-09)
(-0.000142565 -0.00029228 2.00058e-09)
(-6.32488e-05 -0.000125944 9.81169e-10)
(-2.74435e-05 -5.29738e-05 4.62542e-10)
(-1.16286e-05 -2.17457e-05 2.10135e-10)
(-4.80894e-06 -8.71305e-06 9.22535e-11)
(-1.94073e-06 -3.4087e-06 3.91959e-11)
(-7.64479e-07 -1.30263e-06 1.61485e-11)
(-2.94048e-07 -4.86511e-07 6.45682e-12)
(-1.10495e-07 -1.77684e-07 2.50819e-12)
(-4.05866e-08 -6.34965e-08 9.48605e-13)
(-1.45816e-08 -2.22155e-08 3.5047e-13)
(-5.12724e-09 -7.61432e-09 1.25585e-13)
(-1.76558e-09 -2.55822e-09 4.32246e-14)
(-5.95782e-10 -8.43014e-10 1.40188e-14)
(-1.97132e-10 -2.72625e-10 4.67293e-15)
(-6.39923e-11 -8.65707e-11 -5.84116e-16)
(-2.03915e-11 -2.70107e-11 5.84116e-16)
(-6.38673e-12 -8.2816e-12 -5.84116e-16)
(-1.96613e-12 -2.49301e-12 -5.84116e-16)
(-5.93462e-13 -7.38323e-13 0)
(-1.77571e-13 -2.10282e-13 -1.16823e-15)
(-5.0234e-14 -5.72434e-14 -1.16823e-15)
(-1.5187e-14 -1.63553e-14 -1.16823e-15)
(-5.84116e-15 0 -1.16823e-15)
(0 0 0)
(-0.500331 0.00188881 9.25485e-09)
(-0.473437 0.00507113 3.44652e-08)
(-0.424648 0.00672751 6.02804e-08)
(-0.362554 0.00639448 8.18862e-08)
(-0.297335 0.00383978 9.87477e-08)
(-0.239264 -0.00147377 1.13926e-07)
(-0.199306 -0.0112463 1.20136e-07)
(-0.196884 -0.0301904 5.53528e-08)
(-0.498021 0.000932328 5.61698e-09)
(-0.471843 0.00250356 2.6405e-08)
(-0.424284 0.00329285 4.90386e-08)
(-0.363717 0.00300672 6.94177e-08)
(-0.300247 0.0014955 8.54052e-08)
(-0.244011 -0.00131215 8.9643e-08)
(-0.20415 -0.00509986 6.61709e-08)
(-0.187487 -0.00714114 2.60327e-08)
(-0.496895 0.000455049 4.57629e-09)
(-0.471077 0.0012234 1.84373e-08)
(-0.424145 0.00160758 3.33202e-08)
(-0.364351 0.00145651 4.64842e-08)
(-0.301654 0.000719379 5.63415e-08)
(-0.24586 -0.000515221 5.87751e-08)
(-0.205135 -0.00179665 4.47096e-08)
(-0.184643 -0.00176907 1.64739e-08)
(-0.496342 0.000229024 2.45249e-09)
(-0.470691 0.000625279 1.2441e-08)
(-0.424051 0.000855016 2.39044e-08)
(-0.364606 0.000857852 3.44516e-08)
(-0.302219 0.000626316 4.21433e-08)
(-0.246527 0.000217915 4.18256e-08)
(-0.205404 -0.000195833 2.79356e-08)
(-0.183921 -0.000267764 8.69393e-09)
(-0.496041 0.000132805 1.19788e-09)
(-0.470451 0.000382548 7.15356e-09)
(-0.423912 0.000595277 1.46482e-08)
(-0.36458 0.000773393 2.24234e-08)
(-0.302294 0.00093529 3.01705e-08)
(-0.246682 0.00107306 3.44523e-08)
(-0.20562 0.00106369 3.48803e-08)
(-0.18418 0.00058619 2.21297e-08)
(-0.495827 0.000102169 1.70579e-10)
(-0.470228 0.000322195 4.28006e-09)
(-0.42366 0.000600704 1.0808e-08)
(-0.364266 0.00100749 2.00585e-08)
(-0.301919 0.00162667 3.22705e-08)
(-0.246398 0.00246191 4.45876e-08)
(-0.20589 0.00314047 3.92022e-08)
(-0.185571 0.00230488 1.27547e-09)
(-0.495617 0.000101437 -7.34408e-10)
(-0.469952 0.000345775 7.5552e-10)
(-0.423227 0.000735007 4.08315e-09)
(-0.363554 0.00143347 9.04781e-09)
(-0.30084 0.00269408 1.5159e-08)
(-0.245168 0.00480212 1.65435e-08)
(-0.205777 0.00761772 1.14657e-08)
(-0.189625 0.00835772 3.19516e-08)
(-0.49538 0.000107794 -2.19818e-09)
(-0.469595 0.000383916 -3.1148e-09)
(-0.422573 0.000875091 -2.24179e-09)
(-0.362307 0.00185077 3.31869e-10)
(-0.298551 0.00382974 6.80164e-09)
(-0.241475 0.00784883 2.38855e-08)
(-0.202335 0.0160931 5.38265e-08)
(-0.201546 0.0336411 1.21695e-08)
(-0.500331 0.0018888 8.41424e-08)
(-0.473437 0.0050711 2.43135e-07)
(-0.424648 0.00672746 3.59758e-07)
(-0.362554 0.00639441 4.17601e-07)
(-0.297335 0.00383971 4.17967e-07)
(-0.239264 -0.00147387 3.75008e-07)
(-0.199306 -0.0112464 2.94435e-07)
(-0.196885 -0.0301906 1.21459e-07)
(-0.498021 0.000932319 6.08357e-08)
(-0.471843 0.00250353 1.74739e-07)
(-0.424284 0.00329279 2.54884e-07)
(-0.363717 0.00300665 2.88908e-07)
(-0.300247 0.00149541 2.77446e-07)
(-0.244011 -0.00131226 2.25679e-07)
(-0.20415 -0.00510001 1.3941e-07)
(-0.187487 -0.00714121 5.08932e-08)
(-0.496895 0.000455043 4.11432e-08)
(-0.471077 0.00122337 1.16535e-07)
(-0.424145 0.00160753 1.65638e-07)
(-0.364351 0.00145644 1.80225e-07)
(-0.301654 0.000719293 1.62658e-07)
(-0.24586 -0.000515316 1.21538e-07)
(-0.205135 -0.00179672 6.68202e-08)
(-0.184644 -0.0017691 1.83921e-08)
(-0.496342 0.000229017 2.73793e-08)
(-0.470691 0.000625256 7.61311e-08)
(-0.424051 0.000854979 1.04419e-07)
(-0.364606 0.000857804 1.06906e-07)
(-0.302219 0.000626264 8.68511e-08)
(-0.246527 0.000217867 5.2169e-08)
(-0.205404 -0.000195852 1.61412e-08)
(-0.183921 -0.000267753 -4.23968e-10)
(-0.496041 0.0001328 1.72686e-08)
(-0.470451 0.000382532 4.69739e-08)
(-0.423912 0.00059525 6.05445e-08)
(-0.36458 0.000773365 5.52144e-08)
(-0.302294 0.00093527 3.62999e-08)
(-0.246682 0.00107307 1.30596e-08)
(-0.20562 0.00106371 3.50006e-09)
(-0.18418 0.000586176 6.74578e-09)
(-0.495827 0.000102165 1.17536e-08)
(-0.470228 0.000322183 3.07824e-08)
(-0.42366 0.000600683 3.69605e-08)
(-0.364266 0.00100746 2.97751e-08)
(-0.301919 0.00162664 1.40199e-08)
(-0.246398 0.00246188 -1.19784e-09)
(-0.205891 0.00314042 -1.75041e-08)
(-0.185571 0.0023049 -3.08734e-08)
(-0.495617 0.000101433 7.8653e-09)
(-0.469952 0.00034576 1.98997e-08)
(-0.423227 0.000734981 2.04593e-08)
(-0.363554 0.00143343 8.87538e-09)
(-0.30084 0.00269403 -1.0842e-08)
(-0.245168 0.00480208 -3.35367e-08)
(-0.205777 0.00761775 -4.15332e-08)
(-0.189625 0.00835774 1.34129e-08)
(-0.49538 0.00010779 6.6568e-09)
(-0.469595 0.000383905 1.68085e-08)
(-0.422573 0.000875069 1.79296e-08)
(-0.362307 0.00185073 9.8431e-09)
(-0.298551 0.00382968 -8.79846e-10)
(-0.241475 0.00784875 -8.25951e-10)
(-0.202335 0.016093 1.86622e-08)
(-0.201546 0.0336408 -2.04273e-08)
(-0.500331 0.0018887 2.38001e-07)
(-0.473437 0.00507083 6.2589e-07)
(-0.424648 0.00672705 8.68469e-07)
(-0.362554 0.00639391 9.38668e-07)
(-0.297335 0.00383917 8.39918e-07)
(-0.239264 -0.0014744 5.96156e-07)
(-0.199306 -0.0112469 2.65288e-07)
(-0.196885 -0.030191 1.08826e-07)
(-0.49802 0.000932242 1.67477e-07)
(-0.471843 0.00250331 4.30083e-07)
(-0.424284 0.00329246 5.71799e-07)
(-0.363717 0.00300624 5.72543e-07)
(-0.300247 0.00149499 4.42493e-07)
(-0.244011 -0.00131265 2.3659e-07)
(-0.20415 -0.00510031 6.50739e-08)
(-0.187487 -0.00714134 -2.33062e-09)
(-0.496895 0.000454982 1.13417e-07)
(-0.471077 0.0012232 2.83262e-07)
(-0.424145 0.00160728 3.59008e-07)
(-0.364351 0.00145615 3.27166e-07)
(-0.301654 0.000718998 2.02017e-07)
(-0.24586 -0.000515568 3.47678e-08)
(-0.205135 -0.00179689 -7.30997e-08)
(-0.184644 -0.00176917 -4.26265e-08)
(-0.496342 0.000228976 7.39678e-08)
(-0.470691 0.00062514 1.76363e-07)
(-0.424051 0.000854806 2.03517e-07)
(-0.364606 0.000857602 1.49476e-07)
(-0.302219 0.000626064 3.41473e-08)
(-0.246527 0.000217698 -8.68575e-08)
(-0.205404 -0.000195959 -1.31724e-07)
(-0.183921 -0.000267788 -6.24412e-08)
(-0.496041 0.000132774 4.89505e-08)
(-0.470451 0.000382457 1.08707e-07)
(-0.423912 0.000595142 1.06917e-07)
(-0.36458 0.000773239 4.00436e-08)
(-0.302294 0.000935144 -7.37746e-08)
(-0.246682 0.00107295 -1.8324e-07)
(-0.20562 0.00106362 -2.22796e-07)
(-0.18418 0.000586129 -1.21766e-07)
(-0.495827 0.00010215 3.38697e-08)
(-0.470228 0.000322141 6.80062e-08)
(-0.42366 0.000600624 4.69852e-08)
(-0.364266 0.0010074 -3.47539e-08)
(-0.301919 0.00162658 -1.6299e-07)
(-0.246398 0.00246182 -2.93639e-07)
(-0.20589 0.00314038 -3.19447e-07)
(-0.185571 0.00230489 -1.22312e-07)
(-0.495617 0.000101427 2.69464e-08)
(-0.469952 0.000345747 5.15358e-08)
(-0.423227 0.000734969 2.90393e-08)
(-0.363554 0.00143343 -4.41413e-08)
(-0.30084 0.00269405 -1.54135e-07)
(-0.245168 0.00480212 -2.52975e-07)
(-0.205777 0.00761779 -2.59645e-07)
(-0.189625 0.00835774 -1.83135e-07)
(-0.49538 0.000107791 2.9398e-08)
(-0.469595 0.00038391 6.12027e-08)
(-0.422573 0.000875087 5.35537e-08)
(-0.362307 0.00185077 5.91388e-09)
(-0.298551 0.00382976 -7.68262e-08)
(-0.241475 0.00784887 -1.90501e-07)
(-0.202335 0.0160931 -3.11606e-07)
(-0.201546 0.0336409 -1.65233e-07)
(-0.500329 0.00188849 1.63113e-07)
(-0.473436 0.00507026 4.1722e-07)
(-0.424647 0.00672619 5.68992e-07)
(-0.362554 0.00639285 6.02953e-07)
(-0.297336 0.003838 5.20698e-07)
(-0.239265 -0.00147556 3.35075e-07)
(-0.199307 -0.0112478 9.09884e-08)
(-0.196886 -0.0301914 4.27195e-08)
(-0.498019 0.00093207 1.12259e-07)
(-0.471843 0.00250284 2.8175e-07)
(-0.424284 0.00329177 3.65953e-07)
(-0.363718 0.00300543 3.53052e-07)
(-0.300248 0.00149414 2.50452e-07)
(-0.244011 -0.00131338 1.00554e-07)
(-0.20415 -0.00510069 -8.1649e-09)
(-0.187487 -0.00714152 -2.71911e-08)
(-0.496895 0.000454856 7.68505e-08)
(-0.471076 0.00122286 1.85165e-07)
(-0.424145 0.0016068 2.2669e-07)
(-0.364351 0.0014556 1.93426e-07)
(-0.301655 0.000718476 9.57005e-08)
(-0.24586 -0.000515963 -2.79954e-08)
(-0.205135 -0.00179712 -9.52102e-08)
(-0.184643 -0.00176922 -4.45446e-08)
(-0.496342 0.000228888 4.9041e-08)
(-0.470691 0.000624907 1.12673e-07)
(-0.424051 0.000854475 1.23002e-07)
(-0.364606 0.00085723 7.70214e-08)
(-0.302219 0.000625712 -1.05605e-08)
(-0.246527 0.000217431 -9.72008e-08)
(-0.205404 -0.000196152 -1.1993e-07)
(-0.18392 -0.000267911 -5.33233e-08)
(-0.496041 0.00013272 3.28797e-08)
(-0.470451 0.000382315 6.88863e-08)
(-0.423913 0.000594937 6.10206e-08)
(-0.36458 0.000772996 7.25266e-09)
(-0.302294 0.000934876 -7.9904e-08)
(-0.246682 0.00107265 -1.61848e-07)
(-0.20562 0.00106333 -1.91416e-07)
(-0.184179 0.000586056 -1.06382e-07)
(-0.495827 0.000102121 2.22866e-08)
(-0.470228 0.000322068 4.15038e-08)
(-0.42366 0.000600527 2.08326e-08)
(-0.364266 0.00100729 -4.44705e-08)
(-0.30192 0.00162648 -1.44739e-07)
(-0.246399 0.00246174 -2.47853e-07)
(-0.20589 0.00314035 -2.62741e-07)
(-0.18557 0.00230478 -9.01631e-08)
(-0.495617 0.000101424 1.83467e-08)
(-0.469952 0.000345747 3.23916e-08)
(-0.423227 0.000734994 1.26631e-08)
(-0.363554 0.00143352 -4.39689e-08)
(-0.30084 0.0026942 -1.28134e-07)
(-0.245168 0.00480229 -2.02895e-07)
(-0.205777 0.00761777 -2.06646e-07)
(-0.189624 0.00835766 -1.64597e-07)
(-0.495379 0.0001078 2.0543e-08)
(-0.469595 0.000383948 4.12795e-08)
(-0.422573 0.000875183 3.33823e-08)
(-0.362307 0.00185097 -3.59735e-09)
(-0.298551 0.0038301 -6.91447e-08)
(-0.241475 0.00784935 -1.6579e-07)
(-0.202335 0.0160937 -2.76442e-07)
(-0.201545 0.0336417 -1.32636e-07)
(-0.495125 0.000105702 -2.43755e-09)
(-0.469185 0.0003834 -4.89226e-09)
(-0.42176 0.000897922 -6.82989e-09)
(-0.360599 0.00195415 -9.66502e-09)
(-0.294842 0.00416511 -1.44327e-08)
(-0.232905 0.00883888 -2.31207e-08)
(-0.179985 0.0189921 -5.10542e-08)
(-0.131646 0.0424404 -1.20144e-07)
(-0.49489 8.85466e-05 -4.43649e-09)
(-0.468803 0.000322085 -9.98578e-09)
(-0.421002 0.000754679 -1.65724e-08)
(-0.359039 0.00162911 -2.76506e-08)
(-0.291666 0.00338984 -4.61015e-08)
(-0.226648 0.00682076 -7.41252e-08)
(-0.168733 0.0131097 -1.08385e-07)
(-0.117961 0.0230799 -1.08095e-07)
(-0.494714 5.8219e-05 -3.7057e-09)
(-0.468519 0.000211074 -8.77883e-09)
(-0.420453 0.000490158 -1.46793e-08)
(-0.357964 0.00103886 -2.43412e-08)
(-0.28965 0.00209203 -3.9954e-08)
(-0.223185 0.00398519 -6.21351e-08)
(-0.163726 0.00701796 -8.71045e-08)
(-0.113338 0.0108579 -9.82502e-08)
(-0.494621 2.02265e-05 -4.86947e-09)
(-0.468371 7.3105e-05 -1.11892e-08)
(-0.420174 0.000168533 -1.85819e-08)
(-0.357437 0.000352604 -3.02453e-08)
(-0.28872 0.000695421 -4.74575e-08)
(-0.221722 0.0012833 -6.88178e-08)
(-0.161861 0.0021586 -8.79512e-08)
(-0.111862 0.00314874 -9.05388e-08)
(-0.494621 -2.01033e-05 -3.85933e-09)
(-0.46837 -7.26825e-05 -8.72631e-09)
(-0.420174 -0.000167645 -1.3956e-08)
(-0.357437 -0.000350988 -2.21122e-08)
(-0.288719 -0.00069278 -3.44969e-08)
(-0.221721 -0.00127946 -5.06279e-08)
(-0.161861 -0.00215368 -6.85994e-08)
(-0.111862 -0.00314296 -8.30101e-08)
(-0.494714 -5.81334e-05 -3.78932e-09)
(-0.468518 -0.000210762 -8.13267e-09)
(-0.420452 -0.000489442 -1.2713e-08)
(-0.357963 -0.00103743 -2.05096e-08)
(-0.289648 -0.00208939 -3.326e-08)
(-0.223183 -0.00398074 -5.32209e-08)
(-0.163724 -0.00701122 -8.14241e-08)
(-0.113338 -0.0108496 -1.04251e-07)
(-0.49489 -8.85368e-05 -3.05707e-09)
(-0.468802 -0.00032202 -5.64868e-09)
(-0.421 -0.000754436 -7.05921e-09)
(-0.359037 -0.00162848 -8.5272e-09)
(-0.291662 -0.00338852 -8.72249e-09)
(-0.226643 -0.00681836 -5.31894e-09)
(-0.168729 -0.0131062 8.98975e-09)
(-0.11796 -0.0230777 5.67088e-08)
(-0.495125 -0.000105832 -1.66857e-09)
(-0.469184 -0.000383777 -1.58917e-09)
(-0.421759 -0.000898551 1.14196e-09)
(-0.360597 -0.0019551 7.5003e-09)
(-0.294838 -0.00416666 2.05187e-08)
(-0.2329 -0.00884164 4.32604e-08)
(-0.179983 -0.0189971 7.40089e-08)
(-0.131648 -0.0424477 9.61187e-08)
(-0.495125 0.000105698 6.47988e-09)
(-0.469185 0.000383386 1.67955e-08)
(-0.42176 0.000897893 1.85799e-08)
(-0.360599 0.00195409 1.17831e-08)
(-0.294842 0.00416501 -6.33817e-10)
(-0.232905 0.00883868 -1.49966e-08)
(-0.179985 0.0189918 -4.26236e-08)
(-0.131646 0.0424401 -9.89043e-08)
(-0.494891 8.8544e-05 6.66633e-09)
(-0.468803 0.000322078 1.86073e-08)
(-0.421002 0.000754663 2.38391e-08)
(-0.359039 0.00162908 2.2335e-08)
(-0.291666 0.00338979 1.81298e-08)
(-0.226648 0.00682068 1.56181e-08)
(-0.168733 0.0131097 2.03158e-08)
(-0.117961 0.0230799 6.42934e-08)
(-0.494714 5.82181e-05 8.15133e-09)
(-0.468519 0.000211072 2.30712e-08)
(-0.420453 0.000490154 3.27646e-08)
(-0.357964 0.00103886 3.87728e-08)
(-0.28965 0.00209202 4.592e-08)
(-0.223185 0.0039852 5.94571e-08)
(-0.163726 0.007018 8.25822e-08)
(-0.113338 0.010858 1.1998e-07)
(-0.494621 2.02262e-05 8.08212e-09)
(-0.468371 7.31051e-05 2.41299e-08)
(-0.420174 0.000168534 3.59212e-08)
(-0.357438 0.000352608 4.51985e-08)
(-0.28872 0.000695432 5.80986e-08)
(-0.221722 0.00128332 8.07315e-08)
(-0.161861 0.00215863 1.16282e-07)
(-0.111862 0.00314877 1.63748e-07)
(-0.494621 -2.01012e-05 9.13933e-09)
(-0.468371 -7.26764e-05 2.65642e-08)
(-0.420174 -0.000167633 4.02312e-08)
(-0.357437 -0.000350969 5.23853e-08)
(-0.288719 -0.000692752 6.87954e-08)
(-0.221722 -0.00127943 9.43372e-08)
(-0.161861 -0.00215366 1.27441e-07)
(-0.111862 -0.00314299 1.58515e-07)
(-0.494714 -5.81318e-05 8.29037e-09)
(-0.468518 -0.000210756 2.44551e-08)
(-0.420452 -0.000489428 3.59173e-08)
(-0.357963 -0.0010374 4.4038e-08)
(-0.289648 -0.00208934 5.4168e-08)
(-0.223183 -0.00398065 6.93508e-08)
(-0.163724 -0.00701106 8.89227e-08)
(-0.113337 -0.0108493 1.17186e-07)
(-0.49489 -8.85326e-05 8.35401e-09)
(-0.468802 -0.000322007 2.36952e-08)
(-0.421 -0.000754409 3.41474e-08)
(-0.359037 -0.00162842 4.15866e-08)
(-0.291662 -0.00338841 5.362e-08)
(-0.226643 -0.00681817 7.76421e-08)
(-0.168729 -0.0131059 1.23118e-07)
(-0.11796 -0.0230773 2.03972e-07)
(-0.495125 -0.000105829 7.69057e-09)
(-0.469184 -0.000383769 2.13745e-08)
(-0.421759 -0.000898533 2.82454e-08)
(-0.360597 -0.00195507 3.05221e-08)
(-0.294838 -0.00416659 3.42289e-08)
(-0.2329 -0.00884153 4.71692e-08)
(-0.179983 -0.018997 7.25781e-08)
(-0.131649 -0.0424477 9.93339e-08)
(-0.495125 0.000105702 3.17947e-08)
(-0.469185 0.000383404 7.32028e-08)
(-0.42176 0.000897934 8.62307e-08)
(-0.360599 0.00195417 7.6524e-08)
(-0.294842 0.00416515 5.77127e-08)
(-0.232905 0.00883891 4.64088e-08)
(-0.179985 0.0189921 8.16028e-08)
(-0.131646 0.0424405 2.62479e-07)
(-0.49489 8.85499e-05 4.21694e-08)
(-0.468803 0.000322098 1.06371e-07)
(-0.421002 0.000754707 1.56512e-07)
(-0.359039 0.00162916 2.12284e-07)
(-0.291666 0.00338993 3.02171e-07)
(-0.226648 0.00682091 4.53365e-07)
(-0.168733 0.01311 6.65924e-07)
(-0.117961 0.0230803 8.28781e-07)
(-0.494714 5.82218e-05 4.49474e-08)
(-0.468519 0.000211085 1.18381e-07)
(-0.420453 0.000490182 1.84062e-07)
(-0.357964 0.00103891 2.65199e-07)
(-0.28965 0.00209211 3.93335e-07)
(-0.223185 0.00398532 5.94375e-07)
(-0.163726 0.00701815 8.62633e-07)
(-0.113338 0.0108581 1.10751e-06)
(-0.494621 2.02285e-05 5.03612e-08)
(-0.468371 7.31119e-05 1.34036e-07)
(-0.420174 0.000168548 2.14095e-07)
(-0.357437 0.000352631 3.16075e-07)
(-0.28872 0.000695467 4.69449e-07)
(-0.221722 0.00128337 6.90458e-07)
(-0.16186 0.00215869 9.56248e-07)
(-0.111862 0.00314882 1.17427e-06)
(-0.494621 -2.01029e-05 4.91107e-08)
(-0.46837 -7.26818e-05 1.30823e-07)
(-0.420174 -0.000167645 2.07169e-07)
(-0.357437 -0.000350991 3.02456e-07)
(-0.288719 -0.000692788 4.45494e-07)
(-0.221721 -0.00127948 6.52698e-07)
(-0.16186 -0.00215373 9.09206e-07)
(-0.111862 -0.00314305 1.14473e-06)
(-0.494714 -5.8135e-05 4.60444e-08)
(-0.468518 -0.000210768 1.20055e-07)
(-0.420452 -0.000489454 1.85291e-07)
(-0.357963 -0.00103745 2.6476e-07)
(-0.289648 -0.00208942 3.88049e-07)
(-0.223183 -0.00398077 5.82312e-07)
(-0.163724 -0.00701123 8.52396e-07)
(-0.113337 -0.0108495 1.12242e-06)
(-0.49489 -8.8538e-05 4.15148e-08)
(-0.468802 -0.000322026 1.0345e-07)
(-0.421 -0.000754452 1.46947e-07)
(-0.359037 -0.0016285 1.87691e-07)
(-0.291662 -0.00338856 2.44578e-07)
(-0.226643 -0.00681841 3.33181e-07)
(-0.168729 -0.0131062 4.40956e-07)
(-0.11796 -0.0230777 4.60649e-07)
(-0.495124 -0.000105833 3.24489e-08)
(-0.469184 -0.000383784 7.29801e-08)
(-0.421759 -0.00089857 8.12413e-08)
(-0.360597 -0.00195514 5.80127e-08)
(-0.294838 -0.00416673 7.95005e-09)
(-0.2329 -0.00884175 -6.39214e-08)
(-0.179983 -0.0189973 -1.46143e-07)
(-0.131649 -0.0424481 -1.91626e-07)
(-0.495125 0.000105723 2.28773e-08)
(-0.469185 0.000383477 5.1515e-08)
(-0.42176 0.000898099 6.08209e-08)
(-0.360599 0.0019545 5.50759e-08)
(-0.294842 0.00416576 4.39138e-08)
(-0.232905 0.00883997 3.82847e-08)
(-0.179985 0.0189937 7.31722e-08)
(-0.131646 0.0424421 2.4124e-07)
(-0.49489 8.85703e-05 3.10665e-08)
(-0.468802 0.000322168 7.77781e-08)
(-0.421002 0.000754859 1.16101e-07)
(-0.359039 0.00162946 1.62299e-07)
(-0.291666 0.00339046 2.37939e-07)
(-0.226647 0.00682178 3.63621e-07)
(-0.168733 0.0131112 5.37223e-07)
(-0.11796 0.0230816 6.56393e-07)
(-0.494714 5.82345e-05 3.30904e-08)
(-0.468519 0.000211127 8.65305e-08)
(-0.420453 0.000490269 1.36618e-07)
(-0.357964 0.00103907 2.02085e-07)
(-0.289649 0.00209236 3.07461e-07)
(-0.223184 0.00398568 4.72782e-07)
(-0.163725 0.00701858 6.92946e-07)
(-0.113338 0.0108587 8.89276e-07)
(-0.494621 2.02345e-05 3.74096e-08)
(-0.46837 7.313e-05 9.87171e-08)
(-0.420174 0.000168581 1.59592e-07)
(-0.357437 0.000352683 2.40631e-07)
(-0.288719 0.000695536 3.63893e-07)
(-0.221721 0.00128344 5.40908e-07)
(-0.16186 0.00215873 7.52015e-07)
(-0.111862 0.00314885 9.19979e-07)
(-0.494621 -2.01098e-05 3.61121e-08)
(-0.46837 -7.27043e-05 9.5532e-08)
(-0.420173 -0.000167691 1.52982e-07)
(-0.357437 -0.000351072 2.27958e-07)
(-0.288719 -0.000692915 3.42202e-07)
(-0.221721 -0.00127964 5.07733e-07)
(-0.16186 -0.00215387 7.13165e-07)
(-0.111861 -0.00314309 9.03209e-07)
(-0.494714 -5.8147e-05 3.39647e-08)
(-0.468518 -0.00021081 8.74676e-08)
(-0.420452 -0.000489549 1.3666e-07)
(-0.357962 -0.00103763 2.00212e-07)
(-0.289648 -0.00208974 3.00621e-07)
(-0.223182 -0.00398129 4.59741e-07)
(-0.163723 -0.007012 6.8205e-07)
(-0.113337 -0.0108507 9.0098e-07)
(-0.49489 -8.85598e-05 3.01037e-08)
(-0.468802 -0.000322101 7.41059e-08)
(-0.421 -0.000754617 1.0574e-07)
(-0.359037 -0.00162883 1.37578e-07)
(-0.291662 -0.00338917 1.82235e-07)
(-0.226643 -0.00681946 2.5022e-07)
(-0.168729 -0.0131078 3.26828e-07)
(-0.11796 -0.0230799 3.13386e-07)
(-0.495124 -0.000105851 2.30897e-08)
(-0.469184 -0.000383847 5.00164e-08)
(-0.421759 -0.000898715 5.41378e-08)
(-0.360597 -0.00195544 3.49909e-08)
(-0.294838 -0.00416727 -5.76012e-09)
(-0.232901 -0.00884266 -6.78302e-08)
(-0.179984 -0.0189986 -1.44712e-07)
(-0.131648 -0.042449 -1.94842e-07)
(-0.0699085 0.0760711 -8.53641e-08)
(-0.0223571 0.0350548 -5.12403e-08)
(-0.00857636 0.016639 -2.75092e-08)
(-0.0037109 0.00793514 -1.36267e-08)
(-0.00170113 0.00374755 -6.30925e-09)
(-0.000793028 0.00173875 -2.72528e-09)
(-0.000367744 0.000789182 -1.09362e-09)
(-0.000167768 0.000349642 -3.98066e-10)
(-7.48926e-05 0.000151061 -1.2701e-10)
(-3.2632e-05 6.36271e-05 -3.09202e-11)
(-1.38635e-05 2.613e-05 -2.44511e-12)
(-5.74133e-06 1.04665e-05 3.63554e-12)
(-2.31817e-06 4.0911e-06 3.31953e-12)
(-9.12964e-07 1.56139e-06 2.04908e-12)
(-3.50899e-07 5.82224e-07 1.05842e-12)
(-1.31706e-07 2.12254e-07 4.98835e-13)
(-4.83079e-08 7.57e-08 2.14955e-13)
(-1.73267e-08 2.64299e-08 8.87856e-14)
(-6.08134e-09 9.03932e-09 3.32946e-14)
(-2.09007e-09 3.03034e-09 1.22664e-14)
(-7.03868e-10 9.96385e-10 2.92058e-15)
(-2.32416e-10 3.21516e-10 1.16823e-15)
(-7.52902e-11 1.01875e-10 0)
(-2.39476e-11 3.17163e-11 -1.16823e-15)
(-7.48136e-12 9.7045e-12 0)
(-2.29674e-12 2.91941e-12 0)
(-6.92762e-13 8.63324e-13 1.75235e-15)
(-2.05609e-13 2.54675e-13 0)
(-5.84116e-14 7.35986e-14 -1.16823e-15)
(-1.98599e-14 1.98599e-14 -1.16823e-15)
(-5.84116e-15 5.84116e-15 -1.16823e-15)
(0 0 0)
(-0.0716969 0.0314175 -7.68938e-08)
(-0.0370749 0.0206681 -4.58117e-08)
(-0.0185433 0.0115319 -2.3594e-08)
(-0.00918053 0.00597384 -1.04692e-08)
(-0.00449526 0.00295245 -3.78626e-09)
(-0.00216534 0.00140642 -8.80125e-10)
(-0.00102137 0.000648608 1.43002e-10)
(-0.000470353 0.000290256 3.60467e-10)
(-0.000211122 0.000126221 3.06898e-10)
(-9.22993e-05 5.33951e-05 2.01077e-10)
(-3.92972e-05 2.19929e-05 1.15144e-10)
(-1.62976e-05 8.82754e-06 6.01277e-11)
(-6.5869e-06 3.45556e-06 2.93156e-11)
(-2.59591e-06 1.32025e-06 1.34896e-11)
(-9.9824e-07 4.92694e-07 5.91125e-12)
(-3.74817e-07 1.79723e-07 2.47899e-12)
(-1.37516e-07 6.41272e-08 9.9767e-13)
(-4.9334e-08 2.23974e-08 3.86101e-13)
(-1.73182e-08 7.66233e-09 1.44277e-13)
(-5.95286e-09 2.5693e-09 5.08181e-14)
(-2.00495e-09 8.44955e-10 1.57711e-14)
(-6.62096e-10 2.72697e-10 5.84116e-15)
(-2.14507e-10 8.64188e-11 1.16823e-15)
(-6.82259e-11 2.69067e-11 5.84116e-16)
(-2.13144e-11 8.2337e-12 -2.33646e-15)
(-6.5421e-12 2.48249e-12 -1.16823e-15)
(-1.97314e-12 7.37155e-13 0)
(-5.89957e-13 2.16123e-13 -2.92058e-15)
(-1.72898e-13 5.84116e-14 -1.16823e-15)
(-4.90658e-14 1.86917e-14 -5.84116e-16)
(-1.40188e-14 5.84116e-15 -1.75235e-15)
(-5.84116e-15 2.33646e-15 -1.75235e-15)
(-0.0723203 0.0131166 -8.46614e-08)
(-0.0422428 0.010028 -5.82963e-08)
(-0.0232706 0.00625014 -3.35788e-08)
(-0.0122903 0.00348052 -1.65149e-08)
(-0.00626855 0.00180187 -6.81346e-09)
(-0.00309687 0.000884357 -2.1603e-09)
(-0.00148391 0.000415847 -2.92887e-10)
(-0.000690154 0.000188496 2.65518e-10)
(-0.000311753 8.26774e-05 3.21443e-10)
(-0.000136861 3.51806e-05 2.35208e-10)
(-5.84311e-05 1.45497e-05 1.42316e-10)
(-2.42787e-05 5.85681e-06 7.68218e-11)
(-9.82546e-06 2.29742e-06 3.82824e-11)
(-3.87583e-06 8.79102e-07 1.78956e-11)
(-1.49142e-06 3.2844e-07 7.93463e-12)
(-5.60273e-07 1.19911e-07 3.35516e-12)
(-2.05633e-07 4.28146e-08 1.35924e-12)
(-7.37916e-08 1.49616e-08 5.29209e-13)
(-2.59094e-08 5.12071e-09 1.97431e-13)
(-8.90745e-09 1.71767e-09 7.00939e-14)
(-3.00047e-09 5.65049e-10 2.33646e-14)
(-9.90954e-10 1.82409e-10 8.76174e-15)
(-3.2108e-10 5.78193e-11 2.33646e-15)
(-1.02128e-10 1.80071e-11 0)
(-3.19091e-11 5.51522e-12 0)
(-9.79446e-12 1.65889e-12 0)
(-2.95563e-12 4.92994e-13 -1.75235e-15)
(-8.84352e-13 1.42524e-13 -1.75235e-15)
(-2.58179e-13 4.20564e-14 -5.84116e-16)
(-7.47669e-14 1.16823e-14 -1.16823e-15)
(-1.86917e-14 4.67293e-15 -5.84116e-16)
(-8.17763e-15 2.33646e-15 -1.16823e-15)
(-0.0725269 0.0036348 -7.02142e-08)
(-0.0439414 0.00294234 -4.185e-08)
(-0.0250907 0.00193587 -1.89886e-08)
(-0.0136288 0.00112177 -5.43421e-09)
(-0.00709142 0.000596952 6.75735e-10)
(-0.00355137 0.000298518 2.48255e-09)
(-0.00171723 0.000142166 2.38464e-09)
(-0.000803523 6.50042e-05 1.72144e-09)
(-0.000364437 2.86844e-05 1.0725e-09)
(-0.000160427 1.22577e-05 6.05357e-10)
(-6.86209e-05 5.08496e-06 3.17172e-10)
(-2.85498e-05 2.05152e-06 1.56314e-10)
(-1.15646e-05 8.0612e-07 7.31389e-11)
(-4.56489e-06 3.0887e-07 3.26725e-11)
(-1.75743e-06 1.1552e-07 1.40042e-11)
(-6.60443e-07 4.22125e-08 5.77574e-12)
(-2.42465e-07 1.50833e-08 2.29791e-12)
(-8.70279e-08 5.27431e-09 8.82599e-13)
(-3.05622e-08 1.8062e-09 3.25937e-13)
(-1.05085e-08 6.06173e-10 1.15655e-13)
(-3.54021e-09 1.99503e-10 4.08881e-14)
(-1.16932e-09 6.44327e-11 1.34347e-14)
(-3.78909e-10 2.04335e-11 4.08881e-15)
(-1.20532e-10 6.36803e-12 1.16823e-15)
(-3.76615e-11 1.94978e-12 0)
(-1.1562e-11 5.84116e-13 0)
(-3.49185e-12 1.69394e-13 -1.16823e-15)
(-1.04089e-12 4.55611e-14 -5.84116e-16)
(-3.02572e-13 1.63553e-14 0)
(-8.52809e-14 5.84116e-15 -1.16823e-15)
(-2.57011e-14 3.5047e-15 -1.75235e-15)
(-1.16823e-14 0 0)
(-0.0725267 -0.00362898 -8.99003e-08)
(-0.0439417 -0.00293725 -5.90972e-08)
(-0.0250911 -0.00193186 -2.90896e-08)
(-0.0136292 -0.00111893 -1.07315e-08)
(-0.00709181 -0.00059511 -2.03671e-09)
(-0.00355166 -0.000297416 1.07778e-09)
(-0.00171742 -0.000141549 1.65438e-09)
(-0.000803636 -6.46765e-05 1.34324e-09)
(-0.0003645 -2.85189e-05 8.80955e-10)
(-0.00016046 -1.21777e-05 5.10811e-10)
(-6.86372e-05 -5.04779e-06 2.72129e-10)
(-2.85575e-05 -2.03488e-06 1.35542e-10)
(-1.15681e-05 -7.98913e-07 6.39105e-11)
(-4.56643e-06 -3.0585e-07 2.87023e-11)
(-1.75808e-06 -1.14292e-07 1.23535e-11)
(-6.60709e-07 -4.17273e-08 5.10985e-12)
(-2.42571e-07 -1.48968e-08 2.03798e-12)
(-8.70687e-08 -5.20448e-09 7.82131e-13)
(-3.05776e-08 -1.7807e-09 2.90306e-13)
(-1.05141e-08 -5.97092e-10 1.03973e-13)
(-3.54221e-09 -1.96339e-10 3.44628e-14)
(-1.17002e-09 -6.33521e-11 1.22664e-14)
(-3.79149e-10 -2.00726e-11 2.33646e-15)
(-1.20613e-10 -6.24887e-12 -5.84116e-16)
(-3.76907e-11 -1.91356e-12 -5.84116e-16)
(-1.15737e-11 -5.78275e-13 5.84116e-16)
(-3.49535e-12 -1.74067e-13 2.92058e-15)
(-1.03739e-12 -5.37387e-14 0)
(-2.99067e-13 -1.75235e-14 -5.84116e-16)
(-8.52809e-14 -5.84116e-15 -1.75235e-15)
(-2.57011e-14 -3.5047e-15 -2.92058e-15)
(-1.16823e-14 -2.33646e-15 0)
(-0.0723212 -0.0131094 -5.47034e-08)
(-0.0422442 -0.0100223 -1.84635e-08)
(-0.0232724 -0.00624621 1.69868e-10)
(-0.012292 -0.00347806 7.03281e-09)
(-0.0062699 -0.00180043 7.78638e-09)
(-0.00309781 -0.000883558 6.19144e-09)
(-0.00148449 -0.000415422 4.18758e-09)
(-0.000690493 -0.000188278 2.5503e-09)
(-0.000311938 -8.25707e-05 1.43447e-09)
(-0.000136956 -3.51299e-05 7.56866e-10)
(-5.84781e-05 -1.45264e-05 3.77913e-10)
(-2.43009e-05 -5.8465e-06 1.79841e-10)
(-9.83558e-06 -2.29299e-06 8.19141e-11)
(-3.88027e-06 -8.77251e-07 3.58566e-11)
(-1.49331e-06 -3.27689e-07 1.51228e-11)
(-5.61048e-07 -1.19614e-07 6.16067e-12)
(-2.05943e-07 -4.27006e-08 2.42817e-12)
(-7.39117e-08 -1.4919e-08 9.27576e-13)
(-2.59548e-08 -5.10511e-09 3.42876e-13)
(-8.92415e-09 -1.7121e-09 1.21496e-13)
(-3.00647e-09 -5.63104e-10 4.26405e-14)
(-9.93059e-10 -1.81745e-10 1.46029e-14)
(-3.21802e-10 -5.75962e-11 4.67293e-15)
(-1.02375e-10 -1.79359e-11 0)
(-3.1992e-11 -5.49186e-12 1.16823e-15)
(-9.82366e-12 -1.65655e-12 1.16823e-15)
(-2.96614e-12 -4.90658e-13 1.75235e-15)
(-8.83184e-13 -1.43693e-13 1.75235e-15)
(-2.55843e-13 -4.43928e-14 1.16823e-15)
(-7.24304e-14 -1.75235e-14 0)
(-1.98599e-14 -1.16823e-14 0)
(-5.84116e-15 -2.33646e-15 0)
(-0.0716994 -0.0314171 7.43686e-08)
(-0.0370786 -0.0206683 6.38766e-08)
(-0.0185469 -0.0115324 4.68168e-08)
(-0.00918347 -0.00597438 3.13501e-08)
(-0.0044973 -0.00295288 1.96304e-08)
(-0.00216664 -0.00140671 1.16065e-08)
(-0.00102214 -0.000648783 6.51693e-09)
(-0.000470785 -0.000290353 3.48831e-09)
(-0.000211351 -0.000126272 1.78604e-09)
(-9.24157e-05 -5.34203e-05 8.77005e-10)
(-3.93538e-05 -2.20048e-05 4.1408e-10)
(-1.63241e-05 -8.83294e-06 1.88363e-10)
(-6.59887e-06 -3.45792e-06 8.27307e-11)
(-2.60113e-06 -1.32125e-06 3.51346e-11)
(-1.00045e-06 -4.93104e-07 1.44516e-11)
(-3.75721e-07 -1.79886e-07 5.76639e-12)
(-1.37876e-07 -6.41903e-08 2.23424e-12)
(-4.94732e-08 -2.24212e-08 8.40543e-13)
(-1.73707e-08 -7.67106e-09 3.07245e-13)
(-5.97214e-09 -2.57243e-09 1.10982e-13)
(-2.01186e-09 -8.46052e-10 3.62152e-14)
(-6.64517e-10 -2.73071e-10 1.22664e-14)
(-2.15338e-10 -8.6545e-11 4.08881e-15)
(-6.85051e-11 -2.69523e-11 1.75235e-15)
(-2.14102e-11 -8.24772e-12 1.16823e-15)
(-6.57481e-12 -2.48249e-12 3.5047e-15)
(-1.98132e-12 -7.37155e-13 2.92058e-15)
(-5.91125e-13 -2.10282e-13 1.16823e-15)
(-1.74067e-13 -6.07481e-14 1.16823e-15)
(-5.0234e-14 -1.86917e-14 0)
(-1.16823e-14 -4.67293e-15 1.16823e-15)
(0 0 -5.84116e-16)
(-0.0699118 -0.0760845 5.23008e-08)
(-0.0223595 -0.0350653 3.38549e-08)
(-0.00857852 -0.0166464 2.19664e-08)
(-0.00371255 -0.0079399 1.37106e-08)
(-0.00170223 -0.0037504 8.1723e-09)
(-0.000793705 -0.00174037 4.65602e-09)
(-0.000368135 -0.00079005 2.53849e-09)
(-0.000167982 -0.000350089 1.32752e-09)
(-7.50051e-05 -0.000151283 6.66817e-10)
(-3.26886e-05 -6.37326e-05 3.22441e-10)
(-1.38908e-05 -2.61785e-05 1.5028e-10)
(-5.75405e-06 -1.0488e-05 6.76494e-11)
(-2.32389e-06 -4.10037e-06 2.9443e-11)
(-9.15451e-07 -1.56526e-06 1.24125e-11)
(-3.51946e-07 -5.83793e-07 5.07188e-12)
(-1.32134e-07 -2.12872e-07 2.01228e-12)
(-4.8478e-08 -7.59373e-08 7.75122e-13)
(-1.73925e-08 -2.65186e-08 2.89722e-13)
(-6.10608e-09 -9.07169e-09 1.06309e-13)
(-2.09915e-09 -3.04186e-09 3.85517e-14)
(-7.07113e-10 -1.0004e-09 1.22664e-14)
(-2.33552e-10 -3.22887e-10 3.5047e-15)
(-7.56828e-11 -1.02332e-10 1.16823e-15)
(-2.40784e-11 -3.18612e-11 0)
(-7.52225e-12 -9.75007e-12 0)
(-2.3131e-12 -2.92759e-12 1.16823e-15)
(-6.96266e-13 -8.63324e-13 1.16823e-15)
(-2.04441e-13 -2.5117e-13 0)
(-6.30845e-14 -6.77575e-14 0)
(-1.75235e-14 -1.40188e-14 0)
(-2.33646e-15 0 0)
(0 0 0)
(-0.0699083 0.0760707 -3.78091e-08)
(-0.022357 0.0350546 -5.63147e-09)
(-0.00857629 0.0166389 8.98437e-09)
(-0.00371086 0.00793509 1.22987e-08)
(-0.00170111 0.00374753 1.04902e-08)
(-0.000793017 0.00173875 7.35498e-09)
(-0.000367739 0.00078918 4.59126e-09)
(-0.000167766 0.000349642 2.63413e-09)
(-7.48918e-05 0.000151062 1.41539e-09)
(-3.26318e-05 6.36274e-05 7.18885e-10)
(-1.38634e-05 2.61302e-05 3.4787e-10)
(-5.74132e-06 1.04666e-05 1.60991e-10)
(-2.31817e-06 4.09116e-06 7.15811e-11)
(-9.12969e-07 1.56142e-06 3.0631e-11)
(-3.50902e-07 5.82237e-07 1.26578e-11)
(-1.31708e-07 2.1226e-07 5.05319e-12)
(-4.83087e-08 7.57024e-08 1.95328e-12)
(-1.73271e-08 2.64309e-08 7.32482e-13)
(-6.08149e-09 9.03967e-09 2.65189e-13)
(-2.09013e-09 3.03046e-09 9.28745e-14)
(-7.03891e-10 9.96427e-10 3.09582e-14)
(-2.32424e-10 3.21531e-10 1.05141e-14)
(-7.52937e-11 1.0188e-10 4.08881e-15)
(-2.39464e-11 3.17163e-11 -5.84116e-16)
(-7.48019e-12 9.701e-12 -1.16823e-15)
(-2.29324e-12 2.91941e-12 1.16823e-15)
(-6.92762e-13 8.6566e-13 1.16823e-15)
(-2.09114e-13 2.53506e-13 5.84116e-16)
(-6.30845e-14 7.12622e-14 -5.84116e-16)
(-1.86917e-14 1.75235e-14 0)
(-3.5047e-15 0 -5.84116e-16)
(1.16823e-15 -1.16823e-15 0)
(-0.0716968 0.0314175 1.04348e-07)
(-0.0370748 0.020668 1.19162e-07)
(-0.0185432 0.0115319 1.0408e-07)
(-0.00918049 0.00597383 7.76427e-08)
(-0.00449524 0.00295245 5.20301e-08)
(-0.00216533 0.00140642 3.21701e-08)
(-0.00102137 0.00064861 1.86082e-08)
(-0.000470352 0.000290257 1.01687e-08)
(-0.000211122 0.000126222 5.28025e-09)
(-9.22997e-05 5.33957e-05 2.61881e-09)
(-3.92974e-05 2.19932e-05 1.24457e-09)
(-1.62977e-05 8.82768e-06 5.6863e-10)
(-6.58699e-06 3.45563e-06 2.503e-10)
(-2.59596e-06 1.32028e-06 1.06394e-10)
(-9.98262e-07 4.92707e-07 4.3738e-11)
(-3.74827e-07 1.79728e-07 1.74195e-11)
(-1.3752e-07 6.41295e-08 6.72785e-12)
(-4.93357e-08 2.23983e-08 2.52105e-12)
(-1.73189e-08 7.66266e-09 9.19399e-13)
(-5.95311e-09 2.56942e-09 3.25353e-13)
(-2.00504e-09 8.44995e-10 1.1215e-13)
(-6.62127e-10 2.72713e-10 3.67993e-14)
(-2.14519e-10 8.64223e-11 1.05141e-14)
(-6.82318e-11 2.69091e-11 1.75235e-15)
(-2.13156e-11 8.23604e-12 1.16823e-15)
(-6.54093e-12 2.48016e-12 -1.16823e-15)
(-1.97548e-12 7.31313e-13 -1.75235e-15)
(-5.87621e-13 2.10282e-13 -5.84116e-16)
(-1.70562e-13 6.07481e-14 1.16823e-15)
(-5.14022e-14 1.75235e-14 -1.16823e-15)
(-1.5187e-14 5.84116e-15 -1.75235e-15)
(-2.33646e-15 1.16823e-15 0)
(-0.0723202 0.0131166 1.55823e-07)
(-0.0422427 0.010028 1.60744e-07)
(-0.0232705 0.00625015 1.38262e-07)
(-0.0122903 0.00348053 1.04049e-07)
(-0.00626852 0.00180188 7.07794e-08)
(-0.00309686 0.000884364 4.43373e-08)
(-0.0014839 0.000415852 2.59412e-08)
(-0.000690153 0.000188498 1.42939e-08)
(-0.000311754 8.26789e-05 7.47432e-09)
(-0.000136861 3.51814e-05 3.725e-09)
(-5.84314e-05 1.45501e-05 1.77791e-09)
(-2.42789e-05 5.857e-06 8.14709e-10)
(-9.82558e-06 2.29751e-06 3.59653e-10)
(-3.87589e-06 8.79141e-07 1.5318e-10)
(-1.49145e-06 3.28456e-07 6.31073e-11)
(-5.60286e-07 1.19918e-07 2.51707e-11)
(-2.05639e-07 4.28172e-08 9.74014e-12)
(-7.37939e-08 1.49626e-08 3.65773e-12)
(-2.59103e-08 5.12108e-09 1.33295e-12)
(-8.90779e-09 1.7178e-09 4.7255e-13)
(-3.00059e-09 5.65095e-10 1.62968e-13)
(-9.90997e-10 1.82422e-10 5.31546e-14)
(-3.21098e-10 5.78228e-11 1.69394e-14)
(-1.02133e-10 1.80071e-11 2.92058e-15)
(-3.19091e-11 5.51639e-12 1.75235e-15)
(-9.79796e-12 1.66123e-12 -1.16823e-15)
(-2.95913e-12 4.91826e-13 -2.33646e-15)
(-8.80847e-13 1.43693e-13 -1.16823e-15)
(-2.58179e-13 4.20564e-14 1.75235e-15)
(-7.71033e-14 1.16823e-14 -5.84116e-16)
(-1.63553e-14 4.67293e-15 -2.33646e-15)
(-4.67293e-15 2.33646e-15 0)
(-0.0725268 0.00363478 2.03719e-07)
(-0.0439413 0.00294233 2.08617e-07)
(-0.0250907 0.00193588 1.79862e-07)
(-0.0136288 0.00112179 1.35778e-07)
(-0.0070914 0.000596961 9.23535e-08)
(-0.00355136 0.000298524 5.77913e-08)
(-0.00171723 0.00014217 3.37203e-08)
(-0.000803525 6.50064e-05 1.85355e-08)
(-0.000364439 2.86855e-05 9.66331e-09)
(-0.000160429 1.22582e-05 4.8056e-09)
(-6.86218e-05 5.08522e-06 2.28832e-09)
(-2.85503e-05 2.05164e-06 1.04716e-09)
(-1.15649e-05 8.06171e-07 4.61599e-10)
(-4.56501e-06 3.08892e-07 1.96507e-10)
(-1.75748e-06 1.15529e-07 8.09164e-11)
(-6.60466e-07 4.2216e-08 3.22905e-11)
(-2.42475e-07 1.50847e-08 1.25013e-11)
(-8.70318e-08 5.27482e-09 4.70155e-12)
(-3.05637e-08 1.80638e-09 1.71905e-12)
(-1.05091e-08 6.06242e-10 6.09817e-13)
(-3.54041e-09 1.99527e-10 2.10282e-13)
(-1.1694e-09 6.4442e-11 7.0678e-14)
(-3.78936e-10 2.04359e-11 2.10282e-14)
(-1.20538e-10 6.36803e-12 4.67293e-15)
(-3.76638e-11 1.94861e-12 0)
(-1.15643e-11 5.87621e-13 0)
(-3.49418e-12 1.75235e-13 -5.84116e-16)
(-1.03739e-12 5.14022e-14 5.84116e-16)
(-3.01404e-13 1.75235e-14 5.84116e-16)
(-8.99539e-14 3.5047e-15 -5.84116e-16)
(-2.33646e-14 1.16823e-15 -2.33646e-15)
(-8.17763e-15 3.5047e-15 -1.16823e-15)
(-0.0725267 -0.00362895 1.68021e-07)
(-0.0439416 -0.0029372 1.76667e-07)
(-0.025091 -0.00193182 1.58429e-07)
(-0.0136292 -0.0011189 1.22607e-07)
(-0.00709178 -0.000595096 8.46238e-08)
(-0.00355165 -0.000297409 5.34055e-08)
(-0.00171742 -0.000141545 3.13309e-08)
(-0.000803638 -6.46749e-05 1.72836e-08)
(-0.000364502 -2.85182e-05 9.03537e-09)
(-0.000160461 -1.21774e-05 4.50277e-09)
(-6.8638e-05 -5.04767e-06 2.14821e-09)
(-2.85579e-05 -2.03483e-06 9.84653e-10)
(-1.15683e-05 -7.98896e-07 4.34758e-10)
(-4.56653e-06 -3.05843e-07 1.85359e-10)
(-1.75813e-06 -1.14289e-07 7.64485e-11)
(-6.6073e-07 -4.17265e-08 3.05534e-11)
(-2.4258e-07 -1.48966e-08 1.18488e-11)
(-8.70722e-08 -5.20439e-09 4.4644e-12)
(-3.05789e-08 -1.78067e-09 1.63436e-12)
(-1.05147e-08 -5.9708e-10 5.8178e-13)
(-3.54239e-09 -1.96335e-10 2.0152e-13)
(-1.17009e-09 -6.33532e-11 6.89257e-14)
(-3.79173e-10 -2.00702e-11 2.21964e-14)
(-1.20621e-10 -6.24887e-12 5.84116e-15)
(-3.76883e-11 -1.9124e-12 5.84116e-16)
(-1.1569e-11 -5.75938e-13 1.75235e-15)
(-3.49652e-12 -1.68225e-13 2.92058e-15)
(-1.03973e-12 -5.0234e-14 2.92058e-15)
(-3.0374e-13 -1.5187e-14 1.75235e-15)
(-8.99539e-14 -3.5047e-15 -5.84116e-16)
(-2.10282e-14 0 0)
(-1.05141e-14 -1.16823e-15 0)
(-0.072321 -0.013109 1.99332e-07)
(-0.0422441 -0.010022 2.09713e-07)
(-0.0232724 -0.00624606 1.75686e-07)
(-0.012292 -0.00347798 1.28178e-07)
(-0.00626991 -0.00180039 8.47926e-08)
(-0.00309781 -0.000883537 5.19332e-08)
(-0.0014845 -0.000415412 2.98379e-08)
(-0.000690498 -0.000188274 1.62142e-08)
(-0.000311942 -8.25689e-05 8.38578e-09)
(-0.000136958 -3.51292e-05 4.14561e-09)
(-5.84793e-05 -1.45262e-05 1.96631e-09)
(-2.43015e-05 -5.84639e-06 8.9725e-10)
(-9.83587e-06 -2.29295e-06 3.94893e-10)
(-3.88041e-06 -8.77238e-07 1.67951e-10)
(-1.49337e-06 -3.27685e-07 6.91553e-11)
(-5.61073e-07 -1.19613e-07 2.76071e-11)
(-2.05953e-07 -4.27002e-08 1.07022e-11)
(-7.39159e-08 -1.49188e-08 4.03274e-12)
(-2.59564e-08 -5.10507e-09 1.47781e-12)
(-8.92475e-09 -1.71208e-09 5.24536e-13)
(-3.00669e-09 -5.631e-10 1.8166e-13)
(-9.93135e-10 -1.81744e-10 6.0164e-14)
(-3.21832e-10 -5.75974e-11 1.98599e-14)
(-1.02382e-10 -1.79335e-11 4.67293e-15)
(-3.19909e-11 -5.48952e-12 2.92058e-15)
(-9.81899e-12 -1.65188e-12 2.92058e-15)
(-2.96731e-12 -4.89489e-13 1.75235e-15)
(-8.8552e-13 -1.41356e-13 2.92058e-15)
(-2.58179e-13 -4.43928e-14 2.92058e-15)
(-7.35986e-14 -1.40188e-14 1.16823e-15)
(-2.10282e-14 -3.5047e-15 5.84116e-16)
(-5.84116e-15 -4.67293e-15 0)
(-0.0716994 -0.0314169 2.21606e-07)
(-0.0370786 -0.0206682 1.9903e-07)
(-0.018547 -0.0115323 1.52389e-07)
(-0.00918352 -0.00597437 1.04694e-07)
(-0.00449734 -0.00295288 6.636e-08)
(-0.00216667 -0.00140671 3.94222e-08)
(-0.00102216 -0.000648786 2.2141e-08)
(-0.000470794 -0.000290356 1.18316e-08)
(-0.000211357 -0.000126274 6.04017e-09)
(-9.24184e-05 -5.34211e-05 2.9569e-09)
(-3.93552e-05 -2.20053e-05 1.39157e-09)
(-1.63247e-05 -8.83316e-06 6.31237e-10)
(-6.59917e-06 -3.45803e-06 2.76487e-10)
(-2.60127e-06 -1.32129e-06 1.17174e-10)
(-1.0005e-06 -4.93124e-07 4.81096e-11)
(-3.75745e-07 -1.79894e-07 1.91695e-11)
(-1.37886e-07 -6.41936e-08 7.41886e-12)
(-4.9477e-08 -2.24224e-08 2.79266e-12)
(-1.73722e-08 -7.67153e-09 1.02103e-12)
(-5.97268e-09 -2.5726e-09 3.63904e-13)
(-2.01206e-09 -8.46111e-10 1.25585e-13)
(-6.64583e-10 -2.73091e-10 4.20564e-14)
(-2.15362e-10 -8.6552e-11 1.5187e-14)
(-6.85133e-11 -2.69511e-11 5.84116e-15)
(-2.14067e-11 -8.24772e-12 2.92058e-15)
(-6.57014e-12 -2.48249e-12 2.33646e-15)
(-1.98716e-12 -7.37155e-13 2.33646e-15)
(-5.93462e-13 -2.13786e-13 1.75235e-15)
(-1.74067e-13 -6.07481e-14 1.75235e-15)
(-5.14022e-14 -1.86917e-14 1.16823e-15)
(-1.16823e-14 -5.84116e-15 1.75235e-15)
(-2.33646e-15 -1.16823e-15 0)
(-0.0699119 -0.0760847 6.37815e-08)
(-0.0223596 -0.0350655 4.75678e-08)
(-0.00857856 -0.0166465 3.56829e-08)
(-0.00371257 -0.00793999 2.5081e-08)
(-0.00170225 -0.00375045 1.63414e-08)
(-0.000793716 -0.0017404 9.92951e-09)
(-0.000368142 -0.000790068 5.67601e-09)
(-0.000167986 -0.000350099 3.07324e-09)
(-7.50071e-05 -0.000151288 1.5851e-09)
(-3.26896e-05 -6.3735e-05 7.81966e-10)
(-1.38913e-05 -2.61796e-05 3.70283e-10)
(-5.75429e-06 -1.04885e-05 1.68742e-10)
(-2.324e-06 -4.1006e-06 7.41857e-11)
(-9.15499e-07 -1.56536e-06 3.1523e-11)
(-3.51967e-07 -5.83832e-07 1.29697e-11)
(-1.32143e-07 -2.12888e-07 5.17176e-12)
(-4.84814e-08 -7.59433e-08 2.00293e-12)
(-1.73938e-08 -2.65209e-08 7.5351e-13)
(-6.10658e-09 -9.07251e-09 2.75703e-13)
(-2.09933e-09 -3.04216e-09 9.81315e-14)
(-7.07181e-10 -1.0005e-09 3.38787e-14)
(-2.33576e-10 -3.2292e-10 1.16823e-14)
(-7.56909e-11 -1.02342e-10 4.08881e-15)
(-2.40784e-11 -3.1867e-11 1.75235e-15)
(-7.51991e-12 -9.7524e-12 1.75235e-15)
(-2.31076e-12 -2.9381e-12 1.75235e-15)
(-6.98603e-13 -8.71501e-13 1.75235e-15)
(-2.07945e-13 -2.53506e-13 0)
(-6.30845e-14 -7.12622e-14 5.84116e-16)
(-1.75235e-14 -1.40188e-14 1.16823e-15)
(-2.33646e-15 -2.33646e-15 0)
(0 1.16823e-15 0)
(-0.0699083 0.0760712 2.48e-07)
(-0.022357 0.035055 2.46458e-07)
(-0.00857632 0.0166392 1.92662e-07)
(-0.0037109 0.00793532 1.29535e-07)
(-0.00170114 0.00374768 7.93162e-08)
(-0.000793039 0.00173883 4.54733e-08)
(-0.000367753 0.000789228 2.47329e-08)
(-0.000167774 0.000349667 1.28526e-08)
(-7.48964e-05 0.000151075 6.40746e-09)
(-3.26342e-05 6.36338e-05 3.07324e-09)
(-1.38646e-05 2.61332e-05 1.42131e-09)
(-5.74189e-06 1.04679e-05 6.34915e-10)
(-2.31843e-06 4.09174e-06 2.74422e-10)
(-9.13082e-07 1.56167e-06 1.14907e-10)
(-3.5095e-07 5.82336e-07 4.6682e-11)
(-1.31728e-07 2.12299e-07 1.84178e-11)
(-4.83165e-08 7.57174e-08 7.06605e-12)
(-1.73301e-08 2.64364e-08 2.63553e-12)
(-6.08261e-09 9.04168e-09 9.5795e-13)
(-2.09054e-09 3.03117e-09 3.38787e-13)
(-7.0403e-10 9.96674e-10 1.17407e-13)
(-2.32471e-10 3.21613e-10 3.97199e-14)
(-7.53148e-11 1.01904e-10 1.22664e-14)
(-2.39523e-11 3.17198e-11 4.67293e-15)
(-7.48019e-12 9.70684e-12 1.75235e-15)
(-2.29558e-12 2.91941e-12 0)
(-6.90425e-13 8.64492e-13 -2.33646e-15)
(-2.09114e-13 2.54675e-13 -5.84116e-16)
(-6.07481e-14 7.12622e-14 1.75235e-15)
(-1.86917e-14 1.98599e-14 1.16823e-15)
(-5.84116e-15 2.33646e-15 5.84116e-16)
(1.16823e-15 0 5.84116e-16)
(-0.0716968 0.0314179 9.1262e-07)
(-0.0370749 0.0206684 7.88345e-07)
(-0.0185433 0.0115321 5.73432e-07)
(-0.00918064 0.00597402 3.73606e-07)
(-0.00449535 0.00295257 2.25406e-07)
(-0.00216541 0.00140649 1.28071e-07)
(-0.00102141 0.000648651 6.91741e-08)
(-0.000470379 0.000290279 3.57096e-08)
(-0.000211137 0.000126234 1.76865e-08)
(-9.23074e-05 5.34011e-05 8.42676e-09)
(-3.93013e-05 2.19958e-05 3.87128e-09)
(-1.62996e-05 8.82884e-06 1.71788e-09)
(-6.58782e-06 3.45614e-06 7.37624e-10)
(-2.59632e-06 1.32049e-06 3.06878e-10)
(-9.98418e-07 4.92795e-07 1.23881e-10)
(-3.74891e-07 1.79763e-07 4.85751e-11)
(-1.37546e-07 6.41428e-08 1.85241e-11)
(-4.93456e-08 2.24032e-08 6.87388e-12)
(-1.73226e-08 7.66447e-09 2.48658e-12)
(-5.95447e-09 2.57006e-09 8.74422e-13)
(-2.00553e-09 8.45217e-10 3.0082e-13)
(-6.62299e-10 2.72782e-10 1.00468e-13)
(-2.14579e-10 8.64445e-11 3.15423e-14)
(-6.82446e-11 2.69149e-11 9.34586e-15)
(-2.13202e-11 8.23721e-12 4.67293e-15)
(-6.54677e-12 2.47899e-12 0)
(-1.97314e-12 7.31313e-13 -1.16823e-15)
(-5.85284e-13 2.14955e-13 5.84116e-16)
(-1.74067e-13 6.30845e-14 0)
(-5.25704e-14 1.63553e-14 0)
(-1.28506e-14 3.5047e-15 0)
(-2.33646e-15 0 0)
(-0.0723202 0.0131168 1.15452e-06)
(-0.0422428 0.0100282 9.94706e-07)
(-0.0232707 0.00625029 7.42037e-07)
(-0.0122905 0.00348063 4.98143e-07)
(-0.00626867 0.00180195 3.08335e-07)
(-0.00309696 0.000884409 1.78747e-07)
(-0.00148397 0.000415877 9.79818e-08)
(-0.000690191 0.000188512 5.1147e-08)
(-0.000311775 8.26862e-05 2.55384e-08)
(-0.000136872 3.51849e-05 1.22461e-08)
(-5.84369e-05 1.45518e-05 5.65334e-09)
(-2.42815e-05 5.85776e-06 2.51936e-09)
(-9.82678e-06 2.29785e-06 1.08551e-09)
(-3.87642e-06 8.79283e-07 4.53137e-10)
(-1.49168e-06 3.28514e-07 1.83463e-10)
(-5.60379e-07 1.19941e-07 7.2164e-11)
(-2.05676e-07 4.28261e-08 2.75983e-11)
(-7.38084e-08 1.4966e-08 1.02787e-11)
(-2.59158e-08 5.12231e-09 3.72783e-12)
(-8.90979e-09 1.71824e-09 1.31952e-12)
(-3.00131e-09 5.65248e-10 4.55026e-13)
(-9.91244e-10 1.82474e-10 1.52454e-13)
(-3.21182e-10 5.78427e-11 5.14022e-14)
(-1.0216e-10 1.8013e-11 1.57711e-14)
(-3.19184e-11 5.51406e-12 4.08881e-15)
(-9.8003e-12 1.66123e-12 -5.84116e-16)
(-2.95563e-12 4.9533e-13 1.16823e-15)
(-8.76174e-13 1.44861e-13 1.75235e-15)
(-2.58179e-13 4.43928e-14 2.92058e-15)
(-7.82716e-14 1.16823e-14 3.5047e-15)
(-2.10282e-14 3.5047e-15 1.16823e-15)
(-4.67293e-15 0 0)
(-0.0725268 0.00363482 1.21622e-06)
(-0.0439414 0.00294237 1.06514e-06)
(-0.0250909 0.00193591 8.10965e-07)
(-0.013629 0.00112181 5.53843e-07)
(-0.00709157 0.000596979 3.47397e-07)
(-0.00355148 0.000298536 2.03324e-07)
(-0.00171731 0.000142177 1.12261e-07)
(-0.000803571 6.50102e-05 5.89069e-08)
(-0.000364464 2.86875e-05 2.95385e-08)
(-0.000160442 1.22592e-05 1.42106e-08)
(-6.86284e-05 5.0857e-06 6.58001e-09)
(-2.85535e-05 2.05186e-06 2.93968e-09)
(-1.15663e-05 8.0627e-07 1.26987e-09)
(-4.56565e-06 3.08935e-07 5.3132e-10)
(-1.75776e-06 1.15546e-07 2.15662e-10)
(-6.6058e-07 4.22233e-08 8.50309e-11)
(-2.42521e-07 1.50876e-08 3.26065e-11)
(-8.70494e-08 5.27593e-09 1.21741e-11)
(-3.05704e-08 1.8068e-09 4.42935e-12)
(-1.05115e-08 6.06393e-10 1.57244e-12)
(-3.54129e-09 1.9958e-10 5.44396e-13)
(-1.16971e-09 6.44619e-11 1.82828e-13)
(-3.7904e-10 2.04417e-11 6.13322e-14)
(-1.20572e-10 6.37154e-12 1.81076e-14)
(-3.7672e-11 1.95095e-12 4.67293e-15)
(-1.15667e-11 5.88789e-13 0)
(-3.48951e-12 1.77571e-13 5.84116e-16)
(-1.03739e-12 5.37387e-14 1.16823e-15)
(-3.06077e-13 1.63553e-14 -5.84116e-16)
(-9.22903e-14 5.84116e-15 -1.16823e-15)
(-2.45329e-14 5.84116e-15 -5.84116e-16)
(-5.84116e-15 2.33646e-15 -1.16823e-15)
(-0.0725267 -0.00362899 1.24965e-06)
(-0.0439417 -0.00293725 1.08048e-06)
(-0.0250912 -0.00193187 8.02522e-07)
(-0.0136294 -0.00111894 5.36582e-07)
(-0.00709194 -0.000595125 3.31322e-07)
(-0.00355176 -0.000297428 1.91788e-07)
(-0.00171749 -0.000141556 1.05076e-07)
(-0.000803681 -6.46812e-05 5.48389e-08)
(-0.000364526 -2.85214e-05 2.73909e-08)
(-0.000160474 -1.2179e-05 1.31398e-08)
(-6.86443e-05 -5.04844e-06 6.07078e-09)
(-2.8561e-05 -2.03517e-06 2.70758e-09)
(-1.15697e-05 -7.99047e-07 1.16797e-09)
(-4.56715e-06 -3.05907e-07 4.88131e-10)
(-1.75839e-06 -1.14315e-07 1.97934e-10)
(-6.60838e-07 -4.17366e-08 7.79789e-11)
(-2.42623e-07 -1.49004e-08 2.98816e-11)
(-8.70892e-08 -5.20582e-09 1.11514e-11)
(-3.05853e-08 -1.78119e-09 4.05493e-12)
(-1.0517e-08 -5.97261e-10 1.43926e-12)
(-3.54324e-09 -1.96399e-10 4.98835e-13)
(-1.17039e-09 -6.33708e-11 1.66473e-13)
(-3.7927e-10 -2.00749e-11 5.43228e-14)
(-1.20654e-10 -6.24771e-12 1.63553e-14)
(-3.76989e-11 -1.91006e-12 5.84116e-15)
(-1.15713e-11 -5.73602e-13 1.16823e-15)
(-3.49185e-12 -1.68225e-13 -1.75235e-15)
(-1.03856e-12 -5.0234e-14 2.33646e-15)
(-3.07245e-13 -1.28506e-14 5.84116e-16)
(-8.76174e-14 -2.33646e-15 5.84116e-16)
(-2.68693e-14 0 0)
(-1.16823e-14 0 -1.75235e-15)
(-0.072321 -0.0131093 1.10269e-06)
(-0.0422443 -0.0100222 9.5954e-07)
(-0.0232726 -0.00624622 7.08247e-07)
(-0.0122922 -0.0034781 4.66877e-07)
(-0.00627006 -0.00180047 2.84335e-07)
(-0.00309792 -0.000883586 1.62893e-07)
(-0.00148456 -0.000415441 8.86402e-08)
(-0.000690536 -0.000188289 4.60861e-08)
(-0.000311962 -8.25767e-05 2.29832e-08)
(-0.000136969 -3.5133e-05 1.10263e-08)
(-5.84846e-05 -1.4528e-05 5.10079e-09)
(-2.43041e-05 -5.8472e-06 2.27981e-09)
(-9.83704e-06 -2.2933e-06 9.86172e-10)
(-3.88092e-06 -8.77387e-07 4.13494e-10)
(-1.49359e-06 -3.27745e-07 1.6828e-10)
(-5.61165e-07 -1.19637e-07 6.65577e-11)
(-2.0599e-07 -4.27095e-08 2.56158e-11)
(-7.39302e-08 -1.49223e-08 9.60053e-12)
(-2.59618e-08 -5.10633e-09 3.50703e-12)
(-8.92675e-09 -1.71253e-09 1.25234e-12)
(-3.0074e-09 -5.63257e-10 4.34582e-13)
(-9.93381e-10 -1.81799e-10 1.49534e-13)
(-3.21916e-10 -5.76114e-11 4.96499e-14)
(-1.02406e-10 -1.79359e-11 1.69394e-14)
(-3.1999e-11 -5.48719e-12 5.84116e-15)
(-9.826e-12 -1.65422e-12 1.75235e-15)
(-2.96381e-12 -4.92994e-13 -5.84116e-16)
(-8.79679e-13 -1.42524e-13 1.75235e-15)
(-2.60516e-13 -4.43928e-14 5.84116e-16)
(-7.71033e-14 -1.28506e-14 1.75235e-15)
(-2.21964e-14 -5.84116e-15 1.16823e-15)
(-8.17763e-15 0 1.16823e-15)
(-0.0716994 -0.0314174 4.87222e-07)
(-0.0370787 -0.0206686 3.97436e-07)
(-0.0185471 -0.0115327 2.89211e-07)
(-0.00918364 -0.00597459 1.92698e-07)
(-0.00449743 -0.00295302 1.19254e-07)
(-0.00216673 -0.00140679 6.93134e-08)
(-0.0010222 -0.000648831 3.81568e-08)
(-0.000470817 -0.00029038 2.00135e-08)
(-0.000211369 -0.000126286 1.00469e-08)
(-9.2425e-05 -5.3427e-05 4.84336e-09)
(-3.93584e-05 -2.2008e-05 2.2484e-09)
(-1.63263e-05 -8.8344e-06 1.0073e-09)
(-6.59989e-06 -3.45857e-06 4.36368e-10)
(-2.60159e-06 -1.32152e-06 1.83086e-10)
(-1.00064e-06 -4.93216e-07 7.45104e-11)
(-3.75802e-07 -1.79931e-07 2.94505e-11)
(-1.37908e-07 -6.42077e-08 1.1319e-11)
(-4.9486e-08 -2.24277e-08 4.23484e-12)
(-1.73756e-08 -7.67346e-09 1.54557e-12)
(-5.97393e-09 -2.57328e-09 5.49069e-13)
(-2.01251e-09 -8.46347e-10 1.90422e-13)
(-6.64736e-10 -2.73169e-10 6.48369e-14)
(-2.15413e-10 -8.65765e-11 2.21964e-14)
(-6.85262e-11 -2.6957e-11 7.59351e-15)
(-2.14172e-11 -8.25239e-12 2.92058e-15)
(-6.57948e-12 -2.48366e-12 5.84116e-16)
(-1.98015e-12 -7.37155e-13 -2.33646e-15)
(-5.92294e-13 -2.18459e-13 0)
(-1.74067e-13 -6.42528e-14 1.16823e-15)
(-4.90658e-14 -1.75235e-14 2.92058e-15)
(-1.5187e-14 -4.67293e-15 1.16823e-15)
(-4.67293e-15 -2.33646e-15 5.84116e-16)
(-0.0699119 -0.0760851 -5.10016e-08)
(-0.0223596 -0.0350658 -1.08296e-08)
(-0.00857856 -0.0166468 5.76693e-09)
(-0.00371259 -0.00794016 1.07317e-08)
(-0.00170226 -0.00375056 9.87974e-09)
(-0.000793726 -0.00174047 7.16487e-09)
(-0.000368149 -0.000790105 4.5406e-09)
(-0.00016799 -0.000350119 2.62337e-09)
(-7.50097e-05 -0.000151298 1.41236e-09)
(-3.2691e-05 -6.37401e-05 7.17587e-10)
(-1.3892e-05 -2.6182e-05 3.46905e-10)
(-5.75464e-06 -1.04896e-05 1.60448e-10)
(-2.32416e-06 -4.10108e-06 7.12937e-11)
(-9.15573e-07 -1.56556e-06 3.05259e-11)
(-3.51999e-07 -5.83915e-07 1.26251e-11)
(-1.32156e-07 -2.12921e-07 5.05319e-12)
(-4.84868e-08 -7.59562e-08 1.96029e-12)
(-1.73959e-08 -2.65257e-08 7.38323e-13)
(-6.10739e-09 -9.07428e-09 2.70446e-13)
(-2.09963e-09 -3.04278e-09 9.69633e-14)
(-7.07286e-10 -1.00072e-09 3.32946e-14)
(-2.3361e-10 -3.22993e-10 1.22664e-14)
(-7.57014e-11 -1.0237e-10 4.67293e-15)
(-2.40819e-11 -3.18787e-11 2.92058e-15)
(-7.52692e-12 -9.75941e-12 2.92058e-15)
(-2.31193e-12 -2.93694e-12 5.84116e-16)
(-6.96266e-13 -8.71501e-13 0)
(-2.09114e-13 -2.57011e-13 5.84116e-16)
(-5.72434e-14 -7.35986e-14 1.16823e-15)
(-1.86917e-14 -2.10282e-14 2.92058e-15)
(-9.34586e-15 -4.67293e-15 0)
(1.16823e-15 0 0)
(-0.0699084 0.0760731 2.00445e-07)
(-0.0223571 0.0350566 2.0085e-07)
(-0.00857652 0.0166404 1.56169e-07)
(-0.00371109 0.0079361 1.0361e-07)
(-0.00170128 0.00374814 6.25167e-08)
(-0.000793126 0.00173909 3.5393e-08)
(-0.000367804 0.000789368 1.9048e-08)
(-0.000167802 0.000349739 9.82039e-09)
(-7.49114e-05 0.00015111 4.86506e-09)
(-3.26417e-05 6.36504e-05 2.32344e-09)
(-1.38683e-05 2.61408e-05 1.07099e-09)
(-5.74362e-06 1.04713e-05 4.77562e-10)
(-2.31921e-06 4.09319e-06 2.06162e-10)
(-9.13424e-07 1.56227e-06 8.63253e-11)
(-3.51095e-07 5.82579e-07 3.50838e-11)
(-1.31787e-07 2.12394e-07 1.38622e-11)
(-4.83403e-08 7.57536e-08 5.32772e-12)
(-1.73393e-08 2.64499e-08 1.99359e-12)
(-6.08608e-09 9.04656e-09 7.27809e-13)
(-2.09181e-09 3.03289e-09 2.59348e-13)
(-7.04488e-10 9.97266e-10 8.99539e-14)
(-2.32634e-10 3.21811e-10 3.09582e-14)
(-7.53662e-11 1.01968e-10 9.92997e-15)
(-2.39675e-11 3.1742e-11 4.67293e-15)
(-7.48954e-12 9.71151e-12 2.33646e-15)
(-2.30142e-12 2.91708e-12 0)
(-6.92762e-13 8.63324e-13 -5.84116e-16)
(-2.03272e-13 2.5117e-13 0)
(-5.84116e-14 7.47669e-14 5.84116e-16)
(-2.10282e-14 1.98599e-14 0)
(-4.67293e-15 2.33646e-15 1.16823e-15)
(-1.16823e-15 -1.16823e-15 0)
(-0.0716969 0.0314193 7.31378e-07)
(-0.0370755 0.0206695 6.23372e-07)
(-0.018544 0.011533 4.45758e-07)
(-0.00918119 0.00597457 2.85494e-07)
(-0.00449573 0.00295291 1.6959e-07)
(-0.00216565 0.00140669 9.50204e-08)
(-0.00102155 0.000648756 5.07089e-08)
(-0.000470455 0.000290334 2.59014e-08)
(-0.000211177 0.000126261 1.27132e-08)
(-9.23273e-05 5.3414e-05 6.00903e-09)
(-3.93109e-05 2.20017e-05 2.74186e-09)
(-1.6304e-05 8.83145e-06 1.20938e-09)
(-6.58981e-06 3.45725e-06 5.1664e-10)
(-2.59718e-06 1.32096e-06 2.13973e-10)
(-9.98778e-07 4.92981e-07 8.60537e-11)
(-3.75038e-07 1.79836e-07 3.36334e-11)
(-1.37604e-07 6.41705e-08 1.27921e-11)
(-4.93678e-08 2.24136e-08 4.73952e-12)
(-1.73309e-08 7.6682e-09 1.70971e-12)
(-5.95748e-09 2.57138e-09 6.02224e-13)
(-2.00659e-09 8.4567e-10 2.06777e-13)
(-6.62662e-10 2.72935e-10 6.89257e-14)
(-2.14701e-10 8.64971e-11 2.39488e-14)
(-6.8289e-11 2.69313e-11 7.59351e-15)
(-2.13354e-11 8.23837e-12 1.75235e-15)
(-6.54911e-12 2.47899e-12 0)
(-1.97431e-12 7.34818e-13 1.16823e-15)
(-5.85284e-13 2.13786e-13 -5.84116e-16)
(-1.68225e-13 6.30845e-14 1.75235e-15)
(-5.37387e-14 2.10282e-14 1.75235e-15)
(-1.75235e-14 1.16823e-15 0)
(-1.16823e-15 0 0)
(-0.0723205 0.0131172 9.14037e-07)
(-0.0422435 0.0100285 7.75666e-07)
(-0.0232715 0.00625062 5.70196e-07)
(-0.0122911 0.00348089 3.77579e-07)
(-0.00626916 0.00180213 2.30742e-07)
(-0.00309728 0.000884515 1.32249e-07)
(-0.00148416 0.000415938 7.17477e-08)
(-0.000690298 0.000188545 3.71186e-08)
(-0.000311831 8.27026e-05 1.83855e-08)
(-0.000136901 3.51929e-05 8.75625e-09)
(-5.84508e-05 1.45555e-05 4.01774e-09)
(-2.4288e-05 5.85944e-06 1.78147e-09)
(-9.82971e-06 2.29858e-06 7.64139e-10)
(-3.87769e-06 8.7959e-07 3.17852e-10)
(-1.49221e-06 3.2864e-07 1.28288e-10)
(-5.60598e-07 1.1999e-07 5.03467e-11)
(-2.05762e-07 4.28454e-08 1.92192e-11)
(-7.38416e-08 1.49732e-08 7.14841e-12)
(-2.59283e-08 5.12496e-09 2.59114e-12)
(-8.91434e-09 1.71919e-09 9.17062e-13)
(-3.00293e-09 5.65581e-10 3.17175e-13)
(-9.91807e-10 1.8259e-10 1.08061e-13)
(-3.21371e-10 5.78824e-11 3.56311e-14)
(-1.02228e-10 1.80258e-11 1.28506e-14)
(-3.19441e-11 5.51873e-12 1.75235e-15)
(-9.8038e-12 1.66123e-12 0)
(-2.95329e-12 4.94162e-13 0)
(-8.73838e-13 1.46029e-13 1.16823e-15)
(-2.54675e-13 3.85517e-14 1.16823e-15)
(-8.29445e-14 7.00939e-15 2.33646e-15)
(-2.45329e-14 2.33646e-15 0)
(-3.5047e-15 1.16823e-15 0)
(-0.072527 0.00363498 9.42289e-07)
(-0.0439421 0.00294251 8.14669e-07)
(-0.0250917 0.001936 6.12114e-07)
(-0.0136297 0.00112186 4.12631e-07)
(-0.0070921 0.000597007 2.55719e-07)
(-0.00355183 0.000298551 1.48015e-07)
(-0.00171752 0.000142185 8.09254e-08)
(-0.000803691 6.50137e-05 4.20929e-08)
(-0.000364529 2.86892e-05 2.09477e-08)
(-0.000160474 1.226e-05 1.00103e-08)
(-6.86444e-05 5.08606e-06 4.60886e-09)
(-2.85609e-05 2.05202e-06 2.04884e-09)
(-1.15697e-05 8.06336e-07 8.81414e-10)
(-4.56712e-06 3.08962e-07 3.67487e-10)
(-1.75838e-06 1.15558e-07 1.48746e-10)
(-6.60832e-07 4.22276e-08 5.85138e-11)
(-2.42621e-07 1.50893e-08 2.2402e-11)
(-8.70882e-08 5.27657e-09 8.3552e-12)
(-3.0585e-08 1.80704e-09 3.0374e-12)
(-1.05169e-08 6.06482e-10 1.07769e-12)
(-3.54319e-09 1.99612e-10 3.7325e-13)
(-1.17037e-09 6.44689e-11 1.26169e-13)
(-3.79263e-10 2.04441e-11 4.38087e-14)
(-1.20653e-10 6.36803e-12 1.46029e-14)
(-3.76989e-11 1.95212e-12 3.5047e-15)
(-1.15725e-11 5.91125e-13 1.16823e-15)
(-3.49301e-12 1.7173e-13 0)
(-1.03973e-12 4.90658e-14 -1.75235e-15)
(-3.06077e-13 1.28506e-14 -1.16823e-15)
(-9.11221e-14 0 -1.16823e-15)
(-2.10282e-14 2.33646e-15 -1.16823e-15)
(-5.84116e-15 2.33646e-15 1.16823e-15)
(-0.0725268 -0.00362918 9.91726e-07)
(-0.0439425 -0.00293741 8.44718e-07)
(-0.0250921 -0.00193203 6.15004e-07)
(-0.0136301 -0.00111908 4.03243e-07)
(-0.00709247 -0.000595222 2.44662e-07)
(-0.0035521 -0.000297489 1.39461e-07)
(-0.00171769 -0.000141592 7.53993e-08)
(-0.000803793 -6.47005e-05 3.88985e-08)
(-0.000364585 -2.85313e-05 1.92365e-08)
(-0.000160504 -1.21837e-05 9.14782e-09)
(-6.86588e-05 -5.05063e-06 4.19471e-09)
(-2.85678e-05 -2.03615e-06 1.85847e-09)
(-1.15728e-05 -7.99463e-07 7.97119e-10)
(-4.56847e-06 -3.06079e-07 3.31474e-10)
(-1.75895e-06 -1.14384e-07 1.33839e-10)
(-6.61066e-07 -4.17634e-08 5.25331e-11)
(-2.42714e-07 -1.49106e-08 2.00696e-11)
(-8.71239e-08 -5.20954e-09 7.46968e-12)
(-3.05984e-08 -1.78251e-09 2.71088e-12)
(-1.05218e-08 -5.97721e-10 9.60871e-13)
(-3.54494e-09 -1.96552e-10 3.31778e-13)
(-1.17097e-09 -6.3421e-11 1.10982e-13)
(-3.79475e-10 -2.00959e-11 3.67993e-14)
(-1.20718e-10 -6.25355e-12 1.10982e-14)
(-3.77199e-11 -1.9124e-12 4.08881e-15)
(-1.1583e-11 -5.73602e-13 5.84116e-16)
(-3.49535e-12 -1.70562e-13 -2.92058e-15)
(-1.03505e-12 -4.90658e-14 -1.16823e-15)
(-3.07245e-13 -1.28506e-14 -5.84116e-16)
(-9.11221e-14 0 -5.84116e-16)
(-2.33646e-14 1.16823e-15 -2.33646e-15)
(-7.00939e-15 -2.33646e-15 1.16823e-15)
(-0.0723213 -0.0131106 8.48659e-07)
(-0.0422449 -0.0100234 7.31364e-07)
(-0.0232733 -0.00624708 5.32731e-07)
(-0.0122929 -0.00347866 3.45732e-07)
(-0.00627051 -0.00180082 2.07329e-07)
(-0.0030982 -0.000883782 1.17151e-07)
(-0.00148473 -0.000415546 6.29899e-08)
(-0.00069063 -0.000188344 3.24222e-08)
(-0.000312012 -8.26035e-05 1.60319e-08)
(-0.000136994 -3.51458e-05 7.63755e-09)
(-5.84968e-05 -1.45338e-05 3.5124e-09)
(-2.43098e-05 -5.84979e-06 1.5624e-09)
(-9.8396e-06 -2.29441e-06 6.73191e-10)
(-3.88204e-06 -8.77848e-07 2.81399e-10)
(-1.49406e-06 -3.27931e-07 1.14247e-10)
(-5.61359e-07 -1.1971e-07 4.51095e-11)
(-2.06067e-07 -4.27374e-08 1.73401e-11)
(-7.39601e-08 -1.49327e-08 6.49479e-12)
(-2.59731e-08 -5.11009e-09 2.37385e-12)
(-8.9309e-09 -1.71386e-09 8.48137e-13)
(-3.00889e-09 -5.63716e-10 2.96731e-13)
(-9.93905e-10 -1.81949e-10 1.01052e-13)
(-3.22097e-10 -5.76604e-11 3.38787e-14)
(-1.0247e-10 -1.79511e-11 1.05141e-14)
(-3.20189e-11 -5.49536e-12 1.75235e-15)
(-9.83067e-12 -1.65188e-12 5.84116e-16)
(-2.96848e-12 -4.88321e-13 0)
(-8.83184e-13 -1.43693e-13 -1.75235e-15)
(-2.54675e-13 -4.43928e-14 -5.84116e-16)
(-7.35986e-14 -7.00939e-15 1.16823e-15)
(-2.57011e-14 0 1.16823e-15)
(-7.00939e-15 -1.16823e-15 0)
(-0.0716995 -0.0314192 3.39985e-07)
(-0.037079 -0.0206701 2.62283e-07)
(-0.0185474 -0.0115337 1.83639e-07)
(-0.00918386 -0.00597528 1.19354e-07)
(-0.00449759 -0.00295343 7.25245e-08)
(-0.00216683 -0.00140702 4.14978e-08)
(-0.00102226 -0.000648954 2.25327e-08)
(-0.00047085 -0.000290443 1.16702e-08)
(-0.000211387 -0.000126317 5.79276e-09)
(-9.2434e-05 -5.34418e-05 2.76347e-09)
(-3.93628e-05 -2.20148e-05 1.27091e-09)
(-1.63284e-05 -8.8374e-06 5.64424e-10)
(-6.60082e-06 -3.45986e-06 2.42609e-10)
(-2.60199e-06 -1.32206e-06 1.01046e-10)
(-1.00081e-06 -4.93435e-07 4.08537e-11)
(-3.75872e-07 -1.80017e-07 1.60474e-11)
(-1.37936e-07 -6.4241e-08 6.13322e-12)
(-4.94966e-08 -2.24402e-08 2.28214e-12)
(-1.73795e-08 -7.67801e-09 8.30613e-13)
(-5.97539e-09 -2.57491e-09 2.95563e-13)
(-2.01303e-09 -8.46916e-10 1.0222e-13)
(-6.64919e-10 -2.73364e-10 3.56311e-14)
(-2.15476e-10 -8.66396e-11 1.10982e-14)
(-6.85507e-11 -2.6978e-11 2.92058e-15)
(-2.14219e-11 -8.25356e-12 0)
(-6.58065e-12 -2.48483e-12 1.16823e-15)
(-1.98483e-12 -7.38323e-13 -5.84116e-16)
(-5.89957e-13 -2.16123e-13 -5.84116e-16)
(-1.70562e-13 -6.07481e-14 -1.16823e-15)
(-5.14022e-14 -1.98599e-14 5.84116e-16)
(-1.5187e-14 -7.00939e-15 0)
(-3.5047e-15 0 0)
(-0.0699115 -0.0760856 -6.24823e-08)
(-0.0223595 -0.0350663 -2.45425e-08)
(-0.00857851 -0.0166471 -7.94953e-09)
(-0.00371257 -0.0079404 -6.38656e-10)
(-0.00170226 -0.00375071 1.71069e-09)
(-0.000793727 -0.00174055 1.89138e-09)
(-0.000368151 -0.000790153 1.40308e-09)
(-0.000167992 -0.000350144 8.77647e-10)
(-7.50109e-05 -0.000151311 4.9408e-10)
(-3.26917e-05 -6.37461e-05 2.58061e-10)
(-1.38924e-05 -2.61848e-05 1.269e-10)
(-5.75484e-06 -1.04909e-05 5.93561e-11)
(-2.32426e-06 -4.10161e-06 2.65516e-11)
(-9.15617e-07 -1.56579e-06 1.14154e-11)
(-3.52018e-07 -5.84006e-07 4.72842e-12)
(-1.32164e-07 -2.12957e-07 1.8937e-12)
(-4.84901e-08 -7.59699e-08 7.33066e-13)
(-1.73972e-08 -2.65309e-08 2.75119e-13)
(-6.10787e-09 -9.07614e-09 1.00468e-13)
(-2.09981e-09 -3.04345e-09 3.62152e-14)
(-7.07351e-10 -1.00095e-09 1.22664e-14)
(-2.33631e-10 -3.23072e-10 4.67293e-15)
(-7.57108e-11 -1.02397e-10 1.75235e-15)
(-2.40831e-11 -3.18857e-11 1.16823e-15)
(-7.52575e-12 -9.76058e-12 1.16823e-15)
(-2.31544e-12 -2.93927e-12 1.16823e-15)
(-7.00939e-13 -8.66828e-13 -1.75235e-15)
(-2.06777e-13 -2.52338e-13 -5.84116e-16)
(-5.72434e-14 -7.24304e-14 -1.16823e-15)
(-1.75235e-14 -2.21964e-14 -1.16823e-15)
(-5.84116e-15 -3.5047e-15 1.16823e-15)
(-1.16823e-15 0 1.16823e-15)
(-0.49538 -0.00010805 -1.77088e-09)
(-0.469595 -0.000384686 -1.40252e-09)
(-0.422572 -0.000876414 1.93407e-09)
(-0.362305 -0.00185279 9.02929e-09)
(-0.298549 -0.00383282 2.25493e-08)
(-0.241474 -0.00785367 4.69734e-08)
(-0.202335 -0.0161005 7.16169e-08)
(-0.201551 -0.0336482 3.21457e-08)
(-0.495617 -0.000101841 -5.9468e-10)
(-0.469953 -0.000346955 1.85779e-09)
(-0.423227 -0.000736945 7.80163e-09)
(-0.363553 -0.00143618 1.75242e-08)
(-0.300839 -0.00269759 3.10508e-08)
(-0.245168 -0.00480627 4.07949e-08)
(-0.205778 -0.00762161 3.07883e-08)
(-0.189625 -0.00836031 1.22551e-08)
(-0.495828 -0.000102709 -9.34624e-10)
(-0.47023 -0.000323754 8.16342e-10)
(-0.423661 -0.000603146 5.31009e-09)
(-0.364266 -0.00101063 1.22105e-08)
(-0.301919 -0.00163025 2.10975e-08)
(-0.246398 -0.00246542 2.78463e-08)
(-0.20589 -0.00314276 2.17814e-08)
(-0.185569 -0.00230559 7.4079e-09)
(-0.496044 -0.000133498 -1.02459e-09)
(-0.470453 -0.000384496 2.27834e-09)
(-0.423914 -0.000598193 8.65691e-09)
(-0.36458 -0.000776839 1.65101e-08)
(-0.302294 -0.000938684 2.40829e-08)
(-0.246681 -0.00107573 2.60078e-08)
(-0.205618 -0.00106526 1.77126e-08)
(-0.184177 -0.000586593 5.34086e-09)
(-0.496346 -0.000229863 7.02365e-11)
(-0.470694 -0.000627654 3.71793e-09)
(-0.424053 -0.000858561 9.89846e-09)
(-0.364606 -0.000862026 1.72824e-08)
(-0.302218 -0.000630434 2.5154e-08)
(-0.246524 -0.000221213 2.97723e-08)
(-0.2054 0.000193801 2.96475e-08)
(-0.183917 0.000267146 1.88179e-08)
(-0.496901 -0.000456001 -1.96625e-09)
(-0.471082 -0.00122608 4.50425e-09)
(-0.424148 -0.00161166 1.57129e-08)
(-0.364352 -0.00146153 2.92993e-08)
(-0.301653 -0.000724826 4.36995e-08)
(-0.245856 0.000510055 5.52255e-08)
(-0.20513 0.00179305 4.86636e-08)
(-0.184638 0.00176775 7.16983e-09)
(-0.498028 -0.000933214 2.42199e-09)
(-0.47185 -0.0025061 1.11268e-08)
(-0.424289 -0.00329676 2.22261e-08)
(-0.363719 -0.00301169 3.30611e-08)
(-0.300246 -0.00150124 4.1142e-08)
(-0.244006 0.00130603 3.99709e-08)
(-0.204143 0.00509438 2.54608e-08)
(-0.187478 0.00713765 3.09649e-08)
(-0.500341 -0.00188938 -3.70998e-09)
(-0.473445 -0.00507276 7.83494e-09)
(-0.424654 -0.00673006 2.5502e-08)
(-0.362557 -0.00639787 4.23099e-08)
(-0.297335 -0.00384413 5.59027e-08)
(-0.239261 0.00146793 6.98644e-08)
(-0.199298 0.011238 8.72641e-08)
(-0.19687 0.0301817 3.36204e-08)
(-0.49538 -0.000108048 7.64761e-09)
(-0.469595 -0.000384679 2.01339e-08)
(-0.422572 -0.000876401 2.44066e-08)
(-0.362305 -0.00185277 2.10927e-08)
(-0.298549 -0.0038328 1.65875e-08)
(-0.241474 -0.00785368 2.1876e-08)
(-0.202336 -0.0161006 3.36309e-08)
(-0.201551 -0.0336484 8.81997e-10)
(-0.495617 -0.000101839 8.76968e-09)
(-0.469953 -0.000346951 2.31749e-08)
(-0.423227 -0.000736938 2.73289e-08)
(-0.363553 -0.00143618 2.05589e-08)
(-0.300839 -0.0026976 7.15776e-09)
(-0.245168 -0.0048063 -1.02868e-08)
(-0.205778 -0.00762171 -2.81523e-08)
(-0.189625 -0.00836036 -1.44568e-08)
(-0.495828 -0.000102709 1.17157e-08)
(-0.47023 -0.000323753 3.04283e-08)
(-0.423661 -0.000603144 3.64143e-08)
(-0.364266 -0.00101063 2.81149e-08)
(-0.301919 -0.00163027 9.953e-09)
(-0.246398 -0.00246545 -1.06385e-08)
(-0.20589 -0.00314278 -2.68641e-08)
(-0.185569 -0.0023056 -1.71242e-08)
(-0.496044 -0.000133496 1.66636e-08)
(-0.470453 -0.00038449 4.6976e-08)
(-0.423914 -0.000598184 6.20928e-08)
(-0.36458 -0.000776829 5.83028e-08)
(-0.302294 -0.000938676 3.9017e-08)
(-0.246681 -0.00107573 1.14563e-08)
(-0.205618 -0.00106524 -1.06003e-08)
(-0.184177 -0.000586571 -9.74093e-09)
(-0.496346 -0.000229864 2.72532e-08)
(-0.470694 -0.000627649 7.38884e-08)
(-0.424053 -0.000858547 1.00628e-07)
(-0.364606 -0.000862 1.02694e-07)
(-0.302218 -0.000630394 8.40885e-08)
(-0.246524 -0.000221155 5.383e-08)
(-0.2054 0.000193863 2.92564e-08)
(-0.183917 0.00026715 1.47039e-08)
(-0.496901 -0.000455996 3.80245e-08)
(-0.471082 -0.00122606 1.13273e-07)
(-0.424148 -0.00161163 1.64854e-07)
(-0.364352 -0.0014615 1.83891e-07)
(-0.301653 -0.000724794 1.71431e-07)
(-0.245856 0.000510075 1.36402e-07)
(-0.20513 0.00179304 8.14507e-08)
(-0.184638 0.00176777 9.00035e-09)
(-0.498028 -0.000933217 6.18243e-08)
(-0.47185 -0.00250609 1.71171e-07)
(-0.424289 -0.00329674 2.46416e-07)
(-0.363719 -0.00301167 2.75919e-07)
(-0.300246 -0.00150122 2.59067e-07)
(-0.244006 0.00130606 2.02039e-07)
(-0.204143 0.00509445 1.22005e-07)
(-0.187478 0.00713771 6.99024e-08)
(-0.500341 -0.00188937 7.68446e-08)
(-0.473445 -0.00507273 2.34595e-07)
(-0.424654 -0.00673002 3.54065e-07)
(-0.362557 -0.00639782 4.14721e-07)
(-0.297335 -0.00384409 4.15212e-07)
(-0.239261 0.00146795 3.69784e-07)
(-0.199298 0.011238 2.93424e-07)
(-0.19687 0.0301815 1.12432e-07)
(-0.495379 -0.000108048 3.07591e-08)
(-0.469594 -0.000384683 6.43026e-08)
(-0.422572 -0.000876416 5.59197e-08)
(-0.362305 -0.00185281 2.4797e-09)
(-0.298549 -0.00383287 -9.39807e-08)
(-0.241474 -0.00785379 -2.28941e-07)
(-0.202336 -0.0161007 -3.53387e-07)
(-0.201551 -0.0336485 -1.65787e-07)
(-0.495617 -0.000101832 2.89828e-08)
(-0.469952 -0.000346935 5.63155e-08)
(-0.423227 -0.000736921 3.30374e-08)
(-0.363553 -0.00143617 -4.64882e-08)
(-0.300839 -0.00269761 -1.72028e-07)
(-0.245168 -0.00480633 -2.96049e-07)
(-0.205778 -0.00762173 -3.1424e-07)
(-0.189625 -0.00836034 -1.47892e-07)
(-0.495828 -0.000102693 3.83075e-08)
(-0.47023 -0.000323706 8.2389e-08)
(-0.423661 -0.000603076 7.03183e-08)
(-0.364266 -0.00101055 -3.52738e-09)
(-0.301919 -0.00163019 -1.24884e-07)
(-0.246398 -0.00246538 -2.46406e-07)
(-0.20589 -0.00314272 -2.65481e-07)
(-0.185569 -0.00230558 -1.12254e-07)
(-0.496044 -0.000133466 5.61344e-08)
(-0.470453 -0.000384409 1.2833e-07)
(-0.423914 -0.000598065 1.36476e-07)
(-0.36458 -0.00077669 7.51324e-08)
(-0.302294 -0.000938536 -3.67203e-08)
(-0.246681 -0.0010756 -1.45e-07)
(-0.205618 -0.00106515 -1.71534e-07)
(-0.184177 -0.00058653 -7.50297e-08)
(-0.496346 -0.00022982 8.2917e-08)
(-0.470694 -0.000627521 2.08244e-07)
(-0.424053 -0.000858356 2.56213e-07)
(-0.364606 -0.000861775 2.1673e-07)
(-0.302218 -0.000630169 1.05515e-07)
(-0.246524 -0.000220963 -2.56217e-08)
(-0.2054 0.000193985 -1.07228e-07)
(-0.183917 0.000267183 -7.62625e-08)
(-0.496901 -0.000455931 1.31148e-07)
(-0.471081 -0.00122588 3.3008e-07)
(-0.424148 -0.00161137 4.30281e-07)
(-0.364352 -0.00146119 4.12169e-07)
(-0.301653 -0.000724476 2.86245e-07)
(-0.245856 0.000510351 9.95973e-08)
(-0.20513 0.00179323 -4.34491e-08)
(-0.184638 0.00176786 -1.9746e-08)
(-0.498028 -0.000933136 1.82084e-07)
(-0.47185 -0.00250586 4.87593e-07)
(-0.424289 -0.00329638 6.70057e-07)
(-0.363719 -0.00301123 7.03361e-07)
(-0.300247 -0.00150075 5.96607e-07)
(-0.244007 0.0013065 4.03854e-07)
(-0.204143 0.0050948 2.15361e-07)
(-0.187478 0.00713786 1.58011e-08)
(-0.50034 -0.00188927 2.70521e-07)
(-0.473445 -0.00507246 7.0863e-07)
(-0.424653 -0.0067296 9.95781e-07)
(-0.362556 -0.00639731 1.09963e-06)
(-0.297335 -0.00384354 1.02168e-06)
(-0.239261 0.0014685 7.84522e-07)
(-0.199299 0.0112385 4.24389e-07)
(-0.196871 0.0301819 1.68869e-07)
(-0.495379 -0.000108055 2.13406e-08)
(-0.469594 -0.000384713 4.27662e-08)
(-0.422572 -0.000876497 3.34472e-08)
(-0.362305 -0.00185298 -9.58369e-09)
(-0.298549 -0.00383316 -8.8019e-08)
(-0.241474 -0.00785414 -2.03844e-07)
(-0.202335 -0.016101 -3.15401e-07)
(-0.20155 -0.0336483 -1.34523e-07)
(-0.495617 -0.000101824 1.96184e-08)
(-0.469952 -0.000346915 3.49983e-08)
(-0.423227 -0.000736909 1.35101e-08)
(-0.363553 -0.00143619 -4.95228e-08)
(-0.300839 -0.00269766 -1.48135e-07)
(-0.245168 -0.00480634 -2.44968e-07)
(-0.205778 -0.00762153 -2.55299e-07)
(-0.189624 -0.00836025 -1.2118e-07)
(-0.495828 -0.000102655 2.56572e-08)
(-0.47023 -0.000323609 5.2777e-08)
(-0.423661 -0.000602937 3.9214e-08)
(-0.364266 -0.00101039 -1.94318e-08)
(-0.30192 -0.00163 -1.13739e-07)
(-0.246398 -0.00246515 -2.07922e-07)
(-0.205889 -0.0031425 -2.16836e-07)
(-0.185568 -0.00230546 -8.77217e-08)
(-0.496043 -0.000133406 3.84462e-08)
(-0.470453 -0.000384238 8.36328e-08)
(-0.423914 -0.000597812 8.30397e-08)
(-0.364581 -0.000776389 3.33398e-08)
(-0.302294 -0.000938215 -5.16543e-08)
(-0.246681 -0.00107529 -1.30449e-07)
(-0.205618 -0.00106493 -1.43221e-07)
(-0.184176 -0.000586499 -5.9948e-08)
(-0.496346 -0.000229714 5.5734e-08)
(-0.470694 -0.000627246 1.38073e-07)
(-0.424053 -0.00085796 1.65484e-07)
(-0.364607 -0.000861326 1.31319e-07)
(-0.302218 -0.000629749 4.65805e-08)
(-0.246525 -0.000220666 -4.96794e-08)
(-0.205401 0.000194119 -1.06837e-07)
(-0.183917 0.00026726 -7.21485e-08)
(-0.4969 -0.000455797 9.11574e-08)
(-0.471081 -0.00122551 2.21311e-07)
(-0.424148 -0.00161081 2.8114e-07)
(-0.364352 -0.00146053 2.57577e-07)
(-0.301653 -0.000723812 1.58513e-07)
(-0.245857 0.000510934 1.84211e-08)
(-0.20513 0.00179368 -7.62361e-08)
(-0.184638 0.00176796 -2.15765e-08)
(-0.498027 -0.000932939 1.22682e-07)
(-0.471849 -0.00250534 3.2755e-07)
(-0.424288 -0.00329561 4.45868e-07)
(-0.36372 -0.00301029 4.60503e-07)
(-0.300247 -0.00149975 3.78682e-07)
(-0.244007 0.00130743 2.41785e-07)
(-0.204143 0.00509539 1.18817e-07)
(-0.187478 0.00713808 -2.31364e-08)
(-0.500339 -0.00188907 1.89967e-07)
(-0.473444 -0.00507187 4.81871e-07)
(-0.424653 -0.00672871 6.67219e-07)
(-0.362556 -0.0063962 7.27223e-07)
(-0.297336 -0.00384229 6.62366e-07)
(-0.239262 0.0014698 4.84603e-07)
(-0.199299 0.0112397 2.18229e-07)
(-0.196871 0.0301833 9.00572e-08)
(-0.504991 -0.00375116 6.94606e-09)
(-0.476691 -0.010017 2.53664e-08)
(-0.425614 -0.0133142 4.42778e-08)
(-0.360833 -0.0131199 5.72894e-08)
(-0.292381 -0.00955255 5.99341e-08)
(-0.228924 -0.00236006 4.8998e-08)
(-0.175429 0.0104997 1.17672e-08)
(-0.127092 0.0359918 -6.76752e-08)
(-0.514109 -0.00734636 -4.41558e-09)
(-0.483008 -0.0193069 1.56112e-08)
(-0.427757 -0.0253214 4.18153e-08)
(-0.358795 -0.0252077 5.9576e-08)
(-0.286575 -0.020317 5.98737e-08)
(-0.219208 -0.0119574 3.85124e-08)
(-0.160946 -0.000583428 5.29863e-10)
(-0.111105 0.0135974 -1.54735e-08)
(-0.531644 -0.0144253 1.43116e-08)
(-0.494666 -0.0366438 4.82761e-08)
(-0.431515 -0.0464734 7.94639e-08)
(-0.355829 -0.0453725 9.81436e-08)
(-0.27913 -0.0373961 9.83705e-08)
(-0.209191 -0.0261841 7.94535e-08)
(-0.149874 -0.0140862 4.79146e-08)
(-0.101696 -0.00281177 2.19955e-08)
(-0.565178 -0.0292061 -9.28931e-10)
(-0.515056 -0.0693769 3.0585e-08)
(-0.436485 -0.0829412 6.92584e-08)
(-0.349718 -0.0773867 9.84403e-08)
(-0.267387 -0.0624125 1.09963e-07)
(-0.195898 -0.0449371 1.03405e-07)
(-0.137574 -0.028753 8.56394e-08)
(-0.0922034 -0.0156788 6.90334e-08)
(-0.630227 -0.0636605 2.27084e-08)
(-0.548401 -0.132756 7.26651e-08)
(-0.439524 -0.14447 1.15968e-07)
(-0.3353 -0.125693 1.43081e-07)
(-0.246681 -0.0967111 1.4976e-07)
(-0.175531 -0.0682227 1.38486e-07)
(-0.120616 -0.0446093 1.16104e-07)
(-0.0797151 -0.0269842 9.14711e-08)
(-0.761594 -0.158147 7.14954e-09)
(-0.595866 -0.25862 4.45774e-08)
(-0.429422 -0.244033 8.61429e-08)
(-0.301959 -0.19301 1.17325e-07)
(-0.209917 -0.139381 1.32062e-07)
(-0.143797 -0.0945584 1.30363e-07)
(-0.0963354 -0.0608368 1.16846e-07)
(-0.0626491 -0.037183 9.76585e-08)
(-1.04699 -0.470603 3.43239e-08)
(-0.634287 -0.505622 1.2217e-07)
(-0.373915 -0.38903 1.92804e-07)
(-0.230648 -0.273492 2.34028e-07)
(-0.148229 -0.183961 2.43519e-07)
(-0.0969874 -0.119536 2.26654e-07)
(-0.0632402 -0.0750509 1.9296e-07)
(-0.0404687 -0.0454306 1.52591e-07)
(-1.73782 -1.69166 5.71929e-08)
(-0.514293 -0.91105 1.09368e-07)
(-0.197292 -0.543078 1.35809e-07)
(-0.0968898 -0.339844 1.42996e-07)
(-0.0559614 -0.21554 1.34851e-07)
(-0.0348871 -0.135654 1.1646e-07)
(-0.02223 -0.0836652 9.33551e-08)
(-0.0140578 -0.0501833 7.01668e-08)
(-0.50499 -0.00375117 1.16394e-07)
(-0.476691 -0.010017 3.24647e-07)
(-0.425614 -0.0133142 4.78138e-07)
(-0.360833 -0.0131199 5.56142e-07)
(-0.292381 -0.00955255 5.55508e-07)
(-0.228924 -0.00236012 4.8699e-07)
(-0.175429 0.0104996 3.5601e-07)
(-0.127092 0.0359917 1.6781e-07)
(-0.514109 -0.00734635 1.24088e-07)
(-0.483008 -0.0193069 3.84256e-07)
(-0.427757 -0.0253213 5.88974e-07)
(-0.358795 -0.0252076 7.05213e-07)
(-0.286575 -0.020317 7.27384e-07)
(-0.219208 -0.0119574 6.69765e-07)
(-0.160946 -0.000583355 5.61205e-07)
(-0.111105 0.0135976 4.57117e-07)
(-0.531644 -0.0144253 1.69141e-07)
(-0.494666 -0.0366438 4.71151e-07)
(-0.431515 -0.0464734 6.99261e-07)
(-0.355829 -0.0453724 8.26823e-07)
(-0.27913 -0.037396 8.52534e-07)
(-0.209191 -0.0261839 7.96709e-07)
(-0.149874 -0.0140861 6.91793e-07)
(-0.101696 -0.0028116 5.75138e-07)
(-0.565178 -0.0292061 1.47262e-07)
(-0.515056 -0.0693769 4.6197e-07)
(-0.436485 -0.0829411 7.14239e-07)
(-0.349718 -0.0773866 8.65559e-07)
(-0.267387 -0.0624124 9.10895e-07)
(-0.195899 -0.044937 8.69701e-07)
(-0.137574 -0.0287529 7.74246e-07)
(-0.0922034 -0.0156786 6.56393e-07)
(-0.630227 -0.0636605 1.75792e-07)
(-0.548401 -0.132756 4.83341e-07)
(-0.439524 -0.14447 7.14756e-07)
(-0.3353 -0.125693 8.44905e-07)
(-0.246681 -0.096711 8.73787e-07)
(-0.175531 -0.0682227 8.22908e-07)
(-0.120616 -0.0446093 7.22405e-07)
(-0.0797152 -0.0269841 6.00751e-07)
(-0.761594 -0.158147 1.09567e-07)
(-0.595866 -0.25862 3.52885e-07)
(-0.429422 -0.244032 5.49834e-07)
(-0.301959 -0.19301 6.6878e-07)
(-0.209917 -0.13938 7.05431e-07)
(-0.143797 -0.0945582 6.73327e-07)
(-0.0963355 -0.0608367 5.96237e-07)
(-0.0626492 -0.0371829 4.96602e-07)
(-1.04699 -0.470603 1.16649e-07)
(-0.634286 -0.505621 3.29426e-07)
(-0.373914 -0.389029 4.87477e-07)
(-0.230648 -0.273492 5.73578e-07)
(-0.148229 -0.183961 5.88653e-07)
(-0.0969875 -0.119536 5.47923e-07)
(-0.0632404 -0.0750509 4.72431e-07)
(-0.0404688 -0.0454307 3.8251e-07)
(-1.73782 -1.69166 6.1386e-08)
(-0.514293 -0.911051 1.31193e-07)
(-0.197292 -0.543079 1.7105e-07)
(-0.0968898 -0.339845 1.85985e-07)
(-0.0559614 -0.21554 1.80481e-07)
(-0.0348871 -0.135654 1.60932e-07)
(-0.0222301 -0.0836658 1.34281e-07)
(-0.0140579 -0.0501837 1.06075e-07)
(-0.50499 -0.00375107 3.35129e-07)
(-0.47669 -0.0100167 9.20295e-07)
(-0.425613 -0.0133137 1.32465e-06)
(-0.360833 -0.0131193 1.51376e-06)
(-0.292381 -0.00955193 1.49921e-06)
(-0.228925 -0.00235946 1.32763e-06)
(-0.17543 0.0105003 1.07994e-06)
(-0.127093 0.0359925 8.79975e-07)
(-0.514108 -0.00734625 4.38235e-07)
(-0.483007 -0.0193066 1.16459e-06)
(-0.427756 -0.0253209 1.68882e-06)
(-0.358795 -0.0252071 1.97851e-06)
(-0.286575 -0.0203165 2.0597e-06)
(-0.219209 -0.0119568 2.0003e-06)
(-0.160947 -0.000582756 1.86538e-06)
(-0.111105 0.0135982 1.63213e-06)
(-0.531643 -0.0144252 4.67479e-07)
(-0.494665 -0.0366437 1.29235e-06)
(-0.431514 -0.0464732 1.88803e-06)
(-0.355829 -0.0453722 2.22313e-06)
(-0.27913 -0.0373958 2.32818e-06)
(-0.209191 -0.0261837 2.27738e-06)
(-0.149874 -0.0140858 2.1458e-06)
(-0.101696 -0.00281137 1.94278e-06)
(-0.565177 -0.0292061 5.11639e-07)
(-0.515055 -0.0693769 1.35722e-06)
(-0.436485 -0.0829411 1.97383e-06)
(-0.349717 -0.0773866 2.32199e-06)
(-0.267387 -0.0624124 2.42609e-06)
(-0.195899 -0.0449371 2.35209e-06)
(-0.137574 -0.028753 2.16776e-06)
(-0.0922039 -0.0156787 1.90272e-06)
(-0.630226 -0.0636606 4.41115e-07)
(-0.5484 -0.132756 1.21565e-06)
(-0.439524 -0.14447 1.76576e-06)
(-0.3353 -0.125693 2.066e-06)
(-0.246681 -0.0967115 2.14098e-06)
(-0.175531 -0.0682231 2.04852e-06)
(-0.120616 -0.0446097 1.85184e-06)
(-0.0797156 -0.0269845 1.58999e-06)
(-0.761593 -0.158147 3.58586e-07)
(-0.595865 -0.25862 9.35804e-07)
(-0.429421 -0.244033 1.35059e-06)
(-0.301958 -0.193011 1.57451e-06)
(-0.209917 -0.139381 1.62255e-06)
(-0.143797 -0.094559 1.53864e-06)
(-0.0963358 -0.0608373 1.37129e-06)
(-0.0626495 -0.0371834 1.15812e-06)
(-1.04699 -0.470603 1.59669e-07)
(-0.634286 -0.505622 3.84349e-07)
(-0.373914 -0.38903 5.16182e-07)
(-0.230648 -0.273493 5.73012e-07)
(-0.148229 -0.183962 5.73612e-07)
(-0.0969877 -0.119537 5.3793e-07)
(-0.0632406 -0.0750518 4.82323e-07)
(-0.040469 -0.0454314 4.15046e-07)
(-1.73782 -1.69166 -8.73858e-08)
(-0.514292 -0.911051 -1.36508e-07)
(-0.197292 -0.543079 -1.52882e-07)
(-0.0968898 -0.339845 -1.50203e-07)
(-0.0559614 -0.215541 -1.3181e-07)
(-0.0348872 -0.135655 -1.02217e-07)
(-0.0222301 -0.0836664 -6.79226e-08)
(-0.0140579 -0.0501843 -3.6077e-08)
(-0.504988 -0.00375083 2.25681e-07)
(-0.476689 -0.0100161 6.21015e-07)
(-0.425613 -0.0133128 8.90795e-07)
(-0.360833 -0.0131181 1.01491e-06)
(-0.292381 -0.00955047 1.00364e-06)
(-0.228925 -0.00235769 8.89635e-07)
(-0.17543 0.0105024 7.357e-07)
(-0.127094 0.0359946 6.4449e-07)
(-0.514106 -0.00734608 3.09731e-07)
(-0.483006 -0.0193061 7.95944e-07)
(-0.427755 -0.0253202 1.14167e-06)
(-0.358794 -0.0252062 1.33288e-06)
(-0.286575 -0.0203153 1.39219e-06)
(-0.219209 -0.0119555 1.36904e-06)
(-0.160947 -0.000581224 1.30471e-06)
(-0.111106 0.0135997 1.15954e-06)
(-0.53164 -0.0144251 3.1265e-07)
(-0.494663 -0.0366434 8.6948e-07)
(-0.431513 -0.0464728 1.26823e-06)
(-0.355828 -0.0453718 1.49445e-06)
(-0.27913 -0.0373953 1.57401e-06)
(-0.209191 -0.0261832 1.56013e-06)
(-0.149875 -0.0140855 1.50192e-06)
(-0.101697 -0.00281106 1.38964e-06)
(-0.565174 -0.0292061 3.63449e-07)
(-0.515053 -0.069377 9.25839e-07)
(-0.436483 -0.0829413 1.32885e-06)
(-0.349717 -0.0773869 1.55487e-06)
(-0.267387 -0.0624127 1.62515e-06)
(-0.195899 -0.0449375 1.58579e-06)
(-0.137575 -0.0287535 1.47915e-06)
(-0.0922047 -0.0156793 1.31536e-06)
(-0.630223 -0.0636608 2.88032e-07)
(-0.548398 -0.132757 8.04979e-07)
(-0.439523 -0.144471 1.16697e-06)
(-0.3353 -0.125694 1.36418e-06)
(-0.246681 -0.0967126 1.41695e-06)
(-0.175532 -0.0682243 1.3641e-06)
(-0.120617 -0.0446109 1.24554e-06)
(-0.0797164 -0.0269856 1.08071e-06)
(-0.761592 -0.158147 2.56169e-07)
(-0.595864 -0.258622 6.27496e-07)
(-0.429421 -0.244035 8.86896e-07)
(-0.301958 -0.193013 1.02305e-06)
(-0.209917 -0.139384 1.04918e-06)
(-0.143797 -0.0945613 9.95678e-07)
(-0.0963363 -0.0608394 8.91895e-07)
(-0.0626501 -0.0371852 7.59173e-07)
(-1.04699 -0.470604 7.73442e-08)
(-0.634286 -0.505624 1.77093e-07)
(-0.373914 -0.389032 2.21509e-07)
(-0.230648 -0.273495 2.33461e-07)
(-0.148229 -0.183964 2.28478e-07)
(-0.0969877 -0.119539 2.16661e-07)
(-0.0632406 -0.0750538 2.02852e-07)
(-0.0404691 -0.0454331 1.85127e-07)
(-1.73782 -1.69166 -9.15789e-08)
(-0.514293 -0.911051 -1.58333e-07)
(-0.197292 -0.543079 -1.88123e-07)
(-0.0968897 -0.339845 -1.93192e-07)
(-0.0559613 -0.215541 -1.7744e-07)
(-0.034887 -0.135655 -1.4669e-07)
(-0.02223 -0.0836666 -1.08849e-07)
(-0.0140578 -0.0501845 -7.19852e-08)
(-0.0668013 0.0693879 -5.81349e-08)
(-0.0210289 0.0312874 -3.49978e-08)
(-0.00788781 0.014569 -1.76145e-08)
(-0.00333459 0.00684023 -7.79813e-09)
(-0.00149814 0.0031915 -3.03798e-09)
(-0.000687313 0.00146741 -9.86315e-10)
(-0.000314869 0.000661707 -2.13612e-10)
(-0.000142363 0.00029186 2.60884e-11)
(-6.31454e-05 0.000125738 6.90834e-11)
(-2.73922e-05 5.28766e-05 5.60623e-11)
(-1.16041e-05 2.17012e-05 3.48227e-11)
(-4.79761e-06 8.69332e-06 1.90498e-11)
(-1.93567e-06 3.40022e-06 9.51233e-12)
(-7.62282e-07 1.29909e-06 4.4644e-12)
(-2.93124e-07 4.85075e-07 1.97899e-12)
(-1.10117e-07 1.77118e-07 8.38791e-13)
(-4.04366e-08 6.32785e-08 3.41708e-13)
(-1.45236e-08 2.21338e-08 1.34931e-13)
(-5.10538e-09 7.58445e-09 4.96499e-14)
(-1.75754e-09 2.54755e-09 1.81076e-14)
(-5.92901e-10 8.3929e-10 5.25704e-15)
(-1.96124e-10 2.71355e-10 1.75235e-15)
(-6.36488e-11 8.61478e-11 1.16823e-15)
(-2.0277e-11 2.68693e-11 0)
(-6.3435e-12 8.23837e-12 0)
(-1.94978e-12 2.48483e-12 0)
(-5.92294e-13 7.34818e-13 1.16823e-15)
(-1.77571e-13 2.17291e-13 0)
(-5.14022e-14 6.19163e-14 -1.16823e-15)
(-1.5187e-14 1.63553e-14 -1.16823e-15)
(-4.67293e-15 0 0)
(0 0 0)
(-0.0665855 0.0248132 -9.12696e-09)
(-0.03379 0.0166987 1.19461e-10)
(-0.0165594 0.00932958 5.4003e-09)
(-0.00804295 0.00482048 6.63527e-09)
(-0.00387468 0.00237643 5.68915e-09)
(-0.00184248 0.00113042 4.07993e-09)
(-0.000860685 0.000521217 2.60993e-09)
(-0.000393605 0.000233446 1.53239e-09)
(-0.000175838 0.000101686 8.40822e-10)
(-7.66451e-05 4.31132e-05 4.35297e-10)
(-3.25792e-05 1.78054e-05 2.1436e-10)
(-1.35034e-05 7.16783e-06 1.00842e-10)
(-5.45857e-06 2.8146e-06 4.55348e-11)
(-2.15286e-06 1.0788e-06 1.97799e-11)
(-8.28848e-07 4.03886e-07 8.2927e-12)
(-3.11679e-07 1.478e-07 3.36042e-12)
(-1.14547e-07 5.29034e-08 1.3201e-12)
(-4.11704e-08 1.85345e-08 5.01756e-13)
(-1.44809e-08 6.35989e-09 1.83997e-13)
(-4.98762e-09 2.13881e-09 6.60051e-14)
(-1.6833e-09 7.05368e-10 2.04441e-14)
(-5.57024e-10 2.28268e-10 8.76174e-15)
(-1.80833e-10 7.2532e-11 2.92058e-15)
(-5.76324e-11 2.26438e-11 0)
(-1.80387e-11 6.94748e-12 -5.84116e-16)
(-5.55144e-12 2.09814e-12 0)
(-1.67875e-12 6.20331e-13 -1.16823e-15)
(-5.01172e-13 1.77571e-13 -5.84116e-16)
(-1.44861e-13 4.90658e-14 -5.84116e-16)
(-4.67293e-14 1.28506e-14 0)
(-1.16823e-14 0 1.16823e-15)
(0 0 0)
(-0.0637 0.0048151 1.33598e-08)
(-0.0365125 0.00536169 1.24569e-08)
(-0.0197661 0.00379288 1.22633e-08)
(-0.0102877 0.00225342 1.06622e-08)
(-0.0051882 0.0012155 8.16446e-09)
(-0.00254252 0.000614558 5.60632e-09)
(-0.00121184 0.000295801 3.52848e-09)
(-0.000561895 0.000136688 2.06159e-09)
(-0.000253478 6.09454e-05 1.13164e-09)
(-0.000111273 2.63057e-05 5.87446e-10)
(-4.75494e-05 1.10169e-05 2.90357e-10)
(-1.97884e-05 4.48462e-06 1.37148e-10)
(-8.0247e-06 1.77691e-06 6.21745e-11)
(-3.17299e-06 6.86123e-07 2.71123e-11)
(-1.22412e-06 2.5846e-07 1.14055e-11)
(-4.61099e-07 9.5073e-08 4.6373e-12)
(-1.69702e-07 3.41804e-08 1.82478e-12)
(-6.10672e-08 1.20202e-08 6.95682e-13)
(-2.1501e-08 4.13807e-09 2.56427e-13)
(-7.41206e-09 1.39557e-09 9.22903e-14)
(-2.50344e-09 4.61399e-10 3.09582e-14)
(-8.28959e-10 1.49642e-10 1.10982e-14)
(-2.69274e-10 4.76417e-11 2.92058e-15)
(-8.58616e-11 1.48985e-11 -5.84116e-16)
(-2.68904e-11 4.58064e-12 -1.16823e-15)
(-8.27809e-12 1.38552e-12 -2.92058e-15)
(-2.51053e-12 4.13554e-13 -1.16823e-15)
(-7.45332e-13 1.17991e-13 0)
(-2.17291e-13 3.5047e-14 -1.16823e-15)
(-6.77575e-14 8.17763e-15 -1.16823e-15)
(-1.5187e-14 2.33646e-15 0)
(-1.16823e-15 0 0)
(-0.058412 -0.00677245 5.64307e-08)
(-0.0348122 -0.00237071 4.54859e-08)
(-0.0196677 -0.000616822 3.48628e-08)
(-0.0106203 -4.88665e-05 2.50052e-08)
(-0.00551354 7.96369e-05 1.67315e-08)
(-0.00276218 7.68655e-05 1.04817e-08)
(-0.00133856 4.97209e-05 6.17919e-09)
(-0.000628461 2.73792e-05 3.44572e-09)
(-0.000286221 1.37173e-05 1.82615e-09)
(-0.000126574 6.43232e-06 9.23396e-10)
(-5.44003e-05 2.86501e-06 4.47087e-10)
(-2.27434e-05 1.22275e-06 2.07842e-10)
(-9.25707e-06 5.02871e-07 9.30257e-11)
(-3.67132e-06 2.00078e-07 4.01591e-11)
(-1.4199e-06 7.72368e-08 1.67583e-11)
(-5.35959e-07 2.8994e-08 6.76932e-12)
(-1.976e-07 1.06032e-08 2.65072e-12)
(-7.12128e-08 3.78318e-09 1.00702e-12)
(-2.51055e-08 1.31865e-09 3.72082e-13)
(-8.66429e-09 4.49507e-10 1.33178e-13)
(-2.92923e-09 1.50005e-10 4.61452e-14)
(-9.70775e-10 4.90506e-11 1.63553e-14)
(-3.1558e-10 1.57279e-11 2.92058e-15)
(-1.00696e-10 4.9498e-12 0)
(-3.15528e-11 1.52922e-12 -1.16823e-15)
(-9.71736e-12 4.59115e-13 -2.33646e-15)
(-2.94511e-12 1.40188e-13 -1.75235e-15)
(-8.80847e-13 4.43928e-14 -5.84116e-16)
(-2.58179e-13 1.28506e-14 0)
(-7.71033e-14 0 -5.84116e-16)
(-1.86917e-14 2.33646e-15 5.84116e-16)
(-2.33646e-15 0 5.84116e-16)
(-0.0503919 -0.0150551 6.96721e-08)
(-0.0303568 -0.00786948 5.15093e-08)
(-0.0174442 -0.00391468 3.66533e-08)
(-0.00959128 -0.00187409 2.48732e-08)
(-0.00506247 -0.000869563 1.6027e-08)
(-0.00257244 -0.000392677 9.78966e-09)
(-0.00126133 -0.000172981 5.67864e-09)
(-0.000597899 -7.44258e-05 3.13335e-09)
(-0.000274425 -3.12954e-05 1.65003e-09)
(-0.000122125 -1.28652e-05 8.3098e-10)
(-5.2759e-05 -5.17169e-06 4.01499e-10)
(-2.21506e-05 -2.03338e-06 1.8643e-10)
(-9.04736e-06 -7.82134e-07 8.3424e-11)
(-3.59863e-06 -2.94405e-07 3.60172e-11)
(-1.3952e-06 -1.08482e-07 1.50387e-11)
(-5.27733e-07 -3.91455e-08 6.07714e-12)
(-1.94913e-07 -1.3839e-08 2.38261e-12)
(-7.03517e-08 -4.79532e-09 9.06548e-13)
(-2.48347e-08 -1.62939e-09 3.35867e-13)
(-8.58071e-09 -5.43172e-10 1.20328e-13)
(-2.9039e-09 -1.77731e-10 4.32246e-14)
(-9.63237e-10 -5.71102e-11 1.34347e-14)
(-3.13375e-10 -1.80328e-11 2.92058e-15)
(-1.0006e-10 -5.597e-12 0)
(-3.13775e-11 -1.70912e-12 0)
(-9.66829e-12 -5.1519e-13 -5.84116e-16)
(-2.92642e-12 -1.55375e-13 -2.33646e-15)
(-8.72669e-13 -4.43928e-14 -1.75235e-15)
(-2.60516e-13 -1.28506e-14 -5.84116e-16)
(-7.82716e-14 -2.33646e-15 5.84116e-16)
(-1.75235e-14 0 0)
(-2.33646e-15 -1.16823e-15 -5.84116e-16)
(-0.0392973 -0.0215904 7.72199e-08)
(-0.0236718 -0.0119507 5.79907e-08)
(-0.0136723 -0.00633579 4.12803e-08)
(-0.00757521 -0.00323121 2.78284e-08)
(-0.00403212 -0.00159066 1.77548e-08)
(-0.0020656 -0.000757768 1.07417e-08)
(-0.0010203 -0.00034999 6.17289e-09)
(-0.000486775 -0.000156945 3.38007e-09)
(-0.00022466 -6.84078e-05 1.76743e-09)
(-0.00010045 -2.90098e-05 8.85265e-10)
(-4.35685e-05 -1.19796e-05 4.25583e-10)
(-1.83538e-05 -4.82107e-06 1.9689e-10)
(-7.51809e-06 -1.89229e-06 8.78032e-11)
(-2.99766e-06 -7.24931e-07 3.78256e-11)
(-1.16464e-06 -2.71263e-07 1.57624e-11)
(-4.41316e-07 -9.92154e-08 6.36394e-12)
(-1.6325e-07 -3.54949e-08 2.49184e-12)
(-5.90032e-08 -1.24293e-08 9.4802e-13)
(-2.08534e-08 -4.26295e-09 3.51054e-13)
(-7.21263e-09 -1.43297e-09 1.28506e-13)
(-2.44317e-09 -4.72388e-10 4.43928e-14)
(-8.11081e-10 -1.52811e-10 1.63553e-14)
(-2.64065e-10 -4.85354e-11 5.84116e-15)
(-8.43709e-11 -1.51473e-11 2.33646e-15)
(-2.6471e-11 -4.64723e-12 0)
(-8.16361e-12 -1.40071e-12 0)
(-2.47315e-12 -4.17059e-13 0)
(-7.35986e-13 -1.20328e-13 -1.16823e-15)
(-2.18459e-13 -3.62152e-14 -5.84116e-16)
(-6.5421e-14 -8.17763e-15 -1.75235e-15)
(-1.75235e-14 -2.33646e-15 1.16823e-15)
(0 0 1.16823e-15)
(-0.0251597 -0.0264596 1.13272e-07)
(-0.0151023 -0.0148185 7.94621e-08)
(-0.00872468 -0.00798566 5.28848e-08)
(-0.00484616 -0.00414655 3.34758e-08)
(-0.00258903 -0.00207781 2.01942e-08)
(-0.00133177 -0.00100632 1.16305e-08)
(-0.000660506 -0.000471737 6.40731e-09)
(-0.000316317 -0.000214323 3.38256e-09)
(-0.000146489 -9.4486e-05 1.7146e-09)
(-6.56966e-05 -4.04652e-05 8.35939e-10)
(-2.85702e-05 -1.68527e-05 3.92733e-10)
(-1.20633e-05 -6.83217e-06 1.78071e-10)
(-4.95123e-06 -2.69873e-06 7.80572e-11)
(-1.9776e-06 -1.03959e-06 3.31194e-11)
(-7.69488e-07 -3.90879e-07 1.36239e-11)
(-2.91965e-07 -1.43568e-07 5.4387e-12)
(-1.08127e-07 -5.15522e-08 2.10924e-12)
(-3.91197e-08 -1.81111e-08 7.95566e-13)
(-1.38384e-08 -6.22967e-09 2.93226e-13)
(-4.79014e-09 -2.09947e-09 1.03973e-13)
(-1.62374e-09 -6.93699e-10 3.67993e-14)
(-5.39386e-10 -2.24865e-10 1.34347e-14)
(-1.75711e-10 -7.15542e-11 4.08881e-15)
(-5.61721e-11 -2.23658e-11 1.75235e-15)
(-1.76321e-11 -6.86687e-12 0)
(-5.43929e-12 -2.07244e-12 0)
(-1.64604e-12 -6.13322e-13 5.84116e-16)
(-4.94162e-13 -1.77571e-13 0)
(-1.44861e-13 -5.14022e-14 5.84116e-16)
(-4.43928e-14 -1.28506e-14 0)
(-9.34586e-15 0 0)
(-2.33646e-15 0 0)
(-0.00868518 -0.0291387 4.98344e-08)
(-0.00519788 -0.0163384 3.36297e-08)
(-0.00300032 -0.00883855 2.16359e-08)
(-0.00166736 -0.00461341 1.33026e-08)
(-0.000891897 -0.00232504 7.82745e-09)
(-0.00045953 -0.00113249 4.41494e-09)
(-0.000228306 -0.000533738 2.38957e-09)
(-0.000109523 -0.000243679 1.24315e-09)
(-5.08025e-05 -0.000107898 6.22325e-10)
(-2.28167e-05 -4.63875e-05 3.00303e-10)
(-9.9354e-06 -1.93846e-05 1.39836e-10)
(-4.19986e-06 -7.8819e-06 6.2942e-11)
(-1.72552e-06 -3.12145e-06 2.74126e-11)
(-6.8981e-07 -1.20516e-06 1.1569e-11)
(-2.68614e-07 -4.54033e-07 4.7366e-12)
(-1.01989e-07 -1.67056e-07 1.88553e-12)
(-3.77933e-08 -6.00795e-08 7.28393e-13)
(-1.36807e-08 -2.11359e-08 2.72782e-13)
(-4.84173e-09 -7.27905e-09 9.92997e-14)
(-1.67666e-09 -2.45583e-09 3.5047e-14)
(-5.68559e-10 -8.12246e-10 1.10982e-14)
(-1.88932e-10 -2.6353e-10 2.92058e-15)
(-6.15693e-11 -8.3927e-11 5.84116e-16)
(-1.96835e-11 -2.62513e-11 0)
(-6.17995e-12 -8.07248e-12 -5.84116e-16)
(-1.90655e-12 -2.43927e-12 0)
(-5.78275e-13 -7.25472e-13 0)
(-1.77571e-13 -2.14955e-13 0)
(-5.14022e-14 -5.84116e-14 5.84116e-16)
(-1.40188e-14 -1.40188e-14 0)
(-3.5047e-15 -2.33646e-15 0)
(1.16823e-15 1.16823e-15 1.16823e-15)
(-0.0668012 0.0693877 7.74976e-08)
(-0.0210288 0.0312874 5.2955e-08)
(-0.00788776 0.014569 4.0208e-08)
(-0.00333456 0.00684023 2.87366e-08)
(-0.00149813 0.00319151 1.88517e-08)
(-0.000687307 0.00146742 1.14321e-08)
(-0.000314867 0.000661712 6.4964e-09)
(-0.000142363 0.000291864 3.4879e-09)
(-6.31453e-05 0.00012574 1.78336e-09)
(-2.73923e-05 5.28775e-05 8.71746e-10)
(-1.16041e-05 2.17017e-05 4.09262e-10)
(-4.79766e-06 8.69356e-06 1.84891e-10)
(-1.9357e-06 3.40033e-06 8.06273e-11)
(-7.62298e-07 1.29914e-06 3.39739e-11)
(-2.93131e-07 4.85095e-07 1.38663e-11)
(-1.1012e-07 1.77126e-07 5.48485e-12)
(-4.0438e-08 6.32818e-08 2.10515e-12)
(-1.45242e-08 2.21351e-08 7.84468e-13)
(-5.10561e-09 7.58492e-09 2.8388e-13)
(-1.75763e-09 2.54772e-09 1.00468e-13)
(-5.92933e-10 8.39346e-10 3.44628e-14)
(-1.96135e-10 2.71376e-10 1.05141e-14)
(-6.36535e-11 8.61548e-11 3.5047e-15)
(-2.02805e-11 2.68717e-11 1.75235e-15)
(-6.34467e-12 8.23487e-12 0)
(-1.94744e-12 2.48249e-12 -1.16823e-15)
(-5.91125e-13 7.34818e-13 0)
(-1.83412e-13 2.14955e-13 -1.16823e-15)
(-5.14022e-14 5.60751e-14 -1.75235e-15)
(-1.40188e-14 1.40188e-14 -5.84116e-16)
(-2.33646e-15 4.67293e-15 -5.84116e-16)
(0 -1.16823e-15 -5.84116e-16)
(-0.0665855 0.0248133 3.51253e-07)
(-0.0337899 0.0166988 2.64193e-07)
(-0.0165594 0.00932964 1.84835e-07)
(-0.00804295 0.00482051 1.20292e-07)
(-0.00387468 0.00237645 7.34044e-08)
(-0.00184249 0.00113043 4.23518e-08)
(-0.00086069 0.000521225 2.32296e-08)
(-0.000393609 0.00023345 1.21721e-08)
(-0.000175841 0.000101688 6.11178e-09)
(-7.66463e-05 4.31142e-05 2.94988e-09)
(-3.25798e-05 1.78059e-05 1.37128e-09)
(-1.35037e-05 7.16806e-06 6.15331e-10)
(-5.45873e-06 2.8147e-06 2.66911e-10)
(-2.15294e-06 1.07884e-06 1.12111e-10)
(-8.28881e-07 4.03904e-07 4.56504e-11)
(-3.11693e-07 1.47807e-07 1.80445e-11)
(-1.14553e-07 5.29064e-08 6.92879e-12)
(-4.11727e-08 1.85356e-08 2.58588e-12)
(-1.44817e-08 6.3603e-09 9.38675e-13)
(-4.98794e-09 2.13895e-09 3.32946e-13)
(-1.68342e-09 7.05417e-10 1.13903e-13)
(-5.5706e-10 2.28287e-10 3.73834e-14)
(-1.80851e-10 7.25367e-11 1.34347e-14)
(-5.76394e-11 2.26392e-11 3.5047e-15)
(-1.80422e-11 6.94748e-12 5.84116e-16)
(-5.55027e-12 2.0923e-12 1.16823e-15)
(-1.67875e-12 6.1449e-13 1.75235e-15)
(-5.00003e-13 1.77571e-13 5.84116e-16)
(-1.44861e-13 5.14022e-14 0)
(-4.20564e-14 1.28506e-14 -1.16823e-15)
(-1.16823e-14 0 1.75235e-15)
(-2.33646e-15 1.16823e-15 -5.84116e-16)
(-0.0637 0.00481523 4.62348e-07)
(-0.0365125 0.00536178 3.48729e-07)
(-0.0197661 0.00379294 2.44523e-07)
(-0.0102878 0.00225346 1.59996e-07)
(-0.00518821 0.00121553 9.84172e-08)
(-0.00254253 0.000614571 5.72382e-08)
(-0.00121185 0.000295808 3.16503e-08)
(-0.0005619 0.000136692 1.66999e-08)
(-0.000253481 6.09474e-05 8.44049e-09)
(-0.000111274 2.63067e-05 4.09579e-09)
(-4.75503e-05 1.10174e-05 1.91369e-09)
(-1.97889e-05 4.48484e-06 8.62262e-10)
(-8.02492e-06 1.77701e-06 3.75522e-10)
(-3.1731e-06 6.86164e-07 1.58242e-10)
(-1.22416e-06 2.58477e-07 6.46435e-11)
(-4.61118e-07 9.50798e-08 2.56193e-11)
(-1.6971e-07 3.41831e-08 9.86689e-12)
(-6.10703e-08 1.20212e-08 3.69337e-12)
(-2.15023e-08 4.13845e-09 1.34522e-12)
(-7.41251e-09 1.39571e-09 4.7547e-13)
(-2.5036e-09 4.61451e-10 1.63553e-13)
(-8.29015e-10 1.49658e-10 5.66593e-14)
(-2.69299e-10 4.7644e-11 1.81076e-14)
(-8.58721e-11 1.48985e-11 5.84116e-15)
(-2.68915e-11 4.58064e-12 -5.84116e-16)
(-8.28043e-12 1.38202e-12 -5.84116e-16)
(-2.50352e-12 4.13554e-13 0)
(-7.44164e-13 1.1916e-13 5.84116e-16)
(-2.20796e-13 3.5047e-14 -5.84116e-16)
(-6.30845e-14 5.84116e-15 -5.84116e-16)
(-1.5187e-14 0 1.16823e-15)
(-1.16823e-15 0 0)
(-0.0584121 -0.00677234 5.28375e-07)
(-0.0348122 -0.00237063 3.99118e-07)
(-0.0196677 -0.000616773 2.81211e-07)
(-0.0106204 -4.88381e-05 1.8532e-07)
(-0.00551356 7.96526e-05 1.14804e-07)
(-0.00276221 7.68738e-05 6.72392e-08)
(-0.00133857 4.97252e-05 3.74033e-08)
(-0.00062847 2.73813e-05 1.98475e-08)
(-0.000286226 1.37183e-05 1.00784e-08)
(-0.000126576 6.43281e-06 4.91283e-09)
(-5.44017e-05 2.86523e-06 2.30408e-09)
(-2.27441e-05 1.22284e-06 1.04213e-09)
(-9.2574e-06 5.02913e-07 4.55318e-10)
(-3.67147e-06 2.00095e-07 1.92526e-10)
(-1.41996e-06 7.7244e-08 7.88831e-11)
(-5.35987e-07 2.89969e-08 3.13659e-11)
(-1.97611e-07 1.06043e-08 1.21152e-11)
(-7.12173e-08 3.7836e-09 4.55143e-12)
(-2.51072e-08 1.31881e-09 1.66473e-12)
(-8.66494e-09 4.49564e-10 5.92294e-13)
(-2.92946e-09 1.50029e-10 2.05025e-13)
(-9.70866e-10 4.90576e-11 6.95098e-14)
(-3.15612e-10 1.57256e-11 2.27805e-14)
(-1.00703e-10 4.9533e-12 5.84116e-15)
(-3.15586e-11 1.52922e-12 0)
(-9.71736e-12 4.64956e-13 -1.75235e-15)
(-2.94161e-12 1.40188e-13 0)
(-8.79679e-13 4.20564e-14 0)
(-2.58179e-13 1.05141e-14 -2.33646e-15)
(-7.47669e-14 4.67293e-15 0)
(-1.63553e-14 1.16823e-15 1.16823e-15)
(-4.67293e-15 -1.16823e-15 0)
(-0.050392 -0.015055 4.74526e-07)
(-0.0303569 -0.00786945 3.53691e-07)
(-0.0174443 -0.00391466 2.47684e-07)
(-0.00959133 -0.00187408 1.63112e-07)
(-0.0050625 -0.000869561 1.01306e-07)
(-0.00257246 -0.000392677 5.95859e-08)
(-0.00126134 -0.000172981 3.33125e-08)
(-0.000597907 -7.44259e-05 1.77683e-08)
(-0.000274429 -3.12955e-05 9.06888e-09)
(-0.000122127 -1.28653e-05 4.44217e-09)
(-5.27603e-05 -5.17173e-06 2.09295e-09)
(-2.21512e-05 -2.0334e-06 9.50672e-10)
(-9.04767e-06 -7.82144e-07 4.17036e-10)
(-3.59876e-06 -2.94409e-07 1.76997e-10)
(-1.39526e-06 -1.08484e-07 7.27797e-11)
(-5.27758e-07 -3.91463e-08 2.90358e-11)
(-1.94923e-07 -1.38393e-08 1.12518e-11)
(-7.03558e-08 -4.79543e-09 4.2401e-12)
(-2.48363e-08 -1.62943e-09 1.55609e-12)
(-8.5813e-09 -5.43181e-10 5.57247e-13)
(-2.90411e-09 -1.77735e-10 1.93927e-13)
(-9.63318e-10 -5.71114e-11 6.60051e-14)
(-3.13399e-10 -1.80282e-11 2.10282e-14)
(-1.00068e-10 -5.59233e-12 4.67293e-15)
(-3.13799e-11 -1.70562e-12 -1.16823e-15)
(-9.67179e-12 -5.10517e-13 0)
(-2.92642e-12 -1.53038e-13 -5.84116e-16)
(-8.72669e-13 -4.55611e-14 -1.75235e-15)
(-2.57011e-13 -1.05141e-14 -2.92058e-15)
(-7.47669e-14 -4.67293e-15 0)
(-1.86917e-14 -1.16823e-15 0)
(-2.33646e-15 0 0)
(-0.0392974 -0.0215903 3.91086e-07)
(-0.0236718 -0.0119507 2.90595e-07)
(-0.0136723 -0.00633575 2.03488e-07)
(-0.00757526 -0.00323119 1.34296e-07)
(-0.00403216 -0.00159065 8.37498e-08)
(-0.00206563 -0.000757764 4.94891e-08)
(-0.00102032 -0.000349988 2.78095e-08)
(-0.000486784 -0.000156945 1.49049e-08)
(-0.000224665 -6.84076e-05 7.64359e-09)
(-0.000100453 -2.90098e-05 3.75998e-09)
(-4.35698e-05 -1.19796e-05 1.77874e-09)
(-1.83545e-05 -4.82109e-06 8.10863e-10)
(-7.51841e-06 -1.8923e-06 3.56934e-10)
(-2.99781e-06 -7.24937e-07 1.5196e-10)
(-1.1647e-06 -2.71266e-07 6.26745e-11)
(-4.41342e-07 -9.92167e-08 2.50767e-11)
(-1.63261e-07 -3.54954e-08 9.74539e-12)
(-5.90075e-08 -1.24295e-08 3.68168e-12)
(-2.0855e-08 -4.26304e-09 1.35398e-12)
(-7.21324e-09 -1.433e-09 4.85985e-13)
(-2.44339e-09 -4.724e-10 1.70562e-13)
(-8.11159e-10 -1.52812e-10 5.72434e-14)
(-2.64094e-10 -4.8533e-11 1.81076e-14)
(-8.43802e-11 -1.51461e-11 3.5047e-15)
(-2.64768e-11 -4.64489e-12 0)
(-8.16361e-12 -1.39954e-12 0)
(-2.47665e-12 -4.13554e-13 0)
(-7.37155e-13 -1.1916e-13 -2.92058e-15)
(-2.17291e-13 -3.15423e-14 0)
(-6.30845e-14 -9.34586e-15 0)
(-1.40188e-14 -2.33646e-15 0)
(-2.33646e-15 1.16823e-15 5.84116e-16)
(-0.0251598 -0.0264596 2.92637e-07)
(-0.0151024 -0.0148185 2.1196e-07)
(-0.00872478 -0.0079857 1.45319e-07)
(-0.00484622 -0.00414658 9.43926e-08)
(-0.00258907 -0.00207783 5.81598e-08)
(-0.0013318 -0.00100633 3.40749e-08)
(-0.000660522 -0.000471745 1.90257e-08)
(-0.000316326 -0.000214327 1.01524e-08)
(-0.000146494 -9.44883e-05 5.18915e-09)
(-6.56992e-05 -4.04664e-05 2.54711e-09)
(-2.85715e-05 -1.68533e-05 1.20301e-09)
(-1.20639e-05 -6.83244e-06 5.47926e-10)
(-4.95152e-06 -2.69885e-06 2.41044e-10)
(-1.97773e-06 -1.03965e-06 1.02612e-10)
(-7.69543e-07 -3.90901e-07 4.23239e-11)
(-2.91988e-07 -1.43576e-07 1.69411e-11)
(-1.08136e-07 -5.15557e-08 6.58708e-12)
(-3.91234e-08 -1.81124e-08 2.49009e-12)
(-1.38398e-08 -6.23017e-09 9.17646e-13)
(-4.79065e-09 -2.09966e-09 3.29441e-13)
(-1.62392e-09 -6.93765e-10 1.15071e-13)
(-5.39451e-10 -2.24889e-10 3.91358e-14)
(-1.75735e-10 -7.15612e-11 1.10982e-14)
(-5.61779e-11 -2.23693e-11 2.33646e-15)
(-1.7638e-11 -6.87154e-12 0)
(-5.43812e-12 -2.07478e-12 -5.84116e-16)
(-1.64604e-12 -6.10985e-13 -5.84116e-16)
(-4.91826e-13 -1.74067e-13 -2.33646e-15)
(-1.44861e-13 -4.90658e-14 -5.84116e-16)
(-4.67293e-14 -9.34586e-15 -5.84116e-16)
(-9.34586e-15 0 0)
(-2.33646e-15 0 0)
(-0.00868525 -0.029139 7.98151e-08)
(-0.00519793 -0.0163386 5.72344e-08)
(-0.00300036 -0.0088387 3.90706e-08)
(-0.00166739 -0.00461351 2.53583e-08)
(-0.000891914 -0.00232509 1.56522e-08)
(-0.000459541 -0.00113252 9.19631e-09)
(-0.000228313 -0.000533755 5.1532e-09)
(-0.000109527 -0.000243689 2.75943e-09)
(-5.08044e-05 -0.000107902 1.4154e-09)
(-2.28176e-05 -4.63898e-05 6.96872e-10)
(-9.93588e-06 -1.93857e-05 3.30076e-10)
(-4.20008e-06 -7.88238e-06 1.50678e-10)
(-1.72562e-06 -3.12166e-06 6.64187e-11)
(-6.89855e-07 -1.20525e-06 2.83162e-11)
(-2.68633e-07 -4.5407e-07 1.16928e-11)
(-1.01997e-07 -1.67071e-07 4.68344e-12)
(-3.77966e-08 -6.00852e-08 1.82244e-12)
(-1.36819e-08 -2.11381e-08 6.88089e-13)
(-4.84221e-09 -7.27984e-09 2.52922e-13)
(-1.67684e-09 -2.45611e-09 8.99539e-14)
(-5.68622e-10 -8.12344e-10 3.15423e-14)
(-1.88953e-10 -2.63565e-10 1.05141e-14)
(-6.1574e-11 -8.39387e-11 4.08881e-15)
(-1.96894e-11 -2.62548e-11 1.16823e-15)
(-6.18345e-12 -8.07015e-12 -2.33646e-15)
(-1.90422e-12 -2.43693e-12 -5.84116e-16)
(-5.73602e-13 -7.27809e-13 0)
(-1.76403e-13 -2.14955e-13 -5.84116e-16)
(-5.37387e-14 -6.19163e-14 0)
(-1.5187e-14 -1.40188e-14 0)
(-2.33646e-15 -2.33646e-15 0)
(0 0 1.16823e-15)
(-0.0668015 0.0693887 4.99353e-07)
(-0.0210289 0.0312881 3.58919e-07)
(-0.00788786 0.0145695 2.43662e-07)
(-0.00333463 0.00684053 1.51829e-07)
(-0.00149818 0.00319169 8.83737e-08)
(-0.000687338 0.00146752 4.87769e-08)
(-0.000314885 0.000661767 2.57384e-08)
(-0.000142373 0.000291892 1.30514e-08)
(-6.31506e-05 0.000125754 6.37719e-09)
(-2.7395e-05 5.28842e-05 3.00917e-09)
(-1.16054e-05 2.17048e-05 1.37317e-09)
(-4.79827e-06 8.69492e-06 6.06821e-10)
(-1.93597e-06 3.40091e-06 2.59984e-10)
(-7.62416e-07 1.29938e-06 1.08105e-10)
(-2.93181e-07 4.85194e-07 4.3672e-11)
(-1.10141e-07 1.77165e-07 1.71555e-11)
(-4.0446e-08 6.32966e-08 6.55962e-12)
(-1.45273e-08 2.21405e-08 2.44277e-12)
(-5.10674e-09 7.5869e-09 8.88441e-13)
(-1.75804e-09 2.54842e-09 3.13086e-13)
(-5.93083e-10 8.39587e-10 1.07477e-13)
(-1.96182e-10 2.7145e-10 3.73834e-14)
(-6.36663e-11 8.61793e-11 1.28506e-14)
(-2.02828e-11 2.6881e-11 4.67293e-15)
(-6.34934e-12 8.24188e-12 3.5047e-15)
(-1.94978e-12 2.48833e-12 2.33646e-15)
(-5.89957e-13 7.39491e-13 -1.75235e-15)
(-1.82244e-13 2.16123e-13 0)
(-5.37387e-14 5.95798e-14 1.75235e-15)
(-1.5187e-14 1.16823e-14 5.84116e-16)
(-1.16823e-15 0 0)
(1.16823e-15 0 5.84116e-16)
(-0.0665859 0.024814 1.35661e-06)
(-0.0337903 0.0166993 1.01103e-06)
(-0.0165597 0.00932999 6.76372e-07)
(-0.00804317 0.00482074 4.16944e-07)
(-0.00387483 0.00237659 2.41509e-07)
(-0.00184258 0.00113051 1.32944e-07)
(-0.000860745 0.000521268 7.00192e-08)
(-0.000393639 0.000233472 3.54229e-08)
(-0.000175857 0.000101699 1.72619e-08)
(-7.66545e-05 4.31196e-05 8.1181e-09)
(-3.25838e-05 1.78084e-05 3.69086e-09)
(-1.35056e-05 7.16918e-06 1.62434e-09)
(-5.45957e-06 2.81519e-06 6.92926e-10)
(-2.1533e-06 1.07904e-06 2.86826e-10)
(-8.29036e-07 4.03987e-07 1.15338e-10)
(-3.11756e-07 1.4784e-07 4.50967e-11)
(-1.14578e-07 5.29189e-08 1.71602e-11)
(-4.11824e-08 1.85403e-08 6.35927e-12)
(-1.44854e-08 6.36201e-09 2.2985e-12)
(-4.98927e-09 2.13956e-09 8.06664e-13)
(-1.68389e-09 7.05629e-10 2.78623e-13)
(-5.57225e-10 2.28361e-10 9.11221e-14)
(-1.80903e-10 7.25636e-11 2.97899e-14)
(-5.76546e-11 2.26509e-11 1.05141e-14)
(-1.80469e-11 6.94864e-12 5.84116e-15)
(-5.55144e-12 2.09581e-12 1.75235e-15)
(-1.67875e-12 6.22668e-13 1.16823e-15)
(-5.0234e-13 1.82244e-13 0)
(-1.49534e-13 5.14022e-14 0)
(-4.43928e-14 1.5187e-14 -5.84116e-16)
(-9.34586e-15 5.84116e-15 -5.84116e-16)
(-2.33646e-15 0 5.84116e-16)
(-0.0637005 0.00481545 1.60627e-06)
(-0.0365129 0.00536196 1.20074e-06)
(-0.0197664 0.00379307 8.19003e-07)
(-0.010288 0.00225355 5.17954e-07)
(-0.00518841 0.00121559 3.07581e-07)
(-0.00254266 0.000614608 1.73097e-07)
(-0.00121192 0.000295829 9.28643e-08)
(-0.000561941 0.000136703 4.77137e-08)
(-0.000253503 6.09534e-05 2.35485e-08)
(-0.000111286 2.63097e-05 1.11953e-08)
(-4.75559e-05 1.10188e-05 5.13614e-09)
(-1.97915e-05 4.48548e-06 2.2786e-09)
(-8.0261e-06 1.77729e-06 9.78737e-10)
(-3.17362e-06 6.86284e-07 4.07729e-10)
(-1.22439e-06 2.58526e-07 1.64884e-10)
(-4.61209e-07 9.50996e-08 6.48205e-11)
(-1.69746e-07 3.41908e-08 2.47905e-11)
(-6.10842e-08 1.20242e-08 9.23604e-12)
(-2.15075e-08 4.13952e-09 3.35341e-12)
(-7.41443e-09 1.39609e-09 1.18576e-12)
(-2.50428e-09 4.6158e-10 4.08297e-13)
(-8.2925e-10 1.49708e-10 1.37851e-13)
(-2.69377e-10 4.76627e-11 4.32246e-14)
(-8.58989e-11 1.4902e-11 1.40188e-14)
(-2.69009e-11 4.57597e-12 5.84116e-15)
(-8.27692e-12 1.38085e-12 3.5047e-15)
(-2.50469e-12 4.07713e-13 1.75235e-15)
(-7.51173e-13 1.16823e-13 -5.84116e-16)
(-2.19628e-13 2.92058e-14 -1.16823e-15)
(-6.30845e-14 9.34586e-15 0)
(-1.5187e-14 2.33646e-15 5.84116e-16)
(-4.67293e-15 0 -5.84116e-16)
(-0.0584126 -0.00677243 1.56061e-06)
(-0.0348127 -0.0023707 1.17631e-06)
(-0.0196681 -0.000616816 8.16297e-07)
(-0.0106207 -4.88603e-05 5.26389e-07)
(-0.00551377 7.96426e-05 3.18489e-07)
(-0.00276234 7.68702e-05 1.82203e-07)
(-0.00133865 4.97242e-05 9.91562e-08)
(-0.000628515 2.73813e-05 5.15636e-08)
(-0.000286251 1.37185e-05 2.57163e-08)
(-0.000126589 6.43302e-06 1.23348e-08)
(-5.4408e-05 2.86537e-06 5.70387e-09)
(-2.27471e-05 1.22292e-06 2.54784e-09)
(-9.25877e-06 5.02954e-07 1.10133e-09)
(-3.67207e-06 2.00115e-07 4.61372e-10)
(-1.42022e-06 7.7253e-08 1.87582e-10)
(-5.36092e-07 2.90008e-08 7.41068e-11)
(-1.97654e-07 1.06059e-08 2.84803e-11)
(-7.12337e-08 3.78427e-09 1.06584e-11)
(-2.51134e-08 1.31907e-09 3.88788e-12)
(-8.66721e-09 4.49667e-10 1.38202e-12)
(-2.93027e-09 1.50065e-10 4.78391e-13)
(-9.71142e-10 4.90681e-11 1.618e-13)
(-3.15708e-10 1.57314e-11 5.43228e-14)
(-1.00739e-10 4.94863e-12 1.86917e-14)
(-3.1568e-11 1.52922e-12 5.84116e-15)
(-9.72203e-12 4.6262e-13 4.08881e-15)
(-2.94161e-12 1.35515e-13 1.16823e-15)
(-8.82015e-13 3.62152e-14 -1.16823e-15)
(-2.57011e-13 9.34586e-15 -5.84116e-16)
(-7.24304e-14 2.33646e-15 5.84116e-16)
(-2.10282e-14 -3.5047e-15 -1.16823e-15)
(-2.33646e-15 0 0)
(-0.0503924 -0.0150554 1.28084e-06)
(-0.0303573 -0.00786969 9.58958e-07)
(-0.0174446 -0.00391483 6.67325e-07)
(-0.00959158 -0.00187419 4.33788e-07)
(-0.00506268 -0.000869625 2.65123e-07)
(-0.00257257 -0.000392713 1.53249e-07)
(-0.00126141 -0.000173001 8.42113e-08)
(-0.000597947 -7.44357e-05 4.41739e-08)
(-0.000274451 -3.13002e-05 2.21983e-08)
(-0.000122139 -1.28675e-05 1.07173e-08)
(-5.27659e-05 -5.17274e-06 4.98362e-09)
(-2.21539e-05 -2.03384e-06 2.23679e-09)
(-9.04891e-06 -7.82331e-07 9.70803e-10)
(-3.59932e-06 -2.94486e-07 4.08121e-10)
(-1.3955e-06 -1.08514e-07 1.66425e-10)
(-5.27856e-07 -3.9158e-08 6.59193e-11)
(-1.94962e-07 -1.38437e-08 2.53904e-11)
(-7.03711e-08 -4.79706e-09 9.51992e-12)
(-2.48421e-08 -1.63001e-09 3.47783e-12)
(-8.58343e-09 -5.43383e-10 1.23833e-12)
(-2.90488e-09 -1.77799e-10 4.31078e-13)
(-9.63585e-10 -5.71359e-11 1.45445e-13)
(-3.13495e-10 -1.80398e-11 4.96499e-14)
(-1.00106e-10 -5.60051e-12 1.57711e-14)
(-3.13881e-11 -1.71263e-12 4.67293e-15)
(-9.66829e-12 -5.1519e-13 1.75235e-15)
(-2.93226e-12 -1.53038e-13 2.92058e-15)
(-8.76174e-13 -4.90658e-14 5.84116e-16)
(-2.52338e-13 -9.34586e-15 0)
(-7.35986e-14 -2.33646e-15 1.16823e-15)
(-1.86917e-14 0 0)
(-2.33646e-15 0 5.84116e-16)
(-0.0392977 -0.0215907 9.23032e-07)
(-0.0236721 -0.011951 6.90074e-07)
(-0.0136726 -0.00633599 4.82953e-07)
(-0.00757545 -0.00323135 3.17135e-07)
(-0.00403229 -0.00159074 1.9617e-07)
(-0.00206571 -0.000757819 1.14833e-07)
(-0.00102037 -0.000350018 6.38838e-08)
(-0.000486815 -0.00015696 3.39073e-08)
(-0.000224683 -6.84155e-05 1.72273e-08)
(-0.000100462 -2.90136e-05 8.40307e-09)
(-4.35744e-05 -1.19813e-05 3.945e-09)
(-1.83567e-05 -4.82187e-06 1.78654e-09)
(-7.51941e-06 -1.89264e-06 7.81938e-10)
(-2.99825e-06 -7.2508e-07 3.31347e-10)
(-1.16489e-06 -2.71324e-07 1.3615e-10)
(-4.41422e-07 -9.92396e-08 5.43222e-11)
(-1.63293e-07 -3.55042e-08 2.10726e-11)
(-5.902e-08 -1.24328e-08 7.95741e-12)
(-2.08597e-08 -4.26423e-09 2.92642e-12)
(-7.215e-09 -1.43342e-09 1.04966e-12)
(-2.44403e-09 -4.72544e-10 3.67409e-13)
(-8.1138e-10 -1.52862e-10 1.26169e-13)
(-2.64175e-10 -4.85529e-11 4.20564e-14)
(-8.44094e-11 -1.5152e-11 1.34347e-14)
(-2.64803e-11 -4.64372e-12 2.92058e-15)
(-8.16361e-12 -1.40071e-12 1.16823e-15)
(-2.47665e-12 -4.14722e-13 2.33646e-15)
(-7.38323e-13 -1.1916e-13 2.33646e-15)
(-2.12618e-13 -3.5047e-14 0)
(-6.07481e-14 -1.05141e-14 1.75235e-15)
(-1.75235e-14 0 0)
(-2.33646e-15 0 -5.84116e-16)
(-0.02516 -0.0264602 3.39474e-07)
(-0.0151026 -0.014819 2.60986e-07)
(-0.00872492 -0.00798599 1.87681e-07)
(-0.00484633 -0.00414676 1.26295e-07)
(-0.00258915 -0.00207795 7.98103e-08)
(-0.00133185 -0.0010064 4.75716e-08)
(-0.000660553 -0.000471783 2.68696e-08)
(-0.000316344 -0.000214347 1.44407e-08)
(-0.000146505 -9.44984e-05 7.41256e-09)
(-6.57045e-05 -4.04714e-05 3.64572e-09)
(-2.85742e-05 -1.68556e-05 1.723e-09)
(-1.20652e-05 -6.83349e-06 7.84352e-10)
(-4.95212e-06 -2.69931e-06 3.44684e-10)
(-1.978e-06 -1.03984e-06 1.46493e-10)
(-7.69659e-07 -3.90981e-07 6.03164e-11)
(-2.92036e-07 -1.43608e-07 2.4096e-11)
(-1.08156e-07 -5.1568e-08 9.35228e-12)
(-3.91311e-08 -1.81171e-08 3.5304e-12)
(-1.38427e-08 -6.23187e-09 1.29674e-12)
(-4.79175e-09 -2.10027e-09 4.63788e-13)
(-1.62432e-09 -6.93978e-10 1.62384e-13)
(-5.39592e-10 -2.24961e-10 5.5491e-14)
(-1.75784e-10 -7.15869e-11 1.86917e-14)
(-5.61943e-11 -2.23716e-11 4.67293e-15)
(-1.76403e-11 -6.86921e-12 1.16823e-15)
(-5.43929e-12 -2.07478e-12 5.84116e-16)
(-1.64954e-12 -6.13322e-13 5.84116e-16)
(-4.96499e-13 -1.76403e-13 -5.84116e-16)
(-1.43693e-13 -5.14022e-14 -1.16823e-15)
(-3.97199e-14 -1.40188e-14 0)
(-9.34586e-15 -2.33646e-15 1.16823e-15)
(-2.33646e-15 0 0)
(-0.00868527 -0.0291394 -1.21773e-08)
(-0.00519796 -0.016339 2.00712e-09)
(-0.00300039 -0.00883892 8.05133e-09)
(-0.00166741 -0.00461365 8.93941e-09)
(-0.000891929 -0.00232519 7.40678e-09)
(-0.000459551 -0.00113258 5.24747e-09)
(-0.000228319 -0.000533786 3.34097e-09)
(-0.000109531 -0.000243705 1.95969e-09)
(-5.08066e-05 -0.000107911 1.07478e-09)
(-2.28188e-05 -4.6394e-05 5.56511e-10)
(-9.9365e-06 -1.93877e-05 2.7394e-10)
(-4.20039e-06 -7.8833e-06 1.28844e-10)
(-1.72576e-06 -3.12206e-06 5.81377e-11)
(-6.89919e-07 -1.20542e-06 2.52461e-11)
(-2.68661e-07 -4.54141e-07 1.05766e-11)
(-1.02008e-07 -1.67099e-07 4.28449e-12)
(-3.78013e-08 -6.00963e-08 1.68225e-12)
(-1.36838e-08 -2.11423e-08 6.41359e-13)
(-4.84293e-09 -7.28139e-09 2.37151e-13)
(-1.6771e-09 -2.45667e-09 8.52809e-14)
(-5.6872e-10 -8.12542e-10 2.92058e-14)
(-1.88987e-10 -2.63629e-10 9.92997e-15)
(-6.15857e-11 -8.39573e-11 2.92058e-15)
(-1.96964e-11 -2.62584e-11 1.75235e-15)
(-6.18345e-12 -8.07015e-12 -5.84116e-16)
(-1.90305e-12 -2.43693e-12 0)
(-5.79443e-13 -7.25472e-13 -1.16823e-15)
(-1.7874e-13 -2.06777e-13 -1.75235e-15)
(-4.90658e-14 -5.37387e-14 -5.84116e-16)
(-1.16823e-14 -1.16823e-14 5.84116e-16)
(-2.33646e-15 -2.33646e-15 0)
(0 0 0)
(-0.0668023 0.0693914 3.6372e-07)
(-0.0210293 0.0312901 2.70967e-07)
(-0.00788817 0.0145709 1.8584e-07)
(-0.00333487 0.00684137 1.15294e-07)
(-0.00149834 0.00319217 6.6484e-08)
(-0.000687433 0.00146778 3.63585e-08)
(-0.000314939 0.000661903 1.90284e-08)
(-0.000142402 0.00029196 9.58963e-09)
(-6.31654e-05 0.000125788 4.66292e-09)
(-2.74023e-05 5.28998e-05 2.19348e-09)
(-1.16089e-05 2.17118e-05 9.98729e-10)
(-4.79989e-06 8.69803e-06 4.40978e-10)
(-1.93669e-06 3.40223e-06 1.88869e-10)
(-7.6273e-07 1.29993e-06 7.85957e-11)
(-2.93313e-07 4.85413e-07 3.17858e-11)
(-1.10195e-07 1.7725e-07 1.251e-11)
(-4.04675e-08 6.33293e-08 4.79442e-12)
(-1.45356e-08 2.21527e-08 1.79207e-12)
(-5.10987e-09 7.59129e-09 6.52458e-13)
(-1.75919e-09 2.54996e-09 2.31894e-13)
(-5.93485e-10 8.40115e-10 7.82716e-14)
(-1.96323e-10 2.7163e-10 2.97899e-14)
(-6.37177e-11 8.62366e-11 9.34586e-15)
(-2.0298e-11 2.68985e-11 4.08881e-15)
(-6.35518e-12 8.25006e-12 2.33646e-15)
(-1.95562e-12 2.48833e-12 5.84116e-16)
(-5.93462e-13 7.37155e-13 -1.16823e-15)
(-1.77571e-13 2.10282e-13 0)
(-5.0234e-14 5.60751e-14 0)
(-1.5187e-14 1.16823e-14 1.16823e-15)
(-3.5047e-15 -1.16823e-15 5.84116e-16)
(0 -1.16823e-15 0)
(-0.0665867 0.0248156 9.96231e-07)
(-0.0337913 0.0167005 7.4696e-07)
(-0.0165606 0.00933079 4.96938e-07)
(-0.00804382 0.00482125 3.03287e-07)
(-0.00387525 0.00237689 1.73794e-07)
(-0.00184283 0.00113068 9.46719e-08)
(-0.000860885 0.000521359 4.93995e-08)
(-0.000393714 0.000233519 2.47832e-08)
(-0.000175895 0.000101722 1.19909e-08)
(-7.66734e-05 4.31306e-05 5.60352e-09)
(-3.25928e-05 1.78134e-05 2.53394e-09)
(-1.35097e-05 7.17141e-06 1.10986e-09)
(-5.4614e-06 2.81614e-06 4.71549e-10)
(-2.15409e-06 1.07944e-06 1.94493e-10)
(-8.29365e-07 4.04147e-07 7.79807e-11)
(-3.11889e-07 1.47903e-07 3.04097e-11)
(-1.1463e-07 5.29429e-08 1.15503e-11)
(-4.12024e-08 1.85492e-08 4.27398e-12)
(-1.44928e-08 6.36523e-09 1.54265e-12)
(-4.99198e-09 2.1407e-09 5.4206e-13)
(-1.68485e-09 7.06023e-10 1.84581e-13)
(-5.57556e-10 2.28488e-10 6.19163e-14)
(-1.81015e-10 7.25975e-11 1.92758e-14)
(-5.76885e-11 2.26602e-11 4.67293e-15)
(-1.80574e-11 6.95098e-12 1.75235e-15)
(-5.55845e-12 2.09814e-12 1.16823e-15)
(-1.68459e-12 6.215e-13 -1.75235e-15)
(-5.01172e-13 1.76403e-13 -2.92058e-15)
(-1.44861e-13 4.90658e-14 -1.16823e-15)
(-4.43928e-14 1.16823e-14 0)
(-9.34586e-15 3.5047e-15 -1.16823e-15)
(0 -2.33646e-15 0)
(-0.0637015 0.00481564 1.15728e-06)
(-0.0365141 0.00536211 8.6447e-07)
(-0.0197674 0.00379322 5.86744e-07)
(-0.0102888 0.00225367 3.6862e-07)
(-0.0051889 0.00121568 2.17328e-07)
(-0.00254296 0.00061467 1.21465e-07)
(-0.0012121 0.000295867 6.47424e-08)
(-0.000562038 0.000136724 3.30754e-08)
(-0.000253554 6.09643e-05 1.62397e-08)
(-0.000111311 2.63151e-05 7.68696e-09)
(-4.75681e-05 1.10214e-05 3.51281e-09)
(-1.97972e-05 4.48668e-06 1.55349e-09)
(-8.02866e-06 1.77783e-06 6.65391e-10)
(-3.17472e-06 6.86513e-07 2.76598e-10)
(-1.22485e-06 2.58621e-07 1.11646e-10)
(-4.61399e-07 9.51378e-08 4.38379e-11)
(-1.69821e-07 3.42057e-08 1.67478e-11)
(-6.11132e-08 1.20298e-08 6.23661e-12)
(-2.15184e-08 4.14163e-09 2.26345e-12)
(-7.4184e-09 1.39686e-09 8.00823e-13)
(-2.5057e-09 4.61849e-10 2.76871e-13)
(-8.29746e-10 1.49799e-10 9.28745e-14)
(-2.69545e-10 4.76919e-11 2.74535e-14)
(-8.59457e-11 1.4916e-11 8.76174e-15)
(-2.69149e-11 4.58064e-12 3.5047e-15)
(-8.28744e-12 1.38319e-12 1.16823e-15)
(-2.5117e-12 4.11218e-13 0)
(-7.52342e-13 1.1916e-13 -2.33646e-15)
(-2.16123e-13 3.27105e-14 -1.16823e-15)
(-6.19163e-14 9.34586e-15 0)
(-1.63553e-14 0 -5.84116e-16)
(0 0 -1.16823e-15)
(-0.0584135 -0.00677299 1.08867e-06)
(-0.0348137 -0.00237112 8.22675e-07)
(-0.019669 -0.000617076 5.69949e-07)
(-0.0106214 -4.90064e-05 3.66074e-07)
(-0.00551425 7.95677e-05 2.20417e-07)
(-0.00276264 7.68341e-05 1.25445e-07)
(-0.00133883 4.97079e-05 6.79321e-08)
(-0.000628616 2.73742e-05 3.51619e-08)
(-0.000286304 1.37156e-05 1.74641e-08)
(-0.000126616 6.43185e-06 8.34535e-09)
(-5.44213e-05 2.86493e-06 3.84687e-09)
(-2.27533e-05 1.22276e-06 1.71355e-09)
(-9.26158e-06 5.02897e-07 7.39032e-10)
(-3.6733e-06 2.00096e-07 3.09006e-10)
(-1.42074e-06 7.72471e-08 1.25457e-10)
(-5.36305e-07 2.89991e-08 4.95079e-11)
(-1.97738e-07 1.06055e-08 1.90159e-11)
(-7.12665e-08 3.78417e-09 7.11337e-12)
(-2.51258e-08 1.31906e-09 2.59581e-12)
(-8.67176e-09 4.4967e-10 9.21735e-13)
(-2.9319e-09 1.50071e-10 3.19512e-13)
(-9.71712e-10 4.90739e-11 1.08061e-13)
(-3.15899e-10 1.57408e-11 3.44628e-14)
(-1.00799e-10 4.9533e-12 1.28506e-14)
(-3.15913e-11 1.52922e-12 4.08881e-15)
(-9.7267e-12 4.61452e-13 1.75235e-15)
(-2.94979e-12 1.40188e-13 0)
(-8.80847e-13 4.55611e-14 -1.75235e-15)
(-2.55843e-13 1.40188e-14 5.84116e-16)
(-7.47669e-14 5.84116e-15 0)
(-1.98599e-14 1.16823e-15 0)
(-1.16823e-15 2.33646e-15 0)
(-0.0503933 -0.0150563 8.75983e-07)
(-0.0303581 -0.00787042 6.56776e-07)
(-0.0174453 -0.00391533 4.56294e-07)
(-0.00959213 -0.0018745 2.9555e-07)
(-0.00506306 -0.000869805 1.79844e-07)
(-0.00257282 -0.000392811 1.03453e-07)
(-0.00126156 -0.000173052 5.65775e-08)
(-0.000598031 -7.44612e-05 2.9539e-08)
(-0.000274496 -3.13124e-05 1.47794e-08)
(-0.000122162 -1.28731e-05 7.10608e-09)
(-5.27772e-05 -5.17525e-06 3.29216e-09)
(-2.21592e-05 -2.03493e-06 1.47255e-09)
(-9.05132e-06 -7.82783e-07 6.37192e-10)
(-3.60037e-06 -2.94669e-07 2.67142e-10)
(-1.39595e-06 -1.08586e-07 1.08684e-10)
(-5.2804e-07 -3.91858e-08 4.29612e-11)
(-1.95036e-07 -1.38541e-08 1.65211e-11)
(-7.03996e-08 -4.80084e-09 6.18696e-12)
(-2.48529e-08 -1.63135e-09 2.25878e-12)
(-8.58739e-09 -5.43847e-10 8.03744e-13)
(-2.90629e-09 -1.77957e-10 2.77455e-13)
(-9.64079e-10 -5.7185e-11 9.52109e-14)
(-3.13663e-10 -1.8055e-11 3.09582e-14)
(-1.00156e-10 -5.60635e-12 1.05141e-14)
(-3.14068e-11 -1.71146e-12 5.84116e-15)
(-9.67764e-12 -5.16359e-13 1.16823e-15)
(-2.92642e-12 -1.53038e-13 5.84116e-16)
(-8.77342e-13 -3.85517e-14 2.92058e-15)
(-2.55843e-13 -8.17763e-15 1.75235e-15)
(-7.71033e-14 -2.33646e-15 5.84116e-16)
(-1.86917e-14 0 5.84116e-16)
(-3.5047e-15 0 0)
(-0.0392983 -0.0215922 6.09166e-07)
(-0.0236727 -0.0119521 4.57469e-07)
(-0.0136731 -0.00633671 3.20745e-07)
(-0.00757583 -0.00323181 2.10668e-07)
(-0.00403256 -0.00159102 1.30175e-07)
(-0.00206589 -0.000757976 7.6086e-08)
(-0.00102048 -0.000350103 4.22472e-08)
(-0.000486877 -0.000157004 2.23824e-08)
(-0.000224716 -6.84372e-05 1.13511e-08)
(-0.000100479 -2.9024e-05 5.52836e-09)
(-4.35831e-05 -1.19861e-05 2.59185e-09)
(-1.83608e-05 -4.82399e-06 1.17256e-09)
(-7.52132e-06 -1.89355e-06 5.12805e-10)
(-2.9991e-06 -7.2546e-07 2.17213e-10)
(-1.16526e-06 -2.71478e-07 8.9236e-11)
(-4.41573e-07 -9.93003e-08 3.56106e-11)
(-1.63353e-07 -3.55275e-08 1.3819e-11)
(-5.90438e-08 -1.24415e-08 5.22258e-12)
(-2.08688e-08 -4.2674e-09 1.92408e-12)
(-7.21836e-09 -1.43455e-09 6.90425e-13)
(-2.44524e-09 -4.72934e-10 2.42408e-13)
(-8.1181e-10 -1.52993e-10 8.35286e-14)
(-2.6432e-10 -4.85973e-11 2.68693e-14)
(-8.44573e-11 -1.51648e-11 1.05141e-14)
(-2.65013e-11 -4.65424e-12 3.5047e-15)
(-8.16711e-12 -1.40305e-12 0)
(-2.47081e-12 -4.15891e-13 5.84116e-16)
(-7.38323e-13 -1.23833e-13 2.33646e-15)
(-2.18459e-13 -3.38787e-14 1.75235e-15)
(-6.77575e-14 -1.16823e-14 0)
(-1.63553e-14 -3.5047e-15 0)
(0 0 0)
(-0.0251601 -0.0264615 1.6011e-07)
(-0.0151027 -0.0148199 1.28489e-07)
(-0.00872505 -0.00798665 9.52469e-08)
(-0.00484644 -0.00414719 6.53783e-08)
(-0.00258923 -0.00207821 4.18448e-08)
(-0.0013319 -0.00100655 2.51272e-08)
(-0.000660588 -0.000471866 1.42512e-08)
(-0.000316365 -0.000214391 7.67084e-09)
(-0.000146516 -9.45206e-05 3.938e-09)
(-6.57106e-05 -4.04821e-05 1.93455e-09)
(-2.85773e-05 -1.68606e-05 9.12716e-10)
(-1.20667e-05 -6.83575e-06 4.14498e-10)
(-4.95279e-06 -2.7003e-06 1.81696e-10)
(-1.9783e-06 -1.04026e-06 7.70017e-11)
(-7.69788e-07 -3.91153e-07 3.16165e-11)
(-2.9209e-07 -1.43677e-07 1.2593e-11)
(-1.08177e-07 -5.15945e-08 4.87503e-12)
(-3.91395e-08 -1.81271e-08 1.83588e-12)
(-1.38459e-08 -6.23555e-09 6.71734e-13)
(-4.79292e-09 -2.10159e-09 2.39488e-13)
(-1.62474e-09 -6.94442e-10 8.35286e-14)
(-5.3974e-10 -2.25122e-10 2.86217e-14)
(-1.75836e-10 -7.16383e-11 9.34586e-15)
(-5.62142e-11 -2.23927e-11 2.92058e-15)
(-1.76461e-11 -6.87972e-12 -1.16823e-15)
(-5.43812e-12 -2.07829e-12 0)
(-1.64721e-12 -6.17995e-13 0)
(-4.91826e-13 -1.82244e-13 5.84116e-16)
(-1.46029e-13 -5.37387e-14 1.16823e-15)
(-4.32246e-14 -1.28506e-14 5.84116e-16)
(-1.05141e-14 -1.16823e-15 -1.16823e-15)
(-1.16823e-15 0 0)
(-0.00868517 -0.0291397 -4.2158e-08)
(-0.00519789 -0.0163392 -2.15975e-08)
(-0.00300035 -0.00883909 -9.3833e-09)
(-0.00166739 -0.00461378 -3.11623e-09)
(-0.000891922 -0.00232527 -4.18014e-10)
(-0.000459549 -0.00113263 4.66101e-10)
(-0.000228319 -0.000533816 5.77338e-10)
(-0.000109531 -0.000243721 4.43407e-10)
(-5.08072e-05 -0.000107919 2.81707e-10)
(-2.28192e-05 -4.63982e-05 1.5994e-10)
(-9.93673e-06 -1.93896e-05 8.37015e-11)
(-4.20052e-06 -7.88421e-06 4.11072e-11)
(-1.72583e-06 -3.12246e-06 1.9131e-11)
(-6.8995e-07 -1.20559e-06 8.49947e-12)
(-2.68675e-07 -4.54212e-07 3.61977e-12)
(-1.02015e-07 -1.67127e-07 1.48541e-12)
(-3.78038e-08 -6.01072e-08 5.88789e-13)
(-1.36848e-08 -2.11464e-08 2.23716e-13)
(-4.84332e-09 -7.2829e-09 8.41127e-14)
(-1.67725e-09 -2.4572e-09 3.0374e-14)
(-5.68774e-10 -8.12726e-10 1.05141e-14)
(-1.89008e-10 -2.63692e-10 2.92058e-15)
(-6.15892e-11 -8.39772e-11 1.16823e-15)
(-1.96964e-11 -2.62654e-11 1.16823e-15)
(-6.18579e-12 -8.06664e-12 0)
(-1.90655e-12 -2.4346e-12 -1.16823e-15)
(-5.75938e-13 -7.23136e-13 -1.16823e-15)
(-1.76403e-13 -2.07945e-13 0)
(-4.78975e-14 -5.72434e-14 5.84116e-16)
(-1.5187e-14 -1.28506e-14 0)
(-3.5047e-15 0 -5.84116e-16)
(2.33646e-15 0 0)
)
;

boundaryField
{
    base
    {
        type            calculated;
        value           nonuniform List<vector> 
160
(
(-2.71717 1.69165 -1.73473e-08)
(-1.29126 0.470602 -8.62583e-09)
(-0.834759 0.158149 -1.31294e-09)
(-0.658665 0.0636632 -2.9944e-10)
(-0.580107 0.0292086 1.00667e-08)
(-0.541831 0.014427 5.80245e-09)
(-0.522399 0.00734723 1.25323e-08)
(-0.512442 0.00375118 7.59458e-09)
(-2.71717 1.69165 -6.97203e-09)
(-1.29126 0.470602 8.20989e-08)
(-0.83476 0.158149 1.07968e-07)
(-0.658665 0.0636632 1.57401e-07)
(-0.580107 0.0292086 1.57439e-07)
(-0.541831 0.014427 1.58009e-07)
(-0.522399 0.00734724 1.35246e-07)
(-0.512442 0.00375118 1.11697e-07)
(-2.71717 1.69165 3.25587e-08)
(-1.29126 0.470602 2.48455e-07)
(-0.834759 0.158149 3.88262e-07)
(-0.658664 0.0636633 4.87929e-07)
(-0.580105 0.0292086 4.93932e-07)
(-0.541829 0.014427 4.74251e-07)
(-0.522398 0.00734714 3.99424e-07)
(-0.512441 0.00375108 3.21625e-07)
(-2.71717 1.69165 2.21834e-08)
(-1.29126 0.470603 1.5773e-07)
(-0.834756 0.158149 2.78981e-07)
(-0.658661 0.0636634 3.30229e-07)
(-0.580103 0.0292085 3.4656e-07)
(-0.541827 0.0144268 3.22045e-07)
(-0.522395 0.00734693 2.7671e-07)
(-0.512439 0.00375086 2.17523e-07)
(-0.507394 0.00188881 9.25485e-09)
(-0.504887 0.000932328 5.61698e-09)
(-0.503665 0.000455049 4.57629e-09)
(-0.503066 0.000229024 2.45249e-09)
(-0.502749 0.000132805 1.19788e-09)
(-0.502535 0.000102169 1.70579e-10)
(-0.50234 0.000101437 -7.34408e-10)
(-0.502129 0.000107794 -2.19818e-09)
(-0.507394 0.0018888 8.41424e-08)
(-0.504887 0.000932319 6.08357e-08)
(-0.503665 0.000455043 4.11432e-08)
(-0.503066 0.000229017 2.73793e-08)
(-0.502749 0.0001328 1.72686e-08)
(-0.502535 0.000102165 1.17536e-08)
(-0.50234 0.000101433 7.8653e-09)
(-0.502129 0.00010779 6.6568e-09)
(-0.507393 0.0018887 2.38001e-07)
(-0.504886 0.000932242 1.67477e-07)
(-0.503664 0.000454982 1.13417e-07)
(-0.503066 0.000228976 7.39678e-08)
(-0.502748 0.000132774 4.89505e-08)
(-0.502535 0.00010215 3.38697e-08)
(-0.50234 0.000101427 2.69464e-08)
(-0.502129 0.000107791 2.9398e-08)
(-0.507392 0.00188849 1.63113e-07)
(-0.504885 0.00093207 1.12259e-07)
(-0.503664 0.000454856 7.68505e-08)
(-0.503066 0.000228888 4.9041e-08)
(-0.502748 0.00013272 3.28797e-08)
(-0.502535 0.000102121 2.22866e-08)
(-0.50234 0.000101424 1.83467e-08)
(-0.502129 0.0001078 2.0543e-08)
(-0.501909 0.000105702 -2.43755e-09)
(-0.501707 8.85466e-05 -4.43649e-09)
(-0.501554 5.8219e-05 -3.7057e-09)
(-0.501474 2.02265e-05 -4.86947e-09)
(-0.501474 -2.01033e-05 -3.85933e-09)
(-0.501554 -5.81334e-05 -3.78932e-09)
(-0.501706 -8.85368e-05 -3.05707e-09)
(-0.501908 -0.000105832 -1.66857e-09)
(-0.501909 0.000105698 6.47988e-09)
(-0.501707 8.8544e-05 6.66633e-09)
(-0.501555 5.82181e-05 8.15133e-09)
(-0.501474 2.02262e-05 8.08212e-09)
(-0.501474 -2.01012e-05 9.13933e-09)
(-0.501554 -5.81318e-05 8.29037e-09)
(-0.501706 -8.85326e-05 8.35401e-09)
(-0.501908 -0.000105829 7.69057e-09)
(-0.501909 0.000105702 3.17947e-08)
(-0.501707 8.85499e-05 4.21694e-08)
(-0.501554 5.82218e-05 4.49474e-08)
(-0.501474 2.02285e-05 5.03612e-08)
(-0.501474 -2.01029e-05 4.91107e-08)
(-0.501554 -5.8135e-05 4.60444e-08)
(-0.501706 -8.8538e-05 4.15148e-08)
(-0.501908 -0.000105833 3.24489e-08)
(-0.501908 0.000105723 2.28773e-08)
(-0.501706 8.85703e-05 3.10665e-08)
(-0.501554 5.82345e-05 3.30904e-08)
(-0.501473 2.02345e-05 3.74096e-08)
(-0.501473 -2.01098e-05 3.61121e-08)
(-0.501554 -5.8147e-05 3.39647e-08)
(-0.501706 -8.85598e-05 3.01037e-08)
(-0.501908 -0.000105851 2.30897e-08)
(-0.502129 -0.00010805 -1.77088e-09)
(-0.50234 -0.000101841 -5.9468e-10)
(-0.502537 -0.000102709 -9.34624e-10)
(-0.502751 -0.000133498 -1.02459e-09)
(-0.503071 -0.000229863 7.02365e-11)
(-0.503671 -0.000456001 -1.96625e-09)
(-0.504895 -0.000933214 2.42199e-09)
(-0.507404 -0.00188938 -3.70998e-09)
(-0.502129 -0.000108048 7.64761e-09)
(-0.50234 -0.000101839 8.76968e-09)
(-0.502537 -0.000102709 1.17157e-08)
(-0.502751 -0.000133496 1.66636e-08)
(-0.503071 -0.000229864 2.72532e-08)
(-0.503671 -0.000455996 3.80245e-08)
(-0.504895 -0.000933217 6.18243e-08)
(-0.507404 -0.00188937 7.68446e-08)
(-0.502129 -0.000108048 3.07591e-08)
(-0.50234 -0.000101832 2.89828e-08)
(-0.502537 -0.000102693 3.83075e-08)
(-0.502751 -0.000133466 5.61344e-08)
(-0.503071 -0.00022982 8.2917e-08)
(-0.50367 -0.000455931 1.31148e-07)
(-0.504894 -0.000933136 1.82084e-07)
(-0.507403 -0.00188927 2.70521e-07)
(-0.502129 -0.000108055 2.13406e-08)
(-0.50234 -0.000101824 1.96184e-08)
(-0.502536 -0.000102655 2.56572e-08)
(-0.502751 -0.000133406 3.84462e-08)
(-0.50307 -0.000229714 5.5734e-08)
(-0.50367 -0.000455797 9.11574e-08)
(-0.504893 -0.000932939 1.22682e-07)
(-0.507401 -0.00188907 1.89967e-07)
(-0.512452 -0.00375116 6.94606e-09)
(-0.522408 -0.00734636 -4.41558e-09)
(-0.541838 -0.0144253 1.43116e-08)
(-0.580109 -0.0292061 -9.28931e-10)
(-0.658662 -0.0636605 2.27084e-08)
(-0.834751 -0.158147 7.14954e-09)
(-1.29125 -0.470603 3.43239e-08)
(-2.71716 -1.69166 5.71929e-08)
(-0.512452 -0.00375117 1.16394e-07)
(-0.522408 -0.00734635 1.24088e-07)
(-0.541838 -0.0144253 1.69141e-07)
(-0.580109 -0.0292061 1.47262e-07)
(-0.658662 -0.0636605 1.75792e-07)
(-0.834751 -0.158147 1.09567e-07)
(-1.29125 -0.470603 1.16649e-07)
(-2.71716 -1.69166 6.1386e-08)
(-0.512451 -0.00375107 3.35129e-07)
(-0.522407 -0.00734625 4.38235e-07)
(-0.541836 -0.0144252 4.67479e-07)
(-0.580108 -0.0292061 5.11639e-07)
(-0.658661 -0.0636606 4.41115e-07)
(-0.83475 -0.158147 3.58586e-07)
(-1.29125 -0.470603 1.59669e-07)
(-2.71716 -1.69166 -8.73858e-08)
(-0.51245 -0.00375083 2.25681e-07)
(-0.522405 -0.00734608 3.09731e-07)
(-0.541834 -0.0144251 3.1265e-07)
(-0.580105 -0.0292061 3.63449e-07)
(-0.658658 -0.0636608 2.88032e-07)
(-0.834748 -0.158147 2.56169e-07)
(-1.29125 -0.470604 7.73442e-08)
(-2.71716 -1.69166 -9.15789e-08)
)
;
    }
    cooled
    {
        type            calculated;
        value           nonuniform List<vector> 
992
(
(-1.73782 2.67035 -1.73473e-08)
(-1.73782 2.67035 -6.97203e-09)
(-1.73782 2.67035 3.25587e-08)
(-1.73782 2.67035 2.21834e-08)
(-0.514296 1.15339 -3.4695e-08)
(-0.514296 1.15339 1.52745e-08)
(-0.514296 1.15339 1.09083e-07)
(-0.514296 1.1534 5.91132e-08)
(-0.197294 0.613168 -3.92707e-08)
(-0.197294 0.613168 4.37522e-08)
(-0.197294 0.613169 1.8672e-07)
(-0.197294 0.61317 1.03697e-07)
(-0.0968907 0.364218 -3.63799e-08)
(-0.0968907 0.364217 6.72598e-08)
(-0.0968906 0.364218 2.40999e-07)
(-0.0968905 0.364219 1.37359e-07)
(-0.0559612 0.225606 -2.96805e-08)
(-0.0559612 0.225605 8.12033e-08)
(-0.0559612 0.225606 2.66565e-07)
(-0.0559611 0.225608 1.55681e-07)
(-0.0348861 0.140373 -2.22038e-08)
(-0.0348861 0.140373 8.45853e-08)
(-0.0348861 0.140374 2.67595e-07)
(-0.0348861 0.140375 1.60805e-07)
(-0.0222287 0.0860611 -1.57609e-08)
(-0.0222286 0.086061 7.93571e-08)
(-0.0222287 0.0860617 2.50783e-07)
(-0.0222287 0.086063 1.55665e-07)
(-0.0140562 0.0514583 -1.1029e-08)
(-0.0140562 0.0514583 6.83844e-08)
(-0.0140563 0.0514589 2.22547e-07)
(-0.0140564 0.05146 1.43134e-07)
(-0.00868358 0.0298361 -7.62596e-09)
(-0.00868357 0.0298361 5.50414e-08)
(-0.00868364 0.0298366 1.86799e-07)
(-0.00868372 0.0298376 1.24132e-07)
(-0.0051964 0.016724 -4.87637e-09)
(-0.00519639 0.016724 4.18226e-08)
(-0.00519645 0.0167243 1.46788e-07)
(-0.00519655 0.0167251 1.00089e-07)
(-0.00299907 0.00905053 -2.7523e-09)
(-0.00299907 0.00905051 3.01094e-08)
(-0.00299912 0.00905077 1.07419e-07)
(-0.00299921 0.00905137 7.45577e-08)
(-0.0016664 0.00472771 -1.28977e-09)
(-0.0016664 0.0047277 2.05075e-08)
(-0.00166644 0.00472788 7.3263e-08)
(-0.00166652 0.00472829 5.14658e-08)
(-0.000891223 0.00238492 -4.55245e-10)
(-0.000891221 0.00238492 1.32077e-08)
(-0.000891248 0.00238503 4.67748e-08)
(-0.000891311 0.00238529 3.31119e-08)
(-0.000459091 0.00116282 -5.3484e-11)
(-0.00045909 0.00116282 8.04609e-09)
(-0.000459108 0.00116288 2.80941e-08)
(-0.000459152 0.00116304 1.99945e-08)
(-0.000228039 0.000548556 8.54252e-11)
(-0.000228039 0.000548557 4.64702e-09)
(-0.00022805 0.000548593 1.59605e-08)
(-0.000228078 0.000548684 1.13989e-08)
(-0.00010937 0.000250662 1.05914e-10)
(-0.00010937 0.000250663 2.55012e-09)
(-0.000109377 0.000250683 8.61457e-09)
(-0.000109394 0.000250732 6.17036e-09)
(-5.07195e-05 0.000111074 8.21676e-11)
(-5.07196e-05 0.000111075 1.33408e-09)
(-5.07233e-05 0.000111085 4.43647e-09)
(-5.07325e-05 0.00011111 3.18455e-09)
(-2.27738e-05 4.77841e-05 5.33356e-11)
(-2.27739e-05 4.77845e-05 6.66921e-10)
(-2.27758e-05 4.77895e-05 2.18712e-09)
(-2.27807e-05 4.7802e-05 1.57354e-09)
(-9.91423e-06 1.9979e-05 3.05814e-11)
(-9.91431e-06 1.99793e-05 3.19601e-10)
(-9.91527e-06 1.99816e-05 1.03546e-09)
(-9.91774e-06 1.99875e-05 7.4644e-10)
(-4.18982e-06 8.12719e-06 1.62133e-11)
(-4.18987e-06 8.12732e-06 1.47101e-10)
(-4.19033e-06 8.12836e-06 4.71869e-10)
(-4.19152e-06 8.13109e-06 3.40982e-10)
(-1.72094e-06 3.21973e-06 7.99129e-12)
(-1.72096e-06 3.21979e-06 6.5206e-11)
(-1.72117e-06 3.22025e-06 2.07499e-10)
(-1.72173e-06 3.22145e-06 1.50285e-10)
(-6.87793e-07 1.24344e-06 3.7401e-12)
(-6.87805e-07 1.24347e-06 2.7874e-11)
(-6.879e-07 1.24367e-06 8.8191e-11)
(-6.88148e-07 1.24418e-06 6.40559e-11)
(-2.67755e-07 4.68554e-07 1.65714e-12)
(-2.67761e-07 4.68568e-07 1.15199e-11)
(-2.67801e-07 4.68647e-07 3.62993e-11)
(-2.67908e-07 4.68858e-07 2.64406e-11)
(-1.01634e-07 1.72425e-07 7.04444e-13)
(-1.01637e-07 1.7243e-07 4.60342e-12)
(-1.01654e-07 1.72462e-07 1.44867e-11)
(-1.01699e-07 1.72546e-07 1.05883e-11)
(-3.76515e-08 6.20165e-08 2.86801e-13)
(-3.76527e-08 6.20188e-08 1.78506e-12)
(-3.76594e-08 6.20307e-08 5.61452e-12)
(-3.76775e-08 6.20637e-08 4.11802e-12)
(-1.36255e-08 2.18186e-08 1.13903e-13)
(-1.3626e-08 2.18195e-08 6.68813e-13)
(-1.36286e-08 2.1824e-08 2.1145e-12)
(-1.36357e-08 2.18365e-08 1.55901e-12)
(-4.82086e-09 7.51434e-09 4.0304e-14)
(-4.82106e-09 7.51467e-09 2.42992e-13)
(-4.82203e-09 7.51628e-09 7.75122e-13)
(-4.82473e-09 7.52087e-09 5.74186e-13)
(-1.66897e-09 2.5352e-09 1.40188e-14)
(-1.66904e-09 2.53531e-09 8.41127e-14)
(-1.66939e-09 2.53588e-09 2.78039e-13)
(-1.6704e-09 2.53753e-09 2.05609e-13)
(-5.65791e-10 8.38472e-10 4.67293e-15)
(-5.65817e-10 8.38507e-10 2.97899e-14)
(-5.65947e-10 8.3871e-10 9.75474e-14)
(-5.66306e-10 8.39284e-10 7.18463e-14)
(-1.87962e-10 2.7203e-10 1.16823e-15)
(-1.87967e-10 2.72041e-10 8.76174e-15)
(-1.88012e-10 2.72099e-10 3.21264e-14)
(-1.88143e-10 2.72302e-10 2.62852e-14)
(-6.12341e-11 8.66291e-11 1.16823e-15)
(-6.12376e-11 8.66367e-11 2.92058e-15)
(-6.12504e-11 8.66559e-11 9.34586e-15)
(-6.1296e-11 8.67095e-11 7.00939e-15)
(-1.95749e-11 2.7095e-11 0)
(-1.95784e-11 2.7095e-11 0)
(-1.95831e-11 2.70989e-11 4.08881e-15)
(-1.95959e-11 2.71218e-11 2.33646e-15)
(-6.14607e-12 8.32987e-12 -1.16823e-15)
(-6.14607e-12 8.32221e-12 -1.16823e-15)
(-6.14607e-12 8.32604e-12 2.33646e-15)
(-6.14957e-12 8.32987e-12 0)
(-1.89487e-12 2.50738e-12 5.84116e-16)
(-1.8937e-12 2.51121e-12 0)
(-1.8902e-12 2.51504e-12 1.16823e-15)
(-1.89487e-12 2.51887e-12 5.84116e-16)
(-5.73602e-13 7.503e-13 5.84116e-16)
(-5.73602e-13 7.503e-13 5.84116e-16)
(-5.7477e-13 7.57957e-13 0)
(-5.75938e-13 7.503e-13 -5.84116e-16)
(-1.7173e-13 2.14372e-13 0)
(-1.7173e-13 2.14372e-13 0)
(-1.76403e-13 2.182e-13 1.16823e-15)
(-1.7173e-13 2.182e-13 0)
(-5.0234e-14 5.74209e-14 0)
(-5.0234e-14 5.74209e-14 1.16823e-15)
(-4.90658e-14 6.1249e-14 0)
(-4.78975e-14 6.1249e-14 0)
(-1.16823e-14 1.53123e-14 0)
(-1.5187e-14 1.91403e-14 1.16823e-15)
(-1.5187e-14 1.53123e-14 -1.16823e-15)
(-1.40188e-14 1.91403e-14 1.16823e-15)
(-3.5047e-15 1.53123e-14 -1.75235e-15)
(-3.5047e-15 0 -2.33646e-15)
(-4.67293e-15 0 1.16823e-15)
(-5.84116e-15 7.65613e-15 1.16823e-15)
(-3.5047e-15 0 0)
(0 0 0)
(0 -3.82806e-15 -5.84116e-16)
(-1.16823e-15 0 5.84116e-16)
(0 0 0)
(-3.82806e-15 2.33646e-15 -1.16823e-15)
(0 -2.33646e-15 0)
(0 0 5.84116e-16)
(-3.82806e-15 0 1.75235e-15)
(0 -1.16823e-15 5.84116e-16)
(7.65613e-15 -2.33646e-15 1.16823e-15)
(3.82806e-15 3.5047e-15 0)
(0 0 0)
(0 -1.16823e-15 -5.84116e-16)
(3.82806e-15 1.16823e-15 -5.84116e-16)
(-3.82806e-15 4.67293e-15 0)
(-7.65613e-15 -2.33646e-15 0)
(0 -2.33646e-15 1.16823e-15)
(0 0 5.84116e-16)
(3.82806e-15 0 1.16823e-15)
(3.82806e-15 -1.16823e-15 -5.84116e-16)
(3.82806e-15 0 0)
(0 1.16823e-15 1.75235e-15)
(3.82806e-15 0 -1.16823e-15)
(-7.65613e-15 4.67293e-15 0)
(-1.14842e-14 0 5.84116e-16)
(0 -4.67293e-15 0)
(0 0 0)
(0 -1.16823e-15 5.84116e-16)
(3.82806e-15 0 0)
(-7.65613e-15 1.16823e-15 1.16823e-15)
(0 2.33646e-15 1.16823e-15)
(-1.14842e-14 0 1.16823e-15)
(-3.82806e-15 -3.5047e-15 -5.84116e-16)
(0 0 0)
(0 0 0)
(3.82806e-15 0 0)
(-3.82806e-15 2.33646e-15 -1.75235e-15)
(-3.82806e-15 2.33646e-15 -1.16823e-15)
(-7.65613e-15 0 0)
(-7.65613e-15 -2.33646e-15 0)
(0 -2.33646e-15 0)
(0 0 -5.84116e-16)
(0 0 0)
(3.82806e-15 -1.16823e-15 0)
(0 1.16823e-15 0)
(0 2.33646e-15 0)
(-7.65613e-15 3.5047e-15 -1.16823e-15)
(-1.53123e-14 -1.16823e-15 0)
(0 -4.67293e-15 0)
(3.82806e-15 -1.16823e-15 0)
(0 1.16823e-15 0)
(0 0 5.84116e-16)
(0 0 0)
(0 0 0)
(0 2.33646e-15 -1.16823e-15)
(-3.82806e-15 0 -1.75235e-15)
(-3.82806e-15 0 1.16823e-15)
(0 -2.33646e-15 5.84116e-16)
(3.82806e-15 0 0)
(0 -1.16823e-15 0)
(0 0 0)
(0 1.16823e-15 0)
(-3.82806e-15 2.33646e-15 1.16823e-15)
(-7.65613e-15 -2.33646e-15 1.16823e-15)
(-3.82806e-15 -1.16823e-15 0)
(0 0 0)
(-3.82806e-15 0 1.16823e-15)
(0 0 0)
(0 0 0)
(0 0 0)
(3.82806e-15 0 5.84116e-16)
(0 -1.16823e-15 -5.84116e-16)
(7.65613e-15 0 1.16823e-15)
(0 0 0)
(1.14842e-14 1.16823e-15 1.16823e-15)
(3.82806e-15 -1.16823e-15 -5.84116e-16)
(3.82806e-15 1.16823e-15 -5.84116e-16)
(0 0 0)
(0 -1.16823e-15 0)
(3.82806e-15 0 0)
(0 1.16823e-15 5.84116e-16)
(0 0 0)
(3.82806e-15 0 1.16823e-15)
(0 0 5.84116e-16)
(0 0 5.84116e-16)
(0 0 -5.84116e-16)
(3.82806e-15 0 0)
(0 0 5.84116e-16)
(3.82806e-15 0 -5.84116e-16)
(0 0 0)
(3.82806e-15 0 0)
(0 -1.16823e-15 0)
(0 -2.33646e-15 0)
(7.65613e-15 0 -1.16823e-15)
(0 2.33646e-15 0)
(0 0 0)
(3.82806e-15 0 0)
(0 0 0)
(3.82806e-15 0 0)
(-0.0668082 -0.100929 6.97575e-08)
(-0.0668084 -0.10093 1.69298e-07)
(-0.0668087 -0.100931 2.01292e-07)
(-0.066809 -0.100932 1.01751e-07)
(-0.0210325 -0.0391276 4.24582e-08)
(-0.0210325 -0.039128 1.00853e-07)
(-0.0210327 -0.0391284 1.15646e-07)
(-0.0210328 -0.0391289 5.72512e-08)
(-0.00789034 -0.0167997 2.65218e-08)
(-0.00789039 -0.0167999 6.38352e-08)
(-0.00789046 -0.0168002 7.2201e-08)
(-0.00789053 -0.0168005 3.48876e-08)
(-0.0033363 -0.00756628 1.61428e-08)
(-0.00333633 -0.00756641 3.98088e-08)
(-0.00333638 -0.0075666 4.52086e-08)
(-0.00333642 -0.00756677 2.15426e-08)
(-0.00149921 -0.00345448 9.43908e-09)
(-0.00149923 -0.00345456 2.38051e-08)
(-0.00149926 -0.00345467 2.7201e-08)
(-0.00149929 -0.00345478 1.2835e-08)
(-0.000687935 -0.00156945 5.29044e-09)
(-0.000687948 -0.00156949 1.35671e-08)
(-0.000687968 -0.00156956 1.55428e-08)
(-0.000687986 -0.00156962 7.26612e-09)
(-0.000315215 -0.000702744 2.84273e-09)
(-0.000315223 -0.000702767 7.37794e-09)
(-0.000315235 -0.000702803 8.43986e-09)
(-0.000315245 -0.000702834 3.90465e-09)
(-0.000142548 -0.000308587 1.46705e-09)
(-0.000142552 -0.000308599 3.83809e-09)
(-0.000142559 -0.000308618 4.37163e-09)
(-0.000142565 -0.000308634 2.00058e-09)
(-6.32399e-05 -0.000132553 7.28106e-10)
(-6.32421e-05 -0.000132558 1.91562e-09)
(-6.32457e-05 -0.000132568 2.16868e-09)
(-6.32488e-05 -0.000132576 9.81169e-10)
(-2.74389e-05 -5.56278e-05 3.4824e-10)
(-2.74401e-05 -5.56306e-05 9.19523e-10)
(-2.74419e-05 -5.56352e-05 1.03382e-09)
(-2.74435e-05 -5.56389e-05 4.62542e-10)
(-1.16264e-05 -2.27968e-05 1.60714e-10)
(-1.16269e-05 -2.27981e-05 4.25487e-10)
(-1.16278e-05 -2.28002e-05 4.74909e-10)
(-1.16286e-05 -2.28019e-05 2.10135e-10)
(-4.80791e-06 -9.12239e-06 7.17032e-11)
(-4.80817e-06 -9.12296e-06 1.9014e-10)
(-4.8086e-06 -9.12391e-06 2.10688e-10)
(-4.80894e-06 -9.12465e-06 9.22535e-11)
(-1.94027e-06 -3.56519e-06 3.09605e-11)
(-1.94039e-06 -3.56544e-06 8.22038e-11)
(-1.94058e-06 -3.56585e-06 9.04387e-11)
(-1.94073e-06 -3.56616e-06 3.91959e-11)
(-7.64277e-07 -1.36131e-06 1.29592e-11)
(-7.64328e-07 -1.36141e-06 3.44313e-11)
(-7.64413e-07 -1.36158e-06 3.76194e-11)
(-7.64479e-07 -1.36171e-06 1.61485e-11)
(-2.93963e-07 -5.08082e-07 5.2623e-12)
(-2.93984e-07 -5.08125e-07 1.39919e-11)
(-2.9402e-07 -5.08194e-07 1.51847e-11)
(-2.94048e-07 -5.08246e-07 6.45682e-12)
(-1.1046e-07 -1.85458e-07 2.07712e-12)
(-1.10469e-07 -1.85475e-07 5.52399e-12)
(-1.10484e-07 -1.85503e-07 5.95331e-12)
(-1.10495e-07 -1.85523e-07 2.50819e-12)
(-4.05728e-08 -6.62431e-08 7.9615e-13)
(-4.05764e-08 -6.62494e-08 2.118e-12)
(-4.05823e-08 -6.626e-08 2.26988e-12)
(-4.05866e-08 -6.62676e-08 9.48605e-13)
(-1.45763e-08 -2.31671e-08 2.98483e-13)
(-1.45777e-08 -2.31694e-08 7.91477e-13)
(-1.458e-08 -2.31734e-08 8.4288e-13)
(-1.45816e-08 -2.31762e-08 3.5047e-13)
(-5.12524e-09 -7.93773e-09 1.08061e-13)
(-5.12577e-09 -7.93859e-09 2.86801e-13)
(-5.12662e-09 -7.94003e-09 3.04324e-13)
(-5.12724e-09 -7.94103e-09 1.25585e-13)
(-1.76485e-09 -2.66608e-09 3.85517e-14)
(-1.76504e-09 -2.66638e-09 1.0222e-13)
(-1.76536e-09 -2.6669e-09 1.08061e-13)
(-1.76558e-09 -2.66725e-09 4.32246e-14)
(-5.95524e-10 -8.78326e-10 1.28506e-14)
(-5.95592e-10 -8.78429e-10 3.67993e-14)
(-5.95706e-10 -8.78613e-10 3.73834e-14)
(-5.95782e-10 -8.78728e-10 1.40188e-14)
(-1.97042e-10 -2.83977e-10 5.25704e-15)
(-1.97061e-10 -2.84015e-10 1.22664e-14)
(-1.97102e-10 -2.84077e-10 1.22664e-14)
(-1.97132e-10 -2.84115e-10 4.67293e-15)
(-6.3963e-11 -9.01662e-11 2.92058e-15)
(-6.39701e-11 -9.01853e-11 4.67293e-15)
(-6.39841e-11 -9.02045e-11 1.75235e-15)
(-6.39923e-11 -9.02007e-11 -5.84116e-16)
(-2.03857e-11 -2.81248e-11 1.16823e-15)
(-2.03903e-11 -2.81324e-11 1.75235e-15)
(-2.03915e-11 -2.81401e-11 1.16823e-15)
(-2.03915e-11 -2.81439e-11 5.84116e-16)
(-6.38322e-12 -8.61697e-12 1.16823e-15)
(-6.38205e-12 -8.62463e-12 1.75235e-15)
(-6.38556e-12 -8.63611e-12 1.75235e-15)
(-6.38673e-12 -8.63228e-12 -5.84116e-16)
(-1.9638e-12 -2.5916e-12 1.16823e-15)
(-1.9638e-12 -2.60308e-12 1.75235e-15)
(-1.9673e-12 -2.59925e-12 -1.16823e-15)
(-1.96613e-12 -2.59543e-12 -5.84116e-16)
(-5.93462e-13 -7.61785e-13 2.33646e-15)
(-5.92294e-13 -7.77097e-13 1.16823e-15)
(-5.93462e-13 -7.69441e-13 -1.16823e-15)
(-5.93462e-13 -7.69441e-13 0)
(-1.7874e-13 -2.14372e-13 5.84116e-16)
(-1.82244e-13 -2.22028e-13 1.16823e-15)
(-1.76403e-13 -2.25856e-13 1.16823e-15)
(-1.77571e-13 -2.22028e-13 -1.16823e-15)
(-5.14022e-14 -5.74209e-14 0)
(-5.14022e-14 -5.74209e-14 5.84116e-16)
(-5.0234e-14 -6.50771e-14 1.16823e-15)
(-5.0234e-14 -6.1249e-14 -1.16823e-15)
(-1.28506e-14 -7.65613e-15 0)
(-1.5187e-14 -1.14842e-14 2.33646e-15)
(-1.63553e-14 -2.29684e-14 1.75235e-15)
(-1.5187e-14 -1.91403e-14 -1.16823e-15)
(-2.33646e-15 0 0)
(-2.33646e-15 0 0)
(-5.84116e-15 -3.82806e-15 1.16823e-15)
(-5.84116e-15 0 -1.16823e-15)
(0 3.82806e-15 0)
(0 3.82806e-15 1.16823e-15)
(0 0 0)
(0 0 0)
(-0.208432 -0.0301904 5.53528e-08)
(-0.185599 -0.00714114 2.60327e-08)
(-0.179868 -0.00176907 1.64739e-08)
(-0.178523 -0.000267764 8.69393e-09)
(-0.178797 0.00058619 2.21297e-08)
(-0.180867 0.00230488 1.27547e-09)
(-0.188016 0.00835772 3.19516e-08)
(-0.214298 0.0336411 1.21695e-08)
(-0.208433 -0.0301906 1.21459e-07)
(-0.185599 -0.00714121 5.08932e-08)
(-0.179868 -0.0017691 1.83921e-08)
(-0.178523 -0.000267753 -4.23968e-10)
(-0.178797 0.000586176 6.74578e-09)
(-0.180868 0.0023049 -3.08734e-08)
(-0.188017 0.00835774 1.34129e-08)
(-0.214298 0.0336408 -2.04273e-08)
(-0.208433 -0.030191 1.08826e-07)
(-0.185599 -0.00714134 -2.33062e-09)
(-0.179868 -0.00176917 -4.26265e-08)
(-0.178523 -0.000267788 -6.24412e-08)
(-0.178797 0.000586129 -1.21766e-07)
(-0.180867 0.00230489 -1.22312e-07)
(-0.188016 0.00835774 -1.83135e-07)
(-0.214298 0.0336409 -1.65233e-07)
(-0.208434 -0.0301914 4.27195e-08)
(-0.185599 -0.00714152 -2.71911e-08)
(-0.179868 -0.00176922 -4.45446e-08)
(-0.178522 -0.000267911 -5.33233e-08)
(-0.178796 0.000586056 -1.06382e-07)
(-0.180867 0.00230478 -9.01631e-08)
(-0.188015 0.00835766 -1.64597e-07)
(-0.214297 0.0336417 -1.32636e-07)
(-0.0699085 0.108273 -8.53641e-08)
(-0.0699083 0.108272 -3.78091e-08)
(-0.0699083 0.108273 2.48e-07)
(-0.0699084 0.108274 2.00445e-07)
(-0.0223571 0.0429469 -5.12403e-08)
(-0.022357 0.0429465 -5.63147e-09)
(-0.022357 0.0429468 2.46458e-07)
(-0.0223571 0.0429484 2.0085e-07)
(-0.00857636 0.0188446 -2.75092e-08)
(-0.00857629 0.0188443 8.98437e-09)
(-0.00857632 0.0188446 1.92662e-07)
(-0.00857652 0.0188459 1.56169e-07)
(-0.0037109 0.00864142 -1.36267e-08)
(-0.00371086 0.00864131 1.22987e-08)
(-0.0037109 0.00864152 1.29535e-07)
(-0.00371109 0.00864235 1.0361e-07)
(-0.00170113 0.00400093 -6.30925e-09)
(-0.00170111 0.00400088 1.04902e-08)
(-0.00170114 0.00400102 7.93162e-08)
(-0.00170128 0.00400152 6.25167e-08)
(-0.000793028 0.0018369 -2.72528e-09)
(-0.000793017 0.00183687 7.35498e-09)
(-0.000793039 0.00183696 4.54733e-08)
(-0.000793126 0.00183724 3.5393e-08)
(-0.000367744 0.000828821 -1.09362e-09)
(-0.000367739 0.000828812 4.59126e-09)
(-0.000367753 0.000828858 2.47329e-08)
(-0.000367804 0.00082901 1.9048e-08)
(-0.000167768 0.000365921 -3.98066e-10)
(-0.000167766 0.000365918 2.63413e-09)
(-0.000167774 0.000365942 1.28526e-08)
(-0.000167802 0.000366021 9.82039e-09)
(-7.48926e-05 0.000157751 -1.2701e-10)
(-7.48918e-05 0.00015775 1.41539e-09)
(-7.48964e-05 0.000157762 6.40746e-09)
(-7.49114e-05 0.000157801 4.86506e-09)
(-3.2632e-05 6.63509e-05 -3.09202e-11)
(-3.26318e-05 6.63506e-05 7.18885e-10)
(-3.26342e-05 6.63566e-05 3.07324e-09)
(-3.26417e-05 6.63752e-05 2.32344e-09)
(-1.38635e-05 2.72227e-05 -2.44511e-12)
(-1.38634e-05 2.72227e-05 3.4787e-10)
(-1.38646e-05 2.72255e-05 1.42131e-09)
(-1.38683e-05 2.72341e-05 1.07099e-09)
(-5.74133e-06 1.0897e-05 3.63554e-12)
(-5.74132e-06 1.0897e-05 1.60991e-10)
(-5.74189e-06 1.08983e-05 6.34915e-10)
(-5.74362e-06 1.09021e-05 4.77562e-10)
(-2.31817e-06 4.25738e-06 3.31953e-12)
(-2.31817e-06 4.25741e-06 7.15811e-11)
(-2.31843e-06 4.25796e-06 2.74422e-10)
(-2.31921e-06 4.25961e-06 2.06162e-10)
(-9.12964e-07 1.6243e-06 2.04908e-12)
(-9.12969e-07 1.62432e-06 3.0631e-11)
(-9.13082e-07 1.62455e-06 1.14907e-10)
(-9.13424e-07 1.62524e-06 8.63253e-11)
(-3.50899e-07 6.05527e-07 1.05842e-12)
(-3.50902e-07 6.05536e-07 1.26578e-11)
(-3.5095e-07 6.05629e-07 4.6682e-11)
(-3.51095e-07 6.05909e-07 3.50838e-11)
(-1.31706e-07 2.20706e-07 4.98835e-13)
(-1.31708e-07 2.2071e-07 5.05319e-12)
(-1.31728e-07 2.20747e-07 1.84178e-11)
(-1.31787e-07 2.20858e-07 1.38622e-11)
(-4.83079e-08 7.87027e-08 2.14955e-13)
(-4.83087e-08 7.87044e-08 1.95328e-12)
(-4.83165e-08 7.87183e-08 7.06605e-12)
(-4.83403e-08 7.87609e-08 5.32772e-12)
(-1.73267e-08 2.74749e-08 8.87856e-14)
(-1.73271e-08 2.74756e-08 7.32482e-13)
(-1.73301e-08 2.74808e-08 2.63553e-12)
(-1.73393e-08 2.74967e-08 1.99359e-12)
(-6.08134e-09 9.39581e-09 3.32946e-14)
(-6.08149e-09 9.39608e-09 2.65189e-13)
(-6.08261e-09 9.39793e-09 9.5795e-13)
(-6.08608e-09 9.40375e-09 7.27809e-13)
(-2.09007e-09 3.14959e-09 1.22664e-14)
(-2.09013e-09 3.1497e-09 9.28745e-14)
(-2.09054e-09 3.15033e-09 3.38787e-13)
(-2.09181e-09 3.15241e-09 2.59348e-13)
(-7.03868e-10 1.03553e-09 2.92058e-15)
(-7.03891e-10 1.03556e-09 3.09582e-14)
(-7.0403e-10 1.03578e-09 1.17407e-13)
(-7.04488e-10 1.0365e-09 8.99539e-14)
(-2.32416e-10 3.34125e-10 1.16823e-15)
(-2.32424e-10 3.34132e-10 1.05141e-14)
(-2.32471e-10 3.34209e-10 3.97199e-14)
(-2.32634e-10 3.34454e-10 3.09582e-14)
(-7.52902e-11 1.05865e-10 0)
(-7.52937e-11 1.05869e-10 4.08881e-15)
(-7.53148e-11 1.05892e-10 1.22664e-14)
(-7.53662e-11 1.05968e-10 9.92997e-15)
(-2.39476e-11 3.29596e-11 -1.16823e-15)
(-2.39464e-11 3.2952e-11 -5.84116e-16)
(-2.39523e-11 3.2952e-11 4.67293e-15)
(-2.39675e-11 3.29902e-11 4.67293e-15)
(-7.48136e-12 1.00869e-11 0)
(-7.48019e-12 1.00831e-11 -1.16823e-15)
(-7.48019e-12 1.00831e-11 1.75235e-15)
(-7.48954e-12 1.00984e-11 2.33646e-15)
(-2.29674e-12 3.028e-12 0)
(-2.29324e-12 3.03183e-12 1.16823e-15)
(-2.29558e-12 3.03183e-12 0)
(-2.30142e-12 3.03183e-12 0)
(-6.92762e-13 8.95767e-13 1.75235e-15)
(-6.92762e-13 9.07251e-13 1.16823e-15)
(-6.90425e-13 9.07251e-13 -2.33646e-15)
(-6.92762e-13 8.95767e-13 -5.84116e-16)
(-2.05609e-13 2.60308e-13 0)
(-2.09114e-13 2.64136e-13 5.84116e-16)
(-2.09114e-13 2.64136e-13 -5.84116e-16)
(-2.03272e-13 2.60308e-13 0)
(-5.84116e-14 8.03893e-14 -1.16823e-15)
(-6.30845e-14 7.27332e-14 -5.84116e-16)
(-6.07481e-14 7.27332e-14 1.75235e-15)
(-5.84116e-14 8.42174e-14 5.84116e-16)
(-1.98599e-14 1.91403e-14 -1.16823e-15)
(-1.86917e-14 1.14842e-14 0)
(-1.86917e-14 1.91403e-14 1.16823e-15)
(-2.10282e-14 1.91403e-14 0)
(-5.84116e-15 3.82806e-15 -1.16823e-15)
(-3.5047e-15 -3.82806e-15 -5.84116e-16)
(-5.84116e-15 -3.82806e-15 5.84116e-16)
(-4.67293e-15 3.82806e-15 1.16823e-15)
(0 -3.82806e-15 0)
(1.16823e-15 -3.82806e-15 0)
(1.16823e-15 0 5.84116e-16)
(-1.16823e-15 0 0)
(-0.0699118 -0.108293 5.23008e-08)
(-0.0699119 -0.108293 6.37815e-08)
(-0.0699119 -0.108294 -5.10016e-08)
(-0.0699115 -0.108293 -6.24823e-08)
(-0.0223595 -0.042962 3.38549e-08)
(-0.0223596 -0.0429623 4.75678e-08)
(-0.0223596 -0.0429624 -1.08296e-08)
(-0.0223595 -0.0429622 -2.45425e-08)
(-0.00857852 -0.018855 2.19664e-08)
(-0.00857856 -0.0188551 3.56829e-08)
(-0.00857856 -0.0188553 5.76693e-09)
(-0.00857851 -0.0188552 -7.94953e-09)
(-0.00371255 -0.00864798 1.37106e-08)
(-0.00371257 -0.00864809 2.5081e-08)
(-0.00371259 -0.00864818 1.07317e-08)
(-0.00371257 -0.00864817 -6.38656e-10)
(-0.00170223 -0.00400479 8.1723e-09)
(-0.00170225 -0.00400485 1.63414e-08)
(-0.00170226 -0.00400492 9.87974e-09)
(-0.00170226 -0.00400493 1.71069e-09)
(-0.000793705 -0.00183905 4.65602e-09)
(-0.000793716 -0.00183909 9.92951e-09)
(-0.000793726 -0.00183913 7.16487e-09)
(-0.000793727 -0.00183914 1.89138e-09)
(-0.000368135 -0.000829969 2.53849e-09)
(-0.000368142 -0.000829989 5.67601e-09)
(-0.000368149 -0.000830014 4.5406e-09)
(-0.000368151 -0.000830026 1.40308e-09)
(-0.000167982 -0.000366508 1.32752e-09)
(-0.000167986 -0.000366519 3.07324e-09)
(-0.00016799 -0.000366533 2.62337e-09)
(-0.000167992 -0.00036654 8.77647e-10)
(-7.50051e-05 -0.00015804 6.66817e-10)
(-7.50071e-05 -0.000158045 1.5851e-09)
(-7.50097e-05 -0.000158052 1.41236e-09)
(-7.50109e-05 -0.000158056 4.9408e-10)
(-3.26886e-05 -6.6488e-05 3.22441e-10)
(-3.26896e-05 -6.64906e-05 7.81966e-10)
(-3.2691e-05 -6.64942e-05 7.17587e-10)
(-3.26917e-05 -6.64963e-05 2.58061e-10)
(-1.38908e-05 -2.72856e-05 1.5028e-10)
(-1.38913e-05 -2.72868e-05 3.70283e-10)
(-1.3892e-05 -2.72885e-05 3.46905e-10)
(-1.38924e-05 -2.72895e-05 1.269e-10)
(-5.75405e-06 -1.09248e-05 6.76494e-11)
(-5.75429e-06 -1.09254e-05 1.68742e-10)
(-5.75464e-06 -1.09262e-05 1.60448e-10)
(-5.75484e-06 -1.09267e-05 5.93561e-11)
(-2.32389e-06 -4.26935e-06 2.9443e-11)
(-2.324e-06 -4.26958e-06 7.41857e-11)
(-2.32416e-06 -4.26994e-06 7.12937e-11)
(-2.32426e-06 -4.27015e-06 2.65516e-11)
(-9.15451e-07 -1.62929e-06 1.24125e-11)
(-9.15499e-07 -1.62939e-06 3.1523e-11)
(-9.15573e-07 -1.62954e-06 3.05259e-11)
(-9.15617e-07 -1.62963e-06 1.14154e-11)
(-3.51946e-07 -6.07545e-07 5.07188e-12)
(-3.51967e-07 -6.07585e-07 1.29697e-11)
(-3.51999e-07 -6.07648e-07 1.26251e-11)
(-3.52018e-07 -6.07686e-07 4.72842e-12)
(-1.32134e-07 -2.21501e-07 2.01228e-12)
(-1.32143e-07 -2.21517e-07 5.17176e-12)
(-1.32156e-07 -2.21542e-07 5.05319e-12)
(-1.32164e-07 -2.21557e-07 1.8937e-12)
(-4.8478e-08 -7.90071e-08 7.75122e-13)
(-4.84814e-08 -7.90133e-08 2.00293e-12)
(-4.84868e-08 -7.90231e-08 1.96029e-12)
(-4.84901e-08 -7.90289e-08 7.33066e-13)
(-1.73925e-08 -2.75886e-08 2.89722e-13)
(-1.73938e-08 -2.7591e-08 7.5351e-13)
(-1.73959e-08 -2.75947e-08 7.38323e-13)
(-1.73972e-08 -2.75969e-08 2.75119e-13)
(-6.10608e-09 -9.43724e-09 1.06309e-13)
(-6.10658e-09 -9.43809e-09 2.75703e-13)
(-6.10739e-09 -9.43944e-09 2.70446e-13)
(-6.10787e-09 -9.44025e-09 1.00468e-13)
(-2.09915e-09 -3.16433e-09 3.85517e-14)
(-2.09933e-09 -3.16463e-09 9.81315e-14)
(-2.09963e-09 -3.16512e-09 9.69633e-14)
(-2.09981e-09 -3.16541e-09 3.62152e-14)
(-7.07113e-10 -1.04065e-09 1.22664e-14)
(-7.07181e-10 -1.04075e-09 3.38787e-14)
(-7.07286e-10 -1.04092e-09 3.32946e-14)
(-7.07351e-10 -1.04102e-09 1.22664e-14)
(-2.33552e-10 -3.35874e-10 3.5047e-15)
(-2.33576e-10 -3.35909e-10 1.16823e-14)
(-2.3361e-10 -3.35966e-10 1.22664e-14)
(-2.33631e-10 -3.36004e-10 4.67293e-15)
(-7.56828e-11 -1.06447e-10 1.16823e-15)
(-7.56909e-11 -1.06451e-10 4.08881e-15)
(-7.57014e-11 -1.06481e-10 4.67293e-15)
(-7.57108e-11 -1.06493e-10 1.75235e-15)
(-2.40784e-11 -3.31395e-11 0)
(-2.40784e-11 -3.31395e-11 1.75235e-15)
(-2.40819e-11 -3.31587e-11 2.92058e-15)
(-2.40831e-11 -3.31625e-11 1.16823e-15)
(-7.52225e-12 -1.01367e-11 0)
(-7.51991e-12 -1.01405e-11 1.75235e-15)
(-7.52692e-12 -1.0152e-11 2.92058e-15)
(-7.52575e-12 -1.01597e-11 1.16823e-15)
(-2.3131e-12 -3.04331e-12 1.16823e-15)
(-2.31076e-12 -3.05479e-12 1.75235e-15)
(-2.31193e-12 -3.05479e-12 5.84116e-16)
(-2.31544e-12 -3.06245e-12 1.16823e-15)
(-6.96266e-13 -8.91939e-13 1.16823e-15)
(-6.98603e-13 -9.03423e-13 1.75235e-15)
(-6.96266e-13 -9.07251e-13 0)
(-7.00939e-13 -8.95767e-13 -1.75235e-15)
(-2.04441e-13 -2.60308e-13 0)
(-2.07945e-13 -2.60308e-13 0)
(-2.09114e-13 -2.64136e-13 5.84116e-16)
(-2.06777e-13 -2.60308e-13 -5.84116e-16)
(-6.30845e-14 -6.89051e-14 0)
(-6.30845e-14 -6.89051e-14 5.84116e-16)
(-5.72434e-14 -7.65613e-14 1.16823e-15)
(-5.72434e-14 -7.27332e-14 -1.16823e-15)
(-1.75235e-14 -1.14842e-14 0)
(-1.75235e-14 -7.65613e-15 1.16823e-15)
(-1.86917e-14 -2.67964e-14 2.92058e-15)
(-1.75235e-14 -2.29684e-14 -1.16823e-15)
(-2.33646e-15 0 0)
(-2.33646e-15 0 0)
(-9.34586e-15 0 0)
(-5.84116e-15 -3.82806e-15 1.16823e-15)
(0 0 0)
(0 0 0)
(1.16823e-15 3.82806e-15 0)
(-1.16823e-15 -3.82806e-15 1.16823e-15)
(-0.214306 -0.0336482 3.21457e-08)
(-0.188016 -0.00836031 1.22551e-08)
(-0.180865 -0.00230559 7.4079e-09)
(-0.178794 -0.000586593 5.34086e-09)
(-0.178519 0.000267146 1.88179e-08)
(-0.179862 0.00176775 7.16983e-09)
(-0.18559 0.00713765 3.09649e-08)
(-0.208413 0.0301817 3.36204e-08)
(-0.214307 -0.0336484 8.81997e-10)
(-0.188016 -0.00836036 -1.44568e-08)
(-0.180865 -0.0023056 -1.71242e-08)
(-0.178794 -0.000586571 -9.74093e-09)
(-0.178519 0.00026715 1.47039e-08)
(-0.179863 0.00176777 9.00035e-09)
(-0.18559 0.00713771 6.99024e-08)
(-0.208413 0.0301815 1.12432e-07)
(-0.214306 -0.0336485 -1.65787e-07)
(-0.188016 -0.00836034 -1.47892e-07)
(-0.180865 -0.00230558 -1.12254e-07)
(-0.178794 -0.00058653 -7.50297e-08)
(-0.178519 0.000267183 -7.62625e-08)
(-0.179863 0.00176786 -1.9746e-08)
(-0.18559 0.00713786 1.58011e-08)
(-0.208414 0.0301819 1.68869e-07)
(-0.214305 -0.0336483 -1.34523e-07)
(-0.188015 -0.00836025 -1.2118e-07)
(-0.180864 -0.00230546 -8.77217e-08)
(-0.178793 -0.000586499 -5.9948e-08)
(-0.178518 0.00026726 -7.21485e-08)
(-0.179862 0.00176796 -2.15765e-08)
(-0.18559 0.00713808 -2.31364e-08)
(-0.208415 0.0301833 9.00572e-08)
(-0.0668013 0.100905 -5.81349e-08)
(-0.0668012 0.100904 7.74976e-08)
(-0.0668015 0.100905 4.99353e-07)
(-0.0668023 0.100908 3.6372e-07)
(-0.0210289 0.0391114 -3.49978e-08)
(-0.0210288 0.0391111 5.2955e-08)
(-0.0210289 0.0391118 3.58919e-07)
(-0.0210293 0.039114 2.70967e-07)
(-0.00788781 0.0167894 -1.76145e-08)
(-0.00788776 0.0167892 4.0208e-08)
(-0.00788786 0.0167897 2.43662e-07)
(-0.00788817 0.0167912 1.8584e-07)
(-0.00333459 0.00756015 -7.79813e-09)
(-0.00333456 0.00756009 2.87366e-08)
(-0.00333463 0.00756038 1.51829e-07)
(-0.00333487 0.0075613 1.15294e-07)
(-0.00149814 0.00345102 -3.03798e-09)
(-0.00149813 0.003451 1.88517e-08)
(-0.00149818 0.00345117 8.83737e-08)
(-0.00149834 0.0034517 6.6484e-08)
(-0.000687313 0.00156758 -9.86315e-10)
(-0.000687307 0.00156757 1.14321e-08)
(-0.000687338 0.00156767 4.87769e-08)
(-0.000687433 0.00156796 3.63585e-08)
(-0.000314869 0.000701769 -2.13612e-10)
(-0.000314867 0.000701767 6.4964e-09)
(-0.000314885 0.000701821 2.57384e-08)
(-0.000314939 0.000701973 1.90284e-08)
(-0.000142363 0.000308098 2.60884e-11)
(-0.000142363 0.000308098 3.4879e-09)
(-0.000142373 0.000308126 1.30514e-08)
(-0.000142402 0.000308202 9.58963e-09)
(-6.31454e-05 0.000132315 6.90834e-11)
(-6.31453e-05 0.000132315 1.78336e-09)
(-6.31506e-05 0.000132329 6.37719e-09)
(-6.31654e-05 0.000132367 4.66292e-09)
(-2.73922e-05 5.55162e-05 5.60623e-11)
(-2.73923e-05 5.55166e-05 8.71746e-10)
(-2.7395e-05 5.55232e-05 3.00917e-09)
(-2.74023e-05 5.55407e-05 2.19348e-09)
(-1.16041e-05 2.2746e-05 3.48227e-11)
(-1.16041e-05 2.27463e-05 4.09262e-10)
(-1.16054e-05 2.27493e-05 1.37317e-09)
(-1.16089e-05 2.27573e-05 9.98729e-10)
(-4.79761e-06 9.09998e-06 1.90498e-11)
(-4.79766e-06 9.10014e-06 1.84891e-10)
(-4.79827e-06 9.10146e-06 6.06821e-10)
(-4.79989e-06 9.10499e-06 4.40978e-10)
(-1.93567e-06 3.5556e-06 9.51233e-12)
(-1.9357e-06 3.55567e-06 8.06273e-11)
(-1.93597e-06 3.55624e-06 2.59984e-10)
(-1.93669e-06 3.55775e-06 1.88869e-10)
(-7.62282e-07 1.35732e-06 4.4644e-12)
(-7.62298e-07 1.35735e-06 3.39739e-11)
(-7.62416e-07 1.35759e-06 1.08105e-10)
(-7.6273e-07 1.35822e-06 7.85957e-11)
(-2.93124e-07 5.06467e-07 1.97899e-12)
(-2.93131e-07 5.06483e-07 1.38663e-11)
(-2.93181e-07 5.06578e-07 4.3672e-11)
(-2.93313e-07 5.06833e-07 3.17858e-11)
(-1.10117e-07 1.84822e-07 8.38791e-13)
(-1.1012e-07 1.84829e-07 5.48485e-12)
(-1.10141e-07 1.84866e-07 1.71555e-11)
(-1.10195e-07 1.84966e-07 1.251e-11)
(-4.04366e-08 6.59989e-08 3.41708e-13)
(-4.0438e-08 6.60016e-08 2.10515e-12)
(-4.0446e-08 6.60158e-08 6.55962e-12)
(-4.04675e-08 6.60541e-08 4.79442e-12)
(-1.45236e-08 2.30757e-08 1.34931e-13)
(-1.45242e-08 2.30767e-08 7.84468e-13)
(-1.45273e-08 2.30819e-08 2.44277e-12)
(-1.45356e-08 2.30963e-08 1.79207e-12)
(-5.10538e-09 7.90435e-09 4.96499e-14)
(-5.10561e-09 7.90474e-09 2.8388e-13)
(-5.10674e-09 7.90662e-09 8.88441e-13)
(-5.10987e-09 7.91184e-09 6.52458e-13)
(-1.75754e-09 2.65416e-09 1.81076e-14)
(-1.75763e-09 2.65431e-09 1.00468e-13)
(-1.75804e-09 2.65497e-09 3.13086e-13)
(-1.75919e-09 2.65682e-09 2.31894e-13)
(-5.92901e-10 8.74177e-10 5.25704e-15)
(-5.92933e-10 8.74226e-10 3.44628e-14)
(-5.93083e-10 8.74448e-10 1.07477e-13)
(-5.93485e-10 8.7508e-10 7.82716e-14)
(-1.96124e-10 2.82561e-10 1.75235e-15)
(-1.96135e-10 2.8258e-10 1.05141e-14)
(-1.96182e-10 2.82641e-10 3.73834e-14)
(-1.96323e-10 2.82879e-10 2.97899e-14)
(-6.36488e-11 8.968e-11 1.16823e-15)
(-6.36535e-11 8.96915e-11 3.5047e-15)
(-6.36663e-11 8.97107e-11 1.28506e-14)
(-6.37177e-11 8.97872e-11 9.34586e-15)
(-2.0277e-11 2.7964e-11 0)
(-2.02805e-11 2.79678e-11 1.75235e-15)
(-2.02828e-11 2.79755e-11 4.67293e-15)
(-2.0298e-11 2.80061e-11 4.08881e-15)
(-6.3435e-12 8.57103e-12 0)
(-6.34467e-12 8.56721e-12 0)
(-6.34934e-12 8.57869e-12 3.5047e-15)
(-6.35518e-12 8.594e-12 2.33646e-15)
(-1.94978e-12 2.58777e-12 0)
(-1.94744e-12 2.58394e-12 -1.16823e-15)
(-1.94978e-12 2.58777e-12 2.33646e-15)
(-1.95562e-12 2.59543e-12 5.84116e-16)
(-5.92294e-13 7.73269e-13 1.16823e-15)
(-5.91125e-13 7.80925e-13 0)
(-5.89957e-13 7.73269e-13 -1.75235e-15)
(-5.93462e-13 7.65613e-13 -1.16823e-15)
(-1.77571e-13 2.25856e-13 0)
(-1.83412e-13 2.22028e-13 -1.16823e-15)
(-1.82244e-13 2.25856e-13 0)
(-1.77571e-13 2.22028e-13 0)
(-5.14022e-14 6.1249e-14 -1.16823e-15)
(-5.14022e-14 4.97648e-14 -1.75235e-15)
(-5.37387e-14 5.35929e-14 1.75235e-15)
(-5.0234e-14 5.74209e-14 0)
(-1.5187e-14 1.53123e-14 -1.16823e-15)
(-1.40188e-14 7.65613e-15 -5.84116e-16)
(-1.5187e-14 7.65613e-15 5.84116e-16)
(-1.5187e-14 1.53123e-14 1.16823e-15)
(-4.67293e-15 0 0)
(-2.33646e-15 0 -5.84116e-16)
(-1.16823e-15 -7.65613e-15 0)
(-3.5047e-15 0 5.84116e-16)
(0 0 0)
(0 -3.82806e-15 -5.84116e-16)
(1.16823e-15 0 5.84116e-16)
(0 0 0)
(-1.73782 -2.67036 5.71929e-08)
(-1.73782 -2.67036 6.1386e-08)
(-1.73782 -2.67036 -8.73858e-08)
(-1.73782 -2.67036 -9.15789e-08)
(-0.514293 -1.15341 1.09368e-07)
(-0.514293 -1.15341 1.31193e-07)
(-0.514292 -1.15341 -1.36508e-07)
(-0.514293 -1.15341 -1.58333e-07)
(-0.197292 -0.613187 1.35809e-07)
(-0.197292 -0.613188 1.7105e-07)
(-0.197292 -0.613188 -1.52882e-07)
(-0.197292 -0.613187 -1.88123e-07)
(-0.0968898 -0.364239 1.42996e-07)
(-0.0968898 -0.364241 1.85985e-07)
(-0.0968898 -0.364241 -1.50203e-07)
(-0.0968897 -0.364239 -1.93192e-07)
(-0.0559614 -0.225628 1.34851e-07)
(-0.0559614 -0.225629 1.80481e-07)
(-0.0559614 -0.225629 -1.3181e-07)
(-0.0559613 -0.225628 -1.7744e-07)
(-0.0348871 -0.140394 1.1646e-07)
(-0.0348871 -0.140395 1.60932e-07)
(-0.0348872 -0.140395 -1.02217e-07)
(-0.034887 -0.140394 -1.4669e-07)
(-0.02223 -0.0860797 9.33551e-08)
(-0.0222301 -0.0860805 1.34281e-07)
(-0.0222301 -0.0860808 -6.79226e-08)
(-0.02223 -0.0860799 -1.08849e-07)
(-0.0140578 -0.0514739 7.01668e-08)
(-0.0140579 -0.0514745 1.06075e-07)
(-0.0140579 -0.0514748 -3.6077e-08)
(-0.0140578 -0.0514742 -7.19852e-08)
(-0.00868518 -0.0298485 4.98344e-08)
(-0.00868525 -0.0298488 7.98151e-08)
(-0.00868527 -0.0298491 -1.21773e-08)
(-0.00868517 -0.0298488 -4.2158e-08)
(-0.00519788 -0.0167332 3.36297e-08)
(-0.00519793 -0.0167335 5.72344e-08)
(-0.00519796 -0.0167337 2.00712e-09)
(-0.00519789 -0.0167335 -2.15975e-08)
(-0.00300032 -0.00905695 2.16359e-08)
(-0.00300036 -0.00905712 3.90706e-08)
(-0.00300039 -0.00905726 8.05133e-09)
(-0.00300035 -0.00905719 -9.3833e-09)
(-0.00166736 -0.00473191 1.33026e-08)
(-0.00166739 -0.00473202 2.53583e-08)
(-0.00166741 -0.00473212 8.93941e-09)
(-0.00166739 -0.00473209 -3.11623e-09)
(-0.000891897 -0.00238751 7.82745e-09)
(-0.000891914 -0.00238757 1.56522e-08)
(-0.000891929 -0.00238763 7.40678e-09)
(-0.000891922 -0.00238763 -4.18014e-10)
(-0.00045953 -0.00116433 4.41494e-09)
(-0.000459541 -0.00116436 9.19631e-09)
(-0.000459551 -0.0011644 5.24747e-09)
(-0.000459549 -0.0011644 4.66101e-10)
(-0.000228306 -0.000549389 2.38957e-09)
(-0.000228313 -0.000549408 5.1532e-09)
(-0.000228319 -0.00054943 3.34097e-09)
(-0.000228319 -0.000549435 5.77338e-10)
(-0.000109523 -0.000251101 1.24315e-09)
(-0.000109527 -0.000251111 2.75943e-09)
(-0.000109531 -0.000251123 1.95969e-09)
(-0.000109531 -0.000251127 4.43407e-10)
(-5.08025e-05 -0.000111296 6.22325e-10)
(-5.08044e-05 -0.000111301 1.4154e-09)
(-5.08066e-05 -0.000111307 1.07478e-09)
(-5.08072e-05 -0.000111309 2.81707e-10)
(-2.28167e-05 -4.78912e-05 3.00303e-10)
(-2.28176e-05 -4.78936e-05 6.96872e-10)
(-2.28188e-05 -4.78968e-05 5.56511e-10)
(-2.28192e-05 -4.78981e-05 1.5994e-10)
(-9.9354e-06 -2.00289e-05 1.39836e-10)
(-9.93588e-06 -2.003e-05 3.30076e-10)
(-9.9365e-06 -2.00315e-05 2.7394e-10)
(-9.93673e-06 -2.00322e-05 8.37015e-11)
(-4.19986e-06 -8.14961e-06 6.2942e-11)
(-4.20008e-06 -8.15011e-06 1.50678e-10)
(-4.20039e-06 -8.15082e-06 1.28844e-10)
(-4.20052e-06 -8.15115e-06 4.11072e-11)
(-1.72552e-06 -3.22947e-06 2.74126e-11)
(-1.72562e-06 -3.22969e-06 6.64187e-11)
(-1.72576e-06 -3.23e-06 5.81377e-11)
(-1.72583e-06 -3.23015e-06 1.9131e-11)
(-6.8981e-07 -1.24754e-06 1.1569e-11)
(-6.89855e-07 -1.24764e-06 2.83162e-11)
(-6.89919e-07 -1.24777e-06 2.52461e-11)
(-6.8995e-07 -1.24784e-06 8.49947e-12)
(-2.68614e-07 -4.70227e-07 4.7366e-12)
(-2.68633e-07 -4.70265e-07 1.16928e-11)
(-2.68661e-07 -4.70321e-07 1.05766e-11)
(-2.68675e-07 -4.7035e-07 3.61977e-12)
(-1.01989e-07 -1.73088e-07 1.88553e-12)
(-1.01997e-07 -1.73103e-07 4.68344e-12)
(-1.02008e-07 -1.73125e-07 4.28449e-12)
(-1.02015e-07 -1.73137e-07 1.48541e-12)
(-3.77933e-08 -6.22722e-08 7.28393e-13)
(-3.77966e-08 -6.22781e-08 1.82244e-12)
(-3.78013e-08 -6.22868e-08 1.68225e-12)
(-3.78038e-08 -6.22915e-08 5.88789e-13)
(-1.36807e-08 -2.19147e-08 2.72782e-13)
(-1.36819e-08 -2.19169e-08 6.88089e-13)
(-1.36838e-08 -2.19202e-08 6.41359e-13)
(-1.36848e-08 -2.1922e-08 2.23716e-13)
(-4.84173e-09 -7.5495e-09 9.92997e-14)
(-4.84221e-09 -7.5503e-09 2.52922e-13)
(-4.84293e-09 -7.55152e-09 2.37151e-13)
(-4.84332e-09 -7.5522e-09 8.41127e-14)
(-1.67666e-09 -2.54776e-09 3.5047e-14)
(-1.67684e-09 -2.54804e-09 8.99539e-14)
(-1.6771e-09 -2.54848e-09 8.52809e-14)
(-1.67725e-09 -2.54872e-09 3.0374e-14)
(-5.68559e-10 -8.42855e-10 1.10982e-14)
(-5.68622e-10 -8.42951e-10 3.15423e-14)
(-5.6872e-10 -8.43108e-10 2.92058e-14)
(-5.68774e-10 -8.43188e-10 1.05141e-14)
(-1.88932e-10 -2.73523e-10 2.92058e-15)
(-1.88953e-10 -2.7355e-10 1.05141e-14)
(-1.88987e-10 -2.73603e-10 9.92997e-15)
(-1.89008e-10 -2.73626e-10 2.92058e-15)
(-6.15693e-11 -8.71229e-11 5.84116e-16)
(-6.1574e-11 -8.71344e-11 4.08881e-15)
(-6.15857e-11 -8.71497e-11 2.92058e-15)
(-6.15892e-11 -8.71573e-11 1.16823e-15)
(-1.96835e-11 -2.7252e-11 0)
(-1.96894e-11 -2.7252e-11 1.16823e-15)
(-1.96964e-11 -2.72596e-11 1.75235e-15)
(-1.96964e-11 -2.72673e-11 1.16823e-15)
(-6.17995e-12 -8.38729e-12 -5.84116e-16)
(-6.18345e-12 -8.3758e-12 -2.33646e-15)
(-6.18345e-12 -8.37197e-12 -5.84116e-16)
(-6.18579e-12 -8.37197e-12 0)
(-1.90655e-12 -2.53035e-12 0)
(-1.90422e-12 -2.52652e-12 -5.84116e-16)
(-1.90305e-12 -2.52652e-12 0)
(-1.90655e-12 -2.52269e-12 -1.16823e-15)
(-5.78275e-13 -7.57957e-13 0)
(-5.73602e-13 -7.57957e-13 0)
(-5.79443e-13 -7.57957e-13 -1.16823e-15)
(-5.75938e-13 -7.503e-13 -1.16823e-15)
(-1.77571e-13 -2.22028e-13 0)
(-1.76403e-13 -2.25856e-13 -5.84116e-16)
(-1.7874e-13 -2.10543e-13 -1.75235e-15)
(-1.76403e-13 -2.10543e-13 0)
(-5.14022e-14 -4.97648e-14 5.84116e-16)
(-5.37387e-14 -5.74209e-14 0)
(-4.90658e-14 -4.59368e-14 -5.84116e-16)
(-4.78975e-14 -5.35929e-14 5.84116e-16)
(-1.40188e-14 -7.65613e-15 0)
(-1.5187e-14 -7.65613e-15 0)
(-1.16823e-14 -7.65613e-15 5.84116e-16)
(-1.5187e-14 -1.14842e-14 0)
(-3.5047e-15 0 0)
(-2.33646e-15 0 0)
(-2.33646e-15 0 0)
(-3.5047e-15 3.82806e-15 -5.84116e-16)
(1.16823e-15 1.14842e-14 1.16823e-15)
(0 3.82806e-15 1.16823e-15)
(0 3.82806e-15 0)
(2.33646e-15 3.82806e-15 0)
)
;
    }
    front
    {
        type            symmetryPlane;
    }
    back
    {
        type            symmetryPlane;
    }
}


// ************************************************************************* //
