/*--------------------------------*- C++ -*----------------------------------*\
| =========                 |                                                 |
| \\      /  F ield         | OpenFOAM: The Open Source CFD Toolbox           |
|  \\    /   O peration     | Version:                                        |
|   \\  /    A nd           | Website:  www.openfoam.com                      |
|    \\/     M anipulation  |                                                 |
\*---------------------------------------------------------------------------*/
FoamFile
{
    version     2.0;
    format      ascii;
    class       volVectorField;
    location    "0.2";
    object      flux;
}
// * * * * * * * * * * * * * * * * * * * * * * * * * * * * * * * * * * * * * //

dimensions      [0 1 -1 1 0 0 0];


internalField   nonuniform List<vector> 
4352
(
(-1.79642 1.62839 -5.37488e-07)
(-0.550941 0.748008 -8.1243e-07)
(-0.205591 0.337788 -6.1028e-07)
(-0.0846193 0.143964 -3.33384e-07)
(-0.0349002 0.0570437 -1.46121e-07)
(-0.0137172 0.0209722 -5.36768e-08)
(-0.00504782 0.0071795 -1.69912e-08)
(-0.00173456 0.00230103 -4.7115e-09)
(-1.21471 0.415418 -4.63462e-07)
(-0.739659 0.36283 -6.19024e-07)
(-0.398453 0.208051 -4.41995e-07)
(-0.196125 0.0994511 -2.33466e-07)
(-0.0880915 0.0420001 -9.93622e-08)
(-0.0361469 0.0160663 -3.58537e-08)
(-0.0136234 0.0056508 -1.15007e-08)
(-0.00475049 0.00184725 -3.62789e-09)
(-1.01817 0.115597 -3.70825e-07)
(-0.758307 0.14771 -5.69211e-07)
(-0.46897 0.101809 -4.16274e-07)
(-0.250671 0.0543288 -2.14438e-07)
(-0.118285 0.0246664 -8.53202e-08)
(-0.0500665 0.00993042 -2.73035e-08)
(-0.0192668 0.00362865 -7.55479e-09)
(-0.00681935 0.00122178 -2.47585e-09)
(-0.951402 0.0340615 -2.53697e-07)
(-0.753447 0.0549102 -2.89916e-07)
(-0.491835 0.043183 -1.6558e-07)
(-0.273267 0.0252276 -5.90743e-08)
(-0.13249 0.01224 -9.70526e-09)
(-0.0571847 0.00518551 2.79867e-09)
(-0.022332 0.00197244 1.92406e-09)
(-0.00799617 0.000684243 -6.69505e-10)
(-0.929196 0.0102565 -1.08873e-07)
(-0.749186 0.0190711 -1.34525e-07)
(-0.498653 0.0164908 -7.30849e-08)
(-0.281614 0.01036 -2.16057e-08)
(-0.138327 0.00532528 -1.01987e-09)
(-0.0603341 0.00236345 1.28667e-09)
(-0.0237681 0.000929657 -1.7963e-09)
(-0.00857397 0.00032236 -5.25341e-09)
(-0.922075 0.00306839 -6.60779e-08)
(-0.747212 0.00623918 -5.86725e-08)
(-0.500546 0.0057851 -1.93356e-08)
(-0.284433 0.0038538 1.55803e-09)
(-0.140486 0.00208041 3.48508e-09)
(-0.0615803 0.000956713 -1.84237e-09)
(-0.0243731 0.000369644 -8.45149e-09)
(-0.008833 8.52695e-05 -1.16584e-08)
(-0.919888 0.000896604 -2.67804e-08)
(-0.746469 0.00193215 -2.3472e-08)
(-0.501038 0.00188866 -7.46411e-09)
(-0.285318 0.00131923 -2.44898e-09)
(-0.141224 0.000738758 -5.15928e-09)
(-0.0620448 0.000333992 -8.58338e-09)
(-0.0246396 6.73042e-05 -7.97311e-09)
(-0.00897791 -0.000179332 -1.3793e-09)
(-0.919246 0.000253863 -1.95647e-08)
(-0.74622 0.000568757 -1.58346e-08)
(-0.501159 0.000578964 -7.22937e-09)
(-0.285583 0.00041924 -7.15989e-09)
(-0.141472 0.000235563 -9.87123e-09)
(-0.0622518 7.36557e-05 -9.88294e-09)
(-0.0248864 -0.000151149 -7.11213e-09)
(-0.00924512 -0.000810549 -1.02743e-09)
(-1.79642 1.62839 -4.62009e-07)
(-0.550941 0.748005 -3.82734e-07)
(-0.20559 0.337786 -8.54662e-08)
(-0.0846184 0.143963 7.93605e-08)
(-0.0348996 0.0570432 1.03023e-07)
(-0.013717 0.020972 6.93785e-08)
(-0.00504772 0.00717944 3.45971e-08)
(-0.00173453 0.00230101 1.38218e-08)
(-1.21471 0.415418 3.45414e-07)
(-0.739659 0.362831 1.0199e-06)
(-0.398452 0.208052 1.25797e-06)
(-0.196124 0.0994513 1.05409e-06)
(-0.0880911 0.0420002 6.81833e-07)
(-0.0361468 0.0160663 3.62188e-07)
(-0.0136233 0.00565082 1.63128e-07)
(-0.00475047 0.00184725 6.35459e-08)
(-1.01817 0.115597 3.64672e-07)
(-0.758307 0.147711 1.23327e-06)
(-0.468969 0.101809 1.52698e-06)
(-0.25067 0.0543292 1.26245e-06)
(-0.118285 0.0246666 8.03327e-07)
(-0.0500663 0.0099305 4.18197e-07)
(-0.0192668 0.00362868 1.83895e-07)
(-0.00681934 0.00122179 6.9096e-08)
(-0.951403 0.034062 4.49387e-07)
(-0.753447 0.0549111 1.24631e-06)
(-0.491834 0.0431837 1.44622e-06)
(-0.273267 0.025228 1.15411e-06)
(-0.13249 0.0122402 7.16205e-07)
(-0.0571847 0.00518557 3.64466e-07)
(-0.022332 0.00197245 1.55596e-07)
(-0.00799617 0.000684237 5.59569e-08)
(-0.929196 0.0102568 3.12635e-07)
(-0.749186 0.0190716 8.45126e-07)
(-0.498652 0.0164911 9.56609e-07)
(-0.281613 0.0103601 7.40378e-07)
(-0.138327 0.0053253 4.40591e-07)
(-0.0603341 0.00236344 2.10226e-07)
(-0.0237681 0.000929636 8.01925e-08)
(-0.00857398 0.000322338 2.16078e-08)
(-0.922075 0.00306856 1.8324e-07)
(-0.747212 0.0062394 4.73793e-07)
(-0.500546 0.00578523 5.10755e-07)
(-0.284433 0.00385384 3.67968e-07)
(-0.140486 0.0020804 1.94681e-07)
(-0.0615804 0.000956693 7.32583e-08)
(-0.0243731 0.000369632 1.18364e-08)
(-0.00883299 8.52773e-05 -7.85468e-09)
(-0.919888 0.000896697 8.77891e-08)
(-0.746469 0.00193224 2.08435e-07)
(-0.501038 0.00188869 1.94235e-07)
(-0.285318 0.00131921 1.02677e-07)
(-0.141224 0.000738731 1.80719e-08)
(-0.0620448 0.000333976 -2.47362e-08)
(-0.0246395 6.73069e-05 -2.97426e-08)
(-0.00897789 -0.00017931 -1.4224e-08)
(-0.919246 0.000253889 3.0688e-08)
(-0.74622 0.000568778 5.55392e-08)
(-0.501159 0.00057896 1.31382e-08)
(-0.285583 0.000419221 -4.90275e-08)
(-0.141472 0.000235544 -8.26303e-08)
(-0.0622518 7.36453e-05 -7.95599e-08)
(-0.0248864 -0.000151145 -5.57308e-08)
(-0.0092451 -0.000810552 -2.53604e-08)
(-1.79642 1.62839 1.12137e-06)
(-0.55094 0.748009 2.25569e-06)
(-0.20559 0.33779 2.51645e-06)
(-0.084619 0.143966 2.05579e-06)
(-0.0349002 0.0570452 1.3377e-06)
(-0.0137174 0.0209731 7.26374e-07)
(-0.00504793 0.0071799 3.39081e-07)
(-0.00173462 0.00230118 1.39198e-07)
(-1.21471 0.415419 3.58052e-06)
(-0.739657 0.362834 7.93116e-06)
(-0.398453 0.208054 8.2933e-06)
(-0.196126 0.0994535 6.21311e-06)
(-0.0880929 0.0420015 3.71447e-06)
(-0.036148 0.016067 1.86463e-06)
(-0.013624 0.0056511 8.10329e-07)
(-0.00475077 0.00184736 3.11073e-07)
(-1.01816 0.115597 4.30369e-06)
(-0.758305 0.147711 8.82907e-06)
(-0.46897 0.101809 8.94561e-06)
(-0.250672 0.054329 6.61073e-06)
(-0.118287 0.0246665 3.9404e-06)
(-0.0500677 0.00993042 1.98559e-06)
(-0.0192675 0.00362864 8.69906e-07)
(-0.00681968 0.00122177 3.38485e-07)
(-0.951399 0.0340614 3.33428e-06)
(-0.753445 0.0549095 7.06127e-06)
(-0.491835 0.0431819 7.21914e-06)
(-0.273269 0.0252266 5.34205e-06)
(-0.132491 0.0122393 3.17169e-06)
(-0.0571858 0.00518509 1.58435e-06)
(-0.0223326 0.00197223 6.86162e-07)
(-0.00799644 0.000684148 2.64881e-07)
(-0.929193 0.0102559 2.22924e-06)
(-0.749185 0.0190696 4.55592e-06)
(-0.498653 0.016489 4.54857e-06)
(-0.281615 0.0103584 3.29363e-06)
(-0.138328 0.00532423 1.91062e-06)
(-0.0603348 0.00236287 9.28566e-07)
(-0.0237685 0.000929369 3.91513e-07)
(-0.00857413 0.000322233 1.55157e-07)
(-0.922073 0.00306795 1.1881e-06)
(-0.747212 0.00623791 2.41324e-06)
(-0.500546 0.00578357 2.35827e-06)
(-0.284433 0.00385253 1.64685e-06)
(-0.140487 0.00207956 9.02786e-07)
(-0.0615807 0.000956243 4.05202e-07)
(-0.0243733 0.000369424 1.64493e-07)
(-0.00883302 8.51979e-05 7.93667e-08)
(-0.919887 0.000896299 5.9994e-07)
(-0.746469 0.00193132 1.11696e-06)
(-0.501038 0.00188767 9.80973e-07)
(-0.285319 0.0013184 5.79792e-07)
(-0.141224 0.000738203 2.33551e-07)
(-0.0620449 0.000333687 4.86702e-08)
(-0.0246395 6.71691e-05 -9.35158e-09)
(-0.00897786 -0.000179367 -1.44508e-08)
(-0.919246 0.000253695 2.62261e-07)
(-0.74622 0.000568303 3.98419e-07)
(-0.501159 0.000578424 2.26583e-07)
(-0.285583 0.000418786 -3.98737e-09)
(-0.141472 0.000235259 -1.37298e-07)
(-0.0622517 7.34891e-05 -1.58725e-07)
(-0.0248863 -0.000151216 -1.15566e-07)
(-0.00924502 -0.000810569 -6.53153e-08)
(-1.79641 1.62839 1.04589e-06)
(-0.550938 0.748025 1.826e-06)
(-0.20559 0.337807 1.99164e-06)
(-0.0846208 0.143979 1.64305e-06)
(-0.0349023 0.0570533 1.08855e-06)
(-0.013719 0.0209772 6.03319e-07)
(-0.0050489 0.00718174 2.87493e-07)
(-0.0017351 0.00230191 1.20665e-07)
(-1.21469 0.415425 2.77165e-06)
(-0.739649 0.362844 6.29223e-06)
(-0.398456 0.208065 6.59334e-06)
(-0.196133 0.0994604 4.92554e-06)
(-0.0880998 0.0420054 2.93328e-06)
(-0.0361526 0.0160688 1.46658e-06)
(-0.0136264 0.00565189 6.357e-07)
(-0.00475188 0.00184765 2.43899e-07)
(-1.01814 0.115597 3.56819e-06)
(-0.758298 0.147709 7.02659e-06)
(-0.468974 0.101807 7.00236e-06)
(-0.25068 0.0543274 5.13385e-06)
(-0.118294 0.0246655 3.05176e-06)
(-0.0500725 0.00992993 1.54009e-06)
(-0.0192701 0.00362843 6.78456e-07)
(-0.00682084 0.00122169 2.66914e-07)
(-0.951383 0.0340579 2.63119e-06)
(-0.753439 0.0549026 5.52505e-06)
(-0.491838 0.0431749 5.60734e-06)
(-0.273275 0.0252214 4.12887e-06)
(-0.132497 0.0122361 2.44578e-06)
(-0.0571897 0.00518345 1.22268e-06)
(-0.0223346 0.00197149 5.3249e-07)
(-0.00799736 0.00068387 2.08255e-07)
(-0.929183 0.0102525 1.80774e-06)
(-0.749181 0.0190623 3.57627e-06)
(-0.498655 0.0164814 3.51888e-06)
(-0.281619 0.0103527 2.53165e-06)
(-0.138332 0.00532076 1.46901e-06)
(-0.0603371 0.00236108 7.19627e-07)
(-0.0237697 0.000928592 3.09524e-07)
(-0.00857462 0.000321967 1.28296e-07)
(-0.922068 0.0030653 9.38786e-07)
(-0.74721 0.00623252 1.88078e-06)
(-0.500547 0.00577809 1.82818e-06)
(-0.284436 0.00384841 1.28044e-06)
(-0.140489 0.00207704 7.1159e-07)
(-0.0615818 0.000954934 3.30102e-07)
(-0.0243738 0.00036883 1.44205e-07)
(-0.00883324 8.49381e-05 7.5563e-08)
(-0.919885 0.000894845 4.8537e-07)
(-0.746468 0.00192821 8.85054e-07)
(-0.501039 0.00188442 7.79273e-07)
(-0.28532 0.00131591 4.74666e-07)
(-0.141225 0.000736651 2.1032e-07)
(-0.0620453 0.000332849 6.4823e-08)
(-0.0246397 6.67468e-05 1.24179e-08)
(-0.00897787 -0.0001796 -1.60616e-09)
(-0.919245 0.000252922 2.12008e-07)
(-0.74622 0.000566694 3.27045e-07)
(-0.501159 0.000576754 2.06215e-07)
(-0.285583 0.000417503 3.78802e-08)
(-0.141472 0.000234452 -6.45394e-08)
(-0.0622517 7.30444e-05 -8.90479e-08)
(-0.0248862 -0.000151455 -6.69477e-08)
(-0.00924491 -0.000810637 -4.09823e-08)
(-0.000558326 0.000694453 -1.20548e-09)
(-0.00016919 0.000198452 -3.04356e-10)
(-4.85232e-05 5.39692e-05 -8.66776e-11)
(-1.32373e-05 1.40305e-05 -2.90387e-11)
(-3.45069e-06 3.50092e-06 -1.11835e-11)
(-8.63072e-07 8.41427e-07 -4.33998e-12)
(-2.07874e-07 1.95414e-07 -1.64429e-12)
(-4.83693e-08 4.39781e-08 -5.847e-13)
(-1.09048e-08 9.61552e-09 -1.96847e-13)
(-2.38825e-09 2.04733e-09 -6.36687e-14)
(-5.09327e-10 4.25427e-10 -1.86917e-14)
(-1.06009e-10 8.64574e-11 -5.25704e-15)
(-2.15808e-11 1.72174e-11 -1.75235e-15)
(-4.30494e-12 3.36568e-12 -1.16823e-15)
(-8.43464e-13 6.46032e-13 0)
(-1.63553e-13 1.22664e-13 -1.75235e-15)
(-3.27105e-14 1.98599e-14 -1.16823e-15)
(-1.16823e-15 4.67293e-15 1.16823e-15)
(1.16823e-15 4.67293e-15 -5.84116e-16)
(-3.5047e-15 4.67293e-15 -1.16823e-15)
(2.33646e-15 -2.33646e-15 0)
(1.16823e-15 4.67293e-15 -5.84116e-16)
(-1.16823e-15 4.67293e-15 0)
(0 4.67293e-15 0)
(-2.33646e-15 4.67293e-15 0)
(-1.16823e-15 0 0)
(1.16823e-15 -2.33646e-15 0)
(-1.16823e-15 4.67293e-15 0)
(0 2.33646e-15 0)
(-2.33646e-15 -1.16823e-15 5.84116e-16)
(2.33646e-15 0 0)
(0 0 0)
(-0.00154425 0.000566011 -1.27554e-09)
(-0.000471295 0.000163686 -5.32457e-10)
(-0.000135898 4.49401e-05 -2.3615e-10)
(-3.7231e-05 1.17728e-05 -1.03575e-10)
(-9.73843e-06 2.9556e-06 -4.25815e-11)
(-2.44243e-06 7.13837e-07 -1.64405e-11)
(-5.89575e-07 1.66418e-07 -5.93404e-12)
(-1.37429e-07 3.75621e-08 -2.0298e-12)
(-3.1026e-08 8.23004e-09 -6.58883e-13)
(-6.80184e-09 1.7547e-09 -2.06777e-13)
(-1.45154e-09 3.64842e-10 -6.13322e-14)
(-3.02201e-10 7.4129e-11 -1.69394e-14)
(-6.15109e-11 1.47478e-11 -5.84116e-15)
(-1.22653e-11 2.87502e-12 -1.16823e-15)
(-2.40072e-12 5.49069e-13 0)
(-4.6262e-13 1.02804e-13 -5.84116e-16)
(-8.64492e-14 2.10282e-14 0)
(-1.16823e-14 3.5047e-15 0)
(-1.16823e-15 0 -2.33646e-15)
(-4.67293e-15 -2.33646e-15 -1.16823e-15)
(0 0 1.75235e-15)
(2.33646e-15 -4.67293e-15 -1.16823e-15)
(2.33646e-15 -2.33646e-15 -1.16823e-15)
(0 -2.33646e-15 -1.16823e-15)
(-2.33646e-15 -2.33646e-15 0)
(-3.5047e-15 0 0)
(1.16823e-15 0 1.75235e-15)
(4.67293e-15 -2.33646e-15 -1.16823e-15)
(-2.33646e-15 0 0)
(-3.5047e-15 1.16823e-15 1.75235e-15)
(1.16823e-15 -3.5047e-15 5.84116e-16)
(0 0 -1.16823e-15)
(-0.00224189 0.000382975 -1.48849e-09)
(-0.00069026 0.000112678 -8.89084e-10)
(-0.000200437 3.13341e-05 -4.55943e-10)
(-5.52218e-05 8.28505e-06 -2.02429e-10)
(-1.45096e-05 2.09365e-06 -8.11378e-11)
(-3.65225e-06 5.07889e-07 -2.99786e-11)
(-8.84149e-07 1.18727e-07 -1.04054e-11)
(-2.06558e-07 2.68344e-08 -3.42701e-12)
(-4.67122e-08 5.88112e-09 -1.07945e-12)
(-1.02534e-08 1.25304e-09 -3.27105e-13)
(-2.1899e-09 2.60133e-10 -9.69633e-14)
(-4.56105e-10 5.27235e-11 -2.74535e-14)
(-9.28347e-11 1.04522e-11 -8.76174e-15)
(-1.85001e-11 2.03272e-12 -1.75235e-15)
(-3.61802e-12 3.86685e-13 -1.16823e-15)
(-6.92762e-13 7.24304e-14 -2.33646e-15)
(-1.3201e-13 1.28506e-14 -1.16823e-15)
(-2.33646e-14 0 0)
(-3.5047e-15 -2.33646e-15 -1.16823e-15)
(-2.33646e-15 -2.33646e-15 0)
(0 0 5.84116e-16)
(-1.16823e-15 -1.16823e-15 5.84116e-16)
(1.16823e-15 -2.33646e-15 1.16823e-15)
(2.33646e-15 0 0)
(-2.33646e-15 -2.33646e-15 1.16823e-15)
(0 -1.16823e-15 5.84116e-16)
(2.33646e-15 2.33646e-15 5.84116e-16)
(-2.33646e-15 -2.33646e-15 0)
(2.33646e-15 0 1.16823e-15)
(-5.84116e-15 0 1.16823e-15)
(0 0 2.92058e-15)
(3.5047e-15 -1.16823e-15 0)
(-0.00265335 0.000217823 -1.31628e-09)
(-0.000822935 6.42477e-05 -9.51241e-10)
(-0.000240291 1.77461e-05 -5.00768e-10)
(-6.64715e-05 4.63285e-06 -2.22287e-10)
(-1.75156e-05 1.15174e-06 -8.8403e-11)
(-4.41736e-06 2.74306e-07 -3.25832e-11)
(-1.07063e-06 6.28926e-08 -1.12974e-11)
(-2.50275e-07 1.39368e-08 -3.7325e-12)
(-5.66074e-08 2.99457e-09 -1.17933e-12)
(-1.24228e-08 6.25575e-10 -3.60984e-13)
(-2.65185e-09 1.27341e-10 -1.07477e-13)
(-5.51881e-10 2.53051e-11 -3.09582e-14)
(-1.12203e-10 4.91475e-12 -8.76174e-15)
(-2.23319e-11 9.36922e-13 -1.16823e-15)
(-4.36101e-12 1.7173e-13 5.84116e-16)
(-8.31781e-13 3.15423e-14 -2.33646e-15)
(-1.57711e-13 4.67293e-15 5.84116e-16)
(-3.0374e-14 3.5047e-15 5.84116e-16)
(-5.84116e-15 -3.5047e-15 1.75235e-15)
(2.33646e-15 0 5.84116e-16)
(-2.33646e-15 -3.5047e-15 0)
(2.33646e-15 1.16823e-15 5.84116e-16)
(0 0 1.16823e-15)
(0 -2.33646e-15 5.84116e-16)
(0 0 5.84116e-16)
(1.16823e-15 1.16823e-15 5.84116e-16)
(0 -2.33646e-15 -5.84116e-16)
(-1.16823e-15 0 0)
(0 -2.33646e-15 5.84116e-16)
(0 0 5.84116e-16)
(0 5.84116e-15 5.84116e-16)
(0 1.16823e-15 5.84116e-16)
(-0.00286188 9.2827e-05 -7.20943e-09)
(-0.000890337 2.29824e-05 -3.92787e-09)
(-0.000260052 4.9897e-06 -1.5937e-09)
(-7.18161e-05 9.46922e-07 -5.62694e-10)
(-1.88682e-05 1.50747e-07 -1.83573e-10)
(-4.7411e-06 1.69964e-08 -5.7227e-11)
(-1.14452e-06 -1.34261e-10 -1.72846e-11)
(-2.66456e-07 -8.59366e-10 -5.11102e-12)
(-6.00234e-08 -3.50747e-10 -1.4819e-12)
(-1.31207e-08 -1.05837e-10 -4.229e-13)
(-2.79017e-09 -2.78378e-11 -1.18576e-13)
(-5.78527e-10 -6.73719e-12 -3.44628e-14)
(-1.17202e-10 -1.53856e-12 -1.05141e-14)
(-2.32467e-11 -3.36451e-13 -4.08881e-15)
(-4.52456e-12 -6.89257e-14 5.84116e-16)
(-8.60987e-13 -1.5187e-14 -1.16823e-15)
(-1.5888e-13 -4.67293e-15 5.84116e-16)
(-3.0374e-14 -1.16823e-15 1.75235e-15)
(-5.84116e-15 0 1.16823e-15)
(-3.5047e-15 -1.16823e-15 5.84116e-16)
(0 2.33646e-15 1.75235e-15)
(3.5047e-15 0 5.84116e-16)
(0 -1.16823e-15 1.16823e-15)
(1.16823e-15 0 0)
(-1.16823e-15 -1.16823e-15 1.16823e-15)
(0 -1.16823e-15 5.84116e-16)
(0 -3.5047e-15 0)
(0 -1.16823e-15 5.84116e-16)
(0 0 1.16823e-15)
(1.16823e-15 0 5.84116e-16)
(0 0 -5.84116e-16)
(-1.16823e-15 0 1.16823e-15)
(-0.00295273 -3.43007e-05 -4.26006e-09)
(-0.000910772 -2.82029e-05 -1.45647e-09)
(-0.000262327 -1.20273e-05 -5.17912e-10)
(-7.13104e-05 -4.04948e-06 -1.90292e-10)
(-1.84455e-05 -1.19358e-06 -6.95186e-11)
(-4.56824e-06 -3.21659e-07 -2.47823e-11)
(-1.08849e-06 -8.1094e-08 -8.51057e-12)
(-2.50492e-07 -1.93928e-08 -2.8096e-12)
(-5.58538e-08 -4.43951e-09 -8.91945e-13)
(-1.20999e-08 -9.79273e-10 -2.72782e-13)
(-2.55275e-09 -2.09164e-10 -8.00239e-14)
(-5.25584e-10 -4.34279e-11 -2.33646e-14)
(-1.05802e-10 -8.79328e-12 -7.59351e-15)
(-2.08623e-11 -1.74183e-12 -2.33646e-15)
(-4.03741e-12 -3.35283e-13 0)
(-7.67529e-13 -6.19163e-14 5.84116e-16)
(-1.42524e-13 -9.34586e-15 1.75235e-15)
(-2.68693e-14 -4.67293e-15 3.5047e-15)
(-4.67293e-15 0 3.5047e-15)
(2.33646e-15 1.16823e-15 5.84116e-16)
(0 3.5047e-15 0)
(-2.33646e-15 2.33646e-15 5.84116e-16)
(0 1.16823e-15 1.75235e-15)
(0 0 1.75235e-15)
(0 1.16823e-15 1.75235e-15)
(-1.16823e-15 1.16823e-15 5.84116e-16)
(0 0 1.16823e-15)
(3.5047e-15 0 1.75235e-15)
(0 0 5.84116e-16)
(2.33646e-15 0 5.84116e-16)
(-2.33646e-15 -2.33646e-15 0)
(0 -1.16823e-15 5.84116e-16)
(-0.00297536 -0.000344814 8.81061e-10)
(-0.000868064 -0.000141319 5.41445e-10)
(-0.000235898 -4.46236e-05 1.71607e-10)
(-6.09825e-05 -1.2474e-05 3.07654e-11)
(-1.51403e-05 -3.23069e-06 -2.00819e-12)
(-3.62861e-06 -7.91424e-07 -4.82013e-12)
(-8.42252e-07 -1.85461e-07 -2.72432e-12)
(-1.89801e-07 -4.18683e-08 -1.16181e-12)
(-4.16098e-08 -9.14991e-09 -4.28741e-13)
(-8.89033e-09 -1.94275e-09 -1.46029e-13)
(-1.85432e-09 -4.01917e-10 -4.78975e-14)
(-3.78159e-10 -8.12097e-11 -1.63553e-14)
(-7.55145e-11 -1.6062e-11 -4.08881e-15)
(-1.47875e-11 -3.11568e-12 -1.75235e-15)
(-2.84465e-12 -5.92294e-13 -5.84116e-16)
(-5.36219e-13 -1.13319e-13 0)
(-1.01636e-13 -1.75235e-14 -5.84116e-16)
(-1.86917e-14 -3.5047e-15 5.84116e-16)
(-2.33646e-15 1.16823e-15 0)
(2.33646e-15 0 0)
(2.33646e-15 0 -1.75235e-15)
(-2.33646e-15 -2.33646e-15 -1.16823e-15)
(-2.33646e-15 -1.16823e-15 0)
(2.33646e-15 0 0)
(-2.33646e-15 0 0)
(-1.16823e-15 0 0)
(0 2.33646e-15 1.16823e-15)
(1.16823e-15 1.16823e-15 0)
(0 0 0)
(0 0 0)
(-1.16823e-15 0 0)
(1.16823e-15 -2.33646e-15 1.16823e-15)
(-0.00291472 -0.00157497 -3.12403e-10)
(-0.000610582 -0.000392525 -9.22191e-11)
(-0.000133482 -9.63283e-05 -4.02339e-11)
(-2.99175e-05 -2.31447e-05 -1.99201e-11)
(-6.76296e-06 -5.42839e-06 -9.38149e-12)
(-1.52301e-06 -1.24137e-06 -3.93986e-12)
(-3.38929e-07 -2.76763e-07 -1.51344e-12)
(-7.41807e-08 -6.01909e-08 -5.34466e-13)
(-1.59283e-08 -1.27811e-08 -1.78155e-13)
(-3.35193e-09 -2.65277e-09 -5.66593e-14)
(-6.91207e-10 -5.38824e-10 -1.75235e-14)
(-1.39726e-10 -1.0724e-10 -5.84116e-15)
(-2.7707e-11 -2.09382e-11 -1.75235e-15)
(-5.39606e-12 -4.01638e-12 1.16823e-15)
(-1.03155e-12 -7.57014e-13 1.16823e-15)
(-1.92758e-13 -1.37851e-13 1.16823e-15)
(-3.73834e-14 -2.68693e-14 0)
(-7.00939e-15 -2.33646e-15 0)
(-2.33646e-15 0 1.16823e-15)
(2.33646e-15 0 0)
(0 -2.33646e-15 5.84116e-16)
(-2.33646e-15 0 1.16823e-15)
(2.33646e-15 1.16823e-15 1.16823e-15)
(0 0 0)
(0 0 0)
(0 0 0)
(0 1.16823e-15 5.84116e-16)
(-2.33646e-15 0 0)
(2.33646e-15 0 1.16823e-15)
(0 0 0)
(0 0 0)
(0 3.5047e-15 0)
(-0.000558317 0.000694448 4.50379e-09)
(-0.000169187 0.00019845 1.13816e-09)
(-4.85226e-05 5.39686e-05 1.72874e-10)
(-1.32371e-05 1.40303e-05 -2.71398e-11)
(-3.45064e-06 3.50081e-06 -3.70809e-11)
(-8.63053e-07 8.41385e-07 -2.03658e-11)
(-2.07866e-07 1.95399e-07 -8.6677e-12)
(-4.83664e-08 4.39728e-08 -3.23776e-12)
(-1.09037e-08 9.6138e-09 -1.1034e-12)
(-2.38789e-09 2.04679e-09 -3.52806e-13)
(-5.09213e-10 4.25266e-10 -1.08061e-13)
(-1.05974e-10 8.64118e-11 -3.27105e-14)
(-2.15691e-11 1.72022e-11 -9.92997e-15)
(-4.30377e-12 3.36334e-12 -1.75235e-15)
(-8.43464e-13 6.43696e-13 -1.16823e-15)
(-1.64721e-13 1.20328e-13 -5.84116e-16)
(-2.92058e-14 1.75235e-14 0)
(-1.16823e-15 5.84116e-15 0)
(-3.5047e-15 -1.16823e-15 -2.33646e-15)
(-2.33646e-15 0 -1.16823e-15)
(2.33646e-15 0 -1.16823e-15)
(1.16823e-15 0 -2.33646e-15)
(0 0 -1.16823e-15)
(2.33646e-15 2.33646e-15 -1.16823e-15)
(-3.5047e-15 4.67293e-15 -2.33646e-15)
(0 0 0)
(1.16823e-15 0 -1.16823e-15)
(2.33646e-15 2.33646e-15 0)
(-2.33646e-15 4.67293e-15 0)
(-1.16823e-15 4.67293e-15 1.16823e-15)
(-2.33646e-15 2.33646e-15 0)
(2.33646e-15 0 0)
(-0.00154424 0.00056601 2.15351e-08)
(-0.000471292 0.000163685 6.30406e-09)
(-0.000135897 4.49394e-05 1.53524e-09)
(-3.72306e-05 1.17724e-05 2.67808e-10)
(-9.73825e-06 2.95546e-06 4.47141e-12)
(-2.44236e-06 7.13786e-07 -2.40124e-11)
(-5.89546e-07 1.66401e-07 -1.4579e-11)
(-1.37419e-07 3.75564e-08 -6.3067e-12)
(-3.10223e-08 8.22828e-09 -2.33179e-12)
(-6.80065e-09 1.75417e-09 -7.85052e-13)
(-1.45116e-09 3.64688e-10 -2.47081e-13)
(-3.0209e-10 7.40846e-11 -7.47669e-14)
(-6.14782e-11 1.47337e-11 -2.10282e-14)
(-1.22536e-11 2.87268e-12 -4.67293e-15)
(-2.40072e-12 5.49069e-13 -1.75235e-15)
(-4.6262e-13 9.92997e-14 -1.16823e-15)
(-8.52809e-14 1.98599e-14 0)
(-1.5187e-14 0 0)
(-1.16823e-15 1.16823e-15 0)
(1.16823e-15 -1.16823e-15 0)
(0 0 -5.84116e-16)
(-1.16823e-15 2.33646e-15 0)
(0 4.67293e-15 0)
(1.16823e-15 0 -1.16823e-15)
(0 0 0)
(0 2.33646e-15 1.16823e-15)
(0 2.33646e-15 5.84116e-16)
(0 -2.33646e-15 0)
(2.33646e-15 0 -1.16823e-15)
(0 0 0)
(-2.33646e-15 2.33646e-15 1.16823e-15)
(-1.16823e-15 -1.16823e-15 -5.84116e-16)
(-0.00224189 0.000382975 2.19257e-08)
(-0.000690258 0.000112677 5.74817e-09)
(-0.000200436 3.13336e-05 1.1078e-09)
(-5.52211e-05 8.28482e-06 5.39939e-11)
(-1.45093e-05 2.09356e-06 -8.45257e-11)
(-3.65211e-06 5.07856e-07 -5.73935e-11)
(-8.84095e-07 1.18716e-07 -2.6183e-11)
(-2.06539e-07 2.6831e-08 -1.0128e-11)
(-4.6706e-08 5.88008e-09 -3.53157e-12)
(-1.02515e-08 1.25273e-09 -1.14954e-12)
(-2.1893e-09 2.6004e-10 -3.53974e-13)
(-4.55928e-10 5.26943e-11 -1.06309e-13)
(-9.2781e-11 1.04475e-11 -3.15423e-14)
(-1.84896e-11 2.02922e-12 -8.76174e-15)
(-3.61568e-12 3.86685e-13 -1.75235e-15)
(-6.92762e-13 7.12622e-14 -1.16823e-15)
(-1.29674e-13 1.28506e-14 -5.84116e-16)
(-2.10282e-14 2.33646e-15 0)
(-4.67293e-15 0 0)
(-1.16823e-15 0 0)
(1.16823e-15 -2.33646e-15 -1.16823e-15)
(4.67293e-15 0 1.16823e-15)
(0 1.16823e-15 1.16823e-15)
(-2.33646e-15 0 -1.16823e-15)
(2.33646e-15 0 0)
(-2.33646e-15 0 1.16823e-15)
(0 -4.67293e-15 0)
(0 0 0)
(2.33646e-15 0 -1.16823e-15)
(0 0 0)
(-2.33646e-15 -2.33646e-15 1.16823e-15)
(-2.33646e-15 1.16823e-15 0)
(-0.00265335 0.000217812 1.70634e-08)
(-0.000822934 6.42416e-05 4.23749e-09)
(-0.00024029 1.77438e-05 7.02643e-10)
(-6.64707e-05 4.63213e-06 -4.10908e-11)
(-1.75152e-05 1.15153e-06 -1.04978e-10)
(-4.41721e-06 2.74251e-07 -6.14899e-11)
(-1.07057e-06 6.28789e-08 -2.71094e-11)
(-2.50255e-07 1.39334e-08 -1.03792e-11)
(-5.66006e-08 2.99376e-09 -3.62035e-12)
(-1.24207e-08 6.25385e-10 -1.18108e-12)
(-2.65119e-09 1.27294e-10 -3.65657e-13)
(-5.51684e-10 2.52922e-11 -1.08646e-13)
(-1.12143e-10 4.91242e-12 -3.27105e-14)
(-2.23156e-11 9.32249e-13 -1.05141e-14)
(-4.35751e-12 1.76403e-13 0)
(-8.35286e-13 3.38787e-14 1.16823e-15)
(-1.54207e-13 8.17763e-15 0)
(-2.68693e-14 5.84116e-15 1.16823e-15)
(-4.67293e-15 2.33646e-15 5.84116e-16)
(-1.16823e-15 1.16823e-15 0)
(0 0 0)
(1.16823e-15 -2.33646e-15 0)
(0 -1.16823e-15 1.16823e-15)
(-1.16823e-15 -3.5047e-15 5.84116e-16)
(1.16823e-15 0 5.84116e-16)
(-1.16823e-15 -2.33646e-15 0)
(-2.33646e-15 -1.16823e-15 -2.33646e-15)
(2.33646e-15 0 -1.16823e-15)
(1.16823e-15 -2.33646e-15 0)
(-1.16823e-15 -4.67293e-15 5.84116e-16)
(0 -2.33646e-15 -1.16823e-15)
(0 4.67293e-15 0)
(-0.00286188 9.28212e-05 1.72046e-10)
(-0.000890326 2.29814e-05 -2.27379e-09)
(-0.000260045 4.98967e-06 -1.37322e-09)
(-7.18133e-05 9.46986e-07 -6.20786e-10)
(-1.88672e-05 1.50785e-07 -2.49245e-10)
(-4.74077e-06 1.7012e-08 -9.37816e-11)
(-1.14441e-06 -1.28688e-10 -3.3422e-11)
(-2.66424e-07 -8.57523e-10 -1.13733e-11)
(-6.0014e-08 -3.50172e-10 -3.70096e-12)
(-1.31179e-08 -1.05662e-10 -1.15597e-12)
(-2.78939e-09 -2.77841e-11 -3.48717e-13)
(-5.7831e-10 -6.72201e-12 -1.03389e-13)
(-1.1714e-10 -1.53856e-12 -3.15423e-14)
(-2.32256e-11 -3.41124e-13 -1.05141e-14)
(-4.51522e-12 -7.24304e-14 -2.33646e-15)
(-8.63324e-13 -1.28506e-14 0)
(-1.54207e-13 -2.33646e-15 0)
(-3.15423e-14 3.5047e-15 1.16823e-15)
(-7.00939e-15 2.33646e-15 0)
(0 0 0)
(0 -1.16823e-15 1.16823e-15)
(1.16823e-15 0 0)
(-1.16823e-15 -2.33646e-15 1.16823e-15)
(0 1.16823e-15 0)
(1.16823e-15 -2.33646e-15 0)
(-3.5047e-15 -1.16823e-15 0)
(0 1.16823e-15 -1.16823e-15)
(3.5047e-15 2.33646e-15 0)
(-1.16823e-15 -2.33646e-15 -5.84116e-16)
(0 0 0)
(1.16823e-15 0 -5.84116e-16)
(-1.16823e-15 -2.33646e-15 0)
(-0.00295271 -3.42845e-05 -1.58302e-09)
(-0.000910765 -2.81939e-05 -1.07065e-10)
(-0.000262324 -1.20237e-05 -5.67825e-11)
(-7.13095e-05 -4.0483e-06 -8.71735e-11)
(-1.84452e-05 -1.19322e-06 -6.6376e-11)
(-4.56812e-06 -3.21554e-07 -3.60861e-11)
(-1.08844e-06 -8.10649e-08 -1.61736e-11)
(-2.50476e-07 -1.93849e-08 -6.36628e-12)
(-5.58487e-08 -4.4374e-09 -2.27981e-12)
(-1.20983e-08 -9.7872e-10 -7.58767e-13)
(-2.55226e-09 -2.09019e-10 -2.38319e-13)
(-5.25436e-10 -4.33905e-11 -7.12622e-14)
(-1.05762e-10 -8.7816e-12 -2.21964e-14)
(-2.08494e-11 -1.73599e-12 -7.59351e-15)
(-4.0304e-12 -3.37619e-13 -1.75235e-15)
(-7.65192e-13 -6.19163e-14 -5.84116e-16)
(-1.36683e-13 -9.34586e-15 1.16823e-15)
(-2.45329e-14 -5.84116e-15 0)
(-8.17763e-15 0 1.75235e-15)
(-3.5047e-15 0 1.16823e-15)
(-2.33646e-15 0 -1.75235e-15)
(2.33646e-15 0 0)
(0 -2.33646e-15 0)
(0 0 0)
(0 -2.33646e-15 0)
(-2.33646e-15 0 1.16823e-15)
(2.33646e-15 0 5.84116e-16)
(0 -2.33646e-15 0)
(0 0 0)
(0 0 0)
(0 0 0)
(0 -2.33646e-15 0)
(-0.00297535 -0.000344806 -5.06796e-09)
(-0.000868065 -0.000141316 -7.99574e-10)
(-0.000235899 -4.46227e-05 -3.09114e-12)
(-6.09828e-05 -1.24736e-05 2.34949e-11)
(-1.51404e-05 -3.23057e-06 -4.80786e-12)
(-3.62862e-06 -7.91382e-07 -9.61806e-12)
(-8.42244e-07 -1.85447e-07 -6.15658e-12)
(-1.89797e-07 -4.18638e-08 -2.86451e-12)
(-4.16078e-08 -9.14849e-09 -1.13143e-12)
(-8.88956e-09 -1.94232e-09 -4.0012e-13)
(-1.85406e-09 -4.0179e-10 -1.30258e-13)
(-3.78073e-10 -8.11746e-11 -3.97199e-14)
(-7.54865e-11 -1.60492e-11 -1.34347e-14)
(-1.47793e-11 -3.10633e-12 -4.08881e-15)
(-2.84114e-12 -5.87621e-13 -2.33646e-15)
(-5.3505e-13 -1.08646e-13 0)
(-1.00468e-13 -2.10282e-14 -1.16823e-15)
(-1.63553e-14 -7.00939e-15 -5.84116e-16)
(-4.67293e-15 -4.67293e-15 0)
(0 0 -5.84116e-16)
(0 1.16823e-15 -1.16823e-15)
(0 0 -1.16823e-15)
(2.33646e-15 2.33646e-15 1.16823e-15)
(-2.33646e-15 0 0)
(0 0 -1.16823e-15)
(0 1.16823e-15 0)
(0 0 -1.16823e-15)
(-1.16823e-15 -1.16823e-15 -5.84116e-16)
(0 0 -5.84116e-16)
(1.16823e-15 0 0)
(0 0 0)
(0 0 5.84116e-16)
(-0.00291472 -0.00157498 -7.41682e-09)
(-0.000610581 -0.000392525 -2.67469e-09)
(-0.000133481 -9.63286e-05 -9.50596e-10)
(-2.99174e-05 -2.31447e-05 -3.16234e-10)
(-6.76293e-06 -5.42836e-06 -9.99125e-11)
(-1.52299e-06 -1.24135e-06 -3.05703e-11)
(-3.38923e-07 -2.76755e-07 -9.17004e-12)
(-7.4178e-08 -6.01875e-08 -2.70971e-12)
(-1.59273e-08 -1.27799e-08 -7.89141e-13)
(-3.35161e-09 -2.65236e-09 -2.27805e-13)
(-6.91105e-10 -5.38695e-10 -6.30845e-14)
(-1.39696e-10 -1.07196e-10 -1.75235e-14)
(-2.76953e-11 -2.09265e-11 -4.67293e-15)
(-5.38906e-12 -4.01405e-12 -2.33646e-15)
(-1.03272e-12 -7.58183e-13 0)
(-1.95095e-13 -1.40188e-13 5.84116e-16)
(-3.73834e-14 -2.57011e-14 -1.16823e-15)
(-7.00939e-15 -4.67293e-15 0)
(0 0 0)
(0 0 0)
(0 0 0)
(2.33646e-15 0 0)
(0 -2.33646e-15 0)
(0 0 1.16823e-15)
(-2.33646e-15 0 0)
(0 0 0)
(0 0 -1.16823e-15)
(0 1.16823e-15 1.16823e-15)
(0 0 0)
(0 0 0)
(0 0 0)
(0 0 1.16823e-15)
(-0.000558351 0.000694505 5.10528e-08)
(-0.000169198 0.000198467 1.69076e-08)
(-4.85255e-05 5.39726e-05 5.08127e-09)
(-1.32377e-05 1.4031e-05 1.38099e-09)
(-3.45068e-06 3.50085e-06 3.35831e-10)
(-8.63015e-07 8.41338e-07 6.9959e-11)
(-2.07839e-07 1.95368e-07 1.10661e-11)
(-4.83541e-08 4.3959e-08 4.43928e-13)
(-1.0899e-08 9.60865e-09 -6.01055e-13)
(-2.38626e-09 2.04505e-09 -3.5339e-13)
(-5.08686e-10 4.24717e-10 -1.40772e-13)
(-1.05811e-10 8.62424e-11 -4.78975e-14)
(-2.15223e-11 1.71543e-11 -1.40188e-14)
(-4.28741e-12 3.34932e-12 -5.25704e-15)
(-8.37622e-13 6.41359e-13 0)
(-1.64721e-13 1.17991e-13 -1.16823e-15)
(-3.0374e-14 1.98599e-14 1.16823e-15)
(-2.33646e-15 4.67293e-15 -1.16823e-15)
(-2.33646e-15 0 0)
(0 0 0)
(0 -2.33646e-15 1.16823e-15)
(0 0 0)
(0 0 -1.16823e-15)
(0 0 -1.16823e-15)
(0 0 -5.84116e-16)
(0 0 0)
(0 -1.16823e-15 1.16823e-15)
(0 0 -1.16823e-15)
(0 0 0)
(0 0 -1.16823e-15)
(0 0 0)
(0 -1.16823e-15 -5.84116e-16)
(-0.00154437 0.000566046 1.06886e-07)
(-0.000471335 0.000163696 3.31359e-08)
(-0.00013591 4.4942e-05 9.25685e-09)
(-3.72341e-05 1.17729e-05 2.29709e-09)
(-9.73901e-06 2.95551e-06 4.85293e-10)
(-2.44247e-06 7.13763e-07 7.50157e-11)
(-5.8954e-07 1.66383e-07 1.27863e-12)
(-1.37405e-07 3.75483e-08 -5.36511e-12)
(-3.10149e-08 8.22519e-09 -3.00119e-12)
(-6.79767e-09 1.75311e-09 -1.20153e-12)
(-1.45012e-09 3.64351e-10 -4.15891e-13)
(-3.01751e-10 7.39818e-11 -1.33178e-13)
(-6.13696e-11 1.47034e-11 -3.85517e-14)
(-1.22267e-11 2.86334e-12 -9.34586e-15)
(-2.39254e-12 5.47901e-13 -1.75235e-15)
(-4.56779e-13 1.01636e-13 -1.75235e-15)
(-8.64492e-14 1.86917e-14 0)
(-1.28506e-14 3.5047e-15 -5.84116e-16)
(-4.67293e-15 2.33646e-15 1.16823e-15)
(-3.5047e-15 0 -5.84116e-16)
(2.33646e-15 0 -1.16823e-15)
(3.5047e-15 0 1.16823e-15)
(0 2.33646e-15 0)
(-2.33646e-15 0 0)
(2.33646e-15 0 -2.33646e-15)
(-2.33646e-15 2.33646e-15 0)
(0 0 -5.84116e-16)
(0 0 0)
(0 0 -1.16823e-15)
(2.33646e-15 0 0)
(-2.33646e-15 0 0)
(0 0 0)
(-0.00224202 0.000382966 1.19427e-07)
(-0.000690302 0.000112674 3.83883e-08)
(-0.000200448 3.13324e-05 1.12232e-08)
(-5.52242e-05 8.28444e-06 2.94953e-09)
(-1.45098e-05 2.09344e-06 6.77469e-10)
(-3.65214e-06 5.07814e-07 1.25111e-10)
(-8.84054e-07 1.18702e-07 1.24621e-11)
(-2.06512e-07 2.68263e-08 -3.39371e-12)
(-4.66942e-08 5.87854e-09 -2.84056e-12)
(-1.02471e-08 1.25224e-09 -1.2687e-12)
(-2.18781e-09 2.59895e-10 -4.63204e-13)
(-4.55459e-10 5.26569e-11 -1.53038e-13)
(-9.26396e-11 1.04311e-11 -4.49769e-14)
(-1.84429e-11 2.02221e-12 -1.34347e-14)
(-3.60049e-12 3.87853e-13 -4.08881e-15)
(-6.92762e-13 7.71033e-14 0)
(-1.26169e-13 1.5187e-14 0)
(-2.10282e-14 5.84116e-15 5.84116e-16)
(-4.67293e-15 0 1.16823e-15)
(-3.5047e-15 0 1.16823e-15)
(0 0 0)
(0 -1.16823e-15 -1.16823e-15)
(2.33646e-15 0 -2.33646e-15)
(-2.33646e-15 2.33646e-15 -5.84116e-16)
(0 2.33646e-15 -1.16823e-15)
(2.33646e-15 -2.33646e-15 0)
(-2.33646e-15 -3.5047e-15 -1.16823e-15)
(0 -1.16823e-15 1.16823e-15)
(0 -1.16823e-15 -1.75235e-15)
(0 0 0)
(0 -1.16823e-15 -1.16823e-15)
(0 0 1.75235e-15)
(-0.00265346 0.00021778 9.33934e-08)
(-0.000822968 6.42316e-05 3.08032e-08)
(-0.0002403 1.77411e-05 9.43285e-09)
(-6.64731e-05 4.6315e-06 2.63073e-09)
(-1.75156e-05 1.15141e-06 6.5088e-10)
(-4.4172e-06 2.74233e-07 1.34553e-10)
(-1.07053e-06 6.28781e-08 1.89476e-11)
(-2.50228e-07 1.39343e-08 -8.69749e-13)
(-5.6589e-08 2.99423e-09 -2.0374e-12)
(-1.24163e-08 6.25561e-10 -1.04031e-12)
(-2.64971e-09 1.2735e-10 -4.01872e-13)
(-5.51213e-10 2.53074e-11 -1.34931e-13)
(-1.12005e-10 4.91709e-12 -4.20564e-14)
(-2.22677e-11 9.33418e-13 -1.46029e-14)
(-4.34115e-12 1.72898e-13 -4.08881e-15)
(-8.30613e-13 3.0374e-14 0)
(-1.53038e-13 8.17763e-15 5.84116e-16)
(-3.0374e-14 1.16823e-15 0)
(-8.17763e-15 -2.33646e-15 0)
(0 0 0)
(-1.16823e-15 0 1.16823e-15)
(1.16823e-15 0 -1.16823e-15)
(4.67293e-15 0 -1.16823e-15)
(0 2.33646e-15 1.16823e-15)
(-4.67293e-15 -2.33646e-15 0)
(-1.16823e-15 0 0)
(-4.67293e-15 0 2.33646e-15)
(4.67293e-15 0 1.75235e-15)
(0 0 0)
(0 0 -5.84116e-16)
(-2.33646e-15 1.16823e-15 0)
(3.5047e-15 0 -1.16823e-15)
(-0.00286193 9.27897e-05 6.82821e-08)
(-0.00089034 2.29737e-05 2.70187e-08)
(-0.000260048 4.98818e-06 9.29835e-09)
(-7.18139e-05 9.4683e-07 2.80958e-09)
(-1.88671e-05 1.50824e-07 7.43004e-10)
(-4.74067e-06 1.70472e-08 1.68506e-10)
(-1.14435e-06 -1.12392e-10 2.99079e-11)
(-2.66396e-07 -8.51342e-10 2.53331e-12)
(-6.0003e-08 -3.48061e-10 -1.01052e-12)
(-1.3114e-08 -1.04993e-10 -7.34234e-13)
(-2.78806e-09 -2.7582e-11 -3.11918e-13)
(-5.77894e-10 -6.6636e-12 -1.0923e-13)
(-1.17016e-10 -1.51987e-12 -3.44628e-14)
(-2.31871e-11 -3.32946e-13 -1.05141e-14)
(-4.50237e-12 -7.35986e-14 -2.92058e-15)
(-8.57482e-13 -1.5187e-14 1.16823e-15)
(-1.57711e-13 -5.84116e-15 0)
(-3.15423e-14 -5.84116e-15 -1.75235e-15)
(-5.84116e-15 2.33646e-15 -5.84116e-16)
(-1.16823e-15 0 -1.16823e-15)
(0 -2.33646e-15 -1.16823e-15)
(1.16823e-15 1.16823e-15 0)
(4.67293e-15 -2.33646e-15 -1.16823e-15)
(-2.33646e-15 -2.33646e-15 1.75235e-15)
(-2.33646e-15 2.33646e-15 -5.84116e-16)
(-1.16823e-15 0 0)
(0 0 1.16823e-15)
(0 0 5.84116e-16)
(0 1.16823e-15 1.75235e-15)
(1.16823e-15 -1.16823e-15 0)
(0 0 0)
(0 1.16823e-15 0)
(-0.00295272 -3.43112e-05 3.66558e-08)
(-0.000910769 -2.81999e-05 2.25917e-08)
(-0.000262327 -1.20245e-05 1.04951e-08)
(-7.13105e-05 -4.04819e-06 3.86168e-09)
(-1.84454e-05 -1.19309e-06 1.20371e-09)
(-4.56814e-06 -3.2149e-07 3.29596e-10)
(-1.08843e-06 -8.10395e-08 8.02465e-11)
(-2.50464e-07 -1.93758e-08 1.72046e-11)
(-5.58426e-08 -4.43437e-09 3.08238e-12)
(-1.20958e-08 -9.77762e-10 3.72082e-13)
(-2.55138e-09 -2.08728e-10 -2.10282e-14)
(-5.25152e-10 -4.33029e-11 -3.44628e-14)
(-1.05674e-10 -8.7559e-12 -1.46029e-14)
(-2.08226e-11 -1.72782e-12 -4.08881e-15)
(-4.02456e-12 -3.38787e-13 -1.16823e-15)
(-7.60519e-13 -6.19163e-14 0)
(-1.41356e-13 -1.40188e-14 -1.16823e-15)
(-2.45329e-14 -4.67293e-15 -3.5047e-15)
(-4.67293e-15 0 -1.75235e-15)
(-4.67293e-15 -1.16823e-15 0)
(0 2.33646e-15 5.84116e-16)
(3.5047e-15 0 0)
(0 0 0)
(0 -2.33646e-15 0)
(1.16823e-15 -2.33646e-15 0)
(-3.5047e-15 0 0)
(-1.16823e-15 -2.33646e-15 0)
(3.5047e-15 -2.33646e-15 -1.16823e-15)
(0 0 0)
(0 1.16823e-15 -1.16823e-15)
(0 0 0)
(0 0 0)
(-0.00297533 -0.000344826 9.57609e-10)
(-0.000868054 -0.000141324 5.47136e-11)
(-0.000235897 -4.46254e-05 -1.68734e-10)
(-6.09825e-05 -1.24744e-05 -9.85497e-11)
(-1.51404e-05 -3.23076e-06 -4.75751e-11)
(-3.62862e-06 -7.91413e-07 -2.26298e-11)
(-8.42238e-07 -1.85447e-07 -1.01975e-11)
(-1.89791e-07 -4.1861e-08 -4.21265e-12)
(-4.16049e-08 -9.14693e-09 -1.59522e-12)
(-8.88832e-09 -1.94169e-09 -5.57831e-13)
(-1.8536e-09 -4.01568e-10 -1.8166e-13)
(-3.77923e-10 -8.10975e-11 -5.5491e-14)
(-7.54421e-11 -1.60281e-11 -1.63553e-14)
(-1.47665e-11 -3.10282e-12 -3.5047e-15)
(-2.83647e-12 -5.85284e-13 0)
(-5.33882e-13 -1.06309e-13 -1.16823e-15)
(-1.03973e-13 -1.86917e-14 0)
(-1.5187e-14 -4.67293e-15 -1.16823e-15)
(-3.5047e-15 -3.5047e-15 -1.75235e-15)
(2.33646e-15 0 0)
(1.16823e-15 1.16823e-15 0)
(0 0 0)
(0 0 -1.16823e-15)
(0 0 0)
(-1.16823e-15 0 -5.84116e-16)
(-2.33646e-15 -1.16823e-15 -5.84116e-16)
(-2.33646e-15 0 1.16823e-15)
(4.67293e-15 2.33646e-15 0)
(1.16823e-15 0 5.84116e-16)
(0 0 0)
(0 0 0)
(0 0 0)
(-0.00291467 -0.00157495 -1.99591e-08)
(-0.000610569 -0.000392518 -7.58173e-09)
(-0.000133477 -9.63264e-05 -2.77633e-09)
(-2.99158e-05 -2.31441e-05 -9.2193e-10)
(-6.76239e-06 -5.42818e-06 -2.81636e-10)
(-1.52283e-06 -1.24129e-06 -8.11402e-11)
(-3.38874e-07 -2.76732e-07 -2.25019e-11)
(-7.41639e-08 -6.01797e-08 -6.09876e-12)
(-1.59233e-08 -1.27772e-08 -1.63027e-12)
(-3.35048e-09 -2.65152e-09 -4.31662e-13)
(-6.90787e-10 -5.38435e-10 -1.13903e-13)
(-1.39607e-10 -1.07125e-10 -2.74535e-14)
(-2.76789e-11 -2.0902e-11 -5.84116e-15)
(-5.38438e-12 -4.0047e-12 -1.75235e-15)
(-1.02571e-12 -7.52342e-13 -1.16823e-15)
(-1.92758e-13 -1.42524e-13 0)
(-4.08881e-14 -2.33646e-14 1.16823e-15)
(-7.00939e-15 0 0)
(0 1.16823e-15 0)
(-2.33646e-15 1.16823e-15 0)
(0 0 -1.16823e-15)
(2.33646e-15 0 0)
(0 0 -1.16823e-15)
(0 0 -1.16823e-15)
(0 0 0)
(-3.5047e-15 1.16823e-15 -1.16823e-15)
(1.16823e-15 5.84116e-15 -5.84116e-16)
(2.33646e-15 1.16823e-15 1.16823e-15)
(0 0 0)
(1.16823e-15 0 0)
(-1.16823e-15 0 0)
(0 0 0)
(-0.000558562 0.000694764 4.53435e-08)
(-0.000169279 0.00019855 1.54651e-08)
(-4.85537e-05 5.39973e-05 4.82171e-09)
(-1.32466e-05 1.40376e-05 1.37909e-09)
(-3.45327e-06 3.50245e-06 3.61729e-10)
(-8.63703e-07 8.41675e-07 8.59848e-11)
(-2.08005e-07 1.95424e-07 1.80877e-11)
(-4.83897e-08 4.3963e-08 3.09698e-12)
(-1.09053e-08 9.6066e-09 3.06077e-13)
(-2.38697e-09 2.04367e-09 -6.19163e-14)
(-5.08606e-10 4.2415e-10 -5.19863e-14)
(-1.05722e-10 8.6045e-11 -2.21964e-14)
(-2.14815e-11 1.70971e-11 -7.00939e-15)
(-4.27573e-12 3.33297e-12 -1.75235e-15)
(-8.36454e-13 6.35518e-13 -1.16823e-15)
(-1.61216e-13 1.14487e-13 -5.84116e-16)
(-2.68693e-14 1.75235e-14 5.84116e-16)
(-5.84116e-15 0 0)
(-1.16823e-15 -1.16823e-15 0)
(0 -1.16823e-15 0)
(0 0 0)
(-2.33646e-15 -1.16823e-15 0)
(0 -1.16823e-15 -5.84116e-16)
(-2.33646e-15 -1.16823e-15 -5.84116e-16)
(2.33646e-15 -5.84116e-15 -1.16823e-15)
(3.5047e-15 -1.16823e-15 1.16823e-15)
(-1.16823e-15 0 5.84116e-16)
(0 -1.16823e-15 0)
(0 -1.16823e-15 0)
(0 -1.16823e-15 0)
(0 -1.16823e-15 0)
(0 -1.16823e-15 5.84116e-16)
(-0.0015448 0.000566147 8.40759e-08)
(-0.000471488 0.000163728 2.62993e-08)
(-0.000135959 4.49517e-05 7.48546e-09)
(-3.72482e-05 1.17756e-05 1.92571e-09)
(-9.7427e-06 2.95614e-06 4.38242e-10)
(-2.44333e-06 7.13896e-07 8.25882e-11)
(-5.89707e-07 1.66404e-07 9.92296e-12)
(-1.37427e-07 3.75487e-08 -1.09113e-12)
(-3.1014e-08 8.2238e-09 -1.33003e-12)
(-6.79548e-09 1.75234e-09 -6.25004e-13)
(-1.44902e-09 3.64041e-10 -2.31894e-13)
(-3.01331e-10 7.38778e-11 -7.5351e-14)
(-6.12317e-11 1.46718e-11 -2.16123e-14)
(-1.21847e-11 2.85282e-12 -7.00939e-15)
(-2.38319e-12 5.4206e-13 -2.33646e-15)
(-4.57947e-13 1.02804e-13 -1.16823e-15)
(-8.41127e-14 1.5187e-14 -1.75235e-15)
(-1.16823e-14 2.33646e-15 -1.16823e-15)
(0 1.16823e-15 0)
(-1.16823e-15 0 5.84116e-16)
(1.16823e-15 1.16823e-15 1.75235e-15)
(0 0 0)
(0 0 0)
(-3.5047e-15 0 0)
(0 2.33646e-15 -1.75235e-15)
(2.33646e-15 0 -1.16823e-15)
(0 0 0)
(0 1.16823e-15 -1.16823e-15)
(0 0 0)
(0 0 -1.16823e-15)
(0 0 -1.16823e-15)
(0 0 0)
(-0.00224249 0.000382948 9.60127e-08)
(-0.000690475 0.000112672 3.1751e-08)
(-0.000200506 3.13339e-05 9.65946e-09)
(-5.52422e-05 8.28548e-06 2.69311e-09)
(-1.45149e-05 2.09389e-06 6.80858e-10)
(-3.65344e-06 5.07975e-07 1.52526e-10)
(-8.84352e-07 1.18752e-07 2.82397e-11)
(-2.0657e-07 2.684e-08 3.30843e-12)
(-4.67017e-08 5.88202e-09 -3.87269e-13)
(-1.02467e-08 1.25305e-09 -4.48017e-13)
(-2.18706e-09 2.60071e-10 -2.05609e-13)
(-4.55093e-10 5.26919e-11 -7.41827e-14)
(-9.2503e-11 1.0437e-11 -2.33646e-14)
(-1.84043e-11 2.02338e-12 -7.00939e-15)
(-3.58881e-12 3.84348e-13 -2.92058e-15)
(-6.86921e-13 7.47669e-14 0)
(-1.28506e-13 1.75235e-14 0)
(-2.10282e-14 1.16823e-15 -5.84116e-16)
(-3.5047e-15 0 0)
(-1.16823e-15 0 -1.16823e-15)
(0 -1.16823e-15 0)
(0 0 0)
(-2.33646e-15 0 -5.84116e-16)
(0 1.16823e-15 0)
(2.33646e-15 2.33646e-15 0)
(1.16823e-15 1.16823e-15 0)
(0 1.16823e-15 0)
(0 3.5047e-15 1.16823e-15)
(-1.16823e-15 1.16823e-15 5.84116e-16)
(0 0 0)
(1.16823e-15 0 0)
(-1.16823e-15 1.16823e-15 1.16823e-15)
(-0.00265382 0.000217709 7.50137e-08)
(-0.000823101 6.42189e-05 2.56145e-08)
(-0.000240346 1.77399e-05 8.22943e-09)
(-6.64882e-05 4.63185e-06 2.44954e-09)
(-1.75202e-05 1.15166e-06 6.67454e-10)
(-4.41847e-06 2.74338e-07 1.63459e-10)
(-1.07084e-06 6.29138e-08 3.47607e-11)
(-2.50297e-07 1.39453e-08 5.77632e-12)
(-5.66009e-08 2.99742e-09 4.05961e-13)
(-1.24174e-08 6.26459e-10 -2.19044e-13)
(-2.64939e-09 1.27597e-10 -1.43108e-13)
(-5.50963e-10 2.5374e-11 -5.84116e-14)
(-1.119e-10 4.93578e-12 -1.81076e-14)
(-2.22396e-11 9.35754e-13 -5.84116e-15)
(-4.32713e-12 1.76403e-13 -3.5047e-15)
(-8.27108e-13 3.5047e-14 0)
(-1.5888e-13 5.84116e-15 -5.84116e-16)
(-2.68693e-14 2.33646e-15 -2.92058e-15)
(-3.5047e-15 -1.16823e-15 -5.84116e-16)
(0 0 0)
(0 0 0)
(0 0 1.16823e-15)
(3.5047e-15 1.16823e-15 0)
(-2.33646e-15 2.33646e-15 0)
(0 0 -5.84116e-16)
(2.33646e-15 -1.16823e-15 5.84116e-16)
(2.33646e-15 2.33646e-15 1.75235e-15)
(0 0 2.92058e-15)
(-4.67293e-15 3.5047e-15 1.75235e-15)
(-1.16823e-15 0 0)
(0 0 1.16823e-15)
(0 0 1.16823e-15)
(-0.00286214 9.27077e-05 6.09007e-08)
(-0.000890444 2.2965e-05 2.53646e-08)
(-0.000260093 4.99179e-06 9.07788e-09)
(-7.18304e-05 9.49448e-07 2.86767e-09)
(-1.88724e-05 1.5189e-07 8.08675e-10)
(-4.74219e-06 1.74021e-08 2.05063e-10)
(-1.14475e-06 -6.09116e-12 4.60459e-11)
(-2.66486e-07 -8.21372e-10 8.79504e-12)
(-6.00205e-08 -3.39931e-10 1.20912e-12)
(-1.31165e-08 -1.02838e-10 0)
(-2.78814e-09 -2.70224e-11 -8.23604e-14)
(-5.77756e-10 -6.51874e-12 -4.08881e-14)
(-1.16941e-10 -1.48132e-12 -1.34347e-14)
(-2.31637e-11 -3.17759e-13 -4.08881e-15)
(-4.49068e-12 -6.30845e-14 -1.75235e-15)
(-8.57482e-13 -1.40188e-14 1.16823e-15)
(-1.62384e-13 -2.33646e-15 0)
(-2.92058e-14 -2.33646e-15 -2.33646e-15)
(-3.5047e-15 -2.33646e-15 0)
(0 0 0)
(0 0 1.16823e-15)
(0 0 0)
(3.5047e-15 -1.16823e-15 0)
(-2.33646e-15 -3.5047e-15 0)
(-1.16823e-15 0 0)
(1.16823e-15 0 0)
(2.33646e-15 -3.5047e-15 5.84116e-16)
(2.33646e-15 -4.67293e-15 1.16823e-15)
(-2.33646e-15 -1.16823e-15 1.75235e-15)
(-2.33646e-15 0 0)
(2.33646e-15 0 5.84116e-16)
(-3.5047e-15 0 1.16823e-15)
(-0.00295282 -3.44192e-05 3.39788e-08)
(-0.000910817 -2.82479e-05 2.12423e-08)
(-0.000262362 -1.20427e-05 1.0034e-08)
(-7.13281e-05 -4.05411e-06 3.75856e-09)
(-1.84523e-05 -1.1948e-06 1.20057e-09)
(-4.57037e-06 -3.21936e-07 3.40901e-10)
(-1.08907e-06 -8.11451e-08 8.79106e-11)
(-2.50631e-07 -1.93984e-08 2.07601e-11)
(-5.58824e-08 -4.43857e-09 4.47141e-12)
(-1.21045e-08 -9.78371e-10 8.58651e-13)
(-2.55307e-09 -2.08761e-10 1.36099e-13)
(-5.25423e-10 -4.32818e-11 1.40188e-14)
(-1.05698e-10 -8.74655e-12 1.16823e-15)
(-2.08226e-11 -1.72197e-12 1.16823e-15)
(-4.02339e-12 -3.31778e-13 1.75235e-15)
(-7.64024e-13 -6.42528e-14 5.84116e-16)
(-1.44861e-13 -1.16823e-14 0)
(-2.68693e-14 0 -1.16823e-15)
(-2.33646e-15 -2.33646e-15 -2.33646e-15)
(0 0 0)
(0 0 1.16823e-15)
(0 0 0)
(0 0 0)
(-2.33646e-15 -2.33646e-15 -1.16823e-15)
(0 -4.67293e-15 -1.16823e-15)
(2.33646e-15 0 0)
(0 0 1.16823e-15)
(-2.33646e-15 -2.33646e-15 0)
(2.33646e-15 -3.5047e-15 0)
(-2.33646e-15 -2.33646e-15 0)
(0 -2.33646e-15 -1.16823e-15)
(2.33646e-15 -1.16823e-15 0)
(-0.00297532 -0.000344919 6.90663e-09)
(-0.000868068 -0.000141377 1.39573e-09)
(-0.0002359 -4.46492e-05 5.96499e-12)
(-6.09826e-05 -1.24832e-05 -9.12792e-11)
(-1.51403e-05 -3.23354e-06 -4.47772e-11)
(-3.62854e-06 -7.92204e-07 -1.78313e-11)
(-8.42207e-07 -1.85652e-07 -6.7664e-12)
(-1.89779e-07 -4.19104e-08 -2.5117e-12)
(-4.16005e-08 -9.15791e-09 -8.91945e-13)
(-8.88674e-09 -1.94393e-09 -3.04909e-13)
(-1.85306e-09 -4.01976e-10 -9.92997e-14)
(-3.7774e-10 -8.11606e-11 -3.09582e-14)
(-7.53849e-11 -1.6034e-11 -7.59351e-15)
(-1.47454e-11 -3.10516e-12 -1.16823e-15)
(-2.83413e-12 -5.88789e-13 2.33646e-15)
(-5.36219e-13 -1.10982e-13 0)
(-9.92997e-14 -1.86917e-14 1.16823e-15)
(-1.98599e-14 -3.5047e-15 1.75235e-15)
(-3.5047e-15 2.33646e-15 0)
(2.33646e-15 0 5.84116e-16)
(0 0 0)
(-2.33646e-15 0 -5.84116e-16)
(2.33646e-15 -2.33646e-15 0)
(-2.33646e-15 2.33646e-15 -5.84116e-16)
(0 2.33646e-15 -1.16823e-15)
(2.33646e-15 0 5.84116e-16)
(0 0 5.84116e-16)
(0 2.33646e-15 5.84116e-16)
(0 0 0)
(-2.33646e-15 0 -5.84116e-16)
(0 0 -5.84116e-16)
(2.33646e-15 0 0)
(-0.0029146 -0.00157494 -1.28547e-08)
(-0.000610547 -0.00039251 -4.99926e-09)
(-0.000133468 -9.63227e-05 -1.86597e-09)
(-2.99125e-05 -2.31427e-05 -6.25616e-10)
(-6.76125e-06 -5.42771e-06 -1.91104e-10)
(-1.52247e-06 -1.24115e-06 -5.45109e-11)
(-3.38773e-07 -2.76689e-07 -1.48465e-11)
(-7.41362e-08 -6.01668e-08 -3.92584e-12)
(-1.5916e-08 -1.27734e-08 -1.01928e-12)
(-3.34858e-09 -2.65038e-09 -2.62852e-13)
(-6.90297e-10 -5.38101e-10 -6.77575e-14)
(-1.3948e-10 -1.07029e-10 -1.75235e-14)
(-2.76439e-11 -2.08798e-11 -4.08881e-15)
(-5.3762e-12 -4.0012e-12 0)
(-1.02804e-12 -7.55846e-13 1.16823e-15)
(-1.95095e-13 -1.37851e-13 -1.75235e-15)
(-3.85517e-14 -2.45329e-14 -1.16823e-15)
(-5.84116e-15 -1.16823e-15 0)
(0 2.33646e-15 0)
(0 0 0)
(0 0 1.16823e-15)
(-2.33646e-15 0 0)
(0 2.33646e-15 -5.84116e-16)
(2.33646e-15 0 0)
(0 2.33646e-15 0)
(0 0 1.16823e-15)
(0 0 1.75235e-15)
(0 0 -1.16823e-15)
(0 0 0)
(-2.33646e-15 2.33646e-15 -1.16823e-15)
(0 2.33646e-15 -1.16823e-15)
(2.33646e-15 0 0)
(-0.919065 6.94025e-05 -1.38688e-08)
(-0.746144 0.000159778 -1.29504e-08)
(-0.501187 0.000167781 -9.44102e-09)
(-0.285662 0.000124226 -1.19917e-08)
(-0.14157 6.55905e-05 -1.4917e-08)
(-0.0624315 -7.39301e-06 -1.37647e-08)
(-0.0255238 -0.000172221 -6.40802e-09)
(-0.0121764 -0.000745944 -2.7578e-09)
(-0.919017 1.83556e-05 -1.32463e-08)
(-0.746122 4.30369e-05 -1.33015e-08)
(-0.501194 4.62532e-05 -1.1278e-08)
(-0.285685 3.46267e-05 -1.42005e-08)
(-0.141603 1.66403e-05 -1.61323e-08)
(-0.0624896 -8.78058e-06 -1.37331e-08)
(-0.025625 -5.6478e-05 -9.7182e-09)
(-0.0120244 -0.000125743 -3.60367e-09)
(-0.919004 4.69602e-06 -1.27242e-08)
(-0.746116 1.11575e-05 -1.34728e-08)
(-0.501196 1.22034e-05 -1.22896e-08)
(-0.285691 9.18058e-06 -1.56261e-08)
(-0.141613 4.02199e-06 -1.77848e-08)
(-0.0625047 -3.36741e-06 -1.57081e-08)
(-0.0256407 -1.44793e-05 -1.058e-08)
(-0.0119941 -2.14776e-05 -3.75563e-09)
(-0.919001 1.17185e-06 -1.2716e-08)
(-0.746115 2.80759e-06 -1.36999e-08)
(-0.501196 3.12542e-06 -1.27443e-08)
(-0.285693 2.41114e-06 -1.61265e-08)
(-0.141616 1.15202e-06 -1.81841e-08)
(-0.0625081 -5.08706e-07 -1.60957e-08)
(-0.0256431 -2.50637e-06 -1.08843e-08)
(-0.0119884 -3.06006e-06 -3.91211e-09)
(-0.919 2.88282e-07 -1.26848e-08)
(-0.746114 7.04798e-07 -1.37722e-08)
(-0.501196 8.4375e-07 -1.29082e-08)
(-0.285693 8.42648e-07 -1.62993e-08)
(-0.141616 1.01818e-06 -1.82608e-08)
(-0.0625083 1.76979e-06 -1.60647e-08)
(-0.0256433 3.14062e-06 -1.02611e-08)
(-0.0119886 3.26338e-06 -2.4451e-09)
(-0.919 7.7535e-08 -1.26876e-08)
(-0.746114 2.13628e-07 -1.37958e-08)
(-0.501196 3.80694e-07 -1.29336e-08)
(-0.285693 8.51812e-07 -1.61823e-08)
(-0.141615 2.42099e-06 -1.78795e-08)
(-0.062506 6.86332e-06 -1.48537e-08)
(-0.0256416 1.61294e-05 -8.18416e-09)
(-0.0119948 2.2014e-05 -4.3991e-09)
(-0.919 3.31057e-08 -1.26802e-08)
(-0.746114 1.32846e-07 -1.37848e-08)
(-0.501196 4.40876e-07 -1.28837e-08)
(-0.285691 1.62198e-06 -1.60667e-08)
(-0.14161 6.0132e-06 -1.77816e-08)
(-0.0624946 2.07908e-05 -1.5566e-08)
(-0.0256281 6.20145e-05 -1.2303e-08)
(-0.0120267 0.000127571 -2.11517e-09)
(-0.919 2.82153e-08 -1.26785e-08)
(-0.746114 1.48211e-07 -1.37968e-08)
(-0.501195 6.31796e-07 -1.28945e-08)
(-0.285687 2.70278e-06 -1.62552e-08)
(-0.141596 1.14139e-05 -1.84553e-08)
(-0.06245 4.71235e-05 -1.60416e-08)
(-0.0255348 0.000190093 -7.10791e-09)
(-0.0121844 0.000753196 -2.68118e-09)
(-0.919066 6.94151e-05 3.403e-09)
(-0.746144 0.000159783 -1.86669e-08)
(-0.501187 0.000167773 -7.56874e-08)
(-0.285662 0.000124212 -1.24584e-07)
(-0.14157 6.5578e-05 -1.3401e-07)
(-0.0624315 -7.40071e-06 -1.08022e-07)
(-0.0255237 -0.000172226 -6.36758e-08)
(-0.0121763 -0.000745949 -2.41966e-08)
(-0.919017 1.83579e-05 -9.1242e-09)
(-0.746122 4.30359e-05 -5.18368e-08)
(-0.501194 4.62475e-05 -1.15289e-07)
(-0.285685 3.46195e-05 -1.58181e-07)
(-0.141603 1.66346e-05 -1.56302e-07)
(-0.0624896 -8.78446e-06 -1.20123e-07)
(-0.025625 -5.64864e-05 -7.28438e-08)
(-0.0120243 -0.000125745 -2.40622e-08)
(-0.919004 4.69708e-06 -1.39828e-08)
(-0.746116 1.11567e-05 -6.49496e-08)
(-0.501196 1.22005e-05 -1.31187e-07)
(-0.285691 9.17673e-06 -1.72023e-07)
(-0.141613 4.01789e-06 -1.66199e-07)
(-0.0625046 -3.37214e-06 -1.26317e-07)
(-0.0256407 -1.44817e-05 -7.48767e-08)
(-0.0119941 -2.14783e-05 -2.45712e-08)
(-0.919001 1.17193e-06 -1.58553e-08)
(-0.746115 2.80699e-06 -6.99051e-08)
(-0.501196 3.12418e-06 -1.37184e-07)
(-0.285693 2.40979e-06 -1.77223e-07)
(-0.141616 1.15106e-06 -1.69768e-07)
(-0.0625081 -5.09419e-07 -1.28405e-07)
(-0.0256431 -2.50573e-06 -7.5646e-08)
(-0.0119884 -3.05744e-06 -2.45771e-08)
(-0.919 2.88339e-07 -1.64903e-08)
(-0.746114 7.04606e-07 -7.16155e-08)
(-0.501196 8.43372e-07 -1.39283e-07)
(-0.285693 8.42536e-07 -1.79075e-07)
(-0.141616 1.01879e-06 -1.71049e-07)
(-0.0625083 1.77228e-06 -1.29131e-07)
(-0.0256432 3.14602e-06 -7.5339e-08)
(-0.0119886 3.2624e-06 -2.31066e-08)
(-0.919 7.75441e-08 -1.67075e-08)
(-0.746114 2.13603e-07 -7.21885e-08)
(-0.501196 3.80743e-07 -1.3999e-07)
(-0.285693 8.52277e-07 -1.79609e-07)
(-0.141615 2.42195e-06 -1.71331e-07)
(-0.062506 6.86432e-06 -1.28604e-07)
(-0.0256416 1.61253e-05 -7.43109e-08)
(-0.0119948 2.20146e-05 -2.6466e-08)
(-0.919 3.31238e-08 -1.67747e-08)
(-0.746114 1.32844e-07 -7.23757e-08)
(-0.501196 4.40954e-07 -1.40222e-07)
(-0.285691 1.62184e-06 -1.79895e-07)
(-0.14161 6.01205e-06 -1.7184e-07)
(-0.0624946 2.07884e-05 -1.30356e-07)
(-0.0256281 6.20166e-05 -7.9779e-08)
(-0.0120267 0.000127574 -2.3537e-08)
(-0.919 2.82361e-08 -1.67999e-08)
(-0.746114 1.48286e-07 -7.24719e-08)
(-0.501195 6.31966e-07 -1.40358e-07)
(-0.285687 2.70282e-06 -1.80331e-07)
(-0.141596 1.14135e-05 -1.72791e-07)
(-0.06245 4.71228e-05 -1.3109e-07)
(-0.0255348 0.000190091 -7.54119e-08)
(-0.0121844 0.00075317 -2.87107e-08)
(-0.919065 6.93228e-05 1.16535e-07)
(-0.746144 0.000159563 7.5002e-08)
(-0.501188 0.000167524 -1.22115e-07)
(-0.285662 0.000124008 -2.79241e-07)
(-0.14157 6.54432e-05 -3.12418e-07)
(-0.0624314 -7.47413e-06 -2.51815e-07)
(-0.0255236 -0.000172255 -1.6404e-07)
(-0.0121762 -0.000745942 -5.66246e-08)
(-0.919017 1.83208e-05 5.16964e-08)
(-0.746122 4.29444e-05 -6.6448e-08)
(-0.501194 4.61422e-05 -2.74417e-07)
(-0.285685 3.45319e-05 -4.00699e-07)
(-0.141603 1.65759e-05 -3.92953e-07)
(-0.0624894 -8.81717e-06 -2.98383e-07)
(-0.0256248 -5.65004e-05 -1.74167e-07)
(-0.0120242 -0.000125743 -5.78688e-08)
(-0.919004 4.68256e-06 2.80613e-08)
(-0.746116 1.11214e-05 -1.19612e-07)
(-0.501196 1.21596e-05 -3.32694e-07)
(-0.285691 9.1425e-06 -4.47432e-07)
(-0.141613 3.99506e-06 -4.22404e-07)
(-0.0625045 -3.38398e-06 -3.12267e-07)
(-0.0256405 -1.44849e-05 -1.80625e-07)
(-0.0119939 -2.14787e-05 -5.70917e-08)
(-0.919001 1.16684e-06 1.91598e-08)
(-0.746115 2.79426e-06 -1.39438e-07)
(-0.501196 3.10923e-06 -3.54486e-07)
(-0.285693 2.39703e-06 -4.65018e-07)
(-0.141616 1.14232e-06 -4.33582e-07)
(-0.0625079 -5.14335e-07 -3.16651e-07)
(-0.0256429 -2.50729e-06 -1.79704e-07)
(-0.0119882 -3.05713e-06 -5.62104e-08)
(-0.919 2.86577e-07 1.62673e-08)
(-0.746114 7.00231e-07 -1.46055e-07)
(-0.501196 8.38138e-07 -3.61936e-07)
(-0.285693 8.37876e-07 -4.71277e-07)
(-0.141616 1.01505e-06 -4.38057e-07)
(-0.0625081 1.76939e-06 -3.19396e-07)
(-0.0256431 3.14329e-06 -1.82384e-07)
(-0.0119884 3.2596e-06 -6.07214e-08)
(-0.919 7.69662e-08 1.52832e-08)
(-0.746114 2.12108e-07 -1.48333e-07)
(-0.501196 3.78816e-07 -3.6463e-07)
(-0.285693 8.50173e-07 -4.74149e-07)
(-0.141615 2.41941e-06 -4.4138e-07)
(-0.0625058 6.86087e-06 -3.25291e-07)
(-0.0256414 1.61205e-05 -1.92189e-07)
(-0.0119946 2.20131e-05 -5.90898e-08)
(-0.919 3.2921e-08 1.49563e-08)
(-0.746114 1.32279e-07 -1.49147e-07)
(-0.501196 4.4014e-07 -3.65833e-07)
(-0.285691 1.62054e-06 -4.75816e-07)
(-0.14161 6.01028e-06 -4.43717e-07)
(-0.0624944 2.07859e-05 -3.27091e-07)
(-0.0256279 6.20123e-05 -1.85226e-07)
(-0.0120265 0.000127566 -6.64914e-08)
(-0.919 2.81442e-08 1.48374e-08)
(-0.746114 1.48005e-07 -1.4942e-07)
(-0.501195 6.31373e-07 -3.66285e-07)
(-0.285687 2.70165e-06 -4.76005e-07)
(-0.141596 1.14113e-05 -4.42934e-07)
(-0.0624498 4.71181e-05 -3.27312e-07)
(-0.0255346 0.000190079 -2.04062e-07)
(-0.0121842 0.00075314 -7.58845e-08)
(-0.919065 6.8994e-05 9.9263e-08)
(-0.746144 0.000158853 8.07185e-08)
(-0.501188 0.000166771 -5.58688e-08)
(-0.285662 0.000123419 -1.66648e-07)
(-0.14157 6.50667e-05 -1.93325e-07)
(-0.0624312 -7.68002e-06 -1.57558e-07)
(-0.0255233 -0.000172343 -1.06772e-07)
(-0.0121759 -0.000745935 -3.51858e-08)
(-0.919017 1.8181e-05 4.75743e-08)
(-0.746123 4.26467e-05 -2.79127e-08)
(-0.501195 4.58263e-05 -1.70405e-07)
(-0.285685 3.42831e-05 -2.56718e-07)
(-0.141603 1.64146e-05 -2.52783e-07)
(-0.0624891 -8.90537e-06 -1.91993e-07)
(-0.0256245 -5.65196e-05 -1.11041e-07)
(-0.0120239 -0.000125746 -3.74103e-08)
(-0.919004 4.632e-06 2.932e-08)
(-0.746117 1.10107e-05 -6.81351e-08)
(-0.501197 1.20404e-05 -2.13797e-07)
(-0.285691 9.04809e-06 -2.91035e-07)
(-0.141613 3.93663e-06 -2.73989e-07)
(-0.0625042 -3.40868e-06 -2.01659e-07)
(-0.0256402 -1.44927e-05 -1.16328e-07)
(-0.0119936 -2.14749e-05 -3.62761e-08)
(-0.919001 1.14834e-06 2.22991e-08)
(-0.746115 2.7541e-06 -8.32325e-08)
(-0.501197 3.0657e-06 -2.30046e-07)
(-0.285693 2.3621e-06 -3.03921e-07)
(-0.141616 1.11976e-06 -2.81998e-07)
(-0.0625076 -5.23677e-07 -2.04342e-07)
(-0.0256425 -2.50925e-06 -1.14943e-07)
(-0.0119879 -3.0647e-06 -3.55454e-08)
(-0.919 2.80585e-07 2.00728e-08)
(-0.746115 6.86814e-07 -8.82118e-08)
(-0.501197 8.23084e-07 -2.35562e-07)
(-0.285693 8.24273e-07 -3.08501e-07)
(-0.141616 1.00319e-06 -2.85269e-07)
(-0.0625078 1.755e-06 -2.0633e-07)
(-0.0256427 3.12105e-06 -1.17306e-07)
(-0.0119881 3.25665e-06 -4.00599e-08)
(-0.919 7.49221e-08 1.93031e-08)
(-0.746115 2.07418e-07 -8.99408e-08)
(-0.501197 3.72949e-07 -2.37573e-07)
(-0.285693 8.43199e-07 -3.10723e-07)
(-0.141615 2.41063e-06 -2.87929e-07)
(-0.0625055 6.84893e-06 -2.1154e-07)
(-0.025641 1.61196e-05 -1.26062e-07)
(-0.0119943 2.20031e-05 -3.70229e-08)
(-0.919 3.22323e-08 1.90508e-08)
(-0.746115 1.30671e-07 -9.05565e-08)
(-0.501196 4.37644e-07 -2.38495e-07)
(-0.285691 1.61812e-06 -3.11988e-07)
(-0.14161 6.00894e-06 -2.89658e-07)
(-0.0624941 2.07844e-05 -2.12301e-07)
(-0.0256276 6.19929e-05 -1.17751e-07)
(-0.0120262 0.000127541 -4.50696e-08)
(-0.919 2.78404e-08 1.89588e-08)
(-0.746114 1.47097e-07 -9.07448e-08)
(-0.501195 6.29734e-07 -2.38821e-07)
(-0.285687 2.69948e-06 -3.11929e-07)
(-0.141595 1.14084e-05 -2.88599e-07)
(-0.0624495 4.71116e-05 -2.12264e-07)
(-0.0255343 0.000190059 -1.35758e-07)
(-0.0121838 0.000753137 -4.9855e-08)
(-0.919 2.57768e-08 -1.26698e-08)
(-0.746113 1.44433e-07 -1.37474e-08)
(-0.501193 6.42763e-07 -1.27987e-08)
(-0.28568 2.80128e-06 -1.60468e-08)
(-0.141566 1.19718e-05 -1.79898e-08)
(-0.0623159 5.00933e-05 -1.58849e-08)
(-0.024922 0.000205675 -1.34208e-08)
(-0.0092625 0.000832538 -1.50745e-08)
(-0.919 1.83867e-08 -1.26729e-08)
(-0.746113 1.02032e-07 -1.37704e-08)
(-0.501192 4.38267e-07 -1.28997e-08)
(-0.285676 1.80218e-06 -1.64925e-08)
(-0.141548 7.06744e-06 -1.95293e-08)
(-0.0622563 2.59677e-05 -2.00118e-08)
(-0.0247524 8.63734e-05 -1.83733e-08)
(-0.00902993 0.00023868 -1.21913e-08)
(-0.919 1.01116e-08 -1.26678e-08)
(-0.746113 5.43907e-08 -1.37469e-08)
(-0.501191 2.22126e-07 -1.28272e-08)
(-0.285674 8.52088e-07 -1.62712e-08)
(-0.141542 3.04748e-06 -1.88165e-08)
(-0.0622366 9.90301e-06 -1.79782e-08)
(-0.0247093 2.80109e-05 -1.48553e-08)
(-0.00898252 6.2725e-05 -1.05278e-08)
(-0.918999 2.88057e-09 -1.26692e-08)
(-0.746113 1.5462e-08 -1.37537e-08)
(-0.501191 6.19617e-08 -1.28456e-08)
(-0.285673 2.29262e-07 -1.63245e-08)
(-0.141539 7.79161e-07 -1.89255e-08)
(-0.0622313 2.35409e-06 -1.80326e-08)
(-0.0246995 6.04014e-06 -1.47193e-08)
(-0.00897329 1.20745e-05 -1.03472e-08)
(-0.918999 -3.39652e-09 -1.26703e-08)
(-0.746113 -1.73922e-08 -1.37575e-08)
(-0.501191 -6.72004e-08 -1.28559e-08)
(-0.285673 -2.41755e-07 -1.63444e-08)
(-0.141539 -8.07341e-07 -1.89771e-08)
(-0.0622314 -2.42235e-06 -1.80787e-08)
(-0.0246996 -6.16482e-06 -1.50859e-08)
(-0.00897326 -1.21947e-05 -1.2535e-08)
(-0.919 -1.05504e-08 -1.26738e-08)
(-0.746113 -5.57239e-08 -1.37736e-08)
(-0.501191 -2.24333e-07 -1.28972e-08)
(-0.285674 -8.51373e-07 -1.65187e-08)
(-0.141542 -3.02991e-06 -1.93885e-08)
(-0.0622367 -9.82926e-06 -1.93617e-08)
(-0.0247093 -2.78213e-05 -1.89617e-08)
(-0.00898251 -6.24129e-05 -1.70268e-08)
(-0.919 -1.89416e-08 -1.26812e-08)
(-0.746113 -1.03638e-07 -1.37991e-08)
(-0.501192 -4.39687e-07 -1.29691e-08)
(-0.285676 -1.79849e-06 -1.66505e-08)
(-0.141548 -7.04248e-06 -1.94719e-08)
(-0.0622562 -2.58726e-05 -1.88702e-08)
(-0.0247522 -8.61423e-05 -1.39942e-08)
(-0.00902986 -0.00023851 -4.39357e-09)
(-0.919 -2.71786e-08 -1.26845e-08)
(-0.746113 -1.48255e-07 -1.37886e-08)
(-0.501193 -6.48268e-07 -1.29392e-08)
(-0.28568 -2.80945e-06 -1.63264e-08)
(-0.141566 -1.1989e-05 -1.81966e-08)
(-0.0623158 -5.01422e-05 -1.56046e-08)
(-0.024922 -0.000205799 -1.03499e-08)
(-0.00926252 -0.000832721 -2.55053e-09)
(-0.919 2.57881e-08 -1.68103e-08)
(-0.746113 1.44486e-07 -7.2479e-08)
(-0.501193 6.42753e-07 -1.40433e-07)
(-0.28568 2.80081e-06 -1.80456e-07)
(-0.141566 1.19696e-05 -1.73143e-07)
(-0.0623159 5.00854e-05 -1.33058e-07)
(-0.024922 0.000205652 -8.68413e-08)
(-0.00926249 0.000832519 -5.14747e-08)
(-0.919 1.83909e-08 -1.68212e-08)
(-0.746113 1.02033e-07 -7.25315e-08)
(-0.501192 4.3821e-07 -1.4059e-07)
(-0.285676 1.80173e-06 -1.80998e-07)
(-0.141548 7.06578e-06 -1.74689e-07)
(-0.0622563 2.59635e-05 -1.36769e-07)
(-0.0247523 8.63705e-05 -9.0327e-08)
(-0.00902991 0.000238689 -4.7527e-08)
(-0.919 1.0119e-08 -1.68231e-08)
(-0.746113 5.4424e-08 -7.25319e-08)
(-0.501191 2.22235e-07 -1.40586e-07)
(-0.285674 8.52424e-07 -1.80942e-07)
(-0.141542 3.04869e-06 -1.74341e-07)
(-0.0622366 9.90697e-06 -1.3563e-07)
(-0.0247093 2.80182e-05 -8.88389e-08)
(-0.0089825 6.27287e-05 -4.90857e-08)
(-0.919 2.87548e-09 -1.68266e-08)
(-0.746113 1.54407e-08 -7.25475e-08)
(-0.501191 6.19043e-08 -1.40625e-07)
(-0.285673 2.29116e-07 -1.81049e-07)
(-0.141539 7.7884e-07 -1.74567e-07)
(-0.0622313 2.35389e-06 -1.35946e-07)
(-0.0246995 6.03968e-06 -8.93927e-08)
(-0.00897327 1.20705e-05 -5.02796e-08)
(-0.919 -3.40572e-09 -1.6827e-08)
(-0.746113 -1.74321e-08 -7.25478e-08)
(-0.501191 -6.73036e-08 -1.40627e-07)
(-0.285673 -2.42143e-07 -1.81046e-07)
(-0.141539 -8.08267e-07 -1.74567e-07)
(-0.0622314 -2.42501e-06 -1.35902e-07)
(-0.0246996 -6.1733e-06 -8.9707e-08)
(-0.00897325 -1.2208e-05 -5.25794e-08)
(-0.919 -1.05722e-08 -1.68266e-08)
(-0.746113 -5.58073e-08 -7.25483e-08)
(-0.501191 -2.24559e-07 -1.40624e-07)
(-0.285674 -8.51985e-07 -1.81118e-07)
(-0.141542 -3.0309e-06 -1.74688e-07)
(-0.0622367 -9.83085e-06 -1.36639e-07)
(-0.0247093 -2.78191e-05 -9.23455e-08)
(-0.00898248 -6.23966e-05 -5.39755e-08)
(-0.919 -1.89631e-08 -1.68257e-08)
(-0.746113 -1.03668e-07 -7.25409e-08)
(-0.501192 -4.39771e-07 -1.40608e-07)
(-0.285676 -1.7981e-06 -1.81014e-07)
(-0.141548 -7.0401e-06 -1.74247e-07)
(-0.0622561 -2.58651e-05 -1.35015e-07)
(-0.0247522 -8.61251e-05 -8.5006e-08)
(-0.00902983 -0.000238481 -3.88374e-08)
(-0.919 -2.72122e-08 -1.68201e-08)
(-0.746113 -1.48364e-07 -7.24924e-08)
(-0.501193 -6.48447e-07 -1.40514e-07)
(-0.28568 -2.80932e-06 -1.80521e-07)
(-0.141566 -1.19877e-05 -1.72873e-07)
(-0.0623158 -5.01373e-05 -1.31992e-07)
(-0.0249219 -0.000205786 -8.2261e-08)
(-0.0092625 -0.000832719 -3.69544e-08)
(-0.919 2.57341e-08 1.47585e-08)
(-0.746113 1.44314e-07 -1.49742e-07)
(-0.501193 6.423e-07 -3.66949e-07)
(-0.28568 2.79995e-06 -4.77487e-07)
(-0.141566 1.1968e-05 -4.46247e-07)
(-0.0623158 5.0082e-05 -3.3269e-07)
(-0.0249219 0.000205645 -2.00821e-07)
(-0.00926236 0.0008325 -8.28794e-08)
(-0.919 1.83611e-08 1.47357e-08)
(-0.746113 1.01927e-07 -1.49782e-07)
(-0.501192 4.37961e-07 -3.66905e-07)
(-0.285676 1.80121e-06 -4.76671e-07)
(-0.141548 7.06504e-06 -4.42485e-07)
(-0.0622561 2.59626e-05 -3.21489e-07)
(-0.0247522 8.63694e-05 -1.84685e-07)
(-0.00902979 0.000238684 -8.18405e-08)
(-0.919 1.01008e-08 1.47039e-08)
(-0.746113 5.43586e-08 -1.4991e-07)
(-0.501192 2.22056e-07 -3.67252e-07)
(-0.285674 8.51986e-07 -4.7751e-07)
(-0.141541 3.04773e-06 -4.44657e-07)
(-0.0622365 9.90466e-06 -3.26615e-07)
(-0.0247092 2.80128e-05 -1.91727e-07)
(-0.00898239 6.27195e-05 -8.49586e-08)
(-0.919 2.87267e-09 1.46971e-08)
(-0.746113 1.543e-08 -1.49932e-07)
(-0.501191 6.18809e-08 -3.67319e-07)
(-0.285673 2.29054e-07 -4.77695e-07)
(-0.141539 7.7871e-07 -4.45233e-07)
(-0.0622311 2.35354e-06 -3.28977e-07)
(-0.0246994 6.0384e-06 -1.98435e-07)
(-0.00897316 1.20675e-05 -9.62091e-08)
(-0.919 -3.39656e-09 1.47018e-08)
(-0.746113 -1.73937e-08 -1.49914e-07)
(-0.501191 -6.71966e-08 -3.67269e-07)
(-0.285673 -2.41893e-07 -4.77578e-07)
(-0.141539 -8.07583e-07 -4.44955e-07)
(-0.0622312 -2.42374e-06 -3.28713e-07)
(-0.0246995 -6.17072e-06 -1.9755e-07)
(-0.00897314 -1.22021e-05 -9.0377e-08)
(-0.919 -1.05477e-08 1.47211e-08)
(-0.746113 -5.57101e-08 -1.49828e-07)
(-0.501192 -2.24295e-07 -3.6704e-07)
(-0.285674 -8.51309e-07 -4.76788e-07)
(-0.141541 -3.02927e-06 -4.43042e-07)
(-0.0622365 -9.82749e-06 -3.23197e-07)
(-0.0247091 -2.78118e-05 -1.81846e-07)
(-0.00898236 -6.23854e-05 -6.7605e-08)
(-0.919 -1.89285e-08 1.47645e-08)
(-0.746113 -1.03526e-07 -1.49665e-07)
(-0.501192 -4.39467e-07 -3.66582e-07)
(-0.285676 -1.7973e-06 -4.75744e-07)
(-0.141548 -7.03885e-06 -4.41093e-07)
(-0.062256 -2.58633e-05 -3.20479e-07)
(-0.024752 -8.61222e-05 -1.87094e-07)
(-0.00902972 -0.000238476 -9.0853e-08)
(-0.919 -2.71544e-08 1.48025e-08)
(-0.746113 -1.48172e-07 -1.49592e-07)
(-0.501193 -6.47974e-07 -3.66431e-07)
(-0.28568 -2.80833e-06 -4.76217e-07)
(-0.141566 -1.19859e-05 -4.44069e-07)
(-0.0623156 -5.01337e-05 -3.29262e-07)
(-0.0249218 -0.000205779 -1.98783e-07)
(-0.00926238 -0.0008327 -1.00477e-07)
(-0.919 2.55847e-08 1.88989e-08)
(-0.746114 1.43761e-07 -9.10102e-08)
(-0.501194 6.41514e-07 -2.39315e-07)
(-0.285681 2.79948e-06 -3.13077e-07)
(-0.141565 1.19705e-05 -2.91094e-07)
(-0.0623154 5.0097e-05 -2.15517e-07)
(-0.0249215 0.000205691 -1.27401e-07)
(-0.00926213 0.000832507 -4.64791e-08)
(-0.919 1.82816e-08 1.88841e-08)
(-0.746114 1.01698e-07 -9.10214e-08)
(-0.501193 4.37604e-07 -2.39214e-07)
(-0.285676 1.80169e-06 -3.12165e-07)
(-0.141548 7.06896e-06 -2.87325e-07)
(-0.0622558 2.59757e-05 -2.04732e-07)
(-0.0247519 8.63887e-05 -1.12731e-07)
(-0.00902957 0.000238685 -4.65047e-08)
(-0.919 1.00418e-08 1.88592e-08)
(-0.746114 5.4125e-08 -9.11246e-08)
(-0.501192 2.21406e-07 -2.39493e-07)
(-0.285674 8.50376e-07 -3.1284e-07)
(-0.141541 3.0432e-06 -2.89132e-07)
(-0.0622361 9.892e-06 -2.08963e-07)
(-0.0247088 2.79907e-05 -1.17743e-07)
(-0.00898217 6.27e-05 -4.64007e-08)
(-0.919 2.87143e-09 1.88546e-08)
(-0.746114 1.5432e-08 -9.11382e-08)
(-0.501192 6.18711e-08 -2.39539e-07)
(-0.285673 2.28979e-07 -3.12971e-07)
(-0.141539 7.78244e-07 -2.89591e-07)
(-0.0622308 2.34969e-06 -2.11063e-07)
(-0.0246991 6.02803e-06 -1.23762e-07)
(-0.00897295 1.20596e-05 -5.62768e-08)
(-0.919 -3.3577e-09 1.88586e-08)
(-0.746114 -1.72245e-08 -9.11236e-08)
(-0.501192 -6.67464e-08 -2.39498e-07)
(-0.285673 -2.4033e-07 -3.12877e-07)
(-0.141539 -8.03886e-07 -2.89365e-07)
(-0.0622309 -2.41345e-06 -2.1089e-07)
(-0.0246991 -6.14012e-06 -1.22928e-07)
(-0.00897291 -1.21508e-05 -5.03326e-08)
(-0.919 -1.04468e-08 1.8874e-08)
(-0.746114 -5.53102e-08 -9.10536e-08)
(-0.501192 -2.23185e-07 -2.39314e-07)
(-0.285674 -8.48316e-07 -3.12189e-07)
(-0.141541 -3.02317e-06 -2.87743e-07)
(-0.0622361 -9.81438e-06 -2.0592e-07)
(-0.0247088 -2.77982e-05 -1.08462e-07)
(-0.00898216 -6.23976e-05 -3.06564e-08)
(-0.919 -1.88004e-08 1.8909e-08)
(-0.746114 -1.03196e-07 -9.09237e-08)
(-0.501193 -4.38553e-07 -2.38943e-07)
(-0.285676 -1.79696e-06 -3.11381e-07)
(-0.141548 -7.04215e-06 -2.86318e-07)
(-0.0622556 -2.58772e-05 -2.04334e-07)
(-0.0247517 -8.6159e-05 -1.16082e-07)
(-0.00902951 -0.000238547 -5.64091e-08)
(-0.919 -2.69621e-08 1.89381e-08)
(-0.746114 -1.47514e-07 -9.08886e-08)
(-0.501194 -6.4674e-07 -2.38857e-07)
(-0.285681 -2.80723e-06 -3.12022e-07)
(-0.141565 -1.19869e-05 -2.89392e-07)
(-0.0623153 -5.0144e-05 -2.12875e-07)
(-0.0249215 -0.00020581 -1.26872e-07)
(-0.00926216 -0.000832674 -6.60729e-08)
(-0.00292188 0.00158579 -6.61376e-09)
(-0.000612671 0.000395972 -2.41721e-09)
(-0.000134089 9.7366e-05 -7.82819e-10)
(-3.00902e-05 2.34416e-05 -2.35056e-10)
(-6.81099e-06 5.50959e-06 -6.76874e-11)
(-1.53605e-06 1.26269e-06 -1.90212e-11)
(-3.42386e-07 2.82155e-07 -5.30436e-12)
(-7.50741e-08 6.1511e-08 -1.47197e-12)
(-1.61537e-08 1.30953e-08 -4.07713e-13)
(-3.40756e-09 2.72578e-09 -1.1215e-13)
(-7.04681e-10 5.55462e-10 -3.0374e-14)
(-1.4294e-10 1.10974e-10 -8.76174e-15)
(-2.84651e-11 2.17712e-11 -2.33646e-15)
(-5.57364e-12 4.19979e-12 -2.33646e-15)
(-1.07361e-12 7.99071e-13 -5.84116e-16)
(-2.03272e-13 1.49534e-13 -5.84116e-16)
(-3.73834e-14 2.68693e-14 -1.16823e-15)
(-8.17763e-15 5.84116e-15 0)
(-2.33646e-15 0 0)
(0 0 0)
(0 -2.33646e-15 -5.84116e-16)
(0 0 0)
(2.33646e-15 2.33646e-15 0)
(-2.33646e-15 2.33646e-15 -5.84116e-16)
(0 0 0)
(-1.16823e-15 -1.16823e-15 0)
(1.16823e-15 -2.33646e-15 0)
(0 2.33646e-15 0)
(2.33646e-15 2.33646e-15 0)
(-2.33646e-15 0 0)
(0 0 0)
(0 -1.16823e-15 0)
(-0.00299656 0.000366352 -5.94344e-09)
(-0.000875749 0.000148442 -2.4957e-09)
(-0.000238442 4.68031e-05 -9.45092e-10)
(-6.17663e-05 1.30975e-05 -3.33984e-10)
(-1.5368e-05 3.39896e-06 -1.11898e-10)
(-3.69138e-06 8.34557e-07 -3.61136e-11)
(-8.58789e-07 1.96029e-07 -1.12682e-11)
(-1.93985e-07 4.4356e-08 -3.42759e-12)
(-4.26316e-08 9.71504e-09 -1.01578e-12)
(-9.13223e-09 2.06715e-09 -2.95563e-13)
(-1.91012e-09 4.2854e-10 -8.46968e-14)
(-3.90749e-10 8.67728e-11 -2.33646e-14)
(-7.83089e-11 1.71987e-11 -7.00939e-15)
(-1.53996e-11 3.34348e-12 -2.33646e-15)
(-2.97899e-12 6.39023e-13 -1.75235e-15)
(-5.66593e-13 1.20328e-13 1.16823e-15)
(-1.02804e-13 2.33646e-14 -1.75235e-15)
(-1.98599e-14 5.84116e-15 -2.92058e-15)
(-5.84116e-15 2.33646e-15 -1.16823e-15)
(0 0 -1.16823e-15)
(2.33646e-15 2.33646e-15 -1.16823e-15)
(-2.33646e-15 0 -1.16823e-15)
(4.67293e-15 0 -1.75235e-15)
(0 0 -1.75235e-15)
(-2.33646e-15 2.33646e-15 -1.75235e-15)
(-2.33646e-15 1.16823e-15 -1.16823e-15)
(2.33646e-15 0 0)
(2.33646e-15 0 -1.75235e-15)
(-2.33646e-15 -2.33646e-15 -1.75235e-15)
(-2.33646e-15 0 -5.84116e-16)
(0 0 -1.16823e-15)
(0 1.16823e-15 -1.16823e-15)
(-0.00301212 8.46592e-05 -6.15174e-09)
(-0.00093222 4.40267e-05 -2.96061e-09)
(-0.000269433 1.66532e-05 -1.23868e-09)
(-7.34943e-05 5.31781e-06 -4.67003e-10)
(-1.9074e-05 1.52225e-06 -1.63363e-10)
(-4.73898e-06 4.02696e-07 -5.39507e-11)
(-1.13259e-06 1.00211e-07 -1.70439e-11)
(-2.61388e-07 2.37277e-08 -5.19454e-12)
(-5.84425e-08 5.38784e-09 -1.53681e-12)
(-1.26941e-08 1.18001e-09 -4.44512e-13)
(-2.68506e-09 2.50371e-10 -1.24417e-13)
(-5.54281e-10 5.16429e-11 -3.44628e-14)
(-1.11892e-10 1.03856e-11 -9.92997e-15)
(-2.21322e-11 2.04324e-12 -1.75235e-15)
(-4.29909e-12 3.92526e-13 -1.16823e-15)
(-8.20099e-13 7.47669e-14 -1.16823e-15)
(-1.53038e-13 1.28506e-14 -5.84116e-16)
(-2.68693e-14 2.33646e-15 -1.75235e-15)
(-5.84116e-15 3.5047e-15 -5.84116e-16)
(-4.67293e-15 2.33646e-15 0)
(0 -3.5047e-15 -1.16823e-15)
(0 0 0)
(2.33646e-15 0 0)
(-2.33646e-15 -2.33646e-15 0)
(0 0 0)
(0 -1.16823e-15 0)
(-1.16823e-15 0 0)
(1.16823e-15 0 0)
(0 -1.16823e-15 -5.84116e-16)
(0 0 0)
(0 2.33646e-15 0)
(0 0 -1.16823e-15)
(-0.00301525 1.52982e-05 -5.91527e-09)
(-0.000943755 8.99931e-06 -2.83586e-09)
(-0.000277151 3.78587e-06 -1.19079e-09)
(-7.68972e-05 1.31364e-06 -4.53121e-10)
(-2.02831e-05 4.01075e-07 -1.60273e-10)
(-5.11342e-06 1.11584e-07 -5.36698e-11)
(-1.23776e-06 2.88929e-08 -1.719e-11)
(-2.88809e-07 7.05998e-09 -5.31604e-12)
(-6.51793e-08 1.6436e-09 -1.59172e-12)
(-1.42697e-08 3.67096e-10 -4.64372e-13)
(-3.03849e-09 7.90671e-11 -1.31426e-13)
(-6.30734e-10 1.64838e-11 -3.62152e-14)
(-1.2791e-10 3.33881e-12 -9.92997e-15)
(-2.5395e-11 6.55378e-13 -1.75235e-15)
(-4.9463e-12 1.23833e-13 0)
(-9.451e-13 2.10282e-14 5.84116e-16)
(-1.74067e-13 2.33646e-15 -1.16823e-15)
(-3.0374e-14 -2.33646e-15 0)
(-5.84116e-15 -1.16823e-15 -5.84116e-16)
(-2.33646e-15 2.33646e-15 0)
(-3.5047e-15 0 0)
(1.16823e-15 -1.16823e-15 0)
(2.33646e-15 -2.33646e-15 0)
(0 0 0)
(-2.33646e-15 2.33646e-15 -1.16823e-15)
(-1.16823e-15 0 5.84116e-16)
(1.16823e-15 -1.16823e-15 0)
(0 -2.33646e-15 0)
(-1.16823e-15 1.16823e-15 5.84116e-16)
(3.5047e-15 4.67293e-15 0)
(0 2.33646e-15 -2.33646e-15)
(-2.33646e-15 0 0)
(-0.00301519 -1.53846e-05 -1.06164e-08)
(-0.000943732 -9.05091e-06 -5.32739e-09)
(-0.000277119 -3.80588e-06 -2.11119e-09)
(-7.68791e-05 -1.31946e-06 -7.38371e-10)
(-2.0276e-05 -4.02462e-07 -2.39114e-10)
(-5.11116e-06 -1.11876e-07 -7.37791e-11)
(-1.23711e-06 -2.89556e-08 -2.19762e-11)
(-2.88637e-07 -7.07677e-09 -6.38731e-12)
(-6.51354e-08 -1.64954e-09 -1.8166e-12)
(-1.42586e-08 -3.6942e-10 -5.09349e-13)
(-3.03567e-09 -7.9948e-11 -1.41356e-13)
(-6.3001e-10 -1.67945e-11 -3.79675e-14)
(-1.2772e-10 -3.44044e-12 -1.22664e-14)
(-2.5346e-11 -6.90425e-13 -4.67293e-15)
(-4.93461e-12 -1.35515e-13 -2.33646e-15)
(-9.43932e-13 -2.33646e-14 0)
(-1.75235e-13 -5.84116e-15 0)
(-2.92058e-14 -1.16823e-15 -5.84116e-16)
(-3.5047e-15 -2.33646e-15 -1.75235e-15)
(-4.67293e-15 0 -2.92058e-15)
(-1.16823e-15 0 0)
(0 0 -5.84116e-16)
(1.16823e-15 0 -1.16823e-15)
(2.33646e-15 0 -1.16823e-15)
(0 0 -1.75235e-15)
(-3.5047e-15 0 -5.84116e-16)
(1.16823e-15 1.16823e-15 5.84116e-16)
(2.33646e-15 0 -1.75235e-15)
(2.33646e-15 0 -5.84116e-16)
(0 0 -3.5047e-15)
(0 -2.33646e-15 -2.92058e-15)
(-4.67293e-15 0 -5.84116e-16)
(-0.00301211 -8.44162e-05 -6.66061e-09)
(-0.000932177 -4.38574e-05 -2.41628e-09)
(-0.000269419 -1.65726e-05 -8.6805e-10)
(-7.34938e-05 -5.28766e-06 -3.08492e-10)
(-1.90755e-05 -1.51259e-06 -1.06896e-10)
(-4.73992e-06 -3.99925e-07 -3.59494e-11)
(-1.13296e-06 -9.94839e-08 -1.16893e-11)
(-2.61503e-07 -2.35508e-08 -3.67759e-12)
(-5.8472e-08 -5.34777e-09 -1.11975e-12)
(-1.27001e-08 -1.17161e-09 -3.31194e-13)
(-2.68586e-09 -2.48765e-10 -9.5795e-14)
(-5.54228e-10 -5.13742e-11 -2.74535e-14)
(-1.11804e-10 -1.03564e-11 -7.00939e-15)
(-2.20878e-11 -2.04441e-12 -1.75235e-15)
(-4.2804e-12 -3.96031e-13 -1.16823e-15)
(-8.15426e-13 -7.47669e-14 -1.75235e-15)
(-1.54207e-13 -1.28506e-14 1.16823e-15)
(-2.68693e-14 -4.67293e-15 1.16823e-15)
(-4.67293e-15 0 0)
(2.33646e-15 -4.67293e-15 0)
(-2.33646e-15 1.16823e-15 -1.16823e-15)
(0 -2.33646e-15 0)
(0 0 0)
(0 0 -5.84116e-16)
(0 -2.33646e-15 0)
(0 -2.33646e-15 0)
(-1.16823e-15 -1.16823e-15 0)
(1.16823e-15 0 0)
(2.33646e-15 0 0)
(-2.33646e-15 -4.67293e-15 -1.16823e-15)
(0 -2.33646e-15 0)
(0 -1.16823e-15 0)
(-0.00299664 -0.000366155 -4.14038e-10)
(-0.000875888 -0.000148324 3.44237e-11)
(-0.000238549 -4.6755e-05 -1.20515e-11)
(-6.1819e-05 -1.30818e-05 -3.13548e-11)
(-1.53883e-05 -3.3945e-06 -2.17729e-11)
(-3.69806e-06 -8.33419e-07 -1.0781e-11)
(-8.60738e-07 -1.95758e-07 -4.43811e-12)
(-1.94501e-07 -4.42945e-08 -1.62968e-12)
(-4.27562e-08 -9.70134e-09 -5.50237e-13)
(-9.15959e-09 -2.06407e-09 -1.75819e-13)
(-1.91543e-09 -4.27824e-10 -5.43228e-14)
(-3.91602e-10 -8.65964e-11 -1.57711e-14)
(-7.83907e-11 -1.7152e-11 -2.92058e-15)
(-1.53868e-11 -3.3318e-12 -1.75235e-15)
(-2.96264e-12 -6.35518e-13 0)
(-5.60751e-13 -1.20328e-13 0)
(-1.06309e-13 -1.98599e-14 0)
(-1.63553e-14 -1.16823e-15 5.84116e-16)
(-4.67293e-15 -2.33646e-15 -1.16823e-15)
(0 0 0)
(-1.16823e-15 0 -5.84116e-16)
(0 2.33646e-15 1.16823e-15)
(1.16823e-15 0 0)
(0 0 0)
(-1.16823e-15 -2.33646e-15 -1.16823e-15)
(-2.33646e-15 2.33646e-15 2.33646e-15)
(2.33646e-15 1.16823e-15 0)
(0 2.33646e-15 0)
(1.16823e-15 -1.16823e-15 0)
(0 -1.16823e-15 0)
(0 0 0)
(0 1.16823e-15 -1.75235e-15)
(-0.00292192 -0.00158614 -8.27907e-10)
(-0.000612777 -0.000396207 -2.72798e-10)
(-0.000134177 -9.74746e-05 -1.02446e-10)
(-3.01333e-05 -2.34817e-05 -4.05009e-11)
(-6.82711e-06 -5.52232e-06 -1.58699e-11)
(-1.54117e-06 -1.2663e-06 -5.89139e-12)
(-3.43832e-07 -2.8309e-07 -2.07361e-12)
(-7.5446e-08 -6.17327e-08 -6.89257e-13)
(-1.62415e-08 -1.31431e-08 -2.19044e-13)
(-3.42659e-09 -2.73493e-09 -6.71734e-14)
(-7.08391e-10 -5.56903e-10 -2.10282e-14)
(-1.43558e-10 -1.11108e-10 -6.42528e-15)
(-2.85376e-11 -2.17455e-11 -1.75235e-15)
(-5.57247e-12 -4.17526e-12 0)
(-1.06543e-12 -7.87388e-13 0)
(-1.99768e-13 -1.46029e-13 0)
(-3.62152e-14 -2.68693e-14 0)
(-9.34586e-15 -4.67293e-15 0)
(-2.33646e-15 0 0)
(0 0 0)
(-1.16823e-15 0 0)
(1.16823e-15 1.16823e-15 5.84116e-16)
(0 0 -5.84116e-16)
(0 0 0)
(0 0 0)
(0 1.16823e-15 0)
(2.33646e-15 0 0)
(-2.33646e-15 -2.33646e-15 0)
(-1.16823e-15 1.16823e-15 0)
(1.16823e-15 1.16823e-15 0)
(0 0 0)
(0 0 0)
(-0.00292185 0.00158576 -1.61887e-08)
(-0.000612659 0.000395962 -5.65788e-09)
(-0.000134084 9.73626e-05 -1.95108e-09)
(-3.00887e-05 2.34405e-05 -6.44821e-10)
(-6.81055e-06 5.50923e-06 -2.05638e-10)
(-1.53593e-06 1.26258e-06 -6.42201e-11)
(-3.42351e-07 2.82122e-07 -1.96818e-11)
(-7.50643e-08 6.15012e-08 -5.94689e-12)
(-1.6151e-08 1.30924e-08 -1.75994e-12)
(-3.40681e-09 2.72496e-09 -5.11686e-13)
(-7.04473e-10 5.55233e-10 -1.46613e-13)
(-1.42882e-10 1.10911e-10 -4.08881e-14)
(-2.84523e-11 2.17537e-11 -1.22664e-14)
(-5.57013e-12 4.19162e-12 -3.5047e-15)
(-1.07127e-12 7.9323e-13 -1.75235e-15)
(-2.03272e-13 1.49534e-13 -1.16823e-15)
(-3.85517e-14 2.10282e-14 -1.75235e-15)
(-5.84116e-15 2.33646e-15 0)
(0 0 0)
(0 0 -5.84116e-16)
(0 -2.33646e-15 5.84116e-16)
(0 -1.16823e-15 -5.84116e-16)
(-1.16823e-15 0 -1.16823e-15)
(0 -3.5047e-15 -1.16823e-15)
(1.16823e-15 0 0)
(0 0 5.84116e-16)
(0 -2.33646e-15 0)
(0 -1.16823e-15 -5.84116e-16)
(0 0 -1.16823e-15)
(-1.16823e-15 -1.16823e-15 -5.84116e-16)
(0 -1.16823e-15 -5.84116e-16)
(1.16823e-15 -1.16823e-15 0)
(-0.00299654 0.000366353 -2.0269e-08)
(-0.000875739 0.000148441 -7.09504e-09)
(-0.000238437 4.68021e-05 -2.37459e-09)
(-6.17646e-05 1.30971e-05 -8.08063e-10)
(-1.53674e-05 3.39876e-06 -2.80258e-10)
(-3.69118e-06 8.34488e-07 -9.73564e-11)
(-8.58723e-07 1.96006e-07 -3.31375e-11)
(-1.93965e-07 4.43485e-08 -1.09481e-11)
(-4.26253e-08 9.71278e-09 -3.48542e-12)
(-9.13037e-09 2.06649e-09 -1.07244e-12)
(-1.90958e-09 4.28355e-10 -3.17759e-13)
(-3.90595e-10 8.67214e-11 -9.28745e-14)
(-7.82669e-11 1.71835e-11 -2.68693e-14)
(-1.5388e-11 3.34465e-12 -7.59351e-15)
(-2.97432e-12 6.41359e-13 -2.92058e-15)
(-5.66593e-13 1.20328e-13 -1.75235e-15)
(-1.07477e-13 2.33646e-14 -1.75235e-15)
(-1.75235e-14 3.5047e-15 -5.84116e-16)
(-2.33646e-15 2.33646e-15 0)
(-1.16823e-15 0 -5.84116e-16)
(0 -1.16823e-15 0)
(1.16823e-15 3.5047e-15 0)
(-1.16823e-15 2.33646e-15 0)
(0 3.5047e-15 -1.75235e-15)
(0 0 -5.84116e-16)
(1.16823e-15 2.33646e-15 0)
(2.33646e-15 0 1.16823e-15)
(-3.5047e-15 1.16823e-15 -1.16823e-15)
(0 -1.16823e-15 -5.84116e-16)
(1.16823e-15 0 -1.16823e-15)
(0 0 0)
(0 1.16823e-15 0)
(-0.0030121 8.46592e-05 -2.2548e-08)
(-0.00093221 4.4026e-05 -9.16827e-09)
(-0.000269428 1.66527e-05 -3.49173e-09)
(-7.34921e-05 5.31758e-06 -1.27761e-09)
(-1.90731e-05 1.52215e-06 -4.51951e-10)
(-4.73869e-06 4.02661e-07 -1.55014e-10)
(-1.13249e-06 1.002e-07 -5.13765e-11)
(-2.61357e-07 2.3724e-08 -1.64884e-11)
(-5.8433e-08 5.38669e-09 -5.11335e-12)
(-1.26912e-08 1.17968e-09 -1.53973e-12)
(-2.68424e-09 2.50275e-10 -4.48601e-13)
(-5.54053e-10 5.16148e-11 -1.27921e-13)
(-1.11827e-10 1.03786e-11 -3.44628e-14)
(-2.21146e-11 2.04207e-12 -1.16823e-14)
(-4.29676e-12 3.93694e-13 -4.67293e-15)
(-8.21267e-13 7.47669e-14 -1.75235e-15)
(-1.53038e-13 1.5187e-14 -2.33646e-15)
(-2.68693e-14 5.84116e-15 -1.16823e-15)
(-4.67293e-15 0 -1.16823e-15)
(0 2.33646e-15 0)
(0 1.16823e-15 5.84116e-16)
(2.33646e-15 -2.33646e-15 1.16823e-15)
(0 -2.33646e-15 -1.16823e-15)
(-2.33646e-15 0 0)
(2.33646e-15 0 0)
(-2.33646e-15 0 1.16823e-15)
(-1.16823e-15 -1.16823e-15 5.84116e-16)
(0 0 0)
(0 1.16823e-15 0)
(0 1.16823e-15 -5.84116e-16)
(0 0 -5.84116e-16)
(1.16823e-15 0 0)
(-0.00301524 1.52892e-05 -2.3994e-08)
(-0.000943746 8.99458e-06 -1.00704e-08)
(-0.000277146 3.78413e-06 -3.87673e-09)
(-7.68951e-05 1.3131e-06 -1.4094e-09)
(-2.02823e-05 4.00924e-07 -4.91574e-10)
(-5.11314e-06 1.11544e-07 -1.65853e-10)
(-1.23766e-06 2.88831e-08 -5.42597e-11)
(-2.88778e-07 7.0576e-09 -1.72349e-11)
(-6.51696e-08 1.64305e-09 -5.31429e-12)
(-1.42668e-08 3.66967e-10 -1.5923e-12)
(-3.03763e-09 7.90332e-11 -4.63788e-13)
(-6.30494e-10 1.64779e-11 -1.30842e-13)
(-1.2784e-10 3.3318e-12 -3.62152e-14)
(-2.5374e-11 6.53042e-13 -8.76174e-15)
(-4.94045e-12 1.22664e-13 -1.75235e-15)
(-9.451e-13 2.21964e-14 0)
(-1.7874e-13 8.17763e-15 0)
(-3.0374e-14 0 0)
(-5.84116e-15 -2.33646e-15 -1.16823e-15)
(-2.33646e-15 -2.33646e-15 -1.16823e-15)
(0 -1.16823e-15 0)
(0 0 0)
(0 0 -1.75235e-15)
(0 0 0)
(0 0 0)
(0 -2.33646e-15 1.16823e-15)
(-1.16823e-15 1.16823e-15 -5.84116e-16)
(1.16823e-15 -1.16823e-15 -1.16823e-15)
(0 0 0)
(-1.16823e-15 -1.16823e-15 0)
(0 0 -5.84116e-16)
(1.16823e-15 0 0)
(-0.00301518 -1.53861e-05 -2.89386e-08)
(-0.000943715 -9.05007e-06 -1.26581e-08)
(-0.000277109 -3.80524e-06 -4.78845e-09)
(-7.68753e-05 -1.31917e-06 -1.66943e-09)
(-2.02747e-05 -4.02355e-07 -5.53174e-10)
(-5.11073e-06 -1.11841e-07 -1.77674e-10)
(-1.23698e-06 -2.89446e-08 -5.56569e-11)
(-2.88597e-07 -7.0735e-09 -1.70673e-11)
(-6.51236e-08 -1.6486e-09 -5.11803e-12)
(-1.42552e-08 -3.69153e-10 -1.50176e-12)
(-3.03473e-09 -7.98755e-11 -4.29909e-13)
(-6.29753e-10 -1.67782e-11 -1.20912e-13)
(-1.27653e-10 -3.43577e-12 -3.44628e-14)
(-2.53261e-11 -6.91593e-13 -8.17763e-15)
(-4.92527e-12 -1.37851e-13 -2.33646e-15)
(-9.36922e-13 -2.68693e-14 0)
(-1.7874e-13 -4.67293e-15 1.16823e-15)
(-3.38787e-14 -1.16823e-15 0)
(-5.84116e-15 -1.16823e-15 -1.16823e-15)
(0 -1.16823e-15 -5.84116e-16)
(0 0 0)
(1.16823e-15 0 5.84116e-16)
(0 0 0)
(0 0 0)
(0 0 -1.75235e-15)
(0 0 5.84116e-16)
(-1.16823e-15 0 1.16823e-15)
(0 -2.33646e-15 0)
(0 0 -1.16823e-15)
(0 0 -5.84116e-16)
(0 0 -5.84116e-16)
(1.16823e-15 0 -1.16823e-15)
(-0.00301208 -8.43958e-05 -1.99787e-08)
(-0.000932165 -4.38467e-05 -6.80495e-09)
(-0.000269415 -1.65684e-05 -2.31012e-09)
(-7.34922e-05 -5.28624e-06 -7.95302e-10)
(-1.90749e-05 -1.51215e-06 -2.76167e-10)
(-4.73973e-06 -3.99799e-07 -9.51589e-11)
(-1.13289e-06 -9.94488e-08 -3.20954e-11)
(-2.61482e-07 -2.35412e-08 -1.04983e-11)
(-5.84653e-08 -5.34524e-09 -3.32012e-12)
(-1.26981e-08 -1.17095e-09 -1.01461e-12)
(-2.68526e-09 -2.4859e-10 -2.99652e-13)
(-5.54053e-10 -5.13298e-11 -8.70333e-14)
(-1.11752e-10 -1.03389e-11 -2.39488e-14)
(-2.20749e-11 -2.03973e-12 -7.00939e-15)
(-4.27573e-12 -3.92526e-13 -1.75235e-15)
(-8.1309e-13 -7.59351e-14 -1.16823e-15)
(-1.49534e-13 -1.5187e-14 1.16823e-15)
(-3.0374e-14 -2.33646e-15 0)
(-4.67293e-15 1.16823e-15 0)
(0 1.16823e-15 -1.16823e-15)
(-1.16823e-15 0 0)
(1.16823e-15 0 5.84116e-16)
(0 0 0)
(0 0 0)
(0 0 -1.16823e-15)
(0 0 5.84116e-16)
(0 -1.16823e-15 0)
(0 3.5047e-15 5.84116e-16)
(0 0 0)
(0 1.16823e-15 0)
(0 1.16823e-15 0)
(0 -3.5047e-15 0)
(-0.00299663 -0.000366143 -1.47929e-08)
(-0.000875887 -0.00014832 -4.32734e-09)
(-0.000238549 -4.67535e-05 -1.19424e-09)
(-6.18191e-05 -1.30813e-05 -3.53999e-10)
(-1.53882e-05 -3.39432e-06 -1.1788e-10)
(-3.69803e-06 -8.33359e-07 -4.18356e-11)
(-8.60719e-07 -1.95739e-07 -1.49429e-11)
(-1.94494e-07 -4.42885e-08 -5.16768e-12)
(-4.27533e-08 -9.69954e-09 -1.7138e-12)
(-9.1586e-09 -2.06354e-09 -5.43228e-13)
(-1.91511e-09 -4.27676e-10 -1.66473e-13)
(-3.915e-10 -8.65532e-11 -5.0234e-14)
(-7.83638e-11 -1.7138e-11 -1.5187e-14)
(-1.53786e-11 -3.32713e-12 -1.75235e-15)
(-2.96147e-12 -6.32014e-13 -5.84116e-16)
(-5.60751e-13 -1.16823e-13 -1.16823e-15)
(-1.01636e-13 -1.86917e-14 0)
(-1.86917e-14 -2.33646e-15 0)
(-4.67293e-15 0 0)
(0 0 0)
(0 1.16823e-15 -5.84116e-16)
(0 0 5.84116e-16)
(0 -1.16823e-15 0)
(0 2.33646e-15 1.16823e-15)
(0 0 0)
(0 0 5.84116e-16)
(0 1.16823e-15 0)
(0 0 0)
(0 0 5.84116e-16)
(0 0 0)
(-1.16823e-15 0 0)
(1.16823e-15 0 0)
(-0.00292192 -0.00158614 -1.1092e-08)
(-0.000612776 -0.000396207 -3.89052e-09)
(-0.000134176 -9.74744e-05 -1.34727e-09)
(-3.01331e-05 -2.34815e-05 -4.40773e-10)
(-6.82704e-06 -5.52225e-06 -1.3726e-10)
(-1.54114e-06 -1.26627e-06 -4.12696e-11)
(-3.43822e-07 -2.83077e-07 -1.21052e-11)
(-7.54422e-08 -6.17281e-08 -3.48308e-12)
(-1.62403e-08 -1.31416e-08 -9.87156e-13)
(-3.42619e-09 -2.73445e-09 -2.74535e-13)
(-7.0827e-10 -5.56754e-10 -7.5351e-14)
(-1.43518e-10 -1.11064e-10 -2.10282e-14)
(-2.85271e-11 -2.1735e-11 -4.67293e-15)
(-5.56779e-12 -4.17293e-12 0)
(-1.06543e-12 -7.88557e-13 0)
(-1.97431e-13 -1.46029e-13 -5.84116e-16)
(-3.85517e-14 -2.92058e-14 0)
(-7.00939e-15 -5.84116e-15 0)
(-4.67293e-15 0 1.16823e-15)
(0 0 0)
(0 0 5.84116e-16)
(-1.16823e-15 0 0)
(0 1.16823e-15 0)
(3.5047e-15 -2.33646e-15 1.16823e-15)
(-2.33646e-15 0 1.16823e-15)
(2.33646e-15 0 0)
(0 0 0)
(-2.33646e-15 0 0)
(0 0 5.84116e-16)
(-1.16823e-15 0 5.84116e-16)
(0 0 -5.84116e-16)
(1.16823e-15 3.5047e-15 0)
(-0.00292179 0.00158571 -2.41768e-08)
(-0.000612642 0.000395946 -2.59006e-09)
(-0.000134079 9.73574e-05 9.02593e-10)
(-3.00867e-05 2.34387e-05 6.12046e-10)
(-6.80982e-06 5.50862e-06 2.13735e-10)
(-1.53568e-06 1.26236e-06 5.37229e-11)
(-3.4227e-07 2.82049e-07 9.30789e-12)
(-7.50383e-08 6.14772e-08 2.56427e-13)
(-1.61428e-08 1.30848e-08 -6.57715e-13)
(-3.40433e-09 2.7226e-09 -3.8318e-13)
(-7.0374e-10 5.54533e-10 -1.54791e-13)
(-1.42673e-10 1.1071e-10 -5.25704e-14)
(-2.83927e-11 2.16941e-11 -1.63553e-14)
(-5.55027e-12 4.17643e-12 -5.84116e-15)
(-1.06776e-12 7.90893e-13 -2.33646e-15)
(-2.03272e-13 1.44861e-13 1.16823e-15)
(-3.85517e-14 2.33646e-14 5.84116e-16)
(-5.84116e-15 4.67293e-15 -1.16823e-15)
(-1.16823e-15 2.33646e-15 -5.84116e-16)
(-2.33646e-15 -1.16823e-15 0)
(3.5047e-15 -1.16823e-15 0)
(0 -1.16823e-15 0)
(0 -1.16823e-15 -5.84116e-16)
(-1.16823e-15 -1.16823e-15 1.16823e-15)
(0 0 0)
(1.16823e-15 0 -5.84116e-16)
(0 -1.16823e-15 0)
(0 0 0)
(0 0 0)
(0 0 5.84116e-16)
(-1.16823e-15 0 5.84116e-16)
(1.16823e-15 0 5.84116e-16)
(-0.00299647 0.000366339 -1.60605e-08)
(-0.000875714 0.000148435 1.54173e-09)
(-0.000238429 4.68e-05 2.24484e-09)
(-6.17621e-05 1.30963e-05 9.14946e-10)
(-1.53665e-05 3.39846e-06 2.39248e-10)
(-3.69089e-06 8.34376e-07 3.45417e-11)
(-8.58616e-07 1.95966e-07 -5.31838e-12)
(-1.93926e-07 4.43349e-08 -6.6268e-12)
(-4.26118e-08 9.70833e-09 -3.3353e-12)
(-9.1259e-09 2.06509e-09 -1.31426e-12)
(-1.90816e-09 4.27936e-10 -4.51522e-13)
(-3.9017e-10 8.65964e-11 -1.44861e-13)
(-7.81384e-11 1.71532e-11 -4.38087e-14)
(-1.53529e-11 3.33063e-12 -1.46029e-14)
(-2.96614e-12 6.33182e-13 -3.5047e-15)
(-5.63088e-13 1.16823e-13 0)
(-1.02804e-13 2.10282e-14 5.84116e-16)
(-1.5187e-14 1.16823e-15 0)
(-2.33646e-15 -2.33646e-15 1.16823e-15)
(-2.33646e-15 1.16823e-15 5.84116e-16)
(0 0 1.16823e-15)
(-1.16823e-15 1.16823e-15 -5.84116e-16)
(0 0 -5.84116e-16)
(0 0 -1.16823e-15)
(1.16823e-15 -1.16823e-15 0)
(0 0 0)
(0 0 -1.16823e-15)
(0 0 0)
(0 -1.16823e-15 5.84116e-16)
(0 0 0)
(0 0 0)
(0 0 0)
(-0.00301204 8.46517e-05 -2.7481e-08)
(-0.000932181 4.40208e-05 -6.71892e-09)
(-0.000269417 1.66501e-05 -1.38779e-09)
(-7.34882e-05 5.31661e-06 -3.37369e-10)
(-1.90717e-05 1.52183e-06 -1.35907e-10)
(-4.73818e-06 4.02559e-07 -6.88468e-11)
(-1.13231e-06 1.00169e-07 -3.27152e-11)
(-2.61296e-07 2.37152e-08 -1.38003e-11)
(-5.84126e-08 5.38418e-09 -5.23952e-12)
(-1.26847e-08 1.17897e-09 -1.82595e-12)
(-2.68223e-09 2.50078e-10 -5.96383e-13)
(-5.53451e-10 5.15646e-11 -1.85165e-13)
(-1.1166e-10 1.03692e-11 -5.5491e-14)
(-2.20702e-11 2.03857e-12 -1.69394e-14)
(-4.28157e-12 3.94862e-13 -3.5047e-15)
(-8.1309e-13 7.82716e-14 -1.75235e-15)
(-1.54207e-13 1.5187e-14 0)
(-2.57011e-14 3.5047e-15 0)
(-4.67293e-15 2.33646e-15 -1.16823e-15)
(0 0 -5.84116e-16)
(0 0 0)
(0 0 -1.16823e-15)
(-1.16823e-15 -2.33646e-15 -5.84116e-16)
(0 0 -5.84116e-16)
(1.16823e-15 1.16823e-15 0)
(0 2.33646e-15 -2.92058e-15)
(2.33646e-15 0 0)
(-3.5047e-15 2.33646e-15 0)
(0 0 5.84116e-16)
(1.16823e-15 0 5.84116e-16)
(0 0 5.84116e-16)
(0 0 -5.84116e-16)
(-0.00301517 1.52854e-05 -3.71446e-08)
(-0.000943715 8.99233e-06 -1.16172e-08)
(-0.000277133 3.78328e-06 -3.19555e-09)
(-7.68904e-05 1.31286e-06 -8.70942e-10)
(-2.02806e-05 4.00873e-07 -2.65875e-10)
(-5.11255e-06 1.11539e-07 -9.46583e-11)
(-1.23746e-06 2.88844e-08 -3.63402e-11)
(-2.88711e-07 7.05882e-09 -1.38564e-11)
(-6.5148e-08 1.64359e-09 -5.03391e-12)
(-1.426e-08 3.67172e-10 -1.7284e-12)
(-3.03556e-09 7.91033e-11 -5.60751e-13)
(-6.29879e-10 1.64989e-11 -1.73482e-13)
(-1.27664e-10 3.33998e-12 -5.19863e-14)
(-2.53261e-11 6.58883e-13 -1.75235e-14)
(-4.92877e-12 1.28506e-13 -4.67293e-15)
(-9.41595e-13 2.57011e-14 -1.75235e-15)
(-1.76403e-13 8.17763e-15 -1.16823e-15)
(-3.0374e-14 4.67293e-15 -1.16823e-15)
(-8.17763e-15 0 -1.16823e-15)
(0 -1.16823e-15 -1.16823e-15)
(0 -1.16823e-15 0)
(-1.16823e-15 0 0)
(-2.33646e-15 2.33646e-15 0)
(2.33646e-15 1.16823e-15 -5.84116e-16)
(3.5047e-15 -1.16823e-15 0)
(-2.33646e-15 -2.33646e-15 0)
(0 2.33646e-15 5.84116e-16)
(0 0 1.16823e-15)
(-1.16823e-15 1.16823e-15 -5.84116e-16)
(1.16823e-15 0 -5.84116e-16)
(0 0 0)
(0 -1.16823e-15 0)
(-0.00301511 -1.53766e-05 -2.36321e-08)
(-0.000943684 -9.04438e-06 -4.28104e-09)
(-0.000277097 -3.80275e-06 -5.29404e-10)
(-7.68706e-05 -1.31823e-06 -7.0938e-11)
(-2.0273e-05 -4.02031e-07 -5.34098e-11)
(-5.11017e-06 -1.11735e-07 -4.10838e-11)
(-1.23679e-06 -2.89112e-08 -2.30095e-11)
(-2.88536e-07 -7.0633e-09 -1.0378e-11)
(-6.51042e-08 -1.64555e-09 -4.07479e-12)
(-1.42492e-08 -3.68263e-10 -1.4451e-12)
(-3.03291e-09 -7.96209e-11 -4.74886e-13)
(-6.29216e-10 -1.67057e-11 -1.48365e-13)
(-1.27499e-10 -3.41942e-12 -4.32246e-14)
(-2.52829e-11 -6.85752e-13 -1.34347e-14)
(-4.91358e-12 -1.36683e-13 -2.92058e-15)
(-9.3809e-13 -2.57011e-14 -1.16823e-15)
(-1.74067e-13 -5.84116e-15 -1.16823e-15)
(-3.15423e-14 -2.33646e-15 1.75235e-15)
(-1.05141e-14 0 1.16823e-15)
(-1.16823e-15 0 0)
(0 0 0)
(1.16823e-15 0 0)
(-1.16823e-15 0 -5.84116e-16)
(0 0 0)
(0 0 -1.16823e-15)
(3.5047e-15 0 0)
(2.33646e-15 0 0)
(-4.67293e-15 0 1.75235e-15)
(0 0 0)
(0 0 5.84116e-16)
(0 0 0)
(0 0 -5.84116e-16)
(-0.00301202 -8.43879e-05 -1.95869e-08)
(-0.000932141 -4.38408e-05 2.96279e-09)
(-0.000269407 -1.65654e-05 4.16332e-09)
(-7.34897e-05 -5.28503e-06 1.95337e-09)
(-1.90741e-05 -1.51171e-06 6.61522e-10)
(-4.73943e-06 -3.99653e-07 1.83242e-10)
(-1.13279e-06 -9.94025e-08 4.2453e-11)
(-2.61445e-07 -2.3527e-08 7.80788e-12)
(-5.8453e-08 -5.34096e-09 8.20099e-13)
(-1.26941e-08 -1.16969e-09 -1.5888e-13)
(-2.68401e-09 -2.48234e-10 -1.42524e-13)
(-5.53677e-10 -5.12328e-11 -6.25004e-14)
(-1.11644e-10 -1.03167e-11 -2.27805e-14)
(-2.20457e-11 -2.03039e-12 -6.42528e-15)
(-4.26755e-12 -3.93694e-13 -2.92058e-15)
(-8.09585e-13 -7.47669e-14 1.16823e-15)
(-1.5187e-13 -1.40188e-14 -1.16823e-15)
(-2.80376e-14 -5.84116e-15 0)
(-4.67293e-15 -2.33646e-15 -5.84116e-16)
(-1.16823e-15 0 -5.84116e-16)
(0 -2.33646e-15 5.84116e-16)
(0 -1.16823e-15 0)
(1.16823e-15 1.16823e-15 0)
(0 0 5.84116e-16)
(0 1.16823e-15 -5.84116e-16)
(0 0 0)
(2.33646e-15 -2.33646e-15 0)
(0 0 1.16823e-15)
(-2.33646e-15 0 -5.84116e-16)
(0 2.33646e-15 1.16823e-15)
(0 0 0)
(0 1.16823e-15 0)
(-0.00299657 -0.000366137 -2.82137e-08)
(-0.000875861 -0.000148318 -1.01916e-08)
(-0.000238541 -4.67531e-05 -3.52195e-09)
(-6.18169e-05 -1.30811e-05 -1.12898e-09)
(-1.53877e-05 -3.39423e-06 -3.4686e-10)
(-3.69785e-06 -8.33312e-07 -1.05282e-10)
(-8.60664e-07 -1.95718e-07 -3.20247e-11)
(-1.94475e-07 -4.42805e-08 -9.75708e-12)
(-4.2747e-08 -9.69668e-09 -2.95738e-12)
(-9.1565e-09 -2.06259e-09 -8.82599e-13)
(-1.91445e-09 -4.27377e-10 -2.57595e-13)
(-3.91298e-10 -8.64667e-11 -7.59351e-14)
(-7.82973e-11 -1.71146e-11 -2.21964e-14)
(-1.53587e-11 -3.31778e-12 -4.67293e-15)
(-2.9568e-12 -6.29677e-13 -1.16823e-15)
(-5.59583e-13 -1.17991e-13 2.33646e-15)
(-1.02804e-13 -2.10282e-14 1.16823e-15)
(-2.10282e-14 -1.16823e-15 0)
(-3.5047e-15 2.33646e-15 1.16823e-15)
(-2.33646e-15 1.16823e-15 -5.84116e-16)
(0 0 -1.16823e-15)
(2.33646e-15 0 -5.84116e-16)
(1.16823e-15 0 0)
(0 0 -1.16823e-15)
(0 0 -5.84116e-16)
(-1.16823e-15 0 0)
(0 0 5.84116e-16)
(1.16823e-15 -2.33646e-15 0)
(0 0 -5.84116e-16)
(0 0 1.16823e-15)
(0 0 0)
(0 0 1.75235e-15)
(-0.00292186 -0.00158609 -3.05623e-08)
(-0.000612758 -0.000396191 -1.09557e-08)
(-0.00013417 -9.74696e-05 -3.8422e-09)
(-3.01309e-05 -2.34801e-05 -1.24691e-09)
(-6.82631e-06 -5.52181e-06 -3.76386e-10)
(-1.54092e-06 -1.26614e-06 -1.07535e-10)
(-3.43757e-07 -2.83036e-07 -2.95452e-11)
(-7.54237e-08 -6.17154e-08 -7.90484e-12)
(-1.62351e-08 -1.31377e-08 -2.07829e-12)
(-3.42477e-09 -2.7333e-09 -5.40891e-13)
(-7.07883e-10 -5.56418e-10 -1.3902e-13)
(-1.43417e-10 -1.10965e-10 -3.56311e-14)
(-2.84955e-11 -2.17058e-11 -9.92997e-15)
(-5.55845e-12 -4.17059e-12 -1.16823e-15)
(-1.06776e-12 -7.87388e-13 1.16823e-15)
(-2.03272e-13 -1.46029e-13 0)
(-3.5047e-14 -2.68693e-14 -1.75235e-15)
(-7.00939e-15 -4.67293e-15 0)
(0 -2.33646e-15 0)
(-2.33646e-15 0 1.16823e-15)
(-1.16823e-15 3.5047e-15 0)
(1.16823e-15 1.16823e-15 -5.84116e-16)
(0 0 5.84116e-16)
(0 0 -1.16823e-15)
(0 0 -1.16823e-15)
(2.33646e-15 0 0)
(0 0 -1.16823e-15)
(-2.33646e-15 0 0)
(0 0 0)
(2.33646e-15 -2.33646e-15 1.16823e-15)
(-3.5047e-15 0 5.84116e-16)
(1.16823e-15 0 0)
(-0.00292169 0.00158568 -1.46019e-08)
(-0.000612609 0.00039596 6.50615e-10)
(-0.000134078 9.73689e-05 2.07085e-09)
(-3.00901e-05 2.34435e-05 1.02181e-09)
(-6.81167e-06 5.51014e-06 3.51684e-10)
(-1.53634e-06 1.26275e-06 9.89218e-11)
(-3.42458e-07 2.8213e-07 2.36853e-11)
(-7.50843e-08 6.14885e-08 4.73017e-12)
(-1.61522e-08 1.30844e-08 6.95098e-13)
(-3.4058e-09 2.72156e-09 1.57711e-14)
(-7.03814e-10 5.54017e-10 -3.91358e-14)
(-1.42608e-10 1.10512e-10 -2.21964e-14)
(-2.83542e-11 2.16298e-11 -7.59351e-15)
(-5.53976e-12 4.15423e-12 -1.75235e-15)
(-1.06075e-12 7.81547e-13 -5.84116e-16)
(-1.98599e-13 1.47197e-13 0)
(-4.20564e-14 2.33646e-14 0)
(-8.17763e-15 -1.16823e-15 -1.75235e-15)
(2.33646e-15 -3.5047e-15 -1.16823e-15)
(2.33646e-15 -1.16823e-15 5.84116e-16)
(-2.33646e-15 0 0)
(-2.33646e-15 -3.5047e-15 -1.16823e-15)
(2.33646e-15 -3.5047e-15 0)
(2.33646e-15 -7.00939e-15 0)
(0 -3.5047e-15 1.16823e-15)
(0 -1.16823e-15 5.84116e-16)
(0 0 0)
(0 -1.16823e-15 0)
(0 -1.16823e-15 0)
(0 0 0)
(0 -3.5047e-15 0)
(0 -1.16823e-15 0)
(-0.00299637 0.000366346 -1.73497e-09)
(-0.000875703 0.000148432 6.14107e-09)
(-0.000238439 4.67976e-05 3.67433e-09)
(-6.17686e-05 1.30952e-05 1.38903e-09)
(-1.53691e-05 3.39806e-06 4.07608e-10)
(-3.69167e-06 8.34242e-07 9.57845e-11)
(-8.58806e-07 1.95922e-07 1.65527e-11)
(-1.93961e-07 4.43204e-08 8.94866e-13)
(-4.26147e-08 9.70362e-09 -8.64492e-13)
(-9.12461e-09 2.0636e-09 -5.35634e-13)
(-1.90723e-09 4.2747e-10 -2.18459e-13)
(-3.89781e-10 8.64585e-11 -7.5351e-14)
(-7.80029e-11 1.71076e-11 -2.39488e-14)
(-1.53085e-11 3.31661e-12 -7.59351e-15)
(-2.94745e-12 6.33182e-13 -2.33646e-15)
(-5.58415e-13 1.16823e-13 5.84116e-16)
(-1.05141e-13 2.10282e-14 1.16823e-15)
(-1.98599e-14 4.67293e-15 0)
(-1.16823e-15 3.5047e-15 -1.16823e-15)
(0 -2.33646e-15 0)
(0 0 -1.16823e-15)
(-2.33646e-15 0 0)
(-2.33646e-15 0 0)
(-1.16823e-15 0 -1.75235e-15)
(3.5047e-15 0 -1.16823e-15)
(2.33646e-15 -4.67293e-15 0)
(0 0 0)
(0 0 0)
(0 0 0)
(0 -1.16823e-15 1.16823e-15)
(-2.33646e-15 2.33646e-15 -5.84116e-16)
(2.33646e-15 -2.33646e-15 0)
(-0.00301195 8.46171e-05 -1.10847e-08)
(-0.000932157 4.39997e-05 -5.11265e-10)
(-0.000269415 1.66418e-05 8.65268e-10)
(-7.34896e-05 5.314e-06 4.7324e-10)
(-1.90726e-05 1.52114e-06 1.52682e-10)
(-4.73848e-06 4.02402e-07 3.22158e-11)
(-1.13238e-06 1.00137e-07 1.61683e-12)
(-2.61302e-07 2.37095e-08 -2.50527e-12)
(-5.84091e-08 5.38329e-09 -1.66181e-12)
(-1.2682e-08 1.17885e-09 -7.31313e-13)
(-2.68095e-09 2.50059e-10 -2.71614e-13)
(-5.52972e-10 5.15588e-11 -9.0538e-14)
(-1.11494e-10 1.03611e-11 -3.09582e-14)
(-2.20095e-11 2.03623e-12 -8.76174e-15)
(-4.26405e-12 3.93694e-13 -1.16823e-15)
(-8.14258e-13 7.24304e-14 0)
(-1.50702e-13 1.16823e-14 0)
(-2.68693e-14 4.67293e-15 0)
(-3.5047e-15 -1.16823e-15 1.16823e-15)
(0 0 0)
(0 0 0)
(-2.33646e-15 0 -5.84116e-16)
(0 2.33646e-15 0)
(0 3.5047e-15 0)
(-2.33646e-15 2.33646e-15 0)
(0 2.33646e-15 -1.16823e-15)
(2.33646e-15 0 -5.84116e-16)
(2.33646e-15 0 0)
(0 -2.33646e-15 0)
(0 -4.67293e-15 0)
(0 -2.33646e-15 0)
(0 2.33646e-15 0)
(-0.00301507 1.52969e-05 -1.90659e-08)
(-0.000943678 8.99946e-06 -4.38263e-09)
(-0.000277124 3.78584e-06 -5.09615e-10)
(-7.68893e-05 1.31363e-06 8.5337e-11)
(-2.02807e-05 4.01089e-07 6.54263e-11)
(-5.11268e-06 1.116e-07 1.75229e-11)
(-1.2375e-06 2.89025e-08 7.28393e-13)
(-2.88715e-07 7.06444e-09 -1.93751e-12)
(-6.51453e-08 1.64537e-09 -1.31192e-12)
(-1.42578e-08 3.67729e-10 -5.99303e-13)
(-3.03453e-09 7.92774e-11 -2.28974e-13)
(-6.29477e-10 1.65503e-11 -7.94398e-14)
(-1.27525e-10 3.3575e-12 -2.74535e-14)
(-2.5277e-11 6.62388e-13 -9.34586e-15)
(-4.91008e-12 1.25001e-13 -2.92058e-15)
(-9.36922e-13 2.33646e-14 0)
(-1.76403e-13 5.84116e-15 -5.84116e-16)
(-3.0374e-14 1.16823e-15 -5.84116e-16)
(-5.84116e-15 1.16823e-15 0)
(-2.33646e-15 2.33646e-15 -5.84116e-16)
(0 -2.33646e-15 -5.84116e-16)
(0 0 -5.84116e-16)
(2.33646e-15 -2.33646e-15 5.84116e-16)
(-2.33646e-15 0 0)
(2.33646e-15 -2.33646e-15 0)
(0 2.33646e-15 -1.16823e-15)
(0 0 0)
(0 1.16823e-15 -1.16823e-15)
(-4.67293e-15 2.33646e-15 0)
(0 2.33646e-15 -2.33646e-15)
(2.33646e-15 -2.33646e-15 -1.16823e-15)
(2.33646e-15 0 1.16823e-15)
(-0.00301501 -1.5351e-05 -5.30981e-09)
(-0.000943669 -9.02091e-06 3.04964e-09)
(-0.000277101 -3.79052e-06 2.14785e-09)
(-7.68744e-05 -1.31352e-06 8.6012e-10)
(-2.02746e-05 -4.00501e-07 2.60649e-10)
(-5.11067e-06 -1.11285e-07 6.28129e-11)
(-1.23692e-06 -2.8787e-08 1.06706e-11)
(-2.88559e-07 -7.03017e-09 3.04324e-13)
(-6.51058e-08 -1.63689e-09 -7.72201e-13)
(-1.4248e-08 -3.66013e-10 -4.51522e-13)
(-3.03213e-09 -7.90403e-11 -1.84581e-13)
(-6.28891e-10 -1.65538e-11 -6.42528e-14)
(-1.27385e-10 -3.37736e-12 -2.21964e-14)
(-2.52443e-11 -6.71734e-13 -7.59351e-15)
(-4.9019e-12 -1.3201e-13 -2.33646e-15)
(-9.31081e-13 -2.33646e-14 -1.16823e-15)
(-1.72898e-13 -2.33646e-15 0)
(-3.27105e-14 0 -5.84116e-16)
(-7.00939e-15 -1.16823e-15 0)
(0 -2.33646e-15 5.84116e-16)
(-2.33646e-15 0 0)
(0 2.33646e-15 -5.84116e-16)
(0 0 0)
(-2.33646e-15 2.33646e-15 -5.84116e-16)
(2.33646e-15 0 0)
(2.33646e-15 -2.33646e-15 0)
(0 -2.33646e-15 -1.75235e-15)
(0 -1.16823e-15 0)
(0 0 0)
(-2.33646e-15 3.5047e-15 0)
(0 0 -1.16823e-15)
(2.33646e-15 -2.33646e-15 5.84116e-16)
(-0.00301194 -8.4405e-05 -6.26876e-09)
(-0.000932118 -4.38585e-05 7.35147e-09)
(-0.000269417 -1.65744e-05 5.60539e-09)
(-7.34992e-05 -5.28836e-06 2.44018e-09)
(-1.90785e-05 -1.51274e-06 8.30794e-10)
(-4.74096e-06 -3.99927e-07 2.42452e-10)
(-1.13324e-06 -9.94669e-08 6.28608e-11)
(-2.61565e-07 -2.354e-08 1.46309e-11)
(-5.84812e-08 -5.343e-09 3.02163e-12)
(-1.27e-08 -1.16982e-09 5.26289e-13)
(-2.68507e-09 -2.48158e-10 6.19163e-14)
(-5.53813e-10 -5.11873e-11 -2.92058e-15)
(-1.11642e-10 -1.02945e-11 -7.00939e-15)
(-2.2034e-11 -2.02104e-12 -1.75235e-15)
(-4.26288e-12 -3.9019e-13 -1.16823e-15)
(-8.07248e-13 -7.12622e-14 0)
(-1.5187e-13 -1.28506e-14 1.16823e-15)
(-3.0374e-14 -1.16823e-15 5.84116e-16)
(-5.84116e-15 0 -1.16823e-15)
(2.33646e-15 2.33646e-15 0)
(0 2.33646e-15 0)
(0 0 0)
(-2.33646e-15 2.33646e-15 -5.84116e-16)
(2.33646e-15 0 0)
(-2.33646e-15 2.33646e-15 0)
(2.33646e-15 0 -5.84116e-16)
(0 2.33646e-15 0)
(-2.33646e-15 0 -1.16823e-15)
(2.33646e-15 -4.67293e-15 0)
(0 -1.16823e-15 0)
(-2.33646e-15 4.67293e-15 -5.84116e-16)
(2.33646e-15 0 0)
(-0.00299647 -0.000366165 -1.38348e-08)
(-0.000875838 -0.000148348 -5.82986e-09)
(-0.000238531 -4.67695e-05 -2.33976e-09)
(-6.18127e-05 -1.30877e-05 -8.06338e-10)
(-1.53862e-05 -3.3964e-06 -2.50751e-10)
(-3.6974e-06 -8.33941e-07 -7.4226e-11)
(-8.60528e-07 -1.95883e-07 -2.15194e-11)
(-1.94435e-07 -4.43199e-08 -6.2185e-12)
(-4.27356e-08 -9.70534e-09 -1.79324e-12)
(-9.1532e-09 -2.06431e-09 -5.15775e-13)
(-1.9135e-09 -4.27668e-10 -1.46613e-13)
(-3.91031e-10 -8.64994e-11 -4.08881e-14)
(-7.8219e-11 -1.71134e-11 -1.16823e-14)
(-1.53366e-11 -3.31778e-12 -2.92058e-15)
(-2.95212e-12 -6.26172e-13 -1.16823e-15)
(-5.57247e-13 -1.17991e-13 0)
(-1.05141e-13 -2.21964e-14 -1.16823e-15)
(-1.63553e-14 -4.67293e-15 1.16823e-15)
(-4.67293e-15 3.5047e-15 1.16823e-15)
(-3.5047e-15 0 5.84116e-16)
(0 0 1.16823e-15)
(2.33646e-15 0 5.84116e-16)
(1.16823e-15 1.16823e-15 1.16823e-15)
(-1.16823e-15 0 0)
(0 0 5.84116e-16)
(0 2.33646e-15 0)
(0 0 0)
(-2.33646e-15 0 0)
(0 2.33646e-15 -1.16823e-15)
(2.33646e-15 0 -1.16823e-15)
(0 0 0)
(0 2.33646e-15 -5.84116e-16)
(-0.00292174 -0.00158602 -2.02982e-08)
(-0.000612722 -0.000396165 -7.33799e-09)
(-0.000134157 -9.74597e-05 -2.59738e-09)
(-3.01262e-05 -2.34768e-05 -8.46634e-10)
(-6.82476e-06 -5.5208e-06 -2.54996e-10)
(-1.54045e-06 -1.26584e-06 -7.2157e-11)
(-3.43623e-07 -2.82954e-07 -1.95112e-11)
(-7.53873e-08 -6.16927e-08 -5.11102e-12)
(-1.62256e-08 -1.31315e-08 -1.31192e-12)
(-3.42232e-09 -2.7316e-09 -3.34114e-13)
(-7.07256e-10 -5.55958e-10 -8.41127e-14)
(-1.43261e-10 -1.10841e-10 -1.98599e-14)
(-2.84593e-11 -2.16707e-11 -6.42528e-15)
(-5.54677e-12 -4.16007e-12 -1.75235e-15)
(-1.06192e-12 -7.8622e-13 0)
(-2.00936e-13 -1.47197e-13 5.84116e-16)
(-3.85517e-14 -2.57011e-14 5.84116e-16)
(-8.17763e-15 -4.67293e-15 -1.16823e-15)
(0 -3.5047e-15 0)
(-1.16823e-15 0 0)
(0 0 0)
(0 0 5.84116e-16)
(0 -1.16823e-15 0)
(-2.33646e-15 0 -5.84116e-16)
(2.33646e-15 0 0)
(0 0 0)
(-2.33646e-15 0 -5.84116e-16)
(2.33646e-15 0 -1.16823e-15)
(0 2.33646e-15 0)
(1.16823e-15 0 0)
(-1.16823e-15 0 0)
(0 0 1.16823e-15)
(-0.919 -3.22498e-08 -1.2698e-08)
(-0.746114 -1.58261e-07 -1.38535e-08)
(-0.501195 -6.44204e-07 -1.30587e-08)
(-0.285687 -2.71541e-06 -1.65836e-08)
(-0.141596 -1.14317e-05 -1.88492e-08)
(-0.06245 -4.71814e-05 -1.64031e-08)
(-0.0255348 -0.000190317 -7.87154e-09)
(-0.0121844 -0.000753378 -3.31806e-09)
(-0.919 -4.64952e-08 -1.27141e-08)
(-0.746114 -1.65538e-07 -1.38698e-08)
(-0.501196 -4.8057e-07 -1.30171e-08)
(-0.285691 -1.66047e-06 -1.6295e-08)
(-0.14161 -6.05418e-06 -1.789e-08)
(-0.0624947 -2.08465e-05 -1.49125e-08)
(-0.0256281 -6.20454e-05 -1.037e-08)
(-0.0120266 -0.000127631 -3.82254e-09)
(-0.919 -1.18342e-07 -1.27719e-08)
(-0.746114 -3.15901e-07 -1.40447e-08)
(-0.501196 -5.02601e-07 -1.32744e-08)
(-0.285693 -9.5972e-07 -1.66643e-08)
(-0.141615 -2.50549e-06 -1.86106e-08)
(-0.062506 -6.93469e-06 -1.62454e-08)
(-0.0256416 -1.61482e-05 -1.08711e-08)
(-0.0119947 -2.19947e-05 -3.84996e-09)
(-0.919 -4.11599e-07 -1.29805e-08)
(-0.746114 -1.00213e-06 -1.4407e-08)
(-0.501196 -1.19112e-06 -1.36221e-08)
(-0.285693 -1.13489e-06 -1.69046e-08)
(-0.141616 -1.20389e-06 -1.87349e-08)
(-0.0625083 -1.83636e-06 -1.6427e-08)
(-0.0256432 -3.13938e-06 -1.10463e-08)
(-0.0119885 -3.2487e-06 -3.95901e-09)
(-0.919001 -1.50463e-06 -1.35151e-08)
(-0.746115 -3.63024e-06 -1.59653e-08)
(-0.501196 -4.08528e-06 -1.54594e-08)
(-0.285693 -3.22076e-06 -1.84162e-08)
(-0.141616 -1.69066e-06 -1.96689e-08)
(-0.0625079 2.38291e-07 -1.6854e-08)
(-0.025643 2.40799e-06 -1.06413e-08)
(-0.0119884 3.04428e-06 -2.56253e-09)
(-0.919005 -5.57816e-06 -1.55602e-08)
(-0.746117 -1.32362e-05 -1.93296e-08)
(-0.501196 -1.45836e-05 -1.84931e-08)
(-0.285691 -1.11742e-05 -2.03037e-08)
(-0.141613 -5.38282e-06 -2.03459e-08)
(-0.0625042 2.56228e-06 -1.6112e-08)
(-0.0256404 1.4101e-05 -8.70108e-09)
(-0.011994 2.13833e-05 -4.51874e-09)
(-0.91902 -2.03464e-05 -1.99145e-08)
(-0.746124 -4.78648e-05 -3.21603e-08)
(-0.501194 -5.17438e-05 -3.31777e-08)
(-0.285684 -3.91499e-05 -3.19464e-08)
(-0.141602 -1.96599e-05 -2.77192e-08)
(-0.0624884 7.04562e-06 -2.07823e-08)
(-0.0256242 5.56301e-05 -1.46724e-08)
(-0.0120238 0.000125399 -2.8872e-09)
(-0.919074 -7.37345e-05 -3.57283e-08)
(-0.746148 -0.00016965 -5.57862e-08)
(-0.501187 -0.000178734 -5.24751e-08)
(-0.285659 -0.000133084 -4.36528e-08)
(-0.141566 -7.13929e-05 -3.37235e-08)
(-0.0624289 4.11559e-06 -2.32419e-08)
(-0.025522 0.000170419 -9.96921e-09)
(-0.012175 0.000745042 -3.36899e-09)
(-0.919 -3.2309e-08 -1.68136e-08)
(-0.746114 -1.58423e-07 -7.24993e-08)
(-0.501195 -6.4436e-07 -1.40461e-07)
(-0.285687 -2.71534e-06 -1.80451e-07)
(-0.141596 -1.14311e-05 -1.72737e-07)
(-0.0624499 -4.718e-05 -1.30732e-07)
(-0.0255348 -0.000190317 -7.51032e-08)
(-0.0121844 -0.00075338 -2.82108e-08)
(-0.919 -4.66431e-08 -1.68001e-08)
(-0.746114 -1.65921e-07 -7.24288e-08)
(-0.501196 -4.81001e-07 -1.40286e-07)
(-0.285691 -1.66063e-06 -1.79977e-07)
(-0.14161 -6.05371e-06 -1.71601e-07)
(-0.0624946 -2.08462e-05 -1.2921e-07)
(-0.0256281 -6.20513e-05 -7.74144e-08)
(-0.0120266 -0.000127632 -2.55178e-08)
(-0.919 -1.18875e-07 -1.67767e-08)
(-0.746114 -3.16976e-07 -7.23955e-08)
(-0.501196 -5.03811e-07 -1.40251e-07)
(-0.285693 -9.60939e-07 -1.79977e-07)
(-0.141615 -2.50718e-06 -1.71825e-07)
(-0.0625059 -6.93772e-06 -1.2968e-07)
(-0.0256415 -1.61495e-05 -7.65704e-08)
(-0.0119947 -2.1995e-05 -2.50936e-08)
(-0.919 -4.13085e-07 -1.67394e-08)
(-0.746114 -1.00597e-06 -7.21055e-08)
(-0.501196 -1.19549e-06 -1.39776e-07)
(-0.285693 -1.13839e-06 -1.79433e-07)
(-0.141616 -1.20601e-06 -1.71288e-07)
(-0.0625083 -1.83758e-06 -1.29289e-07)
(-0.0256432 -3.13892e-06 -7.60718e-08)
(-0.0119885 -3.24612e-06 -2.47015e-08)
(-0.919001 -1.50979e-06 -1.65351e-08)
(-0.746115 -3.64008e-06 -7.18555e-08)
(-0.501196 -4.09503e-06 -1.39428e-07)
(-0.285693 -3.22756e-06 -1.78998e-07)
(-0.141616 -1.69388e-06 -1.7083e-07)
(-0.0625079 2.38921e-07 -1.28892e-07)
(-0.0256429 2.41268e-06 -7.51795e-08)
(-0.0119883 3.04316e-06 -2.30557e-08)
(-0.919005 -5.59096e-06 -1.63629e-08)
(-0.746117 -1.32686e-05 -6.93812e-08)
(-0.501196 -1.4619e-05 -1.35377e-07)
(-0.285691 -1.12013e-05 -1.74673e-07)
(-0.141613 -5.39892e-06 -1.67259e-07)
(-0.0625042 2.55442e-06 -1.25853e-07)
(-0.0256404 1.40929e-05 -7.27594e-08)
(-0.0119939 2.13827e-05 -2.59358e-08)
(-0.91902 -2.03867e-05 -1.46404e-08)
(-0.746124 -4.79377e-05 -6.76374e-08)
(-0.501194 -5.18117e-05 -1.32918e-07)
(-0.285684 -3.91966e-05 -1.71622e-07)
(-0.141602 -1.96866e-05 -1.64618e-07)
(-0.0624884 7.03136e-06 -1.25195e-07)
(-0.0256241 5.56276e-05 -7.68374e-08)
(-0.0120238 0.000125402 -2.26004e-08)
(-0.919074 -7.38144e-05 -1.43862e-08)
(-0.746148 -0.000169846 -4.89842e-08)
(-0.501187 -0.00017894 -1.01975e-07)
(-0.285659 -0.000133236 -1.4048e-07)
(-0.141566 -7.14825e-05 -1.41172e-07)
(-0.0624289 4.07118e-06 -1.10495e-07)
(-0.025522 0.000170398 -6.40969e-08)
(-0.012175 0.000745009 -2.43677e-08)
(-0.919 -3.22099e-08 1.48896e-08)
(-0.746114 -1.58133e-07 -1.4924e-07)
(-0.501195 -6.43749e-07 -3.65728e-07)
(-0.285687 -2.71432e-06 -4.747e-07)
(-0.141596 -1.14292e-05 -4.40658e-07)
(-0.0624498 -4.71758e-05 -3.23847e-07)
(-0.0255346 -0.000190307 -1.98939e-07)
(-0.0121842 -0.000753355 -6.82401e-08)
(-0.919 -4.64215e-08 1.50256e-08)
(-0.746114 -1.65331e-07 -1.48925e-07)
(-0.501196 -4.80149e-07 -3.65379e-07)
(-0.285691 -1.65952e-06 -4.748e-07)
(-0.14161 -6.05236e-06 -4.42309e-07)
(-0.0624945 -2.08444e-05 -3.26455e-07)
(-0.0256279 -6.20483e-05 -1.87725e-07)
(-0.0120264 -0.000127625 -6.19664e-08)
(-0.919 -1.18221e-07 1.54321e-08)
(-0.746114 -3.15255e-07 -1.47789e-07)
(-0.501196 -5.01581e-07 -3.6377e-07)
(-0.285693 -9.58631e-07 -4.72823e-07)
(-0.141615 -2.50487e-06 -4.39399e-07)
(-0.0625058 -6.93484e-06 -3.21979e-07)
(-0.0256414 -1.61455e-05 -1.85286e-07)
(-0.0119945 -2.1993e-05 -5.84424e-08)
(-0.919 -4.11115e-07 1.67422e-08)
(-0.746114 -1.00105e-06 -1.44798e-07)
(-0.501196 -1.18947e-06 -3.60172e-07)
(-0.285693 -1.13293e-06 -4.69438e-07)
(-0.141616 -1.2019e-06 -4.36379e-07)
(-0.0625081 -1.83479e-06 -3.18139e-07)
(-0.025643 -3.13659e-06 -1.80363e-07)
(-0.0119883 -3.24462e-06 -5.63756e-08)
(-0.919002 -1.50387e-06 2.05477e-08)
(-0.746115 -3.62479e-06 -1.34518e-07)
(-0.501196 -4.07648e-06 -3.47688e-07)
(-0.285693 -3.21124e-06 -4.58537e-07)
(-0.141616 -1.6826e-06 -4.28857e-07)
(-0.0625077 2.45161e-07 -3.13766e-07)
(-0.0256428 2.41461e-06 -1.79474e-07)
(-0.0119882 3.04181e-06 -5.98073e-08)
(-0.919006 -5.57437e-06 3.29196e-08)
(-0.746117 -1.32278e-05 -1.07193e-07)
(-0.501196 -1.45706e-05 -3.16385e-07)
(-0.285691 -1.11595e-05 -4.32304e-07)
(-0.141613 -5.3704e-06 -4.11817e-07)
(-0.062504 2.56967e-06 -3.07477e-07)
(-0.0256402 1.40977e-05 -1.83163e-07)
(-0.0119938 2.13843e-05 -5.62906e-08)
(-0.91902 -2.03424e-05 6.46712e-08)
(-0.746124 -4.7824e-05 -2.17968e-08)
(-0.501194 -5.1677e-05 -2.15619e-07)
(-0.285684 -3.90815e-05 -3.47657e-07)
(-0.141602 -1.96077e-05 -3.55305e-07)
(-0.0624882 7.07634e-06 -2.75344e-07)
(-0.025624 5.56474e-05 -1.59404e-07)
(-0.0120236 0.000125403 -5.81801e-08)
(-0.919074 -7.3707e-05 1.5835e-07)
(-0.746148 -0.000169587 1.77e-07)
(-0.501187 -0.000178641 5.10968e-09)
(-0.285659 -0.000132985 -1.64874e-07)
(-0.141566 -7.13123e-05 -2.30916e-07)
(-0.0624288 4.16668e-06 -2.03982e-07)
(-0.0255219 0.000170438 -1.4221e-07)
(-0.0121748 0.000745004 -5.42864e-08)
(-0.919 -3.18628e-08 1.90052e-08)
(-0.746114 -1.57088e-07 -9.05947e-08)
(-0.501195 -6.42256e-07 -2.38326e-07)
(-0.285687 -2.71251e-06 -3.10833e-07)
(-0.141595 -1.14276e-05 -2.8677e-07)
(-0.0624495 -4.71744e-05 -2.09518e-07)
(-0.0255342 -0.000190295 -1.31708e-07)
(-0.0121839 -0.000753303 -4.33474e-08)
(-0.919 -4.5558e-08 1.91116e-08)
(-0.746115 -1.63017e-07 -9.0366e-08)
(-0.501196 -4.77084e-07 -2.3811e-07)
(-0.285691 -1.65688e-06 -3.11118e-07)
(-0.14161 -6.05119e-06 -2.88598e-07)
(-0.0624941 -2.08425e-05 -2.12158e-07)
(-0.0256276 -6.2024e-05 -1.2068e-07)
(-0.0120261 -0.000127613 -4.02711e-08)
(-0.919 -1.15442e-07 1.9437e-08)
(-0.746115 -3.08721e-07 -8.94379e-08)
(-0.501197 -4.93396e-07 -2.36793e-07)
(-0.285693 -9.50214e-07 -3.0951e-07)
(-0.141615 -2.49532e-06 -2.86184e-07)
(-0.0625054 -6.92108e-06 -2.08545e-07)
(-0.025641 -1.61348e-05 -1.19587e-07)
(-0.0119942 -2.19838e-05 -3.71987e-08)
(-0.919001 -4.02854e-07 2.05011e-08)
(-0.746115 -9.7943e-07 -8.70991e-08)
(-0.501197 -1.16332e-06 -2.34018e-07)
(-0.285693 -1.10982e-06 -3.06909e-07)
(-0.141616 -1.18492e-06 -2.83826e-07)
(-0.0625078 -1.82115e-06 -2.05277e-07)
(-0.0256427 -3.12729e-06 -1.15338e-07)
(-0.011988 -3.24885e-06 -3.56331e-08)
(-0.919002 -1.47743e-06 2.35677e-08)
(-0.746116 -3.56488e-06 -7.86274e-08)
(-0.501197 -4.00745e-06 -2.2372e-07)
(-0.285693 -3.15329e-06 -2.97956e-07)
(-0.141615 -1.64476e-06 -2.77696e-07)
(-0.0625074 2.60244e-07 -2.01728e-07)
(-0.0256424 2.40708e-06 -1.14936e-07)
(-0.0119879 3.04333e-06 -3.93142e-08)
(-0.919006 -5.50271e-06 3.37224e-08)
(-0.746118 -1.30432e-05 -5.71416e-08)
(-0.501197 -1.43549e-05 -1.99501e-07)
(-0.285691 -1.09795e-05 -2.77935e-07)
(-0.141612 -5.25182e-06 -2.64904e-07)
(-0.0625037 2.63127e-06 -1.97736e-07)
(-0.0256399 1.41331e-05 -1.19104e-07)
(-0.0119934 2.1386e-05 -3.48735e-08)
(-0.91902 -2.01359e-05 5.93971e-08)
(-0.746124 -4.73693e-05 1.36803e-08)
(-0.501195 -5.11687e-05 -1.15878e-07)
(-0.285684 -3.86618e-05 -2.07981e-07)
(-0.141602 -1.93248e-05 -2.18406e-07)
(-0.062488 7.23835e-06 -1.70931e-07)
(-0.0256237 5.57095e-05 -9.72394e-08)
(-0.0120234 0.000125406 -3.84668e-08)
(-0.919073 -7.32387e-05 1.37008e-07)
(-0.746149 -0.000168406 1.70198e-07)
(-0.501188 -0.000177302 5.46096e-08)
(-0.285659 -0.000131899 -6.80462e-08)
(-0.141566 -7.06039e-05 -1.23467e-07)
(-0.0624287 4.55496e-06 -1.16729e-07)
(-0.0255217 0.000170611 -8.80825e-08)
(-0.0121746 0.000745087 -3.32877e-08)
(-0.919264 -0.000261168 -5.98918e-08)
(-0.746229 -0.000586051 -1.30414e-07)
(-0.501158 -0.000598005 -1.36276e-07)
(-0.285576 -0.000434339 -1.08017e-07)
(-0.141465 -0.000245206 -7.25352e-08)
(-0.0622466 -7.89181e-05 -4.29918e-08)
(-0.0248832 0.000148534 -2.51099e-08)
(-0.00924332 0.000809212 -1.93814e-08)
(-0.919921 -0.00090771 -1.45082e-07)
(-0.746485 -0.00195616 -2.35966e-07)
(-0.501035 -0.00191427 -2.0581e-07)
(-0.285306 -0.00133912 -1.38885e-07)
(-0.141211 -0.000751221 -8.16978e-08)
(-0.0620352 -0.000340552 -4.62384e-08)
(-0.0246339 -7.01786e-05 -2.75985e-08)
(-0.00897504 0.000178195 -1.47618e-08)
(-0.922127 -0.00307752 -2.04384e-07)
(-0.747235 -0.00626016 -4.73322e-07)
(-0.500541 -0.00580707 -4.77748e-07)
(-0.284413 -0.0038702 -3.45485e-07)
(-0.140466 -0.00209018 -2.02703e-07)
(-0.0615656 -0.000961569 -1.03931e-07)
(-0.0243645 -0.0003716 -4.91976e-08)
(-0.00882869 -8.57519e-05 -2.21517e-08)
(-0.929258 -0.0102562 -4.70046e-07)
(-0.749215 -0.0190675 -6.81397e-07)
(-0.498645 -0.0164856 -5.19545e-07)
(-0.281589 -0.0103552 -2.92894e-07)
(-0.138302 -0.00532188 -1.35504e-07)
(-0.0603166 -0.00236148 -5.53232e-08)
(-0.0237581 -0.000928669 -2.16356e-08)
(-0.00856913 -0.000321871 -8.54495e-09)
(-0.951451 -0.0340385 -3.27609e-07)
(-0.753465 -0.0548579 -7.66744e-07)
(-0.491828 -0.0431266 -7.42806e-07)
(-0.27325 -0.0251837 -5.02182e-07)
(-0.132472 -0.0122125 -2.70688e-07)
(-0.0571723 -0.00517096 -1.24607e-07)
(-0.0223249 -0.00196578 -5.1211e-08)
(-0.00799263 -0.00068161 -1.95315e-08)
(-1.01815 -0.115552 -6.80365e-07)
(-0.758303 -0.147622 -7.31154e-07)
(-0.468971 -0.101718 -3.65637e-07)
(-0.250675 -0.0542602 -8.77691e-08)
(-0.11829 -0.0246244 2.16575e-08)
(-0.0500699 -0.00990849 3.69133e-08)
(-0.0192687 -0.00361866 2.41189e-08)
(-0.00682024 -0.00121776 1.15054e-08)
(-1.21463 -0.415407 3.35584e-07)
(-0.739631 -0.362806 8.45638e-07)
(-0.398467 -0.208025 8.81366e-07)
(-0.196156 -0.0994311 6.45215e-07)
(-0.0881206 -0.041988 3.76847e-07)
(-0.0361666 -0.0160601 1.86083e-07)
(-0.0136341 -0.00564808 8.03188e-08)
(-0.00475552 -0.00184618 3.09358e-08)
(-1.79637 -1.62843 4.50374e-07)
(-0.55092 -0.748096 5.9214e-07)
(-0.205597 -0.33788 4.6579e-07)
(-0.084638 -0.144033 2.8858e-07)
(-0.0349187 -0.0570858 1.51173e-07)
(-0.0137299 -0.0209938 6.93091e-08)
(-0.00505479 -0.00718919 2.83675e-08)
(-0.00173781 -0.0023049 1.05176e-08)
(-0.919264 -0.000261387 -9.10784e-10)
(-0.746229 -0.000586411 -3.64301e-08)
(-0.501158 -0.000598312 -8.632e-08)
(-0.285576 -0.00043453 -1.21924e-07)
(-0.141465 -0.000245302 -1.24322e-07)
(-0.0622465 -7.89641e-05 -9.96517e-08)
(-0.0248832 0.000148499 -6.74889e-08)
(-0.00924329 0.000809189 -4.1998e-08)
(-0.919922 -0.000907999 -5.66198e-09)
(-0.746485 -0.00195685 7.12792e-08)
(-0.501035 -0.00191495 9.17169e-08)
(-0.285306 -0.0013396 5.19503e-08)
(-0.141211 -0.000751481 2.37164e-09)
(-0.0620351 -0.000340674 -2.60171e-08)
(-0.0246339 -7.02268e-05 -3.06662e-08)
(-0.008975 0.000178189 -1.91521e-08)
(-0.922129 -0.00307817 8.24466e-08)
(-0.747236 -0.00626105 1.51607e-07)
(-0.50054 -0.00580769 1.67483e-07)
(-0.284413 -0.00387051 1.24874e-07)
(-0.140466 -0.00209029 6.41712e-08)
(-0.0615653 -0.000961587 1.76115e-08)
(-0.0243643 -0.000371588 -3.92277e-09)
(-0.00882861 -8.57394e-05 -7.41397e-09)
(-0.929261 -0.0102564 2.74749e-08)
(-0.749215 -0.0190681 5.3327e-07)
(-0.498645 -0.0164861 7.99105e-07)
(-0.281588 -0.0103555 7.17296e-07)
(-0.138302 -0.00532202 4.75234e-07)
(-0.0603164 -0.00236152 2.5172e-07)
(-0.023758 -0.000928673 1.10504e-07)
(-0.00856909 -0.000321865 4.16317e-08)
(-0.951453 -0.0340389 4.19437e-07)
(-0.753466 -0.054858 8.52692e-07)
(-0.491828 -0.0431263 9.7177e-07)
(-0.273249 -0.0251833 8.10219e-07)
(-0.132472 -0.0122122 5.33104e-07)
(-0.0571719 -0.00517078 2.89287e-07)
(-0.0223247 -0.00196569 1.33115e-07)
(-0.00799254 -0.00068157 5.31316e-08)
(-1.01816 -0.115551 9.19507e-08)
(-0.758302 -0.147619 1.23548e-06)
(-0.46897 -0.101715 1.7854e-06)
(-0.250674 -0.0542579 1.56695e-06)
(-0.118289 -0.0246231 1.03316e-06)
(-0.0500698 -0.00990786 5.55802e-07)
(-0.0192688 -0.0036184 2.55177e-07)
(-0.00682028 -0.00121765 1.02727e-07)
(-1.21462 -0.415405 1.04136e-06)
(-0.739629 -0.362803 2.18134e-06)
(-0.398467 -0.208023 2.23674e-06)
(-0.196157 -0.0994303 1.6713e-06)
(-0.0881215 -0.0419877 1.00866e-06)
(-0.0361672 -0.0160601 5.16694e-07)
(-0.0136345 -0.00564807 2.31224e-07)
(-0.00475566 -0.00184618 9.22535e-08)
(-1.79637 -1.62843 4.21649e-07)
(-0.55092 -0.748099 6.50171e-07)
(-0.205597 -0.337882 5.50584e-07)
(-0.0846387 -0.144035 3.56165e-07)
(-0.0349191 -0.0570868 1.91724e-07)
(-0.0137302 -0.0209943 8.92369e-08)
(-0.00505491 -0.00718941 3.67194e-08)
(-0.00173786 -0.00230499 1.35114e-08)
(-0.919264 -0.00026115 3.52563e-07)
(-0.746229 -0.00058581 6.98311e-07)
(-0.501158 -0.000597618 6.03419e-07)
(-0.285576 -0.000433954 3.21262e-07)
(-0.141465 -0.000244919 8.40054e-08)
(-0.0622465 -7.87492e-05 -3.34526e-08)
(-0.0248831 0.000148601 -5.28618e-08)
(-0.00924321 0.000809222 -1.94806e-08)
(-0.919921 -0.000907543 8.47476e-07)
(-0.746485 -0.00195579 1.68086e-06)
(-0.501035 -0.00191376 1.65143e-06)
(-0.285306 -0.00133863 1.15833e-06)
(-0.141211 -0.000750844 6.33909e-07)
(-0.0620352 -0.000340318 2.83307e-07)
(-0.0246339 -7.00515e-05 1.14122e-07)
(-0.008975 0.000178264 4.99553e-08)
(-0.922127 -0.00307745 1.54695e-06)
(-0.747235 -0.00625923 3.60218e-06)
(-0.500541 -0.00580565 3.79336e-06)
(-0.284413 -0.00386887 2.83127e-06)
(-0.140466 -0.00208923 1.67137e-06)
(-0.0615657 -0.000961013 8.24329e-07)
(-0.0243645 -0.000371317 3.57662e-07)
(-0.00882869 -8.56303e-05 1.49406e-07)
(-0.929257 -0.0102555 3.00391e-06)
(-0.749213 -0.0190661 6.12081e-06)
(-0.498645 -0.016484 6.32961e-06)
(-0.28159 -0.0103538 4.79037e-06)
(-0.138303 -0.00532095 2.92403e-06)
(-0.0603173 -0.00236094 1.50915e-06)
(-0.0237585 -0.000928395 6.81599e-07)
(-0.00856932 -0.00032175 2.78549e-07)
(-0.951449 -0.0340384 3.66941e-06)
(-0.753464 -0.0548565 8.58278e-06)
(-0.491828 -0.0431246 9.03178e-06)
(-0.27325 -0.025182 6.7658e-06)
(-0.132473 -0.0122114 4.04826e-06)
(-0.0571731 -0.00517035 2.04187e-06)
(-0.0223253 -0.00196549 8.98032e-07)
(-0.00799286 -0.000681487 3.53495e-07)
(-1.01815 -0.115551 4.83358e-06)
(-0.758299 -0.147619 9.25787e-06)
(-0.468971 -0.101716 9.36993e-06)
(-0.250676 -0.0542585 7.05234e-06)
(-0.118292 -0.0246234 4.31736e-06)
(-0.0500714 -0.00990803 2.24742e-06)
(-0.0192697 -0.00361846 1.02363e-06)
(-0.00682068 -0.00121768 4.16679e-07)
(-1.21462 -0.415407 1.94374e-06)
(-0.739628 -0.362807 4.0303e-06)
(-0.398468 -0.208027 3.91207e-06)
(-0.196158 -0.0994335 2.75732e-06)
(-0.0881229 -0.0419897 1.57344e-06)
(-0.0361682 -0.0160611 7.64493e-07)
(-0.013635 -0.00564852 3.25963e-07)
(-0.00475592 -0.00184636 1.24441e-07)
(-1.79637 -1.62843 -5.24655e-07)
(-0.55092 -0.748102 -4.66602e-07)
(-0.205597 -0.337885 -3.48364e-07)
(-0.0846388 -0.144037 -2.50399e-07)
(-0.0349192 -0.0570882 -1.61507e-07)
(-0.0137302 -0.020995 -9.08636e-08)
(-0.00505494 -0.00718973 -4.4928e-08)
(-0.00173787 -0.00230511 -1.98713e-08)
(-0.919262 -0.000260008 2.93582e-07)
(-0.746228 -0.000583404 6.04327e-07)
(-0.501158 -0.000595019 5.53463e-07)
(-0.285577 -0.000431883 3.35169e-07)
(-0.141465 -0.000243573 1.35792e-07)
(-0.0622468 -7.79896e-05 2.32073e-08)
(-0.0248832 0.000149011 -1.04829e-08)
(-0.00924319 0.000809398 3.13601e-09)
(-0.919917 -0.00090561 7.08056e-07)
(-0.746484 -0.00195104 1.37361e-06)
(-0.501036 -0.00190857 1.3539e-06)
(-0.285308 -0.00133458 9.67495e-07)
(-0.141213 -0.000748307 5.49839e-07)
(-0.0620361 -0.000338959 2.63086e-07)
(-0.0246343 -6.94057e-05 1.1719e-07)
(-0.00897516 0.000178527 5.43456e-08)
(-0.922118 -0.00307386 1.26011e-06)
(-0.747231 -0.00625217 2.97726e-06)
(-0.500542 -0.00579834 3.14813e-06)
(-0.284417 -0.00386325 2.36091e-06)
(-0.14047 -0.0020857 1.4045e-06)
(-0.0615679 -0.000959135 7.02787e-07)
(-0.0243657 -0.000370453 3.12387e-07)
(-0.0088292 -8.52822e-05 1.34668e-07)
(-0.929243 -0.0102522 2.50639e-06)
(-0.749208 -0.0190581 4.90614e-06)
(-0.498647 -0.0164756 5.01096e-06)
(-0.281595 -0.0103477 3.78018e-06)
(-0.138308 -0.00531727 2.3133e-06)
(-0.0603208 -0.00235909 1.20211e-06)
(-0.0237605 -0.000927592 5.49459e-07)
(-0.00857025 -0.000321457 2.28372e-07)
(-0.951429 -0.0340353 2.92237e-06)
(-0.753455 -0.0548517 6.96334e-06)
(-0.491831 -0.0431202 7.3172e-06)
(-0.273259 -0.0251787 5.4534e-06)
(-0.132481 -0.0122094 3.24447e-06)
(-0.0571782 -0.0051693 1.62797e-06)
(-0.022328 -0.00196501 7.13706e-07)
(-0.00799409 -0.000681293 2.80832e-07)
(-1.01813 -0.115554 4.06126e-06)
(-0.758293 -0.147628 7.29124e-06)
(-0.468974 -0.101725 7.21889e-06)
(-0.250684 -0.054266 5.39762e-06)
(-0.118299 -0.024628 3.30585e-06)
(-0.0500764 -0.00991042 1.72854e-06)
(-0.0192725 -0.00361954 7.92571e-07)
(-0.00682202 -0.00121811 3.25458e-07)
(-1.21461 -0.415416 1.23797e-06)
(-0.739625 -0.362823 2.6946e-06)
(-0.39847 -0.208043 2.5567e-06)
(-0.196161 -0.0994449 1.73123e-06)
(-0.0881255 -0.0419967 9.4163e-07)
(-0.0361697 -0.0160647 4.33882e-07)
(-0.0136357 -0.00565021 1.75059e-07)
(-0.00475622 -0.00184706 6.31239e-08)
(-1.79637 -1.62843 -4.9593e-07)
(-0.55092 -0.748106 -5.24633e-07)
(-0.205597 -0.337889 -4.33158e-07)
(-0.0846383 -0.14404 -3.17984e-07)
(-0.0349188 -0.0570896 -2.02058e-07)
(-0.0137299 -0.0209957 -1.10791e-07)
(-0.00505477 -0.00718997 -5.32798e-08)
(-0.00173778 -0.00230519 -2.28652e-08)
(-0.00291389 0.0015738 -7.82833e-09)
(-0.000610239 0.000392013 -2.74671e-09)
(-0.000133318 9.61326e-05 -8.64824e-10)
(-2.98508e-05 2.30786e-05 -2.52373e-10)
(-6.73973e-06 5.40825e-06 -7.04497e-11)
(-1.51584e-06 1.23574e-06 -1.9128e-11)
(-3.36917e-07 2.75298e-07 -5.1519e-12)
(-7.3658e-08 5.9834e-08 -1.38377e-12)
(-1.58015e-08 1.26995e-08 -3.7325e-13)
(-3.32315e-09 2.63535e-09 -9.87156e-14)
(-6.85103e-10 5.35386e-10 -2.68693e-14)
(-1.38528e-10 1.06632e-10 -8.76174e-15)
(-2.74978e-11 2.08541e-11 -2.33646e-15)
(-5.36686e-12 4.01171e-12 -1.16823e-15)
(-1.03155e-12 7.58183e-13 0)
(-1.95095e-13 1.41356e-13 0)
(-3.85517e-14 2.33646e-14 -1.16823e-15)
(-5.84116e-15 2.33646e-15 0)
(0 2.33646e-15 0)
(0 -1.16823e-15 0)
(0 0 -5.84116e-16)
(0 0 0)
(0 0 0)
(0 0 0)
(0 0 0)
(2.33646e-15 0 0)
(-2.33646e-15 -2.33646e-15 0)
(0 0 0)
(0 0 0)
(0 2.33646e-15 0)
(0 0 0)
(0 0 0)
(-0.00297397 0.000344457 -6.3797e-09)
(-0.000867424 0.000141243 -2.45053e-09)
(-0.000235617 4.46117e-05 -8.65977e-10)
(-6.08735e-05 1.24726e-05 -2.8958e-10)
(-1.51031e-05 3.23054e-06 -9.31379e-11)
(-3.61711e-06 7.91374e-07 -2.92543e-11)
(-8.38988e-07 1.85434e-07 -8.99364e-12)
(-1.8894e-07 4.18566e-08 -2.72198e-12)
(-4.13971e-08 9.1458e-09 -8.07833e-13)
(-8.84099e-09 1.94152e-09 -2.33646e-13)
(-1.84361e-09 4.01593e-10 -6.77575e-14)
(-3.76006e-10 8.11337e-11 -2.04441e-14)
(-7.51197e-11 1.60433e-11 -4.08881e-15)
(-1.47291e-11 3.111e-12 -2.33646e-15)
(-2.83997e-12 5.93462e-13 0)
(-5.39723e-13 1.08646e-13 5.84116e-16)
(-9.92997e-14 1.86917e-14 1.16823e-15)
(-1.5187e-14 3.5047e-15 0)
(-4.67293e-15 0 -1.16823e-15)
(0 1.16823e-15 0)
(2.33646e-15 0 -5.84116e-16)
(-2.33646e-15 -1.16823e-15 0)
(-1.16823e-15 -1.16823e-15 0)
(1.16823e-15 0 0)
(0 0 0)
(-1.16823e-15 0 0)
(0 -1.16823e-15 -1.16823e-15)
(1.16823e-15 0 1.16823e-15)
(2.33646e-15 0 0)
(0 0 -1.16823e-15)
(-2.33646e-15 0 0)
(0 0 0)
(-0.00295084 3.43123e-05 -9.1306e-09)
(-0.000910084 2.83209e-05 -3.46453e-09)
(-0.000262089 1.21002e-05 -1.22798e-09)
(-7.1232e-05 4.07956e-06 -4.13764e-10)
(-1.84209e-05 1.2037e-06 -1.34204e-10)
(-4.56094e-06 3.24643e-07 -4.23385e-11)
(-1.08643e-06 8.189e-08 -1.30497e-11)
(-2.49946e-07 1.95881e-08 -3.94278e-12)
(-5.57166e-08 4.48383e-09 -1.16765e-12)
(-1.20674e-08 9.88548e-10 -3.38787e-13)
(-2.54549e-09 2.10924e-10 -9.69633e-14)
(-5.24075e-10 4.37199e-11 -2.74535e-14)
(-1.05523e-10 8.82599e-12 -6.42528e-15)
(-2.08191e-11 1.74183e-12 -2.92058e-15)
(-4.0304e-12 3.35283e-13 0)
(-7.67529e-13 6.5421e-14 5.84116e-16)
(-1.46029e-13 1.40188e-14 1.75235e-15)
(-2.68693e-14 0 0)
(-3.5047e-15 -3.5047e-15 0)
(2.33646e-15 2.33646e-15 0)
(-2.33646e-15 -2.33646e-15 0)
(-2.33646e-15 -2.33646e-15 1.16823e-15)
(4.67293e-15 3.5047e-15 0)
(0 0 -5.84116e-16)
(0 0 0)
(0 2.33646e-15 -5.84116e-16)
(0 3.5047e-15 -1.16823e-15)
(0 -1.16823e-15 0)
(0 0 0)
(0 -2.33646e-15 -1.16823e-15)
(-2.33646e-15 -1.16823e-15 0)
(2.33646e-15 0 0)
(-0.0028599 -9.26157e-05 -3.40488e-09)
(-0.000889636 -2.28841e-05 -1.35429e-09)
(-0.000259858 -4.94814e-06 -5.30105e-10)
(-7.177e-05 -9.31533e-07 -2.02828e-10)
(-1.8858e-05 -1.45713e-07 -7.51477e-11)
(-4.73893e-06 -1.55229e-08 -2.69126e-11)
(-1.14404e-06 5.22749e-10 -9.26934e-12)
(-2.66346e-07 9.51274e-10 -3.07596e-12)
(-5.99966e-08 3.69812e-10 -9.81899e-13)
(-1.31139e-08 1.09056e-10 -3.01404e-13)
(-2.78844e-09 2.81474e-11 -9.0538e-14)
(-5.78102e-10 6.67645e-12 -2.74535e-14)
(-1.17099e-10 1.48833e-12 -4.67293e-15)
(-2.32186e-11 3.17759e-13 -3.5047e-15)
(-4.51989e-12 6.30845e-14 -1.16823e-15)
(-8.60987e-13 1.16823e-14 0)
(-1.64721e-13 0 0)
(-2.80376e-14 -1.16823e-15 0)
(-2.33646e-15 1.16823e-15 0)
(0 -2.33646e-15 -1.16823e-15)
(-2.33646e-15 0 -5.84116e-16)
(2.33646e-15 3.5047e-15 0)
(2.33646e-15 -2.33646e-15 -1.16823e-15)
(-2.33646e-15 2.33646e-15 -1.16823e-15)
(2.33646e-15 0 -1.16823e-15)
(0 -2.33646e-15 -2.33646e-15)
(-2.33646e-15 0 -2.33646e-15)
(-2.33646e-15 1.16823e-15 5.84116e-16)
(0 2.33646e-15 0)
(-1.16823e-15 0 0)
(0 1.16823e-15 5.84116e-16)
(1.16823e-15 0 5.84116e-16)
(-0.00265186 -0.000216896 -7.0614e-09)
(-0.000822417 -6.39736e-05 -2.47354e-09)
(-0.000240136 -1.76719e-05 -8.46764e-10)
(-6.64296e-05 -4.61356e-06 -2.86493e-10)
(-1.75049e-05 -1.14685e-06 -9.55322e-11)
(-4.41471e-06 -2.73108e-07 -3.14599e-11)
(-1.06996e-06 -6.26147e-08 -1.01525e-11)
(-2.50099e-07 -1.38778e-08 -3.20972e-12)
(-5.65589e-08 -2.98386e-09 -9.88324e-13)
(-1.2409e-08 -6.24244e-10 -2.96147e-13)
(-2.64787e-09 -1.27414e-10 -8.70333e-14)
(-5.50737e-10 -2.54418e-11 -2.39488e-14)
(-1.11879e-10 -4.98017e-12 -4.67293e-15)
(-2.22431e-11 -9.62623e-13 -2.92058e-15)
(-4.33881e-12 -1.83412e-13 0)
(-8.29445e-13 -3.62152e-14 -5.84116e-16)
(-1.56543e-13 -8.17763e-15 5.84116e-16)
(-2.68693e-14 0 5.84116e-16)
(-2.33646e-15 0 0)
(-1.16823e-15 -1.16823e-15 0)
(1.16823e-15 0 -5.84116e-16)
(0 0 0)
(0 -1.16823e-15 0)
(0 0 0)
(-1.16823e-15 0 0)
(0 -3.5047e-15 0)
(1.16823e-15 -2.33646e-15 -5.84116e-16)
(2.33646e-15 2.33646e-15 -1.16823e-15)
(0 0 0)
(-2.33646e-15 0 0)
(0 0 0)
(0 -1.16823e-15 -5.84116e-16)
(-0.00224226 -0.000381547 4.48426e-09)
(-0.000690412 -0.000112219 1.48697e-09)
(-0.000200498 -3.11974e-05 4.19042e-10)
(-5.5245e-05 -8.2467e-06 9.63517e-11)
(-1.45176e-05 -2.08342e-06 1.47133e-11)
(-3.65469e-06 -5.0528e-07 -8.21851e-13)
(-8.84813e-07 -1.1809e-07 -1.90655e-12)
(-2.06715e-07 -2.66857e-08 -1.03622e-12)
(-4.67431e-08 -5.84799e-09 -4.26989e-13)
(-1.02575e-08 -1.24605e-09 -1.52454e-13)
(-2.18964e-09 -2.58754e-10 -4.90658e-14)
(-4.55665e-10 -5.24805e-11 -1.5187e-14)
(-9.26198e-11 -1.04195e-11 -2.92058e-15)
(-1.8423e-11 -2.03156e-12 0)
(-3.59465e-12 -3.89021e-13 0)
(-6.84584e-13 -7.47669e-14 0)
(-1.26169e-13 -1.28506e-14 -5.84116e-16)
(-2.10282e-14 1.16823e-15 0)
(-4.67293e-15 -1.16823e-15 0)
(-1.16823e-15 1.16823e-15 5.84116e-16)
(1.16823e-15 -1.16823e-15 -5.84116e-16)
(0 -1.16823e-15 0)
(0 1.16823e-15 0)
(0 -2.33646e-15 0)
(0 0 0)
(-1.16823e-15 3.5047e-15 5.84116e-16)
(0 0 0)
(1.16823e-15 -2.33646e-15 0)
(0 -2.33646e-15 0)
(-1.16823e-15 0 -5.84116e-16)
(0 0 5.84116e-16)
(1.16823e-15 0 1.16823e-15)
(-0.00154632 -0.000565643 1.0787e-08)
(-0.000472067 -0.000163575 3.43242e-09)
(-0.000136164 -4.49102e-05 1.00133e-09)
(-3.73156e-05 -1.17654e-05 2.66963e-10)
(-9.76351e-06 -2.95392e-06 6.43854e-11)
(-2.44938e-06 -7.13458e-07 1.3576e-11)
(-5.91365e-07 -1.6633e-07 2.27747e-12)
(-1.37857e-07 -3.75393e-08 1.75235e-13)
(-3.11192e-08 -8.22349e-09 -7.65192e-14)
(-6.81979e-09 -1.75269e-09 -5.0234e-14)
(-1.45431e-09 -3.6421e-10 -2.10282e-14)
(-3.02403e-10 -7.39339e-11 -7.59351e-15)
(-6.14292e-11 -1.46847e-11 0)
(-1.22115e-11 -2.8575e-12 -5.84116e-16)
(-2.38086e-12 -5.43228e-13 0)
(-4.54442e-13 -9.81315e-14 0)
(-8.41127e-14 -1.5187e-14 0)
(-1.5187e-14 -1.16823e-15 -5.84116e-16)
(-2.33646e-15 0 0)
(0 0 0)
(-1.16823e-15 0 -5.84116e-16)
(1.16823e-15 0 0)
(0 0 0)
(0 0 0)
(0 0 0)
(0 0 0)
(0 0 0)
(0 0 0)
(0 0 0)
(0 0 0)
(0 0 0)
(0 0 0)
(-0.000559656 -0.000695863 3.56015e-09)
(-0.000169679 -0.000198925 1.10751e-09)
(-4.86881e-05 -5.41168e-05 3.16369e-10)
(-1.32886e-05 -1.40735e-05 8.2736e-11)
(-3.46559e-06 -3.51259e-06 1.94429e-11)
(-8.67105e-07 -8.44386e-07 3.94804e-12)
(-2.08894e-07 -1.96109e-07 5.99887e-13)
(-4.8609e-08 -4.41272e-08 1.81076e-14)
(-1.09565e-08 -9.64364e-09 -3.62152e-14)
(-2.39818e-09 -2.0515e-09 -1.86917e-14)
(-5.10884e-10 -4.25671e-10 -7.59351e-15)
(-1.06141e-10 -8.63055e-11 -2.92058e-15)
(-2.15445e-11 -1.71275e-11 -5.84116e-16)
(-4.28157e-12 -3.33063e-12 0)
(-8.31781e-13 -6.3435e-13 0)
(-1.61216e-13 -1.16823e-13 0)
(-2.92058e-14 -1.98599e-14 0)
(-5.84116e-15 -4.67293e-15 0)
(0 1.16823e-15 0)
(0 0 0)
(0 1.16823e-15 -5.84116e-16)
(0 1.16823e-15 0)
(0 0 0)
(0 0 0)
(0 0 0)
(-1.16823e-15 0 0)
(1.16823e-15 0 0)
(0 0 0)
(0 0 0)
(0 0 0)
(-1.16823e-15 0 0)
(1.16823e-15 1.16823e-15 1.16823e-15)
(-0.00291386 0.00157377 -1.2998e-08)
(-0.000610225 0.000392003 -4.49728e-09)
(-0.000133313 9.61291e-05 -1.52968e-09)
(-2.98492e-05 2.30775e-05 -4.97552e-10)
(-6.73927e-06 5.40793e-06 -1.56591e-10)
(-1.51571e-06 1.23564e-06 -4.86832e-11)
(-3.36881e-07 2.75269e-07 -1.49732e-11)
(-7.36485e-08 5.98258e-08 -4.5748e-12)
(-1.5799e-08 1.26972e-08 -1.37501e-12)
(-3.32246e-09 2.63468e-09 -4.05961e-13)
(-6.84919e-10 5.35196e-10 -1.17991e-13)
(-1.38478e-10 1.06575e-10 -3.44628e-14)
(-2.74838e-11 2.08389e-11 -9.34586e-15)
(-5.36335e-12 4.0047e-12 -4.08881e-15)
(-1.02804e-12 7.60519e-13 -1.16823e-15)
(-1.97431e-13 1.43693e-13 -1.16823e-15)
(-3.62152e-14 2.33646e-14 -1.75235e-15)
(-5.84116e-15 2.33646e-15 -5.84116e-16)
(0 0 0)
(0 0 0)
(2.33646e-15 0 0)
(-2.33646e-15 0 0)
(0 0 0)
(0 0 5.84116e-16)
(0 0 0)
(0 -1.16823e-15 -1.16823e-15)
(0 -3.5047e-15 -1.16823e-15)
(-1.16823e-15 0 -5.84116e-16)
(0 0 -5.84116e-16)
(1.16823e-15 0 0)
(0 0 -5.84116e-16)
(0 -1.16823e-15 -5.84116e-16)
(-0.00297395 0.000344454 -8.28428e-09)
(-0.000867413 0.000141242 -2.44909e-09)
(-0.000235612 4.4611e-05 -7.00611e-10)
(-6.0872e-05 1.24723e-05 -2.41669e-10)
(-1.51026e-05 3.23041e-06 -9.91817e-11)
(-3.61695e-06 7.91327e-07 -4.21726e-11)
(-8.38935e-07 1.85418e-07 -1.70241e-11)
(-1.88924e-07 4.18515e-08 -6.406e-12)
(-4.13921e-08 9.14421e-09 -2.24709e-12)
(-8.83951e-09 1.94105e-09 -7.41827e-13)
(-1.84319e-09 4.01452e-10 -2.32478e-13)
(-3.75879e-10 8.10963e-11 -6.95098e-14)
(-7.50858e-11 1.60352e-11 -2.10282e-14)
(-1.47174e-11 3.10633e-12 -8.17763e-15)
(-2.83296e-12 5.91125e-13 0)
(-5.39723e-13 1.1215e-13 0)
(-1.01636e-13 2.45329e-14 1.16823e-15)
(-1.86917e-14 2.33646e-15 0)
(-2.33646e-15 0 -1.16823e-15)
(0 0 5.84116e-16)
(0 -2.33646e-15 -1.16823e-15)
(0 0 0)
(-1.16823e-15 -1.16823e-15 0)
(1.16823e-15 -1.16823e-15 0)
(0 0 0)
(-3.5047e-15 -2.33646e-15 0)
(2.33646e-15 -3.5047e-15 1.16823e-15)
(1.16823e-15 -1.16823e-15 0)
(0 0 0)
(0 0 -1.16823e-15)
(0 0 0)
(0 1.16823e-15 -5.84116e-16)
(-0.00295081 3.43183e-05 -3.88877e-09)
(-0.000910068 2.83231e-05 -1.61522e-09)
(-0.000262083 1.21008e-05 -6.92727e-10)
(-7.12298e-05 4.07974e-06 -3.18953e-10)
(-1.84202e-05 1.20374e-06 -1.4435e-10)
(-4.5607e-06 3.24647e-07 -6.15974e-11)
(-1.08636e-06 8.18894e-08 -2.42794e-11)
(-2.49922e-07 1.95874e-08 -8.92062e-12)
(-5.57094e-08 4.48349e-09 -3.06603e-12)
(-1.20652e-08 9.8841e-10 -1.00001e-12)
(-2.54487e-09 2.10879e-10 -3.08997e-13)
(-5.23897e-10 4.37047e-11 -9.28745e-14)
(-1.05472e-10 8.82366e-12 -2.80376e-14)
(-2.0805e-11 1.7395e-12 -7.59351e-15)
(-4.02573e-12 3.32946e-13 -2.92058e-15)
(-7.62856e-13 5.95798e-14 -5.84116e-16)
(-1.48365e-13 1.16823e-14 0)
(-3.0374e-14 1.16823e-15 1.16823e-15)
(-3.5047e-15 -1.16823e-15 0)
(2.33646e-15 0 0)
(0 0 0)
(-2.33646e-15 -1.16823e-15 1.16823e-15)
(0 1.16823e-15 0)
(0 -2.33646e-15 0)
(0 0 0)
(-3.5047e-15 0 -1.16823e-15)
(0 1.16823e-15 -1.16823e-15)
(3.5047e-15 0 5.84116e-16)
(2.33646e-15 0 0)
(0 0 0)
(-2.33646e-15 -1.16823e-15 5.84116e-16)
(2.33646e-15 0 0)
(-0.00285988 -9.26116e-05 1.38734e-08)
(-0.00088963 -2.28822e-05 4.10844e-09)
(-0.000259856 -4.94738e-06 1.01132e-09)
(-7.17691e-05 -9.31279e-07 1.64626e-10)
(-1.88577e-05 -1.45636e-07 -1.30357e-11)
(-4.7388e-06 -1.55011e-08 -2.70019e-11)
(-1.14399e-06 5.2854e-10 -1.55246e-11)
(-2.6633e-07 9.5274e-10 -6.76698e-12)
(-5.99911e-08 3.7017e-10 -2.55901e-12)
(-1.31121e-08 1.09137e-10 -8.84352e-13)
(-2.78789e-09 2.81672e-11 -2.86217e-13)
(-5.77934e-10 6.68112e-12 -8.99539e-14)
(-1.17051e-10 1.4895e-12 -2.62852e-14)
(-2.32093e-11 3.16591e-13 -9.92997e-15)
(-4.51171e-12 6.30845e-14 -3.5047e-15)
(-8.58651e-13 8.17763e-15 -5.84116e-16)
(-1.63553e-13 -3.5047e-15 0)
(-3.0374e-14 2.33646e-15 1.16823e-15)
(-2.33646e-15 0 -5.84116e-16)
(0 -1.16823e-15 -1.16823e-15)
(0 0 0)
(0 1.16823e-15 0)
(0 -1.16823e-15 -1.16823e-15)
(0 3.5047e-15 -5.84116e-16)
(0 2.33646e-15 0)
(-1.16823e-15 0 -5.84116e-16)
(1.16823e-15 2.33646e-15 0)
(0 1.16823e-15 0)
(0 0 0)
(0 0 0)
(0 0 0)
(0 -1.16823e-15 0)
(-0.00265182 -0.00021688 1.87322e-08)
(-0.000822404 -6.39679e-05 5.84715e-09)
(-0.000240132 -1.767e-05 1.57828e-09)
(-6.64281e-05 -4.61296e-06 3.42256e-10)
(-1.75044e-05 -1.14667e-06 4.25055e-11)
(-4.41454e-06 -2.73056e-07 -9.47378e-12)
(-1.0699e-06 -6.26e-08 -9.95275e-12)
(-2.50081e-07 -1.38737e-08 -5.00529e-12)
(-5.6553e-08 -2.98275e-09 -2.0117e-12)
(-1.24072e-08 -6.23943e-10 -7.17295e-13)
(-2.64732e-09 -1.27334e-10 -2.36567e-13)
(-5.50575e-10 -2.54161e-11 -7.35986e-14)
(-1.11837e-10 -4.97667e-12 -2.21964e-14)
(-2.22315e-11 -9.53277e-13 -8.17763e-15)
(-4.33297e-12 -1.79908e-13 -1.16823e-15)
(-8.30613e-13 -3.5047e-14 0)
(-1.53038e-13 -9.34586e-15 1.16823e-15)
(-2.68693e-14 -2.33646e-15 1.16823e-15)
(-8.17763e-15 0 -5.84116e-16)
(2.33646e-15 1.16823e-15 -1.16823e-15)
(1.16823e-15 0 0)
(0 0 0)
(-1.16823e-15 0 5.84116e-16)
(1.16823e-15 0 -1.16823e-15)
(0 0 1.16823e-15)
(-3.5047e-15 2.33646e-15 0)
(2.33646e-15 -2.33646e-15 0)
(1.16823e-15 0 0)
(0 0 -1.16823e-15)
(-1.16823e-15 -1.16823e-15 1.16823e-15)
(0 0 -5.84116e-16)
(1.16823e-15 0 0)
(-0.00224228 -0.000381511 3.69461e-08)
(-0.00069042 -0.000112207 1.19964e-08)
(-0.000200501 -3.11937e-05 3.52739e-09)
(-5.52458e-05 -8.24559e-06 9.32712e-10)
(-1.45178e-05 -2.0831e-06 2.1643e-10)
(-3.65473e-06 -5.0519e-07 4.0946e-11)
(-8.84813e-07 -1.18066e-07 4.55377e-12)
(-2.06712e-07 -2.6679e-08 -8.48721e-13)
(-4.67413e-08 -5.84616e-09 -8.28861e-13)
(-1.02567e-08 -1.24555e-09 -3.82596e-13)
(-2.18936e-09 -2.5862e-10 -1.40772e-13)
(-4.55577e-10 -5.24466e-11 -4.49769e-14)
(-9.25906e-11 -1.04101e-11 -1.46029e-14)
(-1.84137e-11 -2.02688e-12 -1.75235e-15)
(-3.59231e-12 -3.87853e-13 0)
(-6.89257e-13 -7.24304e-14 1.75235e-15)
(-1.26169e-13 -1.40188e-14 5.84116e-16)
(-2.10282e-14 -1.16823e-15 0)
(0 1.16823e-15 0)
(-2.33646e-15 0 0)
(-1.16823e-15 -1.16823e-15 -5.84116e-16)
(1.16823e-15 0 -5.84116e-16)
(0 1.16823e-15 0)
(2.33646e-15 0 0)
(-2.33646e-15 -2.33646e-15 0)
(0 1.16823e-15 1.16823e-15)
(-1.16823e-15 3.5047e-15 5.84116e-16)
(1.16823e-15 0 -5.84116e-16)
(0 0 0)
(0 1.16823e-15 0)
(0 1.16823e-15 0)
(0 1.16823e-15 5.84116e-16)
(-0.00154638 -0.000565644 3.32617e-08)
(-0.000472087 -0.000163576 1.09479e-08)
(-0.00013617 -4.49105e-05 3.30409e-09)
(-3.73175e-05 -1.17655e-05 9.15281e-10)
(-9.76402e-06 -2.95391e-06 2.30912e-10)
(-2.4495e-06 -7.13449e-07 5.20372e-11)
(-5.91392e-07 -1.66325e-07 9.89025e-12)
(-1.37861e-07 -3.75372e-08 1.28973e-12)
(-3.11196e-08 -8.22271e-09 -6.0164e-14)
(-6.81968e-09 -1.75242e-09 -1.25001e-13)
(-1.45422e-09 -3.64127e-10 -6.13322e-14)
(-3.02365e-10 -7.39082e-11 -2.10282e-14)
(-6.14175e-11 -1.46788e-11 -5.84116e-15)
(-1.2208e-11 -2.85983e-12 -2.33646e-15)
(-2.37852e-12 -5.44396e-13 1.16823e-15)
(-4.57947e-13 -9.81315e-14 -1.16823e-15)
(-8.17763e-14 -1.5187e-14 0)
(-1.40188e-14 -2.33646e-15 0)
(-2.33646e-15 0 5.84116e-16)
(0 0 0)
(-1.16823e-15 0 0)
(1.16823e-15 0 5.84116e-16)
(0 0 0)
(0 0 0)
(0 0 0)
(0 0 0)
(0 0 0)
(0 0 0)
(0 0 0)
(0 0 0)
(0 0 0)
(0 0 0)
(-0.000559674 -0.000695892 4.47174e-09)
(-0.000169686 -0.000198934 1.32632e-09)
(-4.86901e-05 -5.41195e-05 3.46629e-10)
(-1.32892e-05 -1.40742e-05 7.56582e-11)
(-3.46574e-06 -3.51276e-06 1.13091e-11)
(-8.67143e-07 -8.44421e-07 -4.80728e-13)
(-2.08901e-07 -1.96115e-07 -1.31134e-12)
(-4.86103e-08 -4.41275e-08 -7.07949e-13)
(-1.09566e-08 -9.64341e-09 -2.90306e-13)
(-2.39812e-09 -2.05136e-09 -1.03973e-13)
(-5.10853e-10 -4.25614e-10 -3.38787e-14)
(-1.06127e-10 -8.62868e-11 -1.05141e-14)
(-2.1541e-11 -1.71216e-11 -3.5047e-15)
(-4.27807e-12 -3.32713e-12 -5.84116e-16)
(-8.31781e-13 -6.35518e-13 0)
(-1.61216e-13 -1.16823e-13 0)
(-3.0374e-14 -1.75235e-14 0)
(-4.67293e-15 -2.33646e-15 -5.84116e-16)
(0 0 0)
(0 0 0)
(0 1.16823e-15 0)
(0 0 0)
(0 0 0)
(-1.16823e-15 0 -5.84116e-16)
(1.16823e-15 0 0)
(-1.16823e-15 0 0)
(0 0 -5.84116e-16)
(1.16823e-15 0 0)
(0 0 0)
(0 0 -5.84116e-16)
(0 0 0)
(0 0 1.16823e-15)
(-0.00291382 0.00157375 -4.34388e-09)
(-0.000610216 0.000391999 3.87071e-09)
(-0.00013331 9.61281e-05 2.98301e-09)
(-2.98481e-05 2.30771e-05 1.26034e-09)
(-6.73884e-06 5.40774e-06 4.07894e-10)
(-1.51556e-06 1.23556e-06 1.0982e-10)
(-3.36829e-07 2.75234e-07 2.49587e-11)
(-7.36308e-08 5.9812e-08 4.50938e-12)
(-1.57932e-08 1.26923e-08 4.66709e-13)
(-3.32064e-09 2.63305e-09 -9.17062e-14)
(-6.84359e-10 5.34687e-10 -7.94398e-14)
(-1.38314e-10 1.06422e-10 -3.32946e-14)
(-2.74348e-11 2.0791e-11 -1.34347e-14)
(-5.34817e-12 3.98951e-12 -3.5047e-15)
(-1.02454e-12 7.54678e-13 -5.84116e-16)
(-1.95095e-13 1.41356e-13 1.16823e-15)
(-3.97199e-14 1.98599e-14 0)
(-3.5047e-15 0 -1.16823e-15)
(1.16823e-15 0 0)
(-1.16823e-15 -1.16823e-15 -5.84116e-16)
(1.16823e-15 -1.16823e-15 -1.75235e-15)
(-1.16823e-15 -1.16823e-15 0)
(0 0 -5.84116e-16)
(0 -1.16823e-15 0)
(0 0 1.16823e-15)
(0 0 -5.84116e-16)
(0 -1.16823e-15 -5.84116e-16)
(1.16823e-15 -1.16823e-15 5.84116e-16)
(0 -1.16823e-15 0)
(-1.16823e-15 -1.16823e-15 0)
(0 -3.5047e-15 0)
(1.16823e-15 0 5.84116e-16)
(-0.00297394 0.000344475 3.57734e-08)
(-0.000867408 0.000141249 2.02868e-08)
(-0.000235612 4.46134e-05 8.56637e-09)
(-6.08723e-05 1.24729e-05 2.92141e-09)
(-1.51027e-05 3.23056e-06 8.43426e-10)
(-3.61695e-06 7.91348e-07 2.08506e-10)
(-8.38917e-07 1.85415e-07 4.28835e-11)
(-1.88911e-07 4.18479e-08 6.31254e-12)
(-4.13857e-08 9.14242e-09 4.61452e-14)
(-8.83696e-09 1.94033e-09 -4.50938e-13)
(-1.84227e-09 4.01206e-10 -2.35399e-13)
(-3.75581e-10 8.10169e-11 -8.99539e-14)
(-7.49947e-11 1.60083e-11 -3.15423e-14)
(-1.46882e-11 3.10049e-12 -9.34586e-15)
(-2.82712e-12 5.87621e-13 -2.92058e-15)
(-5.36219e-13 1.07477e-13 -1.75235e-15)
(-9.92997e-14 2.45329e-14 -2.33646e-15)
(-1.75235e-14 5.84116e-15 -2.33646e-15)
(-2.33646e-15 -1.16823e-15 0)
(-1.16823e-15 1.16823e-15 -1.75235e-15)
(1.16823e-15 -1.16823e-15 -5.84116e-16)
(-1.16823e-15 1.16823e-15 -5.84116e-16)
(1.16823e-15 0 5.84116e-16)
(-1.16823e-15 1.16823e-15 -5.84116e-16)
(1.16823e-15 -1.16823e-15 0)
(0 -1.16823e-15 5.84116e-16)
(0 -1.16823e-15 5.84116e-16)
(-1.16823e-15 3.5047e-15 -1.16823e-15)
(0 1.16823e-15 -5.84116e-16)
(1.16823e-15 3.5047e-15 0)
(-1.16823e-15 3.5047e-15 0)
(1.16823e-15 0 5.84116e-16)
(-0.00295083 3.43566e-05 6.20371e-08)
(-0.000910078 2.83341e-05 2.4551e-08)
(-0.000262086 1.21036e-05 8.7491e-09)
(-7.12309e-05 4.08038e-06 2.7623e-09)
(-1.84204e-05 1.20388e-06 7.6587e-10)
(-4.5607e-06 3.24673e-07 1.83473e-10)
(-1.08633e-06 8.1893e-08 3.55738e-11)
(-2.49904e-07 1.95874e-08 4.21498e-12)
(-5.57008e-08 4.48321e-09 -5.89957e-13)
(-1.20619e-08 9.88264e-10 -6.47201e-13)
(-2.54368e-09 2.10817e-10 -3.02572e-13)
(-5.23511e-10 4.36802e-11 -1.1215e-13)
(-1.05352e-10 8.81782e-12 -3.91358e-14)
(-2.07688e-11 1.73833e-12 -1.22664e-14)
(-4.01755e-12 3.3061e-13 -4.67293e-15)
(-7.61687e-13 6.30845e-14 -2.33646e-15)
(-1.41356e-13 1.16823e-14 -2.92058e-15)
(-2.68693e-14 3.5047e-15 0)
(-4.67293e-15 1.16823e-15 5.84116e-16)
(0 0 0)
(-1.16823e-15 1.16823e-15 0)
(1.16823e-15 0 5.84116e-16)
(0 0 -5.84116e-16)
(0 0 5.84116e-16)
(-1.16823e-15 0 0)
(0 0 1.75235e-15)
(1.16823e-15 0 2.33646e-15)
(0 0 0)
(0 0 -5.84116e-16)
(0 -2.33646e-15 0)
(0 0 0)
(0 0 -5.84116e-16)
(-0.00285997 -9.25705e-05 1.06027e-07)
(-0.000889661 -2.28692e-05 3.76629e-08)
(-0.000259866 -4.9436e-06 1.23769e-08)
(-7.17721e-05 -9.30211e-07 3.73413e-09)
(-1.88584e-05 -1.4534e-07 1.02662e-09)
(-4.73893e-06 -1.54186e-08 2.53896e-10)
(-1.144e-06 5.514e-10 5.47609e-11)
(-2.6632e-07 9.59102e-10 9.40368e-12)
(-5.99849e-08 3.71922e-10 7.98487e-13)
(-1.31094e-08 1.09621e-10 -2.84465e-13)
(-2.78686e-09 2.82958e-11 -2.07945e-13)
(-5.77582e-10 6.71266e-12 -8.82015e-14)
(-1.16938e-10 1.49884e-12 -3.15423e-14)
(-2.31742e-11 3.17759e-13 -1.22664e-14)
(-4.50003e-12 6.5421e-14 -5.84116e-15)
(-8.56314e-13 1.5187e-14 -1.75235e-15)
(-1.60048e-13 1.16823e-15 -5.84116e-16)
(-2.92058e-14 -1.16823e-15 0)
(-5.84116e-15 0 5.84116e-16)
(-1.16823e-15 -1.16823e-15 -5.84116e-16)
(1.16823e-15 0 -5.84116e-16)
(0 -1.16823e-15 0)
(0 2.33646e-15 0)
(0 0 5.84116e-16)
(-1.16823e-15 1.16823e-15 0)
(1.16823e-15 0 5.84116e-16)
(0 1.16823e-15 0)
(-1.16823e-15 -2.33646e-15 0)
(1.16823e-15 -1.16823e-15 0)
(0 2.33646e-15 5.84116e-16)
(0 0 -5.84116e-16)
(0 0 0)
(-0.00265195 -0.00021685 1.26908e-07)
(-0.000822451 -6.39578e-05 4.20123e-08)
(-0.000240147 -1.76669e-05 1.28687e-08)
(-6.64326e-05 -4.61202e-06 3.64567e-09)
(-1.75056e-05 -1.14639e-06 9.48845e-10)
(-4.41481e-06 -2.72972e-07 2.23675e-10)
(-1.06995e-06 -6.25746e-08 4.59875e-11)
(-2.50083e-07 -1.3866e-08 7.40075e-12)
(-5.65503e-08 -2.9804e-09 4.67877e-13)
(-1.24055e-08 -6.23241e-10 -2.96731e-13)
(-2.64658e-09 -1.27127e-10 -1.86333e-13)
(-5.50309e-10 -2.5353e-11 -7.71033e-14)
(-1.11747e-10 -4.95681e-12 -2.86217e-14)
(-2.22034e-11 -9.47436e-13 -9.92997e-15)
(-4.32129e-12 -1.76403e-13 -3.5047e-15)
(-8.24772e-13 -3.5047e-14 5.84116e-16)
(-1.55375e-13 -5.84116e-15 1.16823e-15)
(-2.80376e-14 0 0)
(-4.67293e-15 0 5.84116e-16)
(-1.16823e-15 0 1.16823e-15)
(1.16823e-15 0 0)
(0 0 -5.84116e-16)
(0 0 1.16823e-15)
(0 0 0)
(-1.16823e-15 -1.16823e-15 -1.16823e-15)
(1.16823e-15 1.16823e-15 1.16823e-15)
(0 0 1.75235e-15)
(-1.16823e-15 -1.16823e-15 0)
(1.16823e-15 0 -5.84116e-16)
(0 0 0)
(0 0 5.84116e-16)
(0 0 5.84116e-16)
(-0.00224244 -0.000381517 1.54085e-07)
(-0.000690478 -0.000112209 5.23681e-08)
(-0.00020052 -3.11939e-05 1.64867e-08)
(-5.52516e-05 -8.24555e-06 4.8316e-09)
(-1.45193e-05 -2.08304e-06 1.32083e-09)
(-3.65512e-06 -5.05157e-07 3.36443e-10)
(-8.84896e-07 -1.18051e-07 7.93533e-11)
(-2.06726e-07 -2.66732e-08 1.70609e-11)
(-4.67421e-08 -5.84408e-09 3.21673e-12)
(-1.02561e-08 -1.24486e-09 4.73718e-13)
(-2.18897e-09 -2.58404e-10 2.39488e-14)
(-4.55411e-10 -5.23765e-11 -1.81076e-14)
(-9.25322e-11 -1.03856e-11 -9.34586e-15)
(-1.83962e-11 -2.01754e-12 -4.67293e-15)
(-3.58414e-12 -3.84348e-13 -1.16823e-15)
(-6.85752e-13 -7.24304e-14 0)
(-1.28506e-13 -1.28506e-14 2.33646e-15)
(-2.21964e-14 -2.33646e-15 0)
(-4.67293e-15 0 0)
(0 1.16823e-15 -5.84116e-16)
(-1.16823e-15 -1.16823e-15 0)
(0 1.16823e-15 5.84116e-16)
(1.16823e-15 -2.33646e-15 0)
(-1.16823e-15 0 0)
(1.16823e-15 0 -5.84116e-16)
(0 0 -1.16823e-15)
(-1.16823e-15 0 -5.84116e-16)
(0 0 0)
(0 1.16823e-15 0)
(3.5047e-15 -2.33646e-15 5.84116e-16)
(-2.33646e-15 0 0)
(0 0 -5.84116e-16)
(-0.00154648 -0.000565708 4.31485e-08)
(-0.000472127 -0.000163597 1.3704e-08)
(-0.000136184 -4.49166e-05 3.9997e-09)
(-3.73217e-05 -1.17672e-05 1.06897e-09)
(-9.76524e-06 -2.95433e-06 2.58002e-10)
(-2.44982e-06 -7.13541e-07 5.41668e-11)
(-5.91467e-07 -1.66342e-07 8.81198e-12)
(-1.37877e-07 -3.7539e-08 5.08181e-13)
(-3.1122e-08 -8.22242e-09 -4.05961e-13)
(-6.8198e-09 -1.75213e-09 -2.56427e-13)
(-1.4541e-09 -3.63995e-10 -1.05141e-13)
(-3.02292e-10 -7.38603e-11 -3.67993e-14)
(-6.13883e-11 -1.4666e-11 -1.16823e-14)
(-1.22022e-11 -2.85399e-12 -1.75235e-15)
(-2.37735e-12 -5.4206e-13 -1.16823e-15)
(-4.53274e-13 -1.01636e-13 1.16823e-15)
(-8.41127e-14 -1.75235e-14 1.16823e-15)
(-1.5187e-14 -3.5047e-15 0)
(-2.33646e-15 0 0)
(0 0 0)
(0 0 -1.16823e-15)
(0 0 0)
(0 0 0)
(0 0 0)
(0 1.16823e-15 0)
(0 0 0)
(0 0 0)
(0 1.16823e-15 0)
(0 0 0)
(0 0 0)
(0 0 0)
(0 0 0)
(-0.00055968 -0.000695939 -8.00038e-09)
(-0.000169687 -0.00019895 -2.98184e-09)
(-4.86906e-05 -5.41241e-05 -1.04375e-09)
(-1.32893e-05 -1.40755e-05 -3.47675e-10)
(-3.46574e-06 -3.51308e-06 -1.11339e-10)
(-8.6713e-07 -8.44489e-07 -3.4575e-11)
(-2.08894e-07 -1.96127e-07 -1.04691e-11)
(-4.8607e-08 -4.41283e-08 -3.10458e-12)
(-1.09553e-08 -9.64294e-09 -9.03043e-13)
(-2.39766e-09 -2.05104e-09 -2.58763e-13)
(-5.10696e-10 -4.2548e-10 -7.18463e-14)
(-1.06081e-10 -8.62424e-11 -1.98599e-14)
(-2.15247e-11 -1.71076e-11 -5.25704e-15)
(-4.27223e-12 -3.32713e-12 0)
(-8.3295e-13 -6.35518e-13 0)
(-1.5888e-13 -1.16823e-13 -1.16823e-15)
(-3.0374e-14 -2.10282e-14 -1.16823e-15)
(-5.84116e-15 -2.33646e-15 5.84116e-16)
(0 0 -5.84116e-16)
(0 0 0)
(0 1.16823e-15 0)
(0 0 -5.84116e-16)
(-1.16823e-15 0 -5.84116e-16)
(1.16823e-15 0 5.84116e-16)
(-1.16823e-15 0 -5.84116e-16)
(1.16823e-15 0 -1.16823e-15)
(0 0 0)
(0 0 -1.75235e-15)
(0 0 -5.84116e-16)
(0 0 0)
(0 0 0)
(0 0 0)
(-0.00291381 0.00157383 8.25805e-10)
(-0.00061021 0.000392051 5.62128e-09)
(-0.000133318 9.61522e-05 3.64786e-09)
(-2.98544e-05 2.30858e-05 1.50552e-09)
(-6.74157e-06 5.41043e-06 4.94034e-10)
(-1.51648e-06 1.23628e-06 1.39376e-10)
(-3.37092e-07 2.75405e-07 3.47789e-11)
(-7.36975e-08 5.98474e-08 7.69923e-12)
(-1.58082e-08 1.26982e-08 1.47022e-12)
(-3.32356e-09 2.6336e-09 2.15539e-13)
(-6.84803e-10 5.34564e-10 1.05141e-14)
(-1.38346e-10 1.06327e-10 -8.17763e-15)
(-2.74231e-11 2.07501e-11 -4.67293e-15)
(-5.33765e-12 3.97783e-12 -1.16823e-15)
(-1.0222e-12 7.48837e-13 0)
(-1.95095e-13 1.37851e-13 -1.16823e-15)
(-3.85517e-14 1.98599e-14 1.16823e-15)
(-3.5047e-15 -3.5047e-15 1.16823e-15)
(0 -1.16823e-15 0)
(0 -3.5047e-15 5.84116e-16)
(-2.33646e-15 -2.33646e-15 0)
(2.33646e-15 -1.16823e-15 0)
(0 -1.16823e-15 0)
(1.16823e-15 -3.5047e-15 0)
(-1.16823e-15 0 1.16823e-15)
(-2.33646e-15 -1.16823e-15 0)
(2.33646e-15 -2.33646e-15 0)
(-2.33646e-15 -3.5047e-15 0)
(0 -3.5047e-15 0)
(2.33646e-15 -1.16823e-15 0)
(0 -1.16823e-15 5.84116e-16)
(0 -1.16823e-15 0)
(-0.002974 0.000344587 3.7678e-08)
(-0.000867467 0.000141283 2.02854e-08)
(-0.000235647 4.46225e-05 8.401e-09)
(-6.08874e-05 1.24753e-05 2.8735e-09)
(-1.5108e-05 3.23113e-06 8.49471e-10)
(-3.61855e-06 7.91475e-07 2.21424e-10)
(-8.39339e-07 1.85439e-07 5.09156e-11)
(-1.89009e-07 4.18509e-08 9.99773e-12)
(-4.14056e-08 9.1421e-09 1.48482e-12)
(-8.84007e-09 1.93993e-09 5.72434e-14)
(-1.84246e-09 4.01011e-10 -7.12622e-14)
(-3.75473e-10 8.0941e-11 -3.91358e-14)
(-7.49246e-11 1.59802e-11 -1.63553e-14)
(-1.46601e-11 3.08881e-12 -3.5047e-15)
(-2.81894e-12 5.85284e-13 -1.75235e-15)
(-5.33882e-13 1.06309e-13 -1.16823e-15)
(-1.03973e-13 1.86917e-14 -5.84116e-16)
(-1.28506e-14 3.5047e-15 -5.84116e-16)
(-2.33646e-15 0 0)
(0 0 0)
(0 2.33646e-15 0)
(0 0 0)
(2.33646e-15 -2.33646e-15 0)
(-2.33646e-15 2.33646e-15 0)
(2.33646e-15 -1.16823e-15 0)
(0 0 0)
(-2.33646e-15 2.33646e-15 -5.84116e-16)
(0 0 -5.84116e-16)
(0 0 0)
(2.33646e-15 0 0)
(0 -2.33646e-15 0)
(0 -2.33646e-15 0)
(-0.00295106 3.44588e-05 5.67952e-08)
(-0.000910175 2.83579e-05 2.27017e-08)
(-0.000262126 1.21085e-05 8.21385e-09)
(-7.12458e-05 4.08136e-06 2.66749e-09)
(-1.84254e-05 1.20411e-06 7.76015e-10)
(-4.56216e-06 3.24738e-07 2.02731e-10)
(-1.08672e-06 8.19132e-08 4.68029e-11)
(-2.49995e-07 1.95936e-08 9.19165e-12)
(-5.57192e-08 4.48499e-09 1.30959e-12)
(-1.20646e-08 9.88745e-10 1.34347e-14)
(-2.5438e-09 2.10931e-10 -8.70333e-14)
(-5.2337e-10 4.37047e-11 -4.55611e-14)
(-1.05274e-10 8.82483e-12 -1.81076e-14)
(-2.07361e-11 1.73482e-12 -7.00939e-15)
(-4.0047e-12 3.29441e-13 -1.75235e-15)
(-7.59351e-13 6.30845e-14 0)
(-1.43693e-13 1.16823e-14 -1.16823e-15)
(-2.33646e-14 3.5047e-15 -1.16823e-15)
(-3.5047e-15 0 0)
(0 2.33646e-15 0)
(1.16823e-15 0 5.84116e-16)
(-1.16823e-15 0 0)
(-2.33646e-15 0 0)
(2.33646e-15 0 0)
(0 0 0)
(0 0 0)
(0 0 0)
(-2.33646e-15 0 -5.84116e-16)
(0 0 0)
(0 0 0)
(0 0 -5.84116e-16)
(2.33646e-15 0 -1.16823e-15)
(-0.00286036 -9.24818e-05 8.87484e-08)
(-0.000889817 -2.28472e-05 3.22001e-08)
(-0.000259924 -4.93914e-06 1.08355e-08)
(-7.17918e-05 -9.29512e-07 3.36668e-09)
(-1.88646e-05 -1.4527e-07 9.64512e-10)
(-4.74074e-06 -1.54207e-08 2.53985e-10)
(-1.14448e-06 5.49369e-10 6.10144e-11)
(-2.66438e-07 9.59113e-10 1.30953e-11)
(-6.00105e-08 3.72283e-10 2.37502e-12)
(-1.31141e-08 1.0984e-10 2.97899e-13)
(-2.7875e-09 2.83974e-11 -1.34347e-14)
(-5.77582e-10 6.75238e-12 -2.68693e-14)
(-1.16898e-10 1.51052e-12 -1.34347e-14)
(-2.31544e-11 3.21264e-13 -5.84116e-15)
(-4.48952e-12 6.5421e-14 -1.75235e-15)
(-8.51641e-13 1.16823e-14 -1.16823e-15)
(-1.61216e-13 3.5047e-15 -1.16823e-15)
(-2.68693e-14 2.33646e-15 -1.16823e-15)
(-3.5047e-15 1.16823e-15 1.16823e-15)
(-2.33646e-15 0 5.84116e-16)
(0 -2.33646e-15 -1.16823e-15)
(2.33646e-15 0 0)
(-2.33646e-15 0 -5.84116e-16)
(2.33646e-15 0 0)
(1.16823e-15 0 0)
(-1.16823e-15 1.16823e-15 1.16823e-15)
(0 1.16823e-15 0)
(0 0 -5.84116e-16)
(0 2.33646e-15 0)
(-2.33646e-15 0 0)
(2.33646e-15 2.33646e-15 0)
(0 2.33646e-15 0)
(-0.00265245 -0.000216784 1.01114e-07)
(-0.000822632 -6.39385e-05 3.36916e-08)
(-0.000240208 -1.76618e-05 1.04436e-08)
(-6.64519e-05 -4.61076e-06 3.01692e-09)
(-1.75113e-05 -1.14608e-06 8.10806e-10)
(-4.41634e-06 -2.72891e-07 2.01687e-10)
(-1.07034e-06 -6.25508e-08 4.57877e-11)
(-2.50172e-07 -1.38584e-08 9.19691e-12)
(-5.65684e-08 -2.97791e-09 1.49125e-12)
(-1.24085e-08 -6.22431e-10 1.24417e-13)
(-2.64689e-09 -1.26868e-10 -3.85517e-14)
(-5.50257e-10 -2.52747e-11 -2.80376e-14)
(-1.11703e-10 -4.93228e-12 -1.16823e-14)
(-2.21824e-11 -9.40427e-13 -4.67293e-15)
(-4.31428e-12 -1.74067e-13 -2.92058e-15)
(-8.20099e-13 -3.27105e-14 -5.84116e-16)
(-1.53038e-13 -3.5047e-15 -1.16823e-15)
(-2.92058e-14 -2.33646e-15 0)
(-3.5047e-15 -1.16823e-15 0)
(-2.33646e-15 0 5.84116e-16)
(0 0 -5.84116e-16)
(2.33646e-15 0 5.84116e-16)
(0 2.33646e-15 -1.16823e-15)
(0 0 0)
(0 0 0)
(1.16823e-15 -1.16823e-15 5.84116e-16)
(0 -1.16823e-15 1.16823e-15)
(-1.16823e-15 2.33646e-15 0)
(0 0 0)
(0 1.16823e-15 0)
(0 0 0)
(0 0 0)
(-0.00224301 -0.000381678 1.21623e-07)
(-0.000690695 -0.000112264 4.18588e-08)
(-0.000200596 -3.12114e-05 1.33784e-08)
(-5.52761e-05 -8.25075e-06 3.99524e-09)
(-1.45268e-05 -2.08448e-06 1.11911e-09)
(-3.65721e-06 -5.05529e-07 2.94673e-10)
(-8.85452e-07 -1.1814e-07 7.28924e-11)
(-2.06865e-07 -2.66928e-08 1.68745e-11)
(-4.67745e-08 -5.84791e-09 3.6186e-12)
(-1.02631e-08 -1.24547e-09 7.02108e-13)
(-2.19035e-09 -2.58457e-10 1.16823e-13)
(-4.55647e-10 -5.2366e-11 1.34347e-14)
(-9.25649e-11 -1.03786e-11 0)
(-1.8395e-11 -2.0117e-12 -2.33646e-15)
(-3.5853e-12 -3.8318e-13 -5.84116e-16)
(-6.81079e-13 -7.24304e-14 -1.75235e-15)
(-1.28506e-13 -1.40188e-14 0)
(-2.33646e-14 0 -5.84116e-16)
(-3.5047e-15 -2.33646e-15 0)
(0 0 0)
(2.33646e-15 -2.33646e-15 0)
(0 -2.33646e-15 0)
(0 -2.33646e-15 0)
(0 -2.33646e-15 0)
(0 -2.33646e-15 5.84116e-16)
(-2.33646e-15 0 0)
(2.33646e-15 0 0)
(1.16823e-15 0 5.84116e-16)
(0 0 1.16823e-15)
(-1.16823e-15 -1.16823e-15 0)
(0 0 0)
(0 0 0)
(-0.0015466 -0.000565969 2.06738e-08)
(-0.000472165 -0.000163687 6.1885e-09)
(-0.000136195 -4.49455e-05 1.69693e-09)
(-3.7325e-05 -1.17758e-05 4.20651e-10)
(-9.76605e-06 -2.95677e-06 9.14743e-11)
(-2.45e-06 -7.14191e-07 1.57069e-11)
(-5.91499e-07 -1.66504e-07 1.19977e-12)
(-1.3788e-07 -3.75775e-08 -6.08649e-13)
(-3.11211e-08 -8.23095e-09 -4.24068e-13)
(-6.81908e-09 -1.75389e-09 -1.79908e-13)
(-1.45378e-09 -3.64323e-10 -6.48369e-14)
(-3.02181e-10 -7.39117e-11 -2.16123e-14)
(-6.13485e-11 -1.46683e-11 -8.76174e-15)
(-1.21847e-11 -2.84932e-12 -2.92058e-15)
(-2.37502e-12 -5.4206e-13 -5.84116e-16)
(-4.50938e-13 -9.92997e-14 -1.16823e-15)
(-8.29445e-14 -1.86917e-14 5.84116e-16)
(-1.75235e-14 -3.5047e-15 5.84116e-16)
(-1.16823e-15 0 -5.84116e-16)
(-2.33646e-15 0 0)
(-2.33646e-15 2.33646e-15 0)
(2.33646e-15 0 -5.84116e-16)
(0 0 -5.84116e-16)
(0 2.33646e-15 -5.84116e-16)
(2.33646e-15 0 -5.84116e-16)
(0 -2.33646e-15 0)
(0 -2.33646e-15 0)
(0 -2.33646e-15 0)
(0 -2.33646e-15 0)
(0 0 0)
(0 0 0)
(0 0 0)
(-0.000559641 -0.000695962 -8.91197e-09)
(-0.000169672 -0.000198956 -3.20065e-09)
(-4.86849e-05 -5.41254e-05 -1.07401e-09)
(-1.32874e-05 -1.40756e-05 -3.40596e-10)
(-3.46512e-06 -3.51305e-06 -1.03204e-10)
(-8.66941e-07 -8.4446e-07 -3.01439e-11)
(-2.08838e-07 -1.96112e-07 -8.55847e-12)
(-4.85912e-08 -4.41224e-08 -2.37735e-12)
(-1.09509e-08 -9.64079e-09 -6.48953e-13)
(-2.39646e-09 -2.05033e-09 -1.74067e-13)
(-5.10375e-10 -4.25258e-10 -4.67293e-14)
(-1.05994e-10 -8.61735e-11 -1.22664e-14)
(-2.15001e-11 -1.70866e-11 -2.33646e-15)
(-4.26989e-12 -3.32245e-12 0)
(-8.3295e-13 -6.30845e-13 -5.84116e-16)
(-1.60048e-13 -1.14487e-13 0)
(-3.15423e-14 -1.86917e-14 -1.16823e-15)
(-3.5047e-15 -1.16823e-15 -5.84116e-16)
(2.33646e-15 2.33646e-15 0)
(0 0 0)
(0 2.33646e-15 0)
(-2.33646e-15 2.33646e-15 0)
(2.33646e-15 2.33646e-15 0)
(0 0 0)
(-4.67293e-15 2.33646e-15 0)
(2.33646e-15 2.33646e-15 0)
(-2.33646e-15 2.33646e-15 0)
(0 2.33646e-15 0)
(0 2.33646e-15 -1.16823e-15)
(2.33646e-15 0 0)
(0 0 -5.84116e-16)
(2.33646e-15 0 0)
)
;

boundaryField
{
    base
    {
        type            calculated;
        value           nonuniform List<vector> 
160
(
(-2.78274 1.62839 -5.37488e-07)
(-1.47875 0.415418 -4.63462e-07)
(-1.12107 0.115597 -3.70825e-07)
(-1.01636 0.0340615 -2.53697e-07)
(-0.984822 0.0102565 -1.08873e-07)
(-0.975338 0.00306839 -6.60779e-08)
(-0.972548 0.000896604 -2.67804e-08)
(-0.971752 0.000253863 -1.95647e-08)
(-2.78274 1.62839 -4.62009e-07)
(-1.47876 0.415418 3.45414e-07)
(-1.12107 0.115597 3.64672e-07)
(-1.01637 0.034062 4.49387e-07)
(-0.984823 0.0102568 3.12635e-07)
(-0.975339 0.00306856 1.8324e-07)
(-0.972548 0.000896697 8.77891e-08)
(-0.971752 0.000253889 3.0688e-08)
(-2.78274 1.62839 1.12137e-06)
(-1.47875 0.415419 3.58052e-06)
(-1.12106 0.115597 4.30369e-06)
(-1.01636 0.0340614 3.33428e-06)
(-0.984819 0.0102559 2.22924e-06)
(-0.975337 0.00306795 1.1881e-06)
(-0.972548 0.000896299 5.9994e-07)
(-0.971752 0.000253695 2.62261e-07)
(-2.78273 1.62839 1.04589e-06)
(-1.47873 0.415425 2.77165e-06)
(-1.12104 0.115597 3.56819e-06)
(-1.01634 0.0340579 2.63119e-06)
(-0.984805 0.0102525 1.80774e-06)
(-0.975329 0.0030653 9.38786e-07)
(-0.972544 0.000894845 4.8537e-07)
(-0.97175 0.000252922 2.12008e-07)
(-0.971533 6.94025e-05 -1.38688e-08)
(-0.971474 1.83556e-05 -1.32463e-08)
(-0.971459 4.69602e-06 -1.27242e-08)
(-0.971456 1.17185e-06 -1.2716e-08)
(-0.971455 2.88282e-07 -1.26848e-08)
(-0.971454 7.7535e-08 -1.26876e-08)
(-0.971454 3.31057e-08 -1.26802e-08)
(-0.971454 2.82153e-08 -1.26785e-08)
(-0.971533 6.94151e-05 3.403e-09)
(-0.971475 1.83579e-05 -9.1242e-09)
(-0.971459 4.69708e-06 -1.39828e-08)
(-0.971456 1.17193e-06 -1.58553e-08)
(-0.971455 2.88339e-07 -1.64903e-08)
(-0.971455 7.75441e-08 -1.67075e-08)
(-0.971454 3.31238e-08 -1.67747e-08)
(-0.971454 2.82361e-08 -1.67999e-08)
(-0.971533 6.93228e-05 1.16535e-07)
(-0.971474 1.83208e-05 5.16964e-08)
(-0.971459 4.68256e-06 2.80613e-08)
(-0.971456 1.16684e-06 1.91598e-08)
(-0.971455 2.86577e-07 1.62673e-08)
(-0.971455 7.69662e-08 1.52832e-08)
(-0.971455 3.2921e-08 1.49563e-08)
(-0.971454 2.81442e-08 1.48374e-08)
(-0.971532 6.8994e-05 9.9263e-08)
(-0.971474 1.8181e-05 4.75743e-08)
(-0.971459 4.632e-06 2.932e-08)
(-0.971456 1.14834e-06 2.22991e-08)
(-0.971455 2.80585e-07 2.00728e-08)
(-0.971454 7.49221e-08 1.93031e-08)
(-0.971454 3.22323e-08 1.90508e-08)
(-0.971454 2.78404e-08 1.89588e-08)
(-0.971454 2.57768e-08 -1.26698e-08)
(-0.971454 1.83867e-08 -1.26729e-08)
(-0.971454 1.01116e-08 -1.26678e-08)
(-0.971454 2.88057e-09 -1.26692e-08)
(-0.971454 -3.39652e-09 -1.26703e-08)
(-0.971454 -1.05504e-08 -1.26738e-08)
(-0.971454 -1.89416e-08 -1.26812e-08)
(-0.971454 -2.71786e-08 -1.26845e-08)
(-0.971454 2.57881e-08 -1.68103e-08)
(-0.971454 1.83909e-08 -1.68212e-08)
(-0.971454 1.0119e-08 -1.68231e-08)
(-0.971454 2.87548e-09 -1.68266e-08)
(-0.971454 -3.40572e-09 -1.6827e-08)
(-0.971454 -1.05722e-08 -1.68266e-08)
(-0.971454 -1.89631e-08 -1.68257e-08)
(-0.971454 -2.72122e-08 -1.68201e-08)
(-0.971454 2.57341e-08 1.47585e-08)
(-0.971454 1.83611e-08 1.47357e-08)
(-0.971454 1.01008e-08 1.47039e-08)
(-0.971454 2.87267e-09 1.46971e-08)
(-0.971454 -3.39656e-09 1.47018e-08)
(-0.971454 -1.05477e-08 1.47211e-08)
(-0.971454 -1.89285e-08 1.47645e-08)
(-0.971454 -2.71544e-08 1.48025e-08)
(-0.971454 2.55847e-08 1.88989e-08)
(-0.971454 1.82816e-08 1.88841e-08)
(-0.971454 1.00418e-08 1.88592e-08)
(-0.971454 2.87143e-09 1.88546e-08)
(-0.971454 -3.3577e-09 1.88586e-08)
(-0.971454 -1.04468e-08 1.8874e-08)
(-0.971454 -1.88004e-08 1.8909e-08)
(-0.971454 -2.69621e-08 1.89381e-08)
(-0.971454 -3.22498e-08 -1.2698e-08)
(-0.971454 -4.64952e-08 -1.27141e-08)
(-0.971455 -1.18342e-07 -1.27719e-08)
(-0.971455 -4.11599e-07 -1.29805e-08)
(-0.971456 -1.50463e-06 -1.35151e-08)
(-0.971461 -5.57816e-06 -1.55602e-08)
(-0.971478 -2.03464e-05 -1.99145e-08)
(-0.971542 -7.37345e-05 -3.57283e-08)
(-0.971454 -3.2309e-08 -1.68136e-08)
(-0.971455 -4.66431e-08 -1.68001e-08)
(-0.971455 -1.18875e-07 -1.67767e-08)
(-0.971455 -4.13085e-07 -1.67394e-08)
(-0.971456 -1.50979e-06 -1.65351e-08)
(-0.971461 -5.59096e-06 -1.63629e-08)
(-0.971479 -2.03867e-05 -1.46404e-08)
(-0.971543 -7.38144e-05 -1.43862e-08)
(-0.971454 -3.22099e-08 1.48896e-08)
(-0.971455 -4.64215e-08 1.50256e-08)
(-0.971455 -1.18221e-07 1.54321e-08)
(-0.971455 -4.11115e-07 1.67422e-08)
(-0.971456 -1.50387e-06 2.05477e-08)
(-0.971461 -5.57437e-06 3.29196e-08)
(-0.971479 -2.03424e-05 6.46712e-08)
(-0.971542 -7.3707e-05 1.5835e-07)
(-0.971454 -3.18628e-08 1.90052e-08)
(-0.971454 -4.5558e-08 1.91116e-08)
(-0.971455 -1.15442e-07 1.9437e-08)
(-0.971455 -4.02854e-07 2.05011e-08)
(-0.971456 -1.47743e-06 2.35677e-08)
(-0.971461 -5.50271e-06 3.37224e-08)
(-0.971478 -2.01359e-05 5.93971e-08)
(-0.971541 -7.32387e-05 1.37008e-07)
(-0.971773 -0.000261168 -5.98918e-08)
(-0.972587 -0.00090771 -1.45082e-07)
(-0.975404 -0.00307752 -2.04384e-07)
(-0.984897 -0.0102562 -4.70046e-07)
(-1.01643 -0.0340385 -3.27609e-07)
(-1.12105 -0.115552 -6.80365e-07)
(-1.47864 -0.415407 3.35584e-07)
(-2.78268 -1.62843 4.50374e-07)
(-0.971774 -0.000261387 -9.10784e-10)
(-0.972588 -0.000907999 -5.66198e-09)
(-0.975406 -0.00307817 8.24466e-08)
(-0.984901 -0.0102564 2.74749e-08)
(-1.01643 -0.0340389 4.19437e-07)
(-1.12106 -0.115551 9.19507e-08)
(-1.47864 -0.415405 1.04136e-06)
(-2.78268 -1.62843 4.21649e-07)
(-0.971773 -0.00026115 3.52563e-07)
(-0.972587 -0.000907543 8.47476e-07)
(-0.975404 -0.00307745 1.54695e-06)
(-0.984897 -0.0102555 3.00391e-06)
(-1.01643 -0.0340384 3.66941e-06)
(-1.12105 -0.115551 4.83358e-06)
(-1.47863 -0.415407 1.94374e-06)
(-2.78268 -1.62843 -5.24655e-07)
(-0.971771 -0.000260008 2.93582e-07)
(-0.972581 -0.00090561 7.08056e-07)
(-0.975394 -0.00307386 1.26011e-06)
(-0.984877 -0.0102522 2.50639e-06)
(-1.0164 -0.0340353 2.92237e-06)
(-1.12102 -0.115554 4.06126e-06)
(-1.47862 -0.415416 1.23797e-06)
(-2.78268 -1.62843 -4.9593e-07)
)
;
    }
    cooled
    {
        type            calculated;
        value           nonuniform List<vector> 
992
(
(-1.79642 2.60478 -5.37488e-07)
(-1.79642 2.60478 -4.62009e-07)
(-1.79642 2.60478 1.12137e-06)
(-1.79641 2.60479 1.04589e-06)
(-0.550941 0.984597 -8.1243e-07)
(-0.550941 0.98459 -3.82734e-07)
(-0.55094 0.984594 2.25569e-06)
(-0.550938 0.984608 1.826e-06)
(-0.205591 0.401018 -6.1028e-07)
(-0.20559 0.401013 -8.54662e-08)
(-0.20559 0.401017 2.51645e-06)
(-0.20559 0.401033 1.99164e-06)
(-0.0846193 0.162234 -3.33384e-07)
(-0.0846184 0.162231 7.93605e-08)
(-0.084619 0.162235 2.05579e-06)
(-0.0846208 0.162248 1.64305e-06)
(-0.0349002 0.0625405 -1.46121e-07)
(-0.0348996 0.0625393 1.03023e-07)
(-0.0349002 0.0625413 1.3377e-06)
(-0.0349023 0.06255 1.08855e-06)
(-0.0137172 0.0226334 -5.36768e-08)
(-0.013717 0.0226329 6.93785e-08)
(-0.0137174 0.0226339 7.26374e-07)
(-0.013719 0.0226387 6.03319e-07)
(-0.00504782 0.00767159 -1.69912e-08)
(-0.00504772 0.00767146 3.45971e-08)
(-0.00504793 0.00767187 3.39081e-07)
(-0.0050489 0.00767417 2.87493e-07)
(-0.00173456 0.00244208 -4.7115e-09)
(-0.00173453 0.00244204 1.38218e-08)
(-0.00173462 0.00244219 1.39198e-07)
(-0.0017351 0.00244315 1.20665e-07)
(-0.000558326 0.000733363 -1.20548e-09)
(-0.000558317 0.000733354 4.50379e-09)
(-0.000558351 0.000733399 5.10528e-08)
(-0.000558562 0.000733762 4.53435e-08)
(-0.00016919 0.000208773 -3.04356e-10)
(-0.000169187 0.00020877 1.13816e-09)
(-0.000169198 0.000208782 1.69076e-08)
(-0.000169279 0.000208906 1.54651e-08)
(-4.85232e-05 5.66049e-05 -8.66776e-11)
(-4.85226e-05 5.66042e-05 1.72874e-10)
(-4.85255e-05 5.66063e-05 5.08127e-09)
(-4.85537e-05 5.66448e-05 4.82171e-09)
(-1.32373e-05 1.468e-05 -2.90387e-11)
(-1.32371e-05 1.46798e-05 -2.71398e-11)
(-1.32377e-05 1.46798e-05 1.38099e-09)
(-1.32466e-05 1.46908e-05 1.37909e-09)
(-3.45069e-06 3.65576e-06 -1.11835e-11)
(-3.45064e-06 3.65567e-06 -3.70809e-11)
(-3.45068e-06 3.65546e-06 3.35831e-10)
(-3.45327e-06 3.65836e-06 3.61729e-10)
(-8.63072e-07 8.77241e-07 -4.33998e-12)
(-8.63053e-07 8.77206e-07 -2.03658e-11)
(-8.63015e-07 8.77078e-07 6.9959e-11)
(-8.63703e-07 8.77766e-07 8.59848e-11)
(-2.07874e-07 2.03472e-07 -1.64429e-12)
(-2.07866e-07 2.03459e-07 -8.6677e-12)
(-2.07839e-07 2.03403e-07 1.10661e-11)
(-2.08005e-07 2.03547e-07 1.80877e-11)
(-4.83693e-08 4.57462e-08 -5.847e-13)
(-4.83664e-08 4.57416e-08 -3.23776e-12)
(-4.83541e-08 4.57203e-08 4.43928e-13)
(-4.83897e-08 4.57451e-08 3.09698e-12)
(-1.09048e-08 9.99492e-09 -1.96847e-13)
(-1.09037e-08 9.99334e-09 -1.1034e-12)
(-1.0899e-08 9.98609e-09 -6.01055e-13)
(-1.09053e-08 9.98854e-09 3.06077e-13)
(-2.38825e-09 2.12714e-09 -6.36687e-14)
(-2.38789e-09 2.12663e-09 -3.52806e-13)
(-2.38626e-09 2.12431e-09 -3.5339e-13)
(-2.38697e-09 2.12381e-09 -6.19163e-14)
(-5.09327e-10 4.41931e-10 -1.86917e-14)
(-5.09213e-10 4.41778e-10 -1.08061e-13)
(-5.08686e-10 4.41066e-10 -1.40772e-13)
(-5.08606e-10 4.40652e-10 -5.19863e-14)
(-1.06009e-10 8.98255e-11 -5.25704e-15)
(-1.05974e-10 8.97796e-11 -3.27105e-14)
(-1.05811e-10 8.95652e-11 -4.78975e-14)
(-1.05722e-10 8.93929e-11 -2.21964e-14)
(-2.15808e-11 1.78962e-11 -1.75235e-15)
(-2.15691e-11 1.78809e-11 -9.92997e-15)
(-2.15223e-11 1.78196e-11 -1.40188e-14)
(-2.14815e-11 1.7766e-11 -7.00939e-15)
(-4.30494e-12 3.50268e-12 -1.16823e-15)
(-4.30377e-12 3.49885e-12 -1.75235e-15)
(-4.28741e-12 3.47971e-12 -5.25704e-15)
(-4.27573e-12 3.4644e-12 -1.75235e-15)
(-8.43464e-13 6.73739e-13 0)
(-8.43464e-13 6.69911e-13 -1.16823e-15)
(-8.37622e-13 6.69911e-13 0)
(-8.36454e-13 6.66083e-13 -1.16823e-15)
(-1.63553e-13 1.30154e-13 -1.75235e-15)
(-1.64721e-13 1.22498e-13 -5.84116e-16)
(-1.64721e-13 1.22498e-13 -1.16823e-15)
(-1.61216e-13 1.14842e-13 -5.84116e-16)
(-3.27105e-14 1.91403e-14 -1.16823e-15)
(-2.92058e-14 1.53123e-14 0)
(-3.0374e-14 1.53123e-14 1.16823e-15)
(-2.68693e-14 2.29684e-14 5.84116e-16)
(-1.16823e-15 3.82806e-15 1.16823e-15)
(-1.16823e-15 1.14842e-14 0)
(-2.33646e-15 3.82806e-15 -1.16823e-15)
(-5.84116e-15 3.82806e-15 0)
(1.16823e-15 1.14842e-14 -5.84116e-16)
(-3.5047e-15 0 -2.33646e-15)
(-2.33646e-15 0 0)
(-1.16823e-15 0 0)
(-3.5047e-15 7.65613e-15 -1.16823e-15)
(-2.33646e-15 0 -1.16823e-15)
(0 0 0)
(0 0 0)
(2.33646e-15 3.82806e-15 0)
(2.33646e-15 -3.82806e-15 -1.16823e-15)
(0 0 1.16823e-15)
(0 0 0)
(1.16823e-15 1.14842e-14 -5.84116e-16)
(1.16823e-15 3.82806e-15 -2.33646e-15)
(0 0 0)
(-2.33646e-15 0 0)
(-1.16823e-15 7.65613e-15 0)
(0 3.82806e-15 -1.16823e-15)
(0 0 -1.16823e-15)
(0 -3.82806e-15 -5.84116e-16)
(0 7.65613e-15 0)
(2.33646e-15 7.65613e-15 -1.16823e-15)
(0 0 -1.16823e-15)
(-2.33646e-15 -3.82806e-15 -5.84116e-16)
(-2.33646e-15 7.65613e-15 0)
(-3.5047e-15 3.82806e-15 -2.33646e-15)
(0 0 -5.84116e-16)
(2.33646e-15 -7.65613e-15 -1.16823e-15)
(-1.16823e-15 0 0)
(0 0 0)
(0 0 0)
(3.5047e-15 3.82806e-15 1.16823e-15)
(1.16823e-15 3.82806e-15 0)
(1.16823e-15 -3.82806e-15 -1.16823e-15)
(0 0 1.16823e-15)
(-1.16823e-15 3.82806e-15 5.84116e-16)
(-1.16823e-15 3.82806e-15 0)
(2.33646e-15 7.65613e-15 0)
(0 0 -1.16823e-15)
(0 0 0)
(0 0 0)
(-2.33646e-15 3.82806e-15 0)
(0 0 0)
(0 0 0)
(-2.33646e-15 -3.82806e-15 5.84116e-16)
(-1.16823e-15 7.65613e-15 1.16823e-15)
(0 0 -1.16823e-15)
(0 0 0)
(2.33646e-15 0 0)
(-2.33646e-15 -3.82806e-15 0)
(0 0 0)
(0 0 0)
(0 0 0)
(2.33646e-15 0 0)
(0 -3.82806e-15 -5.84116e-16)
(0 0 5.84116e-16)
(0 0 0)
(-3.82806e-15 0 -1.16823e-15)
(3.82806e-15 -1.16823e-15 0)
(0 1.16823e-15 5.84116e-16)
(0 0 1.16823e-15)
(0 -1.16823e-15 5.84116e-16)
(7.65613e-15 -2.33646e-15 1.16823e-15)
(3.82806e-15 3.5047e-15 0)
(0 0 0)
(0 -1.16823e-15 -5.84116e-16)
(3.82806e-15 1.16823e-15 0)
(-3.82806e-15 4.67293e-15 0)
(-7.65613e-15 -2.33646e-15 0)
(0 -2.33646e-15 0)
(0 0 5.84116e-16)
(3.82806e-15 0 1.16823e-15)
(3.82806e-15 -1.16823e-15 -5.84116e-16)
(3.82806e-15 0 0)
(0 0 1.75235e-15)
(7.65613e-15 0 -1.16823e-15)
(0 1.16823e-15 0)
(0 0 0)
(0 0 0)
(0 0 0)
(0 -1.16823e-15 5.84116e-16)
(3.82806e-15 0 0)
(-7.65613e-15 1.16823e-15 1.16823e-15)
(0 0 1.16823e-15)
(-7.65613e-15 0 1.16823e-15)
(0 -1.16823e-15 0)
(0 0 0)
(0 0 0)
(3.82806e-15 -1.16823e-15 0)
(0 1.16823e-15 -1.16823e-15)
(-3.82806e-15 0 -1.16823e-15)
(0 0 0)
(-3.82806e-15 0 -5.84116e-16)
(3.82806e-15 -1.16823e-15 0)
(0 1.16823e-15 -1.75235e-15)
(0 0 0)
(3.82806e-15 -1.16823e-15 0)
(0 1.16823e-15 0)
(0 0 0)
(0 0 0)
(0 0 -1.16823e-15)
(3.82806e-15 -3.5047e-15 0)
(1.14842e-14 0 0)
(0 3.5047e-15 0)
(0 0 5.84116e-16)
(0 0 0)
(0 0 -5.84116e-16)
(0 -1.16823e-15 0)
(3.82806e-15 0 -5.84116e-16)
(0 1.16823e-15 0)
(0 0 1.75235e-15)
(3.82806e-15 0 0)
(0 -1.16823e-15 0)
(0 -2.33646e-15 0)
(3.82806e-15 2.33646e-15 0)
(-3.82806e-15 0 1.16823e-15)
(0 -2.33646e-15 5.84116e-16)
(3.82806e-15 0 0)
(3.82806e-15 2.33646e-15 -5.84116e-16)
(-3.82806e-15 0 1.16823e-15)
(0 0 0)
(0 0 0)
(0 0 0)
(3.82806e-15 0 5.84116e-16)
(0 -1.16823e-15 -5.84116e-16)
(7.65613e-15 0 1.16823e-15)
(0 0 0)
(1.14842e-14 1.16823e-15 1.16823e-15)
(3.82806e-15 -1.16823e-15 -5.84116e-16)
(3.82806e-15 1.16823e-15 -5.84116e-16)
(0 0 0)
(0 -1.16823e-15 0)
(3.82806e-15 0 0)
(0 1.16823e-15 5.84116e-16)
(0 0 0)
(3.82806e-15 0 1.16823e-15)
(0 0 5.84116e-16)
(0 0 5.84116e-16)
(0 0 -5.84116e-16)
(3.82806e-15 0 0)
(0 0 5.84116e-16)
(3.82806e-15 0 -5.84116e-16)
(0 0 0)
(3.82806e-15 0 0)
(0 -1.16823e-15 0)
(0 -2.33646e-15 0)
(7.65613e-15 0 -1.16823e-15)
(0 2.33646e-15 0)
(0 0 0)
(3.82806e-15 0 0)
(0 0 0)
(3.82806e-15 0 0)
(-0.00291472 -0.0025684 -3.12403e-10)
(-0.00291472 -0.0025684 -7.41682e-09)
(-0.00291467 -0.00256834 -1.99591e-08)
(-0.0029146 -0.00256824 -1.28547e-08)
(-0.000610582 -0.0005624 -9.22191e-11)
(-0.000610581 -0.0005624 -2.67469e-09)
(-0.000610569 -0.000562379 -7.58173e-09)
(-0.000610547 -0.000562339 -4.99926e-09)
(-0.000133482 -0.000126073 -4.02339e-11)
(-0.000133481 -0.000126072 -9.50596e-10)
(-0.000133477 -0.000126065 -2.77633e-09)
(-0.000133468 -0.00012605 -1.86597e-09)
(-2.99175e-05 -2.84742e-05 -1.99201e-11)
(-2.99174e-05 -2.8474e-05 -3.16234e-10)
(-2.99158e-05 -2.84716e-05 -9.2193e-10)
(-2.99125e-05 -2.84666e-05 -6.25616e-10)
(-6.76296e-06 -6.40275e-06 -9.38149e-12)
(-6.76293e-06 -6.40267e-06 -9.99125e-11)
(-6.76239e-06 -6.40195e-06 -2.81636e-10)
(-6.76125e-06 -6.40042e-06 -1.91104e-10)
(-1.52301e-06 -1.42231e-06 -3.93986e-12)
(-1.52299e-06 -1.42228e-06 -3.05703e-11)
(-1.52283e-06 -1.42207e-06 -8.11402e-11)
(-1.52247e-06 -1.42163e-06 -5.45109e-11)
(-3.38929e-07 -3.10712e-07 -1.51344e-12)
(-3.38923e-07 -3.107e-07 -9.17004e-12)
(-3.38874e-07 -3.10638e-07 -2.25019e-11)
(-3.38773e-07 -3.1052e-07 -1.48465e-11)
(-7.41807e-08 -6.6593e-08 -5.34466e-13)
(-7.4178e-08 -6.65887e-08 -2.70971e-12)
(-7.41639e-08 -6.65713e-08 -6.09876e-12)
(-7.41362e-08 -6.65399e-08 -3.92584e-12)
(-1.59283e-08 -1.3989e-08 -1.78155e-13)
(-1.59273e-08 -1.39876e-08 -7.89141e-13)
(-1.59233e-08 -1.39827e-08 -1.63027e-12)
(-1.5916e-08 -1.39745e-08 -1.01928e-12)
(-3.35193e-09 -2.87994e-09 -5.66593e-14)
(-3.35161e-09 -2.87948e-09 -2.27805e-13)
(-3.35048e-09 -2.87813e-09 -4.31662e-13)
(-3.34858e-09 -2.87602e-09 -2.62852e-13)
(-6.91207e-10 -5.81284e-10 -1.75235e-14)
(-6.91105e-10 -5.8115e-10 -6.30845e-14)
(-6.90787e-10 -5.80775e-10 -1.13903e-13)
(-6.90297e-10 -5.80235e-10 -6.77575e-14)
(-1.39726e-10 -1.1511e-10 -5.84116e-15)
(-1.39696e-10 -1.15064e-10 -1.75235e-14)
(-1.39607e-10 -1.14976e-10 -2.74535e-14)
(-1.3948e-10 -1.14838e-10 -1.75235e-14)
(-2.7707e-11 -2.23789e-11 -1.75235e-15)
(-2.76953e-11 -2.23674e-11 -4.67293e-15)
(-2.76789e-11 -2.23406e-11 -5.84116e-15)
(-2.76439e-11 -2.23138e-11 -4.08881e-15)
(-5.39606e-12 -4.27595e-12 1.16823e-15)
(-5.38906e-12 -4.27977e-12 -2.33646e-15)
(-5.38438e-12 -4.26446e-12 -1.75235e-15)
(-5.3762e-12 -4.26446e-12 0)
(-1.03155e-12 -8.03893e-13 1.16823e-15)
(-1.03272e-12 -8.11549e-13 0)
(-1.02571e-12 -8.03893e-13 -1.16823e-15)
(-1.02804e-12 -8.07721e-13 1.16823e-15)
(-1.92758e-13 -1.45466e-13 1.16823e-15)
(-1.95095e-13 -1.49294e-13 5.84116e-16)
(-1.92758e-13 -1.56951e-13 0)
(-1.95095e-13 -1.45466e-13 -1.75235e-15)
(-3.73834e-14 -3.06245e-14 0)
(-3.73834e-14 -2.67964e-14 -1.16823e-15)
(-4.08881e-14 -3.06245e-14 1.16823e-15)
(-3.85517e-14 -2.67964e-14 -1.16823e-15)
(-7.00939e-15 0 0)
(-7.00939e-15 -3.82806e-15 0)
(-7.00939e-15 0 0)
(-5.84116e-15 0 0)
(-2.33646e-15 3.82806e-15 1.16823e-15)
(0 0 0)
(0 0 0)
(0 0 0)
(2.33646e-15 0 0)
(0 0 0)
(-2.33646e-15 0 0)
(0 0 0)
(0 0 5.84116e-16)
(0 0 0)
(0 3.82806e-15 -1.16823e-15)
(0 0 1.16823e-15)
(-2.33646e-15 3.82806e-15 1.16823e-15)
(2.33646e-15 0 0)
(2.33646e-15 0 0)
(-2.33646e-15 0 0)
(2.33646e-15 3.82806e-15 1.16823e-15)
(0 -3.82806e-15 0)
(0 0 -1.16823e-15)
(0 7.65613e-15 -5.84116e-16)
(0 0 0)
(0 -3.82806e-15 1.16823e-15)
(0 0 -1.16823e-15)
(2.33646e-15 0 0)
(0 0 0)
(-2.33646e-15 0 0)
(0 0 0)
(0 0 0)
(0 0 0)
(0 0 0)
(-3.5047e-15 3.82806e-15 -1.16823e-15)
(0 0 1.16823e-15)
(0 0 5.84116e-16)
(0 0 -1.16823e-15)
(1.16823e-15 1.14842e-14 -5.84116e-16)
(0 0 1.75235e-15)
(-2.33646e-15 3.82806e-15 0)
(0 0 1.16823e-15)
(2.33646e-15 -3.82806e-15 1.16823e-15)
(0 0 -1.16823e-15)
(2.33646e-15 3.82806e-15 1.16823e-15)
(0 0 0)
(0 0 0)
(0 0 0)
(0 0 0)
(0 0 0)
(1.16823e-15 -3.82806e-15 0)
(-2.33646e-15 3.82806e-15 -1.16823e-15)
(0 0 0)
(0 0 0)
(-1.16823e-15 -3.82806e-15 0)
(0 3.82806e-15 -1.16823e-15)
(0 3.82806e-15 0)
(0 3.82806e-15 1.16823e-15)
(0 0 0)
(2.33646e-15 0 0)
(-0.00966692 -0.000745944 -2.7578e-09)
(-0.0092375 -0.000125743 -3.60367e-09)
(-0.00916395 -2.14776e-05 -3.75563e-09)
(-0.00915159 -3.06006e-06 -3.91211e-09)
(-0.00915171 3.26338e-06 -2.4451e-09)
(-0.00916464 2.2014e-05 -4.3991e-09)
(-0.00923977 0.000127571 -2.11517e-09)
(-0.00967492 0.000753196 -2.68118e-09)
(-0.0096669 -0.000745949 -2.41966e-08)
(-0.00923747 -0.000125745 -2.40622e-08)
(-0.00916392 -2.14783e-05 -2.45712e-08)
(-0.00915156 -3.05744e-06 -2.45771e-08)
(-0.00915169 3.2624e-06 -2.31066e-08)
(-0.00916461 2.20146e-05 -2.6466e-08)
(-0.00923975 0.000127574 -2.3537e-08)
(-0.0096749 0.00075317 -2.87107e-08)
(-0.00966673 -0.000745942 -5.66246e-08)
(-0.0092373 -0.000125743 -5.78688e-08)
(-0.00916376 -2.14787e-05 -5.70917e-08)
(-0.00915139 -3.05713e-06 -5.62104e-08)
(-0.00915153 3.2596e-06 -6.07214e-08)
(-0.00916443 2.20131e-05 -5.90898e-08)
(-0.00923958 0.000127566 -6.64914e-08)
(-0.00967469 0.00075314 -7.58845e-08)
(-0.00966645 -0.000745935 -3.51858e-08)
(-0.00923701 -0.000125746 -3.74103e-08)
(-0.00916347 -2.14749e-05 -3.62761e-08)
(-0.00915111 -3.0647e-06 -3.55454e-08)
(-0.00915121 3.25665e-06 -4.00599e-08)
(-0.00916413 2.20031e-05 -3.70229e-08)
(-0.00923922 0.000127541 -4.50696e-08)
(-0.00967429 0.000753137 -4.9855e-08)
(-0.00292188 0.0025775 -6.61376e-09)
(-0.00292185 0.00257745 -1.61887e-08)
(-0.00292179 0.00257737 -2.41768e-08)
(-0.00292169 0.00257726 -1.46019e-08)
(-0.000612671 0.000565035 -2.41721e-09)
(-0.000612659 0.000565016 -5.65788e-09)
(-0.000612642 0.00056499 -2.59006e-09)
(-0.000612609 0.000564995 6.50615e-10)
(-0.000134089 0.000126819 -7.82819e-10)
(-0.000134084 0.000126813 -1.95108e-09)
(-0.000134079 0.000126804 9.02593e-10)
(-0.000134078 0.00012682 2.07085e-09)
(-3.00902e-05 2.8681e-05 -2.35056e-10)
(-3.00887e-05 2.86792e-05 -6.44821e-10)
(-3.00867e-05 2.86759e-05 6.12046e-10)
(-3.00901e-05 2.86841e-05 1.02181e-09)
(-6.81099e-06 6.45874e-06 -6.76874e-11)
(-6.81055e-06 6.45819e-06 -2.05638e-10)
(-6.80982e-06 6.45709e-06 2.13735e-10)
(-6.81167e-06 6.4599e-06 3.51684e-10)
(-1.53605e-06 1.4371e-06 -1.90212e-11)
(-1.53593e-06 1.43695e-06 -6.42201e-11)
(-1.53568e-06 1.43658e-06 5.37229e-11)
(-1.53634e-06 1.43738e-06 9.89218e-11)
(-3.42386e-07 3.14522e-07 -5.30436e-12)
(-3.42351e-07 3.14479e-07 -1.96818e-11)
(-3.4227e-07 3.14364e-07 9.30789e-12)
(-3.42458e-07 3.14554e-07 2.36853e-11)
(-7.50741e-08 6.75518e-08 -1.47197e-12)
(-7.50643e-08 6.754e-08 -5.94689e-12)
(-7.50383e-08 6.75042e-08 2.56427e-13)
(-7.50843e-08 6.7542e-08 4.73017e-12)
(-1.61537e-08 1.42251e-08 -4.07713e-13)
(-1.6151e-08 1.42219e-08 -1.75994e-12)
(-1.61428e-08 1.42111e-08 -6.57715e-13)
(-1.61522e-08 1.42166e-08 6.95098e-13)
(-3.40756e-09 2.93704e-09 -1.1215e-13)
(-3.40681e-09 2.93614e-09 -5.11686e-13)
(-3.40433e-09 2.93295e-09 -3.8318e-13)
(-3.4058e-09 2.93307e-09 1.57711e-14)
(-7.04681e-10 5.94896e-10 -3.0374e-14)
(-7.04473e-10 5.94648e-10 -1.46613e-13)
(-7.0374e-10 5.93729e-10 -1.54791e-13)
(-7.03814e-10 5.93411e-10 -3.91358e-14)
(-1.4294e-10 1.18318e-10 -8.76174e-15)
(-1.42882e-10 1.18249e-10 -4.08881e-14)
(-1.42673e-10 1.17992e-10 -5.25704e-14)
(-1.42608e-10 1.1782e-10 -2.21964e-14)
(-2.84651e-11 2.31368e-11 -2.33646e-15)
(-2.84523e-11 2.31138e-11 -1.22664e-14)
(-2.83927e-11 2.30411e-11 -1.63553e-14)
(-2.83542e-11 2.29799e-11 -7.59351e-15)
(-5.57364e-12 4.45587e-12 -2.33646e-15)
(-5.57013e-12 4.44055e-12 -3.5047e-15)
(-5.55027e-12 4.42141e-12 -5.84116e-15)
(-5.53976e-12 4.40227e-12 -1.75235e-15)
(-1.07361e-12 8.46002e-13 -5.84116e-16)
(-1.07127e-12 8.34518e-13 -1.75235e-15)
(-1.06776e-12 8.34518e-13 -2.33646e-15)
(-1.06075e-12 8.23034e-13 -5.84116e-16)
(-2.03272e-13 1.60779e-13 -5.84116e-16)
(-2.03272e-13 1.53123e-13 -1.16823e-15)
(-2.03272e-13 1.56951e-13 1.16823e-15)
(-1.98599e-13 1.56951e-13 0)
(-3.73834e-14 3.06245e-14 -1.16823e-15)
(-3.85517e-14 1.91403e-14 -1.75235e-15)
(-3.85517e-14 1.91403e-14 5.84116e-16)
(-4.20564e-14 2.29684e-14 0)
(-8.17763e-15 3.82806e-15 0)
(-5.84116e-15 3.82806e-15 0)
(-5.84116e-15 3.82806e-15 -1.16823e-15)
(-8.17763e-15 -7.65613e-15 -1.75235e-15)
(-2.33646e-15 0 0)
(0 0 0)
(-1.16823e-15 0 -5.84116e-16)
(2.33646e-15 -7.65613e-15 -1.16823e-15)
(0 0 0)
(0 0 -5.84116e-16)
(-2.33646e-15 -7.65613e-15 0)
(2.33646e-15 0 5.84116e-16)
(0 -3.82806e-15 -5.84116e-16)
(0 0 5.84116e-16)
(3.5047e-15 -3.82806e-15 0)
(-2.33646e-15 0 0)
(0 0 0)
(0 -3.82806e-15 -5.84116e-16)
(0 0 0)
(-2.33646e-15 -7.65613e-15 -1.16823e-15)
(2.33646e-15 3.82806e-15 0)
(-1.16823e-15 0 -1.16823e-15)
(0 0 -5.84116e-16)
(2.33646e-15 -3.82806e-15 0)
(-2.33646e-15 0 -5.84116e-16)
(0 -7.65613e-15 -1.16823e-15)
(-1.16823e-15 -3.82806e-15 1.16823e-15)
(2.33646e-15 -3.82806e-15 0)
(0 0 0)
(1.16823e-15 0 0)
(0 0 0)
(0 3.82806e-15 1.16823e-15)
(-1.16823e-15 -3.82806e-15 0)
(0 0 5.84116e-16)
(1.16823e-15 -3.82806e-15 -5.84116e-16)
(0 0 5.84116e-16)
(1.16823e-15 0 0)
(0 0 0)
(0 0 0)
(0 0 0)
(0 0 0)
(0 -3.82806e-15 -5.84116e-16)
(0 -3.82806e-15 0)
(0 -3.82806e-15 0)
(2.33646e-15 3.82806e-15 0)
(0 0 -1.16823e-15)
(0 0 0)
(0 0 0)
(-2.33646e-15 0 0)
(-1.16823e-15 -3.82806e-15 -5.84116e-16)
(0 0 5.84116e-16)
(0 0 0)
(0 0 0)
(0 -3.82806e-15 -5.84116e-16)
(-1.16823e-15 -3.82806e-15 5.84116e-16)
(0 0 0)
(0 -3.82806e-15 0)
(1.16823e-15 -3.82806e-15 0)
(1.16823e-15 0 5.84116e-16)
(0 0 0)
(-0.00292192 -0.00257812 -8.27907e-10)
(-0.00292192 -0.00257812 -1.1092e-08)
(-0.00292186 -0.00257803 -3.05623e-08)
(-0.00292174 -0.00257787 -2.02982e-08)
(-0.000612777 -0.000565459 -2.72798e-10)
(-0.000612776 -0.000565457 -3.89052e-09)
(-0.000612758 -0.000565428 -1.09557e-08)
(-0.000612722 -0.00056537 -7.33799e-09)
(-0.000134177 -0.000127014 -1.02446e-10)
(-0.000134176 -0.000127013 -1.34727e-09)
(-0.00013417 -0.000127003 -3.8422e-09)
(-0.000134157 -0.000126982 -2.59738e-09)
(-3.01333e-05 -2.87517e-05 -4.05009e-11)
(-3.01331e-05 -2.87513e-05 -4.40773e-10)
(-3.01309e-05 -2.87481e-05 -1.24691e-09)
(-3.01262e-05 -2.87414e-05 -8.46634e-10)
(-6.82711e-06 -6.48077e-06 -1.58699e-11)
(-6.82704e-06 -6.48065e-06 -1.3726e-10)
(-6.82631e-06 -6.47967e-06 -3.76386e-10)
(-6.82476e-06 -6.47763e-06 -2.54996e-10)
(-1.54117e-06 -1.44325e-06 -5.89139e-12)
(-1.54114e-06 -1.4432e-06 -4.12696e-11)
(-1.54092e-06 -1.44292e-06 -1.07535e-10)
(-1.54045e-06 -1.44234e-06 -7.2157e-11)
(-3.43832e-07 -3.16088e-07 -2.07361e-12)
(-3.43822e-07 -3.16071e-07 -1.21052e-11)
(-3.43757e-07 -3.15991e-07 -2.95452e-11)
(-3.43623e-07 -3.15835e-07 -1.95112e-11)
(-7.5446e-08 -6.79183e-08 -6.89257e-13)
(-7.54422e-08 -6.79128e-08 -3.48308e-12)
(-7.54237e-08 -6.78904e-08 -7.90484e-12)
(-7.53873e-08 -6.78495e-08 -5.11102e-12)
(-1.62415e-08 -1.43037e-08 -2.19044e-13)
(-1.62403e-08 -1.4302e-08 -9.87156e-13)
(-1.62351e-08 -1.42958e-08 -2.07829e-12)
(-1.62256e-08 -1.42853e-08 -1.31192e-12)
(-3.42659e-09 -2.95214e-09 -6.71734e-14)
(-3.42619e-09 -2.95161e-09 -2.74535e-13)
(-3.42477e-09 -2.94995e-09 -5.40891e-13)
(-3.42232e-09 -2.94728e-09 -3.34114e-13)
(-7.08391e-10 -5.97342e-10 -2.10282e-14)
(-7.0827e-10 -5.97174e-10 -7.5351e-14)
(-7.07883e-10 -5.96734e-10 -1.3902e-13)
(-7.07256e-10 -5.96064e-10 -8.41127e-14)
(-1.43558e-10 -1.18582e-10 -6.42528e-15)
(-1.43518e-10 -1.18528e-10 -2.10282e-14)
(-1.43417e-10 -1.1841e-10 -3.56311e-14)
(-1.43261e-10 -1.18249e-10 -1.98599e-14)
(-2.85376e-11 -2.31138e-11 -1.75235e-15)
(-2.85271e-11 -2.31024e-11 -4.67293e-15)
(-2.84955e-11 -2.30717e-11 -9.92997e-15)
(-2.84593e-11 -2.3022e-11 -6.42528e-15)
(-5.57247e-12 -4.42141e-12 0)
(-5.56779e-12 -4.42141e-12 0)
(-5.55845e-12 -4.42524e-12 -1.16823e-15)
(-5.54677e-12 -4.40993e-12 -1.75235e-15)
(-1.06543e-12 -8.3069e-13 0)
(-1.06543e-12 -8.3069e-13 0)
(-1.06776e-12 -8.34518e-13 1.16823e-15)
(-1.06192e-12 -8.34518e-13 0)
(-1.99768e-13 -1.56951e-13 0)
(-1.97431e-13 -1.56951e-13 -5.84116e-16)
(-2.03272e-13 -1.49294e-13 0)
(-2.00936e-13 -1.56951e-13 5.84116e-16)
(-3.62152e-14 -3.44526e-14 0)
(-3.85517e-14 -3.82806e-14 0)
(-3.5047e-14 -2.67964e-14 -1.75235e-15)
(-3.85517e-14 -3.06245e-14 5.84116e-16)
(-9.34586e-15 -7.65613e-15 0)
(-7.00939e-15 -7.65613e-15 0)
(-7.00939e-15 -7.65613e-15 0)
(-8.17763e-15 -3.82806e-15 -1.16823e-15)
(-2.33646e-15 0 0)
(-4.67293e-15 -3.82806e-15 1.16823e-15)
(0 -3.82806e-15 0)
(0 -3.82806e-15 0)
(0 0 0)
(0 0 0)
(-2.33646e-15 -3.82806e-15 1.16823e-15)
(-1.16823e-15 -3.82806e-15 0)
(-1.16823e-15 3.82806e-15 0)
(0 0 5.84116e-16)
(-1.16823e-15 0 0)
(0 0 0)
(1.16823e-15 3.82806e-15 5.84116e-16)
(-1.16823e-15 0 0)
(1.16823e-15 3.82806e-15 -5.84116e-16)
(0 0 5.84116e-16)
(0 0 -5.84116e-16)
(0 7.65613e-15 0)
(0 0 5.84116e-16)
(0 0 0)
(0 0 0)
(3.5047e-15 -3.82806e-15 1.16823e-15)
(0 0 -1.16823e-15)
(-2.33646e-15 3.82806e-15 -5.84116e-16)
(0 0 0)
(-2.33646e-15 -3.82806e-15 1.16823e-15)
(0 0 -1.16823e-15)
(2.33646e-15 0 0)
(0 0 0)
(2.33646e-15 0 0)
(2.33646e-15 0 0)
(0 0 0)
(2.33646e-15 -3.82806e-15 0)
(0 -3.82806e-15 0)
(0 -3.82806e-15 -1.16823e-15)
(-2.33646e-15 3.82806e-15 -5.84116e-16)
(-2.33646e-15 -3.82806e-15 0)
(-2.33646e-15 -3.82806e-15 0)
(-2.33646e-15 -3.82806e-15 0)
(2.33646e-15 0 -1.16823e-15)
(-1.16823e-15 3.82806e-15 0)
(0 0 5.84116e-16)
(0 0 0)
(0 0 0)
(1.16823e-15 3.82806e-15 0)
(-1.16823e-15 0 5.84116e-16)
(2.33646e-15 -3.82806e-15 1.16823e-15)
(1.16823e-15 -3.82806e-15 0)
(0 0 0)
(0 3.82806e-15 -5.84116e-16)
(-3.5047e-15 0 5.84116e-16)
(-1.16823e-15 0 0)
(0 0 0)
(1.16823e-15 0 0)
(1.16823e-15 3.82806e-15 0)
(0 -3.82806e-15 1.16823e-15)
(-0.00967503 -0.000753378 -3.31806e-09)
(-0.00923964 -0.000127631 -3.82254e-09)
(-0.00916451 -2.19947e-05 -3.84996e-09)
(-0.00915167 -3.2487e-06 -3.95901e-09)
(-0.00915151 3.04428e-06 -2.56253e-09)
(-0.00916384 2.13833e-05 -4.51874e-09)
(-0.00923705 0.000125399 -2.8872e-09)
(-0.00966544 0.000745042 -3.36899e-09)
(-0.009675 -0.00075338 -2.82108e-08)
(-0.00923961 -0.000127632 -2.55178e-08)
(-0.00916448 -2.1995e-05 -2.50936e-08)
(-0.00915163 -3.24612e-06 -2.47015e-08)
(-0.00915149 3.04316e-06 -2.30557e-08)
(-0.00916381 2.13827e-05 -2.59358e-08)
(-0.00923702 0.000125402 -2.26004e-08)
(-0.00966541 0.000745009 -2.43677e-08)
(-0.00967481 -0.000753355 -6.82401e-08)
(-0.00923944 -0.000127625 -6.19664e-08)
(-0.00916431 -2.1993e-05 -5.84424e-08)
(-0.00915147 -3.24462e-06 -5.63756e-08)
(-0.00915133 3.04181e-06 -5.98073e-08)
(-0.00916364 2.13843e-05 -5.62906e-08)
(-0.00923686 0.000125403 -5.81801e-08)
(-0.00966525 0.000745004 -5.42864e-08)
(-0.00967446 -0.000753303 -4.33474e-08)
(-0.00923912 -0.000127613 -4.02711e-08)
(-0.00916401 -2.19838e-05 -3.71987e-08)
(-0.00915118 -3.24885e-06 -3.56331e-08)
(-0.00915101 3.04333e-06 -3.93142e-08)
(-0.00916336 2.1386e-05 -3.48735e-08)
(-0.00923656 0.000125406 -3.84668e-08)
(-0.00966498 0.000745087 -3.32877e-08)
(-0.00291389 0.00256673 -7.82833e-09)
(-0.00291386 0.00256667 -1.2998e-08)
(-0.00291382 0.00256663 -4.34388e-09)
(-0.00291381 0.00256663 8.25805e-10)
(-0.000610239 0.000561644 -2.74671e-09)
(-0.000610225 0.000561622 -4.49728e-09)
(-0.000610216 0.000561608 3.87071e-09)
(-0.00061021 0.000561653 5.62128e-09)
(-0.000133318 0.000125775 -8.64824e-10)
(-0.000133313 0.000125768 -1.52968e-09)
(-0.00013331 0.000125763 2.98301e-09)
(-0.000133318 0.000125792 3.64786e-09)
(-2.98508e-05 2.83727e-05 -2.52373e-10)
(-2.98492e-05 2.83706e-05 -4.97552e-10)
(-2.98481e-05 2.83687e-05 1.26034e-09)
(-2.98544e-05 2.83807e-05 1.50552e-09)
(-6.73973e-06 6.37186e-06 -7.04497e-11)
(-6.73927e-06 6.3713e-06 -1.56591e-10)
(-6.73884e-06 6.37061e-06 4.07894e-10)
(-6.74157e-06 6.37456e-06 4.94034e-10)
(-1.51584e-06 1.41373e-06 -1.9128e-11)
(-1.51571e-06 1.41358e-06 -4.86832e-11)
(-1.51556e-06 1.41334e-06 1.0982e-10)
(-1.51648e-06 1.41445e-06 1.39376e-10)
(-3.36917e-07 3.08501e-07 -5.1519e-12)
(-3.36881e-07 3.0846e-07 -1.49732e-11)
(-3.36829e-07 3.08381e-07 2.49587e-11)
(-3.37092e-07 3.0866e-07 3.47789e-11)
(-7.3658e-08 6.60609e-08 -1.38377e-12)
(-7.36485e-08 6.60498e-08 -4.5748e-12)
(-7.36308e-08 6.60243e-08 4.50938e-12)
(-7.36975e-08 6.60859e-08 7.69923e-12)
(-1.58015e-08 1.3869e-08 -3.7325e-13)
(-1.5799e-08 1.3866e-08 -1.37501e-12)
(-1.57932e-08 1.3858e-08 4.66709e-13)
(-1.58082e-08 1.38698e-08 1.47022e-12)
(-3.32315e-09 2.85467e-09 -9.87156e-14)
(-3.32246e-09 2.85387e-09 -4.05961e-13)
(-3.32064e-09 2.85142e-09 -9.17062e-14)
(-3.32356e-09 2.85314e-09 2.15539e-13)
(-6.85103e-10 5.76388e-10 -2.68693e-14)
(-6.84919e-10 5.76169e-10 -1.17991e-13)
(-6.84359e-10 5.75446e-10 -7.94398e-14)
(-6.84803e-10 5.75534e-10 1.05141e-14)
(-1.38528e-10 1.14268e-10 -8.76174e-15)
(-1.38478e-10 1.14199e-10 -3.44628e-14)
(-1.38314e-10 1.13992e-10 -3.32946e-14)
(-1.38346e-10 1.13931e-10 -8.17763e-15)
(-2.74978e-11 2.22755e-11 -2.33646e-15)
(-2.74838e-11 2.22564e-11 -9.34586e-15)
(-2.74348e-11 2.21913e-11 -1.34347e-14)
(-2.74231e-11 2.2153e-11 -4.67293e-15)
(-5.36686e-12 4.27595e-12 -1.16823e-15)
(-5.36335e-12 4.26446e-12 -4.08881e-15)
(-5.34817e-12 4.24532e-12 -3.5047e-15)
(-5.33765e-12 4.23767e-12 -1.16823e-15)
(-1.03155e-12 8.07721e-13 0)
(-1.02804e-12 8.07721e-13 -1.16823e-15)
(-1.02454e-12 8.00065e-13 -5.84116e-16)
(-1.0222e-12 8.00065e-13 0)
(-1.95095e-13 1.53123e-13 0)
(-1.97431e-13 1.49294e-13 -1.16823e-15)
(-1.95095e-13 1.53123e-13 1.16823e-15)
(-1.95095e-13 1.49294e-13 -1.16823e-15)
(-3.85517e-14 2.67964e-14 -1.16823e-15)
(-3.62152e-14 1.91403e-14 -1.75235e-15)
(-3.97199e-14 1.14842e-14 0)
(-3.85517e-14 1.91403e-14 1.16823e-15)
(-5.84116e-15 0 0)
(-5.84116e-15 0 -5.84116e-16)
(-3.5047e-15 -7.65613e-15 -1.16823e-15)
(-3.5047e-15 -3.82806e-15 1.16823e-15)
(0 0 0)
(0 0 0)
(1.16823e-15 0 0)
(0 0 0)
(0 0 0)
(0 0 0)
(-1.16823e-15 -3.82806e-15 -5.84116e-16)
(0 0 5.84116e-16)
(0 3.82806e-15 -5.84116e-16)
(2.33646e-15 3.82806e-15 0)
(1.16823e-15 0 -1.75235e-15)
(-2.33646e-15 -3.82806e-15 0)
(0 0 0)
(-2.33646e-15 0 0)
(-1.16823e-15 -3.82806e-15 0)
(2.33646e-15 0 0)
(0 0 0)
(0 0 0)
(0 -3.82806e-15 -5.84116e-16)
(0 -3.82806e-15 0)
(0 -3.82806e-15 0)
(0 0 5.84116e-16)
(0 -3.82806e-15 0)
(1.16823e-15 0 0)
(0 0 0)
(0 0 0)
(0 0 1.16823e-15)
(-1.16823e-15 7.65613e-15 1.16823e-15)
(2.33646e-15 3.82806e-15 0)
(0 0 -1.16823e-15)
(0 -3.82806e-15 -5.84116e-16)
(-2.33646e-15 -3.82806e-15 0)
(-2.33646e-15 3.82806e-15 0)
(0 0 -1.16823e-15)
(0 -3.82806e-15 -5.84116e-16)
(2.33646e-15 -3.82806e-15 0)
(0 0 0)
(-1.16823e-15 -3.82806e-15 -5.84116e-16)
(1.16823e-15 -3.82806e-15 5.84116e-16)
(-2.33646e-15 0 0)
(0 0 0)
(0 -3.82806e-15 -5.84116e-16)
(0 0 0)
(0 -3.82806e-15 0)
(0 0 0)
(1.16823e-15 0 0)
(-1.16823e-15 -3.82806e-15 0)
(2.33646e-15 0 0)
(0 0 0)
(0 0 -5.84116e-16)
(0 -7.65613e-15 0)
(0 0 5.84116e-16)
(0 0 0)
(0 -3.82806e-15 -5.84116e-16)
(1.16823e-15 0 5.84116e-16)
(0 0 0)
(-1.79637 -2.60484 4.50374e-07)
(-1.79637 -2.60484 4.21649e-07)
(-1.79637 -2.60484 -5.24655e-07)
(-1.79637 -2.60484 -4.9593e-07)
(-0.55092 -0.984728 5.9214e-07)
(-0.55092 -0.984733 6.50171e-07)
(-0.55092 -0.984733 -4.66602e-07)
(-0.55092 -0.984729 -5.24633e-07)
(-0.205597 -0.401159 4.6579e-07)
(-0.205597 -0.401162 5.50584e-07)
(-0.205597 -0.401163 -3.48364e-07)
(-0.205597 -0.40116 -4.33158e-07)
(-0.084638 -0.162342 2.8858e-07)
(-0.0846387 -0.162344 3.56165e-07)
(-0.0846388 -0.162345 -2.50399e-07)
(-0.0846383 -0.162342 -3.17984e-07)
(-0.0349187 -0.0626065 1.51173e-07)
(-0.0349191 -0.0626077 1.91724e-07)
(-0.0349192 -0.062608 -1.61507e-07)
(-0.0349188 -0.0626064 -2.02058e-07)
(-0.0137299 -0.0226673 6.93091e-08)
(-0.0137302 -0.0226678 8.92369e-08)
(-0.0137302 -0.022668 -9.08636e-08)
(-0.0137299 -0.0226671 -1.10791e-07)
(-0.00505479 -0.00768677 2.83675e-08)
(-0.00505491 -0.007687 3.67194e-08)
(-0.00505494 -0.00768706 -4.4928e-08)
(-0.00505477 -0.00768664 -5.32798e-08)
(-0.00173781 -0.00244812 1.05176e-08)
(-0.00173786 -0.0024482 1.35114e-08)
(-0.00173787 -0.00244823 -1.98713e-08)
(-0.00173778 -0.00244804 -2.28652e-08)
(-0.000559656 -0.000735544 3.56015e-09)
(-0.000559674 -0.000735573 4.47174e-09)
(-0.00055968 -0.00073558 -8.00038e-09)
(-0.000559641 -0.000735509 -8.91197e-09)
(-0.000169679 -0.000209496 1.10751e-09)
(-0.000169686 -0.000209505 1.32632e-09)
(-0.000169687 -0.000209507 -2.98184e-09)
(-0.000169672 -0.000209481 -3.20065e-09)
(-4.86881e-05 -5.68274e-05 3.16369e-10)
(-4.86901e-05 -5.683e-05 3.46629e-10)
(-4.86906e-05 -5.68302e-05 -1.04375e-09)
(-4.86849e-05 -5.68216e-05 -1.07401e-09)
(-1.32886e-05 -1.47439e-05 8.2736e-11)
(-1.32892e-05 -1.47445e-05 7.56582e-11)
(-1.32893e-05 -1.47445e-05 -3.47675e-10)
(-1.32874e-05 -1.47418e-05 -3.40596e-10)
(-3.46559e-06 -3.67289e-06 1.94429e-11)
(-3.46574e-06 -3.67305e-06 1.13091e-11)
(-3.46574e-06 -3.67298e-06 -1.11339e-10)
(-3.46512e-06 -3.67216e-06 -1.03204e-10)
(-8.67105e-07 -8.81533e-07 3.94804e-12)
(-8.67143e-07 -8.81565e-07 -4.80728e-13)
(-8.6713e-07 -8.8153e-07 -3.4575e-11)
(-8.66941e-07 -8.81288e-07 -3.01439e-11)
(-2.08894e-07 -2.04471e-07 5.99887e-13)
(-2.08901e-07 -2.04476e-07 -1.31134e-12)
(-2.08894e-07 -2.04461e-07 -1.04691e-11)
(-2.08838e-07 -2.04392e-07 -8.55847e-12)
(-4.8609e-08 -4.59592e-08 1.81076e-14)
(-4.86103e-08 -4.59593e-08 -7.07949e-13)
(-4.8607e-08 -4.59535e-08 -3.10458e-12)
(-4.85912e-08 -4.59345e-08 -2.37735e-12)
(-1.09565e-08 -1.0035e-08 -3.62152e-14)
(-1.09566e-08 -1.00348e-08 -2.90306e-13)
(-1.09553e-08 -1.00327e-08 -9.03043e-13)
(-1.09509e-08 -1.00275e-08 -6.48953e-13)
(-2.39818e-09 -2.13318e-09 -1.86917e-14)
(-2.39812e-09 -2.13302e-09 -1.03973e-13)
(-2.39766e-09 -2.13234e-09 -2.58763e-13)
(-2.39646e-09 -2.13095e-09 -1.74067e-13)
(-5.10884e-10 -4.4234e-10 -7.59351e-15)
(-5.10853e-10 -4.42279e-10 -3.38787e-14)
(-5.10696e-10 -4.42072e-10 -7.18463e-14)
(-5.10375e-10 -4.41701e-10 -4.67293e-14)
(-1.06141e-10 -8.96379e-11 -2.92058e-15)
(-1.06127e-10 -8.9615e-11 -1.05141e-14)
(-1.06081e-10 -8.95537e-11 -1.98599e-14)
(-1.05994e-10 -8.94542e-11 -1.22664e-14)
(-2.15445e-11 -1.77814e-11 -5.84116e-16)
(-2.1541e-11 -1.77699e-11 -3.5047e-15)
(-2.15247e-11 -1.77507e-11 -5.25704e-15)
(-2.15001e-11 -1.77316e-11 -2.33646e-15)
(-4.28157e-12 -3.45291e-12 0)
(-4.27807e-12 -3.44908e-12 -5.84116e-16)
(-4.27223e-12 -3.44908e-12 0)
(-4.26989e-12 -3.44908e-12 0)
(-8.31781e-13 -6.58427e-13 0)
(-8.31781e-13 -6.58427e-13 0)
(-8.3295e-13 -6.62255e-13 0)
(-8.3295e-13 -6.54599e-13 -5.84116e-16)
(-1.61216e-13 -1.22498e-13 0)
(-1.61216e-13 -1.22498e-13 0)
(-1.5888e-13 -1.22498e-13 -1.16823e-15)
(-1.60048e-13 -1.1867e-13 0)
(-2.92058e-14 -1.91403e-14 0)
(-3.0374e-14 -1.53123e-14 0)
(-3.0374e-14 -2.29684e-14 -1.16823e-15)
(-3.15423e-14 -1.14842e-14 -1.16823e-15)
(-5.84116e-15 0 0)
(-4.67293e-15 3.82806e-15 -5.84116e-16)
(-5.84116e-15 0 5.84116e-16)
(-3.5047e-15 3.82806e-15 -5.84116e-16)
(0 0 0)
(0 0 0)
(0 0 -5.84116e-16)
(2.33646e-15 3.82806e-15 0)
(0 0 0)
(0 0 0)
(0 3.82806e-15 0)
(0 0 0)
(0 0 -5.84116e-16)
(0 0 0)
(0 0 0)
(0 0 0)
(0 0 0)
(0 0 0)
(0 0 -5.84116e-16)
(-2.33646e-15 3.82806e-15 0)
(0 0 0)
(0 0 0)
(-1.16823e-15 3.82806e-15 -5.84116e-16)
(2.33646e-15 3.82806e-15 0)
(0 0 0)
(-1.16823e-15 3.82806e-15 -5.84116e-16)
(1.16823e-15 0 5.84116e-16)
(0 0 0)
(0 0 0)
(1.16823e-15 0 0)
(-1.16823e-15 3.82806e-15 -5.84116e-16)
(-4.67293e-15 3.82806e-15 0)
(-1.16823e-15 3.82806e-15 0)
(-1.16823e-15 3.82806e-15 0)
(1.16823e-15 3.82806e-15 -1.16823e-15)
(2.33646e-15 7.65613e-15 0)
(1.16823e-15 0 0)
(0 3.82806e-15 -5.84116e-16)
(0 0 0)
(-2.33646e-15 3.82806e-15 0)
(0 0 0)
(1.16823e-15 0 0)
(0 3.82806e-15 -1.75235e-15)
(0 7.65613e-15 0)
(0 0 0)
(0 0 0)
(0 0 -5.84116e-16)
(0 7.65613e-15 -1.16823e-15)
(0 0 0)
(0 3.82806e-15 -5.84116e-16)
(0 3.82806e-15 0)
(2.33646e-15 3.82806e-15 0)
(-1.16823e-15 0 0)
(0 0 0)
(0 0 0)
(0 3.82806e-15 -5.84116e-16)
(1.16823e-15 1.14842e-14 1.16823e-15)
(0 3.82806e-15 1.16823e-15)
(0 3.82806e-15 0)
(2.33646e-15 3.82806e-15 0)
)
;
    }
    front
    {
        type            symmetryPlane;
    }
    back
    {
        type            symmetryPlane;
    }
}


// ************************************************************************* //
