/*--------------------------------*- C++ -*----------------------------------*\
| =========                 |                                                 |
| \\      /  F ield         | OpenFOAM: The Open Source CFD Toolbox           |
|  \\    /   O peration     | Version:                                        |
|   \\  /    A nd           | Website:  www.openfoam.com                      |
|    \\/     M anipulation  |                                                 |
\*---------------------------------------------------------------------------*/
FoamFile
{
    version     2.0;
    format      ascii;
    class       volVectorField;
    location    "0.9";
    object      flux;
}
// * * * * * * * * * * * * * * * * * * * * * * * * * * * * * * * * * * * * * //

dimensions      [0 1 -1 1 0 0 0];


internalField   nonuniform List<vector> 
4352
(
(-1.73274 1.69686 -8.53325e-09)
(-0.509962 0.925882 -1.68908e-08)
(-0.194267 0.565379 -1.93821e-08)
(-0.0954319 0.366607 -1.87171e-08)
(-0.056008 0.243574 -1.63858e-08)
(-0.036121 0.162198 -1.35518e-08)
(-0.024201 0.106787 -1.08717e-08)
(-0.0163105 0.068907 -8.605e-09)
(-1.03203 0.475548 -2.13265e-09)
(-0.621521 0.519707 6.63284e-09)
(-0.365008 0.410193 1.7781e-08)
(-0.226373 0.298855 2.69168e-08)
(-0.1484 0.210471 3.16032e-08)
(-0.100666 0.144548 3.14635e-08)
(-0.0690905 0.0967205 2.76782e-08)
(-0.0471365 0.0628461 2.25457e-08)
(-0.737489 0.162605 3.80457e-09)
(-0.575317 0.271309 1.57061e-08)
(-0.415119 0.263064 3.05059e-08)
(-0.295154 0.215746 4.28024e-08)
(-0.210315 0.163011 4.91818e-08)
(-0.149871 0.116648 4.84354e-08)
(-0.105903 0.0796953 4.1495e-08)
(-0.0734864 0.0520193 3.11387e-08)
(-0.598117 0.06747 5.24682e-09)
(-0.521062 0.143582 3.20707e-08)
(-0.420571 0.160651 5.93681e-08)
(-0.326426 0.144895 7.89946e-08)
(-0.247499 0.11643 8.6534e-08)
(-0.183982 0.0862685 8.13259e-08)
(-0.133719 0.0594697 6.63797e-08)
(-0.0943943 0.038021 4.94982e-08)
(-0.526437 0.0322873 1.19835e-08)
(-0.482136 0.0781091 4.07639e-08)
(-0.413806 0.0959067 6.93622e-08)
(-0.339376 0.0925721 9.03093e-08)
(-0.268941 0.0776186 9.90496e-08)
(-0.206831 0.0581888 9.42011e-08)
(-0.154151 0.0386535 7.69183e-08)
(-0.110453 0.0217095 5.19758e-08)
(-0.48772 0.0167797 9.91204e-09)
(-0.457443 0.0432843 4.50899e-08)
(-0.406108 0.0562178 7.94268e-08)
(-0.344714 0.0565074 1.03535e-07)
(-0.281882 0.0479783 1.11867e-07)
(-0.222947 0.0343478 1.01276e-07)
(-0.170198 0.0183572 7.18628e-08)
(-0.123545 0.00255334 3.64282e-08)
(-0.466373 0.0090432 1.42756e-08)
(-0.442698 0.0240564 4.77185e-08)
(-0.400583 0.0321572 8.02339e-08)
(-0.347615 0.032686 1.0532e-07)
(-0.291101 0.026698 1.20329e-07)
(-0.236452 0.015358 1.25363e-07)
(-0.185945 -0.000896165 1.25906e-07)
(-0.137408 -0.021514 1.40192e-07)
(-0.454621 0.00490545 1.14297e-08)
(-0.434329 0.0132136 4.53078e-08)
(-0.397479 0.0177884 7.94535e-08)
(-0.350174 0.0176928 1.0861e-07)
(-0.29921 0.0127104 1.31123e-07)
(-0.250541 0.00223293 1.47162e-07)
(-0.20707 -0.0164579 1.54725e-07)
(-0.16095 -0.0522184 1.43317e-07)
(-1.73274 1.69686 -2.86935e-09)
(-0.509962 0.925882 1.18107e-08)
(-0.194267 0.565379 3.03863e-08)
(-0.0954319 0.366607 4.72071e-08)
(-0.056008 0.243574 5.97444e-08)
(-0.036121 0.162198 6.68477e-08)
(-0.024201 0.106787 6.85816e-08)
(-0.0163104 0.068907 6.55126e-08)
(-1.03203 0.475548 5.11278e-08)
(-0.621521 0.519707 1.45736e-07)
(-0.365008 0.410193 2.25711e-07)
(-0.226373 0.298856 2.82448e-07)
(-0.1484 0.210471 3.12454e-07)
(-0.100666 0.144549 3.17669e-07)
(-0.0690905 0.0967206 3.02791e-07)
(-0.0471365 0.0628462 2.74167e-07)
(-0.737489 0.162605 6.93577e-08)
(-0.575317 0.271309 2.15689e-07)
(-0.415119 0.263064 3.42681e-07)
(-0.295154 0.215746 4.34873e-07)
(-0.210315 0.163011 4.86188e-07)
(-0.149871 0.116648 4.97986e-07)
(-0.105903 0.0796953 4.76641e-07)
(-0.0734864 0.0520193 4.30546e-07)
(-0.598116 0.06747 1.03702e-07)
(-0.521062 0.143582 3.04062e-07)
(-0.420571 0.160652 4.7219e-07)
(-0.326426 0.144895 5.90045e-07)
(-0.247499 0.11643 6.51454e-07)
(-0.183982 0.0862686 6.60577e-07)
(-0.133719 0.0594698 6.27977e-07)
(-0.0943943 0.038021 5.68551e-07)
(-0.526437 0.0322873 1.08096e-07)
(-0.482136 0.0781091 3.24105e-07)
(-0.413806 0.0959068 5.06881e-07)
(-0.339376 0.0925722 6.36357e-07)
(-0.268941 0.0776186 7.05695e-07)
(-0.206831 0.0581888 7.18353e-07)
(-0.154151 0.0386535 6.83493e-07)
(-0.110453 0.0217094 6.12189e-07)
(-0.48772 0.0167797 1.14219e-07)
(-0.457443 0.0432843 3.36673e-07)
(-0.406108 0.0562178 5.21389e-07)
(-0.344714 0.0565075 6.47769e-07)
(-0.281882 0.0479783 7.0899e-07)
(-0.222947 0.0343479 7.08545e-07)
(-0.170198 0.0183573 6.57429e-07)
(-0.123545 0.00255352 5.78304e-07)
(-0.466373 0.0090432 1.02966e-07)
(-0.442697 0.0240564 3.04587e-07)
(-0.400583 0.0321572 4.7142e-07)
(-0.347615 0.032686 5.84784e-07)
(-0.291101 0.026698 6.4012e-07)
(-0.236452 0.0153581 6.42754e-07)
(-0.185945 -0.000895999 6.08414e-07)
(-0.137408 -0.0215138 5.63329e-07)
(-0.45462 0.00490545 9.05805e-08)
(-0.434329 0.0132136 2.65704e-07)
(-0.397479 0.0177884 4.06879e-07)
(-0.350174 0.0176928 4.9766e-07)
(-0.29921 0.0127103 5.32774e-07)
(-0.250541 0.00223293 5.1672e-07)
(-0.20707 -0.0164579 4.56741e-07)
(-0.16095 -0.0522185 3.549e-07)
(-1.73274 1.69686 1.34188e-08)
(-0.509962 0.925883 5.15716e-08)
(-0.194267 0.56538 9.77243e-08)
(-0.0954318 0.366608 1.38794e-07)
(-0.056008 0.243575 1.70504e-07)
(-0.0361209 0.162199 1.91964e-07)
(-0.024201 0.106788 2.02617e-07)
(-0.0163105 0.0689076 2.0186e-07)
(-1.03203 0.475548 1.37562e-07)
(-0.621521 0.519708 3.87691e-07)
(-0.365008 0.410194 5.87135e-07)
(-0.226373 0.298856 7.28853e-07)
(-0.1484 0.210472 8.12365e-07)
(-0.100666 0.144549 8.42754e-07)
(-0.0690905 0.0967213 8.2763e-07)
(-0.0471367 0.0628468 7.72607e-07)
(-0.737489 0.162605 2.20515e-07)
(-0.575317 0.271309 6.14649e-07)
(-0.415118 0.263065 9.40001e-07)
(-0.295154 0.215746 1.17341e-06)
(-0.210315 0.163012 1.31153e-06)
(-0.149871 0.116648 1.36432e-06)
(-0.105903 0.0796959 1.34566e-06)
(-0.0734866 0.0520198 1.26589e-06)
(-0.598116 0.0674701 2.89964e-07)
(-0.521061 0.143582 8.032e-07)
(-0.420571 0.160652 1.21263e-06)
(-0.326426 0.144895 1.50328e-06)
(-0.247499 0.11643 1.67775e-06)
(-0.183982 0.086269 1.75186e-06)
(-0.133719 0.0594701 1.74296e-06)
(-0.0943945 0.0380213 1.65338e-06)
(-0.526436 0.0322873 3.05892e-07)
(-0.482135 0.0781092 8.50473e-07)
(-0.413806 0.0959068 1.29184e-06)
(-0.339375 0.0925723 1.60618e-06)
(-0.268941 0.0776187 1.79591e-06)
(-0.206831 0.0581889 1.88097e-06)
(-0.154151 0.0386535 1.88555e-06)
(-0.110453 0.0217095 1.81859e-06)
(-0.487719 0.0167797 3.08857e-07)
(-0.457442 0.0432843 8.50857e-07)
(-0.406108 0.0562177 1.27807e-06)
(-0.344714 0.0565073 1.57459e-06)
(-0.281882 0.0479782 1.74867e-06)
(-0.222947 0.0343477 1.83061e-06)
(-0.170198 0.018357 1.85701e-06)
(-0.123545 0.00255325 1.823e-06)
(-0.466372 0.00904315 2.72843e-07)
(-0.442697 0.0240563 7.50971e-07)
(-0.400583 0.032157 1.12189e-06)
(-0.347615 0.0326857 1.36249e-06)
(-0.291101 0.0266976 1.4726e-06)
(-0.236452 0.0153577 1.47214e-06)
(-0.185945 -0.000896566 1.38026e-06)
(-0.137408 -0.0215144 1.16328e-06)
(-0.45462 0.00490539 2.29618e-07)
(-0.434328 0.0132134 6.22178e-07)
(-0.397478 0.0177881 9.04939e-07)
(-0.350173 0.0176924 1.05119e-06)
(-0.29921 0.0127099 1.05297e-06)
(-0.250541 0.00223239 9.20373e-07)
(-0.20707 -0.0164586 6.8191e-07)
(-0.16095 -0.0522192 3.95385e-07)
(-1.73274 1.69686 7.75488e-09)
(-0.509962 0.925883 2.28701e-08)
(-0.194267 0.565381 4.79559e-08)
(-0.0954317 0.366609 7.28696e-08)
(-0.0560079 0.243576 9.4374e-08)
(-0.0361209 0.1622 1.11564e-07)
(-0.0242009 0.106789 1.23164e-07)
(-0.0163105 0.0689089 1.27742e-07)
(-1.03203 0.475549 8.43013e-08)
(-0.62152 0.519708 2.48588e-07)
(-0.365007 0.410195 3.79204e-07)
(-0.226373 0.298858 4.73322e-07)
(-0.1484 0.210473 5.31514e-07)
(-0.100666 0.144551 5.56549e-07)
(-0.0690906 0.0967229 5.52517e-07)
(-0.0471368 0.0628483 5.20986e-07)
(-0.737487 0.162606 1.54962e-07)
(-0.575316 0.27131 4.14666e-07)
(-0.415118 0.263066 6.27826e-07)
(-0.295153 0.215748 7.8134e-07)
(-0.210315 0.163013 8.74529e-07)
(-0.149871 0.116649 9.14768e-07)
(-0.105903 0.0796972 9.10516e-07)
(-0.0734869 0.0520211 8.66486e-07)
(-0.598114 0.0674702 1.91509e-07)
(-0.52106 0.143583 5.31208e-07)
(-0.42057 0.160652 7.99812e-07)
(-0.326425 0.144896 9.92234e-07)
(-0.247498 0.116431 1.11283e-06)
(-0.183982 0.0862697 1.17261e-06)
(-0.133719 0.0594709 1.18136e-06)
(-0.0943949 0.0380221 1.13433e-06)
(-0.526435 0.0322873 2.0978e-07)
(-0.482134 0.0781092 5.67132e-07)
(-0.413805 0.0959069 8.54322e-07)
(-0.339375 0.0925723 1.06014e-06)
(-0.268941 0.0776188 1.18926e-06)
(-0.206831 0.058189 1.25681e-06)
(-0.154151 0.0386537 1.27898e-06)
(-0.110453 0.0217098 1.25838e-06)
(-0.487718 0.0167796 2.0455e-07)
(-0.457441 0.0432841 5.59274e-07)
(-0.406107 0.0562175 8.36111e-07)
(-0.344713 0.056507 1.03035e-06)
(-0.281882 0.0479777 1.15155e-06)
(-0.222947 0.0343471 1.22334e-06)
(-0.170198 0.0183562 1.27145e-06)
(-0.123546 0.00255221 1.28113e-06)
(-0.466371 0.00904304 1.84152e-07)
(-0.442696 0.024056 4.94102e-07)
(-0.400582 0.0321564 7.30708e-07)
(-0.347614 0.032685 8.83022e-07)
(-0.291101 0.0266966 9.52813e-07)
(-0.236453 0.0153563 9.54747e-07)
(-0.185946 -0.000898349 8.97756e-07)
(-0.137409 -0.0215166 7.40145e-07)
(-0.454619 0.00490525 1.50468e-07)
(-0.434327 0.013213 4.01781e-07)
(-0.397478 0.0177875 5.77513e-07)
(-0.350173 0.0176916 6.62145e-07)
(-0.29921 0.0127088 6.51321e-07)
(-0.250542 0.002231 5.50815e-07)
(-0.207071 -0.0164602 3.79894e-07)
(-0.160951 -0.0522206 1.83802e-07)
(-0.0108552 0.0433401 -6.51983e-09)
(-0.00705783 0.0264895 -4.35942e-09)
(-0.00445684 0.0157132 -2.39668e-09)
(-0.00272613 0.0090445 -9.15607e-10)
(-0.00161404 0.00505393 -2.63284e-11)
(-0.000925285 0.0027435 3.88151e-10)
(-0.000514032 0.00144799 4.87199e-10)
(-0.000277015 0.000743637 4.3334e-10)
(-0.000144967 0.000371905 3.24907e-10)
(-7.37453e-05 0.00018126 2.19771e-10)
(-3.65013e-05 8.61537e-05 1.36951e-10)
(-1.75945e-05 3.99613e-05 8.03341e-11)
(-8.2662e-06 1.81001e-05 4.45605e-11)
(-3.78819e-06 8.01057e-06 2.36485e-11)
(-1.69465e-06 3.4662e-06 1.20118e-11)
(-7.4055e-07 1.46725e-06 5.88497e-12)
(-3.16339e-07 6.07949e-07 2.77981e-12)
(-1.32178e-07 2.46708e-07 1.27454e-12)
(-5.40561e-08 9.81047e-08 5.62504e-13)
(-2.16509e-08 3.82489e-08 2.42992e-13)
(-8.49775e-09 1.46284e-08 1.0222e-13)
(-3.27023e-09 5.4909e-09 4.08881e-14)
(-1.23463e-09 2.02382e-09 1.63553e-14)
(-4.57515e-10 7.32806e-10 7.00939e-15)
(-1.66499e-10 2.60795e-10 1.75235e-15)
(-5.95366e-11 9.12611e-11 5.84116e-16)
(-2.09254e-11 3.14138e-11 5.84116e-16)
(-7.2372e-12 1.06426e-11 0)
(-2.4603e-12 3.54909e-12 0)
(-8.22435e-13 1.16473e-12 0)
(-2.8388e-13 3.65657e-13 -1.16823e-15)
(-1.15655e-13 7.94398e-14 0)
(-0.0315623 0.0395445 1.83766e-08)
(-0.0205691 0.024076 1.5707e-08)
(-0.0129882 0.0141923 1.37092e-08)
(-0.0079331 0.0081104 1.16128e-08)
(-0.00468696 0.00449936 9.28728e-09)
(-0.00268065 0.00242612 6.94785e-09)
(-0.00148583 0.00127285 4.873e-09)
(-0.000799069 0.000650321 3.2177e-09)
(-0.00041741 0.000323808 2.01252e-09)
(-0.000212007 0.000157233 1.19755e-09)
(-0.000104797 7.45012e-05 6.81284e-10)
(-5.04591e-05 3.44664e-05 3.71698e-10)
(-2.36846e-05 1.55771e-05 1.95179e-10)
(-1.08457e-05 6.88135e-06 9.88482e-11)
(-4.84867e-06 2.97299e-06 4.84115e-11)
(-2.1177e-06 1.25683e-06 2.29599e-11)
(-9.04205e-07 5.20187e-07 1.05684e-11)
(-3.77666e-07 2.10895e-07 4.72433e-12)
(-1.54403e-07 8.37961e-08 2.05492e-12)
(-6.18254e-08 3.26478e-08 8.70917e-13)
(-2.42603e-08 1.24788e-08 3.61568e-13)
(-9.33438e-09 4.68162e-09 1.44277e-13)
(-3.52347e-09 1.72476e-09 5.72434e-14)
(-1.30551e-09 6.24276e-10 2.21964e-14)
(-4.75045e-10 2.2209e-10 8.76174e-15)
(-1.69843e-10 7.76944e-11 1.75235e-15)
(-5.9692e-11 2.67362e-11 1.75235e-15)
(-2.06333e-11 9.0538e-12 1.75235e-15)
(-7.01757e-12 3.01871e-12 -5.84116e-16)
(-2.35983e-12 9.8482e-13 -5.84116e-16)
(-8.00239e-13 3.08413e-13 5.84116e-16)
(-3.29441e-13 7.00939e-14 0)
(-0.0496252 0.0324375 2.19864e-08)
(-0.0324101 0.0194037 1.80878e-08)
(-0.0204225 0.0111948 1.65906e-08)
(-0.0124191 0.00625811 1.49354e-08)
(-0.00729833 0.00340091 1.25032e-08)
(-0.00415179 0.0018005 9.62665e-09)
(-0.00228983 0.000929812 6.87378e-09)
(-0.00122606 0.00046875 4.58698e-09)
(-0.000638055 0.000230806 2.88775e-09)
(-0.000323052 0.000111036 1.72495e-09)
(-0.000159268 5.22072e-05 9.83701e-10)
(-7.65186e-05 2.39981e-05 5.3746e-10)
(-3.58513e-05 1.07882e-05 2.82487e-10)
(-1.63923e-05 4.74456e-06 1.43148e-10)
(-7.31916e-06 2.04215e-06 7.01372e-11)
(-3.19335e-06 8.60602e-07 3.32742e-11)
(-1.36228e-06 3.55241e-07 1.5319e-11)
(-5.68569e-07 1.43695e-07 6.85227e-12)
(-2.32303e-07 5.69845e-08 2.98016e-12)
(-9.29682e-08 2.21647e-08 1.26227e-12)
(-3.64639e-08 8.45976e-09 5.222e-13)
(-1.40243e-08 3.16986e-09 2.10282e-13)
(-5.29197e-09 1.16656e-09 8.41127e-14)
(-1.96019e-09 4.21836e-10 3.21264e-14)
(-7.13082e-10 1.49946e-10 1.22664e-14)
(-2.5489e-10 5.24174e-11 3.5047e-15)
(-8.95649e-11 1.80282e-11 1.75235e-15)
(-3.09535e-11 6.10284e-12 0)
(-1.05281e-11 2.03039e-12 0)
(-3.53624e-12 6.64724e-13 0)
(-1.19861e-12 2.09114e-13 5.84116e-16)
(-4.94162e-13 4.78975e-14 0)
(-0.0641779 0.0225033 4.07646e-08)
(-0.0418119 0.0125586 3.76724e-08)
(-0.0261337 0.00672566 3.46985e-08)
(-0.0157269 0.00349842 2.97941e-08)
(-0.00914457 0.00178016 2.35342e-08)
(-0.00515175 0.000889414 1.72086e-08)
(-0.00281758 0.000436981 1.17596e-08)
(-0.00149807 0.00021118 7.5745e-09)
(-0.000775124 0.000100352 4.63065e-09)
(-0.000390605 4.68627e-05 2.70126e-09)
(-0.000191835 2.14932e-05 1.51013e-09)
(-9.18781e-05 9.67664e-06 8.11735e-10)
(-4.29381e-05 4.27499e-06 4.20746e-10)
(-1.95917e-05 1.85281e-06 2.10754e-10)
(-8.73263e-06 7.87706e-07 1.02232e-10)
(-3.80461e-06 3.28503e-07 4.80955e-11)
(-1.62111e-06 1.34401e-07 2.19803e-11)
(-6.75922e-07 5.39541e-08 9.76993e-12)
(-2.75933e-07 2.12574e-08 4.22666e-12)
(-1.1035e-07 8.22209e-09 1.78272e-12)
(-4.32552e-08 3.12301e-09 7.35986e-13)
(-1.66276e-08 1.16528e-09 2.96731e-13)
(-6.2715e-09 4.27273e-10 1.17991e-13)
(-2.32212e-09 1.54013e-10 4.55611e-14)
(-8.44462e-10 5.45938e-11 1.81076e-14)
(-3.01763e-10 1.90375e-11 6.42528e-15)
(-1.06007e-10 6.53159e-12 1.75235e-15)
(-3.66288e-11 2.20679e-12 1.75235e-15)
(-1.24592e-11 7.34818e-13 5.84116e-16)
(-4.17993e-12 2.40656e-13 5.84116e-16)
(-1.4159e-12 7.82716e-14 -5.84116e-16)
(-5.87621e-13 2.10282e-14 5.84116e-16)
(-0.0750876 0.00950281 2.61788e-08)
(-0.0481877 0.00323002 2.64636e-08)
(-0.0294826 0.000663039 2.92766e-08)
(-0.0173645 -0.000160776 2.77378e-08)
(-0.00990733 -0.000310486 2.29001e-08)
(-0.00549497 -0.000255109 1.7039e-08)
(-0.00296806 -0.000167845 1.17055e-08)
(-0.00156269 -9.87388e-05 7.53543e-09)
(-0.000802373 -5.40615e-05 4.59345e-09)
(-0.00040191 -2.8078e-05 2.6688e-09)
(-0.000196454 -1.39784e-05 1.48584e-09)
(-9.37368e-05 -6.71308e-06 7.95361e-10)
(-4.36751e-05 -3.12289e-06 4.1071e-10)
(-1.98796e-05 -1.41131e-06 2.04991e-10)
(-8.84347e-06 -6.20926e-07 9.91286e-11)
(-3.84665e-06 -2.66395e-07 4.65003e-11)
(-1.63683e-06 -1.11598e-07 2.11993e-11)
(-6.81712e-07 -4.56993e-08 9.40135e-12)
(-2.78035e-07 -1.83104e-08 4.06136e-12)
(-1.11103e-07 -7.18429e-09 1.70971e-12)
(-4.35207e-08 -2.76244e-09 7.05028e-13)
(-1.672e-08 -1.04165e-09 2.8388e-13)
(-6.30324e-09 -3.85433e-10 1.12734e-13)
(-2.33287e-09 -1.4003e-10 4.38087e-14)
(-8.48059e-10 -4.99793e-11 1.86917e-14)
(-3.02952e-10 -1.75363e-11 8.17763e-15)
(-1.06394e-10 -6.05261e-12 2.33646e-15)
(-3.67514e-11 -2.05726e-12 1.75235e-15)
(-1.24931e-11 -6.86921e-13 5.84116e-16)
(-4.19162e-12 -2.21964e-13 5.84116e-16)
(-1.41823e-12 -6.89257e-14 -1.16823e-15)
(-5.93462e-13 -1.5187e-14 5.84116e-16)
(-0.0826573 -0.00859775 4.81102e-08)
(-0.0506516 -0.00957743 5.27026e-08)
(-0.0295245 -0.00717877 4.86505e-08)
(-0.0167005 -0.00460807 3.98777e-08)
(-0.0092389 -0.00271891 2.98875e-08)
(-0.00500911 -0.00151795 2.08536e-08)
(-0.00266121 -0.000812988 1.36986e-08)
(-0.00138429 -0.000420719 8.54177e-09)
(-0.000704463 -0.000211223 5.08345e-09)
(-0.000350522 -0.000103134 2.90065e-09)
(-0.00017047 -4.90556e-05 1.59179e-09)
(-8.10226e-05 -2.27568e-05 8.42566e-10)
(-3.76364e-05 -1.03056e-05 4.31017e-10)
(-1.70897e-05 -4.55944e-06 2.13539e-10)
(-7.58772e-06 -1.9721e-06 1.02601e-10)
(-3.29528e-06 -8.34452e-07 4.7887e-11)
(-1.40042e-06 -3.45611e-07 2.17344e-11)
(-5.82635e-07 -1.40197e-07 9.60637e-12)
(-2.37418e-07 -5.573e-08 4.13729e-12)
(-9.48022e-08 -2.17208e-08 1.73716e-12)
(-3.71125e-08 -8.30468e-09 7.12622e-13)
(-1.42506e-08 -3.11636e-09 2.85633e-13)
(-5.36988e-09 -1.14832e-09 1.13903e-13)
(-1.98667e-09 -4.15699e-10 4.61452e-14)
(-7.21965e-10 -1.47905e-10 1.92758e-14)
(-2.57837e-10 -5.1748e-11 8.76174e-15)
(-9.05286e-11 -1.78097e-11 3.5047e-15)
(-3.12642e-11 -6.03275e-12 1.75235e-15)
(-1.06227e-11 -2.0117e-12 5.84116e-16)
(-3.56311e-12 -6.56546e-13 -5.84116e-16)
(-1.20795e-12 -2.06777e-13 0)
(-5.03508e-13 -4.78975e-14 0)
(-0.0872184 -0.0383009 1.28688e-07)
(-0.0467688 -0.0273503 1.03309e-07)
(-0.0245133 -0.0164988 7.70712e-08)
(-0.0129047 -0.00931478 5.4484e-08)
(-0.00681721 -0.00506514 3.67423e-08)
(-0.00358905 -0.00267827 2.37135e-08)
(-0.00187083 -0.00138167 1.46829e-08)
(-0.000960922 -0.000696207 8.74057e-09)
(-0.000484788 -0.000342796 5.01251e-09)
(-0.000239743 -0.00016496 2.77414e-09)
(-0.000116077 -7.75968e-05 1.48425e-09)
(-5.49868e-05 -3.56879e-05 7.68806e-10)
(-2.54778e-05 -1.6052e-05 3.86093e-10)
(-1.15461e-05 -7.06325e-06 1.8821e-10)
(-5.11848e-06 -3.04165e-06 8.91712e-11)
(-2.22016e-06 -1.28238e-06 4.11019e-11)
(-9.42572e-07 -5.29554e-07 1.84516e-11)
(-3.91831e-07 -2.14281e-07 8.07424e-12)
(-1.5956e-07 -8.5003e-08 3.44745e-12)
(-6.36772e-08 -3.3072e-08 1.43634e-12)
(-2.49163e-08 -1.26259e-08 5.84116e-13)
(-9.56367e-09 -4.73195e-09 2.3131e-13)
(-3.60257e-09 -1.74176e-09 8.99539e-14)
(-1.33245e-09 -6.29941e-10 3.44628e-14)
(-4.84108e-10 -2.23957e-10 1.22664e-14)
(-1.72855e-10 -7.82984e-11 5.25704e-15)
(-6.06815e-11 -2.69313e-11 1.75235e-15)
(-2.09511e-11 -9.11688e-12 1.16823e-15)
(-7.11687e-12 -3.03507e-12 -5.84116e-16)
(-2.38903e-12 -9.96502e-13 -2.92058e-15)
(-8.10753e-13 -3.15423e-13 -1.75235e-15)
(-3.37619e-13 -7.47669e-14 0)
(-0.0884936 -0.10043 7.63415e-08)
(-0.0288496 -0.0488301 5.008e-08)
(-0.011489 -0.0248113 3.43072e-08)
(-0.00526676 -0.0128278 2.31408e-08)
(-0.0026024 -0.00663982 1.51101e-08)
(-0.00132564 -0.00340819 9.51443e-09)
(-0.000679142 -0.00172513 5.77399e-09)
(-0.000345418 -0.000858224 3.38062e-09)
(-0.000173216 -0.000418791 1.91148e-09)
(-8.53231e-05 -0.00020022 1.04531e-09)
(-4.11983e-05 -9.37245e-05 5.53451e-10)
(-1.94778e-05 -4.29448e-05 2.84118e-10)
(-9.0117e-06 -1.92599e-05 1.41549e-10)
(-4.0794e-06 -8.45529e-06 6.85291e-11)
(-1.80685e-06 -3.63437e-06 3.2266e-11)
(-7.83188e-07 -1.52997e-06 1.47927e-11)
(-3.32318e-07 -6.31014e-07 6.60811e-12)
(-1.38084e-07 -2.55075e-07 2.87852e-12)
(-5.6209e-08 -1.01099e-07 1.22372e-12)
(-2.2425e-08 -3.93064e-08 5.09349e-13)
(-8.77244e-09 -1.4997e-08 2.06777e-13)
(-3.36642e-09 -5.61771e-09 8.23604e-14)
(-1.26787e-09 -2.0669e-09 3.15423e-14)
(-4.68866e-10 -7.47261e-10 1.22664e-14)
(-1.70326e-10 -2.65584e-10 4.67293e-15)
(-6.08088e-11 -9.28277e-11 5.84116e-16)
(-2.13471e-11 -3.19184e-11 1.75235e-15)
(-7.36921e-12 -1.07991e-11 5.84116e-16)
(-2.50352e-12 -3.59932e-12 -1.16823e-15)
(-8.42295e-13 -1.17991e-12 0)
(-2.85049e-13 -3.7033e-13 1.16823e-15)
(-1.14487e-13 -8.0608e-14 0)
(-0.0108551 0.0433401 5.89498e-08)
(-0.00705782 0.0264896 5.02312e-08)
(-0.00445684 0.0157132 4.05538e-08)
(-0.00272613 0.00904453 3.09585e-08)
(-0.00161404 0.00505394 2.23648e-08)
(-0.000925284 0.00274352 1.53108e-08)
(-0.000514032 0.001448 9.96759e-09)
(-0.000277015 0.000743644 6.18748e-09)
(-0.000144968 0.00037191 3.67604e-09)
(-7.37457e-05 0.000181263 2.09521e-09)
(-3.65015e-05 8.61553e-05 1.14923e-09)
(-1.75947e-05 3.99622e-05 6.07714e-10)
(-8.26631e-06 1.81005e-05 3.10594e-10)
(-3.78826e-06 8.01082e-06 1.5362e-10)
(-1.69468e-06 3.46632e-06 7.36833e-11)
(-7.40568e-07 1.46731e-06 3.43022e-11)
(-3.16349e-07 6.07975e-07 1.5527e-11)
(-1.32182e-07 2.4672e-07 6.83708e-12)
(-5.40582e-08 9.81099e-08 2.93226e-12)
(-2.16518e-08 3.82512e-08 1.22723e-12)
(-8.49815e-09 1.46293e-08 5.01756e-13)
(-3.2704e-09 5.49128e-09 2.00936e-13)
(-1.2347e-09 2.02397e-09 7.82716e-14)
(-4.57544e-10 7.32864e-10 2.97899e-14)
(-1.6651e-10 2.60816e-10 9.34586e-15)
(-5.95425e-11 9.12693e-11 4.08881e-15)
(-2.09277e-11 3.14173e-11 1.16823e-15)
(-7.23486e-12 1.06449e-11 0)
(-2.46147e-12 3.54558e-12 -2.33646e-15)
(-8.27108e-13 1.16239e-12 -1.75235e-15)
(-2.79207e-13 3.64488e-13 -1.75235e-15)
(-1.14487e-13 8.0608e-14 0)
(-0.0315623 0.0395446 2.37215e-07)
(-0.0205691 0.0240761 1.96029e-07)
(-0.0129882 0.0141923 1.53997e-07)
(-0.00793311 0.00811044 1.14764e-07)
(-0.00468697 0.00449938 8.11043e-08)
(-0.00268066 0.00242613 5.44828e-08)
(-0.00148584 0.00127286 3.48752e-08)
(-0.000799074 0.000650329 2.13453e-08)
(-0.000417414 0.000323813 1.25239e-08)
(-0.000212009 0.000157236 7.06511e-09)
(-0.000104799 7.45029e-05 3.84009e-09)
(-5.04601e-05 3.44673e-05 2.01572e-09)
(-2.36851e-05 1.55776e-05 1.02346e-09)
(-1.0846e-05 6.88159e-06 5.03588e-10)
(-4.84883e-06 2.9731e-06 2.40421e-10)
(-2.11778e-06 1.25689e-06 1.11535e-10)
(-9.04242e-07 5.20212e-07 5.03304e-11)
(-3.77683e-07 2.10906e-07 2.2117e-11)
(-1.5441e-07 8.3801e-08 9.47319e-12)
(-6.18288e-08 3.26498e-08 3.95739e-12)
(-2.42617e-08 1.24797e-08 1.61508e-12)
(-9.33499e-09 4.68196e-09 6.44864e-13)
(-3.52372e-09 1.7249e-09 2.51754e-13)
(-1.30561e-09 6.24329e-10 9.5795e-14)
(-4.75084e-10 2.22111e-10 3.56311e-14)
(-1.69857e-10 7.77003e-11 1.40188e-14)
(-5.96943e-11 2.67385e-11 5.25704e-15)
(-2.0638e-11 9.05497e-12 2.92058e-15)
(-7.02224e-12 3.01988e-12 -1.75235e-15)
(-2.35632e-12 9.87156e-13 -1.16823e-15)
(-7.97903e-13 3.11918e-13 -5.84116e-16)
(-3.3061e-13 6.89257e-14 0)
(-0.0496253 0.0324376 3.69679e-07)
(-0.0324101 0.0194037 3.03808e-07)
(-0.0204225 0.0111948 2.37851e-07)
(-0.0124191 0.00625814 1.76549e-07)
(-0.00729834 0.00340094 1.24287e-07)
(-0.0041518 0.00180052 8.31044e-08)
(-0.00228984 0.000929826 5.29775e-08)
(-0.00122607 0.000468759 3.22846e-08)
(-0.000638061 0.000230811 1.88755e-08)
(-0.000323056 0.000111039 1.06109e-08)
(-0.00015927 5.22089e-05 5.75166e-09)
(-7.652e-05 2.3999e-05 3.01099e-09)
(-3.58521e-05 1.07886e-05 1.52576e-09)
(-1.63927e-05 4.74478e-06 7.49225e-10)
(-7.31938e-06 2.04226e-06 3.57186e-10)
(-3.19346e-06 8.60652e-07 1.65458e-10)
(-1.36233e-06 3.55264e-07 7.45881e-11)
(-5.68593e-07 1.43705e-07 3.27432e-11)
(-2.32315e-07 5.69888e-08 1.40141e-11)
(-9.29731e-08 2.21665e-08 5.85226e-12)
(-3.6466e-08 8.46051e-09 2.38787e-12)
(-1.40252e-08 3.17017e-09 9.53277e-13)
(-5.29233e-09 1.16667e-09 3.72666e-13)
(-1.96033e-09 4.21881e-10 1.42524e-13)
(-7.13139e-10 1.49965e-10 5.5491e-14)
(-2.54913e-10 5.24244e-11 2.10282e-14)
(-8.9573e-11 1.80305e-11 7.59351e-15)
(-3.09593e-11 6.10168e-12 2.92058e-15)
(-1.05269e-11 2.03272e-12 -1.16823e-15)
(-3.5339e-12 6.65892e-13 1.16823e-15)
(-1.19977e-12 2.06777e-13 1.16823e-15)
(-4.94162e-13 4.78975e-14 0)
(-0.0641779 0.0225033 4.9621e-07)
(-0.0418119 0.0125586 4.12704e-07)
(-0.0261338 0.00672569 3.23814e-07)
(-0.015727 0.00349844 2.39371e-07)
(-0.00914459 0.00178018 1.67144e-07)
(-0.00515178 0.000889429 1.10776e-07)
(-0.0028176 0.00043699 6.99728e-08)
(-0.00149809 0.000211186 4.23009e-08)
(-0.000775134 0.000100355 2.4548e-08)
(-0.000390611 4.68646e-05 1.37158e-08)
(-0.000191839 2.14942e-05 7.39363e-09)
(-9.18803e-05 9.67716e-06 3.85372e-09)
(-4.29393e-05 4.27525e-06 1.94503e-09)
(-1.95923e-05 1.85293e-06 9.52224e-10)
(-8.73296e-06 7.87764e-07 4.52696e-10)
(-3.80477e-06 3.2853e-07 2.09279e-10)
(-1.62119e-06 1.34412e-07 9.41648e-11)
(-6.75958e-07 5.39592e-08 4.12859e-11)
(-2.75949e-07 2.12596e-08 1.76497e-11)
(-1.10357e-07 8.22298e-09 7.36512e-12)
(-4.32581e-08 3.12338e-09 3.00294e-12)
(-1.66288e-08 1.16542e-09 1.19685e-12)
(-6.272e-09 4.2733e-10 4.67293e-13)
(-2.32232e-09 1.54035e-10 1.80492e-13)
(-8.4454e-10 5.46055e-11 6.89257e-14)
(-3.01793e-10 1.90434e-11 2.5117e-14)
(-1.06018e-10 6.53275e-12 8.76174e-15)
(-3.66334e-11 2.20913e-12 1.16823e-15)
(-1.2458e-11 7.34818e-13 2.33646e-15)
(-4.18227e-12 2.39488e-13 1.16823e-15)
(-1.41823e-12 7.47669e-14 1.16823e-15)
(-5.85284e-13 2.10282e-14 0)
(-0.0750877 0.00950283 5.14437e-07)
(-0.0481877 0.00323005 4.25168e-07)
(-0.0294826 0.000663067 3.33593e-07)
(-0.0173646 -0.000160755 2.4593e-07)
(-0.00990735 -0.000310473 1.70864e-07)
(-0.005495 -0.000255102 1.12538e-07)
(-0.00296808 -0.000167841 7.06448e-08)
(-0.0015627 -9.87369e-05 4.24564e-08)
(-0.000802382 -5.40606e-05 2.45109e-08)
(-0.000401917 -2.80776e-05 1.36323e-08)
(-0.000196458 -1.39783e-05 7.32021e-09)
(-9.3739e-05 -6.71302e-06 3.8026e-09)
(-4.36763e-05 -3.12287e-06 1.91387e-09)
(-1.98802e-05 -1.4113e-06 9.347e-10)
(-8.84378e-06 -6.20925e-07 4.43487e-10)
(-3.84681e-06 -2.66396e-07 2.04674e-10)
(-1.6369e-06 -1.11599e-07 9.19662e-11)
(-6.81746e-07 -4.56997e-08 4.02748e-11)
(-2.78051e-07 -1.83106e-08 1.7204e-11)
(-1.11109e-07 -7.18438e-09 7.1747e-12)
(-4.35236e-08 -2.76249e-09 2.92292e-12)
(-1.67212e-08 -1.04167e-09 1.16473e-12)
(-6.30372e-09 -3.85442e-10 4.54442e-13)
(-2.33306e-09 -1.40032e-10 1.74067e-13)
(-8.48131e-10 -4.99793e-11 6.71734e-14)
(-3.02983e-10 -1.7534e-11 2.39488e-14)
(-1.06408e-10 -6.05027e-12 9.34586e-15)
(-3.67561e-11 -2.05959e-12 2.92058e-15)
(-1.24966e-11 -6.86921e-13 0)
(-4.19512e-12 -2.25469e-13 0)
(-1.41707e-12 -7.12622e-14 -5.84116e-16)
(-5.88789e-13 -1.75235e-14 -1.16823e-15)
(-0.0826573 -0.00859754 5.27666e-07)
(-0.0506516 -0.00957728 4.39514e-07)
(-0.0295246 -0.00717867 3.37669e-07)
(-0.0167005 -0.00460802 2.42773e-07)
(-0.00923894 -0.00271888 1.65047e-07)
(-0.00500914 -0.00151794 1.06822e-07)
(-0.00266123 -0.000812982 6.61533e-08)
(-0.00138431 -0.000420717 3.93339e-08)
(-0.000704474 -0.000211222 2.25202e-08)
(-0.000350529 -0.000103134 1.24415e-08)
(-0.000170475 -4.90556e-05 6.64563e-09)
(-8.10249e-05 -2.27568e-05 3.43715e-09)
(-3.76376e-05 -1.03056e-05 1.72395e-09)
(-1.70904e-05 -4.55947e-06 8.3949e-10)
(-7.58806e-06 -1.97212e-06 3.97386e-10)
(-3.29545e-06 -8.34463e-07 1.83035e-10)
(-1.40049e-06 -3.45617e-07 8.21168e-11)
(-5.8267e-07 -1.40199e-07 3.59138e-11)
(-2.37434e-07 -5.57313e-08 1.53266e-11)
(-9.4809e-08 -2.17214e-08 6.38614e-12)
(-3.71154e-08 -8.30492e-09 2.60165e-12)
(-1.42518e-08 -3.11647e-09 1.03564e-12)
(-5.37036e-09 -1.14837e-09 4.04792e-13)
(-1.98685e-09 -4.15715e-10 1.54791e-13)
(-7.22045e-10 -1.47915e-10 5.89957e-14)
(-2.57864e-10 -5.17527e-11 2.27805e-14)
(-9.05427e-11 -1.78097e-11 7.00939e-15)
(-3.12712e-11 -6.03158e-12 1.75235e-15)
(-1.06251e-11 -2.0117e-12 1.16823e-15)
(-3.56428e-12 -6.58883e-13 -5.84116e-16)
(-1.20795e-12 -2.04441e-13 0)
(-5.01172e-13 -4.78975e-14 -1.16823e-15)
(-0.0872185 -0.0383009 4.6327e-07)
(-0.0467689 -0.0273503 3.63702e-07)
(-0.0245134 -0.0164989 2.68575e-07)
(-0.0129048 -0.00931481 1.87614e-07)
(-0.00681727 -0.00506517 1.24773e-07)
(-0.0035891 -0.0026783 7.94029e-08)
(-0.00187086 -0.00138169 4.85112e-08)
(-0.000960941 -0.000696217 2.85343e-08)
(-0.0004848 -0.000342802 1.61905e-08)
(-0.00023975 -0.000164964 8.87901e-09)
(-0.000116081 -7.75988e-05 4.71283e-09)
(-5.4989e-05 -3.5689e-05 2.42479e-09)
(-2.5479e-05 -1.60526e-05 1.21063e-09)
(-1.15467e-05 -7.06354e-06 5.87292e-10)
(-5.11877e-06 -3.04179e-06 2.7707e-10)
(-2.22031e-06 -1.28244e-06 1.27264e-10)
(-9.42638e-07 -5.29584e-07 5.69531e-11)
(-3.91861e-07 -2.14295e-07 2.48594e-11)
(-1.59573e-07 -8.50089e-08 1.05883e-11)
(-6.3683e-08 -3.30745e-08 4.40482e-12)
(-2.49187e-08 -1.26269e-08 1.7909e-12)
(-9.56465e-09 -4.73235e-09 7.13206e-13)
(-3.60297e-09 -1.74192e-09 2.77455e-13)
(-1.33261e-09 -6.30004e-10 1.05725e-13)
(-4.84166e-10 -2.23984e-10 4.0304e-14)
(-1.72877e-10 -7.83101e-11 1.40188e-14)
(-6.06897e-11 -2.69348e-11 4.67293e-15)
(-2.09593e-11 -9.11572e-12 2.92058e-15)
(-7.12154e-12 -3.0374e-12 0)
(-2.38903e-12 -9.95334e-13 -5.84116e-16)
(-8.08417e-13 -3.14254e-13 -1.75235e-15)
(-3.32946e-13 -7.24304e-14 5.84116e-16)
(-0.0884938 -0.10043 1.86237e-07)
(-0.0288496 -0.0488304 1.21035e-07)
(-0.0114891 -0.0248115 8.40109e-08)
(-0.0052668 -0.012828 5.76829e-08)
(-0.00260242 -0.00663992 3.82149e-08)
(-0.00132566 -0.00340826 2.42984e-08)
(-0.000679154 -0.00172517 1.48398e-08)
(-0.000345425 -0.000858248 8.72181e-09)
(-0.000173221 -0.000418804 4.94384e-09)
(-8.53258e-05 -0.000200227 2.70749e-09)
(-4.11998e-05 -9.37286e-05 1.43505e-09)
(-1.94786e-05 -4.29469e-05 7.3714e-10)
(-9.01213e-06 -1.9261e-05 3.67457e-10)
(-4.07962e-06 -8.45581e-06 1.77952e-10)
(-1.80696e-06 -3.63461e-06 8.38183e-11)
(-7.8324e-07 -1.53008e-06 3.84348e-11)
(-3.32342e-07 -6.31064e-07 1.71718e-11)
(-1.38094e-07 -2.55097e-07 7.48311e-12)
(-5.62137e-08 -1.01109e-07 3.18226e-12)
(-2.24271e-08 -3.93103e-08 1.32244e-12)
(-8.77329e-09 -1.49986e-08 5.34466e-13)
(-3.36677e-09 -5.61834e-09 2.14371e-13)
(-1.26801e-09 -2.06715e-09 8.46968e-14)
(-4.6892e-10 -7.47357e-10 3.27105e-14)
(-1.70348e-10 -2.6562e-10 1.34347e-14)
(-6.08193e-11 -9.28406e-11 5.84116e-15)
(-2.13471e-11 -3.19266e-11 1.75235e-15)
(-7.37271e-12 -1.08038e-11 2.33646e-15)
(-2.50352e-12 -3.59699e-12 0)
(-8.42295e-13 -1.17524e-12 5.84116e-16)
(-2.82712e-13 -3.67993e-13 0)
(-1.16823e-13 -8.0608e-14 1.16823e-15)
(-0.0108552 0.0433407 1.88761e-07)
(-0.00705787 0.02649 1.64226e-07)
(-0.00445688 0.0157135 1.32746e-07)
(-0.00272617 0.0090448 1.00121e-07)
(-0.00161407 0.00505413 7.0912e-08)
(-0.00092531 0.00274364 4.74615e-08)
(-0.00051405 0.00144808 3.01892e-08)
(-0.000277027 0.000743692 1.83355e-08)
(-0.000144976 0.000371938 1.06748e-08)
(-7.37503e-05 0.000181278 5.97634e-09)
(-3.65042e-05 8.61637e-05 3.22605e-09)
(-1.75962e-05 3.99666e-05 1.68274e-09)
(-8.2671e-06 1.81027e-05 8.4978e-10)
(-3.78866e-06 8.01189e-06 4.16122e-10)
(-1.69488e-06 3.46683e-06 1.9788e-10)
(-7.40666e-07 1.46754e-06 9.14872e-11)
(-3.16394e-07 6.0808e-07 4.11767e-11)
(-1.32203e-07 2.46766e-07 1.8055e-11)
(-5.40674e-08 9.81295e-08 7.72318e-12)
(-2.16557e-08 3.82593e-08 3.22607e-12)
(-8.4998e-09 1.46327e-08 1.31485e-12)
(-3.27107e-09 5.49259e-09 5.24536e-13)
(-1.23497e-09 2.02448e-09 2.03857e-13)
(-4.57653e-10 7.33055e-10 7.71033e-14)
(-1.66551e-10 2.60886e-10 2.92058e-14)
(-5.95518e-11 9.12962e-11 1.05141e-14)
(-2.09312e-11 3.1429e-11 4.67293e-15)
(-7.2407e-12 1.06484e-11 1.16823e-15)
(-2.4638e-12 3.54325e-12 1.16823e-15)
(-8.27108e-13 1.15772e-12 0)
(-2.81544e-13 3.59816e-13 0)
(-1.10982e-13 7.71033e-14 -5.84116e-16)
(-0.0315624 0.0395452 6.8253e-07)
(-0.0205692 0.0240765 5.66791e-07)
(-0.0129884 0.0141927 4.41471e-07)
(-0.00793324 0.00811069 3.23234e-07)
(-0.00468708 0.00449956 2.23513e-07)
(-0.00268074 0.00242625 1.46668e-07)
(-0.0014859 0.00127294 9.17637e-08)
(-0.000799113 0.000650373 5.49493e-08)
(-0.000417438 0.000323838 3.16016e-08)
(-0.000212024 0.00015725 1.75009e-08)
(-0.000104807 7.45104e-05 9.35578e-09)
(-5.04647e-05 3.44712e-05 4.83703e-09)
(-2.36876e-05 1.55795e-05 2.42295e-09)
(-1.08472e-05 6.88254e-06 1.17755e-09)
(-4.84946e-06 2.97355e-06 5.56034e-10)
(-2.11808e-06 1.2571e-06 2.55377e-10)
(-9.04384e-07 5.20305e-07 1.14215e-10)
(-3.77748e-07 2.10947e-07 4.97877e-11)
(-1.54439e-07 8.38183e-08 2.11742e-11)
(-6.18411e-08 3.26571e-08 8.79095e-12)
(-2.42669e-08 1.24826e-08 3.56603e-12)
(-9.33711e-09 4.68313e-09 1.4159e-12)
(-3.52457e-09 1.72536e-09 5.48485e-13)
(-1.30594e-09 6.24504e-10 2.09698e-13)
(-4.75209e-10 2.22181e-10 7.71033e-14)
(-1.69902e-10 7.77283e-11 2.80376e-14)
(-5.97165e-11 2.6749e-11 1.05141e-14)
(-2.06462e-11 9.05847e-12 2.92058e-15)
(-7.02692e-12 3.02222e-12 5.84116e-16)
(-2.35749e-12 9.90661e-13 1.16823e-15)
(-7.99071e-13 3.14254e-13 -1.16823e-15)
(-3.27105e-13 7.47669e-14 0)
(-0.0496255 0.0324381 1.12749e-06)
(-0.0324104 0.0194041 9.35585e-07)
(-0.0204227 0.0111951 7.22801e-07)
(-0.0124193 0.00625836 5.23261e-07)
(-0.00729852 0.00340108 3.57452e-07)
(-0.00415193 0.00180061 2.31956e-07)
(-0.00228993 0.000929882 1.43682e-07)
(-0.00122613 0.000468792 8.53289e-08)
(-0.000638099 0.00023083 4.87277e-08)
(-0.000323078 0.000111049 2.68343e-08)
(-0.000159283 5.22143e-05 1.42776e-08)
(-7.65271e-05 2.40018e-05 7.35492e-09)
(-3.58558e-05 1.079e-05 3.67293e-09)
(-1.63946e-05 4.74546e-06 1.78106e-09)
(-7.32033e-06 2.04258e-06 8.39423e-10)
(-3.19391e-06 8.60797e-07 3.85059e-10)
(-1.36254e-06 3.55329e-07 1.72039e-10)
(-5.6869e-07 1.43734e-07 7.49544e-11)
(-2.32357e-07 5.70008e-08 3.18659e-11)
(-9.29914e-08 2.21715e-08 1.32314e-11)
(-3.64737e-08 8.46254e-09 5.36978e-12)
(-1.40283e-08 3.17097e-09 2.13319e-12)
(-5.29359e-09 1.16699e-09 8.28861e-13)
(-1.96083e-09 4.22006e-10 3.17175e-13)
(-7.13326e-10 1.50013e-10 1.18576e-13)
(-2.54983e-10 5.24408e-11 4.49769e-14)
(-8.96011e-11 1.8034e-11 1.75235e-14)
(-3.09698e-11 6.10168e-12 7.59351e-15)
(-1.05328e-11 2.03623e-12 2.92058e-15)
(-3.53273e-12 6.69397e-13 0)
(-1.19861e-12 2.10282e-13 -1.16823e-15)
(-4.97667e-13 4.78975e-14 2.33646e-15)
(-0.0641782 0.0225036 1.46983e-06)
(-0.0418122 0.0125588 1.21306e-06)
(-0.0261341 0.00672585 9.28604e-07)
(-0.0157273 0.00349856 6.64609e-07)
(-0.00914483 0.00178026 4.48866e-07)
(-0.00515195 0.000889473 2.88188e-07)
(-0.00281772 0.000437016 1.76897e-07)
(-0.00149817 0.0002112 1.04236e-07)
(-0.000775181 0.000100363 5.91512e-08)
(-0.000390639 4.68687e-05 3.2403e-08)
(-0.000191855 2.14963e-05 1.71701e-08)
(-9.1889e-05 9.67823e-06 8.81475e-09)
(-4.29439e-05 4.27577e-06 4.39081e-09)
(-1.95947e-05 1.85318e-06 2.12468e-09)
(-8.73412e-06 7.87879e-07 9.99937e-10)
(-3.80533e-06 3.28582e-07 4.58149e-10)
(-1.62145e-06 1.34435e-07 2.04562e-10)
(-6.76075e-07 5.39692e-08 8.90806e-11)
(-2.76001e-07 2.12638e-08 3.78688e-11)
(-1.10379e-07 8.22473e-09 1.57273e-11)
(-4.32675e-08 3.12408e-09 6.38556e-12)
(-1.66327e-08 1.1657e-09 2.53798e-12)
(-6.27354e-09 4.27439e-10 9.88324e-13)
(-2.32292e-09 1.54076e-10 3.78507e-13)
(-8.44776e-10 5.4616e-11 1.41356e-13)
(-3.01881e-10 1.90445e-11 5.25704e-14)
(-1.06054e-10 6.53275e-12 2.10282e-14)
(-3.66439e-11 2.20796e-12 7.59351e-15)
(-1.24569e-11 7.3365e-13 3.5047e-15)
(-4.18461e-12 2.39488e-13 1.16823e-15)
(-1.4194e-12 7.47669e-14 0)
(-5.86453e-13 1.63553e-14 0)
(-0.075088 0.00950288 1.66719e-06)
(-0.0481881 0.00323008 1.36134e-06)
(-0.029483 0.000663067 1.01599e-06)
(-0.0173649 -0.000160769 7.08421e-07)
(-0.0099076 -0.00031049 4.67749e-07)
(-0.00549517 -0.000255117 2.94832e-07)
(-0.0029682 -0.000167852 1.78322e-07)
(-0.00156278 -9.87448e-05 1.03844e-07)
(-0.00080243 -5.40655e-05 5.83699e-08)
(-0.000401945 -2.80805e-05 3.17279e-08)
(-0.000196474 -1.39799e-05 1.67044e-08)
(-9.37476e-05 -6.71391e-06 8.52962e-09)
(-4.36808e-05 -3.12333e-06 4.22928e-09)
(-1.98825e-05 -1.41153e-06 2.03849e-09)
(-8.84493e-06 -6.21036e-07 9.5607e-10)
(-3.84736e-06 -2.66448e-07 4.36736e-10)
(-1.63716e-06 -1.11622e-07 1.94478e-10)
(-6.81861e-07 -4.57101e-08 8.44877e-11)
(-2.78102e-07 -1.8315e-08 3.58384e-11)
(-1.11131e-07 -7.18624e-09 1.48558e-11)
(-4.35328e-08 -2.76325e-09 6.01932e-12)
(-1.6725e-08 -1.04197e-09 2.38962e-12)
(-6.30522e-09 -3.85559e-10 9.29329e-13)
(-2.33365e-09 -1.40083e-10 3.55143e-13)
(-8.48357e-10 -4.9998e-11 1.3201e-13)
(-3.03069e-10 -1.75422e-11 4.90658e-14)
(-1.06438e-10 -6.05378e-12 1.92758e-14)
(-3.67701e-11 -2.05843e-12 8.17763e-15)
(-1.24989e-11 -6.86921e-13 4.08881e-15)
(-4.19279e-12 -2.26637e-13 0)
(-1.42057e-12 -7.12622e-14 1.75235e-15)
(-5.89957e-13 -1.5187e-14 0)
(-0.0826576 -0.00859785 1.57718e-06)
(-0.050652 -0.00957756 1.27711e-06)
(-0.0295249 -0.0071789 9.39791e-07)
(-0.0167008 -0.00460819 6.43435e-07)
(-0.00923917 -0.002719 4.17526e-07)
(-0.00500931 -0.00151802 2.59419e-07)
(-0.00266135 -0.000813032 1.55151e-07)
(-0.00138438 -0.000420747 8.95917e-08)
(-0.000704517 -0.00021124 5.00452e-08)
(-0.000350554 -0.000103144 2.70817e-08)
(-0.000170488 -4.90608e-05 1.42137e-08)
(-8.10324e-05 -2.27595e-05 7.2431e-09)
(-3.76416e-05 -1.0307e-05 3.58707e-09)
(-1.70924e-05 -4.56013e-06 1.72807e-09)
(-7.58904e-06 -1.97243e-06 8.10511e-10)
(-3.29592e-06 -8.34607e-07 3.70429e-10)
(-1.40071e-06 -3.45681e-07 1.65096e-10)
(-5.82768e-07 -1.40227e-07 7.18077e-11)
(-2.37477e-07 -5.57433e-08 3.05049e-11)
(-9.48276e-08 -2.17264e-08 1.26666e-11)
(-3.71232e-08 -8.30694e-09 5.14197e-12)
(-1.4255e-08 -3.11727e-09 2.04441e-12)
(-5.37164e-09 -1.14868e-09 7.94982e-13)
(-1.98736e-09 -4.15837e-10 3.02572e-13)
(-7.22232e-10 -1.47959e-10 1.1215e-13)
(-2.57941e-10 -5.1769e-11 4.08881e-14)
(-9.05684e-11 -1.78179e-11 1.57711e-14)
(-3.12771e-11 -6.03275e-12 6.42528e-15)
(-1.06262e-11 -2.0117e-12 2.92058e-15)
(-3.56778e-12 -6.57715e-13 5.84116e-16)
(-1.20795e-12 -2.05609e-13 0)
(-5.01172e-13 -4.55611e-14 0)
(-0.0872188 -0.0383016 9.41904e-07)
(-0.0467692 -0.0273509 7.01121e-07)
(-0.0245136 -0.0164994 4.96375e-07)
(-0.012905 -0.00931515 3.35131e-07)
(-0.00681743 -0.0050654 2.16364e-07)
(-0.0035892 -0.00267844 1.34054e-07)
(-0.00187093 -0.00138177 7.99726e-08)
(-0.000960987 -0.000696268 4.60518e-08)
(-0.000484827 -0.000342831 2.5648e-08)
(-0.000239766 -0.00016498 1.38355e-08)
(-0.000116089 -7.76072e-05 7.23838e-09)
(-5.49938e-05 -3.56933e-05 3.67662e-09)
(-2.54815e-05 -1.60547e-05 1.81497e-09)
(-1.1548e-05 -7.06458e-06 8.71546e-10)
(-5.1194e-06 -3.04228e-06 4.07481e-10)
(-2.2206e-06 -1.28267e-06 1.85636e-10)
(-9.42776e-07 -5.29684e-07 8.24725e-11)
(-3.91923e-07 -2.14338e-07 3.57578e-11)
(-1.59601e-07 -8.50273e-08 1.51397e-11)
(-6.36948e-08 -3.30822e-08 6.26698e-12)
(-2.49237e-08 -1.263e-08 2.53682e-12)
(-9.56669e-09 -4.73359e-09 1.00351e-12)
(-3.60378e-09 -1.7424e-09 3.88437e-13)
(-1.33292e-09 -6.30183e-10 1.48365e-13)
(-4.84293e-10 -2.24048e-10 5.49069e-14)
(-1.72925e-10 -7.83335e-11 2.10282e-14)
(-6.07025e-11 -2.69406e-11 7.59351e-15)
(-2.09628e-11 -9.11455e-12 2.92058e-15)
(-7.12388e-12 -3.03857e-12 5.84116e-16)
(-2.38903e-12 -9.92997e-13 5.84116e-16)
(-8.09585e-13 -3.13086e-13 5.84116e-16)
(-3.35283e-13 -7.12622e-14 1.16823e-15)
(-0.0884941 -0.100431 2.14852e-07)
(-0.0288498 -0.0488311 1.38022e-07)
(-0.0114892 -0.024812 9.53715e-08)
(-0.00526685 -0.0128283 6.56111e-08)
(-0.00260246 -0.00664015 4.34936e-08)
(-0.00132569 -0.0034084 2.75845e-08)
(-0.000679173 -0.00172526 1.67616e-08)
(-0.000345437 -0.000858298 9.78916e-09)
(-0.000173228 -0.000418833 5.5111e-09)
(-8.53301e-05 -0.000200243 2.99794e-09)
(-4.12022e-05 -9.37368e-05 1.57881e-09)
(-1.94799e-05 -4.29511e-05 8.06159e-10)
(-9.01281e-06 -1.92631e-05 3.99637e-10)
(-4.07996e-06 -8.45682e-06 1.92554e-10)
(-1.80713e-06 -3.63509e-06 9.02675e-11)
(-7.83322e-07 -1.5303e-06 4.12071e-11)
(-3.3238e-07 -6.31162e-07 1.8336e-11)
(-1.38112e-07 -2.5514e-07 7.95741e-12)
(-5.62213e-08 -1.01127e-07 3.37152e-12)
(-2.24303e-08 -3.93179e-08 1.39545e-12)
(-8.77465e-09 -1.50016e-08 5.66008e-13)
(-3.36732e-09 -5.61956e-09 2.24301e-13)
(-1.26824e-09 -2.06762e-09 8.46968e-14)
(-4.69008e-10 -7.47539e-10 3.21264e-14)
(-1.70382e-10 -2.65691e-10 1.22664e-14)
(-6.0831e-11 -9.28651e-11 4.08881e-15)
(-2.13529e-11 -3.19336e-11 1.75235e-15)
(-7.37388e-12 -1.08108e-11 1.75235e-15)
(-2.50469e-12 -3.59816e-12 1.16823e-15)
(-8.39959e-13 -1.17991e-12 1.16823e-15)
(-2.87385e-13 -3.69161e-13 5.84116e-16)
(-1.16823e-13 -8.41127e-14 0)
(-0.0108552 0.0433418 1.23291e-07)
(-0.00705794 0.026491 1.09635e-07)
(-0.00445697 0.0157143 8.97953e-08)
(-0.00272625 0.00904537 6.8247e-08)
(-0.00161415 0.00505453 4.85209e-08)
(-0.000925365 0.00274391 3.25389e-08)
(-0.00051409 0.00144824 2.07088e-08)
(-0.000277054 0.000743791 1.25814e-08)
(-0.000144993 0.000371995 7.32367e-09)
(-7.37606e-05 0.00018131 4.1009e-09)
(-3.65101e-05 8.61805e-05 2.21377e-09)
(-1.75995e-05 3.99753e-05 1.15536e-09)
(-8.26884e-06 1.81071e-05 5.83747e-10)
(-3.78956e-06 8.014e-06 2.8615e-10)
(-1.69533e-06 3.46783e-06 1.3621e-10)
(-7.40882e-07 1.468e-06 6.30711e-11)
(-3.16495e-07 6.08286e-07 2.84289e-11)
(-1.32249e-07 2.46855e-07 1.24919e-11)
(-5.40879e-08 9.81677e-08 5.35342e-12)
(-2.16646e-08 3.82752e-08 2.24125e-12)
(-8.50355e-09 1.46391e-08 9.14726e-13)
(-3.27262e-09 5.49515e-09 3.65657e-13)
(-1.23559e-09 2.02547e-09 1.42524e-13)
(-4.57896e-10 7.33436e-10 5.5491e-14)
(-1.66644e-10 2.61026e-10 1.98599e-14)
(-5.95892e-11 9.13452e-11 8.76174e-15)
(-2.09476e-11 3.14476e-11 2.92058e-15)
(-7.24304e-12 1.06519e-11 1.16823e-15)
(-2.46263e-12 3.54675e-12 1.75235e-15)
(-8.27108e-13 1.16239e-12 5.84116e-16)
(-2.81544e-13 3.62152e-13 1.16823e-15)
(-1.14487e-13 7.71033e-14 5.84116e-16)
(-0.0315627 0.0395465 4.63692e-07)
(-0.0205696 0.0240776 3.86469e-07)
(-0.0129887 0.0141935 3.01183e-07)
(-0.00793354 0.00811128 2.20082e-07)
(-0.00468732 0.00449996 1.51695e-07)
(-0.00268092 0.0024265 9.91327e-08)
(-0.00148602 0.00127309 6.17615e-08)
(-0.000799195 0.000650463 3.68217e-08)
(-0.000417489 0.000323889 2.10903e-08)
(-0.000212054 0.000157278 1.16333e-08)
(-0.000104824 7.4525e-05 6.19697e-09)
(-5.04739e-05 3.44787e-05 3.193e-09)
(-2.36924e-05 1.55832e-05 1.59467e-09)
(-1.08497e-05 6.88432e-06 7.72812e-10)
(-4.85067e-06 2.97438e-06 3.64028e-10)
(-2.11866e-06 1.25748e-06 1.66804e-10)
(-9.04653e-07 5.20474e-07 7.44544e-11)
(-3.77869e-07 2.1102e-07 3.23957e-11)
(-1.54492e-07 8.38492e-08 1.37559e-11)
(-6.1864e-08 3.26699e-08 5.70506e-12)
(-2.42765e-08 1.24878e-08 2.31193e-12)
(-9.34102e-09 4.68518e-09 9.15894e-13)
(-3.52613e-09 1.72615e-09 3.54558e-13)
(-1.30655e-09 6.24807e-10 1.35515e-13)
(-4.75445e-10 2.22291e-10 5.08181e-14)
(-1.69992e-10 7.77669e-11 1.69394e-14)
(-5.97457e-11 2.67654e-11 7.00939e-15)
(-2.06567e-11 9.06431e-12 1.75235e-15)
(-7.02692e-12 3.02222e-12 1.75235e-15)
(-2.35749e-12 9.87156e-13 1.75235e-15)
(-8.02576e-13 3.09582e-13 1.16823e-15)
(-3.28273e-13 7.24304e-14 0)
(-0.0496259 0.0324392 7.798e-07)
(-0.0324109 0.019405 6.49865e-07)
(-0.0204233 0.0111958 5.0154e-07)
(-0.0124198 0.00625883 3.61648e-07)
(-0.00729892 0.00340139 2.45668e-07)
(-0.00415223 0.0018008 1.58478e-07)
(-0.00229013 0.000929996 9.75779e-08)
(-0.00122626 0.000468858 5.76313e-08)
(-0.000638178 0.000230866 3.27399e-08)
(-0.000323125 0.000111069 1.79484e-08)
(-0.000159309 5.22245e-05 9.50968e-09)
(-7.65412e-05 2.4007e-05 4.88139e-09)
(-3.58632e-05 1.07926e-05 2.42966e-09)
(-1.63984e-05 4.74668e-06 1.17498e-09)
(-7.32217e-06 2.04315e-06 5.52373e-10)
(-3.19479e-06 8.61058e-07 2.52877e-10)
(-1.36295e-06 3.55445e-07 1.12768e-10)
(-5.68874e-07 1.43784e-07 4.90622e-11)
(-2.32438e-07 5.70222e-08 2.08296e-11)
(-9.30261e-08 2.21804e-08 8.642e-12)
(-3.64882e-08 8.46615e-09 3.50353e-12)
(-1.40342e-08 3.17241e-09 1.38961e-12)
(-5.29596e-09 1.16755e-09 5.39723e-13)
(-1.96175e-09 4.2222e-10 2.06777e-13)
(-7.13686e-10 1.50096e-10 7.65192e-14)
(-2.55113e-10 5.24758e-11 2.80376e-14)
(-8.96501e-11 1.80515e-11 1.10982e-14)
(-3.09862e-11 6.11336e-12 4.08881e-15)
(-1.05421e-11 2.0409e-12 1.75235e-15)
(-3.53858e-12 6.65892e-13 0)
(-1.19627e-12 2.10282e-13 0)
(-4.97667e-13 5.0234e-14 0)
(-0.0641788 0.0225044 1.01439e-06)
(-0.041813 0.0125595 8.38029e-07)
(-0.0261349 0.00672627 6.39488e-07)
(-0.0157279 0.00349881 4.55032e-07)
(-0.00914535 0.0017804 3.05256e-07)
(-0.00515232 0.000889555 1.9462e-07)
(-0.00281797 0.00043706 1.18684e-07)
(-0.00149832 0.000211223 6.95095e-08)
(-0.000775277 0.000100374 3.92339e-08)
(-0.000390695 4.68744e-05 2.13885e-08)
(-0.000191886 2.14991e-05 1.12866e-08)
(-9.19058e-05 9.67951e-06 5.77277e-09)
(-4.29527e-05 4.27636e-06 2.86652e-09)
(-1.95991e-05 1.85345e-06 1.38321e-09)
(-8.73629e-06 7.87997e-07 6.49475e-10)
(-3.80636e-06 3.28633e-07 2.96965e-10)
(-1.62193e-06 1.34457e-07 1.32377e-10)
(-6.76291e-07 5.39783e-08 5.75635e-11)
(-2.76096e-07 2.12675e-08 2.44453e-11)
(-1.1042e-07 8.22623e-09 1.01438e-11)
(-4.32845e-08 3.12467e-09 4.1151e-12)
(-1.66396e-08 1.16594e-09 1.63669e-12)
(-6.27632e-09 4.2753e-10 6.38439e-13)
(-2.32401e-09 1.5411e-10 2.42992e-13)
(-8.45193e-10 5.46277e-11 9.11221e-14)
(-3.02036e-10 1.90504e-11 3.44628e-14)
(-1.06108e-10 6.53392e-12 1.40188e-14)
(-3.66673e-11 2.20913e-12 6.42528e-15)
(-1.24697e-11 7.34818e-13 2.92058e-15)
(-4.18928e-12 2.39488e-13 0)
(-1.41707e-12 7.71033e-14 1.16823e-15)
(-5.88789e-13 1.86917e-14 5.84116e-16)
(-0.0750886 0.00950304 1.17893e-06)
(-0.048189 0.00323018 9.6264e-07)
(-0.0294839 0.00066309 7.11673e-07)
(-0.0173657 -0.000160798 4.90229e-07)
(-0.00990818 -0.000310536 3.19785e-07)
(-0.00549558 -0.000255159 1.99333e-07)
(-0.00296846 -0.000167884 1.19383e-07)
(-0.00156294 -9.87662e-05 6.89234e-08)
(-0.000802527 -5.40788e-05 3.84525e-08)
(-0.000402 -2.80882e-05 2.07644e-08)
(-0.000196504 -1.39842e-05 1.087e-08)
(-9.37639e-05 -6.71616e-06 5.52238e-09)
(-4.36893e-05 -3.12448e-06 2.72612e-09)
(-1.98868e-05 -1.41209e-06 1.30877e-09)
(-8.84699e-06 -6.21304e-07 6.11709e-10)
(-3.84833e-06 -2.66571e-07 2.78563e-10)
(-1.63761e-06 -1.11678e-07 1.2371e-10)
(-6.82063e-07 -4.57342e-08 5.36119e-11)
(-2.7819e-07 -1.83253e-08 2.26935e-11)
(-1.11169e-07 -7.1905e-09 9.3885e-12)
(-4.35485e-08 -2.76497e-09 3.80084e-12)
(-1.67314e-08 -1.04266e-09 1.50644e-12)
(-6.30778e-09 -3.85826e-10 5.85868e-13)
(-2.33465e-09 -1.40183e-10 2.24301e-13)
(-8.48745e-10 -5.00342e-11 8.23604e-14)
(-3.03208e-10 -1.75562e-11 3.15423e-14)
(-1.06491e-10 -6.05962e-12 1.22664e-14)
(-3.67876e-11 -2.05959e-12 5.25704e-15)
(-1.25094e-11 -6.89257e-13 2.33646e-15)
(-4.19746e-12 -2.27805e-13 0)
(-1.41823e-12 -7.12622e-14 5.84116e-16)
(-5.93462e-13 -1.86917e-14 2.33646e-15)
(-0.0826584 -0.00859899 1.09763e-06)
(-0.0506529 -0.0095786 8.90297e-07)
(-0.0295258 -0.00717971 6.50773e-07)
(-0.0167015 -0.00460877 4.4054e-07)
(-0.00923971 -0.00271939 2.82366e-07)
(-0.00500967 -0.00151826 1.7345e-07)
(-0.00266157 -0.000813178 1.02696e-07)
(-0.00138452 -0.000420832 5.87995e-08)
(-0.000704599 -0.000211288 3.26085e-08)
(-0.0003506 -0.00010317 1.75408e-08)
(-0.000170514 -4.90745e-05 9.15985e-09)
(-8.10461e-05 -2.27665e-05 4.64851e-09)
(-3.76487e-05 -1.03104e-05 2.29413e-09)
(-1.70959e-05 -4.56181e-06 1.10212e-09)
(-7.59077e-06 -1.97322e-06 5.15724e-10)
(-3.29674e-06 -8.34965e-07 2.3528e-10)
(-1.40109e-06 -3.45841e-07 1.04711e-10)
(-5.82939e-07 -1.40297e-07 4.54997e-11)
(-2.37552e-07 -5.57727e-08 1.93132e-11)
(-9.48597e-08 -2.17385e-08 8.01758e-12)
(-3.71367e-08 -8.31189e-09 3.25528e-12)
(-1.42605e-08 -3.11923e-09 1.2944e-12)
(-5.37385e-09 -1.14945e-09 5.04676e-13)
(-1.98822e-09 -4.16129e-10 1.92174e-13)
(-7.22562e-10 -1.4807e-10 7.24304e-14)
(-2.58064e-10 -5.18064e-11 2.80376e-14)
(-9.06116e-11 -1.78354e-11 1.10982e-14)
(-3.12946e-11 -6.0421e-12 5.84116e-15)
(-1.06403e-11 -2.0152e-12 1.75235e-15)
(-3.57012e-12 -6.56546e-13 -5.84116e-16)
(-1.20912e-12 -2.10282e-13 -1.16823e-15)
(-5.00003e-13 -4.78975e-14 -5.84116e-16)
(-0.0872194 -0.0383036 6.07322e-07)
(-0.0467698 -0.0273526 4.40729e-07)
(-0.0245141 -0.0165006 3.04871e-07)
(-0.0129053 -0.00931597 2.02001e-07)
(-0.00681767 -0.00506592 1.28334e-07)
(-0.00358937 -0.00267876 7.83642e-08)
(-0.00187103 -0.00138196 4.61444e-08)
(-0.00096105 -0.000696377 2.6258e-08)
(-0.000484864 -0.000342891 1.447e-08)
(-0.000239787 -0.000165012 7.73065e-09)
(-0.000116101 -7.76241e-05 4.00981e-09)
(-5.49999e-05 -3.57019e-05 2.02063e-09)
(-2.54846e-05 -1.60589e-05 9.90435e-10)
(-1.15495e-05 -7.06661e-06 4.72466e-10)
(-5.12015e-06 -3.04323e-06 2.19584e-10)
(-2.22096e-06 -1.2831e-06 9.9472e-11)
(-9.42937e-07 -5.29878e-07 4.39699e-11)
(-3.91995e-07 -2.14422e-07 1.89733e-11)
(-1.59632e-07 -8.50631e-08 7.99889e-12)
(-6.37082e-08 -3.3097e-08 3.29734e-12)
(-2.49292e-08 -1.26361e-08 1.32945e-12)
(-9.56895e-09 -4.736e-09 5.23952e-13)
(-3.60468e-09 -1.74334e-09 2.02688e-13)
(-1.33327e-09 -6.30544e-10 7.71033e-14)
(-4.84424e-10 -2.24185e-10 2.74535e-14)
(-1.72971e-10 -7.8386e-11 1.16823e-14)
(-6.07247e-11 -2.69581e-11 4.08881e-15)
(-2.09721e-11 -9.12857e-12 1.16823e-15)
(-7.12388e-12 -3.04208e-12 0)
(-2.39137e-12 -9.92997e-13 1.16823e-15)
(-8.09585e-13 -3.09582e-13 -5.84116e-16)
(-3.34114e-13 -6.89257e-14 0)
(-0.0884943 -0.100432 1.04957e-07)
(-0.0288499 -0.0488321 6.7067e-08)
(-0.0114892 -0.0248127 4.56678e-08)
(-0.0052669 -0.0128288 3.1069e-08)
(-0.0026025 -0.00664044 2.03889e-08)
(-0.00132571 -0.00340858 1.28006e-08)
(-0.00067919 -0.00172536 7.69579e-09)
(-0.000345448 -0.00085836 4.44797e-09)
(-0.000173235 -0.000418867 2.47873e-09)
(-8.53337e-05 -0.000200261 1.33576e-09)
(-4.12042e-05 -9.37462e-05 6.97208e-10)
(-1.94809e-05 -4.29559e-05 3.53138e-10)
(-9.01335e-06 -1.92654e-05 1.73731e-10)
(-4.08023e-06 -8.45794e-06 8.31302e-11)
(-1.80726e-06 -3.6356e-06 3.87152e-11)
(-7.83384e-07 -1.53053e-06 1.75661e-11)
(-3.32409e-07 -6.31265e-07 7.77108e-12)
(-1.38124e-07 -2.55184e-07 3.35458e-12)
(-5.62268e-08 -1.01146e-07 1.41356e-12)
(-2.24327e-08 -3.93256e-08 5.8178e-13)
(-8.77564e-09 -1.50048e-08 2.35399e-13)
(-3.36772e-09 -5.62079e-09 9.17062e-14)
(-1.2684e-09 -2.06809e-09 3.38787e-14)
(-4.69066e-10 -7.47718e-10 1.34347e-14)
(-1.70404e-10 -2.65753e-10 4.67293e-15)
(-6.08369e-11 -9.28908e-11 1.75235e-15)
(-2.13553e-11 -3.19453e-11 2.33646e-15)
(-7.37505e-12 -1.08097e-11 0)
(-2.50469e-12 -3.59932e-12 1.16823e-15)
(-8.41127e-13 -1.17875e-12 0)
(-2.85049e-13 -3.69161e-13 1.16823e-15)
(-1.20328e-13 -8.41127e-14 1.16823e-15)
(-0.448254 0.0026356 1.21087e-08)
(-0.429815 0.00711462 4.0439e-08)
(-0.396104 0.00949883 6.85469e-08)
(-0.352693 0.00900828 9.27324e-08)
(-0.306561 0.00515262 1.1167e-07)
(-0.265621 -0.0028485 1.25921e-07)
(-0.240397 -0.0170492 1.25883e-07)
(-0.254316 -0.0429809 5.91869e-08)
(-0.44487 0.00140034 9.53988e-09)
(-0.427465 0.00377285 3.45813e-08)
(-0.395585 0.00497613 5.9967e-08)
(-0.35452 0.00451344 8.2089e-08)
(-0.311067 0.00211434 9.79683e-08)
(-0.272743 -0.00226332 9.98885e-08)
(-0.247202 -0.00790143 7.41138e-08)
(-0.240307 -0.0104842 2.93874e-08)
(-0.443081 0.000751172 7.92863e-09)
(-0.426239 0.00202831 2.65463e-08)
(-0.395364 0.00268381 4.49319e-08)
(-0.355555 0.00245239 6.0424e-08)
(-0.313337 0.00124228 7.06593e-08)
(-0.275636 -0.000765359 7.10019e-08)
(-0.248617 -0.00277274 5.33527e-08)
(-0.235931 -0.00265792 1.97916e-08)
(-0.442091 0.00043351 6.12727e-09)
(-0.425533 0.00119503 2.10968e-08)
(-0.395161 0.00166677 3.60485e-08)
(-0.355961 0.00173197 4.85701e-08)
(-0.314285 0.00136453 5.60698e-08)
(-0.276758 0.000659873 5.33072e-08)
(-0.249095 -8.96707e-05 3.53489e-08)
(-0.234876 -0.000328911 1.13303e-08)
(-0.441452 0.000301506 4.27612e-09)
(-0.425006 0.000876109 1.46654e-08)
(-0.394827 0.00137937 2.533e-08)
(-0.355857 0.00179821 3.49546e-08)
(-0.31441 0.00213338 4.26639e-08)
(-0.277091 0.00233107 4.49324e-08)
(-0.249606 0.00215406 4.16968e-08)
(-0.235512 0.0010957 2.36209e-08)
(-0.440913 0.000270223 3.24278e-09)
(-0.424455 0.000840453 1.16766e-08)
(-0.394239 0.00151312 2.13173e-08)
(-0.355207 0.00238653 3.23238e-08)
(-0.313752 0.00354649 4.42233e-08)
(-0.276737 0.00489867 5.35475e-08)
(-0.25033 0.0057203 4.33388e-08)
(-0.238126 0.00385268 4.19815e-09)
(-0.440342 0.000285196 1.81987e-09)
(-0.423763 0.000935131 6.80835e-09)
(-0.393281 0.00184912 1.26407e-08)
(-0.353824 0.0032816 1.91672e-08)
(-0.311897 0.00556533 2.57222e-08)
(-0.274917 0.00897076 2.68217e-08)
(-0.250652 0.0129648 2.21739e-08)
(-0.245085 0.0130169 3.49552e-08)
(-0.439693 0.000305355 1.23104e-10)
(-0.422891 0.00103336 2.77725e-09)
(-0.391892 0.0021584 6.66468e-09)
(-0.351491 0.00411046 1.20185e-08)
(-0.308063 0.00762926 2.06774e-08)
(-0.269338 0.0140707 3.79223e-08)
(-0.246284 0.026133 6.24273e-08)
(-0.264107 0.0499201 1.67849e-08)
(-0.448254 0.0026356 7.19756e-08)
(-0.429815 0.0071146 2.1007e-07)
(-0.396104 0.00949879 3.1852e-07)
(-0.352693 0.00900823 3.82905e-07)
(-0.306561 0.00515256 3.99292e-07)
(-0.265621 -0.0028486 3.72353e-07)
(-0.240397 -0.0170493 2.98999e-07)
(-0.254316 -0.0429811 1.30054e-07)
(-0.44487 0.00140033 5.55787e-08)
(-0.427465 0.00377282 1.60279e-07)
(-0.395585 0.00497608 2.38801e-07)
(-0.35452 0.00451337 2.79199e-07)
(-0.311067 0.00211426 2.77925e-07)
(-0.272743 -0.00226343 2.35002e-07)
(-0.247203 -0.00790157 1.53184e-07)
(-0.240307 -0.0104843 5.78394e-08)
(-0.443081 0.000751165 3.92333e-08)
(-0.426239 0.00202828 1.12336e-07)
(-0.395363 0.00268376 1.63878e-07)
(-0.355555 0.00245232 1.8506e-07)
(-0.313337 0.00124219 1.74864e-07)
(-0.275636 -0.000765452 1.38085e-07)
(-0.248618 -0.00277282 8.25076e-08)
(-0.235931 -0.00265796 2.54672e-08)
(-0.442091 0.000433503 2.77825e-08)
(-0.425533 0.001195 7.7524e-08)
(-0.395161 0.00166673 1.09477e-07)
(-0.355961 0.00173192 1.17417e-07)
(-0.314285 0.00136448 1.01924e-07)
(-0.276758 0.000659821 6.86162e-08)
(-0.249095 -8.9694e-05 2.93074e-08)
(-0.234876 -0.000328904 4.89171e-09)
(-0.441452 0.0003015 1.77717e-08)
(-0.425006 0.00087609 4.93737e-08)
(-0.394827 0.00137934 6.69631e-08)
(-0.355857 0.00179818 6.67197e-08)
(-0.31441 0.00213335 5.16734e-08)
(-0.277091 0.00233108 2.92821e-08)
(-0.249606 0.00215408 1.62048e-08)
(-0.235512 0.00109568 1.07701e-08)
(-0.440913 0.000270218 1.3125e-08)
(-0.424455 0.000840437 3.49713e-08)
(-0.394239 0.00151309 4.56946e-08)
(-0.355207 0.0023865 4.35952e-08)
(-0.313752 0.00354646 3.11542e-08)
(-0.276737 0.00489863 1.52957e-08)
(-0.25033 0.00572026 -5.90036e-09)
(-0.238126 0.00385271 -2.38506e-08)
(-0.440342 0.00028519 9.12573e-09)
(-0.423763 0.000935113 2.46622e-08)
(-0.393281 0.00184909 3.07962e-08)
(-0.353824 0.00328156 2.57892e-08)
(-0.311897 0.00556528 1.16611e-08)
(-0.274917 0.00897073 -8.01746e-09)
(-0.250652 0.0129649 -1.64007e-08)
(-0.245085 0.0130169 2.24188e-08)
(-0.439693 0.000305351 9.39579e-09)
(-0.422891 0.00103334 2.5883e-08)
(-0.391892 0.00215838 3.58405e-08)
(-0.351491 0.00411042 3.81469e-08)
(-0.308063 0.0076292 3.64601e-08)
(-0.269338 0.0140707 4.02108e-08)
(-0.246284 0.0261329 5.24042e-08)
(-0.264108 0.0499198 1.01823e-10)
(-0.448253 0.00263553 1.77069e-07)
(-0.429814 0.00711441 4.74523e-07)
(-0.396104 0.00949849 6.74615e-07)
(-0.352693 0.00900785 7.50417e-07)
(-0.306561 0.00515211 6.93102e-07)
(-0.265621 -0.00284907 5.10305e-07)
(-0.240397 -0.0170498 2.45406e-07)
(-0.254317 -0.0429815 1.08716e-07)
(-0.44487 0.00140027 1.27505e-07)
(-0.427465 0.00377266 3.33955e-07)
(-0.395585 0.00497582 4.52777e-07)
(-0.35452 0.00451304 4.62975e-07)
(-0.311067 0.00211389 3.66309e-07)
(-0.272743 -0.00226379 2.03371e-07)
(-0.247203 -0.00790186 6.24321e-08)
(-0.240307 -0.0104844 3.52118e-09)
(-0.44308 0.000751116 8.73024e-08)
(-0.426239 0.00202814 2.21802e-07)
(-0.395363 0.00268355 2.8494e-07)
(-0.355555 0.00245206 2.61224e-07)
(-0.313338 0.00124192 1.58859e-07)
(-0.275637 -0.000765692 2.0312e-08)
(-0.248618 -0.00277299 -6.74832e-08)
(-0.235931 -0.00265802 -3.76578e-08)
(-0.442091 0.000433468 5.47771e-08)
(-0.425533 0.0011949 1.32863e-07)
(-0.395161 0.00166658 1.52097e-07)
(-0.355961 0.00173174 1.04161e-07)
(-0.314285 0.00136429 4.42025e-09)
(-0.276758 0.000659655 -9.79672e-08)
(-0.249095 -8.98033e-05 -1.29574e-07)
(-0.234876 -0.000328941 -6.00796e-08)
(-0.441452 0.000301476 3.3961e-08)
(-0.425005 0.000876024 7.52385e-08)
(-0.394827 0.00137925 6.83114e-08)
(-0.355857 0.00179806 6.72416e-09)
(-0.31441 0.00213324 -9.51486e-08)
(-0.277091 0.00233097 -1.90716e-07)
(-0.249606 0.00215399 -2.19899e-07)
(-0.235512 0.00109564 -1.15618e-07)
(-0.440913 0.000270205 2.13621e-08)
(-0.424455 0.000840404 4.14371e-08)
(-0.394239 0.00151305 1.76601e-08)
(-0.355207 0.00238645 -5.80692e-08)
(-0.313752 0.00354641 -1.74555e-07)
(-0.276738 0.00489859 -2.9016e-07)
(-0.25033 0.00572023 -3.03565e-07)
(-0.238126 0.00385271 -1.17331e-07)
(-0.440341 0.000285188 1.77636e-08)
(-0.423763 0.000935113 3.43907e-08)
(-0.393281 0.0018491 1.53135e-08)
(-0.353824 0.00328159 -4.67214e-08)
(-0.311897 0.00556534 -1.42807e-07)
(-0.274917 0.00897081 -2.31034e-07)
(-0.250652 0.012965 -2.41357e-07)
(-0.245085 0.0130169 -1.68472e-07)
(-0.439693 0.000305357 2.52691e-08)
(-0.422891 0.00103337 5.83214e-08)
(-0.391892 0.00215843 6.20807e-08)
(-0.351491 0.00411051 3.12501e-08)
(-0.308063 0.00762934 -3.57269e-08)
(-0.269338 0.0140708 -1.38626e-07)
(-0.246284 0.0261331 -2.51419e-07)
(-0.264108 0.04992 -1.30221e-07)
(-0.448253 0.00263539 1.17203e-07)
(-0.429814 0.00711402 3.04892e-07)
(-0.396103 0.00949788 4.24642e-07)
(-0.352693 0.00900705 4.60244e-07)
(-0.306561 0.00515118 4.0548e-07)
(-0.265622 -0.00285003 2.63873e-07)
(-0.240398 -0.0170506 7.22907e-08)
(-0.254317 -0.0429819 3.78487e-08)
(-0.444869 0.00140015 8.14659e-08)
(-0.427465 0.00377232 2.08257e-07)
(-0.395585 0.0049753 2.73943e-07)
(-0.35452 0.00451239 2.65865e-07)
(-0.311067 0.00211319 1.86353e-07)
(-0.272744 -0.00226441 6.82574e-08)
(-0.247203 -0.0079022 -1.66381e-08)
(-0.240307 -0.0104845 -2.49308e-08)
(-0.44308 0.000751019 5.59977e-08)
(-0.426238 0.00202788 1.36012e-07)
(-0.395363 0.00268316 1.65995e-07)
(-0.355555 0.0024516 1.36587e-07)
(-0.313338 0.00124147 5.4654e-08)
(-0.275637 -0.000766055 -4.67714e-08)
(-0.248618 -0.0027732 -9.66381e-08)
(-0.23593 -0.00265808 -4.33333e-08)
(-0.44209 0.000433397 3.31219e-08)
(-0.425533 0.00119471 7.64355e-08)
(-0.395161 0.0016663 7.86686e-08)
(-0.355962 0.00173141 3.53142e-08)
(-0.314285 0.00136397 -4.14338e-08)
(-0.276758 0.000659399 -1.13276e-07)
(-0.249095 -8.99988e-05 -1.23532e-07)
(-0.234876 -0.00032906 -5.3641e-08)
(-0.441452 0.000301433 2.04654e-08)
(-0.425005 0.000875908 4.05301e-08)
(-0.394827 0.00137908 2.66783e-08)
(-0.355858 0.00179786 -2.5041e-08)
(-0.31441 0.002133 -1.04158e-07)
(-0.277091 0.00233069 -1.75066e-07)
(-0.249606 0.00215373 -1.94407e-07)
(-0.235511 0.00109557 -1.02767e-07)
(-0.440913 0.000270185 1.14799e-08)
(-0.424455 0.000840356 1.81424e-08)
(-0.394239 0.00151299 -6.71715e-09)
(-0.355208 0.00238639 -6.93406e-08)
(-0.313752 0.00354636 -1.61486e-07)
(-0.276738 0.00489855 -2.51908e-07)
(-0.25033 0.00572021 -2.54326e-07)
(-0.238125 0.0038526 -8.92823e-08)
(-0.440341 0.000285197 1.04577e-08)
(-0.423763 0.000935147 1.65369e-08)
(-0.393281 0.00184918 -2.84195e-09)
(-0.353824 0.00328173 -5.33435e-08)
(-0.311898 0.00556556 -1.28746e-07)
(-0.274917 0.00897103 -1.96195e-07)
(-0.250652 0.012965 -2.02782e-07)
(-0.245084 0.0130169 -1.55936e-07)
(-0.439693 0.000305381 1.59964e-08)
(-0.422891 0.00103345 3.52157e-08)
(-0.391892 0.0021586 3.29049e-08)
(-0.351491 0.00411081 5.12176e-09)
(-0.308063 0.0076298 -5.15096e-08)
(-0.269338 0.0140714 -1.40914e-07)
(-0.246284 0.0261337 -2.41396e-07)
(-0.264107 0.0499208 -1.13538e-07)
(-0.439003 0.000299423 -2.43472e-10)
(-0.42191 0.00102867 3.14504e-10)
(-0.390203 0.00220264 8.50799e-10)
(-0.348353 0.00432038 3.04351e-10)
(-0.301937 0.00828974 -2.35973e-09)
(-0.256413 0.0159185 -9.17365e-09)
(-0.214803 0.0312197 -3.40913e-08)
(-0.169524 0.0644698 -9.94212e-08)
(-0.438365 0.000252465 -2.74192e-09)
(-0.420988 0.000870854 -5.16066e-09)
(-0.388601 0.00187246 -8.57502e-09)
(-0.345404 0.00366749 -1.58348e-08)
(-0.296465 0.00693642 -2.94778e-08)
(-0.246408 0.0127913 -5.19046e-08)
(-0.197733 0.0228155 -8.23813e-08)
(-0.148837 0.0379731 -8.56471e-08)
(-0.437879 0.000167687 -1.53644e-09)
(-0.42029 0.000577858 -3.28217e-09)
(-0.387407 0.00123711 -5.97598e-09)
(-0.343289 0.00239513 -1.20341e-08)
(-0.292813 0.00442175 -2.35395e-08)
(-0.240534 0.00779883 -4.14209e-08)
(-0.189621 0.0128942 -6.31543e-08)
(-0.141418 0.0190948 -7.44238e-08)
(-0.437619 5.86719e-05 -3.20403e-09)
(-0.419918 0.000201866 -6.11147e-09)
(-0.386783 0.0004303 -9.89388e-09)
(-0.342219 0.000825751 -1.7285e-08)
(-0.291061 0.00150056 -2.94718e-08)
(-0.237935 0.00257892 -4.55962e-08)
(-0.186437 0.0040997 -6.06976e-08)
(-0.138915 0.00576319 -6.25763e-08)
(-0.437619 -5.84021e-05 -1.38982e-09)
(-0.419918 -0.000200993 -2.03112e-09)
(-0.386783 -0.000428614 -2.90197e-09)
(-0.342219 -0.000822942 -5.99687e-09)
(-0.29106 -0.0014963 -1.25407e-08)
(-0.237935 -0.00257305 -2.2594e-08)
(-0.186437 -0.00409246 -3.51126e-08)
(-0.138915 -0.00575502 -4.58849e-08)
(-0.437879 -0.0001675 -1.47743e-09)
(-0.420289 -0.000577235 -1.47552e-09)
(-0.387405 -0.00123585 -1.4725e-09)
(-0.343287 -0.00239291 -3.78324e-09)
(-0.292811 -0.00441813 -9.94802e-09)
(-0.240532 -0.00779331 -2.22741e-08)
(-0.189619 -0.0128865 -4.26346e-08)
(-0.141417 -0.0190857 -6.31362e-08)
(-0.438364 -0.00025242 -2.02659e-10)
(-0.420986 -0.000870684 2.18524e-09)
(-0.388599 -0.00187204 5.81379e-09)
(-0.345401 -0.00366664 1.00088e-08)
(-0.296461 -0.00693491 1.57786e-08)
(-0.246403 -0.0127889 2.43322e-08)
(-0.197729 -0.0228122 3.95324e-08)
(-0.148837 -0.0379714 8.13641e-08)
(-0.439002 -0.000299592 1.32021e-09)
(-0.421908 -0.00102917 6.21957e-09)
(-0.390201 -0.00220349 1.34374e-08)
(-0.34835 -0.00432168 2.41313e-08)
(-0.301933 -0.00829178 4.07489e-08)
(-0.256409 -0.0159219 6.55031e-08)
(-0.214801 -0.0312256 9.62453e-08)
(-0.169527 -0.0644782 1.13266e-07)
(-0.439003 0.000299418 1.02975e-08)
(-0.42191 0.00102865 2.9666e-08)
(-0.390203 0.00220261 4.35635e-08)
(-0.348353 0.00432032 5.0963e-08)
(-0.301937 0.00828964 5.21292e-08)
(-0.256413 0.0159183 4.77146e-08)
(-0.214803 0.0312194 2.53203e-08)
(-0.169524 0.0644696 -3.3689e-08)
(-0.438365 0.000252462 1.22911e-08)
(-0.420988 0.000870847 3.75852e-08)
(-0.388601 0.00187244 6.01917e-08)
(-0.345404 0.00366746 7.93045e-08)
(-0.296465 0.00693638 9.60263e-08)
(-0.246408 0.0127912 1.10789e-07)
(-0.197733 0.0228154 1.23887e-07)
(-0.148837 0.0379731 1.62413e-07)
(-0.43788 0.000167686 1.54352e-08)
(-0.42029 0.000577856 4.68451e-08)
(-0.387407 0.00123711 7.73833e-08)
(-0.343289 0.00239513 1.07882e-07)
(-0.292813 0.00442175 1.39953e-07)
(-0.240534 0.00779885 1.7465e-07)
(-0.189621 0.0128943 2.11008e-07)
(-0.141418 0.0190948 2.51017e-07)
(-0.437619 5.86722e-05 1.59613e-08)
(-0.419918 0.000201869 5.07076e-08)
(-0.386783 0.000430306 8.61426e-08)
(-0.34222 0.000825763 1.23326e-07)
(-0.291061 0.00150058 1.65121e-07)
(-0.237936 0.00257895 2.13079e-07)
(-0.186437 0.00409976 2.65987e-07)
(-0.138915 0.00576325 3.1995e-07)
(-0.437619 -5.83986e-05 1.77509e-08)
(-0.419918 -0.000200984 5.43885e-08)
(-0.386783 -0.000428598 9.20295e-08)
(-0.342219 -0.000822915 1.32332e-07)
(-0.29106 -0.00149626 1.77794e-07)
(-0.237935 -0.002573 2.28836e-07)
(-0.186437 -0.00409243 2.80236e-07)
(-0.138915 -0.00575502 3.20529e-07)
(-0.437879 -0.000167498 1.5611e-08)
(-0.420289 -0.000577227 4.90693e-08)
(-0.387405 -0.00123584 8.23406e-08)
(-0.343287 -0.00239288 1.16156e-07)
(-0.292811 -0.00441807 1.52677e-07)
(-0.240532 -0.00779322 1.91208e-07)
(-0.189619 -0.0128864 2.27348e-07)
(-0.141417 -0.0190854 2.58946e-07)
(-0.438364 -0.000252414 1.49524e-08)
(-0.420986 -0.000870669 4.49104e-08)
(-0.388599 -0.00187201 7.36942e-08)
(-0.345401 -0.00366659 1.02297e-07)
(-0.296461 -0.0069348 1.34793e-07)
(-0.246403 -0.0127887 1.74192e-07)
(-0.197729 -0.0228119 2.24339e-07)
(-0.148837 -0.037971 2.9781e-07)
(-0.439002 -0.000299589 1.21419e-08)
(-0.421908 -0.00102916 3.62252e-08)
(-0.390201 -0.00220347 5.64409e-08)
(-0.34835 -0.00432165 7.37263e-08)
(-0.301933 -0.00829173 9.10046e-08)
(-0.256409 -0.0159218 1.12673e-07)
(-0.214801 -0.0312255 1.39453e-07)
(-0.169527 -0.0644783 1.55026e-07)
(-0.439003 0.000299429 3.30077e-08)
(-0.42191 0.00102869 8.71745e-08)
(-0.390203 0.00220269 1.24774e-07)
(-0.348353 0.00432046 1.46095e-07)
(-0.301937 0.00828986 1.56045e-07)
(-0.256413 0.0159186 1.62241e-07)
(-0.214803 0.0312199 1.94232e-07)
(-0.169524 0.0644701 3.48396e-07)
(-0.438365 0.000252475 5.09479e-08)
(-0.420988 0.000870888 1.41497e-07)
(-0.388601 0.00187252 2.2971e-07)
(-0.345404 0.0036676 3.2937e-07)
(-0.296465 0.00693659 4.5764e-07)
(-0.246408 0.0127916 6.30293e-07)
(-0.197733 0.0228159 8.45738e-07)
(-0.148837 0.0379736 1.00585e-06)
(-0.437879 0.000167695 5.77702e-08)
(-0.42029 0.000577885 1.67153e-07)
(-0.387407 0.00123716 2.82425e-07)
(-0.343289 0.00239522 4.21246e-07)
(-0.292813 0.00442189 6.03767e-07)
(-0.240534 0.00779904 8.43251e-07)
(-0.189621 0.0128945 1.12787e-06)
(-0.141418 0.0190951 1.37641e-06)
(-0.437619 5.86765e-05 6.73396e-08)
(-0.419918 0.000201881 1.93701e-07)
(-0.386783 0.000430329 3.30535e-07)
(-0.342219 0.0008258 4.98383e-07)
(-0.291061 0.00150063 7.15541e-07)
(-0.237935 0.00257902 9.86354e-07)
(-0.186437 0.00409984 1.28177e-06)
(-0.138915 0.00576333 1.51417e-06)
(-0.437619 -5.84028e-05 6.47453e-08)
(-0.419918 -0.000200996 1.87419e-07)
(-0.386783 -0.000428622 3.18326e-07)
(-0.342219 -0.000822956 4.7674e-07)
(-0.29106 -0.00149632 6.80354e-07)
(-0.237935 -0.00257309 9.3389e-07)
(-0.186437 -0.00409254 1.21518e-06)
(-0.138915 -0.00575514 1.45598e-06)
(-0.437879 -0.000167506 5.85195e-08)
(-0.420289 -0.000577254 1.66145e-07)
(-0.387405 -0.00123589 2.77498e-07)
(-0.343287 -0.00239297 4.09445e-07)
(-0.292811 -0.00441821 5.80046e-07)
(-0.240531 -0.00779342 8.03627e-07)
(-0.189619 -0.0128866 1.07762e-06)
(-0.141417 -0.0190857 1.3414e-06)
(-0.438364 -0.000252427 4.82513e-08)
(-0.420986 -0.00087071 1.3238e-07)
(-0.388598 -0.0018721 2.08441e-07)
(-0.345401 -0.00366673 2.86143e-07)
(-0.29646 -0.00693503 3.74516e-07)
(-0.246403 -0.012789 4.80243e-07)
(-0.197729 -0.0228124 5.92403e-07)
(-0.148837 -0.0379716 6.14641e-07)
(-0.439002 -0.0002996 3.22333e-08)
(-0.421908 -0.0010292 8.14676e-08)
(-0.390201 -0.00220354 1.08656e-07)
(-0.34835 -0.00432178 1.09301e-07)
(-0.301933 -0.00829194 8.06296e-08)
(-0.256409 -0.0159221 2.11932e-08)
(-0.214801 -0.0312259 -6.19479e-08)
(-0.169527 -0.0644788 -1.12496e-07)
(-0.439003 0.000299469 2.24667e-08)
(-0.421909 0.00102882 5.7823e-08)
(-0.390203 0.00220294 8.20611e-08)
(-0.348353 0.00432092 9.54366e-08)
(-0.301937 0.00829063 1.01556e-07)
(-0.256413 0.0159198 1.05353e-07)
(-0.214803 0.0312216 1.34821e-07)
(-0.169524 0.0644718 2.82664e-07)
(-0.438364 0.000252512 3.59149e-08)
(-0.420988 0.000871007 9.87509e-08)
(-0.3886 0.00187276 1.60944e-07)
(-0.345404 0.00366801 2.34231e-07)
(-0.296464 0.00693727 3.32136e-07)
(-0.246407 0.0127926 4.67599e-07)
(-0.197732 0.0228173 6.3947e-07)
(-0.148837 0.0379752 7.57786e-07)
(-0.437879 0.000167719 4.07986e-08)
(-0.420289 0.000577961 1.17026e-07)
(-0.387406 0.00123731 1.99065e-07)
(-0.343288 0.00239546 3.01329e-07)
(-0.292813 0.00442226 4.40274e-07)
(-0.240533 0.00779956 6.2718e-07)
(-0.18962 0.0128952 8.53706e-07)
(-0.141417 0.0190959 1.05097e-06)
(-0.437619 5.86861e-05 4.81743e-08)
(-0.419918 0.000201909 1.36882e-07)
(-0.386783 0.000430378 2.34498e-07)
(-0.342219 0.000825874 3.57772e-07)
(-0.29106 0.00150073 5.20948e-07)
(-0.237934 0.00257914 7.27679e-07)
(-0.186436 0.00409993 9.55087e-07)
(-0.138915 0.00576341 1.13164e-06)
(-0.437618 -5.84163e-05 4.56046e-08)
(-0.419918 -0.000201039 1.30999e-07)
(-0.386782 -0.000428704 2.23394e-07)
(-0.342218 -0.000823093 3.38412e-07)
(-0.291059 -0.00149653 4.90019e-07)
(-0.237934 -0.00257337 6.8246e-07)
(-0.186436 -0.00409283 8.99832e-07)
(-0.138914 -0.00575536 1.08957e-06)
(-0.437878 -0.000167531 4.14311e-08)
(-0.420288 -0.000577337 1.156e-07)
(-0.387405 -0.00123606 1.93685e-07)
(-0.343287 -0.00239326 2.89506e-07)
(-0.29281 -0.00441868 4.17422e-07)
(-0.240531 -0.00779413 5.90145e-07)
(-0.189618 -0.0128876 8.07634e-07)
(-0.141417 -0.0190871 1.01931e-06)
(-0.438363 -0.000252467 3.30962e-08)
(-0.420986 -0.000870838 8.96549e-08)
(-0.388598 -0.00187235 1.4056e-07)
(-0.345401 -0.00366719 1.93855e-07)
(-0.29646 -0.0069358 2.55502e-07)
(-0.246403 -0.0127903 3.30384e-07)
(-0.197729 -0.0228142 4.07596e-07)
(-0.148837 -0.0379739 3.98195e-07)
(-0.439002 -0.000299635 2.14117e-08)
(-0.421908 -0.00102931 5.1462e-08)
(-0.390201 -0.00220377 6.56525e-08)
(-0.34835 -0.00432219 5.97054e-08)
(-0.301933 -0.00829262 3.03738e-08)
(-0.256409 -0.0159232 -2.59772e-08)
(-0.214802 -0.0312273 -1.05155e-07)
(-0.169527 -0.0644798 -1.54256e-07)
(-0.0946197 0.114347 -7.55997e-08)
(-0.0315115 0.0572297 -4.80526e-08)
(-0.0129431 0.0298061 -2.72797e-08)
(-0.00612392 0.0157109 -1.42355e-08)
(-0.00310737 0.00824874 -6.85576e-09)
(-0.00161517 0.00427629 -2.9924e-09)
(-0.000839574 0.00217858 -1.13296e-09)
(-0.000431281 0.00108791 -3.17863e-10)
(-0.000217661 0.00053179 -1.20486e-11)
(-0.000107613 0.000254292 7.41302e-11)
(-5.2048e-05 0.000118923 7.63194e-11)
(-2.46114e-05 5.43941e-05 5.62124e-11)
(-1.13762e-05 2.43368e-05 3.54056e-11)
(-5.14082e-06 1.06543e-05 2.03897e-11)
(-2.27172e-06 4.56551e-06 1.09347e-11)
(-9.82017e-07 1.91569e-06 5.5748e-12)
(-4.15441e-07 7.87445e-07 2.70621e-12)
(-1.72077e-07 3.17223e-07 1.26753e-12)
(-6.98181e-08 1.25301e-07 5.69513e-13)
(-2.77622e-08 4.855e-08 2.48833e-13)
(-1.08242e-08 1.84615e-08 1.03973e-13)
(-4.14005e-09 6.89264e-09 4.20564e-14)
(-1.55416e-09 2.52778e-09 1.63553e-14)
(-5.72888e-10 9.11003e-10 5.84116e-15)
(-2.07457e-10 3.22786e-10 1.75235e-15)
(-7.38393e-11 1.1249e-10 0)
(-2.58413e-11 3.85739e-11 1.16823e-15)
(-8.89842e-12 1.30211e-11 0)
(-3.01287e-12 4.32596e-12 0)
(-1.01052e-12 1.41473e-12 -1.16823e-15)
(-3.39956e-13 4.46265e-13 0)
(-1.42524e-13 1.00468e-13 -1.16823e-15)
(-0.0963775 0.0509214 -6.14393e-08)
(-0.0530289 0.035585 -3.53262e-08)
(-0.0285758 0.0214726 -1.59274e-08)
(-0.0154335 0.0121674 -4.3882e-09)
(-0.00832722 0.00663543 1.16991e-09)
(-0.00445499 0.00351271 3.06225e-09)
(-0.0023488 0.00181123 3.12319e-09)
(-0.00121551 0.000910965 2.48173e-09)
(-0.000615957 0.000447254 1.72917e-09)
(-0.000305253 0.00021446 1.10168e-09)
(-0.00014785 0.000100474 6.56258e-10)
(-6.9975e-05 4.60097e-05 3.69701e-10)
(-3.23636e-05 2.06019e-05 1.98685e-10)
(-1.46305e-05 9.02419e-06 1.02346e-10)
(-6.46691e-06 3.86849e-06 5.07708e-11)
(-2.79605e-06 1.62368e-06 2.4315e-11)
(-1.18303e-06 6.67556e-07 1.12717e-11)
(-4.90067e-07 2.68969e-07 5.06779e-12)
(-1.98855e-07 1.06255e-07 2.2138e-12)
(-7.90772e-08 4.11745e-08 9.39843e-13)
(-3.08332e-08 1.56583e-08 3.87853e-13)
(-1.17937e-08 5.8465e-09 1.55375e-13)
(-4.42748e-09 2.14427e-09 6.07481e-14)
(-1.63211e-09 7.72835e-10 2.33646e-14)
(-5.91054e-10 2.73843e-10 7.00939e-15)
(-2.10372e-10 9.54387e-11 1.16823e-15)
(-7.36267e-11 3.2728e-11 1.16823e-15)
(-2.5353e-11 1.10503e-11 -5.84116e-16)
(-8.59118e-12 3.67526e-12 0)
(-2.87268e-12 1.20211e-12 -1.75235e-15)
(-9.71969e-13 3.79675e-13 -3.5047e-15)
(-4.06545e-13 8.52809e-14 -5.84116e-16)
(-0.0970078 0.0228165 -6.45244e-08)
(-0.0609603 0.0182473 -4.27416e-08)
(-0.0363607 0.0121548 -2.16685e-08)
(-0.0209611 0.00733354 -7.17841e-09)
(-0.011762 0.00415716 5.86256e-10)
(-0.00643937 0.00225373 3.58285e-09)
(-0.00344131 0.00117929 3.98255e-09)
(-0.00179526 0.000598602 3.2815e-09)
(-0.000914167 0.00029561 2.33515e-09)
(-0.000454393 0.000142279 1.50792e-09)
(-0.000220498 6.68216e-05 9.06874e-10)
(-0.000104484 3.06498e-05 5.14444e-10)
(-4.83618e-05 1.37396e-05 2.7796e-10)
(-2.18742e-05 6.02304e-06 1.4379e-10)
(-9.67222e-06 2.58341e-06 7.15752e-11)
(-4.18295e-06 1.08476e-06 3.43746e-11)
(-1.77016e-06 4.46125e-07 1.59762e-11)
(-7.33379e-07 1.79795e-07 7.19865e-12)
(-2.97613e-07 7.10414e-08 3.14839e-12)
(-1.18359e-07 2.75336e-08 1.33879e-12)
(-4.61523e-08 1.04723e-08 5.5491e-13)
(-1.76541e-08 3.91063e-09 2.23132e-13)
(-6.62782e-09 1.43442e-09 8.82015e-14)
(-2.44331e-09 5.17044e-10 3.44628e-14)
(-8.84853e-10 1.83227e-10 1.22664e-14)
(-3.14952e-10 6.38602e-11 4.08881e-15)
(-1.10231e-10 2.19044e-11 5.84116e-16)
(-3.79535e-11 7.39374e-12 0)
(-1.28622e-11 2.45796e-12 -1.16823e-15)
(-4.30494e-12 8.02576e-13 -1.75235e-15)
(-1.45445e-12 2.52338e-13 -1.75235e-15)
(-6.07481e-13 5.95798e-14 -1.16823e-15)
(-0.097225 0.00660273 -4.50724e-08)
(-0.0636906 0.00554598 -2.04806e-08)
(-0.0394895 0.00387194 -9.41872e-10)
(-0.0234311 0.00241654 9.72841e-09)
(-0.013407 0.00140125 1.306e-08)
(-0.00743287 0.000770964 1.21296e-08)
(-0.00400393 0.000407289 9.48233e-09)
(-0.00209918 0.000208026 6.64542e-09)
(-0.00107228 0.00010315 4.29922e-09)
(-0.000534042 4.97821e-05 2.60962e-09)
(-0.000259479 2.3424e-05 1.50167e-09)
(-0.000123057 1.07583e-05 8.24747e-10)
(-5.69903e-05 4.82734e-06 4.34548e-10)
(-2.57867e-05 2.11772e-06 2.2043e-10)
(-1.14052e-05 9.08865e-07 1.07985e-10)
(-4.93333e-06 3.81811e-07 5.11984e-11)
(-2.08799e-06 1.57091e-07 2.35434e-11)
(-8.65151e-07 6.33337e-08 1.05129e-11)
(-3.51117e-07 2.50331e-08 4.56487e-12)
(-1.39646e-07 9.70518e-09 1.92934e-12)
(-5.44562e-08 3.69243e-09 7.95566e-13)
(-2.08315e-08 1.37925e-09 3.19512e-13)
(-7.82106e-09 5.06057e-10 1.23833e-13)
(-2.88331e-09 1.82464e-10 4.78975e-14)
(-1.04424e-09 6.46768e-11 1.92758e-14)
(-3.71695e-10 2.25469e-11 6.42528e-15)
(-1.30096e-10 7.73019e-12 5.84116e-16)
(-4.47959e-11 2.60749e-12 0)
(-1.518e-11 8.67997e-13 5.84116e-16)
(-5.07831e-12 2.85049e-13 -1.16823e-15)
(-1.71847e-12 8.76174e-14 -2.92058e-15)
(-7.16126e-13 1.86917e-14 0)
(-0.097225 -0.00659464 -5.28475e-08)
(-0.0636911 -0.0055388 -2.89786e-08)
(-0.0394902 -0.0038661 -5.77657e-09)
(-0.0234318 -0.00241218 7.2902e-09)
(-0.0134076 -0.00139823 1.17625e-08)
(-0.00743333 -0.000768994 1.13408e-08)
(-0.00400425 -0.000406074 8.96504e-09)
(-0.0020994 -0.00020731 6.29959e-09)
(-0.00107241 -0.000102745 4.07585e-09)
(-0.000534119 -4.95615e-05 2.4711e-09)
(-0.000259522 -2.33078e-05 1.42015e-09)
(-0.00012308 -1.06991e-05 7.78811e-10)
(-5.70024e-05 -4.79806e-06 4.0985e-10)
(-2.57927e-05 -2.10365e-06 2.07643e-10)
(-1.14081e-05 -9.02288e-07 1.01625e-10)
(-4.93472e-06 -3.78818e-07 4.81341e-11)
(-2.08863e-06 -1.55763e-07 2.21176e-11)
(-8.65437e-07 -6.27582e-08 9.86923e-12)
(-3.51241e-07 -2.47897e-08 4.28391e-12)
(-1.39699e-07 -9.60456e-09 1.81076e-12)
(-5.44782e-08 -3.65174e-09 7.45332e-13)
(-2.08405e-08 -1.36315e-09 2.99067e-13)
(-7.82462e-09 -4.99812e-10 1.17407e-13)
(-2.88469e-09 -1.8009e-10 4.43928e-14)
(-1.04477e-09 -6.37913e-11 1.63553e-14)
(-3.71897e-10 -2.22268e-11 5.84116e-15)
(-1.30171e-10 -7.62505e-12 4.08881e-15)
(-4.48157e-11 -2.57712e-12 1.16823e-15)
(-1.51859e-11 -8.57482e-13 0)
(-5.08531e-12 -2.81544e-13 -1.75235e-15)
(-1.71847e-12 -9.11221e-14 -1.75235e-15)
(-7.14958e-13 -2.21964e-14 -5.84116e-16)
(-0.0970088 -0.0228085 -2.42088e-08)
(-0.060962 -0.0182409 5.38882e-09)
(-0.0363629 -0.0121501 2.00727e-08)
(-0.0209633 -0.00733032 2.38042e-08)
(-0.0117639 -0.00415509 2.1443e-08)
(-0.00644072 -0.00225244 1.67196e-08)
(-0.00344224 -0.00117852 1.18253e-08)
(-0.00179586 -0.000598163 7.77054e-09)
(-0.000914531 -0.000295366 4.80644e-09)
(-0.000454605 -0.000142147 2.82433e-09)
(-0.000220616 -6.67529e-05 1.58553e-09)
(-0.000104547 -3.06149e-05 8.54465e-10)
(-4.83949e-05 -1.37224e-05 4.43401e-10)
(-2.18909e-05 -6.01479e-06 2.22229e-10)
(-9.68035e-06 -2.57956e-06 1.07777e-10)
(-4.18681e-06 -1.08301e-06 5.06878e-11)
(-1.77194e-06 -4.45346e-07 2.31497e-11)
(-7.34178e-07 -1.79458e-07 1.02822e-11)
(-2.97963e-07 -7.08982e-08 4.44512e-12)
(-1.18508e-07 -2.74744e-08 1.87268e-12)
(-4.62148e-08 -1.04483e-08 7.69865e-13)
(-1.76796e-08 -3.9011e-09 3.07829e-13)
(-6.638e-09 -1.43072e-09 1.20328e-13)
(-2.44729e-09 -5.15637e-10 4.61452e-14)
(-8.8638e-10 -1.827e-10 1.81076e-14)
(-3.1553e-10 -6.36722e-11 8.76174e-15)
(-1.10442e-10 -2.18343e-11 4.67293e-15)
(-3.80271e-11 -7.36921e-12 4.08881e-15)
(-1.28879e-11 -2.45095e-12 1.75235e-15)
(-4.31428e-12 -8.0608e-13 1.16823e-15)
(-1.45795e-12 -2.59348e-13 1.16823e-15)
(-6.0164e-13 -5.95798e-14 0)
(-0.0963802 -0.0509219 9.63439e-08)
(-0.0530326 -0.0355861 8.62908e-08)
(-0.0285796 -0.0214738 6.86619e-08)
(-0.0154368 -0.0121685 5.07735e-08)
(-0.00832975 -0.00663627 3.54261e-08)
(-0.00445676 -0.00351329 2.34835e-08)
(-0.00234997 -0.00181161 1.48549e-08)
(-0.00121624 -0.000911192 8.99689e-09)
(-0.000616395 -0.000447384 5.23237e-09)
(-0.000305506 -0.000214532 2.92908e-09)
(-0.000147989 -0.000100512 1.58184e-09)
(-7.00498e-05 -4.60293e-05 8.25636e-10)
(-3.24022e-05 -2.06117e-05 4.17236e-10)
(-1.46499e-05 -9.0289e-06 2.04437e-10)
(-6.47635e-06 -3.8707e-06 9.72658e-11)
(-2.80051e-06 -1.62469e-06 4.49834e-11)
(-1.18509e-06 -6.68006e-07 2.0249e-11)
(-4.90989e-07 -2.69165e-07 8.87856e-12)
(-1.99258e-07 -1.06338e-07 3.79559e-12)
(-7.92494e-08 -4.1209e-08 1.58471e-12)
(-3.09049e-08 -1.56723e-08 6.44864e-13)
(-1.18229e-08 -5.85204e-09 2.57595e-13)
(-4.43915e-09 -2.14642e-09 1.00468e-13)
(-1.63666e-09 -7.73652e-10 3.91358e-14)
(-5.92802e-10 -2.7415e-10 1.46029e-14)
(-2.11034e-10 -9.55509e-11 7.59351e-15)
(-7.38662e-11 -3.27654e-11 4.67293e-15)
(-2.54359e-11 -1.10573e-11 2.33646e-15)
(-8.62272e-12 -3.67759e-12 5.84116e-16)
(-2.88787e-12 -1.20328e-12 1.75235e-15)
(-9.74306e-13 -3.76171e-13 2.92058e-15)
(-3.98367e-13 -8.41127e-14 1.16823e-15)
(-0.0946235 -0.114362 6.5109e-08)
(-0.0315139 -0.0572423 4.56651e-08)
(-0.0129453 -0.0298155 3.26239e-08)
(-0.00612569 -0.0157174 2.26292e-08)
(-0.00310866 -0.008253 1.50864e-08)
(-0.00161605 -0.00427896 9.65938e-09)
(-0.000840146 -0.00218018 5.94366e-09)
(-0.000431635 -0.00108884 3.52086e-09)
(-0.000217871 -0.000532309 2.01048e-09)
(-0.000107733 -0.000254572 1.10867e-09)
(-5.21141e-05 -0.00011907 5.91134e-10)
(-2.46467e-05 -5.44686e-05 3.05269e-10)
(-1.13944e-05 -2.43736e-05 1.52841e-10)
(-5.14994e-06 -1.06719e-05 7.43066e-11)
(-2.27615e-06 -4.57373e-06 3.51071e-11)
(-9.84114e-07 -1.91943e-06 1.61409e-11)
(-4.16406e-07 -7.89103e-07 7.2261e-12)
(-1.7251e-07 -3.17941e-07 3.15306e-12)
(-7.00071e-08 -1.25605e-07 1.34171e-12)
(-2.78429e-08 -4.86755e-08 5.58415e-13)
(-1.08578e-08 -1.85123e-08 2.27805e-13)
(-4.15376e-09 -6.91274e-09 8.99539e-14)
(-1.55962e-09 -2.53558e-09 3.56311e-14)
(-5.75021e-10 -9.13966e-10 1.28506e-14)
(-2.08275e-10 -3.23891e-10 5.84116e-15)
(-7.41465e-11 -1.12886e-10 3.5047e-15)
(-2.59499e-11 -3.8714e-11 2.33646e-15)
(-8.93698e-12 -1.3069e-11 0)
(-3.03156e-12 -4.34115e-12 0)
(-1.01636e-12 -1.41356e-12 1.16823e-15)
(-3.41124e-13 -4.39255e-13 1.75235e-15)
(-1.37851e-13 -9.81315e-14 1.16823e-15)
(-0.0946196 0.114346 -1.13685e-09)
(-0.0315114 0.0572296 2.04728e-08)
(-0.012943 0.029806 2.95569e-08)
(-0.00612388 0.0157108 2.89027e-08)
(-0.00310735 0.00824873 2.3567e-08)
(-0.00161516 0.00427629 1.71562e-08)
(-0.000839569 0.00217858 1.15344e-08)
(-0.000431279 0.00108791 7.27849e-09)
(-0.000217661 0.000531793 4.35971e-09)
(-0.000107613 0.000254294 2.49308e-09)
(-5.2048e-05 0.000118925 1.36846e-09)
(-2.46115e-05 5.4395e-05 7.22958e-10)
(-1.13763e-05 2.43373e-05 3.68838e-10)
(-5.14087e-06 1.06546e-05 1.8199e-10)
(-2.27174e-06 4.56563e-06 8.70608e-11)
(-9.82034e-07 1.91575e-06 4.04138e-11)
(-4.1545e-07 7.87473e-07 1.8239e-11)
(-1.72082e-07 3.17235e-07 8.00706e-12)
(-6.98201e-08 1.25307e-07 3.42526e-12)
(-2.77632e-08 4.85524e-08 1.427e-12)
(-1.08246e-08 1.84625e-08 5.80611e-13)
(-4.14023e-09 6.89304e-09 2.3131e-13)
(-1.55423e-09 2.52794e-09 8.99539e-14)
(-5.72917e-10 9.11065e-10 3.32946e-14)
(-2.07469e-10 3.22806e-10 1.16823e-14)
(-7.38416e-11 1.12496e-10 4.08881e-15)
(-2.58436e-11 3.85774e-11 5.84116e-16)
(-8.89842e-12 1.30211e-11 -1.16823e-15)
(-3.01638e-12 4.3283e-12 -1.16823e-15)
(-1.01052e-12 1.40889e-12 -1.16823e-15)
(-3.38787e-13 4.39255e-13 -1.75235e-15)
(-1.40188e-13 9.81315e-14 1.16823e-15)
(-0.0963774 0.0509214 1.91518e-07)
(-0.0530288 0.035585 1.97013e-07)
(-0.0285757 0.0214726 1.73244e-07)
(-0.0154334 0.0121674 1.36364e-07)
(-0.00832721 0.00663545 9.88107e-08)
(-0.00445499 0.00351272 6.70626e-08)
(-0.0023488 0.00181124 4.30412e-08)
(-0.00121551 0.000910973 2.63133e-08)
(-0.000615959 0.000447259 1.53907e-08)
(-0.000305256 0.000214463 8.6478e-09)
(-0.000147851 0.000100476 4.67962e-09)
(-6.9976e-05 4.60107e-05 2.44541e-09)
(-3.23641e-05 2.06024e-05 1.2361e-09)
(-1.46308e-05 9.02443e-06 6.05592e-10)
(-6.46707e-06 3.86861e-06 2.87914e-10)
(-2.79613e-06 1.62374e-06 1.33035e-10)
(-1.18307e-06 6.67583e-07 5.98012e-11)
(-4.90085e-07 2.68981e-07 2.6183e-11)
(-1.98863e-07 1.0626e-07 1.11741e-11)
(-7.90809e-08 4.11767e-08 4.65307e-12)
(-3.08347e-08 1.56592e-08 1.89078e-12)
(-1.17943e-08 5.84686e-09 7.50005e-13)
(-4.42774e-09 2.14441e-09 2.90306e-13)
(-1.63221e-09 7.72887e-10 1.10982e-13)
(-5.91096e-10 2.73865e-10 4.20564e-14)
(-2.10387e-10 9.54469e-11 1.5187e-14)
(-7.36313e-11 3.2728e-11 4.08881e-15)
(-2.5353e-11 1.10503e-11 2.33646e-15)
(-8.59352e-12 3.67292e-12 1.16823e-15)
(-2.87852e-12 1.20094e-12 -1.16823e-15)
(-9.70801e-13 3.76171e-13 -2.92058e-15)
(-4.00704e-13 8.64492e-14 -5.84116e-16)
(-0.0970077 0.0228165 2.81176e-07)
(-0.0609602 0.0182474 2.77061e-07)
(-0.0363607 0.0121549 2.41972e-07)
(-0.0209611 0.00733357 1.9146e-07)
(-0.011762 0.00415719 1.39928e-07)
(-0.00643936 0.00225374 9.56379e-08)
(-0.00344131 0.0011793 6.17532e-08)
(-0.00179526 0.00059861 3.79047e-08)
(-0.000914171 0.000295615 2.22456e-08)
(-0.000454396 0.000142282 1.25252e-08)
(-0.0002205 6.68233e-05 6.79079e-09)
(-0.000104485 3.06507e-05 3.55245e-09)
(-4.83625e-05 1.374e-05 1.79784e-09)
(-2.18746e-05 6.02327e-06 8.8134e-10)
(-9.67244e-06 2.58352e-06 4.19368e-10)
(-4.18306e-06 1.08481e-06 1.93855e-10)
(-1.77021e-06 4.4615e-07 8.72027e-11)
(-7.33404e-07 1.79806e-07 3.81924e-11)
(-2.97624e-07 7.10461e-08 1.63085e-11)
(-1.18364e-07 2.75356e-08 6.79502e-12)
(-4.61545e-08 1.04731e-08 2.76462e-12)
(-1.7655e-08 3.91096e-09 1.09755e-12)
(-6.6282e-09 1.43455e-09 4.24652e-13)
(-2.44346e-09 5.17093e-10 1.60632e-13)
(-8.84914e-10 1.83248e-10 6.13322e-14)
(-3.14975e-10 6.38696e-11 2.16123e-14)
(-1.10239e-10 2.19044e-11 7.59351e-15)
(-3.7957e-11 7.39374e-12 2.33646e-15)
(-1.28681e-11 2.45796e-12 0)
(-4.3061e-12 8.01407e-13 -1.75235e-15)
(-1.45328e-12 2.53506e-13 -2.92058e-15)
(-5.99303e-13 5.72434e-14 -5.84116e-16)
(-0.0972249 0.00660275 3.56806e-07)
(-0.0636905 0.005546 3.52434e-07)
(-0.0394895 0.00387197 3.08752e-07)
(-0.0234311 0.00241657 2.44717e-07)
(-0.013407 0.00140127 1.78658e-07)
(-0.00743288 0.000770979 1.21886e-07)
(-0.00400394 0.000407299 7.84716e-08)
(-0.00209919 0.000208032 4.80436e-08)
(-0.00107229 0.000103153 2.81153e-08)
(-0.000534048 4.97841e-05 1.57957e-08)
(-0.000259482 2.3425e-05 8.54462e-09)
(-0.000123059 1.07588e-05 4.46296e-09)
(-5.69915e-05 4.8276e-06 2.25494e-09)
(-2.57873e-05 2.11785e-06 1.10433e-09)
(-1.14055e-05 9.08925e-07 5.24907e-10)
(-4.9335e-06 3.81839e-07 2.42524e-10)
(-2.08808e-06 1.57104e-07 1.09029e-10)
(-8.65189e-07 6.3339e-08 4.77503e-11)
(-3.51134e-07 2.50353e-08 2.03874e-11)
(-1.39654e-07 9.70613e-09 8.4948e-12)
(-5.44594e-08 3.69281e-09 3.45797e-12)
(-2.08329e-08 1.37941e-09 1.37443e-12)
(-7.82161e-09 5.06117e-10 5.33882e-13)
(-2.88352e-09 1.82485e-10 2.02688e-13)
(-1.04432e-09 6.46885e-11 7.71033e-14)
(-3.71731e-10 2.25527e-11 2.86217e-14)
(-1.30106e-10 7.73603e-12 9.92997e-15)
(-4.47959e-11 2.61217e-12 5.25704e-15)
(-1.5187e-11 8.72669e-13 1.75235e-15)
(-5.08531e-12 2.87385e-13 -5.84116e-16)
(-1.71496e-12 8.99539e-14 -1.75235e-15)
(-7.10285e-13 2.21964e-14 -1.16823e-15)
(-0.0972249 -0.0065946 3.29514e-07)
(-0.063691 -0.00553875 3.25351e-07)
(-0.0394901 -0.00386606 2.88606e-07)
(-0.0234317 -0.00241215 2.30764e-07)
(-0.0134076 -0.00139821 1.69334e-07)
(-0.00743334 -0.000768985 1.15835e-07)
(-0.00400426 -0.000406069 7.46935e-08)
(-0.00209941 -0.000207307 4.57706e-08)
(-0.00107242 -0.000102744 2.68029e-08)
(-0.000534124 -4.9561e-05 1.50651e-08)
(-0.000259525 -2.33077e-05 8.15312e-09)
(-0.000123082 -1.0699e-05 4.26004e-09)
(-5.70035e-05 -4.79804e-06 2.15336e-09)
(-2.57933e-05 -2.10365e-06 1.055e-09)
(-1.14084e-05 -9.02289e-07 5.01697e-10)
(-4.93488e-06 -3.78819e-07 2.31902e-10)
(-2.08871e-06 -1.55763e-07 1.04311e-10)
(-8.65473e-07 -6.27586e-08 4.57083e-11)
(-3.51257e-07 -2.47899e-08 1.95299e-11)
(-1.39706e-07 -9.60467e-09 8.14316e-12)
(-5.44812e-08 -3.65179e-09 3.3172e-12)
(-2.08417e-08 -1.36317e-09 1.31952e-12)
(-7.82512e-09 -4.99818e-10 5.12854e-13)
(-2.88489e-09 -1.80091e-10 1.95095e-13)
(-1.04484e-09 -6.37925e-11 7.30145e-14)
(-3.71925e-10 -2.22244e-11 2.86217e-14)
(-1.30181e-10 -7.61804e-12 1.34347e-14)
(-4.48227e-11 -2.57011e-12 6.42528e-15)
(-1.51917e-11 -8.53978e-13 2.92058e-15)
(-5.08882e-12 -2.75703e-13 1.16823e-15)
(-1.7173e-12 -8.41127e-14 1.16823e-15)
(-7.12622e-13 -2.10282e-14 5.84116e-16)
(-0.0970086 -0.0228082 3.26803e-07)
(-0.0609619 -0.0182406 3.27478e-07)
(-0.0363629 -0.01215 2.82201e-07)
(-0.0209633 -0.00733023 2.19154e-07)
(-0.0117639 -0.00415504 1.5736e-07)
(-0.00644074 -0.00225242 1.06e-07)
(-0.00344226 -0.00117851 6.76398e-08)
(-0.00179587 -0.000598158 4.11423e-08)
(-0.000914541 -0.000295364 2.3971e-08)
(-0.000454611 -0.000142146 1.34232e-08)
(-0.00022062 -6.67526e-05 7.24587e-09)
(-0.00010455 -3.06148e-05 3.77848e-09)
(-4.83961e-05 -1.37224e-05 1.90736e-09)
(-2.18916e-05 -6.01479e-06 9.33459e-10)
(-9.6807e-06 -2.57956e-06 4.43592e-10)
(-4.18698e-06 -1.08301e-06 2.0493e-10)
(-1.77202e-06 -4.4535e-07 9.21507e-11)
(-7.34216e-07 -1.7946e-07 4.03712e-11)
(-2.9798e-07 -7.08992e-08 1.72507e-11)
(-1.18516e-07 -2.74748e-08 7.19222e-12)
(-4.62179e-08 -1.04485e-08 2.93051e-12)
(-1.76809e-08 -3.90118e-09 1.16706e-12)
(-6.63853e-09 -1.43075e-09 4.5269e-13)
(-2.44749e-09 -5.1565e-10 1.72314e-13)
(-8.86453e-10 -1.82707e-10 6.48369e-14)
(-3.15557e-10 -6.36722e-11 2.57011e-14)
(-1.10453e-10 -2.18308e-11 1.22664e-14)
(-3.80318e-11 -7.36687e-12 7.59351e-15)
(-1.28926e-11 -2.45212e-12 4.08881e-15)
(-4.31662e-12 -8.00239e-13 1.75235e-15)
(-1.46029e-12 -2.48833e-13 1.75235e-15)
(-6.05144e-13 -5.84116e-14 1.16823e-15)
(-0.0963802 -0.0509217 3.10139e-07)
(-0.0530327 -0.035586 2.82962e-07)
(-0.0285797 -0.0214738 2.29457e-07)
(-0.0154368 -0.0121685 1.70821e-07)
(-0.0083298 -0.00663628 1.18979e-07)
(-0.00445681 -0.0035133 7.84176e-08)
(-0.00235 -0.00181162 4.92274e-08)
(-0.00121626 -0.0009112 2.95806e-08)
(-0.000616408 -0.00044739 1.707e-08)
(-0.000305513 -0.000214535 9.48835e-09)
(-0.000147994 -0.000100514 5.09069e-09)
(-7.00521e-05 -4.60304e-05 2.6419e-09)
(-3.24035e-05 -2.06122e-05 1.32817e-09)
(-1.46505e-05 -9.02919e-06 6.47895e-10)
(-6.47667e-06 -3.87084e-06 3.07016e-10)
(-2.80067e-06 -1.62476e-06 1.41519e-10)
(-1.18516e-06 -6.68038e-07 6.35104e-11)
(-4.91022e-07 -2.69179e-07 2.778e-11)
(-1.99273e-07 -1.06344e-07 1.18529e-11)
(-7.92557e-08 -4.12116e-08 4.93753e-12)
(-3.09076e-08 -1.56733e-08 2.00994e-12)
(-1.1824e-08 -5.85248e-09 8.00823e-13)
(-4.43959e-09 -2.14659e-09 3.11918e-13)
(-1.63684e-09 -7.73718e-10 1.20328e-13)
(-5.92866e-10 -2.74175e-10 4.38087e-14)
(-2.11052e-10 -9.55591e-11 1.81076e-14)
(-7.38778e-11 -3.27724e-11 7.59351e-15)
(-2.54418e-11 -1.10655e-11 4.67293e-15)
(-8.62506e-12 -3.67993e-12 4.08881e-15)
(-2.88437e-12 -1.20445e-12 2.92058e-15)
(-9.75474e-13 -3.77339e-13 2.92058e-15)
(-4.06545e-13 -8.41127e-14 1.16823e-15)
(-0.0946237 -0.114362 1.01275e-07)
(-0.031514 -0.0572425 7.92932e-08)
(-0.0129453 -0.0298157 6.27164e-08)
(-0.00612572 -0.0157175 4.70771e-08)
(-0.00310869 -0.0082531 3.3231e-08)
(-0.00161607 -0.00427902 2.21505e-08)
(-0.000840158 -0.00218023 1.40292e-08)
(-0.000431642 -0.00108886 8.48501e-09)
(-0.000217876 -0.000532323 4.9212e-09)
(-0.000107736 -0.00025458 2.74549e-09)
(-5.21157e-05 -0.000119074 1.47733e-09)
(-2.46476e-05 -5.44708e-05 7.68286e-10)
(-1.13949e-05 -2.43747e-05 3.869e-10)
(-5.15017e-06 -1.06725e-05 1.88946e-10)
(-2.27627e-06 -4.57399e-06 8.96168e-11)
(-9.84169e-07 -1.91955e-06 4.13268e-11)
(-4.16432e-07 -7.89158e-07 1.85539e-11)
(-1.72522e-07 -3.17965e-07 8.11454e-12)
(-7.00123e-08 -1.25615e-07 3.46147e-12)
(-2.78451e-08 -4.86798e-08 1.44101e-12)
(-1.08588e-08 -1.8514e-08 5.87621e-13)
(-4.15414e-09 -6.91343e-09 2.34815e-13)
(-1.55978e-09 -2.53585e-09 9.28745e-14)
(-5.75077e-10 -9.14072e-10 3.5047e-14)
(-2.08297e-10 -3.23933e-10 1.46029e-14)
(-7.41535e-11 -1.1291e-10 5.84116e-15)
(-2.59581e-11 -3.87269e-11 3.5047e-15)
(-8.93814e-12 -1.30749e-11 1.16823e-15)
(-3.03156e-12 -4.34582e-12 0)
(-1.01519e-12 -1.41823e-12 1.75235e-15)
(-3.39956e-13 -4.48601e-13 1.16823e-15)
(-1.42524e-13 -1.00468e-13 0)
(-0.0946196 0.114347 3.11872e-07)
(-0.0315114 0.0572302 3.01615e-07)
(-0.0129431 0.0298065 2.45849e-07)
(-0.00612393 0.0157112 1.78321e-07)
(-0.00310739 0.00824898 1.20021e-07)
(-0.00161519 0.00427646 7.6531e-08)
(-0.000839594 0.00217869 4.66742e-08)
(-0.000431295 0.00108798 2.7367e-08)
(-0.000217671 0.000531829 1.54717e-08)
(-0.000107619 0.000254314 8.45222e-09)
(-5.20515e-05 0.000118935 4.46903e-09)
(-2.46134e-05 5.44004e-05 2.29037e-09)
(-1.13773e-05 2.434e-05 1.13916e-09)
(-5.14138e-06 1.06559e-05 5.50486e-10)
(-2.272e-06 4.56626e-06 2.58739e-10)
(-9.82155e-07 1.91604e-06 1.18395e-10)
(-4.15506e-07 7.87602e-07 5.27953e-11)
(-1.72107e-07 3.17291e-07 2.29569e-11)
(-6.98312e-08 1.2533e-07 9.74481e-12)
(-2.77679e-08 4.85622e-08 4.03975e-12)
(-1.08266e-08 1.84665e-08 1.63845e-12)
(-4.14104e-09 6.8946e-09 6.50121e-13)
(-1.55455e-09 2.52854e-09 2.51754e-13)
(-5.73044e-10 9.11294e-10 9.75474e-14)
(-2.07519e-10 3.22894e-10 3.62152e-14)
(-7.38591e-11 1.1253e-10 1.22664e-14)
(-2.58483e-11 3.85855e-11 4.08881e-15)
(-8.9031e-12 1.30258e-11 2.92058e-15)
(-3.01404e-12 4.3283e-12 1.16823e-15)
(-1.01052e-12 1.41473e-12 2.33646e-15)
(-3.38787e-13 4.36919e-13 5.84116e-16)
(-1.40188e-13 9.92997e-14 5.84116e-16)
(-0.0963775 0.0509219 1.07972e-06)
(-0.053029 0.0355855 9.61689e-07)
(-0.0285759 0.021473 7.4656e-07)
(-0.0154336 0.0121677 5.29827e-07)
(-0.00832736 0.00663566 3.52868e-07)
(-0.0044551 0.00351286 2.23429e-07)
(-0.00234888 0.00181133 1.35468e-07)
(-0.00121556 0.000911027 7.89676e-08)
(-0.000615992 0.00044729 4.4387e-08)
(-0.000305275 0.00021448 2.41056e-08)
(-0.000147862 0.000100485 1.26716e-08)
(-6.99819e-05 4.60154e-05 6.45638e-09)
(-3.23672e-05 2.06048e-05 3.19299e-09)
(-1.46324e-05 9.02559e-06 1.53433e-09)
(-6.46786e-06 3.86915e-06 7.17233e-10)
(-2.7965e-06 1.62399e-06 3.26442e-10)
(-1.18324e-06 6.67694e-07 1.4481e-10)
(-4.90164e-07 2.6903e-07 6.2654e-11)
(-1.98898e-07 1.06281e-07 2.64645e-11)
(-7.90958e-08 4.11853e-08 1.09189e-11)
(-3.0841e-08 1.56627e-08 4.40424e-12)
(-1.17969e-08 5.84823e-09 1.73891e-12)
(-4.42876e-09 2.14494e-09 6.70565e-13)
(-1.63261e-09 7.73089e-10 2.52922e-13)
(-5.91246e-10 2.73943e-10 9.40427e-14)
(-2.10448e-10 9.54714e-11 3.44628e-14)
(-7.36547e-11 3.2742e-11 1.05141e-14)
(-2.53588e-11 1.1055e-11 3.5047e-15)
(-8.59585e-12 3.67409e-12 1.75235e-15)
(-2.87852e-12 1.19861e-12 1.16823e-15)
(-9.74306e-13 3.78507e-13 0)
(-3.98367e-13 8.52809e-14 -1.16823e-15)
(-0.0970077 0.0228168 1.43113e-06)
(-0.0609603 0.0182476 1.2771e-06)
(-0.0363609 0.0121551 1.01231e-06)
(-0.0209613 0.00733375 7.34933e-07)
(-0.0117622 0.00415732 4.98412e-07)
(-0.00643952 0.00225383 3.19806e-07)
(-0.00344143 0.00117936 1.95657e-07)
(-0.00179534 0.000598645 1.14778e-07)
(-0.000914218 0.000295636 6.47871e-08)
(-0.000454424 0.000142293 3.52956e-08)
(-0.000220516 6.68294e-05 1.85941e-08)
(-0.000104494 3.06538e-05 9.49172e-09)
(-4.83671e-05 1.37416e-05 4.70059e-09)
(-2.1877e-05 6.02403e-06 2.26197e-09)
(-9.67359e-06 2.58388e-06 1.05857e-09)
(-4.18361e-06 1.08498e-06 4.82423e-10)
(-1.77047e-06 4.46224e-07 2.14239e-10)
(-7.3352e-07 1.79839e-07 9.28213e-11)
(-2.97676e-07 7.10598e-08 3.92544e-11)
(-1.18386e-07 2.75413e-08 1.62215e-11)
(-4.61636e-08 1.04754e-08 6.55145e-12)
(-1.76588e-08 3.91188e-09 2.59055e-12)
(-6.62969e-09 1.43491e-09 1.00293e-12)
(-2.44404e-09 5.1723e-10 3.8026e-13)
(-8.85133e-10 1.83296e-10 1.42524e-13)
(-3.15059e-10 6.38894e-11 4.96499e-14)
(-1.10266e-10 2.19137e-11 1.92758e-14)
(-3.79699e-11 7.40192e-12 6.42528e-15)
(-1.28704e-11 2.4603e-12 4.08881e-15)
(-4.30844e-12 8.03744e-13 3.5047e-15)
(-1.45445e-12 2.57011e-13 5.84116e-16)
(-6.0164e-13 5.72434e-14 -1.16823e-15)
(-0.0972249 0.00660282 1.56414e-06)
(-0.0636907 0.00554607 1.41057e-06)
(-0.0394898 0.00387203 1.13371e-06)
(-0.0234314 0.00241662 8.32501e-07)
(-0.0134073 0.00140131 5.69376e-07)
(-0.00743307 0.000771004 3.67419e-07)
(-0.00400407 0.000407315 2.25697e-07)
(-0.00209929 0.000208042 1.32754e-07)
(-0.00107234 0.000103159 7.50916e-08)
(-0.000534081 4.97872e-05 4.09697e-08)
(-0.000259501 2.34267e-05 2.16134e-08)
(-0.00012307 1.07597e-05 1.10448e-08)
(-5.6997e-05 4.82805e-06 5.47622e-09)
(-2.57901e-05 2.11807e-06 2.63782e-09)
(-1.14069e-05 9.09029e-07 1.23592e-09)
(-4.93416e-06 3.81888e-07 5.63837e-10)
(-2.08838e-06 1.57126e-07 2.50708e-10)
(-8.65328e-07 6.33487e-08 1.08745e-10)
(-3.51195e-07 2.50395e-08 4.60505e-11)
(-1.3968e-07 9.70788e-09 1.90539e-11)
(-5.44704e-08 3.69354e-09 7.70858e-12)
(-2.08374e-08 1.3797e-09 3.05201e-12)
(-7.82341e-09 5.06231e-10 1.184e-12)
(-2.88422e-09 1.8253e-10 4.49185e-13)
(-1.04459e-09 6.47002e-11 1.67641e-13)
(-3.71832e-10 2.25597e-11 6.25004e-14)
(-1.30141e-10 7.74187e-12 2.27805e-14)
(-4.48122e-11 2.6145e-12 8.17763e-15)
(-1.51917e-11 8.72669e-13 2.33646e-15)
(-5.08415e-12 2.88553e-13 1.75235e-15)
(-1.71847e-12 9.34586e-14 5.84116e-16)
(-7.12622e-13 2.10282e-14 -1.16823e-15)
(-0.097225 -0.0065947 1.55925e-06)
(-0.0636911 -0.00553885 1.3948e-06)
(-0.0394903 -0.00386615 1.10257e-06)
(-0.023432 -0.00241223 7.98479e-07)
(-0.0134079 -0.00139827 5.4079e-07)
(-0.00743352 -0.000769025 3.46732e-07)
(-0.00400439 -0.000406095 2.12097e-07)
(-0.00209949 -0.000207323 1.24413e-07)
(-0.00107247 -0.000102753 7.02423e-08)
(-0.000534156 -4.95662e-05 3.82739e-08)
(-0.000259543 -2.33104e-05 2.01708e-08)
(-0.000123092 -1.07005e-05 1.02994e-08)
(-5.70088e-05 -4.79875e-06 5.10299e-09)
(-2.5796e-05 -2.10399e-06 2.45652e-09)
(-1.14098e-05 -9.02451e-07 1.15028e-09)
(-4.93552e-06 -3.78893e-07 5.24474e-10)
(-2.08901e-06 -1.55796e-07 2.33076e-10)
(-8.65607e-07 -6.27729e-08 1.01047e-10)
(-3.51316e-07 -2.47959e-08 4.27666e-11)
(-1.39732e-07 -9.60716e-09 1.7687e-11)
(-5.44918e-08 -3.65279e-09 7.15192e-12)
(-2.08461e-08 -1.36356e-09 2.83004e-12)
(-7.82686e-09 -4.99972e-10 1.0958e-12)
(-2.88557e-09 -1.80151e-10 4.15307e-13)
(-1.0451e-09 -6.38159e-11 1.54207e-13)
(-3.72019e-10 -2.22326e-11 5.66593e-14)
(-1.30211e-10 -7.61921e-12 1.92758e-14)
(-4.48391e-11 -2.57128e-12 8.76174e-15)
(-1.51964e-11 -8.50473e-13 2.33646e-15)
(-5.08765e-12 -2.76871e-13 1.75235e-15)
(-1.72314e-12 -8.64492e-14 0)
(-7.16126e-13 -1.98599e-14 -5.84116e-16)
(-0.0970086 -0.0228085 1.33824e-06)
(-0.0609621 -0.0182409 1.19929e-06)
(-0.0363631 -0.0121502 9.41137e-07)
(-0.0209635 -0.00733044 6.73601e-07)
(-0.0117641 -0.00415519 4.51518e-07)
(-0.0064409 -0.00225252 2.87434e-07)
(-0.00344237 -0.00117857 1.75066e-07)
(-0.00179594 -0.000598195 1.02478e-07)
(-0.000914587 -0.000295386 5.78235e-08)
(-0.000454638 -0.000142158 3.15227e-08)
(-0.000220636 -6.6759e-05 1.66324e-08)
(-0.000104558 -3.06182e-05 8.50709e-09)
(-4.84006e-05 -1.3724e-05 4.2235e-09)
(-2.18938e-05 -6.0156e-06 2.0378e-09)
(-9.68181e-06 -2.57995e-06 9.5656e-10)
(-4.18751e-06 -1.08319e-06 4.37291e-10)
(-1.77226e-06 -4.45428e-07 1.94864e-10)
(-7.34328e-07 -1.79493e-07 8.47179e-11)
(-2.98029e-07 -7.09136e-08 3.59617e-11)
(-1.18537e-07 -2.74808e-08 1.49177e-11)
(-4.62268e-08 -1.04509e-08 6.05027e-12)
(-1.76846e-08 -3.90214e-09 2.40189e-12)
(-6.63999e-09 -1.43113e-09 9.3517e-13)
(-2.44806e-09 -5.15787e-10 3.55727e-13)
(-8.86673e-10 -1.82756e-10 1.33178e-13)
(-3.15635e-10 -6.3692e-11 5.0234e-14)
(-1.10477e-10 -2.18436e-11 1.75235e-14)
(-3.80458e-11 -7.37388e-12 4.67293e-15)
(-1.28961e-11 -2.45329e-12 2.92058e-15)
(-4.32012e-12 -8.02576e-13 1.16823e-15)
(-1.46029e-12 -2.52338e-13 1.75235e-15)
(-6.07481e-13 -5.72434e-14 1.75235e-15)
(-0.0963802 -0.0509224 6.3164e-07)
(-0.0530328 -0.0355866 5.40797e-07)
(-0.0285798 -0.0214743 4.21391e-07)
(-0.015437 -0.0121688 3.04715e-07)
(-0.00832993 -0.00663652 2.06999e-07)
(-0.0044569 -0.00351346 1.3332e-07)
(-0.00235007 -0.00181171 8.19601e-08)
(-0.00121631 -0.000911257 4.83184e-08)
(-0.000616436 -0.000447422 2.74124e-08)
(-0.00030553 -0.000214553 1.50043e-08)
(-0.000148003 -0.000100524 7.94068e-09)
(-7.00573e-05 -4.60354e-05 4.07009e-09)
(-3.24062e-05 -2.06147e-05 2.02363e-09)
(-1.46519e-05 -9.03039e-06 9.77216e-10)
(-6.47736e-06 -3.87141e-06 4.58894e-10)
(-2.801e-06 -1.62502e-06 2.09772e-10)
(-1.18531e-06 -6.68153e-07 9.34399e-11)
(-4.91092e-07 -2.69229e-07 4.05937e-11)
(-1.99304e-07 -1.06365e-07 1.72157e-11)
(-7.92691e-08 -4.12205e-08 7.13147e-12)
(-3.09132e-08 -1.56769e-08 2.88729e-12)
(-1.18263e-08 -5.8539e-09 1.1437e-12)
(-4.44051e-09 -2.14714e-09 4.44512e-13)
(-1.6372e-09 -7.73929e-10 1.6881e-13)
(-5.93008e-10 -2.74253e-10 6.30845e-14)
(-2.11104e-10 -9.55883e-11 2.27805e-14)
(-7.3893e-11 -3.27829e-11 7.59351e-15)
(-2.54476e-11 -1.10737e-11 1.75235e-15)
(-8.62623e-12 -3.68227e-12 1.75235e-15)
(-2.8867e-12 -1.20328e-12 1.16823e-15)
(-9.7781e-13 -3.78507e-13 1.16823e-15)
(-4.07713e-13 -8.64492e-14 5.84116e-16)
(-0.0946237 -0.114363 -7.14848e-10)
(-0.031514 -0.057243 2.86379e-08)
(-0.0129453 -0.029816 3.6977e-08)
(-0.00612574 -0.0157178 3.48246e-08)
(-0.00310871 -0.0082533 2.78306e-08)
(-0.00161609 -0.00427916 1.99608e-08)
(-0.000840173 -0.00218031 1.32285e-08)
(-0.000431653 -0.00108891 8.23817e-09)
(-0.000217883 -0.000532353 4.87141e-09)
(-0.00010774 -0.000254597 2.75377e-09)
(-5.21181e-05 -0.000119083 1.49522e-09)
(-2.46489e-05 -5.44754e-05 7.82488e-10)
(-1.13956e-05 -2.4377e-05 3.95739e-10)
(-5.15053e-06 -1.06736e-05 1.93824e-10)
(-2.27645e-06 -4.57452e-06 9.20976e-11)
(-9.84256e-07 -1.9198e-06 4.25166e-11)
(-4.16472e-07 -7.89267e-07 1.90942e-11)
(-1.7254e-07 -3.18012e-07 8.35286e-12)
(-7.00205e-08 -1.25635e-07 3.56486e-12)
(-2.78486e-08 -4.86883e-08 1.48424e-12)
(-1.08602e-08 -1.85175e-08 6.01055e-13)
(-4.15475e-09 -6.9148e-09 2.38903e-13)
(-1.56002e-09 -2.53638e-09 9.34586e-14)
(-5.75178e-10 -9.14276e-10 3.67993e-14)
(-2.08333e-10 -3.24008e-10 1.34347e-14)
(-7.41652e-11 -1.12938e-10 5.84116e-15)
(-2.59616e-11 -3.87386e-11 0)
(-8.94399e-12 -1.30784e-11 0)
(-3.02806e-12 -4.34933e-12 5.84116e-16)
(-1.01519e-12 -1.42291e-12 1.75235e-15)
(-3.45797e-13 -4.48601e-13 5.84116e-16)
(-1.40188e-13 -9.92997e-14 5.84116e-16)
(-0.0946197 0.114349 2.37409e-07)
(-0.0315115 0.0572321 2.33089e-07)
(-0.0129433 0.029808 1.89012e-07)
(-0.00612413 0.0157123 1.35183e-07)
(-0.00310755 0.00824967 8.95982e-08)
(-0.0016153 0.00427689 5.63825e-08)
(-0.000839667 0.00217895 3.40069e-08)
(-0.000431341 0.00108813 1.97707e-08)
(-0.000217698 0.000531913 1.11e-08)
(-0.000107635 0.000254359 6.03327e-09)
(-5.20603e-05 0.000118959 3.17689e-09)
(-2.46182e-05 5.44124e-05 1.62362e-09)
(-1.13798e-05 2.4346e-05 8.05726e-10)
(-5.14263e-06 1.06587e-05 3.88887e-10)
(-2.27261e-06 4.56759e-06 1.82613e-10)
(-9.82446e-07 1.91664e-06 8.35549e-11)
(-4.15641e-07 7.87869e-07 3.72619e-11)
(-1.72168e-07 3.17407e-07 1.62168e-11)
(-6.9858e-08 1.25379e-07 6.88907e-12)
(-2.77794e-08 4.85823e-08 2.86158e-12)
(-1.08314e-08 1.84746e-08 1.16064e-12)
(-4.143e-09 6.89781e-09 4.60283e-13)
(-1.55534e-09 2.52978e-09 1.78155e-13)
(-5.73346e-10 9.11761e-10 6.89257e-14)
(-2.07639e-10 3.23065e-10 2.68693e-14)
(-7.39047e-11 1.12587e-10 8.76174e-15)
(-2.58623e-11 3.86077e-11 3.5047e-15)
(-8.9066e-12 1.30328e-11 1.75235e-15)
(-3.01638e-12 4.33414e-12 1.75235e-15)
(-1.01169e-12 1.41239e-12 0)
(-3.41124e-13 4.38087e-13 1.16823e-15)
(-1.41356e-13 9.92997e-14 0)
(-0.0963775 0.0509236 8.26759e-07)
(-0.0530295 0.035587 7.2935e-07)
(-0.0285766 0.0214742 5.57388e-07)
(-0.0154342 0.0121685 3.89075e-07)
(-0.00832782 0.0066362 2.55227e-07)
(-0.00445542 0.0035132 1.59429e-07)
(-0.00234909 0.00181154 9.55501e-08)
(-0.00121569 0.000911148 5.5136e-08)
(-0.000616069 0.000447357 3.07254e-08)
(-0.000305319 0.000214516 1.65595e-08)
(-0.000147886 0.000100504 8.64828e-09)
(-6.99949e-05 4.60251e-05 4.38068e-09)
(-3.23739e-05 2.06095e-05 2.15557e-09)
(-1.46357e-05 9.02786e-06 1.03108e-09)
(-6.46948e-06 3.87021e-06 4.8009e-10)
(-2.79727e-06 1.62447e-06 2.17719e-10)
(-1.1836e-06 6.67906e-07 9.62816e-11)
(-4.90322e-07 2.69121e-07 4.15382e-11)
(-1.98966e-07 1.06319e-07 1.75036e-11)
(-7.9125e-08 4.12011e-08 7.20507e-12)
(-3.08531e-08 1.5669e-08 2.90072e-12)
(-1.18018e-08 5.85074e-09 1.14253e-12)
(-4.43071e-09 2.14591e-09 4.40424e-13)
(-1.63337e-09 7.73453e-10 1.65305e-13)
(-5.91534e-10 2.74077e-10 6.0164e-14)
(-2.10554e-10 9.55217e-11 2.16123e-14)
(-7.36909e-11 3.27584e-11 7.59351e-15)
(-2.53705e-11 1.10573e-11 2.92058e-15)
(-8.59936e-12 3.67643e-12 1.75235e-15)
(-2.8832e-12 1.20211e-12 0)
(-9.71969e-13 3.75003e-13 0)
(-3.99535e-13 8.0608e-14 1.16823e-15)
(-0.0970079 0.0228175 1.08543e-06)
(-0.060961 0.0182483 9.573e-07)
(-0.0363617 0.0121556 7.48673e-07)
(-0.0209621 0.00733417 5.36294e-07)
(-0.0117629 0.00415762 3.5907e-07)
(-0.00643997 0.00225403 2.27751e-07)
(-0.00344172 0.00117948 1.37886e-07)
(-0.00179552 0.000598718 8.01548e-08)
(-0.00091433 0.000295677 4.48766e-08)
(-0.000454488 0.000142316 2.42783e-08)
(-0.000220551 6.68412e-05 1.27102e-08)
(-0.000104513 3.06599e-05 6.45371e-09)
(-4.8377e-05 1.37446e-05 3.18072e-09)
(-2.18819e-05 6.02548e-06 1.52442e-09)
(-9.676e-06 2.58456e-06 7.10774e-10)
(-4.18475e-06 1.08529e-06 3.22942e-10)
(-1.77099e-06 4.46362e-07 1.43014e-10)
(-7.33754e-07 1.79899e-07 6.18246e-11)
(-2.97778e-07 7.10852e-08 2.60919e-11)
(-1.18429e-07 2.75519e-08 1.07647e-11)
(-4.61817e-08 1.04797e-08 4.34115e-12)
(-1.76661e-08 3.91358e-09 1.71613e-12)
(-6.63262e-09 1.43558e-09 6.63556e-13)
(-2.44518e-09 5.17485e-10 2.50586e-13)
(-8.85571e-10 1.83395e-10 9.28745e-14)
(-3.15224e-10 6.39245e-11 3.38787e-14)
(-1.10324e-10 2.19277e-11 1.05141e-14)
(-3.79862e-11 7.40309e-12 4.08881e-15)
(-1.28728e-11 2.45913e-12 2.92058e-15)
(-4.31428e-12 8.03744e-13 1.75235e-15)
(-1.46029e-12 2.54675e-13 1.16823e-15)
(-5.99303e-13 5.72434e-14 -5.84116e-16)
(-0.0972251 0.00660301 1.16226e-06)
(-0.0636913 0.00554624 1.03765e-06)
(-0.0394906 0.00387215 8.24016e-07)
(-0.0234322 0.0024167 5.97512e-07)
(-0.013408 0.00140136 4.03777e-07)
(-0.00743357 0.000771033 2.57662e-07)
(-0.00400441 0.000407332 1.56708e-07)
(-0.0020995 0.000208051 9.13558e-08)
(-0.00107247 0.000103164 5.12755e-08)
(-0.000534155 4.979e-05 2.77836e-08)
(-0.000259542 2.34282e-05 1.45704e-08)
(-0.000123091 1.07604e-05 7.40661e-09)
(-5.70083e-05 4.82841e-06 3.65583e-09)
(-2.57958e-05 2.11824e-06 1.75392e-09)
(-1.14097e-05 9.09108e-07 8.19e-10)
(-4.93547e-06 3.81923e-07 3.72509e-10)
(-2.08899e-06 1.57141e-07 1.65223e-10)
(-8.65598e-07 6.33555e-08 7.15081e-11)
(-3.51313e-07 2.50424e-08 3.02292e-11)
(-1.39731e-07 9.70906e-09 1.2489e-11)
(-5.44914e-08 3.69401e-09 5.04735e-12)
(-2.08459e-08 1.37989e-09 1.99592e-12)
(-7.82681e-09 5.06302e-10 7.73954e-13)
(-2.88555e-09 1.82556e-10 2.92642e-13)
(-1.0451e-09 6.47095e-11 1.0923e-13)
(-3.72021e-10 2.25667e-11 4.0304e-14)
(-1.30213e-10 7.73954e-12 1.46029e-14)
(-4.48379e-11 2.6145e-12 3.5047e-15)
(-1.51999e-11 8.66828e-13 1.75235e-15)
(-5.08882e-12 2.8388e-13 -1.16823e-15)
(-1.71847e-12 8.99539e-14 -5.84116e-16)
(-7.10285e-13 2.10282e-14 1.16823e-15)
(-0.0972251 -0.00659505 1.17688e-06)
(-0.0636919 -0.00553917 1.04047e-06)
(-0.0394913 -0.00386644 8.08188e-07)
(-0.0234329 -0.00241247 5.75005e-07)
(-0.0134085 -0.00139845 3.83219e-07)
(-0.00743399 -0.000769145 2.42238e-07)
(-0.00400471 -0.00040617 1.46368e-07)
(-0.00209969 -0.000207368 8.49421e-08)
(-0.00107259 -0.000102778 4.75152e-08)
(-0.000534224 -4.95799e-05 2.56799e-08)
(-0.000259581 -2.33176e-05 1.34378e-08)
(-0.000123112 -1.07041e-05 6.81817e-09)
(-5.70192e-05 -4.80054e-06 3.35949e-09)
(-2.58012e-05 -2.10485e-06 1.60917e-09)
(-1.14123e-05 -9.02847e-07 7.50205e-10)
(-4.93672e-06 -3.79072e-07 3.40705e-10)
(-2.08956e-06 -1.55875e-07 1.50884e-10)
(-8.65853e-07 -6.28067e-08 6.52078e-11)
(-3.51424e-07 -2.48101e-08 2.75241e-11)
(-1.39778e-07 -9.61294e-09 1.13546e-11)
(-5.45109e-08 -3.65511e-09 4.58122e-12)
(-2.08538e-08 -1.36447e-09 1.80959e-12)
(-7.82995e-09 -5.00316e-10 7.00355e-13)
(-2.88677e-09 -1.80277e-10 2.65189e-13)
(-1.04556e-09 -6.38637e-11 9.81315e-14)
(-3.72195e-10 -2.22502e-11 3.56311e-14)
(-1.30277e-10 -7.62739e-12 1.05141e-14)
(-4.48578e-11 -2.57362e-12 3.5047e-15)
(-1.52069e-11 -8.51641e-13 0)
(-5.08882e-12 -2.78039e-13 -1.16823e-15)
(-1.72314e-12 -8.17763e-14 -1.16823e-15)
(-7.11453e-13 -1.86917e-14 -1.16823e-15)
(-0.0970089 -0.0228101 9.87224e-07)
(-0.0609627 -0.0182423 8.77202e-07)
(-0.0363639 -0.0121513 6.79009e-07)
(-0.0209642 -0.00733122 4.78251e-07)
(-0.0117646 -0.00415571 3.156e-07)
(-0.00644129 -0.00225285 1.98153e-07)
(-0.00344263 -0.00117877 1.19251e-07)
(-0.0017961 -0.00059831 6.9106e-08)
(-0.000914683 -0.000295449 3.86589e-08)
(-0.000454694 -0.000142193 2.09238e-08)
(-0.000220666 -6.6777e-05 1.09721e-08)
(-0.000104574 -3.06273e-05 5.58308e-09)
(-4.84091e-05 -1.37285e-05 2.75954e-09)
(-2.18981e-05 -6.01775e-06 1.32657e-09)
(-9.6839e-06 -2.58095e-06 6.20744e-10)
(-4.1885e-06 -1.08364e-06 2.83048e-10)
(-1.77272e-06 -4.45629e-07 1.25861e-10)
(-7.34533e-07 -1.7958e-07 5.46283e-11)
(-2.98119e-07 -7.09503e-08 2.31579e-11)
(-1.18576e-07 -2.74959e-08 9.59703e-12)
(-4.62429e-08 -1.0457e-08 3.88904e-12)
(-1.76911e-08 -3.90456e-09 1.5444e-12)
(-6.64262e-09 -1.43206e-09 6.01055e-13)
(-2.4491e-09 -5.16141e-10 2.30142e-13)
(-8.87069e-10 -1.82888e-10 8.52809e-14)
(-3.15785e-10 -6.37376e-11 3.21264e-14)
(-1.1054e-10 -2.18576e-11 1.05141e-14)
(-3.80633e-11 -7.38089e-12 1.75235e-15)
(-1.28996e-11 -2.45329e-12 5.84116e-16)
(-4.32012e-12 -8.00239e-13 1.16823e-15)
(-1.46029e-12 -2.5117e-13 0)
(-6.08649e-13 -5.60751e-14 0)
(-0.0963803 -0.0509244 4.17845e-07)
(-0.0530331 -0.0355884 3.44126e-07)
(-0.0285802 -0.0214756 2.60596e-07)
(-0.0154373 -0.0121698 1.84668e-07)
(-0.00833014 -0.00663713 1.23446e-07)
(-0.00445706 -0.00351384 7.83855e-08)
(-0.00235017 -0.00181194 4.75876e-08)
(-0.00121637 -0.000911389 2.77347e-08)
(-0.000616474 -0.000447496 1.55747e-08)
(-0.000305552 -0.000214592 8.44503e-09)
(-0.000148015 -0.000100545 4.43183e-09)
(-7.00639e-05 -4.60459e-05 2.25383e-09)
(-3.24096e-05 -2.06199e-05 1.1127e-09)
(-1.46537e-05 -9.03288e-06 5.33757e-10)
(-6.4782e-06 -3.87257e-06 2.49144e-10)
(-2.8014e-06 -1.62555e-06 1.13237e-10)
(-1.1855e-06 -6.6839e-07 5.01797e-11)
(-4.91174e-07 -2.69332e-07 2.16917e-11)
(-1.99339e-07 -1.06409e-07 9.15894e-12)
(-7.92843e-08 -4.12384e-08 3.77923e-12)
(-3.09196e-08 -1.56842e-08 1.52337e-12)
(-1.18289e-08 -5.8568e-09 6.01055e-13)
(-4.44154e-09 -2.14827e-09 2.33062e-13)
(-1.6376e-09 -7.74358e-10 8.70333e-14)
(-5.93158e-10 -2.74413e-10 3.27105e-14)
(-2.11164e-10 -9.56502e-11 1.16823e-14)
(-7.39164e-11 -3.28086e-11 2.33646e-15)
(-2.54499e-11 -1.10748e-11 1.16823e-15)
(-8.62856e-12 -3.6846e-12 0)
(-2.8867e-12 -1.20328e-12 0)
(-9.7781e-13 -3.76171e-13 0)
(-4.07713e-13 -8.17763e-14 0)
(-0.0946234 -0.114364 -3.68806e-08)
(-0.0315139 -0.0572437 -4.99017e-09)
(-0.0129453 -0.0298166 6.88453e-09)
(-0.00612574 -0.0157182 1.03767e-08)
(-0.00310872 -0.00825357 9.68591e-09)
(-0.0016161 -0.00427933 7.46966e-09)
(-0.000840182 -0.00218042 5.143e-09)
(-0.000431659 -0.00108898 3.27403e-09)
(-0.000217887 -0.000532388 1.96069e-09)
(-0.000107743 -0.000254616 1.11695e-09)
(-5.21197e-05 -0.000119093 6.09023e-10)
(-2.46498e-05 -5.44805e-05 3.1947e-10)
(-1.13961e-05 -2.43795e-05 1.61682e-10)
(-5.15078e-06 -1.06748e-05 7.91834e-11)
(-2.27657e-06 -4.5751e-06 3.7589e-11)
(-9.84315e-07 -1.92006e-06 1.73313e-11)
(-4.165e-07 -7.89383e-07 7.76816e-12)
(-1.72553e-07 -3.18063e-07 3.38963e-12)
(-7.00261e-08 -1.25656e-07 1.44335e-12)
(-2.7851e-08 -4.8697e-08 5.99887e-13)
(-1.08613e-08 -1.8521e-08 2.41824e-13)
(-4.15516e-09 -6.9162e-09 9.69633e-14)
(-1.56018e-09 -2.53692e-09 3.73834e-14)
(-5.75239e-10 -9.14479e-10 1.40188e-14)
(-2.08358e-10 -3.24083e-10 5.84116e-15)
(-7.41804e-11 -1.12963e-10 1.75235e-15)
(-2.59675e-11 -3.87397e-11 -1.75235e-15)
(-8.93814e-12 -1.30795e-11 1.16823e-15)
(-3.03039e-12 -4.34816e-12 0)
(-1.01286e-12 -1.42174e-12 -5.84116e-16)
(-3.42292e-13 -4.49769e-13 1.16823e-15)
(-1.44861e-13 -1.02804e-13 1.16823e-15)
(-0.439692 -0.000305697 1.28312e-09)
(-0.42289 -0.00103439 6.64502e-09)
(-0.391891 -0.00216019 1.43608e-08)
(-0.351489 -0.00411316 2.5305e-08)
(-0.308061 -0.00763322 4.12821e-08)
(-0.269337 -0.0140766 6.4968e-08)
(-0.246285 -0.0261413 8.29982e-08)
(-0.264113 -0.0499281 3.87896e-08)
(-0.440342 -0.000285689 2.76229e-09)
(-0.423763 -0.000936591 1.00204e-08)
(-0.39328 -0.00185155 1.95535e-08)
(-0.353823 -0.00328501 3.14656e-08)
(-0.311897 -0.00556971 4.49319e-08)
(-0.274917 -0.0089758 5.22003e-08)
(-0.250653 -0.0129695 3.98175e-08)
(-0.245086 -0.0130198 1.62509e-08)
(-0.440915 -0.000270806 2.39105e-09)
(-0.424456 -0.000842161 9.25675e-09)
(-0.39424 -0.00151586 1.74978e-08)
(-0.355208 -0.00239014 2.66249e-08)
(-0.313752 -0.00355067 3.5533e-08)
(-0.276737 -0.00490279 3.98276e-08)
(-0.25033 -0.00572308 2.95054e-08)
(-0.238124 -0.00385363 1.01208e-08)
(-0.441455 -0.000302141 2.93167e-09)
(-0.425008 -0.000877932 1.16709e-08)
(-0.394828 -0.00138219 2.16798e-08)
(-0.355858 -0.00180167 3.12348e-08)
(-0.314409 -0.00213694 3.80487e-08)
(-0.277089 -0.00233403 3.6947e-08)
(-0.249604 -0.00215592 2.48239e-08)
(-0.235509 -0.00109621 7.97888e-09)
(-0.442095 -0.000434162 4.17046e-09)
(-0.425536 -0.00119691 1.41704e-08)
(-0.395163 -0.00166967 2.46731e-08)
(-0.355962 -0.00173551 3.41563e-08)
(-0.314284 -0.00136817 4.13532e-08)
(-0.276756 -0.000662895 4.26885e-08)
(-0.249092 8.77622e-05 3.69369e-08)
(-0.234872 0.00032832 1.98606e-08)
(-0.443086 -0.000751784 3.40761e-09)
(-0.426243 -0.00203008 1.67397e-08)
(-0.395367 -0.00268662 3.21281e-08)
(-0.355556 -0.00245605 4.72953e-08)
(-0.313337 -0.00124647 6.02031e-08)
(-0.275634 0.000761207 6.68898e-08)
(-0.248613 0.00276978 5.43728e-08)
(-0.235925 0.00265682 1.12052e-08)
(-0.444877 -0.00140078 7.50567e-09)
(-0.427471 -0.00377417 2.41778e-08)
(-0.395589 -0.00497831 4.05379e-08)
(-0.354522 -0.00451649 5.39681e-08)
(-0.311067 -0.00211826 6.18801e-08)
(-0.27274 0.00225874 5.84869e-08)
(-0.247196 0.00789702 4.10351e-08)
(-0.240299 0.0104812 3.4271e-08)
(-0.448261 -0.00263571 3.85556e-09)
(-0.429821 -0.00711498 2.3145e-08)
(-0.396109 -0.00949956 4.46318e-08)
(-0.352696 -0.00900962 6.31656e-08)
(-0.306561 -0.00515498 7.68185e-08)
(-0.265618 0.00284442 8.78138e-08)
(-0.24039 0.0170425 9.62e-08)
(-0.254303 0.0429733 3.84685e-08)
(-0.439692 -0.000305695 1.09987e-08)
(-0.42289 -0.00103438 3.08631e-08)
(-0.391891 -0.00216017 4.46981e-08)
(-0.351489 -0.00411315 5.18741e-08)
(-0.308061 -0.00763322 5.56163e-08)
(-0.269337 -0.0140766 6.30231e-08)
(-0.246286 -0.0261415 6.65637e-08)
(-0.264114 -0.0499283 2.13714e-08)
(-0.440342 -0.000285686 1.07588e-08)
(-0.423763 -0.000936585 2.96791e-08)
(-0.39328 -0.00185154 3.99787e-08)
(-0.353823 -0.003285 3.96819e-08)
(-0.311897 -0.00556972 3.05541e-08)
(-0.274917 -0.00897585 1.35661e-08)
(-0.250653 -0.0129696 -6.90549e-09)
(-0.245086 -0.0130199 -4.85589e-09)
(-0.440915 -0.000270806 1.32968e-08)
(-0.424456 -0.000842158 3.55228e-08)
(-0.394239 -0.00151585 4.65132e-08)
(-0.355207 -0.00239014 4.35437e-08)
(-0.313752 -0.00355068 2.87637e-08)
(-0.276737 -0.00490282 7.98129e-09)
(-0.25033 -0.00572311 -1.25631e-08)
(-0.238124 -0.00385364 -1.12408e-08)
(-0.441455 -0.000302138 1.78768e-08)
(-0.425008 -0.000877922 5.06611e-08)
(-0.394828 -0.00138217 6.98582e-08)
(-0.355858 -0.00180165 7.0725e-08)
(-0.314409 -0.00213692 5.44863e-08)
(-0.277089 -0.00233403 2.69221e-08)
(-0.249604 -0.0021559 1.6904e-09)
(-0.235509 -0.0010962 -4.70159e-09)
(-0.442095 -0.000434161 2.7681e-08)
(-0.425536 -0.0011969 7.60135e-08)
(-0.395163 -0.00166965 1.06811e-07)
(-0.355962 -0.00173548 1.14358e-07)
(-0.314284 -0.00136812 1.0008e-07)
(-0.276756 -0.000662835 7.0805e-08)
(-0.249092 8.78213e-05 4.17203e-08)
(-0.234872 0.000328326 1.81433e-08)
(-0.443086 -0.000751777 3.71774e-08)
(-0.426243 -0.00203006 1.10263e-07)
(-0.395367 -0.00268659 1.63482e-07)
(-0.355556 -0.00245601 1.87729e-07)
(-0.313337 -0.00124643 1.81123e-07)
(-0.275634 0.000761238 1.48736e-07)
(-0.248613 0.00276979 9.22093e-08)
(-0.235925 0.00265685 1.68718e-08)
(-0.444877 -0.00140078 5.61558e-08)
(-0.427471 -0.00377416 1.5728e-07)
(-0.395589 -0.00497828 2.31404e-07)
(-0.354522 -0.00451646 2.67283e-07)
(-0.311067 -0.00211823 2.60998e-07)
(-0.27274 0.00225878 2.1416e-07)
(-0.247196 0.00789711 1.39429e-07)
(-0.240299 0.0104813 7.44947e-08)
(-0.448261 -0.0026357 6.68046e-08)
(-0.429821 -0.00711496 2.02942e-07)
(-0.396109 -0.00949952 3.11605e-07)
(-0.352696 -0.00900957 3.75921e-07)
(-0.306561 -0.00515494 3.90729e-07)
(-0.265618 0.00284445 3.61477e-07)
(-0.24039 0.0170425 2.92977e-07)
(-0.254303 0.0429732 1.18794e-07)
(-0.439692 -0.0003057 2.53763e-08)
(-0.42289 -0.0010344 5.7008e-08)
(-0.391891 -0.00216022 5.58539e-08)
(-0.351489 -0.00411323 1.44141e-08)
(-0.308061 -0.00763334 -7.0255e-08)
(-0.269337 -0.0140768 -1.95201e-07)
(-0.246286 -0.0261416 -3.07923e-07)
(-0.264114 -0.0499284 -1.40683e-07)
(-0.440342 -0.000285684 1.85242e-08)
(-0.423763 -0.000936581 3.51599e-08)
(-0.39328 -0.00185155 1.1987e-08)
(-0.353823 -0.00328502 -5.98254e-08)
(-0.311897 -0.00556976 -1.73156e-07)
(-0.274917 -0.00897591 -2.83985e-07)
(-0.250653 -0.0129697 -2.98233e-07)
(-0.245085 -0.0130199 -1.37067e-07)
(-0.440915 -0.000270792 2.54067e-08)
(-0.424456 -0.000842119 5.37488e-08)
(-0.39424 -0.0015158 3.7149e-08)
(-0.355208 -0.00239008 -3.24651e-08)
(-0.313752 -0.00355062 -1.43498e-07)
(-0.276737 -0.00490276 -2.51145e-07)
(-0.25033 -0.00572307 -2.59049e-07)
(-0.238124 -0.00385363 -1.08283e-07)
(-0.441455 -0.000302113 3.94981e-08)
(-0.425008 -0.000877851 9.07171e-08)
(-0.394828 -0.00138207 9.17632e-08)
(-0.355858 -0.00180153 3.49259e-08)
(-0.314409 -0.00213679 -6.4255e-08)
(-0.27709 -0.00233391 -1.56557e-07)
(-0.249604 -0.00215581 -1.71844e-07)
(-0.235509 -0.00109616 -7.33332e-08)
(-0.442095 -0.000434124 6.21411e-08)
(-0.425536 -0.00119679 1.58583e-07)
(-0.395163 -0.00166948 1.95339e-07)
(-0.355962 -0.00173528 1.6087e-07)
(-0.314284 -0.00136792 6.64795e-08)
(-0.276756 -0.000662651 -4.31863e-08)
(-0.249092 8.79432e-05 -1.06229e-07)
(-0.234872 0.000328363 -6.928e-08)
(-0.443086 -0.000751727 9.97091e-08)
(-0.426243 -0.00202992 2.55113e-07)
(-0.395367 -0.00268638 3.37006e-07)
(-0.355556 -0.00245574 3.25643e-07)
(-0.313337 -0.00124615 2.25676e-07)
(-0.275634 0.000761493 7.48591e-08)
(-0.248613 0.00276998 -3.8816e-08)
(-0.235925 0.00265693 -1.75404e-08)
(-0.444876 -0.00140072 1.36436e-07)
(-0.427471 -0.00377398 3.70897e-07)
(-0.395589 -0.00497801 5.19113e-07)
(-0.354522 -0.00451612 5.56832e-07)
(-0.311067 -0.00211784 4.84096e-07)
(-0.27274 0.00225917 3.37528e-07)
(-0.247196 0.00789742 1.84255e-07)
(-0.240299 0.0104814 1.62739e-08)
(-0.44826 -0.00263564 1.96164e-07)
(-0.42982 -0.00711477 5.23249e-07)
(-0.396109 -0.00949923 7.52748e-07)
(-0.352696 -0.00900919 8.55692e-07)
(-0.306561 -0.0051545 8.21335e-07)
(-0.265618 0.00284492 6.5316e-07)
(-0.240391 0.017043 3.71817e-07)
(-0.254304 0.0429736 1.57208e-07)
(-0.439692 -0.000305722 1.56607e-08)
(-0.42289 -0.00103448 3.279e-08)
(-0.391891 -0.00216037 2.55166e-08)
(-0.35149 -0.00411349 -1.21551e-08)
(-0.308061 -0.00763372 -8.45891e-08)
(-0.269337 -0.0140772 -1.93256e-07)
(-0.246285 -0.0261419 -2.91488e-07)
(-0.264113 -0.0499284 -1.23265e-07)
(-0.440342 -0.000285686 1.05277e-08)
(-0.423763 -0.000936592 1.55012e-08)
(-0.39328 -0.00185158 -8.43817e-09)
(-0.353823 -0.0032851 -6.80418e-08)
(-0.311897 -0.00556986 -1.58779e-07)
(-0.274917 -0.00897596 -2.45351e-07)
(-0.250653 -0.0129695 -2.5151e-07)
(-0.245085 -0.0130198 -1.1596e-07)
(-0.440915 -0.000270764 1.45009e-08)
(-0.424456 -0.000842046 2.74827e-08)
(-0.39424 -0.00151569 8.13365e-09)
(-0.355208 -0.00238995 -4.93839e-08)
(-0.313752 -0.00355046 -1.36729e-07)
(-0.276737 -0.00490256 -2.19299e-07)
(-0.250329 -0.00572286 -2.16981e-07)
(-0.238123 -0.00385352 -8.69212e-08)
(-0.441455 -0.000302064 2.45529e-08)
(-0.425008 -0.000877713 5.17269e-08)
(-0.394828 -0.00138186 4.35848e-08)
(-0.355858 -0.00180127 -4.56424e-09)
(-0.31441 -0.0021365 -8.06926e-08)
(-0.27709 -0.00233361 -1.46532e-07)
(-0.249604 -0.00215559 -1.48711e-07)
(-0.235508 -0.00109612 -6.06528e-08)
(-0.442094 -0.000434041 3.86306e-08)
(-0.425536 -0.00119657 9.67398e-08)
(-0.395163 -0.00166915 1.13202e-07)
(-0.355963 -0.0017349 8.06679e-08)
(-0.314284 -0.00136754 7.75254e-09)
(-0.276756 -0.000662372 -7.13028e-08)
(-0.249092 8.80873e-05 -1.11013e-07)
(-0.234872 0.000328438 -6.75627e-08)
(-0.443085 -0.000751628 6.59393e-08)
(-0.426243 -0.00202963 1.6159e-07)
(-0.395367 -0.00268594 2.05652e-07)
(-0.355557 -0.00245522 1.85209e-07)
(-0.313337 -0.0012456 1.04755e-07)
(-0.275634 0.000762 -6.98671e-09)
(-0.248613 0.00277037 -7.66525e-08)
(-0.235925 0.00265702 -2.3207e-08)
(-0.444876 -0.00140058 8.7786e-08)
(-0.42747 -0.00377362 2.37795e-07)
(-0.395589 -0.00497745 3.28246e-07)
(-0.354522 -0.0045154 3.43517e-07)
(-0.311067 -0.00211704 2.84978e-07)
(-0.27274 0.00225994 1.81854e-07)
(-0.247197 0.00789793 8.5861e-08)
(-0.240299 0.0104816 -2.39498e-08)
(-0.448259 -0.00263551 1.33215e-07)
(-0.42982 -0.00711439 3.43452e-07)
(-0.396108 -0.00949863 4.85775e-07)
(-0.352696 -0.0090084 5.42936e-07)
(-0.306562 -0.00515354 5.07424e-07)
(-0.265619 0.00284598 3.79497e-07)
(-0.240391 0.017044 1.75041e-07)
(-0.254304 0.0429747 7.68821e-08)
(-0.454627 -0.00490511 1.19055e-08)
(-0.434335 -0.0132126 3.76124e-08)
(-0.397484 -0.017787 6.10087e-08)
(-0.350178 -0.0176914 7.69582e-08)
(-0.299213 -0.0127094 8.15857e-08)
(-0.250542 -0.00223324 7.18285e-08)
(-0.207067 0.016455 3.69654e-08)
(-0.160943 0.0522117 -3.7521e-08)
(-0.466379 -0.00904231 4.82471e-09)
(-0.442703 -0.0240539 3.03641e-08)
(-0.400588 -0.0321532 5.67589e-08)
(-0.347619 -0.0326809 7.42617e-08)
(-0.291103 -0.026692 7.65777e-08)
(-0.236454 -0.0153514 6.01587e-08)
(-0.185945 0.000902971 2.74277e-08)
(-0.137405 0.0215186 9.28346e-09)
(-0.487724 -0.0167783 1.63435e-08)
(-0.457446 -0.0432805 5.14837e-08)
(-0.406111 -0.0562119 8.23601e-08)
(-0.344716 -0.0564997 1.02148e-07)
(-0.281883 -0.0479691 1.06244e-07)
(-0.222947 -0.0343373 9.35385e-08)
(-0.170197 -0.0183454 6.82676e-08)
(-0.123543 -0.00254133 4.50048e-08)
(-0.526437 -0.0322857 7.14768e-09)
(-0.482136 -0.0781046 3.79286e-08)
(-0.413807 -0.0958998 7.00232e-08)
(-0.339376 -0.0925634 9.38214e-08)
(-0.268941 -0.0776085 1.04629e-07)
(-0.20683 -0.058178 1.02169e-07)
(-0.154149 -0.0386426 9.09614e-08)
(-0.110452 -0.0216988 7.99115e-08)
(-0.598114 -0.0674685 1.88409e-08)
(-0.52106 -0.143578 5.89973e-08)
(-0.42057 -0.160645 9.42301e-08)
(-0.326425 -0.144886 1.18708e-07)
(-0.247498 -0.116421 1.29353e-07)
(-0.183981 -0.0862592 1.26909e-07)
(-0.133718 -0.0594611 1.1508e-07)
(-0.0943941 -0.0380136 9.95688e-08)
(-0.737484 -0.162604 9.47935e-09)
(-0.575313 -0.271306 3.8743e-08)
(-0.415115 -0.26306 6.8841e-08)
(-0.295152 -0.215741 9.22399e-08)
(-0.210314 -0.163006 1.05739e-07)
(-0.149871 -0.116643 1.09042e-07)
(-0.105904 -0.0796912 1.04341e-07)
(-0.0734876 -0.0520162 9.47206e-08)
(-1.03202 -0.475549 2.15468e-08)
(-0.621516 -0.519709 7.69719e-08)
(-0.365004 -0.410196 1.24301e-07)
(-0.226371 -0.298859 1.56699e-07)
(-0.1484 -0.210475 1.71719e-07)
(-0.100666 -0.144553 1.7056e-07)
(-0.0690916 -0.0967253 1.56915e-07)
(-0.0471384 -0.0628509 1.35648e-07)
(-1.73274 -1.69687 3.50917e-08)
(-0.50996 -0.925889 6.89337e-08)
(-0.194266 -0.565389 8.87469e-08)
(-0.0954309 -0.366619 9.79223e-08)
(-0.0560076 -0.243588 9.78248e-08)
(-0.036121 -0.162212 9.0471e-08)
(-0.0242015 -0.1068 7.85015e-08)
(-0.0163113 -0.0689191 6.45236e-08)
(-0.454627 -0.00490511 9.33345e-08)
(-0.434335 -0.0132126 2.639e-07)
(-0.397484 -0.017787 3.9812e-07)
(-0.350178 -0.0176913 4.79517e-07)
(-0.299213 -0.0127094 5.00644e-07)
(-0.250542 -0.0022333 4.62603e-07)
(-0.207067 0.0164548 3.62492e-07)
(-0.160943 0.0522117 1.98405e-07)
(-0.466379 -0.00904231 9.55155e-08)
(-0.442703 -0.0240539 2.94754e-07)
(-0.400588 -0.0321532 4.61226e-07)
(-0.347619 -0.0326809 5.72493e-07)
(-0.291103 -0.0266919 6.20076e-07)
(-0.236454 -0.0153514 6.06066e-07)
(-0.185945 0.000903033 5.42726e-07)
(-0.137405 0.0215187 4.6891e-07)
(-0.487723 -0.0167783 1.20429e-07)
(-0.457446 -0.0432805 3.41013e-07)
(-0.406111 -0.0562118 5.20923e-07)
(-0.344716 -0.0564997 6.42749e-07)
(-0.281883 -0.047969 7.00388e-07)
(-0.222947 -0.0343372 6.99219e-07)
(-0.170197 -0.0183453 6.53109e-07)
(-0.123543 -0.00254119 5.84023e-07)
(-0.526437 -0.0322857 1.0189e-07)
(-0.482136 -0.0781046 3.18779e-07)
(-0.413807 -0.0958998 5.04706e-07)
(-0.339376 -0.0925633 6.37567e-07)
(-0.268941 -0.0776085 7.10398e-07)
(-0.20683 -0.058178 7.27564e-07)
(-0.154149 -0.0386425 7.01055e-07)
(-0.110452 -0.0216987 6.45107e-07)
(-0.598114 -0.0674685 1.13191e-07)
(-0.52106 -0.143578 3.1708e-07)
(-0.420569 -0.160645 4.84368e-07)
(-0.326425 -0.144886 6.0066e-07)
(-0.247498 -0.116421 6.61555e-07)
(-0.183981 -0.0862592 6.72338e-07)
(-0.133718 -0.059461 6.43289e-07)
(-0.0943942 -0.0380135 5.85944e-07)
(-0.737484 -0.162604 7.00634e-08)
(-0.575312 -0.271306 2.24875e-07)
(-0.415115 -0.26306 3.59248e-07)
(-0.295152 -0.215741 4.56768e-07)
(-0.210314 -0.163006 5.1229e-07)
(-0.149871 -0.116643 5.27856e-07)
(-0.105904 -0.0796911 5.10602e-07)
(-0.0734877 -0.0520161 4.68044e-07)
(-1.03202 -0.475549 6.96121e-08)
(-0.621516 -0.519709 2.00405e-07)
(-0.365004 -0.410196 3.06656e-07)
(-0.226371 -0.298859 3.78938e-07)
(-0.148399 -0.210475 4.14711e-07)
(-0.100666 -0.144553 4.17466e-07)
(-0.0690917 -0.0967254 3.93936e-07)
(-0.0471385 -0.062851 3.52072e-07)
(-1.73274 -1.69687 3.71284e-08)
(-0.50996 -0.925889 8.09221e-08)
(-0.194265 -0.56539 1.0946e-07)
(-0.0954308 -0.36662 1.25569e-07)
(-0.0560076 -0.243588 1.30671e-07)
(-0.0361211 -0.162213 1.2687e-07)
(-0.0242015 -0.106801 1.16752e-07)
(-0.0163113 -0.0689195 1.02625e-07)
(-0.454627 -0.00490505 2.33655e-07)
(-0.434334 -0.0132125 6.5202e-07)
(-0.397483 -0.0177867 9.6425e-07)
(-0.350177 -0.017691 1.14362e-06)
(-0.299213 -0.0127089 1.18546e-06)
(-0.250542 -0.00223275 1.10517e-06)
(-0.207068 0.0164555 9.46863e-07)
(-0.160943 0.0522124 8.04879e-07)
(-0.466378 -0.00904226 2.91004e-07)
(-0.442702 -0.0240537 7.9083e-07)
(-0.400587 -0.032153 1.18617e-06)
(-0.347618 -0.0326806 1.45499e-06)
(-0.291103 -0.0266916 1.60156e-06)
(-0.236454 -0.0153509 1.65216e-06)
(-0.185945 0.000903552 1.63338e-06)
(-0.137405 0.0215193 1.50847e-06)
(-0.487723 -0.0167783 2.97987e-07)
(-0.457445 -0.0432805 8.39378e-07)
(-0.40611 -0.0562118 1.27e-06)
(-0.344716 -0.0564996 1.57293e-06)
(-0.281883 -0.0479689 1.75585e-06)
(-0.222947 -0.034337 1.84534e-06)
(-0.170197 -0.0183451 1.86701e-06)
(-0.123543 -0.00254098 1.80344e-06)
(-0.526437 -0.0322857 3.09131e-07)
(-0.482135 -0.0781047 8.41447e-07)
(-0.413806 -0.0958999 1.27373e-06)
(-0.339375 -0.0925635 1.58452e-06)
(-0.268941 -0.0776086 1.77573e-06)
(-0.20683 -0.0581781 1.86464e-06)
(-0.154149 -0.0386426 1.86617e-06)
(-0.110452 -0.0216988 1.77272e-06)
(-0.598113 -0.0674685 2.5893e-07)
(-0.521059 -0.143578 7.28296e-07)
(-0.420569 -0.160645 1.09958e-06)
(-0.326425 -0.144887 1.36171e-06)
(-0.247498 -0.116421 1.51823e-06)
(-0.183981 -0.0862596 1.58253e-06)
(-0.133718 -0.0594615 1.56763e-06)
(-0.0943944 -0.0380139 1.47395e-06)
(-0.737483 -0.162604 2.00018e-07)
(-0.575312 -0.271306 5.37175e-07)
(-0.415115 -0.263061 8.10273e-07)
(-0.295151 -0.215741 1.00424e-06)
(-0.210314 -0.163006 1.11825e-06)
(-0.149871 -0.116643 1.16085e-06)
(-0.105904 -0.0796917 1.14099e-06)
(-0.0734878 -0.0520167 1.06413e-06)
(-1.03202 -0.475549 8.76273e-08)
(-0.621516 -0.519709 2.14182e-07)
(-0.365004 -0.410196 3.01136e-07)
(-0.22637 -0.29886 3.60097e-07)
(-0.148399 -0.210476 3.98047e-07)
(-0.100667 -0.144554 4.1928e-07)
(-0.0690917 -0.0967261 4.24594e-07)
(-0.0471386 -0.0628517 4.10642e-07)
(-1.73274 -1.69687 -5.66276e-08)
(-0.509959 -0.92589 -9.3891e-08)
(-0.194265 -0.56539 -1.09247e-07)
(-0.0954308 -0.36662 -1.09433e-07)
(-0.0560076 -0.243589 -9.57444e-08)
(-0.0361211 -0.162213 -7.12944e-08)
(-0.0242015 -0.106801 -4.15641e-08)
(-0.0163113 -0.06892 -1.3213e-08)
(-0.454625 -0.00490492 1.52226e-07)
(-0.434333 -0.0132121 4.25733e-07)
(-0.397483 -0.0177861 6.27139e-07)
(-0.350177 -0.0176901 7.41063e-07)
(-0.299213 -0.0127078 7.66404e-07)
(-0.250543 -0.0022313 7.144e-07)
(-0.207068 0.0164574 6.21336e-07)
(-0.160944 0.0522144 5.68953e-07)
(-0.466376 -0.00904218 2.00314e-07)
(-0.442701 -0.0240535 5.26439e-07)
(-0.400586 -0.0321526 7.81706e-07)
(-0.347618 -0.03268 9.56762e-07)
(-0.291103 -0.0266908 1.05806e-06)
(-0.236454 -0.0153499 1.10625e-06)
(-0.185946 0.000904874 1.11808e-06)
(-0.137406 0.0215207 1.04884e-06)
(-0.487721 -0.0167783 1.93901e-07)
(-0.457444 -0.0432804 5.49848e-07)
(-0.406109 -0.0562117 8.31433e-07)
(-0.344715 -0.0564994 1.03233e-06)
(-0.281883 -0.0479687 1.1617e-06)
(-0.222947 -0.0343367 1.23966e-06)
(-0.170197 -0.0183448 1.28217e-06)
(-0.123544 -0.00254066 1.26442e-06)
(-0.526435 -0.0322858 2.14388e-07)
(-0.482134 -0.0781049 5.60597e-07)
(-0.413805 -0.0959001 8.39051e-07)
(-0.339375 -0.0925638 1.04077e-06)
(-0.26894 -0.077609 1.16996e-06)
(-0.20683 -0.0581785 1.23925e-06)
(-0.154149 -0.0386431 1.25607e-06)
(-0.110452 -0.0216994 1.20753e-06)
(-0.598112 -0.0674687 1.64581e-07)
(-0.521058 -0.143578 4.70213e-07)
(-0.420568 -0.160646 7.09442e-07)
(-0.326424 -0.144887 8.79754e-07)
(-0.247497 -0.116422 9.86024e-07)
(-0.183981 -0.0862606 1.0371e-06)
(-0.133718 -0.0594625 1.03942e-06)
(-0.0943947 -0.038015 9.87579e-07)
(-0.737482 -0.162604 1.39434e-07)
(-0.575311 -0.271307 3.51043e-07)
(-0.415114 -0.263062 5.19866e-07)
(-0.295151 -0.215743 6.39713e-07)
(-0.210313 -0.163008 7.117e-07)
(-0.149871 -0.116645 7.42035e-07)
(-0.105904 -0.0796934 7.34728e-07)
(-0.0734881 -0.0520183 6.90808e-07)
(-1.03202 -0.475549 3.9562e-08)
(-0.621515 -0.51971 9.07494e-08)
(-0.365004 -0.410198 1.1878e-07)
(-0.22637 -0.298861 1.37857e-07)
(-0.148399 -0.210477 1.55055e-07)
(-0.100666 -0.144556 1.72375e-07)
(-0.0690917 -0.0967278 1.87573e-07)
(-0.0471386 -0.0628531 1.94218e-07)
(-1.73274 -1.69687 -5.86643e-08)
(-0.50996 -0.92589 -1.05879e-07)
(-0.194266 -0.56539 -1.2996e-07)
(-0.0954308 -0.36662 -1.37079e-07)
(-0.0560075 -0.243589 -1.2859e-07)
(-0.036121 -0.162213 -1.07693e-07)
(-0.0242014 -0.106802 -7.98143e-08)
(-0.0163112 -0.0689203 -5.13143e-08)
(-0.0884877 0.100415 -4.16767e-08)
(-0.0288466 0.0488197 -2.69752e-08)
(-0.0114869 0.024804 -1.39899e-08)
(-0.0052652 0.012823 -6.10679e-09)
(-0.00260134 0.00663679 -2.09346e-09)
(-0.00132495 0.00340634 -3.33863e-10)
(-0.000678714 0.00172403 2.85564e-10)
(-0.00034516 0.000857595 4.0521e-10)
(-0.000173066 0.000418441 3.41805e-10)
(-8.5238e-05 0.000200031 2.40162e-10)
(-4.11516e-05 9.36253e-05 1.51384e-10)
(-1.94529e-05 4.28942e-05 8.88043e-11)
(-8.99884e-06 1.92348e-05 4.90698e-11)
(-4.07294e-06 8.44321e-06 2.58892e-11)
(-1.8037e-06 3.62869e-06 1.30731e-11)
(-7.81692e-07 1.52736e-06 6.3692e-12)
(-3.31626e-07 6.29852e-07 2.99184e-12)
(-1.37772e-07 2.54568e-07 1.36566e-12)
(-5.60718e-08 1.00883e-07 6.02224e-13)
(-2.23661e-08 3.92165e-08 2.59348e-13)
(-8.74774e-09 1.49604e-08 1.07477e-13)
(-3.35629e-09 5.60311e-09 4.38087e-14)
(-1.26381e-09 2.06119e-09 1.81076e-14)
(-4.6727e-10 7.45077e-10 7.00939e-15)
(-1.69711e-10 2.64768e-10 1.75235e-15)
(-6.05752e-11 9.25322e-11 0)
(-2.12572e-11 3.18156e-11 0)
(-7.34234e-12 1.07688e-11 0)
(-2.49534e-12 3.58764e-12 0)
(-8.36454e-13 1.17407e-12 0)
(-2.8388e-13 3.67993e-13 0)
(-1.16823e-13 8.0608e-14 0)
(-0.087214 0.0383025 8.9979e-09)
(-0.0467646 0.0273511 1.33764e-08)
(-0.0245098 0.0164992 1.56407e-08)
(-0.012902 0.00931485 1.48331e-08)
(-0.00681534 0.00506509 1.21977e-08)
(-0.00358781 0.00267819 9.05015e-09)
(-0.00187003 0.0013816 6.21046e-09)
(-0.000960433 0.000696152 3.99794e-09)
(-0.000484498 0.000342759 2.43932e-09)
(-0.000239577 0.000164938 1.41922e-09)
(-0.000115985 7.7584e-05 7.91592e-10)
(-5.49376e-05 3.56809e-05 4.24579e-10)
(-2.54522e-05 1.60483e-05 2.1972e-10)
(-1.15332e-05 7.06136e-06 1.09901e-10)
(-5.11215e-06 3.04072e-06 5.32615e-11)
(-2.21714e-06 1.28194e-06 2.50364e-11)
(-9.4117e-07 5.2935e-07 1.1437e-11)
(-3.91197e-07 2.14189e-07 5.08064e-12)
(-1.5928e-07 8.49628e-08 2.19686e-12)
(-6.35569e-08 3.30549e-08 9.26992e-13)
(-2.48657e-08 1.26188e-08 3.79091e-13)
(-9.54289e-09 4.72903e-09 1.53038e-13)
(-3.59422e-09 1.7406e-09 6.0164e-14)
(-1.32916e-09 6.29493e-10 2.27805e-14)
(-4.82835e-10 2.23789e-10 7.00939e-15)
(-1.72375e-10 7.82424e-11 5.84116e-16)
(-6.05039e-11 2.69091e-11 0)
(-2.08892e-11 9.10754e-12 0)
(-7.09935e-12 3.0339e-12 0)
(-2.38553e-12 9.92997e-13 0)
(-8.0608e-13 3.06077e-13 5.84116e-16)
(-3.32946e-13 6.89257e-14 0)
(-0.0826552 0.00860785 3.44909e-08)
(-0.0506499 0.00958532 3.04442e-08)
(-0.0295231 0.00718435 2.72186e-08)
(-0.0166993 0.00461175 2.28644e-08)
(-0.00923799 0.00272121 1.78037e-08)
(-0.00500845 0.00151933 1.28811e-08)
(-0.00266076 0.000813789 8.74307e-09)
(-0.001384 0.00042117 5.60338e-09)
(-0.00070428 0.000211469 3.41571e-09)
(-0.000350413 0.000103265 1.98849e-09)
(-0.000170409 4.9123e-05 1.11078e-09)
(-8.09886e-05 2.27906e-05 5.96847e-10)
(-3.76184e-05 1.03221e-05 3.09477e-10)
(-1.70805e-05 4.56733e-06 1.55099e-10)
(-7.58313e-06 1.97577e-06 7.53078e-11)
(-3.29306e-06 8.36112e-07 3.5464e-11)
(-1.39937e-06 3.46345e-07 1.62302e-11)
(-5.82159e-07 1.40514e-07 7.22143e-12)
(-2.37206e-07 5.58639e-08 3.12969e-12)
(-9.47102e-08 2.17761e-08 1.32069e-12)
(-3.70736e-08 8.32702e-09 5.42644e-13)
(-1.42345e-08 3.12521e-09 2.18459e-13)
(-5.36335e-09 1.15176e-09 8.70333e-14)
(-1.98408e-09 4.1701e-10 3.15423e-14)
(-7.20963e-10 1.48398e-10 1.10982e-14)
(-2.57456e-10 5.19279e-11 1.75235e-15)
(-9.03931e-11 1.78763e-11 -1.16823e-15)
(-3.12163e-11 6.05378e-12 0)
(-1.06075e-11 2.01637e-12 0)
(-3.56428e-12 6.58883e-13 -1.16823e-15)
(-1.20795e-12 2.04441e-13 2.92058e-15)
(-4.92994e-13 4.67293e-14 1.16823e-15)
(-0.0750873 -0.00949349 7.08286e-08)
(-0.0481881 -0.00322242 6.16181e-08)
(-0.0294834 -0.000657311 5.11033e-08)
(-0.0173652 0.000164808 3.99341e-08)
(-0.00990776 0.000313163 2.93517e-08)
(-0.00549523 0.0002568 2.0363e-08)
(-0.00296819 0.000168868 1.33924e-08)
(-0.00156275 9.93335e-05 8.38762e-09)
(-0.000802403 5.4395e-05 5.02188e-09)
(-0.000401923 2.82588e-05 2.88396e-09)
(-0.000196459 1.40734e-05 1.59314e-09)
(-9.37385e-05 6.76142e-06 8.48557e-10)
(-4.36755e-05 3.14681e-06 4.36729e-10)
(-1.98796e-05 1.42281e-06 2.17558e-10)
(-8.84336e-06 6.2631e-07 1.05081e-10)
(-3.84656e-06 2.68851e-07 4.92719e-11)
(-1.63677e-06 1.12691e-07 2.2461e-11)
(-6.81678e-07 4.61736e-08 9.96327e-12)
(-2.78018e-07 1.85115e-08 4.30552e-12)
(-1.11094e-07 7.26761e-09 1.8131e-12)
(-4.35166e-08 2.79622e-09 7.45916e-13)
(-1.67181e-08 1.05506e-09 3.0082e-13)
(-6.30242e-09 3.90642e-10 1.16823e-13)
(-2.33252e-09 1.42017e-10 4.32246e-14)
(-8.47915e-10 5.07223e-11 1.5187e-14)
(-3.02895e-10 1.78039e-11 3.5047e-15)
(-1.0638e-10 6.14607e-12 1.16823e-15)
(-3.67491e-11 2.08763e-12 0)
(-1.24954e-11 6.99771e-13 -1.16823e-15)
(-4.19746e-12 2.25469e-13 0)
(-1.42057e-12 7.35986e-14 1.75235e-15)
(-5.8178e-13 1.5187e-14 -5.84116e-16)
(-0.0641788 -0.0224971 8.38339e-08)
(-0.0418138 -0.0125536 6.85852e-08)
(-0.0261359 -0.00672182 5.39934e-08)
(-0.0157288 -0.00349558 4.05944e-08)
(-0.009146 -0.00177819 2.90594e-08)
(-0.00515274 -0.000888117 1.98025e-08)
(-0.00281822 -0.000436169 1.28713e-08)
(-0.00149847 -0.000210695 7.99675e-09)
(-0.000775355 -0.000100074 4.76258e-09)
(-0.000390735 -4.67092e-05 2.72481e-09)
(-0.000191906 -2.14114e-05 1.5015e-09)
(-9.19152e-05 -9.63444e-06 7.98263e-10)
(-4.2957e-05 -4.25389e-06 4.1035e-10)
(-1.9601e-05 -1.84257e-06 2.0422e-10)
(-8.73708e-06 -7.82873e-07 9.85813e-11)
(-3.80668e-06 -3.26284e-07 4.62007e-11)
(-1.62205e-06 -1.33407e-07 2.10556e-11)
(-6.76338e-07 -5.35205e-08 9.33885e-12)
(-2.76112e-07 -2.10727e-08 4.03624e-12)
(-1.10425e-07 -8.14518e-09 1.70036e-12)
(-4.32861e-08 -3.09171e-09 7.00355e-13)
(-1.664e-08 -1.15281e-09 2.80376e-13)
(-6.27639e-09 -4.22413e-10 1.10398e-13)
(-2.324e-09 -1.52154e-10 3.97199e-14)
(-8.45177e-10 -5.38976e-11 1.46029e-14)
(-3.02032e-10 -1.87887e-11 4.08881e-15)
(-1.06109e-10 -6.44397e-12 5.84116e-16)
(-3.66638e-11 -2.17408e-12 -5.84116e-16)
(-1.24697e-11 -7.24304e-13 -1.16823e-15)
(-4.18928e-12 -2.35983e-13 0)
(-1.4194e-12 -7.35986e-14 0)
(-5.8178e-13 -1.5187e-14 0)
(-0.0496274 -0.0324355 8.2331e-08)
(-0.0324129 -0.0194022 6.84467e-08)
(-0.0204253 -0.0111936 5.41917e-08)
(-0.0124216 -0.00625721 4.07755e-08)
(-0.0073003 -0.00340025 2.91428e-08)
(-0.0041532 -0.00180003 1.98217e-08)
(-0.00229077 -0.000929506 1.28554e-08)
(-0.00122666 -0.000468559 7.97365e-09)
(-0.000638418 -0.000230692 4.74064e-09)
(-0.000323261 -0.000110971 2.7091e-09)
(-0.000159384 -5.21717e-05 1.49093e-09)
(-7.6581e-05 -2.39794e-05 7.92019e-10)
(-3.58836e-05 -1.07786e-05 4.06745e-10)
(-1.64086e-05 -4.73982e-06 2.02323e-10)
(-7.32708e-06 -2.03988e-06 9.75947e-11)
(-3.1971e-06 -8.59541e-07 4.57252e-11)
(-1.364e-06 -3.5476e-07 2.08278e-11)
(-5.69343e-07 -1.43482e-07 9.23488e-12)
(-2.32642e-07 -5.68927e-08 3.9901e-12)
(-9.31128e-08 -2.21261e-08 1.68225e-12)
(-3.65242e-08 -8.44386e-09 6.91593e-13)
(-1.40488e-08 -3.16347e-09 2.78623e-13)
(-5.30176e-09 -1.16404e-09 1.10398e-13)
(-1.96401e-09 -4.20868e-10 4.08881e-14)
(-7.14548e-10 -1.49587e-10 1.63553e-14)
(-2.55444e-10 -5.22866e-11 8.17763e-15)
(-8.97658e-11 -1.79826e-11 2.92058e-15)
(-3.10294e-11 -6.08649e-12 -5.84116e-16)
(-1.0555e-11 -2.02688e-12 -5.84116e-16)
(-3.54675e-12 -6.63556e-13 -1.16823e-15)
(-1.20094e-12 -2.06777e-13 0)
(-4.91826e-13 -4.78975e-14 0)
(-0.0315648 -0.039549 1.11157e-07)
(-0.0205719 -0.0240798 8.6751e-08)
(-0.0129909 -0.0141951 6.46143e-08)
(-0.00793547 -0.00811243 4.59904e-08)
(-0.00468882 -0.00450071 3.13179e-08)
(-0.002682 -0.00242697 2.0432e-08)
(-0.00148675 -0.00127336 1.27911e-08)
(-0.000799654 -0.000650616 7.6969e-09)
(-0.000417767 -0.000323972 4.45953e-09)
(-0.000212215 -0.000157321 2.49195e-09)
(-0.000104914 -7.45472e-05 1.3452e-09)
(-5.05221e-05 -3.44896e-05 7.02513e-10)
(-2.37174e-05 -1.55885e-05 3.5546e-10)
(-1.08623e-05 -6.88679e-06 1.74472e-10)
(-4.8568e-06 -2.97551e-06 8.31828e-11)
(-2.12157e-06 -1.25798e-06 3.8561e-11)
(-9.05993e-07 -5.20692e-07 1.74002e-11)
(-3.78471e-07 -2.11113e-07 7.65075e-12)
(-1.54756e-07 -8.38878e-08 3.28156e-12)
(-6.19766e-08 -3.26855e-08 1.37209e-12)
(-2.43235e-08 -1.2494e-08 5.60751e-13)
(-9.36021e-09 -4.68762e-09 2.24885e-13)
(-3.53379e-09 -1.72709e-09 8.76174e-14)
(-1.30955e-09 -6.25161e-10 3.38787e-14)
(-4.76593e-10 -2.22423e-10 1.22664e-14)
(-1.70428e-10 -7.78159e-11 4.67293e-15)
(-5.99058e-11 -2.67794e-11 2.92058e-15)
(-2.07093e-11 -9.06899e-12 1.16823e-15)
(-7.04794e-12 -3.02222e-12 0)
(-2.36801e-12 -9.85988e-13 0)
(-8.03744e-13 -3.06077e-13 -1.16823e-15)
(-3.29441e-13 -7.12622e-14 0)
(-0.0108562 -0.0433506 5.05761e-08)
(-0.00705901 -0.0264981 3.79553e-08)
(-0.00445799 -0.0157197 2.73234e-08)
(-0.00272713 -0.0090492 1.88894e-08)
(-0.00161483 -0.00505711 1.25485e-08)
(-0.000925858 -0.00274555 8.01809e-09)
(-0.000514424 -0.00144925 4.93187e-09)
(-0.000277267 -0.00074438 2.92404e-09)
(-0.000145123 -0.000372327 1.67279e-09)
(-7.38364e-05 -0.00018149 9.24756e-10)
(-3.65526e-05 -8.62755e-05 4.94541e-10)
(-1.76224e-05 -4.00237e-05 2.56217e-10)
(-8.28077e-06 -1.81311e-05 1.28726e-10)
(-3.79558e-06 -8.02554e-06 6.28001e-11)
(-1.69827e-06 -3.47322e-06 2.97777e-11)
(-7.42279e-07 -1.47046e-06 1.37413e-11)
(-3.17141e-07 -6.09379e-07 6.17235e-12)
(-1.3254e-07 -2.47329e-07 2.70271e-12)
(-5.42151e-08 -9.83685e-08 1.15421e-12)
(-2.1719e-08 -3.83583e-08 4.81896e-13)
(-8.52629e-09 -1.46728e-08 1.94511e-13)
(-3.28191e-09 -5.5085e-09 7.76874e-14)
(-1.2393e-09 -2.03066e-09 3.0374e-14)
(-4.59344e-10 -7.35414e-10 1.10982e-14)
(-1.67202e-10 -2.61769e-10 4.08881e-15)
(-5.97983e-11 -9.16151e-11 1.16823e-15)
(-2.10235e-11 -3.15434e-11 1.16823e-15)
(-7.27225e-12 -1.06882e-11 0)
(-2.47081e-12 -3.56428e-12 1.16823e-15)
(-8.31781e-13 -1.1659e-12 0)
(-2.8388e-13 -3.65657e-13 0)
(-1.13319e-13 -7.71033e-14 5.84116e-16)
(-0.0884877 0.100415 9.93277e-08)
(-0.0288465 0.0488197 7.1243e-08)
(-0.0114868 0.024804 5.62061e-08)
(-0.00526518 0.012823 4.2537e-08)
(-0.00260133 0.00663681 3.01592e-08)
(-0.00132495 0.00340636 2.00996e-08)
(-0.000678713 0.00172405 1.27102e-08)
(-0.00034516 0.000857603 7.66939e-09)
(-0.000173066 0.000418446 4.44096e-09)
(-8.52383e-05 0.000200034 2.47434e-09)
(-4.11519e-05 9.36272e-05 1.3309e-09)
(-1.94531e-05 4.28953e-05 6.92045e-10)
(-8.99897e-06 1.92354e-05 3.48679e-10)
(-4.07302e-06 8.44348e-06 1.70366e-10)
(-1.80374e-06 3.62882e-06 8.08738e-11)
(-7.81712e-07 1.52743e-06 3.73186e-11)
(-3.31636e-07 6.29881e-07 1.67659e-11)
(-1.37776e-07 2.54581e-07 7.33591e-12)
(-5.6074e-08 1.00889e-07 3.13145e-12)
(-2.23671e-08 3.92189e-08 1.30375e-12)
(-8.74817e-09 1.49613e-08 5.29209e-13)
(-3.35647e-09 5.6035e-09 2.09698e-13)
(-1.26389e-09 2.06135e-09 8.23604e-14)
(-4.67299e-10 7.45138e-10 3.15423e-14)
(-1.69725e-10 2.64788e-10 1.22664e-14)
(-6.05787e-11 9.25357e-11 4.08881e-15)
(-2.12607e-11 3.18156e-11 1.16823e-15)
(-7.34234e-12 1.07688e-11 -5.84116e-16)
(-2.49418e-12 3.5853e-12 0)
(-8.36454e-13 1.17524e-12 0)
(-2.8388e-13 3.7033e-13 -1.75235e-15)
(-1.16823e-13 8.0608e-14 5.84116e-16)
(-0.087214 0.0383027 3.81469e-07)
(-0.0467646 0.0273512 3.05045e-07)
(-0.0245098 0.0164993 2.30285e-07)
(-0.0129021 0.00931491 1.63929e-07)
(-0.00681536 0.00506513 1.10636e-07)
(-0.00358782 0.00267822 7.12345e-08)
(-0.00187004 0.00138161 4.39284e-08)
(-0.000960441 0.000696163 2.60413e-08)
(-0.000484503 0.000342765 1.48726e-08)
(-0.000239581 0.000164941 8.20252e-09)
(-0.000115987 7.75859e-05 4.37472e-09)
(-5.49387e-05 3.56819e-05 2.26029e-09)
(-2.54528e-05 1.60488e-05 1.1325e-09)
(-1.15335e-05 7.06162e-06 5.51056e-10)
(-5.11232e-06 3.04085e-06 2.6062e-10)
(-2.21723e-06 1.28199e-06 1.19948e-10)
(-9.4121e-07 5.29376e-07 5.37626e-11)
(-3.91215e-07 2.14201e-07 2.34896e-11)
(-1.59288e-07 8.49679e-08 1.00123e-11)
(-6.35605e-08 3.3057e-08 4.16708e-12)
(-2.48672e-08 1.26196e-08 1.69335e-12)
(-9.54352e-09 4.72938e-09 6.70565e-13)
(-3.59448e-09 1.74074e-09 2.62268e-13)
(-1.32927e-09 6.29543e-10 9.98839e-14)
(-4.82878e-10 2.23808e-10 3.73834e-14)
(-1.72389e-10 7.82459e-11 1.34347e-14)
(-6.05062e-11 2.69067e-11 5.25704e-15)
(-2.08915e-11 9.10754e-12 1.75235e-15)
(-7.09701e-12 3.0339e-12 0)
(-2.38086e-12 9.89493e-13 1.16823e-15)
(-8.08417e-13 3.11918e-13 1.16823e-15)
(-3.35283e-13 7.24304e-14 5.84116e-16)
(-0.0826552 0.00860797 5.02781e-07)
(-0.0506499 0.00958542 4.08315e-07)
(-0.0295231 0.00718442 3.11233e-07)
(-0.0166993 0.0046118 2.23564e-07)
(-0.00923801 0.00272124 1.52296e-07)
(-0.00500847 0.00151935 9.88533e-08)
(-0.00266077 0.000813803 6.1415e-08)
(-0.00138401 0.000421179 3.66249e-08)
(-0.000704287 0.000211474 2.10291e-08)
(-0.000350418 0.000103268 1.16461e-08)
(-0.000170411 4.91246e-05 6.23497e-09)
(-8.09902e-05 2.27915e-05 3.23076e-09)
(-3.76192e-05 1.03226e-05 1.62324e-09)
(-1.70809e-05 4.56755e-06 7.91491e-10)
(-7.58337e-06 1.97587e-06 3.75119e-10)
(-3.29318e-06 8.3616e-07 1.72918e-10)
(-1.39943e-06 3.46367e-07 7.76337e-11)
(-5.82185e-07 1.40523e-07 3.39658e-11)
(-2.37218e-07 5.58681e-08 1.44966e-11)
(-9.47154e-08 2.17779e-08 6.03684e-12)
(-3.70758e-08 8.32775e-09 2.45679e-12)
(-1.42354e-08 3.12551e-09 9.78979e-13)
(-5.36373e-09 1.15188e-09 3.82012e-13)
(-1.98423e-09 4.17051e-10 1.45445e-13)
(-7.21022e-10 1.48413e-10 5.37387e-14)
(-2.57478e-10 5.19338e-11 1.92758e-14)
(-9.04001e-11 1.78775e-11 7.59351e-15)
(-3.1214e-11 6.05378e-12 3.5047e-15)
(-1.06099e-11 2.01754e-12 1.16823e-15)
(-3.55844e-12 6.58883e-13 0)
(-1.20328e-12 2.04441e-13 4.08881e-15)
(-5.01172e-13 4.43928e-14 1.75235e-15)
(-0.0750873 -0.00949339 5.63671e-07)
(-0.0481882 -0.00322235 4.63329e-07)
(-0.0294834 -0.000657257 3.57237e-07)
(-0.0173652 0.000164843 2.5939e-07)
(-0.0099078 0.000313185 1.78296e-07)
(-0.00549526 0.000256814 1.16637e-07)
(-0.00296822 0.000168876 7.29112e-08)
(-0.00156277 9.93383e-05 4.37151e-08)
(-0.000802414 5.43977e-05 2.52053e-08)
(-0.00040193 2.82602e-05 1.40119e-08)
(-0.000196463 1.40742e-05 7.52353e-09)
(-9.37408e-05 6.76183e-06 3.90937e-09)
(-4.36768e-05 3.14701e-06 1.96845e-09)
(-1.98802e-05 1.42291e-06 9.61924e-10)
(-8.8437e-06 6.26357e-07 4.56672e-10)
(-3.84673e-06 2.68873e-07 2.10903e-10)
(-1.63685e-06 1.127e-07 9.48248e-11)
(-6.81714e-07 4.61778e-08 4.15564e-11)
(-2.78034e-07 1.85133e-08 1.77612e-11)
(-1.11101e-07 7.26837e-09 7.41068e-12)
(-4.35196e-08 2.79653e-09 3.02046e-12)
(-1.67194e-08 1.05518e-09 1.2027e-12)
(-6.30293e-09 3.90688e-10 4.67877e-13)
(-2.33272e-09 1.42034e-10 1.7874e-13)
(-8.47994e-10 5.07293e-11 6.5421e-14)
(-3.02926e-10 1.78085e-11 2.27805e-14)
(-1.06387e-10 6.15191e-12 8.17763e-15)
(-3.67538e-11 2.08763e-12 1.75235e-15)
(-1.24942e-11 6.96266e-13 -5.84116e-16)
(-4.19395e-12 2.27805e-13 0)
(-1.42057e-12 6.89257e-14 1.16823e-15)
(-5.84116e-13 1.40188e-14 0)
(-0.0641788 -0.0224971 5.07589e-07)
(-0.0418138 -0.0125536 4.15529e-07)
(-0.0261359 -0.00672182 3.20634e-07)
(-0.0157289 -0.00349558 2.33721e-07)
(-0.00914604 -0.00177819 1.61514e-07)
(-0.00515278 -0.000888118 1.06262e-07)
(-0.00281825 -0.00043617 6.67951e-08)
(-0.00149848 -0.000210696 4.02512e-08)
(-0.000775365 -0.000100074 2.33145e-08)
(-0.000390741 -4.67095e-05 1.30127e-08)
(-0.00019191 -2.14116e-05 7.01203e-09)
(-9.19174e-05 -9.63455e-06 3.65491e-09)
(-4.29582e-05 -4.25395e-06 1.84546e-09)
(-1.96016e-05 -1.8426e-06 9.04031e-10)
(-8.7374e-06 -7.82888e-07 4.30153e-10)
(-3.80684e-06 -3.26291e-07 1.99049e-10)
(-1.62213e-06 -1.33411e-07 8.96624e-11)
(-6.76372e-07 -5.3522e-08 3.93601e-11)
(-2.76128e-07 -2.10733e-08 1.68517e-11)
(-1.10432e-07 -8.14545e-09 7.04269e-12)
(-4.3289e-08 -3.09182e-09 2.8756e-12)
(-1.66412e-08 -1.15285e-09 1.1472e-12)
(-6.27687e-09 -4.22427e-10 4.48601e-13)
(-2.32419e-09 -1.52158e-10 1.69394e-13)
(-8.4525e-10 -5.38964e-11 6.0164e-14)
(-3.02058e-10 -1.87828e-11 2.27805e-14)
(-1.06119e-10 -6.44163e-12 8.76174e-15)
(-3.66685e-11 -2.17642e-12 1.75235e-15)
(-1.24697e-11 -7.23136e-13 -5.84116e-16)
(-4.18578e-12 -2.39488e-13 2.33646e-15)
(-1.4194e-12 -7.47669e-14 1.75235e-15)
(-5.8178e-13 -1.5187e-14 5.84116e-16)
(-0.0496274 -0.0324354 4.07066e-07)
(-0.0324129 -0.0194021 3.34702e-07)
(-0.0204254 -0.0111936 2.59933e-07)
(-0.0124216 -0.0062572 1.90852e-07)
(-0.00730034 -0.00340025 1.32915e-07)
(-0.00415324 -0.00180003 8.80792e-08)
(-0.0022908 -0.000929507 5.5742e-08)
(-0.00122667 -0.00046856 3.37883e-08)
(-0.000638428 -0.000230692 1.96748e-08)
(-0.000323268 -0.000110972 1.10305e-08)
(-0.000159388 -5.2172e-05 5.96772e-09)
(-7.65832e-05 -2.39796e-05 3.12106e-09)
(-3.58848e-05 -1.07787e-05 1.58071e-09)
(-1.64092e-05 -4.73988e-06 7.76333e-10)
(-7.3274e-06 -2.03991e-06 3.70268e-10)
(-3.19725e-06 -8.59556e-07 1.71687e-10)
(-1.36408e-06 -3.54767e-07 7.74853e-11)
(-5.69377e-07 -1.43486e-07 3.40697e-11)
(-2.32657e-07 -5.68942e-08 1.46099e-11)
(-9.31194e-08 -2.21267e-08 6.1157e-12)
(-3.6527e-08 -8.44414e-09 2.49943e-12)
(-1.405e-08 -3.16358e-09 9.98254e-13)
(-5.30223e-09 -1.16408e-09 3.89605e-13)
(-1.96419e-09 -4.20884e-10 1.46613e-13)
(-7.14617e-10 -1.49593e-10 5.19863e-14)
(-2.55468e-10 -5.22854e-11 2.10282e-14)
(-8.97833e-11 -1.79779e-11 7.59351e-15)
(-3.10341e-11 -6.08182e-12 1.75235e-15)
(-1.05561e-11 -2.02338e-12 5.84116e-16)
(-3.54675e-12 -6.62388e-13 1.16823e-15)
(-1.19861e-12 -2.10282e-13 2.33646e-15)
(-4.91826e-13 -4.78975e-14 5.84116e-16)
(-0.0315648 -0.039549 2.98857e-07)
(-0.020572 -0.0240798 2.40886e-07)
(-0.012991 -0.0141952 1.84205e-07)
(-0.00793554 -0.00811248 1.33778e-07)
(-0.00468887 -0.00450074 9.24228e-08)
(-0.00268204 -0.00242699 6.09093e-08)
(-0.00148677 -0.00127338 3.83861e-08)
(-0.000799671 -0.000650626 2.31996e-08)
(-0.000417777 -0.000323978 1.34765e-08)
(-0.000212221 -0.000157325 7.54228e-09)
(-0.000104918 -7.45492e-05 4.07422e-09)
(-5.05241e-05 -3.44907e-05 2.12838e-09)
(-2.37185e-05 -1.55891e-05 1.0768e-09)
(-1.08628e-05 -6.88707e-06 5.28453e-10)
(-4.85708e-06 -2.97565e-06 2.51859e-10)
(-2.1217e-06 -1.25804e-06 1.16727e-10)
(-9.06055e-07 -5.20721e-07 5.26569e-11)
(-3.78499e-07 -2.11126e-07 2.31456e-11)
(-1.54768e-07 -8.38934e-08 9.92355e-12)
(-6.19821e-08 -3.26879e-08 4.15248e-12)
(-2.43258e-08 -1.2495e-08 1.69803e-12)
(-9.36116e-09 -4.68802e-09 6.78743e-13)
(-3.53417e-09 -1.72724e-09 2.65189e-13)
(-1.3097e-09 -6.2522e-10 1.00468e-13)
(-4.76653e-10 -2.22447e-10 3.73834e-14)
(-1.70445e-10 -7.78265e-11 1.63553e-14)
(-5.9914e-11 -2.67829e-11 4.67293e-15)
(-2.07163e-11 -9.06899e-12 0)
(-7.04911e-12 -3.01988e-12 0)
(-2.37151e-12 -9.83651e-13 0)
(-8.01407e-13 -3.06077e-13 0)
(-3.28273e-13 -6.89257e-14 1.16823e-15)
(-0.0108563 -0.0433509 8.63136e-08)
(-0.00705905 -0.0264984 6.92965e-08)
(-0.00445803 -0.0157199 5.29926e-08)
(-0.00272715 -0.00904933 3.85629e-08)
(-0.00161485 -0.00505719 2.67286e-08)
(-0.000925873 -0.00274561 1.76745e-08)
(-0.000514434 -0.00144928 1.11772e-08)
(-0.000277274 -0.000744401 6.7753e-09)
(-0.000145127 -0.000372339 3.94643e-09)
(-7.38387e-05 -0.000181497 2.21342e-09)
(-3.65539e-05 -8.62792e-05 1.19792e-09)
(-1.76231e-05 -4.00257e-05 6.2666e-10)
(-8.28116e-06 -1.8132e-05 3.17421e-10)
(-3.79577e-06 -8.02601e-06 1.55898e-10)
(-1.69837e-06 -3.47345e-06 7.4348e-11)
(-7.42326e-07 -1.47057e-06 3.44669e-11)
(-3.17163e-07 -6.09426e-07 1.55515e-11)
(-1.3255e-07 -2.4735e-07 6.83533e-12)
(-5.42196e-08 -9.83773e-08 2.92934e-12)
(-2.1721e-08 -3.8362e-08 1.22489e-12)
(-8.5271e-09 -1.46743e-08 5.00587e-13)
(-3.28224e-09 -5.50911e-09 1.99184e-13)
(-1.23943e-09 -2.0309e-09 7.65192e-14)
(-4.59398e-10 -7.35504e-10 2.97899e-14)
(-1.67221e-10 -2.61802e-10 1.05141e-14)
(-5.98065e-11 -9.16291e-11 4.67293e-15)
(-2.10258e-11 -3.15516e-11 1.75235e-15)
(-7.27108e-12 -1.06905e-11 0)
(-2.47315e-12 -3.56661e-12 5.84116e-16)
(-8.31781e-13 -1.1659e-12 -1.16823e-15)
(-2.81544e-13 -3.64488e-13 0)
(-1.15655e-13 -7.94398e-14 1.16823e-15)
(-0.088488 0.100416 4.83564e-07)
(-0.0288467 0.0488204 3.65467e-07)
(-0.0114869 0.0248046 2.65344e-07)
(-0.00526526 0.0128234 1.80033e-07)
(-0.00260138 0.00663707 1.15741e-07)
(-0.00132499 0.00340653 7.133e-08)
(-0.000678739 0.00172415 4.23831e-08)
(-0.000345176 0.000857662 2.43614e-08)
(-0.000173076 0.000418479 1.35654e-08)
(-8.52442e-05 0.000200052 7.32716e-09)
(-4.11551e-05 9.36368e-05 3.84166e-09)
(-1.94549e-05 4.29002e-05 1.95693e-09)
(-8.99989e-06 1.92378e-05 9.69143e-10)
(-4.07348e-06 8.44465e-06 4.66997e-10)
(-1.80397e-06 3.62937e-06 2.19108e-10)
(-7.81821e-07 1.52768e-06 1.0017e-10)
(-3.31686e-07 6.29993e-07 4.46574e-11)
(-1.37799e-07 2.5463e-07 1.94265e-11)
(-5.60838e-08 1.0091e-07 8.25122e-12)
(-2.23713e-08 3.92275e-08 3.42409e-12)
(-8.74993e-09 1.49648e-08 1.38903e-12)
(-3.35719e-09 5.60487e-09 5.5199e-13)
(-1.26417e-09 2.06188e-09 2.14955e-13)
(-4.67407e-10 7.45339e-10 8.23604e-14)
(-1.69768e-10 2.64866e-10 3.15423e-14)
(-6.05985e-11 9.25649e-11 1.22664e-14)
(-2.12642e-11 3.18297e-11 3.5047e-15)
(-7.34468e-12 1.07723e-11 2.92058e-15)
(-2.49534e-12 3.58881e-12 0)
(-8.38791e-13 1.17174e-12 0)
(-2.81544e-13 3.65657e-13 0)
(-1.16823e-13 8.41127e-14 1.16823e-15)
(-0.0872143 0.0383033 1.31434e-06)
(-0.0467649 0.0273518 1.04035e-06)
(-0.0245101 0.0164997 7.51863e-07)
(-0.0129023 0.00931521 5.08082e-07)
(-0.00681553 0.00506534 3.26445e-07)
(-0.00358794 0.00267835 2.01203e-07)
(-0.00187012 0.00138169 1.19546e-07)
(-0.000960491 0.00069621 6.86443e-08)
(-0.000484534 0.000342793 3.81603e-08)
(-0.000239598 0.000164956 2.05603e-08)
(-0.000115997 7.75938e-05 1.07484e-08)
(-5.49441e-05 3.5686e-05 5.45635e-09)
(-2.54556e-05 1.60508e-05 2.69233e-09)
(-1.1535e-05 7.06261e-06 1.29224e-09)
(-5.11301e-06 3.04131e-06 6.03866e-10)
(-2.21756e-06 1.28221e-06 2.74929e-10)
(-9.41363e-07 5.29472e-07 1.22054e-10)
(-3.91284e-07 2.14243e-07 5.28713e-11)
(-1.59319e-07 8.49855e-08 2.23658e-11)
(-6.35735e-08 3.30643e-08 9.24188e-12)
(-2.48727e-08 1.26226e-08 3.73309e-12)
(-9.54574e-09 4.73057e-09 1.47606e-12)
(-3.59536e-09 1.7412e-09 5.72434e-13)
(-1.32961e-09 6.2972e-10 2.16707e-13)
(-4.83009e-10 2.23872e-10 8.29445e-14)
(-1.72438e-10 7.82727e-11 3.15423e-14)
(-6.05249e-11 2.69231e-11 1.16823e-14)
(-2.08997e-11 9.11455e-12 4.08881e-15)
(-7.10402e-12 3.03624e-12 1.16823e-15)
(-2.38319e-12 9.95334e-13 -1.75235e-15)
(-8.0608e-13 3.17759e-13 -1.75235e-15)
(-3.35283e-13 7.12622e-14 0)
(-0.0826555 0.00860821 1.59035e-06)
(-0.0506503 0.00958564 1.27746e-06)
(-0.0295235 0.0071846 9.4632e-07)
(-0.0166996 0.00461194 6.56868e-07)
(-0.00923824 0.00272134 4.32201e-07)
(-0.00500863 0.00151942 2.71697e-07)
(-0.00266088 0.000813847 1.63963e-07)
(-0.00138408 0.000421205 9.53268e-08)
(-0.00070433 0.00021149 5.35096e-08)
(-0.000350443 0.000103277 2.90598e-08)
(-0.000170425 4.91293e-05 1.52877e-08)
(-8.09978e-05 2.27939e-05 7.80267e-09)
(-3.76232e-05 1.03238e-05 3.86708e-09)
(-1.7083e-05 4.56815e-06 1.86348e-09)
(-7.58436e-06 1.97616e-06 8.73722e-10)
(-3.29366e-06 8.36294e-07 3.99059e-10)
(-1.39965e-06 3.46427e-07 1.77648e-10)
(-5.82285e-07 1.4055e-07 7.7167e-11)
(-2.37262e-07 5.58794e-08 3.27204e-11)
(-9.47343e-08 2.17826e-08 1.35573e-11)
(-3.70837e-08 8.32968e-09 5.49128e-12)
(-1.42386e-08 3.12627e-09 2.177e-12)
(-5.36502e-09 1.15218e-09 8.42295e-13)
(-1.98473e-09 4.17168e-10 3.22432e-13)
(-7.21215e-10 1.48454e-10 1.20328e-13)
(-2.57548e-10 5.19478e-11 4.67293e-14)
(-9.04223e-11 1.78821e-11 1.86917e-14)
(-3.12292e-11 6.05378e-12 7.00939e-15)
(-1.06157e-11 2.0152e-12 1.75235e-15)
(-3.5596e-12 6.62388e-13 1.75235e-15)
(-1.20445e-12 2.04441e-13 -2.33646e-15)
(-5.03508e-13 4.43928e-14 -1.75235e-15)
(-0.0750877 -0.00949348 1.56924e-06)
(-0.0481885 -0.00322241 1.2804e-06)
(-0.0294838 -0.000657292 9.6835e-07)
(-0.0173655 0.000164828 6.85989e-07)
(-0.00990805 0.000313181 4.59577e-07)
(-0.00549544 0.000256815 2.93252e-07)
(-0.00296834 0.000168878 1.79169e-07)
(-0.00156285 9.93408e-05 1.05206e-07)
(-0.000802463 5.43995e-05 5.95457e-08)
(-0.000401959 2.82615e-05 3.25557e-08)
(-0.000196479 1.40749e-05 1.72262e-08)
(-9.37496e-05 6.76227e-06 8.83432e-09)
(-4.36814e-05 3.14725e-06 4.39728e-09)
(-1.98826e-05 1.42303e-06 2.12673e-09)
(-8.84487e-06 6.26421e-07 1.00058e-09)
(-3.84729e-06 2.68904e-07 4.58359e-10)
(-1.63711e-06 1.12715e-07 2.04644e-10)
(-6.81832e-07 4.61844e-08 8.91215e-11)
(-2.78086e-07 1.85162e-08 3.78893e-11)
(-1.11123e-07 7.26962e-09 1.57367e-11)
(-4.3529e-08 2.79706e-09 6.38965e-12)
(-1.67232e-08 1.05539e-09 2.53798e-12)
(-6.30447e-09 3.90777e-10 9.87156e-13)
(-2.33333e-09 1.42066e-10 3.77339e-13)
(-8.48227e-10 5.07375e-11 1.40772e-13)
(-3.0301e-10 1.7812e-11 5.31546e-14)
(-1.06419e-10 6.14841e-12 2.10282e-14)
(-3.67678e-11 2.08529e-12 7.59351e-15)
(-1.24966e-11 6.95098e-13 4.67293e-15)
(-4.19395e-12 2.27805e-13 4.08881e-15)
(-1.42174e-12 7.12622e-14 5.84116e-16)
(-5.86453e-13 1.5187e-14 1.75235e-15)
(-0.0641791 -0.0224974 1.29759e-06)
(-0.0418141 -0.0125539 1.06254e-06)
(-0.0261363 -0.00672202 8.1172e-07)
(-0.0157291 -0.00349572 5.82382e-07)
(-0.00914626 -0.00177828 3.95212e-07)
(-0.00515293 -0.000888174 2.55164e-07)
(-0.00281835 -0.000436203 1.57497e-07)
(-0.00149856 -0.000210715 9.328e-08)
(-0.000775409 -0.000100085 5.31733e-08)
(-0.000390768 -4.67151e-05 2.92428e-08)
(-0.000191925 -2.14145e-05 1.55474e-08)
(-9.19255e-05 -9.63601e-06 8.00463e-09)
(-4.29625e-05 -4.25467e-06 3.99695e-09)
(-1.96038e-05 -1.84294e-06 1.93814e-09)
(-8.73849e-06 -7.83046e-07 9.13763e-10)
(-3.80737e-06 -3.26362e-07 4.19314e-10)
(-1.62237e-06 -1.33442e-07 1.87471e-10)
(-6.76483e-07 -5.35355e-08 8.17348e-11)
(-2.76177e-07 -2.1079e-08 3.47812e-11)
(-1.10453e-07 -8.14777e-09 1.44575e-11)
(-4.32979e-08 -3.09275e-09 5.87387e-12)
(-1.66449e-08 -1.15323e-09 2.33413e-12)
(-6.27835e-09 -4.22571e-10 9.06548e-13)
(-2.32477e-09 -1.52217e-10 3.45797e-13)
(-8.45469e-10 -5.39233e-11 1.2909e-13)
(-3.02138e-10 -1.8791e-11 4.96499e-14)
(-1.0615e-10 -6.44631e-12 1.98599e-14)
(-3.66825e-11 -2.17875e-12 7.59351e-15)
(-1.24709e-11 -7.21967e-13 4.67293e-15)
(-4.18578e-12 -2.37151e-13 1.75235e-15)
(-1.41823e-12 -7.12622e-14 2.92058e-15)
(-5.87621e-13 -1.5187e-14 1.16823e-15)
(-0.0496276 -0.0324359 9.35045e-07)
(-0.0324131 -0.0194025 7.70067e-07)
(-0.0204256 -0.0111939 5.94497e-07)
(-0.0124218 -0.00625741 4.32e-07)
(-0.0073005 -0.00340039 2.96967e-07)
(-0.00415336 -0.00180012 1.94101e-07)
(-0.00229088 -0.000929563 1.21145e-07)
(-0.00122673 -0.000468593 7.24717e-08)
(-0.000638463 -0.000230711 4.16794e-08)
(-0.000323289 -0.000110982 2.31046e-08)
(-0.0001594 -5.21775e-05 1.23715e-08)
(-7.65898e-05 -2.39824e-05 6.41084e-09)
(-3.58883e-05 -1.07801e-05 3.22006e-09)
(-1.6411e-05 -4.74057e-06 1.56999e-09)
(-7.32829e-06 -2.04024e-06 7.43978e-10)
(-3.19768e-06 -8.59706e-07 3.4305e-10)
(-1.36428e-06 -3.54834e-07 1.5408e-10)
(-5.69469e-07 -1.43515e-07 6.74748e-11)
(-2.32698e-07 -5.69065e-08 2.88355e-11)
(-9.3137e-08 -2.21318e-08 1.20351e-11)
(-3.65344e-08 -8.44621e-09 4.91125e-12)
(-1.40531e-08 -3.1644e-09 1.95854e-12)
(-5.30346e-09 -1.16441e-09 7.6344e-13)
(-1.96468e-09 -4.21006e-10 2.92058e-13)
(-7.14802e-10 -1.49634e-10 1.08061e-13)
(-2.55532e-10 -5.23018e-11 3.97199e-14)
(-8.98067e-11 -1.79908e-11 1.63553e-14)
(-3.10411e-11 -6.08649e-12 7.59351e-15)
(-1.05561e-11 -2.02455e-12 4.08881e-15)
(-3.54325e-12 -6.67061e-13 4.67293e-15)
(-1.19977e-12 -2.07945e-13 2.92058e-15)
(-5.00003e-13 -4.78975e-14 2.33646e-15)
(-0.031565 -0.0395496 3.74307e-07)
(-0.0205721 -0.0240803 3.18788e-07)
(-0.0129912 -0.0141956 2.53476e-07)
(-0.00793565 -0.00811274 1.88838e-07)
(-0.00468897 -0.00450092 1.32537e-07)
(-0.00268211 -0.00242711 8.81077e-08)
(-0.00148682 -0.00127345 5.57545e-08)
(-0.000799704 -0.00065067 3.37233e-08)
(-0.000417798 -0.000324003 1.9567e-08)
(-0.000212234 -0.000157339 1.09225e-08)
(-0.000104925 -7.45567e-05 5.88067e-09)
(-5.05281e-05 -3.44946e-05 3.06014e-09)
(-2.37206e-05 -1.5591e-05 1.54198e-09)
(-1.08639e-05 -6.88803e-06 7.53561e-10)
(-4.85763e-06 -2.9761e-06 3.57674e-10)
(-2.12196e-06 -1.25825e-06 1.6509e-10)
(-9.0618e-07 -5.20815e-07 7.4188e-11)
(-3.78556e-07 -2.11167e-07 3.24874e-11)
(-1.54794e-07 -8.39111e-08 1.38774e-11)
(-6.19931e-08 -3.26953e-08 5.78917e-12)
(-2.43305e-08 -1.2498e-08 2.35983e-12)
(-9.36308e-09 -4.68922e-09 9.40427e-13)
(-3.53495e-09 -1.72771e-09 3.66825e-13)
(-1.31e-09 -6.25394e-10 1.39604e-13)
(-4.76768e-10 -2.22507e-10 5.14022e-14)
(-1.70492e-10 -7.78487e-11 1.92758e-14)
(-5.99362e-11 -2.67899e-11 7.59351e-15)
(-2.07198e-11 -9.07483e-12 2.92058e-15)
(-7.04678e-12 -3.02222e-12 1.16823e-15)
(-2.36801e-12 -9.89493e-13 1.75235e-15)
(-8.00239e-13 -3.14254e-13 2.33646e-15)
(-3.32946e-13 -7.12622e-14 1.16823e-15)
(-0.0108563 -0.0433514 8.18319e-09)
(-0.00705907 -0.0264987 2.03264e-08)
(-0.00445805 -0.0157202 2.42269e-08)
(-0.00272718 -0.00904954 2.26177e-08)
(-0.00161487 -0.00505734 1.83373e-08)
(-0.000925889 -0.00274571 1.34658e-08)
(-0.000514445 -0.00144935 9.15848e-09)
(-0.000277282 -0.00074444 5.84817e-09)
(-0.000145132 -0.000372362 3.53818e-09)
(-7.38419e-05 -0.00018151 2.0413e-09)
(-3.65557e-05 -8.62861e-05 1.12848e-09)
(-1.76241e-05 -4.00293e-05 5.99991e-10)
(-8.28171e-06 -1.81339e-05 3.07714e-10)
(-3.79606e-06 -8.02691e-06 1.52593e-10)
(-1.69851e-06 -3.47388e-06 7.33142e-11)
(-7.42397e-07 -1.47077e-06 3.41842e-11)
(-3.17196e-07 -6.09515e-07 1.54943e-11)
(-1.32565e-07 -2.47389e-07 6.83299e-12)
(-5.42264e-08 -9.83942e-08 2.93635e-12)
(-2.17239e-08 -3.83691e-08 1.23073e-12)
(-8.52835e-09 -1.46772e-08 5.0526e-13)
(-3.28275e-09 -5.51026e-09 2.0152e-13)
(-1.23964e-09 -2.03135e-09 7.94398e-14)
(-4.59479e-10 -7.35676e-10 3.15423e-14)
(-1.67255e-10 -2.61865e-10 1.16823e-14)
(-5.98147e-11 -9.1656e-11 4.67293e-15)
(-2.10317e-11 -3.15575e-11 1.75235e-15)
(-7.27341e-12 -1.06858e-11 0)
(-2.47315e-12 -3.56661e-12 0)
(-8.34118e-13 -1.16356e-12 0)
(-2.81544e-13 -3.65657e-13 0)
(-1.13319e-13 -8.0608e-14 5.84116e-16)
(-0.0884886 0.100419 3.4256e-07)
(-0.028847 0.0488225 2.67249e-07)
(-0.0114872 0.0248061 1.95148e-07)
(-0.00526548 0.0128244 1.31389e-07)
(-0.00260154 0.0066377 8.34882e-08)
(-0.00132509 0.00340691 5.08965e-08)
(-0.000678807 0.00172437 2.99585e-08)
(-0.000345217 0.000857789 1.70973e-08)
(-0.0001731 0.00041855 9.4662e-09)
(-8.52578e-05 0.00020009 5.09298e-09)
(-4.11626e-05 9.36564e-05 2.66214e-09)
(-1.94588e-05 4.29101e-05 1.35369e-09)
(-9.00195e-06 1.92427e-05 6.69535e-10)
(-4.07452e-06 8.447e-06 3.22521e-10)
(-1.80447e-06 3.63047e-06 1.51306e-10)
(-7.82061e-07 1.52818e-06 6.92189e-11)
(-3.31798e-07 6.30214e-07 3.08828e-11)
(-1.37849e-07 2.54726e-07 1.34545e-11)
(-5.6106e-08 1.0095e-07 5.72317e-12)
(-2.23808e-08 3.92442e-08 2.38086e-12)
(-8.75392e-09 1.49716e-08 9.66128e-13)
(-3.35882e-09 5.60756e-09 3.86101e-13)
(-1.26483e-09 2.06292e-09 1.50118e-13)
(-4.67667e-10 7.45734e-10 5.84116e-14)
(-1.69867e-10 2.65013e-10 2.21964e-14)
(-6.06359e-11 9.26198e-11 8.76174e-15)
(-2.12805e-11 3.18472e-11 2.33646e-15)
(-7.34818e-12 1.07758e-11 5.84116e-16)
(-2.49768e-12 3.5853e-12 -5.84116e-16)
(-8.36454e-13 1.1694e-12 0)
(-2.82712e-13 3.65657e-13 5.84116e-16)
(-1.16823e-13 8.0608e-14 -1.16823e-15)
(-0.0872149 0.0383049 9.41864e-07)
(-0.0467658 0.027353 7.48681e-07)
(-0.0245109 0.0165006 5.37218e-07)
(-0.0129029 0.00931586 3.58986e-07)
(-0.00681597 0.00506576 2.28007e-07)
(-0.00358823 0.00267862 1.39018e-07)
(-0.00187031 0.00138186 8.1828e-08)
(-0.000960604 0.000696304 4.66009e-08)
(-0.0004846 0.000342845 2.5727e-08)
(-0.000239635 0.000164985 1.3777e-08)
(-0.000116017 7.76088e-05 7.16524e-09)
(-5.49549e-05 3.56936e-05 3.62064e-09)
(-2.54612e-05 1.60546e-05 1.77955e-09)
(-1.15377e-05 7.06441e-06 8.51086e-10)
(-5.11435e-06 3.04216e-06 3.96507e-10)
(-2.21819e-06 1.28259e-06 1.80019e-10)
(-9.41654e-07 5.29642e-07 7.97295e-11)
(-3.91415e-07 2.14317e-07 3.44617e-11)
(-1.59376e-07 8.50168e-08 1.45503e-11)
(-6.35978e-08 3.30772e-08 6.00238e-12)
(-2.48828e-08 1.26278e-08 2.42233e-12)
(-9.54985e-09 4.73263e-09 9.56782e-13)
(-3.59699e-09 1.74199e-09 3.7033e-13)
(-1.33024e-09 6.30023e-10 1.40188e-13)
(-4.83249e-10 2.23985e-10 5.19863e-14)
(-1.72529e-10 7.83148e-11 2.04441e-14)
(-6.05635e-11 2.69359e-11 7.00939e-15)
(-2.09137e-11 9.11688e-12 5.84116e-16)
(-7.10636e-12 3.03974e-12 0)
(-2.38436e-12 9.95334e-13 0)
(-8.0608e-13 3.1075e-13 0)
(-3.32946e-13 6.89257e-14 0)
(-0.0826562 0.00860848 1.12206e-06)
(-0.0506512 0.0095859 8.9959e-07)
(-0.0295244 0.00718485 6.62306e-07)
(-0.0167003 0.00461216 4.56169e-07)
(-0.00923878 0.00272151 2.97709e-07)
(-0.005009 0.00151954 1.85725e-07)
(-0.00266112 0.000813923 1.11291e-07)
(-0.00138423 0.000421252 6.43052e-08)
(-0.00070442 0.000211517 3.58961e-08)
(-0.000350494 0.000103292 1.94021e-08)
(-0.000170454 4.91376e-05 1.01635e-08)
(-8.1013e-05 2.27982e-05 5.16875e-09)
(-3.76311e-05 1.0326e-05 2.55331e-09)
(-1.70869e-05 4.56921e-06 1.22709e-09)
(-7.5863e-06 1.97666e-06 5.7391e-10)
(-3.29458e-06 8.36527e-07 2.61606e-10)
(-1.40007e-06 3.46532e-07 1.16242e-10)
(-5.82475e-07 1.40596e-07 5.04221e-11)
(-2.37345e-07 5.58992e-08 2.13529e-11)
(-9.47698e-08 2.17909e-08 8.83884e-12)
(-3.70985e-08 8.33306e-09 3.57713e-12)
(-1.42447e-08 3.12763e-09 1.41648e-12)
(-5.36743e-09 1.1527e-09 5.47901e-13)
(-1.98567e-09 4.1737e-10 2.08529e-13)
(-7.21573e-10 1.48533e-10 7.88557e-14)
(-2.57686e-10 5.19782e-11 2.97899e-14)
(-9.04772e-11 1.78961e-11 9.34586e-15)
(-3.12467e-11 6.06196e-12 1.75235e-15)
(-1.06192e-11 2.02221e-12 1.16823e-15)
(-3.56544e-12 6.65892e-13 0)
(-1.21029e-12 2.07945e-13 -1.75235e-15)
(-4.9533e-13 4.55611e-14 -1.16823e-15)
(-0.0750883 -0.00949397 1.07639e-06)
(-0.0481894 -0.00322278 8.78685e-07)
(-0.0294846 -0.000657526 6.62217e-07)
(-0.0173663 0.000164694 4.66533e-07)
(-0.00990859 0.000313112 3.10633e-07)
(-0.00549582 0.000256781 1.96978e-07)
(-0.00296859 0.000168863 1.1965e-07)
(-0.00156301 9.93342e-05 6.98788e-08)
(-0.00080256 5.4397e-05 3.93623e-08)
(-0.000402015 2.82606e-05 2.14278e-08)
(-0.000196511 1.40747e-05 1.12958e-08)
(-9.37665e-05 6.76223e-06 5.7735e-09)
(-4.36902e-05 3.14727e-06 2.86556e-09)
(-1.9887e-05 1.42306e-06 1.38237e-09)
(-8.84704e-06 6.26437e-07 6.48984e-10)
(-3.84832e-06 2.68913e-07 2.96729e-10)
(-1.63758e-06 1.1272e-07 1.32278e-10)
(-6.82048e-07 4.61869e-08 5.7529e-11)
(-2.78181e-07 1.85174e-08 2.44336e-11)
(-1.11164e-07 7.27018e-09 1.01391e-11)
(-4.3546e-08 2.7973e-09 4.11568e-12)
(-1.67302e-08 1.05549e-09 1.63377e-12)
(-6.30725e-09 3.90818e-10 6.3435e-13)
(-2.33441e-09 1.42082e-10 2.41824e-13)
(-8.48644e-10 5.07457e-11 9.17062e-14)
(-3.03166e-10 1.78132e-11 3.38787e-14)
(-1.0648e-10 6.15425e-12 1.28506e-14)
(-3.67853e-11 2.0923e-12 4.67293e-15)
(-1.25024e-11 7.00939e-13 4.08881e-15)
(-4.19979e-12 2.32478e-13 1.75235e-15)
(-1.42524e-12 7.71033e-14 1.16823e-15)
(-5.87621e-13 1.98599e-14 0)
(-0.0641797 -0.0224984 8.73837e-07)
(-0.0418148 -0.0125546 7.156e-07)
(-0.0261369 -0.00672256 5.4508e-07)
(-0.0157297 -0.00349609 3.89255e-07)
(-0.0091467 -0.00177852 2.62758e-07)
(-0.00515325 -0.000888316 1.68704e-07)
(-0.00281857 -0.000436286 1.03573e-07)
(-0.00149869 -0.000210761 6.10256e-08)
(-0.000775493 -0.00010011 3.46214e-08)
(-0.000390817 -4.67284e-05 1.89549e-08)
(-0.000191952 -2.14213e-05 1.00369e-08)
(-9.19405e-05 -9.6394e-06 5.14798e-09)
(-4.29703e-05 -4.25631e-06 2.56184e-09)
(-1.96078e-05 -1.84371e-06 1.23833e-09)
(-8.74044e-06 -7.83401e-07 5.82193e-10)
(-3.80829e-06 -3.26521e-07 2.66467e-10)
(-1.6228e-06 -1.33512e-07 1.18862e-10)
(-6.76677e-07 -5.35653e-08 5.17124e-11)
(-2.76262e-07 -2.10914e-08 2.19651e-11)
(-1.1049e-07 -8.15285e-09 9.11572e-12)
(-4.33132e-08 -3.09478e-09 3.69745e-12)
(-1.66511e-08 -1.15401e-09 1.4673e-12)
(-6.28085e-09 -4.22873e-10 5.69513e-13)
(-2.32575e-09 -1.52329e-10 2.17291e-13)
(-8.45843e-10 -5.39641e-11 8.35286e-14)
(-3.02277e-10 -1.88074e-11 3.09582e-14)
(-1.06198e-10 -6.44864e-12 1.28506e-14)
(-3.67e-11 -2.17642e-12 7.00939e-15)
(-1.24814e-11 -7.21967e-13 3.5047e-15)
(-4.18811e-12 -2.35983e-13 1.75235e-15)
(-1.42174e-12 -7.35986e-14 1.75235e-15)
(-5.91125e-13 -1.5187e-14 1.16823e-15)
(-0.049628 -0.0324373 6.1031e-07)
(-0.0324136 -0.0194036 5.03812e-07)
(-0.020426 -0.0111947 3.88756e-07)
(-0.0124222 -0.00625799 2.81924e-07)
(-0.00730081 -0.00340077 1.93195e-07)
(-0.00415359 -0.00180037 1.25844e-07)
(-0.00229104 -0.00092971 7.82586e-08)
(-0.00122683 -0.000468679 4.6657e-08)
(-0.000638527 -0.00023076 2.67452e-08)
(-0.000323326 -0.000111008 1.47832e-08)
(-0.000159422 -5.21913e-05 7.89472e-09)
(-7.66015e-05 -2.39894e-05 4.0818e-09)
(-3.58945e-05 -1.07836e-05 2.04609e-09)
(-1.64141e-05 -4.74225e-06 9.9598e-10)
(-7.32985e-06 -2.04102e-06 4.71303e-10)
(-3.19843e-06 -8.60065e-07 2.1709e-10)
(-1.36463e-06 -3.54993e-07 9.74195e-11)
(-5.69628e-07 -1.43584e-07 4.26376e-11)
(-2.32768e-07 -5.6936e-08 1.82151e-11)
(-9.31672e-08 -2.21441e-08 7.60169e-12)
(-3.65472e-08 -8.45116e-09 3.10166e-12)
(-1.40583e-08 -3.16637e-09 1.23949e-12)
(-5.30557e-09 -1.16516e-09 4.83648e-13)
(-1.96551e-09 -4.21296e-10 1.85165e-13)
(-7.15118e-10 -1.49746e-10 7.0678e-14)
(-2.55654e-10 -5.23461e-11 2.62852e-14)
(-8.98464e-11 -1.80048e-11 1.16823e-14)
(-3.10575e-11 -6.09233e-12 5.84116e-15)
(-1.05632e-11 -2.03039e-12 4.08881e-15)
(-3.55026e-12 -6.63556e-13 2.92058e-15)
(-1.20562e-12 -2.1145e-13 -5.84116e-16)
(-4.97667e-13 -4.78975e-14 0)
(-0.031565 -0.0395509 1.86607e-07)
(-0.0205722 -0.0240813 1.64652e-07)
(-0.0129913 -0.0141963 1.33885e-07)
(-0.00793578 -0.0081133 1.01051e-07)
(-0.00468907 -0.0045013 7.14324e-08)
(-0.00268219 -0.00242735 4.76304e-08)
(-0.00148688 -0.0012736 3.01596e-08)
(-0.000799743 -0.00065076 1.82206e-08)
(-0.000417823 -0.000324054 1.05501e-08)
(-0.000212248 -0.000157367 5.87214e-09)
(-0.000104933 -7.45716e-05 3.15165e-09)
(-5.05328e-05 -3.45023e-05 1.63427e-09)
(-2.37231e-05 -1.55949e-05 8.2064e-10)
(-1.08652e-05 -6.8899e-06 3.9958e-10)
(-4.85825e-06 -2.97699e-06 1.89e-10)
(-2.12226e-06 -1.25866e-06 8.69247e-11)
(-9.0632e-07 -5.20998e-07 3.89313e-11)
(-3.7862e-07 -2.11247e-07 1.69919e-11)
(-1.54822e-07 -8.39452e-08 7.2372e-12)
(-6.20051e-08 -3.27095e-08 3.0082e-12)
(-2.43355e-08 -1.25038e-08 1.22314e-12)
(-9.36514e-09 -4.69154e-09 4.87153e-13)
(-3.53578e-09 -1.72861e-09 1.89254e-13)
(-1.31033e-09 -6.25743e-10 7.18463e-14)
(-4.76892e-10 -2.22643e-10 2.68693e-14)
(-1.70535e-10 -7.78977e-11 8.17763e-15)
(-5.99455e-11 -2.68144e-11 4.67293e-15)
(-2.07268e-11 -9.08417e-12 4.08881e-15)
(-7.05145e-12 -3.02923e-12 1.75235e-15)
(-2.36917e-12 -9.94166e-13 2.92058e-15)
(-8.0608e-13 -3.13086e-13 0)
(-3.32946e-13 -7.12622e-14 5.84116e-16)
(-0.0108562 -0.0433517 -2.75543e-08)
(-0.00705902 -0.0264991 -1.10149e-08)
(-0.00445802 -0.0157204 -1.44226e-09)
(-0.00272717 -0.00904975 2.94424e-09)
(-0.00161487 -0.0050575 4.15719e-09)
(-0.000925891 -0.00274581 3.80942e-09)
(-0.000514449 -0.00144941 2.91312e-09)
(-0.000277285 -0.00074448 1.99691e-09)
(-0.000145134 -0.000372385 1.26453e-09)
(-7.38435e-05 -0.000181523 7.52628e-10)
(-3.65568e-05 -8.62932e-05 4.25106e-10)
(-1.76247e-05 -4.0033e-05 2.29549e-10)
(-8.28205e-06 -1.81357e-05 1.19019e-10)
(-3.79624e-06 -8.02783e-06 5.94969e-11)
(-1.69861e-06 -3.47431e-06 2.87438e-11)
(-7.42442e-07 -1.47097e-06 1.34586e-11)
(-3.17218e-07 -6.09605e-07 6.11336e-12)
(-1.32575e-07 -2.47429e-07 2.70037e-12)
(-5.42308e-08 -9.8411e-08 1.16181e-12)
(-2.17258e-08 -3.83761e-08 4.87153e-13)
(-8.52916e-09 -1.468e-08 2.00936e-13)
(-3.28309e-09 -5.51139e-09 7.94398e-14)
(-1.23977e-09 -2.03179e-09 3.15423e-14)
(-4.59532e-10 -7.35841e-10 1.22664e-14)
(-1.67274e-10 -2.61925e-10 3.5047e-15)
(-5.98252e-11 -9.16759e-11 1.75235e-15)
(-2.10329e-11 -3.15656e-11 0)
(-7.27575e-12 -1.06952e-11 1.16823e-15)
(-2.47198e-12 -3.56778e-12 -5.84116e-16)
(-8.3295e-13 -1.17057e-12 1.16823e-15)
(-2.81544e-13 -3.64488e-13 0)
(-1.14487e-13 -8.17763e-14 0)
)
;

boundaryField
{
    base
    {
        type            calculated;
        value           nonuniform List<vector> 
160
(
(-2.71189 1.69686 -8.53325e-09)
(-1.2757 0.475548 -2.13265e-09)
(-0.809698 0.162605 3.80457e-09)
(-0.625279 0.06747 5.24682e-09)
(-0.539817 0.0322873 1.19835e-08)
(-0.49613 0.0167797 9.91204e-09)
(-0.472699 0.0090432 1.42756e-08)
(-0.459957 0.00490545 1.14297e-08)
(-2.71189 1.69686 -2.86935e-09)
(-1.2757 0.475548 5.11278e-08)
(-0.809697 0.162605 6.93577e-08)
(-0.625279 0.06747 1.03702e-07)
(-0.539817 0.0322873 1.08096e-07)
(-0.49613 0.0167797 1.14219e-07)
(-0.472699 0.0090432 1.02966e-07)
(-0.459957 0.00490545 9.05805e-08)
(-2.71189 1.69686 1.34188e-08)
(-1.2757 0.475548 1.37562e-07)
(-0.809697 0.162605 2.20515e-07)
(-0.625278 0.0674701 2.89964e-07)
(-0.539817 0.0322873 3.05892e-07)
(-0.496129 0.0167797 3.08857e-07)
(-0.472698 0.00904315 2.72843e-07)
(-0.459957 0.00490539 2.29618e-07)
(-2.71189 1.69686 7.75488e-09)
(-1.2757 0.475549 8.43013e-08)
(-0.809696 0.162606 1.54962e-07)
(-0.625277 0.0674702 1.91509e-07)
(-0.539815 0.0322873 2.0978e-07)
(-0.496128 0.0167796 2.0455e-07)
(-0.472697 0.00904304 1.84152e-07)
(-0.459956 0.00490525 1.50468e-07)
(-0.453077 0.0026356 1.21087e-08)
(-0.449415 0.00140034 9.53988e-09)
(-0.447476 0.000751172 7.92863e-09)
(-0.44641 0.00043351 6.12727e-09)
(-0.445742 0.000301506 4.27612e-09)
(-0.445204 0.000270223 3.24278e-09)
(-0.444661 0.000285196 1.81987e-09)
(-0.444064 0.000305355 1.23104e-10)
(-0.453077 0.0026356 7.19756e-08)
(-0.449415 0.00140033 5.55787e-08)
(-0.447476 0.000751165 3.92333e-08)
(-0.44641 0.000433503 2.77825e-08)
(-0.445742 0.0003015 1.77717e-08)
(-0.445204 0.000270218 1.3125e-08)
(-0.444661 0.00028519 9.12573e-09)
(-0.444064 0.000305351 9.39579e-09)
(-0.453076 0.00263553 1.77069e-07)
(-0.449415 0.00140027 1.27505e-07)
(-0.447475 0.000751116 8.73024e-08)
(-0.44641 0.000433468 5.47771e-08)
(-0.445742 0.000301476 3.3961e-08)
(-0.445204 0.000270205 2.13621e-08)
(-0.444661 0.000285188 1.77636e-08)
(-0.444063 0.000305357 2.52691e-08)
(-0.453076 0.00263539 1.17203e-07)
(-0.449414 0.00140015 8.14659e-08)
(-0.447475 0.000751019 5.59977e-08)
(-0.44641 0.000433397 3.31219e-08)
(-0.445741 0.000301433 2.04654e-08)
(-0.445204 0.000270185 1.14799e-08)
(-0.444661 0.000285197 1.04577e-08)
(-0.444063 0.000305381 1.59964e-08)
(-0.443439 0.000299423 -2.43472e-10)
(-0.442866 0.000252465 -2.74192e-09)
(-0.442429 0.000167687 -1.53644e-09)
(-0.442195 5.86719e-05 -3.20403e-09)
(-0.442195 -5.84021e-05 -1.38982e-09)
(-0.442429 -0.0001675 -1.47743e-09)
(-0.442865 -0.00025242 -2.02659e-10)
(-0.443438 -0.000299592 1.32021e-09)
(-0.443439 0.000299418 1.02975e-08)
(-0.442866 0.000252462 1.22911e-08)
(-0.44243 0.000167686 1.54352e-08)
(-0.442195 5.86722e-05 1.59613e-08)
(-0.442195 -5.83986e-05 1.77509e-08)
(-0.442429 -0.000167498 1.5611e-08)
(-0.442865 -0.000252414 1.49524e-08)
(-0.443438 -0.000299589 1.21419e-08)
(-0.443439 0.000299429 3.30077e-08)
(-0.442866 0.000252475 5.09479e-08)
(-0.442429 0.000167695 5.77702e-08)
(-0.442195 5.86765e-05 6.73396e-08)
(-0.442195 -5.84028e-05 6.47453e-08)
(-0.442429 -0.000167506 5.85195e-08)
(-0.442865 -0.000252427 4.82513e-08)
(-0.443438 -0.0002996 3.22333e-08)
(-0.443439 0.000299469 2.24667e-08)
(-0.442865 0.000252512 3.59149e-08)
(-0.442429 0.000167719 4.07986e-08)
(-0.442195 5.86861e-05 4.81743e-08)
(-0.442194 -5.84163e-05 4.56046e-08)
(-0.442428 -0.000167531 4.14311e-08)
(-0.442864 -0.000252467 3.30962e-08)
(-0.443438 -0.000299635 2.14117e-08)
(-0.444063 -0.000305697 1.28312e-09)
(-0.444661 -0.000285689 2.76229e-09)
(-0.445206 -0.000270806 2.39105e-09)
(-0.445744 -0.000302141 2.93167e-09)
(-0.446414 -0.000434162 4.17046e-09)
(-0.447481 -0.000751784 3.40761e-09)
(-0.449422 -0.00140078 7.50567e-09)
(-0.453084 -0.00263571 3.85556e-09)
(-0.444063 -0.000305695 1.09987e-08)
(-0.444661 -0.000285686 1.07588e-08)
(-0.445206 -0.000270806 1.32968e-08)
(-0.445744 -0.000302138 1.78768e-08)
(-0.446414 -0.000434161 2.7681e-08)
(-0.447481 -0.000751777 3.71774e-08)
(-0.449422 -0.00140078 5.61558e-08)
(-0.453084 -0.0026357 6.68046e-08)
(-0.444063 -0.0003057 2.53763e-08)
(-0.444661 -0.000285684 1.85242e-08)
(-0.445206 -0.000270792 2.54067e-08)
(-0.445744 -0.000302113 3.94981e-08)
(-0.446414 -0.000434124 6.21411e-08)
(-0.447481 -0.000751727 9.97091e-08)
(-0.449421 -0.00140072 1.36436e-07)
(-0.453084 -0.00263564 1.96164e-07)
(-0.444063 -0.000305722 1.56607e-08)
(-0.444661 -0.000285686 1.05277e-08)
(-0.445206 -0.000270764 1.45009e-08)
(-0.445744 -0.000302064 2.45529e-08)
(-0.446414 -0.000434041 3.86306e-08)
(-0.44748 -0.000751628 6.59393e-08)
(-0.44942 -0.00140058 8.7786e-08)
(-0.453083 -0.00263551 1.33215e-07)
(-0.459964 -0.00490511 1.19055e-08)
(-0.472705 -0.00904231 4.82471e-09)
(-0.496134 -0.0167783 1.63435e-08)
(-0.539818 -0.0322857 7.14768e-09)
(-0.625277 -0.0674685 1.88409e-08)
(-0.809692 -0.162604 9.47935e-09)
(-1.27569 -0.475549 2.15468e-08)
(-2.71189 -1.69687 3.50917e-08)
(-0.459964 -0.00490511 9.33345e-08)
(-0.472705 -0.00904231 9.55155e-08)
(-0.496134 -0.0167783 1.20429e-07)
(-0.539818 -0.0322857 1.0189e-07)
(-0.625276 -0.0674685 1.13191e-07)
(-0.809692 -0.162604 7.00634e-08)
(-1.27569 -0.475549 6.96121e-08)
(-2.71189 -1.69687 3.71284e-08)
(-0.459964 -0.00490505 2.33655e-07)
(-0.472704 -0.00904226 2.91004e-07)
(-0.496133 -0.0167783 2.97987e-07)
(-0.539817 -0.0322857 3.09131e-07)
(-0.625276 -0.0674685 2.5893e-07)
(-0.809691 -0.162604 2.00018e-07)
(-1.27569 -0.475549 8.76273e-08)
(-2.71189 -1.69687 -5.66276e-08)
(-0.459963 -0.00490492 1.52226e-07)
(-0.472702 -0.00904218 2.00314e-07)
(-0.496131 -0.0167783 1.93901e-07)
(-0.539815 -0.0322858 2.14388e-07)
(-0.625274 -0.0674687 1.64581e-07)
(-0.80969 -0.162604 1.39434e-07)
(-1.27569 -0.475549 3.9562e-08)
(-2.71189 -1.69687 -5.86643e-08)
)
;
    }
    cooled
    {
        type            calculated;
        value           nonuniform List<vector> 
992
(
(-1.73274 2.67563 -8.53325e-09)
(-1.73274 2.67563 -2.86935e-09)
(-1.73274 2.67563 1.34188e-08)
(-1.73274 2.67563 7.75488e-09)
(-0.509962 1.16843 -1.68908e-08)
(-0.509962 1.16843 1.18107e-08)
(-0.509962 1.16843 5.15716e-08)
(-0.509962 1.16843 2.28701e-08)
(-0.194267 0.635782 -1.93821e-08)
(-0.194267 0.635782 3.03863e-08)
(-0.194267 0.635783 9.77243e-08)
(-0.194267 0.635783 4.79559e-08)
(-0.0954319 0.391363 -1.87171e-08)
(-0.0954319 0.391363 4.72071e-08)
(-0.0954318 0.391364 1.38794e-07)
(-0.0954317 0.391364 7.28696e-08)
(-0.056008 0.254055 -1.63858e-08)
(-0.056008 0.254055 5.97444e-08)
(-0.056008 0.254055 1.70504e-07)
(-0.0560079 0.254056 9.4374e-08)
(-0.036121 0.167331 -1.35518e-08)
(-0.036121 0.167331 6.68477e-08)
(-0.0361209 0.167332 1.91964e-07)
(-0.0361209 0.167333 1.11564e-07)
(-0.024201 0.109571 -1.08717e-08)
(-0.024201 0.109571 6.85816e-08)
(-0.024201 0.109572 2.02617e-07)
(-0.0242009 0.109573 1.23164e-07)
(-0.0163105 0.0705275 -8.605e-09)
(-0.0163104 0.0705275 6.55126e-08)
(-0.0163105 0.0705281 2.0186e-07)
(-0.0163105 0.0705291 1.27742e-07)
(-0.0108552 0.0443292 -6.51983e-09)
(-0.0108551 0.0443291 5.89498e-08)
(-0.0108552 0.0443296 1.88761e-07)
(-0.0108552 0.0443306 1.23291e-07)
(-0.00705783 0.0271069 -4.35942e-09)
(-0.00705782 0.0271069 5.02312e-08)
(-0.00705787 0.0271073 1.64226e-07)
(-0.00705794 0.0271082 1.09635e-07)
(-0.00445684 0.0160978 -2.39668e-09)
(-0.00445684 0.0160978 4.05538e-08)
(-0.00445688 0.0160982 1.32746e-07)
(-0.00445697 0.0160989 8.97953e-08)
(-0.00272613 0.00927954 -9.15607e-10)
(-0.00272613 0.00927953 3.09585e-08)
(-0.00272617 0.00927979 1.00121e-07)
(-0.00272625 0.00928033 6.8247e-08)
(-0.00161404 0.0051933 -2.63284e-11)
(-0.00161404 0.0051933 2.23648e-08)
(-0.00161407 0.00519348 7.0912e-08)
(-0.00161415 0.00519387 4.85209e-08)
(-0.000925285 0.00282337 3.88151e-10)
(-0.000925284 0.00282337 1.53108e-08)
(-0.00092531 0.00282349 4.74615e-08)
(-0.000925365 0.00282375 3.25389e-08)
(-0.000514032 0.00149216 4.87199e-10)
(-0.000514032 0.00149217 9.96759e-09)
(-0.00051405 0.00149224 3.01892e-08)
(-0.00051409 0.00149241 2.07088e-08)
(-0.000277015 0.000767239 4.3334e-10)
(-0.000277015 0.000767243 6.18748e-09)
(-0.000277027 0.000767289 1.83355e-08)
(-0.000277054 0.00076739 1.25814e-08)
(-0.000144967 0.000384105 3.24907e-10)
(-0.000144968 0.000384107 3.67604e-09)
(-0.000144976 0.000384134 1.06748e-08)
(-0.000144993 0.000384193 7.32367e-09)
(-7.37453e-05 0.00018737 2.19771e-10)
(-7.37457e-05 0.000187371 2.09521e-09)
(-7.37503e-05 0.000187386 5.97634e-09)
(-7.37606e-05 0.000187419 4.1009e-09)
(-3.65013e-05 8.91236e-05 1.36951e-10)
(-3.65015e-05 8.91247e-05 1.14923e-09)
(-3.65042e-05 8.91328e-05 3.22605e-09)
(-3.65101e-05 8.91505e-05 2.21377e-09)
(-1.75945e-05 4.13646e-05 8.03341e-11)
(-1.75947e-05 4.13653e-05 6.07714e-10)
(-1.75962e-05 4.13695e-05 1.68274e-09)
(-1.75995e-05 4.13787e-05 1.15536e-09)
(-8.2662e-06 1.87455e-05 4.45605e-11)
(-8.26631e-06 1.87458e-05 3.10594e-10)
(-8.2671e-06 1.87479e-05 8.4978e-10)
(-8.26884e-06 1.87526e-05 5.83747e-10)
(-3.78819e-06 8.29985e-06 2.36485e-11)
(-3.78826e-06 8.30004e-06 1.5362e-10)
(-3.78866e-06 8.30108e-06 4.16122e-10)
(-3.78956e-06 8.30337e-06 2.8615e-10)
(-1.69465e-06 3.5927e-06 1.20118e-11)
(-1.69468e-06 3.59279e-06 7.36833e-11)
(-1.69488e-06 3.59329e-06 1.9788e-10)
(-1.69533e-06 3.59438e-06 1.3621e-10)
(-7.4055e-07 1.52127e-06 5.88497e-12)
(-7.40568e-07 1.52132e-06 3.43022e-11)
(-7.40666e-07 1.52155e-06 9.14872e-11)
(-7.40882e-07 1.52205e-06 6.30711e-11)
(-3.16339e-07 6.30497e-07 2.77981e-12)
(-3.16349e-07 6.30519e-07 1.5527e-11)
(-3.16394e-07 6.30621e-07 4.11767e-11)
(-3.16495e-07 6.30849e-07 2.84289e-11)
(-1.32178e-07 2.55915e-07 1.27454e-12)
(-1.32182e-07 2.55925e-07 6.83708e-12)
(-1.32203e-07 2.55969e-07 1.8055e-11)
(-1.32249e-07 2.56069e-07 1.24919e-11)
(-5.40561e-08 1.01785e-07 5.62504e-13)
(-5.40582e-08 1.0179e-07 2.93226e-12)
(-5.40674e-08 1.01809e-07 7.72318e-12)
(-5.40879e-08 1.01851e-07 5.35342e-12)
(-2.16509e-08 3.96902e-08 2.42992e-13)
(-2.16518e-08 3.96922e-08 1.22723e-12)
(-2.16557e-08 3.97001e-08 3.22607e-12)
(-2.16646e-08 3.9718e-08 2.24125e-12)
(-8.49775e-09 1.51817e-08 1.0222e-13)
(-8.49815e-09 1.51825e-08 5.01756e-13)
(-8.4998e-09 1.51857e-08 1.31485e-12)
(-8.50355e-09 1.51931e-08 9.14726e-13)
(-3.27023e-09 5.69926e-09 4.08881e-14)
(-3.2704e-09 5.69959e-09 2.00936e-13)
(-3.27107e-09 5.70086e-09 5.24536e-13)
(-3.27262e-09 5.70379e-09 3.65657e-13)
(-1.23463e-09 2.10083e-09 1.63553e-14)
(-1.2347e-09 2.10096e-09 7.82716e-14)
(-1.23497e-09 2.10145e-09 2.03857e-13)
(-1.23559e-09 2.10259e-09 1.42524e-13)
(-4.57515e-10 7.60755e-10 7.00939e-15)
(-4.57544e-10 7.60812e-10 2.97899e-14)
(-4.57653e-10 7.60988e-10 7.71033e-14)
(-4.57896e-10 7.61432e-10 5.5491e-14)
(-1.66499e-10 2.70767e-10 1.75235e-15)
(-1.6651e-10 2.70782e-10 9.34586e-15)
(-1.66551e-10 2.70843e-10 2.92058e-14)
(-1.66644e-10 2.71008e-10 1.98599e-14)
(-5.95366e-11 9.4756e-11 5.84116e-16)
(-5.95425e-11 9.47637e-11 4.08881e-15)
(-5.95518e-11 9.47828e-11 1.05141e-14)
(-5.95892e-11 9.48517e-11 8.76174e-15)
(-2.09254e-11 3.26228e-11 5.84116e-16)
(-2.09277e-11 3.26189e-11 1.16823e-15)
(-2.09312e-11 3.26381e-11 4.67293e-15)
(-2.09476e-11 3.26572e-11 2.92058e-15)
(-7.2372e-12 1.10516e-11 0)
(-7.23486e-12 1.10516e-11 0)
(-7.2407e-12 1.10554e-11 1.16823e-15)
(-7.24304e-12 1.10593e-11 1.16823e-15)
(-2.4603e-12 3.6826e-12 0)
(-2.46147e-12 3.67877e-12 -2.33646e-15)
(-2.4638e-12 3.67494e-12 1.16823e-15)
(-2.46263e-12 3.68642e-12 1.75235e-15)
(-8.22435e-13 1.20967e-12 0)
(-8.27108e-13 1.20584e-12 -1.75235e-15)
(-8.27108e-13 1.19818e-12 0)
(-8.27108e-13 1.20584e-12 5.84116e-16)
(-2.8388e-13 3.86634e-13 -1.16823e-15)
(-2.79207e-13 3.7515e-13 -1.75235e-15)
(-2.81544e-13 3.71322e-13 0)
(-2.81544e-13 3.78978e-13 1.16823e-15)
(-1.15655e-13 7.65613e-14 0)
(-1.14487e-13 8.03893e-14 0)
(-1.10982e-13 7.27332e-14 -5.84116e-16)
(-1.14487e-13 7.65613e-14 5.84116e-16)
(-7.65613e-14 7.94398e-14 0)
(-2.3734e-13 7.00939e-14 0)
(-3.59838e-13 4.78975e-14 0)
(-4.32571e-13 2.10282e-14 5.84116e-16)
(-4.40227e-13 -1.5187e-14 5.84116e-16)
(-3.7515e-13 -4.78975e-14 0)
(-2.41168e-13 -7.47669e-14 0)
(-8.03893e-14 -8.0608e-14 0)
(-8.03893e-14 8.0608e-14 0)
(-2.41168e-13 6.89257e-14 0)
(-3.5601e-13 4.78975e-14 0)
(-4.32571e-13 2.10282e-14 0)
(-4.40227e-13 -1.75235e-14 -1.16823e-15)
(-3.67494e-13 -4.78975e-14 -1.16823e-15)
(-2.41168e-13 -7.24304e-14 5.84116e-16)
(-8.03893e-14 -8.0608e-14 1.16823e-15)
(-7.27332e-14 7.71033e-14 -5.84116e-16)
(-2.3734e-13 7.47669e-14 0)
(-3.67494e-13 4.78975e-14 2.33646e-15)
(-4.32571e-13 1.63553e-14 0)
(-4.32571e-13 -1.5187e-14 0)
(-3.71322e-13 -4.55611e-14 0)
(-2.48824e-13 -7.12622e-14 1.16823e-15)
(-8.42174e-14 -8.41127e-14 0)
(-7.65613e-14 7.71033e-14 5.84116e-16)
(-2.3734e-13 7.24304e-14 0)
(-3.67494e-13 5.0234e-14 0)
(-4.36399e-13 1.86917e-14 5.84116e-16)
(-4.44055e-13 -1.86917e-14 2.33646e-15)
(-3.63666e-13 -4.78975e-14 -5.84116e-16)
(-2.48824e-13 -6.89257e-14 0)
(-8.80455e-14 -8.41127e-14 1.16823e-15)
(-1.03358e-13 1.00468e-13 -1.16823e-15)
(-2.98589e-13 8.52809e-14 -5.84116e-16)
(-4.47883e-13 5.95798e-14 -1.16823e-15)
(-5.28273e-13 1.86917e-14 0)
(-5.24445e-13 -2.21964e-14 -5.84116e-16)
(-4.36399e-13 -5.95798e-14 0)
(-2.87105e-13 -8.41127e-14 1.16823e-15)
(-9.95296e-14 -9.81315e-14 1.16823e-15)
(-9.95296e-14 9.81315e-14 1.16823e-15)
(-2.94761e-13 8.64492e-14 -5.84116e-16)
(-4.40227e-13 5.72434e-14 -5.84116e-16)
(-5.24445e-13 2.21964e-14 -1.16823e-15)
(-5.28273e-13 -2.10282e-14 5.84116e-16)
(-4.40227e-13 -5.84116e-14 1.16823e-15)
(-2.94761e-13 -8.41127e-14 1.16823e-15)
(-1.03358e-13 -1.00468e-13 0)
(-1.07186e-13 9.92997e-14 5.84116e-16)
(-2.90933e-13 8.52809e-14 -1.16823e-15)
(-4.40227e-13 5.72434e-14 -1.16823e-15)
(-5.20617e-13 2.10282e-14 -1.16823e-15)
(-5.24445e-13 -1.98599e-14 -5.84116e-16)
(-4.44055e-13 -5.72434e-14 1.75235e-15)
(-2.98589e-13 -8.64492e-14 5.84116e-16)
(-9.95296e-14 -9.92997e-14 5.84116e-16)
(-1.07186e-13 9.92997e-14 0)
(-2.94761e-13 8.0608e-14 1.16823e-15)
(-4.32571e-13 5.72434e-14 -5.84116e-16)
(-5.24445e-13 2.10282e-14 1.16823e-15)
(-5.20617e-13 -1.86917e-14 -1.16823e-15)
(-4.47883e-13 -5.60751e-14 0)
(-2.98589e-13 -8.17763e-14 0)
(-1.11014e-13 -1.02804e-13 1.16823e-15)
(-8.03893e-14 8.0608e-14 0)
(-2.41168e-13 6.89257e-14 0)
(-3.59838e-13 4.67293e-14 1.16823e-15)
(-4.24915e-13 1.5187e-14 -5.84116e-16)
(-4.21087e-13 -1.5187e-14 0)
(-3.5601e-13 -4.78975e-14 0)
(-2.33512e-13 -7.12622e-14 0)
(-7.27332e-14 -7.71033e-14 5.84116e-16)
(-8.03893e-14 8.0608e-14 5.84116e-16)
(-2.44996e-13 7.24304e-14 5.84116e-16)
(-3.67494e-13 4.43928e-14 1.75235e-15)
(-4.21087e-13 1.40188e-14 0)
(-4.21087e-13 -1.5187e-14 5.84116e-16)
(-3.5601e-13 -4.78975e-14 5.84116e-16)
(-2.33512e-13 -6.89257e-14 1.16823e-15)
(-8.03893e-14 -7.94398e-14 1.16823e-15)
(-8.80455e-14 8.41127e-14 1.16823e-15)
(-2.48824e-13 7.12622e-14 0)
(-3.71322e-13 4.43928e-14 -1.75235e-15)
(-4.24915e-13 1.5187e-14 1.75235e-15)
(-4.28743e-13 -1.5187e-14 1.16823e-15)
(-3.67494e-13 -4.78975e-14 2.33646e-15)
(-2.41168e-13 -7.12622e-14 1.16823e-15)
(-8.03893e-14 -8.0608e-14 5.84116e-16)
(-8.42174e-14 8.0608e-14 -1.16823e-15)
(-2.44996e-13 6.89257e-14 0)
(-3.59838e-13 4.55611e-14 -1.16823e-15)
(-4.28743e-13 1.98599e-14 0)
(-4.32571e-13 -1.5187e-14 1.16823e-15)
(-3.67494e-13 -4.78975e-14 0)
(-2.44996e-13 -7.12622e-14 5.84116e-16)
(-8.42174e-14 -8.17763e-14 0)
(-0.0884936 -0.143589 7.63415e-08)
(-0.0884938 -0.143589 1.86237e-07)
(-0.0884941 -0.14359 2.14852e-07)
(-0.0884943 -0.143591 1.04957e-07)
(-0.0288496 -0.0599848 5.008e-08)
(-0.0288496 -0.0599852 1.21035e-07)
(-0.0288498 -0.0599858 1.38022e-07)
(-0.0288499 -0.0599863 6.7067e-08)
(-0.011489 -0.0281906 3.43072e-08)
(-0.0114891 -0.0281909 8.40109e-08)
(-0.0114892 -0.0281913 9.53715e-08)
(-0.0114892 -0.0281916 4.56678e-08)
(-0.00526676 -0.0140287 2.31408e-08)
(-0.0052668 -0.0140289 5.76829e-08)
(-0.00526685 -0.0140291 6.56111e-08)
(-0.0052669 -0.0140294 3.1069e-08)
(-0.0026024 -0.00712354 1.51101e-08)
(-0.00260242 -0.00712366 3.82149e-08)
(-0.00260246 -0.00712384 4.34936e-08)
(-0.0026025 -0.00712401 2.03889e-08)
(-0.00132564 -0.0036191 9.51443e-09)
(-0.00132566 -0.00361917 2.42984e-08)
(-0.00132569 -0.00361929 2.75845e-08)
(-0.00132571 -0.00361939 1.28006e-08)
(-0.000679142 -0.00182098 5.77399e-09)
(-0.000679154 -0.00182103 1.48398e-08)
(-0.000679173 -0.0018211 1.67616e-08)
(-0.00067919 -0.00182116 7.69579e-09)
(-0.000345418 -0.000902527 3.38062e-09)
(-0.000345425 -0.000902554 8.72181e-09)
(-0.000345437 -0.000902597 9.78916e-09)
(-0.000345448 -0.000902633 4.44797e-09)
(-0.000173216 -0.000439311 1.91148e-09)
(-0.000173221 -0.000439327 4.94384e-09)
(-0.000173228 -0.000439351 5.5111e-09)
(-0.000173235 -0.000439371 2.47873e-09)
(-8.53231e-05 -0.000209662 1.04531e-09)
(-8.53258e-05 -0.000209671 2.70749e-09)
(-8.53301e-05 -0.000209684 2.99794e-09)
(-8.53337e-05 -0.000209695 1.33576e-09)
(-4.11983e-05 -9.8019e-05 5.53451e-10)
(-4.11998e-05 -9.80235e-05 1.43505e-09)
(-4.12022e-05 -9.80305e-05 1.57881e-09)
(-4.12042e-05 -9.80361e-05 6.97208e-10)
(-1.94778e-05 -4.48692e-05 2.84118e-10)
(-1.94786e-05 -4.48715e-05 7.3714e-10)
(-1.94799e-05 -4.48751e-05 8.06159e-10)
(-1.94809e-05 -4.4878e-05 3.53138e-10)
(-9.0117e-06 -2.0108e-05 1.41549e-10)
(-9.01213e-06 -2.01091e-05 3.67457e-10)
(-9.01281e-06 -2.01109e-05 3.99637e-10)
(-9.01335e-06 -2.01123e-05 1.73731e-10)
(-4.0794e-06 -8.82245e-06 6.85291e-11)
(-4.07962e-06 -8.823e-06 1.77952e-10)
(-4.07996e-06 -8.82387e-06 1.92554e-10)
(-4.08023e-06 -8.82454e-06 8.31302e-11)
(-1.80685e-06 -3.79041e-06 3.2266e-11)
(-1.80696e-06 -3.79066e-06 8.38183e-11)
(-1.80713e-06 -3.79108e-06 9.02675e-11)
(-1.80726e-06 -3.79139e-06 3.87152e-11)
(-7.83188e-07 -1.59505e-06 1.47927e-11)
(-7.8324e-07 -1.59517e-06 3.84348e-11)
(-7.83322e-07 -1.59536e-06 4.12071e-11)
(-7.83384e-07 -1.5955e-06 1.75661e-11)
(-3.32318e-07 -6.57652e-07 6.60811e-12)
(-3.32342e-07 -6.57705e-07 1.71718e-11)
(-3.3238e-07 -6.5779e-07 1.8336e-11)
(-3.32409e-07 -6.57852e-07 7.77108e-12)
(-1.38084e-07 -2.65775e-07 2.87852e-12)
(-1.38094e-07 -2.65798e-07 7.48311e-12)
(-1.38112e-07 -2.65835e-07 7.95741e-12)
(-1.38124e-07 -2.65862e-07 3.35458e-12)
(-5.6209e-08 -1.05318e-07 1.22372e-12)
(-5.62137e-08 -1.05327e-07 3.18226e-12)
(-5.62213e-08 -1.05343e-07 3.37152e-12)
(-5.62268e-08 -1.05354e-07 1.41356e-12)
(-2.2425e-08 -4.09392e-08 5.09349e-13)
(-2.24271e-08 -4.09433e-08 1.32244e-12)
(-2.24303e-08 -4.09498e-08 1.39545e-12)
(-2.24327e-08 -4.09544e-08 5.8178e-13)
(-8.77244e-09 -1.56176e-08 2.06777e-13)
(-8.77329e-09 -1.56192e-08 5.34466e-13)
(-8.77465e-09 -1.56219e-08 5.66008e-13)
(-8.77564e-09 -1.56238e-08 2.35399e-13)
(-3.36642e-09 -5.84943e-09 8.23604e-14)
(-3.36677e-09 -5.85009e-09 2.14371e-13)
(-3.36732e-09 -5.85114e-09 2.24301e-13)
(-3.36772e-09 -5.85188e-09 9.17062e-14)
(-1.26787e-09 -2.15193e-09 3.15423e-14)
(-1.26801e-09 -2.15218e-09 8.46968e-14)
(-1.26824e-09 -2.1526e-09 8.46968e-14)
(-1.2684e-09 -2.15286e-09 3.38787e-14)
(-4.68866e-10 -7.77928e-10 1.22664e-14)
(-4.6892e-10 -7.78031e-10 3.27105e-14)
(-4.69008e-10 -7.78188e-10 3.21264e-14)
(-4.69066e-10 -7.78291e-10 1.34347e-14)
(-1.70326e-10 -2.76459e-10 4.67293e-15)
(-1.70348e-10 -2.76497e-10 1.34347e-14)
(-1.70382e-10 -2.76562e-10 1.22664e-14)
(-1.70404e-10 -2.76601e-10 4.67293e-15)
(-6.08088e-11 -9.66241e-11 5.84116e-16)
(-6.08193e-11 -9.66356e-11 5.84116e-15)
(-6.0831e-11 -9.66624e-11 4.08881e-15)
(-6.08369e-11 -9.66739e-11 1.75235e-15)
(-2.13471e-11 -3.32199e-11 1.75235e-15)
(-2.13471e-11 -3.32314e-11 1.75235e-15)
(-2.13529e-11 -3.32352e-11 1.75235e-15)
(-2.13553e-11 -3.32467e-11 2.33646e-15)
(-7.36921e-12 -1.12354e-11 5.84116e-16)
(-7.37271e-12 -1.1243e-11 2.33646e-15)
(-7.37388e-12 -1.12545e-11 1.75235e-15)
(-7.37505e-12 -1.12545e-11 0)
(-2.50352e-12 -3.74767e-12 -1.16823e-15)
(-2.50352e-12 -3.74385e-12 0)
(-2.50469e-12 -3.74767e-12 1.16823e-15)
(-2.50469e-12 -3.7515e-12 1.16823e-15)
(-8.42295e-13 -1.22115e-12 0)
(-8.42295e-13 -1.22115e-12 5.84116e-16)
(-8.39959e-13 -1.22881e-12 1.16823e-15)
(-8.41127e-13 -1.22881e-12 0)
(-2.85049e-13 -3.78978e-13 1.16823e-15)
(-2.82712e-13 -3.82806e-13 0)
(-2.87385e-13 -3.86634e-13 5.84116e-16)
(-2.85049e-13 -3.90462e-13 1.16823e-15)
(-1.14487e-13 -8.03893e-14 0)
(-1.16823e-13 -8.03893e-14 1.16823e-15)
(-1.16823e-13 -8.42174e-14 0)
(-1.20328e-13 -8.80455e-14 1.16823e-15)
(-0.275336 -0.0429809 5.91869e-08)
(-0.242036 -0.0104842 2.93874e-08)
(-0.233399 -0.00265792 1.97916e-08)
(-0.231404 -0.000328911 1.13303e-08)
(-0.232083 0.0010957 2.36209e-08)
(-0.235787 0.00385268 4.19815e-09)
(-0.247494 0.0130169 3.49552e-08)
(-0.287854 0.0499201 1.67849e-08)
(-0.275336 -0.0429811 1.30054e-07)
(-0.242036 -0.0104843 5.78394e-08)
(-0.233399 -0.00265796 2.54672e-08)
(-0.231404 -0.000328904 4.89171e-09)
(-0.232084 0.00109568 1.07701e-08)
(-0.235787 0.00385271 -2.38506e-08)
(-0.247494 0.0130169 2.24188e-08)
(-0.287855 0.0499198 1.01823e-10)
(-0.275337 -0.0429815 1.08716e-07)
(-0.242036 -0.0104844 3.52118e-09)
(-0.233399 -0.00265802 -3.76578e-08)
(-0.231404 -0.000328941 -6.00796e-08)
(-0.232083 0.00109564 -1.15618e-07)
(-0.235787 0.00385271 -1.17331e-07)
(-0.247494 0.0130169 -1.68472e-07)
(-0.287854 0.04992 -1.30221e-07)
(-0.275337 -0.0429819 3.78487e-08)
(-0.242036 -0.0104845 -2.49308e-08)
(-0.233399 -0.00265808 -4.33333e-08)
(-0.231404 -0.00032906 -5.3641e-08)
(-0.232083 0.00109557 -1.02767e-07)
(-0.235786 0.0038526 -8.92823e-08)
(-0.247493 0.0130169 -1.55936e-07)
(-0.287853 0.0499208 -1.13538e-07)
(-0.0946197 0.159282 -7.55997e-08)
(-0.0946196 0.159281 -1.13685e-09)
(-0.0946196 0.159282 3.11872e-07)
(-0.0946197 0.159284 2.37409e-07)
(-0.0315115 0.0686955 -4.80526e-08)
(-0.0315114 0.0686951 2.04728e-08)
(-0.0315114 0.0686957 3.01615e-07)
(-0.0315115 0.0686976 2.33089e-07)
(-0.0129431 0.0332357 -2.72797e-08)
(-0.012943 0.0332354 2.95569e-08)
(-0.0129431 0.0332359 2.45849e-07)
(-0.0129433 0.0332374 1.89012e-07)
(-0.00612392 0.0169232 -1.42355e-08)
(-0.00612388 0.0169231 2.89027e-08)
(-0.00612393 0.0169234 1.78321e-07)
(-0.00612413 0.0169245 1.35183e-07)
(-0.00310737 0.00874 -6.85576e-09)
(-0.00310735 0.00873995 2.3567e-08)
(-0.00310739 0.00874019 1.20021e-07)
(-0.00310755 0.00874091 8.95982e-08)
(-0.00161517 0.00449372 -2.9924e-09)
(-0.00161516 0.00449369 1.71562e-08)
(-0.00161519 0.00449386 7.6531e-08)
(-0.0016153 0.00449431 5.63825e-08)
(-0.000839574 0.00227933 -1.13296e-09)
(-0.000839569 0.00227932 1.15344e-08)
(-0.000839594 0.00227942 4.66742e-08)
(-0.000839667 0.0022797 3.40069e-08)
(-0.000431281 0.00113542 -3.17863e-10)
(-0.000431279 0.00113542 7.27849e-09)
(-0.000431295 0.00113548 2.7367e-08)
(-0.000431341 0.00113564 1.97707e-08)
(-0.000217661 0.000554208 -1.20486e-11)
(-0.000217661 0.000554208 4.35971e-09)
(-0.000217671 0.000554243 1.54717e-08)
(-0.000217698 0.000554332 1.11e-08)
(-0.000107613 0.000264775 7.41302e-11)
(-0.000107613 0.000264776 2.49308e-09)
(-0.000107619 0.000264795 8.45222e-09)
(-0.000107635 0.000264843 6.03327e-09)
(-5.2048e-05 0.000123756 7.63194e-11)
(-5.2048e-05 0.000123756 1.36846e-09)
(-5.20515e-05 0.000123767 4.46903e-09)
(-5.20603e-05 0.000123792 3.17689e-09)
(-2.46114e-05 5.65832e-05 5.62124e-11)
(-2.46115e-05 5.65837e-05 7.22958e-10)
(-2.46134e-05 5.6589e-05 2.29037e-09)
(-2.46182e-05 5.6602e-05 1.62362e-09)
(-1.13762e-05 2.53099e-05 3.54056e-11)
(-1.13763e-05 2.53102e-05 3.68838e-10)
(-1.13773e-05 2.53128e-05 1.13916e-09)
(-1.13798e-05 2.53193e-05 8.05726e-10)
(-5.14082e-06 1.10784e-05 2.03897e-11)
(-5.14087e-06 1.10785e-05 1.8199e-10)
(-5.14138e-06 1.10798e-05 5.50486e-10)
(-5.14263e-06 1.10829e-05 3.88887e-10)
(-2.27172e-06 4.74661e-06 1.09347e-11)
(-2.27174e-06 4.7467e-06 8.70608e-11)
(-2.272e-06 4.74731e-06 2.58739e-10)
(-2.27261e-06 4.74877e-06 1.82613e-10)
(-9.82017e-07 1.9915e-06 5.5748e-12)
(-9.82034e-07 1.99154e-06 4.04138e-11)
(-9.82155e-07 1.99182e-06 1.18395e-10)
(-9.82446e-07 1.99249e-06 8.35549e-11)
(-4.15441e-07 8.18545e-07 2.70621e-12)
(-4.1545e-07 8.18567e-07 1.8239e-11)
(-4.15506e-07 8.18691e-07 5.27953e-11)
(-4.15641e-07 8.18989e-07 3.72619e-11)
(-1.72077e-07 3.29733e-07 1.26753e-12)
(-1.72082e-07 3.29743e-07 8.00706e-12)
(-1.72107e-07 3.29797e-07 2.29569e-11)
(-1.72168e-07 3.29926e-07 1.62168e-11)
(-6.98181e-08 1.30236e-07 5.69513e-13)
(-6.98201e-08 1.30241e-07 3.42526e-12)
(-6.98312e-08 1.30264e-07 9.74481e-12)
(-6.9858e-08 1.30319e-07 6.88907e-12)
(-2.77622e-08 5.04602e-08 2.48833e-13)
(-2.77632e-08 5.04622e-08 1.427e-12)
(-2.77679e-08 5.04716e-08 4.03975e-12)
(-2.77794e-08 5.04945e-08 2.86158e-12)
(-1.08242e-08 1.91872e-08 1.03973e-13)
(-1.08246e-08 1.9188e-08 5.80611e-13)
(-1.08266e-08 1.91919e-08 1.63845e-12)
(-1.08314e-08 1.92011e-08 1.16064e-12)
(-4.14005e-09 7.16336e-09 4.20564e-14)
(-4.14023e-09 7.1637e-09 2.3131e-13)
(-4.14104e-09 7.1652e-09 6.50121e-13)
(-4.143e-09 7.16889e-09 4.60283e-13)
(-1.55416e-09 2.62699e-09 1.63553e-14)
(-1.55423e-09 2.62712e-09 8.99539e-14)
(-1.55455e-09 2.62771e-09 2.51754e-13)
(-1.55534e-09 2.62913e-09 1.78155e-13)
(-5.72888e-10 9.4673e-10 5.84116e-15)
(-5.72917e-10 9.4678e-10 3.32946e-14)
(-5.73044e-10 9.46998e-10 9.75474e-14)
(-5.73346e-10 9.47553e-10 6.89257e-14)
(-2.07457e-10 3.35438e-10 1.75235e-15)
(-2.07469e-10 3.35453e-10 1.16823e-14)
(-2.07519e-10 3.3553e-10 3.62152e-14)
(-2.07639e-10 3.35744e-10 2.68693e-14)
(-7.38393e-11 1.16898e-10 0)
(-7.38416e-11 1.16898e-10 4.08881e-15)
(-7.38591e-11 1.16928e-10 1.22664e-14)
(-7.39047e-11 1.16997e-10 8.76174e-15)
(-2.58413e-11 4.00836e-11 1.16823e-15)
(-2.58436e-11 4.00913e-11 5.84116e-16)
(-2.58483e-11 4.00913e-11 4.08881e-15)
(-2.58623e-11 4.01219e-11 3.5047e-15)
(-8.89842e-12 1.35284e-11 0)
(-8.89842e-12 1.35245e-11 -1.16823e-15)
(-8.9031e-12 1.35284e-11 2.92058e-15)
(-8.9066e-12 1.35437e-11 1.75235e-15)
(-3.01287e-12 4.49797e-12 0)
(-3.01638e-12 4.49797e-12 -1.16823e-15)
(-3.01404e-12 4.49032e-12 1.16823e-15)
(-3.01638e-12 4.50563e-12 1.75235e-15)
(-1.01052e-12 1.46998e-12 -1.16823e-15)
(-1.01052e-12 1.45849e-12 -1.16823e-15)
(-1.01052e-12 1.46615e-12 2.33646e-15)
(-1.01169e-12 1.46998e-12 0)
(-3.39956e-13 4.59368e-13 0)
(-3.38787e-13 4.5554e-13 -1.75235e-15)
(-3.38787e-13 4.47883e-13 5.84116e-16)
(-3.41124e-13 4.59368e-13 1.16823e-15)
(-1.42524e-13 1.03358e-13 -1.16823e-15)
(-1.40188e-13 9.95296e-14 1.16823e-15)
(-1.40188e-13 1.07186e-13 5.84116e-16)
(-1.41356e-13 1.07186e-13 0)
(-0.0946235 -0.159304 6.5109e-08)
(-0.0946237 -0.159305 1.01275e-07)
(-0.0946237 -0.159305 -7.14848e-10)
(-0.0946234 -0.159305 -3.68806e-08)
(-0.0315139 -0.0687129 4.56651e-08)
(-0.031514 -0.0687133 7.92932e-08)
(-0.031514 -0.0687136 2.86379e-08)
(-0.0315139 -0.0687135 -4.99017e-09)
(-0.0129453 -0.0332484 3.26239e-08)
(-0.0129453 -0.0332486 6.27164e-08)
(-0.0129453 -0.0332489 3.6977e-08)
(-0.0129453 -0.0332489 6.88453e-09)
(-0.00612569 -0.0169319 2.26292e-08)
(-0.00612572 -0.016932 4.70771e-08)
(-0.00612574 -0.0169322 3.48246e-08)
(-0.00612574 -0.0169323 1.03767e-08)
(-0.00310866 -0.00874562 1.50864e-08)
(-0.00310869 -0.00874574 3.3231e-08)
(-0.00310871 -0.00874589 2.78306e-08)
(-0.00310872 -0.00874596 9.68591e-09)
(-0.00161605 -0.0044972 9.65938e-09)
(-0.00161607 -0.00449728 2.21505e-08)
(-0.00161609 -0.00449738 1.99608e-08)
(-0.0016161 -0.00449744 7.46966e-09)
(-0.000840146 -0.00228141 5.94366e-09)
(-0.000840158 -0.00228146 1.40292e-08)
(-0.000840173 -0.00228153 1.32285e-08)
(-0.000840182 -0.00228157 5.143e-09)
(-0.000431635 -0.00113662 3.52086e-09)
(-0.000431642 -0.00113665 8.48501e-09)
(-0.000431653 -0.00113669 8.23817e-09)
(-0.000431659 -0.00113671 3.27403e-09)
(-0.000217871 -0.000554876 2.01048e-09)
(-0.000217876 -0.000554892 4.9212e-09)
(-0.000217883 -0.000554915 4.87141e-09)
(-0.000217887 -0.000554931 1.96069e-09)
(-0.000107733 -0.000265135 1.10867e-09)
(-0.000107736 -0.000265144 2.74549e-09)
(-0.00010774 -0.000265157 2.75377e-09)
(-0.000107743 -0.000265166 1.11695e-09)
(-5.21141e-05 -0.000123944 5.91134e-10)
(-5.21157e-05 -0.000123948 1.47733e-09)
(-5.21181e-05 -0.000123956 1.49522e-09)
(-5.21197e-05 -0.00012396 6.09023e-10)
(-2.46467e-05 -5.66786e-05 3.05269e-10)
(-2.46476e-05 -5.6681e-05 7.68286e-10)
(-2.46489e-05 -5.66847e-05 7.82488e-10)
(-2.46498e-05 -5.66873e-05 3.1947e-10)
(-1.13944e-05 -2.53569e-05 1.52841e-10)
(-1.13949e-05 -2.53581e-05 3.869e-10)
(-1.13956e-05 -2.536e-05 3.95739e-10)
(-1.13961e-05 -2.53613e-05 1.61682e-10)
(-5.14994e-06 -1.11009e-05 7.43066e-11)
(-5.15017e-06 -1.11015e-05 1.88946e-10)
(-5.15053e-06 -1.11024e-05 1.93824e-10)
(-5.15078e-06 -1.1103e-05 7.91834e-11)
(-2.27615e-06 -4.75712e-06 3.51071e-11)
(-2.27627e-06 -4.7574e-06 8.96168e-11)
(-2.27645e-06 -4.75783e-06 9.20976e-11)
(-2.27657e-06 -4.75814e-06 3.7589e-11)
(-9.84114e-07 -1.99627e-06 1.61409e-11)
(-9.84169e-07 -1.9964e-06 4.13268e-11)
(-9.84256e-07 -1.9966e-06 4.25166e-11)
(-9.84315e-07 -1.99674e-06 1.73313e-11)
(-4.16406e-07 -8.20663e-07 7.2261e-12)
(-4.16432e-07 -8.2072e-07 1.85539e-11)
(-4.16472e-07 -8.20811e-07 1.90942e-11)
(-4.165e-07 -8.20873e-07 7.76816e-12)
(-1.7251e-07 -3.30649e-07 3.15306e-12)
(-1.72522e-07 -3.30674e-07 8.11454e-12)
(-1.7254e-07 -3.30714e-07 8.35286e-12)
(-1.72553e-07 -3.30741e-07 3.38963e-12)
(-7.00071e-08 -1.30624e-07 1.34171e-12)
(-7.00123e-08 -1.30634e-07 3.46147e-12)
(-7.00205e-08 -1.30651e-07 3.56486e-12)
(-7.00261e-08 -1.30663e-07 1.44335e-12)
(-2.78429e-08 -5.06203e-08 5.58415e-13)
(-2.78451e-08 -5.06248e-08 1.44101e-12)
(-2.78486e-08 -5.06318e-08 1.48424e-12)
(-2.7851e-08 -5.06366e-08 5.99887e-13)
(-1.08578e-08 -1.92519e-08 2.27805e-13)
(-1.08588e-08 -1.92538e-08 5.87621e-13)
(-1.08602e-08 -1.92566e-08 6.01055e-13)
(-1.08613e-08 -1.92586e-08 2.41824e-13)
(-4.15376e-09 -7.18898e-09 8.99539e-14)
(-4.15414e-09 -7.1897e-09 2.34815e-13)
(-4.15475e-09 -7.19085e-09 2.38903e-13)
(-4.15516e-09 -7.19162e-09 9.69633e-14)
(-1.55962e-09 -2.63692e-09 3.56311e-14)
(-1.55978e-09 -2.63721e-09 9.28745e-14)
(-1.56002e-09 -2.63766e-09 9.34586e-14)
(-1.56018e-09 -2.63796e-09 3.73834e-14)
(-5.75021e-10 -9.50504e-10 1.28506e-14)
(-5.75077e-10 -9.50608e-10 3.5047e-14)
(-5.75178e-10 -9.50784e-10 3.67993e-14)
(-5.75239e-10 -9.50899e-10 1.40188e-14)
(-2.08275e-10 -3.36839e-10 5.84116e-15)
(-2.08297e-10 -3.36889e-10 1.46029e-14)
(-2.08333e-10 -3.3695e-10 1.34347e-14)
(-2.08358e-10 -3.36996e-10 5.84116e-15)
(-7.41465e-11 -1.17399e-10 3.5047e-15)
(-7.41535e-11 -1.17426e-10 5.84116e-15)
(-7.41652e-11 -1.17453e-10 5.84116e-15)
(-7.41804e-11 -1.17468e-10 1.75235e-15)
(-2.59499e-11 -4.02597e-11 2.33646e-15)
(-2.59581e-11 -4.02751e-11 3.5047e-15)
(-2.59616e-11 -4.02904e-11 0)
(-2.59675e-11 -4.02751e-11 -1.75235e-15)
(-8.93698e-12 -1.35935e-11 0)
(-8.93814e-12 -1.35973e-11 1.16823e-15)
(-8.94399e-12 -1.35973e-11 0)
(-8.93814e-12 -1.36011e-11 1.16823e-15)
(-3.03156e-12 -4.51711e-12 0)
(-3.03156e-12 -4.51711e-12 0)
(-3.02806e-12 -4.52094e-12 5.84116e-16)
(-3.03039e-12 -4.52094e-12 0)
(-1.01636e-12 -1.46232e-12 1.16823e-15)
(-1.01519e-12 -1.46998e-12 1.75235e-15)
(-1.01519e-12 -1.48146e-12 1.75235e-15)
(-1.01286e-12 -1.47763e-12 -5.84116e-16)
(-3.41124e-13 -4.51711e-13 1.75235e-15)
(-3.39956e-13 -4.63196e-13 1.16823e-15)
(-3.45797e-13 -4.63196e-13 5.84116e-16)
(-3.42292e-13 -4.70852e-13 1.16823e-15)
(-1.37851e-13 -9.95296e-14 1.16823e-15)
(-1.42524e-13 -1.03358e-13 0)
(-1.40188e-13 -9.95296e-14 5.84116e-16)
(-1.44861e-13 -1.11014e-13 1.16823e-15)
(-0.287864 -0.0499281 3.87896e-08)
(-0.247495 -0.0130198 1.62509e-08)
(-0.235785 -0.00385363 1.01208e-08)
(-0.23208 -0.00109621 7.97888e-09)
(-0.2314 0.00032832 1.98606e-08)
(-0.233393 0.00265682 1.12052e-08)
(-0.242027 0.0104812 3.4271e-08)
(-0.275318 0.0429733 3.84685e-08)
(-0.287864 -0.0499283 2.13714e-08)
(-0.247495 -0.0130199 -4.85589e-09)
(-0.235785 -0.00385364 -1.12408e-08)
(-0.23208 -0.0010962 -4.70159e-09)
(-0.2314 0.000328326 1.81433e-08)
(-0.233393 0.00265685 1.68718e-08)
(-0.242027 0.0104813 7.44947e-08)
(-0.275319 0.0429732 1.18794e-07)
(-0.287864 -0.0499284 -1.40683e-07)
(-0.247495 -0.0130199 -1.37067e-07)
(-0.235784 -0.00385363 -1.08283e-07)
(-0.23208 -0.00109616 -7.33332e-08)
(-0.2314 0.000328363 -6.928e-08)
(-0.233394 0.00265693 -1.75404e-08)
(-0.242028 0.0104814 1.62739e-08)
(-0.275319 0.0429736 1.57208e-07)
(-0.287863 -0.0499284 -1.23265e-07)
(-0.247494 -0.0130198 -1.1596e-07)
(-0.235784 -0.00385352 -8.69212e-08)
(-0.23208 -0.00109612 -6.06528e-08)
(-0.231399 0.000328438 -6.75627e-08)
(-0.233393 0.00265702 -2.3207e-08)
(-0.242027 0.0104816 -2.39498e-08)
(-0.27532 0.0429747 7.68821e-08)
(-0.0884877 0.143566 -4.16767e-08)
(-0.0884877 0.143566 9.93277e-08)
(-0.088488 0.143567 4.83564e-07)
(-0.0884886 0.14357 3.4256e-07)
(-0.0288466 0.0599694 -2.69752e-08)
(-0.0288465 0.0599691 7.1243e-08)
(-0.0288467 0.0599699 3.65467e-07)
(-0.028847 0.0599721 2.67249e-07)
(-0.0114869 0.0281801 -1.39899e-08)
(-0.0114868 0.02818 5.62061e-08)
(-0.0114869 0.0281806 2.65344e-07)
(-0.0114872 0.0281821 1.95148e-07)
(-0.0052652 0.0140219 -6.10679e-09)
(-0.00526518 0.0140218 4.2537e-08)
(-0.00526526 0.0140222 1.80033e-07)
(-0.00526548 0.0140233 1.31389e-07)
(-0.00260134 0.00711929 -2.09346e-09)
(-0.00260133 0.00711927 3.01592e-08)
(-0.00260138 0.00711953 1.15741e-07)
(-0.00260154 0.0071202 8.34882e-08)
(-0.00132495 0.00361653 -3.33863e-10)
(-0.00132495 0.00361653 2.00996e-08)
(-0.00132499 0.00361669 7.133e-08)
(-0.00132509 0.0036171 5.08965e-08)
(-0.000678714 0.00181948 2.85564e-10)
(-0.000678713 0.00181948 1.27102e-08)
(-0.000678739 0.00181958 4.23831e-08)
(-0.000678807 0.00181982 2.99585e-08)
(-0.00034516 0.000901671 4.0521e-10)
(-0.00034516 0.000901674 7.66939e-09)
(-0.000345176 0.000901733 2.43614e-08)
(-0.000345217 0.000901869 1.70973e-08)
(-0.000173066 0.000438838 3.41805e-10)
(-0.000173066 0.000438841 4.44096e-09)
(-0.000173076 0.000438874 1.35654e-08)
(-0.0001731 0.000438949 9.4662e-09)
(-8.5238e-05 0.000209408 2.40162e-10)
(-8.52383e-05 0.00020941 2.47434e-09)
(-8.52442e-05 0.000209428 7.32716e-09)
(-8.52578e-05 0.000209469 5.09298e-09)
(-4.11516e-05 9.78863e-05 1.51384e-10)
(-4.11519e-05 9.78875e-05 1.3309e-09)
(-4.11551e-05 9.78969e-05 3.84166e-09)
(-4.11626e-05 9.79182e-05 2.66214e-09)
(-1.94529e-05 4.48018e-05 8.88043e-11)
(-1.94531e-05 4.48025e-05 6.92045e-10)
(-1.94549e-05 4.48073e-05 1.95693e-09)
(-1.94588e-05 4.48182e-05 1.35369e-09)
(-8.99884e-06 2.00747e-05 4.90698e-11)
(-8.99897e-06 2.00751e-05 3.48679e-10)
(-8.99989e-06 2.00775e-05 9.69143e-10)
(-9.00195e-06 2.00828e-05 6.69535e-10)
(-4.07294e-06 8.80641e-06 2.58892e-11)
(-4.07302e-06 8.80662e-06 1.70366e-10)
(-4.07348e-06 8.80778e-06 4.66997e-10)
(-4.07452e-06 8.81036e-06 3.22521e-10)
(-1.8037e-06 3.78289e-06 1.30731e-11)
(-1.80374e-06 3.78299e-06 8.08738e-11)
(-1.80397e-06 3.78354e-06 2.19108e-10)
(-1.80447e-06 3.78475e-06 1.51306e-10)
(-7.81692e-07 1.59161e-06 6.3692e-12)
(-7.81712e-07 1.59166e-06 3.73186e-11)
(-7.81821e-07 1.59191e-06 1.0017e-10)
(-7.82061e-07 1.59247e-06 6.92189e-11)
(-3.31626e-07 6.56121e-07 2.99184e-12)
(-3.31636e-07 6.56145e-07 1.67659e-11)
(-3.31686e-07 6.56255e-07 4.46574e-11)
(-3.31798e-07 6.56502e-07 3.08828e-11)
(-1.37772e-07 2.65108e-07 1.36566e-12)
(-1.37776e-07 2.65119e-07 7.33591e-12)
(-1.37799e-07 2.65167e-07 1.94265e-11)
(-1.37849e-07 2.65275e-07 1.34545e-11)
(-5.60718e-08 1.05034e-07 6.02224e-13)
(-5.6074e-08 1.05039e-07 3.13145e-12)
(-5.60838e-08 1.05059e-07 8.25122e-12)
(-5.6106e-08 1.05105e-07 5.72317e-12)
(-2.23661e-08 4.08213e-08 2.59348e-13)
(-2.23671e-08 4.08234e-08 1.30375e-12)
(-2.23713e-08 4.08317e-08 3.42409e-12)
(-2.23808e-08 4.08508e-08 2.38086e-12)
(-8.74774e-09 1.55696e-08 1.07477e-13)
(-8.74817e-09 1.55705e-08 5.29209e-13)
(-8.74993e-09 1.55739e-08 1.38903e-12)
(-8.75392e-09 1.55816e-08 9.66128e-13)
(-3.35629e-09 5.83034e-09 4.38087e-14)
(-3.35647e-09 5.83069e-09 2.09698e-13)
(-3.35719e-09 5.83202e-09 5.5199e-13)
(-3.35882e-09 5.83511e-09 3.86101e-13)
(-1.26381e-09 2.14447e-09 1.81076e-14)
(-1.26389e-09 2.14461e-09 8.23604e-14)
(-1.26417e-09 2.14513e-09 2.14955e-13)
(-1.26483e-09 2.14633e-09 1.50118e-13)
(-4.6727e-10 7.75079e-10 7.00939e-15)
(-4.67299e-10 7.75137e-10 3.15423e-14)
(-4.67407e-10 7.75328e-10 8.23604e-14)
(-4.67667e-10 7.75795e-10 5.84116e-14)
(-1.69711e-10 2.75395e-10 1.75235e-15)
(-1.69725e-10 2.75414e-10 1.22664e-14)
(-1.69768e-10 2.75494e-10 3.15423e-14)
(-1.69867e-10 2.75666e-10 2.21964e-14)
(-6.05752e-11 9.62337e-11 0)
(-6.05787e-11 9.62375e-11 4.08881e-15)
(-6.05985e-11 9.62643e-11 1.22664e-14)
(-6.06359e-11 9.63332e-11 8.76174e-15)
(-2.12572e-11 3.30936e-11 0)
(-2.12607e-11 3.30936e-11 1.16823e-15)
(-2.12642e-11 3.31013e-11 3.5047e-15)
(-2.12805e-11 3.31204e-11 2.33646e-15)
(-7.34234e-12 1.12009e-11 0)
(-7.34234e-12 1.11971e-11 -5.84116e-16)
(-7.34468e-12 1.12009e-11 2.92058e-15)
(-7.34818e-12 1.12124e-11 5.84116e-16)
(-2.49534e-12 3.72853e-12 0)
(-2.49418e-12 3.72471e-12 0)
(-2.49534e-12 3.73236e-12 0)
(-2.49768e-12 3.72471e-12 -5.84116e-16)
(-8.36454e-13 1.21732e-12 0)
(-8.36454e-13 1.22115e-12 0)
(-8.38791e-13 1.2135e-12 0)
(-8.36454e-13 1.21732e-12 0)
(-2.8388e-13 3.86634e-13 0)
(-2.8388e-13 3.82806e-13 -1.75235e-15)
(-2.81544e-13 3.7515e-13 0)
(-2.82712e-13 3.82806e-13 5.84116e-16)
(-1.16823e-13 8.03893e-14 0)
(-1.16823e-13 8.03893e-14 5.84116e-16)
(-1.16823e-13 8.80455e-14 1.16823e-15)
(-1.16823e-13 8.42174e-14 -1.16823e-15)
(-1.73274 -2.67563 3.50917e-08)
(-1.73274 -2.67563 3.71284e-08)
(-1.73274 -2.67563 -5.66276e-08)
(-1.73274 -2.67563 -5.86643e-08)
(-0.50996 -1.16844 6.89337e-08)
(-0.50996 -1.16844 8.09221e-08)
(-0.509959 -1.16844 -9.3891e-08)
(-0.50996 -1.16844 -1.05879e-07)
(-0.194266 -0.635794 8.87469e-08)
(-0.194265 -0.635795 1.0946e-07)
(-0.194265 -0.635795 -1.09247e-07)
(-0.194266 -0.635794 -1.2996e-07)
(-0.0954309 -0.391378 9.79223e-08)
(-0.0954308 -0.391379 1.25569e-07)
(-0.0954308 -0.391379 -1.09433e-07)
(-0.0954308 -0.391378 -1.37079e-07)
(-0.0560076 -0.254071 9.78248e-08)
(-0.0560076 -0.254072 1.30671e-07)
(-0.0560076 -0.254072 -9.57444e-08)
(-0.0560075 -0.254071 -1.2859e-07)
(-0.036121 -0.167348 9.0471e-08)
(-0.0361211 -0.167349 1.2687e-07)
(-0.0361211 -0.167349 -7.12944e-08)
(-0.036121 -0.167348 -1.07693e-07)
(-0.0242015 -0.109587 7.85015e-08)
(-0.0242015 -0.109587 1.16752e-07)
(-0.0242015 -0.109588 -4.15641e-08)
(-0.0242014 -0.109587 -7.98143e-08)
(-0.0163113 -0.070542 6.45236e-08)
(-0.0163113 -0.0705425 1.02625e-07)
(-0.0163113 -0.0705428 -1.3213e-08)
(-0.0163112 -0.0705424 -5.13143e-08)
(-0.0108562 -0.0443416 5.05761e-08)
(-0.0108563 -0.0443421 8.63136e-08)
(-0.0108563 -0.0443423 8.18319e-09)
(-0.0108562 -0.0443421 -2.75543e-08)
(-0.00705901 -0.0271171 3.79553e-08)
(-0.00705905 -0.0271174 6.92965e-08)
(-0.00705907 -0.0271176 2.03264e-08)
(-0.00705902 -0.0271176 -1.10149e-08)
(-0.00445799 -0.0161056 2.73234e-08)
(-0.00445803 -0.0161058 5.29926e-08)
(-0.00445805 -0.016106 2.42269e-08)
(-0.00445802 -0.016106 -1.44226e-09)
(-0.00272713 -0.00928514 1.88894e-08)
(-0.00272715 -0.0092853 3.85629e-08)
(-0.00272718 -0.00928545 2.26177e-08)
(-0.00272717 -0.00928548 2.94424e-09)
(-0.00161483 -0.00519712 1.25485e-08)
(-0.00161485 -0.00519722 2.67286e-08)
(-0.00161487 -0.00519733 1.83373e-08)
(-0.00161487 -0.00519737 4.15719e-09)
(-0.000925858 -0.00282584 8.01809e-09)
(-0.000925873 -0.0028259 1.76745e-08)
(-0.000925889 -0.00282598 1.34658e-08)
(-0.000925891 -0.00282601 3.80942e-09)
(-0.000514424 -0.00149369 4.93187e-09)
(-0.000514434 -0.00149373 1.11772e-08)
(-0.000514445 -0.00149378 9.15848e-09)
(-0.000514449 -0.0014938 2.91312e-09)
(-0.000277267 -0.000768142 2.92404e-09)
(-0.000277274 -0.000768166 6.7753e-09)
(-0.000277282 -0.000768197 5.84817e-09)
(-0.000277285 -0.000768212 1.99691e-09)
(-0.000145123 -0.000384619 1.67279e-09)
(-0.000145127 -0.000384632 3.94643e-09)
(-0.000145132 -0.00038465 3.53818e-09)
(-0.000145134 -0.00038466 1.26453e-09)
(-7.38364e-05 -0.000187652 9.24756e-10)
(-7.38387e-05 -0.000187659 2.21342e-09)
(-7.38419e-05 -0.000187669 2.0413e-09)
(-7.38435e-05 -0.000187675 7.52628e-10)
(-3.65526e-05 -8.92732e-05 4.94541e-10)
(-3.65539e-05 -8.92771e-05 1.19792e-09)
(-3.65557e-05 -8.92827e-05 1.12848e-09)
(-3.65568e-05 -8.92861e-05 4.25106e-10)
(-1.76224e-05 -4.14414e-05 2.56217e-10)
(-1.76231e-05 -4.14435e-05 6.2666e-10)
(-1.76241e-05 -4.14464e-05 5.99991e-10)
(-1.76247e-05 -4.14483e-05 2.29549e-10)
(-8.28077e-06 -1.87837e-05 1.28726e-10)
(-8.28116e-06 -1.87847e-05 3.17421e-10)
(-8.28171e-06 -1.87862e-05 3.07714e-10)
(-8.28205e-06 -1.87872e-05 1.19019e-10)
(-3.79558e-06 -8.31834e-06 6.28001e-11)
(-3.79577e-06 -8.31884e-06 1.55898e-10)
(-3.79606e-06 -8.31959e-06 1.52593e-10)
(-3.79624e-06 -8.32006e-06 5.94969e-11)
(-1.69827e-06 -3.60139e-06 2.97777e-11)
(-1.69837e-06 -3.60163e-06 7.4348e-11)
(-1.69851e-06 -3.60198e-06 7.33142e-11)
(-1.69861e-06 -3.60221e-06 2.87438e-11)
(-7.42279e-07 -1.52525e-06 1.37413e-11)
(-7.42326e-07 -1.52536e-06 3.44669e-11)
(-7.42397e-07 -1.52553e-06 3.41842e-11)
(-7.42442e-07 -1.52563e-06 1.34586e-11)
(-3.17141e-07 -6.32272e-07 6.17235e-12)
(-3.17163e-07 -6.32321e-07 1.55515e-11)
(-3.17196e-07 -6.32396e-07 1.54943e-11)
(-3.17218e-07 -6.32445e-07 6.11336e-12)
(-1.3254e-07 -2.56687e-07 2.70271e-12)
(-1.3255e-07 -2.56709e-07 6.83533e-12)
(-1.32565e-07 -2.56742e-07 6.83299e-12)
(-1.32575e-07 -2.56763e-07 2.70037e-12)
(-5.42151e-08 -1.02113e-07 1.15421e-12)
(-5.42196e-08 -1.02122e-07 2.92934e-12)
(-5.42264e-08 -1.02137e-07 2.93635e-12)
(-5.42308e-08 -1.02146e-07 1.16181e-12)
(-2.1719e-08 -3.98264e-08 4.81896e-13)
(-2.1721e-08 -3.98302e-08 1.22489e-12)
(-2.17239e-08 -3.98362e-08 1.23073e-12)
(-2.17258e-08 -3.98401e-08 4.87153e-13)
(-8.52629e-09 -1.5237e-08 1.94511e-13)
(-8.5271e-09 -1.52385e-08 5.00587e-13)
(-8.52835e-09 -1.5241e-08 5.0526e-13)
(-8.52916e-09 -1.52426e-08 2.00936e-13)
(-3.28191e-09 -5.7212e-09 7.76874e-14)
(-3.28224e-09 -5.72183e-09 1.99184e-13)
(-3.28275e-09 -5.72279e-09 2.0152e-13)
(-3.28309e-09 -5.72343e-09 7.94398e-14)
(-1.2393e-09 -2.10936e-09 3.0374e-14)
(-1.23943e-09 -2.1096e-09 7.65192e-14)
(-1.23964e-09 -2.10997e-09 7.94398e-14)
(-1.23977e-09 -2.11023e-09 3.15423e-14)
(-4.59344e-10 -7.64001e-10 1.10982e-14)
(-4.59398e-10 -7.64093e-10 2.97899e-14)
(-4.59479e-10 -7.64242e-10 3.15423e-14)
(-4.59532e-10 -7.64342e-10 1.22664e-14)
(-1.67202e-10 -2.71976e-10 4.08881e-15)
(-1.67221e-10 -2.72007e-10 1.05141e-14)
(-1.67255e-10 -2.7206e-10 1.16823e-14)
(-1.67274e-10 -2.72095e-10 3.5047e-15)
(-5.97983e-11 -9.51963e-11 1.16823e-15)
(-5.98065e-11 -9.52078e-11 4.67293e-15)
(-5.98147e-11 -9.52307e-11 4.67293e-15)
(-5.98252e-11 -9.5246e-11 1.75235e-15)
(-2.10235e-11 -3.27797e-11 1.16823e-15)
(-2.10258e-11 -3.27874e-11 1.75235e-15)
(-2.10317e-11 -3.2795e-11 1.75235e-15)
(-2.10329e-11 -3.27988e-11 0)
(-7.27225e-12 -1.11052e-11 0)
(-7.27108e-12 -1.11052e-11 0)
(-7.27341e-12 -1.11014e-11 0)
(-7.27575e-12 -1.1109e-11 1.16823e-15)
(-2.47081e-12 -3.69791e-12 1.16823e-15)
(-2.47315e-12 -3.70557e-12 5.84116e-16)
(-2.47315e-12 -3.70939e-12 0)
(-2.47198e-12 -3.70174e-12 -5.84116e-16)
(-8.31781e-13 -1.2135e-12 0)
(-8.31781e-13 -1.20967e-12 -1.16823e-15)
(-8.34118e-13 -1.20584e-12 0)
(-8.3295e-13 -1.2135e-12 1.16823e-15)
(-2.8388e-13 -3.7515e-13 0)
(-2.81544e-13 -3.78978e-13 0)
(-2.81544e-13 -3.71322e-13 0)
(-2.81544e-13 -3.7515e-13 0)
(-1.13319e-13 -7.27332e-14 5.84116e-16)
(-1.15655e-13 -8.03893e-14 1.16823e-15)
(-1.13319e-13 -8.03893e-14 5.84116e-16)
(-1.14487e-13 -8.42174e-14 0)
)
;
    }
    front
    {
        type            symmetryPlane;
    }
    back
    {
        type            symmetryPlane;
    }
}


// ************************************************************************* //
