/*--------------------------------*- C++ -*----------------------------------*\
| =========                 |                                                 |
| \\      /  F ield         | OpenFOAM: The Open Source CFD Toolbox           |
|  \\    /   O peration     | Version:                                        |
|   \\  /    A nd           | Website:  www.openfoam.com                      |
|    \\/     M anipulation  |                                                 |
\*---------------------------------------------------------------------------*/
FoamFile
{
    version     2.0;
    format      ascii;
    class       faceList;
    location    "constant/air/polyMesh";
    object      faces;
}
// * * * * * * * * * * * * * * * * * * * * * * * * * * * * * * * * * * * * * //


34761
(
4(1 12 34 23)
4(22 23 34 33)
4(11 33 34 12)
4(0 1 23 22)
4(2 13 35 24)
4(23 24 35 34)
4(12 34 35 13)
4(1 2 24 23)
4(3 14 36 25)
4(24 25 36 35)
4(13 35 36 14)
4(2 3 25 24)
4(4 15 37 26)
4(25 26 37 36)
4(14 36 37 15)
4(3 4 26 25)
4(5 16 38 27)
4(26 27 38 37)
4(15 37 38 16)
4(4 5 27 26)
4(6 17 39 28)
4(27 28 39 38)
4(16 38 39 17)
4(5 6 28 27)
4(7 18 40 29)
4(28 29 40 39)
4(17 39 40 18)
4(6 7 29 28)
4(8 19 41 30)
4(29 30 41 40)
4(18 40 41 19)
4(7 8 30 29)
4(9 20 42 31)
4(30 31 42 41)
4(19 41 42 20)
4(8 9 31 30)
4(31 32 43 42)
4(20 42 43 21)
4(9 10 32 31)
4(23 34 56 45)
4(44 45 56 55)
4(33 55 56 34)
4(22 23 45 44)
4(24 35 57 46)
4(45 46 57 56)
4(34 56 57 35)
4(23 24 46 45)
4(25 36 58 47)
4(46 47 58 57)
4(35 57 58 36)
4(24 25 47 46)
4(26 37 59 48)
4(47 48 59 58)
4(36 58 59 37)
4(25 26 48 47)
4(27 38 60 49)
4(48 49 60 59)
4(37 59 60 38)
4(26 27 49 48)
4(28 39 61 50)
4(49 50 61 60)
4(38 60 61 39)
4(27 28 50 49)
4(29 40 62 51)
4(50 51 62 61)
4(39 61 62 40)
4(28 29 51 50)
4(30 41 63 52)
4(51 52 63 62)
4(40 62 63 41)
4(29 30 52 51)
4(31 42 64 53)
4(52 53 64 63)
4(41 63 64 42)
4(30 31 53 52)
4(53 54 65 64)
4(42 64 65 43)
4(31 32 54 53)
4(45 56 78 67)
4(66 67 78 77)
4(55 77 78 56)
4(44 45 67 66)
4(46 57 79 68)
4(67 68 79 78)
4(56 78 79 57)
4(45 46 68 67)
4(47 58 80 69)
4(68 69 80 79)
4(57 79 80 58)
4(46 47 69 68)
4(48 59 81 70)
4(69 70 81 80)
4(58 80 81 59)
4(47 48 70 69)
4(49 60 82 71)
4(70 71 82 81)
4(59 81 82 60)
4(48 49 71 70)
4(50 61 83 72)
4(71 72 83 82)
4(60 82 83 61)
4(49 50 72 71)
4(51 62 84 73)
4(72 73 84 83)
4(61 83 84 62)
4(50 51 73 72)
4(52 63 85 74)
4(73 74 85 84)
4(62 84 85 63)
4(51 52 74 73)
4(53 64 86 75)
4(74 75 86 85)
4(63 85 86 64)
4(52 53 75 74)
4(75 76 87 86)
4(64 86 87 65)
4(53 54 76 75)
4(67 78 100 89)
4(88 89 100 99)
4(77 99 100 78)
4(66 67 89 88)
4(68 79 101 90)
4(89 90 101 100)
4(78 100 101 79)
4(67 68 90 89)
4(69 80 102 91)
4(90 91 102 101)
4(79 101 102 80)
4(68 69 91 90)
4(70 81 103 92)
4(91 92 103 102)
4(80 102 103 81)
4(69 70 92 91)
4(71 82 104 93)
4(92 93 104 103)
4(81 103 104 82)
4(70 71 93 92)
4(72 83 105 94)
4(93 94 105 104)
4(82 104 105 83)
4(71 72 94 93)
4(73 84 106 95)
4(94 95 106 105)
4(83 105 106 84)
4(72 73 95 94)
4(74 85 107 96)
4(95 96 107 106)
4(84 106 107 85)
4(73 74 96 95)
4(75 86 108 97)
4(96 97 108 107)
4(85 107 108 86)
4(74 75 97 96)
4(97 98 109 108)
4(86 108 109 87)
4(75 76 98 97)
4(89 100 122 111)
4(110 111 122 121)
4(99 121 122 100)
4(88 89 111 110)
4(90 101 123 112)
4(111 112 123 122)
4(100 122 123 101)
4(89 90 112 111)
4(91 102 124 113)
4(112 113 124 123)
4(101 123 124 102)
4(90 91 113 112)
4(92 103 125 114)
4(113 114 125 124)
4(102 124 125 103)
4(91 92 114 113)
4(93 104 126 115)
4(114 115 126 125)
4(103 125 126 104)
4(92 93 115 114)
4(94 105 127 116)
4(115 116 127 126)
4(104 126 127 105)
4(93 94 116 115)
4(95 106 128 117)
4(116 117 128 127)
4(105 127 128 106)
4(94 95 117 116)
4(96 107 129 118)
4(117 118 129 128)
4(106 128 129 107)
4(95 96 118 117)
4(97 108 130 119)
4(118 119 130 129)
4(107 129 130 108)
4(96 97 119 118)
4(119 120 131 130)
4(108 130 131 109)
4(97 98 120 119)
4(111 122 144 133)
4(132 133 144 143)
4(121 143 144 122)
4(110 111 133 132)
4(112 123 145 134)
4(133 134 145 144)
4(122 144 145 123)
4(111 112 134 133)
4(113 124 146 135)
4(134 135 146 145)
4(123 145 146 124)
4(112 113 135 134)
4(114 125 147 136)
4(135 136 147 146)
4(124 146 147 125)
4(113 114 136 135)
4(115 126 148 137)
4(136 137 148 147)
4(125 147 148 126)
4(114 115 137 136)
4(116 127 149 138)
4(137 138 149 148)
4(126 148 149 127)
4(115 116 138 137)
4(117 128 150 139)
4(138 139 150 149)
4(127 149 150 128)
4(116 117 139 138)
4(118 129 151 140)
4(139 140 151 150)
4(128 150 151 129)
4(117 118 140 139)
4(119 130 152 141)
4(140 141 152 151)
4(129 151 152 130)
4(118 119 141 140)
4(141 142 153 152)
4(130 152 153 131)
4(119 120 142 141)
4(133 144 166 155)
4(154 155 166 165)
4(143 165 166 144)
4(132 133 155 154)
4(134 145 167 156)
4(155 156 167 166)
4(144 166 167 145)
4(133 134 156 155)
4(135 146 168 157)
4(156 157 168 167)
4(145 167 168 146)
4(134 135 157 156)
4(136 147 169 158)
4(157 158 169 168)
4(146 168 169 147)
4(135 136 158 157)
4(137 148 170 159)
4(158 159 170 169)
4(147 169 170 148)
4(136 137 159 158)
4(138 149 171 160)
4(159 160 171 170)
4(148 170 171 149)
4(137 138 160 159)
4(139 150 172 161)
4(160 161 172 171)
4(149 171 172 150)
4(138 139 161 160)
4(140 151 173 162)
4(161 162 173 172)
4(150 172 173 151)
4(139 140 162 161)
4(141 152 174 163)
4(162 163 174 173)
4(151 173 174 152)
4(140 141 163 162)
4(163 164 175 174)
4(152 174 175 153)
4(141 142 164 163)
4(155 166 188 177)
4(176 177 188 187)
4(165 187 188 166)
4(154 155 177 176)
4(156 167 189 178)
4(177 178 189 188)
4(166 188 189 167)
4(155 156 178 177)
4(157 168 190 179)
4(178 179 190 189)
4(167 189 190 168)
4(156 157 179 178)
4(158 169 191 180)
4(179 180 191 190)
4(168 190 191 169)
4(157 158 180 179)
4(159 170 192 181)
4(180 181 192 191)
4(169 191 192 170)
4(158 159 181 180)
4(160 171 193 182)
4(181 182 193 192)
4(170 192 193 171)
4(159 160 182 181)
4(161 172 194 183)
4(182 183 194 193)
4(171 193 194 172)
4(160 161 183 182)
4(162 173 195 184)
4(183 184 195 194)
4(172 194 195 173)
4(161 162 184 183)
4(163 174 196 185)
4(184 185 196 195)
4(173 195 196 174)
4(162 163 185 184)
4(185 186 197 196)
4(174 196 197 175)
4(163 164 186 185)
4(177 188 210 199)
4(198 199 210 209)
4(187 209 210 188)
4(176 177 199 198)
4(178 189 211 200)
4(199 200 211 210)
4(188 210 211 189)
4(177 178 200 199)
4(179 190 212 201)
4(200 201 212 211)
4(189 211 212 190)
4(178 179 201 200)
4(180 191 213 202)
4(201 202 213 212)
4(190 212 213 191)
4(179 180 202 201)
4(181 192 214 203)
4(202 203 214 213)
4(191 213 214 192)
4(180 181 203 202)
4(182 193 215 204)
4(203 204 215 214)
4(192 214 215 193)
4(181 182 204 203)
4(183 194 216 205)
4(204 205 216 215)
4(193 215 216 194)
4(182 183 205 204)
4(184 195 217 206)
4(205 206 217 216)
4(194 216 217 195)
4(183 184 206 205)
4(185 196 218 207)
4(206 207 218 217)
4(195 217 218 196)
4(184 185 207 206)
4(207 208 219 218)
4(196 218 219 197)
4(185 186 208 207)
4(199 210 232 221)
4(220 221 232 231)
4(209 231 232 210)
4(198 199 221 220)
4(200 211 233 222)
4(221 222 233 232)
4(210 232 233 211)
4(199 200 222 221)
4(201 212 234 223)
4(222 223 234 233)
4(211 233 234 212)
4(200 201 223 222)
4(202 213 235 224)
4(223 224 235 234)
4(212 234 235 213)
4(201 202 224 223)
4(203 214 236 225)
4(224 225 236 235)
4(213 235 236 214)
4(202 203 225 224)
4(204 215 237 226)
4(225 226 237 236)
4(214 236 237 215)
4(203 204 226 225)
4(205 216 238 227)
4(226 227 238 237)
4(215 237 238 216)
4(204 205 227 226)
4(206 217 239 228)
4(227 228 239 238)
4(216 238 239 217)
4(205 206 228 227)
4(207 218 240 229)
4(228 229 240 239)
4(217 239 240 218)
4(206 207 229 228)
4(229 230 241 240)
4(218 240 241 219)
4(207 208 230 229)
4(221 232 254 243)
4(242 243 254 253)
4(231 253 254 232)
4(220 221 243 242)
4(222 233 255 244)
4(243 244 255 254)
4(232 254 255 233)
4(221 222 244 243)
4(223 234 256 245)
4(244 245 256 255)
4(233 255 256 234)
4(222 223 245 244)
4(224 235 257 246)
4(245 246 257 256)
4(234 256 257 235)
4(223 224 246 245)
4(225 236 258 247)
4(246 247 258 257)
4(235 257 258 236)
4(224 225 247 246)
4(226 237 259 248)
4(247 248 259 258)
4(236 258 259 237)
4(225 226 248 247)
4(227 238 260 249)
4(248 249 260 259)
4(237 259 260 238)
4(226 227 249 248)
4(228 239 261 250)
4(249 250 261 260)
4(238 260 261 239)
4(227 228 250 249)
4(229 240 262 251)
4(250 251 262 261)
4(239 261 262 240)
4(228 229 251 250)
4(251 252 263 262)
4(240 262 263 241)
4(229 230 252 251)
4(243 254 276 265)
4(264 265 276 275)
4(253 275 276 254)
4(242 243 265 264)
4(244 255 277 266)
4(265 266 277 276)
4(254 276 277 255)
4(243 244 266 265)
4(245 256 278 267)
4(266 267 278 277)
4(255 277 278 256)
4(244 245 267 266)
4(246 257 279 268)
4(267 268 279 278)
4(256 278 279 257)
4(245 246 268 267)
4(247 258 280 269)
4(268 269 280 279)
4(257 279 280 258)
4(246 247 269 268)
4(248 259 281 270)
4(269 270 281 280)
4(258 280 281 259)
4(247 248 270 269)
4(249 260 282 271)
4(270 271 282 281)
4(259 281 282 260)
4(248 249 271 270)
4(250 261 283 272)
4(271 272 283 282)
4(260 282 283 261)
4(249 250 272 271)
4(251 262 284 273)
4(272 273 284 283)
4(261 283 284 262)
4(250 251 273 272)
4(273 274 285 284)
4(262 284 285 263)
4(251 252 274 273)
4(265 276 298 287)
4(286 287 298 297)
4(275 297 298 276)
4(264 265 287 286)
4(266 277 299 288)
4(287 288 299 298)
4(276 298 299 277)
4(265 266 288 287)
4(267 278 300 289)
4(288 289 300 299)
4(277 299 300 278)
4(266 267 289 288)
4(268 279 301 290)
4(289 290 301 300)
4(278 300 301 279)
4(267 268 290 289)
4(269 280 302 291)
4(290 291 302 301)
4(279 301 302 280)
4(268 269 291 290)
4(270 281 303 292)
4(291 292 303 302)
4(280 302 303 281)
4(269 270 292 291)
4(271 282 304 293)
4(292 293 304 303)
4(281 303 304 282)
4(270 271 293 292)
4(272 283 305 294)
4(293 294 305 304)
4(282 304 305 283)
4(271 272 294 293)
4(273 284 306 295)
4(294 295 306 305)
4(283 305 306 284)
4(272 273 295 294)
4(295 296 307 306)
4(284 306 307 285)
4(273 274 296 295)
4(287 298 320 309)
4(308 309 320 319)
4(297 319 320 298)
4(286 287 309 308)
4(288 299 321 310)
4(309 310 321 320)
4(298 320 321 299)
4(287 288 310 309)
4(289 300 322 311)
4(310 311 322 321)
4(299 321 322 300)
4(288 289 311 310)
4(290 301 323 312)
4(311 312 323 322)
4(300 322 323 301)
4(289 290 312 311)
4(291 302 324 313)
4(312 313 324 323)
4(301 323 324 302)
4(290 291 313 312)
4(292 303 325 314)
4(313 314 325 324)
4(302 324 325 303)
4(291 292 314 313)
4(293 304 326 315)
4(314 315 326 325)
4(303 325 326 304)
4(292 293 315 314)
4(294 305 327 316)
4(315 316 327 326)
4(304 326 327 305)
4(293 294 316 315)
4(295 306 328 317)
4(316 317 328 327)
4(305 327 328 306)
4(294 295 317 316)
4(317 318 329 328)
4(306 328 329 307)
4(295 296 318 317)
4(309 320 342 331)
4(319 341 342 320)
4(308 309 331 330)
4(310 321 343 332)
4(320 342 343 321)
4(309 310 332 331)
4(311 322 344 333)
4(321 343 344 322)
4(310 311 333 332)
4(312 323 345 334)
4(322 344 345 323)
4(311 312 334 333)
4(313 324 346 335)
4(323 345 346 324)
4(312 313 335 334)
4(314 325 347 336)
4(324 346 347 325)
4(313 314 336 335)
4(315 326 348 337)
4(325 347 348 326)
4(314 315 337 336)
4(316 327 349 338)
4(326 348 349 327)
4(315 316 338 337)
4(317 328 350 339)
4(327 349 350 328)
4(316 317 339 338)
4(328 350 351 329)
4(317 318 340 339)
4(544 554 574 564)
4(514 564 574 515)
4(513 515 574 554)
4(512 544 564 514)
4(545 555 575 565)
4(564 565 575 574)
4(554 574 575 555)
4(544 545 565 564)
4(546 556 576 566)
4(565 566 576 575)
4(555 575 576 556)
4(545 546 566 565)
4(547 557 577 567)
4(566 567 577 576)
4(556 576 577 557)
4(546 547 567 566)
4(548 558 578 568)
4(567 568 578 577)
4(557 577 578 558)
4(547 548 568 567)
4(549 559 579 569)
4(568 569 579 578)
4(558 578 579 559)
4(548 549 569 568)
4(550 560 580 570)
4(569 570 580 579)
4(559 579 580 560)
4(549 550 570 569)
4(551 561 581 571)
4(570 571 581 580)
4(560 580 581 561)
4(550 551 571 570)
4(552 562 582 572)
4(571 572 582 581)
4(561 581 582 562)
4(551 552 572 571)
4(572 573 583 582)
4(562 582 583 563)
4(552 553 573 572)
4(564 574 594 584)
4(516 584 594 517)
4(515 517 594 574)
4(514 564 584 516)
4(565 575 595 585)
4(584 585 595 594)
4(574 594 595 575)
4(564 565 585 584)
4(566 576 596 586)
4(585 586 596 595)
4(575 595 596 576)
4(565 566 586 585)
4(567 577 597 587)
4(586 587 597 596)
4(576 596 597 577)
4(566 567 587 586)
4(568 578 598 588)
4(587 588 598 597)
4(577 597 598 578)
4(567 568 588 587)
4(569 579 599 589)
4(588 589 599 598)
4(578 598 599 579)
4(568 569 589 588)
4(570 580 600 590)
4(589 590 600 599)
4(579 599 600 580)
4(569 570 590 589)
4(571 581 601 591)
4(590 591 601 600)
4(580 600 601 581)
4(570 571 591 590)
4(572 582 602 592)
4(591 592 602 601)
4(581 601 602 582)
4(571 572 592 591)
4(592 593 603 602)
4(582 602 603 583)
4(572 573 593 592)
4(584 594 614 604)
4(518 604 614 519)
4(517 519 614 594)
4(516 584 604 518)
4(585 595 615 605)
4(604 605 615 614)
4(594 614 615 595)
4(584 585 605 604)
4(586 596 616 606)
4(605 606 616 615)
4(595 615 616 596)
4(585 586 606 605)
4(587 597 617 607)
4(606 607 617 616)
4(596 616 617 597)
4(586 587 607 606)
4(588 598 618 608)
4(607 608 618 617)
4(597 617 618 598)
4(587 588 608 607)
4(589 599 619 609)
4(608 609 619 618)
4(598 618 619 599)
4(588 589 609 608)
4(590 600 620 610)
4(609 610 620 619)
4(599 619 620 600)
4(589 590 610 609)
4(591 601 621 611)
4(610 611 621 620)
4(600 620 621 601)
4(590 591 611 610)
4(592 602 622 612)
4(611 612 622 621)
4(601 621 622 602)
4(591 592 612 611)
4(612 613 623 622)
4(602 622 623 603)
4(592 593 613 612)
4(604 614 634 624)
4(520 624 634 521)
4(519 521 634 614)
4(518 604 624 520)
4(605 615 635 625)
4(624 625 635 634)
4(614 634 635 615)
4(604 605 625 624)
4(606 616 636 626)
4(625 626 636 635)
4(615 635 636 616)
4(605 606 626 625)
4(607 617 637 627)
4(626 627 637 636)
4(616 636 637 617)
4(606 607 627 626)
4(608 618 638 628)
4(627 628 638 637)
4(617 637 638 618)
4(607 608 628 627)
4(609 619 639 629)
4(628 629 639 638)
4(618 638 639 619)
4(608 609 629 628)
4(610 620 640 630)
4(629 630 640 639)
4(619 639 640 620)
4(609 610 630 629)
4(611 621 641 631)
4(630 631 641 640)
4(620 640 641 621)
4(610 611 631 630)
4(612 622 642 632)
4(631 632 642 641)
4(621 641 642 622)
4(611 612 632 631)
4(632 633 643 642)
4(622 642 643 623)
4(612 613 633 632)
4(624 634 654 644)
4(522 644 654 523)
4(521 523 654 634)
4(520 624 644 522)
4(625 635 655 645)
4(644 645 655 654)
4(634 654 655 635)
4(624 625 645 644)
4(626 636 656 646)
4(645 646 656 655)
4(635 655 656 636)
4(625 626 646 645)
4(627 637 657 647)
4(646 647 657 656)
4(636 656 657 637)
4(626 627 647 646)
4(628 638 658 648)
4(647 648 658 657)
4(637 657 658 638)
4(627 628 648 647)
4(629 639 659 649)
4(648 649 659 658)
4(638 658 659 639)
4(628 629 649 648)
4(630 640 660 650)
4(649 650 660 659)
4(639 659 660 640)
4(629 630 650 649)
4(631 641 661 651)
4(650 651 661 660)
4(640 660 661 641)
4(630 631 651 650)
4(632 642 662 652)
4(651 652 662 661)
4(641 661 662 642)
4(631 632 652 651)
4(652 653 663 662)
4(642 662 663 643)
4(632 633 653 652)
4(644 654 674 664)
4(524 664 674 525)
4(523 525 674 654)
4(522 644 664 524)
4(645 655 675 665)
4(664 665 675 674)
4(654 674 675 655)
4(644 645 665 664)
4(646 656 676 666)
4(665 666 676 675)
4(655 675 676 656)
4(645 646 666 665)
4(647 657 677 667)
4(666 667 677 676)
4(656 676 677 657)
4(646 647 667 666)
4(648 658 678 668)
4(667 668 678 677)
4(657 677 678 658)
4(647 648 668 667)
4(649 659 679 669)
4(668 669 679 678)
4(658 678 679 659)
4(648 649 669 668)
4(650 660 680 670)
4(669 670 680 679)
4(659 679 680 660)
4(649 650 670 669)
4(651 661 681 671)
4(670 671 681 680)
4(660 680 681 661)
4(650 651 671 670)
4(652 662 682 672)
4(671 672 682 681)
4(661 681 682 662)
4(651 652 672 671)
4(672 673 683 682)
4(662 682 683 663)
4(652 653 673 672)
4(664 674 694 684)
4(526 684 694 527)
4(525 527 694 674)
4(524 664 684 526)
4(665 675 695 685)
4(684 685 695 694)
4(674 694 695 675)
4(664 665 685 684)
4(666 676 696 686)
4(685 686 696 695)
4(675 695 696 676)
4(665 666 686 685)
4(667 677 697 687)
4(686 687 697 696)
4(676 696 697 677)
4(666 667 687 686)
4(668 678 698 688)
4(687 688 698 697)
4(677 697 698 678)
4(667 668 688 687)
4(669 679 699 689)
4(688 689 699 698)
4(678 698 699 679)
4(668 669 689 688)
4(670 680 700 690)
4(689 690 700 699)
4(679 699 700 680)
4(669 670 690 689)
4(671 681 701 691)
4(690 691 701 700)
4(680 700 701 681)
4(670 671 691 690)
4(672 682 702 692)
4(691 692 702 701)
4(681 701 702 682)
4(671 672 692 691)
4(692 693 703 702)
4(682 702 703 683)
4(672 673 693 692)
4(684 694 714 704)
4(528 704 714 529)
4(527 529 714 694)
4(526 684 704 528)
4(685 695 715 705)
4(704 705 715 714)
4(694 714 715 695)
4(684 685 705 704)
4(686 696 716 706)
4(705 706 716 715)
4(695 715 716 696)
4(685 686 706 705)
4(687 697 717 707)
4(706 707 717 716)
4(696 716 717 697)
4(686 687 707 706)
4(688 698 718 708)
4(707 708 718 717)
4(697 717 718 698)
4(687 688 708 707)
4(689 699 719 709)
4(708 709 719 718)
4(698 718 719 699)
4(688 689 709 708)
4(690 700 720 710)
4(709 710 720 719)
4(699 719 720 700)
4(689 690 710 709)
4(691 701 721 711)
4(710 711 721 720)
4(700 720 721 701)
4(690 691 711 710)
4(692 702 722 712)
4(711 712 722 721)
4(701 721 722 702)
4(691 692 712 711)
4(712 713 723 722)
4(702 722 723 703)
4(692 693 713 712)
4(704 714 734 724)
4(530 724 734 531)
4(529 531 734 714)
4(528 704 724 530)
4(705 715 735 725)
4(724 725 735 734)
4(714 734 735 715)
4(704 705 725 724)
4(706 716 736 726)
4(725 726 736 735)
4(715 735 736 716)
4(705 706 726 725)
4(707 717 737 727)
4(726 727 737 736)
4(716 736 737 717)
4(706 707 727 726)
4(708 718 738 728)
4(727 728 738 737)
4(717 737 738 718)
4(707 708 728 727)
4(709 719 739 729)
4(728 729 739 738)
4(718 738 739 719)
4(708 709 729 728)
4(710 720 740 730)
4(729 730 740 739)
4(719 739 740 720)
4(709 710 730 729)
4(711 721 741 731)
4(730 731 741 740)
4(720 740 741 721)
4(710 711 731 730)
4(712 722 742 732)
4(731 732 742 741)
4(721 741 742 722)
4(711 712 732 731)
4(732 733 743 742)
4(722 742 743 723)
4(712 713 733 732)
4(724 734 754 744)
4(532 744 754 533)
4(531 533 754 734)
4(530 724 744 532)
4(725 735 755 745)
4(744 745 755 754)
4(734 754 755 735)
4(724 725 745 744)
4(726 736 756 746)
4(745 746 756 755)
4(735 755 756 736)
4(725 726 746 745)
4(727 737 757 747)
4(746 747 757 756)
4(736 756 757 737)
4(726 727 747 746)
4(728 738 758 748)
4(747 748 758 757)
4(737 757 758 738)
4(727 728 748 747)
4(729 739 759 749)
4(748 749 759 758)
4(738 758 759 739)
4(728 729 749 748)
4(730 740 760 750)
4(749 750 760 759)
4(739 759 760 740)
4(729 730 750 749)
4(731 741 761 751)
4(750 751 761 760)
4(740 760 761 741)
4(730 731 751 750)
4(732 742 762 752)
4(751 752 762 761)
4(741 761 762 742)
4(731 732 752 751)
4(752 753 763 762)
4(742 762 763 743)
4(732 733 753 752)
4(744 754 774 764)
4(534 764 774 535)
4(533 535 774 754)
4(532 744 764 534)
4(745 755 775 765)
4(764 765 775 774)
4(754 774 775 755)
4(744 745 765 764)
4(746 756 776 766)
4(765 766 776 775)
4(755 775 776 756)
4(745 746 766 765)
4(747 757 777 767)
4(766 767 777 776)
4(756 776 777 757)
4(746 747 767 766)
4(748 758 778 768)
4(767 768 778 777)
4(757 777 778 758)
4(747 748 768 767)
4(749 759 779 769)
4(768 769 779 778)
4(758 778 779 759)
4(748 749 769 768)
4(750 760 780 770)
4(769 770 780 779)
4(759 779 780 760)
4(749 750 770 769)
4(751 761 781 771)
4(770 771 781 780)
4(760 780 781 761)
4(750 751 771 770)
4(752 762 782 772)
4(771 772 782 781)
4(761 781 782 762)
4(751 752 772 771)
4(772 773 783 782)
4(762 782 783 763)
4(752 753 773 772)
4(764 774 794 784)
4(536 784 794 537)
4(535 537 794 774)
4(534 764 784 536)
4(765 775 795 785)
4(784 785 795 794)
4(774 794 795 775)
4(764 765 785 784)
4(766 776 796 786)
4(785 786 796 795)
4(775 795 796 776)
4(765 766 786 785)
4(767 777 797 787)
4(786 787 797 796)
4(776 796 797 777)
4(766 767 787 786)
4(768 778 798 788)
4(787 788 798 797)
4(777 797 798 778)
4(767 768 788 787)
4(769 779 799 789)
4(788 789 799 798)
4(778 798 799 779)
4(768 769 789 788)
4(770 780 800 790)
4(789 790 800 799)
4(779 799 800 780)
4(769 770 790 789)
4(771 781 801 791)
4(790 791 801 800)
4(780 800 801 781)
4(770 771 791 790)
4(772 782 802 792)
4(791 792 802 801)
4(781 801 802 782)
4(771 772 792 791)
4(792 793 803 802)
4(782 802 803 783)
4(772 773 793 792)
4(784 794 814 804)
4(538 804 814 539)
4(537 539 814 794)
4(536 784 804 538)
4(785 795 815 805)
4(804 805 815 814)
4(794 814 815 795)
4(784 785 805 804)
4(786 796 816 806)
4(805 806 816 815)
4(795 815 816 796)
4(785 786 806 805)
4(787 797 817 807)
4(806 807 817 816)
4(796 816 817 797)
4(786 787 807 806)
4(788 798 818 808)
4(807 808 818 817)
4(797 817 818 798)
4(787 788 808 807)
4(789 799 819 809)
4(808 809 819 818)
4(798 818 819 799)
4(788 789 809 808)
4(790 800 820 810)
4(809 810 820 819)
4(799 819 820 800)
4(789 790 810 809)
4(791 801 821 811)
4(810 811 821 820)
4(800 820 821 801)
4(790 791 811 810)
4(792 802 822 812)
4(811 812 822 821)
4(801 821 822 802)
4(791 792 812 811)
4(812 813 823 822)
4(802 822 823 803)
4(792 793 813 812)
4(804 814 834 824)
4(540 824 834 541)
4(539 541 834 814)
4(538 804 824 540)
4(805 815 835 825)
4(824 825 835 834)
4(814 834 835 815)
4(804 805 825 824)
4(806 816 836 826)
4(825 826 836 835)
4(815 835 836 816)
4(805 806 826 825)
4(807 817 837 827)
4(826 827 837 836)
4(816 836 837 817)
4(806 807 827 826)
4(808 818 838 828)
4(827 828 838 837)
4(817 837 838 818)
4(807 808 828 827)
4(809 819 839 829)
4(828 829 839 838)
4(818 838 839 819)
4(808 809 829 828)
4(810 820 840 830)
4(829 830 840 839)
4(819 839 840 820)
4(809 810 830 829)
4(811 821 841 831)
4(830 831 841 840)
4(820 840 841 821)
4(810 811 831 830)
4(812 822 842 832)
4(831 832 842 841)
4(821 841 842 822)
4(811 812 832 831)
4(832 833 843 842)
4(822 842 843 823)
4(812 813 833 832)
4(824 834 854 844)
4(541 543 854 834)
4(540 824 844 542)
4(825 835 855 845)
4(834 854 855 835)
4(824 825 845 844)
4(826 836 856 846)
4(835 855 856 836)
4(825 826 846 845)
4(827 837 857 847)
4(836 856 857 837)
4(826 827 847 846)
4(828 838 858 848)
4(837 857 858 838)
4(827 828 848 847)
4(829 839 859 849)
4(838 858 859 839)
4(828 829 849 848)
4(830 840 860 850)
4(839 859 860 840)
4(829 830 850 849)
4(831 841 861 851)
4(840 860 861 841)
4(830 831 851 850)
4(832 842 862 852)
4(841 861 862 842)
4(831 832 852 851)
4(842 862 863 843)
4(832 833 853 852)
4(12 865 942 34)
4(864 941 942 865)
4(33 34 942 941)
4(13 866 943 35)
4(865 942 943 866)
4(34 35 943 942)
4(14 867 944 36)
4(866 943 944 867)
4(35 36 944 943)
4(15 868 945 37)
4(867 944 945 868)
4(36 37 945 944)
4(16 869 946 38)
4(868 945 946 869)
4(37 38 946 945)
4(17 870 947 39)
4(869 946 947 870)
4(38 39 947 946)
4(18 871 948 40)
4(870 947 948 871)
4(39 40 948 947)
4(19 872 949 41)
4(871 948 949 872)
4(40 41 949 948)
4(20 873 950 42)
4(872 949 950 873)
4(41 42 950 949)
4(873 950 951 874)
4(42 43 951 950)
4(865 876 953 942)
4(875 952 953 876)
4(941 942 953 952)
4(866 877 954 943)
4(876 953 954 877)
4(942 943 954 953)
4(867 878 955 944)
4(877 954 955 878)
4(943 944 955 954)
4(868 879 956 945)
4(878 955 956 879)
4(944 945 956 955)
4(869 880 957 946)
4(879 956 957 880)
4(945 946 957 956)
4(870 881 958 947)
4(880 957 958 881)
4(946 947 958 957)
4(871 882 959 948)
4(881 958 959 882)
4(947 948 959 958)
4(872 883 960 949)
4(882 959 960 883)
4(948 949 960 959)
4(873 884 961 950)
4(883 960 961 884)
4(949 950 961 960)
4(884 961 962 885)
4(950 951 962 961)
4(876 887 964 953)
4(886 963 964 887)
4(952 953 964 963)
4(877 888 965 954)
4(887 964 965 888)
4(953 954 965 964)
4(878 889 966 955)
4(888 965 966 889)
4(954 955 966 965)
4(879 890 967 956)
4(889 966 967 890)
4(955 956 967 966)
4(880 891 968 957)
4(890 967 968 891)
4(956 957 968 967)
4(881 892 969 958)
4(891 968 969 892)
4(957 958 969 968)
4(882 893 970 959)
4(892 969 970 893)
4(958 959 970 969)
4(883 894 971 960)
4(893 970 971 894)
4(959 960 971 970)
4(884 895 972 961)
4(894 971 972 895)
4(960 961 972 971)
4(895 972 973 896)
4(961 962 973 972)
4(887 898 975 964)
4(897 974 975 898)
4(963 964 975 974)
4(888 899 976 965)
4(898 975 976 899)
4(964 965 976 975)
4(889 900 977 966)
4(899 976 977 900)
4(965 966 977 976)
4(890 901 978 967)
4(900 977 978 901)
4(966 967 978 977)
4(891 902 979 968)
4(901 978 979 902)
4(967 968 979 978)
4(892 903 980 969)
4(902 979 980 903)
4(968 969 980 979)
4(893 904 981 970)
4(903 980 981 904)
4(969 970 981 980)
4(894 905 982 971)
4(904 981 982 905)
4(970 971 982 981)
4(895 906 983 972)
4(905 982 983 906)
4(971 972 983 982)
4(906 983 984 907)
4(972 973 984 983)
4(898 909 986 975)
4(908 985 986 909)
4(974 975 986 985)
4(899 910 987 976)
4(909 986 987 910)
4(975 976 987 986)
4(900 911 988 977)
4(910 987 988 911)
4(976 977 988 987)
4(901 912 989 978)
4(911 988 989 912)
4(977 978 989 988)
4(902 913 990 979)
4(912 989 990 913)
4(978 979 990 989)
4(903 914 991 980)
4(913 990 991 914)
4(979 980 991 990)
4(904 915 992 981)
4(914 991 992 915)
4(980 981 992 991)
4(905 916 993 982)
4(915 992 993 916)
4(981 982 993 992)
4(906 917 994 983)
4(916 993 994 917)
4(982 983 994 993)
4(917 994 995 918)
4(983 984 995 994)
4(909 920 997 986)
4(919 996 997 920)
4(985 986 997 996)
4(910 921 998 987)
4(920 997 998 921)
4(986 987 998 997)
4(911 922 999 988)
4(921 998 999 922)
4(987 988 999 998)
4(912 923 1000 989)
4(922 999 1000 923)
4(988 989 1000 999)
4(913 924 1001 990)
4(923 1000 1001 924)
4(989 990 1001 1000)
4(914 925 1002 991)
4(924 1001 1002 925)
4(990 991 1002 1001)
4(915 926 1003 992)
4(925 1002 1003 926)
4(991 992 1003 1002)
4(916 927 1004 993)
4(926 1003 1004 927)
4(992 993 1004 1003)
4(917 928 1005 994)
4(927 1004 1005 928)
4(993 994 1005 1004)
4(928 1005 1006 929)
4(994 995 1006 1005)
4(920 931 1008 997)
4(996 997 1008 1007)
4(930 1007 1008 931)
4(921 932 1009 998)
4(997 998 1009 1008)
4(931 1008 1009 932)
4(922 933 1010 999)
4(998 999 1010 1009)
4(932 1009 1010 933)
4(923 934 1011 1000)
4(999 1000 1011 1010)
4(933 1010 1011 934)
4(924 935 1012 1001)
4(1000 1001 1012 1011)
4(934 1011 1012 935)
4(925 936 1013 1002)
4(1001 1002 1013 1012)
4(935 1012 1013 936)
4(926 937 1014 1003)
4(1002 1003 1014 1013)
4(936 1013 1014 937)
4(927 938 1015 1004)
4(1003 1004 1015 1014)
4(937 1014 1015 938)
4(928 939 1016 1005)
4(1004 1005 1016 1015)
4(938 1015 1016 939)
4(1005 1006 1017 1016)
4(939 1016 1017 940)
4(34 942 1019 56)
4(941 1018 1019 942)
4(55 56 1019 1018)
4(35 943 1020 57)
4(942 1019 1020 943)
4(56 57 1020 1019)
4(36 944 1021 58)
4(943 1020 1021 944)
4(57 58 1021 1020)
4(37 945 1022 59)
4(944 1021 1022 945)
4(58 59 1022 1021)
4(38 946 1023 60)
4(945 1022 1023 946)
4(59 60 1023 1022)
4(39 947 1024 61)
4(946 1023 1024 947)
4(60 61 1024 1023)
4(40 948 1025 62)
4(947 1024 1025 948)
4(61 62 1025 1024)
4(41 949 1026 63)
4(948 1025 1026 949)
4(62 63 1026 1025)
4(42 950 1027 64)
4(949 1026 1027 950)
4(63 64 1027 1026)
4(950 1027 1028 951)
4(64 65 1028 1027)
4(942 953 1030 1019)
4(952 1029 1030 953)
4(1018 1019 1030 1029)
4(943 954 1031 1020)
4(953 1030 1031 954)
4(1019 1020 1031 1030)
4(944 955 1032 1021)
4(954 1031 1032 955)
4(1020 1021 1032 1031)
4(945 956 1033 1022)
4(955 1032 1033 956)
4(1021 1022 1033 1032)
4(946 957 1034 1023)
4(956 1033 1034 957)
4(1022 1023 1034 1033)
4(947 958 1035 1024)
4(957 1034 1035 958)
4(1023 1024 1035 1034)
4(948 959 1036 1025)
4(958 1035 1036 959)
4(1024 1025 1036 1035)
4(949 960 1037 1026)
4(959 1036 1037 960)
4(1025 1026 1037 1036)
4(950 961 1038 1027)
4(960 1037 1038 961)
4(1026 1027 1038 1037)
4(961 1038 1039 962)
4(1027 1028 1039 1038)
4(953 964 1041 1030)
4(963 1040 1041 964)
4(1029 1030 1041 1040)
4(954 965 1042 1031)
4(964 1041 1042 965)
4(1030 1031 1042 1041)
4(955 966 1043 1032)
4(965 1042 1043 966)
4(1031 1032 1043 1042)
4(956 967 1044 1033)
4(966 1043 1044 967)
4(1032 1033 1044 1043)
4(957 968 1045 1034)
4(967 1044 1045 968)
4(1033 1034 1045 1044)
4(958 969 1046 1035)
4(968 1045 1046 969)
4(1034 1035 1046 1045)
4(959 970 1047 1036)
4(969 1046 1047 970)
4(1035 1036 1047 1046)
4(960 971 1048 1037)
4(970 1047 1048 971)
4(1036 1037 1048 1047)
4(961 972 1049 1038)
4(971 1048 1049 972)
4(1037 1038 1049 1048)
4(972 1049 1050 973)
4(1038 1039 1050 1049)
4(964 975 1052 1041)
4(974 1051 1052 975)
4(1040 1041 1052 1051)
4(965 976 1053 1042)
4(975 1052 1053 976)
4(1041 1042 1053 1052)
4(966 977 1054 1043)
4(976 1053 1054 977)
4(1042 1043 1054 1053)
4(967 978 1055 1044)
4(977 1054 1055 978)
4(1043 1044 1055 1054)
4(968 979 1056 1045)
4(978 1055 1056 979)
4(1044 1045 1056 1055)
4(969 980 1057 1046)
4(979 1056 1057 980)
4(1045 1046 1057 1056)
4(970 981 1058 1047)
4(980 1057 1058 981)
4(1046 1047 1058 1057)
4(971 982 1059 1048)
4(981 1058 1059 982)
4(1047 1048 1059 1058)
4(972 983 1060 1049)
4(982 1059 1060 983)
4(1048 1049 1060 1059)
4(983 1060 1061 984)
4(1049 1050 1061 1060)
4(975 986 1063 1052)
4(985 1062 1063 986)
4(1051 1052 1063 1062)
4(976 987 1064 1053)
4(986 1063 1064 987)
4(1052 1053 1064 1063)
4(977 988 1065 1054)
4(987 1064 1065 988)
4(1053 1054 1065 1064)
4(978 989 1066 1055)
4(988 1065 1066 989)
4(1054 1055 1066 1065)
4(979 990 1067 1056)
4(989 1066 1067 990)
4(1055 1056 1067 1066)
4(980 991 1068 1057)
4(990 1067 1068 991)
4(1056 1057 1068 1067)
4(981 992 1069 1058)
4(991 1068 1069 992)
4(1057 1058 1069 1068)
4(982 993 1070 1059)
4(992 1069 1070 993)
4(1058 1059 1070 1069)
4(983 994 1071 1060)
4(993 1070 1071 994)
4(1059 1060 1071 1070)
4(994 1071 1072 995)
4(1060 1061 1072 1071)
4(986 997 1074 1063)
4(996 1073 1074 997)
4(1062 1063 1074 1073)
4(987 998 1075 1064)
4(997 1074 1075 998)
4(1063 1064 1075 1074)
4(988 999 1076 1065)
4(998 1075 1076 999)
4(1064 1065 1076 1075)
4(989 1000 1077 1066)
4(999 1076 1077 1000)
4(1065 1066 1077 1076)
4(990 1001 1078 1067)
4(1000 1077 1078 1001)
4(1066 1067 1078 1077)
4(991 1002 1079 1068)
4(1001 1078 1079 1002)
4(1067 1068 1079 1078)
4(992 1003 1080 1069)
4(1002 1079 1080 1003)
4(1068 1069 1080 1079)
4(993 1004 1081 1070)
4(1003 1080 1081 1004)
4(1069 1070 1081 1080)
4(994 1005 1082 1071)
4(1004 1081 1082 1005)
4(1070 1071 1082 1081)
4(1005 1082 1083 1006)
4(1071 1072 1083 1082)
4(997 1008 1085 1074)
4(1073 1074 1085 1084)
4(1007 1084 1085 1008)
4(998 1009 1086 1075)
4(1074 1075 1086 1085)
4(1008 1085 1086 1009)
4(999 1010 1087 1076)
4(1075 1076 1087 1086)
4(1009 1086 1087 1010)
4(1000 1011 1088 1077)
4(1076 1077 1088 1087)
4(1010 1087 1088 1011)
4(1001 1012 1089 1078)
4(1077 1078 1089 1088)
4(1011 1088 1089 1012)
4(1002 1013 1090 1079)
4(1078 1079 1090 1089)
4(1012 1089 1090 1013)
4(1003 1014 1091 1080)
4(1079 1080 1091 1090)
4(1013 1090 1091 1014)
4(1004 1015 1092 1081)
4(1080 1081 1092 1091)
4(1014 1091 1092 1015)
4(1005 1016 1093 1082)
4(1081 1082 1093 1092)
4(1015 1092 1093 1016)
4(1082 1083 1094 1093)
4(1016 1093 1094 1017)
4(56 1019 1096 78)
4(1018 1095 1096 1019)
4(77 78 1096 1095)
4(57 1020 1097 79)
4(1019 1096 1097 1020)
4(78 79 1097 1096)
4(58 1021 1098 80)
4(1020 1097 1098 1021)
4(79 80 1098 1097)
4(59 1022 1099 81)
4(1021 1098 1099 1022)
4(80 81 1099 1098)
4(60 1023 1100 82)
4(1022 1099 1100 1023)
4(81 82 1100 1099)
4(61 1024 1101 83)
4(1023 1100 1101 1024)
4(82 83 1101 1100)
4(62 1025 1102 84)
4(1024 1101 1102 1025)
4(83 84 1102 1101)
4(63 1026 1103 85)
4(1025 1102 1103 1026)
4(84 85 1103 1102)
4(64 1027 1104 86)
4(1026 1103 1104 1027)
4(85 86 1104 1103)
4(1027 1104 1105 1028)
4(86 87 1105 1104)
4(1019 1030 1107 1096)
4(1029 1106 1107 1030)
4(1095 1096 1107 1106)
4(1020 1031 1108 1097)
4(1030 1107 1108 1031)
4(1096 1097 1108 1107)
4(1021 1032 1109 1098)
4(1031 1108 1109 1032)
4(1097 1098 1109 1108)
4(1022 1033 1110 1099)
4(1032 1109 1110 1033)
4(1098 1099 1110 1109)
4(1023 1034 1111 1100)
4(1033 1110 1111 1034)
4(1099 1100 1111 1110)
4(1024 1035 1112 1101)
4(1034 1111 1112 1035)
4(1100 1101 1112 1111)
4(1025 1036 1113 1102)
4(1035 1112 1113 1036)
4(1101 1102 1113 1112)
4(1026 1037 1114 1103)
4(1036 1113 1114 1037)
4(1102 1103 1114 1113)
4(1027 1038 1115 1104)
4(1037 1114 1115 1038)
4(1103 1104 1115 1114)
4(1038 1115 1116 1039)
4(1104 1105 1116 1115)
4(1030 1041 1118 1107)
4(1040 1117 1118 1041)
4(1106 1107 1118 1117)
4(1031 1042 1119 1108)
4(1041 1118 1119 1042)
4(1107 1108 1119 1118)
4(1032 1043 1120 1109)
4(1042 1119 1120 1043)
4(1108 1109 1120 1119)
4(1033 1044 1121 1110)
4(1043 1120 1121 1044)
4(1109 1110 1121 1120)
4(1034 1045 1122 1111)
4(1044 1121 1122 1045)
4(1110 1111 1122 1121)
4(1035 1046 1123 1112)
4(1045 1122 1123 1046)
4(1111 1112 1123 1122)
4(1036 1047 1124 1113)
4(1046 1123 1124 1047)
4(1112 1113 1124 1123)
4(1037 1048 1125 1114)
4(1047 1124 1125 1048)
4(1113 1114 1125 1124)
4(1038 1049 1126 1115)
4(1048 1125 1126 1049)
4(1114 1115 1126 1125)
4(1049 1126 1127 1050)
4(1115 1116 1127 1126)
4(1041 1052 1129 1118)
4(1051 1128 1129 1052)
4(1117 1118 1129 1128)
4(1042 1053 1130 1119)
4(1052 1129 1130 1053)
4(1118 1119 1130 1129)
4(1043 1054 1131 1120)
4(1053 1130 1131 1054)
4(1119 1120 1131 1130)
4(1044 1055 1132 1121)
4(1054 1131 1132 1055)
4(1120 1121 1132 1131)
4(1045 1056 1133 1122)
4(1055 1132 1133 1056)
4(1121 1122 1133 1132)
4(1046 1057 1134 1123)
4(1056 1133 1134 1057)
4(1122 1123 1134 1133)
4(1047 1058 1135 1124)
4(1057 1134 1135 1058)
4(1123 1124 1135 1134)
4(1048 1059 1136 1125)
4(1058 1135 1136 1059)
4(1124 1125 1136 1135)
4(1049 1060 1137 1126)
4(1059 1136 1137 1060)
4(1125 1126 1137 1136)
4(1060 1137 1138 1061)
4(1126 1127 1138 1137)
4(1052 1063 1140 1129)
4(1062 1139 1140 1063)
4(1128 1129 1140 1139)
4(1053 1064 1141 1130)
4(1063 1140 1141 1064)
4(1129 1130 1141 1140)
4(1054 1065 1142 1131)
4(1064 1141 1142 1065)
4(1130 1131 1142 1141)
4(1055 1066 1143 1132)
4(1065 1142 1143 1066)
4(1131 1132 1143 1142)
4(1056 1067 1144 1133)
4(1066 1143 1144 1067)
4(1132 1133 1144 1143)
4(1057 1068 1145 1134)
4(1067 1144 1145 1068)
4(1133 1134 1145 1144)
4(1058 1069 1146 1135)
4(1068 1145 1146 1069)
4(1134 1135 1146 1145)
4(1059 1070 1147 1136)
4(1069 1146 1147 1070)
4(1135 1136 1147 1146)
4(1060 1071 1148 1137)
4(1070 1147 1148 1071)
4(1136 1137 1148 1147)
4(1071 1148 1149 1072)
4(1137 1138 1149 1148)
4(1063 1074 1151 1140)
4(1073 1150 1151 1074)
4(1139 1140 1151 1150)
4(1064 1075 1152 1141)
4(1074 1151 1152 1075)
4(1140 1141 1152 1151)
4(1065 1076 1153 1142)
4(1075 1152 1153 1076)
4(1141 1142 1153 1152)
4(1066 1077 1154 1143)
4(1076 1153 1154 1077)
4(1142 1143 1154 1153)
4(1067 1078 1155 1144)
4(1077 1154 1155 1078)
4(1143 1144 1155 1154)
4(1068 1079 1156 1145)
4(1078 1155 1156 1079)
4(1144 1145 1156 1155)
4(1069 1080 1157 1146)
4(1079 1156 1157 1080)
4(1145 1146 1157 1156)
4(1070 1081 1158 1147)
4(1080 1157 1158 1081)
4(1146 1147 1158 1157)
4(1071 1082 1159 1148)
4(1081 1158 1159 1082)
4(1147 1148 1159 1158)
4(1082 1159 1160 1083)
4(1148 1149 1160 1159)
4(1074 1085 1162 1151)
4(1150 1151 1162 1161)
4(1084 1161 1162 1085)
4(1075 1086 1163 1152)
4(1151 1152 1163 1162)
4(1085 1162 1163 1086)
4(1076 1087 1164 1153)
4(1152 1153 1164 1163)
4(1086 1163 1164 1087)
4(1077 1088 1165 1154)
4(1153 1154 1165 1164)
4(1087 1164 1165 1088)
4(1078 1089 1166 1155)
4(1154 1155 1166 1165)
4(1088 1165 1166 1089)
4(1079 1090 1167 1156)
4(1155 1156 1167 1166)
4(1089 1166 1167 1090)
4(1080 1091 1168 1157)
4(1156 1157 1168 1167)
4(1090 1167 1168 1091)
4(1081 1092 1169 1158)
4(1157 1158 1169 1168)
4(1091 1168 1169 1092)
4(1082 1093 1170 1159)
4(1158 1159 1170 1169)
4(1092 1169 1170 1093)
4(1159 1160 1171 1170)
4(1093 1170 1171 1094)
4(78 1096 1173 100)
4(1095 1172 1173 1096)
4(99 100 1173 1172)
4(79 1097 1174 101)
4(1096 1173 1174 1097)
4(100 101 1174 1173)
4(80 1098 1175 102)
4(1097 1174 1175 1098)
4(101 102 1175 1174)
4(81 1099 1176 103)
4(1098 1175 1176 1099)
4(102 103 1176 1175)
4(82 1100 1177 104)
4(1099 1176 1177 1100)
4(103 104 1177 1176)
4(83 1101 1178 105)
4(1100 1177 1178 1101)
4(104 105 1178 1177)
4(84 1102 1179 106)
4(1101 1178 1179 1102)
4(105 106 1179 1178)
4(85 1103 1180 107)
4(1102 1179 1180 1103)
4(106 107 1180 1179)
4(86 1104 1181 108)
4(1103 1180 1181 1104)
4(107 108 1181 1180)
4(1104 1181 1182 1105)
4(108 109 1182 1181)
4(1096 1107 1184 1173)
4(1106 1183 1184 1107)
4(1172 1173 1184 1183)
4(1097 1108 1185 1174)
4(1107 1184 1185 1108)
4(1173 1174 1185 1184)
4(1098 1109 1186 1175)
4(1108 1185 1186 1109)
4(1174 1175 1186 1185)
4(1099 1110 1187 1176)
4(1109 1186 1187 1110)
4(1175 1176 1187 1186)
4(1100 1111 1188 1177)
4(1110 1187 1188 1111)
4(1176 1177 1188 1187)
4(1101 1112 1189 1178)
4(1111 1188 1189 1112)
4(1177 1178 1189 1188)
4(1102 1113 1190 1179)
4(1112 1189 1190 1113)
4(1178 1179 1190 1189)
4(1103 1114 1191 1180)
4(1113 1190 1191 1114)
4(1179 1180 1191 1190)
4(1104 1115 1192 1181)
4(1114 1191 1192 1115)
4(1180 1181 1192 1191)
4(1115 1192 1193 1116)
4(1181 1182 1193 1192)
4(1107 1118 1195 1184)
4(1117 1194 1195 1118)
4(1183 1184 1195 1194)
4(1108 1119 1196 1185)
4(1118 1195 1196 1119)
4(1184 1185 1196 1195)
4(1109 1120 1197 1186)
4(1119 1196 1197 1120)
4(1185 1186 1197 1196)
4(1110 1121 1198 1187)
4(1120 1197 1198 1121)
4(1186 1187 1198 1197)
4(1111 1122 1199 1188)
4(1121 1198 1199 1122)
4(1187 1188 1199 1198)
4(1112 1123 1200 1189)
4(1122 1199 1200 1123)
4(1188 1189 1200 1199)
4(1113 1124 1201 1190)
4(1123 1200 1201 1124)
4(1189 1190 1201 1200)
4(1114 1125 1202 1191)
4(1124 1201 1202 1125)
4(1190 1191 1202 1201)
4(1115 1126 1203 1192)
4(1125 1202 1203 1126)
4(1191 1192 1203 1202)
4(1126 1203 1204 1127)
4(1192 1193 1204 1203)
4(1118 1129 1206 1195)
4(1128 1205 1206 1129)
4(1194 1195 1206 1205)
4(1119 1130 1207 1196)
4(1129 1206 1207 1130)
4(1195 1196 1207 1206)
4(1120 1131 1208 1197)
4(1130 1207 1208 1131)
4(1196 1197 1208 1207)
4(1121 1132 1209 1198)
4(1131 1208 1209 1132)
4(1197 1198 1209 1208)
4(1122 1133 1210 1199)
4(1132 1209 1210 1133)
4(1198 1199 1210 1209)
4(1123 1134 1211 1200)
4(1133 1210 1211 1134)
4(1199 1200 1211 1210)
4(1124 1135 1212 1201)
4(1134 1211 1212 1135)
4(1200 1201 1212 1211)
4(1125 1136 1213 1202)
4(1135 1212 1213 1136)
4(1201 1202 1213 1212)
4(1126 1137 1214 1203)
4(1136 1213 1214 1137)
4(1202 1203 1214 1213)
4(1137 1214 1215 1138)
4(1203 1204 1215 1214)
4(1129 1140 1217 1206)
4(1139 1216 1217 1140)
4(1205 1206 1217 1216)
4(1130 1141 1218 1207)
4(1140 1217 1218 1141)
4(1206 1207 1218 1217)
4(1131 1142 1219 1208)
4(1141 1218 1219 1142)
4(1207 1208 1219 1218)
4(1132 1143 1220 1209)
4(1142 1219 1220 1143)
4(1208 1209 1220 1219)
4(1133 1144 1221 1210)
4(1143 1220 1221 1144)
4(1209 1210 1221 1220)
4(1134 1145 1222 1211)
4(1144 1221 1222 1145)
4(1210 1211 1222 1221)
4(1135 1146 1223 1212)
4(1145 1222 1223 1146)
4(1211 1212 1223 1222)
4(1136 1147 1224 1213)
4(1146 1223 1224 1147)
4(1212 1213 1224 1223)
4(1137 1148 1225 1214)
4(1147 1224 1225 1148)
4(1213 1214 1225 1224)
4(1148 1225 1226 1149)
4(1214 1215 1226 1225)
4(1140 1151 1228 1217)
4(1150 1227 1228 1151)
4(1216 1217 1228 1227)
4(1141 1152 1229 1218)
4(1151 1228 1229 1152)
4(1217 1218 1229 1228)
4(1142 1153 1230 1219)
4(1152 1229 1230 1153)
4(1218 1219 1230 1229)
4(1143 1154 1231 1220)
4(1153 1230 1231 1154)
4(1219 1220 1231 1230)
4(1144 1155 1232 1221)
4(1154 1231 1232 1155)
4(1220 1221 1232 1231)
4(1145 1156 1233 1222)
4(1155 1232 1233 1156)
4(1221 1222 1233 1232)
4(1146 1157 1234 1223)
4(1156 1233 1234 1157)
4(1222 1223 1234 1233)
4(1147 1158 1235 1224)
4(1157 1234 1235 1158)
4(1223 1224 1235 1234)
4(1148 1159 1236 1225)
4(1158 1235 1236 1159)
4(1224 1225 1236 1235)
4(1159 1236 1237 1160)
4(1225 1226 1237 1236)
4(1151 1162 1239 1228)
4(1227 1228 1239 1238)
4(1161 1238 1239 1162)
4(1152 1163 1240 1229)
4(1228 1229 1240 1239)
4(1162 1239 1240 1163)
4(1153 1164 1241 1230)
4(1229 1230 1241 1240)
4(1163 1240 1241 1164)
4(1154 1165 1242 1231)
4(1230 1231 1242 1241)
4(1164 1241 1242 1165)
4(1155 1166 1243 1232)
4(1231 1232 1243 1242)
4(1165 1242 1243 1166)
4(1156 1167 1244 1233)
4(1232 1233 1244 1243)
4(1166 1243 1244 1167)
4(1157 1168 1245 1234)
4(1233 1234 1245 1244)
4(1167 1244 1245 1168)
4(1158 1169 1246 1235)
4(1234 1235 1246 1245)
4(1168 1245 1246 1169)
4(1159 1170 1247 1236)
4(1235 1236 1247 1246)
4(1169 1246 1247 1170)
4(1236 1237 1248 1247)
4(1170 1247 1248 1171)
4(100 1173 1250 122)
4(1172 1249 1250 1173)
4(121 122 1250 1249)
4(101 1174 1251 123)
4(1173 1250 1251 1174)
4(122 123 1251 1250)
4(102 1175 1252 124)
4(1174 1251 1252 1175)
4(123 124 1252 1251)
4(103 1176 1253 125)
4(1175 1252 1253 1176)
4(124 125 1253 1252)
4(104 1177 1254 126)
4(1176 1253 1254 1177)
4(125 126 1254 1253)
4(105 1178 1255 127)
4(1177 1254 1255 1178)
4(126 127 1255 1254)
4(106 1179 1256 128)
4(1178 1255 1256 1179)
4(127 128 1256 1255)
4(107 1180 1257 129)
4(1179 1256 1257 1180)
4(128 129 1257 1256)
4(108 1181 1258 130)
4(1180 1257 1258 1181)
4(129 130 1258 1257)
4(1181 1258 1259 1182)
4(130 131 1259 1258)
4(1173 1184 1261 1250)
4(1183 1260 1261 1184)
4(1249 1250 1261 1260)
4(1174 1185 1262 1251)
4(1184 1261 1262 1185)
4(1250 1251 1262 1261)
4(1175 1186 1263 1252)
4(1185 1262 1263 1186)
4(1251 1252 1263 1262)
4(1176 1187 1264 1253)
4(1186 1263 1264 1187)
4(1252 1253 1264 1263)
4(1177 1188 1265 1254)
4(1187 1264 1265 1188)
4(1253 1254 1265 1264)
4(1178 1189 1266 1255)
4(1188 1265 1266 1189)
4(1254 1255 1266 1265)
4(1179 1190 1267 1256)
4(1189 1266 1267 1190)
4(1255 1256 1267 1266)
4(1180 1191 1268 1257)
4(1190 1267 1268 1191)
4(1256 1257 1268 1267)
4(1181 1192 1269 1258)
4(1191 1268 1269 1192)
4(1257 1258 1269 1268)
4(1192 1269 1270 1193)
4(1258 1259 1270 1269)
4(1184 1195 1272 1261)
4(1194 1271 1272 1195)
4(1260 1261 1272 1271)
4(1185 1196 1273 1262)
4(1195 1272 1273 1196)
4(1261 1262 1273 1272)
4(1186 1197 1274 1263)
4(1196 1273 1274 1197)
4(1262 1263 1274 1273)
4(1187 1198 1275 1264)
4(1197 1274 1275 1198)
4(1263 1264 1275 1274)
4(1188 1199 1276 1265)
4(1198 1275 1276 1199)
4(1264 1265 1276 1275)
4(1189 1200 1277 1266)
4(1199 1276 1277 1200)
4(1265 1266 1277 1276)
4(1190 1201 1278 1267)
4(1200 1277 1278 1201)
4(1266 1267 1278 1277)
4(1191 1202 1279 1268)
4(1201 1278 1279 1202)
4(1267 1268 1279 1278)
4(1192 1203 1280 1269)
4(1202 1279 1280 1203)
4(1268 1269 1280 1279)
4(1203 1280 1281 1204)
4(1269 1270 1281 1280)
4(1195 1206 1283 1272)
4(1205 1282 1283 1206)
4(1271 1272 1283 1282)
4(1196 1207 1284 1273)
4(1206 1283 1284 1207)
4(1272 1273 1284 1283)
4(1197 1208 1285 1274)
4(1207 1284 1285 1208)
4(1273 1274 1285 1284)
4(1198 1209 1286 1275)
4(1208 1285 1286 1209)
4(1274 1275 1286 1285)
4(1199 1210 1287 1276)
4(1209 1286 1287 1210)
4(1275 1276 1287 1286)
4(1200 1211 1288 1277)
4(1210 1287 1288 1211)
4(1276 1277 1288 1287)
4(1201 1212 1289 1278)
4(1211 1288 1289 1212)
4(1277 1278 1289 1288)
4(1202 1213 1290 1279)
4(1212 1289 1290 1213)
4(1278 1279 1290 1289)
4(1203 1214 1291 1280)
4(1213 1290 1291 1214)
4(1279 1280 1291 1290)
4(1214 1291 1292 1215)
4(1280 1281 1292 1291)
4(1206 1217 1294 1283)
4(1216 1293 1294 1217)
4(1282 1283 1294 1293)
4(1207 1218 1295 1284)
4(1217 1294 1295 1218)
4(1283 1284 1295 1294)
4(1208 1219 1296 1285)
4(1218 1295 1296 1219)
4(1284 1285 1296 1295)
4(1209 1220 1297 1286)
4(1219 1296 1297 1220)
4(1285 1286 1297 1296)
4(1210 1221 1298 1287)
4(1220 1297 1298 1221)
4(1286 1287 1298 1297)
4(1211 1222 1299 1288)
4(1221 1298 1299 1222)
4(1287 1288 1299 1298)
4(1212 1223 1300 1289)
4(1222 1299 1300 1223)
4(1288 1289 1300 1299)
4(1213 1224 1301 1290)
4(1223 1300 1301 1224)
4(1289 1290 1301 1300)
4(1214 1225 1302 1291)
4(1224 1301 1302 1225)
4(1290 1291 1302 1301)
4(1225 1302 1303 1226)
4(1291 1292 1303 1302)
4(1217 1228 1305 1294)
4(1227 1304 1305 1228)
4(1293 1294 1305 1304)
4(1218 1229 1306 1295)
4(1228 1305 1306 1229)
4(1294 1295 1306 1305)
4(1219 1230 1307 1296)
4(1229 1306 1307 1230)
4(1295 1296 1307 1306)
4(1220 1231 1308 1297)
4(1230 1307 1308 1231)
4(1296 1297 1308 1307)
4(1221 1232 1309 1298)
4(1231 1308 1309 1232)
4(1297 1298 1309 1308)
4(1222 1233 1310 1299)
4(1232 1309 1310 1233)
4(1298 1299 1310 1309)
4(1223 1234 1311 1300)
4(1233 1310 1311 1234)
4(1299 1300 1311 1310)
4(1224 1235 1312 1301)
4(1234 1311 1312 1235)
4(1300 1301 1312 1311)
4(1225 1236 1313 1302)
4(1235 1312 1313 1236)
4(1301 1302 1313 1312)
4(1236 1313 1314 1237)
4(1302 1303 1314 1313)
4(1228 1239 1316 1305)
4(1304 1305 1316 1315)
4(1238 1315 1316 1239)
4(1229 1240 1317 1306)
4(1305 1306 1317 1316)
4(1239 1316 1317 1240)
4(1230 1241 1318 1307)
4(1306 1307 1318 1317)
4(1240 1317 1318 1241)
4(1231 1242 1319 1308)
4(1307 1308 1319 1318)
4(1241 1318 1319 1242)
4(1232 1243 1320 1309)
4(1308 1309 1320 1319)
4(1242 1319 1320 1243)
4(1233 1244 1321 1310)
4(1309 1310 1321 1320)
4(1243 1320 1321 1244)
4(1234 1245 1322 1311)
4(1310 1311 1322 1321)
4(1244 1321 1322 1245)
4(1235 1246 1323 1312)
4(1311 1312 1323 1322)
4(1245 1322 1323 1246)
4(1236 1247 1324 1313)
4(1312 1313 1324 1323)
4(1246 1323 1324 1247)
4(1313 1314 1325 1324)
4(1247 1324 1325 1248)
4(122 1250 1327 144)
4(1249 1326 1327 1250)
4(143 144 1327 1326)
4(123 1251 1328 145)
4(1250 1327 1328 1251)
4(144 145 1328 1327)
4(124 1252 1329 146)
4(1251 1328 1329 1252)
4(145 146 1329 1328)
4(125 1253 1330 147)
4(1252 1329 1330 1253)
4(146 147 1330 1329)
4(126 1254 1331 148)
4(1253 1330 1331 1254)
4(147 148 1331 1330)
4(127 1255 1332 149)
4(1254 1331 1332 1255)
4(148 149 1332 1331)
4(128 1256 1333 150)
4(1255 1332 1333 1256)
4(149 150 1333 1332)
4(129 1257 1334 151)
4(1256 1333 1334 1257)
4(150 151 1334 1333)
4(130 1258 1335 152)
4(1257 1334 1335 1258)
4(151 152 1335 1334)
4(1258 1335 1336 1259)
4(152 153 1336 1335)
4(1250 1261 1338 1327)
4(1260 1337 1338 1261)
4(1326 1327 1338 1337)
4(1251 1262 1339 1328)
4(1261 1338 1339 1262)
4(1327 1328 1339 1338)
4(1252 1263 1340 1329)
4(1262 1339 1340 1263)
4(1328 1329 1340 1339)
4(1253 1264 1341 1330)
4(1263 1340 1341 1264)
4(1329 1330 1341 1340)
4(1254 1265 1342 1331)
4(1264 1341 1342 1265)
4(1330 1331 1342 1341)
4(1255 1266 1343 1332)
4(1265 1342 1343 1266)
4(1331 1332 1343 1342)
4(1256 1267 1344 1333)
4(1266 1343 1344 1267)
4(1332 1333 1344 1343)
4(1257 1268 1345 1334)
4(1267 1344 1345 1268)
4(1333 1334 1345 1344)
4(1258 1269 1346 1335)
4(1268 1345 1346 1269)
4(1334 1335 1346 1345)
4(1269 1346 1347 1270)
4(1335 1336 1347 1346)
4(1261 1272 1349 1338)
4(1271 1348 1349 1272)
4(1337 1338 1349 1348)
4(1262 1273 1350 1339)
4(1272 1349 1350 1273)
4(1338 1339 1350 1349)
4(1263 1274 1351 1340)
4(1273 1350 1351 1274)
4(1339 1340 1351 1350)
4(1264 1275 1352 1341)
4(1274 1351 1352 1275)
4(1340 1341 1352 1351)
4(1265 1276 1353 1342)
4(1275 1352 1353 1276)
4(1341 1342 1353 1352)
4(1266 1277 1354 1343)
4(1276 1353 1354 1277)
4(1342 1343 1354 1353)
4(1267 1278 1355 1344)
4(1277 1354 1355 1278)
4(1343 1344 1355 1354)
4(1268 1279 1356 1345)
4(1278 1355 1356 1279)
4(1344 1345 1356 1355)
4(1269 1280 1357 1346)
4(1279 1356 1357 1280)
4(1345 1346 1357 1356)
4(1280 1357 1358 1281)
4(1346 1347 1358 1357)
4(1272 1283 1360 1349)
4(1282 1359 1360 1283)
4(1348 1349 1360 1359)
4(1273 1284 1361 1350)
4(1283 1360 1361 1284)
4(1349 1350 1361 1360)
4(1274 1285 1362 1351)
4(1284 1361 1362 1285)
4(1350 1351 1362 1361)
4(1275 1286 1363 1352)
4(1285 1362 1363 1286)
4(1351 1352 1363 1362)
4(1276 1287 1364 1353)
4(1286 1363 1364 1287)
4(1352 1353 1364 1363)
4(1277 1288 1365 1354)
4(1287 1364 1365 1288)
4(1353 1354 1365 1364)
4(1278 1289 1366 1355)
4(1288 1365 1366 1289)
4(1354 1355 1366 1365)
4(1279 1290 1367 1356)
4(1289 1366 1367 1290)
4(1355 1356 1367 1366)
4(1280 1291 1368 1357)
4(1290 1367 1368 1291)
4(1356 1357 1368 1367)
4(1291 1368 1369 1292)
4(1357 1358 1369 1368)
4(1283 1294 1371 1360)
4(1293 1370 1371 1294)
4(1359 1360 1371 1370)
4(1284 1295 1372 1361)
4(1294 1371 1372 1295)
4(1360 1361 1372 1371)
4(1285 1296 1373 1362)
4(1295 1372 1373 1296)
4(1361 1362 1373 1372)
4(1286 1297 1374 1363)
4(1296 1373 1374 1297)
4(1362 1363 1374 1373)
4(1287 1298 1375 1364)
4(1297 1374 1375 1298)
4(1363 1364 1375 1374)
4(1288 1299 1376 1365)
4(1298 1375 1376 1299)
4(1364 1365 1376 1375)
4(1289 1300 1377 1366)
4(1299 1376 1377 1300)
4(1365 1366 1377 1376)
4(1290 1301 1378 1367)
4(1300 1377 1378 1301)
4(1366 1367 1378 1377)
4(1291 1302 1379 1368)
4(1301 1378 1379 1302)
4(1367 1368 1379 1378)
4(1302 1379 1380 1303)
4(1368 1369 1380 1379)
4(1294 1305 1382 1371)
4(1304 1381 1382 1305)
4(1370 1371 1382 1381)
4(1295 1306 1383 1372)
4(1305 1382 1383 1306)
4(1371 1372 1383 1382)
4(1296 1307 1384 1373)
4(1306 1383 1384 1307)
4(1372 1373 1384 1383)
4(1297 1308 1385 1374)
4(1307 1384 1385 1308)
4(1373 1374 1385 1384)
4(1298 1309 1386 1375)
4(1308 1385 1386 1309)
4(1374 1375 1386 1385)
4(1299 1310 1387 1376)
4(1309 1386 1387 1310)
4(1375 1376 1387 1386)
4(1300 1311 1388 1377)
4(1310 1387 1388 1311)
4(1376 1377 1388 1387)
4(1301 1312 1389 1378)
4(1311 1388 1389 1312)
4(1377 1378 1389 1388)
4(1302 1313 1390 1379)
4(1312 1389 1390 1313)
4(1378 1379 1390 1389)
4(1313 1390 1391 1314)
4(1379 1380 1391 1390)
4(1305 1316 1393 1382)
4(1381 1382 1393 1392)
4(1315 1392 1393 1316)
4(1306 1317 1394 1383)
4(1382 1383 1394 1393)
4(1316 1393 1394 1317)
4(1307 1318 1395 1384)
4(1383 1384 1395 1394)
4(1317 1394 1395 1318)
4(1308 1319 1396 1385)
4(1384 1385 1396 1395)
4(1318 1395 1396 1319)
4(1309 1320 1397 1386)
4(1385 1386 1397 1396)
4(1319 1396 1397 1320)
4(1310 1321 1398 1387)
4(1386 1387 1398 1397)
4(1320 1397 1398 1321)
4(1311 1322 1399 1388)
4(1387 1388 1399 1398)
4(1321 1398 1399 1322)
4(1312 1323 1400 1389)
4(1388 1389 1400 1399)
4(1322 1399 1400 1323)
4(1313 1324 1401 1390)
4(1389 1390 1401 1400)
4(1323 1400 1401 1324)
4(1390 1391 1402 1401)
4(1324 1401 1402 1325)
4(144 1327 1404 166)
4(1326 1403 1404 1327)
4(165 166 1404 1403)
4(145 1328 1405 167)
4(1327 1404 1405 1328)
4(166 167 1405 1404)
4(146 1329 1406 168)
4(1328 1405 1406 1329)
4(167 168 1406 1405)
4(147 1330 1407 169)
4(1329 1406 1407 1330)
4(168 169 1407 1406)
4(148 1331 1408 170)
4(1330 1407 1408 1331)
4(169 170 1408 1407)
4(149 1332 1409 171)
4(1331 1408 1409 1332)
4(170 171 1409 1408)
4(150 1333 1410 172)
4(1332 1409 1410 1333)
4(171 172 1410 1409)
4(151 1334 1411 173)
4(1333 1410 1411 1334)
4(172 173 1411 1410)
4(152 1335 1412 174)
4(1334 1411 1412 1335)
4(173 174 1412 1411)
4(1335 1412 1413 1336)
4(174 175 1413 1412)
4(1327 1338 1415 1404)
4(1337 1414 1415 1338)
4(1403 1404 1415 1414)
4(1328 1339 1416 1405)
4(1338 1415 1416 1339)
4(1404 1405 1416 1415)
4(1329 1340 1417 1406)
4(1339 1416 1417 1340)
4(1405 1406 1417 1416)
4(1330 1341 1418 1407)
4(1340 1417 1418 1341)
4(1406 1407 1418 1417)
4(1331 1342 1419 1408)
4(1341 1418 1419 1342)
4(1407 1408 1419 1418)
4(1332 1343 1420 1409)
4(1342 1419 1420 1343)
4(1408 1409 1420 1419)
4(1333 1344 1421 1410)
4(1343 1420 1421 1344)
4(1409 1410 1421 1420)
4(1334 1345 1422 1411)
4(1344 1421 1422 1345)
4(1410 1411 1422 1421)
4(1335 1346 1423 1412)
4(1345 1422 1423 1346)
4(1411 1412 1423 1422)
4(1346 1423 1424 1347)
4(1412 1413 1424 1423)
4(1338 1349 1426 1415)
4(1348 1425 1426 1349)
4(1414 1415 1426 1425)
4(1339 1350 1427 1416)
4(1349 1426 1427 1350)
4(1415 1416 1427 1426)
4(1340 1351 1428 1417)
4(1350 1427 1428 1351)
4(1416 1417 1428 1427)
4(1341 1352 1429 1418)
4(1351 1428 1429 1352)
4(1417 1418 1429 1428)
4(1342 1353 1430 1419)
4(1352 1429 1430 1353)
4(1418 1419 1430 1429)
4(1343 1354 1431 1420)
4(1353 1430 1431 1354)
4(1419 1420 1431 1430)
4(1344 1355 1432 1421)
4(1354 1431 1432 1355)
4(1420 1421 1432 1431)
4(1345 1356 1433 1422)
4(1355 1432 1433 1356)
4(1421 1422 1433 1432)
4(1346 1357 1434 1423)
4(1356 1433 1434 1357)
4(1422 1423 1434 1433)
4(1357 1434 1435 1358)
4(1423 1424 1435 1434)
4(1349 1360 1437 1426)
4(1359 1436 1437 1360)
4(1425 1426 1437 1436)
4(1350 1361 1438 1427)
4(1360 1437 1438 1361)
4(1426 1427 1438 1437)
4(1351 1362 1439 1428)
4(1361 1438 1439 1362)
4(1427 1428 1439 1438)
4(1352 1363 1440 1429)
4(1362 1439 1440 1363)
4(1428 1429 1440 1439)
4(1353 1364 1441 1430)
4(1363 1440 1441 1364)
4(1429 1430 1441 1440)
4(1354 1365 1442 1431)
4(1364 1441 1442 1365)
4(1430 1431 1442 1441)
4(1355 1366 1443 1432)
4(1365 1442 1443 1366)
4(1431 1432 1443 1442)
4(1356 1367 1444 1433)
4(1366 1443 1444 1367)
4(1432 1433 1444 1443)
4(1357 1368 1445 1434)
4(1367 1444 1445 1368)
4(1433 1434 1445 1444)
4(1368 1445 1446 1369)
4(1434 1435 1446 1445)
4(1360 1371 1448 1437)
4(1370 1447 1448 1371)
4(1436 1437 1448 1447)
4(1361 1372 1449 1438)
4(1371 1448 1449 1372)
4(1437 1438 1449 1448)
4(1362 1373 1450 1439)
4(1372 1449 1450 1373)
4(1438 1439 1450 1449)
4(1363 1374 1451 1440)
4(1373 1450 1451 1374)
4(1439 1440 1451 1450)
4(1364 1375 1452 1441)
4(1374 1451 1452 1375)
4(1440 1441 1452 1451)
4(1365 1376 1453 1442)
4(1375 1452 1453 1376)
4(1441 1442 1453 1452)
4(1366 1377 1454 1443)
4(1376 1453 1454 1377)
4(1442 1443 1454 1453)
4(1367 1378 1455 1444)
4(1377 1454 1455 1378)
4(1443 1444 1455 1454)
4(1368 1379 1456 1445)
4(1378 1455 1456 1379)
4(1444 1445 1456 1455)
4(1379 1456 1457 1380)
4(1445 1446 1457 1456)
4(1371 1382 1459 1448)
4(1381 1458 1459 1382)
4(1447 1448 1459 1458)
4(1372 1383 1460 1449)
4(1382 1459 1460 1383)
4(1448 1449 1460 1459)
4(1373 1384 1461 1450)
4(1383 1460 1461 1384)
4(1449 1450 1461 1460)
4(1374 1385 1462 1451)
4(1384 1461 1462 1385)
4(1450 1451 1462 1461)
4(1375 1386 1463 1452)
4(1385 1462 1463 1386)
4(1451 1452 1463 1462)
4(1376 1387 1464 1453)
4(1386 1463 1464 1387)
4(1452 1453 1464 1463)
4(1377 1388 1465 1454)
4(1387 1464 1465 1388)
4(1453 1454 1465 1464)
4(1378 1389 1466 1455)
4(1388 1465 1466 1389)
4(1454 1455 1466 1465)
4(1379 1390 1467 1456)
4(1389 1466 1467 1390)
4(1455 1456 1467 1466)
4(1390 1467 1468 1391)
4(1456 1457 1468 1467)
4(1382 1393 1470 1459)
4(1458 1459 1470 1469)
4(1392 1469 1470 1393)
4(1383 1394 1471 1460)
4(1459 1460 1471 1470)
4(1393 1470 1471 1394)
4(1384 1395 1472 1461)
4(1460 1461 1472 1471)
4(1394 1471 1472 1395)
4(1385 1396 1473 1462)
4(1461 1462 1473 1472)
4(1395 1472 1473 1396)
4(1386 1397 1474 1463)
4(1462 1463 1474 1473)
4(1396 1473 1474 1397)
4(1387 1398 1475 1464)
4(1463 1464 1475 1474)
4(1397 1474 1475 1398)
4(1388 1399 1476 1465)
4(1464 1465 1476 1475)
4(1398 1475 1476 1399)
4(1389 1400 1477 1466)
4(1465 1466 1477 1476)
4(1399 1476 1477 1400)
4(1390 1401 1478 1467)
4(1466 1467 1478 1477)
4(1400 1477 1478 1401)
4(1467 1468 1479 1478)
4(1401 1478 1479 1402)
4(166 1404 1481 188)
4(1403 1480 1481 1404)
4(187 188 1481 1480)
4(167 1405 1482 189)
4(1404 1481 1482 1405)
4(188 189 1482 1481)
4(168 1406 1483 190)
4(1405 1482 1483 1406)
4(189 190 1483 1482)
4(169 1407 1484 191)
4(1406 1483 1484 1407)
4(190 191 1484 1483)
4(170 1408 1485 192)
4(1407 1484 1485 1408)
4(191 192 1485 1484)
4(171 1409 1486 193)
4(1408 1485 1486 1409)
4(192 193 1486 1485)
4(172 1410 1487 194)
4(1409 1486 1487 1410)
4(193 194 1487 1486)
4(173 1411 1488 195)
4(1410 1487 1488 1411)
4(194 195 1488 1487)
4(174 1412 1489 196)
4(1411 1488 1489 1412)
4(195 196 1489 1488)
4(1412 1489 1490 1413)
4(196 197 1490 1489)
4(1404 1415 1492 1481)
4(1414 1491 1492 1415)
4(1480 1481 1492 1491)
4(1405 1416 1493 1482)
4(1415 1492 1493 1416)
4(1481 1482 1493 1492)
4(1406 1417 1494 1483)
4(1416 1493 1494 1417)
4(1482 1483 1494 1493)
4(1407 1418 1495 1484)
4(1417 1494 1495 1418)
4(1483 1484 1495 1494)
4(1408 1419 1496 1485)
4(1418 1495 1496 1419)
4(1484 1485 1496 1495)
4(1409 1420 1497 1486)
4(1419 1496 1497 1420)
4(1485 1486 1497 1496)
4(1410 1421 1498 1487)
4(1420 1497 1498 1421)
4(1486 1487 1498 1497)
4(1411 1422 1499 1488)
4(1421 1498 1499 1422)
4(1487 1488 1499 1498)
4(1412 1423 1500 1489)
4(1422 1499 1500 1423)
4(1488 1489 1500 1499)
4(1423 1500 1501 1424)
4(1489 1490 1501 1500)
4(1415 1426 1503 1492)
4(1425 1502 1503 1426)
4(1491 1492 1503 1502)
4(1416 1427 1504 1493)
4(1426 1503 1504 1427)
4(1492 1493 1504 1503)
4(1417 1428 1505 1494)
4(1427 1504 1505 1428)
4(1493 1494 1505 1504)
4(1418 1429 1506 1495)
4(1428 1505 1506 1429)
4(1494 1495 1506 1505)
4(1419 1430 1507 1496)
4(1429 1506 1507 1430)
4(1495 1496 1507 1506)
4(1420 1431 1508 1497)
4(1430 1507 1508 1431)
4(1496 1497 1508 1507)
4(1421 1432 1509 1498)
4(1431 1508 1509 1432)
4(1497 1498 1509 1508)
4(1422 1433 1510 1499)
4(1432 1509 1510 1433)
4(1498 1499 1510 1509)
4(1423 1434 1511 1500)
4(1433 1510 1511 1434)
4(1499 1500 1511 1510)
4(1434 1511 1512 1435)
4(1500 1501 1512 1511)
4(1426 1437 1514 1503)
4(1436 1513 1514 1437)
4(1502 1503 1514 1513)
4(1427 1438 1515 1504)
4(1437 1514 1515 1438)
4(1503 1504 1515 1514)
4(1428 1439 1516 1505)
4(1438 1515 1516 1439)
4(1504 1505 1516 1515)
4(1429 1440 1517 1506)
4(1439 1516 1517 1440)
4(1505 1506 1517 1516)
4(1430 1441 1518 1507)
4(1440 1517 1518 1441)
4(1506 1507 1518 1517)
4(1431 1442 1519 1508)
4(1441 1518 1519 1442)
4(1507 1508 1519 1518)
4(1432 1443 1520 1509)
4(1442 1519 1520 1443)
4(1508 1509 1520 1519)
4(1433 1444 1521 1510)
4(1443 1520 1521 1444)
4(1509 1510 1521 1520)
4(1434 1445 1522 1511)
4(1444 1521 1522 1445)
4(1510 1511 1522 1521)
4(1445 1522 1523 1446)
4(1511 1512 1523 1522)
4(1437 1448 1525 1514)
4(1447 1524 1525 1448)
4(1513 1514 1525 1524)
4(1438 1449 1526 1515)
4(1448 1525 1526 1449)
4(1514 1515 1526 1525)
4(1439 1450 1527 1516)
4(1449 1526 1527 1450)
4(1515 1516 1527 1526)
4(1440 1451 1528 1517)
4(1450 1527 1528 1451)
4(1516 1517 1528 1527)
4(1441 1452 1529 1518)
4(1451 1528 1529 1452)
4(1517 1518 1529 1528)
4(1442 1453 1530 1519)
4(1452 1529 1530 1453)
4(1518 1519 1530 1529)
4(1443 1454 1531 1520)
4(1453 1530 1531 1454)
4(1519 1520 1531 1530)
4(1444 1455 1532 1521)
4(1454 1531 1532 1455)
4(1520 1521 1532 1531)
4(1445 1456 1533 1522)
4(1455 1532 1533 1456)
4(1521 1522 1533 1532)
4(1456 1533 1534 1457)
4(1522 1523 1534 1533)
4(1448 1459 1536 1525)
4(1458 1535 1536 1459)
4(1524 1525 1536 1535)
4(1449 1460 1537 1526)
4(1459 1536 1537 1460)
4(1525 1526 1537 1536)
4(1450 1461 1538 1527)
4(1460 1537 1538 1461)
4(1526 1527 1538 1537)
4(1451 1462 1539 1528)
4(1461 1538 1539 1462)
4(1527 1528 1539 1538)
4(1452 1463 1540 1529)
4(1462 1539 1540 1463)
4(1528 1529 1540 1539)
4(1453 1464 1541 1530)
4(1463 1540 1541 1464)
4(1529 1530 1541 1540)
4(1454 1465 1542 1531)
4(1464 1541 1542 1465)
4(1530 1531 1542 1541)
4(1455 1466 1543 1532)
4(1465 1542 1543 1466)
4(1531 1532 1543 1542)
4(1456 1467 1544 1533)
4(1466 1543 1544 1467)
4(1532 1533 1544 1543)
4(1467 1544 1545 1468)
4(1533 1534 1545 1544)
4(1459 1470 1547 1536)
4(1535 1536 1547 1546)
4(1469 1546 1547 1470)
4(1460 1471 1548 1537)
4(1536 1537 1548 1547)
4(1470 1547 1548 1471)
4(1461 1472 1549 1538)
4(1537 1538 1549 1548)
4(1471 1548 1549 1472)
4(1462 1473 1550 1539)
4(1538 1539 1550 1549)
4(1472 1549 1550 1473)
4(1463 1474 1551 1540)
4(1539 1540 1551 1550)
4(1473 1550 1551 1474)
4(1464 1475 1552 1541)
4(1540 1541 1552 1551)
4(1474 1551 1552 1475)
4(1465 1476 1553 1542)
4(1541 1542 1553 1552)
4(1475 1552 1553 1476)
4(1466 1477 1554 1543)
4(1542 1543 1554 1553)
4(1476 1553 1554 1477)
4(1467 1478 1555 1544)
4(1543 1544 1555 1554)
4(1477 1554 1555 1478)
4(1544 1545 1556 1555)
4(1478 1555 1556 1479)
4(188 1481 1558 210)
4(1480 1557 1558 1481)
4(209 210 1558 1557)
4(189 1482 1559 211)
4(1481 1558 1559 1482)
4(210 211 1559 1558)
4(190 1483 1560 212)
4(1482 1559 1560 1483)
4(211 212 1560 1559)
4(191 1484 1561 213)
4(1483 1560 1561 1484)
4(212 213 1561 1560)
4(192 1485 1562 214)
4(1484 1561 1562 1485)
4(213 214 1562 1561)
4(193 1486 1563 215)
4(1485 1562 1563 1486)
4(214 215 1563 1562)
4(194 1487 1564 216)
4(1486 1563 1564 1487)
4(215 216 1564 1563)
4(195 1488 1565 217)
4(1487 1564 1565 1488)
4(216 217 1565 1564)
4(196 1489 1566 218)
4(1488 1565 1566 1489)
4(217 218 1566 1565)
4(1489 1566 1567 1490)
4(218 219 1567 1566)
4(1481 1492 1569 1558)
4(1491 1568 1569 1492)
4(1557 1558 1569 1568)
4(1482 1493 1570 1559)
4(1492 1569 1570 1493)
4(1558 1559 1570 1569)
4(1483 1494 1571 1560)
4(1493 1570 1571 1494)
4(1559 1560 1571 1570)
4(1484 1495 1572 1561)
4(1494 1571 1572 1495)
4(1560 1561 1572 1571)
4(1485 1496 1573 1562)
4(1495 1572 1573 1496)
4(1561 1562 1573 1572)
4(1486 1497 1574 1563)
4(1496 1573 1574 1497)
4(1562 1563 1574 1573)
4(1487 1498 1575 1564)
4(1497 1574 1575 1498)
4(1563 1564 1575 1574)
4(1488 1499 1576 1565)
4(1498 1575 1576 1499)
4(1564 1565 1576 1575)
4(1489 1500 1577 1566)
4(1499 1576 1577 1500)
4(1565 1566 1577 1576)
4(1500 1577 1578 1501)
4(1566 1567 1578 1577)
4(1492 1503 1580 1569)
4(1502 1579 1580 1503)
4(1568 1569 1580 1579)
4(1493 1504 1581 1570)
4(1503 1580 1581 1504)
4(1569 1570 1581 1580)
4(1494 1505 1582 1571)
4(1504 1581 1582 1505)
4(1570 1571 1582 1581)
4(1495 1506 1583 1572)
4(1505 1582 1583 1506)
4(1571 1572 1583 1582)
4(1496 1507 1584 1573)
4(1506 1583 1584 1507)
4(1572 1573 1584 1583)
4(1497 1508 1585 1574)
4(1507 1584 1585 1508)
4(1573 1574 1585 1584)
4(1498 1509 1586 1575)
4(1508 1585 1586 1509)
4(1574 1575 1586 1585)
4(1499 1510 1587 1576)
4(1509 1586 1587 1510)
4(1575 1576 1587 1586)
4(1500 1511 1588 1577)
4(1510 1587 1588 1511)
4(1576 1577 1588 1587)
4(1511 1588 1589 1512)
4(1577 1578 1589 1588)
4(1503 1514 1591 1580)
4(1513 1590 1591 1514)
4(1579 1580 1591 1590)
4(1504 1515 1592 1581)
4(1514 1591 1592 1515)
4(1580 1581 1592 1591)
4(1505 1516 1593 1582)
4(1515 1592 1593 1516)
4(1581 1582 1593 1592)
4(1506 1517 1594 1583)
4(1516 1593 1594 1517)
4(1582 1583 1594 1593)
4(1507 1518 1595 1584)
4(1517 1594 1595 1518)
4(1583 1584 1595 1594)
4(1508 1519 1596 1585)
4(1518 1595 1596 1519)
4(1584 1585 1596 1595)
4(1509 1520 1597 1586)
4(1519 1596 1597 1520)
4(1585 1586 1597 1596)
4(1510 1521 1598 1587)
4(1520 1597 1598 1521)
4(1586 1587 1598 1597)
4(1511 1522 1599 1588)
4(1521 1598 1599 1522)
4(1587 1588 1599 1598)
4(1522 1599 1600 1523)
4(1588 1589 1600 1599)
4(1514 1525 1602 1591)
4(1524 1601 1602 1525)
4(1590 1591 1602 1601)
4(1515 1526 1603 1592)
4(1525 1602 1603 1526)
4(1591 1592 1603 1602)
4(1516 1527 1604 1593)
4(1526 1603 1604 1527)
4(1592 1593 1604 1603)
4(1517 1528 1605 1594)
4(1527 1604 1605 1528)
4(1593 1594 1605 1604)
4(1518 1529 1606 1595)
4(1528 1605 1606 1529)
4(1594 1595 1606 1605)
4(1519 1530 1607 1596)
4(1529 1606 1607 1530)
4(1595 1596 1607 1606)
4(1520 1531 1608 1597)
4(1530 1607 1608 1531)
4(1596 1597 1608 1607)
4(1521 1532 1609 1598)
4(1531 1608 1609 1532)
4(1597 1598 1609 1608)
4(1522 1533 1610 1599)
4(1532 1609 1610 1533)
4(1598 1599 1610 1609)
4(1533 1610 1611 1534)
4(1599 1600 1611 1610)
4(1525 1536 1613 1602)
4(1535 1612 1613 1536)
4(1601 1602 1613 1612)
4(1526 1537 1614 1603)
4(1536 1613 1614 1537)
4(1602 1603 1614 1613)
4(1527 1538 1615 1604)
4(1537 1614 1615 1538)
4(1603 1604 1615 1614)
4(1528 1539 1616 1605)
4(1538 1615 1616 1539)
4(1604 1605 1616 1615)
4(1529 1540 1617 1606)
4(1539 1616 1617 1540)
4(1605 1606 1617 1616)
4(1530 1541 1618 1607)
4(1540 1617 1618 1541)
4(1606 1607 1618 1617)
4(1531 1542 1619 1608)
4(1541 1618 1619 1542)
4(1607 1608 1619 1618)
4(1532 1543 1620 1609)
4(1542 1619 1620 1543)
4(1608 1609 1620 1619)
4(1533 1544 1621 1610)
4(1543 1620 1621 1544)
4(1609 1610 1621 1620)
4(1544 1621 1622 1545)
4(1610 1611 1622 1621)
4(1536 1547 1624 1613)
4(1612 1613 1624 1623)
4(1546 1623 1624 1547)
4(1537 1548 1625 1614)
4(1613 1614 1625 1624)
4(1547 1624 1625 1548)
4(1538 1549 1626 1615)
4(1614 1615 1626 1625)
4(1548 1625 1626 1549)
4(1539 1550 1627 1616)
4(1615 1616 1627 1626)
4(1549 1626 1627 1550)
4(1540 1551 1628 1617)
4(1616 1617 1628 1627)
4(1550 1627 1628 1551)
4(1541 1552 1629 1618)
4(1617 1618 1629 1628)
4(1551 1628 1629 1552)
4(1542 1553 1630 1619)
4(1618 1619 1630 1629)
4(1552 1629 1630 1553)
4(1543 1554 1631 1620)
4(1619 1620 1631 1630)
4(1553 1630 1631 1554)
4(1544 1555 1632 1621)
4(1620 1621 1632 1631)
4(1554 1631 1632 1555)
4(1621 1622 1633 1632)
4(1555 1632 1633 1556)
4(210 1558 1635 232)
4(1557 1634 1635 1558)
4(231 232 1635 1634)
4(211 1559 1636 233)
4(1558 1635 1636 1559)
4(232 233 1636 1635)
4(212 1560 1637 234)
4(1559 1636 1637 1560)
4(233 234 1637 1636)
4(213 1561 1638 235)
4(1560 1637 1638 1561)
4(234 235 1638 1637)
4(214 1562 1639 236)
4(1561 1638 1639 1562)
4(235 236 1639 1638)
4(215 1563 1640 237)
4(1562 1639 1640 1563)
4(236 237 1640 1639)
4(216 1564 1641 238)
4(1563 1640 1641 1564)
4(237 238 1641 1640)
4(217 1565 1642 239)
4(1564 1641 1642 1565)
4(238 239 1642 1641)
4(218 1566 1643 240)
4(1565 1642 1643 1566)
4(239 240 1643 1642)
4(1566 1643 1644 1567)
4(240 241 1644 1643)
4(1558 1569 1646 1635)
4(1568 1645 1646 1569)
4(1634 1635 1646 1645)
4(1559 1570 1647 1636)
4(1569 1646 1647 1570)
4(1635 1636 1647 1646)
4(1560 1571 1648 1637)
4(1570 1647 1648 1571)
4(1636 1637 1648 1647)
4(1561 1572 1649 1638)
4(1571 1648 1649 1572)
4(1637 1638 1649 1648)
4(1562 1573 1650 1639)
4(1572 1649 1650 1573)
4(1638 1639 1650 1649)
4(1563 1574 1651 1640)
4(1573 1650 1651 1574)
4(1639 1640 1651 1650)
4(1564 1575 1652 1641)
4(1574 1651 1652 1575)
4(1640 1641 1652 1651)
4(1565 1576 1653 1642)
4(1575 1652 1653 1576)
4(1641 1642 1653 1652)
4(1566 1577 1654 1643)
4(1576 1653 1654 1577)
4(1642 1643 1654 1653)
4(1577 1654 1655 1578)
4(1643 1644 1655 1654)
4(1569 1580 1657 1646)
4(1579 1656 1657 1580)
4(1645 1646 1657 1656)
4(1570 1581 1658 1647)
4(1580 1657 1658 1581)
4(1646 1647 1658 1657)
4(1571 1582 1659 1648)
4(1581 1658 1659 1582)
4(1647 1648 1659 1658)
4(1572 1583 1660 1649)
4(1582 1659 1660 1583)
4(1648 1649 1660 1659)
4(1573 1584 1661 1650)
4(1583 1660 1661 1584)
4(1649 1650 1661 1660)
4(1574 1585 1662 1651)
4(1584 1661 1662 1585)
4(1650 1651 1662 1661)
4(1575 1586 1663 1652)
4(1585 1662 1663 1586)
4(1651 1652 1663 1662)
4(1576 1587 1664 1653)
4(1586 1663 1664 1587)
4(1652 1653 1664 1663)
4(1577 1588 1665 1654)
4(1587 1664 1665 1588)
4(1653 1654 1665 1664)
4(1588 1665 1666 1589)
4(1654 1655 1666 1665)
4(1580 1591 1668 1657)
4(1590 1667 1668 1591)
4(1656 1657 1668 1667)
4(1581 1592 1669 1658)
4(1591 1668 1669 1592)
4(1657 1658 1669 1668)
4(1582 1593 1670 1659)
4(1592 1669 1670 1593)
4(1658 1659 1670 1669)
4(1583 1594 1671 1660)
4(1593 1670 1671 1594)
4(1659 1660 1671 1670)
4(1584 1595 1672 1661)
4(1594 1671 1672 1595)
4(1660 1661 1672 1671)
4(1585 1596 1673 1662)
4(1595 1672 1673 1596)
4(1661 1662 1673 1672)
4(1586 1597 1674 1663)
4(1596 1673 1674 1597)
4(1662 1663 1674 1673)
4(1587 1598 1675 1664)
4(1597 1674 1675 1598)
4(1663 1664 1675 1674)
4(1588 1599 1676 1665)
4(1598 1675 1676 1599)
4(1664 1665 1676 1675)
4(1599 1676 1677 1600)
4(1665 1666 1677 1676)
4(1591 1602 1679 1668)
4(1601 1678 1679 1602)
4(1667 1668 1679 1678)
4(1592 1603 1680 1669)
4(1602 1679 1680 1603)
4(1668 1669 1680 1679)
4(1593 1604 1681 1670)
4(1603 1680 1681 1604)
4(1669 1670 1681 1680)
4(1594 1605 1682 1671)
4(1604 1681 1682 1605)
4(1670 1671 1682 1681)
4(1595 1606 1683 1672)
4(1605 1682 1683 1606)
4(1671 1672 1683 1682)
4(1596 1607 1684 1673)
4(1606 1683 1684 1607)
4(1672 1673 1684 1683)
4(1597 1608 1685 1674)
4(1607 1684 1685 1608)
4(1673 1674 1685 1684)
4(1598 1609 1686 1675)
4(1608 1685 1686 1609)
4(1674 1675 1686 1685)
4(1599 1610 1687 1676)
4(1609 1686 1687 1610)
4(1675 1676 1687 1686)
4(1610 1687 1688 1611)
4(1676 1677 1688 1687)
4(1602 1613 1690 1679)
4(1612 1689 1690 1613)
4(1678 1679 1690 1689)
4(1603 1614 1691 1680)
4(1613 1690 1691 1614)
4(1679 1680 1691 1690)
4(1604 1615 1692 1681)
4(1614 1691 1692 1615)
4(1680 1681 1692 1691)
4(1605 1616 1693 1682)
4(1615 1692 1693 1616)
4(1681 1682 1693 1692)
4(1606 1617 1694 1683)
4(1616 1693 1694 1617)
4(1682 1683 1694 1693)
4(1607 1618 1695 1684)
4(1617 1694 1695 1618)
4(1683 1684 1695 1694)
4(1608 1619 1696 1685)
4(1618 1695 1696 1619)
4(1684 1685 1696 1695)
4(1609 1620 1697 1686)
4(1619 1696 1697 1620)
4(1685 1686 1697 1696)
4(1610 1621 1698 1687)
4(1620 1697 1698 1621)
4(1686 1687 1698 1697)
4(1621 1698 1699 1622)
4(1687 1688 1699 1698)
4(1613 1624 1701 1690)
4(1689 1690 1701 1700)
4(1623 1700 1701 1624)
4(1614 1625 1702 1691)
4(1690 1691 1702 1701)
4(1624 1701 1702 1625)
4(1615 1626 1703 1692)
4(1691 1692 1703 1702)
4(1625 1702 1703 1626)
4(1616 1627 1704 1693)
4(1692 1693 1704 1703)
4(1626 1703 1704 1627)
4(1617 1628 1705 1694)
4(1693 1694 1705 1704)
4(1627 1704 1705 1628)
4(1618 1629 1706 1695)
4(1694 1695 1706 1705)
4(1628 1705 1706 1629)
4(1619 1630 1707 1696)
4(1695 1696 1707 1706)
4(1629 1706 1707 1630)
4(1620 1631 1708 1697)
4(1696 1697 1708 1707)
4(1630 1707 1708 1631)
4(1621 1632 1709 1698)
4(1697 1698 1709 1708)
4(1631 1708 1709 1632)
4(1698 1699 1710 1709)
4(1632 1709 1710 1633)
4(232 1635 1712 254)
4(1634 1711 1712 1635)
4(253 254 1712 1711)
4(233 1636 1713 255)
4(1635 1712 1713 1636)
4(254 255 1713 1712)
4(234 1637 1714 256)
4(1636 1713 1714 1637)
4(255 256 1714 1713)
4(235 1638 1715 257)
4(1637 1714 1715 1638)
4(256 257 1715 1714)
4(236 1639 1716 258)
4(1638 1715 1716 1639)
4(257 258 1716 1715)
4(237 1640 1717 259)
4(1639 1716 1717 1640)
4(258 259 1717 1716)
4(238 1641 1718 260)
4(1640 1717 1718 1641)
4(259 260 1718 1717)
4(239 1642 1719 261)
4(1641 1718 1719 1642)
4(260 261 1719 1718)
4(240 1643 1720 262)
4(1642 1719 1720 1643)
4(261 262 1720 1719)
4(1643 1720 1721 1644)
4(262 263 1721 1720)
4(1635 1646 1723 1712)
4(1645 1722 1723 1646)
4(1711 1712 1723 1722)
4(1636 1647 1724 1713)
4(1646 1723 1724 1647)
4(1712 1713 1724 1723)
4(1637 1648 1725 1714)
4(1647 1724 1725 1648)
4(1713 1714 1725 1724)
4(1638 1649 1726 1715)
4(1648 1725 1726 1649)
4(1714 1715 1726 1725)
4(1639 1650 1727 1716)
4(1649 1726 1727 1650)
4(1715 1716 1727 1726)
4(1640 1651 1728 1717)
4(1650 1727 1728 1651)
4(1716 1717 1728 1727)
4(1641 1652 1729 1718)
4(1651 1728 1729 1652)
4(1717 1718 1729 1728)
4(1642 1653 1730 1719)
4(1652 1729 1730 1653)
4(1718 1719 1730 1729)
4(1643 1654 1731 1720)
4(1653 1730 1731 1654)
4(1719 1720 1731 1730)
4(1654 1731 1732 1655)
4(1720 1721 1732 1731)
4(1646 1657 1734 1723)
4(1656 1733 1734 1657)
4(1722 1723 1734 1733)
4(1647 1658 1735 1724)
4(1657 1734 1735 1658)
4(1723 1724 1735 1734)
4(1648 1659 1736 1725)
4(1658 1735 1736 1659)
4(1724 1725 1736 1735)
4(1649 1660 1737 1726)
4(1659 1736 1737 1660)
4(1725 1726 1737 1736)
4(1650 1661 1738 1727)
4(1660 1737 1738 1661)
4(1726 1727 1738 1737)
4(1651 1662 1739 1728)
4(1661 1738 1739 1662)
4(1727 1728 1739 1738)
4(1652 1663 1740 1729)
4(1662 1739 1740 1663)
4(1728 1729 1740 1739)
4(1653 1664 1741 1730)
4(1663 1740 1741 1664)
4(1729 1730 1741 1740)
4(1654 1665 1742 1731)
4(1664 1741 1742 1665)
4(1730 1731 1742 1741)
4(1665 1742 1743 1666)
4(1731 1732 1743 1742)
4(1657 1668 1745 1734)
4(1667 1744 1745 1668)
4(1733 1734 1745 1744)
4(1658 1669 1746 1735)
4(1668 1745 1746 1669)
4(1734 1735 1746 1745)
4(1659 1670 1747 1736)
4(1669 1746 1747 1670)
4(1735 1736 1747 1746)
4(1660 1671 1748 1737)
4(1670 1747 1748 1671)
4(1736 1737 1748 1747)
4(1661 1672 1749 1738)
4(1671 1748 1749 1672)
4(1737 1738 1749 1748)
4(1662 1673 1750 1739)
4(1672 1749 1750 1673)
4(1738 1739 1750 1749)
4(1663 1674 1751 1740)
4(1673 1750 1751 1674)
4(1739 1740 1751 1750)
4(1664 1675 1752 1741)
4(1674 1751 1752 1675)
4(1740 1741 1752 1751)
4(1665 1676 1753 1742)
4(1675 1752 1753 1676)
4(1741 1742 1753 1752)
4(1676 1753 1754 1677)
4(1742 1743 1754 1753)
4(1668 1679 1756 1745)
4(1678 1755 1756 1679)
4(1744 1745 1756 1755)
4(1669 1680 1757 1746)
4(1679 1756 1757 1680)
4(1745 1746 1757 1756)
4(1670 1681 1758 1747)
4(1680 1757 1758 1681)
4(1746 1747 1758 1757)
4(1671 1682 1759 1748)
4(1681 1758 1759 1682)
4(1747 1748 1759 1758)
4(1672 1683 1760 1749)
4(1682 1759 1760 1683)
4(1748 1749 1760 1759)
4(1673 1684 1761 1750)
4(1683 1760 1761 1684)
4(1749 1750 1761 1760)
4(1674 1685 1762 1751)
4(1684 1761 1762 1685)
4(1750 1751 1762 1761)
4(1675 1686 1763 1752)
4(1685 1762 1763 1686)
4(1751 1752 1763 1762)
4(1676 1687 1764 1753)
4(1686 1763 1764 1687)
4(1752 1753 1764 1763)
4(1687 1764 1765 1688)
4(1753 1754 1765 1764)
4(1679 1690 1767 1756)
4(1689 1766 1767 1690)
4(1755 1756 1767 1766)
4(1680 1691 1768 1757)
4(1690 1767 1768 1691)
4(1756 1757 1768 1767)
4(1681 1692 1769 1758)
4(1691 1768 1769 1692)
4(1757 1758 1769 1768)
4(1682 1693 1770 1759)
4(1692 1769 1770 1693)
4(1758 1759 1770 1769)
4(1683 1694 1771 1760)
4(1693 1770 1771 1694)
4(1759 1760 1771 1770)
4(1684 1695 1772 1761)
4(1694 1771 1772 1695)
4(1760 1761 1772 1771)
4(1685 1696 1773 1762)
4(1695 1772 1773 1696)
4(1761 1762 1773 1772)
4(1686 1697 1774 1763)
4(1696 1773 1774 1697)
4(1762 1763 1774 1773)
4(1687 1698 1775 1764)
4(1697 1774 1775 1698)
4(1763 1764 1775 1774)
4(1698 1775 1776 1699)
4(1764 1765 1776 1775)
4(1690 1701 1778 1767)
4(1766 1767 1778 1777)
4(1700 1777 1778 1701)
4(1691 1702 1779 1768)
4(1767 1768 1779 1778)
4(1701 1778 1779 1702)
4(1692 1703 1780 1769)
4(1768 1769 1780 1779)
4(1702 1779 1780 1703)
4(1693 1704 1781 1770)
4(1769 1770 1781 1780)
4(1703 1780 1781 1704)
4(1694 1705 1782 1771)
4(1770 1771 1782 1781)
4(1704 1781 1782 1705)
4(1695 1706 1783 1772)
4(1771 1772 1783 1782)
4(1705 1782 1783 1706)
4(1696 1707 1784 1773)
4(1772 1773 1784 1783)
4(1706 1783 1784 1707)
4(1697 1708 1785 1774)
4(1773 1774 1785 1784)
4(1707 1784 1785 1708)
4(1698 1709 1786 1775)
4(1774 1775 1786 1785)
4(1708 1785 1786 1709)
4(1775 1776 1787 1786)
4(1709 1786 1787 1710)
4(254 1712 1789 276)
4(1711 1788 1789 1712)
4(275 276 1789 1788)
4(255 1713 1790 277)
4(1712 1789 1790 1713)
4(276 277 1790 1789)
4(256 1714 1791 278)
4(1713 1790 1791 1714)
4(277 278 1791 1790)
4(257 1715 1792 279)
4(1714 1791 1792 1715)
4(278 279 1792 1791)
4(258 1716 1793 280)
4(1715 1792 1793 1716)
4(279 280 1793 1792)
4(259 1717 1794 281)
4(1716 1793 1794 1717)
4(280 281 1794 1793)
4(260 1718 1795 282)
4(1717 1794 1795 1718)
4(281 282 1795 1794)
4(261 1719 1796 283)
4(1718 1795 1796 1719)
4(282 283 1796 1795)
4(262 1720 1797 284)
4(1719 1796 1797 1720)
4(283 284 1797 1796)
4(1720 1797 1798 1721)
4(284 285 1798 1797)
4(1712 1723 1800 1789)
4(1722 1799 1800 1723)
4(1788 1789 1800 1799)
4(1713 1724 1801 1790)
4(1723 1800 1801 1724)
4(1789 1790 1801 1800)
4(1714 1725 1802 1791)
4(1724 1801 1802 1725)
4(1790 1791 1802 1801)
4(1715 1726 1803 1792)
4(1725 1802 1803 1726)
4(1791 1792 1803 1802)
4(1716 1727 1804 1793)
4(1726 1803 1804 1727)
4(1792 1793 1804 1803)
4(1717 1728 1805 1794)
4(1727 1804 1805 1728)
4(1793 1794 1805 1804)
4(1718 1729 1806 1795)
4(1728 1805 1806 1729)
4(1794 1795 1806 1805)
4(1719 1730 1807 1796)
4(1729 1806 1807 1730)
4(1795 1796 1807 1806)
4(1720 1731 1808 1797)
4(1730 1807 1808 1731)
4(1796 1797 1808 1807)
4(1731 1808 1809 1732)
4(1797 1798 1809 1808)
4(1723 1734 1811 1800)
4(1733 1810 1811 1734)
4(1799 1800 1811 1810)
4(1724 1735 1812 1801)
4(1734 1811 1812 1735)
4(1800 1801 1812 1811)
4(1725 1736 1813 1802)
4(1735 1812 1813 1736)
4(1801 1802 1813 1812)
4(1726 1737 1814 1803)
4(1736 1813 1814 1737)
4(1802 1803 1814 1813)
4(1727 1738 1815 1804)
4(1737 1814 1815 1738)
4(1803 1804 1815 1814)
4(1728 1739 1816 1805)
4(1738 1815 1816 1739)
4(1804 1805 1816 1815)
4(1729 1740 1817 1806)
4(1739 1816 1817 1740)
4(1805 1806 1817 1816)
4(1730 1741 1818 1807)
4(1740 1817 1818 1741)
4(1806 1807 1818 1817)
4(1731 1742 1819 1808)
4(1741 1818 1819 1742)
4(1807 1808 1819 1818)
4(1742 1819 1820 1743)
4(1808 1809 1820 1819)
4(1734 1745 1822 1811)
4(1744 1821 1822 1745)
4(1810 1811 1822 1821)
4(1735 1746 1823 1812)
4(1745 1822 1823 1746)
4(1811 1812 1823 1822)
4(1736 1747 1824 1813)
4(1746 1823 1824 1747)
4(1812 1813 1824 1823)
4(1737 1748 1825 1814)
4(1747 1824 1825 1748)
4(1813 1814 1825 1824)
4(1738 1749 1826 1815)
4(1748 1825 1826 1749)
4(1814 1815 1826 1825)
4(1739 1750 1827 1816)
4(1749 1826 1827 1750)
4(1815 1816 1827 1826)
4(1740 1751 1828 1817)
4(1750 1827 1828 1751)
4(1816 1817 1828 1827)
4(1741 1752 1829 1818)
4(1751 1828 1829 1752)
4(1817 1818 1829 1828)
4(1742 1753 1830 1819)
4(1752 1829 1830 1753)
4(1818 1819 1830 1829)
4(1753 1830 1831 1754)
4(1819 1820 1831 1830)
4(1745 1756 1833 1822)
4(1755 1832 1833 1756)
4(1821 1822 1833 1832)
4(1746 1757 1834 1823)
4(1756 1833 1834 1757)
4(1822 1823 1834 1833)
4(1747 1758 1835 1824)
4(1757 1834 1835 1758)
4(1823 1824 1835 1834)
4(1748 1759 1836 1825)
4(1758 1835 1836 1759)
4(1824 1825 1836 1835)
4(1749 1760 1837 1826)
4(1759 1836 1837 1760)
4(1825 1826 1837 1836)
4(1750 1761 1838 1827)
4(1760 1837 1838 1761)
4(1826 1827 1838 1837)
4(1751 1762 1839 1828)
4(1761 1838 1839 1762)
4(1827 1828 1839 1838)
4(1752 1763 1840 1829)
4(1762 1839 1840 1763)
4(1828 1829 1840 1839)
4(1753 1764 1841 1830)
4(1763 1840 1841 1764)
4(1829 1830 1841 1840)
4(1764 1841 1842 1765)
4(1830 1831 1842 1841)
4(1756 1767 1844 1833)
4(1766 1843 1844 1767)
4(1832 1833 1844 1843)
4(1757 1768 1845 1834)
4(1767 1844 1845 1768)
4(1833 1834 1845 1844)
4(1758 1769 1846 1835)
4(1768 1845 1846 1769)
4(1834 1835 1846 1845)
4(1759 1770 1847 1836)
4(1769 1846 1847 1770)
4(1835 1836 1847 1846)
4(1760 1771 1848 1837)
4(1770 1847 1848 1771)
4(1836 1837 1848 1847)
4(1761 1772 1849 1838)
4(1771 1848 1849 1772)
4(1837 1838 1849 1848)
4(1762 1773 1850 1839)
4(1772 1849 1850 1773)
4(1838 1839 1850 1849)
4(1763 1774 1851 1840)
4(1773 1850 1851 1774)
4(1839 1840 1851 1850)
4(1764 1775 1852 1841)
4(1774 1851 1852 1775)
4(1840 1841 1852 1851)
4(1775 1852 1853 1776)
4(1841 1842 1853 1852)
4(1767 1778 1855 1844)
4(1843 1844 1855 1854)
4(1777 1854 1855 1778)
4(1768 1779 1856 1845)
4(1844 1845 1856 1855)
4(1778 1855 1856 1779)
4(1769 1780 1857 1846)
4(1845 1846 1857 1856)
4(1779 1856 1857 1780)
4(1770 1781 1858 1847)
4(1846 1847 1858 1857)
4(1780 1857 1858 1781)
4(1771 1782 1859 1848)
4(1847 1848 1859 1858)
4(1781 1858 1859 1782)
4(1772 1783 1860 1849)
4(1848 1849 1860 1859)
4(1782 1859 1860 1783)
4(1773 1784 1861 1850)
4(1849 1850 1861 1860)
4(1783 1860 1861 1784)
4(1774 1785 1862 1851)
4(1850 1851 1862 1861)
4(1784 1861 1862 1785)
4(1775 1786 1863 1852)
4(1851 1852 1863 1862)
4(1785 1862 1863 1786)
4(1852 1853 1864 1863)
4(1786 1863 1864 1787)
4(276 1789 1866 298)
4(1788 1865 1866 1789)
4(297 298 1866 1865)
4(277 1790 1867 299)
4(1789 1866 1867 1790)
4(298 299 1867 1866)
4(278 1791 1868 300)
4(1790 1867 1868 1791)
4(299 300 1868 1867)
4(279 1792 1869 301)
4(1791 1868 1869 1792)
4(300 301 1869 1868)
4(280 1793 1870 302)
4(1792 1869 1870 1793)
4(301 302 1870 1869)
4(281 1794 1871 303)
4(1793 1870 1871 1794)
4(302 303 1871 1870)
4(282 1795 1872 304)
4(1794 1871 1872 1795)
4(303 304 1872 1871)
4(283 1796 1873 305)
4(1795 1872 1873 1796)
4(304 305 1873 1872)
4(284 1797 1874 306)
4(1796 1873 1874 1797)
4(305 306 1874 1873)
4(1797 1874 1875 1798)
4(306 307 1875 1874)
4(1789 1800 1877 1866)
4(1799 1876 1877 1800)
4(1865 1866 1877 1876)
4(1790 1801 1878 1867)
4(1800 1877 1878 1801)
4(1866 1867 1878 1877)
4(1791 1802 1879 1868)
4(1801 1878 1879 1802)
4(1867 1868 1879 1878)
4(1792 1803 1880 1869)
4(1802 1879 1880 1803)
4(1868 1869 1880 1879)
4(1793 1804 1881 1870)
4(1803 1880 1881 1804)
4(1869 1870 1881 1880)
4(1794 1805 1882 1871)
4(1804 1881 1882 1805)
4(1870 1871 1882 1881)
4(1795 1806 1883 1872)
4(1805 1882 1883 1806)
4(1871 1872 1883 1882)
4(1796 1807 1884 1873)
4(1806 1883 1884 1807)
4(1872 1873 1884 1883)
4(1797 1808 1885 1874)
4(1807 1884 1885 1808)
4(1873 1874 1885 1884)
4(1808 1885 1886 1809)
4(1874 1875 1886 1885)
4(1800 1811 1888 1877)
4(1810 1887 1888 1811)
4(1876 1877 1888 1887)
4(1801 1812 1889 1878)
4(1811 1888 1889 1812)
4(1877 1878 1889 1888)
4(1802 1813 1890 1879)
4(1812 1889 1890 1813)
4(1878 1879 1890 1889)
4(1803 1814 1891 1880)
4(1813 1890 1891 1814)
4(1879 1880 1891 1890)
4(1804 1815 1892 1881)
4(1814 1891 1892 1815)
4(1880 1881 1892 1891)
4(1805 1816 1893 1882)
4(1815 1892 1893 1816)
4(1881 1882 1893 1892)
4(1806 1817 1894 1883)
4(1816 1893 1894 1817)
4(1882 1883 1894 1893)
4(1807 1818 1895 1884)
4(1817 1894 1895 1818)
4(1883 1884 1895 1894)
4(1808 1819 1896 1885)
4(1818 1895 1896 1819)
4(1884 1885 1896 1895)
4(1819 1896 1897 1820)
4(1885 1886 1897 1896)
4(1811 1822 1899 1888)
4(1821 1898 1899 1822)
4(1887 1888 1899 1898)
4(1812 1823 1900 1889)
4(1822 1899 1900 1823)
4(1888 1889 1900 1899)
4(1813 1824 1901 1890)
4(1823 1900 1901 1824)
4(1889 1890 1901 1900)
4(1814 1825 1902 1891)
4(1824 1901 1902 1825)
4(1890 1891 1902 1901)
4(1815 1826 1903 1892)
4(1825 1902 1903 1826)
4(1891 1892 1903 1902)
4(1816 1827 1904 1893)
4(1826 1903 1904 1827)
4(1892 1893 1904 1903)
4(1817 1828 1905 1894)
4(1827 1904 1905 1828)
4(1893 1894 1905 1904)
4(1818 1829 1906 1895)
4(1828 1905 1906 1829)
4(1894 1895 1906 1905)
4(1819 1830 1907 1896)
4(1829 1906 1907 1830)
4(1895 1896 1907 1906)
4(1830 1907 1908 1831)
4(1896 1897 1908 1907)
4(1822 1833 1910 1899)
4(1832 1909 1910 1833)
4(1898 1899 1910 1909)
4(1823 1834 1911 1900)
4(1833 1910 1911 1834)
4(1899 1900 1911 1910)
4(1824 1835 1912 1901)
4(1834 1911 1912 1835)
4(1900 1901 1912 1911)
4(1825 1836 1913 1902)
4(1835 1912 1913 1836)
4(1901 1902 1913 1912)
4(1826 1837 1914 1903)
4(1836 1913 1914 1837)
4(1902 1903 1914 1913)
4(1827 1838 1915 1904)
4(1837 1914 1915 1838)
4(1903 1904 1915 1914)
4(1828 1839 1916 1905)
4(1838 1915 1916 1839)
4(1904 1905 1916 1915)
4(1829 1840 1917 1906)
4(1839 1916 1917 1840)
4(1905 1906 1917 1916)
4(1830 1841 1918 1907)
4(1840 1917 1918 1841)
4(1906 1907 1918 1917)
4(1841 1918 1919 1842)
4(1907 1908 1919 1918)
4(1833 1844 1921 1910)
4(1843 1920 1921 1844)
4(1909 1910 1921 1920)
4(1834 1845 1922 1911)
4(1844 1921 1922 1845)
4(1910 1911 1922 1921)
4(1835 1846 1923 1912)
4(1845 1922 1923 1846)
4(1911 1912 1923 1922)
4(1836 1847 1924 1913)
4(1846 1923 1924 1847)
4(1912 1913 1924 1923)
4(1837 1848 1925 1914)
4(1847 1924 1925 1848)
4(1913 1914 1925 1924)
4(1838 1849 1926 1915)
4(1848 1925 1926 1849)
4(1914 1915 1926 1925)
4(1839 1850 1927 1916)
4(1849 1926 1927 1850)
4(1915 1916 1927 1926)
4(1840 1851 1928 1917)
4(1850 1927 1928 1851)
4(1916 1917 1928 1927)
4(1841 1852 1929 1918)
4(1851 1928 1929 1852)
4(1917 1918 1929 1928)
4(1852 1929 1930 1853)
4(1918 1919 1930 1929)
4(1844 1855 1932 1921)
4(1920 1921 1932 1931)
4(1854 1931 1932 1855)
4(1845 1856 1933 1922)
4(1921 1922 1933 1932)
4(1855 1932 1933 1856)
4(1846 1857 1934 1923)
4(1922 1923 1934 1933)
4(1856 1933 1934 1857)
4(1847 1858 1935 1924)
4(1923 1924 1935 1934)
4(1857 1934 1935 1858)
4(1848 1859 1936 1925)
4(1924 1925 1936 1935)
4(1858 1935 1936 1859)
4(1849 1860 1937 1926)
4(1925 1926 1937 1936)
4(1859 1936 1937 1860)
4(1850 1861 1938 1927)
4(1926 1927 1938 1937)
4(1860 1937 1938 1861)
4(1851 1862 1939 1928)
4(1927 1928 1939 1938)
4(1861 1938 1939 1862)
4(1852 1863 1940 1929)
4(1928 1929 1940 1939)
4(1862 1939 1940 1863)
4(1929 1930 1941 1940)
4(1863 1940 1941 1864)
4(298 1866 1943 320)
4(1865 1942 1943 1866)
4(319 320 1943 1942)
4(299 1867 1944 321)
4(1866 1943 1944 1867)
4(320 321 1944 1943)
4(300 1868 1945 322)
4(1867 1944 1945 1868)
4(321 322 1945 1944)
4(301 1869 1946 323)
4(1868 1945 1946 1869)
4(322 323 1946 1945)
4(302 1870 1947 324)
4(1869 1946 1947 1870)
4(323 324 1947 1946)
4(303 1871 1948 325)
4(1870 1947 1948 1871)
4(324 325 1948 1947)
4(304 1872 1949 326)
4(1871 1948 1949 1872)
4(325 326 1949 1948)
4(305 1873 1950 327)
4(1872 1949 1950 1873)
4(326 327 1950 1949)
4(306 1874 1951 328)
4(1873 1950 1951 1874)
4(327 328 1951 1950)
4(1874 1951 1952 1875)
4(328 329 1952 1951)
4(1866 1877 1954 1943)
4(1876 1953 1954 1877)
4(1942 1943 1954 1953)
4(1867 1878 1955 1944)
4(1877 1954 1955 1878)
4(1943 1944 1955 1954)
4(1868 1879 1956 1945)
4(1878 1955 1956 1879)
4(1944 1945 1956 1955)
4(1869 1880 1957 1946)
4(1879 1956 1957 1880)
4(1945 1946 1957 1956)
4(1870 1881 1958 1947)
4(1880 1957 1958 1881)
4(1946 1947 1958 1957)
4(1871 1882 1959 1948)
4(1881 1958 1959 1882)
4(1947 1948 1959 1958)
4(1872 1883 1960 1949)
4(1882 1959 1960 1883)
4(1948 1949 1960 1959)
4(1873 1884 1961 1950)
4(1883 1960 1961 1884)
4(1949 1950 1961 1960)
4(1874 1885 1962 1951)
4(1884 1961 1962 1885)
4(1950 1951 1962 1961)
4(1885 1962 1963 1886)
4(1951 1952 1963 1962)
4(1877 1888 1965 1954)
4(1887 1964 1965 1888)
4(1953 1954 1965 1964)
4(1878 1889 1966 1955)
4(1888 1965 1966 1889)
4(1954 1955 1966 1965)
4(1879 1890 1967 1956)
4(1889 1966 1967 1890)
4(1955 1956 1967 1966)
4(1880 1891 1968 1957)
4(1890 1967 1968 1891)
4(1956 1957 1968 1967)
4(1881 1892 1969 1958)
4(1891 1968 1969 1892)
4(1957 1958 1969 1968)
4(1882 1893 1970 1959)
4(1892 1969 1970 1893)
4(1958 1959 1970 1969)
4(1883 1894 1971 1960)
4(1893 1970 1971 1894)
4(1959 1960 1971 1970)
4(1884 1895 1972 1961)
4(1894 1971 1972 1895)
4(1960 1961 1972 1971)
4(1885 1896 1973 1962)
4(1895 1972 1973 1896)
4(1961 1962 1973 1972)
4(1896 1973 1974 1897)
4(1962 1963 1974 1973)
4(1888 1899 1976 1965)
4(1898 1975 1976 1899)
4(1964 1965 1976 1975)
4(1889 1900 1977 1966)
4(1899 1976 1977 1900)
4(1965 1966 1977 1976)
4(1890 1901 1978 1967)
4(1900 1977 1978 1901)
4(1966 1967 1978 1977)
4(1891 1902 1979 1968)
4(1901 1978 1979 1902)
4(1967 1968 1979 1978)
4(1892 1903 1980 1969)
4(1902 1979 1980 1903)
4(1968 1969 1980 1979)
4(1893 1904 1981 1970)
4(1903 1980 1981 1904)
4(1969 1970 1981 1980)
4(1894 1905 1982 1971)
4(1904 1981 1982 1905)
4(1970 1971 1982 1981)
4(1895 1906 1983 1972)
4(1905 1982 1983 1906)
4(1971 1972 1983 1982)
4(1896 1907 1984 1973)
4(1906 1983 1984 1907)
4(1972 1973 1984 1983)
4(1907 1984 1985 1908)
4(1973 1974 1985 1984)
4(1899 1910 1987 1976)
4(1909 1986 1987 1910)
4(1975 1976 1987 1986)
4(1900 1911 1988 1977)
4(1910 1987 1988 1911)
4(1976 1977 1988 1987)
4(1901 1912 1989 1978)
4(1911 1988 1989 1912)
4(1977 1978 1989 1988)
4(1902 1913 1990 1979)
4(1912 1989 1990 1913)
4(1978 1979 1990 1989)
4(1903 1914 1991 1980)
4(1913 1990 1991 1914)
4(1979 1980 1991 1990)
4(1904 1915 1992 1981)
4(1914 1991 1992 1915)
4(1980 1981 1992 1991)
4(1905 1916 1993 1982)
4(1915 1992 1993 1916)
4(1981 1982 1993 1992)
4(1906 1917 1994 1983)
4(1916 1993 1994 1917)
4(1982 1983 1994 1993)
4(1907 1918 1995 1984)
4(1917 1994 1995 1918)
4(1983 1984 1995 1994)
4(1918 1995 1996 1919)
4(1984 1985 1996 1995)
4(1910 1921 1998 1987)
4(1920 1997 1998 1921)
4(1986 1987 1998 1997)
4(1911 1922 1999 1988)
4(1921 1998 1999 1922)
4(1987 1988 1999 1998)
4(1912 1923 2000 1989)
4(1922 1999 2000 1923)
4(1988 1989 2000 1999)
4(1913 1924 2001 1990)
4(1923 2000 2001 1924)
4(1989 1990 2001 2000)
4(1914 1925 2002 1991)
4(1924 2001 2002 1925)
4(1990 1991 2002 2001)
4(1915 1926 2003 1992)
4(1925 2002 2003 1926)
4(1991 1992 2003 2002)
4(1916 1927 2004 1993)
4(1926 2003 2004 1927)
4(1992 1993 2004 2003)
4(1917 1928 2005 1994)
4(1927 2004 2005 1928)
4(1993 1994 2005 2004)
4(1918 1929 2006 1995)
4(1928 2005 2006 1929)
4(1994 1995 2006 2005)
4(1929 2006 2007 1930)
4(1995 1996 2007 2006)
4(1921 1932 2009 1998)
4(1997 1998 2009 2008)
4(1931 2008 2009 1932)
4(1922 1933 2010 1999)
4(1998 1999 2010 2009)
4(1932 2009 2010 1933)
4(1923 1934 2011 2000)
4(1999 2000 2011 2010)
4(1933 2010 2011 1934)
4(1924 1935 2012 2001)
4(2000 2001 2012 2011)
4(1934 2011 2012 1935)
4(1925 1936 2013 2002)
4(2001 2002 2013 2012)
4(1935 2012 2013 1936)
4(1926 1937 2014 2003)
4(2002 2003 2014 2013)
4(1936 2013 2014 1937)
4(1927 1938 2015 2004)
4(2003 2004 2015 2014)
4(1937 2014 2015 1938)
4(1928 1939 2016 2005)
4(2004 2005 2016 2015)
4(1938 2015 2016 1939)
4(1929 1940 2017 2006)
4(2005 2006 2017 2016)
4(1939 2016 2017 1940)
4(2006 2007 2018 2017)
4(1940 2017 2018 1941)
4(320 1943 2020 342)
4(1942 2019 2020 1943)
4(321 1944 2021 343)
4(1943 2020 2021 1944)
4(322 1945 2022 344)
4(1944 2021 2022 1945)
4(323 1946 2023 345)
4(1945 2022 2023 1946)
4(324 1947 2024 346)
4(1946 2023 2024 1947)
4(325 1948 2025 347)
4(1947 2024 2025 1948)
4(326 1949 2026 348)
4(1948 2025 2026 1949)
4(327 1950 2027 349)
4(1949 2026 2027 1950)
4(328 1951 2028 350)
4(1950 2027 2028 1951)
4(1951 2028 2029 1952)
4(1943 1954 2031 2020)
4(1953 2030 2031 1954)
4(1944 1955 2032 2021)
4(1954 2031 2032 1955)
4(1945 1956 2033 2022)
4(1955 2032 2033 1956)
4(1946 1957 2034 2023)
4(1956 2033 2034 1957)
4(1947 1958 2035 2024)
4(1957 2034 2035 1958)
4(1948 1959 2036 2025)
4(1958 2035 2036 1959)
4(1949 1960 2037 2026)
4(1959 2036 2037 1960)
4(1950 1961 2038 2027)
4(1960 2037 2038 1961)
4(1951 1962 2039 2028)
4(1961 2038 2039 1962)
4(1962 2039 2040 1963)
4(1954 1965 2042 2031)
4(1964 2041 2042 1965)
4(1955 1966 2043 2032)
4(1965 2042 2043 1966)
4(1956 1967 2044 2033)
4(1966 2043 2044 1967)
4(1957 1968 2045 2034)
4(1967 2044 2045 1968)
4(1958 1969 2046 2035)
4(1968 2045 2046 1969)
4(1959 1970 2047 2036)
4(1969 2046 2047 1970)
4(1960 1971 2048 2037)
4(1970 2047 2048 1971)
4(1961 1972 2049 2038)
4(1971 2048 2049 1972)
4(1962 1973 2050 2039)
4(1972 2049 2050 1973)
4(1973 2050 2051 1974)
4(1965 1976 2053 2042)
4(1975 2052 2053 1976)
4(1966 1977 2054 2043)
4(1976 2053 2054 1977)
4(1967 1978 2055 2044)
4(1977 2054 2055 1978)
4(1968 1979 2056 2045)
4(1978 2055 2056 1979)
4(1969 1980 2057 2046)
4(1979 2056 2057 1980)
4(1970 1981 2058 2047)
4(1980 2057 2058 1981)
4(1971 1982 2059 2048)
4(1981 2058 2059 1982)
4(1972 1983 2060 2049)
4(1982 2059 2060 1983)
4(1973 1984 2061 2050)
4(1983 2060 2061 1984)
4(1984 2061 2062 1985)
4(1976 1987 2064 2053)
4(1986 2063 2064 1987)
4(1977 1988 2065 2054)
4(1987 2064 2065 1988)
4(1978 1989 2066 2055)
4(1988 2065 2066 1989)
4(1979 1990 2067 2056)
4(1989 2066 2067 1990)
4(1980 1991 2068 2057)
4(1990 2067 2068 1991)
4(1981 1992 2069 2058)
4(1991 2068 2069 1992)
4(1982 1993 2070 2059)
4(1992 2069 2070 1993)
4(1983 1994 2071 2060)
4(1993 2070 2071 1994)
4(1984 1995 2072 2061)
4(1994 2071 2072 1995)
4(1995 2072 2073 1996)
4(1987 1998 2075 2064)
4(1997 2074 2075 1998)
4(1988 1999 2076 2065)
4(1998 2075 2076 1999)
4(1989 2000 2077 2066)
4(1999 2076 2077 2000)
4(1990 2001 2078 2067)
4(2000 2077 2078 2001)
4(1991 2002 2079 2068)
4(2001 2078 2079 2002)
4(1992 2003 2080 2069)
4(2002 2079 2080 2003)
4(1993 2004 2081 2070)
4(2003 2080 2081 2004)
4(1994 2005 2082 2071)
4(2004 2081 2082 2005)
4(1995 2006 2083 2072)
4(2005 2082 2083 2006)
4(2006 2083 2084 2007)
4(1998 2009 2086 2075)
4(2008 2085 2086 2009)
4(1999 2010 2087 2076)
4(2009 2086 2087 2010)
4(2000 2011 2088 2077)
4(2010 2087 2088 2011)
4(2001 2012 2089 2078)
4(2011 2088 2089 2012)
4(2002 2013 2090 2079)
4(2012 2089 2090 2013)
4(2003 2014 2091 2080)
4(2013 2090 2091 2014)
4(2004 2015 2092 2081)
4(2014 2091 2092 2015)
4(2005 2016 2093 2082)
4(2015 2092 2093 2016)
4(2006 2017 2094 2083)
4(2016 2093 2094 2017)
4(2017 2094 2095 2018)
4(368 2208 2236 372)
4(2096 2103 2236 2208)
4(353 372 2236 2103)
4(369 2209 2237 373)
4(2208 2236 2237 2209)
4(372 373 2237 2236)
4(370 2210 2238 374)
4(2209 2237 2238 2210)
4(373 374 2238 2237)
4(2210 2238 2239 2211)
4(374 375 2239 2238)
4(2208 2212 2240 2236)
4(2097 2104 2240 2212)
4(2103 2236 2240 2104)
4(2209 2213 2241 2237)
4(2212 2240 2241 2213)
4(2236 2237 2241 2240)
4(2210 2214 2242 2238)
4(2213 2241 2242 2214)
4(2237 2238 2242 2241)
4(2214 2242 2243 2215)
4(2238 2239 2243 2242)
4(2212 2216 2244 2240)
4(2098 2105 2244 2216)
4(2104 2240 2244 2105)
4(2213 2217 2245 2241)
4(2216 2244 2245 2217)
4(2240 2241 2245 2244)
4(2214 2218 2246 2242)
4(2217 2245 2246 2218)
4(2241 2242 2246 2245)
4(2218 2246 2247 2219)
4(2242 2243 2247 2246)
4(2216 2220 2248 2244)
4(2099 2106 2248 2220)
4(2105 2244 2248 2106)
4(2217 2221 2249 2245)
4(2220 2248 2249 2221)
4(2244 2245 2249 2248)
4(2218 2222 2250 2246)
4(2221 2249 2250 2222)
4(2245 2246 2250 2249)
4(2222 2250 2251 2223)
4(2246 2247 2251 2250)
4(2220 2224 2252 2248)
4(2100 2107 2252 2224)
4(2106 2248 2252 2107)
4(2221 2225 2253 2249)
4(2224 2252 2253 2225)
4(2248 2249 2253 2252)
4(2222 2226 2254 2250)
4(2225 2253 2254 2226)
4(2249 2250 2254 2253)
4(2226 2254 2255 2227)
4(2250 2251 2255 2254)
4(2224 2228 2256 2252)
4(2101 2108 2256 2228)
4(2107 2252 2256 2108)
4(2225 2229 2257 2253)
4(2228 2256 2257 2229)
4(2252 2253 2257 2256)
4(2226 2230 2258 2254)
4(2229 2257 2258 2230)
4(2253 2254 2258 2257)
4(2230 2258 2259 2231)
4(2254 2255 2259 2258)
4(2228 2232 2260 2256)
4(2108 2256 2260 2109)
4(2102 2109 2260 2232)
4(2229 2233 2261 2257)
4(2256 2257 2261 2260)
4(2232 2260 2261 2233)
4(2230 2234 2262 2258)
4(2257 2258 2262 2261)
4(2233 2261 2262 2234)
4(2258 2259 2263 2262)
4(2234 2262 2263 2235)
4(372 2236 2264 376)
4(2103 2110 2264 2236)
4(354 376 2264 2110)
4(373 2237 2265 377)
4(2236 2264 2265 2237)
4(376 377 2265 2264)
4(374 2238 2266 378)
4(2237 2265 2266 2238)
4(377 378 2266 2265)
4(2238 2266 2267 2239)
4(378 379 2267 2266)
4(2236 2240 2268 2264)
4(2104 2111 2268 2240)
4(2110 2264 2268 2111)
4(2237 2241 2269 2265)
4(2240 2268 2269 2241)
4(2264 2265 2269 2268)
4(2238 2242 2270 2266)
4(2241 2269 2270 2242)
4(2265 2266 2270 2269)
4(2242 2270 2271 2243)
4(2266 2267 2271 2270)
4(2240 2244 2272 2268)
4(2105 2112 2272 2244)
4(2111 2268 2272 2112)
4(2241 2245 2273 2269)
4(2244 2272 2273 2245)
4(2268 2269 2273 2272)
4(2242 2246 2274 2270)
4(2245 2273 2274 2246)
4(2269 2270 2274 2273)
4(2246 2274 2275 2247)
4(2270 2271 2275 2274)
4(2244 2248 2276 2272)
4(2106 2113 2276 2248)
4(2112 2272 2276 2113)
4(2245 2249 2277 2273)
4(2248 2276 2277 2249)
4(2272 2273 2277 2276)
4(2246 2250 2278 2274)
4(2249 2277 2278 2250)
4(2273 2274 2278 2277)
4(2250 2278 2279 2251)
4(2274 2275 2279 2278)
4(2248 2252 2280 2276)
4(2107 2114 2280 2252)
4(2113 2276 2280 2114)
4(2249 2253 2281 2277)
4(2252 2280 2281 2253)
4(2276 2277 2281 2280)
4(2250 2254 2282 2278)
4(2253 2281 2282 2254)
4(2277 2278 2282 2281)
4(2254 2282 2283 2255)
4(2278 2279 2283 2282)
4(2252 2256 2284 2280)
4(2108 2115 2284 2256)
4(2114 2280 2284 2115)
4(2253 2257 2285 2281)
4(2256 2284 2285 2257)
4(2280 2281 2285 2284)
4(2254 2258 2286 2282)
4(2257 2285 2286 2258)
4(2281 2282 2286 2285)
4(2258 2286 2287 2259)
4(2282 2283 2287 2286)
4(2256 2260 2288 2284)
4(2115 2284 2288 2116)
4(2109 2116 2288 2260)
4(2257 2261 2289 2285)
4(2284 2285 2289 2288)
4(2260 2288 2289 2261)
4(2258 2262 2290 2286)
4(2285 2286 2290 2289)
4(2261 2289 2290 2262)
4(2286 2287 2291 2290)
4(2262 2290 2291 2263)
4(376 2264 2292 380)
4(2110 2117 2292 2264)
4(355 380 2292 2117)
4(377 2265 2293 381)
4(2264 2292 2293 2265)
4(380 381 2293 2292)
4(378 2266 2294 382)
4(2265 2293 2294 2266)
4(381 382 2294 2293)
4(2266 2294 2295 2267)
4(382 383 2295 2294)
4(2264 2268 2296 2292)
4(2111 2118 2296 2268)
4(2117 2292 2296 2118)
4(2265 2269 2297 2293)
4(2268 2296 2297 2269)
4(2292 2293 2297 2296)
4(2266 2270 2298 2294)
4(2269 2297 2298 2270)
4(2293 2294 2298 2297)
4(2270 2298 2299 2271)
4(2294 2295 2299 2298)
4(2268 2272 2300 2296)
4(2112 2119 2300 2272)
4(2118 2296 2300 2119)
4(2269 2273 2301 2297)
4(2272 2300 2301 2273)
4(2296 2297 2301 2300)
4(2270 2274 2302 2298)
4(2273 2301 2302 2274)
4(2297 2298 2302 2301)
4(2274 2302 2303 2275)
4(2298 2299 2303 2302)
4(2272 2276 2304 2300)
4(2113 2120 2304 2276)
4(2119 2300 2304 2120)
4(2273 2277 2305 2301)
4(2276 2304 2305 2277)
4(2300 2301 2305 2304)
4(2274 2278 2306 2302)
4(2277 2305 2306 2278)
4(2301 2302 2306 2305)
4(2278 2306 2307 2279)
4(2302 2303 2307 2306)
4(2276 2280 2308 2304)
4(2114 2121 2308 2280)
4(2120 2304 2308 2121)
4(2277 2281 2309 2305)
4(2280 2308 2309 2281)
4(2304 2305 2309 2308)
4(2278 2282 2310 2306)
4(2281 2309 2310 2282)
4(2305 2306 2310 2309)
4(2282 2310 2311 2283)
4(2306 2307 2311 2310)
4(2280 2284 2312 2308)
4(2115 2122 2312 2284)
4(2121 2308 2312 2122)
4(2281 2285 2313 2309)
4(2284 2312 2313 2285)
4(2308 2309 2313 2312)
4(2282 2286 2314 2310)
4(2285 2313 2314 2286)
4(2309 2310 2314 2313)
4(2286 2314 2315 2287)
4(2310 2311 2315 2314)
4(2284 2288 2316 2312)
4(2122 2312 2316 2123)
4(2116 2123 2316 2288)
4(2285 2289 2317 2313)
4(2312 2313 2317 2316)
4(2288 2316 2317 2289)
4(2286 2290 2318 2314)
4(2313 2314 2318 2317)
4(2289 2317 2318 2290)
4(2314 2315 2319 2318)
4(2290 2318 2319 2291)
4(380 2292 2320 384)
4(2117 2124 2320 2292)
4(356 384 2320 2124)
4(381 2293 2321 385)
4(2292 2320 2321 2293)
4(384 385 2321 2320)
4(382 2294 2322 386)
4(2293 2321 2322 2294)
4(385 386 2322 2321)
4(2294 2322 2323 2295)
4(386 387 2323 2322)
4(2292 2296 2324 2320)
4(2118 2125 2324 2296)
4(2124 2320 2324 2125)
4(2293 2297 2325 2321)
4(2296 2324 2325 2297)
4(2320 2321 2325 2324)
4(2294 2298 2326 2322)
4(2297 2325 2326 2298)
4(2321 2322 2326 2325)
4(2298 2326 2327 2299)
4(2322 2323 2327 2326)
4(2296 2300 2328 2324)
4(2119 2126 2328 2300)
4(2125 2324 2328 2126)
4(2297 2301 2329 2325)
4(2300 2328 2329 2301)
4(2324 2325 2329 2328)
4(2298 2302 2330 2326)
4(2301 2329 2330 2302)
4(2325 2326 2330 2329)
4(2302 2330 2331 2303)
4(2326 2327 2331 2330)
4(2300 2304 2332 2328)
4(2120 2127 2332 2304)
4(2126 2328 2332 2127)
4(2301 2305 2333 2329)
4(2304 2332 2333 2305)
4(2328 2329 2333 2332)
4(2302 2306 2334 2330)
4(2305 2333 2334 2306)
4(2329 2330 2334 2333)
4(2306 2334 2335 2307)
4(2330 2331 2335 2334)
4(2304 2308 2336 2332)
4(2121 2128 2336 2308)
4(2127 2332 2336 2128)
4(2305 2309 2337 2333)
4(2308 2336 2337 2309)
4(2332 2333 2337 2336)
4(2306 2310 2338 2334)
4(2309 2337 2338 2310)
4(2333 2334 2338 2337)
4(2310 2338 2339 2311)
4(2334 2335 2339 2338)
4(2308 2312 2340 2336)
4(2122 2129 2340 2312)
4(2128 2336 2340 2129)
4(2309 2313 2341 2337)
4(2312 2340 2341 2313)
4(2336 2337 2341 2340)
4(2310 2314 2342 2338)
4(2313 2341 2342 2314)
4(2337 2338 2342 2341)
4(2314 2342 2343 2315)
4(2338 2339 2343 2342)
4(2312 2316 2344 2340)
4(2129 2340 2344 2130)
4(2123 2130 2344 2316)
4(2313 2317 2345 2341)
4(2340 2341 2345 2344)
4(2316 2344 2345 2317)
4(2314 2318 2346 2342)
4(2341 2342 2346 2345)
4(2317 2345 2346 2318)
4(2342 2343 2347 2346)
4(2318 2346 2347 2319)
4(384 2320 2348 388)
4(2124 2131 2348 2320)
4(357 388 2348 2131)
4(385 2321 2349 389)
4(2320 2348 2349 2321)
4(388 389 2349 2348)
4(386 2322 2350 390)
4(2321 2349 2350 2322)
4(389 390 2350 2349)
4(2322 2350 2351 2323)
4(390 391 2351 2350)
4(2320 2324 2352 2348)
4(2125 2132 2352 2324)
4(2131 2348 2352 2132)
4(2321 2325 2353 2349)
4(2324 2352 2353 2325)
4(2348 2349 2353 2352)
4(2322 2326 2354 2350)
4(2325 2353 2354 2326)
4(2349 2350 2354 2353)
4(2326 2354 2355 2327)
4(2350 2351 2355 2354)
4(2324 2328 2356 2352)
4(2126 2133 2356 2328)
4(2132 2352 2356 2133)
4(2325 2329 2357 2353)
4(2328 2356 2357 2329)
4(2352 2353 2357 2356)
4(2326 2330 2358 2354)
4(2329 2357 2358 2330)
4(2353 2354 2358 2357)
4(2330 2358 2359 2331)
4(2354 2355 2359 2358)
4(2328 2332 2360 2356)
4(2127 2134 2360 2332)
4(2133 2356 2360 2134)
4(2329 2333 2361 2357)
4(2332 2360 2361 2333)
4(2356 2357 2361 2360)
4(2330 2334 2362 2358)
4(2333 2361 2362 2334)
4(2357 2358 2362 2361)
4(2334 2362 2363 2335)
4(2358 2359 2363 2362)
4(2332 2336 2364 2360)
4(2128 2135 2364 2336)
4(2134 2360 2364 2135)
4(2333 2337 2365 2361)
4(2336 2364 2365 2337)
4(2360 2361 2365 2364)
4(2334 2338 2366 2362)
4(2337 2365 2366 2338)
4(2361 2362 2366 2365)
4(2338 2366 2367 2339)
4(2362 2363 2367 2366)
4(2336 2340 2368 2364)
4(2129 2136 2368 2340)
4(2135 2364 2368 2136)
4(2337 2341 2369 2365)
4(2340 2368 2369 2341)
4(2364 2365 2369 2368)
4(2338 2342 2370 2366)
4(2341 2369 2370 2342)
4(2365 2366 2370 2369)
4(2342 2370 2371 2343)
4(2366 2367 2371 2370)
4(2340 2344 2372 2368)
4(2136 2368 2372 2137)
4(2130 2137 2372 2344)
4(2341 2345 2373 2369)
4(2368 2369 2373 2372)
4(2344 2372 2373 2345)
4(2342 2346 2374 2370)
4(2369 2370 2374 2373)
4(2345 2373 2374 2346)
4(2370 2371 2375 2374)
4(2346 2374 2375 2347)
4(388 2348 2376 392)
4(2131 2138 2376 2348)
4(358 392 2376 2138)
4(389 2349 2377 393)
4(2348 2376 2377 2349)
4(392 393 2377 2376)
4(390 2350 2378 394)
4(2349 2377 2378 2350)
4(393 394 2378 2377)
4(2350 2378 2379 2351)
4(394 395 2379 2378)
4(2348 2352 2380 2376)
4(2132 2139 2380 2352)
4(2138 2376 2380 2139)
4(2349 2353 2381 2377)
4(2352 2380 2381 2353)
4(2376 2377 2381 2380)
4(2350 2354 2382 2378)
4(2353 2381 2382 2354)
4(2377 2378 2382 2381)
4(2354 2382 2383 2355)
4(2378 2379 2383 2382)
4(2352 2356 2384 2380)
4(2133 2140 2384 2356)
4(2139 2380 2384 2140)
4(2353 2357 2385 2381)
4(2356 2384 2385 2357)
4(2380 2381 2385 2384)
4(2354 2358 2386 2382)
4(2357 2385 2386 2358)
4(2381 2382 2386 2385)
4(2358 2386 2387 2359)
4(2382 2383 2387 2386)
4(2356 2360 2388 2384)
4(2134 2141 2388 2360)
4(2140 2384 2388 2141)
4(2357 2361 2389 2385)
4(2360 2388 2389 2361)
4(2384 2385 2389 2388)
4(2358 2362 2390 2386)
4(2361 2389 2390 2362)
4(2385 2386 2390 2389)
4(2362 2390 2391 2363)
4(2386 2387 2391 2390)
4(2360 2364 2392 2388)
4(2135 2142 2392 2364)
4(2141 2388 2392 2142)
4(2361 2365 2393 2389)
4(2364 2392 2393 2365)
4(2388 2389 2393 2392)
4(2362 2366 2394 2390)
4(2365 2393 2394 2366)
4(2389 2390 2394 2393)
4(2366 2394 2395 2367)
4(2390 2391 2395 2394)
4(2364 2368 2396 2392)
4(2136 2143 2396 2368)
4(2142 2392 2396 2143)
4(2365 2369 2397 2393)
4(2368 2396 2397 2369)
4(2392 2393 2397 2396)
4(2366 2370 2398 2394)
4(2369 2397 2398 2370)
4(2393 2394 2398 2397)
4(2370 2398 2399 2371)
4(2394 2395 2399 2398)
4(2368 2372 2400 2396)
4(2143 2396 2400 2144)
4(2137 2144 2400 2372)
4(2369 2373 2401 2397)
4(2396 2397 2401 2400)
4(2372 2400 2401 2373)
4(2370 2374 2402 2398)
4(2397 2398 2402 2401)
4(2373 2401 2402 2374)
4(2398 2399 2403 2402)
4(2374 2402 2403 2375)
4(392 2376 2404 396)
4(2138 2145 2404 2376)
4(359 396 2404 2145)
4(393 2377 2405 397)
4(2376 2404 2405 2377)
4(396 397 2405 2404)
4(394 2378 2406 398)
4(2377 2405 2406 2378)
4(397 398 2406 2405)
4(2378 2406 2407 2379)
4(398 399 2407 2406)
4(2376 2380 2408 2404)
4(2139 2146 2408 2380)
4(2145 2404 2408 2146)
4(2377 2381 2409 2405)
4(2380 2408 2409 2381)
4(2404 2405 2409 2408)
4(2378 2382 2410 2406)
4(2381 2409 2410 2382)
4(2405 2406 2410 2409)
4(2382 2410 2411 2383)
4(2406 2407 2411 2410)
4(2380 2384 2412 2408)
4(2140 2147 2412 2384)
4(2146 2408 2412 2147)
4(2381 2385 2413 2409)
4(2384 2412 2413 2385)
4(2408 2409 2413 2412)
4(2382 2386 2414 2410)
4(2385 2413 2414 2386)
4(2409 2410 2414 2413)
4(2386 2414 2415 2387)
4(2410 2411 2415 2414)
4(2384 2388 2416 2412)
4(2141 2148 2416 2388)
4(2147 2412 2416 2148)
4(2385 2389 2417 2413)
4(2388 2416 2417 2389)
4(2412 2413 2417 2416)
4(2386 2390 2418 2414)
4(2389 2417 2418 2390)
4(2413 2414 2418 2417)
4(2390 2418 2419 2391)
4(2414 2415 2419 2418)
4(2388 2392 2420 2416)
4(2142 2149 2420 2392)
4(2148 2416 2420 2149)
4(2389 2393 2421 2417)
4(2392 2420 2421 2393)
4(2416 2417 2421 2420)
4(2390 2394 2422 2418)
4(2393 2421 2422 2394)
4(2417 2418 2422 2421)
4(2394 2422 2423 2395)
4(2418 2419 2423 2422)
4(2392 2396 2424 2420)
4(2143 2150 2424 2396)
4(2149 2420 2424 2150)
4(2393 2397 2425 2421)
4(2396 2424 2425 2397)
4(2420 2421 2425 2424)
4(2394 2398 2426 2422)
4(2397 2425 2426 2398)
4(2421 2422 2426 2425)
4(2398 2426 2427 2399)
4(2422 2423 2427 2426)
4(2396 2400 2428 2424)
4(2150 2424 2428 2151)
4(2144 2151 2428 2400)
4(2397 2401 2429 2425)
4(2424 2425 2429 2428)
4(2400 2428 2429 2401)
4(2398 2402 2430 2426)
4(2425 2426 2430 2429)
4(2401 2429 2430 2402)
4(2426 2427 2431 2430)
4(2402 2430 2431 2403)
4(396 2404 2432 400)
4(2145 2152 2432 2404)
4(360 400 2432 2152)
4(397 2405 2433 401)
4(2404 2432 2433 2405)
4(400 401 2433 2432)
4(398 2406 2434 402)
4(2405 2433 2434 2406)
4(401 402 2434 2433)
4(2406 2434 2435 2407)
4(402 403 2435 2434)
4(2404 2408 2436 2432)
4(2146 2153 2436 2408)
4(2152 2432 2436 2153)
4(2405 2409 2437 2433)
4(2408 2436 2437 2409)
4(2432 2433 2437 2436)
4(2406 2410 2438 2434)
4(2409 2437 2438 2410)
4(2433 2434 2438 2437)
4(2410 2438 2439 2411)
4(2434 2435 2439 2438)
4(2408 2412 2440 2436)
4(2147 2154 2440 2412)
4(2153 2436 2440 2154)
4(2409 2413 2441 2437)
4(2412 2440 2441 2413)
4(2436 2437 2441 2440)
4(2410 2414 2442 2438)
4(2413 2441 2442 2414)
4(2437 2438 2442 2441)
4(2414 2442 2443 2415)
4(2438 2439 2443 2442)
4(2412 2416 2444 2440)
4(2148 2155 2444 2416)
4(2154 2440 2444 2155)
4(2413 2417 2445 2441)
4(2416 2444 2445 2417)
4(2440 2441 2445 2444)
4(2414 2418 2446 2442)
4(2417 2445 2446 2418)
4(2441 2442 2446 2445)
4(2418 2446 2447 2419)
4(2442 2443 2447 2446)
4(2416 2420 2448 2444)
4(2149 2156 2448 2420)
4(2155 2444 2448 2156)
4(2417 2421 2449 2445)
4(2420 2448 2449 2421)
4(2444 2445 2449 2448)
4(2418 2422 2450 2446)
4(2421 2449 2450 2422)
4(2445 2446 2450 2449)
4(2422 2450 2451 2423)
4(2446 2447 2451 2450)
4(2420 2424 2452 2448)
4(2150 2157 2452 2424)
4(2156 2448 2452 2157)
4(2421 2425 2453 2449)
4(2424 2452 2453 2425)
4(2448 2449 2453 2452)
4(2422 2426 2454 2450)
4(2425 2453 2454 2426)
4(2449 2450 2454 2453)
4(2426 2454 2455 2427)
4(2450 2451 2455 2454)
4(2424 2428 2456 2452)
4(2157 2452 2456 2158)
4(2151 2158 2456 2428)
4(2425 2429 2457 2453)
4(2452 2453 2457 2456)
4(2428 2456 2457 2429)
4(2426 2430 2458 2454)
4(2453 2454 2458 2457)
4(2429 2457 2458 2430)
4(2454 2455 2459 2458)
4(2430 2458 2459 2431)
4(400 2432 2460 404)
4(2152 2159 2460 2432)
4(361 404 2460 2159)
4(401 2433 2461 405)
4(2432 2460 2461 2433)
4(404 405 2461 2460)
4(402 2434 2462 406)
4(2433 2461 2462 2434)
4(405 406 2462 2461)
4(2434 2462 2463 2435)
4(406 407 2463 2462)
4(2432 2436 2464 2460)
4(2153 2160 2464 2436)
4(2159 2460 2464 2160)
4(2433 2437 2465 2461)
4(2436 2464 2465 2437)
4(2460 2461 2465 2464)
4(2434 2438 2466 2462)
4(2437 2465 2466 2438)
4(2461 2462 2466 2465)
4(2438 2466 2467 2439)
4(2462 2463 2467 2466)
4(2436 2440 2468 2464)
4(2154 2161 2468 2440)
4(2160 2464 2468 2161)
4(2437 2441 2469 2465)
4(2440 2468 2469 2441)
4(2464 2465 2469 2468)
4(2438 2442 2470 2466)
4(2441 2469 2470 2442)
4(2465 2466 2470 2469)
4(2442 2470 2471 2443)
4(2466 2467 2471 2470)
4(2440 2444 2472 2468)
4(2155 2162 2472 2444)
4(2161 2468 2472 2162)
4(2441 2445 2473 2469)
4(2444 2472 2473 2445)
4(2468 2469 2473 2472)
4(2442 2446 2474 2470)
4(2445 2473 2474 2446)
4(2469 2470 2474 2473)
4(2446 2474 2475 2447)
4(2470 2471 2475 2474)
4(2444 2448 2476 2472)
4(2156 2163 2476 2448)
4(2162 2472 2476 2163)
4(2445 2449 2477 2473)
4(2448 2476 2477 2449)
4(2472 2473 2477 2476)
4(2446 2450 2478 2474)
4(2449 2477 2478 2450)
4(2473 2474 2478 2477)
4(2450 2478 2479 2451)
4(2474 2475 2479 2478)
4(2448 2452 2480 2476)
4(2157 2164 2480 2452)
4(2163 2476 2480 2164)
4(2449 2453 2481 2477)
4(2452 2480 2481 2453)
4(2476 2477 2481 2480)
4(2450 2454 2482 2478)
4(2453 2481 2482 2454)
4(2477 2478 2482 2481)
4(2454 2482 2483 2455)
4(2478 2479 2483 2482)
4(2452 2456 2484 2480)
4(2164 2480 2484 2165)
4(2158 2165 2484 2456)
4(2453 2457 2485 2481)
4(2480 2481 2485 2484)
4(2456 2484 2485 2457)
4(2454 2458 2486 2482)
4(2481 2482 2486 2485)
4(2457 2485 2486 2458)
4(2482 2483 2487 2486)
4(2458 2486 2487 2459)
4(404 2460 2488 408)
4(2159 2166 2488 2460)
4(362 408 2488 2166)
4(405 2461 2489 409)
4(2460 2488 2489 2461)
4(408 409 2489 2488)
4(406 2462 2490 410)
4(2461 2489 2490 2462)
4(409 410 2490 2489)
4(2462 2490 2491 2463)
4(410 411 2491 2490)
4(2460 2464 2492 2488)
4(2160 2167 2492 2464)
4(2166 2488 2492 2167)
4(2461 2465 2493 2489)
4(2464 2492 2493 2465)
4(2488 2489 2493 2492)
4(2462 2466 2494 2490)
4(2465 2493 2494 2466)
4(2489 2490 2494 2493)
4(2466 2494 2495 2467)
4(2490 2491 2495 2494)
4(2464 2468 2496 2492)
4(2161 2168 2496 2468)
4(2167 2492 2496 2168)
4(2465 2469 2497 2493)
4(2468 2496 2497 2469)
4(2492 2493 2497 2496)
4(2466 2470 2498 2494)
4(2469 2497 2498 2470)
4(2493 2494 2498 2497)
4(2470 2498 2499 2471)
4(2494 2495 2499 2498)
4(2468 2472 2500 2496)
4(2162 2169 2500 2472)
4(2168 2496 2500 2169)
4(2469 2473 2501 2497)
4(2472 2500 2501 2473)
4(2496 2497 2501 2500)
4(2470 2474 2502 2498)
4(2473 2501 2502 2474)
4(2497 2498 2502 2501)
4(2474 2502 2503 2475)
4(2498 2499 2503 2502)
4(2472 2476 2504 2500)
4(2163 2170 2504 2476)
4(2169 2500 2504 2170)
4(2473 2477 2505 2501)
4(2476 2504 2505 2477)
4(2500 2501 2505 2504)
4(2474 2478 2506 2502)
4(2477 2505 2506 2478)
4(2501 2502 2506 2505)
4(2478 2506 2507 2479)
4(2502 2503 2507 2506)
4(2476 2480 2508 2504)
4(2164 2171 2508 2480)
4(2170 2504 2508 2171)
4(2477 2481 2509 2505)
4(2480 2508 2509 2481)
4(2504 2505 2509 2508)
4(2478 2482 2510 2506)
4(2481 2509 2510 2482)
4(2505 2506 2510 2509)
4(2482 2510 2511 2483)
4(2506 2507 2511 2510)
4(2480 2484 2512 2508)
4(2171 2508 2512 2172)
4(2165 2172 2512 2484)
4(2481 2485 2513 2509)
4(2508 2509 2513 2512)
4(2484 2512 2513 2485)
4(2482 2486 2514 2510)
4(2509 2510 2514 2513)
4(2485 2513 2514 2486)
4(2510 2511 2515 2514)
4(2486 2514 2515 2487)
4(408 2488 2516 412)
4(2166 2173 2516 2488)
4(363 412 2516 2173)
4(409 2489 2517 413)
4(2488 2516 2517 2489)
4(412 413 2517 2516)
4(410 2490 2518 414)
4(2489 2517 2518 2490)
4(413 414 2518 2517)
4(2490 2518 2519 2491)
4(414 415 2519 2518)
4(2488 2492 2520 2516)
4(2167 2174 2520 2492)
4(2173 2516 2520 2174)
4(2489 2493 2521 2517)
4(2492 2520 2521 2493)
4(2516 2517 2521 2520)
4(2490 2494 2522 2518)
4(2493 2521 2522 2494)
4(2517 2518 2522 2521)
4(2494 2522 2523 2495)
4(2518 2519 2523 2522)
4(2492 2496 2524 2520)
4(2168 2175 2524 2496)
4(2174 2520 2524 2175)
4(2493 2497 2525 2521)
4(2496 2524 2525 2497)
4(2520 2521 2525 2524)
4(2494 2498 2526 2522)
4(2497 2525 2526 2498)
4(2521 2522 2526 2525)
4(2498 2526 2527 2499)
4(2522 2523 2527 2526)
4(2496 2500 2528 2524)
4(2169 2176 2528 2500)
4(2175 2524 2528 2176)
4(2497 2501 2529 2525)
4(2500 2528 2529 2501)
4(2524 2525 2529 2528)
4(2498 2502 2530 2526)
4(2501 2529 2530 2502)
4(2525 2526 2530 2529)
4(2502 2530 2531 2503)
4(2526 2527 2531 2530)
4(2500 2504 2532 2528)
4(2170 2177 2532 2504)
4(2176 2528 2532 2177)
4(2501 2505 2533 2529)
4(2504 2532 2533 2505)
4(2528 2529 2533 2532)
4(2502 2506 2534 2530)
4(2505 2533 2534 2506)
4(2529 2530 2534 2533)
4(2506 2534 2535 2507)
4(2530 2531 2535 2534)
4(2504 2508 2536 2532)
4(2171 2178 2536 2508)
4(2177 2532 2536 2178)
4(2505 2509 2537 2533)
4(2508 2536 2537 2509)
4(2532 2533 2537 2536)
4(2506 2510 2538 2534)
4(2509 2537 2538 2510)
4(2533 2534 2538 2537)
4(2510 2538 2539 2511)
4(2534 2535 2539 2538)
4(2508 2512 2540 2536)
4(2178 2536 2540 2179)
4(2172 2179 2540 2512)
4(2509 2513 2541 2537)
4(2536 2537 2541 2540)
4(2512 2540 2541 2513)
4(2510 2514 2542 2538)
4(2537 2538 2542 2541)
4(2513 2541 2542 2514)
4(2538 2539 2543 2542)
4(2514 2542 2543 2515)
4(412 2516 2544 416)
4(2173 2180 2544 2516)
4(364 416 2544 2180)
4(413 2517 2545 417)
4(2516 2544 2545 2517)
4(416 417 2545 2544)
4(414 2518 2546 418)
4(2517 2545 2546 2518)
4(417 418 2546 2545)
4(2518 2546 2547 2519)
4(418 419 2547 2546)
4(2516 2520 2548 2544)
4(2174 2181 2548 2520)
4(2180 2544 2548 2181)
4(2517 2521 2549 2545)
4(2520 2548 2549 2521)
4(2544 2545 2549 2548)
4(2518 2522 2550 2546)
4(2521 2549 2550 2522)
4(2545 2546 2550 2549)
4(2522 2550 2551 2523)
4(2546 2547 2551 2550)
4(2520 2524 2552 2548)
4(2175 2182 2552 2524)
4(2181 2548 2552 2182)
4(2521 2525 2553 2549)
4(2524 2552 2553 2525)
4(2548 2549 2553 2552)
4(2522 2526 2554 2550)
4(2525 2553 2554 2526)
4(2549 2550 2554 2553)
4(2526 2554 2555 2527)
4(2550 2551 2555 2554)
4(2524 2528 2556 2552)
4(2176 2183 2556 2528)
4(2182 2552 2556 2183)
4(2525 2529 2557 2553)
4(2528 2556 2557 2529)
4(2552 2553 2557 2556)
4(2526 2530 2558 2554)
4(2529 2557 2558 2530)
4(2553 2554 2558 2557)
4(2530 2558 2559 2531)
4(2554 2555 2559 2558)
4(2528 2532 2560 2556)
4(2177 2184 2560 2532)
4(2183 2556 2560 2184)
4(2529 2533 2561 2557)
4(2532 2560 2561 2533)
4(2556 2557 2561 2560)
4(2530 2534 2562 2558)
4(2533 2561 2562 2534)
4(2557 2558 2562 2561)
4(2534 2562 2563 2535)
4(2558 2559 2563 2562)
4(2532 2536 2564 2560)
4(2178 2185 2564 2536)
4(2184 2560 2564 2185)
4(2533 2537 2565 2561)
4(2536 2564 2565 2537)
4(2560 2561 2565 2564)
4(2534 2538 2566 2562)
4(2537 2565 2566 2538)
4(2561 2562 2566 2565)
4(2538 2566 2567 2539)
4(2562 2563 2567 2566)
4(2536 2540 2568 2564)
4(2185 2564 2568 2186)
4(2179 2186 2568 2540)
4(2537 2541 2569 2565)
4(2564 2565 2569 2568)
4(2540 2568 2569 2541)
4(2538 2542 2570 2566)
4(2565 2566 2570 2569)
4(2541 2569 2570 2542)
4(2566 2567 2571 2570)
4(2542 2570 2571 2543)
4(416 2544 2572 420)
4(2180 2187 2572 2544)
4(365 420 2572 2187)
4(417 2545 2573 421)
4(2544 2572 2573 2545)
4(420 421 2573 2572)
4(418 2546 2574 422)
4(2545 2573 2574 2546)
4(421 422 2574 2573)
4(2546 2574 2575 2547)
4(422 423 2575 2574)
4(2544 2548 2576 2572)
4(2181 2188 2576 2548)
4(2187 2572 2576 2188)
4(2545 2549 2577 2573)
4(2548 2576 2577 2549)
4(2572 2573 2577 2576)
4(2546 2550 2578 2574)
4(2549 2577 2578 2550)
4(2573 2574 2578 2577)
4(2550 2578 2579 2551)
4(2574 2575 2579 2578)
4(2548 2552 2580 2576)
4(2182 2189 2580 2552)
4(2188 2576 2580 2189)
4(2549 2553 2581 2577)
4(2552 2580 2581 2553)
4(2576 2577 2581 2580)
4(2550 2554 2582 2578)
4(2553 2581 2582 2554)
4(2577 2578 2582 2581)
4(2554 2582 2583 2555)
4(2578 2579 2583 2582)
4(2552 2556 2584 2580)
4(2183 2190 2584 2556)
4(2189 2580 2584 2190)
4(2553 2557 2585 2581)
4(2556 2584 2585 2557)
4(2580 2581 2585 2584)
4(2554 2558 2586 2582)
4(2557 2585 2586 2558)
4(2581 2582 2586 2585)
4(2558 2586 2587 2559)
4(2582 2583 2587 2586)
4(2556 2560 2588 2584)
4(2184 2191 2588 2560)
4(2190 2584 2588 2191)
4(2557 2561 2589 2585)
4(2560 2588 2589 2561)
4(2584 2585 2589 2588)
4(2558 2562 2590 2586)
4(2561 2589 2590 2562)
4(2585 2586 2590 2589)
4(2562 2590 2591 2563)
4(2586 2587 2591 2590)
4(2560 2564 2592 2588)
4(2185 2192 2592 2564)
4(2191 2588 2592 2192)
4(2561 2565 2593 2589)
4(2564 2592 2593 2565)
4(2588 2589 2593 2592)
4(2562 2566 2594 2590)
4(2565 2593 2594 2566)
4(2589 2590 2594 2593)
4(2566 2594 2595 2567)
4(2590 2591 2595 2594)
4(2564 2568 2596 2592)
4(2192 2592 2596 2193)
4(2186 2193 2596 2568)
4(2565 2569 2597 2593)
4(2592 2593 2597 2596)
4(2568 2596 2597 2569)
4(2566 2570 2598 2594)
4(2593 2594 2598 2597)
4(2569 2597 2598 2570)
4(2594 2595 2599 2598)
4(2570 2598 2599 2571)
4(420 2572 2600 424)
4(2187 2194 2600 2572)
4(366 424 2600 2194)
4(421 2573 2601 425)
4(2572 2600 2601 2573)
4(424 425 2601 2600)
4(422 2574 2602 426)
4(2573 2601 2602 2574)
4(425 426 2602 2601)
4(2574 2602 2603 2575)
4(426 427 2603 2602)
4(2572 2576 2604 2600)
4(2188 2195 2604 2576)
4(2194 2600 2604 2195)
4(2573 2577 2605 2601)
4(2576 2604 2605 2577)
4(2600 2601 2605 2604)
4(2574 2578 2606 2602)
4(2577 2605 2606 2578)
4(2601 2602 2606 2605)
4(2578 2606 2607 2579)
4(2602 2603 2607 2606)
4(2576 2580 2608 2604)
4(2189 2196 2608 2580)
4(2195 2604 2608 2196)
4(2577 2581 2609 2605)
4(2580 2608 2609 2581)
4(2604 2605 2609 2608)
4(2578 2582 2610 2606)
4(2581 2609 2610 2582)
4(2605 2606 2610 2609)
4(2582 2610 2611 2583)
4(2606 2607 2611 2610)
4(2580 2584 2612 2608)
4(2190 2197 2612 2584)
4(2196 2608 2612 2197)
4(2581 2585 2613 2609)
4(2584 2612 2613 2585)
4(2608 2609 2613 2612)
4(2582 2586 2614 2610)
4(2585 2613 2614 2586)
4(2609 2610 2614 2613)
4(2586 2614 2615 2587)
4(2610 2611 2615 2614)
4(2584 2588 2616 2612)
4(2191 2198 2616 2588)
4(2197 2612 2616 2198)
4(2585 2589 2617 2613)
4(2588 2616 2617 2589)
4(2612 2613 2617 2616)
4(2586 2590 2618 2614)
4(2589 2617 2618 2590)
4(2613 2614 2618 2617)
4(2590 2618 2619 2591)
4(2614 2615 2619 2618)
4(2588 2592 2620 2616)
4(2192 2199 2620 2592)
4(2198 2616 2620 2199)
4(2589 2593 2621 2617)
4(2592 2620 2621 2593)
4(2616 2617 2621 2620)
4(2590 2594 2622 2618)
4(2593 2621 2622 2594)
4(2617 2618 2622 2621)
4(2594 2622 2623 2595)
4(2618 2619 2623 2622)
4(2592 2596 2624 2620)
4(2199 2620 2624 2200)
4(2193 2200 2624 2596)
4(2593 2597 2625 2621)
4(2620 2621 2625 2624)
4(2596 2624 2625 2597)
4(2594 2598 2626 2622)
4(2621 2622 2626 2625)
4(2597 2625 2626 2598)
4(2622 2623 2627 2626)
4(2598 2626 2627 2599)
4(424 2600 2628 428)
4(2194 2201 2628 2600)
4(425 2601 2629 429)
4(2600 2628 2629 2601)
4(426 2602 2630 430)
4(2601 2629 2630 2602)
4(2602 2630 2631 2603)
4(2600 2604 2632 2628)
4(2195 2202 2632 2604)
4(2601 2605 2633 2629)
4(2604 2632 2633 2605)
4(2602 2606 2634 2630)
4(2605 2633 2634 2606)
4(2606 2634 2635 2607)
4(2604 2608 2636 2632)
4(2196 2203 2636 2608)
4(2605 2609 2637 2633)
4(2608 2636 2637 2609)
4(2606 2610 2638 2634)
4(2609 2637 2638 2610)
4(2610 2638 2639 2611)
4(2608 2612 2640 2636)
4(2197 2204 2640 2612)
4(2609 2613 2641 2637)
4(2612 2640 2641 2613)
4(2610 2614 2642 2638)
4(2613 2641 2642 2614)
4(2614 2642 2643 2615)
4(2612 2616 2644 2640)
4(2198 2205 2644 2616)
4(2613 2617 2645 2641)
4(2616 2644 2645 2617)
4(2614 2618 2646 2642)
4(2617 2645 2646 2618)
4(2618 2646 2647 2619)
4(2616 2620 2648 2644)
4(2199 2206 2648 2620)
4(2617 2621 2649 2645)
4(2620 2648 2649 2621)
4(2618 2622 2650 2646)
4(2621 2649 2650 2622)
4(2622 2650 2651 2623)
4(2620 2624 2652 2648)
4(2200 2207 2652 2624)
4(2621 2625 2653 2649)
4(2624 2652 2653 2625)
4(2622 2626 2654 2650)
4(2625 2653 2654 2626)
4(2626 2654 2655 2627)
4(448 2768 2796 452)
4(2656 2663 2796 2768)
4(433 452 2796 2663)
4(449 2769 2797 453)
4(2768 2796 2797 2769)
4(452 453 2797 2796)
4(450 2770 2798 454)
4(2769 2797 2798 2770)
4(453 454 2798 2797)
4(2770 2798 2799 2771)
4(454 455 2799 2798)
4(2768 2772 2800 2796)
4(2657 2664 2800 2772)
4(2663 2796 2800 2664)
4(2769 2773 2801 2797)
4(2772 2800 2801 2773)
4(2796 2797 2801 2800)
4(2770 2774 2802 2798)
4(2773 2801 2802 2774)
4(2797 2798 2802 2801)
4(2774 2802 2803 2775)
4(2798 2799 2803 2802)
4(2772 2776 2804 2800)
4(2658 2665 2804 2776)
4(2664 2800 2804 2665)
4(2773 2777 2805 2801)
4(2776 2804 2805 2777)
4(2800 2801 2805 2804)
4(2774 2778 2806 2802)
4(2777 2805 2806 2778)
4(2801 2802 2806 2805)
4(2778 2806 2807 2779)
4(2802 2803 2807 2806)
4(2776 2780 2808 2804)
4(2659 2666 2808 2780)
4(2665 2804 2808 2666)
4(2777 2781 2809 2805)
4(2780 2808 2809 2781)
4(2804 2805 2809 2808)
4(2778 2782 2810 2806)
4(2781 2809 2810 2782)
4(2805 2806 2810 2809)
4(2782 2810 2811 2783)
4(2806 2807 2811 2810)
4(2780 2784 2812 2808)
4(2660 2667 2812 2784)
4(2666 2808 2812 2667)
4(2781 2785 2813 2809)
4(2784 2812 2813 2785)
4(2808 2809 2813 2812)
4(2782 2786 2814 2810)
4(2785 2813 2814 2786)
4(2809 2810 2814 2813)
4(2786 2814 2815 2787)
4(2810 2811 2815 2814)
4(2784 2788 2816 2812)
4(2661 2668 2816 2788)
4(2667 2812 2816 2668)
4(2785 2789 2817 2813)
4(2788 2816 2817 2789)
4(2812 2813 2817 2816)
4(2786 2790 2818 2814)
4(2789 2817 2818 2790)
4(2813 2814 2818 2817)
4(2790 2818 2819 2791)
4(2814 2815 2819 2818)
4(2788 2792 2820 2816)
4(2668 2816 2820 2669)
4(2662 2669 2820 2792)
4(2789 2793 2821 2817)
4(2816 2817 2821 2820)
4(2792 2820 2821 2793)
4(2790 2794 2822 2818)
4(2817 2818 2822 2821)
4(2793 2821 2822 2794)
4(2818 2819 2823 2822)
4(2794 2822 2823 2795)
4(452 2796 2824 456)
4(2663 2670 2824 2796)
4(434 456 2824 2670)
4(453 2797 2825 457)
4(2796 2824 2825 2797)
4(456 457 2825 2824)
4(454 2798 2826 458)
4(2797 2825 2826 2798)
4(457 458 2826 2825)
4(2798 2826 2827 2799)
4(458 459 2827 2826)
4(2796 2800 2828 2824)
4(2664 2671 2828 2800)
4(2670 2824 2828 2671)
4(2797 2801 2829 2825)
4(2800 2828 2829 2801)
4(2824 2825 2829 2828)
4(2798 2802 2830 2826)
4(2801 2829 2830 2802)
4(2825 2826 2830 2829)
4(2802 2830 2831 2803)
4(2826 2827 2831 2830)
4(2800 2804 2832 2828)
4(2665 2672 2832 2804)
4(2671 2828 2832 2672)
4(2801 2805 2833 2829)
4(2804 2832 2833 2805)
4(2828 2829 2833 2832)
4(2802 2806 2834 2830)
4(2805 2833 2834 2806)
4(2829 2830 2834 2833)
4(2806 2834 2835 2807)
4(2830 2831 2835 2834)
4(2804 2808 2836 2832)
4(2666 2673 2836 2808)
4(2672 2832 2836 2673)
4(2805 2809 2837 2833)
4(2808 2836 2837 2809)
4(2832 2833 2837 2836)
4(2806 2810 2838 2834)
4(2809 2837 2838 2810)
4(2833 2834 2838 2837)
4(2810 2838 2839 2811)
4(2834 2835 2839 2838)
4(2808 2812 2840 2836)
4(2667 2674 2840 2812)
4(2673 2836 2840 2674)
4(2809 2813 2841 2837)
4(2812 2840 2841 2813)
4(2836 2837 2841 2840)
4(2810 2814 2842 2838)
4(2813 2841 2842 2814)
4(2837 2838 2842 2841)
4(2814 2842 2843 2815)
4(2838 2839 2843 2842)
4(2812 2816 2844 2840)
4(2668 2675 2844 2816)
4(2674 2840 2844 2675)
4(2813 2817 2845 2841)
4(2816 2844 2845 2817)
4(2840 2841 2845 2844)
4(2814 2818 2846 2842)
4(2817 2845 2846 2818)
4(2841 2842 2846 2845)
4(2818 2846 2847 2819)
4(2842 2843 2847 2846)
4(2816 2820 2848 2844)
4(2675 2844 2848 2676)
4(2669 2676 2848 2820)
4(2817 2821 2849 2845)
4(2844 2845 2849 2848)
4(2820 2848 2849 2821)
4(2818 2822 2850 2846)
4(2845 2846 2850 2849)
4(2821 2849 2850 2822)
4(2846 2847 2851 2850)
4(2822 2850 2851 2823)
4(456 2824 2852 460)
4(2670 2677 2852 2824)
4(435 460 2852 2677)
4(457 2825 2853 461)
4(2824 2852 2853 2825)
4(460 461 2853 2852)
4(458 2826 2854 462)
4(2825 2853 2854 2826)
4(461 462 2854 2853)
4(2826 2854 2855 2827)
4(462 463 2855 2854)
4(2824 2828 2856 2852)
4(2671 2678 2856 2828)
4(2677 2852 2856 2678)
4(2825 2829 2857 2853)
4(2828 2856 2857 2829)
4(2852 2853 2857 2856)
4(2826 2830 2858 2854)
4(2829 2857 2858 2830)
4(2853 2854 2858 2857)
4(2830 2858 2859 2831)
4(2854 2855 2859 2858)
4(2828 2832 2860 2856)
4(2672 2679 2860 2832)
4(2678 2856 2860 2679)
4(2829 2833 2861 2857)
4(2832 2860 2861 2833)
4(2856 2857 2861 2860)
4(2830 2834 2862 2858)
4(2833 2861 2862 2834)
4(2857 2858 2862 2861)
4(2834 2862 2863 2835)
4(2858 2859 2863 2862)
4(2832 2836 2864 2860)
4(2673 2680 2864 2836)
4(2679 2860 2864 2680)
4(2833 2837 2865 2861)
4(2836 2864 2865 2837)
4(2860 2861 2865 2864)
4(2834 2838 2866 2862)
4(2837 2865 2866 2838)
4(2861 2862 2866 2865)
4(2838 2866 2867 2839)
4(2862 2863 2867 2866)
4(2836 2840 2868 2864)
4(2674 2681 2868 2840)
4(2680 2864 2868 2681)
4(2837 2841 2869 2865)
4(2840 2868 2869 2841)
4(2864 2865 2869 2868)
4(2838 2842 2870 2866)
4(2841 2869 2870 2842)
4(2865 2866 2870 2869)
4(2842 2870 2871 2843)
4(2866 2867 2871 2870)
4(2840 2844 2872 2868)
4(2675 2682 2872 2844)
4(2681 2868 2872 2682)
4(2841 2845 2873 2869)
4(2844 2872 2873 2845)
4(2868 2869 2873 2872)
4(2842 2846 2874 2870)
4(2845 2873 2874 2846)
4(2869 2870 2874 2873)
4(2846 2874 2875 2847)
4(2870 2871 2875 2874)
4(2844 2848 2876 2872)
4(2682 2872 2876 2683)
4(2676 2683 2876 2848)
4(2845 2849 2877 2873)
4(2872 2873 2877 2876)
4(2848 2876 2877 2849)
4(2846 2850 2878 2874)
4(2873 2874 2878 2877)
4(2849 2877 2878 2850)
4(2874 2875 2879 2878)
4(2850 2878 2879 2851)
4(460 2852 2880 464)
4(2677 2684 2880 2852)
4(436 464 2880 2684)
4(461 2853 2881 465)
4(2852 2880 2881 2853)
4(464 465 2881 2880)
4(462 2854 2882 466)
4(2853 2881 2882 2854)
4(465 466 2882 2881)
4(2854 2882 2883 2855)
4(466 467 2883 2882)
4(2852 2856 2884 2880)
4(2678 2685 2884 2856)
4(2684 2880 2884 2685)
4(2853 2857 2885 2881)
4(2856 2884 2885 2857)
4(2880 2881 2885 2884)
4(2854 2858 2886 2882)
4(2857 2885 2886 2858)
4(2881 2882 2886 2885)
4(2858 2886 2887 2859)
4(2882 2883 2887 2886)
4(2856 2860 2888 2884)
4(2679 2686 2888 2860)
4(2685 2884 2888 2686)
4(2857 2861 2889 2885)
4(2860 2888 2889 2861)
4(2884 2885 2889 2888)
4(2858 2862 2890 2886)
4(2861 2889 2890 2862)
4(2885 2886 2890 2889)
4(2862 2890 2891 2863)
4(2886 2887 2891 2890)
4(2860 2864 2892 2888)
4(2680 2687 2892 2864)
4(2686 2888 2892 2687)
4(2861 2865 2893 2889)
4(2864 2892 2893 2865)
4(2888 2889 2893 2892)
4(2862 2866 2894 2890)
4(2865 2893 2894 2866)
4(2889 2890 2894 2893)
4(2866 2894 2895 2867)
4(2890 2891 2895 2894)
4(2864 2868 2896 2892)
4(2681 2688 2896 2868)
4(2687 2892 2896 2688)
4(2865 2869 2897 2893)
4(2868 2896 2897 2869)
4(2892 2893 2897 2896)
4(2866 2870 2898 2894)
4(2869 2897 2898 2870)
4(2893 2894 2898 2897)
4(2870 2898 2899 2871)
4(2894 2895 2899 2898)
4(2868 2872 2900 2896)
4(2682 2689 2900 2872)
4(2688 2896 2900 2689)
4(2869 2873 2901 2897)
4(2872 2900 2901 2873)
4(2896 2897 2901 2900)
4(2870 2874 2902 2898)
4(2873 2901 2902 2874)
4(2897 2898 2902 2901)
4(2874 2902 2903 2875)
4(2898 2899 2903 2902)
4(2872 2876 2904 2900)
4(2689 2900 2904 2690)
4(2683 2690 2904 2876)
4(2873 2877 2905 2901)
4(2900 2901 2905 2904)
4(2876 2904 2905 2877)
4(2874 2878 2906 2902)
4(2901 2902 2906 2905)
4(2877 2905 2906 2878)
4(2902 2903 2907 2906)
4(2878 2906 2907 2879)
4(464 2880 2908 468)
4(2684 2691 2908 2880)
4(437 468 2908 2691)
4(465 2881 2909 469)
4(2880 2908 2909 2881)
4(468 469 2909 2908)
4(466 2882 2910 470)
4(2881 2909 2910 2882)
4(469 470 2910 2909)
4(2882 2910 2911 2883)
4(470 471 2911 2910)
4(2880 2884 2912 2908)
4(2685 2692 2912 2884)
4(2691 2908 2912 2692)
4(2881 2885 2913 2909)
4(2884 2912 2913 2885)
4(2908 2909 2913 2912)
4(2882 2886 2914 2910)
4(2885 2913 2914 2886)
4(2909 2910 2914 2913)
4(2886 2914 2915 2887)
4(2910 2911 2915 2914)
4(2884 2888 2916 2912)
4(2686 2693 2916 2888)
4(2692 2912 2916 2693)
4(2885 2889 2917 2913)
4(2888 2916 2917 2889)
4(2912 2913 2917 2916)
4(2886 2890 2918 2914)
4(2889 2917 2918 2890)
4(2913 2914 2918 2917)
4(2890 2918 2919 2891)
4(2914 2915 2919 2918)
4(2888 2892 2920 2916)
4(2687 2694 2920 2892)
4(2693 2916 2920 2694)
4(2889 2893 2921 2917)
4(2892 2920 2921 2893)
4(2916 2917 2921 2920)
4(2890 2894 2922 2918)
4(2893 2921 2922 2894)
4(2917 2918 2922 2921)
4(2894 2922 2923 2895)
4(2918 2919 2923 2922)
4(2892 2896 2924 2920)
4(2688 2695 2924 2896)
4(2694 2920 2924 2695)
4(2893 2897 2925 2921)
4(2896 2924 2925 2897)
4(2920 2921 2925 2924)
4(2894 2898 2926 2922)
4(2897 2925 2926 2898)
4(2921 2922 2926 2925)
4(2898 2926 2927 2899)
4(2922 2923 2927 2926)
4(2896 2900 2928 2924)
4(2689 2696 2928 2900)
4(2695 2924 2928 2696)
4(2897 2901 2929 2925)
4(2900 2928 2929 2901)
4(2924 2925 2929 2928)
4(2898 2902 2930 2926)
4(2901 2929 2930 2902)
4(2925 2926 2930 2929)
4(2902 2930 2931 2903)
4(2926 2927 2931 2930)
4(2900 2904 2932 2928)
4(2696 2928 2932 2697)
4(2690 2697 2932 2904)
4(2901 2905 2933 2929)
4(2928 2929 2933 2932)
4(2904 2932 2933 2905)
4(2902 2906 2934 2930)
4(2929 2930 2934 2933)
4(2905 2933 2934 2906)
4(2930 2931 2935 2934)
4(2906 2934 2935 2907)
4(468 2908 2936 472)
4(2691 2698 2936 2908)
4(438 472 2936 2698)
4(469 2909 2937 473)
4(2908 2936 2937 2909)
4(472 473 2937 2936)
4(470 2910 2938 474)
4(2909 2937 2938 2910)
4(473 474 2938 2937)
4(2910 2938 2939 2911)
4(474 475 2939 2938)
4(2908 2912 2940 2936)
4(2692 2699 2940 2912)
4(2698 2936 2940 2699)
4(2909 2913 2941 2937)
4(2912 2940 2941 2913)
4(2936 2937 2941 2940)
4(2910 2914 2942 2938)
4(2913 2941 2942 2914)
4(2937 2938 2942 2941)
4(2914 2942 2943 2915)
4(2938 2939 2943 2942)
4(2912 2916 2944 2940)
4(2693 2700 2944 2916)
4(2699 2940 2944 2700)
4(2913 2917 2945 2941)
4(2916 2944 2945 2917)
4(2940 2941 2945 2944)
4(2914 2918 2946 2942)
4(2917 2945 2946 2918)
4(2941 2942 2946 2945)
4(2918 2946 2947 2919)
4(2942 2943 2947 2946)
4(2916 2920 2948 2944)
4(2694 2701 2948 2920)
4(2700 2944 2948 2701)
4(2917 2921 2949 2945)
4(2920 2948 2949 2921)
4(2944 2945 2949 2948)
4(2918 2922 2950 2946)
4(2921 2949 2950 2922)
4(2945 2946 2950 2949)
4(2922 2950 2951 2923)
4(2946 2947 2951 2950)
4(2920 2924 2952 2948)
4(2695 2702 2952 2924)
4(2701 2948 2952 2702)
4(2921 2925 2953 2949)
4(2924 2952 2953 2925)
4(2948 2949 2953 2952)
4(2922 2926 2954 2950)
4(2925 2953 2954 2926)
4(2949 2950 2954 2953)
4(2926 2954 2955 2927)
4(2950 2951 2955 2954)
4(2924 2928 2956 2952)
4(2696 2703 2956 2928)
4(2702 2952 2956 2703)
4(2925 2929 2957 2953)
4(2928 2956 2957 2929)
4(2952 2953 2957 2956)
4(2926 2930 2958 2954)
4(2929 2957 2958 2930)
4(2953 2954 2958 2957)
4(2930 2958 2959 2931)
4(2954 2955 2959 2958)
4(2928 2932 2960 2956)
4(2703 2956 2960 2704)
4(2697 2704 2960 2932)
4(2929 2933 2961 2957)
4(2956 2957 2961 2960)
4(2932 2960 2961 2933)
4(2930 2934 2962 2958)
4(2957 2958 2962 2961)
4(2933 2961 2962 2934)
4(2958 2959 2963 2962)
4(2934 2962 2963 2935)
4(472 2936 2964 476)
4(2698 2705 2964 2936)
4(439 476 2964 2705)
4(473 2937 2965 477)
4(2936 2964 2965 2937)
4(476 477 2965 2964)
4(474 2938 2966 478)
4(2937 2965 2966 2938)
4(477 478 2966 2965)
4(2938 2966 2967 2939)
4(478 479 2967 2966)
4(2936 2940 2968 2964)
4(2699 2706 2968 2940)
4(2705 2964 2968 2706)
4(2937 2941 2969 2965)
4(2940 2968 2969 2941)
4(2964 2965 2969 2968)
4(2938 2942 2970 2966)
4(2941 2969 2970 2942)
4(2965 2966 2970 2969)
4(2942 2970 2971 2943)
4(2966 2967 2971 2970)
4(2940 2944 2972 2968)
4(2700 2707 2972 2944)
4(2706 2968 2972 2707)
4(2941 2945 2973 2969)
4(2944 2972 2973 2945)
4(2968 2969 2973 2972)
4(2942 2946 2974 2970)
4(2945 2973 2974 2946)
4(2969 2970 2974 2973)
4(2946 2974 2975 2947)
4(2970 2971 2975 2974)
4(2944 2948 2976 2972)
4(2701 2708 2976 2948)
4(2707 2972 2976 2708)
4(2945 2949 2977 2973)
4(2948 2976 2977 2949)
4(2972 2973 2977 2976)
4(2946 2950 2978 2974)
4(2949 2977 2978 2950)
4(2973 2974 2978 2977)
4(2950 2978 2979 2951)
4(2974 2975 2979 2978)
4(2948 2952 2980 2976)
4(2702 2709 2980 2952)
4(2708 2976 2980 2709)
4(2949 2953 2981 2977)
4(2952 2980 2981 2953)
4(2976 2977 2981 2980)
4(2950 2954 2982 2978)
4(2953 2981 2982 2954)
4(2977 2978 2982 2981)
4(2954 2982 2983 2955)
4(2978 2979 2983 2982)
4(2952 2956 2984 2980)
4(2703 2710 2984 2956)
4(2709 2980 2984 2710)
4(2953 2957 2985 2981)
4(2956 2984 2985 2957)
4(2980 2981 2985 2984)
4(2954 2958 2986 2982)
4(2957 2985 2986 2958)
4(2981 2982 2986 2985)
4(2958 2986 2987 2959)
4(2982 2983 2987 2986)
4(2956 2960 2988 2984)
4(2710 2984 2988 2711)
4(2704 2711 2988 2960)
4(2957 2961 2989 2985)
4(2984 2985 2989 2988)
4(2960 2988 2989 2961)
4(2958 2962 2990 2986)
4(2985 2986 2990 2989)
4(2961 2989 2990 2962)
4(2986 2987 2991 2990)
4(2962 2990 2991 2963)
4(476 2964 2992 480)
4(2705 2712 2992 2964)
4(440 480 2992 2712)
4(477 2965 2993 481)
4(2964 2992 2993 2965)
4(480 481 2993 2992)
4(478 2966 2994 482)
4(2965 2993 2994 2966)
4(481 482 2994 2993)
4(2966 2994 2995 2967)
4(482 483 2995 2994)
4(2964 2968 2996 2992)
4(2706 2713 2996 2968)
4(2712 2992 2996 2713)
4(2965 2969 2997 2993)
4(2968 2996 2997 2969)
4(2992 2993 2997 2996)
4(2966 2970 2998 2994)
4(2969 2997 2998 2970)
4(2993 2994 2998 2997)
4(2970 2998 2999 2971)
4(2994 2995 2999 2998)
4(2968 2972 3000 2996)
4(2707 2714 3000 2972)
4(2713 2996 3000 2714)
4(2969 2973 3001 2997)
4(2972 3000 3001 2973)
4(2996 2997 3001 3000)
4(2970 2974 3002 2998)
4(2973 3001 3002 2974)
4(2997 2998 3002 3001)
4(2974 3002 3003 2975)
4(2998 2999 3003 3002)
4(2972 2976 3004 3000)
4(2708 2715 3004 2976)
4(2714 3000 3004 2715)
4(2973 2977 3005 3001)
4(2976 3004 3005 2977)
4(3000 3001 3005 3004)
4(2974 2978 3006 3002)
4(2977 3005 3006 2978)
4(3001 3002 3006 3005)
4(2978 3006 3007 2979)
4(3002 3003 3007 3006)
4(2976 2980 3008 3004)
4(2709 2716 3008 2980)
4(2715 3004 3008 2716)
4(2977 2981 3009 3005)
4(2980 3008 3009 2981)
4(3004 3005 3009 3008)
4(2978 2982 3010 3006)
4(2981 3009 3010 2982)
4(3005 3006 3010 3009)
4(2982 3010 3011 2983)
4(3006 3007 3011 3010)
4(2980 2984 3012 3008)
4(2710 2717 3012 2984)
4(2716 3008 3012 2717)
4(2981 2985 3013 3009)
4(2984 3012 3013 2985)
4(3008 3009 3013 3012)
4(2982 2986 3014 3010)
4(2985 3013 3014 2986)
4(3009 3010 3014 3013)
4(2986 3014 3015 2987)
4(3010 3011 3015 3014)
4(2984 2988 3016 3012)
4(2717 3012 3016 2718)
4(2711 2718 3016 2988)
4(2985 2989 3017 3013)
4(3012 3013 3017 3016)
4(2988 3016 3017 2989)
4(2986 2990 3018 3014)
4(3013 3014 3018 3017)
4(2989 3017 3018 2990)
4(3014 3015 3019 3018)
4(2990 3018 3019 2991)
4(480 2992 3020 484)
4(2712 2719 3020 2992)
4(441 484 3020 2719)
4(481 2993 3021 485)
4(2992 3020 3021 2993)
4(484 485 3021 3020)
4(482 2994 3022 486)
4(2993 3021 3022 2994)
4(485 486 3022 3021)
4(2994 3022 3023 2995)
4(486 487 3023 3022)
4(2992 2996 3024 3020)
4(2713 2720 3024 2996)
4(2719 3020 3024 2720)
4(2993 2997 3025 3021)
4(2996 3024 3025 2997)
4(3020 3021 3025 3024)
4(2994 2998 3026 3022)
4(2997 3025 3026 2998)
4(3021 3022 3026 3025)
4(2998 3026 3027 2999)
4(3022 3023 3027 3026)
4(2996 3000 3028 3024)
4(2714 2721 3028 3000)
4(2720 3024 3028 2721)
4(2997 3001 3029 3025)
4(3000 3028 3029 3001)
4(3024 3025 3029 3028)
4(2998 3002 3030 3026)
4(3001 3029 3030 3002)
4(3025 3026 3030 3029)
4(3002 3030 3031 3003)
4(3026 3027 3031 3030)
4(3000 3004 3032 3028)
4(2715 2722 3032 3004)
4(2721 3028 3032 2722)
4(3001 3005 3033 3029)
4(3004 3032 3033 3005)
4(3028 3029 3033 3032)
4(3002 3006 3034 3030)
4(3005 3033 3034 3006)
4(3029 3030 3034 3033)
4(3006 3034 3035 3007)
4(3030 3031 3035 3034)
4(3004 3008 3036 3032)
4(2716 2723 3036 3008)
4(2722 3032 3036 2723)
4(3005 3009 3037 3033)
4(3008 3036 3037 3009)
4(3032 3033 3037 3036)
4(3006 3010 3038 3034)
4(3009 3037 3038 3010)
4(3033 3034 3038 3037)
4(3010 3038 3039 3011)
4(3034 3035 3039 3038)
4(3008 3012 3040 3036)
4(2717 2724 3040 3012)
4(2723 3036 3040 2724)
4(3009 3013 3041 3037)
4(3012 3040 3041 3013)
4(3036 3037 3041 3040)
4(3010 3014 3042 3038)
4(3013 3041 3042 3014)
4(3037 3038 3042 3041)
4(3014 3042 3043 3015)
4(3038 3039 3043 3042)
4(3012 3016 3044 3040)
4(2724 3040 3044 2725)
4(2718 2725 3044 3016)
4(3013 3017 3045 3041)
4(3040 3041 3045 3044)
4(3016 3044 3045 3017)
4(3014 3018 3046 3042)
4(3041 3042 3046 3045)
4(3017 3045 3046 3018)
4(3042 3043 3047 3046)
4(3018 3046 3047 3019)
4(484 3020 3048 488)
4(2719 2726 3048 3020)
4(442 488 3048 2726)
4(485 3021 3049 489)
4(3020 3048 3049 3021)
4(488 489 3049 3048)
4(486 3022 3050 490)
4(3021 3049 3050 3022)
4(489 490 3050 3049)
4(3022 3050 3051 3023)
4(490 491 3051 3050)
4(3020 3024 3052 3048)
4(2720 2727 3052 3024)
4(2726 3048 3052 2727)
4(3021 3025 3053 3049)
4(3024 3052 3053 3025)
4(3048 3049 3053 3052)
4(3022 3026 3054 3050)
4(3025 3053 3054 3026)
4(3049 3050 3054 3053)
4(3026 3054 3055 3027)
4(3050 3051 3055 3054)
4(3024 3028 3056 3052)
4(2721 2728 3056 3028)
4(2727 3052 3056 2728)
4(3025 3029 3057 3053)
4(3028 3056 3057 3029)
4(3052 3053 3057 3056)
4(3026 3030 3058 3054)
4(3029 3057 3058 3030)
4(3053 3054 3058 3057)
4(3030 3058 3059 3031)
4(3054 3055 3059 3058)
4(3028 3032 3060 3056)
4(2722 2729 3060 3032)
4(2728 3056 3060 2729)
4(3029 3033 3061 3057)
4(3032 3060 3061 3033)
4(3056 3057 3061 3060)
4(3030 3034 3062 3058)
4(3033 3061 3062 3034)
4(3057 3058 3062 3061)
4(3034 3062 3063 3035)
4(3058 3059 3063 3062)
4(3032 3036 3064 3060)
4(2723 2730 3064 3036)
4(2729 3060 3064 2730)
4(3033 3037 3065 3061)
4(3036 3064 3065 3037)
4(3060 3061 3065 3064)
4(3034 3038 3066 3062)
4(3037 3065 3066 3038)
4(3061 3062 3066 3065)
4(3038 3066 3067 3039)
4(3062 3063 3067 3066)
4(3036 3040 3068 3064)
4(2724 2731 3068 3040)
4(2730 3064 3068 2731)
4(3037 3041 3069 3065)
4(3040 3068 3069 3041)
4(3064 3065 3069 3068)
4(3038 3042 3070 3066)
4(3041 3069 3070 3042)
4(3065 3066 3070 3069)
4(3042 3070 3071 3043)
4(3066 3067 3071 3070)
4(3040 3044 3072 3068)
4(2731 3068 3072 2732)
4(2725 2732 3072 3044)
4(3041 3045 3073 3069)
4(3068 3069 3073 3072)
4(3044 3072 3073 3045)
4(3042 3046 3074 3070)
4(3069 3070 3074 3073)
4(3045 3073 3074 3046)
4(3070 3071 3075 3074)
4(3046 3074 3075 3047)
4(488 3048 3076 492)
4(2726 2733 3076 3048)
4(443 492 3076 2733)
4(489 3049 3077 493)
4(3048 3076 3077 3049)
4(492 493 3077 3076)
4(490 3050 3078 494)
4(3049 3077 3078 3050)
4(493 494 3078 3077)
4(3050 3078 3079 3051)
4(494 495 3079 3078)
4(3048 3052 3080 3076)
4(2727 2734 3080 3052)
4(2733 3076 3080 2734)
4(3049 3053 3081 3077)
4(3052 3080 3081 3053)
4(3076 3077 3081 3080)
4(3050 3054 3082 3078)
4(3053 3081 3082 3054)
4(3077 3078 3082 3081)
4(3054 3082 3083 3055)
4(3078 3079 3083 3082)
4(3052 3056 3084 3080)
4(2728 2735 3084 3056)
4(2734 3080 3084 2735)
4(3053 3057 3085 3081)
4(3056 3084 3085 3057)
4(3080 3081 3085 3084)
4(3054 3058 3086 3082)
4(3057 3085 3086 3058)
4(3081 3082 3086 3085)
4(3058 3086 3087 3059)
4(3082 3083 3087 3086)
4(3056 3060 3088 3084)
4(2729 2736 3088 3060)
4(2735 3084 3088 2736)
4(3057 3061 3089 3085)
4(3060 3088 3089 3061)
4(3084 3085 3089 3088)
4(3058 3062 3090 3086)
4(3061 3089 3090 3062)
4(3085 3086 3090 3089)
4(3062 3090 3091 3063)
4(3086 3087 3091 3090)
4(3060 3064 3092 3088)
4(2730 2737 3092 3064)
4(2736 3088 3092 2737)
4(3061 3065 3093 3089)
4(3064 3092 3093 3065)
4(3088 3089 3093 3092)
4(3062 3066 3094 3090)
4(3065 3093 3094 3066)
4(3089 3090 3094 3093)
4(3066 3094 3095 3067)
4(3090 3091 3095 3094)
4(3064 3068 3096 3092)
4(2731 2738 3096 3068)
4(2737 3092 3096 2738)
4(3065 3069 3097 3093)
4(3068 3096 3097 3069)
4(3092 3093 3097 3096)
4(3066 3070 3098 3094)
4(3069 3097 3098 3070)
4(3093 3094 3098 3097)
4(3070 3098 3099 3071)
4(3094 3095 3099 3098)
4(3068 3072 3100 3096)
4(2738 3096 3100 2739)
4(2732 2739 3100 3072)
4(3069 3073 3101 3097)
4(3096 3097 3101 3100)
4(3072 3100 3101 3073)
4(3070 3074 3102 3098)
4(3097 3098 3102 3101)
4(3073 3101 3102 3074)
4(3098 3099 3103 3102)
4(3074 3102 3103 3075)
4(492 3076 3104 496)
4(2733 2740 3104 3076)
4(444 496 3104 2740)
4(493 3077 3105 497)
4(3076 3104 3105 3077)
4(496 497 3105 3104)
4(494 3078 3106 498)
4(3077 3105 3106 3078)
4(497 498 3106 3105)
4(3078 3106 3107 3079)
4(498 499 3107 3106)
4(3076 3080 3108 3104)
4(2734 2741 3108 3080)
4(2740 3104 3108 2741)
4(3077 3081 3109 3105)
4(3080 3108 3109 3081)
4(3104 3105 3109 3108)
4(3078 3082 3110 3106)
4(3081 3109 3110 3082)
4(3105 3106 3110 3109)
4(3082 3110 3111 3083)
4(3106 3107 3111 3110)
4(3080 3084 3112 3108)
4(2735 2742 3112 3084)
4(2741 3108 3112 2742)
4(3081 3085 3113 3109)
4(3084 3112 3113 3085)
4(3108 3109 3113 3112)
4(3082 3086 3114 3110)
4(3085 3113 3114 3086)
4(3109 3110 3114 3113)
4(3086 3114 3115 3087)
4(3110 3111 3115 3114)
4(3084 3088 3116 3112)
4(2736 2743 3116 3088)
4(2742 3112 3116 2743)
4(3085 3089 3117 3113)
4(3088 3116 3117 3089)
4(3112 3113 3117 3116)
4(3086 3090 3118 3114)
4(3089 3117 3118 3090)
4(3113 3114 3118 3117)
4(3090 3118 3119 3091)
4(3114 3115 3119 3118)
4(3088 3092 3120 3116)
4(2737 2744 3120 3092)
4(2743 3116 3120 2744)
4(3089 3093 3121 3117)
4(3092 3120 3121 3093)
4(3116 3117 3121 3120)
4(3090 3094 3122 3118)
4(3093 3121 3122 3094)
4(3117 3118 3122 3121)
4(3094 3122 3123 3095)
4(3118 3119 3123 3122)
4(3092 3096 3124 3120)
4(2738 2745 3124 3096)
4(2744 3120 3124 2745)
4(3093 3097 3125 3121)
4(3096 3124 3125 3097)
4(3120 3121 3125 3124)
4(3094 3098 3126 3122)
4(3097 3125 3126 3098)
4(3121 3122 3126 3125)
4(3098 3126 3127 3099)
4(3122 3123 3127 3126)
4(3096 3100 3128 3124)
4(2745 3124 3128 2746)
4(2739 2746 3128 3100)
4(3097 3101 3129 3125)
4(3124 3125 3129 3128)
4(3100 3128 3129 3101)
4(3098 3102 3130 3126)
4(3125 3126 3130 3129)
4(3101 3129 3130 3102)
4(3126 3127 3131 3130)
4(3102 3130 3131 3103)
4(496 3104 3132 500)
4(2740 2747 3132 3104)
4(445 500 3132 2747)
4(497 3105 3133 501)
4(3104 3132 3133 3105)
4(500 501 3133 3132)
4(498 3106 3134 502)
4(3105 3133 3134 3106)
4(501 502 3134 3133)
4(3106 3134 3135 3107)
4(502 503 3135 3134)
4(3104 3108 3136 3132)
4(2741 2748 3136 3108)
4(2747 3132 3136 2748)
4(3105 3109 3137 3133)
4(3108 3136 3137 3109)
4(3132 3133 3137 3136)
4(3106 3110 3138 3134)
4(3109 3137 3138 3110)
4(3133 3134 3138 3137)
4(3110 3138 3139 3111)
4(3134 3135 3139 3138)
4(3108 3112 3140 3136)
4(2742 2749 3140 3112)
4(2748 3136 3140 2749)
4(3109 3113 3141 3137)
4(3112 3140 3141 3113)
4(3136 3137 3141 3140)
4(3110 3114 3142 3138)
4(3113 3141 3142 3114)
4(3137 3138 3142 3141)
4(3114 3142 3143 3115)
4(3138 3139 3143 3142)
4(3112 3116 3144 3140)
4(2743 2750 3144 3116)
4(2749 3140 3144 2750)
4(3113 3117 3145 3141)
4(3116 3144 3145 3117)
4(3140 3141 3145 3144)
4(3114 3118 3146 3142)
4(3117 3145 3146 3118)
4(3141 3142 3146 3145)
4(3118 3146 3147 3119)
4(3142 3143 3147 3146)
4(3116 3120 3148 3144)
4(2744 2751 3148 3120)
4(2750 3144 3148 2751)
4(3117 3121 3149 3145)
4(3120 3148 3149 3121)
4(3144 3145 3149 3148)
4(3118 3122 3150 3146)
4(3121 3149 3150 3122)
4(3145 3146 3150 3149)
4(3122 3150 3151 3123)
4(3146 3147 3151 3150)
4(3120 3124 3152 3148)
4(2745 2752 3152 3124)
4(2751 3148 3152 2752)
4(3121 3125 3153 3149)
4(3124 3152 3153 3125)
4(3148 3149 3153 3152)
4(3122 3126 3154 3150)
4(3125 3153 3154 3126)
4(3149 3150 3154 3153)
4(3126 3154 3155 3127)
4(3150 3151 3155 3154)
4(3124 3128 3156 3152)
4(2752 3152 3156 2753)
4(2746 2753 3156 3128)
4(3125 3129 3157 3153)
4(3152 3153 3157 3156)
4(3128 3156 3157 3129)
4(3126 3130 3158 3154)
4(3153 3154 3158 3157)
4(3129 3157 3158 3130)
4(3154 3155 3159 3158)
4(3130 3158 3159 3131)
4(500 3132 3160 504)
4(2747 2754 3160 3132)
4(446 504 3160 2754)
4(501 3133 3161 505)
4(3132 3160 3161 3133)
4(504 505 3161 3160)
4(502 3134 3162 506)
4(3133 3161 3162 3134)
4(505 506 3162 3161)
4(3134 3162 3163 3135)
4(506 507 3163 3162)
4(3132 3136 3164 3160)
4(2748 2755 3164 3136)
4(2754 3160 3164 2755)
4(3133 3137 3165 3161)
4(3136 3164 3165 3137)
4(3160 3161 3165 3164)
4(3134 3138 3166 3162)
4(3137 3165 3166 3138)
4(3161 3162 3166 3165)
4(3138 3166 3167 3139)
4(3162 3163 3167 3166)
4(3136 3140 3168 3164)
4(2749 2756 3168 3140)
4(2755 3164 3168 2756)
4(3137 3141 3169 3165)
4(3140 3168 3169 3141)
4(3164 3165 3169 3168)
4(3138 3142 3170 3166)
4(3141 3169 3170 3142)
4(3165 3166 3170 3169)
4(3142 3170 3171 3143)
4(3166 3167 3171 3170)
4(3140 3144 3172 3168)
4(2750 2757 3172 3144)
4(2756 3168 3172 2757)
4(3141 3145 3173 3169)
4(3144 3172 3173 3145)
4(3168 3169 3173 3172)
4(3142 3146 3174 3170)
4(3145 3173 3174 3146)
4(3169 3170 3174 3173)
4(3146 3174 3175 3147)
4(3170 3171 3175 3174)
4(3144 3148 3176 3172)
4(2751 2758 3176 3148)
4(2757 3172 3176 2758)
4(3145 3149 3177 3173)
4(3148 3176 3177 3149)
4(3172 3173 3177 3176)
4(3146 3150 3178 3174)
4(3149 3177 3178 3150)
4(3173 3174 3178 3177)
4(3150 3178 3179 3151)
4(3174 3175 3179 3178)
4(3148 3152 3180 3176)
4(2752 2759 3180 3152)
4(2758 3176 3180 2759)
4(3149 3153 3181 3177)
4(3152 3180 3181 3153)
4(3176 3177 3181 3180)
4(3150 3154 3182 3178)
4(3153 3181 3182 3154)
4(3177 3178 3182 3181)
4(3154 3182 3183 3155)
4(3178 3179 3183 3182)
4(3152 3156 3184 3180)
4(2759 3180 3184 2760)
4(2753 2760 3184 3156)
4(3153 3157 3185 3181)
4(3180 3181 3185 3184)
4(3156 3184 3185 3157)
4(3154 3158 3186 3182)
4(3181 3182 3186 3185)
4(3157 3185 3186 3158)
4(3182 3183 3187 3186)
4(3158 3186 3187 3159)
4(504 3160 3188 508)
4(2754 2761 3188 3160)
4(505 3161 3189 509)
4(3160 3188 3189 3161)
4(506 3162 3190 510)
4(3161 3189 3190 3162)
4(3162 3190 3191 3163)
4(3160 3164 3192 3188)
4(2755 2762 3192 3164)
4(3161 3165 3193 3189)
4(3164 3192 3193 3165)
4(3162 3166 3194 3190)
4(3165 3193 3194 3166)
4(3166 3194 3195 3167)
4(3164 3168 3196 3192)
4(2756 2763 3196 3168)
4(3165 3169 3197 3193)
4(3168 3196 3197 3169)
4(3166 3170 3198 3194)
4(3169 3197 3198 3170)
4(3170 3198 3199 3171)
4(3168 3172 3200 3196)
4(2757 2764 3200 3172)
4(3169 3173 3201 3197)
4(3172 3200 3201 3173)
4(3170 3174 3202 3198)
4(3173 3201 3202 3174)
4(3174 3202 3203 3175)
4(3172 3176 3204 3200)
4(2758 2765 3204 3176)
4(3173 3177 3205 3201)
4(3176 3204 3205 3177)
4(3174 3178 3206 3202)
4(3177 3205 3206 3178)
4(3178 3206 3207 3179)
4(3176 3180 3208 3204)
4(2759 2766 3208 3180)
4(3177 3181 3209 3205)
4(3180 3208 3209 3181)
4(3178 3182 3210 3206)
4(3181 3209 3210 3182)
4(3182 3210 3211 3183)
4(3180 3184 3212 3208)
4(2760 2767 3212 3184)
4(3181 3185 3213 3209)
4(3184 3212 3213 3185)
4(3182 3186 3214 3210)
4(3185 3213 3214 3186)
4(3186 3214 3215 3187)
4(554 3328 3398 574)
4(3216 3223 3398 3328)
4(515 574 3398 3223)
4(555 3329 3399 575)
4(3328 3398 3399 3329)
4(574 575 3399 3398)
4(556 3330 3400 576)
4(3329 3399 3400 3330)
4(575 576 3400 3399)
4(557 3331 3401 577)
4(3330 3400 3401 3331)
4(576 577 3401 3400)
4(558 3332 3402 578)
4(3331 3401 3402 3332)
4(577 578 3402 3401)
4(559 3333 3403 579)
4(3332 3402 3403 3333)
4(578 579 3403 3402)
4(560 3334 3404 580)
4(3333 3403 3404 3334)
4(579 580 3404 3403)
4(561 3335 3405 581)
4(3334 3404 3405 3335)
4(580 581 3405 3404)
4(562 3336 3406 582)
4(3335 3405 3406 3336)
4(581 582 3406 3405)
4(3336 3406 3407 3337)
4(582 583 3407 3406)
4(3328 3338 3408 3398)
4(3217 3224 3408 3338)
4(3223 3398 3408 3224)
4(3329 3339 3409 3399)
4(3338 3408 3409 3339)
4(3398 3399 3409 3408)
4(3330 3340 3410 3400)
4(3339 3409 3410 3340)
4(3399 3400 3410 3409)
4(3331 3341 3411 3401)
4(3340 3410 3411 3341)
4(3400 3401 3411 3410)
4(3332 3342 3412 3402)
4(3341 3411 3412 3342)
4(3401 3402 3412 3411)
4(3333 3343 3413 3403)
4(3342 3412 3413 3343)
4(3402 3403 3413 3412)
4(3334 3344 3414 3404)
4(3343 3413 3414 3344)
4(3403 3404 3414 3413)
4(3335 3345 3415 3405)
4(3344 3414 3415 3345)
4(3404 3405 3415 3414)
4(3336 3346 3416 3406)
4(3345 3415 3416 3346)
4(3405 3406 3416 3415)
4(3346 3416 3417 3347)
4(3406 3407 3417 3416)
4(3338 3348 3418 3408)
4(3218 3225 3418 3348)
4(3224 3408 3418 3225)
4(3339 3349 3419 3409)
4(3348 3418 3419 3349)
4(3408 3409 3419 3418)
4(3340 3350 3420 3410)
4(3349 3419 3420 3350)
4(3409 3410 3420 3419)
4(3341 3351 3421 3411)
4(3350 3420 3421 3351)
4(3410 3411 3421 3420)
4(3342 3352 3422 3412)
4(3351 3421 3422 3352)
4(3411 3412 3422 3421)
4(3343 3353 3423 3413)
4(3352 3422 3423 3353)
4(3412 3413 3423 3422)
4(3344 3354 3424 3414)
4(3353 3423 3424 3354)
4(3413 3414 3424 3423)
4(3345 3355 3425 3415)
4(3354 3424 3425 3355)
4(3414 3415 3425 3424)
4(3346 3356 3426 3416)
4(3355 3425 3426 3356)
4(3415 3416 3426 3425)
4(3356 3426 3427 3357)
4(3416 3417 3427 3426)
4(3348 3358 3428 3418)
4(3219 3226 3428 3358)
4(3225 3418 3428 3226)
4(3349 3359 3429 3419)
4(3358 3428 3429 3359)
4(3418 3419 3429 3428)
4(3350 3360 3430 3420)
4(3359 3429 3430 3360)
4(3419 3420 3430 3429)
4(3351 3361 3431 3421)
4(3360 3430 3431 3361)
4(3420 3421 3431 3430)
4(3352 3362 3432 3422)
4(3361 3431 3432 3362)
4(3421 3422 3432 3431)
4(3353 3363 3433 3423)
4(3362 3432 3433 3363)
4(3422 3423 3433 3432)
4(3354 3364 3434 3424)
4(3363 3433 3434 3364)
4(3423 3424 3434 3433)
4(3355 3365 3435 3425)
4(3364 3434 3435 3365)
4(3424 3425 3435 3434)
4(3356 3366 3436 3426)
4(3365 3435 3436 3366)
4(3425 3426 3436 3435)
4(3366 3436 3437 3367)
4(3426 3427 3437 3436)
4(3358 3368 3438 3428)
4(3220 3227 3438 3368)
4(3226 3428 3438 3227)
4(3359 3369 3439 3429)
4(3368 3438 3439 3369)
4(3428 3429 3439 3438)
4(3360 3370 3440 3430)
4(3369 3439 3440 3370)
4(3429 3430 3440 3439)
4(3361 3371 3441 3431)
4(3370 3440 3441 3371)
4(3430 3431 3441 3440)
4(3362 3372 3442 3432)
4(3371 3441 3442 3372)
4(3431 3432 3442 3441)
4(3363 3373 3443 3433)
4(3372 3442 3443 3373)
4(3432 3433 3443 3442)
4(3364 3374 3444 3434)
4(3373 3443 3444 3374)
4(3433 3434 3444 3443)
4(3365 3375 3445 3435)
4(3374 3444 3445 3375)
4(3434 3435 3445 3444)
4(3366 3376 3446 3436)
4(3375 3445 3446 3376)
4(3435 3436 3446 3445)
4(3376 3446 3447 3377)
4(3436 3437 3447 3446)
4(3368 3378 3448 3438)
4(3221 3228 3448 3378)
4(3227 3438 3448 3228)
4(3369 3379 3449 3439)
4(3378 3448 3449 3379)
4(3438 3439 3449 3448)
4(3370 3380 3450 3440)
4(3379 3449 3450 3380)
4(3439 3440 3450 3449)
4(3371 3381 3451 3441)
4(3380 3450 3451 3381)
4(3440 3441 3451 3450)
4(3372 3382 3452 3442)
4(3381 3451 3452 3382)
4(3441 3442 3452 3451)
4(3373 3383 3453 3443)
4(3382 3452 3453 3383)
4(3442 3443 3453 3452)
4(3374 3384 3454 3444)
4(3383 3453 3454 3384)
4(3443 3444 3454 3453)
4(3375 3385 3455 3445)
4(3384 3454 3455 3385)
4(3444 3445 3455 3454)
4(3376 3386 3456 3446)
4(3385 3455 3456 3386)
4(3445 3446 3456 3455)
4(3386 3456 3457 3387)
4(3446 3447 3457 3456)
4(3378 3388 3458 3448)
4(3228 3448 3458 3229)
4(3222 3229 3458 3388)
4(3379 3389 3459 3449)
4(3448 3449 3459 3458)
4(3388 3458 3459 3389)
4(3380 3390 3460 3450)
4(3449 3450 3460 3459)
4(3389 3459 3460 3390)
4(3381 3391 3461 3451)
4(3450 3451 3461 3460)
4(3390 3460 3461 3391)
4(3382 3392 3462 3452)
4(3451 3452 3462 3461)
4(3391 3461 3462 3392)
4(3383 3393 3463 3453)
4(3452 3453 3463 3462)
4(3392 3462 3463 3393)
4(3384 3394 3464 3454)
4(3453 3454 3464 3463)
4(3393 3463 3464 3394)
4(3385 3395 3465 3455)
4(3454 3455 3465 3464)
4(3394 3464 3465 3395)
4(3386 3396 3466 3456)
4(3455 3456 3466 3465)
4(3395 3465 3466 3396)
4(3456 3457 3467 3466)
4(3396 3466 3467 3397)
4(574 3398 3468 594)
4(3223 3230 3468 3398)
4(517 594 3468 3230)
4(575 3399 3469 595)
4(3398 3468 3469 3399)
4(594 595 3469 3468)
4(576 3400 3470 596)
4(3399 3469 3470 3400)
4(595 596 3470 3469)
4(577 3401 3471 597)
4(3400 3470 3471 3401)
4(596 597 3471 3470)
4(578 3402 3472 598)
4(3401 3471 3472 3402)
4(597 598 3472 3471)
4(579 3403 3473 599)
4(3402 3472 3473 3403)
4(598 599 3473 3472)
4(580 3404 3474 600)
4(3403 3473 3474 3404)
4(599 600 3474 3473)
4(581 3405 3475 601)
4(3404 3474 3475 3405)
4(600 601 3475 3474)
4(582 3406 3476 602)
4(3405 3475 3476 3406)
4(601 602 3476 3475)
4(3406 3476 3477 3407)
4(602 603 3477 3476)
4(3398 3408 3478 3468)
4(3224 3231 3478 3408)
4(3230 3468 3478 3231)
4(3399 3409 3479 3469)
4(3408 3478 3479 3409)
4(3468 3469 3479 3478)
4(3400 3410 3480 3470)
4(3409 3479 3480 3410)
4(3469 3470 3480 3479)
4(3401 3411 3481 3471)
4(3410 3480 3481 3411)
4(3470 3471 3481 3480)
4(3402 3412 3482 3472)
4(3411 3481 3482 3412)
4(3471 3472 3482 3481)
4(3403 3413 3483 3473)
4(3412 3482 3483 3413)
4(3472 3473 3483 3482)
4(3404 3414 3484 3474)
4(3413 3483 3484 3414)
4(3473 3474 3484 3483)
4(3405 3415 3485 3475)
4(3414 3484 3485 3415)
4(3474 3475 3485 3484)
4(3406 3416 3486 3476)
4(3415 3485 3486 3416)
4(3475 3476 3486 3485)
4(3416 3486 3487 3417)
4(3476 3477 3487 3486)
4(3408 3418 3488 3478)
4(3225 3232 3488 3418)
4(3231 3478 3488 3232)
4(3409 3419 3489 3479)
4(3418 3488 3489 3419)
4(3478 3479 3489 3488)
4(3410 3420 3490 3480)
4(3419 3489 3490 3420)
4(3479 3480 3490 3489)
4(3411 3421 3491 3481)
4(3420 3490 3491 3421)
4(3480 3481 3491 3490)
4(3412 3422 3492 3482)
4(3421 3491 3492 3422)
4(3481 3482 3492 3491)
4(3413 3423 3493 3483)
4(3422 3492 3493 3423)
4(3482 3483 3493 3492)
4(3414 3424 3494 3484)
4(3423 3493 3494 3424)
4(3483 3484 3494 3493)
4(3415 3425 3495 3485)
4(3424 3494 3495 3425)
4(3484 3485 3495 3494)
4(3416 3426 3496 3486)
4(3425 3495 3496 3426)
4(3485 3486 3496 3495)
4(3426 3496 3497 3427)
4(3486 3487 3497 3496)
4(3418 3428 3498 3488)
4(3226 3233 3498 3428)
4(3232 3488 3498 3233)
4(3419 3429 3499 3489)
4(3428 3498 3499 3429)
4(3488 3489 3499 3498)
4(3420 3430 3500 3490)
4(3429 3499 3500 3430)
4(3489 3490 3500 3499)
4(3421 3431 3501 3491)
4(3430 3500 3501 3431)
4(3490 3491 3501 3500)
4(3422 3432 3502 3492)
4(3431 3501 3502 3432)
4(3491 3492 3502 3501)
4(3423 3433 3503 3493)
4(3432 3502 3503 3433)
4(3492 3493 3503 3502)
4(3424 3434 3504 3494)
4(3433 3503 3504 3434)
4(3493 3494 3504 3503)
4(3425 3435 3505 3495)
4(3434 3504 3505 3435)
4(3494 3495 3505 3504)
4(3426 3436 3506 3496)
4(3435 3505 3506 3436)
4(3495 3496 3506 3505)
4(3436 3506 3507 3437)
4(3496 3497 3507 3506)
4(3428 3438 3508 3498)
4(3227 3234 3508 3438)
4(3233 3498 3508 3234)
4(3429 3439 3509 3499)
4(3438 3508 3509 3439)
4(3498 3499 3509 3508)
4(3430 3440 3510 3500)
4(3439 3509 3510 3440)
4(3499 3500 3510 3509)
4(3431 3441 3511 3501)
4(3440 3510 3511 3441)
4(3500 3501 3511 3510)
4(3432 3442 3512 3502)
4(3441 3511 3512 3442)
4(3501 3502 3512 3511)
4(3433 3443 3513 3503)
4(3442 3512 3513 3443)
4(3502 3503 3513 3512)
4(3434 3444 3514 3504)
4(3443 3513 3514 3444)
4(3503 3504 3514 3513)
4(3435 3445 3515 3505)
4(3444 3514 3515 3445)
4(3504 3505 3515 3514)
4(3436 3446 3516 3506)
4(3445 3515 3516 3446)
4(3505 3506 3516 3515)
4(3446 3516 3517 3447)
4(3506 3507 3517 3516)
4(3438 3448 3518 3508)
4(3228 3235 3518 3448)
4(3234 3508 3518 3235)
4(3439 3449 3519 3509)
4(3448 3518 3519 3449)
4(3508 3509 3519 3518)
4(3440 3450 3520 3510)
4(3449 3519 3520 3450)
4(3509 3510 3520 3519)
4(3441 3451 3521 3511)
4(3450 3520 3521 3451)
4(3510 3511 3521 3520)
4(3442 3452 3522 3512)
4(3451 3521 3522 3452)
4(3511 3512 3522 3521)
4(3443 3453 3523 3513)
4(3452 3522 3523 3453)
4(3512 3513 3523 3522)
4(3444 3454 3524 3514)
4(3453 3523 3524 3454)
4(3513 3514 3524 3523)
4(3445 3455 3525 3515)
4(3454 3524 3525 3455)
4(3514 3515 3525 3524)
4(3446 3456 3526 3516)
4(3455 3525 3526 3456)
4(3515 3516 3526 3525)
4(3456 3526 3527 3457)
4(3516 3517 3527 3526)
4(3448 3458 3528 3518)
4(3235 3518 3528 3236)
4(3229 3236 3528 3458)
4(3449 3459 3529 3519)
4(3518 3519 3529 3528)
4(3458 3528 3529 3459)
4(3450 3460 3530 3520)
4(3519 3520 3530 3529)
4(3459 3529 3530 3460)
4(3451 3461 3531 3521)
4(3520 3521 3531 3530)
4(3460 3530 3531 3461)
4(3452 3462 3532 3522)
4(3521 3522 3532 3531)
4(3461 3531 3532 3462)
4(3453 3463 3533 3523)
4(3522 3523 3533 3532)
4(3462 3532 3533 3463)
4(3454 3464 3534 3524)
4(3523 3524 3534 3533)
4(3463 3533 3534 3464)
4(3455 3465 3535 3525)
4(3524 3525 3535 3534)
4(3464 3534 3535 3465)
4(3456 3466 3536 3526)
4(3525 3526 3536 3535)
4(3465 3535 3536 3466)
4(3526 3527 3537 3536)
4(3466 3536 3537 3467)
4(594 3468 3538 614)
4(3230 3237 3538 3468)
4(519 614 3538 3237)
4(595 3469 3539 615)
4(3468 3538 3539 3469)
4(614 615 3539 3538)
4(596 3470 3540 616)
4(3469 3539 3540 3470)
4(615 616 3540 3539)
4(597 3471 3541 617)
4(3470 3540 3541 3471)
4(616 617 3541 3540)
4(598 3472 3542 618)
4(3471 3541 3542 3472)
4(617 618 3542 3541)
4(599 3473 3543 619)
4(3472 3542 3543 3473)
4(618 619 3543 3542)
4(600 3474 3544 620)
4(3473 3543 3544 3474)
4(619 620 3544 3543)
4(601 3475 3545 621)
4(3474 3544 3545 3475)
4(620 621 3545 3544)
4(602 3476 3546 622)
4(3475 3545 3546 3476)
4(621 622 3546 3545)
4(3476 3546 3547 3477)
4(622 623 3547 3546)
4(3468 3478 3548 3538)
4(3231 3238 3548 3478)
4(3237 3538 3548 3238)
4(3469 3479 3549 3539)
4(3478 3548 3549 3479)
4(3538 3539 3549 3548)
4(3470 3480 3550 3540)
4(3479 3549 3550 3480)
4(3539 3540 3550 3549)
4(3471 3481 3551 3541)
4(3480 3550 3551 3481)
4(3540 3541 3551 3550)
4(3472 3482 3552 3542)
4(3481 3551 3552 3482)
4(3541 3542 3552 3551)
4(3473 3483 3553 3543)
4(3482 3552 3553 3483)
4(3542 3543 3553 3552)
4(3474 3484 3554 3544)
4(3483 3553 3554 3484)
4(3543 3544 3554 3553)
4(3475 3485 3555 3545)
4(3484 3554 3555 3485)
4(3544 3545 3555 3554)
4(3476 3486 3556 3546)
4(3485 3555 3556 3486)
4(3545 3546 3556 3555)
4(3486 3556 3557 3487)
4(3546 3547 3557 3556)
4(3478 3488 3558 3548)
4(3232 3239 3558 3488)
4(3238 3548 3558 3239)
4(3479 3489 3559 3549)
4(3488 3558 3559 3489)
4(3548 3549 3559 3558)
4(3480 3490 3560 3550)
4(3489 3559 3560 3490)
4(3549 3550 3560 3559)
4(3481 3491 3561 3551)
4(3490 3560 3561 3491)
4(3550 3551 3561 3560)
4(3482 3492 3562 3552)
4(3491 3561 3562 3492)
4(3551 3552 3562 3561)
4(3483 3493 3563 3553)
4(3492 3562 3563 3493)
4(3552 3553 3563 3562)
4(3484 3494 3564 3554)
4(3493 3563 3564 3494)
4(3553 3554 3564 3563)
4(3485 3495 3565 3555)
4(3494 3564 3565 3495)
4(3554 3555 3565 3564)
4(3486 3496 3566 3556)
4(3495 3565 3566 3496)
4(3555 3556 3566 3565)
4(3496 3566 3567 3497)
4(3556 3557 3567 3566)
4(3488 3498 3568 3558)
4(3233 3240 3568 3498)
4(3239 3558 3568 3240)
4(3489 3499 3569 3559)
4(3498 3568 3569 3499)
4(3558 3559 3569 3568)
4(3490 3500 3570 3560)
4(3499 3569 3570 3500)
4(3559 3560 3570 3569)
4(3491 3501 3571 3561)
4(3500 3570 3571 3501)
4(3560 3561 3571 3570)
4(3492 3502 3572 3562)
4(3501 3571 3572 3502)
4(3561 3562 3572 3571)
4(3493 3503 3573 3563)
4(3502 3572 3573 3503)
4(3562 3563 3573 3572)
4(3494 3504 3574 3564)
4(3503 3573 3574 3504)
4(3563 3564 3574 3573)
4(3495 3505 3575 3565)
4(3504 3574 3575 3505)
4(3564 3565 3575 3574)
4(3496 3506 3576 3566)
4(3505 3575 3576 3506)
4(3565 3566 3576 3575)
4(3506 3576 3577 3507)
4(3566 3567 3577 3576)
4(3498 3508 3578 3568)
4(3234 3241 3578 3508)
4(3240 3568 3578 3241)
4(3499 3509 3579 3569)
4(3508 3578 3579 3509)
4(3568 3569 3579 3578)
4(3500 3510 3580 3570)
4(3509 3579 3580 3510)
4(3569 3570 3580 3579)
4(3501 3511 3581 3571)
4(3510 3580 3581 3511)
4(3570 3571 3581 3580)
4(3502 3512 3582 3572)
4(3511 3581 3582 3512)
4(3571 3572 3582 3581)
4(3503 3513 3583 3573)
4(3512 3582 3583 3513)
4(3572 3573 3583 3582)
4(3504 3514 3584 3574)
4(3513 3583 3584 3514)
4(3573 3574 3584 3583)
4(3505 3515 3585 3575)
4(3514 3584 3585 3515)
4(3574 3575 3585 3584)
4(3506 3516 3586 3576)
4(3515 3585 3586 3516)
4(3575 3576 3586 3585)
4(3516 3586 3587 3517)
4(3576 3577 3587 3586)
4(3508 3518 3588 3578)
4(3235 3242 3588 3518)
4(3241 3578 3588 3242)
4(3509 3519 3589 3579)
4(3518 3588 3589 3519)
4(3578 3579 3589 3588)
4(3510 3520 3590 3580)
4(3519 3589 3590 3520)
4(3579 3580 3590 3589)
4(3511 3521 3591 3581)
4(3520 3590 3591 3521)
4(3580 3581 3591 3590)
4(3512 3522 3592 3582)
4(3521 3591 3592 3522)
4(3581 3582 3592 3591)
4(3513 3523 3593 3583)
4(3522 3592 3593 3523)
4(3582 3583 3593 3592)
4(3514 3524 3594 3584)
4(3523 3593 3594 3524)
4(3583 3584 3594 3593)
4(3515 3525 3595 3585)
4(3524 3594 3595 3525)
4(3584 3585 3595 3594)
4(3516 3526 3596 3586)
4(3525 3595 3596 3526)
4(3585 3586 3596 3595)
4(3526 3596 3597 3527)
4(3586 3587 3597 3596)
4(3518 3528 3598 3588)
4(3242 3588 3598 3243)
4(3236 3243 3598 3528)
4(3519 3529 3599 3589)
4(3588 3589 3599 3598)
4(3528 3598 3599 3529)
4(3520 3530 3600 3590)
4(3589 3590 3600 3599)
4(3529 3599 3600 3530)
4(3521 3531 3601 3591)
4(3590 3591 3601 3600)
4(3530 3600 3601 3531)
4(3522 3532 3602 3592)
4(3591 3592 3602 3601)
4(3531 3601 3602 3532)
4(3523 3533 3603 3593)
4(3592 3593 3603 3602)
4(3532 3602 3603 3533)
4(3524 3534 3604 3594)
4(3593 3594 3604 3603)
4(3533 3603 3604 3534)
4(3525 3535 3605 3595)
4(3594 3595 3605 3604)
4(3534 3604 3605 3535)
4(3526 3536 3606 3596)
4(3595 3596 3606 3605)
4(3535 3605 3606 3536)
4(3596 3597 3607 3606)
4(3536 3606 3607 3537)
4(614 3538 3608 634)
4(3237 3244 3608 3538)
4(521 634 3608 3244)
4(615 3539 3609 635)
4(3538 3608 3609 3539)
4(634 635 3609 3608)
4(616 3540 3610 636)
4(3539 3609 3610 3540)
4(635 636 3610 3609)
4(617 3541 3611 637)
4(3540 3610 3611 3541)
4(636 637 3611 3610)
4(618 3542 3612 638)
4(3541 3611 3612 3542)
4(637 638 3612 3611)
4(619 3543 3613 639)
4(3542 3612 3613 3543)
4(638 639 3613 3612)
4(620 3544 3614 640)
4(3543 3613 3614 3544)
4(639 640 3614 3613)
4(621 3545 3615 641)
4(3544 3614 3615 3545)
4(640 641 3615 3614)
4(622 3546 3616 642)
4(3545 3615 3616 3546)
4(641 642 3616 3615)
4(3546 3616 3617 3547)
4(642 643 3617 3616)
4(3538 3548 3618 3608)
4(3238 3245 3618 3548)
4(3244 3608 3618 3245)
4(3539 3549 3619 3609)
4(3548 3618 3619 3549)
4(3608 3609 3619 3618)
4(3540 3550 3620 3610)
4(3549 3619 3620 3550)
4(3609 3610 3620 3619)
4(3541 3551 3621 3611)
4(3550 3620 3621 3551)
4(3610 3611 3621 3620)
4(3542 3552 3622 3612)
4(3551 3621 3622 3552)
4(3611 3612 3622 3621)
4(3543 3553 3623 3613)
4(3552 3622 3623 3553)
4(3612 3613 3623 3622)
4(3544 3554 3624 3614)
4(3553 3623 3624 3554)
4(3613 3614 3624 3623)
4(3545 3555 3625 3615)
4(3554 3624 3625 3555)
4(3614 3615 3625 3624)
4(3546 3556 3626 3616)
4(3555 3625 3626 3556)
4(3615 3616 3626 3625)
4(3556 3626 3627 3557)
4(3616 3617 3627 3626)
4(3548 3558 3628 3618)
4(3239 3246 3628 3558)
4(3245 3618 3628 3246)
4(3549 3559 3629 3619)
4(3558 3628 3629 3559)
4(3618 3619 3629 3628)
4(3550 3560 3630 3620)
4(3559 3629 3630 3560)
4(3619 3620 3630 3629)
4(3551 3561 3631 3621)
4(3560 3630 3631 3561)
4(3620 3621 3631 3630)
4(3552 3562 3632 3622)
4(3561 3631 3632 3562)
4(3621 3622 3632 3631)
4(3553 3563 3633 3623)
4(3562 3632 3633 3563)
4(3622 3623 3633 3632)
4(3554 3564 3634 3624)
4(3563 3633 3634 3564)
4(3623 3624 3634 3633)
4(3555 3565 3635 3625)
4(3564 3634 3635 3565)
4(3624 3625 3635 3634)
4(3556 3566 3636 3626)
4(3565 3635 3636 3566)
4(3625 3626 3636 3635)
4(3566 3636 3637 3567)
4(3626 3627 3637 3636)
4(3558 3568 3638 3628)
4(3240 3247 3638 3568)
4(3246 3628 3638 3247)
4(3559 3569 3639 3629)
4(3568 3638 3639 3569)
4(3628 3629 3639 3638)
4(3560 3570 3640 3630)
4(3569 3639 3640 3570)
4(3629 3630 3640 3639)
4(3561 3571 3641 3631)
4(3570 3640 3641 3571)
4(3630 3631 3641 3640)
4(3562 3572 3642 3632)
4(3571 3641 3642 3572)
4(3631 3632 3642 3641)
4(3563 3573 3643 3633)
4(3572 3642 3643 3573)
4(3632 3633 3643 3642)
4(3564 3574 3644 3634)
4(3573 3643 3644 3574)
4(3633 3634 3644 3643)
4(3565 3575 3645 3635)
4(3574 3644 3645 3575)
4(3634 3635 3645 3644)
4(3566 3576 3646 3636)
4(3575 3645 3646 3576)
4(3635 3636 3646 3645)
4(3576 3646 3647 3577)
4(3636 3637 3647 3646)
4(3568 3578 3648 3638)
4(3241 3248 3648 3578)
4(3247 3638 3648 3248)
4(3569 3579 3649 3639)
4(3578 3648 3649 3579)
4(3638 3639 3649 3648)
4(3570 3580 3650 3640)
4(3579 3649 3650 3580)
4(3639 3640 3650 3649)
4(3571 3581 3651 3641)
4(3580 3650 3651 3581)
4(3640 3641 3651 3650)
4(3572 3582 3652 3642)
4(3581 3651 3652 3582)
4(3641 3642 3652 3651)
4(3573 3583 3653 3643)
4(3582 3652 3653 3583)
4(3642 3643 3653 3652)
4(3574 3584 3654 3644)
4(3583 3653 3654 3584)
4(3643 3644 3654 3653)
4(3575 3585 3655 3645)
4(3584 3654 3655 3585)
4(3644 3645 3655 3654)
4(3576 3586 3656 3646)
4(3585 3655 3656 3586)
4(3645 3646 3656 3655)
4(3586 3656 3657 3587)
4(3646 3647 3657 3656)
4(3578 3588 3658 3648)
4(3242 3249 3658 3588)
4(3248 3648 3658 3249)
4(3579 3589 3659 3649)
4(3588 3658 3659 3589)
4(3648 3649 3659 3658)
4(3580 3590 3660 3650)
4(3589 3659 3660 3590)
4(3649 3650 3660 3659)
4(3581 3591 3661 3651)
4(3590 3660 3661 3591)
4(3650 3651 3661 3660)
4(3582 3592 3662 3652)
4(3591 3661 3662 3592)
4(3651 3652 3662 3661)
4(3583 3593 3663 3653)
4(3592 3662 3663 3593)
4(3652 3653 3663 3662)
4(3584 3594 3664 3654)
4(3593 3663 3664 3594)
4(3653 3654 3664 3663)
4(3585 3595 3665 3655)
4(3594 3664 3665 3595)
4(3654 3655 3665 3664)
4(3586 3596 3666 3656)
4(3595 3665 3666 3596)
4(3655 3656 3666 3665)
4(3596 3666 3667 3597)
4(3656 3657 3667 3666)
4(3588 3598 3668 3658)
4(3249 3658 3668 3250)
4(3243 3250 3668 3598)
4(3589 3599 3669 3659)
4(3658 3659 3669 3668)
4(3598 3668 3669 3599)
4(3590 3600 3670 3660)
4(3659 3660 3670 3669)
4(3599 3669 3670 3600)
4(3591 3601 3671 3661)
4(3660 3661 3671 3670)
4(3600 3670 3671 3601)
4(3592 3602 3672 3662)
4(3661 3662 3672 3671)
4(3601 3671 3672 3602)
4(3593 3603 3673 3663)
4(3662 3663 3673 3672)
4(3602 3672 3673 3603)
4(3594 3604 3674 3664)
4(3663 3664 3674 3673)
4(3603 3673 3674 3604)
4(3595 3605 3675 3665)
4(3664 3665 3675 3674)
4(3604 3674 3675 3605)
4(3596 3606 3676 3666)
4(3665 3666 3676 3675)
4(3605 3675 3676 3606)
4(3666 3667 3677 3676)
4(3606 3676 3677 3607)
4(634 3608 3678 654)
4(3244 3251 3678 3608)
4(523 654 3678 3251)
4(635 3609 3679 655)
4(3608 3678 3679 3609)
4(654 655 3679 3678)
4(636 3610 3680 656)
4(3609 3679 3680 3610)
4(655 656 3680 3679)
4(637 3611 3681 657)
4(3610 3680 3681 3611)
4(656 657 3681 3680)
4(638 3612 3682 658)
4(3611 3681 3682 3612)
4(657 658 3682 3681)
4(639 3613 3683 659)
4(3612 3682 3683 3613)
4(658 659 3683 3682)
4(640 3614 3684 660)
4(3613 3683 3684 3614)
4(659 660 3684 3683)
4(641 3615 3685 661)
4(3614 3684 3685 3615)
4(660 661 3685 3684)
4(642 3616 3686 662)
4(3615 3685 3686 3616)
4(661 662 3686 3685)
4(3616 3686 3687 3617)
4(662 663 3687 3686)
4(3608 3618 3688 3678)
4(3245 3252 3688 3618)
4(3251 3678 3688 3252)
4(3609 3619 3689 3679)
4(3618 3688 3689 3619)
4(3678 3679 3689 3688)
4(3610 3620 3690 3680)
4(3619 3689 3690 3620)
4(3679 3680 3690 3689)
4(3611 3621 3691 3681)
4(3620 3690 3691 3621)
4(3680 3681 3691 3690)
4(3612 3622 3692 3682)
4(3621 3691 3692 3622)
4(3681 3682 3692 3691)
4(3613 3623 3693 3683)
4(3622 3692 3693 3623)
4(3682 3683 3693 3692)
4(3614 3624 3694 3684)
4(3623 3693 3694 3624)
4(3683 3684 3694 3693)
4(3615 3625 3695 3685)
4(3624 3694 3695 3625)
4(3684 3685 3695 3694)
4(3616 3626 3696 3686)
4(3625 3695 3696 3626)
4(3685 3686 3696 3695)
4(3626 3696 3697 3627)
4(3686 3687 3697 3696)
4(3618 3628 3698 3688)
4(3246 3253 3698 3628)
4(3252 3688 3698 3253)
4(3619 3629 3699 3689)
4(3628 3698 3699 3629)
4(3688 3689 3699 3698)
4(3620 3630 3700 3690)
4(3629 3699 3700 3630)
4(3689 3690 3700 3699)
4(3621 3631 3701 3691)
4(3630 3700 3701 3631)
4(3690 3691 3701 3700)
4(3622 3632 3702 3692)
4(3631 3701 3702 3632)
4(3691 3692 3702 3701)
4(3623 3633 3703 3693)
4(3632 3702 3703 3633)
4(3692 3693 3703 3702)
4(3624 3634 3704 3694)
4(3633 3703 3704 3634)
4(3693 3694 3704 3703)
4(3625 3635 3705 3695)
4(3634 3704 3705 3635)
4(3694 3695 3705 3704)
4(3626 3636 3706 3696)
4(3635 3705 3706 3636)
4(3695 3696 3706 3705)
4(3636 3706 3707 3637)
4(3696 3697 3707 3706)
4(3628 3638 3708 3698)
4(3247 3254 3708 3638)
4(3253 3698 3708 3254)
4(3629 3639 3709 3699)
4(3638 3708 3709 3639)
4(3698 3699 3709 3708)
4(3630 3640 3710 3700)
4(3639 3709 3710 3640)
4(3699 3700 3710 3709)
4(3631 3641 3711 3701)
4(3640 3710 3711 3641)
4(3700 3701 3711 3710)
4(3632 3642 3712 3702)
4(3641 3711 3712 3642)
4(3701 3702 3712 3711)
4(3633 3643 3713 3703)
4(3642 3712 3713 3643)
4(3702 3703 3713 3712)
4(3634 3644 3714 3704)
4(3643 3713 3714 3644)
4(3703 3704 3714 3713)
4(3635 3645 3715 3705)
4(3644 3714 3715 3645)
4(3704 3705 3715 3714)
4(3636 3646 3716 3706)
4(3645 3715 3716 3646)
4(3705 3706 3716 3715)
4(3646 3716 3717 3647)
4(3706 3707 3717 3716)
4(3638 3648 3718 3708)
4(3248 3255 3718 3648)
4(3254 3708 3718 3255)
4(3639 3649 3719 3709)
4(3648 3718 3719 3649)
4(3708 3709 3719 3718)
4(3640 3650 3720 3710)
4(3649 3719 3720 3650)
4(3709 3710 3720 3719)
4(3641 3651 3721 3711)
4(3650 3720 3721 3651)
4(3710 3711 3721 3720)
4(3642 3652 3722 3712)
4(3651 3721 3722 3652)
4(3711 3712 3722 3721)
4(3643 3653 3723 3713)
4(3652 3722 3723 3653)
4(3712 3713 3723 3722)
4(3644 3654 3724 3714)
4(3653 3723 3724 3654)
4(3713 3714 3724 3723)
4(3645 3655 3725 3715)
4(3654 3724 3725 3655)
4(3714 3715 3725 3724)
4(3646 3656 3726 3716)
4(3655 3725 3726 3656)
4(3715 3716 3726 3725)
4(3656 3726 3727 3657)
4(3716 3717 3727 3726)
4(3648 3658 3728 3718)
4(3249 3256 3728 3658)
4(3255 3718 3728 3256)
4(3649 3659 3729 3719)
4(3658 3728 3729 3659)
4(3718 3719 3729 3728)
4(3650 3660 3730 3720)
4(3659 3729 3730 3660)
4(3719 3720 3730 3729)
4(3651 3661 3731 3721)
4(3660 3730 3731 3661)
4(3720 3721 3731 3730)
4(3652 3662 3732 3722)
4(3661 3731 3732 3662)
4(3721 3722 3732 3731)
4(3653 3663 3733 3723)
4(3662 3732 3733 3663)
4(3722 3723 3733 3732)
4(3654 3664 3734 3724)
4(3663 3733 3734 3664)
4(3723 3724 3734 3733)
4(3655 3665 3735 3725)
4(3664 3734 3735 3665)
4(3724 3725 3735 3734)
4(3656 3666 3736 3726)
4(3665 3735 3736 3666)
4(3725 3726 3736 3735)
4(3666 3736 3737 3667)
4(3726 3727 3737 3736)
4(3658 3668 3738 3728)
4(3256 3728 3738 3257)
4(3250 3257 3738 3668)
4(3659 3669 3739 3729)
4(3728 3729 3739 3738)
4(3668 3738 3739 3669)
4(3660 3670 3740 3730)
4(3729 3730 3740 3739)
4(3669 3739 3740 3670)
4(3661 3671 3741 3731)
4(3730 3731 3741 3740)
4(3670 3740 3741 3671)
4(3662 3672 3742 3732)
4(3731 3732 3742 3741)
4(3671 3741 3742 3672)
4(3663 3673 3743 3733)
4(3732 3733 3743 3742)
4(3672 3742 3743 3673)
4(3664 3674 3744 3734)
4(3733 3734 3744 3743)
4(3673 3743 3744 3674)
4(3665 3675 3745 3735)
4(3734 3735 3745 3744)
4(3674 3744 3745 3675)
4(3666 3676 3746 3736)
4(3735 3736 3746 3745)
4(3675 3745 3746 3676)
4(3736 3737 3747 3746)
4(3676 3746 3747 3677)
4(654 3678 3748 674)
4(3251 3258 3748 3678)
4(525 674 3748 3258)
4(655 3679 3749 675)
4(3678 3748 3749 3679)
4(674 675 3749 3748)
4(656 3680 3750 676)
4(3679 3749 3750 3680)
4(675 676 3750 3749)
4(657 3681 3751 677)
4(3680 3750 3751 3681)
4(676 677 3751 3750)
4(658 3682 3752 678)
4(3681 3751 3752 3682)
4(677 678 3752 3751)
4(659 3683 3753 679)
4(3682 3752 3753 3683)
4(678 679 3753 3752)
4(660 3684 3754 680)
4(3683 3753 3754 3684)
4(679 680 3754 3753)
4(661 3685 3755 681)
4(3684 3754 3755 3685)
4(680 681 3755 3754)
4(662 3686 3756 682)
4(3685 3755 3756 3686)
4(681 682 3756 3755)
4(3686 3756 3757 3687)
4(682 683 3757 3756)
4(3678 3688 3758 3748)
4(3252 3259 3758 3688)
4(3258 3748 3758 3259)
4(3679 3689 3759 3749)
4(3688 3758 3759 3689)
4(3748 3749 3759 3758)
4(3680 3690 3760 3750)
4(3689 3759 3760 3690)
4(3749 3750 3760 3759)
4(3681 3691 3761 3751)
4(3690 3760 3761 3691)
4(3750 3751 3761 3760)
4(3682 3692 3762 3752)
4(3691 3761 3762 3692)
4(3751 3752 3762 3761)
4(3683 3693 3763 3753)
4(3692 3762 3763 3693)
4(3752 3753 3763 3762)
4(3684 3694 3764 3754)
4(3693 3763 3764 3694)
4(3753 3754 3764 3763)
4(3685 3695 3765 3755)
4(3694 3764 3765 3695)
4(3754 3755 3765 3764)
4(3686 3696 3766 3756)
4(3695 3765 3766 3696)
4(3755 3756 3766 3765)
4(3696 3766 3767 3697)
4(3756 3757 3767 3766)
4(3688 3698 3768 3758)
4(3253 3260 3768 3698)
4(3259 3758 3768 3260)
4(3689 3699 3769 3759)
4(3698 3768 3769 3699)
4(3758 3759 3769 3768)
4(3690 3700 3770 3760)
4(3699 3769 3770 3700)
4(3759 3760 3770 3769)
4(3691 3701 3771 3761)
4(3700 3770 3771 3701)
4(3760 3761 3771 3770)
4(3692 3702 3772 3762)
4(3701 3771 3772 3702)
4(3761 3762 3772 3771)
4(3693 3703 3773 3763)
4(3702 3772 3773 3703)
4(3762 3763 3773 3772)
4(3694 3704 3774 3764)
4(3703 3773 3774 3704)
4(3763 3764 3774 3773)
4(3695 3705 3775 3765)
4(3704 3774 3775 3705)
4(3764 3765 3775 3774)
4(3696 3706 3776 3766)
4(3705 3775 3776 3706)
4(3765 3766 3776 3775)
4(3706 3776 3777 3707)
4(3766 3767 3777 3776)
4(3698 3708 3778 3768)
4(3254 3261 3778 3708)
4(3260 3768 3778 3261)
4(3699 3709 3779 3769)
4(3708 3778 3779 3709)
4(3768 3769 3779 3778)
4(3700 3710 3780 3770)
4(3709 3779 3780 3710)
4(3769 3770 3780 3779)
4(3701 3711 3781 3771)
4(3710 3780 3781 3711)
4(3770 3771 3781 3780)
4(3702 3712 3782 3772)
4(3711 3781 3782 3712)
4(3771 3772 3782 3781)
4(3703 3713 3783 3773)
4(3712 3782 3783 3713)
4(3772 3773 3783 3782)
4(3704 3714 3784 3774)
4(3713 3783 3784 3714)
4(3773 3774 3784 3783)
4(3705 3715 3785 3775)
4(3714 3784 3785 3715)
4(3774 3775 3785 3784)
4(3706 3716 3786 3776)
4(3715 3785 3786 3716)
4(3775 3776 3786 3785)
4(3716 3786 3787 3717)
4(3776 3777 3787 3786)
4(3708 3718 3788 3778)
4(3255 3262 3788 3718)
4(3261 3778 3788 3262)
4(3709 3719 3789 3779)
4(3718 3788 3789 3719)
4(3778 3779 3789 3788)
4(3710 3720 3790 3780)
4(3719 3789 3790 3720)
4(3779 3780 3790 3789)
4(3711 3721 3791 3781)
4(3720 3790 3791 3721)
4(3780 3781 3791 3790)
4(3712 3722 3792 3782)
4(3721 3791 3792 3722)
4(3781 3782 3792 3791)
4(3713 3723 3793 3783)
4(3722 3792 3793 3723)
4(3782 3783 3793 3792)
4(3714 3724 3794 3784)
4(3723 3793 3794 3724)
4(3783 3784 3794 3793)
4(3715 3725 3795 3785)
4(3724 3794 3795 3725)
4(3784 3785 3795 3794)
4(3716 3726 3796 3786)
4(3725 3795 3796 3726)
4(3785 3786 3796 3795)
4(3726 3796 3797 3727)
4(3786 3787 3797 3796)
4(3718 3728 3798 3788)
4(3256 3263 3798 3728)
4(3262 3788 3798 3263)
4(3719 3729 3799 3789)
4(3728 3798 3799 3729)
4(3788 3789 3799 3798)
4(3720 3730 3800 3790)
4(3729 3799 3800 3730)
4(3789 3790 3800 3799)
4(3721 3731 3801 3791)
4(3730 3800 3801 3731)
4(3790 3791 3801 3800)
4(3722 3732 3802 3792)
4(3731 3801 3802 3732)
4(3791 3792 3802 3801)
4(3723 3733 3803 3793)
4(3732 3802 3803 3733)
4(3792 3793 3803 3802)
4(3724 3734 3804 3794)
4(3733 3803 3804 3734)
4(3793 3794 3804 3803)
4(3725 3735 3805 3795)
4(3734 3804 3805 3735)
4(3794 3795 3805 3804)
4(3726 3736 3806 3796)
4(3735 3805 3806 3736)
4(3795 3796 3806 3805)
4(3736 3806 3807 3737)
4(3796 3797 3807 3806)
4(3728 3738 3808 3798)
4(3263 3798 3808 3264)
4(3257 3264 3808 3738)
4(3729 3739 3809 3799)
4(3798 3799 3809 3808)
4(3738 3808 3809 3739)
4(3730 3740 3810 3800)
4(3799 3800 3810 3809)
4(3739 3809 3810 3740)
4(3731 3741 3811 3801)
4(3800 3801 3811 3810)
4(3740 3810 3811 3741)
4(3732 3742 3812 3802)
4(3801 3802 3812 3811)
4(3741 3811 3812 3742)
4(3733 3743 3813 3803)
4(3802 3803 3813 3812)
4(3742 3812 3813 3743)
4(3734 3744 3814 3804)
4(3803 3804 3814 3813)
4(3743 3813 3814 3744)
4(3735 3745 3815 3805)
4(3804 3805 3815 3814)
4(3744 3814 3815 3745)
4(3736 3746 3816 3806)
4(3805 3806 3816 3815)
4(3745 3815 3816 3746)
4(3806 3807 3817 3816)
4(3746 3816 3817 3747)
4(674 3748 3818 694)
4(3258 3265 3818 3748)
4(527 694 3818 3265)
4(675 3749 3819 695)
4(3748 3818 3819 3749)
4(694 695 3819 3818)
4(676 3750 3820 696)
4(3749 3819 3820 3750)
4(695 696 3820 3819)
4(677 3751 3821 697)
4(3750 3820 3821 3751)
4(696 697 3821 3820)
4(678 3752 3822 698)
4(3751 3821 3822 3752)
4(697 698 3822 3821)
4(679 3753 3823 699)
4(3752 3822 3823 3753)
4(698 699 3823 3822)
4(680 3754 3824 700)
4(3753 3823 3824 3754)
4(699 700 3824 3823)
4(681 3755 3825 701)
4(3754 3824 3825 3755)
4(700 701 3825 3824)
4(682 3756 3826 702)
4(3755 3825 3826 3756)
4(701 702 3826 3825)
4(3756 3826 3827 3757)
4(702 703 3827 3826)
4(3748 3758 3828 3818)
4(3259 3266 3828 3758)
4(3265 3818 3828 3266)
4(3749 3759 3829 3819)
4(3758 3828 3829 3759)
4(3818 3819 3829 3828)
4(3750 3760 3830 3820)
4(3759 3829 3830 3760)
4(3819 3820 3830 3829)
4(3751 3761 3831 3821)
4(3760 3830 3831 3761)
4(3820 3821 3831 3830)
4(3752 3762 3832 3822)
4(3761 3831 3832 3762)
4(3821 3822 3832 3831)
4(3753 3763 3833 3823)
4(3762 3832 3833 3763)
4(3822 3823 3833 3832)
4(3754 3764 3834 3824)
4(3763 3833 3834 3764)
4(3823 3824 3834 3833)
4(3755 3765 3835 3825)
4(3764 3834 3835 3765)
4(3824 3825 3835 3834)
4(3756 3766 3836 3826)
4(3765 3835 3836 3766)
4(3825 3826 3836 3835)
4(3766 3836 3837 3767)
4(3826 3827 3837 3836)
4(3758 3768 3838 3828)
4(3260 3267 3838 3768)
4(3266 3828 3838 3267)
4(3759 3769 3839 3829)
4(3768 3838 3839 3769)
4(3828 3829 3839 3838)
4(3760 3770 3840 3830)
4(3769 3839 3840 3770)
4(3829 3830 3840 3839)
4(3761 3771 3841 3831)
4(3770 3840 3841 3771)
4(3830 3831 3841 3840)
4(3762 3772 3842 3832)
4(3771 3841 3842 3772)
4(3831 3832 3842 3841)
4(3763 3773 3843 3833)
4(3772 3842 3843 3773)
4(3832 3833 3843 3842)
4(3764 3774 3844 3834)
4(3773 3843 3844 3774)
4(3833 3834 3844 3843)
4(3765 3775 3845 3835)
4(3774 3844 3845 3775)
4(3834 3835 3845 3844)
4(3766 3776 3846 3836)
4(3775 3845 3846 3776)
4(3835 3836 3846 3845)
4(3776 3846 3847 3777)
4(3836 3837 3847 3846)
4(3768 3778 3848 3838)
4(3261 3268 3848 3778)
4(3267 3838 3848 3268)
4(3769 3779 3849 3839)
4(3778 3848 3849 3779)
4(3838 3839 3849 3848)
4(3770 3780 3850 3840)
4(3779 3849 3850 3780)
4(3839 3840 3850 3849)
4(3771 3781 3851 3841)
4(3780 3850 3851 3781)
4(3840 3841 3851 3850)
4(3772 3782 3852 3842)
4(3781 3851 3852 3782)
4(3841 3842 3852 3851)
4(3773 3783 3853 3843)
4(3782 3852 3853 3783)
4(3842 3843 3853 3852)
4(3774 3784 3854 3844)
4(3783 3853 3854 3784)
4(3843 3844 3854 3853)
4(3775 3785 3855 3845)
4(3784 3854 3855 3785)
4(3844 3845 3855 3854)
4(3776 3786 3856 3846)
4(3785 3855 3856 3786)
4(3845 3846 3856 3855)
4(3786 3856 3857 3787)
4(3846 3847 3857 3856)
4(3778 3788 3858 3848)
4(3262 3269 3858 3788)
4(3268 3848 3858 3269)
4(3779 3789 3859 3849)
4(3788 3858 3859 3789)
4(3848 3849 3859 3858)
4(3780 3790 3860 3850)
4(3789 3859 3860 3790)
4(3849 3850 3860 3859)
4(3781 3791 3861 3851)
4(3790 3860 3861 3791)
4(3850 3851 3861 3860)
4(3782 3792 3862 3852)
4(3791 3861 3862 3792)
4(3851 3852 3862 3861)
4(3783 3793 3863 3853)
4(3792 3862 3863 3793)
4(3852 3853 3863 3862)
4(3784 3794 3864 3854)
4(3793 3863 3864 3794)
4(3853 3854 3864 3863)
4(3785 3795 3865 3855)
4(3794 3864 3865 3795)
4(3854 3855 3865 3864)
4(3786 3796 3866 3856)
4(3795 3865 3866 3796)
4(3855 3856 3866 3865)
4(3796 3866 3867 3797)
4(3856 3857 3867 3866)
4(3788 3798 3868 3858)
4(3263 3270 3868 3798)
4(3269 3858 3868 3270)
4(3789 3799 3869 3859)
4(3798 3868 3869 3799)
4(3858 3859 3869 3868)
4(3790 3800 3870 3860)
4(3799 3869 3870 3800)
4(3859 3860 3870 3869)
4(3791 3801 3871 3861)
4(3800 3870 3871 3801)
4(3860 3861 3871 3870)
4(3792 3802 3872 3862)
4(3801 3871 3872 3802)
4(3861 3862 3872 3871)
4(3793 3803 3873 3863)
4(3802 3872 3873 3803)
4(3862 3863 3873 3872)
4(3794 3804 3874 3864)
4(3803 3873 3874 3804)
4(3863 3864 3874 3873)
4(3795 3805 3875 3865)
4(3804 3874 3875 3805)
4(3864 3865 3875 3874)
4(3796 3806 3876 3866)
4(3805 3875 3876 3806)
4(3865 3866 3876 3875)
4(3806 3876 3877 3807)
4(3866 3867 3877 3876)
4(3798 3808 3878 3868)
4(3270 3868 3878 3271)
4(3264 3271 3878 3808)
4(3799 3809 3879 3869)
4(3868 3869 3879 3878)
4(3808 3878 3879 3809)
4(3800 3810 3880 3870)
4(3869 3870 3880 3879)
4(3809 3879 3880 3810)
4(3801 3811 3881 3871)
4(3870 3871 3881 3880)
4(3810 3880 3881 3811)
4(3802 3812 3882 3872)
4(3871 3872 3882 3881)
4(3811 3881 3882 3812)
4(3803 3813 3883 3873)
4(3872 3873 3883 3882)
4(3812 3882 3883 3813)
4(3804 3814 3884 3874)
4(3873 3874 3884 3883)
4(3813 3883 3884 3814)
4(3805 3815 3885 3875)
4(3874 3875 3885 3884)
4(3814 3884 3885 3815)
4(3806 3816 3886 3876)
4(3875 3876 3886 3885)
4(3815 3885 3886 3816)
4(3876 3877 3887 3886)
4(3816 3886 3887 3817)
4(694 3818 3888 714)
4(3265 3272 3888 3818)
4(529 714 3888 3272)
4(695 3819 3889 715)
4(3818 3888 3889 3819)
4(714 715 3889 3888)
4(696 3820 3890 716)
4(3819 3889 3890 3820)
4(715 716 3890 3889)
4(697 3821 3891 717)
4(3820 3890 3891 3821)
4(716 717 3891 3890)
4(698 3822 3892 718)
4(3821 3891 3892 3822)
4(717 718 3892 3891)
4(699 3823 3893 719)
4(3822 3892 3893 3823)
4(718 719 3893 3892)
4(700 3824 3894 720)
4(3823 3893 3894 3824)
4(719 720 3894 3893)
4(701 3825 3895 721)
4(3824 3894 3895 3825)
4(720 721 3895 3894)
4(702 3826 3896 722)
4(3825 3895 3896 3826)
4(721 722 3896 3895)
4(3826 3896 3897 3827)
4(722 723 3897 3896)
4(3818 3828 3898 3888)
4(3266 3273 3898 3828)
4(3272 3888 3898 3273)
4(3819 3829 3899 3889)
4(3828 3898 3899 3829)
4(3888 3889 3899 3898)
4(3820 3830 3900 3890)
4(3829 3899 3900 3830)
4(3889 3890 3900 3899)
4(3821 3831 3901 3891)
4(3830 3900 3901 3831)
4(3890 3891 3901 3900)
4(3822 3832 3902 3892)
4(3831 3901 3902 3832)
4(3891 3892 3902 3901)
4(3823 3833 3903 3893)
4(3832 3902 3903 3833)
4(3892 3893 3903 3902)
4(3824 3834 3904 3894)
4(3833 3903 3904 3834)
4(3893 3894 3904 3903)
4(3825 3835 3905 3895)
4(3834 3904 3905 3835)
4(3894 3895 3905 3904)
4(3826 3836 3906 3896)
4(3835 3905 3906 3836)
4(3895 3896 3906 3905)
4(3836 3906 3907 3837)
4(3896 3897 3907 3906)
4(3828 3838 3908 3898)
4(3267 3274 3908 3838)
4(3273 3898 3908 3274)
4(3829 3839 3909 3899)
4(3838 3908 3909 3839)
4(3898 3899 3909 3908)
4(3830 3840 3910 3900)
4(3839 3909 3910 3840)
4(3899 3900 3910 3909)
4(3831 3841 3911 3901)
4(3840 3910 3911 3841)
4(3900 3901 3911 3910)
4(3832 3842 3912 3902)
4(3841 3911 3912 3842)
4(3901 3902 3912 3911)
4(3833 3843 3913 3903)
4(3842 3912 3913 3843)
4(3902 3903 3913 3912)
4(3834 3844 3914 3904)
4(3843 3913 3914 3844)
4(3903 3904 3914 3913)
4(3835 3845 3915 3905)
4(3844 3914 3915 3845)
4(3904 3905 3915 3914)
4(3836 3846 3916 3906)
4(3845 3915 3916 3846)
4(3905 3906 3916 3915)
4(3846 3916 3917 3847)
4(3906 3907 3917 3916)
4(3838 3848 3918 3908)
4(3268 3275 3918 3848)
4(3274 3908 3918 3275)
4(3839 3849 3919 3909)
4(3848 3918 3919 3849)
4(3908 3909 3919 3918)
4(3840 3850 3920 3910)
4(3849 3919 3920 3850)
4(3909 3910 3920 3919)
4(3841 3851 3921 3911)
4(3850 3920 3921 3851)
4(3910 3911 3921 3920)
4(3842 3852 3922 3912)
4(3851 3921 3922 3852)
4(3911 3912 3922 3921)
4(3843 3853 3923 3913)
4(3852 3922 3923 3853)
4(3912 3913 3923 3922)
4(3844 3854 3924 3914)
4(3853 3923 3924 3854)
4(3913 3914 3924 3923)
4(3845 3855 3925 3915)
4(3854 3924 3925 3855)
4(3914 3915 3925 3924)
4(3846 3856 3926 3916)
4(3855 3925 3926 3856)
4(3915 3916 3926 3925)
4(3856 3926 3927 3857)
4(3916 3917 3927 3926)
4(3848 3858 3928 3918)
4(3269 3276 3928 3858)
4(3275 3918 3928 3276)
4(3849 3859 3929 3919)
4(3858 3928 3929 3859)
4(3918 3919 3929 3928)
4(3850 3860 3930 3920)
4(3859 3929 3930 3860)
4(3919 3920 3930 3929)
4(3851 3861 3931 3921)
4(3860 3930 3931 3861)
4(3920 3921 3931 3930)
4(3852 3862 3932 3922)
4(3861 3931 3932 3862)
4(3921 3922 3932 3931)
4(3853 3863 3933 3923)
4(3862 3932 3933 3863)
4(3922 3923 3933 3932)
4(3854 3864 3934 3924)
4(3863 3933 3934 3864)
4(3923 3924 3934 3933)
4(3855 3865 3935 3925)
4(3864 3934 3935 3865)
4(3924 3925 3935 3934)
4(3856 3866 3936 3926)
4(3865 3935 3936 3866)
4(3925 3926 3936 3935)
4(3866 3936 3937 3867)
4(3926 3927 3937 3936)
4(3858 3868 3938 3928)
4(3270 3277 3938 3868)
4(3276 3928 3938 3277)
4(3859 3869 3939 3929)
4(3868 3938 3939 3869)
4(3928 3929 3939 3938)
4(3860 3870 3940 3930)
4(3869 3939 3940 3870)
4(3929 3930 3940 3939)
4(3861 3871 3941 3931)
4(3870 3940 3941 3871)
4(3930 3931 3941 3940)
4(3862 3872 3942 3932)
4(3871 3941 3942 3872)
4(3931 3932 3942 3941)
4(3863 3873 3943 3933)
4(3872 3942 3943 3873)
4(3932 3933 3943 3942)
4(3864 3874 3944 3934)
4(3873 3943 3944 3874)
4(3933 3934 3944 3943)
4(3865 3875 3945 3935)
4(3874 3944 3945 3875)
4(3934 3935 3945 3944)
4(3866 3876 3946 3936)
4(3875 3945 3946 3876)
4(3935 3936 3946 3945)
4(3876 3946 3947 3877)
4(3936 3937 3947 3946)
4(3868 3878 3948 3938)
4(3277 3938 3948 3278)
4(3271 3278 3948 3878)
4(3869 3879 3949 3939)
4(3938 3939 3949 3948)
4(3878 3948 3949 3879)
4(3870 3880 3950 3940)
4(3939 3940 3950 3949)
4(3879 3949 3950 3880)
4(3871 3881 3951 3941)
4(3940 3941 3951 3950)
4(3880 3950 3951 3881)
4(3872 3882 3952 3942)
4(3941 3942 3952 3951)
4(3881 3951 3952 3882)
4(3873 3883 3953 3943)
4(3942 3943 3953 3952)
4(3882 3952 3953 3883)
4(3874 3884 3954 3944)
4(3943 3944 3954 3953)
4(3883 3953 3954 3884)
4(3875 3885 3955 3945)
4(3944 3945 3955 3954)
4(3884 3954 3955 3885)
4(3876 3886 3956 3946)
4(3945 3946 3956 3955)
4(3885 3955 3956 3886)
4(3946 3947 3957 3956)
4(3886 3956 3957 3887)
4(714 3888 3958 734)
4(3272 3279 3958 3888)
4(531 734 3958 3279)
4(715 3889 3959 735)
4(3888 3958 3959 3889)
4(734 735 3959 3958)
4(716 3890 3960 736)
4(3889 3959 3960 3890)
4(735 736 3960 3959)
4(717 3891 3961 737)
4(3890 3960 3961 3891)
4(736 737 3961 3960)
4(718 3892 3962 738)
4(3891 3961 3962 3892)
4(737 738 3962 3961)
4(719 3893 3963 739)
4(3892 3962 3963 3893)
4(738 739 3963 3962)
4(720 3894 3964 740)
4(3893 3963 3964 3894)
4(739 740 3964 3963)
4(721 3895 3965 741)
4(3894 3964 3965 3895)
4(740 741 3965 3964)
4(722 3896 3966 742)
4(3895 3965 3966 3896)
4(741 742 3966 3965)
4(3896 3966 3967 3897)
4(742 743 3967 3966)
4(3888 3898 3968 3958)
4(3273 3280 3968 3898)
4(3279 3958 3968 3280)
4(3889 3899 3969 3959)
4(3898 3968 3969 3899)
4(3958 3959 3969 3968)
4(3890 3900 3970 3960)
4(3899 3969 3970 3900)
4(3959 3960 3970 3969)
4(3891 3901 3971 3961)
4(3900 3970 3971 3901)
4(3960 3961 3971 3970)
4(3892 3902 3972 3962)
4(3901 3971 3972 3902)
4(3961 3962 3972 3971)
4(3893 3903 3973 3963)
4(3902 3972 3973 3903)
4(3962 3963 3973 3972)
4(3894 3904 3974 3964)
4(3903 3973 3974 3904)
4(3963 3964 3974 3973)
4(3895 3905 3975 3965)
4(3904 3974 3975 3905)
4(3964 3965 3975 3974)
4(3896 3906 3976 3966)
4(3905 3975 3976 3906)
4(3965 3966 3976 3975)
4(3906 3976 3977 3907)
4(3966 3967 3977 3976)
4(3898 3908 3978 3968)
4(3274 3281 3978 3908)
4(3280 3968 3978 3281)
4(3899 3909 3979 3969)
4(3908 3978 3979 3909)
4(3968 3969 3979 3978)
4(3900 3910 3980 3970)
4(3909 3979 3980 3910)
4(3969 3970 3980 3979)
4(3901 3911 3981 3971)
4(3910 3980 3981 3911)
4(3970 3971 3981 3980)
4(3902 3912 3982 3972)
4(3911 3981 3982 3912)
4(3971 3972 3982 3981)
4(3903 3913 3983 3973)
4(3912 3982 3983 3913)
4(3972 3973 3983 3982)
4(3904 3914 3984 3974)
4(3913 3983 3984 3914)
4(3973 3974 3984 3983)
4(3905 3915 3985 3975)
4(3914 3984 3985 3915)
4(3974 3975 3985 3984)
4(3906 3916 3986 3976)
4(3915 3985 3986 3916)
4(3975 3976 3986 3985)
4(3916 3986 3987 3917)
4(3976 3977 3987 3986)
4(3908 3918 3988 3978)
4(3275 3282 3988 3918)
4(3281 3978 3988 3282)
4(3909 3919 3989 3979)
4(3918 3988 3989 3919)
4(3978 3979 3989 3988)
4(3910 3920 3990 3980)
4(3919 3989 3990 3920)
4(3979 3980 3990 3989)
4(3911 3921 3991 3981)
4(3920 3990 3991 3921)
4(3980 3981 3991 3990)
4(3912 3922 3992 3982)
4(3921 3991 3992 3922)
4(3981 3982 3992 3991)
4(3913 3923 3993 3983)
4(3922 3992 3993 3923)
4(3982 3983 3993 3992)
4(3914 3924 3994 3984)
4(3923 3993 3994 3924)
4(3983 3984 3994 3993)
4(3915 3925 3995 3985)
4(3924 3994 3995 3925)
4(3984 3985 3995 3994)
4(3916 3926 3996 3986)
4(3925 3995 3996 3926)
4(3985 3986 3996 3995)
4(3926 3996 3997 3927)
4(3986 3987 3997 3996)
4(3918 3928 3998 3988)
4(3276 3283 3998 3928)
4(3282 3988 3998 3283)
4(3919 3929 3999 3989)
4(3928 3998 3999 3929)
4(3988 3989 3999 3998)
4(3920 3930 4000 3990)
4(3929 3999 4000 3930)
4(3989 3990 4000 3999)
4(3921 3931 4001 3991)
4(3930 4000 4001 3931)
4(3990 3991 4001 4000)
4(3922 3932 4002 3992)
4(3931 4001 4002 3932)
4(3991 3992 4002 4001)
4(3923 3933 4003 3993)
4(3932 4002 4003 3933)
4(3992 3993 4003 4002)
4(3924 3934 4004 3994)
4(3933 4003 4004 3934)
4(3993 3994 4004 4003)
4(3925 3935 4005 3995)
4(3934 4004 4005 3935)
4(3994 3995 4005 4004)
4(3926 3936 4006 3996)
4(3935 4005 4006 3936)
4(3995 3996 4006 4005)
4(3936 4006 4007 3937)
4(3996 3997 4007 4006)
4(3928 3938 4008 3998)
4(3277 3284 4008 3938)
4(3283 3998 4008 3284)
4(3929 3939 4009 3999)
4(3938 4008 4009 3939)
4(3998 3999 4009 4008)
4(3930 3940 4010 4000)
4(3939 4009 4010 3940)
4(3999 4000 4010 4009)
4(3931 3941 4011 4001)
4(3940 4010 4011 3941)
4(4000 4001 4011 4010)
4(3932 3942 4012 4002)
4(3941 4011 4012 3942)
4(4001 4002 4012 4011)
4(3933 3943 4013 4003)
4(3942 4012 4013 3943)
4(4002 4003 4013 4012)
4(3934 3944 4014 4004)
4(3943 4013 4014 3944)
4(4003 4004 4014 4013)
4(3935 3945 4015 4005)
4(3944 4014 4015 3945)
4(4004 4005 4015 4014)
4(3936 3946 4016 4006)
4(3945 4015 4016 3946)
4(4005 4006 4016 4015)
4(3946 4016 4017 3947)
4(4006 4007 4017 4016)
4(3938 3948 4018 4008)
4(3284 4008 4018 3285)
4(3278 3285 4018 3948)
4(3939 3949 4019 4009)
4(4008 4009 4019 4018)
4(3948 4018 4019 3949)
4(3940 3950 4020 4010)
4(4009 4010 4020 4019)
4(3949 4019 4020 3950)
4(3941 3951 4021 4011)
4(4010 4011 4021 4020)
4(3950 4020 4021 3951)
4(3942 3952 4022 4012)
4(4011 4012 4022 4021)
4(3951 4021 4022 3952)
4(3943 3953 4023 4013)
4(4012 4013 4023 4022)
4(3952 4022 4023 3953)
4(3944 3954 4024 4014)
4(4013 4014 4024 4023)
4(3953 4023 4024 3954)
4(3945 3955 4025 4015)
4(4014 4015 4025 4024)
4(3954 4024 4025 3955)
4(3946 3956 4026 4016)
4(4015 4016 4026 4025)
4(3955 4025 4026 3956)
4(4016 4017 4027 4026)
4(3956 4026 4027 3957)
4(734 3958 4028 754)
4(3279 3286 4028 3958)
4(533 754 4028 3286)
4(735 3959 4029 755)
4(3958 4028 4029 3959)
4(754 755 4029 4028)
4(736 3960 4030 756)
4(3959 4029 4030 3960)
4(755 756 4030 4029)
4(737 3961 4031 757)
4(3960 4030 4031 3961)
4(756 757 4031 4030)
4(738 3962 4032 758)
4(3961 4031 4032 3962)
4(757 758 4032 4031)
4(739 3963 4033 759)
4(3962 4032 4033 3963)
4(758 759 4033 4032)
4(740 3964 4034 760)
4(3963 4033 4034 3964)
4(759 760 4034 4033)
4(741 3965 4035 761)
4(3964 4034 4035 3965)
4(760 761 4035 4034)
4(742 3966 4036 762)
4(3965 4035 4036 3966)
4(761 762 4036 4035)
4(3966 4036 4037 3967)
4(762 763 4037 4036)
4(3958 3968 4038 4028)
4(3280 3287 4038 3968)
4(3286 4028 4038 3287)
4(3959 3969 4039 4029)
4(3968 4038 4039 3969)
4(4028 4029 4039 4038)
4(3960 3970 4040 4030)
4(3969 4039 4040 3970)
4(4029 4030 4040 4039)
4(3961 3971 4041 4031)
4(3970 4040 4041 3971)
4(4030 4031 4041 4040)
4(3962 3972 4042 4032)
4(3971 4041 4042 3972)
4(4031 4032 4042 4041)
4(3963 3973 4043 4033)
4(3972 4042 4043 3973)
4(4032 4033 4043 4042)
4(3964 3974 4044 4034)
4(3973 4043 4044 3974)
4(4033 4034 4044 4043)
4(3965 3975 4045 4035)
4(3974 4044 4045 3975)
4(4034 4035 4045 4044)
4(3966 3976 4046 4036)
4(3975 4045 4046 3976)
4(4035 4036 4046 4045)
4(3976 4046 4047 3977)
4(4036 4037 4047 4046)
4(3968 3978 4048 4038)
4(3281 3288 4048 3978)
4(3287 4038 4048 3288)
4(3969 3979 4049 4039)
4(3978 4048 4049 3979)
4(4038 4039 4049 4048)
4(3970 3980 4050 4040)
4(3979 4049 4050 3980)
4(4039 4040 4050 4049)
4(3971 3981 4051 4041)
4(3980 4050 4051 3981)
4(4040 4041 4051 4050)
4(3972 3982 4052 4042)
4(3981 4051 4052 3982)
4(4041 4042 4052 4051)
4(3973 3983 4053 4043)
4(3982 4052 4053 3983)
4(4042 4043 4053 4052)
4(3974 3984 4054 4044)
4(3983 4053 4054 3984)
4(4043 4044 4054 4053)
4(3975 3985 4055 4045)
4(3984 4054 4055 3985)
4(4044 4045 4055 4054)
4(3976 3986 4056 4046)
4(3985 4055 4056 3986)
4(4045 4046 4056 4055)
4(3986 4056 4057 3987)
4(4046 4047 4057 4056)
4(3978 3988 4058 4048)
4(3282 3289 4058 3988)
4(3288 4048 4058 3289)
4(3979 3989 4059 4049)
4(3988 4058 4059 3989)
4(4048 4049 4059 4058)
4(3980 3990 4060 4050)
4(3989 4059 4060 3990)
4(4049 4050 4060 4059)
4(3981 3991 4061 4051)
4(3990 4060 4061 3991)
4(4050 4051 4061 4060)
4(3982 3992 4062 4052)
4(3991 4061 4062 3992)
4(4051 4052 4062 4061)
4(3983 3993 4063 4053)
4(3992 4062 4063 3993)
4(4052 4053 4063 4062)
4(3984 3994 4064 4054)
4(3993 4063 4064 3994)
4(4053 4054 4064 4063)
4(3985 3995 4065 4055)
4(3994 4064 4065 3995)
4(4054 4055 4065 4064)
4(3986 3996 4066 4056)
4(3995 4065 4066 3996)
4(4055 4056 4066 4065)
4(3996 4066 4067 3997)
4(4056 4057 4067 4066)
4(3988 3998 4068 4058)
4(3283 3290 4068 3998)
4(3289 4058 4068 3290)
4(3989 3999 4069 4059)
4(3998 4068 4069 3999)
4(4058 4059 4069 4068)
4(3990 4000 4070 4060)
4(3999 4069 4070 4000)
4(4059 4060 4070 4069)
4(3991 4001 4071 4061)
4(4000 4070 4071 4001)
4(4060 4061 4071 4070)
4(3992 4002 4072 4062)
4(4001 4071 4072 4002)
4(4061 4062 4072 4071)
4(3993 4003 4073 4063)
4(4002 4072 4073 4003)
4(4062 4063 4073 4072)
4(3994 4004 4074 4064)
4(4003 4073 4074 4004)
4(4063 4064 4074 4073)
4(3995 4005 4075 4065)
4(4004 4074 4075 4005)
4(4064 4065 4075 4074)
4(3996 4006 4076 4066)
4(4005 4075 4076 4006)
4(4065 4066 4076 4075)
4(4006 4076 4077 4007)
4(4066 4067 4077 4076)
4(3998 4008 4078 4068)
4(3284 3291 4078 4008)
4(3290 4068 4078 3291)
4(3999 4009 4079 4069)
4(4008 4078 4079 4009)
4(4068 4069 4079 4078)
4(4000 4010 4080 4070)
4(4009 4079 4080 4010)
4(4069 4070 4080 4079)
4(4001 4011 4081 4071)
4(4010 4080 4081 4011)
4(4070 4071 4081 4080)
4(4002 4012 4082 4072)
4(4011 4081 4082 4012)
4(4071 4072 4082 4081)
4(4003 4013 4083 4073)
4(4012 4082 4083 4013)
4(4072 4073 4083 4082)
4(4004 4014 4084 4074)
4(4013 4083 4084 4014)
4(4073 4074 4084 4083)
4(4005 4015 4085 4075)
4(4014 4084 4085 4015)
4(4074 4075 4085 4084)
4(4006 4016 4086 4076)
4(4015 4085 4086 4016)
4(4075 4076 4086 4085)
4(4016 4086 4087 4017)
4(4076 4077 4087 4086)
4(4008 4018 4088 4078)
4(3291 4078 4088 3292)
4(3285 3292 4088 4018)
4(4009 4019 4089 4079)
4(4078 4079 4089 4088)
4(4018 4088 4089 4019)
4(4010 4020 4090 4080)
4(4079 4080 4090 4089)
4(4019 4089 4090 4020)
4(4011 4021 4091 4081)
4(4080 4081 4091 4090)
4(4020 4090 4091 4021)
4(4012 4022 4092 4082)
4(4081 4082 4092 4091)
4(4021 4091 4092 4022)
4(4013 4023 4093 4083)
4(4082 4083 4093 4092)
4(4022 4092 4093 4023)
4(4014 4024 4094 4084)
4(4083 4084 4094 4093)
4(4023 4093 4094 4024)
4(4015 4025 4095 4085)
4(4084 4085 4095 4094)
4(4024 4094 4095 4025)
4(4016 4026 4096 4086)
4(4085 4086 4096 4095)
4(4025 4095 4096 4026)
4(4086 4087 4097 4096)
4(4026 4096 4097 4027)
4(754 4028 4098 774)
4(3286 3293 4098 4028)
4(535 774 4098 3293)
4(755 4029 4099 775)
4(4028 4098 4099 4029)
4(774 775 4099 4098)
4(756 4030 4100 776)
4(4029 4099 4100 4030)
4(775 776 4100 4099)
4(757 4031 4101 777)
4(4030 4100 4101 4031)
4(776 777 4101 4100)
4(758 4032 4102 778)
4(4031 4101 4102 4032)
4(777 778 4102 4101)
4(759 4033 4103 779)
4(4032 4102 4103 4033)
4(778 779 4103 4102)
4(760 4034 4104 780)
4(4033 4103 4104 4034)
4(779 780 4104 4103)
4(761 4035 4105 781)
4(4034 4104 4105 4035)
4(780 781 4105 4104)
4(762 4036 4106 782)
4(4035 4105 4106 4036)
4(781 782 4106 4105)
4(4036 4106 4107 4037)
4(782 783 4107 4106)
4(4028 4038 4108 4098)
4(3287 3294 4108 4038)
4(3293 4098 4108 3294)
4(4029 4039 4109 4099)
4(4038 4108 4109 4039)
4(4098 4099 4109 4108)
4(4030 4040 4110 4100)
4(4039 4109 4110 4040)
4(4099 4100 4110 4109)
4(4031 4041 4111 4101)
4(4040 4110 4111 4041)
4(4100 4101 4111 4110)
4(4032 4042 4112 4102)
4(4041 4111 4112 4042)
4(4101 4102 4112 4111)
4(4033 4043 4113 4103)
4(4042 4112 4113 4043)
4(4102 4103 4113 4112)
4(4034 4044 4114 4104)
4(4043 4113 4114 4044)
4(4103 4104 4114 4113)
4(4035 4045 4115 4105)
4(4044 4114 4115 4045)
4(4104 4105 4115 4114)
4(4036 4046 4116 4106)
4(4045 4115 4116 4046)
4(4105 4106 4116 4115)
4(4046 4116 4117 4047)
4(4106 4107 4117 4116)
4(4038 4048 4118 4108)
4(3288 3295 4118 4048)
4(3294 4108 4118 3295)
4(4039 4049 4119 4109)
4(4048 4118 4119 4049)
4(4108 4109 4119 4118)
4(4040 4050 4120 4110)
4(4049 4119 4120 4050)
4(4109 4110 4120 4119)
4(4041 4051 4121 4111)
4(4050 4120 4121 4051)
4(4110 4111 4121 4120)
4(4042 4052 4122 4112)
4(4051 4121 4122 4052)
4(4111 4112 4122 4121)
4(4043 4053 4123 4113)
4(4052 4122 4123 4053)
4(4112 4113 4123 4122)
4(4044 4054 4124 4114)
4(4053 4123 4124 4054)
4(4113 4114 4124 4123)
4(4045 4055 4125 4115)
4(4054 4124 4125 4055)
4(4114 4115 4125 4124)
4(4046 4056 4126 4116)
4(4055 4125 4126 4056)
4(4115 4116 4126 4125)
4(4056 4126 4127 4057)
4(4116 4117 4127 4126)
4(4048 4058 4128 4118)
4(3289 3296 4128 4058)
4(3295 4118 4128 3296)
4(4049 4059 4129 4119)
4(4058 4128 4129 4059)
4(4118 4119 4129 4128)
4(4050 4060 4130 4120)
4(4059 4129 4130 4060)
4(4119 4120 4130 4129)
4(4051 4061 4131 4121)
4(4060 4130 4131 4061)
4(4120 4121 4131 4130)
4(4052 4062 4132 4122)
4(4061 4131 4132 4062)
4(4121 4122 4132 4131)
4(4053 4063 4133 4123)
4(4062 4132 4133 4063)
4(4122 4123 4133 4132)
4(4054 4064 4134 4124)
4(4063 4133 4134 4064)
4(4123 4124 4134 4133)
4(4055 4065 4135 4125)
4(4064 4134 4135 4065)
4(4124 4125 4135 4134)
4(4056 4066 4136 4126)
4(4065 4135 4136 4066)
4(4125 4126 4136 4135)
4(4066 4136 4137 4067)
4(4126 4127 4137 4136)
4(4058 4068 4138 4128)
4(3290 3297 4138 4068)
4(3296 4128 4138 3297)
4(4059 4069 4139 4129)
4(4068 4138 4139 4069)
4(4128 4129 4139 4138)
4(4060 4070 4140 4130)
4(4069 4139 4140 4070)
4(4129 4130 4140 4139)
4(4061 4071 4141 4131)
4(4070 4140 4141 4071)
4(4130 4131 4141 4140)
4(4062 4072 4142 4132)
4(4071 4141 4142 4072)
4(4131 4132 4142 4141)
4(4063 4073 4143 4133)
4(4072 4142 4143 4073)
4(4132 4133 4143 4142)
4(4064 4074 4144 4134)
4(4073 4143 4144 4074)
4(4133 4134 4144 4143)
4(4065 4075 4145 4135)
4(4074 4144 4145 4075)
4(4134 4135 4145 4144)
4(4066 4076 4146 4136)
4(4075 4145 4146 4076)
4(4135 4136 4146 4145)
4(4076 4146 4147 4077)
4(4136 4137 4147 4146)
4(4068 4078 4148 4138)
4(3291 3298 4148 4078)
4(3297 4138 4148 3298)
4(4069 4079 4149 4139)
4(4078 4148 4149 4079)
4(4138 4139 4149 4148)
4(4070 4080 4150 4140)
4(4079 4149 4150 4080)
4(4139 4140 4150 4149)
4(4071 4081 4151 4141)
4(4080 4150 4151 4081)
4(4140 4141 4151 4150)
4(4072 4082 4152 4142)
4(4081 4151 4152 4082)
4(4141 4142 4152 4151)
4(4073 4083 4153 4143)
4(4082 4152 4153 4083)
4(4142 4143 4153 4152)
4(4074 4084 4154 4144)
4(4083 4153 4154 4084)
4(4143 4144 4154 4153)
4(4075 4085 4155 4145)
4(4084 4154 4155 4085)
4(4144 4145 4155 4154)
4(4076 4086 4156 4146)
4(4085 4155 4156 4086)
4(4145 4146 4156 4155)
4(4086 4156 4157 4087)
4(4146 4147 4157 4156)
4(4078 4088 4158 4148)
4(3298 4148 4158 3299)
4(3292 3299 4158 4088)
4(4079 4089 4159 4149)
4(4148 4149 4159 4158)
4(4088 4158 4159 4089)
4(4080 4090 4160 4150)
4(4149 4150 4160 4159)
4(4089 4159 4160 4090)
4(4081 4091 4161 4151)
4(4150 4151 4161 4160)
4(4090 4160 4161 4091)
4(4082 4092 4162 4152)
4(4151 4152 4162 4161)
4(4091 4161 4162 4092)
4(4083 4093 4163 4153)
4(4152 4153 4163 4162)
4(4092 4162 4163 4093)
4(4084 4094 4164 4154)
4(4153 4154 4164 4163)
4(4093 4163 4164 4094)
4(4085 4095 4165 4155)
4(4154 4155 4165 4164)
4(4094 4164 4165 4095)
4(4086 4096 4166 4156)
4(4155 4156 4166 4165)
4(4095 4165 4166 4096)
4(4156 4157 4167 4166)
4(4096 4166 4167 4097)
4(774 4098 4168 794)
4(3293 3300 4168 4098)
4(537 794 4168 3300)
4(775 4099 4169 795)
4(4098 4168 4169 4099)
4(794 795 4169 4168)
4(776 4100 4170 796)
4(4099 4169 4170 4100)
4(795 796 4170 4169)
4(777 4101 4171 797)
4(4100 4170 4171 4101)
4(796 797 4171 4170)
4(778 4102 4172 798)
4(4101 4171 4172 4102)
4(797 798 4172 4171)
4(779 4103 4173 799)
4(4102 4172 4173 4103)
4(798 799 4173 4172)
4(780 4104 4174 800)
4(4103 4173 4174 4104)
4(799 800 4174 4173)
4(781 4105 4175 801)
4(4104 4174 4175 4105)
4(800 801 4175 4174)
4(782 4106 4176 802)
4(4105 4175 4176 4106)
4(801 802 4176 4175)
4(4106 4176 4177 4107)
4(802 803 4177 4176)
4(4098 4108 4178 4168)
4(3294 3301 4178 4108)
4(3300 4168 4178 3301)
4(4099 4109 4179 4169)
4(4108 4178 4179 4109)
4(4168 4169 4179 4178)
4(4100 4110 4180 4170)
4(4109 4179 4180 4110)
4(4169 4170 4180 4179)
4(4101 4111 4181 4171)
4(4110 4180 4181 4111)
4(4170 4171 4181 4180)
4(4102 4112 4182 4172)
4(4111 4181 4182 4112)
4(4171 4172 4182 4181)
4(4103 4113 4183 4173)
4(4112 4182 4183 4113)
4(4172 4173 4183 4182)
4(4104 4114 4184 4174)
4(4113 4183 4184 4114)
4(4173 4174 4184 4183)
4(4105 4115 4185 4175)
4(4114 4184 4185 4115)
4(4174 4175 4185 4184)
4(4106 4116 4186 4176)
4(4115 4185 4186 4116)
4(4175 4176 4186 4185)
4(4116 4186 4187 4117)
4(4176 4177 4187 4186)
4(4108 4118 4188 4178)
4(3295 3302 4188 4118)
4(3301 4178 4188 3302)
4(4109 4119 4189 4179)
4(4118 4188 4189 4119)
4(4178 4179 4189 4188)
4(4110 4120 4190 4180)
4(4119 4189 4190 4120)
4(4179 4180 4190 4189)
4(4111 4121 4191 4181)
4(4120 4190 4191 4121)
4(4180 4181 4191 4190)
4(4112 4122 4192 4182)
4(4121 4191 4192 4122)
4(4181 4182 4192 4191)
4(4113 4123 4193 4183)
4(4122 4192 4193 4123)
4(4182 4183 4193 4192)
4(4114 4124 4194 4184)
4(4123 4193 4194 4124)
4(4183 4184 4194 4193)
4(4115 4125 4195 4185)
4(4124 4194 4195 4125)
4(4184 4185 4195 4194)
4(4116 4126 4196 4186)
4(4125 4195 4196 4126)
4(4185 4186 4196 4195)
4(4126 4196 4197 4127)
4(4186 4187 4197 4196)
4(4118 4128 4198 4188)
4(3296 3303 4198 4128)
4(3302 4188 4198 3303)
4(4119 4129 4199 4189)
4(4128 4198 4199 4129)
4(4188 4189 4199 4198)
4(4120 4130 4200 4190)
4(4129 4199 4200 4130)
4(4189 4190 4200 4199)
4(4121 4131 4201 4191)
4(4130 4200 4201 4131)
4(4190 4191 4201 4200)
4(4122 4132 4202 4192)
4(4131 4201 4202 4132)
4(4191 4192 4202 4201)
4(4123 4133 4203 4193)
4(4132 4202 4203 4133)
4(4192 4193 4203 4202)
4(4124 4134 4204 4194)
4(4133 4203 4204 4134)
4(4193 4194 4204 4203)
4(4125 4135 4205 4195)
4(4134 4204 4205 4135)
4(4194 4195 4205 4204)
4(4126 4136 4206 4196)
4(4135 4205 4206 4136)
4(4195 4196 4206 4205)
4(4136 4206 4207 4137)
4(4196 4197 4207 4206)
4(4128 4138 4208 4198)
4(3297 3304 4208 4138)
4(3303 4198 4208 3304)
4(4129 4139 4209 4199)
4(4138 4208 4209 4139)
4(4198 4199 4209 4208)
4(4130 4140 4210 4200)
4(4139 4209 4210 4140)
4(4199 4200 4210 4209)
4(4131 4141 4211 4201)
4(4140 4210 4211 4141)
4(4200 4201 4211 4210)
4(4132 4142 4212 4202)
4(4141 4211 4212 4142)
4(4201 4202 4212 4211)
4(4133 4143 4213 4203)
4(4142 4212 4213 4143)
4(4202 4203 4213 4212)
4(4134 4144 4214 4204)
4(4143 4213 4214 4144)
4(4203 4204 4214 4213)
4(4135 4145 4215 4205)
4(4144 4214 4215 4145)
4(4204 4205 4215 4214)
4(4136 4146 4216 4206)
4(4145 4215 4216 4146)
4(4205 4206 4216 4215)
4(4146 4216 4217 4147)
4(4206 4207 4217 4216)
4(4138 4148 4218 4208)
4(3298 3305 4218 4148)
4(3304 4208 4218 3305)
4(4139 4149 4219 4209)
4(4148 4218 4219 4149)
4(4208 4209 4219 4218)
4(4140 4150 4220 4210)
4(4149 4219 4220 4150)
4(4209 4210 4220 4219)
4(4141 4151 4221 4211)
4(4150 4220 4221 4151)
4(4210 4211 4221 4220)
4(4142 4152 4222 4212)
4(4151 4221 4222 4152)
4(4211 4212 4222 4221)
4(4143 4153 4223 4213)
4(4152 4222 4223 4153)
4(4212 4213 4223 4222)
4(4144 4154 4224 4214)
4(4153 4223 4224 4154)
4(4213 4214 4224 4223)
4(4145 4155 4225 4215)
4(4154 4224 4225 4155)
4(4214 4215 4225 4224)
4(4146 4156 4226 4216)
4(4155 4225 4226 4156)
4(4215 4216 4226 4225)
4(4156 4226 4227 4157)
4(4216 4217 4227 4226)
4(4148 4158 4228 4218)
4(3305 4218 4228 3306)
4(3299 3306 4228 4158)
4(4149 4159 4229 4219)
4(4218 4219 4229 4228)
4(4158 4228 4229 4159)
4(4150 4160 4230 4220)
4(4219 4220 4230 4229)
4(4159 4229 4230 4160)
4(4151 4161 4231 4221)
4(4220 4221 4231 4230)
4(4160 4230 4231 4161)
4(4152 4162 4232 4222)
4(4221 4222 4232 4231)
4(4161 4231 4232 4162)
4(4153 4163 4233 4223)
4(4222 4223 4233 4232)
4(4162 4232 4233 4163)
4(4154 4164 4234 4224)
4(4223 4224 4234 4233)
4(4163 4233 4234 4164)
4(4155 4165 4235 4225)
4(4224 4225 4235 4234)
4(4164 4234 4235 4165)
4(4156 4166 4236 4226)
4(4225 4226 4236 4235)
4(4165 4235 4236 4166)
4(4226 4227 4237 4236)
4(4166 4236 4237 4167)
4(794 4168 4238 814)
4(3300 3307 4238 4168)
4(539 814 4238 3307)
4(795 4169 4239 815)
4(4168 4238 4239 4169)
4(814 815 4239 4238)
4(796 4170 4240 816)
4(4169 4239 4240 4170)
4(815 816 4240 4239)
4(797 4171 4241 817)
4(4170 4240 4241 4171)
4(816 817 4241 4240)
4(798 4172 4242 818)
4(4171 4241 4242 4172)
4(817 818 4242 4241)
4(799 4173 4243 819)
4(4172 4242 4243 4173)
4(818 819 4243 4242)
4(800 4174 4244 820)
4(4173 4243 4244 4174)
4(819 820 4244 4243)
4(801 4175 4245 821)
4(4174 4244 4245 4175)
4(820 821 4245 4244)
4(802 4176 4246 822)
4(4175 4245 4246 4176)
4(821 822 4246 4245)
4(4176 4246 4247 4177)
4(822 823 4247 4246)
4(4168 4178 4248 4238)
4(3301 3308 4248 4178)
4(3307 4238 4248 3308)
4(4169 4179 4249 4239)
4(4178 4248 4249 4179)
4(4238 4239 4249 4248)
4(4170 4180 4250 4240)
4(4179 4249 4250 4180)
4(4239 4240 4250 4249)
4(4171 4181 4251 4241)
4(4180 4250 4251 4181)
4(4240 4241 4251 4250)
4(4172 4182 4252 4242)
4(4181 4251 4252 4182)
4(4241 4242 4252 4251)
4(4173 4183 4253 4243)
4(4182 4252 4253 4183)
4(4242 4243 4253 4252)
4(4174 4184 4254 4244)
4(4183 4253 4254 4184)
4(4243 4244 4254 4253)
4(4175 4185 4255 4245)
4(4184 4254 4255 4185)
4(4244 4245 4255 4254)
4(4176 4186 4256 4246)
4(4185 4255 4256 4186)
4(4245 4246 4256 4255)
4(4186 4256 4257 4187)
4(4246 4247 4257 4256)
4(4178 4188 4258 4248)
4(3302 3309 4258 4188)
4(3308 4248 4258 3309)
4(4179 4189 4259 4249)
4(4188 4258 4259 4189)
4(4248 4249 4259 4258)
4(4180 4190 4260 4250)
4(4189 4259 4260 4190)
4(4249 4250 4260 4259)
4(4181 4191 4261 4251)
4(4190 4260 4261 4191)
4(4250 4251 4261 4260)
4(4182 4192 4262 4252)
4(4191 4261 4262 4192)
4(4251 4252 4262 4261)
4(4183 4193 4263 4253)
4(4192 4262 4263 4193)
4(4252 4253 4263 4262)
4(4184 4194 4264 4254)
4(4193 4263 4264 4194)
4(4253 4254 4264 4263)
4(4185 4195 4265 4255)
4(4194 4264 4265 4195)
4(4254 4255 4265 4264)
4(4186 4196 4266 4256)
4(4195 4265 4266 4196)
4(4255 4256 4266 4265)
4(4196 4266 4267 4197)
4(4256 4257 4267 4266)
4(4188 4198 4268 4258)
4(3303 3310 4268 4198)
4(3309 4258 4268 3310)
4(4189 4199 4269 4259)
4(4198 4268 4269 4199)
4(4258 4259 4269 4268)
4(4190 4200 4270 4260)
4(4199 4269 4270 4200)
4(4259 4260 4270 4269)
4(4191 4201 4271 4261)
4(4200 4270 4271 4201)
4(4260 4261 4271 4270)
4(4192 4202 4272 4262)
4(4201 4271 4272 4202)
4(4261 4262 4272 4271)
4(4193 4203 4273 4263)
4(4202 4272 4273 4203)
4(4262 4263 4273 4272)
4(4194 4204 4274 4264)
4(4203 4273 4274 4204)
4(4263 4264 4274 4273)
4(4195 4205 4275 4265)
4(4204 4274 4275 4205)
4(4264 4265 4275 4274)
4(4196 4206 4276 4266)
4(4205 4275 4276 4206)
4(4265 4266 4276 4275)
4(4206 4276 4277 4207)
4(4266 4267 4277 4276)
4(4198 4208 4278 4268)
4(3304 3311 4278 4208)
4(3310 4268 4278 3311)
4(4199 4209 4279 4269)
4(4208 4278 4279 4209)
4(4268 4269 4279 4278)
4(4200 4210 4280 4270)
4(4209 4279 4280 4210)
4(4269 4270 4280 4279)
4(4201 4211 4281 4271)
4(4210 4280 4281 4211)
4(4270 4271 4281 4280)
4(4202 4212 4282 4272)
4(4211 4281 4282 4212)
4(4271 4272 4282 4281)
4(4203 4213 4283 4273)
4(4212 4282 4283 4213)
4(4272 4273 4283 4282)
4(4204 4214 4284 4274)
4(4213 4283 4284 4214)
4(4273 4274 4284 4283)
4(4205 4215 4285 4275)
4(4214 4284 4285 4215)
4(4274 4275 4285 4284)
4(4206 4216 4286 4276)
4(4215 4285 4286 4216)
4(4275 4276 4286 4285)
4(4216 4286 4287 4217)
4(4276 4277 4287 4286)
4(4208 4218 4288 4278)
4(3305 3312 4288 4218)
4(3311 4278 4288 3312)
4(4209 4219 4289 4279)
4(4218 4288 4289 4219)
4(4278 4279 4289 4288)
4(4210 4220 4290 4280)
4(4219 4289 4290 4220)
4(4279 4280 4290 4289)
4(4211 4221 4291 4281)
4(4220 4290 4291 4221)
4(4280 4281 4291 4290)
4(4212 4222 4292 4282)
4(4221 4291 4292 4222)
4(4281 4282 4292 4291)
4(4213 4223 4293 4283)
4(4222 4292 4293 4223)
4(4282 4283 4293 4292)
4(4214 4224 4294 4284)
4(4223 4293 4294 4224)
4(4283 4284 4294 4293)
4(4215 4225 4295 4285)
4(4224 4294 4295 4225)
4(4284 4285 4295 4294)
4(4216 4226 4296 4286)
4(4225 4295 4296 4226)
4(4285 4286 4296 4295)
4(4226 4296 4297 4227)
4(4286 4287 4297 4296)
4(4218 4228 4298 4288)
4(3312 4288 4298 3313)
4(3306 3313 4298 4228)
4(4219 4229 4299 4289)
4(4288 4289 4299 4298)
4(4228 4298 4299 4229)
4(4220 4230 4300 4290)
4(4289 4290 4300 4299)
4(4229 4299 4300 4230)
4(4221 4231 4301 4291)
4(4290 4291 4301 4300)
4(4230 4300 4301 4231)
4(4222 4232 4302 4292)
4(4291 4292 4302 4301)
4(4231 4301 4302 4232)
4(4223 4233 4303 4293)
4(4292 4293 4303 4302)
4(4232 4302 4303 4233)
4(4224 4234 4304 4294)
4(4293 4294 4304 4303)
4(4233 4303 4304 4234)
4(4225 4235 4305 4295)
4(4294 4295 4305 4304)
4(4234 4304 4305 4235)
4(4226 4236 4306 4296)
4(4295 4296 4306 4305)
4(4235 4305 4306 4236)
4(4296 4297 4307 4306)
4(4236 4306 4307 4237)
4(814 4238 4308 834)
4(3307 3314 4308 4238)
4(541 834 4308 3314)
4(815 4239 4309 835)
4(4238 4308 4309 4239)
4(834 835 4309 4308)
4(816 4240 4310 836)
4(4239 4309 4310 4240)
4(835 836 4310 4309)
4(817 4241 4311 837)
4(4240 4310 4311 4241)
4(836 837 4311 4310)
4(818 4242 4312 838)
4(4241 4311 4312 4242)
4(837 838 4312 4311)
4(819 4243 4313 839)
4(4242 4312 4313 4243)
4(838 839 4313 4312)
4(820 4244 4314 840)
4(4243 4313 4314 4244)
4(839 840 4314 4313)
4(821 4245 4315 841)
4(4244 4314 4315 4245)
4(840 841 4315 4314)
4(822 4246 4316 842)
4(4245 4315 4316 4246)
4(841 842 4316 4315)
4(4246 4316 4317 4247)
4(842 843 4317 4316)
4(4238 4248 4318 4308)
4(3308 3315 4318 4248)
4(3314 4308 4318 3315)
4(4239 4249 4319 4309)
4(4248 4318 4319 4249)
4(4308 4309 4319 4318)
4(4240 4250 4320 4310)
4(4249 4319 4320 4250)
4(4309 4310 4320 4319)
4(4241 4251 4321 4311)
4(4250 4320 4321 4251)
4(4310 4311 4321 4320)
4(4242 4252 4322 4312)
4(4251 4321 4322 4252)
4(4311 4312 4322 4321)
4(4243 4253 4323 4313)
4(4252 4322 4323 4253)
4(4312 4313 4323 4322)
4(4244 4254 4324 4314)
4(4253 4323 4324 4254)
4(4313 4314 4324 4323)
4(4245 4255 4325 4315)
4(4254 4324 4325 4255)
4(4314 4315 4325 4324)
4(4246 4256 4326 4316)
4(4255 4325 4326 4256)
4(4315 4316 4326 4325)
4(4256 4326 4327 4257)
4(4316 4317 4327 4326)
4(4248 4258 4328 4318)
4(3309 3316 4328 4258)
4(3315 4318 4328 3316)
4(4249 4259 4329 4319)
4(4258 4328 4329 4259)
4(4318 4319 4329 4328)
4(4250 4260 4330 4320)
4(4259 4329 4330 4260)
4(4319 4320 4330 4329)
4(4251 4261 4331 4321)
4(4260 4330 4331 4261)
4(4320 4321 4331 4330)
4(4252 4262 4332 4322)
4(4261 4331 4332 4262)
4(4321 4322 4332 4331)
4(4253 4263 4333 4323)
4(4262 4332 4333 4263)
4(4322 4323 4333 4332)
4(4254 4264 4334 4324)
4(4263 4333 4334 4264)
4(4323 4324 4334 4333)
4(4255 4265 4335 4325)
4(4264 4334 4335 4265)
4(4324 4325 4335 4334)
4(4256 4266 4336 4326)
4(4265 4335 4336 4266)
4(4325 4326 4336 4335)
4(4266 4336 4337 4267)
4(4326 4327 4337 4336)
4(4258 4268 4338 4328)
4(3310 3317 4338 4268)
4(3316 4328 4338 3317)
4(4259 4269 4339 4329)
4(4268 4338 4339 4269)
4(4328 4329 4339 4338)
4(4260 4270 4340 4330)
4(4269 4339 4340 4270)
4(4329 4330 4340 4339)
4(4261 4271 4341 4331)
4(4270 4340 4341 4271)
4(4330 4331 4341 4340)
4(4262 4272 4342 4332)
4(4271 4341 4342 4272)
4(4331 4332 4342 4341)
4(4263 4273 4343 4333)
4(4272 4342 4343 4273)
4(4332 4333 4343 4342)
4(4264 4274 4344 4334)
4(4273 4343 4344 4274)
4(4333 4334 4344 4343)
4(4265 4275 4345 4335)
4(4274 4344 4345 4275)
4(4334 4335 4345 4344)
4(4266 4276 4346 4336)
4(4275 4345 4346 4276)
4(4335 4336 4346 4345)
4(4276 4346 4347 4277)
4(4336 4337 4347 4346)
4(4268 4278 4348 4338)
4(3311 3318 4348 4278)
4(3317 4338 4348 3318)
4(4269 4279 4349 4339)
4(4278 4348 4349 4279)
4(4338 4339 4349 4348)
4(4270 4280 4350 4340)
4(4279 4349 4350 4280)
4(4339 4340 4350 4349)
4(4271 4281 4351 4341)
4(4280 4350 4351 4281)
4(4340 4341 4351 4350)
4(4272 4282 4352 4342)
4(4281 4351 4352 4282)
4(4341 4342 4352 4351)
4(4273 4283 4353 4343)
4(4282 4352 4353 4283)
4(4342 4343 4353 4352)
4(4274 4284 4354 4344)
4(4283 4353 4354 4284)
4(4343 4344 4354 4353)
4(4275 4285 4355 4345)
4(4284 4354 4355 4285)
4(4344 4345 4355 4354)
4(4276 4286 4356 4346)
4(4285 4355 4356 4286)
4(4345 4346 4356 4355)
4(4286 4356 4357 4287)
4(4346 4347 4357 4356)
4(4278 4288 4358 4348)
4(3312 3319 4358 4288)
4(3318 4348 4358 3319)
4(4279 4289 4359 4349)
4(4288 4358 4359 4289)
4(4348 4349 4359 4358)
4(4280 4290 4360 4350)
4(4289 4359 4360 4290)
4(4349 4350 4360 4359)
4(4281 4291 4361 4351)
4(4290 4360 4361 4291)
4(4350 4351 4361 4360)
4(4282 4292 4362 4352)
4(4291 4361 4362 4292)
4(4351 4352 4362 4361)
4(4283 4293 4363 4353)
4(4292 4362 4363 4293)
4(4352 4353 4363 4362)
4(4284 4294 4364 4354)
4(4293 4363 4364 4294)
4(4353 4354 4364 4363)
4(4285 4295 4365 4355)
4(4294 4364 4365 4295)
4(4354 4355 4365 4364)
4(4286 4296 4366 4356)
4(4295 4365 4366 4296)
4(4355 4356 4366 4365)
4(4296 4366 4367 4297)
4(4356 4357 4367 4366)
4(4288 4298 4368 4358)
4(3319 4358 4368 3320)
4(3313 3320 4368 4298)
4(4289 4299 4369 4359)
4(4358 4359 4369 4368)
4(4298 4368 4369 4299)
4(4290 4300 4370 4360)
4(4359 4360 4370 4369)
4(4299 4369 4370 4300)
4(4291 4301 4371 4361)
4(4360 4361 4371 4370)
4(4300 4370 4371 4301)
4(4292 4302 4372 4362)
4(4361 4362 4372 4371)
4(4301 4371 4372 4302)
4(4293 4303 4373 4363)
4(4362 4363 4373 4372)
4(4302 4372 4373 4303)
4(4294 4304 4374 4364)
4(4363 4364 4374 4373)
4(4303 4373 4374 4304)
4(4295 4305 4375 4365)
4(4364 4365 4375 4374)
4(4304 4374 4375 4305)
4(4296 4306 4376 4366)
4(4365 4366 4376 4375)
4(4305 4375 4376 4306)
4(4366 4367 4377 4376)
4(4306 4376 4377 4307)
4(834 4308 4378 854)
4(3314 3321 4378 4308)
4(835 4309 4379 855)
4(4308 4378 4379 4309)
4(836 4310 4380 856)
4(4309 4379 4380 4310)
4(837 4311 4381 857)
4(4310 4380 4381 4311)
4(838 4312 4382 858)
4(4311 4381 4382 4312)
4(839 4313 4383 859)
4(4312 4382 4383 4313)
4(840 4314 4384 860)
4(4313 4383 4384 4314)
4(841 4315 4385 861)
4(4314 4384 4385 4315)
4(842 4316 4386 862)
4(4315 4385 4386 4316)
4(4316 4386 4387 4317)
4(4308 4318 4388 4378)
4(3315 3322 4388 4318)
4(4309 4319 4389 4379)
4(4318 4388 4389 4319)
4(4310 4320 4390 4380)
4(4319 4389 4390 4320)
4(4311 4321 4391 4381)
4(4320 4390 4391 4321)
4(4312 4322 4392 4382)
4(4321 4391 4392 4322)
4(4313 4323 4393 4383)
4(4322 4392 4393 4323)
4(4314 4324 4394 4384)
4(4323 4393 4394 4324)
4(4315 4325 4395 4385)
4(4324 4394 4395 4325)
4(4316 4326 4396 4386)
4(4325 4395 4396 4326)
4(4326 4396 4397 4327)
4(4318 4328 4398 4388)
4(3316 3323 4398 4328)
4(4319 4329 4399 4389)
4(4328 4398 4399 4329)
4(4320 4330 4400 4390)
4(4329 4399 4400 4330)
4(4321 4331 4401 4391)
4(4330 4400 4401 4331)
4(4322 4332 4402 4392)
4(4331 4401 4402 4332)
4(4323 4333 4403 4393)
4(4332 4402 4403 4333)
4(4324 4334 4404 4394)
4(4333 4403 4404 4334)
4(4325 4335 4405 4395)
4(4334 4404 4405 4335)
4(4326 4336 4406 4396)
4(4335 4405 4406 4336)
4(4336 4406 4407 4337)
4(4328 4338 4408 4398)
4(3317 3324 4408 4338)
4(4329 4339 4409 4399)
4(4338 4408 4409 4339)
4(4330 4340 4410 4400)
4(4339 4409 4410 4340)
4(4331 4341 4411 4401)
4(4340 4410 4411 4341)
4(4332 4342 4412 4402)
4(4341 4411 4412 4342)
4(4333 4343 4413 4403)
4(4342 4412 4413 4343)
4(4334 4344 4414 4404)
4(4343 4413 4414 4344)
4(4335 4345 4415 4405)
4(4344 4414 4415 4345)
4(4336 4346 4416 4406)
4(4345 4415 4416 4346)
4(4346 4416 4417 4347)
4(4338 4348 4418 4408)
4(3318 3325 4418 4348)
4(4339 4349 4419 4409)
4(4348 4418 4419 4349)
4(4340 4350 4420 4410)
4(4349 4419 4420 4350)
4(4341 4351 4421 4411)
4(4350 4420 4421 4351)
4(4342 4352 4422 4412)
4(4351 4421 4422 4352)
4(4343 4353 4423 4413)
4(4352 4422 4423 4353)
4(4344 4354 4424 4414)
4(4353 4423 4424 4354)
4(4345 4355 4425 4415)
4(4354 4424 4425 4355)
4(4346 4356 4426 4416)
4(4355 4425 4426 4356)
4(4356 4426 4427 4357)
4(4348 4358 4428 4418)
4(3319 3326 4428 4358)
4(4349 4359 4429 4419)
4(4358 4428 4429 4359)
4(4350 4360 4430 4420)
4(4359 4429 4430 4360)
4(4351 4361 4431 4421)
4(4360 4430 4431 4361)
4(4352 4362 4432 4422)
4(4361 4431 4432 4362)
4(4353 4363 4433 4423)
4(4362 4432 4433 4363)
4(4354 4364 4434 4424)
4(4363 4433 4434 4364)
4(4355 4365 4435 4425)
4(4364 4434 4435 4365)
4(4356 4366 4436 4426)
4(4365 4435 4436 4366)
4(4366 4436 4437 4367)
4(4358 4368 4438 4428)
4(3320 3327 4438 4368)
4(4359 4369 4439 4429)
4(4368 4438 4439 4369)
4(4360 4370 4440 4430)
4(4369 4439 4440 4370)
4(4361 4371 4441 4431)
4(4370 4440 4441 4371)
4(4362 4372 4442 4432)
4(4371 4441 4442 4372)
4(4363 4373 4443 4433)
4(4372 4442 4443 4373)
4(4364 4374 4444 4434)
4(4373 4443 4444 4374)
4(4365 4375 4445 4435)
4(4374 4444 4445 4375)
4(4366 4376 4446 4436)
4(4375 4445 4446 4376)
4(4376 4446 4447 4377)
4(931 4449 4559 1008)
4(4448 4558 4559 4449)
4(1007 1008 4559 4558)
4(932 4450 4560 1009)
4(4449 4559 4560 4450)
4(1008 1009 4560 4559)
4(933 4451 4561 1010)
4(4450 4560 4561 4451)
4(1009 1010 4561 4560)
4(934 4452 4562 1011)
4(4451 4561 4562 4452)
4(1010 1011 4562 4561)
4(935 4453 4563 1012)
4(4452 4562 4563 4453)
4(1011 1012 4563 4562)
4(936 4454 4564 1013)
4(4453 4563 4564 4454)
4(1012 1013 4564 4563)
4(937 4455 4565 1014)
4(4454 4564 4565 4455)
4(1013 1014 4565 4564)
4(938 4456 4566 1015)
4(4455 4565 4566 4456)
4(1014 1015 4566 4565)
4(939 4457 4567 1016)
4(4456 4566 4567 4457)
4(1015 1016 4567 4566)
4(4457 4567 4568 4458)
4(1016 1017 4568 4567)
4(940 4458 4568 1017)
4(4449 4460 4570 4559)
4(4459 4569 4570 4460)
4(4558 4559 4570 4569)
4(4450 4461 4571 4560)
4(4460 4570 4571 4461)
4(4559 4560 4571 4570)
4(4451 4462 4572 4561)
4(4461 4571 4572 4462)
4(4560 4561 4572 4571)
4(4452 4463 4573 4562)
4(4462 4572 4573 4463)
4(4561 4562 4573 4572)
4(4453 4464 4574 4563)
4(4463 4573 4574 4464)
4(4562 4563 4574 4573)
4(4454 4465 4575 4564)
4(4464 4574 4575 4465)
4(4563 4564 4575 4574)
4(4455 4466 4576 4565)
4(4465 4575 4576 4466)
4(4564 4565 4576 4575)
4(4456 4467 4577 4566)
4(4466 4576 4577 4467)
4(4565 4566 4577 4576)
4(4457 4468 4578 4567)
4(4467 4577 4578 4468)
4(4566 4567 4578 4577)
4(4468 4578 4579 4469)
4(4567 4568 4579 4578)
4(4458 4469 4579 4568)
4(4460 4471 4581 4570)
4(4470 4580 4581 4471)
4(4569 4570 4581 4580)
4(4461 4472 4582 4571)
4(4471 4581 4582 4472)
4(4570 4571 4582 4581)
4(4462 4473 4583 4572)
4(4472 4582 4583 4473)
4(4571 4572 4583 4582)
4(4463 4474 4584 4573)
4(4473 4583 4584 4474)
4(4572 4573 4584 4583)
4(4464 4475 4585 4574)
4(4474 4584 4585 4475)
4(4573 4574 4585 4584)
4(4465 4476 4586 4575)
4(4475 4585 4586 4476)
4(4574 4575 4586 4585)
4(4466 4477 4587 4576)
4(4476 4586 4587 4477)
4(4575 4576 4587 4586)
4(4467 4478 4588 4577)
4(4477 4587 4588 4478)
4(4576 4577 4588 4587)
4(4468 4479 4589 4578)
4(4478 4588 4589 4479)
4(4577 4578 4589 4588)
4(4479 4589 4590 4480)
4(4578 4579 4590 4589)
4(4469 4480 4590 4579)
4(4471 4482 4592 4581)
4(4481 4591 4592 4482)
4(4580 4581 4592 4591)
4(4472 4483 4593 4582)
4(4482 4592 4593 4483)
4(4581 4582 4593 4592)
4(4473 4484 4594 4583)
4(4483 4593 4594 4484)
4(4582 4583 4594 4593)
4(4474 4485 4595 4584)
4(4484 4594 4595 4485)
4(4583 4584 4595 4594)
4(4475 4486 4596 4585)
4(4485 4595 4596 4486)
4(4584 4585 4596 4595)
4(4476 4487 4597 4586)
4(4486 4596 4597 4487)
4(4585 4586 4597 4596)
4(4477 4488 4598 4587)
4(4487 4597 4598 4488)
4(4586 4587 4598 4597)
4(4478 4489 4599 4588)
4(4488 4598 4599 4489)
4(4587 4588 4599 4598)
4(4479 4490 4600 4589)
4(4489 4599 4600 4490)
4(4588 4589 4600 4599)
4(4490 4600 4601 4491)
4(4589 4590 4601 4600)
4(4480 4491 4601 4590)
4(4482 4493 4603 4592)
4(4492 4602 4603 4493)
4(4591 4592 4603 4602)
4(4483 4494 4604 4593)
4(4493 4603 4604 4494)
4(4592 4593 4604 4603)
4(4484 4495 4605 4594)
4(4494 4604 4605 4495)
4(4593 4594 4605 4604)
4(4485 4496 4606 4595)
4(4495 4605 4606 4496)
4(4594 4595 4606 4605)
4(4486 4497 4607 4596)
4(4496 4606 4607 4497)
4(4595 4596 4607 4606)
4(4487 4498 4608 4597)
4(4497 4607 4608 4498)
4(4596 4597 4608 4607)
4(4488 4499 4609 4598)
4(4498 4608 4609 4499)
4(4597 4598 4609 4608)
4(4489 4500 4610 4599)
4(4499 4609 4610 4500)
4(4598 4599 4610 4609)
4(4490 4501 4611 4600)
4(4500 4610 4611 4501)
4(4599 4600 4611 4610)
4(4501 4611 4612 4502)
4(4600 4601 4612 4611)
4(4491 4502 4612 4601)
4(4493 4504 4614 4603)
4(4503 4613 4614 4504)
4(4602 4603 4614 4613)
4(4494 4505 4615 4604)
4(4504 4614 4615 4505)
4(4603 4604 4615 4614)
4(4495 4506 4616 4605)
4(4505 4615 4616 4506)
4(4604 4605 4616 4615)
4(4496 4507 4617 4606)
4(4506 4616 4617 4507)
4(4605 4606 4617 4616)
4(4497 4508 4618 4607)
4(4507 4617 4618 4508)
4(4606 4607 4618 4617)
4(4498 4509 4619 4608)
4(4508 4618 4619 4509)
4(4607 4608 4619 4618)
4(4499 4510 4620 4609)
4(4509 4619 4620 4510)
4(4608 4609 4620 4619)
4(4500 4511 4621 4610)
4(4510 4620 4621 4511)
4(4609 4610 4621 4620)
4(4501 4512 4622 4611)
4(4511 4621 4622 4512)
4(4610 4611 4622 4621)
4(4512 4622 4623 4513)
4(4611 4612 4623 4622)
4(4502 4513 4623 4612)
4(4504 4515 4625 4614)
4(4514 4624 4625 4515)
4(4613 4614 4625 4624)
4(4505 4516 4626 4615)
4(4515 4625 4626 4516)
4(4614 4615 4626 4625)
4(4506 4517 4627 4616)
4(4516 4626 4627 4517)
4(4615 4616 4627 4626)
4(4507 4518 4628 4617)
4(4517 4627 4628 4518)
4(4616 4617 4628 4627)
4(4508 4519 4629 4618)
4(4518 4628 4629 4519)
4(4617 4618 4629 4628)
4(4509 4520 4630 4619)
4(4519 4629 4630 4520)
4(4618 4619 4630 4629)
4(4510 4521 4631 4620)
4(4520 4630 4631 4521)
4(4619 4620 4631 4630)
4(4511 4522 4632 4621)
4(4521 4631 4632 4522)
4(4620 4621 4632 4631)
4(4512 4523 4633 4622)
4(4522 4632 4633 4523)
4(4621 4622 4633 4632)
4(4523 4633 4634 4524)
4(4622 4623 4634 4633)
4(4513 4524 4634 4623)
4(4515 4526 4636 4625)
4(4525 4635 4636 4526)
4(4624 4625 4636 4635)
4(4516 4527 4637 4626)
4(4526 4636 4637 4527)
4(4625 4626 4637 4636)
4(4517 4528 4638 4627)
4(4527 4637 4638 4528)
4(4626 4627 4638 4637)
4(4518 4529 4639 4628)
4(4528 4638 4639 4529)
4(4627 4628 4639 4638)
4(4519 4530 4640 4629)
4(4529 4639 4640 4530)
4(4628 4629 4640 4639)
4(4520 4531 4641 4630)
4(4530 4640 4641 4531)
4(4629 4630 4641 4640)
4(4521 4532 4642 4631)
4(4531 4641 4642 4532)
4(4630 4631 4642 4641)
4(4522 4533 4643 4632)
4(4532 4642 4643 4533)
4(4631 4632 4643 4642)
4(4523 4534 4644 4633)
4(4533 4643 4644 4534)
4(4632 4633 4644 4643)
4(4534 4644 4645 4535)
4(4633 4634 4645 4644)
4(4524 4535 4645 4634)
4(4526 4537 4647 4636)
4(4536 4646 4647 4537)
4(4635 4636 4647 4646)
4(4527 4538 4648 4637)
4(4537 4647 4648 4538)
4(4636 4637 4648 4647)
4(4528 4539 4649 4638)
4(4538 4648 4649 4539)
4(4637 4638 4649 4648)
4(4529 4540 4650 4639)
4(4539 4649 4650 4540)
4(4638 4639 4650 4649)
4(4530 4541 4651 4640)
4(4540 4650 4651 4541)
4(4639 4640 4651 4650)
4(4531 4542 4652 4641)
4(4541 4651 4652 4542)
4(4640 4641 4652 4651)
4(4532 4543 4653 4642)
4(4542 4652 4653 4543)
4(4641 4642 4653 4652)
4(4533 4544 4654 4643)
4(4543 4653 4654 4544)
4(4642 4643 4654 4653)
4(4534 4545 4655 4644)
4(4544 4654 4655 4545)
4(4643 4644 4655 4654)
4(4545 4655 4656 4546)
4(4644 4645 4656 4655)
4(4535 4546 4656 4645)
4(4537 4548 4658 4647)
4(4646 4647 4658 4657)
4(4538 4549 4659 4648)
4(4647 4648 4659 4658)
4(4539 4550 4660 4649)
4(4648 4649 4660 4659)
4(4540 4551 4661 4650)
4(4649 4650 4661 4660)
4(4541 4552 4662 4651)
4(4650 4651 4662 4661)
4(4542 4553 4663 4652)
4(4651 4652 4663 4662)
4(4543 4554 4664 4653)
4(4652 4653 4664 4663)
4(4544 4555 4665 4654)
4(4653 4654 4665 4664)
4(4545 4556 4666 4655)
4(4654 4655 4666 4665)
4(4655 4656 4667 4666)
4(4546 4557 4667 4656)
4(1008 4559 4669 1085)
4(4558 4668 4669 4559)
4(1084 1085 4669 4668)
4(1009 4560 4670 1086)
4(4559 4669 4670 4560)
4(1085 1086 4670 4669)
4(1010 4561 4671 1087)
4(4560 4670 4671 4561)
4(1086 1087 4671 4670)
4(1011 4562 4672 1088)
4(4561 4671 4672 4562)
4(1087 1088 4672 4671)
4(1012 4563 4673 1089)
4(4562 4672 4673 4563)
4(1088 1089 4673 4672)
4(1013 4564 4674 1090)
4(4563 4673 4674 4564)
4(1089 1090 4674 4673)
4(1014 4565 4675 1091)
4(4564 4674 4675 4565)
4(1090 1091 4675 4674)
4(1015 4566 4676 1092)
4(4565 4675 4676 4566)
4(1091 1092 4676 4675)
4(1016 4567 4677 1093)
4(4566 4676 4677 4567)
4(1092 1093 4677 4676)
4(4567 4677 4678 4568)
4(1093 1094 4678 4677)
4(1017 4568 4678 1094)
4(4559 4570 4680 4669)
4(4569 4679 4680 4570)
4(4668 4669 4680 4679)
4(4560 4571 4681 4670)
4(4570 4680 4681 4571)
4(4669 4670 4681 4680)
4(4561 4572 4682 4671)
4(4571 4681 4682 4572)
4(4670 4671 4682 4681)
4(4562 4573 4683 4672)
4(4572 4682 4683 4573)
4(4671 4672 4683 4682)
4(4563 4574 4684 4673)
4(4573 4683 4684 4574)
4(4672 4673 4684 4683)
4(4564 4575 4685 4674)
4(4574 4684 4685 4575)
4(4673 4674 4685 4684)
4(4565 4576 4686 4675)
4(4575 4685 4686 4576)
4(4674 4675 4686 4685)
4(4566 4577 4687 4676)
4(4576 4686 4687 4577)
4(4675 4676 4687 4686)
4(4567 4578 4688 4677)
4(4577 4687 4688 4578)
4(4676 4677 4688 4687)
4(4578 4688 4689 4579)
4(4677 4678 4689 4688)
4(4568 4579 4689 4678)
4(4570 4581 4691 4680)
4(4580 4690 4691 4581)
4(4679 4680 4691 4690)
4(4571 4582 4692 4681)
4(4581 4691 4692 4582)
4(4680 4681 4692 4691)
4(4572 4583 4693 4682)
4(4582 4692 4693 4583)
4(4681 4682 4693 4692)
4(4573 4584 4694 4683)
4(4583 4693 4694 4584)
4(4682 4683 4694 4693)
4(4574 4585 4695 4684)
4(4584 4694 4695 4585)
4(4683 4684 4695 4694)
4(4575 4586 4696 4685)
4(4585 4695 4696 4586)
4(4684 4685 4696 4695)
4(4576 4587 4697 4686)
4(4586 4696 4697 4587)
4(4685 4686 4697 4696)
4(4577 4588 4698 4687)
4(4587 4697 4698 4588)
4(4686 4687 4698 4697)
4(4578 4589 4699 4688)
4(4588 4698 4699 4589)
4(4687 4688 4699 4698)
4(4589 4699 4700 4590)
4(4688 4689 4700 4699)
4(4579 4590 4700 4689)
4(4581 4592 4702 4691)
4(4591 4701 4702 4592)
4(4690 4691 4702 4701)
4(4582 4593 4703 4692)
4(4592 4702 4703 4593)
4(4691 4692 4703 4702)
4(4583 4594 4704 4693)
4(4593 4703 4704 4594)
4(4692 4693 4704 4703)
4(4584 4595 4705 4694)
4(4594 4704 4705 4595)
4(4693 4694 4705 4704)
4(4585 4596 4706 4695)
4(4595 4705 4706 4596)
4(4694 4695 4706 4705)
4(4586 4597 4707 4696)
4(4596 4706 4707 4597)
4(4695 4696 4707 4706)
4(4587 4598 4708 4697)
4(4597 4707 4708 4598)
4(4696 4697 4708 4707)
4(4588 4599 4709 4698)
4(4598 4708 4709 4599)
4(4697 4698 4709 4708)
4(4589 4600 4710 4699)
4(4599 4709 4710 4600)
4(4698 4699 4710 4709)
4(4600 4710 4711 4601)
4(4699 4700 4711 4710)
4(4590 4601 4711 4700)
4(4592 4603 4713 4702)
4(4602 4712 4713 4603)
4(4701 4702 4713 4712)
4(4593 4604 4714 4703)
4(4603 4713 4714 4604)
4(4702 4703 4714 4713)
4(4594 4605 4715 4704)
4(4604 4714 4715 4605)
4(4703 4704 4715 4714)
4(4595 4606 4716 4705)
4(4605 4715 4716 4606)
4(4704 4705 4716 4715)
4(4596 4607 4717 4706)
4(4606 4716 4717 4607)
4(4705 4706 4717 4716)
4(4597 4608 4718 4707)
4(4607 4717 4718 4608)
4(4706 4707 4718 4717)
4(4598 4609 4719 4708)
4(4608 4718 4719 4609)
4(4707 4708 4719 4718)
4(4599 4610 4720 4709)
4(4609 4719 4720 4610)
4(4708 4709 4720 4719)
4(4600 4611 4721 4710)
4(4610 4720 4721 4611)
4(4709 4710 4721 4720)
4(4611 4721 4722 4612)
4(4710 4711 4722 4721)
4(4601 4612 4722 4711)
4(4603 4614 4724 4713)
4(4613 4723 4724 4614)
4(4712 4713 4724 4723)
4(4604 4615 4725 4714)
4(4614 4724 4725 4615)
4(4713 4714 4725 4724)
4(4605 4616 4726 4715)
4(4615 4725 4726 4616)
4(4714 4715 4726 4725)
4(4606 4617 4727 4716)
4(4616 4726 4727 4617)
4(4715 4716 4727 4726)
4(4607 4618 4728 4717)
4(4617 4727 4728 4618)
4(4716 4717 4728 4727)
4(4608 4619 4729 4718)
4(4618 4728 4729 4619)
4(4717 4718 4729 4728)
4(4609 4620 4730 4719)
4(4619 4729 4730 4620)
4(4718 4719 4730 4729)
4(4610 4621 4731 4720)
4(4620 4730 4731 4621)
4(4719 4720 4731 4730)
4(4611 4622 4732 4721)
4(4621 4731 4732 4622)
4(4720 4721 4732 4731)
4(4622 4732 4733 4623)
4(4721 4722 4733 4732)
4(4612 4623 4733 4722)
4(4614 4625 4735 4724)
4(4624 4734 4735 4625)
4(4723 4724 4735 4734)
4(4615 4626 4736 4725)
4(4625 4735 4736 4626)
4(4724 4725 4736 4735)
4(4616 4627 4737 4726)
4(4626 4736 4737 4627)
4(4725 4726 4737 4736)
4(4617 4628 4738 4727)
4(4627 4737 4738 4628)
4(4726 4727 4738 4737)
4(4618 4629 4739 4728)
4(4628 4738 4739 4629)
4(4727 4728 4739 4738)
4(4619 4630 4740 4729)
4(4629 4739 4740 4630)
4(4728 4729 4740 4739)
4(4620 4631 4741 4730)
4(4630 4740 4741 4631)
4(4729 4730 4741 4740)
4(4621 4632 4742 4731)
4(4631 4741 4742 4632)
4(4730 4731 4742 4741)
4(4622 4633 4743 4732)
4(4632 4742 4743 4633)
4(4731 4732 4743 4742)
4(4633 4743 4744 4634)
4(4732 4733 4744 4743)
4(4623 4634 4744 4733)
4(4625 4636 4746 4735)
4(4635 4745 4746 4636)
4(4734 4735 4746 4745)
4(4626 4637 4747 4736)
4(4636 4746 4747 4637)
4(4735 4736 4747 4746)
4(4627 4638 4748 4737)
4(4637 4747 4748 4638)
4(4736 4737 4748 4747)
4(4628 4639 4749 4738)
4(4638 4748 4749 4639)
4(4737 4738 4749 4748)
4(4629 4640 4750 4739)
4(4639 4749 4750 4640)
4(4738 4739 4750 4749)
4(4630 4641 4751 4740)
4(4640 4750 4751 4641)
4(4739 4740 4751 4750)
4(4631 4642 4752 4741)
4(4641 4751 4752 4642)
4(4740 4741 4752 4751)
4(4632 4643 4753 4742)
4(4642 4752 4753 4643)
4(4741 4742 4753 4752)
4(4633 4644 4754 4743)
4(4643 4753 4754 4644)
4(4742 4743 4754 4753)
4(4644 4754 4755 4645)
4(4743 4744 4755 4754)
4(4634 4645 4755 4744)
4(4636 4647 4757 4746)
4(4646 4756 4757 4647)
4(4745 4746 4757 4756)
4(4637 4648 4758 4747)
4(4647 4757 4758 4648)
4(4746 4747 4758 4757)
4(4638 4649 4759 4748)
4(4648 4758 4759 4649)
4(4747 4748 4759 4758)
4(4639 4650 4760 4749)
4(4649 4759 4760 4650)
4(4748 4749 4760 4759)
4(4640 4651 4761 4750)
4(4650 4760 4761 4651)
4(4749 4750 4761 4760)
4(4641 4652 4762 4751)
4(4651 4761 4762 4652)
4(4750 4751 4762 4761)
4(4642 4653 4763 4752)
4(4652 4762 4763 4653)
4(4751 4752 4763 4762)
4(4643 4654 4764 4753)
4(4653 4763 4764 4654)
4(4752 4753 4764 4763)
4(4644 4655 4765 4754)
4(4654 4764 4765 4655)
4(4753 4754 4765 4764)
4(4655 4765 4766 4656)
4(4754 4755 4766 4765)
4(4645 4656 4766 4755)
4(4647 4658 4768 4757)
4(4756 4757 4768 4767)
4(4648 4659 4769 4758)
4(4757 4758 4769 4768)
4(4649 4660 4770 4759)
4(4758 4759 4770 4769)
4(4650 4661 4771 4760)
4(4759 4760 4771 4770)
4(4651 4662 4772 4761)
4(4760 4761 4772 4771)
4(4652 4663 4773 4762)
4(4761 4762 4773 4772)
4(4653 4664 4774 4763)
4(4762 4763 4774 4773)
4(4654 4665 4775 4764)
4(4763 4764 4775 4774)
4(4655 4666 4776 4765)
4(4764 4765 4776 4775)
4(4765 4766 4777 4776)
4(4656 4667 4777 4766)
4(1085 4669 4779 1162)
4(4668 4778 4779 4669)
4(1161 1162 4779 4778)
4(1086 4670 4780 1163)
4(4669 4779 4780 4670)
4(1162 1163 4780 4779)
4(1087 4671 4781 1164)
4(4670 4780 4781 4671)
4(1163 1164 4781 4780)
4(1088 4672 4782 1165)
4(4671 4781 4782 4672)
4(1164 1165 4782 4781)
4(1089 4673 4783 1166)
4(4672 4782 4783 4673)
4(1165 1166 4783 4782)
4(1090 4674 4784 1167)
4(4673 4783 4784 4674)
4(1166 1167 4784 4783)
4(1091 4675 4785 1168)
4(4674 4784 4785 4675)
4(1167 1168 4785 4784)
4(1092 4676 4786 1169)
4(4675 4785 4786 4676)
4(1168 1169 4786 4785)
4(1093 4677 4787 1170)
4(4676 4786 4787 4677)
4(1169 1170 4787 4786)
4(4677 4787 4788 4678)
4(1170 1171 4788 4787)
4(1094 4678 4788 1171)
4(4669 4680 4790 4779)
4(4679 4789 4790 4680)
4(4778 4779 4790 4789)
4(4670 4681 4791 4780)
4(4680 4790 4791 4681)
4(4779 4780 4791 4790)
4(4671 4682 4792 4781)
4(4681 4791 4792 4682)
4(4780 4781 4792 4791)
4(4672 4683 4793 4782)
4(4682 4792 4793 4683)
4(4781 4782 4793 4792)
4(4673 4684 4794 4783)
4(4683 4793 4794 4684)
4(4782 4783 4794 4793)
4(4674 4685 4795 4784)
4(4684 4794 4795 4685)
4(4783 4784 4795 4794)
4(4675 4686 4796 4785)
4(4685 4795 4796 4686)
4(4784 4785 4796 4795)
4(4676 4687 4797 4786)
4(4686 4796 4797 4687)
4(4785 4786 4797 4796)
4(4677 4688 4798 4787)
4(4687 4797 4798 4688)
4(4786 4787 4798 4797)
4(4688 4798 4799 4689)
4(4787 4788 4799 4798)
4(4678 4689 4799 4788)
4(4680 4691 4801 4790)
4(4690 4800 4801 4691)
4(4789 4790 4801 4800)
4(4681 4692 4802 4791)
4(4691 4801 4802 4692)
4(4790 4791 4802 4801)
4(4682 4693 4803 4792)
4(4692 4802 4803 4693)
4(4791 4792 4803 4802)
4(4683 4694 4804 4793)
4(4693 4803 4804 4694)
4(4792 4793 4804 4803)
4(4684 4695 4805 4794)
4(4694 4804 4805 4695)
4(4793 4794 4805 4804)
4(4685 4696 4806 4795)
4(4695 4805 4806 4696)
4(4794 4795 4806 4805)
4(4686 4697 4807 4796)
4(4696 4806 4807 4697)
4(4795 4796 4807 4806)
4(4687 4698 4808 4797)
4(4697 4807 4808 4698)
4(4796 4797 4808 4807)
4(4688 4699 4809 4798)
4(4698 4808 4809 4699)
4(4797 4798 4809 4808)
4(4699 4809 4810 4700)
4(4798 4799 4810 4809)
4(4689 4700 4810 4799)
4(4691 4702 4812 4801)
4(4701 4811 4812 4702)
4(4800 4801 4812 4811)
4(4692 4703 4813 4802)
4(4702 4812 4813 4703)
4(4801 4802 4813 4812)
4(4693 4704 4814 4803)
4(4703 4813 4814 4704)
4(4802 4803 4814 4813)
4(4694 4705 4815 4804)
4(4704 4814 4815 4705)
4(4803 4804 4815 4814)
4(4695 4706 4816 4805)
4(4705 4815 4816 4706)
4(4804 4805 4816 4815)
4(4696 4707 4817 4806)
4(4706 4816 4817 4707)
4(4805 4806 4817 4816)
4(4697 4708 4818 4807)
4(4707 4817 4818 4708)
4(4806 4807 4818 4817)
4(4698 4709 4819 4808)
4(4708 4818 4819 4709)
4(4807 4808 4819 4818)
4(4699 4710 4820 4809)
4(4709 4819 4820 4710)
4(4808 4809 4820 4819)
4(4710 4820 4821 4711)
4(4809 4810 4821 4820)
4(4700 4711 4821 4810)
4(4702 4713 4823 4812)
4(4712 4822 4823 4713)
4(4811 4812 4823 4822)
4(4703 4714 4824 4813)
4(4713 4823 4824 4714)
4(4812 4813 4824 4823)
4(4704 4715 4825 4814)
4(4714 4824 4825 4715)
4(4813 4814 4825 4824)
4(4705 4716 4826 4815)
4(4715 4825 4826 4716)
4(4814 4815 4826 4825)
4(4706 4717 4827 4816)
4(4716 4826 4827 4717)
4(4815 4816 4827 4826)
4(4707 4718 4828 4817)
4(4717 4827 4828 4718)
4(4816 4817 4828 4827)
4(4708 4719 4829 4818)
4(4718 4828 4829 4719)
4(4817 4818 4829 4828)
4(4709 4720 4830 4819)
4(4719 4829 4830 4720)
4(4818 4819 4830 4829)
4(4710 4721 4831 4820)
4(4720 4830 4831 4721)
4(4819 4820 4831 4830)
4(4721 4831 4832 4722)
4(4820 4821 4832 4831)
4(4711 4722 4832 4821)
4(4713 4724 4834 4823)
4(4723 4833 4834 4724)
4(4822 4823 4834 4833)
4(4714 4725 4835 4824)
4(4724 4834 4835 4725)
4(4823 4824 4835 4834)
4(4715 4726 4836 4825)
4(4725 4835 4836 4726)
4(4824 4825 4836 4835)
4(4716 4727 4837 4826)
4(4726 4836 4837 4727)
4(4825 4826 4837 4836)
4(4717 4728 4838 4827)
4(4727 4837 4838 4728)
4(4826 4827 4838 4837)
4(4718 4729 4839 4828)
4(4728 4838 4839 4729)
4(4827 4828 4839 4838)
4(4719 4730 4840 4829)
4(4729 4839 4840 4730)
4(4828 4829 4840 4839)
4(4720 4731 4841 4830)
4(4730 4840 4841 4731)
4(4829 4830 4841 4840)
4(4721 4732 4842 4831)
4(4731 4841 4842 4732)
4(4830 4831 4842 4841)
4(4732 4842 4843 4733)
4(4831 4832 4843 4842)
4(4722 4733 4843 4832)
4(4724 4735 4845 4834)
4(4734 4844 4845 4735)
4(4833 4834 4845 4844)
4(4725 4736 4846 4835)
4(4735 4845 4846 4736)
4(4834 4835 4846 4845)
4(4726 4737 4847 4836)
4(4736 4846 4847 4737)
4(4835 4836 4847 4846)
4(4727 4738 4848 4837)
4(4737 4847 4848 4738)
4(4836 4837 4848 4847)
4(4728 4739 4849 4838)
4(4738 4848 4849 4739)
4(4837 4838 4849 4848)
4(4729 4740 4850 4839)
4(4739 4849 4850 4740)
4(4838 4839 4850 4849)
4(4730 4741 4851 4840)
4(4740 4850 4851 4741)
4(4839 4840 4851 4850)
4(4731 4742 4852 4841)
4(4741 4851 4852 4742)
4(4840 4841 4852 4851)
4(4732 4743 4853 4842)
4(4742 4852 4853 4743)
4(4841 4842 4853 4852)
4(4743 4853 4854 4744)
4(4842 4843 4854 4853)
4(4733 4744 4854 4843)
4(4735 4746 4856 4845)
4(4745 4855 4856 4746)
4(4844 4845 4856 4855)
4(4736 4747 4857 4846)
4(4746 4856 4857 4747)
4(4845 4846 4857 4856)
4(4737 4748 4858 4847)
4(4747 4857 4858 4748)
4(4846 4847 4858 4857)
4(4738 4749 4859 4848)
4(4748 4858 4859 4749)
4(4847 4848 4859 4858)
4(4739 4750 4860 4849)
4(4749 4859 4860 4750)
4(4848 4849 4860 4859)
4(4740 4751 4861 4850)
4(4750 4860 4861 4751)
4(4849 4850 4861 4860)
4(4741 4752 4862 4851)
4(4751 4861 4862 4752)
4(4850 4851 4862 4861)
4(4742 4753 4863 4852)
4(4752 4862 4863 4753)
4(4851 4852 4863 4862)
4(4743 4754 4864 4853)
4(4753 4863 4864 4754)
4(4852 4853 4864 4863)
4(4754 4864 4865 4755)
4(4853 4854 4865 4864)
4(4744 4755 4865 4854)
4(4746 4757 4867 4856)
4(4756 4866 4867 4757)
4(4855 4856 4867 4866)
4(4747 4758 4868 4857)
4(4757 4867 4868 4758)
4(4856 4857 4868 4867)
4(4748 4759 4869 4858)
4(4758 4868 4869 4759)
4(4857 4858 4869 4868)
4(4749 4760 4870 4859)
4(4759 4869 4870 4760)
4(4858 4859 4870 4869)
4(4750 4761 4871 4860)
4(4760 4870 4871 4761)
4(4859 4860 4871 4870)
4(4751 4762 4872 4861)
4(4761 4871 4872 4762)
4(4860 4861 4872 4871)
4(4752 4763 4873 4862)
4(4762 4872 4873 4763)
4(4861 4862 4873 4872)
4(4753 4764 4874 4863)
4(4763 4873 4874 4764)
4(4862 4863 4874 4873)
4(4754 4765 4875 4864)
4(4764 4874 4875 4765)
4(4863 4864 4875 4874)
4(4765 4875 4876 4766)
4(4864 4865 4876 4875)
4(4755 4766 4876 4865)
4(4757 4768 4878 4867)
4(4866 4867 4878 4877)
4(4758 4769 4879 4868)
4(4867 4868 4879 4878)
4(4759 4770 4880 4869)
4(4868 4869 4880 4879)
4(4760 4771 4881 4870)
4(4869 4870 4881 4880)
4(4761 4772 4882 4871)
4(4870 4871 4882 4881)
4(4762 4773 4883 4872)
4(4871 4872 4883 4882)
4(4763 4774 4884 4873)
4(4872 4873 4884 4883)
4(4764 4775 4885 4874)
4(4873 4874 4885 4884)
4(4765 4776 4886 4875)
4(4874 4875 4886 4885)
4(4875 4876 4887 4886)
4(4766 4777 4887 4876)
4(1162 4779 4889 1239)
4(4778 4888 4889 4779)
4(1238 1239 4889 4888)
4(1163 4780 4890 1240)
4(4779 4889 4890 4780)
4(1239 1240 4890 4889)
4(1164 4781 4891 1241)
4(4780 4890 4891 4781)
4(1240 1241 4891 4890)
4(1165 4782 4892 1242)
4(4781 4891 4892 4782)
4(1241 1242 4892 4891)
4(1166 4783 4893 1243)
4(4782 4892 4893 4783)
4(1242 1243 4893 4892)
4(1167 4784 4894 1244)
4(4783 4893 4894 4784)
4(1243 1244 4894 4893)
4(1168 4785 4895 1245)
4(4784 4894 4895 4785)
4(1244 1245 4895 4894)
4(1169 4786 4896 1246)
4(4785 4895 4896 4786)
4(1245 1246 4896 4895)
4(1170 4787 4897 1247)
4(4786 4896 4897 4787)
4(1246 1247 4897 4896)
4(4787 4897 4898 4788)
4(1247 1248 4898 4897)
4(1171 4788 4898 1248)
4(4779 4790 4900 4889)
4(4789 4899 4900 4790)
4(4888 4889 4900 4899)
4(4780 4791 4901 4890)
4(4790 4900 4901 4791)
4(4889 4890 4901 4900)
4(4781 4792 4902 4891)
4(4791 4901 4902 4792)
4(4890 4891 4902 4901)
4(4782 4793 4903 4892)
4(4792 4902 4903 4793)
4(4891 4892 4903 4902)
4(4783 4794 4904 4893)
4(4793 4903 4904 4794)
4(4892 4893 4904 4903)
4(4784 4795 4905 4894)
4(4794 4904 4905 4795)
4(4893 4894 4905 4904)
4(4785 4796 4906 4895)
4(4795 4905 4906 4796)
4(4894 4895 4906 4905)
4(4786 4797 4907 4896)
4(4796 4906 4907 4797)
4(4895 4896 4907 4906)
4(4787 4798 4908 4897)
4(4797 4907 4908 4798)
4(4896 4897 4908 4907)
4(4798 4908 4909 4799)
4(4897 4898 4909 4908)
4(4788 4799 4909 4898)
4(4790 4801 4911 4900)
4(4800 4910 4911 4801)
4(4899 4900 4911 4910)
4(4791 4802 4912 4901)
4(4801 4911 4912 4802)
4(4900 4901 4912 4911)
4(4792 4803 4913 4902)
4(4802 4912 4913 4803)
4(4901 4902 4913 4912)
4(4793 4804 4914 4903)
4(4803 4913 4914 4804)
4(4902 4903 4914 4913)
4(4794 4805 4915 4904)
4(4804 4914 4915 4805)
4(4903 4904 4915 4914)
4(4795 4806 4916 4905)
4(4805 4915 4916 4806)
4(4904 4905 4916 4915)
4(4796 4807 4917 4906)
4(4806 4916 4917 4807)
4(4905 4906 4917 4916)
4(4797 4808 4918 4907)
4(4807 4917 4918 4808)
4(4906 4907 4918 4917)
4(4798 4809 4919 4908)
4(4808 4918 4919 4809)
4(4907 4908 4919 4918)
4(4809 4919 4920 4810)
4(4908 4909 4920 4919)
4(4799 4810 4920 4909)
4(4801 4812 4922 4911)
4(4811 4921 4922 4812)
4(4910 4911 4922 4921)
4(4802 4813 4923 4912)
4(4812 4922 4923 4813)
4(4911 4912 4923 4922)
4(4803 4814 4924 4913)
4(4813 4923 4924 4814)
4(4912 4913 4924 4923)
4(4804 4815 4925 4914)
4(4814 4924 4925 4815)
4(4913 4914 4925 4924)
4(4805 4816 4926 4915)
4(4815 4925 4926 4816)
4(4914 4915 4926 4925)
4(4806 4817 4927 4916)
4(4816 4926 4927 4817)
4(4915 4916 4927 4926)
4(4807 4818 4928 4917)
4(4817 4927 4928 4818)
4(4916 4917 4928 4927)
4(4808 4819 4929 4918)
4(4818 4928 4929 4819)
4(4917 4918 4929 4928)
4(4809 4820 4930 4919)
4(4819 4929 4930 4820)
4(4918 4919 4930 4929)
4(4820 4930 4931 4821)
4(4919 4920 4931 4930)
4(4810 4821 4931 4920)
4(4812 4823 4933 4922)
4(4822 4932 4933 4823)
4(4921 4922 4933 4932)
4(4813 4824 4934 4923)
4(4823 4933 4934 4824)
4(4922 4923 4934 4933)
4(4814 4825 4935 4924)
4(4824 4934 4935 4825)
4(4923 4924 4935 4934)
4(4815 4826 4936 4925)
4(4825 4935 4936 4826)
4(4924 4925 4936 4935)
4(4816 4827 4937 4926)
4(4826 4936 4937 4827)
4(4925 4926 4937 4936)
4(4817 4828 4938 4927)
4(4827 4937 4938 4828)
4(4926 4927 4938 4937)
4(4818 4829 4939 4928)
4(4828 4938 4939 4829)
4(4927 4928 4939 4938)
4(4819 4830 4940 4929)
4(4829 4939 4940 4830)
4(4928 4929 4940 4939)
4(4820 4831 4941 4930)
4(4830 4940 4941 4831)
4(4929 4930 4941 4940)
4(4831 4941 4942 4832)
4(4930 4931 4942 4941)
4(4821 4832 4942 4931)
4(4823 4834 4944 4933)
4(4833 4943 4944 4834)
4(4932 4933 4944 4943)
4(4824 4835 4945 4934)
4(4834 4944 4945 4835)
4(4933 4934 4945 4944)
4(4825 4836 4946 4935)
4(4835 4945 4946 4836)
4(4934 4935 4946 4945)
4(4826 4837 4947 4936)
4(4836 4946 4947 4837)
4(4935 4936 4947 4946)
4(4827 4838 4948 4937)
4(4837 4947 4948 4838)
4(4936 4937 4948 4947)
4(4828 4839 4949 4938)
4(4838 4948 4949 4839)
4(4937 4938 4949 4948)
4(4829 4840 4950 4939)
4(4839 4949 4950 4840)
4(4938 4939 4950 4949)
4(4830 4841 4951 4940)
4(4840 4950 4951 4841)
4(4939 4940 4951 4950)
4(4831 4842 4952 4941)
4(4841 4951 4952 4842)
4(4940 4941 4952 4951)
4(4842 4952 4953 4843)
4(4941 4942 4953 4952)
4(4832 4843 4953 4942)
4(4834 4845 4955 4944)
4(4844 4954 4955 4845)
4(4943 4944 4955 4954)
4(4835 4846 4956 4945)
4(4845 4955 4956 4846)
4(4944 4945 4956 4955)
4(4836 4847 4957 4946)
4(4846 4956 4957 4847)
4(4945 4946 4957 4956)
4(4837 4848 4958 4947)
4(4847 4957 4958 4848)
4(4946 4947 4958 4957)
4(4838 4849 4959 4948)
4(4848 4958 4959 4849)
4(4947 4948 4959 4958)
4(4839 4850 4960 4949)
4(4849 4959 4960 4850)
4(4948 4949 4960 4959)
4(4840 4851 4961 4950)
4(4850 4960 4961 4851)
4(4949 4950 4961 4960)
4(4841 4852 4962 4951)
4(4851 4961 4962 4852)
4(4950 4951 4962 4961)
4(4842 4853 4963 4952)
4(4852 4962 4963 4853)
4(4951 4952 4963 4962)
4(4853 4963 4964 4854)
4(4952 4953 4964 4963)
4(4843 4854 4964 4953)
4(4845 4856 4966 4955)
4(4855 4965 4966 4856)
4(4954 4955 4966 4965)
4(4846 4857 4967 4956)
4(4856 4966 4967 4857)
4(4955 4956 4967 4966)
4(4847 4858 4968 4957)
4(4857 4967 4968 4858)
4(4956 4957 4968 4967)
4(4848 4859 4969 4958)
4(4858 4968 4969 4859)
4(4957 4958 4969 4968)
4(4849 4860 4970 4959)
4(4859 4969 4970 4860)
4(4958 4959 4970 4969)
4(4850 4861 4971 4960)
4(4860 4970 4971 4861)
4(4959 4960 4971 4970)
4(4851 4862 4972 4961)
4(4861 4971 4972 4862)
4(4960 4961 4972 4971)
4(4852 4863 4973 4962)
4(4862 4972 4973 4863)
4(4961 4962 4973 4972)
4(4853 4864 4974 4963)
4(4863 4973 4974 4864)
4(4962 4963 4974 4973)
4(4864 4974 4975 4865)
4(4963 4964 4975 4974)
4(4854 4865 4975 4964)
4(4856 4867 4977 4966)
4(4866 4976 4977 4867)
4(4965 4966 4977 4976)
4(4857 4868 4978 4967)
4(4867 4977 4978 4868)
4(4966 4967 4978 4977)
4(4858 4869 4979 4968)
4(4868 4978 4979 4869)
4(4967 4968 4979 4978)
4(4859 4870 4980 4969)
4(4869 4979 4980 4870)
4(4968 4969 4980 4979)
4(4860 4871 4981 4970)
4(4870 4980 4981 4871)
4(4969 4970 4981 4980)
4(4861 4872 4982 4971)
4(4871 4981 4982 4872)
4(4970 4971 4982 4981)
4(4862 4873 4983 4972)
4(4872 4982 4983 4873)
4(4971 4972 4983 4982)
4(4863 4874 4984 4973)
4(4873 4983 4984 4874)
4(4972 4973 4984 4983)
4(4864 4875 4985 4974)
4(4874 4984 4985 4875)
4(4973 4974 4985 4984)
4(4875 4985 4986 4876)
4(4974 4975 4986 4985)
4(4865 4876 4986 4975)
4(4867 4878 4988 4977)
4(4976 4977 4988 4987)
4(4868 4879 4989 4978)
4(4977 4978 4989 4988)
4(4869 4880 4990 4979)
4(4978 4979 4990 4989)
4(4870 4881 4991 4980)
4(4979 4980 4991 4990)
4(4871 4882 4992 4981)
4(4980 4981 4992 4991)
4(4872 4883 4993 4982)
4(4981 4982 4993 4992)
4(4873 4884 4994 4983)
4(4982 4983 4994 4993)
4(4874 4885 4995 4984)
4(4983 4984 4995 4994)
4(4875 4886 4996 4985)
4(4984 4985 4996 4995)
4(4985 4986 4997 4996)
4(4876 4887 4997 4986)
4(1239 4889 4999 1316)
4(4888 4998 4999 4889)
4(1315 1316 4999 4998)
4(1240 4890 5000 1317)
4(4889 4999 5000 4890)
4(1316 1317 5000 4999)
4(1241 4891 5001 1318)
4(4890 5000 5001 4891)
4(1317 1318 5001 5000)
4(1242 4892 5002 1319)
4(4891 5001 5002 4892)
4(1318 1319 5002 5001)
4(1243 4893 5003 1320)
4(4892 5002 5003 4893)
4(1319 1320 5003 5002)
4(1244 4894 5004 1321)
4(4893 5003 5004 4894)
4(1320 1321 5004 5003)
4(1245 4895 5005 1322)
4(4894 5004 5005 4895)
4(1321 1322 5005 5004)
4(1246 4896 5006 1323)
4(4895 5005 5006 4896)
4(1322 1323 5006 5005)
4(1247 4897 5007 1324)
4(4896 5006 5007 4897)
4(1323 1324 5007 5006)
4(4897 5007 5008 4898)
4(1324 1325 5008 5007)
4(1248 4898 5008 1325)
4(4889 4900 5010 4999)
4(4899 5009 5010 4900)
4(4998 4999 5010 5009)
4(4890 4901 5011 5000)
4(4900 5010 5011 4901)
4(4999 5000 5011 5010)
4(4891 4902 5012 5001)
4(4901 5011 5012 4902)
4(5000 5001 5012 5011)
4(4892 4903 5013 5002)
4(4902 5012 5013 4903)
4(5001 5002 5013 5012)
4(4893 4904 5014 5003)
4(4903 5013 5014 4904)
4(5002 5003 5014 5013)
4(4894 4905 5015 5004)
4(4904 5014 5015 4905)
4(5003 5004 5015 5014)
4(4895 4906 5016 5005)
4(4905 5015 5016 4906)
4(5004 5005 5016 5015)
4(4896 4907 5017 5006)
4(4906 5016 5017 4907)
4(5005 5006 5017 5016)
4(4897 4908 5018 5007)
4(4907 5017 5018 4908)
4(5006 5007 5018 5017)
4(4908 5018 5019 4909)
4(5007 5008 5019 5018)
4(4898 4909 5019 5008)
4(4900 4911 5021 5010)
4(4910 5020 5021 4911)
4(5009 5010 5021 5020)
4(4901 4912 5022 5011)
4(4911 5021 5022 4912)
4(5010 5011 5022 5021)
4(4902 4913 5023 5012)
4(4912 5022 5023 4913)
4(5011 5012 5023 5022)
4(4903 4914 5024 5013)
4(4913 5023 5024 4914)
4(5012 5013 5024 5023)
4(4904 4915 5025 5014)
4(4914 5024 5025 4915)
4(5013 5014 5025 5024)
4(4905 4916 5026 5015)
4(4915 5025 5026 4916)
4(5014 5015 5026 5025)
4(4906 4917 5027 5016)
4(4916 5026 5027 4917)
4(5015 5016 5027 5026)
4(4907 4918 5028 5017)
4(4917 5027 5028 4918)
4(5016 5017 5028 5027)
4(4908 4919 5029 5018)
4(4918 5028 5029 4919)
4(5017 5018 5029 5028)
4(4919 5029 5030 4920)
4(5018 5019 5030 5029)
4(4909 4920 5030 5019)
4(4911 4922 5032 5021)
4(4921 5031 5032 4922)
4(5020 5021 5032 5031)
4(4912 4923 5033 5022)
4(4922 5032 5033 4923)
4(5021 5022 5033 5032)
4(4913 4924 5034 5023)
4(4923 5033 5034 4924)
4(5022 5023 5034 5033)
4(4914 4925 5035 5024)
4(4924 5034 5035 4925)
4(5023 5024 5035 5034)
4(4915 4926 5036 5025)
4(4925 5035 5036 4926)
4(5024 5025 5036 5035)
4(4916 4927 5037 5026)
4(4926 5036 5037 4927)
4(5025 5026 5037 5036)
4(4917 4928 5038 5027)
4(4927 5037 5038 4928)
4(5026 5027 5038 5037)
4(4918 4929 5039 5028)
4(4928 5038 5039 4929)
4(5027 5028 5039 5038)
4(4919 4930 5040 5029)
4(4929 5039 5040 4930)
4(5028 5029 5040 5039)
4(4930 5040 5041 4931)
4(5029 5030 5041 5040)
4(4920 4931 5041 5030)
4(4922 4933 5043 5032)
4(4932 5042 5043 4933)
4(5031 5032 5043 5042)
4(4923 4934 5044 5033)
4(4933 5043 5044 4934)
4(5032 5033 5044 5043)
4(4924 4935 5045 5034)
4(4934 5044 5045 4935)
4(5033 5034 5045 5044)
4(4925 4936 5046 5035)
4(4935 5045 5046 4936)
4(5034 5035 5046 5045)
4(4926 4937 5047 5036)
4(4936 5046 5047 4937)
4(5035 5036 5047 5046)
4(4927 4938 5048 5037)
4(4937 5047 5048 4938)
4(5036 5037 5048 5047)
4(4928 4939 5049 5038)
4(4938 5048 5049 4939)
4(5037 5038 5049 5048)
4(4929 4940 5050 5039)
4(4939 5049 5050 4940)
4(5038 5039 5050 5049)
4(4930 4941 5051 5040)
4(4940 5050 5051 4941)
4(5039 5040 5051 5050)
4(4941 5051 5052 4942)
4(5040 5041 5052 5051)
4(4931 4942 5052 5041)
4(4933 4944 5054 5043)
4(4943 5053 5054 4944)
4(5042 5043 5054 5053)
4(4934 4945 5055 5044)
4(4944 5054 5055 4945)
4(5043 5044 5055 5054)
4(4935 4946 5056 5045)
4(4945 5055 5056 4946)
4(5044 5045 5056 5055)
4(4936 4947 5057 5046)
4(4946 5056 5057 4947)
4(5045 5046 5057 5056)
4(4937 4948 5058 5047)
4(4947 5057 5058 4948)
4(5046 5047 5058 5057)
4(4938 4949 5059 5048)
4(4948 5058 5059 4949)
4(5047 5048 5059 5058)
4(4939 4950 5060 5049)
4(4949 5059 5060 4950)
4(5048 5049 5060 5059)
4(4940 4951 5061 5050)
4(4950 5060 5061 4951)
4(5049 5050 5061 5060)
4(4941 4952 5062 5051)
4(4951 5061 5062 4952)
4(5050 5051 5062 5061)
4(4952 5062 5063 4953)
4(5051 5052 5063 5062)
4(4942 4953 5063 5052)
4(4944 4955 5065 5054)
4(4954 5064 5065 4955)
4(5053 5054 5065 5064)
4(4945 4956 5066 5055)
4(4955 5065 5066 4956)
4(5054 5055 5066 5065)
4(4946 4957 5067 5056)
4(4956 5066 5067 4957)
4(5055 5056 5067 5066)
4(4947 4958 5068 5057)
4(4957 5067 5068 4958)
4(5056 5057 5068 5067)
4(4948 4959 5069 5058)
4(4958 5068 5069 4959)
4(5057 5058 5069 5068)
4(4949 4960 5070 5059)
4(4959 5069 5070 4960)
4(5058 5059 5070 5069)
4(4950 4961 5071 5060)
4(4960 5070 5071 4961)
4(5059 5060 5071 5070)
4(4951 4962 5072 5061)
4(4961 5071 5072 4962)
4(5060 5061 5072 5071)
4(4952 4963 5073 5062)
4(4962 5072 5073 4963)
4(5061 5062 5073 5072)
4(4963 5073 5074 4964)
4(5062 5063 5074 5073)
4(4953 4964 5074 5063)
4(4955 4966 5076 5065)
4(4965 5075 5076 4966)
4(5064 5065 5076 5075)
4(4956 4967 5077 5066)
4(4966 5076 5077 4967)
4(5065 5066 5077 5076)
4(4957 4968 5078 5067)
4(4967 5077 5078 4968)
4(5066 5067 5078 5077)
4(4958 4969 5079 5068)
4(4968 5078 5079 4969)
4(5067 5068 5079 5078)
4(4959 4970 5080 5069)
4(4969 5079 5080 4970)
4(5068 5069 5080 5079)
4(4960 4971 5081 5070)
4(4970 5080 5081 4971)
4(5069 5070 5081 5080)
4(4961 4972 5082 5071)
4(4971 5081 5082 4972)
4(5070 5071 5082 5081)
4(4962 4973 5083 5072)
4(4972 5082 5083 4973)
4(5071 5072 5083 5082)
4(4963 4974 5084 5073)
4(4973 5083 5084 4974)
4(5072 5073 5084 5083)
4(4974 5084 5085 4975)
4(5073 5074 5085 5084)
4(4964 4975 5085 5074)
4(4966 4977 5087 5076)
4(4976 5086 5087 4977)
4(5075 5076 5087 5086)
4(4967 4978 5088 5077)
4(4977 5087 5088 4978)
4(5076 5077 5088 5087)
4(4968 4979 5089 5078)
4(4978 5088 5089 4979)
4(5077 5078 5089 5088)
4(4969 4980 5090 5079)
4(4979 5089 5090 4980)
4(5078 5079 5090 5089)
4(4970 4981 5091 5080)
4(4980 5090 5091 4981)
4(5079 5080 5091 5090)
4(4971 4982 5092 5081)
4(4981 5091 5092 4982)
4(5080 5081 5092 5091)
4(4972 4983 5093 5082)
4(4982 5092 5093 4983)
4(5081 5082 5093 5092)
4(4973 4984 5094 5083)
4(4983 5093 5094 4984)
4(5082 5083 5094 5093)
4(4974 4985 5095 5084)
4(4984 5094 5095 4985)
4(5083 5084 5095 5094)
4(4985 5095 5096 4986)
4(5084 5085 5096 5095)
4(4975 4986 5096 5085)
4(4977 4988 5098 5087)
4(5086 5087 5098 5097)
4(4978 4989 5099 5088)
4(5087 5088 5099 5098)
4(4979 4990 5100 5089)
4(5088 5089 5100 5099)
4(4980 4991 5101 5090)
4(5089 5090 5101 5100)
4(4981 4992 5102 5091)
4(5090 5091 5102 5101)
4(4982 4993 5103 5092)
4(5091 5092 5103 5102)
4(4983 4994 5104 5093)
4(5092 5093 5104 5103)
4(4984 4995 5105 5094)
4(5093 5094 5105 5104)
4(4985 4996 5106 5095)
4(5094 5095 5106 5105)
4(5095 5096 5107 5106)
4(4986 4997 5107 5096)
4(1316 4999 5109 1393)
4(4998 5108 5109 4999)
4(1392 1393 5109 5108)
4(1317 5000 5110 1394)
4(4999 5109 5110 5000)
4(1393 1394 5110 5109)
4(1318 5001 5111 1395)
4(5000 5110 5111 5001)
4(1394 1395 5111 5110)
4(1319 5002 5112 1396)
4(5001 5111 5112 5002)
4(1395 1396 5112 5111)
4(1320 5003 5113 1397)
4(5002 5112 5113 5003)
4(1396 1397 5113 5112)
4(1321 5004 5114 1398)
4(5003 5113 5114 5004)
4(1397 1398 5114 5113)
4(1322 5005 5115 1399)
4(5004 5114 5115 5005)
4(1398 1399 5115 5114)
4(1323 5006 5116 1400)
4(5005 5115 5116 5006)
4(1399 1400 5116 5115)
4(1324 5007 5117 1401)
4(5006 5116 5117 5007)
4(1400 1401 5117 5116)
4(5007 5117 5118 5008)
4(1401 1402 5118 5117)
4(1325 5008 5118 1402)
4(4999 5010 5120 5109)
4(5009 5119 5120 5010)
4(5108 5109 5120 5119)
4(5000 5011 5121 5110)
4(5010 5120 5121 5011)
4(5109 5110 5121 5120)
4(5001 5012 5122 5111)
4(5011 5121 5122 5012)
4(5110 5111 5122 5121)
4(5002 5013 5123 5112)
4(5012 5122 5123 5013)
4(5111 5112 5123 5122)
4(5003 5014 5124 5113)
4(5013 5123 5124 5014)
4(5112 5113 5124 5123)
4(5004 5015 5125 5114)
4(5014 5124 5125 5015)
4(5113 5114 5125 5124)
4(5005 5016 5126 5115)
4(5015 5125 5126 5016)
4(5114 5115 5126 5125)
4(5006 5017 5127 5116)
4(5016 5126 5127 5017)
4(5115 5116 5127 5126)
4(5007 5018 5128 5117)
4(5017 5127 5128 5018)
4(5116 5117 5128 5127)
4(5018 5128 5129 5019)
4(5117 5118 5129 5128)
4(5008 5019 5129 5118)
4(5010 5021 5131 5120)
4(5020 5130 5131 5021)
4(5119 5120 5131 5130)
4(5011 5022 5132 5121)
4(5021 5131 5132 5022)
4(5120 5121 5132 5131)
4(5012 5023 5133 5122)
4(5022 5132 5133 5023)
4(5121 5122 5133 5132)
4(5013 5024 5134 5123)
4(5023 5133 5134 5024)
4(5122 5123 5134 5133)
4(5014 5025 5135 5124)
4(5024 5134 5135 5025)
4(5123 5124 5135 5134)
4(5015 5026 5136 5125)
4(5025 5135 5136 5026)
4(5124 5125 5136 5135)
4(5016 5027 5137 5126)
4(5026 5136 5137 5027)
4(5125 5126 5137 5136)
4(5017 5028 5138 5127)
4(5027 5137 5138 5028)
4(5126 5127 5138 5137)
4(5018 5029 5139 5128)
4(5028 5138 5139 5029)
4(5127 5128 5139 5138)
4(5029 5139 5140 5030)
4(5128 5129 5140 5139)
4(5019 5030 5140 5129)
4(5021 5032 5142 5131)
4(5031 5141 5142 5032)
4(5130 5131 5142 5141)
4(5022 5033 5143 5132)
4(5032 5142 5143 5033)
4(5131 5132 5143 5142)
4(5023 5034 5144 5133)
4(5033 5143 5144 5034)
4(5132 5133 5144 5143)
4(5024 5035 5145 5134)
4(5034 5144 5145 5035)
4(5133 5134 5145 5144)
4(5025 5036 5146 5135)
4(5035 5145 5146 5036)
4(5134 5135 5146 5145)
4(5026 5037 5147 5136)
4(5036 5146 5147 5037)
4(5135 5136 5147 5146)
4(5027 5038 5148 5137)
4(5037 5147 5148 5038)
4(5136 5137 5148 5147)
4(5028 5039 5149 5138)
4(5038 5148 5149 5039)
4(5137 5138 5149 5148)
4(5029 5040 5150 5139)
4(5039 5149 5150 5040)
4(5138 5139 5150 5149)
4(5040 5150 5151 5041)
4(5139 5140 5151 5150)
4(5030 5041 5151 5140)
4(5032 5043 5153 5142)
4(5042 5152 5153 5043)
4(5141 5142 5153 5152)
4(5033 5044 5154 5143)
4(5043 5153 5154 5044)
4(5142 5143 5154 5153)
4(5034 5045 5155 5144)
4(5044 5154 5155 5045)
4(5143 5144 5155 5154)
4(5035 5046 5156 5145)
4(5045 5155 5156 5046)
4(5144 5145 5156 5155)
4(5036 5047 5157 5146)
4(5046 5156 5157 5047)
4(5145 5146 5157 5156)
4(5037 5048 5158 5147)
4(5047 5157 5158 5048)
4(5146 5147 5158 5157)
4(5038 5049 5159 5148)
4(5048 5158 5159 5049)
4(5147 5148 5159 5158)
4(5039 5050 5160 5149)
4(5049 5159 5160 5050)
4(5148 5149 5160 5159)
4(5040 5051 5161 5150)
4(5050 5160 5161 5051)
4(5149 5150 5161 5160)
4(5051 5161 5162 5052)
4(5150 5151 5162 5161)
4(5041 5052 5162 5151)
4(5043 5054 5164 5153)
4(5053 5163 5164 5054)
4(5152 5153 5164 5163)
4(5044 5055 5165 5154)
4(5054 5164 5165 5055)
4(5153 5154 5165 5164)
4(5045 5056 5166 5155)
4(5055 5165 5166 5056)
4(5154 5155 5166 5165)
4(5046 5057 5167 5156)
4(5056 5166 5167 5057)
4(5155 5156 5167 5166)
4(5047 5058 5168 5157)
4(5057 5167 5168 5058)
4(5156 5157 5168 5167)
4(5048 5059 5169 5158)
4(5058 5168 5169 5059)
4(5157 5158 5169 5168)
4(5049 5060 5170 5159)
4(5059 5169 5170 5060)
4(5158 5159 5170 5169)
4(5050 5061 5171 5160)
4(5060 5170 5171 5061)
4(5159 5160 5171 5170)
4(5051 5062 5172 5161)
4(5061 5171 5172 5062)
4(5160 5161 5172 5171)
4(5062 5172 5173 5063)
4(5161 5162 5173 5172)
4(5052 5063 5173 5162)
4(5054 5065 5175 5164)
4(5064 5174 5175 5065)
4(5163 5164 5175 5174)
4(5055 5066 5176 5165)
4(5065 5175 5176 5066)
4(5164 5165 5176 5175)
4(5056 5067 5177 5166)
4(5066 5176 5177 5067)
4(5165 5166 5177 5176)
4(5057 5068 5178 5167)
4(5067 5177 5178 5068)
4(5166 5167 5178 5177)
4(5058 5069 5179 5168)
4(5068 5178 5179 5069)
4(5167 5168 5179 5178)
4(5059 5070 5180 5169)
4(5069 5179 5180 5070)
4(5168 5169 5180 5179)
4(5060 5071 5181 5170)
4(5070 5180 5181 5071)
4(5169 5170 5181 5180)
4(5061 5072 5182 5171)
4(5071 5181 5182 5072)
4(5170 5171 5182 5181)
4(5062 5073 5183 5172)
4(5072 5182 5183 5073)
4(5171 5172 5183 5182)
4(5073 5183 5184 5074)
4(5172 5173 5184 5183)
4(5063 5074 5184 5173)
4(5065 5076 5186 5175)
4(5075 5185 5186 5076)
4(5174 5175 5186 5185)
4(5066 5077 5187 5176)
4(5076 5186 5187 5077)
4(5175 5176 5187 5186)
4(5067 5078 5188 5177)
4(5077 5187 5188 5078)
4(5176 5177 5188 5187)
4(5068 5079 5189 5178)
4(5078 5188 5189 5079)
4(5177 5178 5189 5188)
4(5069 5080 5190 5179)
4(5079 5189 5190 5080)
4(5178 5179 5190 5189)
4(5070 5081 5191 5180)
4(5080 5190 5191 5081)
4(5179 5180 5191 5190)
4(5071 5082 5192 5181)
4(5081 5191 5192 5082)
4(5180 5181 5192 5191)
4(5072 5083 5193 5182)
4(5082 5192 5193 5083)
4(5181 5182 5193 5192)
4(5073 5084 5194 5183)
4(5083 5193 5194 5084)
4(5182 5183 5194 5193)
4(5084 5194 5195 5085)
4(5183 5184 5195 5194)
4(5074 5085 5195 5184)
4(5076 5087 5197 5186)
4(5086 5196 5197 5087)
4(5185 5186 5197 5196)
4(5077 5088 5198 5187)
4(5087 5197 5198 5088)
4(5186 5187 5198 5197)
4(5078 5089 5199 5188)
4(5088 5198 5199 5089)
4(5187 5188 5199 5198)
4(5079 5090 5200 5189)
4(5089 5199 5200 5090)
4(5188 5189 5200 5199)
4(5080 5091 5201 5190)
4(5090 5200 5201 5091)
4(5189 5190 5201 5200)
4(5081 5092 5202 5191)
4(5091 5201 5202 5092)
4(5190 5191 5202 5201)
4(5082 5093 5203 5192)
4(5092 5202 5203 5093)
4(5191 5192 5203 5202)
4(5083 5094 5204 5193)
4(5093 5203 5204 5094)
4(5192 5193 5204 5203)
4(5084 5095 5205 5194)
4(5094 5204 5205 5095)
4(5193 5194 5205 5204)
4(5095 5205 5206 5096)
4(5194 5195 5206 5205)
4(5085 5096 5206 5195)
4(5087 5098 5208 5197)
4(5196 5197 5208 5207)
4(5088 5099 5209 5198)
4(5197 5198 5209 5208)
4(5089 5100 5210 5199)
4(5198 5199 5210 5209)
4(5090 5101 5211 5200)
4(5199 5200 5211 5210)
4(5091 5102 5212 5201)
4(5200 5201 5212 5211)
4(5092 5103 5213 5202)
4(5201 5202 5213 5212)
4(5093 5104 5214 5203)
4(5202 5203 5214 5213)
4(5094 5105 5215 5204)
4(5203 5204 5215 5214)
4(5095 5106 5216 5205)
4(5204 5205 5216 5215)
4(5205 5206 5217 5216)
4(5096 5107 5217 5206)
4(1393 5109 5219 1470)
4(5108 5218 5219 5109)
4(1469 1470 5219 5218)
4(1394 5110 5220 1471)
4(5109 5219 5220 5110)
4(1470 1471 5220 5219)
4(1395 5111 5221 1472)
4(5110 5220 5221 5111)
4(1471 1472 5221 5220)
4(1396 5112 5222 1473)
4(5111 5221 5222 5112)
4(1472 1473 5222 5221)
4(1397 5113 5223 1474)
4(5112 5222 5223 5113)
4(1473 1474 5223 5222)
4(1398 5114 5224 1475)
4(5113 5223 5224 5114)
4(1474 1475 5224 5223)
4(1399 5115 5225 1476)
4(5114 5224 5225 5115)
4(1475 1476 5225 5224)
4(1400 5116 5226 1477)
4(5115 5225 5226 5116)
4(1476 1477 5226 5225)
4(1401 5117 5227 1478)
4(5116 5226 5227 5117)
4(1477 1478 5227 5226)
4(5117 5227 5228 5118)
4(1478 1479 5228 5227)
4(1402 5118 5228 1479)
4(5109 5120 5230 5219)
4(5119 5229 5230 5120)
4(5218 5219 5230 5229)
4(5110 5121 5231 5220)
4(5120 5230 5231 5121)
4(5219 5220 5231 5230)
4(5111 5122 5232 5221)
4(5121 5231 5232 5122)
4(5220 5221 5232 5231)
4(5112 5123 5233 5222)
4(5122 5232 5233 5123)
4(5221 5222 5233 5232)
4(5113 5124 5234 5223)
4(5123 5233 5234 5124)
4(5222 5223 5234 5233)
4(5114 5125 5235 5224)
4(5124 5234 5235 5125)
4(5223 5224 5235 5234)
4(5115 5126 5236 5225)
4(5125 5235 5236 5126)
4(5224 5225 5236 5235)
4(5116 5127 5237 5226)
4(5126 5236 5237 5127)
4(5225 5226 5237 5236)
4(5117 5128 5238 5227)
4(5127 5237 5238 5128)
4(5226 5227 5238 5237)
4(5128 5238 5239 5129)
4(5227 5228 5239 5238)
4(5118 5129 5239 5228)
4(5120 5131 5241 5230)
4(5130 5240 5241 5131)
4(5229 5230 5241 5240)
4(5121 5132 5242 5231)
4(5131 5241 5242 5132)
4(5230 5231 5242 5241)
4(5122 5133 5243 5232)
4(5132 5242 5243 5133)
4(5231 5232 5243 5242)
4(5123 5134 5244 5233)
4(5133 5243 5244 5134)
4(5232 5233 5244 5243)
4(5124 5135 5245 5234)
4(5134 5244 5245 5135)
4(5233 5234 5245 5244)
4(5125 5136 5246 5235)
4(5135 5245 5246 5136)
4(5234 5235 5246 5245)
4(5126 5137 5247 5236)
4(5136 5246 5247 5137)
4(5235 5236 5247 5246)
4(5127 5138 5248 5237)
4(5137 5247 5248 5138)
4(5236 5237 5248 5247)
4(5128 5139 5249 5238)
4(5138 5248 5249 5139)
4(5237 5238 5249 5248)
4(5139 5249 5250 5140)
4(5238 5239 5250 5249)
4(5129 5140 5250 5239)
4(5131 5142 5252 5241)
4(5141 5251 5252 5142)
4(5240 5241 5252 5251)
4(5132 5143 5253 5242)
4(5142 5252 5253 5143)
4(5241 5242 5253 5252)
4(5133 5144 5254 5243)
4(5143 5253 5254 5144)
4(5242 5243 5254 5253)
4(5134 5145 5255 5244)
4(5144 5254 5255 5145)
4(5243 5244 5255 5254)
4(5135 5146 5256 5245)
4(5145 5255 5256 5146)
4(5244 5245 5256 5255)
4(5136 5147 5257 5246)
4(5146 5256 5257 5147)
4(5245 5246 5257 5256)
4(5137 5148 5258 5247)
4(5147 5257 5258 5148)
4(5246 5247 5258 5257)
4(5138 5149 5259 5248)
4(5148 5258 5259 5149)
4(5247 5248 5259 5258)
4(5139 5150 5260 5249)
4(5149 5259 5260 5150)
4(5248 5249 5260 5259)
4(5150 5260 5261 5151)
4(5249 5250 5261 5260)
4(5140 5151 5261 5250)
4(5142 5153 5263 5252)
4(5152 5262 5263 5153)
4(5251 5252 5263 5262)
4(5143 5154 5264 5253)
4(5153 5263 5264 5154)
4(5252 5253 5264 5263)
4(5144 5155 5265 5254)
4(5154 5264 5265 5155)
4(5253 5254 5265 5264)
4(5145 5156 5266 5255)
4(5155 5265 5266 5156)
4(5254 5255 5266 5265)
4(5146 5157 5267 5256)
4(5156 5266 5267 5157)
4(5255 5256 5267 5266)
4(5147 5158 5268 5257)
4(5157 5267 5268 5158)
4(5256 5257 5268 5267)
4(5148 5159 5269 5258)
4(5158 5268 5269 5159)
4(5257 5258 5269 5268)
4(5149 5160 5270 5259)
4(5159 5269 5270 5160)
4(5258 5259 5270 5269)
4(5150 5161 5271 5260)
4(5160 5270 5271 5161)
4(5259 5260 5271 5270)
4(5161 5271 5272 5162)
4(5260 5261 5272 5271)
4(5151 5162 5272 5261)
4(5153 5164 5274 5263)
4(5163 5273 5274 5164)
4(5262 5263 5274 5273)
4(5154 5165 5275 5264)
4(5164 5274 5275 5165)
4(5263 5264 5275 5274)
4(5155 5166 5276 5265)
4(5165 5275 5276 5166)
4(5264 5265 5276 5275)
4(5156 5167 5277 5266)
4(5166 5276 5277 5167)
4(5265 5266 5277 5276)
4(5157 5168 5278 5267)
4(5167 5277 5278 5168)
4(5266 5267 5278 5277)
4(5158 5169 5279 5268)
4(5168 5278 5279 5169)
4(5267 5268 5279 5278)
4(5159 5170 5280 5269)
4(5169 5279 5280 5170)
4(5268 5269 5280 5279)
4(5160 5171 5281 5270)
4(5170 5280 5281 5171)
4(5269 5270 5281 5280)
4(5161 5172 5282 5271)
4(5171 5281 5282 5172)
4(5270 5271 5282 5281)
4(5172 5282 5283 5173)
4(5271 5272 5283 5282)
4(5162 5173 5283 5272)
4(5164 5175 5285 5274)
4(5174 5284 5285 5175)
4(5273 5274 5285 5284)
4(5165 5176 5286 5275)
4(5175 5285 5286 5176)
4(5274 5275 5286 5285)
4(5166 5177 5287 5276)
4(5176 5286 5287 5177)
4(5275 5276 5287 5286)
4(5167 5178 5288 5277)
4(5177 5287 5288 5178)
4(5276 5277 5288 5287)
4(5168 5179 5289 5278)
4(5178 5288 5289 5179)
4(5277 5278 5289 5288)
4(5169 5180 5290 5279)
4(5179 5289 5290 5180)
4(5278 5279 5290 5289)
4(5170 5181 5291 5280)
4(5180 5290 5291 5181)
4(5279 5280 5291 5290)
4(5171 5182 5292 5281)
4(5181 5291 5292 5182)
4(5280 5281 5292 5291)
4(5172 5183 5293 5282)
4(5182 5292 5293 5183)
4(5281 5282 5293 5292)
4(5183 5293 5294 5184)
4(5282 5283 5294 5293)
4(5173 5184 5294 5283)
4(5175 5186 5296 5285)
4(5185 5295 5296 5186)
4(5284 5285 5296 5295)
4(5176 5187 5297 5286)
4(5186 5296 5297 5187)
4(5285 5286 5297 5296)
4(5177 5188 5298 5287)
4(5187 5297 5298 5188)
4(5286 5287 5298 5297)
4(5178 5189 5299 5288)
4(5188 5298 5299 5189)
4(5287 5288 5299 5298)
4(5179 5190 5300 5289)
4(5189 5299 5300 5190)
4(5288 5289 5300 5299)
4(5180 5191 5301 5290)
4(5190 5300 5301 5191)
4(5289 5290 5301 5300)
4(5181 5192 5302 5291)
4(5191 5301 5302 5192)
4(5290 5291 5302 5301)
4(5182 5193 5303 5292)
4(5192 5302 5303 5193)
4(5291 5292 5303 5302)
4(5183 5194 5304 5293)
4(5193 5303 5304 5194)
4(5292 5293 5304 5303)
4(5194 5304 5305 5195)
4(5293 5294 5305 5304)
4(5184 5195 5305 5294)
4(5186 5197 5307 5296)
4(5196 5306 5307 5197)
4(5295 5296 5307 5306)
4(5187 5198 5308 5297)
4(5197 5307 5308 5198)
4(5296 5297 5308 5307)
4(5188 5199 5309 5298)
4(5198 5308 5309 5199)
4(5297 5298 5309 5308)
4(5189 5200 5310 5299)
4(5199 5309 5310 5200)
4(5298 5299 5310 5309)
4(5190 5201 5311 5300)
4(5200 5310 5311 5201)
4(5299 5300 5311 5310)
4(5191 5202 5312 5301)
4(5201 5311 5312 5202)
4(5300 5301 5312 5311)
4(5192 5203 5313 5302)
4(5202 5312 5313 5203)
4(5301 5302 5313 5312)
4(5193 5204 5314 5303)
4(5203 5313 5314 5204)
4(5302 5303 5314 5313)
4(5194 5205 5315 5304)
4(5204 5314 5315 5205)
4(5303 5304 5315 5314)
4(5205 5315 5316 5206)
4(5304 5305 5316 5315)
4(5195 5206 5316 5305)
4(5197 5208 5318 5307)
4(5306 5307 5318 5317)
4(5198 5209 5319 5308)
4(5307 5308 5319 5318)
4(5199 5210 5320 5309)
4(5308 5309 5320 5319)
4(5200 5211 5321 5310)
4(5309 5310 5321 5320)
4(5201 5212 5322 5311)
4(5310 5311 5322 5321)
4(5202 5213 5323 5312)
4(5311 5312 5323 5322)
4(5203 5214 5324 5313)
4(5312 5313 5324 5323)
4(5204 5215 5325 5314)
4(5313 5314 5325 5324)
4(5205 5216 5326 5315)
4(5314 5315 5326 5325)
4(5315 5316 5327 5326)
4(5206 5217 5327 5316)
4(1470 5219 5329 1547)
4(5218 5328 5329 5219)
4(1546 1547 5329 5328)
4(1471 5220 5330 1548)
4(5219 5329 5330 5220)
4(1547 1548 5330 5329)
4(1472 5221 5331 1549)
4(5220 5330 5331 5221)
4(1548 1549 5331 5330)
4(1473 5222 5332 1550)
4(5221 5331 5332 5222)
4(1549 1550 5332 5331)
4(1474 5223 5333 1551)
4(5222 5332 5333 5223)
4(1550 1551 5333 5332)
4(1475 5224 5334 1552)
4(5223 5333 5334 5224)
4(1551 1552 5334 5333)
4(1476 5225 5335 1553)
4(5224 5334 5335 5225)
4(1552 1553 5335 5334)
4(1477 5226 5336 1554)
4(5225 5335 5336 5226)
4(1553 1554 5336 5335)
4(1478 5227 5337 1555)
4(5226 5336 5337 5227)
4(1554 1555 5337 5336)
4(5227 5337 5338 5228)
4(1555 1556 5338 5337)
4(1479 5228 5338 1556)
4(5219 5230 5340 5329)
4(5229 5339 5340 5230)
4(5328 5329 5340 5339)
4(5220 5231 5341 5330)
4(5230 5340 5341 5231)
4(5329 5330 5341 5340)
4(5221 5232 5342 5331)
4(5231 5341 5342 5232)
4(5330 5331 5342 5341)
4(5222 5233 5343 5332)
4(5232 5342 5343 5233)
4(5331 5332 5343 5342)
4(5223 5234 5344 5333)
4(5233 5343 5344 5234)
4(5332 5333 5344 5343)
4(5224 5235 5345 5334)
4(5234 5344 5345 5235)
4(5333 5334 5345 5344)
4(5225 5236 5346 5335)
4(5235 5345 5346 5236)
4(5334 5335 5346 5345)
4(5226 5237 5347 5336)
4(5236 5346 5347 5237)
4(5335 5336 5347 5346)
4(5227 5238 5348 5337)
4(5237 5347 5348 5238)
4(5336 5337 5348 5347)
4(5238 5348 5349 5239)
4(5337 5338 5349 5348)
4(5228 5239 5349 5338)
4(5230 5241 5351 5340)
4(5240 5350 5351 5241)
4(5339 5340 5351 5350)
4(5231 5242 5352 5341)
4(5241 5351 5352 5242)
4(5340 5341 5352 5351)
4(5232 5243 5353 5342)
4(5242 5352 5353 5243)
4(5341 5342 5353 5352)
4(5233 5244 5354 5343)
4(5243 5353 5354 5244)
4(5342 5343 5354 5353)
4(5234 5245 5355 5344)
4(5244 5354 5355 5245)
4(5343 5344 5355 5354)
4(5235 5246 5356 5345)
4(5245 5355 5356 5246)
4(5344 5345 5356 5355)
4(5236 5247 5357 5346)
4(5246 5356 5357 5247)
4(5345 5346 5357 5356)
4(5237 5248 5358 5347)
4(5247 5357 5358 5248)
4(5346 5347 5358 5357)
4(5238 5249 5359 5348)
4(5248 5358 5359 5249)
4(5347 5348 5359 5358)
4(5249 5359 5360 5250)
4(5348 5349 5360 5359)
4(5239 5250 5360 5349)
4(5241 5252 5362 5351)
4(5251 5361 5362 5252)
4(5350 5351 5362 5361)
4(5242 5253 5363 5352)
4(5252 5362 5363 5253)
4(5351 5352 5363 5362)
4(5243 5254 5364 5353)
4(5253 5363 5364 5254)
4(5352 5353 5364 5363)
4(5244 5255 5365 5354)
4(5254 5364 5365 5255)
4(5353 5354 5365 5364)
4(5245 5256 5366 5355)
4(5255 5365 5366 5256)
4(5354 5355 5366 5365)
4(5246 5257 5367 5356)
4(5256 5366 5367 5257)
4(5355 5356 5367 5366)
4(5247 5258 5368 5357)
4(5257 5367 5368 5258)
4(5356 5357 5368 5367)
4(5248 5259 5369 5358)
4(5258 5368 5369 5259)
4(5357 5358 5369 5368)
4(5249 5260 5370 5359)
4(5259 5369 5370 5260)
4(5358 5359 5370 5369)
4(5260 5370 5371 5261)
4(5359 5360 5371 5370)
4(5250 5261 5371 5360)
4(5252 5263 5373 5362)
4(5262 5372 5373 5263)
4(5361 5362 5373 5372)
4(5253 5264 5374 5363)
4(5263 5373 5374 5264)
4(5362 5363 5374 5373)
4(5254 5265 5375 5364)
4(5264 5374 5375 5265)
4(5363 5364 5375 5374)
4(5255 5266 5376 5365)
4(5265 5375 5376 5266)
4(5364 5365 5376 5375)
4(5256 5267 5377 5366)
4(5266 5376 5377 5267)
4(5365 5366 5377 5376)
4(5257 5268 5378 5367)
4(5267 5377 5378 5268)
4(5366 5367 5378 5377)
4(5258 5269 5379 5368)
4(5268 5378 5379 5269)
4(5367 5368 5379 5378)
4(5259 5270 5380 5369)
4(5269 5379 5380 5270)
4(5368 5369 5380 5379)
4(5260 5271 5381 5370)
4(5270 5380 5381 5271)
4(5369 5370 5381 5380)
4(5271 5381 5382 5272)
4(5370 5371 5382 5381)
4(5261 5272 5382 5371)
4(5263 5274 5384 5373)
4(5273 5383 5384 5274)
4(5372 5373 5384 5383)
4(5264 5275 5385 5374)
4(5274 5384 5385 5275)
4(5373 5374 5385 5384)
4(5265 5276 5386 5375)
4(5275 5385 5386 5276)
4(5374 5375 5386 5385)
4(5266 5277 5387 5376)
4(5276 5386 5387 5277)
4(5375 5376 5387 5386)
4(5267 5278 5388 5377)
4(5277 5387 5388 5278)
4(5376 5377 5388 5387)
4(5268 5279 5389 5378)
4(5278 5388 5389 5279)
4(5377 5378 5389 5388)
4(5269 5280 5390 5379)
4(5279 5389 5390 5280)
4(5378 5379 5390 5389)
4(5270 5281 5391 5380)
4(5280 5390 5391 5281)
4(5379 5380 5391 5390)
4(5271 5282 5392 5381)
4(5281 5391 5392 5282)
4(5380 5381 5392 5391)
4(5282 5392 5393 5283)
4(5381 5382 5393 5392)
4(5272 5283 5393 5382)
4(5274 5285 5395 5384)
4(5284 5394 5395 5285)
4(5383 5384 5395 5394)
4(5275 5286 5396 5385)
4(5285 5395 5396 5286)
4(5384 5385 5396 5395)
4(5276 5287 5397 5386)
4(5286 5396 5397 5287)
4(5385 5386 5397 5396)
4(5277 5288 5398 5387)
4(5287 5397 5398 5288)
4(5386 5387 5398 5397)
4(5278 5289 5399 5388)
4(5288 5398 5399 5289)
4(5387 5388 5399 5398)
4(5279 5290 5400 5389)
4(5289 5399 5400 5290)
4(5388 5389 5400 5399)
4(5280 5291 5401 5390)
4(5290 5400 5401 5291)
4(5389 5390 5401 5400)
4(5281 5292 5402 5391)
4(5291 5401 5402 5292)
4(5390 5391 5402 5401)
4(5282 5293 5403 5392)
4(5292 5402 5403 5293)
4(5391 5392 5403 5402)
4(5293 5403 5404 5294)
4(5392 5393 5404 5403)
4(5283 5294 5404 5393)
4(5285 5296 5406 5395)
4(5295 5405 5406 5296)
4(5394 5395 5406 5405)
4(5286 5297 5407 5396)
4(5296 5406 5407 5297)
4(5395 5396 5407 5406)
4(5287 5298 5408 5397)
4(5297 5407 5408 5298)
4(5396 5397 5408 5407)
4(5288 5299 5409 5398)
4(5298 5408 5409 5299)
4(5397 5398 5409 5408)
4(5289 5300 5410 5399)
4(5299 5409 5410 5300)
4(5398 5399 5410 5409)
4(5290 5301 5411 5400)
4(5300 5410 5411 5301)
4(5399 5400 5411 5410)
4(5291 5302 5412 5401)
4(5301 5411 5412 5302)
4(5400 5401 5412 5411)
4(5292 5303 5413 5402)
4(5302 5412 5413 5303)
4(5401 5402 5413 5412)
4(5293 5304 5414 5403)
4(5303 5413 5414 5304)
4(5402 5403 5414 5413)
4(5304 5414 5415 5305)
4(5403 5404 5415 5414)
4(5294 5305 5415 5404)
4(5296 5307 5417 5406)
4(5306 5416 5417 5307)
4(5405 5406 5417 5416)
4(5297 5308 5418 5407)
4(5307 5417 5418 5308)
4(5406 5407 5418 5417)
4(5298 5309 5419 5408)
4(5308 5418 5419 5309)
4(5407 5408 5419 5418)
4(5299 5310 5420 5409)
4(5309 5419 5420 5310)
4(5408 5409 5420 5419)
4(5300 5311 5421 5410)
4(5310 5420 5421 5311)
4(5409 5410 5421 5420)
4(5301 5312 5422 5411)
4(5311 5421 5422 5312)
4(5410 5411 5422 5421)
4(5302 5313 5423 5412)
4(5312 5422 5423 5313)
4(5411 5412 5423 5422)
4(5303 5314 5424 5413)
4(5313 5423 5424 5314)
4(5412 5413 5424 5423)
4(5304 5315 5425 5414)
4(5314 5424 5425 5315)
4(5413 5414 5425 5424)
4(5315 5425 5426 5316)
4(5414 5415 5426 5425)
4(5305 5316 5426 5415)
4(5307 5318 5428 5417)
4(5416 5417 5428 5427)
4(5308 5319 5429 5418)
4(5417 5418 5429 5428)
4(5309 5320 5430 5419)
4(5418 5419 5430 5429)
4(5310 5321 5431 5420)
4(5419 5420 5431 5430)
4(5311 5322 5432 5421)
4(5420 5421 5432 5431)
4(5312 5323 5433 5422)
4(5421 5422 5433 5432)
4(5313 5324 5434 5423)
4(5422 5423 5434 5433)
4(5314 5325 5435 5424)
4(5423 5424 5435 5434)
4(5315 5326 5436 5425)
4(5424 5425 5436 5435)
4(5425 5426 5437 5436)
4(5316 5327 5437 5426)
4(1547 5329 5439 1624)
4(5328 5438 5439 5329)
4(1623 1624 5439 5438)
4(1548 5330 5440 1625)
4(5329 5439 5440 5330)
4(1624 1625 5440 5439)
4(1549 5331 5441 1626)
4(5330 5440 5441 5331)
4(1625 1626 5441 5440)
4(1550 5332 5442 1627)
4(5331 5441 5442 5332)
4(1626 1627 5442 5441)
4(1551 5333 5443 1628)
4(5332 5442 5443 5333)
4(1627 1628 5443 5442)
4(1552 5334 5444 1629)
4(5333 5443 5444 5334)
4(1628 1629 5444 5443)
4(1553 5335 5445 1630)
4(5334 5444 5445 5335)
4(1629 1630 5445 5444)
4(1554 5336 5446 1631)
4(5335 5445 5446 5336)
4(1630 1631 5446 5445)
4(1555 5337 5447 1632)
4(5336 5446 5447 5337)
4(1631 1632 5447 5446)
4(5337 5447 5448 5338)
4(1632 1633 5448 5447)
4(1556 5338 5448 1633)
4(5329 5340 5450 5439)
4(5339 5449 5450 5340)
4(5438 5439 5450 5449)
4(5330 5341 5451 5440)
4(5340 5450 5451 5341)
4(5439 5440 5451 5450)
4(5331 5342 5452 5441)
4(5341 5451 5452 5342)
4(5440 5441 5452 5451)
4(5332 5343 5453 5442)
4(5342 5452 5453 5343)
4(5441 5442 5453 5452)
4(5333 5344 5454 5443)
4(5343 5453 5454 5344)
4(5442 5443 5454 5453)
4(5334 5345 5455 5444)
4(5344 5454 5455 5345)
4(5443 5444 5455 5454)
4(5335 5346 5456 5445)
4(5345 5455 5456 5346)
4(5444 5445 5456 5455)
4(5336 5347 5457 5446)
4(5346 5456 5457 5347)
4(5445 5446 5457 5456)
4(5337 5348 5458 5447)
4(5347 5457 5458 5348)
4(5446 5447 5458 5457)
4(5348 5458 5459 5349)
4(5447 5448 5459 5458)
4(5338 5349 5459 5448)
4(5340 5351 5461 5450)
4(5350 5460 5461 5351)
4(5449 5450 5461 5460)
4(5341 5352 5462 5451)
4(5351 5461 5462 5352)
4(5450 5451 5462 5461)
4(5342 5353 5463 5452)
4(5352 5462 5463 5353)
4(5451 5452 5463 5462)
4(5343 5354 5464 5453)
4(5353 5463 5464 5354)
4(5452 5453 5464 5463)
4(5344 5355 5465 5454)
4(5354 5464 5465 5355)
4(5453 5454 5465 5464)
4(5345 5356 5466 5455)
4(5355 5465 5466 5356)
4(5454 5455 5466 5465)
4(5346 5357 5467 5456)
4(5356 5466 5467 5357)
4(5455 5456 5467 5466)
4(5347 5358 5468 5457)
4(5357 5467 5468 5358)
4(5456 5457 5468 5467)
4(5348 5359 5469 5458)
4(5358 5468 5469 5359)
4(5457 5458 5469 5468)
4(5359 5469 5470 5360)
4(5458 5459 5470 5469)
4(5349 5360 5470 5459)
4(5351 5362 5472 5461)
4(5361 5471 5472 5362)
4(5460 5461 5472 5471)
4(5352 5363 5473 5462)
4(5362 5472 5473 5363)
4(5461 5462 5473 5472)
4(5353 5364 5474 5463)
4(5363 5473 5474 5364)
4(5462 5463 5474 5473)
4(5354 5365 5475 5464)
4(5364 5474 5475 5365)
4(5463 5464 5475 5474)
4(5355 5366 5476 5465)
4(5365 5475 5476 5366)
4(5464 5465 5476 5475)
4(5356 5367 5477 5466)
4(5366 5476 5477 5367)
4(5465 5466 5477 5476)
4(5357 5368 5478 5467)
4(5367 5477 5478 5368)
4(5466 5467 5478 5477)
4(5358 5369 5479 5468)
4(5368 5478 5479 5369)
4(5467 5468 5479 5478)
4(5359 5370 5480 5469)
4(5369 5479 5480 5370)
4(5468 5469 5480 5479)
4(5370 5480 5481 5371)
4(5469 5470 5481 5480)
4(5360 5371 5481 5470)
4(5362 5373 5483 5472)
4(5372 5482 5483 5373)
4(5471 5472 5483 5482)
4(5363 5374 5484 5473)
4(5373 5483 5484 5374)
4(5472 5473 5484 5483)
4(5364 5375 5485 5474)
4(5374 5484 5485 5375)
4(5473 5474 5485 5484)
4(5365 5376 5486 5475)
4(5375 5485 5486 5376)
4(5474 5475 5486 5485)
4(5366 5377 5487 5476)
4(5376 5486 5487 5377)
4(5475 5476 5487 5486)
4(5367 5378 5488 5477)
4(5377 5487 5488 5378)
4(5476 5477 5488 5487)
4(5368 5379 5489 5478)
4(5378 5488 5489 5379)
4(5477 5478 5489 5488)
4(5369 5380 5490 5479)
4(5379 5489 5490 5380)
4(5478 5479 5490 5489)
4(5370 5381 5491 5480)
4(5380 5490 5491 5381)
4(5479 5480 5491 5490)
4(5381 5491 5492 5382)
4(5480 5481 5492 5491)
4(5371 5382 5492 5481)
4(5373 5384 5494 5483)
4(5383 5493 5494 5384)
4(5482 5483 5494 5493)
4(5374 5385 5495 5484)
4(5384 5494 5495 5385)
4(5483 5484 5495 5494)
4(5375 5386 5496 5485)
4(5385 5495 5496 5386)
4(5484 5485 5496 5495)
4(5376 5387 5497 5486)
4(5386 5496 5497 5387)
4(5485 5486 5497 5496)
4(5377 5388 5498 5487)
4(5387 5497 5498 5388)
4(5486 5487 5498 5497)
4(5378 5389 5499 5488)
4(5388 5498 5499 5389)
4(5487 5488 5499 5498)
4(5379 5390 5500 5489)
4(5389 5499 5500 5390)
4(5488 5489 5500 5499)
4(5380 5391 5501 5490)
4(5390 5500 5501 5391)
4(5489 5490 5501 5500)
4(5381 5392 5502 5491)
4(5391 5501 5502 5392)
4(5490 5491 5502 5501)
4(5392 5502 5503 5393)
4(5491 5492 5503 5502)
4(5382 5393 5503 5492)
4(5384 5395 5505 5494)
4(5394 5504 5505 5395)
4(5493 5494 5505 5504)
4(5385 5396 5506 5495)
4(5395 5505 5506 5396)
4(5494 5495 5506 5505)
4(5386 5397 5507 5496)
4(5396 5506 5507 5397)
4(5495 5496 5507 5506)
4(5387 5398 5508 5497)
4(5397 5507 5508 5398)
4(5496 5497 5508 5507)
4(5388 5399 5509 5498)
4(5398 5508 5509 5399)
4(5497 5498 5509 5508)
4(5389 5400 5510 5499)
4(5399 5509 5510 5400)
4(5498 5499 5510 5509)
4(5390 5401 5511 5500)
4(5400 5510 5511 5401)
4(5499 5500 5511 5510)
4(5391 5402 5512 5501)
4(5401 5511 5512 5402)
4(5500 5501 5512 5511)
4(5392 5403 5513 5502)
4(5402 5512 5513 5403)
4(5501 5502 5513 5512)
4(5403 5513 5514 5404)
4(5502 5503 5514 5513)
4(5393 5404 5514 5503)
4(5395 5406 5516 5505)
4(5405 5515 5516 5406)
4(5504 5505 5516 5515)
4(5396 5407 5517 5506)
4(5406 5516 5517 5407)
4(5505 5506 5517 5516)
4(5397 5408 5518 5507)
4(5407 5517 5518 5408)
4(5506 5507 5518 5517)
4(5398 5409 5519 5508)
4(5408 5518 5519 5409)
4(5507 5508 5519 5518)
4(5399 5410 5520 5509)
4(5409 5519 5520 5410)
4(5508 5509 5520 5519)
4(5400 5411 5521 5510)
4(5410 5520 5521 5411)
4(5509 5510 5521 5520)
4(5401 5412 5522 5511)
4(5411 5521 5522 5412)
4(5510 5511 5522 5521)
4(5402 5413 5523 5512)
4(5412 5522 5523 5413)
4(5511 5512 5523 5522)
4(5403 5414 5524 5513)
4(5413 5523 5524 5414)
4(5512 5513 5524 5523)
4(5414 5524 5525 5415)
4(5513 5514 5525 5524)
4(5404 5415 5525 5514)
4(5406 5417 5527 5516)
4(5416 5526 5527 5417)
4(5515 5516 5527 5526)
4(5407 5418 5528 5517)
4(5417 5527 5528 5418)
4(5516 5517 5528 5527)
4(5408 5419 5529 5518)
4(5418 5528 5529 5419)
4(5517 5518 5529 5528)
4(5409 5420 5530 5519)
4(5419 5529 5530 5420)
4(5518 5519 5530 5529)
4(5410 5421 5531 5520)
4(5420 5530 5531 5421)
4(5519 5520 5531 5530)
4(5411 5422 5532 5521)
4(5421 5531 5532 5422)
4(5520 5521 5532 5531)
4(5412 5423 5533 5522)
4(5422 5532 5533 5423)
4(5521 5522 5533 5532)
4(5413 5424 5534 5523)
4(5423 5533 5534 5424)
4(5522 5523 5534 5533)
4(5414 5425 5535 5524)
4(5424 5534 5535 5425)
4(5523 5524 5535 5534)
4(5425 5535 5536 5426)
4(5524 5525 5536 5535)
4(5415 5426 5536 5525)
4(5417 5428 5538 5527)
4(5526 5527 5538 5537)
4(5418 5429 5539 5528)
4(5527 5528 5539 5538)
4(5419 5430 5540 5529)
4(5528 5529 5540 5539)
4(5420 5431 5541 5530)
4(5529 5530 5541 5540)
4(5421 5432 5542 5531)
4(5530 5531 5542 5541)
4(5422 5433 5543 5532)
4(5531 5532 5543 5542)
4(5423 5434 5544 5533)
4(5532 5533 5544 5543)
4(5424 5435 5545 5534)
4(5533 5534 5545 5544)
4(5425 5436 5546 5535)
4(5534 5535 5546 5545)
4(5535 5536 5547 5546)
4(5426 5437 5547 5536)
4(1624 5439 5549 1701)
4(5438 5548 5549 5439)
4(1700 1701 5549 5548)
4(1625 5440 5550 1702)
4(5439 5549 5550 5440)
4(1701 1702 5550 5549)
4(1626 5441 5551 1703)
4(5440 5550 5551 5441)
4(1702 1703 5551 5550)
4(1627 5442 5552 1704)
4(5441 5551 5552 5442)
4(1703 1704 5552 5551)
4(1628 5443 5553 1705)
4(5442 5552 5553 5443)
4(1704 1705 5553 5552)
4(1629 5444 5554 1706)
4(5443 5553 5554 5444)
4(1705 1706 5554 5553)
4(1630 5445 5555 1707)
4(5444 5554 5555 5445)
4(1706 1707 5555 5554)
4(1631 5446 5556 1708)
4(5445 5555 5556 5446)
4(1707 1708 5556 5555)
4(1632 5447 5557 1709)
4(5446 5556 5557 5447)
4(1708 1709 5557 5556)
4(5447 5557 5558 5448)
4(1709 1710 5558 5557)
4(1633 5448 5558 1710)
4(5439 5450 5560 5549)
4(5449 5559 5560 5450)
4(5548 5549 5560 5559)
4(5440 5451 5561 5550)
4(5450 5560 5561 5451)
4(5549 5550 5561 5560)
4(5441 5452 5562 5551)
4(5451 5561 5562 5452)
4(5550 5551 5562 5561)
4(5442 5453 5563 5552)
4(5452 5562 5563 5453)
4(5551 5552 5563 5562)
4(5443 5454 5564 5553)
4(5453 5563 5564 5454)
4(5552 5553 5564 5563)
4(5444 5455 5565 5554)
4(5454 5564 5565 5455)
4(5553 5554 5565 5564)
4(5445 5456 5566 5555)
4(5455 5565 5566 5456)
4(5554 5555 5566 5565)
4(5446 5457 5567 5556)
4(5456 5566 5567 5457)
4(5555 5556 5567 5566)
4(5447 5458 5568 5557)
4(5457 5567 5568 5458)
4(5556 5557 5568 5567)
4(5458 5568 5569 5459)
4(5557 5558 5569 5568)
4(5448 5459 5569 5558)
4(5450 5461 5571 5560)
4(5460 5570 5571 5461)
4(5559 5560 5571 5570)
4(5451 5462 5572 5561)
4(5461 5571 5572 5462)
4(5560 5561 5572 5571)
4(5452 5463 5573 5562)
4(5462 5572 5573 5463)
4(5561 5562 5573 5572)
4(5453 5464 5574 5563)
4(5463 5573 5574 5464)
4(5562 5563 5574 5573)
4(5454 5465 5575 5564)
4(5464 5574 5575 5465)
4(5563 5564 5575 5574)
4(5455 5466 5576 5565)
4(5465 5575 5576 5466)
4(5564 5565 5576 5575)
4(5456 5467 5577 5566)
4(5466 5576 5577 5467)
4(5565 5566 5577 5576)
4(5457 5468 5578 5567)
4(5467 5577 5578 5468)
4(5566 5567 5578 5577)
4(5458 5469 5579 5568)
4(5468 5578 5579 5469)
4(5567 5568 5579 5578)
4(5469 5579 5580 5470)
4(5568 5569 5580 5579)
4(5459 5470 5580 5569)
4(5461 5472 5582 5571)
4(5471 5581 5582 5472)
4(5570 5571 5582 5581)
4(5462 5473 5583 5572)
4(5472 5582 5583 5473)
4(5571 5572 5583 5582)
4(5463 5474 5584 5573)
4(5473 5583 5584 5474)
4(5572 5573 5584 5583)
4(5464 5475 5585 5574)
4(5474 5584 5585 5475)
4(5573 5574 5585 5584)
4(5465 5476 5586 5575)
4(5475 5585 5586 5476)
4(5574 5575 5586 5585)
4(5466 5477 5587 5576)
4(5476 5586 5587 5477)
4(5575 5576 5587 5586)
4(5467 5478 5588 5577)
4(5477 5587 5588 5478)
4(5576 5577 5588 5587)
4(5468 5479 5589 5578)
4(5478 5588 5589 5479)
4(5577 5578 5589 5588)
4(5469 5480 5590 5579)
4(5479 5589 5590 5480)
4(5578 5579 5590 5589)
4(5480 5590 5591 5481)
4(5579 5580 5591 5590)
4(5470 5481 5591 5580)
4(5472 5483 5593 5582)
4(5482 5592 5593 5483)
4(5581 5582 5593 5592)
4(5473 5484 5594 5583)
4(5483 5593 5594 5484)
4(5582 5583 5594 5593)
4(5474 5485 5595 5584)
4(5484 5594 5595 5485)
4(5583 5584 5595 5594)
4(5475 5486 5596 5585)
4(5485 5595 5596 5486)
4(5584 5585 5596 5595)
4(5476 5487 5597 5586)
4(5486 5596 5597 5487)
4(5585 5586 5597 5596)
4(5477 5488 5598 5587)
4(5487 5597 5598 5488)
4(5586 5587 5598 5597)
4(5478 5489 5599 5588)
4(5488 5598 5599 5489)
4(5587 5588 5599 5598)
4(5479 5490 5600 5589)
4(5489 5599 5600 5490)
4(5588 5589 5600 5599)
4(5480 5491 5601 5590)
4(5490 5600 5601 5491)
4(5589 5590 5601 5600)
4(5491 5601 5602 5492)
4(5590 5591 5602 5601)
4(5481 5492 5602 5591)
4(5483 5494 5604 5593)
4(5493 5603 5604 5494)
4(5592 5593 5604 5603)
4(5484 5495 5605 5594)
4(5494 5604 5605 5495)
4(5593 5594 5605 5604)
4(5485 5496 5606 5595)
4(5495 5605 5606 5496)
4(5594 5595 5606 5605)
4(5486 5497 5607 5596)
4(5496 5606 5607 5497)
4(5595 5596 5607 5606)
4(5487 5498 5608 5597)
4(5497 5607 5608 5498)
4(5596 5597 5608 5607)
4(5488 5499 5609 5598)
4(5498 5608 5609 5499)
4(5597 5598 5609 5608)
4(5489 5500 5610 5599)
4(5499 5609 5610 5500)
4(5598 5599 5610 5609)
4(5490 5501 5611 5600)
4(5500 5610 5611 5501)
4(5599 5600 5611 5610)
4(5491 5502 5612 5601)
4(5501 5611 5612 5502)
4(5600 5601 5612 5611)
4(5502 5612 5613 5503)
4(5601 5602 5613 5612)
4(5492 5503 5613 5602)
4(5494 5505 5615 5604)
4(5504 5614 5615 5505)
4(5603 5604 5615 5614)
4(5495 5506 5616 5605)
4(5505 5615 5616 5506)
4(5604 5605 5616 5615)
4(5496 5507 5617 5606)
4(5506 5616 5617 5507)
4(5605 5606 5617 5616)
4(5497 5508 5618 5607)
4(5507 5617 5618 5508)
4(5606 5607 5618 5617)
4(5498 5509 5619 5608)
4(5508 5618 5619 5509)
4(5607 5608 5619 5618)
4(5499 5510 5620 5609)
4(5509 5619 5620 5510)
4(5608 5609 5620 5619)
4(5500 5511 5621 5610)
4(5510 5620 5621 5511)
4(5609 5610 5621 5620)
4(5501 5512 5622 5611)
4(5511 5621 5622 5512)
4(5610 5611 5622 5621)
4(5502 5513 5623 5612)
4(5512 5622 5623 5513)
4(5611 5612 5623 5622)
4(5513 5623 5624 5514)
4(5612 5613 5624 5623)
4(5503 5514 5624 5613)
4(5505 5516 5626 5615)
4(5515 5625 5626 5516)
4(5614 5615 5626 5625)
4(5506 5517 5627 5616)
4(5516 5626 5627 5517)
4(5615 5616 5627 5626)
4(5507 5518 5628 5617)
4(5517 5627 5628 5518)
4(5616 5617 5628 5627)
4(5508 5519 5629 5618)
4(5518 5628 5629 5519)
4(5617 5618 5629 5628)
4(5509 5520 5630 5619)
4(5519 5629 5630 5520)
4(5618 5619 5630 5629)
4(5510 5521 5631 5620)
4(5520 5630 5631 5521)
4(5619 5620 5631 5630)
4(5511 5522 5632 5621)
4(5521 5631 5632 5522)
4(5620 5621 5632 5631)
4(5512 5523 5633 5622)
4(5522 5632 5633 5523)
4(5621 5622 5633 5632)
4(5513 5524 5634 5623)
4(5523 5633 5634 5524)
4(5622 5623 5634 5633)
4(5524 5634 5635 5525)
4(5623 5624 5635 5634)
4(5514 5525 5635 5624)
4(5516 5527 5637 5626)
4(5526 5636 5637 5527)
4(5625 5626 5637 5636)
4(5517 5528 5638 5627)
4(5527 5637 5638 5528)
4(5626 5627 5638 5637)
4(5518 5529 5639 5628)
4(5528 5638 5639 5529)
4(5627 5628 5639 5638)
4(5519 5530 5640 5629)
4(5529 5639 5640 5530)
4(5628 5629 5640 5639)
4(5520 5531 5641 5630)
4(5530 5640 5641 5531)
4(5629 5630 5641 5640)
4(5521 5532 5642 5631)
4(5531 5641 5642 5532)
4(5630 5631 5642 5641)
4(5522 5533 5643 5632)
4(5532 5642 5643 5533)
4(5631 5632 5643 5642)
4(5523 5534 5644 5633)
4(5533 5643 5644 5534)
4(5632 5633 5644 5643)
4(5524 5535 5645 5634)
4(5534 5644 5645 5535)
4(5633 5634 5645 5644)
4(5535 5645 5646 5536)
4(5634 5635 5646 5645)
4(5525 5536 5646 5635)
4(5527 5538 5648 5637)
4(5636 5637 5648 5647)
4(5528 5539 5649 5638)
4(5637 5638 5649 5648)
4(5529 5540 5650 5639)
4(5638 5639 5650 5649)
4(5530 5541 5651 5640)
4(5639 5640 5651 5650)
4(5531 5542 5652 5641)
4(5640 5641 5652 5651)
4(5532 5543 5653 5642)
4(5641 5642 5653 5652)
4(5533 5544 5654 5643)
4(5642 5643 5654 5653)
4(5534 5545 5655 5644)
4(5643 5644 5655 5654)
4(5535 5546 5656 5645)
4(5644 5645 5656 5655)
4(5645 5646 5657 5656)
4(5536 5547 5657 5646)
4(1701 5549 5659 1778)
4(5548 5658 5659 5549)
4(1777 1778 5659 5658)
4(1702 5550 5660 1779)
4(5549 5659 5660 5550)
4(1778 1779 5660 5659)
4(1703 5551 5661 1780)
4(5550 5660 5661 5551)
4(1779 1780 5661 5660)
4(1704 5552 5662 1781)
4(5551 5661 5662 5552)
4(1780 1781 5662 5661)
4(1705 5553 5663 1782)
4(5552 5662 5663 5553)
4(1781 1782 5663 5662)
4(1706 5554 5664 1783)
4(5553 5663 5664 5554)
4(1782 1783 5664 5663)
4(1707 5555 5665 1784)
4(5554 5664 5665 5555)
4(1783 1784 5665 5664)
4(1708 5556 5666 1785)
4(5555 5665 5666 5556)
4(1784 1785 5666 5665)
4(1709 5557 5667 1786)
4(5556 5666 5667 5557)
4(1785 1786 5667 5666)
4(5557 5667 5668 5558)
4(1786 1787 5668 5667)
4(1710 5558 5668 1787)
4(5549 5560 5670 5659)
4(5559 5669 5670 5560)
4(5658 5659 5670 5669)
4(5550 5561 5671 5660)
4(5560 5670 5671 5561)
4(5659 5660 5671 5670)
4(5551 5562 5672 5661)
4(5561 5671 5672 5562)
4(5660 5661 5672 5671)
4(5552 5563 5673 5662)
4(5562 5672 5673 5563)
4(5661 5662 5673 5672)
4(5553 5564 5674 5663)
4(5563 5673 5674 5564)
4(5662 5663 5674 5673)
4(5554 5565 5675 5664)
4(5564 5674 5675 5565)
4(5663 5664 5675 5674)
4(5555 5566 5676 5665)
4(5565 5675 5676 5566)
4(5664 5665 5676 5675)
4(5556 5567 5677 5666)
4(5566 5676 5677 5567)
4(5665 5666 5677 5676)
4(5557 5568 5678 5667)
4(5567 5677 5678 5568)
4(5666 5667 5678 5677)
4(5568 5678 5679 5569)
4(5667 5668 5679 5678)
4(5558 5569 5679 5668)
4(5560 5571 5681 5670)
4(5570 5680 5681 5571)
4(5669 5670 5681 5680)
4(5561 5572 5682 5671)
4(5571 5681 5682 5572)
4(5670 5671 5682 5681)
4(5562 5573 5683 5672)
4(5572 5682 5683 5573)
4(5671 5672 5683 5682)
4(5563 5574 5684 5673)
4(5573 5683 5684 5574)
4(5672 5673 5684 5683)
4(5564 5575 5685 5674)
4(5574 5684 5685 5575)
4(5673 5674 5685 5684)
4(5565 5576 5686 5675)
4(5575 5685 5686 5576)
4(5674 5675 5686 5685)
4(5566 5577 5687 5676)
4(5576 5686 5687 5577)
4(5675 5676 5687 5686)
4(5567 5578 5688 5677)
4(5577 5687 5688 5578)
4(5676 5677 5688 5687)
4(5568 5579 5689 5678)
4(5578 5688 5689 5579)
4(5677 5678 5689 5688)
4(5579 5689 5690 5580)
4(5678 5679 5690 5689)
4(5569 5580 5690 5679)
4(5571 5582 5692 5681)
4(5581 5691 5692 5582)
4(5680 5681 5692 5691)
4(5572 5583 5693 5682)
4(5582 5692 5693 5583)
4(5681 5682 5693 5692)
4(5573 5584 5694 5683)
4(5583 5693 5694 5584)
4(5682 5683 5694 5693)
4(5574 5585 5695 5684)
4(5584 5694 5695 5585)
4(5683 5684 5695 5694)
4(5575 5586 5696 5685)
4(5585 5695 5696 5586)
4(5684 5685 5696 5695)
4(5576 5587 5697 5686)
4(5586 5696 5697 5587)
4(5685 5686 5697 5696)
4(5577 5588 5698 5687)
4(5587 5697 5698 5588)
4(5686 5687 5698 5697)
4(5578 5589 5699 5688)
4(5588 5698 5699 5589)
4(5687 5688 5699 5698)
4(5579 5590 5700 5689)
4(5589 5699 5700 5590)
4(5688 5689 5700 5699)
4(5590 5700 5701 5591)
4(5689 5690 5701 5700)
4(5580 5591 5701 5690)
4(5582 5593 5703 5692)
4(5592 5702 5703 5593)
4(5691 5692 5703 5702)
4(5583 5594 5704 5693)
4(5593 5703 5704 5594)
4(5692 5693 5704 5703)
4(5584 5595 5705 5694)
4(5594 5704 5705 5595)
4(5693 5694 5705 5704)
4(5585 5596 5706 5695)
4(5595 5705 5706 5596)
4(5694 5695 5706 5705)
4(5586 5597 5707 5696)
4(5596 5706 5707 5597)
4(5695 5696 5707 5706)
4(5587 5598 5708 5697)
4(5597 5707 5708 5598)
4(5696 5697 5708 5707)
4(5588 5599 5709 5698)
4(5598 5708 5709 5599)
4(5697 5698 5709 5708)
4(5589 5600 5710 5699)
4(5599 5709 5710 5600)
4(5698 5699 5710 5709)
4(5590 5601 5711 5700)
4(5600 5710 5711 5601)
4(5699 5700 5711 5710)
4(5601 5711 5712 5602)
4(5700 5701 5712 5711)
4(5591 5602 5712 5701)
4(5593 5604 5714 5703)
4(5603 5713 5714 5604)
4(5702 5703 5714 5713)
4(5594 5605 5715 5704)
4(5604 5714 5715 5605)
4(5703 5704 5715 5714)
4(5595 5606 5716 5705)
4(5605 5715 5716 5606)
4(5704 5705 5716 5715)
4(5596 5607 5717 5706)
4(5606 5716 5717 5607)
4(5705 5706 5717 5716)
4(5597 5608 5718 5707)
4(5607 5717 5718 5608)
4(5706 5707 5718 5717)
4(5598 5609 5719 5708)
4(5608 5718 5719 5609)
4(5707 5708 5719 5718)
4(5599 5610 5720 5709)
4(5609 5719 5720 5610)
4(5708 5709 5720 5719)
4(5600 5611 5721 5710)
4(5610 5720 5721 5611)
4(5709 5710 5721 5720)
4(5601 5612 5722 5711)
4(5611 5721 5722 5612)
4(5710 5711 5722 5721)
4(5612 5722 5723 5613)
4(5711 5712 5723 5722)
4(5602 5613 5723 5712)
4(5604 5615 5725 5714)
4(5614 5724 5725 5615)
4(5713 5714 5725 5724)
4(5605 5616 5726 5715)
4(5615 5725 5726 5616)
4(5714 5715 5726 5725)
4(5606 5617 5727 5716)
4(5616 5726 5727 5617)
4(5715 5716 5727 5726)
4(5607 5618 5728 5717)
4(5617 5727 5728 5618)
4(5716 5717 5728 5727)
4(5608 5619 5729 5718)
4(5618 5728 5729 5619)
4(5717 5718 5729 5728)
4(5609 5620 5730 5719)
4(5619 5729 5730 5620)
4(5718 5719 5730 5729)
4(5610 5621 5731 5720)
4(5620 5730 5731 5621)
4(5719 5720 5731 5730)
4(5611 5622 5732 5721)
4(5621 5731 5732 5622)
4(5720 5721 5732 5731)
4(5612 5623 5733 5722)
4(5622 5732 5733 5623)
4(5721 5722 5733 5732)
4(5623 5733 5734 5624)
4(5722 5723 5734 5733)
4(5613 5624 5734 5723)
4(5615 5626 5736 5725)
4(5625 5735 5736 5626)
4(5724 5725 5736 5735)
4(5616 5627 5737 5726)
4(5626 5736 5737 5627)
4(5725 5726 5737 5736)
4(5617 5628 5738 5727)
4(5627 5737 5738 5628)
4(5726 5727 5738 5737)
4(5618 5629 5739 5728)
4(5628 5738 5739 5629)
4(5727 5728 5739 5738)
4(5619 5630 5740 5729)
4(5629 5739 5740 5630)
4(5728 5729 5740 5739)
4(5620 5631 5741 5730)
4(5630 5740 5741 5631)
4(5729 5730 5741 5740)
4(5621 5632 5742 5731)
4(5631 5741 5742 5632)
4(5730 5731 5742 5741)
4(5622 5633 5743 5732)
4(5632 5742 5743 5633)
4(5731 5732 5743 5742)
4(5623 5634 5744 5733)
4(5633 5743 5744 5634)
4(5732 5733 5744 5743)
4(5634 5744 5745 5635)
4(5733 5734 5745 5744)
4(5624 5635 5745 5734)
4(5626 5637 5747 5736)
4(5636 5746 5747 5637)
4(5735 5736 5747 5746)
4(5627 5638 5748 5737)
4(5637 5747 5748 5638)
4(5736 5737 5748 5747)
4(5628 5639 5749 5738)
4(5638 5748 5749 5639)
4(5737 5738 5749 5748)
4(5629 5640 5750 5739)
4(5639 5749 5750 5640)
4(5738 5739 5750 5749)
4(5630 5641 5751 5740)
4(5640 5750 5751 5641)
4(5739 5740 5751 5750)
4(5631 5642 5752 5741)
4(5641 5751 5752 5642)
4(5740 5741 5752 5751)
4(5632 5643 5753 5742)
4(5642 5752 5753 5643)
4(5741 5742 5753 5752)
4(5633 5644 5754 5743)
4(5643 5753 5754 5644)
4(5742 5743 5754 5753)
4(5634 5645 5755 5744)
4(5644 5754 5755 5645)
4(5743 5744 5755 5754)
4(5645 5755 5756 5646)
4(5744 5745 5756 5755)
4(5635 5646 5756 5745)
4(5637 5648 5758 5747)
4(5746 5747 5758 5757)
4(5638 5649 5759 5748)
4(5747 5748 5759 5758)
4(5639 5650 5760 5749)
4(5748 5749 5760 5759)
4(5640 5651 5761 5750)
4(5749 5750 5761 5760)
4(5641 5652 5762 5751)
4(5750 5751 5762 5761)
4(5642 5653 5763 5752)
4(5751 5752 5763 5762)
4(5643 5654 5764 5753)
4(5752 5753 5764 5763)
4(5644 5655 5765 5754)
4(5753 5754 5765 5764)
4(5645 5656 5766 5755)
4(5754 5755 5766 5765)
4(5755 5756 5767 5766)
4(5646 5657 5767 5756)
4(1778 5659 5769 1855)
4(5658 5768 5769 5659)
4(1854 1855 5769 5768)
4(1779 5660 5770 1856)
4(5659 5769 5770 5660)
4(1855 1856 5770 5769)
4(1780 5661 5771 1857)
4(5660 5770 5771 5661)
4(1856 1857 5771 5770)
4(1781 5662 5772 1858)
4(5661 5771 5772 5662)
4(1857 1858 5772 5771)
4(1782 5663 5773 1859)
4(5662 5772 5773 5663)
4(1858 1859 5773 5772)
4(1783 5664 5774 1860)
4(5663 5773 5774 5664)
4(1859 1860 5774 5773)
4(1784 5665 5775 1861)
4(5664 5774 5775 5665)
4(1860 1861 5775 5774)
4(1785 5666 5776 1862)
4(5665 5775 5776 5666)
4(1861 1862 5776 5775)
4(1786 5667 5777 1863)
4(5666 5776 5777 5667)
4(1862 1863 5777 5776)
4(5667 5777 5778 5668)
4(1863 1864 5778 5777)
4(1787 5668 5778 1864)
4(5659 5670 5780 5769)
4(5669 5779 5780 5670)
4(5768 5769 5780 5779)
4(5660 5671 5781 5770)
4(5670 5780 5781 5671)
4(5769 5770 5781 5780)
4(5661 5672 5782 5771)
4(5671 5781 5782 5672)
4(5770 5771 5782 5781)
4(5662 5673 5783 5772)
4(5672 5782 5783 5673)
4(5771 5772 5783 5782)
4(5663 5674 5784 5773)
4(5673 5783 5784 5674)
4(5772 5773 5784 5783)
4(5664 5675 5785 5774)
4(5674 5784 5785 5675)
4(5773 5774 5785 5784)
4(5665 5676 5786 5775)
4(5675 5785 5786 5676)
4(5774 5775 5786 5785)
4(5666 5677 5787 5776)
4(5676 5786 5787 5677)
4(5775 5776 5787 5786)
4(5667 5678 5788 5777)
4(5677 5787 5788 5678)
4(5776 5777 5788 5787)
4(5678 5788 5789 5679)
4(5777 5778 5789 5788)
4(5668 5679 5789 5778)
4(5670 5681 5791 5780)
4(5680 5790 5791 5681)
4(5779 5780 5791 5790)
4(5671 5682 5792 5781)
4(5681 5791 5792 5682)
4(5780 5781 5792 5791)
4(5672 5683 5793 5782)
4(5682 5792 5793 5683)
4(5781 5782 5793 5792)
4(5673 5684 5794 5783)
4(5683 5793 5794 5684)
4(5782 5783 5794 5793)
4(5674 5685 5795 5784)
4(5684 5794 5795 5685)
4(5783 5784 5795 5794)
4(5675 5686 5796 5785)
4(5685 5795 5796 5686)
4(5784 5785 5796 5795)
4(5676 5687 5797 5786)
4(5686 5796 5797 5687)
4(5785 5786 5797 5796)
4(5677 5688 5798 5787)
4(5687 5797 5798 5688)
4(5786 5787 5798 5797)
4(5678 5689 5799 5788)
4(5688 5798 5799 5689)
4(5787 5788 5799 5798)
4(5689 5799 5800 5690)
4(5788 5789 5800 5799)
4(5679 5690 5800 5789)
4(5681 5692 5802 5791)
4(5691 5801 5802 5692)
4(5790 5791 5802 5801)
4(5682 5693 5803 5792)
4(5692 5802 5803 5693)
4(5791 5792 5803 5802)
4(5683 5694 5804 5793)
4(5693 5803 5804 5694)
4(5792 5793 5804 5803)
4(5684 5695 5805 5794)
4(5694 5804 5805 5695)
4(5793 5794 5805 5804)
4(5685 5696 5806 5795)
4(5695 5805 5806 5696)
4(5794 5795 5806 5805)
4(5686 5697 5807 5796)
4(5696 5806 5807 5697)
4(5795 5796 5807 5806)
4(5687 5698 5808 5797)
4(5697 5807 5808 5698)
4(5796 5797 5808 5807)
4(5688 5699 5809 5798)
4(5698 5808 5809 5699)
4(5797 5798 5809 5808)
4(5689 5700 5810 5799)
4(5699 5809 5810 5700)
4(5798 5799 5810 5809)
4(5700 5810 5811 5701)
4(5799 5800 5811 5810)
4(5690 5701 5811 5800)
4(5692 5703 5813 5802)
4(5702 5812 5813 5703)
4(5801 5802 5813 5812)
4(5693 5704 5814 5803)
4(5703 5813 5814 5704)
4(5802 5803 5814 5813)
4(5694 5705 5815 5804)
4(5704 5814 5815 5705)
4(5803 5804 5815 5814)
4(5695 5706 5816 5805)
4(5705 5815 5816 5706)
4(5804 5805 5816 5815)
4(5696 5707 5817 5806)
4(5706 5816 5817 5707)
4(5805 5806 5817 5816)
4(5697 5708 5818 5807)
4(5707 5817 5818 5708)
4(5806 5807 5818 5817)
4(5698 5709 5819 5808)
4(5708 5818 5819 5709)
4(5807 5808 5819 5818)
4(5699 5710 5820 5809)
4(5709 5819 5820 5710)
4(5808 5809 5820 5819)
4(5700 5711 5821 5810)
4(5710 5820 5821 5711)
4(5809 5810 5821 5820)
4(5711 5821 5822 5712)
4(5810 5811 5822 5821)
4(5701 5712 5822 5811)
4(5703 5714 5824 5813)
4(5713 5823 5824 5714)
4(5812 5813 5824 5823)
4(5704 5715 5825 5814)
4(5714 5824 5825 5715)
4(5813 5814 5825 5824)
4(5705 5716 5826 5815)
4(5715 5825 5826 5716)
4(5814 5815 5826 5825)
4(5706 5717 5827 5816)
4(5716 5826 5827 5717)
4(5815 5816 5827 5826)
4(5707 5718 5828 5817)
4(5717 5827 5828 5718)
4(5816 5817 5828 5827)
4(5708 5719 5829 5818)
4(5718 5828 5829 5719)
4(5817 5818 5829 5828)
4(5709 5720 5830 5819)
4(5719 5829 5830 5720)
4(5818 5819 5830 5829)
4(5710 5721 5831 5820)
4(5720 5830 5831 5721)
4(5819 5820 5831 5830)
4(5711 5722 5832 5821)
4(5721 5831 5832 5722)
4(5820 5821 5832 5831)
4(5722 5832 5833 5723)
4(5821 5822 5833 5832)
4(5712 5723 5833 5822)
4(5714 5725 5835 5824)
4(5724 5834 5835 5725)
4(5823 5824 5835 5834)
4(5715 5726 5836 5825)
4(5725 5835 5836 5726)
4(5824 5825 5836 5835)
4(5716 5727 5837 5826)
4(5726 5836 5837 5727)
4(5825 5826 5837 5836)
4(5717 5728 5838 5827)
4(5727 5837 5838 5728)
4(5826 5827 5838 5837)
4(5718 5729 5839 5828)
4(5728 5838 5839 5729)
4(5827 5828 5839 5838)
4(5719 5730 5840 5829)
4(5729 5839 5840 5730)
4(5828 5829 5840 5839)
4(5720 5731 5841 5830)
4(5730 5840 5841 5731)
4(5829 5830 5841 5840)
4(5721 5732 5842 5831)
4(5731 5841 5842 5732)
4(5830 5831 5842 5841)
4(5722 5733 5843 5832)
4(5732 5842 5843 5733)
4(5831 5832 5843 5842)
4(5733 5843 5844 5734)
4(5832 5833 5844 5843)
4(5723 5734 5844 5833)
4(5725 5736 5846 5835)
4(5735 5845 5846 5736)
4(5834 5835 5846 5845)
4(5726 5737 5847 5836)
4(5736 5846 5847 5737)
4(5835 5836 5847 5846)
4(5727 5738 5848 5837)
4(5737 5847 5848 5738)
4(5836 5837 5848 5847)
4(5728 5739 5849 5838)
4(5738 5848 5849 5739)
4(5837 5838 5849 5848)
4(5729 5740 5850 5839)
4(5739 5849 5850 5740)
4(5838 5839 5850 5849)
4(5730 5741 5851 5840)
4(5740 5850 5851 5741)
4(5839 5840 5851 5850)
4(5731 5742 5852 5841)
4(5741 5851 5852 5742)
4(5840 5841 5852 5851)
4(5732 5743 5853 5842)
4(5742 5852 5853 5743)
4(5841 5842 5853 5852)
4(5733 5744 5854 5843)
4(5743 5853 5854 5744)
4(5842 5843 5854 5853)
4(5744 5854 5855 5745)
4(5843 5844 5855 5854)
4(5734 5745 5855 5844)
4(5736 5747 5857 5846)
4(5746 5856 5857 5747)
4(5845 5846 5857 5856)
4(5737 5748 5858 5847)
4(5747 5857 5858 5748)
4(5846 5847 5858 5857)
4(5738 5749 5859 5848)
4(5748 5858 5859 5749)
4(5847 5848 5859 5858)
4(5739 5750 5860 5849)
4(5749 5859 5860 5750)
4(5848 5849 5860 5859)
4(5740 5751 5861 5850)
4(5750 5860 5861 5751)
4(5849 5850 5861 5860)
4(5741 5752 5862 5851)
4(5751 5861 5862 5752)
4(5850 5851 5862 5861)
4(5742 5753 5863 5852)
4(5752 5862 5863 5753)
4(5851 5852 5863 5862)
4(5743 5754 5864 5853)
4(5753 5863 5864 5754)
4(5852 5853 5864 5863)
4(5744 5755 5865 5854)
4(5754 5864 5865 5755)
4(5853 5854 5865 5864)
4(5755 5865 5866 5756)
4(5854 5855 5866 5865)
4(5745 5756 5866 5855)
4(5747 5758 5868 5857)
4(5856 5857 5868 5867)
4(5748 5759 5869 5858)
4(5857 5858 5869 5868)
4(5749 5760 5870 5859)
4(5858 5859 5870 5869)
4(5750 5761 5871 5860)
4(5859 5860 5871 5870)
4(5751 5762 5872 5861)
4(5860 5861 5872 5871)
4(5752 5763 5873 5862)
4(5861 5862 5873 5872)
4(5753 5764 5874 5863)
4(5862 5863 5874 5873)
4(5754 5765 5875 5864)
4(5863 5864 5875 5874)
4(5755 5766 5876 5865)
4(5864 5865 5876 5875)
4(5865 5866 5877 5876)
4(5756 5767 5877 5866)
4(1855 5769 5879 1932)
4(5768 5878 5879 5769)
4(1931 1932 5879 5878)
4(1856 5770 5880 1933)
4(5769 5879 5880 5770)
4(1932 1933 5880 5879)
4(1857 5771 5881 1934)
4(5770 5880 5881 5771)
4(1933 1934 5881 5880)
4(1858 5772 5882 1935)
4(5771 5881 5882 5772)
4(1934 1935 5882 5881)
4(1859 5773 5883 1936)
4(5772 5882 5883 5773)
4(1935 1936 5883 5882)
4(1860 5774 5884 1937)
4(5773 5883 5884 5774)
4(1936 1937 5884 5883)
4(1861 5775 5885 1938)
4(5774 5884 5885 5775)
4(1937 1938 5885 5884)
4(1862 5776 5886 1939)
4(5775 5885 5886 5776)
4(1938 1939 5886 5885)
4(1863 5777 5887 1940)
4(5776 5886 5887 5777)
4(1939 1940 5887 5886)
4(5777 5887 5888 5778)
4(1940 1941 5888 5887)
4(1864 5778 5888 1941)
4(5769 5780 5890 5879)
4(5779 5889 5890 5780)
4(5878 5879 5890 5889)
4(5770 5781 5891 5880)
4(5780 5890 5891 5781)
4(5879 5880 5891 5890)
4(5771 5782 5892 5881)
4(5781 5891 5892 5782)
4(5880 5881 5892 5891)
4(5772 5783 5893 5882)
4(5782 5892 5893 5783)
4(5881 5882 5893 5892)
4(5773 5784 5894 5883)
4(5783 5893 5894 5784)
4(5882 5883 5894 5893)
4(5774 5785 5895 5884)
4(5784 5894 5895 5785)
4(5883 5884 5895 5894)
4(5775 5786 5896 5885)
4(5785 5895 5896 5786)
4(5884 5885 5896 5895)
4(5776 5787 5897 5886)
4(5786 5896 5897 5787)
4(5885 5886 5897 5896)
4(5777 5788 5898 5887)
4(5787 5897 5898 5788)
4(5886 5887 5898 5897)
4(5788 5898 5899 5789)
4(5887 5888 5899 5898)
4(5778 5789 5899 5888)
4(5780 5791 5901 5890)
4(5790 5900 5901 5791)
4(5889 5890 5901 5900)
4(5781 5792 5902 5891)
4(5791 5901 5902 5792)
4(5890 5891 5902 5901)
4(5782 5793 5903 5892)
4(5792 5902 5903 5793)
4(5891 5892 5903 5902)
4(5783 5794 5904 5893)
4(5793 5903 5904 5794)
4(5892 5893 5904 5903)
4(5784 5795 5905 5894)
4(5794 5904 5905 5795)
4(5893 5894 5905 5904)
4(5785 5796 5906 5895)
4(5795 5905 5906 5796)
4(5894 5895 5906 5905)
4(5786 5797 5907 5896)
4(5796 5906 5907 5797)
4(5895 5896 5907 5906)
4(5787 5798 5908 5897)
4(5797 5907 5908 5798)
4(5896 5897 5908 5907)
4(5788 5799 5909 5898)
4(5798 5908 5909 5799)
4(5897 5898 5909 5908)
4(5799 5909 5910 5800)
4(5898 5899 5910 5909)
4(5789 5800 5910 5899)
4(5791 5802 5912 5901)
4(5801 5911 5912 5802)
4(5900 5901 5912 5911)
4(5792 5803 5913 5902)
4(5802 5912 5913 5803)
4(5901 5902 5913 5912)
4(5793 5804 5914 5903)
4(5803 5913 5914 5804)
4(5902 5903 5914 5913)
4(5794 5805 5915 5904)
4(5804 5914 5915 5805)
4(5903 5904 5915 5914)
4(5795 5806 5916 5905)
4(5805 5915 5916 5806)
4(5904 5905 5916 5915)
4(5796 5807 5917 5906)
4(5806 5916 5917 5807)
4(5905 5906 5917 5916)
4(5797 5808 5918 5907)
4(5807 5917 5918 5808)
4(5906 5907 5918 5917)
4(5798 5809 5919 5908)
4(5808 5918 5919 5809)
4(5907 5908 5919 5918)
4(5799 5810 5920 5909)
4(5809 5919 5920 5810)
4(5908 5909 5920 5919)
4(5810 5920 5921 5811)
4(5909 5910 5921 5920)
4(5800 5811 5921 5910)
4(5802 5813 5923 5912)
4(5812 5922 5923 5813)
4(5911 5912 5923 5922)
4(5803 5814 5924 5913)
4(5813 5923 5924 5814)
4(5912 5913 5924 5923)
4(5804 5815 5925 5914)
4(5814 5924 5925 5815)
4(5913 5914 5925 5924)
4(5805 5816 5926 5915)
4(5815 5925 5926 5816)
4(5914 5915 5926 5925)
4(5806 5817 5927 5916)
4(5816 5926 5927 5817)
4(5915 5916 5927 5926)
4(5807 5818 5928 5917)
4(5817 5927 5928 5818)
4(5916 5917 5928 5927)
4(5808 5819 5929 5918)
4(5818 5928 5929 5819)
4(5917 5918 5929 5928)
4(5809 5820 5930 5919)
4(5819 5929 5930 5820)
4(5918 5919 5930 5929)
4(5810 5821 5931 5920)
4(5820 5930 5931 5821)
4(5919 5920 5931 5930)
4(5821 5931 5932 5822)
4(5920 5921 5932 5931)
4(5811 5822 5932 5921)
4(5813 5824 5934 5923)
4(5823 5933 5934 5824)
4(5922 5923 5934 5933)
4(5814 5825 5935 5924)
4(5824 5934 5935 5825)
4(5923 5924 5935 5934)
4(5815 5826 5936 5925)
4(5825 5935 5936 5826)
4(5924 5925 5936 5935)
4(5816 5827 5937 5926)
4(5826 5936 5937 5827)
4(5925 5926 5937 5936)
4(5817 5828 5938 5927)
4(5827 5937 5938 5828)
4(5926 5927 5938 5937)
4(5818 5829 5939 5928)
4(5828 5938 5939 5829)
4(5927 5928 5939 5938)
4(5819 5830 5940 5929)
4(5829 5939 5940 5830)
4(5928 5929 5940 5939)
4(5820 5831 5941 5930)
4(5830 5940 5941 5831)
4(5929 5930 5941 5940)
4(5821 5832 5942 5931)
4(5831 5941 5942 5832)
4(5930 5931 5942 5941)
4(5832 5942 5943 5833)
4(5931 5932 5943 5942)
4(5822 5833 5943 5932)
4(5824 5835 5945 5934)
4(5834 5944 5945 5835)
4(5933 5934 5945 5944)
4(5825 5836 5946 5935)
4(5835 5945 5946 5836)
4(5934 5935 5946 5945)
4(5826 5837 5947 5936)
4(5836 5946 5947 5837)
4(5935 5936 5947 5946)
4(5827 5838 5948 5937)
4(5837 5947 5948 5838)
4(5936 5937 5948 5947)
4(5828 5839 5949 5938)
4(5838 5948 5949 5839)
4(5937 5938 5949 5948)
4(5829 5840 5950 5939)
4(5839 5949 5950 5840)
4(5938 5939 5950 5949)
4(5830 5841 5951 5940)
4(5840 5950 5951 5841)
4(5939 5940 5951 5950)
4(5831 5842 5952 5941)
4(5841 5951 5952 5842)
4(5940 5941 5952 5951)
4(5832 5843 5953 5942)
4(5842 5952 5953 5843)
4(5941 5942 5953 5952)
4(5843 5953 5954 5844)
4(5942 5943 5954 5953)
4(5833 5844 5954 5943)
4(5835 5846 5956 5945)
4(5845 5955 5956 5846)
4(5944 5945 5956 5955)
4(5836 5847 5957 5946)
4(5846 5956 5957 5847)
4(5945 5946 5957 5956)
4(5837 5848 5958 5947)
4(5847 5957 5958 5848)
4(5946 5947 5958 5957)
4(5838 5849 5959 5948)
4(5848 5958 5959 5849)
4(5947 5948 5959 5958)
4(5839 5850 5960 5949)
4(5849 5959 5960 5850)
4(5948 5949 5960 5959)
4(5840 5851 5961 5950)
4(5850 5960 5961 5851)
4(5949 5950 5961 5960)
4(5841 5852 5962 5951)
4(5851 5961 5962 5852)
4(5950 5951 5962 5961)
4(5842 5853 5963 5952)
4(5852 5962 5963 5853)
4(5951 5952 5963 5962)
4(5843 5854 5964 5953)
4(5853 5963 5964 5854)
4(5952 5953 5964 5963)
4(5854 5964 5965 5855)
4(5953 5954 5965 5964)
4(5844 5855 5965 5954)
4(5846 5857 5967 5956)
4(5856 5966 5967 5857)
4(5955 5956 5967 5966)
4(5847 5858 5968 5957)
4(5857 5967 5968 5858)
4(5956 5957 5968 5967)
4(5848 5859 5969 5958)
4(5858 5968 5969 5859)
4(5957 5958 5969 5968)
4(5849 5860 5970 5959)
4(5859 5969 5970 5860)
4(5958 5959 5970 5969)
4(5850 5861 5971 5960)
4(5860 5970 5971 5861)
4(5959 5960 5971 5970)
4(5851 5862 5972 5961)
4(5861 5971 5972 5862)
4(5960 5961 5972 5971)
4(5852 5863 5973 5962)
4(5862 5972 5973 5863)
4(5961 5962 5973 5972)
4(5853 5864 5974 5963)
4(5863 5973 5974 5864)
4(5962 5963 5974 5973)
4(5854 5865 5975 5964)
4(5864 5974 5975 5865)
4(5963 5964 5975 5974)
4(5865 5975 5976 5866)
4(5964 5965 5976 5975)
4(5855 5866 5976 5965)
4(5857 5868 5978 5967)
4(5966 5967 5978 5977)
4(5858 5869 5979 5968)
4(5967 5968 5979 5978)
4(5859 5870 5980 5969)
4(5968 5969 5980 5979)
4(5860 5871 5981 5970)
4(5969 5970 5981 5980)
4(5861 5872 5982 5971)
4(5970 5971 5982 5981)
4(5862 5873 5983 5972)
4(5971 5972 5983 5982)
4(5863 5874 5984 5973)
4(5972 5973 5984 5983)
4(5864 5875 5985 5974)
4(5973 5974 5985 5984)
4(5865 5876 5986 5975)
4(5974 5975 5986 5985)
4(5975 5976 5987 5986)
4(5866 5877 5987 5976)
4(1932 5879 5989 2009)
4(5878 5988 5989 5879)
4(2008 2009 5989 5988)
4(1933 5880 5990 2010)
4(5879 5989 5990 5880)
4(2009 2010 5990 5989)
4(1934 5881 5991 2011)
4(5880 5990 5991 5881)
4(2010 2011 5991 5990)
4(1935 5882 5992 2012)
4(5881 5991 5992 5882)
4(2011 2012 5992 5991)
4(1936 5883 5993 2013)
4(5882 5992 5993 5883)
4(2012 2013 5993 5992)
4(1937 5884 5994 2014)
4(5883 5993 5994 5884)
4(2013 2014 5994 5993)
4(1938 5885 5995 2015)
4(5884 5994 5995 5885)
4(2014 2015 5995 5994)
4(1939 5886 5996 2016)
4(5885 5995 5996 5886)
4(2015 2016 5996 5995)
4(1940 5887 5997 2017)
4(5886 5996 5997 5887)
4(2016 2017 5997 5996)
4(5887 5997 5998 5888)
4(2017 2018 5998 5997)
4(1941 5888 5998 2018)
4(5879 5890 6000 5989)
4(5889 5999 6000 5890)
4(5988 5989 6000 5999)
4(5880 5891 6001 5990)
4(5890 6000 6001 5891)
4(5989 5990 6001 6000)
4(5881 5892 6002 5991)
4(5891 6001 6002 5892)
4(5990 5991 6002 6001)
4(5882 5893 6003 5992)
4(5892 6002 6003 5893)
4(5991 5992 6003 6002)
4(5883 5894 6004 5993)
4(5893 6003 6004 5894)
4(5992 5993 6004 6003)
4(5884 5895 6005 5994)
4(5894 6004 6005 5895)
4(5993 5994 6005 6004)
4(5885 5896 6006 5995)
4(5895 6005 6006 5896)
4(5994 5995 6006 6005)
4(5886 5897 6007 5996)
4(5896 6006 6007 5897)
4(5995 5996 6007 6006)
4(5887 5898 6008 5997)
4(5897 6007 6008 5898)
4(5996 5997 6008 6007)
4(5898 6008 6009 5899)
4(5997 5998 6009 6008)
4(5888 5899 6009 5998)
4(5890 5901 6011 6000)
4(5900 6010 6011 5901)
4(5999 6000 6011 6010)
4(5891 5902 6012 6001)
4(5901 6011 6012 5902)
4(6000 6001 6012 6011)
4(5892 5903 6013 6002)
4(5902 6012 6013 5903)
4(6001 6002 6013 6012)
4(5893 5904 6014 6003)
4(5903 6013 6014 5904)
4(6002 6003 6014 6013)
4(5894 5905 6015 6004)
4(5904 6014 6015 5905)
4(6003 6004 6015 6014)
4(5895 5906 6016 6005)
4(5905 6015 6016 5906)
4(6004 6005 6016 6015)
4(5896 5907 6017 6006)
4(5906 6016 6017 5907)
4(6005 6006 6017 6016)
4(5897 5908 6018 6007)
4(5907 6017 6018 5908)
4(6006 6007 6018 6017)
4(5898 5909 6019 6008)
4(5908 6018 6019 5909)
4(6007 6008 6019 6018)
4(5909 6019 6020 5910)
4(6008 6009 6020 6019)
4(5899 5910 6020 6009)
4(5901 5912 6022 6011)
4(5911 6021 6022 5912)
4(6010 6011 6022 6021)
4(5902 5913 6023 6012)
4(5912 6022 6023 5913)
4(6011 6012 6023 6022)
4(5903 5914 6024 6013)
4(5913 6023 6024 5914)
4(6012 6013 6024 6023)
4(5904 5915 6025 6014)
4(5914 6024 6025 5915)
4(6013 6014 6025 6024)
4(5905 5916 6026 6015)
4(5915 6025 6026 5916)
4(6014 6015 6026 6025)
4(5906 5917 6027 6016)
4(5916 6026 6027 5917)
4(6015 6016 6027 6026)
4(5907 5918 6028 6017)
4(5917 6027 6028 5918)
4(6016 6017 6028 6027)
4(5908 5919 6029 6018)
4(5918 6028 6029 5919)
4(6017 6018 6029 6028)
4(5909 5920 6030 6019)
4(5919 6029 6030 5920)
4(6018 6019 6030 6029)
4(5920 6030 6031 5921)
4(6019 6020 6031 6030)
4(5910 5921 6031 6020)
4(5912 5923 6033 6022)
4(5922 6032 6033 5923)
4(6021 6022 6033 6032)
4(5913 5924 6034 6023)
4(5923 6033 6034 5924)
4(6022 6023 6034 6033)
4(5914 5925 6035 6024)
4(5924 6034 6035 5925)
4(6023 6024 6035 6034)
4(5915 5926 6036 6025)
4(5925 6035 6036 5926)
4(6024 6025 6036 6035)
4(5916 5927 6037 6026)
4(5926 6036 6037 5927)
4(6025 6026 6037 6036)
4(5917 5928 6038 6027)
4(5927 6037 6038 5928)
4(6026 6027 6038 6037)
4(5918 5929 6039 6028)
4(5928 6038 6039 5929)
4(6027 6028 6039 6038)
4(5919 5930 6040 6029)
4(5929 6039 6040 5930)
4(6028 6029 6040 6039)
4(5920 5931 6041 6030)
4(5930 6040 6041 5931)
4(6029 6030 6041 6040)
4(5931 6041 6042 5932)
4(6030 6031 6042 6041)
4(5921 5932 6042 6031)
4(5923 5934 6044 6033)
4(5933 6043 6044 5934)
4(6032 6033 6044 6043)
4(5924 5935 6045 6034)
4(5934 6044 6045 5935)
4(6033 6034 6045 6044)
4(5925 5936 6046 6035)
4(5935 6045 6046 5936)
4(6034 6035 6046 6045)
4(5926 5937 6047 6036)
4(5936 6046 6047 5937)
4(6035 6036 6047 6046)
4(5927 5938 6048 6037)
4(5937 6047 6048 5938)
4(6036 6037 6048 6047)
4(5928 5939 6049 6038)
4(5938 6048 6049 5939)
4(6037 6038 6049 6048)
4(5929 5940 6050 6039)
4(5939 6049 6050 5940)
4(6038 6039 6050 6049)
4(5930 5941 6051 6040)
4(5940 6050 6051 5941)
4(6039 6040 6051 6050)
4(5931 5942 6052 6041)
4(5941 6051 6052 5942)
4(6040 6041 6052 6051)
4(5942 6052 6053 5943)
4(6041 6042 6053 6052)
4(5932 5943 6053 6042)
4(5934 5945 6055 6044)
4(5944 6054 6055 5945)
4(6043 6044 6055 6054)
4(5935 5946 6056 6045)
4(5945 6055 6056 5946)
4(6044 6045 6056 6055)
4(5936 5947 6057 6046)
4(5946 6056 6057 5947)
4(6045 6046 6057 6056)
4(5937 5948 6058 6047)
4(5947 6057 6058 5948)
4(6046 6047 6058 6057)
4(5938 5949 6059 6048)
4(5948 6058 6059 5949)
4(6047 6048 6059 6058)
4(5939 5950 6060 6049)
4(5949 6059 6060 5950)
4(6048 6049 6060 6059)
4(5940 5951 6061 6050)
4(5950 6060 6061 5951)
4(6049 6050 6061 6060)
4(5941 5952 6062 6051)
4(5951 6061 6062 5952)
4(6050 6051 6062 6061)
4(5942 5953 6063 6052)
4(5952 6062 6063 5953)
4(6051 6052 6063 6062)
4(5953 6063 6064 5954)
4(6052 6053 6064 6063)
4(5943 5954 6064 6053)
4(5945 5956 6066 6055)
4(5955 6065 6066 5956)
4(6054 6055 6066 6065)
4(5946 5957 6067 6056)
4(5956 6066 6067 5957)
4(6055 6056 6067 6066)
4(5947 5958 6068 6057)
4(5957 6067 6068 5958)
4(6056 6057 6068 6067)
4(5948 5959 6069 6058)
4(5958 6068 6069 5959)
4(6057 6058 6069 6068)
4(5949 5960 6070 6059)
4(5959 6069 6070 5960)
4(6058 6059 6070 6069)
4(5950 5961 6071 6060)
4(5960 6070 6071 5961)
4(6059 6060 6071 6070)
4(5951 5962 6072 6061)
4(5961 6071 6072 5962)
4(6060 6061 6072 6071)
4(5952 5963 6073 6062)
4(5962 6072 6073 5963)
4(6061 6062 6073 6072)
4(5953 5964 6074 6063)
4(5963 6073 6074 5964)
4(6062 6063 6074 6073)
4(5964 6074 6075 5965)
4(6063 6064 6075 6074)
4(5954 5965 6075 6064)
4(5956 5967 6077 6066)
4(5966 6076 6077 5967)
4(6065 6066 6077 6076)
4(5957 5968 6078 6067)
4(5967 6077 6078 5968)
4(6066 6067 6078 6077)
4(5958 5969 6079 6068)
4(5968 6078 6079 5969)
4(6067 6068 6079 6078)
4(5959 5970 6080 6069)
4(5969 6079 6080 5970)
4(6068 6069 6080 6079)
4(5960 5971 6081 6070)
4(5970 6080 6081 5971)
4(6069 6070 6081 6080)
4(5961 5972 6082 6071)
4(5971 6081 6082 5972)
4(6070 6071 6082 6081)
4(5962 5973 6083 6072)
4(5972 6082 6083 5973)
4(6071 6072 6083 6082)
4(5963 5974 6084 6073)
4(5973 6083 6084 5974)
4(6072 6073 6084 6083)
4(5964 5975 6085 6074)
4(5974 6084 6085 5975)
4(6073 6074 6085 6084)
4(5975 6085 6086 5976)
4(6074 6075 6086 6085)
4(5965 5976 6086 6075)
4(5967 5978 6088 6077)
4(6076 6077 6088 6087)
4(5968 5979 6089 6078)
4(6077 6078 6089 6088)
4(5969 5980 6090 6079)
4(6078 6079 6090 6089)
4(5970 5981 6091 6080)
4(6079 6080 6091 6090)
4(5971 5982 6092 6081)
4(6080 6081 6092 6091)
4(5972 5983 6093 6082)
4(6081 6082 6093 6092)
4(5973 5984 6094 6083)
4(6082 6083 6094 6093)
4(5974 5985 6095 6084)
4(6083 6084 6095 6094)
4(5975 5986 6096 6085)
4(6084 6085 6096 6095)
4(6085 6086 6097 6096)
4(5976 5987 6097 6086)
4(2009 5989 6099 2086)
4(5988 6098 6099 5989)
4(2010 5990 6100 2087)
4(5989 6099 6100 5990)
4(2011 5991 6101 2088)
4(5990 6100 6101 5991)
4(2012 5992 6102 2089)
4(5991 6101 6102 5992)
4(2013 5993 6103 2090)
4(5992 6102 6103 5993)
4(2014 5994 6104 2091)
4(5993 6103 6104 5994)
4(2015 5995 6105 2092)
4(5994 6104 6105 5995)
4(2016 5996 6106 2093)
4(5995 6105 6106 5996)
4(2017 5997 6107 2094)
4(5996 6106 6107 5997)
4(5997 6107 6108 5998)
4(2018 5998 6108 2095)
4(5989 6000 6110 6099)
4(5999 6109 6110 6000)
4(5990 6001 6111 6100)
4(6000 6110 6111 6001)
4(5991 6002 6112 6101)
4(6001 6111 6112 6002)
4(5992 6003 6113 6102)
4(6002 6112 6113 6003)
4(5993 6004 6114 6103)
4(6003 6113 6114 6004)
4(5994 6005 6115 6104)
4(6004 6114 6115 6005)
4(5995 6006 6116 6105)
4(6005 6115 6116 6006)
4(5996 6007 6117 6106)
4(6006 6116 6117 6007)
4(5997 6008 6118 6107)
4(6007 6117 6118 6008)
4(6008 6118 6119 6009)
4(5998 6009 6119 6108)
4(6000 6011 6121 6110)
4(6010 6120 6121 6011)
4(6001 6012 6122 6111)
4(6011 6121 6122 6012)
4(6002 6013 6123 6112)
4(6012 6122 6123 6013)
4(6003 6014 6124 6113)
4(6013 6123 6124 6014)
4(6004 6015 6125 6114)
4(6014 6124 6125 6015)
4(6005 6016 6126 6115)
4(6015 6125 6126 6016)
4(6006 6017 6127 6116)
4(6016 6126 6127 6017)
4(6007 6018 6128 6117)
4(6017 6127 6128 6018)
4(6008 6019 6129 6118)
4(6018 6128 6129 6019)
4(6019 6129 6130 6020)
4(6009 6020 6130 6119)
4(6011 6022 6132 6121)
4(6021 6131 6132 6022)
4(6012 6023 6133 6122)
4(6022 6132 6133 6023)
4(6013 6024 6134 6123)
4(6023 6133 6134 6024)
4(6014 6025 6135 6124)
4(6024 6134 6135 6025)
4(6015 6026 6136 6125)
4(6025 6135 6136 6026)
4(6016 6027 6137 6126)
4(6026 6136 6137 6027)
4(6017 6028 6138 6127)
4(6027 6137 6138 6028)
4(6018 6029 6139 6128)
4(6028 6138 6139 6029)
4(6019 6030 6140 6129)
4(6029 6139 6140 6030)
4(6030 6140 6141 6031)
4(6020 6031 6141 6130)
4(6022 6033 6143 6132)
4(6032 6142 6143 6033)
4(6023 6034 6144 6133)
4(6033 6143 6144 6034)
4(6024 6035 6145 6134)
4(6034 6144 6145 6035)
4(6025 6036 6146 6135)
4(6035 6145 6146 6036)
4(6026 6037 6147 6136)
4(6036 6146 6147 6037)
4(6027 6038 6148 6137)
4(6037 6147 6148 6038)
4(6028 6039 6149 6138)
4(6038 6148 6149 6039)
4(6029 6040 6150 6139)
4(6039 6149 6150 6040)
4(6030 6041 6151 6140)
4(6040 6150 6151 6041)
4(6041 6151 6152 6042)
4(6031 6042 6152 6141)
4(6033 6044 6154 6143)
4(6043 6153 6154 6044)
4(6034 6045 6155 6144)
4(6044 6154 6155 6045)
4(6035 6046 6156 6145)
4(6045 6155 6156 6046)
4(6036 6047 6157 6146)
4(6046 6156 6157 6047)
4(6037 6048 6158 6147)
4(6047 6157 6158 6048)
4(6038 6049 6159 6148)
4(6048 6158 6159 6049)
4(6039 6050 6160 6149)
4(6049 6159 6160 6050)
4(6040 6051 6161 6150)
4(6050 6160 6161 6051)
4(6041 6052 6162 6151)
4(6051 6161 6162 6052)
4(6052 6162 6163 6053)
4(6042 6053 6163 6152)
4(6044 6055 6165 6154)
4(6054 6164 6165 6055)
4(6045 6056 6166 6155)
4(6055 6165 6166 6056)
4(6046 6057 6167 6156)
4(6056 6166 6167 6057)
4(6047 6058 6168 6157)
4(6057 6167 6168 6058)
4(6048 6059 6169 6158)
4(6058 6168 6169 6059)
4(6049 6060 6170 6159)
4(6059 6169 6170 6060)
4(6050 6061 6171 6160)
4(6060 6170 6171 6061)
4(6051 6062 6172 6161)
4(6061 6171 6172 6062)
4(6052 6063 6173 6162)
4(6062 6172 6173 6063)
4(6063 6173 6174 6064)
4(6053 6064 6174 6163)
4(6055 6066 6176 6165)
4(6065 6175 6176 6066)
4(6056 6067 6177 6166)
4(6066 6176 6177 6067)
4(6057 6068 6178 6167)
4(6067 6177 6178 6068)
4(6058 6069 6179 6168)
4(6068 6178 6179 6069)
4(6059 6070 6180 6169)
4(6069 6179 6180 6070)
4(6060 6071 6181 6170)
4(6070 6180 6181 6071)
4(6061 6072 6182 6171)
4(6071 6181 6182 6072)
4(6062 6073 6183 6172)
4(6072 6182 6183 6073)
4(6063 6074 6184 6173)
4(6073 6183 6184 6074)
4(6074 6184 6185 6075)
4(6064 6075 6185 6174)
4(6066 6077 6187 6176)
4(6076 6186 6187 6077)
4(6067 6078 6188 6177)
4(6077 6187 6188 6078)
4(6068 6079 6189 6178)
4(6078 6188 6189 6079)
4(6069 6080 6190 6179)
4(6079 6189 6190 6080)
4(6070 6081 6191 6180)
4(6080 6190 6191 6081)
4(6071 6082 6192 6181)
4(6081 6191 6192 6082)
4(6072 6083 6193 6182)
4(6082 6192 6193 6083)
4(6073 6084 6194 6183)
4(6083 6193 6194 6084)
4(6074 6085 6195 6184)
4(6084 6194 6195 6085)
4(6085 6195 6196 6086)
4(6075 6086 6196 6185)
4(6077 6088 6198 6187)
4(6078 6089 6199 6188)
4(6079 6090 6200 6189)
4(6080 6091 6201 6190)
4(6081 6092 6202 6191)
4(6082 6093 6203 6192)
4(6083 6094 6204 6193)
4(6084 6095 6205 6194)
4(6085 6096 6206 6195)
4(6086 6097 6207 6196)
4(4458 4568 6218 6208)
4(1017 2109 6218 4568)
4(2102 6208 6218 2109)
4(4469 4579 6219 6209)
4(4568 6218 6219 4579)
4(6208 6209 6219 6218)
4(4480 4590 6220 6210)
4(4579 6219 6220 4590)
4(6209 6210 6220 6219)
4(4491 4601 6221 6211)
4(4590 6220 6221 4601)
4(6210 6211 6221 6220)
4(4502 4612 6222 6212)
4(4601 6221 6222 4612)
4(6211 6212 6222 6221)
4(4513 4623 6223 6213)
4(4612 6222 6223 4623)
4(6212 6213 6223 6222)
4(4524 4634 6224 6214)
4(4623 6223 6224 4634)
4(6213 6214 6224 6223)
4(4535 4645 6225 6215)
4(4634 6224 6225 4645)
4(6214 6215 6225 6224)
4(4546 4656 6226 6216)
4(4645 6225 6226 4656)
4(6215 6216 6226 6225)
4(4656 6226 6227 4667)
4(6216 6217 6227 6226)
4(4568 4678 6228 6218)
4(1094 2116 6228 4678)
4(2109 6218 6228 2116)
4(4579 4689 6229 6219)
4(4678 6228 6229 4689)
4(6218 6219 6229 6228)
4(4590 4700 6230 6220)
4(4689 6229 6230 4700)
4(6219 6220 6230 6229)
4(4601 4711 6231 6221)
4(4700 6230 6231 4711)
4(6220 6221 6231 6230)
4(4612 4722 6232 6222)
4(4711 6231 6232 4722)
4(6221 6222 6232 6231)
4(4623 4733 6233 6223)
4(4722 6232 6233 4733)
4(6222 6223 6233 6232)
4(4634 4744 6234 6224)
4(4733 6233 6234 4744)
4(6223 6224 6234 6233)
4(4645 4755 6235 6225)
4(4744 6234 6235 4755)
4(6224 6225 6235 6234)
4(4656 4766 6236 6226)
4(4755 6235 6236 4766)
4(6225 6226 6236 6235)
4(4766 6236 6237 4777)
4(6226 6227 6237 6236)
4(4678 4788 6238 6228)
4(1171 2123 6238 4788)
4(2116 6228 6238 2123)
4(4689 4799 6239 6229)
4(4788 6238 6239 4799)
4(6228 6229 6239 6238)
4(4700 4810 6240 6230)
4(4799 6239 6240 4810)
4(6229 6230 6240 6239)
4(4711 4821 6241 6231)
4(4810 6240 6241 4821)
4(6230 6231 6241 6240)
4(4722 4832 6242 6232)
4(4821 6241 6242 4832)
4(6231 6232 6242 6241)
4(4733 4843 6243 6233)
4(4832 6242 6243 4843)
4(6232 6233 6243 6242)
4(4744 4854 6244 6234)
4(4843 6243 6244 4854)
4(6233 6234 6244 6243)
4(4755 4865 6245 6235)
4(4854 6244 6245 4865)
4(6234 6235 6245 6244)
4(4766 4876 6246 6236)
4(4865 6245 6246 4876)
4(6235 6236 6246 6245)
4(4876 6246 6247 4887)
4(6236 6237 6247 6246)
4(4788 4898 6248 6238)
4(1248 2130 6248 4898)
4(2123 6238 6248 2130)
4(4799 4909 6249 6239)
4(4898 6248 6249 4909)
4(6238 6239 6249 6248)
4(4810 4920 6250 6240)
4(4909 6249 6250 4920)
4(6239 6240 6250 6249)
4(4821 4931 6251 6241)
4(4920 6250 6251 4931)
4(6240 6241 6251 6250)
4(4832 4942 6252 6242)
4(4931 6251 6252 4942)
4(6241 6242 6252 6251)
4(4843 4953 6253 6243)
4(4942 6252 6253 4953)
4(6242 6243 6253 6252)
4(4854 4964 6254 6244)
4(4953 6253 6254 4964)
4(6243 6244 6254 6253)
4(4865 4975 6255 6245)
4(4964 6254 6255 4975)
4(6244 6245 6255 6254)
4(4876 4986 6256 6246)
4(4975 6255 6256 4986)
4(6245 6246 6256 6255)
4(4986 6256 6257 4997)
4(6246 6247 6257 6256)
4(4898 5008 6258 6248)
4(1325 2137 6258 5008)
4(2130 6248 6258 2137)
4(4909 5019 6259 6249)
4(5008 6258 6259 5019)
4(6248 6249 6259 6258)
4(4920 5030 6260 6250)
4(5019 6259 6260 5030)
4(6249 6250 6260 6259)
4(4931 5041 6261 6251)
4(5030 6260 6261 5041)
4(6250 6251 6261 6260)
4(4942 5052 6262 6252)
4(5041 6261 6262 5052)
4(6251 6252 6262 6261)
4(4953 5063 6263 6253)
4(5052 6262 6263 5063)
4(6252 6253 6263 6262)
4(4964 5074 6264 6254)
4(5063 6263 6264 5074)
4(6253 6254 6264 6263)
4(4975 5085 6265 6255)
4(5074 6264 6265 5085)
4(6254 6255 6265 6264)
4(4986 5096 6266 6256)
4(5085 6265 6266 5096)
4(6255 6256 6266 6265)
4(5096 6266 6267 5107)
4(6256 6257 6267 6266)
4(5008 5118 6268 6258)
4(1402 2144 6268 5118)
4(2137 6258 6268 2144)
4(5019 5129 6269 6259)
4(5118 6268 6269 5129)
4(6258 6259 6269 6268)
4(5030 5140 6270 6260)
4(5129 6269 6270 5140)
4(6259 6260 6270 6269)
4(5041 5151 6271 6261)
4(5140 6270 6271 5151)
4(6260 6261 6271 6270)
4(5052 5162 6272 6262)
4(5151 6271 6272 5162)
4(6261 6262 6272 6271)
4(5063 5173 6273 6263)
4(5162 6272 6273 5173)
4(6262 6263 6273 6272)
4(5074 5184 6274 6264)
4(5173 6273 6274 5184)
4(6263 6264 6274 6273)
4(5085 5195 6275 6265)
4(5184 6274 6275 5195)
4(6264 6265 6275 6274)
4(5096 5206 6276 6266)
4(5195 6275 6276 5206)
4(6265 6266 6276 6275)
4(5206 6276 6277 5217)
4(6266 6267 6277 6276)
4(5118 5228 6278 6268)
4(1479 2151 6278 5228)
4(2144 6268 6278 2151)
4(5129 5239 6279 6269)
4(5228 6278 6279 5239)
4(6268 6269 6279 6278)
4(5140 5250 6280 6270)
4(5239 6279 6280 5250)
4(6269 6270 6280 6279)
4(5151 5261 6281 6271)
4(5250 6280 6281 5261)
4(6270 6271 6281 6280)
4(5162 5272 6282 6272)
4(5261 6281 6282 5272)
4(6271 6272 6282 6281)
4(5173 5283 6283 6273)
4(5272 6282 6283 5283)
4(6272 6273 6283 6282)
4(5184 5294 6284 6274)
4(5283 6283 6284 5294)
4(6273 6274 6284 6283)
4(5195 5305 6285 6275)
4(5294 6284 6285 5305)
4(6274 6275 6285 6284)
4(5206 5316 6286 6276)
4(5305 6285 6286 5316)
4(6275 6276 6286 6285)
4(5316 6286 6287 5327)
4(6276 6277 6287 6286)
4(5228 5338 6288 6278)
4(1556 2158 6288 5338)
4(2151 6278 6288 2158)
4(5239 5349 6289 6279)
4(5338 6288 6289 5349)
4(6278 6279 6289 6288)
4(5250 5360 6290 6280)
4(5349 6289 6290 5360)
4(6279 6280 6290 6289)
4(5261 5371 6291 6281)
4(5360 6290 6291 5371)
4(6280 6281 6291 6290)
4(5272 5382 6292 6282)
4(5371 6291 6292 5382)
4(6281 6282 6292 6291)
4(5283 5393 6293 6283)
4(5382 6292 6293 5393)
4(6282 6283 6293 6292)
4(5294 5404 6294 6284)
4(5393 6293 6294 5404)
4(6283 6284 6294 6293)
4(5305 5415 6295 6285)
4(5404 6294 6295 5415)
4(6284 6285 6295 6294)
4(5316 5426 6296 6286)
4(5415 6295 6296 5426)
4(6285 6286 6296 6295)
4(5426 6296 6297 5437)
4(6286 6287 6297 6296)
4(5338 5448 6298 6288)
4(1633 2165 6298 5448)
4(2158 6288 6298 2165)
4(5349 5459 6299 6289)
4(5448 6298 6299 5459)
4(6288 6289 6299 6298)
4(5360 5470 6300 6290)
4(5459 6299 6300 5470)
4(6289 6290 6300 6299)
4(5371 5481 6301 6291)
4(5470 6300 6301 5481)
4(6290 6291 6301 6300)
4(5382 5492 6302 6292)
4(5481 6301 6302 5492)
4(6291 6292 6302 6301)
4(5393 5503 6303 6293)
4(5492 6302 6303 5503)
4(6292 6293 6303 6302)
4(5404 5514 6304 6294)
4(5503 6303 6304 5514)
4(6293 6294 6304 6303)
4(5415 5525 6305 6295)
4(5514 6304 6305 5525)
4(6294 6295 6305 6304)
4(5426 5536 6306 6296)
4(5525 6305 6306 5536)
4(6295 6296 6306 6305)
4(5536 6306 6307 5547)
4(6296 6297 6307 6306)
4(5448 5558 6308 6298)
4(1710 2172 6308 5558)
4(2165 6298 6308 2172)
4(5459 5569 6309 6299)
4(5558 6308 6309 5569)
4(6298 6299 6309 6308)
4(5470 5580 6310 6300)
4(5569 6309 6310 5580)
4(6299 6300 6310 6309)
4(5481 5591 6311 6301)
4(5580 6310 6311 5591)
4(6300 6301 6311 6310)
4(5492 5602 6312 6302)
4(5591 6311 6312 5602)
4(6301 6302 6312 6311)
4(5503 5613 6313 6303)
4(5602 6312 6313 5613)
4(6302 6303 6313 6312)
4(5514 5624 6314 6304)
4(5613 6313 6314 5624)
4(6303 6304 6314 6313)
4(5525 5635 6315 6305)
4(5624 6314 6315 5635)
4(6304 6305 6315 6314)
4(5536 5646 6316 6306)
4(5635 6315 6316 5646)
4(6305 6306 6316 6315)
4(5646 6316 6317 5657)
4(6306 6307 6317 6316)
4(5558 5668 6318 6308)
4(1787 2179 6318 5668)
4(2172 6308 6318 2179)
4(5569 5679 6319 6309)
4(5668 6318 6319 5679)
4(6308 6309 6319 6318)
4(5580 5690 6320 6310)
4(5679 6319 6320 5690)
4(6309 6310 6320 6319)
4(5591 5701 6321 6311)
4(5690 6320 6321 5701)
4(6310 6311 6321 6320)
4(5602 5712 6322 6312)
4(5701 6321 6322 5712)
4(6311 6312 6322 6321)
4(5613 5723 6323 6313)
4(5712 6322 6323 5723)
4(6312 6313 6323 6322)
4(5624 5734 6324 6314)
4(5723 6323 6324 5734)
4(6313 6314 6324 6323)
4(5635 5745 6325 6315)
4(5734 6324 6325 5745)
4(6314 6315 6325 6324)
4(5646 5756 6326 6316)
4(5745 6325 6326 5756)
4(6315 6316 6326 6325)
4(5756 6326 6327 5767)
4(6316 6317 6327 6326)
4(5668 5778 6328 6318)
4(1864 2186 6328 5778)
4(2179 6318 6328 2186)
4(5679 5789 6329 6319)
4(5778 6328 6329 5789)
4(6318 6319 6329 6328)
4(5690 5800 6330 6320)
4(5789 6329 6330 5800)
4(6319 6320 6330 6329)
4(5701 5811 6331 6321)
4(5800 6330 6331 5811)
4(6320 6321 6331 6330)
4(5712 5822 6332 6322)
4(5811 6331 6332 5822)
4(6321 6322 6332 6331)
4(5723 5833 6333 6323)
4(5822 6332 6333 5833)
4(6322 6323 6333 6332)
4(5734 5844 6334 6324)
4(5833 6333 6334 5844)
4(6323 6324 6334 6333)
4(5745 5855 6335 6325)
4(5844 6334 6335 5855)
4(6324 6325 6335 6334)
4(5756 5866 6336 6326)
4(5855 6335 6336 5866)
4(6325 6326 6336 6335)
4(5866 6336 6337 5877)
4(6326 6327 6337 6336)
4(5778 5888 6338 6328)
4(1941 2193 6338 5888)
4(2186 6328 6338 2193)
4(5789 5899 6339 6329)
4(5888 6338 6339 5899)
4(6328 6329 6339 6338)
4(5800 5910 6340 6330)
4(5899 6339 6340 5910)
4(6329 6330 6340 6339)
4(5811 5921 6341 6331)
4(5910 6340 6341 5921)
4(6330 6331 6341 6340)
4(5822 5932 6342 6332)
4(5921 6341 6342 5932)
4(6331 6332 6342 6341)
4(5833 5943 6343 6333)
4(5932 6342 6343 5943)
4(6332 6333 6343 6342)
4(5844 5954 6344 6334)
4(5943 6343 6344 5954)
4(6333 6334 6344 6343)
4(5855 5965 6345 6335)
4(5954 6344 6345 5965)
4(6334 6335 6345 6344)
4(5866 5976 6346 6336)
4(5965 6345 6346 5976)
4(6335 6336 6346 6345)
4(5976 6346 6347 5987)
4(6336 6337 6347 6346)
4(5888 5998 6348 6338)
4(2018 2200 6348 5998)
4(2193 6338 6348 2200)
4(5899 6009 6349 6339)
4(5998 6348 6349 6009)
4(6338 6339 6349 6348)
4(5910 6020 6350 6340)
4(6009 6349 6350 6020)
4(6339 6340 6350 6349)
4(5921 6031 6351 6341)
4(6020 6350 6351 6031)
4(6340 6341 6351 6350)
4(5932 6042 6352 6342)
4(6031 6351 6352 6042)
4(6341 6342 6352 6351)
4(5943 6053 6353 6343)
4(6042 6352 6353 6053)
4(6342 6343 6353 6352)
4(5954 6064 6354 6344)
4(6053 6353 6354 6064)
4(6343 6344 6354 6353)
4(5965 6075 6355 6345)
4(6064 6354 6355 6075)
4(6344 6345 6355 6354)
4(5976 6086 6356 6346)
4(6075 6355 6356 6086)
4(6345 6346 6356 6355)
4(6086 6356 6357 6097)
4(6346 6347 6357 6356)
4(5998 6108 6358 6348)
4(2200 6348 6358 2207)
4(6009 6119 6359 6349)
4(6348 6349 6359 6358)
4(6020 6130 6360 6350)
4(6349 6350 6360 6359)
4(6031 6141 6361 6351)
4(6350 6351 6361 6360)
4(6042 6152 6362 6352)
4(6351 6352 6362 6361)
4(6053 6163 6363 6353)
4(6352 6353 6363 6362)
4(6064 6174 6364 6354)
4(6353 6354 6364 6363)
4(6075 6185 6365 6355)
4(6354 6355 6365 6364)
4(6086 6196 6366 6356)
4(6355 6356 6366 6365)
4(6356 6357 6367 6366)
4(2232 6368 6408 2260)
4(6208 6218 6408 6368)
4(2109 2260 6408 6218)
4(2233 6369 6409 2261)
4(6368 6408 6409 6369)
4(2260 2261 6409 6408)
4(2234 6370 6410 2262)
4(6369 6409 6410 6370)
4(2261 2262 6410 6409)
4(6370 6410 6411 6371)
4(2262 2263 6411 6410)
4(2235 6371 6411 2263)
4(6368 6372 6412 6408)
4(6209 6219 6412 6372)
4(6218 6408 6412 6219)
4(6369 6373 6413 6409)
4(6372 6412 6413 6373)
4(6408 6409 6413 6412)
4(6370 6374 6414 6410)
4(6373 6413 6414 6374)
4(6409 6410 6414 6413)
4(6374 6414 6415 6375)
4(6410 6411 6415 6414)
4(6371 6375 6415 6411)
4(6372 6376 6416 6412)
4(6210 6220 6416 6376)
4(6219 6412 6416 6220)
4(6373 6377 6417 6413)
4(6376 6416 6417 6377)
4(6412 6413 6417 6416)
4(6374 6378 6418 6414)
4(6377 6417 6418 6378)
4(6413 6414 6418 6417)
4(6378 6418 6419 6379)
4(6414 6415 6419 6418)
4(6375 6379 6419 6415)
4(6376 6380 6420 6416)
4(6211 6221 6420 6380)
4(6220 6416 6420 6221)
4(6377 6381 6421 6417)
4(6380 6420 6421 6381)
4(6416 6417 6421 6420)
4(6378 6382 6422 6418)
4(6381 6421 6422 6382)
4(6417 6418 6422 6421)
4(6382 6422 6423 6383)
4(6418 6419 6423 6422)
4(6379 6383 6423 6419)
4(6380 6384 6424 6420)
4(6212 6222 6424 6384)
4(6221 6420 6424 6222)
4(6381 6385 6425 6421)
4(6384 6424 6425 6385)
4(6420 6421 6425 6424)
4(6382 6386 6426 6422)
4(6385 6425 6426 6386)
4(6421 6422 6426 6425)
4(6386 6426 6427 6387)
4(6422 6423 6427 6426)
4(6383 6387 6427 6423)
4(6384 6388 6428 6424)
4(6213 6223 6428 6388)
4(6222 6424 6428 6223)
4(6385 6389 6429 6425)
4(6388 6428 6429 6389)
4(6424 6425 6429 6428)
4(6386 6390 6430 6426)
4(6389 6429 6430 6390)
4(6425 6426 6430 6429)
4(6390 6430 6431 6391)
4(6426 6427 6431 6430)
4(6387 6391 6431 6427)
4(6388 6392 6432 6428)
4(6214 6224 6432 6392)
4(6223 6428 6432 6224)
4(6389 6393 6433 6429)
4(6392 6432 6433 6393)
4(6428 6429 6433 6432)
4(6390 6394 6434 6430)
4(6393 6433 6434 6394)
4(6429 6430 6434 6433)
4(6394 6434 6435 6395)
4(6430 6431 6435 6434)
4(6391 6395 6435 6431)
4(6392 6396 6436 6432)
4(6215 6225 6436 6396)
4(6224 6432 6436 6225)
4(6393 6397 6437 6433)
4(6396 6436 6437 6397)
4(6432 6433 6437 6436)
4(6394 6398 6438 6434)
4(6397 6437 6438 6398)
4(6433 6434 6438 6437)
4(6398 6438 6439 6399)
4(6434 6435 6439 6438)
4(6395 6399 6439 6435)
4(6396 6400 6440 6436)
4(6216 6226 6440 6400)
4(6225 6436 6440 6226)
4(6397 6401 6441 6437)
4(6400 6440 6441 6401)
4(6436 6437 6441 6440)
4(6398 6402 6442 6438)
4(6401 6441 6442 6402)
4(6437 6438 6442 6441)
4(6402 6442 6443 6403)
4(6438 6439 6443 6442)
4(6399 6403 6443 6439)
4(6400 6404 6444 6440)
4(6226 6440 6444 6227)
4(6401 6405 6445 6441)
4(6440 6441 6445 6444)
4(6402 6406 6446 6442)
4(6441 6442 6446 6445)
4(6442 6443 6447 6446)
4(6403 6407 6447 6443)
4(2260 6408 6448 2288)
4(6218 6228 6448 6408)
4(2116 2288 6448 6228)
4(2261 6409 6449 2289)
4(6408 6448 6449 6409)
4(2288 2289 6449 6448)
4(2262 6410 6450 2290)
4(6409 6449 6450 6410)
4(2289 2290 6450 6449)
4(6410 6450 6451 6411)
4(2290 2291 6451 6450)
4(2263 6411 6451 2291)
4(6408 6412 6452 6448)
4(6219 6229 6452 6412)
4(6228 6448 6452 6229)
4(6409 6413 6453 6449)
4(6412 6452 6453 6413)
4(6448 6449 6453 6452)
4(6410 6414 6454 6450)
4(6413 6453 6454 6414)
4(6449 6450 6454 6453)
4(6414 6454 6455 6415)
4(6450 6451 6455 6454)
4(6411 6415 6455 6451)
4(6412 6416 6456 6452)
4(6220 6230 6456 6416)
4(6229 6452 6456 6230)
4(6413 6417 6457 6453)
4(6416 6456 6457 6417)
4(6452 6453 6457 6456)
4(6414 6418 6458 6454)
4(6417 6457 6458 6418)
4(6453 6454 6458 6457)
4(6418 6458 6459 6419)
4(6454 6455 6459 6458)
4(6415 6419 6459 6455)
4(6416 6420 6460 6456)
4(6221 6231 6460 6420)
4(6230 6456 6460 6231)
4(6417 6421 6461 6457)
4(6420 6460 6461 6421)
4(6456 6457 6461 6460)
4(6418 6422 6462 6458)
4(6421 6461 6462 6422)
4(6457 6458 6462 6461)
4(6422 6462 6463 6423)
4(6458 6459 6463 6462)
4(6419 6423 6463 6459)
4(6420 6424 6464 6460)
4(6222 6232 6464 6424)
4(6231 6460 6464 6232)
4(6421 6425 6465 6461)
4(6424 6464 6465 6425)
4(6460 6461 6465 6464)
4(6422 6426 6466 6462)
4(6425 6465 6466 6426)
4(6461 6462 6466 6465)
4(6426 6466 6467 6427)
4(6462 6463 6467 6466)
4(6423 6427 6467 6463)
4(6424 6428 6468 6464)
4(6223 6233 6468 6428)
4(6232 6464 6468 6233)
4(6425 6429 6469 6465)
4(6428 6468 6469 6429)
4(6464 6465 6469 6468)
4(6426 6430 6470 6466)
4(6429 6469 6470 6430)
4(6465 6466 6470 6469)
4(6430 6470 6471 6431)
4(6466 6467 6471 6470)
4(6427 6431 6471 6467)
4(6428 6432 6472 6468)
4(6224 6234 6472 6432)
4(6233 6468 6472 6234)
4(6429 6433 6473 6469)
4(6432 6472 6473 6433)
4(6468 6469 6473 6472)
4(6430 6434 6474 6470)
4(6433 6473 6474 6434)
4(6469 6470 6474 6473)
4(6434 6474 6475 6435)
4(6470 6471 6475 6474)
4(6431 6435 6475 6471)
4(6432 6436 6476 6472)
4(6225 6235 6476 6436)
4(6234 6472 6476 6235)
4(6433 6437 6477 6473)
4(6436 6476 6477 6437)
4(6472 6473 6477 6476)
4(6434 6438 6478 6474)
4(6437 6477 6478 6438)
4(6473 6474 6478 6477)
4(6438 6478 6479 6439)
4(6474 6475 6479 6478)
4(6435 6439 6479 6475)
4(6436 6440 6480 6476)
4(6226 6236 6480 6440)
4(6235 6476 6480 6236)
4(6437 6441 6481 6477)
4(6440 6480 6481 6441)
4(6476 6477 6481 6480)
4(6438 6442 6482 6478)
4(6441 6481 6482 6442)
4(6477 6478 6482 6481)
4(6442 6482 6483 6443)
4(6478 6479 6483 6482)
4(6439 6443 6483 6479)
4(6440 6444 6484 6480)
4(6236 6480 6484 6237)
4(6441 6445 6485 6481)
4(6480 6481 6485 6484)
4(6442 6446 6486 6482)
4(6481 6482 6486 6485)
4(6482 6483 6487 6486)
4(6443 6447 6487 6483)
4(2288 6448 6488 2316)
4(6228 6238 6488 6448)
4(2123 2316 6488 6238)
4(2289 6449 6489 2317)
4(6448 6488 6489 6449)
4(2316 2317 6489 6488)
4(2290 6450 6490 2318)
4(6449 6489 6490 6450)
4(2317 2318 6490 6489)
4(6450 6490 6491 6451)
4(2318 2319 6491 6490)
4(2291 6451 6491 2319)
4(6448 6452 6492 6488)
4(6229 6239 6492 6452)
4(6238 6488 6492 6239)
4(6449 6453 6493 6489)
4(6452 6492 6493 6453)
4(6488 6489 6493 6492)
4(6450 6454 6494 6490)
4(6453 6493 6494 6454)
4(6489 6490 6494 6493)
4(6454 6494 6495 6455)
4(6490 6491 6495 6494)
4(6451 6455 6495 6491)
4(6452 6456 6496 6492)
4(6230 6240 6496 6456)
4(6239 6492 6496 6240)
4(6453 6457 6497 6493)
4(6456 6496 6497 6457)
4(6492 6493 6497 6496)
4(6454 6458 6498 6494)
4(6457 6497 6498 6458)
4(6493 6494 6498 6497)
4(6458 6498 6499 6459)
4(6494 6495 6499 6498)
4(6455 6459 6499 6495)
4(6456 6460 6500 6496)
4(6231 6241 6500 6460)
4(6240 6496 6500 6241)
4(6457 6461 6501 6497)
4(6460 6500 6501 6461)
4(6496 6497 6501 6500)
4(6458 6462 6502 6498)
4(6461 6501 6502 6462)
4(6497 6498 6502 6501)
4(6462 6502 6503 6463)
4(6498 6499 6503 6502)
4(6459 6463 6503 6499)
4(6460 6464 6504 6500)
4(6232 6242 6504 6464)
4(6241 6500 6504 6242)
4(6461 6465 6505 6501)
4(6464 6504 6505 6465)
4(6500 6501 6505 6504)
4(6462 6466 6506 6502)
4(6465 6505 6506 6466)
4(6501 6502 6506 6505)
4(6466 6506 6507 6467)
4(6502 6503 6507 6506)
4(6463 6467 6507 6503)
4(6464 6468 6508 6504)
4(6233 6243 6508 6468)
4(6242 6504 6508 6243)
4(6465 6469 6509 6505)
4(6468 6508 6509 6469)
4(6504 6505 6509 6508)
4(6466 6470 6510 6506)
4(6469 6509 6510 6470)
4(6505 6506 6510 6509)
4(6470 6510 6511 6471)
4(6506 6507 6511 6510)
4(6467 6471 6511 6507)
4(6468 6472 6512 6508)
4(6234 6244 6512 6472)
4(6243 6508 6512 6244)
4(6469 6473 6513 6509)
4(6472 6512 6513 6473)
4(6508 6509 6513 6512)
4(6470 6474 6514 6510)
4(6473 6513 6514 6474)
4(6509 6510 6514 6513)
4(6474 6514 6515 6475)
4(6510 6511 6515 6514)
4(6471 6475 6515 6511)
4(6472 6476 6516 6512)
4(6235 6245 6516 6476)
4(6244 6512 6516 6245)
4(6473 6477 6517 6513)
4(6476 6516 6517 6477)
4(6512 6513 6517 6516)
4(6474 6478 6518 6514)
4(6477 6517 6518 6478)
4(6513 6514 6518 6517)
4(6478 6518 6519 6479)
4(6514 6515 6519 6518)
4(6475 6479 6519 6515)
4(6476 6480 6520 6516)
4(6236 6246 6520 6480)
4(6245 6516 6520 6246)
4(6477 6481 6521 6517)
4(6480 6520 6521 6481)
4(6516 6517 6521 6520)
4(6478 6482 6522 6518)
4(6481 6521 6522 6482)
4(6517 6518 6522 6521)
4(6482 6522 6523 6483)
4(6518 6519 6523 6522)
4(6479 6483 6523 6519)
4(6480 6484 6524 6520)
4(6246 6520 6524 6247)
4(6481 6485 6525 6521)
4(6520 6521 6525 6524)
4(6482 6486 6526 6522)
4(6521 6522 6526 6525)
4(6522 6523 6527 6526)
4(6483 6487 6527 6523)
4(2316 6488 6528 2344)
4(6238 6248 6528 6488)
4(2130 2344 6528 6248)
4(2317 6489 6529 2345)
4(6488 6528 6529 6489)
4(2344 2345 6529 6528)
4(2318 6490 6530 2346)
4(6489 6529 6530 6490)
4(2345 2346 6530 6529)
4(6490 6530 6531 6491)
4(2346 2347 6531 6530)
4(2319 6491 6531 2347)
4(6488 6492 6532 6528)
4(6239 6249 6532 6492)
4(6248 6528 6532 6249)
4(6489 6493 6533 6529)
4(6492 6532 6533 6493)
4(6528 6529 6533 6532)
4(6490 6494 6534 6530)
4(6493 6533 6534 6494)
4(6529 6530 6534 6533)
4(6494 6534 6535 6495)
4(6530 6531 6535 6534)
4(6491 6495 6535 6531)
4(6492 6496 6536 6532)
4(6240 6250 6536 6496)
4(6249 6532 6536 6250)
4(6493 6497 6537 6533)
4(6496 6536 6537 6497)
4(6532 6533 6537 6536)
4(6494 6498 6538 6534)
4(6497 6537 6538 6498)
4(6533 6534 6538 6537)
4(6498 6538 6539 6499)
4(6534 6535 6539 6538)
4(6495 6499 6539 6535)
4(6496 6500 6540 6536)
4(6241 6251 6540 6500)
4(6250 6536 6540 6251)
4(6497 6501 6541 6537)
4(6500 6540 6541 6501)
4(6536 6537 6541 6540)
4(6498 6502 6542 6538)
4(6501 6541 6542 6502)
4(6537 6538 6542 6541)
4(6502 6542 6543 6503)
4(6538 6539 6543 6542)
4(6499 6503 6543 6539)
4(6500 6504 6544 6540)
4(6242 6252 6544 6504)
4(6251 6540 6544 6252)
4(6501 6505 6545 6541)
4(6504 6544 6545 6505)
4(6540 6541 6545 6544)
4(6502 6506 6546 6542)
4(6505 6545 6546 6506)
4(6541 6542 6546 6545)
4(6506 6546 6547 6507)
4(6542 6543 6547 6546)
4(6503 6507 6547 6543)
4(6504 6508 6548 6544)
4(6243 6253 6548 6508)
4(6252 6544 6548 6253)
4(6505 6509 6549 6545)
4(6508 6548 6549 6509)
4(6544 6545 6549 6548)
4(6506 6510 6550 6546)
4(6509 6549 6550 6510)
4(6545 6546 6550 6549)
4(6510 6550 6551 6511)
4(6546 6547 6551 6550)
4(6507 6511 6551 6547)
4(6508 6512 6552 6548)
4(6244 6254 6552 6512)
4(6253 6548 6552 6254)
4(6509 6513 6553 6549)
4(6512 6552 6553 6513)
4(6548 6549 6553 6552)
4(6510 6514 6554 6550)
4(6513 6553 6554 6514)
4(6549 6550 6554 6553)
4(6514 6554 6555 6515)
4(6550 6551 6555 6554)
4(6511 6515 6555 6551)
4(6512 6516 6556 6552)
4(6245 6255 6556 6516)
4(6254 6552 6556 6255)
4(6513 6517 6557 6553)
4(6516 6556 6557 6517)
4(6552 6553 6557 6556)
4(6514 6518 6558 6554)
4(6517 6557 6558 6518)
4(6553 6554 6558 6557)
4(6518 6558 6559 6519)
4(6554 6555 6559 6558)
4(6515 6519 6559 6555)
4(6516 6520 6560 6556)
4(6246 6256 6560 6520)
4(6255 6556 6560 6256)
4(6517 6521 6561 6557)
4(6520 6560 6561 6521)
4(6556 6557 6561 6560)
4(6518 6522 6562 6558)
4(6521 6561 6562 6522)
4(6557 6558 6562 6561)
4(6522 6562 6563 6523)
4(6558 6559 6563 6562)
4(6519 6523 6563 6559)
4(6520 6524 6564 6560)
4(6256 6560 6564 6257)
4(6521 6525 6565 6561)
4(6560 6561 6565 6564)
4(6522 6526 6566 6562)
4(6561 6562 6566 6565)
4(6562 6563 6567 6566)
4(6523 6527 6567 6563)
4(2344 6528 6568 2372)
4(6248 6258 6568 6528)
4(2137 2372 6568 6258)
4(2345 6529 6569 2373)
4(6528 6568 6569 6529)
4(2372 2373 6569 6568)
4(2346 6530 6570 2374)
4(6529 6569 6570 6530)
4(2373 2374 6570 6569)
4(6530 6570 6571 6531)
4(2374 2375 6571 6570)
4(2347 6531 6571 2375)
4(6528 6532 6572 6568)
4(6249 6259 6572 6532)
4(6258 6568 6572 6259)
4(6529 6533 6573 6569)
4(6532 6572 6573 6533)
4(6568 6569 6573 6572)
4(6530 6534 6574 6570)
4(6533 6573 6574 6534)
4(6569 6570 6574 6573)
4(6534 6574 6575 6535)
4(6570 6571 6575 6574)
4(6531 6535 6575 6571)
4(6532 6536 6576 6572)
4(6250 6260 6576 6536)
4(6259 6572 6576 6260)
4(6533 6537 6577 6573)
4(6536 6576 6577 6537)
4(6572 6573 6577 6576)
4(6534 6538 6578 6574)
4(6537 6577 6578 6538)
4(6573 6574 6578 6577)
4(6538 6578 6579 6539)
4(6574 6575 6579 6578)
4(6535 6539 6579 6575)
4(6536 6540 6580 6576)
4(6251 6261 6580 6540)
4(6260 6576 6580 6261)
4(6537 6541 6581 6577)
4(6540 6580 6581 6541)
4(6576 6577 6581 6580)
4(6538 6542 6582 6578)
4(6541 6581 6582 6542)
4(6577 6578 6582 6581)
4(6542 6582 6583 6543)
4(6578 6579 6583 6582)
4(6539 6543 6583 6579)
4(6540 6544 6584 6580)
4(6252 6262 6584 6544)
4(6261 6580 6584 6262)
4(6541 6545 6585 6581)
4(6544 6584 6585 6545)
4(6580 6581 6585 6584)
4(6542 6546 6586 6582)
4(6545 6585 6586 6546)
4(6581 6582 6586 6585)
4(6546 6586 6587 6547)
4(6582 6583 6587 6586)
4(6543 6547 6587 6583)
4(6544 6548 6588 6584)
4(6253 6263 6588 6548)
4(6262 6584 6588 6263)
4(6545 6549 6589 6585)
4(6548 6588 6589 6549)
4(6584 6585 6589 6588)
4(6546 6550 6590 6586)
4(6549 6589 6590 6550)
4(6585 6586 6590 6589)
4(6550 6590 6591 6551)
4(6586 6587 6591 6590)
4(6547 6551 6591 6587)
4(6548 6552 6592 6588)
4(6254 6264 6592 6552)
4(6263 6588 6592 6264)
4(6549 6553 6593 6589)
4(6552 6592 6593 6553)
4(6588 6589 6593 6592)
4(6550 6554 6594 6590)
4(6553 6593 6594 6554)
4(6589 6590 6594 6593)
4(6554 6594 6595 6555)
4(6590 6591 6595 6594)
4(6551 6555 6595 6591)
4(6552 6556 6596 6592)
4(6255 6265 6596 6556)
4(6264 6592 6596 6265)
4(6553 6557 6597 6593)
4(6556 6596 6597 6557)
4(6592 6593 6597 6596)
4(6554 6558 6598 6594)
4(6557 6597 6598 6558)
4(6593 6594 6598 6597)
4(6558 6598 6599 6559)
4(6594 6595 6599 6598)
4(6555 6559 6599 6595)
4(6556 6560 6600 6596)
4(6256 6266 6600 6560)
4(6265 6596 6600 6266)
4(6557 6561 6601 6597)
4(6560 6600 6601 6561)
4(6596 6597 6601 6600)
4(6558 6562 6602 6598)
4(6561 6601 6602 6562)
4(6597 6598 6602 6601)
4(6562 6602 6603 6563)
4(6598 6599 6603 6602)
4(6559 6563 6603 6599)
4(6560 6564 6604 6600)
4(6266 6600 6604 6267)
4(6561 6565 6605 6601)
4(6600 6601 6605 6604)
4(6562 6566 6606 6602)
4(6601 6602 6606 6605)
4(6602 6603 6607 6606)
4(6563 6567 6607 6603)
4(2372 6568 6608 2400)
4(6258 6268 6608 6568)
4(2144 2400 6608 6268)
4(2373 6569 6609 2401)
4(6568 6608 6609 6569)
4(2400 2401 6609 6608)
4(2374 6570 6610 2402)
4(6569 6609 6610 6570)
4(2401 2402 6610 6609)
4(6570 6610 6611 6571)
4(2402 2403 6611 6610)
4(2375 6571 6611 2403)
4(6568 6572 6612 6608)
4(6259 6269 6612 6572)
4(6268 6608 6612 6269)
4(6569 6573 6613 6609)
4(6572 6612 6613 6573)
4(6608 6609 6613 6612)
4(6570 6574 6614 6610)
4(6573 6613 6614 6574)
4(6609 6610 6614 6613)
4(6574 6614 6615 6575)
4(6610 6611 6615 6614)
4(6571 6575 6615 6611)
4(6572 6576 6616 6612)
4(6260 6270 6616 6576)
4(6269 6612 6616 6270)
4(6573 6577 6617 6613)
4(6576 6616 6617 6577)
4(6612 6613 6617 6616)
4(6574 6578 6618 6614)
4(6577 6617 6618 6578)
4(6613 6614 6618 6617)
4(6578 6618 6619 6579)
4(6614 6615 6619 6618)
4(6575 6579 6619 6615)
4(6576 6580 6620 6616)
4(6261 6271 6620 6580)
4(6270 6616 6620 6271)
4(6577 6581 6621 6617)
4(6580 6620 6621 6581)
4(6616 6617 6621 6620)
4(6578 6582 6622 6618)
4(6581 6621 6622 6582)
4(6617 6618 6622 6621)
4(6582 6622 6623 6583)
4(6618 6619 6623 6622)
4(6579 6583 6623 6619)
4(6580 6584 6624 6620)
4(6262 6272 6624 6584)
4(6271 6620 6624 6272)
4(6581 6585 6625 6621)
4(6584 6624 6625 6585)
4(6620 6621 6625 6624)
4(6582 6586 6626 6622)
4(6585 6625 6626 6586)
4(6621 6622 6626 6625)
4(6586 6626 6627 6587)
4(6622 6623 6627 6626)
4(6583 6587 6627 6623)
4(6584 6588 6628 6624)
4(6263 6273 6628 6588)
4(6272 6624 6628 6273)
4(6585 6589 6629 6625)
4(6588 6628 6629 6589)
4(6624 6625 6629 6628)
4(6586 6590 6630 6626)
4(6589 6629 6630 6590)
4(6625 6626 6630 6629)
4(6590 6630 6631 6591)
4(6626 6627 6631 6630)
4(6587 6591 6631 6627)
4(6588 6592 6632 6628)
4(6264 6274 6632 6592)
4(6273 6628 6632 6274)
4(6589 6593 6633 6629)
4(6592 6632 6633 6593)
4(6628 6629 6633 6632)
4(6590 6594 6634 6630)
4(6593 6633 6634 6594)
4(6629 6630 6634 6633)
4(6594 6634 6635 6595)
4(6630 6631 6635 6634)
4(6591 6595 6635 6631)
4(6592 6596 6636 6632)
4(6265 6275 6636 6596)
4(6274 6632 6636 6275)
4(6593 6597 6637 6633)
4(6596 6636 6637 6597)
4(6632 6633 6637 6636)
4(6594 6598 6638 6634)
4(6597 6637 6638 6598)
4(6633 6634 6638 6637)
4(6598 6638 6639 6599)
4(6634 6635 6639 6638)
4(6595 6599 6639 6635)
4(6596 6600 6640 6636)
4(6266 6276 6640 6600)
4(6275 6636 6640 6276)
4(6597 6601 6641 6637)
4(6600 6640 6641 6601)
4(6636 6637 6641 6640)
4(6598 6602 6642 6638)
4(6601 6641 6642 6602)
4(6637 6638 6642 6641)
4(6602 6642 6643 6603)
4(6638 6639 6643 6642)
4(6599 6603 6643 6639)
4(6600 6604 6644 6640)
4(6276 6640 6644 6277)
4(6601 6605 6645 6641)
4(6640 6641 6645 6644)
4(6602 6606 6646 6642)
4(6641 6642 6646 6645)
4(6642 6643 6647 6646)
4(6603 6607 6647 6643)
4(2400 6608 6648 2428)
4(6268 6278 6648 6608)
4(2151 2428 6648 6278)
4(2401 6609 6649 2429)
4(6608 6648 6649 6609)
4(2428 2429 6649 6648)
4(2402 6610 6650 2430)
4(6609 6649 6650 6610)
4(2429 2430 6650 6649)
4(6610 6650 6651 6611)
4(2430 2431 6651 6650)
4(2403 6611 6651 2431)
4(6608 6612 6652 6648)
4(6269 6279 6652 6612)
4(6278 6648 6652 6279)
4(6609 6613 6653 6649)
4(6612 6652 6653 6613)
4(6648 6649 6653 6652)
4(6610 6614 6654 6650)
4(6613 6653 6654 6614)
4(6649 6650 6654 6653)
4(6614 6654 6655 6615)
4(6650 6651 6655 6654)
4(6611 6615 6655 6651)
4(6612 6616 6656 6652)
4(6270 6280 6656 6616)
4(6279 6652 6656 6280)
4(6613 6617 6657 6653)
4(6616 6656 6657 6617)
4(6652 6653 6657 6656)
4(6614 6618 6658 6654)
4(6617 6657 6658 6618)
4(6653 6654 6658 6657)
4(6618 6658 6659 6619)
4(6654 6655 6659 6658)
4(6615 6619 6659 6655)
4(6616 6620 6660 6656)
4(6271 6281 6660 6620)
4(6280 6656 6660 6281)
4(6617 6621 6661 6657)
4(6620 6660 6661 6621)
4(6656 6657 6661 6660)
4(6618 6622 6662 6658)
4(6621 6661 6662 6622)
4(6657 6658 6662 6661)
4(6622 6662 6663 6623)
4(6658 6659 6663 6662)
4(6619 6623 6663 6659)
4(6620 6624 6664 6660)
4(6272 6282 6664 6624)
4(6281 6660 6664 6282)
4(6621 6625 6665 6661)
4(6624 6664 6665 6625)
4(6660 6661 6665 6664)
4(6622 6626 6666 6662)
4(6625 6665 6666 6626)
4(6661 6662 6666 6665)
4(6626 6666 6667 6627)
4(6662 6663 6667 6666)
4(6623 6627 6667 6663)
4(6624 6628 6668 6664)
4(6273 6283 6668 6628)
4(6282 6664 6668 6283)
4(6625 6629 6669 6665)
4(6628 6668 6669 6629)
4(6664 6665 6669 6668)
4(6626 6630 6670 6666)
4(6629 6669 6670 6630)
4(6665 6666 6670 6669)
4(6630 6670 6671 6631)
4(6666 6667 6671 6670)
4(6627 6631 6671 6667)
4(6628 6632 6672 6668)
4(6274 6284 6672 6632)
4(6283 6668 6672 6284)
4(6629 6633 6673 6669)
4(6632 6672 6673 6633)
4(6668 6669 6673 6672)
4(6630 6634 6674 6670)
4(6633 6673 6674 6634)
4(6669 6670 6674 6673)
4(6634 6674 6675 6635)
4(6670 6671 6675 6674)
4(6631 6635 6675 6671)
4(6632 6636 6676 6672)
4(6275 6285 6676 6636)
4(6284 6672 6676 6285)
4(6633 6637 6677 6673)
4(6636 6676 6677 6637)
4(6672 6673 6677 6676)
4(6634 6638 6678 6674)
4(6637 6677 6678 6638)
4(6673 6674 6678 6677)
4(6638 6678 6679 6639)
4(6674 6675 6679 6678)
4(6635 6639 6679 6675)
4(6636 6640 6680 6676)
4(6276 6286 6680 6640)
4(6285 6676 6680 6286)
4(6637 6641 6681 6677)
4(6640 6680 6681 6641)
4(6676 6677 6681 6680)
4(6638 6642 6682 6678)
4(6641 6681 6682 6642)
4(6677 6678 6682 6681)
4(6642 6682 6683 6643)
4(6678 6679 6683 6682)
4(6639 6643 6683 6679)
4(6640 6644 6684 6680)
4(6286 6680 6684 6287)
4(6641 6645 6685 6681)
4(6680 6681 6685 6684)
4(6642 6646 6686 6682)
4(6681 6682 6686 6685)
4(6682 6683 6687 6686)
4(6643 6647 6687 6683)
4(2428 6648 6688 2456)
4(6278 6288 6688 6648)
4(2158 2456 6688 6288)
4(2429 6649 6689 2457)
4(6648 6688 6689 6649)
4(2456 2457 6689 6688)
4(2430 6650 6690 2458)
4(6649 6689 6690 6650)
4(2457 2458 6690 6689)
4(6650 6690 6691 6651)
4(2458 2459 6691 6690)
4(2431 6651 6691 2459)
4(6648 6652 6692 6688)
4(6279 6289 6692 6652)
4(6288 6688 6692 6289)
4(6649 6653 6693 6689)
4(6652 6692 6693 6653)
4(6688 6689 6693 6692)
4(6650 6654 6694 6690)
4(6653 6693 6694 6654)
4(6689 6690 6694 6693)
4(6654 6694 6695 6655)
4(6690 6691 6695 6694)
4(6651 6655 6695 6691)
4(6652 6656 6696 6692)
4(6280 6290 6696 6656)
4(6289 6692 6696 6290)
4(6653 6657 6697 6693)
4(6656 6696 6697 6657)
4(6692 6693 6697 6696)
4(6654 6658 6698 6694)
4(6657 6697 6698 6658)
4(6693 6694 6698 6697)
4(6658 6698 6699 6659)
4(6694 6695 6699 6698)
4(6655 6659 6699 6695)
4(6656 6660 6700 6696)
4(6281 6291 6700 6660)
4(6290 6696 6700 6291)
4(6657 6661 6701 6697)
4(6660 6700 6701 6661)
4(6696 6697 6701 6700)
4(6658 6662 6702 6698)
4(6661 6701 6702 6662)
4(6697 6698 6702 6701)
4(6662 6702 6703 6663)
4(6698 6699 6703 6702)
4(6659 6663 6703 6699)
4(6660 6664 6704 6700)
4(6282 6292 6704 6664)
4(6291 6700 6704 6292)
4(6661 6665 6705 6701)
4(6664 6704 6705 6665)
4(6700 6701 6705 6704)
4(6662 6666 6706 6702)
4(6665 6705 6706 6666)
4(6701 6702 6706 6705)
4(6666 6706 6707 6667)
4(6702 6703 6707 6706)
4(6663 6667 6707 6703)
4(6664 6668 6708 6704)
4(6283 6293 6708 6668)
4(6292 6704 6708 6293)
4(6665 6669 6709 6705)
4(6668 6708 6709 6669)
4(6704 6705 6709 6708)
4(6666 6670 6710 6706)
4(6669 6709 6710 6670)
4(6705 6706 6710 6709)
4(6670 6710 6711 6671)
4(6706 6707 6711 6710)
4(6667 6671 6711 6707)
4(6668 6672 6712 6708)
4(6284 6294 6712 6672)
4(6293 6708 6712 6294)
4(6669 6673 6713 6709)
4(6672 6712 6713 6673)
4(6708 6709 6713 6712)
4(6670 6674 6714 6710)
4(6673 6713 6714 6674)
4(6709 6710 6714 6713)
4(6674 6714 6715 6675)
4(6710 6711 6715 6714)
4(6671 6675 6715 6711)
4(6672 6676 6716 6712)
4(6285 6295 6716 6676)
4(6294 6712 6716 6295)
4(6673 6677 6717 6713)
4(6676 6716 6717 6677)
4(6712 6713 6717 6716)
4(6674 6678 6718 6714)
4(6677 6717 6718 6678)
4(6713 6714 6718 6717)
4(6678 6718 6719 6679)
4(6714 6715 6719 6718)
4(6675 6679 6719 6715)
4(6676 6680 6720 6716)
4(6286 6296 6720 6680)
4(6295 6716 6720 6296)
4(6677 6681 6721 6717)
4(6680 6720 6721 6681)
4(6716 6717 6721 6720)
4(6678 6682 6722 6718)
4(6681 6721 6722 6682)
4(6717 6718 6722 6721)
4(6682 6722 6723 6683)
4(6718 6719 6723 6722)
4(6679 6683 6723 6719)
4(6680 6684 6724 6720)
4(6296 6720 6724 6297)
4(6681 6685 6725 6721)
4(6720 6721 6725 6724)
4(6682 6686 6726 6722)
4(6721 6722 6726 6725)
4(6722 6723 6727 6726)
4(6683 6687 6727 6723)
4(2456 6688 6728 2484)
4(6288 6298 6728 6688)
4(2165 2484 6728 6298)
4(2457 6689 6729 2485)
4(6688 6728 6729 6689)
4(2484 2485 6729 6728)
4(2458 6690 6730 2486)
4(6689 6729 6730 6690)
4(2485 2486 6730 6729)
4(6690 6730 6731 6691)
4(2486 2487 6731 6730)
4(2459 6691 6731 2487)
4(6688 6692 6732 6728)
4(6289 6299 6732 6692)
4(6298 6728 6732 6299)
4(6689 6693 6733 6729)
4(6692 6732 6733 6693)
4(6728 6729 6733 6732)
4(6690 6694 6734 6730)
4(6693 6733 6734 6694)
4(6729 6730 6734 6733)
4(6694 6734 6735 6695)
4(6730 6731 6735 6734)
4(6691 6695 6735 6731)
4(6692 6696 6736 6732)
4(6290 6300 6736 6696)
4(6299 6732 6736 6300)
4(6693 6697 6737 6733)
4(6696 6736 6737 6697)
4(6732 6733 6737 6736)
4(6694 6698 6738 6734)
4(6697 6737 6738 6698)
4(6733 6734 6738 6737)
4(6698 6738 6739 6699)
4(6734 6735 6739 6738)
4(6695 6699 6739 6735)
4(6696 6700 6740 6736)
4(6291 6301 6740 6700)
4(6300 6736 6740 6301)
4(6697 6701 6741 6737)
4(6700 6740 6741 6701)
4(6736 6737 6741 6740)
4(6698 6702 6742 6738)
4(6701 6741 6742 6702)
4(6737 6738 6742 6741)
4(6702 6742 6743 6703)
4(6738 6739 6743 6742)
4(6699 6703 6743 6739)
4(6700 6704 6744 6740)
4(6292 6302 6744 6704)
4(6301 6740 6744 6302)
4(6701 6705 6745 6741)
4(6704 6744 6745 6705)
4(6740 6741 6745 6744)
4(6702 6706 6746 6742)
4(6705 6745 6746 6706)
4(6741 6742 6746 6745)
4(6706 6746 6747 6707)
4(6742 6743 6747 6746)
4(6703 6707 6747 6743)
4(6704 6708 6748 6744)
4(6293 6303 6748 6708)
4(6302 6744 6748 6303)
4(6705 6709 6749 6745)
4(6708 6748 6749 6709)
4(6744 6745 6749 6748)
4(6706 6710 6750 6746)
4(6709 6749 6750 6710)
4(6745 6746 6750 6749)
4(6710 6750 6751 6711)
4(6746 6747 6751 6750)
4(6707 6711 6751 6747)
4(6708 6712 6752 6748)
4(6294 6304 6752 6712)
4(6303 6748 6752 6304)
4(6709 6713 6753 6749)
4(6712 6752 6753 6713)
4(6748 6749 6753 6752)
4(6710 6714 6754 6750)
4(6713 6753 6754 6714)
4(6749 6750 6754 6753)
4(6714 6754 6755 6715)
4(6750 6751 6755 6754)
4(6711 6715 6755 6751)
4(6712 6716 6756 6752)
4(6295 6305 6756 6716)
4(6304 6752 6756 6305)
4(6713 6717 6757 6753)
4(6716 6756 6757 6717)
4(6752 6753 6757 6756)
4(6714 6718 6758 6754)
4(6717 6757 6758 6718)
4(6753 6754 6758 6757)
4(6718 6758 6759 6719)
4(6754 6755 6759 6758)
4(6715 6719 6759 6755)
4(6716 6720 6760 6756)
4(6296 6306 6760 6720)
4(6305 6756 6760 6306)
4(6717 6721 6761 6757)
4(6720 6760 6761 6721)
4(6756 6757 6761 6760)
4(6718 6722 6762 6758)
4(6721 6761 6762 6722)
4(6757 6758 6762 6761)
4(6722 6762 6763 6723)
4(6758 6759 6763 6762)
4(6719 6723 6763 6759)
4(6720 6724 6764 6760)
4(6306 6760 6764 6307)
4(6721 6725 6765 6761)
4(6760 6761 6765 6764)
4(6722 6726 6766 6762)
4(6761 6762 6766 6765)
4(6762 6763 6767 6766)
4(6723 6727 6767 6763)
4(2484 6728 6768 2512)
4(6298 6308 6768 6728)
4(2172 2512 6768 6308)
4(2485 6729 6769 2513)
4(6728 6768 6769 6729)
4(2512 2513 6769 6768)
4(2486 6730 6770 2514)
4(6729 6769 6770 6730)
4(2513 2514 6770 6769)
4(6730 6770 6771 6731)
4(2514 2515 6771 6770)
4(2487 6731 6771 2515)
4(6728 6732 6772 6768)
4(6299 6309 6772 6732)
4(6308 6768 6772 6309)
4(6729 6733 6773 6769)
4(6732 6772 6773 6733)
4(6768 6769 6773 6772)
4(6730 6734 6774 6770)
4(6733 6773 6774 6734)
4(6769 6770 6774 6773)
4(6734 6774 6775 6735)
4(6770 6771 6775 6774)
4(6731 6735 6775 6771)
4(6732 6736 6776 6772)
4(6300 6310 6776 6736)
4(6309 6772 6776 6310)
4(6733 6737 6777 6773)
4(6736 6776 6777 6737)
4(6772 6773 6777 6776)
4(6734 6738 6778 6774)
4(6737 6777 6778 6738)
4(6773 6774 6778 6777)
4(6738 6778 6779 6739)
4(6774 6775 6779 6778)
4(6735 6739 6779 6775)
4(6736 6740 6780 6776)
4(6301 6311 6780 6740)
4(6310 6776 6780 6311)
4(6737 6741 6781 6777)
4(6740 6780 6781 6741)
4(6776 6777 6781 6780)
4(6738 6742 6782 6778)
4(6741 6781 6782 6742)
4(6777 6778 6782 6781)
4(6742 6782 6783 6743)
4(6778 6779 6783 6782)
4(6739 6743 6783 6779)
4(6740 6744 6784 6780)
4(6302 6312 6784 6744)
4(6311 6780 6784 6312)
4(6741 6745 6785 6781)
4(6744 6784 6785 6745)
4(6780 6781 6785 6784)
4(6742 6746 6786 6782)
4(6745 6785 6786 6746)
4(6781 6782 6786 6785)
4(6746 6786 6787 6747)
4(6782 6783 6787 6786)
4(6743 6747 6787 6783)
4(6744 6748 6788 6784)
4(6303 6313 6788 6748)
4(6312 6784 6788 6313)
4(6745 6749 6789 6785)
4(6748 6788 6789 6749)
4(6784 6785 6789 6788)
4(6746 6750 6790 6786)
4(6749 6789 6790 6750)
4(6785 6786 6790 6789)
4(6750 6790 6791 6751)
4(6786 6787 6791 6790)
4(6747 6751 6791 6787)
4(6748 6752 6792 6788)
4(6304 6314 6792 6752)
4(6313 6788 6792 6314)
4(6749 6753 6793 6789)
4(6752 6792 6793 6753)
4(6788 6789 6793 6792)
4(6750 6754 6794 6790)
4(6753 6793 6794 6754)
4(6789 6790 6794 6793)
4(6754 6794 6795 6755)
4(6790 6791 6795 6794)
4(6751 6755 6795 6791)
4(6752 6756 6796 6792)
4(6305 6315 6796 6756)
4(6314 6792 6796 6315)
4(6753 6757 6797 6793)
4(6756 6796 6797 6757)
4(6792 6793 6797 6796)
4(6754 6758 6798 6794)
4(6757 6797 6798 6758)
4(6793 6794 6798 6797)
4(6758 6798 6799 6759)
4(6794 6795 6799 6798)
4(6755 6759 6799 6795)
4(6756 6760 6800 6796)
4(6306 6316 6800 6760)
4(6315 6796 6800 6316)
4(6757 6761 6801 6797)
4(6760 6800 6801 6761)
4(6796 6797 6801 6800)
4(6758 6762 6802 6798)
4(6761 6801 6802 6762)
4(6797 6798 6802 6801)
4(6762 6802 6803 6763)
4(6798 6799 6803 6802)
4(6759 6763 6803 6799)
4(6760 6764 6804 6800)
4(6316 6800 6804 6317)
4(6761 6765 6805 6801)
4(6800 6801 6805 6804)
4(6762 6766 6806 6802)
4(6801 6802 6806 6805)
4(6802 6803 6807 6806)
4(6763 6767 6807 6803)
4(2512 6768 6808 2540)
4(6308 6318 6808 6768)
4(2179 2540 6808 6318)
4(2513 6769 6809 2541)
4(6768 6808 6809 6769)
4(2540 2541 6809 6808)
4(2514 6770 6810 2542)
4(6769 6809 6810 6770)
4(2541 2542 6810 6809)
4(6770 6810 6811 6771)
4(2542 2543 6811 6810)
4(2515 6771 6811 2543)
4(6768 6772 6812 6808)
4(6309 6319 6812 6772)
4(6318 6808 6812 6319)
4(6769 6773 6813 6809)
4(6772 6812 6813 6773)
4(6808 6809 6813 6812)
4(6770 6774 6814 6810)
4(6773 6813 6814 6774)
4(6809 6810 6814 6813)
4(6774 6814 6815 6775)
4(6810 6811 6815 6814)
4(6771 6775 6815 6811)
4(6772 6776 6816 6812)
4(6310 6320 6816 6776)
4(6319 6812 6816 6320)
4(6773 6777 6817 6813)
4(6776 6816 6817 6777)
4(6812 6813 6817 6816)
4(6774 6778 6818 6814)
4(6777 6817 6818 6778)
4(6813 6814 6818 6817)
4(6778 6818 6819 6779)
4(6814 6815 6819 6818)
4(6775 6779 6819 6815)
4(6776 6780 6820 6816)
4(6311 6321 6820 6780)
4(6320 6816 6820 6321)
4(6777 6781 6821 6817)
4(6780 6820 6821 6781)
4(6816 6817 6821 6820)
4(6778 6782 6822 6818)
4(6781 6821 6822 6782)
4(6817 6818 6822 6821)
4(6782 6822 6823 6783)
4(6818 6819 6823 6822)
4(6779 6783 6823 6819)
4(6780 6784 6824 6820)
4(6312 6322 6824 6784)
4(6321 6820 6824 6322)
4(6781 6785 6825 6821)
4(6784 6824 6825 6785)
4(6820 6821 6825 6824)
4(6782 6786 6826 6822)
4(6785 6825 6826 6786)
4(6821 6822 6826 6825)
4(6786 6826 6827 6787)
4(6822 6823 6827 6826)
4(6783 6787 6827 6823)
4(6784 6788 6828 6824)
4(6313 6323 6828 6788)
4(6322 6824 6828 6323)
4(6785 6789 6829 6825)
4(6788 6828 6829 6789)
4(6824 6825 6829 6828)
4(6786 6790 6830 6826)
4(6789 6829 6830 6790)
4(6825 6826 6830 6829)
4(6790 6830 6831 6791)
4(6826 6827 6831 6830)
4(6787 6791 6831 6827)
4(6788 6792 6832 6828)
4(6314 6324 6832 6792)
4(6323 6828 6832 6324)
4(6789 6793 6833 6829)
4(6792 6832 6833 6793)
4(6828 6829 6833 6832)
4(6790 6794 6834 6830)
4(6793 6833 6834 6794)
4(6829 6830 6834 6833)
4(6794 6834 6835 6795)
4(6830 6831 6835 6834)
4(6791 6795 6835 6831)
4(6792 6796 6836 6832)
4(6315 6325 6836 6796)
4(6324 6832 6836 6325)
4(6793 6797 6837 6833)
4(6796 6836 6837 6797)
4(6832 6833 6837 6836)
4(6794 6798 6838 6834)
4(6797 6837 6838 6798)
4(6833 6834 6838 6837)
4(6798 6838 6839 6799)
4(6834 6835 6839 6838)
4(6795 6799 6839 6835)
4(6796 6800 6840 6836)
4(6316 6326 6840 6800)
4(6325 6836 6840 6326)
4(6797 6801 6841 6837)
4(6800 6840 6841 6801)
4(6836 6837 6841 6840)
4(6798 6802 6842 6838)
4(6801 6841 6842 6802)
4(6837 6838 6842 6841)
4(6802 6842 6843 6803)
4(6838 6839 6843 6842)
4(6799 6803 6843 6839)
4(6800 6804 6844 6840)
4(6326 6840 6844 6327)
4(6801 6805 6845 6841)
4(6840 6841 6845 6844)
4(6802 6806 6846 6842)
4(6841 6842 6846 6845)
4(6842 6843 6847 6846)
4(6803 6807 6847 6843)
4(2540 6808 6848 2568)
4(6318 6328 6848 6808)
4(2186 2568 6848 6328)
4(2541 6809 6849 2569)
4(6808 6848 6849 6809)
4(2568 2569 6849 6848)
4(2542 6810 6850 2570)
4(6809 6849 6850 6810)
4(2569 2570 6850 6849)
4(6810 6850 6851 6811)
4(2570 2571 6851 6850)
4(2543 6811 6851 2571)
4(6808 6812 6852 6848)
4(6319 6329 6852 6812)
4(6328 6848 6852 6329)
4(6809 6813 6853 6849)
4(6812 6852 6853 6813)
4(6848 6849 6853 6852)
4(6810 6814 6854 6850)
4(6813 6853 6854 6814)
4(6849 6850 6854 6853)
4(6814 6854 6855 6815)
4(6850 6851 6855 6854)
4(6811 6815 6855 6851)
4(6812 6816 6856 6852)
4(6320 6330 6856 6816)
4(6329 6852 6856 6330)
4(6813 6817 6857 6853)
4(6816 6856 6857 6817)
4(6852 6853 6857 6856)
4(6814 6818 6858 6854)
4(6817 6857 6858 6818)
4(6853 6854 6858 6857)
4(6818 6858 6859 6819)
4(6854 6855 6859 6858)
4(6815 6819 6859 6855)
4(6816 6820 6860 6856)
4(6321 6331 6860 6820)
4(6330 6856 6860 6331)
4(6817 6821 6861 6857)
4(6820 6860 6861 6821)
4(6856 6857 6861 6860)
4(6818 6822 6862 6858)
4(6821 6861 6862 6822)
4(6857 6858 6862 6861)
4(6822 6862 6863 6823)
4(6858 6859 6863 6862)
4(6819 6823 6863 6859)
4(6820 6824 6864 6860)
4(6322 6332 6864 6824)
4(6331 6860 6864 6332)
4(6821 6825 6865 6861)
4(6824 6864 6865 6825)
4(6860 6861 6865 6864)
4(6822 6826 6866 6862)
4(6825 6865 6866 6826)
4(6861 6862 6866 6865)
4(6826 6866 6867 6827)
4(6862 6863 6867 6866)
4(6823 6827 6867 6863)
4(6824 6828 6868 6864)
4(6323 6333 6868 6828)
4(6332 6864 6868 6333)
4(6825 6829 6869 6865)
4(6828 6868 6869 6829)
4(6864 6865 6869 6868)
4(6826 6830 6870 6866)
4(6829 6869 6870 6830)
4(6865 6866 6870 6869)
4(6830 6870 6871 6831)
4(6866 6867 6871 6870)
4(6827 6831 6871 6867)
4(6828 6832 6872 6868)
4(6324 6334 6872 6832)
4(6333 6868 6872 6334)
4(6829 6833 6873 6869)
4(6832 6872 6873 6833)
4(6868 6869 6873 6872)
4(6830 6834 6874 6870)
4(6833 6873 6874 6834)
4(6869 6870 6874 6873)
4(6834 6874 6875 6835)
4(6870 6871 6875 6874)
4(6831 6835 6875 6871)
4(6832 6836 6876 6872)
4(6325 6335 6876 6836)
4(6334 6872 6876 6335)
4(6833 6837 6877 6873)
4(6836 6876 6877 6837)
4(6872 6873 6877 6876)
4(6834 6838 6878 6874)
4(6837 6877 6878 6838)
4(6873 6874 6878 6877)
4(6838 6878 6879 6839)
4(6874 6875 6879 6878)
4(6835 6839 6879 6875)
4(6836 6840 6880 6876)
4(6326 6336 6880 6840)
4(6335 6876 6880 6336)
4(6837 6841 6881 6877)
4(6840 6880 6881 6841)
4(6876 6877 6881 6880)
4(6838 6842 6882 6878)
4(6841 6881 6882 6842)
4(6877 6878 6882 6881)
4(6842 6882 6883 6843)
4(6878 6879 6883 6882)
4(6839 6843 6883 6879)
4(6840 6844 6884 6880)
4(6336 6880 6884 6337)
4(6841 6845 6885 6881)
4(6880 6881 6885 6884)
4(6842 6846 6886 6882)
4(6881 6882 6886 6885)
4(6882 6883 6887 6886)
4(6843 6847 6887 6883)
4(2568 6848 6888 2596)
4(6328 6338 6888 6848)
4(2193 2596 6888 6338)
4(2569 6849 6889 2597)
4(6848 6888 6889 6849)
4(2596 2597 6889 6888)
4(2570 6850 6890 2598)
4(6849 6889 6890 6850)
4(2597 2598 6890 6889)
4(6850 6890 6891 6851)
4(2598 2599 6891 6890)
4(2571 6851 6891 2599)
4(6848 6852 6892 6888)
4(6329 6339 6892 6852)
4(6338 6888 6892 6339)
4(6849 6853 6893 6889)
4(6852 6892 6893 6853)
4(6888 6889 6893 6892)
4(6850 6854 6894 6890)
4(6853 6893 6894 6854)
4(6889 6890 6894 6893)
4(6854 6894 6895 6855)
4(6890 6891 6895 6894)
4(6851 6855 6895 6891)
4(6852 6856 6896 6892)
4(6330 6340 6896 6856)
4(6339 6892 6896 6340)
4(6853 6857 6897 6893)
4(6856 6896 6897 6857)
4(6892 6893 6897 6896)
4(6854 6858 6898 6894)
4(6857 6897 6898 6858)
4(6893 6894 6898 6897)
4(6858 6898 6899 6859)
4(6894 6895 6899 6898)
4(6855 6859 6899 6895)
4(6856 6860 6900 6896)
4(6331 6341 6900 6860)
4(6340 6896 6900 6341)
4(6857 6861 6901 6897)
4(6860 6900 6901 6861)
4(6896 6897 6901 6900)
4(6858 6862 6902 6898)
4(6861 6901 6902 6862)
4(6897 6898 6902 6901)
4(6862 6902 6903 6863)
4(6898 6899 6903 6902)
4(6859 6863 6903 6899)
4(6860 6864 6904 6900)
4(6332 6342 6904 6864)
4(6341 6900 6904 6342)
4(6861 6865 6905 6901)
4(6864 6904 6905 6865)
4(6900 6901 6905 6904)
4(6862 6866 6906 6902)
4(6865 6905 6906 6866)
4(6901 6902 6906 6905)
4(6866 6906 6907 6867)
4(6902 6903 6907 6906)
4(6863 6867 6907 6903)
4(6864 6868 6908 6904)
4(6333 6343 6908 6868)
4(6342 6904 6908 6343)
4(6865 6869 6909 6905)
4(6868 6908 6909 6869)
4(6904 6905 6909 6908)
4(6866 6870 6910 6906)
4(6869 6909 6910 6870)
4(6905 6906 6910 6909)
4(6870 6910 6911 6871)
4(6906 6907 6911 6910)
4(6867 6871 6911 6907)
4(6868 6872 6912 6908)
4(6334 6344 6912 6872)
4(6343 6908 6912 6344)
4(6869 6873 6913 6909)
4(6872 6912 6913 6873)
4(6908 6909 6913 6912)
4(6870 6874 6914 6910)
4(6873 6913 6914 6874)
4(6909 6910 6914 6913)
4(6874 6914 6915 6875)
4(6910 6911 6915 6914)
4(6871 6875 6915 6911)
4(6872 6876 6916 6912)
4(6335 6345 6916 6876)
4(6344 6912 6916 6345)
4(6873 6877 6917 6913)
4(6876 6916 6917 6877)
4(6912 6913 6917 6916)
4(6874 6878 6918 6914)
4(6877 6917 6918 6878)
4(6913 6914 6918 6917)
4(6878 6918 6919 6879)
4(6914 6915 6919 6918)
4(6875 6879 6919 6915)
4(6876 6880 6920 6916)
4(6336 6346 6920 6880)
4(6345 6916 6920 6346)
4(6877 6881 6921 6917)
4(6880 6920 6921 6881)
4(6916 6917 6921 6920)
4(6878 6882 6922 6918)
4(6881 6921 6922 6882)
4(6917 6918 6922 6921)
4(6882 6922 6923 6883)
4(6918 6919 6923 6922)
4(6879 6883 6923 6919)
4(6880 6884 6924 6920)
4(6346 6920 6924 6347)
4(6881 6885 6925 6921)
4(6920 6921 6925 6924)
4(6882 6886 6926 6922)
4(6921 6922 6926 6925)
4(6922 6923 6927 6926)
4(6883 6887 6927 6923)
4(2596 6888 6928 2624)
4(6338 6348 6928 6888)
4(2200 2624 6928 6348)
4(2597 6889 6929 2625)
4(6888 6928 6929 6889)
4(2624 2625 6929 6928)
4(2598 6890 6930 2626)
4(6889 6929 6930 6890)
4(2625 2626 6930 6929)
4(6890 6930 6931 6891)
4(2626 2627 6931 6930)
4(2599 6891 6931 2627)
4(6888 6892 6932 6928)
4(6339 6349 6932 6892)
4(6348 6928 6932 6349)
4(6889 6893 6933 6929)
4(6892 6932 6933 6893)
4(6928 6929 6933 6932)
4(6890 6894 6934 6930)
4(6893 6933 6934 6894)
4(6929 6930 6934 6933)
4(6894 6934 6935 6895)
4(6930 6931 6935 6934)
4(6891 6895 6935 6931)
4(6892 6896 6936 6932)
4(6340 6350 6936 6896)
4(6349 6932 6936 6350)
4(6893 6897 6937 6933)
4(6896 6936 6937 6897)
4(6932 6933 6937 6936)
4(6894 6898 6938 6934)
4(6897 6937 6938 6898)
4(6933 6934 6938 6937)
4(6898 6938 6939 6899)
4(6934 6935 6939 6938)
4(6895 6899 6939 6935)
4(6896 6900 6940 6936)
4(6341 6351 6940 6900)
4(6350 6936 6940 6351)
4(6897 6901 6941 6937)
4(6900 6940 6941 6901)
4(6936 6937 6941 6940)
4(6898 6902 6942 6938)
4(6901 6941 6942 6902)
4(6937 6938 6942 6941)
4(6902 6942 6943 6903)
4(6938 6939 6943 6942)
4(6899 6903 6943 6939)
4(6900 6904 6944 6940)
4(6342 6352 6944 6904)
4(6351 6940 6944 6352)
4(6901 6905 6945 6941)
4(6904 6944 6945 6905)
4(6940 6941 6945 6944)
4(6902 6906 6946 6942)
4(6905 6945 6946 6906)
4(6941 6942 6946 6945)
4(6906 6946 6947 6907)
4(6942 6943 6947 6946)
4(6903 6907 6947 6943)
4(6904 6908 6948 6944)
4(6343 6353 6948 6908)
4(6352 6944 6948 6353)
4(6905 6909 6949 6945)
4(6908 6948 6949 6909)
4(6944 6945 6949 6948)
4(6906 6910 6950 6946)
4(6909 6949 6950 6910)
4(6945 6946 6950 6949)
4(6910 6950 6951 6911)
4(6946 6947 6951 6950)
4(6907 6911 6951 6947)
4(6908 6912 6952 6948)
4(6344 6354 6952 6912)
4(6353 6948 6952 6354)
4(6909 6913 6953 6949)
4(6912 6952 6953 6913)
4(6948 6949 6953 6952)
4(6910 6914 6954 6950)
4(6913 6953 6954 6914)
4(6949 6950 6954 6953)
4(6914 6954 6955 6915)
4(6950 6951 6955 6954)
4(6911 6915 6955 6951)
4(6912 6916 6956 6952)
4(6345 6355 6956 6916)
4(6354 6952 6956 6355)
4(6913 6917 6957 6953)
4(6916 6956 6957 6917)
4(6952 6953 6957 6956)
4(6914 6918 6958 6954)
4(6917 6957 6958 6918)
4(6953 6954 6958 6957)
4(6918 6958 6959 6919)
4(6954 6955 6959 6958)
4(6915 6919 6959 6955)
4(6916 6920 6960 6956)
4(6346 6356 6960 6920)
4(6355 6956 6960 6356)
4(6917 6921 6961 6957)
4(6920 6960 6961 6921)
4(6956 6957 6961 6960)
4(6918 6922 6962 6958)
4(6921 6961 6962 6922)
4(6957 6958 6962 6961)
4(6922 6962 6963 6923)
4(6958 6959 6963 6962)
4(6919 6923 6963 6959)
4(6920 6924 6964 6960)
4(6356 6960 6964 6357)
4(6921 6925 6965 6961)
4(6960 6961 6965 6964)
4(6922 6926 6966 6962)
4(6961 6962 6966 6965)
4(6962 6963 6967 6966)
4(6923 6927 6967 6963)
4(2624 6928 6968 2652)
4(6348 6358 6968 6928)
4(2625 6929 6969 2653)
4(6928 6968 6969 6929)
4(2626 6930 6970 2654)
4(6929 6969 6970 6930)
4(6930 6970 6971 6931)
4(2627 6931 6971 2655)
4(6928 6932 6972 6968)
4(6349 6359 6972 6932)
4(6929 6933 6973 6969)
4(6932 6972 6973 6933)
4(6930 6934 6974 6970)
4(6933 6973 6974 6934)
4(6934 6974 6975 6935)
4(6931 6935 6975 6971)
4(6932 6936 6976 6972)
4(6350 6360 6976 6936)
4(6933 6937 6977 6973)
4(6936 6976 6977 6937)
4(6934 6938 6978 6974)
4(6937 6977 6978 6938)
4(6938 6978 6979 6939)
4(6935 6939 6979 6975)
4(6936 6940 6980 6976)
4(6351 6361 6980 6940)
4(6937 6941 6981 6977)
4(6940 6980 6981 6941)
4(6938 6942 6982 6978)
4(6941 6981 6982 6942)
4(6942 6982 6983 6943)
4(6939 6943 6983 6979)
4(6940 6944 6984 6980)
4(6352 6362 6984 6944)
4(6941 6945 6985 6981)
4(6944 6984 6985 6945)
4(6942 6946 6986 6982)
4(6945 6985 6986 6946)
4(6946 6986 6987 6947)
4(6943 6947 6987 6983)
4(6944 6948 6988 6984)
4(6353 6363 6988 6948)
4(6945 6949 6989 6985)
4(6948 6988 6989 6949)
4(6946 6950 6990 6986)
4(6949 6989 6990 6950)
4(6950 6990 6991 6951)
4(6947 6951 6991 6987)
4(6948 6952 6992 6988)
4(6354 6364 6992 6952)
4(6949 6953 6993 6989)
4(6952 6992 6993 6953)
4(6950 6954 6994 6990)
4(6953 6993 6994 6954)
4(6954 6994 6995 6955)
4(6951 6955 6995 6991)
4(6952 6956 6996 6992)
4(6355 6365 6996 6956)
4(6953 6957 6997 6993)
4(6956 6996 6997 6957)
4(6954 6958 6998 6994)
4(6957 6997 6998 6958)
4(6958 6998 6999 6959)
4(6955 6959 6999 6995)
4(6956 6960 7000 6996)
4(6356 6366 7000 6960)
4(6957 6961 7001 6997)
4(6960 7000 7001 6961)
4(6958 6962 7002 6998)
4(6961 7001 7002 6962)
4(6962 7002 7003 6963)
4(6959 6963 7003 6999)
4(6960 6964 7004 7000)
4(6961 6965 7005 7001)
4(6962 6966 7006 7002)
4(6963 6967 7007 7003)
4(6371 6411 7018 7008)
4(2263 2669 7018 6411)
4(2662 7008 7018 2669)
4(6375 6415 7019 7009)
4(6411 7018 7019 6415)
4(7008 7009 7019 7018)
4(6379 6419 7020 7010)
4(6415 7019 7020 6419)
4(7009 7010 7020 7019)
4(6383 6423 7021 7011)
4(6419 7020 7021 6423)
4(7010 7011 7021 7020)
4(6387 6427 7022 7012)
4(6423 7021 7022 6427)
4(7011 7012 7022 7021)
4(6391 6431 7023 7013)
4(6427 7022 7023 6431)
4(7012 7013 7023 7022)
4(6395 6435 7024 7014)
4(6431 7023 7024 6435)
4(7013 7014 7024 7023)
4(6399 6439 7025 7015)
4(6435 7024 7025 6439)
4(7014 7015 7025 7024)
4(6403 6443 7026 7016)
4(6439 7025 7026 6443)
4(7015 7016 7026 7025)
4(6443 7026 7027 6447)
4(7016 7017 7027 7026)
4(6411 6451 7028 7018)
4(2291 2676 7028 6451)
4(2669 7018 7028 2676)
4(6415 6455 7029 7019)
4(6451 7028 7029 6455)
4(7018 7019 7029 7028)
4(6419 6459 7030 7020)
4(6455 7029 7030 6459)
4(7019 7020 7030 7029)
4(6423 6463 7031 7021)
4(6459 7030 7031 6463)
4(7020 7021 7031 7030)
4(6427 6467 7032 7022)
4(6463 7031 7032 6467)
4(7021 7022 7032 7031)
4(6431 6471 7033 7023)
4(6467 7032 7033 6471)
4(7022 7023 7033 7032)
4(6435 6475 7034 7024)
4(6471 7033 7034 6475)
4(7023 7024 7034 7033)
4(6439 6479 7035 7025)
4(6475 7034 7035 6479)
4(7024 7025 7035 7034)
4(6443 6483 7036 7026)
4(6479 7035 7036 6483)
4(7025 7026 7036 7035)
4(6483 7036 7037 6487)
4(7026 7027 7037 7036)
4(6451 6491 7038 7028)
4(2319 2683 7038 6491)
4(2676 7028 7038 2683)
4(6455 6495 7039 7029)
4(6491 7038 7039 6495)
4(7028 7029 7039 7038)
4(6459 6499 7040 7030)
4(6495 7039 7040 6499)
4(7029 7030 7040 7039)
4(6463 6503 7041 7031)
4(6499 7040 7041 6503)
4(7030 7031 7041 7040)
4(6467 6507 7042 7032)
4(6503 7041 7042 6507)
4(7031 7032 7042 7041)
4(6471 6511 7043 7033)
4(6507 7042 7043 6511)
4(7032 7033 7043 7042)
4(6475 6515 7044 7034)
4(6511 7043 7044 6515)
4(7033 7034 7044 7043)
4(6479 6519 7045 7035)
4(6515 7044 7045 6519)
4(7034 7035 7045 7044)
4(6483 6523 7046 7036)
4(6519 7045 7046 6523)
4(7035 7036 7046 7045)
4(6523 7046 7047 6527)
4(7036 7037 7047 7046)
4(6491 6531 7048 7038)
4(2347 2690 7048 6531)
4(2683 7038 7048 2690)
4(6495 6535 7049 7039)
4(6531 7048 7049 6535)
4(7038 7039 7049 7048)
4(6499 6539 7050 7040)
4(6535 7049 7050 6539)
4(7039 7040 7050 7049)
4(6503 6543 7051 7041)
4(6539 7050 7051 6543)
4(7040 7041 7051 7050)
4(6507 6547 7052 7042)
4(6543 7051 7052 6547)
4(7041 7042 7052 7051)
4(6511 6551 7053 7043)
4(6547 7052 7053 6551)
4(7042 7043 7053 7052)
4(6515 6555 7054 7044)
4(6551 7053 7054 6555)
4(7043 7044 7054 7053)
4(6519 6559 7055 7045)
4(6555 7054 7055 6559)
4(7044 7045 7055 7054)
4(6523 6563 7056 7046)
4(6559 7055 7056 6563)
4(7045 7046 7056 7055)
4(6563 7056 7057 6567)
4(7046 7047 7057 7056)
4(6531 6571 7058 7048)
4(2375 2697 7058 6571)
4(2690 7048 7058 2697)
4(6535 6575 7059 7049)
4(6571 7058 7059 6575)
4(7048 7049 7059 7058)
4(6539 6579 7060 7050)
4(6575 7059 7060 6579)
4(7049 7050 7060 7059)
4(6543 6583 7061 7051)
4(6579 7060 7061 6583)
4(7050 7051 7061 7060)
4(6547 6587 7062 7052)
4(6583 7061 7062 6587)
4(7051 7052 7062 7061)
4(6551 6591 7063 7053)
4(6587 7062 7063 6591)
4(7052 7053 7063 7062)
4(6555 6595 7064 7054)
4(6591 7063 7064 6595)
4(7053 7054 7064 7063)
4(6559 6599 7065 7055)
4(6595 7064 7065 6599)
4(7054 7055 7065 7064)
4(6563 6603 7066 7056)
4(6599 7065 7066 6603)
4(7055 7056 7066 7065)
4(6603 7066 7067 6607)
4(7056 7057 7067 7066)
4(6571 6611 7068 7058)
4(2403 2704 7068 6611)
4(2697 7058 7068 2704)
4(6575 6615 7069 7059)
4(6611 7068 7069 6615)
4(7058 7059 7069 7068)
4(6579 6619 7070 7060)
4(6615 7069 7070 6619)
4(7059 7060 7070 7069)
4(6583 6623 7071 7061)
4(6619 7070 7071 6623)
4(7060 7061 7071 7070)
4(6587 6627 7072 7062)
4(6623 7071 7072 6627)
4(7061 7062 7072 7071)
4(6591 6631 7073 7063)
4(6627 7072 7073 6631)
4(7062 7063 7073 7072)
4(6595 6635 7074 7064)
4(6631 7073 7074 6635)
4(7063 7064 7074 7073)
4(6599 6639 7075 7065)
4(6635 7074 7075 6639)
4(7064 7065 7075 7074)
4(6603 6643 7076 7066)
4(6639 7075 7076 6643)
4(7065 7066 7076 7075)
4(6643 7076 7077 6647)
4(7066 7067 7077 7076)
4(6611 6651 7078 7068)
4(2431 2711 7078 6651)
4(2704 7068 7078 2711)
4(6615 6655 7079 7069)
4(6651 7078 7079 6655)
4(7068 7069 7079 7078)
4(6619 6659 7080 7070)
4(6655 7079 7080 6659)
4(7069 7070 7080 7079)
4(6623 6663 7081 7071)
4(6659 7080 7081 6663)
4(7070 7071 7081 7080)
4(6627 6667 7082 7072)
4(6663 7081 7082 6667)
4(7071 7072 7082 7081)
4(6631 6671 7083 7073)
4(6667 7082 7083 6671)
4(7072 7073 7083 7082)
4(6635 6675 7084 7074)
4(6671 7083 7084 6675)
4(7073 7074 7084 7083)
4(6639 6679 7085 7075)
4(6675 7084 7085 6679)
4(7074 7075 7085 7084)
4(6643 6683 7086 7076)
4(6679 7085 7086 6683)
4(7075 7076 7086 7085)
4(6683 7086 7087 6687)
4(7076 7077 7087 7086)
4(6651 6691 7088 7078)
4(2459 2718 7088 6691)
4(2711 7078 7088 2718)
4(6655 6695 7089 7079)
4(6691 7088 7089 6695)
4(7078 7079 7089 7088)
4(6659 6699 7090 7080)
4(6695 7089 7090 6699)
4(7079 7080 7090 7089)
4(6663 6703 7091 7081)
4(6699 7090 7091 6703)
4(7080 7081 7091 7090)
4(6667 6707 7092 7082)
4(6703 7091 7092 6707)
4(7081 7082 7092 7091)
4(6671 6711 7093 7083)
4(6707 7092 7093 6711)
4(7082 7083 7093 7092)
4(6675 6715 7094 7084)
4(6711 7093 7094 6715)
4(7083 7084 7094 7093)
4(6679 6719 7095 7085)
4(6715 7094 7095 6719)
4(7084 7085 7095 7094)
4(6683 6723 7096 7086)
4(6719 7095 7096 6723)
4(7085 7086 7096 7095)
4(6723 7096 7097 6727)
4(7086 7087 7097 7096)
4(6691 6731 7098 7088)
4(2487 2725 7098 6731)
4(2718 7088 7098 2725)
4(6695 6735 7099 7089)
4(6731 7098 7099 6735)
4(7088 7089 7099 7098)
4(6699 6739 7100 7090)
4(6735 7099 7100 6739)
4(7089 7090 7100 7099)
4(6703 6743 7101 7091)
4(6739 7100 7101 6743)
4(7090 7091 7101 7100)
4(6707 6747 7102 7092)
4(6743 7101 7102 6747)
4(7091 7092 7102 7101)
4(6711 6751 7103 7093)
4(6747 7102 7103 6751)
4(7092 7093 7103 7102)
4(6715 6755 7104 7094)
4(6751 7103 7104 6755)
4(7093 7094 7104 7103)
4(6719 6759 7105 7095)
4(6755 7104 7105 6759)
4(7094 7095 7105 7104)
4(6723 6763 7106 7096)
4(6759 7105 7106 6763)
4(7095 7096 7106 7105)
4(6763 7106 7107 6767)
4(7096 7097 7107 7106)
4(6731 6771 7108 7098)
4(2515 2732 7108 6771)
4(2725 7098 7108 2732)
4(6735 6775 7109 7099)
4(6771 7108 7109 6775)
4(7098 7099 7109 7108)
4(6739 6779 7110 7100)
4(6775 7109 7110 6779)
4(7099 7100 7110 7109)
4(6743 6783 7111 7101)
4(6779 7110 7111 6783)
4(7100 7101 7111 7110)
4(6747 6787 7112 7102)
4(6783 7111 7112 6787)
4(7101 7102 7112 7111)
4(6751 6791 7113 7103)
4(6787 7112 7113 6791)
4(7102 7103 7113 7112)
4(6755 6795 7114 7104)
4(6791 7113 7114 6795)
4(7103 7104 7114 7113)
4(6759 6799 7115 7105)
4(6795 7114 7115 6799)
4(7104 7105 7115 7114)
4(6763 6803 7116 7106)
4(6799 7115 7116 6803)
4(7105 7106 7116 7115)
4(6803 7116 7117 6807)
4(7106 7107 7117 7116)
4(6771 6811 7118 7108)
4(2543 2739 7118 6811)
4(2732 7108 7118 2739)
4(6775 6815 7119 7109)
4(6811 7118 7119 6815)
4(7108 7109 7119 7118)
4(6779 6819 7120 7110)
4(6815 7119 7120 6819)
4(7109 7110 7120 7119)
4(6783 6823 7121 7111)
4(6819 7120 7121 6823)
4(7110 7111 7121 7120)
4(6787 6827 7122 7112)
4(6823 7121 7122 6827)
4(7111 7112 7122 7121)
4(6791 6831 7123 7113)
4(6827 7122 7123 6831)
4(7112 7113 7123 7122)
4(6795 6835 7124 7114)
4(6831 7123 7124 6835)
4(7113 7114 7124 7123)
4(6799 6839 7125 7115)
4(6835 7124 7125 6839)
4(7114 7115 7125 7124)
4(6803 6843 7126 7116)
4(6839 7125 7126 6843)
4(7115 7116 7126 7125)
4(6843 7126 7127 6847)
4(7116 7117 7127 7126)
4(6811 6851 7128 7118)
4(2571 2746 7128 6851)
4(2739 7118 7128 2746)
4(6815 6855 7129 7119)
4(6851 7128 7129 6855)
4(7118 7119 7129 7128)
4(6819 6859 7130 7120)
4(6855 7129 7130 6859)
4(7119 7120 7130 7129)
4(6823 6863 7131 7121)
4(6859 7130 7131 6863)
4(7120 7121 7131 7130)
4(6827 6867 7132 7122)
4(6863 7131 7132 6867)
4(7121 7122 7132 7131)
4(6831 6871 7133 7123)
4(6867 7132 7133 6871)
4(7122 7123 7133 7132)
4(6835 6875 7134 7124)
4(6871 7133 7134 6875)
4(7123 7124 7134 7133)
4(6839 6879 7135 7125)
4(6875 7134 7135 6879)
4(7124 7125 7135 7134)
4(6843 6883 7136 7126)
4(6879 7135 7136 6883)
4(7125 7126 7136 7135)
4(6883 7136 7137 6887)
4(7126 7127 7137 7136)
4(6851 6891 7138 7128)
4(2599 2753 7138 6891)
4(2746 7128 7138 2753)
4(6855 6895 7139 7129)
4(6891 7138 7139 6895)
4(7128 7129 7139 7138)
4(6859 6899 7140 7130)
4(6895 7139 7140 6899)
4(7129 7130 7140 7139)
4(6863 6903 7141 7131)
4(6899 7140 7141 6903)
4(7130 7131 7141 7140)
4(6867 6907 7142 7132)
4(6903 7141 7142 6907)
4(7131 7132 7142 7141)
4(6871 6911 7143 7133)
4(6907 7142 7143 6911)
4(7132 7133 7143 7142)
4(6875 6915 7144 7134)
4(6911 7143 7144 6915)
4(7133 7134 7144 7143)
4(6879 6919 7145 7135)
4(6915 7144 7145 6919)
4(7134 7135 7145 7144)
4(6883 6923 7146 7136)
4(6919 7145 7146 6923)
4(7135 7136 7146 7145)
4(6923 7146 7147 6927)
4(7136 7137 7147 7146)
4(6891 6931 7148 7138)
4(2627 2760 7148 6931)
4(2753 7138 7148 2760)
4(6895 6935 7149 7139)
4(6931 7148 7149 6935)
4(7138 7139 7149 7148)
4(6899 6939 7150 7140)
4(6935 7149 7150 6939)
4(7139 7140 7150 7149)
4(6903 6943 7151 7141)
4(6939 7150 7151 6943)
4(7140 7141 7151 7150)
4(6907 6947 7152 7142)
4(6943 7151 7152 6947)
4(7141 7142 7152 7151)
4(6911 6951 7153 7143)
4(6947 7152 7153 6951)
4(7142 7143 7153 7152)
4(6915 6955 7154 7144)
4(6951 7153 7154 6955)
4(7143 7144 7154 7153)
4(6919 6959 7155 7145)
4(6955 7154 7155 6959)
4(7144 7145 7155 7154)
4(6923 6963 7156 7146)
4(6959 7155 7156 6963)
4(7145 7146 7156 7155)
4(6963 7156 7157 6967)
4(7146 7147 7157 7156)
4(6931 6971 7158 7148)
4(2760 7148 7158 2767)
4(6935 6975 7159 7149)
4(7148 7149 7159 7158)
4(6939 6979 7160 7150)
4(7149 7150 7160 7159)
4(6943 6983 7161 7151)
4(7150 7151 7161 7160)
4(6947 6987 7162 7152)
4(7151 7152 7162 7161)
4(6951 6991 7163 7153)
4(7152 7153 7163 7162)
4(6955 6995 7164 7154)
4(7153 7154 7164 7163)
4(6959 6999 7165 7155)
4(7154 7155 7165 7164)
4(6963 7003 7166 7156)
4(7155 7156 7166 7165)
4(7156 7157 7167 7166)
4(2792 7168 7208 2820)
4(7008 7018 7208 7168)
4(2669 2820 7208 7018)
4(2793 7169 7209 2821)
4(7168 7208 7209 7169)
4(2820 2821 7209 7208)
4(2794 7170 7210 2822)
4(7169 7209 7210 7170)
4(2821 2822 7210 7209)
4(7170 7210 7211 7171)
4(2822 2823 7211 7210)
4(2795 7171 7211 2823)
4(7168 7172 7212 7208)
4(7009 7019 7212 7172)
4(7018 7208 7212 7019)
4(7169 7173 7213 7209)
4(7172 7212 7213 7173)
4(7208 7209 7213 7212)
4(7170 7174 7214 7210)
4(7173 7213 7214 7174)
4(7209 7210 7214 7213)
4(7174 7214 7215 7175)
4(7210 7211 7215 7214)
4(7171 7175 7215 7211)
4(7172 7176 7216 7212)
4(7010 7020 7216 7176)
4(7019 7212 7216 7020)
4(7173 7177 7217 7213)
4(7176 7216 7217 7177)
4(7212 7213 7217 7216)
4(7174 7178 7218 7214)
4(7177 7217 7218 7178)
4(7213 7214 7218 7217)
4(7178 7218 7219 7179)
4(7214 7215 7219 7218)
4(7175 7179 7219 7215)
4(7176 7180 7220 7216)
4(7011 7021 7220 7180)
4(7020 7216 7220 7021)
4(7177 7181 7221 7217)
4(7180 7220 7221 7181)
4(7216 7217 7221 7220)
4(7178 7182 7222 7218)
4(7181 7221 7222 7182)
4(7217 7218 7222 7221)
4(7182 7222 7223 7183)
4(7218 7219 7223 7222)
4(7179 7183 7223 7219)
4(7180 7184 7224 7220)
4(7012 7022 7224 7184)
4(7021 7220 7224 7022)
4(7181 7185 7225 7221)
4(7184 7224 7225 7185)
4(7220 7221 7225 7224)
4(7182 7186 7226 7222)
4(7185 7225 7226 7186)
4(7221 7222 7226 7225)
4(7186 7226 7227 7187)
4(7222 7223 7227 7226)
4(7183 7187 7227 7223)
4(7184 7188 7228 7224)
4(7013 7023 7228 7188)
4(7022 7224 7228 7023)
4(7185 7189 7229 7225)
4(7188 7228 7229 7189)
4(7224 7225 7229 7228)
4(7186 7190 7230 7226)
4(7189 7229 7230 7190)
4(7225 7226 7230 7229)
4(7190 7230 7231 7191)
4(7226 7227 7231 7230)
4(7187 7191 7231 7227)
4(7188 7192 7232 7228)
4(7014 7024 7232 7192)
4(7023 7228 7232 7024)
4(7189 7193 7233 7229)
4(7192 7232 7233 7193)
4(7228 7229 7233 7232)
4(7190 7194 7234 7230)
4(7193 7233 7234 7194)
4(7229 7230 7234 7233)
4(7194 7234 7235 7195)
4(7230 7231 7235 7234)
4(7191 7195 7235 7231)
4(7192 7196 7236 7232)
4(7015 7025 7236 7196)
4(7024 7232 7236 7025)
4(7193 7197 7237 7233)
4(7196 7236 7237 7197)
4(7232 7233 7237 7236)
4(7194 7198 7238 7234)
4(7197 7237 7238 7198)
4(7233 7234 7238 7237)
4(7198 7238 7239 7199)
4(7234 7235 7239 7238)
4(7195 7199 7239 7235)
4(7196 7200 7240 7236)
4(7016 7026 7240 7200)
4(7025 7236 7240 7026)
4(7197 7201 7241 7237)
4(7200 7240 7241 7201)
4(7236 7237 7241 7240)
4(7198 7202 7242 7238)
4(7201 7241 7242 7202)
4(7237 7238 7242 7241)
4(7202 7242 7243 7203)
4(7238 7239 7243 7242)
4(7199 7203 7243 7239)
4(7200 7204 7244 7240)
4(7026 7240 7244 7027)
4(7201 7205 7245 7241)
4(7240 7241 7245 7244)
4(7202 7206 7246 7242)
4(7241 7242 7246 7245)
4(7242 7243 7247 7246)
4(7203 7207 7247 7243)
4(2820 7208 7248 2848)
4(7018 7028 7248 7208)
4(2676 2848 7248 7028)
4(2821 7209 7249 2849)
4(7208 7248 7249 7209)
4(2848 2849 7249 7248)
4(2822 7210 7250 2850)
4(7209 7249 7250 7210)
4(2849 2850 7250 7249)
4(7210 7250 7251 7211)
4(2850 2851 7251 7250)
4(2823 7211 7251 2851)
4(7208 7212 7252 7248)
4(7019 7029 7252 7212)
4(7028 7248 7252 7029)
4(7209 7213 7253 7249)
4(7212 7252 7253 7213)
4(7248 7249 7253 7252)
4(7210 7214 7254 7250)
4(7213 7253 7254 7214)
4(7249 7250 7254 7253)
4(7214 7254 7255 7215)
4(7250 7251 7255 7254)
4(7211 7215 7255 7251)
4(7212 7216 7256 7252)
4(7020 7030 7256 7216)
4(7029 7252 7256 7030)
4(7213 7217 7257 7253)
4(7216 7256 7257 7217)
4(7252 7253 7257 7256)
4(7214 7218 7258 7254)
4(7217 7257 7258 7218)
4(7253 7254 7258 7257)
4(7218 7258 7259 7219)
4(7254 7255 7259 7258)
4(7215 7219 7259 7255)
4(7216 7220 7260 7256)
4(7021 7031 7260 7220)
4(7030 7256 7260 7031)
4(7217 7221 7261 7257)
4(7220 7260 7261 7221)
4(7256 7257 7261 7260)
4(7218 7222 7262 7258)
4(7221 7261 7262 7222)
4(7257 7258 7262 7261)
4(7222 7262 7263 7223)
4(7258 7259 7263 7262)
4(7219 7223 7263 7259)
4(7220 7224 7264 7260)
4(7022 7032 7264 7224)
4(7031 7260 7264 7032)
4(7221 7225 7265 7261)
4(7224 7264 7265 7225)
4(7260 7261 7265 7264)
4(7222 7226 7266 7262)
4(7225 7265 7266 7226)
4(7261 7262 7266 7265)
4(7226 7266 7267 7227)
4(7262 7263 7267 7266)
4(7223 7227 7267 7263)
4(7224 7228 7268 7264)
4(7023 7033 7268 7228)
4(7032 7264 7268 7033)
4(7225 7229 7269 7265)
4(7228 7268 7269 7229)
4(7264 7265 7269 7268)
4(7226 7230 7270 7266)
4(7229 7269 7270 7230)
4(7265 7266 7270 7269)
4(7230 7270 7271 7231)
4(7266 7267 7271 7270)
4(7227 7231 7271 7267)
4(7228 7232 7272 7268)
4(7024 7034 7272 7232)
4(7033 7268 7272 7034)
4(7229 7233 7273 7269)
4(7232 7272 7273 7233)
4(7268 7269 7273 7272)
4(7230 7234 7274 7270)
4(7233 7273 7274 7234)
4(7269 7270 7274 7273)
4(7234 7274 7275 7235)
4(7270 7271 7275 7274)
4(7231 7235 7275 7271)
4(7232 7236 7276 7272)
4(7025 7035 7276 7236)
4(7034 7272 7276 7035)
4(7233 7237 7277 7273)
4(7236 7276 7277 7237)
4(7272 7273 7277 7276)
4(7234 7238 7278 7274)
4(7237 7277 7278 7238)
4(7273 7274 7278 7277)
4(7238 7278 7279 7239)
4(7274 7275 7279 7278)
4(7235 7239 7279 7275)
4(7236 7240 7280 7276)
4(7026 7036 7280 7240)
4(7035 7276 7280 7036)
4(7237 7241 7281 7277)
4(7240 7280 7281 7241)
4(7276 7277 7281 7280)
4(7238 7242 7282 7278)
4(7241 7281 7282 7242)
4(7277 7278 7282 7281)
4(7242 7282 7283 7243)
4(7278 7279 7283 7282)
4(7239 7243 7283 7279)
4(7240 7244 7284 7280)
4(7036 7280 7284 7037)
4(7241 7245 7285 7281)
4(7280 7281 7285 7284)
4(7242 7246 7286 7282)
4(7281 7282 7286 7285)
4(7282 7283 7287 7286)
4(7243 7247 7287 7283)
4(2848 7248 7288 2876)
4(7028 7038 7288 7248)
4(2683 2876 7288 7038)
4(2849 7249 7289 2877)
4(7248 7288 7289 7249)
4(2876 2877 7289 7288)
4(2850 7250 7290 2878)
4(7249 7289 7290 7250)
4(2877 2878 7290 7289)
4(7250 7290 7291 7251)
4(2878 2879 7291 7290)
4(2851 7251 7291 2879)
4(7248 7252 7292 7288)
4(7029 7039 7292 7252)
4(7038 7288 7292 7039)
4(7249 7253 7293 7289)
4(7252 7292 7293 7253)
4(7288 7289 7293 7292)
4(7250 7254 7294 7290)
4(7253 7293 7294 7254)
4(7289 7290 7294 7293)
4(7254 7294 7295 7255)
4(7290 7291 7295 7294)
4(7251 7255 7295 7291)
4(7252 7256 7296 7292)
4(7030 7040 7296 7256)
4(7039 7292 7296 7040)
4(7253 7257 7297 7293)
4(7256 7296 7297 7257)
4(7292 7293 7297 7296)
4(7254 7258 7298 7294)
4(7257 7297 7298 7258)
4(7293 7294 7298 7297)
4(7258 7298 7299 7259)
4(7294 7295 7299 7298)
4(7255 7259 7299 7295)
4(7256 7260 7300 7296)
4(7031 7041 7300 7260)
4(7040 7296 7300 7041)
4(7257 7261 7301 7297)
4(7260 7300 7301 7261)
4(7296 7297 7301 7300)
4(7258 7262 7302 7298)
4(7261 7301 7302 7262)
4(7297 7298 7302 7301)
4(7262 7302 7303 7263)
4(7298 7299 7303 7302)
4(7259 7263 7303 7299)
4(7260 7264 7304 7300)
4(7032 7042 7304 7264)
4(7041 7300 7304 7042)
4(7261 7265 7305 7301)
4(7264 7304 7305 7265)
4(7300 7301 7305 7304)
4(7262 7266 7306 7302)
4(7265 7305 7306 7266)
4(7301 7302 7306 7305)
4(7266 7306 7307 7267)
4(7302 7303 7307 7306)
4(7263 7267 7307 7303)
4(7264 7268 7308 7304)
4(7033 7043 7308 7268)
4(7042 7304 7308 7043)
4(7265 7269 7309 7305)
4(7268 7308 7309 7269)
4(7304 7305 7309 7308)
4(7266 7270 7310 7306)
4(7269 7309 7310 7270)
4(7305 7306 7310 7309)
4(7270 7310 7311 7271)
4(7306 7307 7311 7310)
4(7267 7271 7311 7307)
4(7268 7272 7312 7308)
4(7034 7044 7312 7272)
4(7043 7308 7312 7044)
4(7269 7273 7313 7309)
4(7272 7312 7313 7273)
4(7308 7309 7313 7312)
4(7270 7274 7314 7310)
4(7273 7313 7314 7274)
4(7309 7310 7314 7313)
4(7274 7314 7315 7275)
4(7310 7311 7315 7314)
4(7271 7275 7315 7311)
4(7272 7276 7316 7312)
4(7035 7045 7316 7276)
4(7044 7312 7316 7045)
4(7273 7277 7317 7313)
4(7276 7316 7317 7277)
4(7312 7313 7317 7316)
4(7274 7278 7318 7314)
4(7277 7317 7318 7278)
4(7313 7314 7318 7317)
4(7278 7318 7319 7279)
4(7314 7315 7319 7318)
4(7275 7279 7319 7315)
4(7276 7280 7320 7316)
4(7036 7046 7320 7280)
4(7045 7316 7320 7046)
4(7277 7281 7321 7317)
4(7280 7320 7321 7281)
4(7316 7317 7321 7320)
4(7278 7282 7322 7318)
4(7281 7321 7322 7282)
4(7317 7318 7322 7321)
4(7282 7322 7323 7283)
4(7318 7319 7323 7322)
4(7279 7283 7323 7319)
4(7280 7284 7324 7320)
4(7046 7320 7324 7047)
4(7281 7285 7325 7321)
4(7320 7321 7325 7324)
4(7282 7286 7326 7322)
4(7321 7322 7326 7325)
4(7322 7323 7327 7326)
4(7283 7287 7327 7323)
4(2876 7288 7328 2904)
4(7038 7048 7328 7288)
4(2690 2904 7328 7048)
4(2877 7289 7329 2905)
4(7288 7328 7329 7289)
4(2904 2905 7329 7328)
4(2878 7290 7330 2906)
4(7289 7329 7330 7290)
4(2905 2906 7330 7329)
4(7290 7330 7331 7291)
4(2906 2907 7331 7330)
4(2879 7291 7331 2907)
4(7288 7292 7332 7328)
4(7039 7049 7332 7292)
4(7048 7328 7332 7049)
4(7289 7293 7333 7329)
4(7292 7332 7333 7293)
4(7328 7329 7333 7332)
4(7290 7294 7334 7330)
4(7293 7333 7334 7294)
4(7329 7330 7334 7333)
4(7294 7334 7335 7295)
4(7330 7331 7335 7334)
4(7291 7295 7335 7331)
4(7292 7296 7336 7332)
4(7040 7050 7336 7296)
4(7049 7332 7336 7050)
4(7293 7297 7337 7333)
4(7296 7336 7337 7297)
4(7332 7333 7337 7336)
4(7294 7298 7338 7334)
4(7297 7337 7338 7298)
4(7333 7334 7338 7337)
4(7298 7338 7339 7299)
4(7334 7335 7339 7338)
4(7295 7299 7339 7335)
4(7296 7300 7340 7336)
4(7041 7051 7340 7300)
4(7050 7336 7340 7051)
4(7297 7301 7341 7337)
4(7300 7340 7341 7301)
4(7336 7337 7341 7340)
4(7298 7302 7342 7338)
4(7301 7341 7342 7302)
4(7337 7338 7342 7341)
4(7302 7342 7343 7303)
4(7338 7339 7343 7342)
4(7299 7303 7343 7339)
4(7300 7304 7344 7340)
4(7042 7052 7344 7304)
4(7051 7340 7344 7052)
4(7301 7305 7345 7341)
4(7304 7344 7345 7305)
4(7340 7341 7345 7344)
4(7302 7306 7346 7342)
4(7305 7345 7346 7306)
4(7341 7342 7346 7345)
4(7306 7346 7347 7307)
4(7342 7343 7347 7346)
4(7303 7307 7347 7343)
4(7304 7308 7348 7344)
4(7043 7053 7348 7308)
4(7052 7344 7348 7053)
4(7305 7309 7349 7345)
4(7308 7348 7349 7309)
4(7344 7345 7349 7348)
4(7306 7310 7350 7346)
4(7309 7349 7350 7310)
4(7345 7346 7350 7349)
4(7310 7350 7351 7311)
4(7346 7347 7351 7350)
4(7307 7311 7351 7347)
4(7308 7312 7352 7348)
4(7044 7054 7352 7312)
4(7053 7348 7352 7054)
4(7309 7313 7353 7349)
4(7312 7352 7353 7313)
4(7348 7349 7353 7352)
4(7310 7314 7354 7350)
4(7313 7353 7354 7314)
4(7349 7350 7354 7353)
4(7314 7354 7355 7315)
4(7350 7351 7355 7354)
4(7311 7315 7355 7351)
4(7312 7316 7356 7352)
4(7045 7055 7356 7316)
4(7054 7352 7356 7055)
4(7313 7317 7357 7353)
4(7316 7356 7357 7317)
4(7352 7353 7357 7356)
4(7314 7318 7358 7354)
4(7317 7357 7358 7318)
4(7353 7354 7358 7357)
4(7318 7358 7359 7319)
4(7354 7355 7359 7358)
4(7315 7319 7359 7355)
4(7316 7320 7360 7356)
4(7046 7056 7360 7320)
4(7055 7356 7360 7056)
4(7317 7321 7361 7357)
4(7320 7360 7361 7321)
4(7356 7357 7361 7360)
4(7318 7322 7362 7358)
4(7321 7361 7362 7322)
4(7357 7358 7362 7361)
4(7322 7362 7363 7323)
4(7358 7359 7363 7362)
4(7319 7323 7363 7359)
4(7320 7324 7364 7360)
4(7056 7360 7364 7057)
4(7321 7325 7365 7361)
4(7360 7361 7365 7364)
4(7322 7326 7366 7362)
4(7361 7362 7366 7365)
4(7362 7363 7367 7366)
4(7323 7327 7367 7363)
4(2904 7328 7368 2932)
4(7048 7058 7368 7328)
4(2697 2932 7368 7058)
4(2905 7329 7369 2933)
4(7328 7368 7369 7329)
4(2932 2933 7369 7368)
4(2906 7330 7370 2934)
4(7329 7369 7370 7330)
4(2933 2934 7370 7369)
4(7330 7370 7371 7331)
4(2934 2935 7371 7370)
4(2907 7331 7371 2935)
4(7328 7332 7372 7368)
4(7049 7059 7372 7332)
4(7058 7368 7372 7059)
4(7329 7333 7373 7369)
4(7332 7372 7373 7333)
4(7368 7369 7373 7372)
4(7330 7334 7374 7370)
4(7333 7373 7374 7334)
4(7369 7370 7374 7373)
4(7334 7374 7375 7335)
4(7370 7371 7375 7374)
4(7331 7335 7375 7371)
4(7332 7336 7376 7372)
4(7050 7060 7376 7336)
4(7059 7372 7376 7060)
4(7333 7337 7377 7373)
4(7336 7376 7377 7337)
4(7372 7373 7377 7376)
4(7334 7338 7378 7374)
4(7337 7377 7378 7338)
4(7373 7374 7378 7377)
4(7338 7378 7379 7339)
4(7374 7375 7379 7378)
4(7335 7339 7379 7375)
4(7336 7340 7380 7376)
4(7051 7061 7380 7340)
4(7060 7376 7380 7061)
4(7337 7341 7381 7377)
4(7340 7380 7381 7341)
4(7376 7377 7381 7380)
4(7338 7342 7382 7378)
4(7341 7381 7382 7342)
4(7377 7378 7382 7381)
4(7342 7382 7383 7343)
4(7378 7379 7383 7382)
4(7339 7343 7383 7379)
4(7340 7344 7384 7380)
4(7052 7062 7384 7344)
4(7061 7380 7384 7062)
4(7341 7345 7385 7381)
4(7344 7384 7385 7345)
4(7380 7381 7385 7384)
4(7342 7346 7386 7382)
4(7345 7385 7386 7346)
4(7381 7382 7386 7385)
4(7346 7386 7387 7347)
4(7382 7383 7387 7386)
4(7343 7347 7387 7383)
4(7344 7348 7388 7384)
4(7053 7063 7388 7348)
4(7062 7384 7388 7063)
4(7345 7349 7389 7385)
4(7348 7388 7389 7349)
4(7384 7385 7389 7388)
4(7346 7350 7390 7386)
4(7349 7389 7390 7350)
4(7385 7386 7390 7389)
4(7350 7390 7391 7351)
4(7386 7387 7391 7390)
4(7347 7351 7391 7387)
4(7348 7352 7392 7388)
4(7054 7064 7392 7352)
4(7063 7388 7392 7064)
4(7349 7353 7393 7389)
4(7352 7392 7393 7353)
4(7388 7389 7393 7392)
4(7350 7354 7394 7390)
4(7353 7393 7394 7354)
4(7389 7390 7394 7393)
4(7354 7394 7395 7355)
4(7390 7391 7395 7394)
4(7351 7355 7395 7391)
4(7352 7356 7396 7392)
4(7055 7065 7396 7356)
4(7064 7392 7396 7065)
4(7353 7357 7397 7393)
4(7356 7396 7397 7357)
4(7392 7393 7397 7396)
4(7354 7358 7398 7394)
4(7357 7397 7398 7358)
4(7393 7394 7398 7397)
4(7358 7398 7399 7359)
4(7394 7395 7399 7398)
4(7355 7359 7399 7395)
4(7356 7360 7400 7396)
4(7056 7066 7400 7360)
4(7065 7396 7400 7066)
4(7357 7361 7401 7397)
4(7360 7400 7401 7361)
4(7396 7397 7401 7400)
4(7358 7362 7402 7398)
4(7361 7401 7402 7362)
4(7397 7398 7402 7401)
4(7362 7402 7403 7363)
4(7398 7399 7403 7402)
4(7359 7363 7403 7399)
4(7360 7364 7404 7400)
4(7066 7400 7404 7067)
4(7361 7365 7405 7401)
4(7400 7401 7405 7404)
4(7362 7366 7406 7402)
4(7401 7402 7406 7405)
4(7402 7403 7407 7406)
4(7363 7367 7407 7403)
4(2932 7368 7408 2960)
4(7058 7068 7408 7368)
4(2704 2960 7408 7068)
4(2933 7369 7409 2961)
4(7368 7408 7409 7369)
4(2960 2961 7409 7408)
4(2934 7370 7410 2962)
4(7369 7409 7410 7370)
4(2961 2962 7410 7409)
4(7370 7410 7411 7371)
4(2962 2963 7411 7410)
4(2935 7371 7411 2963)
4(7368 7372 7412 7408)
4(7059 7069 7412 7372)
4(7068 7408 7412 7069)
4(7369 7373 7413 7409)
4(7372 7412 7413 7373)
4(7408 7409 7413 7412)
4(7370 7374 7414 7410)
4(7373 7413 7414 7374)
4(7409 7410 7414 7413)
4(7374 7414 7415 7375)
4(7410 7411 7415 7414)
4(7371 7375 7415 7411)
4(7372 7376 7416 7412)
4(7060 7070 7416 7376)
4(7069 7412 7416 7070)
4(7373 7377 7417 7413)
4(7376 7416 7417 7377)
4(7412 7413 7417 7416)
4(7374 7378 7418 7414)
4(7377 7417 7418 7378)
4(7413 7414 7418 7417)
4(7378 7418 7419 7379)
4(7414 7415 7419 7418)
4(7375 7379 7419 7415)
4(7376 7380 7420 7416)
4(7061 7071 7420 7380)
4(7070 7416 7420 7071)
4(7377 7381 7421 7417)
4(7380 7420 7421 7381)
4(7416 7417 7421 7420)
4(7378 7382 7422 7418)
4(7381 7421 7422 7382)
4(7417 7418 7422 7421)
4(7382 7422 7423 7383)
4(7418 7419 7423 7422)
4(7379 7383 7423 7419)
4(7380 7384 7424 7420)
4(7062 7072 7424 7384)
4(7071 7420 7424 7072)
4(7381 7385 7425 7421)
4(7384 7424 7425 7385)
4(7420 7421 7425 7424)
4(7382 7386 7426 7422)
4(7385 7425 7426 7386)
4(7421 7422 7426 7425)
4(7386 7426 7427 7387)
4(7422 7423 7427 7426)
4(7383 7387 7427 7423)
4(7384 7388 7428 7424)
4(7063 7073 7428 7388)
4(7072 7424 7428 7073)
4(7385 7389 7429 7425)
4(7388 7428 7429 7389)
4(7424 7425 7429 7428)
4(7386 7390 7430 7426)
4(7389 7429 7430 7390)
4(7425 7426 7430 7429)
4(7390 7430 7431 7391)
4(7426 7427 7431 7430)
4(7387 7391 7431 7427)
4(7388 7392 7432 7428)
4(7064 7074 7432 7392)
4(7073 7428 7432 7074)
4(7389 7393 7433 7429)
4(7392 7432 7433 7393)
4(7428 7429 7433 7432)
4(7390 7394 7434 7430)
4(7393 7433 7434 7394)
4(7429 7430 7434 7433)
4(7394 7434 7435 7395)
4(7430 7431 7435 7434)
4(7391 7395 7435 7431)
4(7392 7396 7436 7432)
4(7065 7075 7436 7396)
4(7074 7432 7436 7075)
4(7393 7397 7437 7433)
4(7396 7436 7437 7397)
4(7432 7433 7437 7436)
4(7394 7398 7438 7434)
4(7397 7437 7438 7398)
4(7433 7434 7438 7437)
4(7398 7438 7439 7399)
4(7434 7435 7439 7438)
4(7395 7399 7439 7435)
4(7396 7400 7440 7436)
4(7066 7076 7440 7400)
4(7075 7436 7440 7076)
4(7397 7401 7441 7437)
4(7400 7440 7441 7401)
4(7436 7437 7441 7440)
4(7398 7402 7442 7438)
4(7401 7441 7442 7402)
4(7437 7438 7442 7441)
4(7402 7442 7443 7403)
4(7438 7439 7443 7442)
4(7399 7403 7443 7439)
4(7400 7404 7444 7440)
4(7076 7440 7444 7077)
4(7401 7405 7445 7441)
4(7440 7441 7445 7444)
4(7402 7406 7446 7442)
4(7441 7442 7446 7445)
4(7442 7443 7447 7446)
4(7403 7407 7447 7443)
4(2960 7408 7448 2988)
4(7068 7078 7448 7408)
4(2711 2988 7448 7078)
4(2961 7409 7449 2989)
4(7408 7448 7449 7409)
4(2988 2989 7449 7448)
4(2962 7410 7450 2990)
4(7409 7449 7450 7410)
4(2989 2990 7450 7449)
4(7410 7450 7451 7411)
4(2990 2991 7451 7450)
4(2963 7411 7451 2991)
4(7408 7412 7452 7448)
4(7069 7079 7452 7412)
4(7078 7448 7452 7079)
4(7409 7413 7453 7449)
4(7412 7452 7453 7413)
4(7448 7449 7453 7452)
4(7410 7414 7454 7450)
4(7413 7453 7454 7414)
4(7449 7450 7454 7453)
4(7414 7454 7455 7415)
4(7450 7451 7455 7454)
4(7411 7415 7455 7451)
4(7412 7416 7456 7452)
4(7070 7080 7456 7416)
4(7079 7452 7456 7080)
4(7413 7417 7457 7453)
4(7416 7456 7457 7417)
4(7452 7453 7457 7456)
4(7414 7418 7458 7454)
4(7417 7457 7458 7418)
4(7453 7454 7458 7457)
4(7418 7458 7459 7419)
4(7454 7455 7459 7458)
4(7415 7419 7459 7455)
4(7416 7420 7460 7456)
4(7071 7081 7460 7420)
4(7080 7456 7460 7081)
4(7417 7421 7461 7457)
4(7420 7460 7461 7421)
4(7456 7457 7461 7460)
4(7418 7422 7462 7458)
4(7421 7461 7462 7422)
4(7457 7458 7462 7461)
4(7422 7462 7463 7423)
4(7458 7459 7463 7462)
4(7419 7423 7463 7459)
4(7420 7424 7464 7460)
4(7072 7082 7464 7424)
4(7081 7460 7464 7082)
4(7421 7425 7465 7461)
4(7424 7464 7465 7425)
4(7460 7461 7465 7464)
4(7422 7426 7466 7462)
4(7425 7465 7466 7426)
4(7461 7462 7466 7465)
4(7426 7466 7467 7427)
4(7462 7463 7467 7466)
4(7423 7427 7467 7463)
4(7424 7428 7468 7464)
4(7073 7083 7468 7428)
4(7082 7464 7468 7083)
4(7425 7429 7469 7465)
4(7428 7468 7469 7429)
4(7464 7465 7469 7468)
4(7426 7430 7470 7466)
4(7429 7469 7470 7430)
4(7465 7466 7470 7469)
4(7430 7470 7471 7431)
4(7466 7467 7471 7470)
4(7427 7431 7471 7467)
4(7428 7432 7472 7468)
4(7074 7084 7472 7432)
4(7083 7468 7472 7084)
4(7429 7433 7473 7469)
4(7432 7472 7473 7433)
4(7468 7469 7473 7472)
4(7430 7434 7474 7470)
4(7433 7473 7474 7434)
4(7469 7470 7474 7473)
4(7434 7474 7475 7435)
4(7470 7471 7475 7474)
4(7431 7435 7475 7471)
4(7432 7436 7476 7472)
4(7075 7085 7476 7436)
4(7084 7472 7476 7085)
4(7433 7437 7477 7473)
4(7436 7476 7477 7437)
4(7472 7473 7477 7476)
4(7434 7438 7478 7474)
4(7437 7477 7478 7438)
4(7473 7474 7478 7477)
4(7438 7478 7479 7439)
4(7474 7475 7479 7478)
4(7435 7439 7479 7475)
4(7436 7440 7480 7476)
4(7076 7086 7480 7440)
4(7085 7476 7480 7086)
4(7437 7441 7481 7477)
4(7440 7480 7481 7441)
4(7476 7477 7481 7480)
4(7438 7442 7482 7478)
4(7441 7481 7482 7442)
4(7477 7478 7482 7481)
4(7442 7482 7483 7443)
4(7478 7479 7483 7482)
4(7439 7443 7483 7479)
4(7440 7444 7484 7480)
4(7086 7480 7484 7087)
4(7441 7445 7485 7481)
4(7480 7481 7485 7484)
4(7442 7446 7486 7482)
4(7481 7482 7486 7485)
4(7482 7483 7487 7486)
4(7443 7447 7487 7483)
4(2988 7448 7488 3016)
4(7078 7088 7488 7448)
4(2718 3016 7488 7088)
4(2989 7449 7489 3017)
4(7448 7488 7489 7449)
4(3016 3017 7489 7488)
4(2990 7450 7490 3018)
4(7449 7489 7490 7450)
4(3017 3018 7490 7489)
4(7450 7490 7491 7451)
4(3018 3019 7491 7490)
4(2991 7451 7491 3019)
4(7448 7452 7492 7488)
4(7079 7089 7492 7452)
4(7088 7488 7492 7089)
4(7449 7453 7493 7489)
4(7452 7492 7493 7453)
4(7488 7489 7493 7492)
4(7450 7454 7494 7490)
4(7453 7493 7494 7454)
4(7489 7490 7494 7493)
4(7454 7494 7495 7455)
4(7490 7491 7495 7494)
4(7451 7455 7495 7491)
4(7452 7456 7496 7492)
4(7080 7090 7496 7456)
4(7089 7492 7496 7090)
4(7453 7457 7497 7493)
4(7456 7496 7497 7457)
4(7492 7493 7497 7496)
4(7454 7458 7498 7494)
4(7457 7497 7498 7458)
4(7493 7494 7498 7497)
4(7458 7498 7499 7459)
4(7494 7495 7499 7498)
4(7455 7459 7499 7495)
4(7456 7460 7500 7496)
4(7081 7091 7500 7460)
4(7090 7496 7500 7091)
4(7457 7461 7501 7497)
4(7460 7500 7501 7461)
4(7496 7497 7501 7500)
4(7458 7462 7502 7498)
4(7461 7501 7502 7462)
4(7497 7498 7502 7501)
4(7462 7502 7503 7463)
4(7498 7499 7503 7502)
4(7459 7463 7503 7499)
4(7460 7464 7504 7500)
4(7082 7092 7504 7464)
4(7091 7500 7504 7092)
4(7461 7465 7505 7501)
4(7464 7504 7505 7465)
4(7500 7501 7505 7504)
4(7462 7466 7506 7502)
4(7465 7505 7506 7466)
4(7501 7502 7506 7505)
4(7466 7506 7507 7467)
4(7502 7503 7507 7506)
4(7463 7467 7507 7503)
4(7464 7468 7508 7504)
4(7083 7093 7508 7468)
4(7092 7504 7508 7093)
4(7465 7469 7509 7505)
4(7468 7508 7509 7469)
4(7504 7505 7509 7508)
4(7466 7470 7510 7506)
4(7469 7509 7510 7470)
4(7505 7506 7510 7509)
4(7470 7510 7511 7471)
4(7506 7507 7511 7510)
4(7467 7471 7511 7507)
4(7468 7472 7512 7508)
4(7084 7094 7512 7472)
4(7093 7508 7512 7094)
4(7469 7473 7513 7509)
4(7472 7512 7513 7473)
4(7508 7509 7513 7512)
4(7470 7474 7514 7510)
4(7473 7513 7514 7474)
4(7509 7510 7514 7513)
4(7474 7514 7515 7475)
4(7510 7511 7515 7514)
4(7471 7475 7515 7511)
4(7472 7476 7516 7512)
4(7085 7095 7516 7476)
4(7094 7512 7516 7095)
4(7473 7477 7517 7513)
4(7476 7516 7517 7477)
4(7512 7513 7517 7516)
4(7474 7478 7518 7514)
4(7477 7517 7518 7478)
4(7513 7514 7518 7517)
4(7478 7518 7519 7479)
4(7514 7515 7519 7518)
4(7475 7479 7519 7515)
4(7476 7480 7520 7516)
4(7086 7096 7520 7480)
4(7095 7516 7520 7096)
4(7477 7481 7521 7517)
4(7480 7520 7521 7481)
4(7516 7517 7521 7520)
4(7478 7482 7522 7518)
4(7481 7521 7522 7482)
4(7517 7518 7522 7521)
4(7482 7522 7523 7483)
4(7518 7519 7523 7522)
4(7479 7483 7523 7519)
4(7480 7484 7524 7520)
4(7096 7520 7524 7097)
4(7481 7485 7525 7521)
4(7520 7521 7525 7524)
4(7482 7486 7526 7522)
4(7521 7522 7526 7525)
4(7522 7523 7527 7526)
4(7483 7487 7527 7523)
4(3016 7488 7528 3044)
4(7088 7098 7528 7488)
4(2725 3044 7528 7098)
4(3017 7489 7529 3045)
4(7488 7528 7529 7489)
4(3044 3045 7529 7528)
4(3018 7490 7530 3046)
4(7489 7529 7530 7490)
4(3045 3046 7530 7529)
4(7490 7530 7531 7491)
4(3046 3047 7531 7530)
4(3019 7491 7531 3047)
4(7488 7492 7532 7528)
4(7089 7099 7532 7492)
4(7098 7528 7532 7099)
4(7489 7493 7533 7529)
4(7492 7532 7533 7493)
4(7528 7529 7533 7532)
4(7490 7494 7534 7530)
4(7493 7533 7534 7494)
4(7529 7530 7534 7533)
4(7494 7534 7535 7495)
4(7530 7531 7535 7534)
4(7491 7495 7535 7531)
4(7492 7496 7536 7532)
4(7090 7100 7536 7496)
4(7099 7532 7536 7100)
4(7493 7497 7537 7533)
4(7496 7536 7537 7497)
4(7532 7533 7537 7536)
4(7494 7498 7538 7534)
4(7497 7537 7538 7498)
4(7533 7534 7538 7537)
4(7498 7538 7539 7499)
4(7534 7535 7539 7538)
4(7495 7499 7539 7535)
4(7496 7500 7540 7536)
4(7091 7101 7540 7500)
4(7100 7536 7540 7101)
4(7497 7501 7541 7537)
4(7500 7540 7541 7501)
4(7536 7537 7541 7540)
4(7498 7502 7542 7538)
4(7501 7541 7542 7502)
4(7537 7538 7542 7541)
4(7502 7542 7543 7503)
4(7538 7539 7543 7542)
4(7499 7503 7543 7539)
4(7500 7504 7544 7540)
4(7092 7102 7544 7504)
4(7101 7540 7544 7102)
4(7501 7505 7545 7541)
4(7504 7544 7545 7505)
4(7540 7541 7545 7544)
4(7502 7506 7546 7542)
4(7505 7545 7546 7506)
4(7541 7542 7546 7545)
4(7506 7546 7547 7507)
4(7542 7543 7547 7546)
4(7503 7507 7547 7543)
4(7504 7508 7548 7544)
4(7093 7103 7548 7508)
4(7102 7544 7548 7103)
4(7505 7509 7549 7545)
4(7508 7548 7549 7509)
4(7544 7545 7549 7548)
4(7506 7510 7550 7546)
4(7509 7549 7550 7510)
4(7545 7546 7550 7549)
4(7510 7550 7551 7511)
4(7546 7547 7551 7550)
4(7507 7511 7551 7547)
4(7508 7512 7552 7548)
4(7094 7104 7552 7512)
4(7103 7548 7552 7104)
4(7509 7513 7553 7549)
4(7512 7552 7553 7513)
4(7548 7549 7553 7552)
4(7510 7514 7554 7550)
4(7513 7553 7554 7514)
4(7549 7550 7554 7553)
4(7514 7554 7555 7515)
4(7550 7551 7555 7554)
4(7511 7515 7555 7551)
4(7512 7516 7556 7552)
4(7095 7105 7556 7516)
4(7104 7552 7556 7105)
4(7513 7517 7557 7553)
4(7516 7556 7557 7517)
4(7552 7553 7557 7556)
4(7514 7518 7558 7554)
4(7517 7557 7558 7518)
4(7553 7554 7558 7557)
4(7518 7558 7559 7519)
4(7554 7555 7559 7558)
4(7515 7519 7559 7555)
4(7516 7520 7560 7556)
4(7096 7106 7560 7520)
4(7105 7556 7560 7106)
4(7517 7521 7561 7557)
4(7520 7560 7561 7521)
4(7556 7557 7561 7560)
4(7518 7522 7562 7558)
4(7521 7561 7562 7522)
4(7557 7558 7562 7561)
4(7522 7562 7563 7523)
4(7558 7559 7563 7562)
4(7519 7523 7563 7559)
4(7520 7524 7564 7560)
4(7106 7560 7564 7107)
4(7521 7525 7565 7561)
4(7560 7561 7565 7564)
4(7522 7526 7566 7562)
4(7561 7562 7566 7565)
4(7562 7563 7567 7566)
4(7523 7527 7567 7563)
4(3044 7528 7568 3072)
4(7098 7108 7568 7528)
4(2732 3072 7568 7108)
4(3045 7529 7569 3073)
4(7528 7568 7569 7529)
4(3072 3073 7569 7568)
4(3046 7530 7570 3074)
4(7529 7569 7570 7530)
4(3073 3074 7570 7569)
4(7530 7570 7571 7531)
4(3074 3075 7571 7570)
4(3047 7531 7571 3075)
4(7528 7532 7572 7568)
4(7099 7109 7572 7532)
4(7108 7568 7572 7109)
4(7529 7533 7573 7569)
4(7532 7572 7573 7533)
4(7568 7569 7573 7572)
4(7530 7534 7574 7570)
4(7533 7573 7574 7534)
4(7569 7570 7574 7573)
4(7534 7574 7575 7535)
4(7570 7571 7575 7574)
4(7531 7535 7575 7571)
4(7532 7536 7576 7572)
4(7100 7110 7576 7536)
4(7109 7572 7576 7110)
4(7533 7537 7577 7573)
4(7536 7576 7577 7537)
4(7572 7573 7577 7576)
4(7534 7538 7578 7574)
4(7537 7577 7578 7538)
4(7573 7574 7578 7577)
4(7538 7578 7579 7539)
4(7574 7575 7579 7578)
4(7535 7539 7579 7575)
4(7536 7540 7580 7576)
4(7101 7111 7580 7540)
4(7110 7576 7580 7111)
4(7537 7541 7581 7577)
4(7540 7580 7581 7541)
4(7576 7577 7581 7580)
4(7538 7542 7582 7578)
4(7541 7581 7582 7542)
4(7577 7578 7582 7581)
4(7542 7582 7583 7543)
4(7578 7579 7583 7582)
4(7539 7543 7583 7579)
4(7540 7544 7584 7580)
4(7102 7112 7584 7544)
4(7111 7580 7584 7112)
4(7541 7545 7585 7581)
4(7544 7584 7585 7545)
4(7580 7581 7585 7584)
4(7542 7546 7586 7582)
4(7545 7585 7586 7546)
4(7581 7582 7586 7585)
4(7546 7586 7587 7547)
4(7582 7583 7587 7586)
4(7543 7547 7587 7583)
4(7544 7548 7588 7584)
4(7103 7113 7588 7548)
4(7112 7584 7588 7113)
4(7545 7549 7589 7585)
4(7548 7588 7589 7549)
4(7584 7585 7589 7588)
4(7546 7550 7590 7586)
4(7549 7589 7590 7550)
4(7585 7586 7590 7589)
4(7550 7590 7591 7551)
4(7586 7587 7591 7590)
4(7547 7551 7591 7587)
4(7548 7552 7592 7588)
4(7104 7114 7592 7552)
4(7113 7588 7592 7114)
4(7549 7553 7593 7589)
4(7552 7592 7593 7553)
4(7588 7589 7593 7592)
4(7550 7554 7594 7590)
4(7553 7593 7594 7554)
4(7589 7590 7594 7593)
4(7554 7594 7595 7555)
4(7590 7591 7595 7594)
4(7551 7555 7595 7591)
4(7552 7556 7596 7592)
4(7105 7115 7596 7556)
4(7114 7592 7596 7115)
4(7553 7557 7597 7593)
4(7556 7596 7597 7557)
4(7592 7593 7597 7596)
4(7554 7558 7598 7594)
4(7557 7597 7598 7558)
4(7593 7594 7598 7597)
4(7558 7598 7599 7559)
4(7594 7595 7599 7598)
4(7555 7559 7599 7595)
4(7556 7560 7600 7596)
4(7106 7116 7600 7560)
4(7115 7596 7600 7116)
4(7557 7561 7601 7597)
4(7560 7600 7601 7561)
4(7596 7597 7601 7600)
4(7558 7562 7602 7598)
4(7561 7601 7602 7562)
4(7597 7598 7602 7601)
4(7562 7602 7603 7563)
4(7598 7599 7603 7602)
4(7559 7563 7603 7599)
4(7560 7564 7604 7600)
4(7116 7600 7604 7117)
4(7561 7565 7605 7601)
4(7600 7601 7605 7604)
4(7562 7566 7606 7602)
4(7601 7602 7606 7605)
4(7602 7603 7607 7606)
4(7563 7567 7607 7603)
4(3072 7568 7608 3100)
4(7108 7118 7608 7568)
4(2739 3100 7608 7118)
4(3073 7569 7609 3101)
4(7568 7608 7609 7569)
4(3100 3101 7609 7608)
4(3074 7570 7610 3102)
4(7569 7609 7610 7570)
4(3101 3102 7610 7609)
4(7570 7610 7611 7571)
4(3102 3103 7611 7610)
4(3075 7571 7611 3103)
4(7568 7572 7612 7608)
4(7109 7119 7612 7572)
4(7118 7608 7612 7119)
4(7569 7573 7613 7609)
4(7572 7612 7613 7573)
4(7608 7609 7613 7612)
4(7570 7574 7614 7610)
4(7573 7613 7614 7574)
4(7609 7610 7614 7613)
4(7574 7614 7615 7575)
4(7610 7611 7615 7614)
4(7571 7575 7615 7611)
4(7572 7576 7616 7612)
4(7110 7120 7616 7576)
4(7119 7612 7616 7120)
4(7573 7577 7617 7613)
4(7576 7616 7617 7577)
4(7612 7613 7617 7616)
4(7574 7578 7618 7614)
4(7577 7617 7618 7578)
4(7613 7614 7618 7617)
4(7578 7618 7619 7579)
4(7614 7615 7619 7618)
4(7575 7579 7619 7615)
4(7576 7580 7620 7616)
4(7111 7121 7620 7580)
4(7120 7616 7620 7121)
4(7577 7581 7621 7617)
4(7580 7620 7621 7581)
4(7616 7617 7621 7620)
4(7578 7582 7622 7618)
4(7581 7621 7622 7582)
4(7617 7618 7622 7621)
4(7582 7622 7623 7583)
4(7618 7619 7623 7622)
4(7579 7583 7623 7619)
4(7580 7584 7624 7620)
4(7112 7122 7624 7584)
4(7121 7620 7624 7122)
4(7581 7585 7625 7621)
4(7584 7624 7625 7585)
4(7620 7621 7625 7624)
4(7582 7586 7626 7622)
4(7585 7625 7626 7586)
4(7621 7622 7626 7625)
4(7586 7626 7627 7587)
4(7622 7623 7627 7626)
4(7583 7587 7627 7623)
4(7584 7588 7628 7624)
4(7113 7123 7628 7588)
4(7122 7624 7628 7123)
4(7585 7589 7629 7625)
4(7588 7628 7629 7589)
4(7624 7625 7629 7628)
4(7586 7590 7630 7626)
4(7589 7629 7630 7590)
4(7625 7626 7630 7629)
4(7590 7630 7631 7591)
4(7626 7627 7631 7630)
4(7587 7591 7631 7627)
4(7588 7592 7632 7628)
4(7114 7124 7632 7592)
4(7123 7628 7632 7124)
4(7589 7593 7633 7629)
4(7592 7632 7633 7593)
4(7628 7629 7633 7632)
4(7590 7594 7634 7630)
4(7593 7633 7634 7594)
4(7629 7630 7634 7633)
4(7594 7634 7635 7595)
4(7630 7631 7635 7634)
4(7591 7595 7635 7631)
4(7592 7596 7636 7632)
4(7115 7125 7636 7596)
4(7124 7632 7636 7125)
4(7593 7597 7637 7633)
4(7596 7636 7637 7597)
4(7632 7633 7637 7636)
4(7594 7598 7638 7634)
4(7597 7637 7638 7598)
4(7633 7634 7638 7637)
4(7598 7638 7639 7599)
4(7634 7635 7639 7638)
4(7595 7599 7639 7635)
4(7596 7600 7640 7636)
4(7116 7126 7640 7600)
4(7125 7636 7640 7126)
4(7597 7601 7641 7637)
4(7600 7640 7641 7601)
4(7636 7637 7641 7640)
4(7598 7602 7642 7638)
4(7601 7641 7642 7602)
4(7637 7638 7642 7641)
4(7602 7642 7643 7603)
4(7638 7639 7643 7642)
4(7599 7603 7643 7639)
4(7600 7604 7644 7640)
4(7126 7640 7644 7127)
4(7601 7605 7645 7641)
4(7640 7641 7645 7644)
4(7602 7606 7646 7642)
4(7641 7642 7646 7645)
4(7642 7643 7647 7646)
4(7603 7607 7647 7643)
4(3100 7608 7648 3128)
4(7118 7128 7648 7608)
4(2746 3128 7648 7128)
4(3101 7609 7649 3129)
4(7608 7648 7649 7609)
4(3128 3129 7649 7648)
4(3102 7610 7650 3130)
4(7609 7649 7650 7610)
4(3129 3130 7650 7649)
4(7610 7650 7651 7611)
4(3130 3131 7651 7650)
4(3103 7611 7651 3131)
4(7608 7612 7652 7648)
4(7119 7129 7652 7612)
4(7128 7648 7652 7129)
4(7609 7613 7653 7649)
4(7612 7652 7653 7613)
4(7648 7649 7653 7652)
4(7610 7614 7654 7650)
4(7613 7653 7654 7614)
4(7649 7650 7654 7653)
4(7614 7654 7655 7615)
4(7650 7651 7655 7654)
4(7611 7615 7655 7651)
4(7612 7616 7656 7652)
4(7120 7130 7656 7616)
4(7129 7652 7656 7130)
4(7613 7617 7657 7653)
4(7616 7656 7657 7617)
4(7652 7653 7657 7656)
4(7614 7618 7658 7654)
4(7617 7657 7658 7618)
4(7653 7654 7658 7657)
4(7618 7658 7659 7619)
4(7654 7655 7659 7658)
4(7615 7619 7659 7655)
4(7616 7620 7660 7656)
4(7121 7131 7660 7620)
4(7130 7656 7660 7131)
4(7617 7621 7661 7657)
4(7620 7660 7661 7621)
4(7656 7657 7661 7660)
4(7618 7622 7662 7658)
4(7621 7661 7662 7622)
4(7657 7658 7662 7661)
4(7622 7662 7663 7623)
4(7658 7659 7663 7662)
4(7619 7623 7663 7659)
4(7620 7624 7664 7660)
4(7122 7132 7664 7624)
4(7131 7660 7664 7132)
4(7621 7625 7665 7661)
4(7624 7664 7665 7625)
4(7660 7661 7665 7664)
4(7622 7626 7666 7662)
4(7625 7665 7666 7626)
4(7661 7662 7666 7665)
4(7626 7666 7667 7627)
4(7662 7663 7667 7666)
4(7623 7627 7667 7663)
4(7624 7628 7668 7664)
4(7123 7133 7668 7628)
4(7132 7664 7668 7133)
4(7625 7629 7669 7665)
4(7628 7668 7669 7629)
4(7664 7665 7669 7668)
4(7626 7630 7670 7666)
4(7629 7669 7670 7630)
4(7665 7666 7670 7669)
4(7630 7670 7671 7631)
4(7666 7667 7671 7670)
4(7627 7631 7671 7667)
4(7628 7632 7672 7668)
4(7124 7134 7672 7632)
4(7133 7668 7672 7134)
4(7629 7633 7673 7669)
4(7632 7672 7673 7633)
4(7668 7669 7673 7672)
4(7630 7634 7674 7670)
4(7633 7673 7674 7634)
4(7669 7670 7674 7673)
4(7634 7674 7675 7635)
4(7670 7671 7675 7674)
4(7631 7635 7675 7671)
4(7632 7636 7676 7672)
4(7125 7135 7676 7636)
4(7134 7672 7676 7135)
4(7633 7637 7677 7673)
4(7636 7676 7677 7637)
4(7672 7673 7677 7676)
4(7634 7638 7678 7674)
4(7637 7677 7678 7638)
4(7673 7674 7678 7677)
4(7638 7678 7679 7639)
4(7674 7675 7679 7678)
4(7635 7639 7679 7675)
4(7636 7640 7680 7676)
4(7126 7136 7680 7640)
4(7135 7676 7680 7136)
4(7637 7641 7681 7677)
4(7640 7680 7681 7641)
4(7676 7677 7681 7680)
4(7638 7642 7682 7678)
4(7641 7681 7682 7642)
4(7677 7678 7682 7681)
4(7642 7682 7683 7643)
4(7678 7679 7683 7682)
4(7639 7643 7683 7679)
4(7640 7644 7684 7680)
4(7136 7680 7684 7137)
4(7641 7645 7685 7681)
4(7680 7681 7685 7684)
4(7642 7646 7686 7682)
4(7681 7682 7686 7685)
4(7682 7683 7687 7686)
4(7643 7647 7687 7683)
4(3128 7648 7688 3156)
4(7128 7138 7688 7648)
4(2753 3156 7688 7138)
4(3129 7649 7689 3157)
4(7648 7688 7689 7649)
4(3156 3157 7689 7688)
4(3130 7650 7690 3158)
4(7649 7689 7690 7650)
4(3157 3158 7690 7689)
4(7650 7690 7691 7651)
4(3158 3159 7691 7690)
4(3131 7651 7691 3159)
4(7648 7652 7692 7688)
4(7129 7139 7692 7652)
4(7138 7688 7692 7139)
4(7649 7653 7693 7689)
4(7652 7692 7693 7653)
4(7688 7689 7693 7692)
4(7650 7654 7694 7690)
4(7653 7693 7694 7654)
4(7689 7690 7694 7693)
4(7654 7694 7695 7655)
4(7690 7691 7695 7694)
4(7651 7655 7695 7691)
4(7652 7656 7696 7692)
4(7130 7140 7696 7656)
4(7139 7692 7696 7140)
4(7653 7657 7697 7693)
4(7656 7696 7697 7657)
4(7692 7693 7697 7696)
4(7654 7658 7698 7694)
4(7657 7697 7698 7658)
4(7693 7694 7698 7697)
4(7658 7698 7699 7659)
4(7694 7695 7699 7698)
4(7655 7659 7699 7695)
4(7656 7660 7700 7696)
4(7131 7141 7700 7660)
4(7140 7696 7700 7141)
4(7657 7661 7701 7697)
4(7660 7700 7701 7661)
4(7696 7697 7701 7700)
4(7658 7662 7702 7698)
4(7661 7701 7702 7662)
4(7697 7698 7702 7701)
4(7662 7702 7703 7663)
4(7698 7699 7703 7702)
4(7659 7663 7703 7699)
4(7660 7664 7704 7700)
4(7132 7142 7704 7664)
4(7141 7700 7704 7142)
4(7661 7665 7705 7701)
4(7664 7704 7705 7665)
4(7700 7701 7705 7704)
4(7662 7666 7706 7702)
4(7665 7705 7706 7666)
4(7701 7702 7706 7705)
4(7666 7706 7707 7667)
4(7702 7703 7707 7706)
4(7663 7667 7707 7703)
4(7664 7668 7708 7704)
4(7133 7143 7708 7668)
4(7142 7704 7708 7143)
4(7665 7669 7709 7705)
4(7668 7708 7709 7669)
4(7704 7705 7709 7708)
4(7666 7670 7710 7706)
4(7669 7709 7710 7670)
4(7705 7706 7710 7709)
4(7670 7710 7711 7671)
4(7706 7707 7711 7710)
4(7667 7671 7711 7707)
4(7668 7672 7712 7708)
4(7134 7144 7712 7672)
4(7143 7708 7712 7144)
4(7669 7673 7713 7709)
4(7672 7712 7713 7673)
4(7708 7709 7713 7712)
4(7670 7674 7714 7710)
4(7673 7713 7714 7674)
4(7709 7710 7714 7713)
4(7674 7714 7715 7675)
4(7710 7711 7715 7714)
4(7671 7675 7715 7711)
4(7672 7676 7716 7712)
4(7135 7145 7716 7676)
4(7144 7712 7716 7145)
4(7673 7677 7717 7713)
4(7676 7716 7717 7677)
4(7712 7713 7717 7716)
4(7674 7678 7718 7714)
4(7677 7717 7718 7678)
4(7713 7714 7718 7717)
4(7678 7718 7719 7679)
4(7714 7715 7719 7718)
4(7675 7679 7719 7715)
4(7676 7680 7720 7716)
4(7136 7146 7720 7680)
4(7145 7716 7720 7146)
4(7677 7681 7721 7717)
4(7680 7720 7721 7681)
4(7716 7717 7721 7720)
4(7678 7682 7722 7718)
4(7681 7721 7722 7682)
4(7717 7718 7722 7721)
4(7682 7722 7723 7683)
4(7718 7719 7723 7722)
4(7679 7683 7723 7719)
4(7680 7684 7724 7720)
4(7146 7720 7724 7147)
4(7681 7685 7725 7721)
4(7720 7721 7725 7724)
4(7682 7686 7726 7722)
4(7721 7722 7726 7725)
4(7722 7723 7727 7726)
4(7683 7687 7727 7723)
4(3156 7688 7728 3184)
4(7138 7148 7728 7688)
4(2760 3184 7728 7148)
4(3157 7689 7729 3185)
4(7688 7728 7729 7689)
4(3184 3185 7729 7728)
4(3158 7690 7730 3186)
4(7689 7729 7730 7690)
4(3185 3186 7730 7729)
4(7690 7730 7731 7691)
4(3186 3187 7731 7730)
4(3159 7691 7731 3187)
4(7688 7692 7732 7728)
4(7139 7149 7732 7692)
4(7148 7728 7732 7149)
4(7689 7693 7733 7729)
4(7692 7732 7733 7693)
4(7728 7729 7733 7732)
4(7690 7694 7734 7730)
4(7693 7733 7734 7694)
4(7729 7730 7734 7733)
4(7694 7734 7735 7695)
4(7730 7731 7735 7734)
4(7691 7695 7735 7731)
4(7692 7696 7736 7732)
4(7140 7150 7736 7696)
4(7149 7732 7736 7150)
4(7693 7697 7737 7733)
4(7696 7736 7737 7697)
4(7732 7733 7737 7736)
4(7694 7698 7738 7734)
4(7697 7737 7738 7698)
4(7733 7734 7738 7737)
4(7698 7738 7739 7699)
4(7734 7735 7739 7738)
4(7695 7699 7739 7735)
4(7696 7700 7740 7736)
4(7141 7151 7740 7700)
4(7150 7736 7740 7151)
4(7697 7701 7741 7737)
4(7700 7740 7741 7701)
4(7736 7737 7741 7740)
4(7698 7702 7742 7738)
4(7701 7741 7742 7702)
4(7737 7738 7742 7741)
4(7702 7742 7743 7703)
4(7738 7739 7743 7742)
4(7699 7703 7743 7739)
4(7700 7704 7744 7740)
4(7142 7152 7744 7704)
4(7151 7740 7744 7152)
4(7701 7705 7745 7741)
4(7704 7744 7745 7705)
4(7740 7741 7745 7744)
4(7702 7706 7746 7742)
4(7705 7745 7746 7706)
4(7741 7742 7746 7745)
4(7706 7746 7747 7707)
4(7742 7743 7747 7746)
4(7703 7707 7747 7743)
4(7704 7708 7748 7744)
4(7143 7153 7748 7708)
4(7152 7744 7748 7153)
4(7705 7709 7749 7745)
4(7708 7748 7749 7709)
4(7744 7745 7749 7748)
4(7706 7710 7750 7746)
4(7709 7749 7750 7710)
4(7745 7746 7750 7749)
4(7710 7750 7751 7711)
4(7746 7747 7751 7750)
4(7707 7711 7751 7747)
4(7708 7712 7752 7748)
4(7144 7154 7752 7712)
4(7153 7748 7752 7154)
4(7709 7713 7753 7749)
4(7712 7752 7753 7713)
4(7748 7749 7753 7752)
4(7710 7714 7754 7750)
4(7713 7753 7754 7714)
4(7749 7750 7754 7753)
4(7714 7754 7755 7715)
4(7750 7751 7755 7754)
4(7711 7715 7755 7751)
4(7712 7716 7756 7752)
4(7145 7155 7756 7716)
4(7154 7752 7756 7155)
4(7713 7717 7757 7753)
4(7716 7756 7757 7717)
4(7752 7753 7757 7756)
4(7714 7718 7758 7754)
4(7717 7757 7758 7718)
4(7753 7754 7758 7757)
4(7718 7758 7759 7719)
4(7754 7755 7759 7758)
4(7715 7719 7759 7755)
4(7716 7720 7760 7756)
4(7146 7156 7760 7720)
4(7155 7756 7760 7156)
4(7717 7721 7761 7757)
4(7720 7760 7761 7721)
4(7756 7757 7761 7760)
4(7718 7722 7762 7758)
4(7721 7761 7762 7722)
4(7757 7758 7762 7761)
4(7722 7762 7763 7723)
4(7758 7759 7763 7762)
4(7719 7723 7763 7759)
4(7720 7724 7764 7760)
4(7156 7760 7764 7157)
4(7721 7725 7765 7761)
4(7760 7761 7765 7764)
4(7722 7726 7766 7762)
4(7761 7762 7766 7765)
4(7762 7763 7767 7766)
4(7723 7727 7767 7763)
4(3184 7728 7768 3212)
4(7148 7158 7768 7728)
4(3185 7729 7769 3213)
4(7728 7768 7769 7729)
4(3186 7730 7770 3214)
4(7729 7769 7770 7730)
4(7730 7770 7771 7731)
4(3187 7731 7771 3215)
4(7728 7732 7772 7768)
4(7149 7159 7772 7732)
4(7729 7733 7773 7769)
4(7732 7772 7773 7733)
4(7730 7734 7774 7770)
4(7733 7773 7774 7734)
4(7734 7774 7775 7735)
4(7731 7735 7775 7771)
4(7732 7736 7776 7772)
4(7150 7160 7776 7736)
4(7733 7737 7777 7773)
4(7736 7776 7777 7737)
4(7734 7738 7778 7774)
4(7737 7777 7778 7738)
4(7738 7778 7779 7739)
4(7735 7739 7779 7775)
4(7736 7740 7780 7776)
4(7151 7161 7780 7740)
4(7737 7741 7781 7777)
4(7740 7780 7781 7741)
4(7738 7742 7782 7778)
4(7741 7781 7782 7742)
4(7742 7782 7783 7743)
4(7739 7743 7783 7779)
4(7740 7744 7784 7780)
4(7152 7162 7784 7744)
4(7741 7745 7785 7781)
4(7744 7784 7785 7745)
4(7742 7746 7786 7782)
4(7745 7785 7786 7746)
4(7746 7786 7787 7747)
4(7743 7747 7787 7783)
4(7744 7748 7788 7784)
4(7153 7163 7788 7748)
4(7745 7749 7789 7785)
4(7748 7788 7789 7749)
4(7746 7750 7790 7786)
4(7749 7789 7790 7750)
4(7750 7790 7791 7751)
4(7747 7751 7791 7787)
4(7748 7752 7792 7788)
4(7154 7164 7792 7752)
4(7749 7753 7793 7789)
4(7752 7792 7793 7753)
4(7750 7754 7794 7790)
4(7753 7793 7794 7754)
4(7754 7794 7795 7755)
4(7751 7755 7795 7791)
4(7752 7756 7796 7792)
4(7155 7165 7796 7756)
4(7753 7757 7797 7793)
4(7756 7796 7797 7757)
4(7754 7758 7798 7794)
4(7757 7797 7798 7758)
4(7758 7798 7799 7759)
4(7755 7759 7799 7795)
4(7756 7760 7800 7796)
4(7156 7166 7800 7760)
4(7757 7761 7801 7797)
4(7760 7800 7801 7761)
4(7758 7762 7802 7798)
4(7761 7801 7802 7762)
4(7762 7802 7803 7763)
4(7759 7763 7803 7799)
4(7760 7764 7804 7800)
4(7761 7765 7805 7801)
4(7762 7766 7806 7802)
4(7763 7767 7807 7803)
4(7171 7211 7818 7808)
4(2823 3229 7818 7211)
4(3222 7808 7818 3229)
4(7175 7215 7819 7809)
4(7211 7818 7819 7215)
4(7808 7809 7819 7818)
4(7179 7219 7820 7810)
4(7215 7819 7820 7219)
4(7809 7810 7820 7819)
4(7183 7223 7821 7811)
4(7219 7820 7821 7223)
4(7810 7811 7821 7820)
4(7187 7227 7822 7812)
4(7223 7821 7822 7227)
4(7811 7812 7822 7821)
4(7191 7231 7823 7813)
4(7227 7822 7823 7231)
4(7812 7813 7823 7822)
4(7195 7235 7824 7814)
4(7231 7823 7824 7235)
4(7813 7814 7824 7823)
4(7199 7239 7825 7815)
4(7235 7824 7825 7239)
4(7814 7815 7825 7824)
4(7203 7243 7826 7816)
4(7239 7825 7826 7243)
4(7815 7816 7826 7825)
4(7243 7826 7827 7247)
4(7816 7817 7827 7826)
4(7211 7251 7828 7818)
4(2851 3236 7828 7251)
4(3229 7818 7828 3236)
4(7215 7255 7829 7819)
4(7251 7828 7829 7255)
4(7818 7819 7829 7828)
4(7219 7259 7830 7820)
4(7255 7829 7830 7259)
4(7819 7820 7830 7829)
4(7223 7263 7831 7821)
4(7259 7830 7831 7263)
4(7820 7821 7831 7830)
4(7227 7267 7832 7822)
4(7263 7831 7832 7267)
4(7821 7822 7832 7831)
4(7231 7271 7833 7823)
4(7267 7832 7833 7271)
4(7822 7823 7833 7832)
4(7235 7275 7834 7824)
4(7271 7833 7834 7275)
4(7823 7824 7834 7833)
4(7239 7279 7835 7825)
4(7275 7834 7835 7279)
4(7824 7825 7835 7834)
4(7243 7283 7836 7826)
4(7279 7835 7836 7283)
4(7825 7826 7836 7835)
4(7283 7836 7837 7287)
4(7826 7827 7837 7836)
4(7251 7291 7838 7828)
4(2879 3243 7838 7291)
4(3236 7828 7838 3243)
4(7255 7295 7839 7829)
4(7291 7838 7839 7295)
4(7828 7829 7839 7838)
4(7259 7299 7840 7830)
4(7295 7839 7840 7299)
4(7829 7830 7840 7839)
4(7263 7303 7841 7831)
4(7299 7840 7841 7303)
4(7830 7831 7841 7840)
4(7267 7307 7842 7832)
4(7303 7841 7842 7307)
4(7831 7832 7842 7841)
4(7271 7311 7843 7833)
4(7307 7842 7843 7311)
4(7832 7833 7843 7842)
4(7275 7315 7844 7834)
4(7311 7843 7844 7315)
4(7833 7834 7844 7843)
4(7279 7319 7845 7835)
4(7315 7844 7845 7319)
4(7834 7835 7845 7844)
4(7283 7323 7846 7836)
4(7319 7845 7846 7323)
4(7835 7836 7846 7845)
4(7323 7846 7847 7327)
4(7836 7837 7847 7846)
4(7291 7331 7848 7838)
4(2907 3250 7848 7331)
4(3243 7838 7848 3250)
4(7295 7335 7849 7839)
4(7331 7848 7849 7335)
4(7838 7839 7849 7848)
4(7299 7339 7850 7840)
4(7335 7849 7850 7339)
4(7839 7840 7850 7849)
4(7303 7343 7851 7841)
4(7339 7850 7851 7343)
4(7840 7841 7851 7850)
4(7307 7347 7852 7842)
4(7343 7851 7852 7347)
4(7841 7842 7852 7851)
4(7311 7351 7853 7843)
4(7347 7852 7853 7351)
4(7842 7843 7853 7852)
4(7315 7355 7854 7844)
4(7351 7853 7854 7355)
4(7843 7844 7854 7853)
4(7319 7359 7855 7845)
4(7355 7854 7855 7359)
4(7844 7845 7855 7854)
4(7323 7363 7856 7846)
4(7359 7855 7856 7363)
4(7845 7846 7856 7855)
4(7363 7856 7857 7367)
4(7846 7847 7857 7856)
4(7331 7371 7858 7848)
4(2935 3257 7858 7371)
4(3250 7848 7858 3257)
4(7335 7375 7859 7849)
4(7371 7858 7859 7375)
4(7848 7849 7859 7858)
4(7339 7379 7860 7850)
4(7375 7859 7860 7379)
4(7849 7850 7860 7859)
4(7343 7383 7861 7851)
4(7379 7860 7861 7383)
4(7850 7851 7861 7860)
4(7347 7387 7862 7852)
4(7383 7861 7862 7387)
4(7851 7852 7862 7861)
4(7351 7391 7863 7853)
4(7387 7862 7863 7391)
4(7852 7853 7863 7862)
4(7355 7395 7864 7854)
4(7391 7863 7864 7395)
4(7853 7854 7864 7863)
4(7359 7399 7865 7855)
4(7395 7864 7865 7399)
4(7854 7855 7865 7864)
4(7363 7403 7866 7856)
4(7399 7865 7866 7403)
4(7855 7856 7866 7865)
4(7403 7866 7867 7407)
4(7856 7857 7867 7866)
4(7371 7411 7868 7858)
4(2963 3264 7868 7411)
4(3257 7858 7868 3264)
4(7375 7415 7869 7859)
4(7411 7868 7869 7415)
4(7858 7859 7869 7868)
4(7379 7419 7870 7860)
4(7415 7869 7870 7419)
4(7859 7860 7870 7869)
4(7383 7423 7871 7861)
4(7419 7870 7871 7423)
4(7860 7861 7871 7870)
4(7387 7427 7872 7862)
4(7423 7871 7872 7427)
4(7861 7862 7872 7871)
4(7391 7431 7873 7863)
4(7427 7872 7873 7431)
4(7862 7863 7873 7872)
4(7395 7435 7874 7864)
4(7431 7873 7874 7435)
4(7863 7864 7874 7873)
4(7399 7439 7875 7865)
4(7435 7874 7875 7439)
4(7864 7865 7875 7874)
4(7403 7443 7876 7866)
4(7439 7875 7876 7443)
4(7865 7866 7876 7875)
4(7443 7876 7877 7447)
4(7866 7867 7877 7876)
4(7411 7451 7878 7868)
4(2991 3271 7878 7451)
4(3264 7868 7878 3271)
4(7415 7455 7879 7869)
4(7451 7878 7879 7455)
4(7868 7869 7879 7878)
4(7419 7459 7880 7870)
4(7455 7879 7880 7459)
4(7869 7870 7880 7879)
4(7423 7463 7881 7871)
4(7459 7880 7881 7463)
4(7870 7871 7881 7880)
4(7427 7467 7882 7872)
4(7463 7881 7882 7467)
4(7871 7872 7882 7881)
4(7431 7471 7883 7873)
4(7467 7882 7883 7471)
4(7872 7873 7883 7882)
4(7435 7475 7884 7874)
4(7471 7883 7884 7475)
4(7873 7874 7884 7883)
4(7439 7479 7885 7875)
4(7475 7884 7885 7479)
4(7874 7875 7885 7884)
4(7443 7483 7886 7876)
4(7479 7885 7886 7483)
4(7875 7876 7886 7885)
4(7483 7886 7887 7487)
4(7876 7877 7887 7886)
4(7451 7491 7888 7878)
4(3019 3278 7888 7491)
4(3271 7878 7888 3278)
4(7455 7495 7889 7879)
4(7491 7888 7889 7495)
4(7878 7879 7889 7888)
4(7459 7499 7890 7880)
4(7495 7889 7890 7499)
4(7879 7880 7890 7889)
4(7463 7503 7891 7881)
4(7499 7890 7891 7503)
4(7880 7881 7891 7890)
4(7467 7507 7892 7882)
4(7503 7891 7892 7507)
4(7881 7882 7892 7891)
4(7471 7511 7893 7883)
4(7507 7892 7893 7511)
4(7882 7883 7893 7892)
4(7475 7515 7894 7884)
4(7511 7893 7894 7515)
4(7883 7884 7894 7893)
4(7479 7519 7895 7885)
4(7515 7894 7895 7519)
4(7884 7885 7895 7894)
4(7483 7523 7896 7886)
4(7519 7895 7896 7523)
4(7885 7886 7896 7895)
4(7523 7896 7897 7527)
4(7886 7887 7897 7896)
4(7491 7531 7898 7888)
4(3047 3285 7898 7531)
4(3278 7888 7898 3285)
4(7495 7535 7899 7889)
4(7531 7898 7899 7535)
4(7888 7889 7899 7898)
4(7499 7539 7900 7890)
4(7535 7899 7900 7539)
4(7889 7890 7900 7899)
4(7503 7543 7901 7891)
4(7539 7900 7901 7543)
4(7890 7891 7901 7900)
4(7507 7547 7902 7892)
4(7543 7901 7902 7547)
4(7891 7892 7902 7901)
4(7511 7551 7903 7893)
4(7547 7902 7903 7551)
4(7892 7893 7903 7902)
4(7515 7555 7904 7894)
4(7551 7903 7904 7555)
4(7893 7894 7904 7903)
4(7519 7559 7905 7895)
4(7555 7904 7905 7559)
4(7894 7895 7905 7904)
4(7523 7563 7906 7896)
4(7559 7905 7906 7563)
4(7895 7896 7906 7905)
4(7563 7906 7907 7567)
4(7896 7897 7907 7906)
4(7531 7571 7908 7898)
4(3075 3292 7908 7571)
4(3285 7898 7908 3292)
4(7535 7575 7909 7899)
4(7571 7908 7909 7575)
4(7898 7899 7909 7908)
4(7539 7579 7910 7900)
4(7575 7909 7910 7579)
4(7899 7900 7910 7909)
4(7543 7583 7911 7901)
4(7579 7910 7911 7583)
4(7900 7901 7911 7910)
4(7547 7587 7912 7902)
4(7583 7911 7912 7587)
4(7901 7902 7912 7911)
4(7551 7591 7913 7903)
4(7587 7912 7913 7591)
4(7902 7903 7913 7912)
4(7555 7595 7914 7904)
4(7591 7913 7914 7595)
4(7903 7904 7914 7913)
4(7559 7599 7915 7905)
4(7595 7914 7915 7599)
4(7904 7905 7915 7914)
4(7563 7603 7916 7906)
4(7599 7915 7916 7603)
4(7905 7906 7916 7915)
4(7603 7916 7917 7607)
4(7906 7907 7917 7916)
4(7571 7611 7918 7908)
4(3103 3299 7918 7611)
4(3292 7908 7918 3299)
4(7575 7615 7919 7909)
4(7611 7918 7919 7615)
4(7908 7909 7919 7918)
4(7579 7619 7920 7910)
4(7615 7919 7920 7619)
4(7909 7910 7920 7919)
4(7583 7623 7921 7911)
4(7619 7920 7921 7623)
4(7910 7911 7921 7920)
4(7587 7627 7922 7912)
4(7623 7921 7922 7627)
4(7911 7912 7922 7921)
4(7591 7631 7923 7913)
4(7627 7922 7923 7631)
4(7912 7913 7923 7922)
4(7595 7635 7924 7914)
4(7631 7923 7924 7635)
4(7913 7914 7924 7923)
4(7599 7639 7925 7915)
4(7635 7924 7925 7639)
4(7914 7915 7925 7924)
4(7603 7643 7926 7916)
4(7639 7925 7926 7643)
4(7915 7916 7926 7925)
4(7643 7926 7927 7647)
4(7916 7917 7927 7926)
4(7611 7651 7928 7918)
4(3131 3306 7928 7651)
4(3299 7918 7928 3306)
4(7615 7655 7929 7919)
4(7651 7928 7929 7655)
4(7918 7919 7929 7928)
4(7619 7659 7930 7920)
4(7655 7929 7930 7659)
4(7919 7920 7930 7929)
4(7623 7663 7931 7921)
4(7659 7930 7931 7663)
4(7920 7921 7931 7930)
4(7627 7667 7932 7922)
4(7663 7931 7932 7667)
4(7921 7922 7932 7931)
4(7631 7671 7933 7923)
4(7667 7932 7933 7671)
4(7922 7923 7933 7932)
4(7635 7675 7934 7924)
4(7671 7933 7934 7675)
4(7923 7924 7934 7933)
4(7639 7679 7935 7925)
4(7675 7934 7935 7679)
4(7924 7925 7935 7934)
4(7643 7683 7936 7926)
4(7679 7935 7936 7683)
4(7925 7926 7936 7935)
4(7683 7936 7937 7687)
4(7926 7927 7937 7936)
4(7651 7691 7938 7928)
4(3159 3313 7938 7691)
4(3306 7928 7938 3313)
4(7655 7695 7939 7929)
4(7691 7938 7939 7695)
4(7928 7929 7939 7938)
4(7659 7699 7940 7930)
4(7695 7939 7940 7699)
4(7929 7930 7940 7939)
4(7663 7703 7941 7931)
4(7699 7940 7941 7703)
4(7930 7931 7941 7940)
4(7667 7707 7942 7932)
4(7703 7941 7942 7707)
4(7931 7932 7942 7941)
4(7671 7711 7943 7933)
4(7707 7942 7943 7711)
4(7932 7933 7943 7942)
4(7675 7715 7944 7934)
4(7711 7943 7944 7715)
4(7933 7934 7944 7943)
4(7679 7719 7945 7935)
4(7715 7944 7945 7719)
4(7934 7935 7945 7944)
4(7683 7723 7946 7936)
4(7719 7945 7946 7723)
4(7935 7936 7946 7945)
4(7723 7946 7947 7727)
4(7936 7937 7947 7946)
4(7691 7731 7948 7938)
4(3187 3320 7948 7731)
4(3313 7938 7948 3320)
4(7695 7735 7949 7939)
4(7731 7948 7949 7735)
4(7938 7939 7949 7948)
4(7699 7739 7950 7940)
4(7735 7949 7950 7739)
4(7939 7940 7950 7949)
4(7703 7743 7951 7941)
4(7739 7950 7951 7743)
4(7940 7941 7951 7950)
4(7707 7747 7952 7942)
4(7743 7951 7952 7747)
4(7941 7942 7952 7951)
4(7711 7751 7953 7943)
4(7747 7952 7953 7751)
4(7942 7943 7953 7952)
4(7715 7755 7954 7944)
4(7751 7953 7954 7755)
4(7943 7944 7954 7953)
4(7719 7759 7955 7945)
4(7755 7954 7955 7759)
4(7944 7945 7955 7954)
4(7723 7763 7956 7946)
4(7759 7955 7956 7763)
4(7945 7946 7956 7955)
4(7763 7956 7957 7767)
4(7946 7947 7957 7956)
4(7731 7771 7958 7948)
4(3320 7948 7958 3327)
4(7735 7775 7959 7949)
4(7948 7949 7959 7958)
4(7739 7779 7960 7950)
4(7949 7950 7960 7959)
4(7743 7783 7961 7951)
4(7950 7951 7961 7960)
4(7747 7787 7962 7952)
4(7951 7952 7962 7961)
4(7751 7791 7963 7953)
4(7952 7953 7963 7962)
4(7755 7795 7964 7954)
4(7953 7954 7964 7963)
4(7759 7799 7965 7955)
4(7954 7955 7965 7964)
4(7763 7803 7966 7956)
4(7955 7956 7966 7965)
4(7956 7957 7967 7966)
4(3388 7968 8068 3458)
4(7808 7818 8068 7968)
4(3229 3458 8068 7818)
4(3389 7969 8069 3459)
4(7968 8068 8069 7969)
4(3458 3459 8069 8068)
4(3390 7970 8070 3460)
4(7969 8069 8070 7970)
4(3459 3460 8070 8069)
4(3391 7971 8071 3461)
4(7970 8070 8071 7971)
4(3460 3461 8071 8070)
4(3392 7972 8072 3462)
4(7971 8071 8072 7972)
4(3461 3462 8072 8071)
4(3393 7973 8073 3463)
4(7972 8072 8073 7973)
4(3462 3463 8073 8072)
4(3394 7974 8074 3464)
4(7973 8073 8074 7974)
4(3463 3464 8074 8073)
4(3395 7975 8075 3465)
4(7974 8074 8075 7975)
4(3464 3465 8075 8074)
4(3396 7976 8076 3466)
4(7975 8075 8076 7976)
4(3465 3466 8076 8075)
4(7976 8076 8077 7977)
4(3466 3467 8077 8076)
4(7968 7978 8078 8068)
4(7809 7819 8078 7978)
4(7818 8068 8078 7819)
4(7969 7979 8079 8069)
4(7978 8078 8079 7979)
4(8068 8069 8079 8078)
4(7970 7980 8080 8070)
4(7979 8079 8080 7980)
4(8069 8070 8080 8079)
4(7971 7981 8081 8071)
4(7980 8080 8081 7981)
4(8070 8071 8081 8080)
4(7972 7982 8082 8072)
4(7981 8081 8082 7982)
4(8071 8072 8082 8081)
4(7973 7983 8083 8073)
4(7982 8082 8083 7983)
4(8072 8073 8083 8082)
4(7974 7984 8084 8074)
4(7983 8083 8084 7984)
4(8073 8074 8084 8083)
4(7975 7985 8085 8075)
4(7984 8084 8085 7985)
4(8074 8075 8085 8084)
4(7976 7986 8086 8076)
4(7985 8085 8086 7986)
4(8075 8076 8086 8085)
4(7986 8086 8087 7987)
4(8076 8077 8087 8086)
4(7978 7988 8088 8078)
4(7810 7820 8088 7988)
4(7819 8078 8088 7820)
4(7979 7989 8089 8079)
4(7988 8088 8089 7989)
4(8078 8079 8089 8088)
4(7980 7990 8090 8080)
4(7989 8089 8090 7990)
4(8079 8080 8090 8089)
4(7981 7991 8091 8081)
4(7990 8090 8091 7991)
4(8080 8081 8091 8090)
4(7982 7992 8092 8082)
4(7991 8091 8092 7992)
4(8081 8082 8092 8091)
4(7983 7993 8093 8083)
4(7992 8092 8093 7993)
4(8082 8083 8093 8092)
4(7984 7994 8094 8084)
4(7993 8093 8094 7994)
4(8083 8084 8094 8093)
4(7985 7995 8095 8085)
4(7994 8094 8095 7995)
4(8084 8085 8095 8094)
4(7986 7996 8096 8086)
4(7995 8095 8096 7996)
4(8085 8086 8096 8095)
4(7996 8096 8097 7997)
4(8086 8087 8097 8096)
4(7988 7998 8098 8088)
4(7811 7821 8098 7998)
4(7820 8088 8098 7821)
4(7989 7999 8099 8089)
4(7998 8098 8099 7999)
4(8088 8089 8099 8098)
4(7990 8000 8100 8090)
4(7999 8099 8100 8000)
4(8089 8090 8100 8099)
4(7991 8001 8101 8091)
4(8000 8100 8101 8001)
4(8090 8091 8101 8100)
4(7992 8002 8102 8092)
4(8001 8101 8102 8002)
4(8091 8092 8102 8101)
4(7993 8003 8103 8093)
4(8002 8102 8103 8003)
4(8092 8093 8103 8102)
4(7994 8004 8104 8094)
4(8003 8103 8104 8004)
4(8093 8094 8104 8103)
4(7995 8005 8105 8095)
4(8004 8104 8105 8005)
4(8094 8095 8105 8104)
4(7996 8006 8106 8096)
4(8005 8105 8106 8006)
4(8095 8096 8106 8105)
4(8006 8106 8107 8007)
4(8096 8097 8107 8106)
4(7998 8008 8108 8098)
4(7812 7822 8108 8008)
4(7821 8098 8108 7822)
4(7999 8009 8109 8099)
4(8008 8108 8109 8009)
4(8098 8099 8109 8108)
4(8000 8010 8110 8100)
4(8009 8109 8110 8010)
4(8099 8100 8110 8109)
4(8001 8011 8111 8101)
4(8010 8110 8111 8011)
4(8100 8101 8111 8110)
4(8002 8012 8112 8102)
4(8011 8111 8112 8012)
4(8101 8102 8112 8111)
4(8003 8013 8113 8103)
4(8012 8112 8113 8013)
4(8102 8103 8113 8112)
4(8004 8014 8114 8104)
4(8013 8113 8114 8014)
4(8103 8104 8114 8113)
4(8005 8015 8115 8105)
4(8014 8114 8115 8015)
4(8104 8105 8115 8114)
4(8006 8016 8116 8106)
4(8015 8115 8116 8016)
4(8105 8106 8116 8115)
4(8016 8116 8117 8017)
4(8106 8107 8117 8116)
4(8008 8018 8118 8108)
4(7813 7823 8118 8018)
4(7822 8108 8118 7823)
4(8009 8019 8119 8109)
4(8018 8118 8119 8019)
4(8108 8109 8119 8118)
4(8010 8020 8120 8110)
4(8019 8119 8120 8020)
4(8109 8110 8120 8119)
4(8011 8021 8121 8111)
4(8020 8120 8121 8021)
4(8110 8111 8121 8120)
4(8012 8022 8122 8112)
4(8021 8121 8122 8022)
4(8111 8112 8122 8121)
4(8013 8023 8123 8113)
4(8022 8122 8123 8023)
4(8112 8113 8123 8122)
4(8014 8024 8124 8114)
4(8023 8123 8124 8024)
4(8113 8114 8124 8123)
4(8015 8025 8125 8115)
4(8024 8124 8125 8025)
4(8114 8115 8125 8124)
4(8016 8026 8126 8116)
4(8025 8125 8126 8026)
4(8115 8116 8126 8125)
4(8026 8126 8127 8027)
4(8116 8117 8127 8126)
4(8018 8028 8128 8118)
4(7814 7824 8128 8028)
4(7823 8118 8128 7824)
4(8019 8029 8129 8119)
4(8028 8128 8129 8029)
4(8118 8119 8129 8128)
4(8020 8030 8130 8120)
4(8029 8129 8130 8030)
4(8119 8120 8130 8129)
4(8021 8031 8131 8121)
4(8030 8130 8131 8031)
4(8120 8121 8131 8130)
4(8022 8032 8132 8122)
4(8031 8131 8132 8032)
4(8121 8122 8132 8131)
4(8023 8033 8133 8123)
4(8032 8132 8133 8033)
4(8122 8123 8133 8132)
4(8024 8034 8134 8124)
4(8033 8133 8134 8034)
4(8123 8124 8134 8133)
4(8025 8035 8135 8125)
4(8034 8134 8135 8035)
4(8124 8125 8135 8134)
4(8026 8036 8136 8126)
4(8035 8135 8136 8036)
4(8125 8126 8136 8135)
4(8036 8136 8137 8037)
4(8126 8127 8137 8136)
4(8028 8038 8138 8128)
4(7815 7825 8138 8038)
4(7824 8128 8138 7825)
4(8029 8039 8139 8129)
4(8038 8138 8139 8039)
4(8128 8129 8139 8138)
4(8030 8040 8140 8130)
4(8039 8139 8140 8040)
4(8129 8130 8140 8139)
4(8031 8041 8141 8131)
4(8040 8140 8141 8041)
4(8130 8131 8141 8140)
4(8032 8042 8142 8132)
4(8041 8141 8142 8042)
4(8131 8132 8142 8141)
4(8033 8043 8143 8133)
4(8042 8142 8143 8043)
4(8132 8133 8143 8142)
4(8034 8044 8144 8134)
4(8043 8143 8144 8044)
4(8133 8134 8144 8143)
4(8035 8045 8145 8135)
4(8044 8144 8145 8045)
4(8134 8135 8145 8144)
4(8036 8046 8146 8136)
4(8045 8145 8146 8046)
4(8135 8136 8146 8145)
4(8046 8146 8147 8047)
4(8136 8137 8147 8146)
4(8038 8048 8148 8138)
4(7816 7826 8148 8048)
4(7825 8138 8148 7826)
4(8039 8049 8149 8139)
4(8048 8148 8149 8049)
4(8138 8139 8149 8148)
4(8040 8050 8150 8140)
4(8049 8149 8150 8050)
4(8139 8140 8150 8149)
4(8041 8051 8151 8141)
4(8050 8150 8151 8051)
4(8140 8141 8151 8150)
4(8042 8052 8152 8142)
4(8051 8151 8152 8052)
4(8141 8142 8152 8151)
4(8043 8053 8153 8143)
4(8052 8152 8153 8053)
4(8142 8143 8153 8152)
4(8044 8054 8154 8144)
4(8053 8153 8154 8054)
4(8143 8144 8154 8153)
4(8045 8055 8155 8145)
4(8054 8154 8155 8055)
4(8144 8145 8155 8154)
4(8046 8056 8156 8146)
4(8055 8155 8156 8056)
4(8145 8146 8156 8155)
4(8056 8156 8157 8057)
4(8146 8147 8157 8156)
4(8048 8058 8158 8148)
4(7826 8148 8158 7827)
4(8049 8059 8159 8149)
4(8148 8149 8159 8158)
4(8050 8060 8160 8150)
4(8149 8150 8160 8159)
4(8051 8061 8161 8151)
4(8150 8151 8161 8160)
4(8052 8062 8162 8152)
4(8151 8152 8162 8161)
4(8053 8063 8163 8153)
4(8152 8153 8163 8162)
4(8054 8064 8164 8154)
4(8153 8154 8164 8163)
4(8055 8065 8165 8155)
4(8154 8155 8165 8164)
4(8056 8066 8166 8156)
4(8155 8156 8166 8165)
4(8156 8157 8167 8166)
4(3458 8068 8168 3528)
4(7818 7828 8168 8068)
4(3236 3528 8168 7828)
4(3459 8069 8169 3529)
4(8068 8168 8169 8069)
4(3528 3529 8169 8168)
4(3460 8070 8170 3530)
4(8069 8169 8170 8070)
4(3529 3530 8170 8169)
4(3461 8071 8171 3531)
4(8070 8170 8171 8071)
4(3530 3531 8171 8170)
4(3462 8072 8172 3532)
4(8071 8171 8172 8072)
4(3531 3532 8172 8171)
4(3463 8073 8173 3533)
4(8072 8172 8173 8073)
4(3532 3533 8173 8172)
4(3464 8074 8174 3534)
4(8073 8173 8174 8074)
4(3533 3534 8174 8173)
4(3465 8075 8175 3535)
4(8074 8174 8175 8075)
4(3534 3535 8175 8174)
4(3466 8076 8176 3536)
4(8075 8175 8176 8076)
4(3535 3536 8176 8175)
4(8076 8176 8177 8077)
4(3536 3537 8177 8176)
4(8068 8078 8178 8168)
4(7819 7829 8178 8078)
4(7828 8168 8178 7829)
4(8069 8079 8179 8169)
4(8078 8178 8179 8079)
4(8168 8169 8179 8178)
4(8070 8080 8180 8170)
4(8079 8179 8180 8080)
4(8169 8170 8180 8179)
4(8071 8081 8181 8171)
4(8080 8180 8181 8081)
4(8170 8171 8181 8180)
4(8072 8082 8182 8172)
4(8081 8181 8182 8082)
4(8171 8172 8182 8181)
4(8073 8083 8183 8173)
4(8082 8182 8183 8083)
4(8172 8173 8183 8182)
4(8074 8084 8184 8174)
4(8083 8183 8184 8084)
4(8173 8174 8184 8183)
4(8075 8085 8185 8175)
4(8084 8184 8185 8085)
4(8174 8175 8185 8184)
4(8076 8086 8186 8176)
4(8085 8185 8186 8086)
4(8175 8176 8186 8185)
4(8086 8186 8187 8087)
4(8176 8177 8187 8186)
4(8078 8088 8188 8178)
4(7820 7830 8188 8088)
4(7829 8178 8188 7830)
4(8079 8089 8189 8179)
4(8088 8188 8189 8089)
4(8178 8179 8189 8188)
4(8080 8090 8190 8180)
4(8089 8189 8190 8090)
4(8179 8180 8190 8189)
4(8081 8091 8191 8181)
4(8090 8190 8191 8091)
4(8180 8181 8191 8190)
4(8082 8092 8192 8182)
4(8091 8191 8192 8092)
4(8181 8182 8192 8191)
4(8083 8093 8193 8183)
4(8092 8192 8193 8093)
4(8182 8183 8193 8192)
4(8084 8094 8194 8184)
4(8093 8193 8194 8094)
4(8183 8184 8194 8193)
4(8085 8095 8195 8185)
4(8094 8194 8195 8095)
4(8184 8185 8195 8194)
4(8086 8096 8196 8186)
4(8095 8195 8196 8096)
4(8185 8186 8196 8195)
4(8096 8196 8197 8097)
4(8186 8187 8197 8196)
4(8088 8098 8198 8188)
4(7821 7831 8198 8098)
4(7830 8188 8198 7831)
4(8089 8099 8199 8189)
4(8098 8198 8199 8099)
4(8188 8189 8199 8198)
4(8090 8100 8200 8190)
4(8099 8199 8200 8100)
4(8189 8190 8200 8199)
4(8091 8101 8201 8191)
4(8100 8200 8201 8101)
4(8190 8191 8201 8200)
4(8092 8102 8202 8192)
4(8101 8201 8202 8102)
4(8191 8192 8202 8201)
4(8093 8103 8203 8193)
4(8102 8202 8203 8103)
4(8192 8193 8203 8202)
4(8094 8104 8204 8194)
4(8103 8203 8204 8104)
4(8193 8194 8204 8203)
4(8095 8105 8205 8195)
4(8104 8204 8205 8105)
4(8194 8195 8205 8204)
4(8096 8106 8206 8196)
4(8105 8205 8206 8106)
4(8195 8196 8206 8205)
4(8106 8206 8207 8107)
4(8196 8197 8207 8206)
4(8098 8108 8208 8198)
4(7822 7832 8208 8108)
4(7831 8198 8208 7832)
4(8099 8109 8209 8199)
4(8108 8208 8209 8109)
4(8198 8199 8209 8208)
4(8100 8110 8210 8200)
4(8109 8209 8210 8110)
4(8199 8200 8210 8209)
4(8101 8111 8211 8201)
4(8110 8210 8211 8111)
4(8200 8201 8211 8210)
4(8102 8112 8212 8202)
4(8111 8211 8212 8112)
4(8201 8202 8212 8211)
4(8103 8113 8213 8203)
4(8112 8212 8213 8113)
4(8202 8203 8213 8212)
4(8104 8114 8214 8204)
4(8113 8213 8214 8114)
4(8203 8204 8214 8213)
4(8105 8115 8215 8205)
4(8114 8214 8215 8115)
4(8204 8205 8215 8214)
4(8106 8116 8216 8206)
4(8115 8215 8216 8116)
4(8205 8206 8216 8215)
4(8116 8216 8217 8117)
4(8206 8207 8217 8216)
4(8108 8118 8218 8208)
4(7823 7833 8218 8118)
4(7832 8208 8218 7833)
4(8109 8119 8219 8209)
4(8118 8218 8219 8119)
4(8208 8209 8219 8218)
4(8110 8120 8220 8210)
4(8119 8219 8220 8120)
4(8209 8210 8220 8219)
4(8111 8121 8221 8211)
4(8120 8220 8221 8121)
4(8210 8211 8221 8220)
4(8112 8122 8222 8212)
4(8121 8221 8222 8122)
4(8211 8212 8222 8221)
4(8113 8123 8223 8213)
4(8122 8222 8223 8123)
4(8212 8213 8223 8222)
4(8114 8124 8224 8214)
4(8123 8223 8224 8124)
4(8213 8214 8224 8223)
4(8115 8125 8225 8215)
4(8124 8224 8225 8125)
4(8214 8215 8225 8224)
4(8116 8126 8226 8216)
4(8125 8225 8226 8126)
4(8215 8216 8226 8225)
4(8126 8226 8227 8127)
4(8216 8217 8227 8226)
4(8118 8128 8228 8218)
4(7824 7834 8228 8128)
4(7833 8218 8228 7834)
4(8119 8129 8229 8219)
4(8128 8228 8229 8129)
4(8218 8219 8229 8228)
4(8120 8130 8230 8220)
4(8129 8229 8230 8130)
4(8219 8220 8230 8229)
4(8121 8131 8231 8221)
4(8130 8230 8231 8131)
4(8220 8221 8231 8230)
4(8122 8132 8232 8222)
4(8131 8231 8232 8132)
4(8221 8222 8232 8231)
4(8123 8133 8233 8223)
4(8132 8232 8233 8133)
4(8222 8223 8233 8232)
4(8124 8134 8234 8224)
4(8133 8233 8234 8134)
4(8223 8224 8234 8233)
4(8125 8135 8235 8225)
4(8134 8234 8235 8135)
4(8224 8225 8235 8234)
4(8126 8136 8236 8226)
4(8135 8235 8236 8136)
4(8225 8226 8236 8235)
4(8136 8236 8237 8137)
4(8226 8227 8237 8236)
4(8128 8138 8238 8228)
4(7825 7835 8238 8138)
4(7834 8228 8238 7835)
4(8129 8139 8239 8229)
4(8138 8238 8239 8139)
4(8228 8229 8239 8238)
4(8130 8140 8240 8230)
4(8139 8239 8240 8140)
4(8229 8230 8240 8239)
4(8131 8141 8241 8231)
4(8140 8240 8241 8141)
4(8230 8231 8241 8240)
4(8132 8142 8242 8232)
4(8141 8241 8242 8142)
4(8231 8232 8242 8241)
4(8133 8143 8243 8233)
4(8142 8242 8243 8143)
4(8232 8233 8243 8242)
4(8134 8144 8244 8234)
4(8143 8243 8244 8144)
4(8233 8234 8244 8243)
4(8135 8145 8245 8235)
4(8144 8244 8245 8145)
4(8234 8235 8245 8244)
4(8136 8146 8246 8236)
4(8145 8245 8246 8146)
4(8235 8236 8246 8245)
4(8146 8246 8247 8147)
4(8236 8237 8247 8246)
4(8138 8148 8248 8238)
4(7826 7836 8248 8148)
4(7835 8238 8248 7836)
4(8139 8149 8249 8239)
4(8148 8248 8249 8149)
4(8238 8239 8249 8248)
4(8140 8150 8250 8240)
4(8149 8249 8250 8150)
4(8239 8240 8250 8249)
4(8141 8151 8251 8241)
4(8150 8250 8251 8151)
4(8240 8241 8251 8250)
4(8142 8152 8252 8242)
4(8151 8251 8252 8152)
4(8241 8242 8252 8251)
4(8143 8153 8253 8243)
4(8152 8252 8253 8153)
4(8242 8243 8253 8252)
4(8144 8154 8254 8244)
4(8153 8253 8254 8154)
4(8243 8244 8254 8253)
4(8145 8155 8255 8245)
4(8154 8254 8255 8155)
4(8244 8245 8255 8254)
4(8146 8156 8256 8246)
4(8155 8255 8256 8156)
4(8245 8246 8256 8255)
4(8156 8256 8257 8157)
4(8246 8247 8257 8256)
4(8148 8158 8258 8248)
4(7836 8248 8258 7837)
4(8149 8159 8259 8249)
4(8248 8249 8259 8258)
4(8150 8160 8260 8250)
4(8249 8250 8260 8259)
4(8151 8161 8261 8251)
4(8250 8251 8261 8260)
4(8152 8162 8262 8252)
4(8251 8252 8262 8261)
4(8153 8163 8263 8253)
4(8252 8253 8263 8262)
4(8154 8164 8264 8254)
4(8253 8254 8264 8263)
4(8155 8165 8265 8255)
4(8254 8255 8265 8264)
4(8156 8166 8266 8256)
4(8255 8256 8266 8265)
4(8256 8257 8267 8266)
4(3528 8168 8268 3598)
4(7828 7838 8268 8168)
4(3243 3598 8268 7838)
4(3529 8169 8269 3599)
4(8168 8268 8269 8169)
4(3598 3599 8269 8268)
4(3530 8170 8270 3600)
4(8169 8269 8270 8170)
4(3599 3600 8270 8269)
4(3531 8171 8271 3601)
4(8170 8270 8271 8171)
4(3600 3601 8271 8270)
4(3532 8172 8272 3602)
4(8171 8271 8272 8172)
4(3601 3602 8272 8271)
4(3533 8173 8273 3603)
4(8172 8272 8273 8173)
4(3602 3603 8273 8272)
4(3534 8174 8274 3604)
4(8173 8273 8274 8174)
4(3603 3604 8274 8273)
4(3535 8175 8275 3605)
4(8174 8274 8275 8175)
4(3604 3605 8275 8274)
4(3536 8176 8276 3606)
4(8175 8275 8276 8176)
4(3605 3606 8276 8275)
4(8176 8276 8277 8177)
4(3606 3607 8277 8276)
4(8168 8178 8278 8268)
4(7829 7839 8278 8178)
4(7838 8268 8278 7839)
4(8169 8179 8279 8269)
4(8178 8278 8279 8179)
4(8268 8269 8279 8278)
4(8170 8180 8280 8270)
4(8179 8279 8280 8180)
4(8269 8270 8280 8279)
4(8171 8181 8281 8271)
4(8180 8280 8281 8181)
4(8270 8271 8281 8280)
4(8172 8182 8282 8272)
4(8181 8281 8282 8182)
4(8271 8272 8282 8281)
4(8173 8183 8283 8273)
4(8182 8282 8283 8183)
4(8272 8273 8283 8282)
4(8174 8184 8284 8274)
4(8183 8283 8284 8184)
4(8273 8274 8284 8283)
4(8175 8185 8285 8275)
4(8184 8284 8285 8185)
4(8274 8275 8285 8284)
4(8176 8186 8286 8276)
4(8185 8285 8286 8186)
4(8275 8276 8286 8285)
4(8186 8286 8287 8187)
4(8276 8277 8287 8286)
4(8178 8188 8288 8278)
4(7830 7840 8288 8188)
4(7839 8278 8288 7840)
4(8179 8189 8289 8279)
4(8188 8288 8289 8189)
4(8278 8279 8289 8288)
4(8180 8190 8290 8280)
4(8189 8289 8290 8190)
4(8279 8280 8290 8289)
4(8181 8191 8291 8281)
4(8190 8290 8291 8191)
4(8280 8281 8291 8290)
4(8182 8192 8292 8282)
4(8191 8291 8292 8192)
4(8281 8282 8292 8291)
4(8183 8193 8293 8283)
4(8192 8292 8293 8193)
4(8282 8283 8293 8292)
4(8184 8194 8294 8284)
4(8193 8293 8294 8194)
4(8283 8284 8294 8293)
4(8185 8195 8295 8285)
4(8194 8294 8295 8195)
4(8284 8285 8295 8294)
4(8186 8196 8296 8286)
4(8195 8295 8296 8196)
4(8285 8286 8296 8295)
4(8196 8296 8297 8197)
4(8286 8287 8297 8296)
4(8188 8198 8298 8288)
4(7831 7841 8298 8198)
4(7840 8288 8298 7841)
4(8189 8199 8299 8289)
4(8198 8298 8299 8199)
4(8288 8289 8299 8298)
4(8190 8200 8300 8290)
4(8199 8299 8300 8200)
4(8289 8290 8300 8299)
4(8191 8201 8301 8291)
4(8200 8300 8301 8201)
4(8290 8291 8301 8300)
4(8192 8202 8302 8292)
4(8201 8301 8302 8202)
4(8291 8292 8302 8301)
4(8193 8203 8303 8293)
4(8202 8302 8303 8203)
4(8292 8293 8303 8302)
4(8194 8204 8304 8294)
4(8203 8303 8304 8204)
4(8293 8294 8304 8303)
4(8195 8205 8305 8295)
4(8204 8304 8305 8205)
4(8294 8295 8305 8304)
4(8196 8206 8306 8296)
4(8205 8305 8306 8206)
4(8295 8296 8306 8305)
4(8206 8306 8307 8207)
4(8296 8297 8307 8306)
4(8198 8208 8308 8298)
4(7832 7842 8308 8208)
4(7841 8298 8308 7842)
4(8199 8209 8309 8299)
4(8208 8308 8309 8209)
4(8298 8299 8309 8308)
4(8200 8210 8310 8300)
4(8209 8309 8310 8210)
4(8299 8300 8310 8309)
4(8201 8211 8311 8301)
4(8210 8310 8311 8211)
4(8300 8301 8311 8310)
4(8202 8212 8312 8302)
4(8211 8311 8312 8212)
4(8301 8302 8312 8311)
4(8203 8213 8313 8303)
4(8212 8312 8313 8213)
4(8302 8303 8313 8312)
4(8204 8214 8314 8304)
4(8213 8313 8314 8214)
4(8303 8304 8314 8313)
4(8205 8215 8315 8305)
4(8214 8314 8315 8215)
4(8304 8305 8315 8314)
4(8206 8216 8316 8306)
4(8215 8315 8316 8216)
4(8305 8306 8316 8315)
4(8216 8316 8317 8217)
4(8306 8307 8317 8316)
4(8208 8218 8318 8308)
4(7833 7843 8318 8218)
4(7842 8308 8318 7843)
4(8209 8219 8319 8309)
4(8218 8318 8319 8219)
4(8308 8309 8319 8318)
4(8210 8220 8320 8310)
4(8219 8319 8320 8220)
4(8309 8310 8320 8319)
4(8211 8221 8321 8311)
4(8220 8320 8321 8221)
4(8310 8311 8321 8320)
4(8212 8222 8322 8312)
4(8221 8321 8322 8222)
4(8311 8312 8322 8321)
4(8213 8223 8323 8313)
4(8222 8322 8323 8223)
4(8312 8313 8323 8322)
4(8214 8224 8324 8314)
4(8223 8323 8324 8224)
4(8313 8314 8324 8323)
4(8215 8225 8325 8315)
4(8224 8324 8325 8225)
4(8314 8315 8325 8324)
4(8216 8226 8326 8316)
4(8225 8325 8326 8226)
4(8315 8316 8326 8325)
4(8226 8326 8327 8227)
4(8316 8317 8327 8326)
4(8218 8228 8328 8318)
4(7834 7844 8328 8228)
4(7843 8318 8328 7844)
4(8219 8229 8329 8319)
4(8228 8328 8329 8229)
4(8318 8319 8329 8328)
4(8220 8230 8330 8320)
4(8229 8329 8330 8230)
4(8319 8320 8330 8329)
4(8221 8231 8331 8321)
4(8230 8330 8331 8231)
4(8320 8321 8331 8330)
4(8222 8232 8332 8322)
4(8231 8331 8332 8232)
4(8321 8322 8332 8331)
4(8223 8233 8333 8323)
4(8232 8332 8333 8233)
4(8322 8323 8333 8332)
4(8224 8234 8334 8324)
4(8233 8333 8334 8234)
4(8323 8324 8334 8333)
4(8225 8235 8335 8325)
4(8234 8334 8335 8235)
4(8324 8325 8335 8334)
4(8226 8236 8336 8326)
4(8235 8335 8336 8236)
4(8325 8326 8336 8335)
4(8236 8336 8337 8237)
4(8326 8327 8337 8336)
4(8228 8238 8338 8328)
4(7835 7845 8338 8238)
4(7844 8328 8338 7845)
4(8229 8239 8339 8329)
4(8238 8338 8339 8239)
4(8328 8329 8339 8338)
4(8230 8240 8340 8330)
4(8239 8339 8340 8240)
4(8329 8330 8340 8339)
4(8231 8241 8341 8331)
4(8240 8340 8341 8241)
4(8330 8331 8341 8340)
4(8232 8242 8342 8332)
4(8241 8341 8342 8242)
4(8331 8332 8342 8341)
4(8233 8243 8343 8333)
4(8242 8342 8343 8243)
4(8332 8333 8343 8342)
4(8234 8244 8344 8334)
4(8243 8343 8344 8244)
4(8333 8334 8344 8343)
4(8235 8245 8345 8335)
4(8244 8344 8345 8245)
4(8334 8335 8345 8344)
4(8236 8246 8346 8336)
4(8245 8345 8346 8246)
4(8335 8336 8346 8345)
4(8246 8346 8347 8247)
4(8336 8337 8347 8346)
4(8238 8248 8348 8338)
4(7836 7846 8348 8248)
4(7845 8338 8348 7846)
4(8239 8249 8349 8339)
4(8248 8348 8349 8249)
4(8338 8339 8349 8348)
4(8240 8250 8350 8340)
4(8249 8349 8350 8250)
4(8339 8340 8350 8349)
4(8241 8251 8351 8341)
4(8250 8350 8351 8251)
4(8340 8341 8351 8350)
4(8242 8252 8352 8342)
4(8251 8351 8352 8252)
4(8341 8342 8352 8351)
4(8243 8253 8353 8343)
4(8252 8352 8353 8253)
4(8342 8343 8353 8352)
4(8244 8254 8354 8344)
4(8253 8353 8354 8254)
4(8343 8344 8354 8353)
4(8245 8255 8355 8345)
4(8254 8354 8355 8255)
4(8344 8345 8355 8354)
4(8246 8256 8356 8346)
4(8255 8355 8356 8256)
4(8345 8346 8356 8355)
4(8256 8356 8357 8257)
4(8346 8347 8357 8356)
4(8248 8258 8358 8348)
4(7846 8348 8358 7847)
4(8249 8259 8359 8349)
4(8348 8349 8359 8358)
4(8250 8260 8360 8350)
4(8349 8350 8360 8359)
4(8251 8261 8361 8351)
4(8350 8351 8361 8360)
4(8252 8262 8362 8352)
4(8351 8352 8362 8361)
4(8253 8263 8363 8353)
4(8352 8353 8363 8362)
4(8254 8264 8364 8354)
4(8353 8354 8364 8363)
4(8255 8265 8365 8355)
4(8354 8355 8365 8364)
4(8256 8266 8366 8356)
4(8355 8356 8366 8365)
4(8356 8357 8367 8366)
4(3598 8268 8368 3668)
4(7838 7848 8368 8268)
4(3250 3668 8368 7848)
4(3599 8269 8369 3669)
4(8268 8368 8369 8269)
4(3668 3669 8369 8368)
4(3600 8270 8370 3670)
4(8269 8369 8370 8270)
4(3669 3670 8370 8369)
4(3601 8271 8371 3671)
4(8270 8370 8371 8271)
4(3670 3671 8371 8370)
4(3602 8272 8372 3672)
4(8271 8371 8372 8272)
4(3671 3672 8372 8371)
4(3603 8273 8373 3673)
4(8272 8372 8373 8273)
4(3672 3673 8373 8372)
4(3604 8274 8374 3674)
4(8273 8373 8374 8274)
4(3673 3674 8374 8373)
4(3605 8275 8375 3675)
4(8274 8374 8375 8275)
4(3674 3675 8375 8374)
4(3606 8276 8376 3676)
4(8275 8375 8376 8276)
4(3675 3676 8376 8375)
4(8276 8376 8377 8277)
4(3676 3677 8377 8376)
4(8268 8278 8378 8368)
4(7839 7849 8378 8278)
4(7848 8368 8378 7849)
4(8269 8279 8379 8369)
4(8278 8378 8379 8279)
4(8368 8369 8379 8378)
4(8270 8280 8380 8370)
4(8279 8379 8380 8280)
4(8369 8370 8380 8379)
4(8271 8281 8381 8371)
4(8280 8380 8381 8281)
4(8370 8371 8381 8380)
4(8272 8282 8382 8372)
4(8281 8381 8382 8282)
4(8371 8372 8382 8381)
4(8273 8283 8383 8373)
4(8282 8382 8383 8283)
4(8372 8373 8383 8382)
4(8274 8284 8384 8374)
4(8283 8383 8384 8284)
4(8373 8374 8384 8383)
4(8275 8285 8385 8375)
4(8284 8384 8385 8285)
4(8374 8375 8385 8384)
4(8276 8286 8386 8376)
4(8285 8385 8386 8286)
4(8375 8376 8386 8385)
4(8286 8386 8387 8287)
4(8376 8377 8387 8386)
4(8278 8288 8388 8378)
4(7840 7850 8388 8288)
4(7849 8378 8388 7850)
4(8279 8289 8389 8379)
4(8288 8388 8389 8289)
4(8378 8379 8389 8388)
4(8280 8290 8390 8380)
4(8289 8389 8390 8290)
4(8379 8380 8390 8389)
4(8281 8291 8391 8381)
4(8290 8390 8391 8291)
4(8380 8381 8391 8390)
4(8282 8292 8392 8382)
4(8291 8391 8392 8292)
4(8381 8382 8392 8391)
4(8283 8293 8393 8383)
4(8292 8392 8393 8293)
4(8382 8383 8393 8392)
4(8284 8294 8394 8384)
4(8293 8393 8394 8294)
4(8383 8384 8394 8393)
4(8285 8295 8395 8385)
4(8294 8394 8395 8295)
4(8384 8385 8395 8394)
4(8286 8296 8396 8386)
4(8295 8395 8396 8296)
4(8385 8386 8396 8395)
4(8296 8396 8397 8297)
4(8386 8387 8397 8396)
4(8288 8298 8398 8388)
4(7841 7851 8398 8298)
4(7850 8388 8398 7851)
4(8289 8299 8399 8389)
4(8298 8398 8399 8299)
4(8388 8389 8399 8398)
4(8290 8300 8400 8390)
4(8299 8399 8400 8300)
4(8389 8390 8400 8399)
4(8291 8301 8401 8391)
4(8300 8400 8401 8301)
4(8390 8391 8401 8400)
4(8292 8302 8402 8392)
4(8301 8401 8402 8302)
4(8391 8392 8402 8401)
4(8293 8303 8403 8393)
4(8302 8402 8403 8303)
4(8392 8393 8403 8402)
4(8294 8304 8404 8394)
4(8303 8403 8404 8304)
4(8393 8394 8404 8403)
4(8295 8305 8405 8395)
4(8304 8404 8405 8305)
4(8394 8395 8405 8404)
4(8296 8306 8406 8396)
4(8305 8405 8406 8306)
4(8395 8396 8406 8405)
4(8306 8406 8407 8307)
4(8396 8397 8407 8406)
4(8298 8308 8408 8398)
4(7842 7852 8408 8308)
4(7851 8398 8408 7852)
4(8299 8309 8409 8399)
4(8308 8408 8409 8309)
4(8398 8399 8409 8408)
4(8300 8310 8410 8400)
4(8309 8409 8410 8310)
4(8399 8400 8410 8409)
4(8301 8311 8411 8401)
4(8310 8410 8411 8311)
4(8400 8401 8411 8410)
4(8302 8312 8412 8402)
4(8311 8411 8412 8312)
4(8401 8402 8412 8411)
4(8303 8313 8413 8403)
4(8312 8412 8413 8313)
4(8402 8403 8413 8412)
4(8304 8314 8414 8404)
4(8313 8413 8414 8314)
4(8403 8404 8414 8413)
4(8305 8315 8415 8405)
4(8314 8414 8415 8315)
4(8404 8405 8415 8414)
4(8306 8316 8416 8406)
4(8315 8415 8416 8316)
4(8405 8406 8416 8415)
4(8316 8416 8417 8317)
4(8406 8407 8417 8416)
4(8308 8318 8418 8408)
4(7843 7853 8418 8318)
4(7852 8408 8418 7853)
4(8309 8319 8419 8409)
4(8318 8418 8419 8319)
4(8408 8409 8419 8418)
4(8310 8320 8420 8410)
4(8319 8419 8420 8320)
4(8409 8410 8420 8419)
4(8311 8321 8421 8411)
4(8320 8420 8421 8321)
4(8410 8411 8421 8420)
4(8312 8322 8422 8412)
4(8321 8421 8422 8322)
4(8411 8412 8422 8421)
4(8313 8323 8423 8413)
4(8322 8422 8423 8323)
4(8412 8413 8423 8422)
4(8314 8324 8424 8414)
4(8323 8423 8424 8324)
4(8413 8414 8424 8423)
4(8315 8325 8425 8415)
4(8324 8424 8425 8325)
4(8414 8415 8425 8424)
4(8316 8326 8426 8416)
4(8325 8425 8426 8326)
4(8415 8416 8426 8425)
4(8326 8426 8427 8327)
4(8416 8417 8427 8426)
4(8318 8328 8428 8418)
4(7844 7854 8428 8328)
4(7853 8418 8428 7854)
4(8319 8329 8429 8419)
4(8328 8428 8429 8329)
4(8418 8419 8429 8428)
4(8320 8330 8430 8420)
4(8329 8429 8430 8330)
4(8419 8420 8430 8429)
4(8321 8331 8431 8421)
4(8330 8430 8431 8331)
4(8420 8421 8431 8430)
4(8322 8332 8432 8422)
4(8331 8431 8432 8332)
4(8421 8422 8432 8431)
4(8323 8333 8433 8423)
4(8332 8432 8433 8333)
4(8422 8423 8433 8432)
4(8324 8334 8434 8424)
4(8333 8433 8434 8334)
4(8423 8424 8434 8433)
4(8325 8335 8435 8425)
4(8334 8434 8435 8335)
4(8424 8425 8435 8434)
4(8326 8336 8436 8426)
4(8335 8435 8436 8336)
4(8425 8426 8436 8435)
4(8336 8436 8437 8337)
4(8426 8427 8437 8436)
4(8328 8338 8438 8428)
4(7845 7855 8438 8338)
4(7854 8428 8438 7855)
4(8329 8339 8439 8429)
4(8338 8438 8439 8339)
4(8428 8429 8439 8438)
4(8330 8340 8440 8430)
4(8339 8439 8440 8340)
4(8429 8430 8440 8439)
4(8331 8341 8441 8431)
4(8340 8440 8441 8341)
4(8430 8431 8441 8440)
4(8332 8342 8442 8432)
4(8341 8441 8442 8342)
4(8431 8432 8442 8441)
4(8333 8343 8443 8433)
4(8342 8442 8443 8343)
4(8432 8433 8443 8442)
4(8334 8344 8444 8434)
4(8343 8443 8444 8344)
4(8433 8434 8444 8443)
4(8335 8345 8445 8435)
4(8344 8444 8445 8345)
4(8434 8435 8445 8444)
4(8336 8346 8446 8436)
4(8345 8445 8446 8346)
4(8435 8436 8446 8445)
4(8346 8446 8447 8347)
4(8436 8437 8447 8446)
4(8338 8348 8448 8438)
4(7846 7856 8448 8348)
4(7855 8438 8448 7856)
4(8339 8349 8449 8439)
4(8348 8448 8449 8349)
4(8438 8439 8449 8448)
4(8340 8350 8450 8440)
4(8349 8449 8450 8350)
4(8439 8440 8450 8449)
4(8341 8351 8451 8441)
4(8350 8450 8451 8351)
4(8440 8441 8451 8450)
4(8342 8352 8452 8442)
4(8351 8451 8452 8352)
4(8441 8442 8452 8451)
4(8343 8353 8453 8443)
4(8352 8452 8453 8353)
4(8442 8443 8453 8452)
4(8344 8354 8454 8444)
4(8353 8453 8454 8354)
4(8443 8444 8454 8453)
4(8345 8355 8455 8445)
4(8354 8454 8455 8355)
4(8444 8445 8455 8454)
4(8346 8356 8456 8446)
4(8355 8455 8456 8356)
4(8445 8446 8456 8455)
4(8356 8456 8457 8357)
4(8446 8447 8457 8456)
4(8348 8358 8458 8448)
4(7856 8448 8458 7857)
4(8349 8359 8459 8449)
4(8448 8449 8459 8458)
4(8350 8360 8460 8450)
4(8449 8450 8460 8459)
4(8351 8361 8461 8451)
4(8450 8451 8461 8460)
4(8352 8362 8462 8452)
4(8451 8452 8462 8461)
4(8353 8363 8463 8453)
4(8452 8453 8463 8462)
4(8354 8364 8464 8454)
4(8453 8454 8464 8463)
4(8355 8365 8465 8455)
4(8454 8455 8465 8464)
4(8356 8366 8466 8456)
4(8455 8456 8466 8465)
4(8456 8457 8467 8466)
4(3668 8368 8468 3738)
4(7848 7858 8468 8368)
4(3257 3738 8468 7858)
4(3669 8369 8469 3739)
4(8368 8468 8469 8369)
4(3738 3739 8469 8468)
4(3670 8370 8470 3740)
4(8369 8469 8470 8370)
4(3739 3740 8470 8469)
4(3671 8371 8471 3741)
4(8370 8470 8471 8371)
4(3740 3741 8471 8470)
4(3672 8372 8472 3742)
4(8371 8471 8472 8372)
4(3741 3742 8472 8471)
4(3673 8373 8473 3743)
4(8372 8472 8473 8373)
4(3742 3743 8473 8472)
4(3674 8374 8474 3744)
4(8373 8473 8474 8374)
4(3743 3744 8474 8473)
4(3675 8375 8475 3745)
4(8374 8474 8475 8375)
4(3744 3745 8475 8474)
4(3676 8376 8476 3746)
4(8375 8475 8476 8376)
4(3745 3746 8476 8475)
4(8376 8476 8477 8377)
4(3746 3747 8477 8476)
4(8368 8378 8478 8468)
4(7849 7859 8478 8378)
4(7858 8468 8478 7859)
4(8369 8379 8479 8469)
4(8378 8478 8479 8379)
4(8468 8469 8479 8478)
4(8370 8380 8480 8470)
4(8379 8479 8480 8380)
4(8469 8470 8480 8479)
4(8371 8381 8481 8471)
4(8380 8480 8481 8381)
4(8470 8471 8481 8480)
4(8372 8382 8482 8472)
4(8381 8481 8482 8382)
4(8471 8472 8482 8481)
4(8373 8383 8483 8473)
4(8382 8482 8483 8383)
4(8472 8473 8483 8482)
4(8374 8384 8484 8474)
4(8383 8483 8484 8384)
4(8473 8474 8484 8483)
4(8375 8385 8485 8475)
4(8384 8484 8485 8385)
4(8474 8475 8485 8484)
4(8376 8386 8486 8476)
4(8385 8485 8486 8386)
4(8475 8476 8486 8485)
4(8386 8486 8487 8387)
4(8476 8477 8487 8486)
4(8378 8388 8488 8478)
4(7850 7860 8488 8388)
4(7859 8478 8488 7860)
4(8379 8389 8489 8479)
4(8388 8488 8489 8389)
4(8478 8479 8489 8488)
4(8380 8390 8490 8480)
4(8389 8489 8490 8390)
4(8479 8480 8490 8489)
4(8381 8391 8491 8481)
4(8390 8490 8491 8391)
4(8480 8481 8491 8490)
4(8382 8392 8492 8482)
4(8391 8491 8492 8392)
4(8481 8482 8492 8491)
4(8383 8393 8493 8483)
4(8392 8492 8493 8393)
4(8482 8483 8493 8492)
4(8384 8394 8494 8484)
4(8393 8493 8494 8394)
4(8483 8484 8494 8493)
4(8385 8395 8495 8485)
4(8394 8494 8495 8395)
4(8484 8485 8495 8494)
4(8386 8396 8496 8486)
4(8395 8495 8496 8396)
4(8485 8486 8496 8495)
4(8396 8496 8497 8397)
4(8486 8487 8497 8496)
4(8388 8398 8498 8488)
4(7851 7861 8498 8398)
4(7860 8488 8498 7861)
4(8389 8399 8499 8489)
4(8398 8498 8499 8399)
4(8488 8489 8499 8498)
4(8390 8400 8500 8490)
4(8399 8499 8500 8400)
4(8489 8490 8500 8499)
4(8391 8401 8501 8491)
4(8400 8500 8501 8401)
4(8490 8491 8501 8500)
4(8392 8402 8502 8492)
4(8401 8501 8502 8402)
4(8491 8492 8502 8501)
4(8393 8403 8503 8493)
4(8402 8502 8503 8403)
4(8492 8493 8503 8502)
4(8394 8404 8504 8494)
4(8403 8503 8504 8404)
4(8493 8494 8504 8503)
4(8395 8405 8505 8495)
4(8404 8504 8505 8405)
4(8494 8495 8505 8504)
4(8396 8406 8506 8496)
4(8405 8505 8506 8406)
4(8495 8496 8506 8505)
4(8406 8506 8507 8407)
4(8496 8497 8507 8506)
4(8398 8408 8508 8498)
4(7852 7862 8508 8408)
4(7861 8498 8508 7862)
4(8399 8409 8509 8499)
4(8408 8508 8509 8409)
4(8498 8499 8509 8508)
4(8400 8410 8510 8500)
4(8409 8509 8510 8410)
4(8499 8500 8510 8509)
4(8401 8411 8511 8501)
4(8410 8510 8511 8411)
4(8500 8501 8511 8510)
4(8402 8412 8512 8502)
4(8411 8511 8512 8412)
4(8501 8502 8512 8511)
4(8403 8413 8513 8503)
4(8412 8512 8513 8413)
4(8502 8503 8513 8512)
4(8404 8414 8514 8504)
4(8413 8513 8514 8414)
4(8503 8504 8514 8513)
4(8405 8415 8515 8505)
4(8414 8514 8515 8415)
4(8504 8505 8515 8514)
4(8406 8416 8516 8506)
4(8415 8515 8516 8416)
4(8505 8506 8516 8515)
4(8416 8516 8517 8417)
4(8506 8507 8517 8516)
4(8408 8418 8518 8508)
4(7853 7863 8518 8418)
4(7862 8508 8518 7863)
4(8409 8419 8519 8509)
4(8418 8518 8519 8419)
4(8508 8509 8519 8518)
4(8410 8420 8520 8510)
4(8419 8519 8520 8420)
4(8509 8510 8520 8519)
4(8411 8421 8521 8511)
4(8420 8520 8521 8421)
4(8510 8511 8521 8520)
4(8412 8422 8522 8512)
4(8421 8521 8522 8422)
4(8511 8512 8522 8521)
4(8413 8423 8523 8513)
4(8422 8522 8523 8423)
4(8512 8513 8523 8522)
4(8414 8424 8524 8514)
4(8423 8523 8524 8424)
4(8513 8514 8524 8523)
4(8415 8425 8525 8515)
4(8424 8524 8525 8425)
4(8514 8515 8525 8524)
4(8416 8426 8526 8516)
4(8425 8525 8526 8426)
4(8515 8516 8526 8525)
4(8426 8526 8527 8427)
4(8516 8517 8527 8526)
4(8418 8428 8528 8518)
4(7854 7864 8528 8428)
4(7863 8518 8528 7864)
4(8419 8429 8529 8519)
4(8428 8528 8529 8429)
4(8518 8519 8529 8528)
4(8420 8430 8530 8520)
4(8429 8529 8530 8430)
4(8519 8520 8530 8529)
4(8421 8431 8531 8521)
4(8430 8530 8531 8431)
4(8520 8521 8531 8530)
4(8422 8432 8532 8522)
4(8431 8531 8532 8432)
4(8521 8522 8532 8531)
4(8423 8433 8533 8523)
4(8432 8532 8533 8433)
4(8522 8523 8533 8532)
4(8424 8434 8534 8524)
4(8433 8533 8534 8434)
4(8523 8524 8534 8533)
4(8425 8435 8535 8525)
4(8434 8534 8535 8435)
4(8524 8525 8535 8534)
4(8426 8436 8536 8526)
4(8435 8535 8536 8436)
4(8525 8526 8536 8535)
4(8436 8536 8537 8437)
4(8526 8527 8537 8536)
4(8428 8438 8538 8528)
4(7855 7865 8538 8438)
4(7864 8528 8538 7865)
4(8429 8439 8539 8529)
4(8438 8538 8539 8439)
4(8528 8529 8539 8538)
4(8430 8440 8540 8530)
4(8439 8539 8540 8440)
4(8529 8530 8540 8539)
4(8431 8441 8541 8531)
4(8440 8540 8541 8441)
4(8530 8531 8541 8540)
4(8432 8442 8542 8532)
4(8441 8541 8542 8442)
4(8531 8532 8542 8541)
4(8433 8443 8543 8533)
4(8442 8542 8543 8443)
4(8532 8533 8543 8542)
4(8434 8444 8544 8534)
4(8443 8543 8544 8444)
4(8533 8534 8544 8543)
4(8435 8445 8545 8535)
4(8444 8544 8545 8445)
4(8534 8535 8545 8544)
4(8436 8446 8546 8536)
4(8445 8545 8546 8446)
4(8535 8536 8546 8545)
4(8446 8546 8547 8447)
4(8536 8537 8547 8546)
4(8438 8448 8548 8538)
4(7856 7866 8548 8448)
4(7865 8538 8548 7866)
4(8439 8449 8549 8539)
4(8448 8548 8549 8449)
4(8538 8539 8549 8548)
4(8440 8450 8550 8540)
4(8449 8549 8550 8450)
4(8539 8540 8550 8549)
4(8441 8451 8551 8541)
4(8450 8550 8551 8451)
4(8540 8541 8551 8550)
4(8442 8452 8552 8542)
4(8451 8551 8552 8452)
4(8541 8542 8552 8551)
4(8443 8453 8553 8543)
4(8452 8552 8553 8453)
4(8542 8543 8553 8552)
4(8444 8454 8554 8544)
4(8453 8553 8554 8454)
4(8543 8544 8554 8553)
4(8445 8455 8555 8545)
4(8454 8554 8555 8455)
4(8544 8545 8555 8554)
4(8446 8456 8556 8546)
4(8455 8555 8556 8456)
4(8545 8546 8556 8555)
4(8456 8556 8557 8457)
4(8546 8547 8557 8556)
4(8448 8458 8558 8548)
4(7866 8548 8558 7867)
4(8449 8459 8559 8549)
4(8548 8549 8559 8558)
4(8450 8460 8560 8550)
4(8549 8550 8560 8559)
4(8451 8461 8561 8551)
4(8550 8551 8561 8560)
4(8452 8462 8562 8552)
4(8551 8552 8562 8561)
4(8453 8463 8563 8553)
4(8552 8553 8563 8562)
4(8454 8464 8564 8554)
4(8553 8554 8564 8563)
4(8455 8465 8565 8555)
4(8554 8555 8565 8564)
4(8456 8466 8566 8556)
4(8555 8556 8566 8565)
4(8556 8557 8567 8566)
4(3738 8468 8568 3808)
4(7858 7868 8568 8468)
4(3264 3808 8568 7868)
4(3739 8469 8569 3809)
4(8468 8568 8569 8469)
4(3808 3809 8569 8568)
4(3740 8470 8570 3810)
4(8469 8569 8570 8470)
4(3809 3810 8570 8569)
4(3741 8471 8571 3811)
4(8470 8570 8571 8471)
4(3810 3811 8571 8570)
4(3742 8472 8572 3812)
4(8471 8571 8572 8472)
4(3811 3812 8572 8571)
4(3743 8473 8573 3813)
4(8472 8572 8573 8473)
4(3812 3813 8573 8572)
4(3744 8474 8574 3814)
4(8473 8573 8574 8474)
4(3813 3814 8574 8573)
4(3745 8475 8575 3815)
4(8474 8574 8575 8475)
4(3814 3815 8575 8574)
4(3746 8476 8576 3816)
4(8475 8575 8576 8476)
4(3815 3816 8576 8575)
4(8476 8576 8577 8477)
4(3816 3817 8577 8576)
4(8468 8478 8578 8568)
4(7859 7869 8578 8478)
4(7868 8568 8578 7869)
4(8469 8479 8579 8569)
4(8478 8578 8579 8479)
4(8568 8569 8579 8578)
4(8470 8480 8580 8570)
4(8479 8579 8580 8480)
4(8569 8570 8580 8579)
4(8471 8481 8581 8571)
4(8480 8580 8581 8481)
4(8570 8571 8581 8580)
4(8472 8482 8582 8572)
4(8481 8581 8582 8482)
4(8571 8572 8582 8581)
4(8473 8483 8583 8573)
4(8482 8582 8583 8483)
4(8572 8573 8583 8582)
4(8474 8484 8584 8574)
4(8483 8583 8584 8484)
4(8573 8574 8584 8583)
4(8475 8485 8585 8575)
4(8484 8584 8585 8485)
4(8574 8575 8585 8584)
4(8476 8486 8586 8576)
4(8485 8585 8586 8486)
4(8575 8576 8586 8585)
4(8486 8586 8587 8487)
4(8576 8577 8587 8586)
4(8478 8488 8588 8578)
4(7860 7870 8588 8488)
4(7869 8578 8588 7870)
4(8479 8489 8589 8579)
4(8488 8588 8589 8489)
4(8578 8579 8589 8588)
4(8480 8490 8590 8580)
4(8489 8589 8590 8490)
4(8579 8580 8590 8589)
4(8481 8491 8591 8581)
4(8490 8590 8591 8491)
4(8580 8581 8591 8590)
4(8482 8492 8592 8582)
4(8491 8591 8592 8492)
4(8581 8582 8592 8591)
4(8483 8493 8593 8583)
4(8492 8592 8593 8493)
4(8582 8583 8593 8592)
4(8484 8494 8594 8584)
4(8493 8593 8594 8494)
4(8583 8584 8594 8593)
4(8485 8495 8595 8585)
4(8494 8594 8595 8495)
4(8584 8585 8595 8594)
4(8486 8496 8596 8586)
4(8495 8595 8596 8496)
4(8585 8586 8596 8595)
4(8496 8596 8597 8497)
4(8586 8587 8597 8596)
4(8488 8498 8598 8588)
4(7861 7871 8598 8498)
4(7870 8588 8598 7871)
4(8489 8499 8599 8589)
4(8498 8598 8599 8499)
4(8588 8589 8599 8598)
4(8490 8500 8600 8590)
4(8499 8599 8600 8500)
4(8589 8590 8600 8599)
4(8491 8501 8601 8591)
4(8500 8600 8601 8501)
4(8590 8591 8601 8600)
4(8492 8502 8602 8592)
4(8501 8601 8602 8502)
4(8591 8592 8602 8601)
4(8493 8503 8603 8593)
4(8502 8602 8603 8503)
4(8592 8593 8603 8602)
4(8494 8504 8604 8594)
4(8503 8603 8604 8504)
4(8593 8594 8604 8603)
4(8495 8505 8605 8595)
4(8504 8604 8605 8505)
4(8594 8595 8605 8604)
4(8496 8506 8606 8596)
4(8505 8605 8606 8506)
4(8595 8596 8606 8605)
4(8506 8606 8607 8507)
4(8596 8597 8607 8606)
4(8498 8508 8608 8598)
4(7862 7872 8608 8508)
4(7871 8598 8608 7872)
4(8499 8509 8609 8599)
4(8508 8608 8609 8509)
4(8598 8599 8609 8608)
4(8500 8510 8610 8600)
4(8509 8609 8610 8510)
4(8599 8600 8610 8609)
4(8501 8511 8611 8601)
4(8510 8610 8611 8511)
4(8600 8601 8611 8610)
4(8502 8512 8612 8602)
4(8511 8611 8612 8512)
4(8601 8602 8612 8611)
4(8503 8513 8613 8603)
4(8512 8612 8613 8513)
4(8602 8603 8613 8612)
4(8504 8514 8614 8604)
4(8513 8613 8614 8514)
4(8603 8604 8614 8613)
4(8505 8515 8615 8605)
4(8514 8614 8615 8515)
4(8604 8605 8615 8614)
4(8506 8516 8616 8606)
4(8515 8615 8616 8516)
4(8605 8606 8616 8615)
4(8516 8616 8617 8517)
4(8606 8607 8617 8616)
4(8508 8518 8618 8608)
4(7863 7873 8618 8518)
4(7872 8608 8618 7873)
4(8509 8519 8619 8609)
4(8518 8618 8619 8519)
4(8608 8609 8619 8618)
4(8510 8520 8620 8610)
4(8519 8619 8620 8520)
4(8609 8610 8620 8619)
4(8511 8521 8621 8611)
4(8520 8620 8621 8521)
4(8610 8611 8621 8620)
4(8512 8522 8622 8612)
4(8521 8621 8622 8522)
4(8611 8612 8622 8621)
4(8513 8523 8623 8613)
4(8522 8622 8623 8523)
4(8612 8613 8623 8622)
4(8514 8524 8624 8614)
4(8523 8623 8624 8524)
4(8613 8614 8624 8623)
4(8515 8525 8625 8615)
4(8524 8624 8625 8525)
4(8614 8615 8625 8624)
4(8516 8526 8626 8616)
4(8525 8625 8626 8526)
4(8615 8616 8626 8625)
4(8526 8626 8627 8527)
4(8616 8617 8627 8626)
4(8518 8528 8628 8618)
4(7864 7874 8628 8528)
4(7873 8618 8628 7874)
4(8519 8529 8629 8619)
4(8528 8628 8629 8529)
4(8618 8619 8629 8628)
4(8520 8530 8630 8620)
4(8529 8629 8630 8530)
4(8619 8620 8630 8629)
4(8521 8531 8631 8621)
4(8530 8630 8631 8531)
4(8620 8621 8631 8630)
4(8522 8532 8632 8622)
4(8531 8631 8632 8532)
4(8621 8622 8632 8631)
4(8523 8533 8633 8623)
4(8532 8632 8633 8533)
4(8622 8623 8633 8632)
4(8524 8534 8634 8624)
4(8533 8633 8634 8534)
4(8623 8624 8634 8633)
4(8525 8535 8635 8625)
4(8534 8634 8635 8535)
4(8624 8625 8635 8634)
4(8526 8536 8636 8626)
4(8535 8635 8636 8536)
4(8625 8626 8636 8635)
4(8536 8636 8637 8537)
4(8626 8627 8637 8636)
4(8528 8538 8638 8628)
4(7865 7875 8638 8538)
4(7874 8628 8638 7875)
4(8529 8539 8639 8629)
4(8538 8638 8639 8539)
4(8628 8629 8639 8638)
4(8530 8540 8640 8630)
4(8539 8639 8640 8540)
4(8629 8630 8640 8639)
4(8531 8541 8641 8631)
4(8540 8640 8641 8541)
4(8630 8631 8641 8640)
4(8532 8542 8642 8632)
4(8541 8641 8642 8542)
4(8631 8632 8642 8641)
4(8533 8543 8643 8633)
4(8542 8642 8643 8543)
4(8632 8633 8643 8642)
4(8534 8544 8644 8634)
4(8543 8643 8644 8544)
4(8633 8634 8644 8643)
4(8535 8545 8645 8635)
4(8544 8644 8645 8545)
4(8634 8635 8645 8644)
4(8536 8546 8646 8636)
4(8545 8645 8646 8546)
4(8635 8636 8646 8645)
4(8546 8646 8647 8547)
4(8636 8637 8647 8646)
4(8538 8548 8648 8638)
4(7866 7876 8648 8548)
4(7875 8638 8648 7876)
4(8539 8549 8649 8639)
4(8548 8648 8649 8549)
4(8638 8639 8649 8648)
4(8540 8550 8650 8640)
4(8549 8649 8650 8550)
4(8639 8640 8650 8649)
4(8541 8551 8651 8641)
4(8550 8650 8651 8551)
4(8640 8641 8651 8650)
4(8542 8552 8652 8642)
4(8551 8651 8652 8552)
4(8641 8642 8652 8651)
4(8543 8553 8653 8643)
4(8552 8652 8653 8553)
4(8642 8643 8653 8652)
4(8544 8554 8654 8644)
4(8553 8653 8654 8554)
4(8643 8644 8654 8653)
4(8545 8555 8655 8645)
4(8554 8654 8655 8555)
4(8644 8645 8655 8654)
4(8546 8556 8656 8646)
4(8555 8655 8656 8556)
4(8645 8646 8656 8655)
4(8556 8656 8657 8557)
4(8646 8647 8657 8656)
4(8548 8558 8658 8648)
4(7876 8648 8658 7877)
4(8549 8559 8659 8649)
4(8648 8649 8659 8658)
4(8550 8560 8660 8650)
4(8649 8650 8660 8659)
4(8551 8561 8661 8651)
4(8650 8651 8661 8660)
4(8552 8562 8662 8652)
4(8651 8652 8662 8661)
4(8553 8563 8663 8653)
4(8652 8653 8663 8662)
4(8554 8564 8664 8654)
4(8653 8654 8664 8663)
4(8555 8565 8665 8655)
4(8654 8655 8665 8664)
4(8556 8566 8666 8656)
4(8655 8656 8666 8665)
4(8656 8657 8667 8666)
4(3808 8568 8668 3878)
4(7868 7878 8668 8568)
4(3271 3878 8668 7878)
4(3809 8569 8669 3879)
4(8568 8668 8669 8569)
4(3878 3879 8669 8668)
4(3810 8570 8670 3880)
4(8569 8669 8670 8570)
4(3879 3880 8670 8669)
4(3811 8571 8671 3881)
4(8570 8670 8671 8571)
4(3880 3881 8671 8670)
4(3812 8572 8672 3882)
4(8571 8671 8672 8572)
4(3881 3882 8672 8671)
4(3813 8573 8673 3883)
4(8572 8672 8673 8573)
4(3882 3883 8673 8672)
4(3814 8574 8674 3884)
4(8573 8673 8674 8574)
4(3883 3884 8674 8673)
4(3815 8575 8675 3885)
4(8574 8674 8675 8575)
4(3884 3885 8675 8674)
4(3816 8576 8676 3886)
4(8575 8675 8676 8576)
4(3885 3886 8676 8675)
4(8576 8676 8677 8577)
4(3886 3887 8677 8676)
4(8568 8578 8678 8668)
4(7869 7879 8678 8578)
4(7878 8668 8678 7879)
4(8569 8579 8679 8669)
4(8578 8678 8679 8579)
4(8668 8669 8679 8678)
4(8570 8580 8680 8670)
4(8579 8679 8680 8580)
4(8669 8670 8680 8679)
4(8571 8581 8681 8671)
4(8580 8680 8681 8581)
4(8670 8671 8681 8680)
4(8572 8582 8682 8672)
4(8581 8681 8682 8582)
4(8671 8672 8682 8681)
4(8573 8583 8683 8673)
4(8582 8682 8683 8583)
4(8672 8673 8683 8682)
4(8574 8584 8684 8674)
4(8583 8683 8684 8584)
4(8673 8674 8684 8683)
4(8575 8585 8685 8675)
4(8584 8684 8685 8585)
4(8674 8675 8685 8684)
4(8576 8586 8686 8676)
4(8585 8685 8686 8586)
4(8675 8676 8686 8685)
4(8586 8686 8687 8587)
4(8676 8677 8687 8686)
4(8578 8588 8688 8678)
4(7870 7880 8688 8588)
4(7879 8678 8688 7880)
4(8579 8589 8689 8679)
4(8588 8688 8689 8589)
4(8678 8679 8689 8688)
4(8580 8590 8690 8680)
4(8589 8689 8690 8590)
4(8679 8680 8690 8689)
4(8581 8591 8691 8681)
4(8590 8690 8691 8591)
4(8680 8681 8691 8690)
4(8582 8592 8692 8682)
4(8591 8691 8692 8592)
4(8681 8682 8692 8691)
4(8583 8593 8693 8683)
4(8592 8692 8693 8593)
4(8682 8683 8693 8692)
4(8584 8594 8694 8684)
4(8593 8693 8694 8594)
4(8683 8684 8694 8693)
4(8585 8595 8695 8685)
4(8594 8694 8695 8595)
4(8684 8685 8695 8694)
4(8586 8596 8696 8686)
4(8595 8695 8696 8596)
4(8685 8686 8696 8695)
4(8596 8696 8697 8597)
4(8686 8687 8697 8696)
4(8588 8598 8698 8688)
4(7871 7881 8698 8598)
4(7880 8688 8698 7881)
4(8589 8599 8699 8689)
4(8598 8698 8699 8599)
4(8688 8689 8699 8698)
4(8590 8600 8700 8690)
4(8599 8699 8700 8600)
4(8689 8690 8700 8699)
4(8591 8601 8701 8691)
4(8600 8700 8701 8601)
4(8690 8691 8701 8700)
4(8592 8602 8702 8692)
4(8601 8701 8702 8602)
4(8691 8692 8702 8701)
4(8593 8603 8703 8693)
4(8602 8702 8703 8603)
4(8692 8693 8703 8702)
4(8594 8604 8704 8694)
4(8603 8703 8704 8604)
4(8693 8694 8704 8703)
4(8595 8605 8705 8695)
4(8604 8704 8705 8605)
4(8694 8695 8705 8704)
4(8596 8606 8706 8696)
4(8605 8705 8706 8606)
4(8695 8696 8706 8705)
4(8606 8706 8707 8607)
4(8696 8697 8707 8706)
4(8598 8608 8708 8698)
4(7872 7882 8708 8608)
4(7881 8698 8708 7882)
4(8599 8609 8709 8699)
4(8608 8708 8709 8609)
4(8698 8699 8709 8708)
4(8600 8610 8710 8700)
4(8609 8709 8710 8610)
4(8699 8700 8710 8709)
4(8601 8611 8711 8701)
4(8610 8710 8711 8611)
4(8700 8701 8711 8710)
4(8602 8612 8712 8702)
4(8611 8711 8712 8612)
4(8701 8702 8712 8711)
4(8603 8613 8713 8703)
4(8612 8712 8713 8613)
4(8702 8703 8713 8712)
4(8604 8614 8714 8704)
4(8613 8713 8714 8614)
4(8703 8704 8714 8713)
4(8605 8615 8715 8705)
4(8614 8714 8715 8615)
4(8704 8705 8715 8714)
4(8606 8616 8716 8706)
4(8615 8715 8716 8616)
4(8705 8706 8716 8715)
4(8616 8716 8717 8617)
4(8706 8707 8717 8716)
4(8608 8618 8718 8708)
4(7873 7883 8718 8618)
4(7882 8708 8718 7883)
4(8609 8619 8719 8709)
4(8618 8718 8719 8619)
4(8708 8709 8719 8718)
4(8610 8620 8720 8710)
4(8619 8719 8720 8620)
4(8709 8710 8720 8719)
4(8611 8621 8721 8711)
4(8620 8720 8721 8621)
4(8710 8711 8721 8720)
4(8612 8622 8722 8712)
4(8621 8721 8722 8622)
4(8711 8712 8722 8721)
4(8613 8623 8723 8713)
4(8622 8722 8723 8623)
4(8712 8713 8723 8722)
4(8614 8624 8724 8714)
4(8623 8723 8724 8624)
4(8713 8714 8724 8723)
4(8615 8625 8725 8715)
4(8624 8724 8725 8625)
4(8714 8715 8725 8724)
4(8616 8626 8726 8716)
4(8625 8725 8726 8626)
4(8715 8716 8726 8725)
4(8626 8726 8727 8627)
4(8716 8717 8727 8726)
4(8618 8628 8728 8718)
4(7874 7884 8728 8628)
4(7883 8718 8728 7884)
4(8619 8629 8729 8719)
4(8628 8728 8729 8629)
4(8718 8719 8729 8728)
4(8620 8630 8730 8720)
4(8629 8729 8730 8630)
4(8719 8720 8730 8729)
4(8621 8631 8731 8721)
4(8630 8730 8731 8631)
4(8720 8721 8731 8730)
4(8622 8632 8732 8722)
4(8631 8731 8732 8632)
4(8721 8722 8732 8731)
4(8623 8633 8733 8723)
4(8632 8732 8733 8633)
4(8722 8723 8733 8732)
4(8624 8634 8734 8724)
4(8633 8733 8734 8634)
4(8723 8724 8734 8733)
4(8625 8635 8735 8725)
4(8634 8734 8735 8635)
4(8724 8725 8735 8734)
4(8626 8636 8736 8726)
4(8635 8735 8736 8636)
4(8725 8726 8736 8735)
4(8636 8736 8737 8637)
4(8726 8727 8737 8736)
4(8628 8638 8738 8728)
4(7875 7885 8738 8638)
4(7884 8728 8738 7885)
4(8629 8639 8739 8729)
4(8638 8738 8739 8639)
4(8728 8729 8739 8738)
4(8630 8640 8740 8730)
4(8639 8739 8740 8640)
4(8729 8730 8740 8739)
4(8631 8641 8741 8731)
4(8640 8740 8741 8641)
4(8730 8731 8741 8740)
4(8632 8642 8742 8732)
4(8641 8741 8742 8642)
4(8731 8732 8742 8741)
4(8633 8643 8743 8733)
4(8642 8742 8743 8643)
4(8732 8733 8743 8742)
4(8634 8644 8744 8734)
4(8643 8743 8744 8644)
4(8733 8734 8744 8743)
4(8635 8645 8745 8735)
4(8644 8744 8745 8645)
4(8734 8735 8745 8744)
4(8636 8646 8746 8736)
4(8645 8745 8746 8646)
4(8735 8736 8746 8745)
4(8646 8746 8747 8647)
4(8736 8737 8747 8746)
4(8638 8648 8748 8738)
4(7876 7886 8748 8648)
4(7885 8738 8748 7886)
4(8639 8649 8749 8739)
4(8648 8748 8749 8649)
4(8738 8739 8749 8748)
4(8640 8650 8750 8740)
4(8649 8749 8750 8650)
4(8739 8740 8750 8749)
4(8641 8651 8751 8741)
4(8650 8750 8751 8651)
4(8740 8741 8751 8750)
4(8642 8652 8752 8742)
4(8651 8751 8752 8652)
4(8741 8742 8752 8751)
4(8643 8653 8753 8743)
4(8652 8752 8753 8653)
4(8742 8743 8753 8752)
4(8644 8654 8754 8744)
4(8653 8753 8754 8654)
4(8743 8744 8754 8753)
4(8645 8655 8755 8745)
4(8654 8754 8755 8655)
4(8744 8745 8755 8754)
4(8646 8656 8756 8746)
4(8655 8755 8756 8656)
4(8745 8746 8756 8755)
4(8656 8756 8757 8657)
4(8746 8747 8757 8756)
4(8648 8658 8758 8748)
4(7886 8748 8758 7887)
4(8649 8659 8759 8749)
4(8748 8749 8759 8758)
4(8650 8660 8760 8750)
4(8749 8750 8760 8759)
4(8651 8661 8761 8751)
4(8750 8751 8761 8760)
4(8652 8662 8762 8752)
4(8751 8752 8762 8761)
4(8653 8663 8763 8753)
4(8752 8753 8763 8762)
4(8654 8664 8764 8754)
4(8753 8754 8764 8763)
4(8655 8665 8765 8755)
4(8754 8755 8765 8764)
4(8656 8666 8766 8756)
4(8755 8756 8766 8765)
4(8756 8757 8767 8766)
4(3878 8668 8768 3948)
4(7878 7888 8768 8668)
4(3278 3948 8768 7888)
4(3879 8669 8769 3949)
4(8668 8768 8769 8669)
4(3948 3949 8769 8768)
4(3880 8670 8770 3950)
4(8669 8769 8770 8670)
4(3949 3950 8770 8769)
4(3881 8671 8771 3951)
4(8670 8770 8771 8671)
4(3950 3951 8771 8770)
4(3882 8672 8772 3952)
4(8671 8771 8772 8672)
4(3951 3952 8772 8771)
4(3883 8673 8773 3953)
4(8672 8772 8773 8673)
4(3952 3953 8773 8772)
4(3884 8674 8774 3954)
4(8673 8773 8774 8674)
4(3953 3954 8774 8773)
4(3885 8675 8775 3955)
4(8674 8774 8775 8675)
4(3954 3955 8775 8774)
4(3886 8676 8776 3956)
4(8675 8775 8776 8676)
4(3955 3956 8776 8775)
4(8676 8776 8777 8677)
4(3956 3957 8777 8776)
4(8668 8678 8778 8768)
4(7879 7889 8778 8678)
4(7888 8768 8778 7889)
4(8669 8679 8779 8769)
4(8678 8778 8779 8679)
4(8768 8769 8779 8778)
4(8670 8680 8780 8770)
4(8679 8779 8780 8680)
4(8769 8770 8780 8779)
4(8671 8681 8781 8771)
4(8680 8780 8781 8681)
4(8770 8771 8781 8780)
4(8672 8682 8782 8772)
4(8681 8781 8782 8682)
4(8771 8772 8782 8781)
4(8673 8683 8783 8773)
4(8682 8782 8783 8683)
4(8772 8773 8783 8782)
4(8674 8684 8784 8774)
4(8683 8783 8784 8684)
4(8773 8774 8784 8783)
4(8675 8685 8785 8775)
4(8684 8784 8785 8685)
4(8774 8775 8785 8784)
4(8676 8686 8786 8776)
4(8685 8785 8786 8686)
4(8775 8776 8786 8785)
4(8686 8786 8787 8687)
4(8776 8777 8787 8786)
4(8678 8688 8788 8778)
4(7880 7890 8788 8688)
4(7889 8778 8788 7890)
4(8679 8689 8789 8779)
4(8688 8788 8789 8689)
4(8778 8779 8789 8788)
4(8680 8690 8790 8780)
4(8689 8789 8790 8690)
4(8779 8780 8790 8789)
4(8681 8691 8791 8781)
4(8690 8790 8791 8691)
4(8780 8781 8791 8790)
4(8682 8692 8792 8782)
4(8691 8791 8792 8692)
4(8781 8782 8792 8791)
4(8683 8693 8793 8783)
4(8692 8792 8793 8693)
4(8782 8783 8793 8792)
4(8684 8694 8794 8784)
4(8693 8793 8794 8694)
4(8783 8784 8794 8793)
4(8685 8695 8795 8785)
4(8694 8794 8795 8695)
4(8784 8785 8795 8794)
4(8686 8696 8796 8786)
4(8695 8795 8796 8696)
4(8785 8786 8796 8795)
4(8696 8796 8797 8697)
4(8786 8787 8797 8796)
4(8688 8698 8798 8788)
4(7881 7891 8798 8698)
4(7890 8788 8798 7891)
4(8689 8699 8799 8789)
4(8698 8798 8799 8699)
4(8788 8789 8799 8798)
4(8690 8700 8800 8790)
4(8699 8799 8800 8700)
4(8789 8790 8800 8799)
4(8691 8701 8801 8791)
4(8700 8800 8801 8701)
4(8790 8791 8801 8800)
4(8692 8702 8802 8792)
4(8701 8801 8802 8702)
4(8791 8792 8802 8801)
4(8693 8703 8803 8793)
4(8702 8802 8803 8703)
4(8792 8793 8803 8802)
4(8694 8704 8804 8794)
4(8703 8803 8804 8704)
4(8793 8794 8804 8803)
4(8695 8705 8805 8795)
4(8704 8804 8805 8705)
4(8794 8795 8805 8804)
4(8696 8706 8806 8796)
4(8705 8805 8806 8706)
4(8795 8796 8806 8805)
4(8706 8806 8807 8707)
4(8796 8797 8807 8806)
4(8698 8708 8808 8798)
4(7882 7892 8808 8708)
4(7891 8798 8808 7892)
4(8699 8709 8809 8799)
4(8708 8808 8809 8709)
4(8798 8799 8809 8808)
4(8700 8710 8810 8800)
4(8709 8809 8810 8710)
4(8799 8800 8810 8809)
4(8701 8711 8811 8801)
4(8710 8810 8811 8711)
4(8800 8801 8811 8810)
4(8702 8712 8812 8802)
4(8711 8811 8812 8712)
4(8801 8802 8812 8811)
4(8703 8713 8813 8803)
4(8712 8812 8813 8713)
4(8802 8803 8813 8812)
4(8704 8714 8814 8804)
4(8713 8813 8814 8714)
4(8803 8804 8814 8813)
4(8705 8715 8815 8805)
4(8714 8814 8815 8715)
4(8804 8805 8815 8814)
4(8706 8716 8816 8806)
4(8715 8815 8816 8716)
4(8805 8806 8816 8815)
4(8716 8816 8817 8717)
4(8806 8807 8817 8816)
4(8708 8718 8818 8808)
4(7883 7893 8818 8718)
4(7892 8808 8818 7893)
4(8709 8719 8819 8809)
4(8718 8818 8819 8719)
4(8808 8809 8819 8818)
4(8710 8720 8820 8810)
4(8719 8819 8820 8720)
4(8809 8810 8820 8819)
4(8711 8721 8821 8811)
4(8720 8820 8821 8721)
4(8810 8811 8821 8820)
4(8712 8722 8822 8812)
4(8721 8821 8822 8722)
4(8811 8812 8822 8821)
4(8713 8723 8823 8813)
4(8722 8822 8823 8723)
4(8812 8813 8823 8822)
4(8714 8724 8824 8814)
4(8723 8823 8824 8724)
4(8813 8814 8824 8823)
4(8715 8725 8825 8815)
4(8724 8824 8825 8725)
4(8814 8815 8825 8824)
4(8716 8726 8826 8816)
4(8725 8825 8826 8726)
4(8815 8816 8826 8825)
4(8726 8826 8827 8727)
4(8816 8817 8827 8826)
4(8718 8728 8828 8818)
4(7884 7894 8828 8728)
4(7893 8818 8828 7894)
4(8719 8729 8829 8819)
4(8728 8828 8829 8729)
4(8818 8819 8829 8828)
4(8720 8730 8830 8820)
4(8729 8829 8830 8730)
4(8819 8820 8830 8829)
4(8721 8731 8831 8821)
4(8730 8830 8831 8731)
4(8820 8821 8831 8830)
4(8722 8732 8832 8822)
4(8731 8831 8832 8732)
4(8821 8822 8832 8831)
4(8723 8733 8833 8823)
4(8732 8832 8833 8733)
4(8822 8823 8833 8832)
4(8724 8734 8834 8824)
4(8733 8833 8834 8734)
4(8823 8824 8834 8833)
4(8725 8735 8835 8825)
4(8734 8834 8835 8735)
4(8824 8825 8835 8834)
4(8726 8736 8836 8826)
4(8735 8835 8836 8736)
4(8825 8826 8836 8835)
4(8736 8836 8837 8737)
4(8826 8827 8837 8836)
4(8728 8738 8838 8828)
4(7885 7895 8838 8738)
4(7894 8828 8838 7895)
4(8729 8739 8839 8829)
4(8738 8838 8839 8739)
4(8828 8829 8839 8838)
4(8730 8740 8840 8830)
4(8739 8839 8840 8740)
4(8829 8830 8840 8839)
4(8731 8741 8841 8831)
4(8740 8840 8841 8741)
4(8830 8831 8841 8840)
4(8732 8742 8842 8832)
4(8741 8841 8842 8742)
4(8831 8832 8842 8841)
4(8733 8743 8843 8833)
4(8742 8842 8843 8743)
4(8832 8833 8843 8842)
4(8734 8744 8844 8834)
4(8743 8843 8844 8744)
4(8833 8834 8844 8843)
4(8735 8745 8845 8835)
4(8744 8844 8845 8745)
4(8834 8835 8845 8844)
4(8736 8746 8846 8836)
4(8745 8845 8846 8746)
4(8835 8836 8846 8845)
4(8746 8846 8847 8747)
4(8836 8837 8847 8846)
4(8738 8748 8848 8838)
4(7886 7896 8848 8748)
4(7895 8838 8848 7896)
4(8739 8749 8849 8839)
4(8748 8848 8849 8749)
4(8838 8839 8849 8848)
4(8740 8750 8850 8840)
4(8749 8849 8850 8750)
4(8839 8840 8850 8849)
4(8741 8751 8851 8841)
4(8750 8850 8851 8751)
4(8840 8841 8851 8850)
4(8742 8752 8852 8842)
4(8751 8851 8852 8752)
4(8841 8842 8852 8851)
4(8743 8753 8853 8843)
4(8752 8852 8853 8753)
4(8842 8843 8853 8852)
4(8744 8754 8854 8844)
4(8753 8853 8854 8754)
4(8843 8844 8854 8853)
4(8745 8755 8855 8845)
4(8754 8854 8855 8755)
4(8844 8845 8855 8854)
4(8746 8756 8856 8846)
4(8755 8855 8856 8756)
4(8845 8846 8856 8855)
4(8756 8856 8857 8757)
4(8846 8847 8857 8856)
4(8748 8758 8858 8848)
4(7896 8848 8858 7897)
4(8749 8759 8859 8849)
4(8848 8849 8859 8858)
4(8750 8760 8860 8850)
4(8849 8850 8860 8859)
4(8751 8761 8861 8851)
4(8850 8851 8861 8860)
4(8752 8762 8862 8852)
4(8851 8852 8862 8861)
4(8753 8763 8863 8853)
4(8852 8853 8863 8862)
4(8754 8764 8864 8854)
4(8853 8854 8864 8863)
4(8755 8765 8865 8855)
4(8854 8855 8865 8864)
4(8756 8766 8866 8856)
4(8855 8856 8866 8865)
4(8856 8857 8867 8866)
4(3948 8768 8868 4018)
4(7888 7898 8868 8768)
4(3285 4018 8868 7898)
4(3949 8769 8869 4019)
4(8768 8868 8869 8769)
4(4018 4019 8869 8868)
4(3950 8770 8870 4020)
4(8769 8869 8870 8770)
4(4019 4020 8870 8869)
4(3951 8771 8871 4021)
4(8770 8870 8871 8771)
4(4020 4021 8871 8870)
4(3952 8772 8872 4022)
4(8771 8871 8872 8772)
4(4021 4022 8872 8871)
4(3953 8773 8873 4023)
4(8772 8872 8873 8773)
4(4022 4023 8873 8872)
4(3954 8774 8874 4024)
4(8773 8873 8874 8774)
4(4023 4024 8874 8873)
4(3955 8775 8875 4025)
4(8774 8874 8875 8775)
4(4024 4025 8875 8874)
4(3956 8776 8876 4026)
4(8775 8875 8876 8776)
4(4025 4026 8876 8875)
4(8776 8876 8877 8777)
4(4026 4027 8877 8876)
4(8768 8778 8878 8868)
4(7889 7899 8878 8778)
4(7898 8868 8878 7899)
4(8769 8779 8879 8869)
4(8778 8878 8879 8779)
4(8868 8869 8879 8878)
4(8770 8780 8880 8870)
4(8779 8879 8880 8780)
4(8869 8870 8880 8879)
4(8771 8781 8881 8871)
4(8780 8880 8881 8781)
4(8870 8871 8881 8880)
4(8772 8782 8882 8872)
4(8781 8881 8882 8782)
4(8871 8872 8882 8881)
4(8773 8783 8883 8873)
4(8782 8882 8883 8783)
4(8872 8873 8883 8882)
4(8774 8784 8884 8874)
4(8783 8883 8884 8784)
4(8873 8874 8884 8883)
4(8775 8785 8885 8875)
4(8784 8884 8885 8785)
4(8874 8875 8885 8884)
4(8776 8786 8886 8876)
4(8785 8885 8886 8786)
4(8875 8876 8886 8885)
4(8786 8886 8887 8787)
4(8876 8877 8887 8886)
4(8778 8788 8888 8878)
4(7890 7900 8888 8788)
4(7899 8878 8888 7900)
4(8779 8789 8889 8879)
4(8788 8888 8889 8789)
4(8878 8879 8889 8888)
4(8780 8790 8890 8880)
4(8789 8889 8890 8790)
4(8879 8880 8890 8889)
4(8781 8791 8891 8881)
4(8790 8890 8891 8791)
4(8880 8881 8891 8890)
4(8782 8792 8892 8882)
4(8791 8891 8892 8792)
4(8881 8882 8892 8891)
4(8783 8793 8893 8883)
4(8792 8892 8893 8793)
4(8882 8883 8893 8892)
4(8784 8794 8894 8884)
4(8793 8893 8894 8794)
4(8883 8884 8894 8893)
4(8785 8795 8895 8885)
4(8794 8894 8895 8795)
4(8884 8885 8895 8894)
4(8786 8796 8896 8886)
4(8795 8895 8896 8796)
4(8885 8886 8896 8895)
4(8796 8896 8897 8797)
4(8886 8887 8897 8896)
4(8788 8798 8898 8888)
4(7891 7901 8898 8798)
4(7900 8888 8898 7901)
4(8789 8799 8899 8889)
4(8798 8898 8899 8799)
4(8888 8889 8899 8898)
4(8790 8800 8900 8890)
4(8799 8899 8900 8800)
4(8889 8890 8900 8899)
4(8791 8801 8901 8891)
4(8800 8900 8901 8801)
4(8890 8891 8901 8900)
4(8792 8802 8902 8892)
4(8801 8901 8902 8802)
4(8891 8892 8902 8901)
4(8793 8803 8903 8893)
4(8802 8902 8903 8803)
4(8892 8893 8903 8902)
4(8794 8804 8904 8894)
4(8803 8903 8904 8804)
4(8893 8894 8904 8903)
4(8795 8805 8905 8895)
4(8804 8904 8905 8805)
4(8894 8895 8905 8904)
4(8796 8806 8906 8896)
4(8805 8905 8906 8806)
4(8895 8896 8906 8905)
4(8806 8906 8907 8807)
4(8896 8897 8907 8906)
4(8798 8808 8908 8898)
4(7892 7902 8908 8808)
4(7901 8898 8908 7902)
4(8799 8809 8909 8899)
4(8808 8908 8909 8809)
4(8898 8899 8909 8908)
4(8800 8810 8910 8900)
4(8809 8909 8910 8810)
4(8899 8900 8910 8909)
4(8801 8811 8911 8901)
4(8810 8910 8911 8811)
4(8900 8901 8911 8910)
4(8802 8812 8912 8902)
4(8811 8911 8912 8812)
4(8901 8902 8912 8911)
4(8803 8813 8913 8903)
4(8812 8912 8913 8813)
4(8902 8903 8913 8912)
4(8804 8814 8914 8904)
4(8813 8913 8914 8814)
4(8903 8904 8914 8913)
4(8805 8815 8915 8905)
4(8814 8914 8915 8815)
4(8904 8905 8915 8914)
4(8806 8816 8916 8906)
4(8815 8915 8916 8816)
4(8905 8906 8916 8915)
4(8816 8916 8917 8817)
4(8906 8907 8917 8916)
4(8808 8818 8918 8908)
4(7893 7903 8918 8818)
4(7902 8908 8918 7903)
4(8809 8819 8919 8909)
4(8818 8918 8919 8819)
4(8908 8909 8919 8918)
4(8810 8820 8920 8910)
4(8819 8919 8920 8820)
4(8909 8910 8920 8919)
4(8811 8821 8921 8911)
4(8820 8920 8921 8821)
4(8910 8911 8921 8920)
4(8812 8822 8922 8912)
4(8821 8921 8922 8822)
4(8911 8912 8922 8921)
4(8813 8823 8923 8913)
4(8822 8922 8923 8823)
4(8912 8913 8923 8922)
4(8814 8824 8924 8914)
4(8823 8923 8924 8824)
4(8913 8914 8924 8923)
4(8815 8825 8925 8915)
4(8824 8924 8925 8825)
4(8914 8915 8925 8924)
4(8816 8826 8926 8916)
4(8825 8925 8926 8826)
4(8915 8916 8926 8925)
4(8826 8926 8927 8827)
4(8916 8917 8927 8926)
4(8818 8828 8928 8918)
4(7894 7904 8928 8828)
4(7903 8918 8928 7904)
4(8819 8829 8929 8919)
4(8828 8928 8929 8829)
4(8918 8919 8929 8928)
4(8820 8830 8930 8920)
4(8829 8929 8930 8830)
4(8919 8920 8930 8929)
4(8821 8831 8931 8921)
4(8830 8930 8931 8831)
4(8920 8921 8931 8930)
4(8822 8832 8932 8922)
4(8831 8931 8932 8832)
4(8921 8922 8932 8931)
4(8823 8833 8933 8923)
4(8832 8932 8933 8833)
4(8922 8923 8933 8932)
4(8824 8834 8934 8924)
4(8833 8933 8934 8834)
4(8923 8924 8934 8933)
4(8825 8835 8935 8925)
4(8834 8934 8935 8835)
4(8924 8925 8935 8934)
4(8826 8836 8936 8926)
4(8835 8935 8936 8836)
4(8925 8926 8936 8935)
4(8836 8936 8937 8837)
4(8926 8927 8937 8936)
4(8828 8838 8938 8928)
4(7895 7905 8938 8838)
4(7904 8928 8938 7905)
4(8829 8839 8939 8929)
4(8838 8938 8939 8839)
4(8928 8929 8939 8938)
4(8830 8840 8940 8930)
4(8839 8939 8940 8840)
4(8929 8930 8940 8939)
4(8831 8841 8941 8931)
4(8840 8940 8941 8841)
4(8930 8931 8941 8940)
4(8832 8842 8942 8932)
4(8841 8941 8942 8842)
4(8931 8932 8942 8941)
4(8833 8843 8943 8933)
4(8842 8942 8943 8843)
4(8932 8933 8943 8942)
4(8834 8844 8944 8934)
4(8843 8943 8944 8844)
4(8933 8934 8944 8943)
4(8835 8845 8945 8935)
4(8844 8944 8945 8845)
4(8934 8935 8945 8944)
4(8836 8846 8946 8936)
4(8845 8945 8946 8846)
4(8935 8936 8946 8945)
4(8846 8946 8947 8847)
4(8936 8937 8947 8946)
4(8838 8848 8948 8938)
4(7896 7906 8948 8848)
4(7905 8938 8948 7906)
4(8839 8849 8949 8939)
4(8848 8948 8949 8849)
4(8938 8939 8949 8948)
4(8840 8850 8950 8940)
4(8849 8949 8950 8850)
4(8939 8940 8950 8949)
4(8841 8851 8951 8941)
4(8850 8950 8951 8851)
4(8940 8941 8951 8950)
4(8842 8852 8952 8942)
4(8851 8951 8952 8852)
4(8941 8942 8952 8951)
4(8843 8853 8953 8943)
4(8852 8952 8953 8853)
4(8942 8943 8953 8952)
4(8844 8854 8954 8944)
4(8853 8953 8954 8854)
4(8943 8944 8954 8953)
4(8845 8855 8955 8945)
4(8854 8954 8955 8855)
4(8944 8945 8955 8954)
4(8846 8856 8956 8946)
4(8855 8955 8956 8856)
4(8945 8946 8956 8955)
4(8856 8956 8957 8857)
4(8946 8947 8957 8956)
4(8848 8858 8958 8948)
4(7906 8948 8958 7907)
4(8849 8859 8959 8949)
4(8948 8949 8959 8958)
4(8850 8860 8960 8950)
4(8949 8950 8960 8959)
4(8851 8861 8961 8951)
4(8950 8951 8961 8960)
4(8852 8862 8962 8952)
4(8951 8952 8962 8961)
4(8853 8863 8963 8953)
4(8952 8953 8963 8962)
4(8854 8864 8964 8954)
4(8953 8954 8964 8963)
4(8855 8865 8965 8955)
4(8954 8955 8965 8964)
4(8856 8866 8966 8956)
4(8955 8956 8966 8965)
4(8956 8957 8967 8966)
4(4018 8868 8968 4088)
4(7898 7908 8968 8868)
4(3292 4088 8968 7908)
4(4019 8869 8969 4089)
4(8868 8968 8969 8869)
4(4088 4089 8969 8968)
4(4020 8870 8970 4090)
4(8869 8969 8970 8870)
4(4089 4090 8970 8969)
4(4021 8871 8971 4091)
4(8870 8970 8971 8871)
4(4090 4091 8971 8970)
4(4022 8872 8972 4092)
4(8871 8971 8972 8872)
4(4091 4092 8972 8971)
4(4023 8873 8973 4093)
4(8872 8972 8973 8873)
4(4092 4093 8973 8972)
4(4024 8874 8974 4094)
4(8873 8973 8974 8874)
4(4093 4094 8974 8973)
4(4025 8875 8975 4095)
4(8874 8974 8975 8875)
4(4094 4095 8975 8974)
4(4026 8876 8976 4096)
4(8875 8975 8976 8876)
4(4095 4096 8976 8975)
4(8876 8976 8977 8877)
4(4096 4097 8977 8976)
4(8868 8878 8978 8968)
4(7899 7909 8978 8878)
4(7908 8968 8978 7909)
4(8869 8879 8979 8969)
4(8878 8978 8979 8879)
4(8968 8969 8979 8978)
4(8870 8880 8980 8970)
4(8879 8979 8980 8880)
4(8969 8970 8980 8979)
4(8871 8881 8981 8971)
4(8880 8980 8981 8881)
4(8970 8971 8981 8980)
4(8872 8882 8982 8972)
4(8881 8981 8982 8882)
4(8971 8972 8982 8981)
4(8873 8883 8983 8973)
4(8882 8982 8983 8883)
4(8972 8973 8983 8982)
4(8874 8884 8984 8974)
4(8883 8983 8984 8884)
4(8973 8974 8984 8983)
4(8875 8885 8985 8975)
4(8884 8984 8985 8885)
4(8974 8975 8985 8984)
4(8876 8886 8986 8976)
4(8885 8985 8986 8886)
4(8975 8976 8986 8985)
4(8886 8986 8987 8887)
4(8976 8977 8987 8986)
4(8878 8888 8988 8978)
4(7900 7910 8988 8888)
4(7909 8978 8988 7910)
4(8879 8889 8989 8979)
4(8888 8988 8989 8889)
4(8978 8979 8989 8988)
4(8880 8890 8990 8980)
4(8889 8989 8990 8890)
4(8979 8980 8990 8989)
4(8881 8891 8991 8981)
4(8890 8990 8991 8891)
4(8980 8981 8991 8990)
4(8882 8892 8992 8982)
4(8891 8991 8992 8892)
4(8981 8982 8992 8991)
4(8883 8893 8993 8983)
4(8892 8992 8993 8893)
4(8982 8983 8993 8992)
4(8884 8894 8994 8984)
4(8893 8993 8994 8894)
4(8983 8984 8994 8993)
4(8885 8895 8995 8985)
4(8894 8994 8995 8895)
4(8984 8985 8995 8994)
4(8886 8896 8996 8986)
4(8895 8995 8996 8896)
4(8985 8986 8996 8995)
4(8896 8996 8997 8897)
4(8986 8987 8997 8996)
4(8888 8898 8998 8988)
4(7901 7911 8998 8898)
4(7910 8988 8998 7911)
4(8889 8899 8999 8989)
4(8898 8998 8999 8899)
4(8988 8989 8999 8998)
4(8890 8900 9000 8990)
4(8899 8999 9000 8900)
4(8989 8990 9000 8999)
4(8891 8901 9001 8991)
4(8900 9000 9001 8901)
4(8990 8991 9001 9000)
4(8892 8902 9002 8992)
4(8901 9001 9002 8902)
4(8991 8992 9002 9001)
4(8893 8903 9003 8993)
4(8902 9002 9003 8903)
4(8992 8993 9003 9002)
4(8894 8904 9004 8994)
4(8903 9003 9004 8904)
4(8993 8994 9004 9003)
4(8895 8905 9005 8995)
4(8904 9004 9005 8905)
4(8994 8995 9005 9004)
4(8896 8906 9006 8996)
4(8905 9005 9006 8906)
4(8995 8996 9006 9005)
4(8906 9006 9007 8907)
4(8996 8997 9007 9006)
4(8898 8908 9008 8998)
4(7902 7912 9008 8908)
4(7911 8998 9008 7912)
4(8899 8909 9009 8999)
4(8908 9008 9009 8909)
4(8998 8999 9009 9008)
4(8900 8910 9010 9000)
4(8909 9009 9010 8910)
4(8999 9000 9010 9009)
4(8901 8911 9011 9001)
4(8910 9010 9011 8911)
4(9000 9001 9011 9010)
4(8902 8912 9012 9002)
4(8911 9011 9012 8912)
4(9001 9002 9012 9011)
4(8903 8913 9013 9003)
4(8912 9012 9013 8913)
4(9002 9003 9013 9012)
4(8904 8914 9014 9004)
4(8913 9013 9014 8914)
4(9003 9004 9014 9013)
4(8905 8915 9015 9005)
4(8914 9014 9015 8915)
4(9004 9005 9015 9014)
4(8906 8916 9016 9006)
4(8915 9015 9016 8916)
4(9005 9006 9016 9015)
4(8916 9016 9017 8917)
4(9006 9007 9017 9016)
4(8908 8918 9018 9008)
4(7903 7913 9018 8918)
4(7912 9008 9018 7913)
4(8909 8919 9019 9009)
4(8918 9018 9019 8919)
4(9008 9009 9019 9018)
4(8910 8920 9020 9010)
4(8919 9019 9020 8920)
4(9009 9010 9020 9019)
4(8911 8921 9021 9011)
4(8920 9020 9021 8921)
4(9010 9011 9021 9020)
4(8912 8922 9022 9012)
4(8921 9021 9022 8922)
4(9011 9012 9022 9021)
4(8913 8923 9023 9013)
4(8922 9022 9023 8923)
4(9012 9013 9023 9022)
4(8914 8924 9024 9014)
4(8923 9023 9024 8924)
4(9013 9014 9024 9023)
4(8915 8925 9025 9015)
4(8924 9024 9025 8925)
4(9014 9015 9025 9024)
4(8916 8926 9026 9016)
4(8925 9025 9026 8926)
4(9015 9016 9026 9025)
4(8926 9026 9027 8927)
4(9016 9017 9027 9026)
4(8918 8928 9028 9018)
4(7904 7914 9028 8928)
4(7913 9018 9028 7914)
4(8919 8929 9029 9019)
4(8928 9028 9029 8929)
4(9018 9019 9029 9028)
4(8920 8930 9030 9020)
4(8929 9029 9030 8930)
4(9019 9020 9030 9029)
4(8921 8931 9031 9021)
4(8930 9030 9031 8931)
4(9020 9021 9031 9030)
4(8922 8932 9032 9022)
4(8931 9031 9032 8932)
4(9021 9022 9032 9031)
4(8923 8933 9033 9023)
4(8932 9032 9033 8933)
4(9022 9023 9033 9032)
4(8924 8934 9034 9024)
4(8933 9033 9034 8934)
4(9023 9024 9034 9033)
4(8925 8935 9035 9025)
4(8934 9034 9035 8935)
4(9024 9025 9035 9034)
4(8926 8936 9036 9026)
4(8935 9035 9036 8936)
4(9025 9026 9036 9035)
4(8936 9036 9037 8937)
4(9026 9027 9037 9036)
4(8928 8938 9038 9028)
4(7905 7915 9038 8938)
4(7914 9028 9038 7915)
4(8929 8939 9039 9029)
4(8938 9038 9039 8939)
4(9028 9029 9039 9038)
4(8930 8940 9040 9030)
4(8939 9039 9040 8940)
4(9029 9030 9040 9039)
4(8931 8941 9041 9031)
4(8940 9040 9041 8941)
4(9030 9031 9041 9040)
4(8932 8942 9042 9032)
4(8941 9041 9042 8942)
4(9031 9032 9042 9041)
4(8933 8943 9043 9033)
4(8942 9042 9043 8943)
4(9032 9033 9043 9042)
4(8934 8944 9044 9034)
4(8943 9043 9044 8944)
4(9033 9034 9044 9043)
4(8935 8945 9045 9035)
4(8944 9044 9045 8945)
4(9034 9035 9045 9044)
4(8936 8946 9046 9036)
4(8945 9045 9046 8946)
4(9035 9036 9046 9045)
4(8946 9046 9047 8947)
4(9036 9037 9047 9046)
4(8938 8948 9048 9038)
4(7906 7916 9048 8948)
4(7915 9038 9048 7916)
4(8939 8949 9049 9039)
4(8948 9048 9049 8949)
4(9038 9039 9049 9048)
4(8940 8950 9050 9040)
4(8949 9049 9050 8950)
4(9039 9040 9050 9049)
4(8941 8951 9051 9041)
4(8950 9050 9051 8951)
4(9040 9041 9051 9050)
4(8942 8952 9052 9042)
4(8951 9051 9052 8952)
4(9041 9042 9052 9051)
4(8943 8953 9053 9043)
4(8952 9052 9053 8953)
4(9042 9043 9053 9052)
4(8944 8954 9054 9044)
4(8953 9053 9054 8954)
4(9043 9044 9054 9053)
4(8945 8955 9055 9045)
4(8954 9054 9055 8955)
4(9044 9045 9055 9054)
4(8946 8956 9056 9046)
4(8955 9055 9056 8956)
4(9045 9046 9056 9055)
4(8956 9056 9057 8957)
4(9046 9047 9057 9056)
4(8948 8958 9058 9048)
4(7916 9048 9058 7917)
4(8949 8959 9059 9049)
4(9048 9049 9059 9058)
4(8950 8960 9060 9050)
4(9049 9050 9060 9059)
4(8951 8961 9061 9051)
4(9050 9051 9061 9060)
4(8952 8962 9062 9052)
4(9051 9052 9062 9061)
4(8953 8963 9063 9053)
4(9052 9053 9063 9062)
4(8954 8964 9064 9054)
4(9053 9054 9064 9063)
4(8955 8965 9065 9055)
4(9054 9055 9065 9064)
4(8956 8966 9066 9056)
4(9055 9056 9066 9065)
4(9056 9057 9067 9066)
4(4088 8968 9068 4158)
4(7908 7918 9068 8968)
4(3299 4158 9068 7918)
4(4089 8969 9069 4159)
4(8968 9068 9069 8969)
4(4158 4159 9069 9068)
4(4090 8970 9070 4160)
4(8969 9069 9070 8970)
4(4159 4160 9070 9069)
4(4091 8971 9071 4161)
4(8970 9070 9071 8971)
4(4160 4161 9071 9070)
4(4092 8972 9072 4162)
4(8971 9071 9072 8972)
4(4161 4162 9072 9071)
4(4093 8973 9073 4163)
4(8972 9072 9073 8973)
4(4162 4163 9073 9072)
4(4094 8974 9074 4164)
4(8973 9073 9074 8974)
4(4163 4164 9074 9073)
4(4095 8975 9075 4165)
4(8974 9074 9075 8975)
4(4164 4165 9075 9074)
4(4096 8976 9076 4166)
4(8975 9075 9076 8976)
4(4165 4166 9076 9075)
4(8976 9076 9077 8977)
4(4166 4167 9077 9076)
4(8968 8978 9078 9068)
4(7909 7919 9078 8978)
4(7918 9068 9078 7919)
4(8969 8979 9079 9069)
4(8978 9078 9079 8979)
4(9068 9069 9079 9078)
4(8970 8980 9080 9070)
4(8979 9079 9080 8980)
4(9069 9070 9080 9079)
4(8971 8981 9081 9071)
4(8980 9080 9081 8981)
4(9070 9071 9081 9080)
4(8972 8982 9082 9072)
4(8981 9081 9082 8982)
4(9071 9072 9082 9081)
4(8973 8983 9083 9073)
4(8982 9082 9083 8983)
4(9072 9073 9083 9082)
4(8974 8984 9084 9074)
4(8983 9083 9084 8984)
4(9073 9074 9084 9083)
4(8975 8985 9085 9075)
4(8984 9084 9085 8985)
4(9074 9075 9085 9084)
4(8976 8986 9086 9076)
4(8985 9085 9086 8986)
4(9075 9076 9086 9085)
4(8986 9086 9087 8987)
4(9076 9077 9087 9086)
4(8978 8988 9088 9078)
4(7910 7920 9088 8988)
4(7919 9078 9088 7920)
4(8979 8989 9089 9079)
4(8988 9088 9089 8989)
4(9078 9079 9089 9088)
4(8980 8990 9090 9080)
4(8989 9089 9090 8990)
4(9079 9080 9090 9089)
4(8981 8991 9091 9081)
4(8990 9090 9091 8991)
4(9080 9081 9091 9090)
4(8982 8992 9092 9082)
4(8991 9091 9092 8992)
4(9081 9082 9092 9091)
4(8983 8993 9093 9083)
4(8992 9092 9093 8993)
4(9082 9083 9093 9092)
4(8984 8994 9094 9084)
4(8993 9093 9094 8994)
4(9083 9084 9094 9093)
4(8985 8995 9095 9085)
4(8994 9094 9095 8995)
4(9084 9085 9095 9094)
4(8986 8996 9096 9086)
4(8995 9095 9096 8996)
4(9085 9086 9096 9095)
4(8996 9096 9097 8997)
4(9086 9087 9097 9096)
4(8988 8998 9098 9088)
4(7911 7921 9098 8998)
4(7920 9088 9098 7921)
4(8989 8999 9099 9089)
4(8998 9098 9099 8999)
4(9088 9089 9099 9098)
4(8990 9000 9100 9090)
4(8999 9099 9100 9000)
4(9089 9090 9100 9099)
4(8991 9001 9101 9091)
4(9000 9100 9101 9001)
4(9090 9091 9101 9100)
4(8992 9002 9102 9092)
4(9001 9101 9102 9002)
4(9091 9092 9102 9101)
4(8993 9003 9103 9093)
4(9002 9102 9103 9003)
4(9092 9093 9103 9102)
4(8994 9004 9104 9094)
4(9003 9103 9104 9004)
4(9093 9094 9104 9103)
4(8995 9005 9105 9095)
4(9004 9104 9105 9005)
4(9094 9095 9105 9104)
4(8996 9006 9106 9096)
4(9005 9105 9106 9006)
4(9095 9096 9106 9105)
4(9006 9106 9107 9007)
4(9096 9097 9107 9106)
4(8998 9008 9108 9098)
4(7912 7922 9108 9008)
4(7921 9098 9108 7922)
4(8999 9009 9109 9099)
4(9008 9108 9109 9009)
4(9098 9099 9109 9108)
4(9000 9010 9110 9100)
4(9009 9109 9110 9010)
4(9099 9100 9110 9109)
4(9001 9011 9111 9101)
4(9010 9110 9111 9011)
4(9100 9101 9111 9110)
4(9002 9012 9112 9102)
4(9011 9111 9112 9012)
4(9101 9102 9112 9111)
4(9003 9013 9113 9103)
4(9012 9112 9113 9013)
4(9102 9103 9113 9112)
4(9004 9014 9114 9104)
4(9013 9113 9114 9014)
4(9103 9104 9114 9113)
4(9005 9015 9115 9105)
4(9014 9114 9115 9015)
4(9104 9105 9115 9114)
4(9006 9016 9116 9106)
4(9015 9115 9116 9016)
4(9105 9106 9116 9115)
4(9016 9116 9117 9017)
4(9106 9107 9117 9116)
4(9008 9018 9118 9108)
4(7913 7923 9118 9018)
4(7922 9108 9118 7923)
4(9009 9019 9119 9109)
4(9018 9118 9119 9019)
4(9108 9109 9119 9118)
4(9010 9020 9120 9110)
4(9019 9119 9120 9020)
4(9109 9110 9120 9119)
4(9011 9021 9121 9111)
4(9020 9120 9121 9021)
4(9110 9111 9121 9120)
4(9012 9022 9122 9112)
4(9021 9121 9122 9022)
4(9111 9112 9122 9121)
4(9013 9023 9123 9113)
4(9022 9122 9123 9023)
4(9112 9113 9123 9122)
4(9014 9024 9124 9114)
4(9023 9123 9124 9024)
4(9113 9114 9124 9123)
4(9015 9025 9125 9115)
4(9024 9124 9125 9025)
4(9114 9115 9125 9124)
4(9016 9026 9126 9116)
4(9025 9125 9126 9026)
4(9115 9116 9126 9125)
4(9026 9126 9127 9027)
4(9116 9117 9127 9126)
4(9018 9028 9128 9118)
4(7914 7924 9128 9028)
4(7923 9118 9128 7924)
4(9019 9029 9129 9119)
4(9028 9128 9129 9029)
4(9118 9119 9129 9128)
4(9020 9030 9130 9120)
4(9029 9129 9130 9030)
4(9119 9120 9130 9129)
4(9021 9031 9131 9121)
4(9030 9130 9131 9031)
4(9120 9121 9131 9130)
4(9022 9032 9132 9122)
4(9031 9131 9132 9032)
4(9121 9122 9132 9131)
4(9023 9033 9133 9123)
4(9032 9132 9133 9033)
4(9122 9123 9133 9132)
4(9024 9034 9134 9124)
4(9033 9133 9134 9034)
4(9123 9124 9134 9133)
4(9025 9035 9135 9125)
4(9034 9134 9135 9035)
4(9124 9125 9135 9134)
4(9026 9036 9136 9126)
4(9035 9135 9136 9036)
4(9125 9126 9136 9135)
4(9036 9136 9137 9037)
4(9126 9127 9137 9136)
4(9028 9038 9138 9128)
4(7915 7925 9138 9038)
4(7924 9128 9138 7925)
4(9029 9039 9139 9129)
4(9038 9138 9139 9039)
4(9128 9129 9139 9138)
4(9030 9040 9140 9130)
4(9039 9139 9140 9040)
4(9129 9130 9140 9139)
4(9031 9041 9141 9131)
4(9040 9140 9141 9041)
4(9130 9131 9141 9140)
4(9032 9042 9142 9132)
4(9041 9141 9142 9042)
4(9131 9132 9142 9141)
4(9033 9043 9143 9133)
4(9042 9142 9143 9043)
4(9132 9133 9143 9142)
4(9034 9044 9144 9134)
4(9043 9143 9144 9044)
4(9133 9134 9144 9143)
4(9035 9045 9145 9135)
4(9044 9144 9145 9045)
4(9134 9135 9145 9144)
4(9036 9046 9146 9136)
4(9045 9145 9146 9046)
4(9135 9136 9146 9145)
4(9046 9146 9147 9047)
4(9136 9137 9147 9146)
4(9038 9048 9148 9138)
4(7916 7926 9148 9048)
4(7925 9138 9148 7926)
4(9039 9049 9149 9139)
4(9048 9148 9149 9049)
4(9138 9139 9149 9148)
4(9040 9050 9150 9140)
4(9049 9149 9150 9050)
4(9139 9140 9150 9149)
4(9041 9051 9151 9141)
4(9050 9150 9151 9051)
4(9140 9141 9151 9150)
4(9042 9052 9152 9142)
4(9051 9151 9152 9052)
4(9141 9142 9152 9151)
4(9043 9053 9153 9143)
4(9052 9152 9153 9053)
4(9142 9143 9153 9152)
4(9044 9054 9154 9144)
4(9053 9153 9154 9054)
4(9143 9144 9154 9153)
4(9045 9055 9155 9145)
4(9054 9154 9155 9055)
4(9144 9145 9155 9154)
4(9046 9056 9156 9146)
4(9055 9155 9156 9056)
4(9145 9146 9156 9155)
4(9056 9156 9157 9057)
4(9146 9147 9157 9156)
4(9048 9058 9158 9148)
4(7926 9148 9158 7927)
4(9049 9059 9159 9149)
4(9148 9149 9159 9158)
4(9050 9060 9160 9150)
4(9149 9150 9160 9159)
4(9051 9061 9161 9151)
4(9150 9151 9161 9160)
4(9052 9062 9162 9152)
4(9151 9152 9162 9161)
4(9053 9063 9163 9153)
4(9152 9153 9163 9162)
4(9054 9064 9164 9154)
4(9153 9154 9164 9163)
4(9055 9065 9165 9155)
4(9154 9155 9165 9164)
4(9056 9066 9166 9156)
4(9155 9156 9166 9165)
4(9156 9157 9167 9166)
4(4158 9068 9168 4228)
4(7918 7928 9168 9068)
4(3306 4228 9168 7928)
4(4159 9069 9169 4229)
4(9068 9168 9169 9069)
4(4228 4229 9169 9168)
4(4160 9070 9170 4230)
4(9069 9169 9170 9070)
4(4229 4230 9170 9169)
4(4161 9071 9171 4231)
4(9070 9170 9171 9071)
4(4230 4231 9171 9170)
4(4162 9072 9172 4232)
4(9071 9171 9172 9072)
4(4231 4232 9172 9171)
4(4163 9073 9173 4233)
4(9072 9172 9173 9073)
4(4232 4233 9173 9172)
4(4164 9074 9174 4234)
4(9073 9173 9174 9074)
4(4233 4234 9174 9173)
4(4165 9075 9175 4235)
4(9074 9174 9175 9075)
4(4234 4235 9175 9174)
4(4166 9076 9176 4236)
4(9075 9175 9176 9076)
4(4235 4236 9176 9175)
4(9076 9176 9177 9077)
4(4236 4237 9177 9176)
4(9068 9078 9178 9168)
4(7919 7929 9178 9078)
4(7928 9168 9178 7929)
4(9069 9079 9179 9169)
4(9078 9178 9179 9079)
4(9168 9169 9179 9178)
4(9070 9080 9180 9170)
4(9079 9179 9180 9080)
4(9169 9170 9180 9179)
4(9071 9081 9181 9171)
4(9080 9180 9181 9081)
4(9170 9171 9181 9180)
4(9072 9082 9182 9172)
4(9081 9181 9182 9082)
4(9171 9172 9182 9181)
4(9073 9083 9183 9173)
4(9082 9182 9183 9083)
4(9172 9173 9183 9182)
4(9074 9084 9184 9174)
4(9083 9183 9184 9084)
4(9173 9174 9184 9183)
4(9075 9085 9185 9175)
4(9084 9184 9185 9085)
4(9174 9175 9185 9184)
4(9076 9086 9186 9176)
4(9085 9185 9186 9086)
4(9175 9176 9186 9185)
4(9086 9186 9187 9087)
4(9176 9177 9187 9186)
4(9078 9088 9188 9178)
4(7920 7930 9188 9088)
4(7929 9178 9188 7930)
4(9079 9089 9189 9179)
4(9088 9188 9189 9089)
4(9178 9179 9189 9188)
4(9080 9090 9190 9180)
4(9089 9189 9190 9090)
4(9179 9180 9190 9189)
4(9081 9091 9191 9181)
4(9090 9190 9191 9091)
4(9180 9181 9191 9190)
4(9082 9092 9192 9182)
4(9091 9191 9192 9092)
4(9181 9182 9192 9191)
4(9083 9093 9193 9183)
4(9092 9192 9193 9093)
4(9182 9183 9193 9192)
4(9084 9094 9194 9184)
4(9093 9193 9194 9094)
4(9183 9184 9194 9193)
4(9085 9095 9195 9185)
4(9094 9194 9195 9095)
4(9184 9185 9195 9194)
4(9086 9096 9196 9186)
4(9095 9195 9196 9096)
4(9185 9186 9196 9195)
4(9096 9196 9197 9097)
4(9186 9187 9197 9196)
4(9088 9098 9198 9188)
4(7921 7931 9198 9098)
4(7930 9188 9198 7931)
4(9089 9099 9199 9189)
4(9098 9198 9199 9099)
4(9188 9189 9199 9198)
4(9090 9100 9200 9190)
4(9099 9199 9200 9100)
4(9189 9190 9200 9199)
4(9091 9101 9201 9191)
4(9100 9200 9201 9101)
4(9190 9191 9201 9200)
4(9092 9102 9202 9192)
4(9101 9201 9202 9102)
4(9191 9192 9202 9201)
4(9093 9103 9203 9193)
4(9102 9202 9203 9103)
4(9192 9193 9203 9202)
4(9094 9104 9204 9194)
4(9103 9203 9204 9104)
4(9193 9194 9204 9203)
4(9095 9105 9205 9195)
4(9104 9204 9205 9105)
4(9194 9195 9205 9204)
4(9096 9106 9206 9196)
4(9105 9205 9206 9106)
4(9195 9196 9206 9205)
4(9106 9206 9207 9107)
4(9196 9197 9207 9206)
4(9098 9108 9208 9198)
4(7922 7932 9208 9108)
4(7931 9198 9208 7932)
4(9099 9109 9209 9199)
4(9108 9208 9209 9109)
4(9198 9199 9209 9208)
4(9100 9110 9210 9200)
4(9109 9209 9210 9110)
4(9199 9200 9210 9209)
4(9101 9111 9211 9201)
4(9110 9210 9211 9111)
4(9200 9201 9211 9210)
4(9102 9112 9212 9202)
4(9111 9211 9212 9112)
4(9201 9202 9212 9211)
4(9103 9113 9213 9203)
4(9112 9212 9213 9113)
4(9202 9203 9213 9212)
4(9104 9114 9214 9204)
4(9113 9213 9214 9114)
4(9203 9204 9214 9213)
4(9105 9115 9215 9205)
4(9114 9214 9215 9115)
4(9204 9205 9215 9214)
4(9106 9116 9216 9206)
4(9115 9215 9216 9116)
4(9205 9206 9216 9215)
4(9116 9216 9217 9117)
4(9206 9207 9217 9216)
4(9108 9118 9218 9208)
4(7923 7933 9218 9118)
4(7932 9208 9218 7933)
4(9109 9119 9219 9209)
4(9118 9218 9219 9119)
4(9208 9209 9219 9218)
4(9110 9120 9220 9210)
4(9119 9219 9220 9120)
4(9209 9210 9220 9219)
4(9111 9121 9221 9211)
4(9120 9220 9221 9121)
4(9210 9211 9221 9220)
4(9112 9122 9222 9212)
4(9121 9221 9222 9122)
4(9211 9212 9222 9221)
4(9113 9123 9223 9213)
4(9122 9222 9223 9123)
4(9212 9213 9223 9222)
4(9114 9124 9224 9214)
4(9123 9223 9224 9124)
4(9213 9214 9224 9223)
4(9115 9125 9225 9215)
4(9124 9224 9225 9125)
4(9214 9215 9225 9224)
4(9116 9126 9226 9216)
4(9125 9225 9226 9126)
4(9215 9216 9226 9225)
4(9126 9226 9227 9127)
4(9216 9217 9227 9226)
4(9118 9128 9228 9218)
4(7924 7934 9228 9128)
4(7933 9218 9228 7934)
4(9119 9129 9229 9219)
4(9128 9228 9229 9129)
4(9218 9219 9229 9228)
4(9120 9130 9230 9220)
4(9129 9229 9230 9130)
4(9219 9220 9230 9229)
4(9121 9131 9231 9221)
4(9130 9230 9231 9131)
4(9220 9221 9231 9230)
4(9122 9132 9232 9222)
4(9131 9231 9232 9132)
4(9221 9222 9232 9231)
4(9123 9133 9233 9223)
4(9132 9232 9233 9133)
4(9222 9223 9233 9232)
4(9124 9134 9234 9224)
4(9133 9233 9234 9134)
4(9223 9224 9234 9233)
4(9125 9135 9235 9225)
4(9134 9234 9235 9135)
4(9224 9225 9235 9234)
4(9126 9136 9236 9226)
4(9135 9235 9236 9136)
4(9225 9226 9236 9235)
4(9136 9236 9237 9137)
4(9226 9227 9237 9236)
4(9128 9138 9238 9228)
4(7925 7935 9238 9138)
4(7934 9228 9238 7935)
4(9129 9139 9239 9229)
4(9138 9238 9239 9139)
4(9228 9229 9239 9238)
4(9130 9140 9240 9230)
4(9139 9239 9240 9140)
4(9229 9230 9240 9239)
4(9131 9141 9241 9231)
4(9140 9240 9241 9141)
4(9230 9231 9241 9240)
4(9132 9142 9242 9232)
4(9141 9241 9242 9142)
4(9231 9232 9242 9241)
4(9133 9143 9243 9233)
4(9142 9242 9243 9143)
4(9232 9233 9243 9242)
4(9134 9144 9244 9234)
4(9143 9243 9244 9144)
4(9233 9234 9244 9243)
4(9135 9145 9245 9235)
4(9144 9244 9245 9145)
4(9234 9235 9245 9244)
4(9136 9146 9246 9236)
4(9145 9245 9246 9146)
4(9235 9236 9246 9245)
4(9146 9246 9247 9147)
4(9236 9237 9247 9246)
4(9138 9148 9248 9238)
4(7926 7936 9248 9148)
4(7935 9238 9248 7936)
4(9139 9149 9249 9239)
4(9148 9248 9249 9149)
4(9238 9239 9249 9248)
4(9140 9150 9250 9240)
4(9149 9249 9250 9150)
4(9239 9240 9250 9249)
4(9141 9151 9251 9241)
4(9150 9250 9251 9151)
4(9240 9241 9251 9250)
4(9142 9152 9252 9242)
4(9151 9251 9252 9152)
4(9241 9242 9252 9251)
4(9143 9153 9253 9243)
4(9152 9252 9253 9153)
4(9242 9243 9253 9252)
4(9144 9154 9254 9244)
4(9153 9253 9254 9154)
4(9243 9244 9254 9253)
4(9145 9155 9255 9245)
4(9154 9254 9255 9155)
4(9244 9245 9255 9254)
4(9146 9156 9256 9246)
4(9155 9255 9256 9156)
4(9245 9246 9256 9255)
4(9156 9256 9257 9157)
4(9246 9247 9257 9256)
4(9148 9158 9258 9248)
4(7936 9248 9258 7937)
4(9149 9159 9259 9249)
4(9248 9249 9259 9258)
4(9150 9160 9260 9250)
4(9249 9250 9260 9259)
4(9151 9161 9261 9251)
4(9250 9251 9261 9260)
4(9152 9162 9262 9252)
4(9251 9252 9262 9261)
4(9153 9163 9263 9253)
4(9252 9253 9263 9262)
4(9154 9164 9264 9254)
4(9253 9254 9264 9263)
4(9155 9165 9265 9255)
4(9254 9255 9265 9264)
4(9156 9166 9266 9256)
4(9255 9256 9266 9265)
4(9256 9257 9267 9266)
4(4228 9168 9268 4298)
4(7928 7938 9268 9168)
4(3313 4298 9268 7938)
4(4229 9169 9269 4299)
4(9168 9268 9269 9169)
4(4298 4299 9269 9268)
4(4230 9170 9270 4300)
4(9169 9269 9270 9170)
4(4299 4300 9270 9269)
4(4231 9171 9271 4301)
4(9170 9270 9271 9171)
4(4300 4301 9271 9270)
4(4232 9172 9272 4302)
4(9171 9271 9272 9172)
4(4301 4302 9272 9271)
4(4233 9173 9273 4303)
4(9172 9272 9273 9173)
4(4302 4303 9273 9272)
4(4234 9174 9274 4304)
4(9173 9273 9274 9174)
4(4303 4304 9274 9273)
4(4235 9175 9275 4305)
4(9174 9274 9275 9175)
4(4304 4305 9275 9274)
4(4236 9176 9276 4306)
4(9175 9275 9276 9176)
4(4305 4306 9276 9275)
4(9176 9276 9277 9177)
4(4306 4307 9277 9276)
4(9168 9178 9278 9268)
4(7929 7939 9278 9178)
4(7938 9268 9278 7939)
4(9169 9179 9279 9269)
4(9178 9278 9279 9179)
4(9268 9269 9279 9278)
4(9170 9180 9280 9270)
4(9179 9279 9280 9180)
4(9269 9270 9280 9279)
4(9171 9181 9281 9271)
4(9180 9280 9281 9181)
4(9270 9271 9281 9280)
4(9172 9182 9282 9272)
4(9181 9281 9282 9182)
4(9271 9272 9282 9281)
4(9173 9183 9283 9273)
4(9182 9282 9283 9183)
4(9272 9273 9283 9282)
4(9174 9184 9284 9274)
4(9183 9283 9284 9184)
4(9273 9274 9284 9283)
4(9175 9185 9285 9275)
4(9184 9284 9285 9185)
4(9274 9275 9285 9284)
4(9176 9186 9286 9276)
4(9185 9285 9286 9186)
4(9275 9276 9286 9285)
4(9186 9286 9287 9187)
4(9276 9277 9287 9286)
4(9178 9188 9288 9278)
4(7930 7940 9288 9188)
4(7939 9278 9288 7940)
4(9179 9189 9289 9279)
4(9188 9288 9289 9189)
4(9278 9279 9289 9288)
4(9180 9190 9290 9280)
4(9189 9289 9290 9190)
4(9279 9280 9290 9289)
4(9181 9191 9291 9281)
4(9190 9290 9291 9191)
4(9280 9281 9291 9290)
4(9182 9192 9292 9282)
4(9191 9291 9292 9192)
4(9281 9282 9292 9291)
4(9183 9193 9293 9283)
4(9192 9292 9293 9193)
4(9282 9283 9293 9292)
4(9184 9194 9294 9284)
4(9193 9293 9294 9194)
4(9283 9284 9294 9293)
4(9185 9195 9295 9285)
4(9194 9294 9295 9195)
4(9284 9285 9295 9294)
4(9186 9196 9296 9286)
4(9195 9295 9296 9196)
4(9285 9286 9296 9295)
4(9196 9296 9297 9197)
4(9286 9287 9297 9296)
4(9188 9198 9298 9288)
4(7931 7941 9298 9198)
4(7940 9288 9298 7941)
4(9189 9199 9299 9289)
4(9198 9298 9299 9199)
4(9288 9289 9299 9298)
4(9190 9200 9300 9290)
4(9199 9299 9300 9200)
4(9289 9290 9300 9299)
4(9191 9201 9301 9291)
4(9200 9300 9301 9201)
4(9290 9291 9301 9300)
4(9192 9202 9302 9292)
4(9201 9301 9302 9202)
4(9291 9292 9302 9301)
4(9193 9203 9303 9293)
4(9202 9302 9303 9203)
4(9292 9293 9303 9302)
4(9194 9204 9304 9294)
4(9203 9303 9304 9204)
4(9293 9294 9304 9303)
4(9195 9205 9305 9295)
4(9204 9304 9305 9205)
4(9294 9295 9305 9304)
4(9196 9206 9306 9296)
4(9205 9305 9306 9206)
4(9295 9296 9306 9305)
4(9206 9306 9307 9207)
4(9296 9297 9307 9306)
4(9198 9208 9308 9298)
4(7932 7942 9308 9208)
4(7941 9298 9308 7942)
4(9199 9209 9309 9299)
4(9208 9308 9309 9209)
4(9298 9299 9309 9308)
4(9200 9210 9310 9300)
4(9209 9309 9310 9210)
4(9299 9300 9310 9309)
4(9201 9211 9311 9301)
4(9210 9310 9311 9211)
4(9300 9301 9311 9310)
4(9202 9212 9312 9302)
4(9211 9311 9312 9212)
4(9301 9302 9312 9311)
4(9203 9213 9313 9303)
4(9212 9312 9313 9213)
4(9302 9303 9313 9312)
4(9204 9214 9314 9304)
4(9213 9313 9314 9214)
4(9303 9304 9314 9313)
4(9205 9215 9315 9305)
4(9214 9314 9315 9215)
4(9304 9305 9315 9314)
4(9206 9216 9316 9306)
4(9215 9315 9316 9216)
4(9305 9306 9316 9315)
4(9216 9316 9317 9217)
4(9306 9307 9317 9316)
4(9208 9218 9318 9308)
4(7933 7943 9318 9218)
4(7942 9308 9318 7943)
4(9209 9219 9319 9309)
4(9218 9318 9319 9219)
4(9308 9309 9319 9318)
4(9210 9220 9320 9310)
4(9219 9319 9320 9220)
4(9309 9310 9320 9319)
4(9211 9221 9321 9311)
4(9220 9320 9321 9221)
4(9310 9311 9321 9320)
4(9212 9222 9322 9312)
4(9221 9321 9322 9222)
4(9311 9312 9322 9321)
4(9213 9223 9323 9313)
4(9222 9322 9323 9223)
4(9312 9313 9323 9322)
4(9214 9224 9324 9314)
4(9223 9323 9324 9224)
4(9313 9314 9324 9323)
4(9215 9225 9325 9315)
4(9224 9324 9325 9225)
4(9314 9315 9325 9324)
4(9216 9226 9326 9316)
4(9225 9325 9326 9226)
4(9315 9316 9326 9325)
4(9226 9326 9327 9227)
4(9316 9317 9327 9326)
4(9218 9228 9328 9318)
4(7934 7944 9328 9228)
4(7943 9318 9328 7944)
4(9219 9229 9329 9319)
4(9228 9328 9329 9229)
4(9318 9319 9329 9328)
4(9220 9230 9330 9320)
4(9229 9329 9330 9230)
4(9319 9320 9330 9329)
4(9221 9231 9331 9321)
4(9230 9330 9331 9231)
4(9320 9321 9331 9330)
4(9222 9232 9332 9322)
4(9231 9331 9332 9232)
4(9321 9322 9332 9331)
4(9223 9233 9333 9323)
4(9232 9332 9333 9233)
4(9322 9323 9333 9332)
4(9224 9234 9334 9324)
4(9233 9333 9334 9234)
4(9323 9324 9334 9333)
4(9225 9235 9335 9325)
4(9234 9334 9335 9235)
4(9324 9325 9335 9334)
4(9226 9236 9336 9326)
4(9235 9335 9336 9236)
4(9325 9326 9336 9335)
4(9236 9336 9337 9237)
4(9326 9327 9337 9336)
4(9228 9238 9338 9328)
4(7935 7945 9338 9238)
4(7944 9328 9338 7945)
4(9229 9239 9339 9329)
4(9238 9338 9339 9239)
4(9328 9329 9339 9338)
4(9230 9240 9340 9330)
4(9239 9339 9340 9240)
4(9329 9330 9340 9339)
4(9231 9241 9341 9331)
4(9240 9340 9341 9241)
4(9330 9331 9341 9340)
4(9232 9242 9342 9332)
4(9241 9341 9342 9242)
4(9331 9332 9342 9341)
4(9233 9243 9343 9333)
4(9242 9342 9343 9243)
4(9332 9333 9343 9342)
4(9234 9244 9344 9334)
4(9243 9343 9344 9244)
4(9333 9334 9344 9343)
4(9235 9245 9345 9335)
4(9244 9344 9345 9245)
4(9334 9335 9345 9344)
4(9236 9246 9346 9336)
4(9245 9345 9346 9246)
4(9335 9336 9346 9345)
4(9246 9346 9347 9247)
4(9336 9337 9347 9346)
4(9238 9248 9348 9338)
4(7936 7946 9348 9248)
4(7945 9338 9348 7946)
4(9239 9249 9349 9339)
4(9248 9348 9349 9249)
4(9338 9339 9349 9348)
4(9240 9250 9350 9340)
4(9249 9349 9350 9250)
4(9339 9340 9350 9349)
4(9241 9251 9351 9341)
4(9250 9350 9351 9251)
4(9340 9341 9351 9350)
4(9242 9252 9352 9342)
4(9251 9351 9352 9252)
4(9341 9342 9352 9351)
4(9243 9253 9353 9343)
4(9252 9352 9353 9253)
4(9342 9343 9353 9352)
4(9244 9254 9354 9344)
4(9253 9353 9354 9254)
4(9343 9344 9354 9353)
4(9245 9255 9355 9345)
4(9254 9354 9355 9255)
4(9344 9345 9355 9354)
4(9246 9256 9356 9346)
4(9255 9355 9356 9256)
4(9345 9346 9356 9355)
4(9256 9356 9357 9257)
4(9346 9347 9357 9356)
4(9248 9258 9358 9348)
4(7946 9348 9358 7947)
4(9249 9259 9359 9349)
4(9348 9349 9359 9358)
4(9250 9260 9360 9350)
4(9349 9350 9360 9359)
4(9251 9261 9361 9351)
4(9350 9351 9361 9360)
4(9252 9262 9362 9352)
4(9351 9352 9362 9361)
4(9253 9263 9363 9353)
4(9352 9353 9363 9362)
4(9254 9264 9364 9354)
4(9353 9354 9364 9363)
4(9255 9265 9365 9355)
4(9354 9355 9365 9364)
4(9256 9266 9366 9356)
4(9355 9356 9366 9365)
4(9356 9357 9367 9366)
4(4298 9268 9368 4368)
4(7938 7948 9368 9268)
4(3320 4368 9368 7948)
4(4299 9269 9369 4369)
4(9268 9368 9369 9269)
4(4368 4369 9369 9368)
4(4300 9270 9370 4370)
4(9269 9369 9370 9270)
4(4369 4370 9370 9369)
4(4301 9271 9371 4371)
4(9270 9370 9371 9271)
4(4370 4371 9371 9370)
4(4302 9272 9372 4372)
4(9271 9371 9372 9272)
4(4371 4372 9372 9371)
4(4303 9273 9373 4373)
4(9272 9372 9373 9273)
4(4372 4373 9373 9372)
4(4304 9274 9374 4374)
4(9273 9373 9374 9274)
4(4373 4374 9374 9373)
4(4305 9275 9375 4375)
4(9274 9374 9375 9275)
4(4374 4375 9375 9374)
4(4306 9276 9376 4376)
4(9275 9375 9376 9276)
4(4375 4376 9376 9375)
4(9276 9376 9377 9277)
4(4376 4377 9377 9376)
4(9268 9278 9378 9368)
4(7939 7949 9378 9278)
4(7948 9368 9378 7949)
4(9269 9279 9379 9369)
4(9278 9378 9379 9279)
4(9368 9369 9379 9378)
4(9270 9280 9380 9370)
4(9279 9379 9380 9280)
4(9369 9370 9380 9379)
4(9271 9281 9381 9371)
4(9280 9380 9381 9281)
4(9370 9371 9381 9380)
4(9272 9282 9382 9372)
4(9281 9381 9382 9282)
4(9371 9372 9382 9381)
4(9273 9283 9383 9373)
4(9282 9382 9383 9283)
4(9372 9373 9383 9382)
4(9274 9284 9384 9374)
4(9283 9383 9384 9284)
4(9373 9374 9384 9383)
4(9275 9285 9385 9375)
4(9284 9384 9385 9285)
4(9374 9375 9385 9384)
4(9276 9286 9386 9376)
4(9285 9385 9386 9286)
4(9375 9376 9386 9385)
4(9286 9386 9387 9287)
4(9376 9377 9387 9386)
4(9278 9288 9388 9378)
4(7940 7950 9388 9288)
4(7949 9378 9388 7950)
4(9279 9289 9389 9379)
4(9288 9388 9389 9289)
4(9378 9379 9389 9388)
4(9280 9290 9390 9380)
4(9289 9389 9390 9290)
4(9379 9380 9390 9389)
4(9281 9291 9391 9381)
4(9290 9390 9391 9291)
4(9380 9381 9391 9390)
4(9282 9292 9392 9382)
4(9291 9391 9392 9292)
4(9381 9382 9392 9391)
4(9283 9293 9393 9383)
4(9292 9392 9393 9293)
4(9382 9383 9393 9392)
4(9284 9294 9394 9384)
4(9293 9393 9394 9294)
4(9383 9384 9394 9393)
4(9285 9295 9395 9385)
4(9294 9394 9395 9295)
4(9384 9385 9395 9394)
4(9286 9296 9396 9386)
4(9295 9395 9396 9296)
4(9385 9386 9396 9395)
4(9296 9396 9397 9297)
4(9386 9387 9397 9396)
4(9288 9298 9398 9388)
4(7941 7951 9398 9298)
4(7950 9388 9398 7951)
4(9289 9299 9399 9389)
4(9298 9398 9399 9299)
4(9388 9389 9399 9398)
4(9290 9300 9400 9390)
4(9299 9399 9400 9300)
4(9389 9390 9400 9399)
4(9291 9301 9401 9391)
4(9300 9400 9401 9301)
4(9390 9391 9401 9400)
4(9292 9302 9402 9392)
4(9301 9401 9402 9302)
4(9391 9392 9402 9401)
4(9293 9303 9403 9393)
4(9302 9402 9403 9303)
4(9392 9393 9403 9402)
4(9294 9304 9404 9394)
4(9303 9403 9404 9304)
4(9393 9394 9404 9403)
4(9295 9305 9405 9395)
4(9304 9404 9405 9305)
4(9394 9395 9405 9404)
4(9296 9306 9406 9396)
4(9305 9405 9406 9306)
4(9395 9396 9406 9405)
4(9306 9406 9407 9307)
4(9396 9397 9407 9406)
4(9298 9308 9408 9398)
4(7942 7952 9408 9308)
4(7951 9398 9408 7952)
4(9299 9309 9409 9399)
4(9308 9408 9409 9309)
4(9398 9399 9409 9408)
4(9300 9310 9410 9400)
4(9309 9409 9410 9310)
4(9399 9400 9410 9409)
4(9301 9311 9411 9401)
4(9310 9410 9411 9311)
4(9400 9401 9411 9410)
4(9302 9312 9412 9402)
4(9311 9411 9412 9312)
4(9401 9402 9412 9411)
4(9303 9313 9413 9403)
4(9312 9412 9413 9313)
4(9402 9403 9413 9412)
4(9304 9314 9414 9404)
4(9313 9413 9414 9314)
4(9403 9404 9414 9413)
4(9305 9315 9415 9405)
4(9314 9414 9415 9315)
4(9404 9405 9415 9414)
4(9306 9316 9416 9406)
4(9315 9415 9416 9316)
4(9405 9406 9416 9415)
4(9316 9416 9417 9317)
4(9406 9407 9417 9416)
4(9308 9318 9418 9408)
4(7943 7953 9418 9318)
4(7952 9408 9418 7953)
4(9309 9319 9419 9409)
4(9318 9418 9419 9319)
4(9408 9409 9419 9418)
4(9310 9320 9420 9410)
4(9319 9419 9420 9320)
4(9409 9410 9420 9419)
4(9311 9321 9421 9411)
4(9320 9420 9421 9321)
4(9410 9411 9421 9420)
4(9312 9322 9422 9412)
4(9321 9421 9422 9322)
4(9411 9412 9422 9421)
4(9313 9323 9423 9413)
4(9322 9422 9423 9323)
4(9412 9413 9423 9422)
4(9314 9324 9424 9414)
4(9323 9423 9424 9324)
4(9413 9414 9424 9423)
4(9315 9325 9425 9415)
4(9324 9424 9425 9325)
4(9414 9415 9425 9424)
4(9316 9326 9426 9416)
4(9325 9425 9426 9326)
4(9415 9416 9426 9425)
4(9326 9426 9427 9327)
4(9416 9417 9427 9426)
4(9318 9328 9428 9418)
4(7944 7954 9428 9328)
4(7953 9418 9428 7954)
4(9319 9329 9429 9419)
4(9328 9428 9429 9329)
4(9418 9419 9429 9428)
4(9320 9330 9430 9420)
4(9329 9429 9430 9330)
4(9419 9420 9430 9429)
4(9321 9331 9431 9421)
4(9330 9430 9431 9331)
4(9420 9421 9431 9430)
4(9322 9332 9432 9422)
4(9331 9431 9432 9332)
4(9421 9422 9432 9431)
4(9323 9333 9433 9423)
4(9332 9432 9433 9333)
4(9422 9423 9433 9432)
4(9324 9334 9434 9424)
4(9333 9433 9434 9334)
4(9423 9424 9434 9433)
4(9325 9335 9435 9425)
4(9334 9434 9435 9335)
4(9424 9425 9435 9434)
4(9326 9336 9436 9426)
4(9335 9435 9436 9336)
4(9425 9426 9436 9435)
4(9336 9436 9437 9337)
4(9426 9427 9437 9436)
4(9328 9338 9438 9428)
4(7945 7955 9438 9338)
4(7954 9428 9438 7955)
4(9329 9339 9439 9429)
4(9338 9438 9439 9339)
4(9428 9429 9439 9438)
4(9330 9340 9440 9430)
4(9339 9439 9440 9340)
4(9429 9430 9440 9439)
4(9331 9341 9441 9431)
4(9340 9440 9441 9341)
4(9430 9431 9441 9440)
4(9332 9342 9442 9432)
4(9341 9441 9442 9342)
4(9431 9432 9442 9441)
4(9333 9343 9443 9433)
4(9342 9442 9443 9343)
4(9432 9433 9443 9442)
4(9334 9344 9444 9434)
4(9343 9443 9444 9344)
4(9433 9434 9444 9443)
4(9335 9345 9445 9435)
4(9344 9444 9445 9345)
4(9434 9435 9445 9444)
4(9336 9346 9446 9436)
4(9345 9445 9446 9346)
4(9435 9436 9446 9445)
4(9346 9446 9447 9347)
4(9436 9437 9447 9446)
4(9338 9348 9448 9438)
4(7946 7956 9448 9348)
4(7955 9438 9448 7956)
4(9339 9349 9449 9439)
4(9348 9448 9449 9349)
4(9438 9439 9449 9448)
4(9340 9350 9450 9440)
4(9349 9449 9450 9350)
4(9439 9440 9450 9449)
4(9341 9351 9451 9441)
4(9350 9450 9451 9351)
4(9440 9441 9451 9450)
4(9342 9352 9452 9442)
4(9351 9451 9452 9352)
4(9441 9442 9452 9451)
4(9343 9353 9453 9443)
4(9352 9452 9453 9353)
4(9442 9443 9453 9452)
4(9344 9354 9454 9444)
4(9353 9453 9454 9354)
4(9443 9444 9454 9453)
4(9345 9355 9455 9445)
4(9354 9454 9455 9355)
4(9444 9445 9455 9454)
4(9346 9356 9456 9446)
4(9355 9455 9456 9356)
4(9445 9446 9456 9455)
4(9356 9456 9457 9357)
4(9446 9447 9457 9456)
4(9348 9358 9458 9448)
4(7956 9448 9458 7957)
4(9349 9359 9459 9449)
4(9448 9449 9459 9458)
4(9350 9360 9460 9450)
4(9449 9450 9460 9459)
4(9351 9361 9461 9451)
4(9450 9451 9461 9460)
4(9352 9362 9462 9452)
4(9451 9452 9462 9461)
4(9353 9363 9463 9453)
4(9452 9453 9463 9462)
4(9354 9364 9464 9454)
4(9453 9454 9464 9463)
4(9355 9365 9465 9455)
4(9454 9455 9465 9464)
4(9356 9366 9466 9456)
4(9455 9456 9466 9465)
4(9456 9457 9467 9466)
4(4368 9368 9468 4438)
4(7948 7958 9468 9368)
4(4369 9369 9469 4439)
4(9368 9468 9469 9369)
4(4370 9370 9470 4440)
4(9369 9469 9470 9370)
4(4371 9371 9471 4441)
4(9370 9470 9471 9371)
4(4372 9372 9472 4442)
4(9371 9471 9472 9372)
4(4373 9373 9473 4443)
4(9372 9472 9473 9373)
4(4374 9374 9474 4444)
4(9373 9473 9474 9374)
4(4375 9375 9475 4445)
4(9374 9474 9475 9375)
4(4376 9376 9476 4446)
4(9375 9475 9476 9376)
4(9376 9476 9477 9377)
4(9368 9378 9478 9468)
4(7949 7959 9478 9378)
4(9369 9379 9479 9469)
4(9378 9478 9479 9379)
4(9370 9380 9480 9470)
4(9379 9479 9480 9380)
4(9371 9381 9481 9471)
4(9380 9480 9481 9381)
4(9372 9382 9482 9472)
4(9381 9481 9482 9382)
4(9373 9383 9483 9473)
4(9382 9482 9483 9383)
4(9374 9384 9484 9474)
4(9383 9483 9484 9384)
4(9375 9385 9485 9475)
4(9384 9484 9485 9385)
4(9376 9386 9486 9476)
4(9385 9485 9486 9386)
4(9386 9486 9487 9387)
4(9378 9388 9488 9478)
4(7950 7960 9488 9388)
4(9379 9389 9489 9479)
4(9388 9488 9489 9389)
4(9380 9390 9490 9480)
4(9389 9489 9490 9390)
4(9381 9391 9491 9481)
4(9390 9490 9491 9391)
4(9382 9392 9492 9482)
4(9391 9491 9492 9392)
4(9383 9393 9493 9483)
4(9392 9492 9493 9393)
4(9384 9394 9494 9484)
4(9393 9493 9494 9394)
4(9385 9395 9495 9485)
4(9394 9494 9495 9395)
4(9386 9396 9496 9486)
4(9395 9495 9496 9396)
4(9396 9496 9497 9397)
4(9388 9398 9498 9488)
4(7951 7961 9498 9398)
4(9389 9399 9499 9489)
4(9398 9498 9499 9399)
4(9390 9400 9500 9490)
4(9399 9499 9500 9400)
4(9391 9401 9501 9491)
4(9400 9500 9501 9401)
4(9392 9402 9502 9492)
4(9401 9501 9502 9402)
4(9393 9403 9503 9493)
4(9402 9502 9503 9403)
4(9394 9404 9504 9494)
4(9403 9503 9504 9404)
4(9395 9405 9505 9495)
4(9404 9504 9505 9405)
4(9396 9406 9506 9496)
4(9405 9505 9506 9406)
4(9406 9506 9507 9407)
4(9398 9408 9508 9498)
4(7952 7962 9508 9408)
4(9399 9409 9509 9499)
4(9408 9508 9509 9409)
4(9400 9410 9510 9500)
4(9409 9509 9510 9410)
4(9401 9411 9511 9501)
4(9410 9510 9511 9411)
4(9402 9412 9512 9502)
4(9411 9511 9512 9412)
4(9403 9413 9513 9503)
4(9412 9512 9513 9413)
4(9404 9414 9514 9504)
4(9413 9513 9514 9414)
4(9405 9415 9515 9505)
4(9414 9514 9515 9415)
4(9406 9416 9516 9506)
4(9415 9515 9516 9416)
4(9416 9516 9517 9417)
4(9408 9418 9518 9508)
4(7953 7963 9518 9418)
4(9409 9419 9519 9509)
4(9418 9518 9519 9419)
4(9410 9420 9520 9510)
4(9419 9519 9520 9420)
4(9411 9421 9521 9511)
4(9420 9520 9521 9421)
4(9412 9422 9522 9512)
4(9421 9521 9522 9422)
4(9413 9423 9523 9513)
4(9422 9522 9523 9423)
4(9414 9424 9524 9514)
4(9423 9523 9524 9424)
4(9415 9425 9525 9515)
4(9424 9524 9525 9425)
4(9416 9426 9526 9516)
4(9425 9525 9526 9426)
4(9426 9526 9527 9427)
4(9418 9428 9528 9518)
4(7954 7964 9528 9428)
4(9419 9429 9529 9519)
4(9428 9528 9529 9429)
4(9420 9430 9530 9520)
4(9429 9529 9530 9430)
4(9421 9431 9531 9521)
4(9430 9530 9531 9431)
4(9422 9432 9532 9522)
4(9431 9531 9532 9432)
4(9423 9433 9533 9523)
4(9432 9532 9533 9433)
4(9424 9434 9534 9524)
4(9433 9533 9534 9434)
4(9425 9435 9535 9525)
4(9434 9534 9535 9435)
4(9426 9436 9536 9526)
4(9435 9535 9536 9436)
4(9436 9536 9537 9437)
4(9428 9438 9538 9528)
4(7955 7965 9538 9438)
4(9429 9439 9539 9529)
4(9438 9538 9539 9439)
4(9430 9440 9540 9530)
4(9439 9539 9540 9440)
4(9431 9441 9541 9531)
4(9440 9540 9541 9441)
4(9432 9442 9542 9532)
4(9441 9541 9542 9442)
4(9433 9443 9543 9533)
4(9442 9542 9543 9443)
4(9434 9444 9544 9534)
4(9443 9543 9544 9444)
4(9435 9445 9545 9535)
4(9444 9544 9545 9445)
4(9436 9446 9546 9536)
4(9445 9545 9546 9446)
4(9446 9546 9547 9447)
4(9438 9448 9548 9538)
4(7956 7966 9548 9448)
4(9439 9449 9549 9539)
4(9448 9548 9549 9449)
4(9440 9450 9550 9540)
4(9449 9549 9550 9450)
4(9441 9451 9551 9541)
4(9450 9550 9551 9451)
4(9442 9452 9552 9542)
4(9451 9551 9552 9452)
4(9443 9453 9553 9543)
4(9452 9552 9553 9453)
4(9444 9454 9554 9544)
4(9453 9553 9554 9454)
4(9445 9455 9555 9545)
4(9454 9554 9555 9455)
4(9446 9456 9556 9546)
4(9455 9555 9556 9456)
4(9456 9556 9557 9457)
4(9448 9458 9558 9548)
4(9449 9459 9559 9549)
4(9450 9460 9560 9550)
4(9451 9461 9561 9551)
4(9452 9462 9562 9552)
4(9453 9463 9563 9553)
4(9454 9464 9564 9554)
4(9455 9465 9565 9555)
4(9456 9466 9566 9556)
4(9569 9580 9690 9679)
4(9579 9689 9690 9580)
4(9678 9679 9690 9689)
4(9570 9581 9691 9680)
4(9580 9690 9691 9581)
4(9679 9680 9691 9690)
4(9571 9582 9692 9681)
4(9581 9691 9692 9582)
4(9680 9681 9692 9691)
4(9572 9583 9693 9682)
4(9582 9692 9693 9583)
4(9681 9682 9693 9692)
4(9573 9584 9694 9683)
4(9583 9693 9694 9584)
4(9682 9683 9694 9693)
4(9574 9585 9695 9684)
4(9584 9694 9695 9585)
4(9683 9684 9695 9694)
4(9575 9586 9696 9685)
4(9585 9695 9696 9586)
4(9684 9685 9696 9695)
4(9576 9587 9697 9686)
4(9586 9696 9697 9587)
4(9685 9686 9697 9696)
4(9577 9588 9698 9687)
4(9587 9697 9698 9588)
4(9686 9687 9698 9697)
4(9588 9698 9699 9589)
4(9687 9688 9699 9698)
4(9580 9591 9701 9690)
4(9590 9700 9701 9591)
4(9689 9690 9701 9700)
4(9581 9592 9702 9691)
4(9591 9701 9702 9592)
4(9690 9691 9702 9701)
4(9582 9593 9703 9692)
4(9592 9702 9703 9593)
4(9691 9692 9703 9702)
4(9583 9594 9704 9693)
4(9593 9703 9704 9594)
4(9692 9693 9704 9703)
4(9584 9595 9705 9694)
4(9594 9704 9705 9595)
4(9693 9694 9705 9704)
4(9585 9596 9706 9695)
4(9595 9705 9706 9596)
4(9694 9695 9706 9705)
4(9586 9597 9707 9696)
4(9596 9706 9707 9597)
4(9695 9696 9707 9706)
4(9587 9598 9708 9697)
4(9597 9707 9708 9598)
4(9696 9697 9708 9707)
4(9588 9599 9709 9698)
4(9598 9708 9709 9599)
4(9697 9698 9709 9708)
4(9599 9709 9710 9600)
4(9698 9699 9710 9709)
4(9591 9602 9712 9701)
4(9601 9711 9712 9602)
4(9700 9701 9712 9711)
4(9592 9603 9713 9702)
4(9602 9712 9713 9603)
4(9701 9702 9713 9712)
4(9593 9604 9714 9703)
4(9603 9713 9714 9604)
4(9702 9703 9714 9713)
4(9594 9605 9715 9704)
4(9604 9714 9715 9605)
4(9703 9704 9715 9714)
4(9595 9606 9716 9705)
4(9605 9715 9716 9606)
4(9704 9705 9716 9715)
4(9596 9607 9717 9706)
4(9606 9716 9717 9607)
4(9705 9706 9717 9716)
4(9597 9608 9718 9707)
4(9607 9717 9718 9608)
4(9706 9707 9718 9717)
4(9598 9609 9719 9708)
4(9608 9718 9719 9609)
4(9707 9708 9719 9718)
4(9599 9610 9720 9709)
4(9609 9719 9720 9610)
4(9708 9709 9720 9719)
4(9610 9720 9721 9611)
4(9709 9710 9721 9720)
4(9602 9613 9723 9712)
4(9612 9722 9723 9613)
4(9711 9712 9723 9722)
4(9603 9614 9724 9713)
4(9613 9723 9724 9614)
4(9712 9713 9724 9723)
4(9604 9615 9725 9714)
4(9614 9724 9725 9615)
4(9713 9714 9725 9724)
4(9605 9616 9726 9715)
4(9615 9725 9726 9616)
4(9714 9715 9726 9725)
4(9606 9617 9727 9716)
4(9616 9726 9727 9617)
4(9715 9716 9727 9726)
4(9607 9618 9728 9717)
4(9617 9727 9728 9618)
4(9716 9717 9728 9727)
4(9608 9619 9729 9718)
4(9618 9728 9729 9619)
4(9717 9718 9729 9728)
4(9609 9620 9730 9719)
4(9619 9729 9730 9620)
4(9718 9719 9730 9729)
4(9610 9621 9731 9720)
4(9620 9730 9731 9621)
4(9719 9720 9731 9730)
4(9621 9731 9732 9622)
4(9720 9721 9732 9731)
4(9613 9624 9734 9723)
4(9623 9733 9734 9624)
4(9722 9723 9734 9733)
4(9614 9625 9735 9724)
4(9624 9734 9735 9625)
4(9723 9724 9735 9734)
4(9615 9626 9736 9725)
4(9625 9735 9736 9626)
4(9724 9725 9736 9735)
4(9616 9627 9737 9726)
4(9626 9736 9737 9627)
4(9725 9726 9737 9736)
4(9617 9628 9738 9727)
4(9627 9737 9738 9628)
4(9726 9727 9738 9737)
4(9618 9629 9739 9728)
4(9628 9738 9739 9629)
4(9727 9728 9739 9738)
4(9619 9630 9740 9729)
4(9629 9739 9740 9630)
4(9728 9729 9740 9739)
4(9620 9631 9741 9730)
4(9630 9740 9741 9631)
4(9729 9730 9741 9740)
4(9621 9632 9742 9731)
4(9631 9741 9742 9632)
4(9730 9731 9742 9741)
4(9632 9742 9743 9633)
4(9731 9732 9743 9742)
4(9624 9635 9745 9734)
4(9634 9744 9745 9635)
4(9733 9734 9745 9744)
4(9625 9636 9746 9735)
4(9635 9745 9746 9636)
4(9734 9735 9746 9745)
4(9626 9637 9747 9736)
4(9636 9746 9747 9637)
4(9735 9736 9747 9746)
4(9627 9638 9748 9737)
4(9637 9747 9748 9638)
4(9736 9737 9748 9747)
4(9628 9639 9749 9738)
4(9638 9748 9749 9639)
4(9737 9738 9749 9748)
4(9629 9640 9750 9739)
4(9639 9749 9750 9640)
4(9738 9739 9750 9749)
4(9630 9641 9751 9740)
4(9640 9750 9751 9641)
4(9739 9740 9751 9750)
4(9631 9642 9752 9741)
4(9641 9751 9752 9642)
4(9740 9741 9752 9751)
4(9632 9643 9753 9742)
4(9642 9752 9753 9643)
4(9741 9742 9753 9752)
4(9643 9753 9754 9644)
4(9742 9743 9754 9753)
4(9635 9646 9756 9745)
4(9645 9755 9756 9646)
4(9744 9745 9756 9755)
4(9636 9647 9757 9746)
4(9646 9756 9757 9647)
4(9745 9746 9757 9756)
4(9637 9648 9758 9747)
4(9647 9757 9758 9648)
4(9746 9747 9758 9757)
4(9638 9649 9759 9748)
4(9648 9758 9759 9649)
4(9747 9748 9759 9758)
4(9639 9650 9760 9749)
4(9649 9759 9760 9650)
4(9748 9749 9760 9759)
4(9640 9651 9761 9750)
4(9650 9760 9761 9651)
4(9749 9750 9761 9760)
4(9641 9652 9762 9751)
4(9651 9761 9762 9652)
4(9750 9751 9762 9761)
4(9642 9653 9763 9752)
4(9652 9762 9763 9653)
4(9751 9752 9763 9762)
4(9643 9654 9764 9753)
4(9653 9763 9764 9654)
4(9752 9753 9764 9763)
4(9654 9764 9765 9655)
4(9753 9754 9765 9764)
4(9646 9657 9767 9756)
4(9656 9766 9767 9657)
4(9755 9756 9767 9766)
4(9647 9658 9768 9757)
4(9657 9767 9768 9658)
4(9756 9757 9768 9767)
4(9648 9659 9769 9758)
4(9658 9768 9769 9659)
4(9757 9758 9769 9768)
4(9649 9660 9770 9759)
4(9659 9769 9770 9660)
4(9758 9759 9770 9769)
4(9650 9661 9771 9760)
4(9660 9770 9771 9661)
4(9759 9760 9771 9770)
4(9651 9662 9772 9761)
4(9661 9771 9772 9662)
4(9760 9761 9772 9771)
4(9652 9663 9773 9762)
4(9662 9772 9773 9663)
4(9761 9762 9773 9772)
4(9653 9664 9774 9763)
4(9663 9773 9774 9664)
4(9762 9763 9774 9773)
4(9654 9665 9775 9764)
4(9664 9774 9775 9665)
4(9763 9764 9775 9774)
4(9665 9775 9776 9666)
4(9764 9765 9776 9775)
4(9657 9668 9778 9767)
4(9667 9777 9778 9668)
4(9766 9767 9778 9777)
4(9658 9669 9779 9768)
4(9668 9778 9779 9669)
4(9767 9768 9779 9778)
4(9659 9670 9780 9769)
4(9669 9779 9780 9670)
4(9768 9769 9780 9779)
4(9660 9671 9781 9770)
4(9670 9780 9781 9671)
4(9769 9770 9781 9780)
4(9661 9672 9782 9771)
4(9671 9781 9782 9672)
4(9770 9771 9782 9781)
4(9662 9673 9783 9772)
4(9672 9782 9783 9673)
4(9771 9772 9783 9782)
4(9663 9674 9784 9773)
4(9673 9783 9784 9674)
4(9772 9773 9784 9783)
4(9664 9675 9785 9774)
4(9674 9784 9785 9675)
4(9773 9774 9785 9784)
4(9665 9676 9786 9775)
4(9675 9785 9786 9676)
4(9774 9775 9786 9785)
4(9676 9786 9787 9677)
4(9775 9776 9787 9786)
4(9668 1 23 9778)
4(9777 9778 23 22)
4(9669 2 24 9779)
4(9778 9779 24 23)
4(9670 3 25 9780)
4(9779 9780 25 24)
4(9671 4 26 9781)
4(9780 9781 26 25)
4(9672 5 27 9782)
4(9781 9782 27 26)
4(9673 6 28 9783)
4(9782 9783 28 27)
4(9674 7 29 9784)
4(9783 9784 29 28)
4(9675 8 30 9785)
4(9784 9785 30 29)
4(9676 9 31 9786)
4(9785 9786 31 30)
4(9786 9787 32 31)
4(9679 9690 9800 9789)
4(9689 9799 9800 9690)
4(9788 9789 9800 9799)
4(9680 9691 9801 9790)
4(9690 9800 9801 9691)
4(9789 9790 9801 9800)
4(9681 9692 9802 9791)
4(9691 9801 9802 9692)
4(9790 9791 9802 9801)
4(9682 9693 9803 9792)
4(9692 9802 9803 9693)
4(9791 9792 9803 9802)
4(9683 9694 9804 9793)
4(9693 9803 9804 9694)
4(9792 9793 9804 9803)
4(9684 9695 9805 9794)
4(9694 9804 9805 9695)
4(9793 9794 9805 9804)
4(9685 9696 9806 9795)
4(9695 9805 9806 9696)
4(9794 9795 9806 9805)
4(9686 9697 9807 9796)
4(9696 9806 9807 9697)
4(9795 9796 9807 9806)
4(9687 9698 9808 9797)
4(9697 9807 9808 9698)
4(9796 9797 9808 9807)
4(9698 9808 9809 9699)
4(9797 9798 9809 9808)
4(9690 9701 9811 9800)
4(9700 9810 9811 9701)
4(9799 9800 9811 9810)
4(9691 9702 9812 9801)
4(9701 9811 9812 9702)
4(9800 9801 9812 9811)
4(9692 9703 9813 9802)
4(9702 9812 9813 9703)
4(9801 9802 9813 9812)
4(9693 9704 9814 9803)
4(9703 9813 9814 9704)
4(9802 9803 9814 9813)
4(9694 9705 9815 9804)
4(9704 9814 9815 9705)
4(9803 9804 9815 9814)
4(9695 9706 9816 9805)
4(9705 9815 9816 9706)
4(9804 9805 9816 9815)
4(9696 9707 9817 9806)
4(9706 9816 9817 9707)
4(9805 9806 9817 9816)
4(9697 9708 9818 9807)
4(9707 9817 9818 9708)
4(9806 9807 9818 9817)
4(9698 9709 9819 9808)
4(9708 9818 9819 9709)
4(9807 9808 9819 9818)
4(9709 9819 9820 9710)
4(9808 9809 9820 9819)
4(9701 9712 9822 9811)
4(9711 9821 9822 9712)
4(9810 9811 9822 9821)
4(9702 9713 9823 9812)
4(9712 9822 9823 9713)
4(9811 9812 9823 9822)
4(9703 9714 9824 9813)
4(9713 9823 9824 9714)
4(9812 9813 9824 9823)
4(9704 9715 9825 9814)
4(9714 9824 9825 9715)
4(9813 9814 9825 9824)
4(9705 9716 9826 9815)
4(9715 9825 9826 9716)
4(9814 9815 9826 9825)
4(9706 9717 9827 9816)
4(9716 9826 9827 9717)
4(9815 9816 9827 9826)
4(9707 9718 9828 9817)
4(9717 9827 9828 9718)
4(9816 9817 9828 9827)
4(9708 9719 9829 9818)
4(9718 9828 9829 9719)
4(9817 9818 9829 9828)
4(9709 9720 9830 9819)
4(9719 9829 9830 9720)
4(9818 9819 9830 9829)
4(9720 9830 9831 9721)
4(9819 9820 9831 9830)
4(9712 9723 9833 9822)
4(9722 9832 9833 9723)
4(9821 9822 9833 9832)
4(9713 9724 9834 9823)
4(9723 9833 9834 9724)
4(9822 9823 9834 9833)
4(9714 9725 9835 9824)
4(9724 9834 9835 9725)
4(9823 9824 9835 9834)
4(9715 9726 9836 9825)
4(9725 9835 9836 9726)
4(9824 9825 9836 9835)
4(9716 9727 9837 9826)
4(9726 9836 9837 9727)
4(9825 9826 9837 9836)
4(9717 9728 9838 9827)
4(9727 9837 9838 9728)
4(9826 9827 9838 9837)
4(9718 9729 9839 9828)
4(9728 9838 9839 9729)
4(9827 9828 9839 9838)
4(9719 9730 9840 9829)
4(9729 9839 9840 9730)
4(9828 9829 9840 9839)
4(9720 9731 9841 9830)
4(9730 9840 9841 9731)
4(9829 9830 9841 9840)
4(9731 9841 9842 9732)
4(9830 9831 9842 9841)
4(9723 9734 9844 9833)
4(9733 9843 9844 9734)
4(9832 9833 9844 9843)
4(9724 9735 9845 9834)
4(9734 9844 9845 9735)
4(9833 9834 9845 9844)
4(9725 9736 9846 9835)
4(9735 9845 9846 9736)
4(9834 9835 9846 9845)
4(9726 9737 9847 9836)
4(9736 9846 9847 9737)
4(9835 9836 9847 9846)
4(9727 9738 9848 9837)
4(9737 9847 9848 9738)
4(9836 9837 9848 9847)
4(9728 9739 9849 9838)
4(9738 9848 9849 9739)
4(9837 9838 9849 9848)
4(9729 9740 9850 9839)
4(9739 9849 9850 9740)
4(9838 9839 9850 9849)
4(9730 9741 9851 9840)
4(9740 9850 9851 9741)
4(9839 9840 9851 9850)
4(9731 9742 9852 9841)
4(9741 9851 9852 9742)
4(9840 9841 9852 9851)
4(9742 9852 9853 9743)
4(9841 9842 9853 9852)
4(9734 9745 9855 9844)
4(9744 9854 9855 9745)
4(9843 9844 9855 9854)
4(9735 9746 9856 9845)
4(9745 9855 9856 9746)
4(9844 9845 9856 9855)
4(9736 9747 9857 9846)
4(9746 9856 9857 9747)
4(9845 9846 9857 9856)
4(9737 9748 9858 9847)
4(9747 9857 9858 9748)
4(9846 9847 9858 9857)
4(9738 9749 9859 9848)
4(9748 9858 9859 9749)
4(9847 9848 9859 9858)
4(9739 9750 9860 9849)
4(9749 9859 9860 9750)
4(9848 9849 9860 9859)
4(9740 9751 9861 9850)
4(9750 9860 9861 9751)
4(9849 9850 9861 9860)
4(9741 9752 9862 9851)
4(9751 9861 9862 9752)
4(9850 9851 9862 9861)
4(9742 9753 9863 9852)
4(9752 9862 9863 9753)
4(9851 9852 9863 9862)
4(9753 9863 9864 9754)
4(9852 9853 9864 9863)
4(9745 9756 9866 9855)
4(9755 9865 9866 9756)
4(9854 9855 9866 9865)
4(9746 9757 9867 9856)
4(9756 9866 9867 9757)
4(9855 9856 9867 9866)
4(9747 9758 9868 9857)
4(9757 9867 9868 9758)
4(9856 9857 9868 9867)
4(9748 9759 9869 9858)
4(9758 9868 9869 9759)
4(9857 9858 9869 9868)
4(9749 9760 9870 9859)
4(9759 9869 9870 9760)
4(9858 9859 9870 9869)
4(9750 9761 9871 9860)
4(9760 9870 9871 9761)
4(9859 9860 9871 9870)
4(9751 9762 9872 9861)
4(9761 9871 9872 9762)
4(9860 9861 9872 9871)
4(9752 9763 9873 9862)
4(9762 9872 9873 9763)
4(9861 9862 9873 9872)
4(9753 9764 9874 9863)
4(9763 9873 9874 9764)
4(9862 9863 9874 9873)
4(9764 9874 9875 9765)
4(9863 9864 9875 9874)
4(9756 9767 9877 9866)
4(9766 9876 9877 9767)
4(9865 9866 9877 9876)
4(9757 9768 9878 9867)
4(9767 9877 9878 9768)
4(9866 9867 9878 9877)
4(9758 9769 9879 9868)
4(9768 9878 9879 9769)
4(9867 9868 9879 9878)
4(9759 9770 9880 9869)
4(9769 9879 9880 9770)
4(9868 9869 9880 9879)
4(9760 9771 9881 9870)
4(9770 9880 9881 9771)
4(9869 9870 9881 9880)
4(9761 9772 9882 9871)
4(9771 9881 9882 9772)
4(9870 9871 9882 9881)
4(9762 9773 9883 9872)
4(9772 9882 9883 9773)
4(9871 9872 9883 9882)
4(9763 9774 9884 9873)
4(9773 9883 9884 9774)
4(9872 9873 9884 9883)
4(9764 9775 9885 9874)
4(9774 9884 9885 9775)
4(9873 9874 9885 9884)
4(9775 9885 9886 9776)
4(9874 9875 9886 9885)
4(9767 9778 9888 9877)
4(9777 9887 9888 9778)
4(9876 9877 9888 9887)
4(9768 9779 9889 9878)
4(9778 9888 9889 9779)
4(9877 9878 9889 9888)
4(9769 9780 9890 9879)
4(9779 9889 9890 9780)
4(9878 9879 9890 9889)
4(9770 9781 9891 9880)
4(9780 9890 9891 9781)
4(9879 9880 9891 9890)
4(9771 9782 9892 9881)
4(9781 9891 9892 9782)
4(9880 9881 9892 9891)
4(9772 9783 9893 9882)
4(9782 9892 9893 9783)
4(9881 9882 9893 9892)
4(9773 9784 9894 9883)
4(9783 9893 9894 9784)
4(9882 9883 9894 9893)
4(9774 9785 9895 9884)
4(9784 9894 9895 9785)
4(9883 9884 9895 9894)
4(9775 9786 9896 9885)
4(9785 9895 9896 9786)
4(9884 9885 9896 9895)
4(9786 9896 9897 9787)
4(9885 9886 9897 9896)
4(9778 23 45 9888)
4(9887 9888 45 44)
4(9779 24 46 9889)
4(9888 9889 46 45)
4(9780 25 47 9890)
4(9889 9890 47 46)
4(9781 26 48 9891)
4(9890 9891 48 47)
4(9782 27 49 9892)
4(9891 9892 49 48)
4(9783 28 50 9893)
4(9892 9893 50 49)
4(9784 29 51 9894)
4(9893 9894 51 50)
4(9785 30 52 9895)
4(9894 9895 52 51)
4(9786 31 53 9896)
4(9895 9896 53 52)
4(9896 9897 54 53)
4(9789 9800 9910 9899)
4(9799 9909 9910 9800)
4(9898 9899 9910 9909)
4(9790 9801 9911 9900)
4(9800 9910 9911 9801)
4(9899 9900 9911 9910)
4(9791 9802 9912 9901)
4(9801 9911 9912 9802)
4(9900 9901 9912 9911)
4(9792 9803 9913 9902)
4(9802 9912 9913 9803)
4(9901 9902 9913 9912)
4(9793 9804 9914 9903)
4(9803 9913 9914 9804)
4(9902 9903 9914 9913)
4(9794 9805 9915 9904)
4(9804 9914 9915 9805)
4(9903 9904 9915 9914)
4(9795 9806 9916 9905)
4(9805 9915 9916 9806)
4(9904 9905 9916 9915)
4(9796 9807 9917 9906)
4(9806 9916 9917 9807)
4(9905 9906 9917 9916)
4(9797 9808 9918 9907)
4(9807 9917 9918 9808)
4(9906 9907 9918 9917)
4(9808 9918 9919 9809)
4(9907 9908 9919 9918)
4(9800 9811 9921 9910)
4(9810 9920 9921 9811)
4(9909 9910 9921 9920)
4(9801 9812 9922 9911)
4(9811 9921 9922 9812)
4(9910 9911 9922 9921)
4(9802 9813 9923 9912)
4(9812 9922 9923 9813)
4(9911 9912 9923 9922)
4(9803 9814 9924 9913)
4(9813 9923 9924 9814)
4(9912 9913 9924 9923)
4(9804 9815 9925 9914)
4(9814 9924 9925 9815)
4(9913 9914 9925 9924)
4(9805 9816 9926 9915)
4(9815 9925 9926 9816)
4(9914 9915 9926 9925)
4(9806 9817 9927 9916)
4(9816 9926 9927 9817)
4(9915 9916 9927 9926)
4(9807 9818 9928 9917)
4(9817 9927 9928 9818)
4(9916 9917 9928 9927)
4(9808 9819 9929 9918)
4(9818 9928 9929 9819)
4(9917 9918 9929 9928)
4(9819 9929 9930 9820)
4(9918 9919 9930 9929)
4(9811 9822 9932 9921)
4(9821 9931 9932 9822)
4(9920 9921 9932 9931)
4(9812 9823 9933 9922)
4(9822 9932 9933 9823)
4(9921 9922 9933 9932)
4(9813 9824 9934 9923)
4(9823 9933 9934 9824)
4(9922 9923 9934 9933)
4(9814 9825 9935 9924)
4(9824 9934 9935 9825)
4(9923 9924 9935 9934)
4(9815 9826 9936 9925)
4(9825 9935 9936 9826)
4(9924 9925 9936 9935)
4(9816 9827 9937 9926)
4(9826 9936 9937 9827)
4(9925 9926 9937 9936)
4(9817 9828 9938 9927)
4(9827 9937 9938 9828)
4(9926 9927 9938 9937)
4(9818 9829 9939 9928)
4(9828 9938 9939 9829)
4(9927 9928 9939 9938)
4(9819 9830 9940 9929)
4(9829 9939 9940 9830)
4(9928 9929 9940 9939)
4(9830 9940 9941 9831)
4(9929 9930 9941 9940)
4(9822 9833 9943 9932)
4(9832 9942 9943 9833)
4(9931 9932 9943 9942)
4(9823 9834 9944 9933)
4(9833 9943 9944 9834)
4(9932 9933 9944 9943)
4(9824 9835 9945 9934)
4(9834 9944 9945 9835)
4(9933 9934 9945 9944)
4(9825 9836 9946 9935)
4(9835 9945 9946 9836)
4(9934 9935 9946 9945)
4(9826 9837 9947 9936)
4(9836 9946 9947 9837)
4(9935 9936 9947 9946)
4(9827 9838 9948 9937)
4(9837 9947 9948 9838)
4(9936 9937 9948 9947)
4(9828 9839 9949 9938)
4(9838 9948 9949 9839)
4(9937 9938 9949 9948)
4(9829 9840 9950 9939)
4(9839 9949 9950 9840)
4(9938 9939 9950 9949)
4(9830 9841 9951 9940)
4(9840 9950 9951 9841)
4(9939 9940 9951 9950)
4(9841 9951 9952 9842)
4(9940 9941 9952 9951)
4(9833 9844 9954 9943)
4(9843 9953 9954 9844)
4(9942 9943 9954 9953)
4(9834 9845 9955 9944)
4(9844 9954 9955 9845)
4(9943 9944 9955 9954)
4(9835 9846 9956 9945)
4(9845 9955 9956 9846)
4(9944 9945 9956 9955)
4(9836 9847 9957 9946)
4(9846 9956 9957 9847)
4(9945 9946 9957 9956)
4(9837 9848 9958 9947)
4(9847 9957 9958 9848)
4(9946 9947 9958 9957)
4(9838 9849 9959 9948)
4(9848 9958 9959 9849)
4(9947 9948 9959 9958)
4(9839 9850 9960 9949)
4(9849 9959 9960 9850)
4(9948 9949 9960 9959)
4(9840 9851 9961 9950)
4(9850 9960 9961 9851)
4(9949 9950 9961 9960)
4(9841 9852 9962 9951)
4(9851 9961 9962 9852)
4(9950 9951 9962 9961)
4(9852 9962 9963 9853)
4(9951 9952 9963 9962)
4(9844 9855 9965 9954)
4(9854 9964 9965 9855)
4(9953 9954 9965 9964)
4(9845 9856 9966 9955)
4(9855 9965 9966 9856)
4(9954 9955 9966 9965)
4(9846 9857 9967 9956)
4(9856 9966 9967 9857)
4(9955 9956 9967 9966)
4(9847 9858 9968 9957)
4(9857 9967 9968 9858)
4(9956 9957 9968 9967)
4(9848 9859 9969 9958)
4(9858 9968 9969 9859)
4(9957 9958 9969 9968)
4(9849 9860 9970 9959)
4(9859 9969 9970 9860)
4(9958 9959 9970 9969)
4(9850 9861 9971 9960)
4(9860 9970 9971 9861)
4(9959 9960 9971 9970)
4(9851 9862 9972 9961)
4(9861 9971 9972 9862)
4(9960 9961 9972 9971)
4(9852 9863 9973 9962)
4(9862 9972 9973 9863)
4(9961 9962 9973 9972)
4(9863 9973 9974 9864)
4(9962 9963 9974 9973)
4(9855 9866 9976 9965)
4(9865 9975 9976 9866)
4(9964 9965 9976 9975)
4(9856 9867 9977 9966)
4(9866 9976 9977 9867)
4(9965 9966 9977 9976)
4(9857 9868 9978 9967)
4(9867 9977 9978 9868)
4(9966 9967 9978 9977)
4(9858 9869 9979 9968)
4(9868 9978 9979 9869)
4(9967 9968 9979 9978)
4(9859 9870 9980 9969)
4(9869 9979 9980 9870)
4(9968 9969 9980 9979)
4(9860 9871 9981 9970)
4(9870 9980 9981 9871)
4(9969 9970 9981 9980)
4(9861 9872 9982 9971)
4(9871 9981 9982 9872)
4(9970 9971 9982 9981)
4(9862 9873 9983 9972)
4(9872 9982 9983 9873)
4(9971 9972 9983 9982)
4(9863 9874 9984 9973)
4(9873 9983 9984 9874)
4(9972 9973 9984 9983)
4(9874 9984 9985 9875)
4(9973 9974 9985 9984)
4(9866 9877 9987 9976)
4(9876 9986 9987 9877)
4(9975 9976 9987 9986)
4(9867 9878 9988 9977)
4(9877 9987 9988 9878)
4(9976 9977 9988 9987)
4(9868 9879 9989 9978)
4(9878 9988 9989 9879)
4(9977 9978 9989 9988)
4(9869 9880 9990 9979)
4(9879 9989 9990 9880)
4(9978 9979 9990 9989)
4(9870 9881 9991 9980)
4(9880 9990 9991 9881)
4(9979 9980 9991 9990)
4(9871 9882 9992 9981)
4(9881 9991 9992 9882)
4(9980 9981 9992 9991)
4(9872 9883 9993 9982)
4(9882 9992 9993 9883)
4(9981 9982 9993 9992)
4(9873 9884 9994 9983)
4(9883 9993 9994 9884)
4(9982 9983 9994 9993)
4(9874 9885 9995 9984)
4(9884 9994 9995 9885)
4(9983 9984 9995 9994)
4(9885 9995 9996 9886)
4(9984 9985 9996 9995)
4(9877 9888 9998 9987)
4(9887 9997 9998 9888)
4(9986 9987 9998 9997)
4(9878 9889 9999 9988)
4(9888 9998 9999 9889)
4(9987 9988 9999 9998)
4(9879 9890 10000 9989)
4(9889 9999 10000 9890)
4(9988 9989 10000 9999)
4(9880 9891 10001 9990)
4(9890 10000 10001 9891)
4(9989 9990 10001 10000)
4(9881 9892 10002 9991)
4(9891 10001 10002 9892)
4(9990 9991 10002 10001)
4(9882 9893 10003 9992)
4(9892 10002 10003 9893)
4(9991 9992 10003 10002)
4(9883 9894 10004 9993)
4(9893 10003 10004 9894)
4(9992 9993 10004 10003)
4(9884 9895 10005 9994)
4(9894 10004 10005 9895)
4(9993 9994 10005 10004)
4(9885 9896 10006 9995)
4(9895 10005 10006 9896)
4(9994 9995 10006 10005)
4(9896 10006 10007 9897)
4(9995 9996 10007 10006)
4(9888 45 67 9998)
4(9997 9998 67 66)
4(9889 46 68 9999)
4(9998 9999 68 67)
4(9890 47 69 10000)
4(9999 10000 69 68)
4(9891 48 70 10001)
4(10000 10001 70 69)
4(9892 49 71 10002)
4(10001 10002 71 70)
4(9893 50 72 10003)
4(10002 10003 72 71)
4(9894 51 73 10004)
4(10003 10004 73 72)
4(9895 52 74 10005)
4(10004 10005 74 73)
4(9896 53 75 10006)
4(10005 10006 75 74)
4(10006 10007 76 75)
4(9899 9910 10020 10009)
4(9909 10019 10020 9910)
4(10008 10009 10020 10019)
4(9900 9911 10021 10010)
4(9910 10020 10021 9911)
4(10009 10010 10021 10020)
4(9901 9912 10022 10011)
4(9911 10021 10022 9912)
4(10010 10011 10022 10021)
4(9902 9913 10023 10012)
4(9912 10022 10023 9913)
4(10011 10012 10023 10022)
4(9903 9914 10024 10013)
4(9913 10023 10024 9914)
4(10012 10013 10024 10023)
4(9904 9915 10025 10014)
4(9914 10024 10025 9915)
4(10013 10014 10025 10024)
4(9905 9916 10026 10015)
4(9915 10025 10026 9916)
4(10014 10015 10026 10025)
4(9906 9917 10027 10016)
4(9916 10026 10027 9917)
4(10015 10016 10027 10026)
4(9907 9918 10028 10017)
4(9917 10027 10028 9918)
4(10016 10017 10028 10027)
4(9918 10028 10029 9919)
4(10017 10018 10029 10028)
4(9910 9921 10031 10020)
4(9920 10030 10031 9921)
4(10019 10020 10031 10030)
4(9911 9922 10032 10021)
4(9921 10031 10032 9922)
4(10020 10021 10032 10031)
4(9912 9923 10033 10022)
4(9922 10032 10033 9923)
4(10021 10022 10033 10032)
4(9913 9924 10034 10023)
4(9923 10033 10034 9924)
4(10022 10023 10034 10033)
4(9914 9925 10035 10024)
4(9924 10034 10035 9925)
4(10023 10024 10035 10034)
4(9915 9926 10036 10025)
4(9925 10035 10036 9926)
4(10024 10025 10036 10035)
4(9916 9927 10037 10026)
4(9926 10036 10037 9927)
4(10025 10026 10037 10036)
4(9917 9928 10038 10027)
4(9927 10037 10038 9928)
4(10026 10027 10038 10037)
4(9918 9929 10039 10028)
4(9928 10038 10039 9929)
4(10027 10028 10039 10038)
4(9929 10039 10040 9930)
4(10028 10029 10040 10039)
4(9921 9932 10042 10031)
4(9931 10041 10042 9932)
4(10030 10031 10042 10041)
4(9922 9933 10043 10032)
4(9932 10042 10043 9933)
4(10031 10032 10043 10042)
4(9923 9934 10044 10033)
4(9933 10043 10044 9934)
4(10032 10033 10044 10043)
4(9924 9935 10045 10034)
4(9934 10044 10045 9935)
4(10033 10034 10045 10044)
4(9925 9936 10046 10035)
4(9935 10045 10046 9936)
4(10034 10035 10046 10045)
4(9926 9937 10047 10036)
4(9936 10046 10047 9937)
4(10035 10036 10047 10046)
4(9927 9938 10048 10037)
4(9937 10047 10048 9938)
4(10036 10037 10048 10047)
4(9928 9939 10049 10038)
4(9938 10048 10049 9939)
4(10037 10038 10049 10048)
4(9929 9940 10050 10039)
4(9939 10049 10050 9940)
4(10038 10039 10050 10049)
4(9940 10050 10051 9941)
4(10039 10040 10051 10050)
4(9932 9943 10053 10042)
4(9942 10052 10053 9943)
4(10041 10042 10053 10052)
4(9933 9944 10054 10043)
4(9943 10053 10054 9944)
4(10042 10043 10054 10053)
4(9934 9945 10055 10044)
4(9944 10054 10055 9945)
4(10043 10044 10055 10054)
4(9935 9946 10056 10045)
4(9945 10055 10056 9946)
4(10044 10045 10056 10055)
4(9936 9947 10057 10046)
4(9946 10056 10057 9947)
4(10045 10046 10057 10056)
4(9937 9948 10058 10047)
4(9947 10057 10058 9948)
4(10046 10047 10058 10057)
4(9938 9949 10059 10048)
4(9948 10058 10059 9949)
4(10047 10048 10059 10058)
4(9939 9950 10060 10049)
4(9949 10059 10060 9950)
4(10048 10049 10060 10059)
4(9940 9951 10061 10050)
4(9950 10060 10061 9951)
4(10049 10050 10061 10060)
4(9951 10061 10062 9952)
4(10050 10051 10062 10061)
4(9943 9954 10064 10053)
4(9953 10063 10064 9954)
4(10052 10053 10064 10063)
4(9944 9955 10065 10054)
4(9954 10064 10065 9955)
4(10053 10054 10065 10064)
4(9945 9956 10066 10055)
4(9955 10065 10066 9956)
4(10054 10055 10066 10065)
4(9946 9957 10067 10056)
4(9956 10066 10067 9957)
4(10055 10056 10067 10066)
4(9947 9958 10068 10057)
4(9957 10067 10068 9958)
4(10056 10057 10068 10067)
4(9948 9959 10069 10058)
4(9958 10068 10069 9959)
4(10057 10058 10069 10068)
4(9949 9960 10070 10059)
4(9959 10069 10070 9960)
4(10058 10059 10070 10069)
4(9950 9961 10071 10060)
4(9960 10070 10071 9961)
4(10059 10060 10071 10070)
4(9951 9962 10072 10061)
4(9961 10071 10072 9962)
4(10060 10061 10072 10071)
4(9962 10072 10073 9963)
4(10061 10062 10073 10072)
4(9954 9965 10075 10064)
4(9964 10074 10075 9965)
4(10063 10064 10075 10074)
4(9955 9966 10076 10065)
4(9965 10075 10076 9966)
4(10064 10065 10076 10075)
4(9956 9967 10077 10066)
4(9966 10076 10077 9967)
4(10065 10066 10077 10076)
4(9957 9968 10078 10067)
4(9967 10077 10078 9968)
4(10066 10067 10078 10077)
4(9958 9969 10079 10068)
4(9968 10078 10079 9969)
4(10067 10068 10079 10078)
4(9959 9970 10080 10069)
4(9969 10079 10080 9970)
4(10068 10069 10080 10079)
4(9960 9971 10081 10070)
4(9970 10080 10081 9971)
4(10069 10070 10081 10080)
4(9961 9972 10082 10071)
4(9971 10081 10082 9972)
4(10070 10071 10082 10081)
4(9962 9973 10083 10072)
4(9972 10082 10083 9973)
4(10071 10072 10083 10082)
4(9973 10083 10084 9974)
4(10072 10073 10084 10083)
4(9965 9976 10086 10075)
4(9975 10085 10086 9976)
4(10074 10075 10086 10085)
4(9966 9977 10087 10076)
4(9976 10086 10087 9977)
4(10075 10076 10087 10086)
4(9967 9978 10088 10077)
4(9977 10087 10088 9978)
4(10076 10077 10088 10087)
4(9968 9979 10089 10078)
4(9978 10088 10089 9979)
4(10077 10078 10089 10088)
4(9969 9980 10090 10079)
4(9979 10089 10090 9980)
4(10078 10079 10090 10089)
4(9970 9981 10091 10080)
4(9980 10090 10091 9981)
4(10079 10080 10091 10090)
4(9971 9982 10092 10081)
4(9981 10091 10092 9982)
4(10080 10081 10092 10091)
4(9972 9983 10093 10082)
4(9982 10092 10093 9983)
4(10081 10082 10093 10092)
4(9973 9984 10094 10083)
4(9983 10093 10094 9984)
4(10082 10083 10094 10093)
4(9984 10094 10095 9985)
4(10083 10084 10095 10094)
4(9976 9987 10097 10086)
4(9986 10096 10097 9987)
4(10085 10086 10097 10096)
4(9977 9988 10098 10087)
4(9987 10097 10098 9988)
4(10086 10087 10098 10097)
4(9978 9989 10099 10088)
4(9988 10098 10099 9989)
4(10087 10088 10099 10098)
4(9979 9990 10100 10089)
4(9989 10099 10100 9990)
4(10088 10089 10100 10099)
4(9980 9991 10101 10090)
4(9990 10100 10101 9991)
4(10089 10090 10101 10100)
4(9981 9992 10102 10091)
4(9991 10101 10102 9992)
4(10090 10091 10102 10101)
4(9982 9993 10103 10092)
4(9992 10102 10103 9993)
4(10091 10092 10103 10102)
4(9983 9994 10104 10093)
4(9993 10103 10104 9994)
4(10092 10093 10104 10103)
4(9984 9995 10105 10094)
4(9994 10104 10105 9995)
4(10093 10094 10105 10104)
4(9995 10105 10106 9996)
4(10094 10095 10106 10105)
4(9987 9998 10108 10097)
4(9997 10107 10108 9998)
4(10096 10097 10108 10107)
4(9988 9999 10109 10098)
4(9998 10108 10109 9999)
4(10097 10098 10109 10108)
4(9989 10000 10110 10099)
4(9999 10109 10110 10000)
4(10098 10099 10110 10109)
4(9990 10001 10111 10100)
4(10000 10110 10111 10001)
4(10099 10100 10111 10110)
4(9991 10002 10112 10101)
4(10001 10111 10112 10002)
4(10100 10101 10112 10111)
4(9992 10003 10113 10102)
4(10002 10112 10113 10003)
4(10101 10102 10113 10112)
4(9993 10004 10114 10103)
4(10003 10113 10114 10004)
4(10102 10103 10114 10113)
4(9994 10005 10115 10104)
4(10004 10114 10115 10005)
4(10103 10104 10115 10114)
4(9995 10006 10116 10105)
4(10005 10115 10116 10006)
4(10104 10105 10116 10115)
4(10006 10116 10117 10007)
4(10105 10106 10117 10116)
4(9998 67 89 10108)
4(10107 10108 89 88)
4(9999 68 90 10109)
4(10108 10109 90 89)
4(10000 69 91 10110)
4(10109 10110 91 90)
4(10001 70 92 10111)
4(10110 10111 92 91)
4(10002 71 93 10112)
4(10111 10112 93 92)
4(10003 72 94 10113)
4(10112 10113 94 93)
4(10004 73 95 10114)
4(10113 10114 95 94)
4(10005 74 96 10115)
4(10114 10115 96 95)
4(10006 75 97 10116)
4(10115 10116 97 96)
4(10116 10117 98 97)
4(10009 10020 10130 10119)
4(10019 10129 10130 10020)
4(10118 10119 10130 10129)
4(10010 10021 10131 10120)
4(10020 10130 10131 10021)
4(10119 10120 10131 10130)
4(10011 10022 10132 10121)
4(10021 10131 10132 10022)
4(10120 10121 10132 10131)
4(10012 10023 10133 10122)
4(10022 10132 10133 10023)
4(10121 10122 10133 10132)
4(10013 10024 10134 10123)
4(10023 10133 10134 10024)
4(10122 10123 10134 10133)
4(10014 10025 10135 10124)
4(10024 10134 10135 10025)
4(10123 10124 10135 10134)
4(10015 10026 10136 10125)
4(10025 10135 10136 10026)
4(10124 10125 10136 10135)
4(10016 10027 10137 10126)
4(10026 10136 10137 10027)
4(10125 10126 10137 10136)
4(10017 10028 10138 10127)
4(10027 10137 10138 10028)
4(10126 10127 10138 10137)
4(10028 10138 10139 10029)
4(10127 10128 10139 10138)
4(10020 10031 10141 10130)
4(10030 10140 10141 10031)
4(10129 10130 10141 10140)
4(10021 10032 10142 10131)
4(10031 10141 10142 10032)
4(10130 10131 10142 10141)
4(10022 10033 10143 10132)
4(10032 10142 10143 10033)
4(10131 10132 10143 10142)
4(10023 10034 10144 10133)
4(10033 10143 10144 10034)
4(10132 10133 10144 10143)
4(10024 10035 10145 10134)
4(10034 10144 10145 10035)
4(10133 10134 10145 10144)
4(10025 10036 10146 10135)
4(10035 10145 10146 10036)
4(10134 10135 10146 10145)
4(10026 10037 10147 10136)
4(10036 10146 10147 10037)
4(10135 10136 10147 10146)
4(10027 10038 10148 10137)
4(10037 10147 10148 10038)
4(10136 10137 10148 10147)
4(10028 10039 10149 10138)
4(10038 10148 10149 10039)
4(10137 10138 10149 10148)
4(10039 10149 10150 10040)
4(10138 10139 10150 10149)
4(10031 10042 10152 10141)
4(10041 10151 10152 10042)
4(10140 10141 10152 10151)
4(10032 10043 10153 10142)
4(10042 10152 10153 10043)
4(10141 10142 10153 10152)
4(10033 10044 10154 10143)
4(10043 10153 10154 10044)
4(10142 10143 10154 10153)
4(10034 10045 10155 10144)
4(10044 10154 10155 10045)
4(10143 10144 10155 10154)
4(10035 10046 10156 10145)
4(10045 10155 10156 10046)
4(10144 10145 10156 10155)
4(10036 10047 10157 10146)
4(10046 10156 10157 10047)
4(10145 10146 10157 10156)
4(10037 10048 10158 10147)
4(10047 10157 10158 10048)
4(10146 10147 10158 10157)
4(10038 10049 10159 10148)
4(10048 10158 10159 10049)
4(10147 10148 10159 10158)
4(10039 10050 10160 10149)
4(10049 10159 10160 10050)
4(10148 10149 10160 10159)
4(10050 10160 10161 10051)
4(10149 10150 10161 10160)
4(10042 10053 10163 10152)
4(10052 10162 10163 10053)
4(10151 10152 10163 10162)
4(10043 10054 10164 10153)
4(10053 10163 10164 10054)
4(10152 10153 10164 10163)
4(10044 10055 10165 10154)
4(10054 10164 10165 10055)
4(10153 10154 10165 10164)
4(10045 10056 10166 10155)
4(10055 10165 10166 10056)
4(10154 10155 10166 10165)
4(10046 10057 10167 10156)
4(10056 10166 10167 10057)
4(10155 10156 10167 10166)
4(10047 10058 10168 10157)
4(10057 10167 10168 10058)
4(10156 10157 10168 10167)
4(10048 10059 10169 10158)
4(10058 10168 10169 10059)
4(10157 10158 10169 10168)
4(10049 10060 10170 10159)
4(10059 10169 10170 10060)
4(10158 10159 10170 10169)
4(10050 10061 10171 10160)
4(10060 10170 10171 10061)
4(10159 10160 10171 10170)
4(10061 10171 10172 10062)
4(10160 10161 10172 10171)
4(10053 10064 10174 10163)
4(10063 10173 10174 10064)
4(10162 10163 10174 10173)
4(10054 10065 10175 10164)
4(10064 10174 10175 10065)
4(10163 10164 10175 10174)
4(10055 10066 10176 10165)
4(10065 10175 10176 10066)
4(10164 10165 10176 10175)
4(10056 10067 10177 10166)
4(10066 10176 10177 10067)
4(10165 10166 10177 10176)
4(10057 10068 10178 10167)
4(10067 10177 10178 10068)
4(10166 10167 10178 10177)
4(10058 10069 10179 10168)
4(10068 10178 10179 10069)
4(10167 10168 10179 10178)
4(10059 10070 10180 10169)
4(10069 10179 10180 10070)
4(10168 10169 10180 10179)
4(10060 10071 10181 10170)
4(10070 10180 10181 10071)
4(10169 10170 10181 10180)
4(10061 10072 10182 10171)
4(10071 10181 10182 10072)
4(10170 10171 10182 10181)
4(10072 10182 10183 10073)
4(10171 10172 10183 10182)
4(10064 10075 10185 10174)
4(10074 10184 10185 10075)
4(10173 10174 10185 10184)
4(10065 10076 10186 10175)
4(10075 10185 10186 10076)
4(10174 10175 10186 10185)
4(10066 10077 10187 10176)
4(10076 10186 10187 10077)
4(10175 10176 10187 10186)
4(10067 10078 10188 10177)
4(10077 10187 10188 10078)
4(10176 10177 10188 10187)
4(10068 10079 10189 10178)
4(10078 10188 10189 10079)
4(10177 10178 10189 10188)
4(10069 10080 10190 10179)
4(10079 10189 10190 10080)
4(10178 10179 10190 10189)
4(10070 10081 10191 10180)
4(10080 10190 10191 10081)
4(10179 10180 10191 10190)
4(10071 10082 10192 10181)
4(10081 10191 10192 10082)
4(10180 10181 10192 10191)
4(10072 10083 10193 10182)
4(10082 10192 10193 10083)
4(10181 10182 10193 10192)
4(10083 10193 10194 10084)
4(10182 10183 10194 10193)
4(10075 10086 10196 10185)
4(10085 10195 10196 10086)
4(10184 10185 10196 10195)
4(10076 10087 10197 10186)
4(10086 10196 10197 10087)
4(10185 10186 10197 10196)
4(10077 10088 10198 10187)
4(10087 10197 10198 10088)
4(10186 10187 10198 10197)
4(10078 10089 10199 10188)
4(10088 10198 10199 10089)
4(10187 10188 10199 10198)
4(10079 10090 10200 10189)
4(10089 10199 10200 10090)
4(10188 10189 10200 10199)
4(10080 10091 10201 10190)
4(10090 10200 10201 10091)
4(10189 10190 10201 10200)
4(10081 10092 10202 10191)
4(10091 10201 10202 10092)
4(10190 10191 10202 10201)
4(10082 10093 10203 10192)
4(10092 10202 10203 10093)
4(10191 10192 10203 10202)
4(10083 10094 10204 10193)
4(10093 10203 10204 10094)
4(10192 10193 10204 10203)
4(10094 10204 10205 10095)
4(10193 10194 10205 10204)
4(10086 10097 10207 10196)
4(10096 10206 10207 10097)
4(10195 10196 10207 10206)
4(10087 10098 10208 10197)
4(10097 10207 10208 10098)
4(10196 10197 10208 10207)
4(10088 10099 10209 10198)
4(10098 10208 10209 10099)
4(10197 10198 10209 10208)
4(10089 10100 10210 10199)
4(10099 10209 10210 10100)
4(10198 10199 10210 10209)
4(10090 10101 10211 10200)
4(10100 10210 10211 10101)
4(10199 10200 10211 10210)
4(10091 10102 10212 10201)
4(10101 10211 10212 10102)
4(10200 10201 10212 10211)
4(10092 10103 10213 10202)
4(10102 10212 10213 10103)
4(10201 10202 10213 10212)
4(10093 10104 10214 10203)
4(10103 10213 10214 10104)
4(10202 10203 10214 10213)
4(10094 10105 10215 10204)
4(10104 10214 10215 10105)
4(10203 10204 10215 10214)
4(10105 10215 10216 10106)
4(10204 10205 10216 10215)
4(10097 10108 10218 10207)
4(10107 10217 10218 10108)
4(10206 10207 10218 10217)
4(10098 10109 10219 10208)
4(10108 10218 10219 10109)
4(10207 10208 10219 10218)
4(10099 10110 10220 10209)
4(10109 10219 10220 10110)
4(10208 10209 10220 10219)
4(10100 10111 10221 10210)
4(10110 10220 10221 10111)
4(10209 10210 10221 10220)
4(10101 10112 10222 10211)
4(10111 10221 10222 10112)
4(10210 10211 10222 10221)
4(10102 10113 10223 10212)
4(10112 10222 10223 10113)
4(10211 10212 10223 10222)
4(10103 10114 10224 10213)
4(10113 10223 10224 10114)
4(10212 10213 10224 10223)
4(10104 10115 10225 10214)
4(10114 10224 10225 10115)
4(10213 10214 10225 10224)
4(10105 10116 10226 10215)
4(10115 10225 10226 10116)
4(10214 10215 10226 10225)
4(10116 10226 10227 10117)
4(10215 10216 10227 10226)
4(10108 89 111 10218)
4(10217 10218 111 110)
4(10109 90 112 10219)
4(10218 10219 112 111)
4(10110 91 113 10220)
4(10219 10220 113 112)
4(10111 92 114 10221)
4(10220 10221 114 113)
4(10112 93 115 10222)
4(10221 10222 115 114)
4(10113 94 116 10223)
4(10222 10223 116 115)
4(10114 95 117 10224)
4(10223 10224 117 116)
4(10115 96 118 10225)
4(10224 10225 118 117)
4(10116 97 119 10226)
4(10225 10226 119 118)
4(10226 10227 120 119)
4(10119 10130 10240 10229)
4(10129 10239 10240 10130)
4(10228 10229 10240 10239)
4(10120 10131 10241 10230)
4(10130 10240 10241 10131)
4(10229 10230 10241 10240)
4(10121 10132 10242 10231)
4(10131 10241 10242 10132)
4(10230 10231 10242 10241)
4(10122 10133 10243 10232)
4(10132 10242 10243 10133)
4(10231 10232 10243 10242)
4(10123 10134 10244 10233)
4(10133 10243 10244 10134)
4(10232 10233 10244 10243)
4(10124 10135 10245 10234)
4(10134 10244 10245 10135)
4(10233 10234 10245 10244)
4(10125 10136 10246 10235)
4(10135 10245 10246 10136)
4(10234 10235 10246 10245)
4(10126 10137 10247 10236)
4(10136 10246 10247 10137)
4(10235 10236 10247 10246)
4(10127 10138 10248 10237)
4(10137 10247 10248 10138)
4(10236 10237 10248 10247)
4(10138 10248 10249 10139)
4(10237 10238 10249 10248)
4(10130 10141 10251 10240)
4(10140 10250 10251 10141)
4(10239 10240 10251 10250)
4(10131 10142 10252 10241)
4(10141 10251 10252 10142)
4(10240 10241 10252 10251)
4(10132 10143 10253 10242)
4(10142 10252 10253 10143)
4(10241 10242 10253 10252)
4(10133 10144 10254 10243)
4(10143 10253 10254 10144)
4(10242 10243 10254 10253)
4(10134 10145 10255 10244)
4(10144 10254 10255 10145)
4(10243 10244 10255 10254)
4(10135 10146 10256 10245)
4(10145 10255 10256 10146)
4(10244 10245 10256 10255)
4(10136 10147 10257 10246)
4(10146 10256 10257 10147)
4(10245 10246 10257 10256)
4(10137 10148 10258 10247)
4(10147 10257 10258 10148)
4(10246 10247 10258 10257)
4(10138 10149 10259 10248)
4(10148 10258 10259 10149)
4(10247 10248 10259 10258)
4(10149 10259 10260 10150)
4(10248 10249 10260 10259)
4(10141 10152 10262 10251)
4(10151 10261 10262 10152)
4(10250 10251 10262 10261)
4(10142 10153 10263 10252)
4(10152 10262 10263 10153)
4(10251 10252 10263 10262)
4(10143 10154 10264 10253)
4(10153 10263 10264 10154)
4(10252 10253 10264 10263)
4(10144 10155 10265 10254)
4(10154 10264 10265 10155)
4(10253 10254 10265 10264)
4(10145 10156 10266 10255)
4(10155 10265 10266 10156)
4(10254 10255 10266 10265)
4(10146 10157 10267 10256)
4(10156 10266 10267 10157)
4(10255 10256 10267 10266)
4(10147 10158 10268 10257)
4(10157 10267 10268 10158)
4(10256 10257 10268 10267)
4(10148 10159 10269 10258)
4(10158 10268 10269 10159)
4(10257 10258 10269 10268)
4(10149 10160 10270 10259)
4(10159 10269 10270 10160)
4(10258 10259 10270 10269)
4(10160 10270 10271 10161)
4(10259 10260 10271 10270)
4(10152 10163 10273 10262)
4(10162 10272 10273 10163)
4(10261 10262 10273 10272)
4(10153 10164 10274 10263)
4(10163 10273 10274 10164)
4(10262 10263 10274 10273)
4(10154 10165 10275 10264)
4(10164 10274 10275 10165)
4(10263 10264 10275 10274)
4(10155 10166 10276 10265)
4(10165 10275 10276 10166)
4(10264 10265 10276 10275)
4(10156 10167 10277 10266)
4(10166 10276 10277 10167)
4(10265 10266 10277 10276)
4(10157 10168 10278 10267)
4(10167 10277 10278 10168)
4(10266 10267 10278 10277)
4(10158 10169 10279 10268)
4(10168 10278 10279 10169)
4(10267 10268 10279 10278)
4(10159 10170 10280 10269)
4(10169 10279 10280 10170)
4(10268 10269 10280 10279)
4(10160 10171 10281 10270)
4(10170 10280 10281 10171)
4(10269 10270 10281 10280)
4(10171 10281 10282 10172)
4(10270 10271 10282 10281)
4(10163 10174 10284 10273)
4(10173 10283 10284 10174)
4(10272 10273 10284 10283)
4(10164 10175 10285 10274)
4(10174 10284 10285 10175)
4(10273 10274 10285 10284)
4(10165 10176 10286 10275)
4(10175 10285 10286 10176)
4(10274 10275 10286 10285)
4(10166 10177 10287 10276)
4(10176 10286 10287 10177)
4(10275 10276 10287 10286)
4(10167 10178 10288 10277)
4(10177 10287 10288 10178)
4(10276 10277 10288 10287)
4(10168 10179 10289 10278)
4(10178 10288 10289 10179)
4(10277 10278 10289 10288)
4(10169 10180 10290 10279)
4(10179 10289 10290 10180)
4(10278 10279 10290 10289)
4(10170 10181 10291 10280)
4(10180 10290 10291 10181)
4(10279 10280 10291 10290)
4(10171 10182 10292 10281)
4(10181 10291 10292 10182)
4(10280 10281 10292 10291)
4(10182 10292 10293 10183)
4(10281 10282 10293 10292)
4(10174 10185 10295 10284)
4(10184 10294 10295 10185)
4(10283 10284 10295 10294)
4(10175 10186 10296 10285)
4(10185 10295 10296 10186)
4(10284 10285 10296 10295)
4(10176 10187 10297 10286)
4(10186 10296 10297 10187)
4(10285 10286 10297 10296)
4(10177 10188 10298 10287)
4(10187 10297 10298 10188)
4(10286 10287 10298 10297)
4(10178 10189 10299 10288)
4(10188 10298 10299 10189)
4(10287 10288 10299 10298)
4(10179 10190 10300 10289)
4(10189 10299 10300 10190)
4(10288 10289 10300 10299)
4(10180 10191 10301 10290)
4(10190 10300 10301 10191)
4(10289 10290 10301 10300)
4(10181 10192 10302 10291)
4(10191 10301 10302 10192)
4(10290 10291 10302 10301)
4(10182 10193 10303 10292)
4(10192 10302 10303 10193)
4(10291 10292 10303 10302)
4(10193 10303 10304 10194)
4(10292 10293 10304 10303)
4(10185 10196 10306 10295)
4(10195 10305 10306 10196)
4(10294 10295 10306 10305)
4(10186 10197 10307 10296)
4(10196 10306 10307 10197)
4(10295 10296 10307 10306)
4(10187 10198 10308 10297)
4(10197 10307 10308 10198)
4(10296 10297 10308 10307)
4(10188 10199 10309 10298)
4(10198 10308 10309 10199)
4(10297 10298 10309 10308)
4(10189 10200 10310 10299)
4(10199 10309 10310 10200)
4(10298 10299 10310 10309)
4(10190 10201 10311 10300)
4(10200 10310 10311 10201)
4(10299 10300 10311 10310)
4(10191 10202 10312 10301)
4(10201 10311 10312 10202)
4(10300 10301 10312 10311)
4(10192 10203 10313 10302)
4(10202 10312 10313 10203)
4(10301 10302 10313 10312)
4(10193 10204 10314 10303)
4(10203 10313 10314 10204)
4(10302 10303 10314 10313)
4(10204 10314 10315 10205)
4(10303 10304 10315 10314)
4(10196 10207 10317 10306)
4(10206 10316 10317 10207)
4(10305 10306 10317 10316)
4(10197 10208 10318 10307)
4(10207 10317 10318 10208)
4(10306 10307 10318 10317)
4(10198 10209 10319 10308)
4(10208 10318 10319 10209)
4(10307 10308 10319 10318)
4(10199 10210 10320 10309)
4(10209 10319 10320 10210)
4(10308 10309 10320 10319)
4(10200 10211 10321 10310)
4(10210 10320 10321 10211)
4(10309 10310 10321 10320)
4(10201 10212 10322 10311)
4(10211 10321 10322 10212)
4(10310 10311 10322 10321)
4(10202 10213 10323 10312)
4(10212 10322 10323 10213)
4(10311 10312 10323 10322)
4(10203 10214 10324 10313)
4(10213 10323 10324 10214)
4(10312 10313 10324 10323)
4(10204 10215 10325 10314)
4(10214 10324 10325 10215)
4(10313 10314 10325 10324)
4(10215 10325 10326 10216)
4(10314 10315 10326 10325)
4(10207 10218 10328 10317)
4(10217 10327 10328 10218)
4(10316 10317 10328 10327)
4(10208 10219 10329 10318)
4(10218 10328 10329 10219)
4(10317 10318 10329 10328)
4(10209 10220 10330 10319)
4(10219 10329 10330 10220)
4(10318 10319 10330 10329)
4(10210 10221 10331 10320)
4(10220 10330 10331 10221)
4(10319 10320 10331 10330)
4(10211 10222 10332 10321)
4(10221 10331 10332 10222)
4(10320 10321 10332 10331)
4(10212 10223 10333 10322)
4(10222 10332 10333 10223)
4(10321 10322 10333 10332)
4(10213 10224 10334 10323)
4(10223 10333 10334 10224)
4(10322 10323 10334 10333)
4(10214 10225 10335 10324)
4(10224 10334 10335 10225)
4(10323 10324 10335 10334)
4(10215 10226 10336 10325)
4(10225 10335 10336 10226)
4(10324 10325 10336 10335)
4(10226 10336 10337 10227)
4(10325 10326 10337 10336)
4(10218 111 133 10328)
4(10327 10328 133 132)
4(10219 112 134 10329)
4(10328 10329 134 133)
4(10220 113 135 10330)
4(10329 10330 135 134)
4(10221 114 136 10331)
4(10330 10331 136 135)
4(10222 115 137 10332)
4(10331 10332 137 136)
4(10223 116 138 10333)
4(10332 10333 138 137)
4(10224 117 139 10334)
4(10333 10334 139 138)
4(10225 118 140 10335)
4(10334 10335 140 139)
4(10226 119 141 10336)
4(10335 10336 141 140)
4(10336 10337 142 141)
4(10229 10240 10350 10339)
4(10239 10349 10350 10240)
4(10338 10339 10350 10349)
4(10230 10241 10351 10340)
4(10240 10350 10351 10241)
4(10339 10340 10351 10350)
4(10231 10242 10352 10341)
4(10241 10351 10352 10242)
4(10340 10341 10352 10351)
4(10232 10243 10353 10342)
4(10242 10352 10353 10243)
4(10341 10342 10353 10352)
4(10233 10244 10354 10343)
4(10243 10353 10354 10244)
4(10342 10343 10354 10353)
4(10234 10245 10355 10344)
4(10244 10354 10355 10245)
4(10343 10344 10355 10354)
4(10235 10246 10356 10345)
4(10245 10355 10356 10246)
4(10344 10345 10356 10355)
4(10236 10247 10357 10346)
4(10246 10356 10357 10247)
4(10345 10346 10357 10356)
4(10237 10248 10358 10347)
4(10247 10357 10358 10248)
4(10346 10347 10358 10357)
4(10248 10358 10359 10249)
4(10347 10348 10359 10358)
4(10240 10251 10361 10350)
4(10250 10360 10361 10251)
4(10349 10350 10361 10360)
4(10241 10252 10362 10351)
4(10251 10361 10362 10252)
4(10350 10351 10362 10361)
4(10242 10253 10363 10352)
4(10252 10362 10363 10253)
4(10351 10352 10363 10362)
4(10243 10254 10364 10353)
4(10253 10363 10364 10254)
4(10352 10353 10364 10363)
4(10244 10255 10365 10354)
4(10254 10364 10365 10255)
4(10353 10354 10365 10364)
4(10245 10256 10366 10355)
4(10255 10365 10366 10256)
4(10354 10355 10366 10365)
4(10246 10257 10367 10356)
4(10256 10366 10367 10257)
4(10355 10356 10367 10366)
4(10247 10258 10368 10357)
4(10257 10367 10368 10258)
4(10356 10357 10368 10367)
4(10248 10259 10369 10358)
4(10258 10368 10369 10259)
4(10357 10358 10369 10368)
4(10259 10369 10370 10260)
4(10358 10359 10370 10369)
4(10251 10262 10372 10361)
4(10261 10371 10372 10262)
4(10360 10361 10372 10371)
4(10252 10263 10373 10362)
4(10262 10372 10373 10263)
4(10361 10362 10373 10372)
4(10253 10264 10374 10363)
4(10263 10373 10374 10264)
4(10362 10363 10374 10373)
4(10254 10265 10375 10364)
4(10264 10374 10375 10265)
4(10363 10364 10375 10374)
4(10255 10266 10376 10365)
4(10265 10375 10376 10266)
4(10364 10365 10376 10375)
4(10256 10267 10377 10366)
4(10266 10376 10377 10267)
4(10365 10366 10377 10376)
4(10257 10268 10378 10367)
4(10267 10377 10378 10268)
4(10366 10367 10378 10377)
4(10258 10269 10379 10368)
4(10268 10378 10379 10269)
4(10367 10368 10379 10378)
4(10259 10270 10380 10369)
4(10269 10379 10380 10270)
4(10368 10369 10380 10379)
4(10270 10380 10381 10271)
4(10369 10370 10381 10380)
4(10262 10273 10383 10372)
4(10272 10382 10383 10273)
4(10371 10372 10383 10382)
4(10263 10274 10384 10373)
4(10273 10383 10384 10274)
4(10372 10373 10384 10383)
4(10264 10275 10385 10374)
4(10274 10384 10385 10275)
4(10373 10374 10385 10384)
4(10265 10276 10386 10375)
4(10275 10385 10386 10276)
4(10374 10375 10386 10385)
4(10266 10277 10387 10376)
4(10276 10386 10387 10277)
4(10375 10376 10387 10386)
4(10267 10278 10388 10377)
4(10277 10387 10388 10278)
4(10376 10377 10388 10387)
4(10268 10279 10389 10378)
4(10278 10388 10389 10279)
4(10377 10378 10389 10388)
4(10269 10280 10390 10379)
4(10279 10389 10390 10280)
4(10378 10379 10390 10389)
4(10270 10281 10391 10380)
4(10280 10390 10391 10281)
4(10379 10380 10391 10390)
4(10281 10391 10392 10282)
4(10380 10381 10392 10391)
4(10273 10284 10394 10383)
4(10283 10393 10394 10284)
4(10382 10383 10394 10393)
4(10274 10285 10395 10384)
4(10284 10394 10395 10285)
4(10383 10384 10395 10394)
4(10275 10286 10396 10385)
4(10285 10395 10396 10286)
4(10384 10385 10396 10395)
4(10276 10287 10397 10386)
4(10286 10396 10397 10287)
4(10385 10386 10397 10396)
4(10277 10288 10398 10387)
4(10287 10397 10398 10288)
4(10386 10387 10398 10397)
4(10278 10289 10399 10388)
4(10288 10398 10399 10289)
4(10387 10388 10399 10398)
4(10279 10290 10400 10389)
4(10289 10399 10400 10290)
4(10388 10389 10400 10399)
4(10280 10291 10401 10390)
4(10290 10400 10401 10291)
4(10389 10390 10401 10400)
4(10281 10292 10402 10391)
4(10291 10401 10402 10292)
4(10390 10391 10402 10401)
4(10292 10402 10403 10293)
4(10391 10392 10403 10402)
4(10284 10295 10405 10394)
4(10294 10404 10405 10295)
4(10393 10394 10405 10404)
4(10285 10296 10406 10395)
4(10295 10405 10406 10296)
4(10394 10395 10406 10405)
4(10286 10297 10407 10396)
4(10296 10406 10407 10297)
4(10395 10396 10407 10406)
4(10287 10298 10408 10397)
4(10297 10407 10408 10298)
4(10396 10397 10408 10407)
4(10288 10299 10409 10398)
4(10298 10408 10409 10299)
4(10397 10398 10409 10408)
4(10289 10300 10410 10399)
4(10299 10409 10410 10300)
4(10398 10399 10410 10409)
4(10290 10301 10411 10400)
4(10300 10410 10411 10301)
4(10399 10400 10411 10410)
4(10291 10302 10412 10401)
4(10301 10411 10412 10302)
4(10400 10401 10412 10411)
4(10292 10303 10413 10402)
4(10302 10412 10413 10303)
4(10401 10402 10413 10412)
4(10303 10413 10414 10304)
4(10402 10403 10414 10413)
4(10295 10306 10416 10405)
4(10305 10415 10416 10306)
4(10404 10405 10416 10415)
4(10296 10307 10417 10406)
4(10306 10416 10417 10307)
4(10405 10406 10417 10416)
4(10297 10308 10418 10407)
4(10307 10417 10418 10308)
4(10406 10407 10418 10417)
4(10298 10309 10419 10408)
4(10308 10418 10419 10309)
4(10407 10408 10419 10418)
4(10299 10310 10420 10409)
4(10309 10419 10420 10310)
4(10408 10409 10420 10419)
4(10300 10311 10421 10410)
4(10310 10420 10421 10311)
4(10409 10410 10421 10420)
4(10301 10312 10422 10411)
4(10311 10421 10422 10312)
4(10410 10411 10422 10421)
4(10302 10313 10423 10412)
4(10312 10422 10423 10313)
4(10411 10412 10423 10422)
4(10303 10314 10424 10413)
4(10313 10423 10424 10314)
4(10412 10413 10424 10423)
4(10314 10424 10425 10315)
4(10413 10414 10425 10424)
4(10306 10317 10427 10416)
4(10316 10426 10427 10317)
4(10415 10416 10427 10426)
4(10307 10318 10428 10417)
4(10317 10427 10428 10318)
4(10416 10417 10428 10427)
4(10308 10319 10429 10418)
4(10318 10428 10429 10319)
4(10417 10418 10429 10428)
4(10309 10320 10430 10419)
4(10319 10429 10430 10320)
4(10418 10419 10430 10429)
4(10310 10321 10431 10420)
4(10320 10430 10431 10321)
4(10419 10420 10431 10430)
4(10311 10322 10432 10421)
4(10321 10431 10432 10322)
4(10420 10421 10432 10431)
4(10312 10323 10433 10422)
4(10322 10432 10433 10323)
4(10421 10422 10433 10432)
4(10313 10324 10434 10423)
4(10323 10433 10434 10324)
4(10422 10423 10434 10433)
4(10314 10325 10435 10424)
4(10324 10434 10435 10325)
4(10423 10424 10435 10434)
4(10325 10435 10436 10326)
4(10424 10425 10436 10435)
4(10317 10328 10438 10427)
4(10327 10437 10438 10328)
4(10426 10427 10438 10437)
4(10318 10329 10439 10428)
4(10328 10438 10439 10329)
4(10427 10428 10439 10438)
4(10319 10330 10440 10429)
4(10329 10439 10440 10330)
4(10428 10429 10440 10439)
4(10320 10331 10441 10430)
4(10330 10440 10441 10331)
4(10429 10430 10441 10440)
4(10321 10332 10442 10431)
4(10331 10441 10442 10332)
4(10430 10431 10442 10441)
4(10322 10333 10443 10432)
4(10332 10442 10443 10333)
4(10431 10432 10443 10442)
4(10323 10334 10444 10433)
4(10333 10443 10444 10334)
4(10432 10433 10444 10443)
4(10324 10335 10445 10434)
4(10334 10444 10445 10335)
4(10433 10434 10445 10444)
4(10325 10336 10446 10435)
4(10335 10445 10446 10336)
4(10434 10435 10446 10445)
4(10336 10446 10447 10337)
4(10435 10436 10447 10446)
4(10328 133 155 10438)
4(10437 10438 155 154)
4(10329 134 156 10439)
4(10438 10439 156 155)
4(10330 135 157 10440)
4(10439 10440 157 156)
4(10331 136 158 10441)
4(10440 10441 158 157)
4(10332 137 159 10442)
4(10441 10442 159 158)
4(10333 138 160 10443)
4(10442 10443 160 159)
4(10334 139 161 10444)
4(10443 10444 161 160)
4(10335 140 162 10445)
4(10444 10445 162 161)
4(10336 141 163 10446)
4(10445 10446 163 162)
4(10446 10447 164 163)
4(10339 10350 10460 10449)
4(10349 10459 10460 10350)
4(10448 10449 10460 10459)
4(10340 10351 10461 10450)
4(10350 10460 10461 10351)
4(10449 10450 10461 10460)
4(10341 10352 10462 10451)
4(10351 10461 10462 10352)
4(10450 10451 10462 10461)
4(10342 10353 10463 10452)
4(10352 10462 10463 10353)
4(10451 10452 10463 10462)
4(10343 10354 10464 10453)
4(10353 10463 10464 10354)
4(10452 10453 10464 10463)
4(10344 10355 10465 10454)
4(10354 10464 10465 10355)
4(10453 10454 10465 10464)
4(10345 10356 10466 10455)
4(10355 10465 10466 10356)
4(10454 10455 10466 10465)
4(10346 10357 10467 10456)
4(10356 10466 10467 10357)
4(10455 10456 10467 10466)
4(10347 10358 10468 10457)
4(10357 10467 10468 10358)
4(10456 10457 10468 10467)
4(10358 10468 10469 10359)
4(10457 10458 10469 10468)
4(10350 10361 10471 10460)
4(10360 10470 10471 10361)
4(10459 10460 10471 10470)
4(10351 10362 10472 10461)
4(10361 10471 10472 10362)
4(10460 10461 10472 10471)
4(10352 10363 10473 10462)
4(10362 10472 10473 10363)
4(10461 10462 10473 10472)
4(10353 10364 10474 10463)
4(10363 10473 10474 10364)
4(10462 10463 10474 10473)
4(10354 10365 10475 10464)
4(10364 10474 10475 10365)
4(10463 10464 10475 10474)
4(10355 10366 10476 10465)
4(10365 10475 10476 10366)
4(10464 10465 10476 10475)
4(10356 10367 10477 10466)
4(10366 10476 10477 10367)
4(10465 10466 10477 10476)
4(10357 10368 10478 10467)
4(10367 10477 10478 10368)
4(10466 10467 10478 10477)
4(10358 10369 10479 10468)
4(10368 10478 10479 10369)
4(10467 10468 10479 10478)
4(10369 10479 10480 10370)
4(10468 10469 10480 10479)
4(10361 10372 10482 10471)
4(10371 10481 10482 10372)
4(10470 10471 10482 10481)
4(10362 10373 10483 10472)
4(10372 10482 10483 10373)
4(10471 10472 10483 10482)
4(10363 10374 10484 10473)
4(10373 10483 10484 10374)
4(10472 10473 10484 10483)
4(10364 10375 10485 10474)
4(10374 10484 10485 10375)
4(10473 10474 10485 10484)
4(10365 10376 10486 10475)
4(10375 10485 10486 10376)
4(10474 10475 10486 10485)
4(10366 10377 10487 10476)
4(10376 10486 10487 10377)
4(10475 10476 10487 10486)
4(10367 10378 10488 10477)
4(10377 10487 10488 10378)
4(10476 10477 10488 10487)
4(10368 10379 10489 10478)
4(10378 10488 10489 10379)
4(10477 10478 10489 10488)
4(10369 10380 10490 10479)
4(10379 10489 10490 10380)
4(10478 10479 10490 10489)
4(10380 10490 10491 10381)
4(10479 10480 10491 10490)
4(10372 10383 10493 10482)
4(10382 10492 10493 10383)
4(10481 10482 10493 10492)
4(10373 10384 10494 10483)
4(10383 10493 10494 10384)
4(10482 10483 10494 10493)
4(10374 10385 10495 10484)
4(10384 10494 10495 10385)
4(10483 10484 10495 10494)
4(10375 10386 10496 10485)
4(10385 10495 10496 10386)
4(10484 10485 10496 10495)
4(10376 10387 10497 10486)
4(10386 10496 10497 10387)
4(10485 10486 10497 10496)
4(10377 10388 10498 10487)
4(10387 10497 10498 10388)
4(10486 10487 10498 10497)
4(10378 10389 10499 10488)
4(10388 10498 10499 10389)
4(10487 10488 10499 10498)
4(10379 10390 10500 10489)
4(10389 10499 10500 10390)
4(10488 10489 10500 10499)
4(10380 10391 10501 10490)
4(10390 10500 10501 10391)
4(10489 10490 10501 10500)
4(10391 10501 10502 10392)
4(10490 10491 10502 10501)
4(10383 10394 10504 10493)
4(10393 10503 10504 10394)
4(10492 10493 10504 10503)
4(10384 10395 10505 10494)
4(10394 10504 10505 10395)
4(10493 10494 10505 10504)
4(10385 10396 10506 10495)
4(10395 10505 10506 10396)
4(10494 10495 10506 10505)
4(10386 10397 10507 10496)
4(10396 10506 10507 10397)
4(10495 10496 10507 10506)
4(10387 10398 10508 10497)
4(10397 10507 10508 10398)
4(10496 10497 10508 10507)
4(10388 10399 10509 10498)
4(10398 10508 10509 10399)
4(10497 10498 10509 10508)
4(10389 10400 10510 10499)
4(10399 10509 10510 10400)
4(10498 10499 10510 10509)
4(10390 10401 10511 10500)
4(10400 10510 10511 10401)
4(10499 10500 10511 10510)
4(10391 10402 10512 10501)
4(10401 10511 10512 10402)
4(10500 10501 10512 10511)
4(10402 10512 10513 10403)
4(10501 10502 10513 10512)
4(10394 10405 10515 10504)
4(10404 10514 10515 10405)
4(10503 10504 10515 10514)
4(10395 10406 10516 10505)
4(10405 10515 10516 10406)
4(10504 10505 10516 10515)
4(10396 10407 10517 10506)
4(10406 10516 10517 10407)
4(10505 10506 10517 10516)
4(10397 10408 10518 10507)
4(10407 10517 10518 10408)
4(10506 10507 10518 10517)
4(10398 10409 10519 10508)
4(10408 10518 10519 10409)
4(10507 10508 10519 10518)
4(10399 10410 10520 10509)
4(10409 10519 10520 10410)
4(10508 10509 10520 10519)
4(10400 10411 10521 10510)
4(10410 10520 10521 10411)
4(10509 10510 10521 10520)
4(10401 10412 10522 10511)
4(10411 10521 10522 10412)
4(10510 10511 10522 10521)
4(10402 10413 10523 10512)
4(10412 10522 10523 10413)
4(10511 10512 10523 10522)
4(10413 10523 10524 10414)
4(10512 10513 10524 10523)
4(10405 10416 10526 10515)
4(10415 10525 10526 10416)
4(10514 10515 10526 10525)
4(10406 10417 10527 10516)
4(10416 10526 10527 10417)
4(10515 10516 10527 10526)
4(10407 10418 10528 10517)
4(10417 10527 10528 10418)
4(10516 10517 10528 10527)
4(10408 10419 10529 10518)
4(10418 10528 10529 10419)
4(10517 10518 10529 10528)
4(10409 10420 10530 10519)
4(10419 10529 10530 10420)
4(10518 10519 10530 10529)
4(10410 10421 10531 10520)
4(10420 10530 10531 10421)
4(10519 10520 10531 10530)
4(10411 10422 10532 10521)
4(10421 10531 10532 10422)
4(10520 10521 10532 10531)
4(10412 10423 10533 10522)
4(10422 10532 10533 10423)
4(10521 10522 10533 10532)
4(10413 10424 10534 10523)
4(10423 10533 10534 10424)
4(10522 10523 10534 10533)
4(10424 10534 10535 10425)
4(10523 10524 10535 10534)
4(10416 10427 10537 10526)
4(10426 10536 10537 10427)
4(10525 10526 10537 10536)
4(10417 10428 10538 10527)
4(10427 10537 10538 10428)
4(10526 10527 10538 10537)
4(10418 10429 10539 10528)
4(10428 10538 10539 10429)
4(10527 10528 10539 10538)
4(10419 10430 10540 10529)
4(10429 10539 10540 10430)
4(10528 10529 10540 10539)
4(10420 10431 10541 10530)
4(10430 10540 10541 10431)
4(10529 10530 10541 10540)
4(10421 10432 10542 10531)
4(10431 10541 10542 10432)
4(10530 10531 10542 10541)
4(10422 10433 10543 10532)
4(10432 10542 10543 10433)
4(10531 10532 10543 10542)
4(10423 10434 10544 10533)
4(10433 10543 10544 10434)
4(10532 10533 10544 10543)
4(10424 10435 10545 10534)
4(10434 10544 10545 10435)
4(10533 10534 10545 10544)
4(10435 10545 10546 10436)
4(10534 10535 10546 10545)
4(10427 10438 10548 10537)
4(10437 10547 10548 10438)
4(10536 10537 10548 10547)
4(10428 10439 10549 10538)
4(10438 10548 10549 10439)
4(10537 10538 10549 10548)
4(10429 10440 10550 10539)
4(10439 10549 10550 10440)
4(10538 10539 10550 10549)
4(10430 10441 10551 10540)
4(10440 10550 10551 10441)
4(10539 10540 10551 10550)
4(10431 10442 10552 10541)
4(10441 10551 10552 10442)
4(10540 10541 10552 10551)
4(10432 10443 10553 10542)
4(10442 10552 10553 10443)
4(10541 10542 10553 10552)
4(10433 10444 10554 10543)
4(10443 10553 10554 10444)
4(10542 10543 10554 10553)
4(10434 10445 10555 10544)
4(10444 10554 10555 10445)
4(10543 10544 10555 10554)
4(10435 10446 10556 10545)
4(10445 10555 10556 10446)
4(10544 10545 10556 10555)
4(10446 10556 10557 10447)
4(10545 10546 10557 10556)
4(10438 155 177 10548)
4(10547 10548 177 176)
4(10439 156 178 10549)
4(10548 10549 178 177)
4(10440 157 179 10550)
4(10549 10550 179 178)
4(10441 158 180 10551)
4(10550 10551 180 179)
4(10442 159 181 10552)
4(10551 10552 181 180)
4(10443 160 182 10553)
4(10552 10553 182 181)
4(10444 161 183 10554)
4(10553 10554 183 182)
4(10445 162 184 10555)
4(10554 10555 184 183)
4(10446 163 185 10556)
4(10555 10556 185 184)
4(10556 10557 186 185)
4(10449 10460 10570 10559)
4(10459 10569 10570 10460)
4(10558 10559 10570 10569)
4(10450 10461 10571 10560)
4(10460 10570 10571 10461)
4(10559 10560 10571 10570)
4(10451 10462 10572 10561)
4(10461 10571 10572 10462)
4(10560 10561 10572 10571)
4(10452 10463 10573 10562)
4(10462 10572 10573 10463)
4(10561 10562 10573 10572)
4(10453 10464 10574 10563)
4(10463 10573 10574 10464)
4(10562 10563 10574 10573)
4(10454 10465 10575 10564)
4(10464 10574 10575 10465)
4(10563 10564 10575 10574)
4(10455 10466 10576 10565)
4(10465 10575 10576 10466)
4(10564 10565 10576 10575)
4(10456 10467 10577 10566)
4(10466 10576 10577 10467)
4(10565 10566 10577 10576)
4(10457 10468 10578 10567)
4(10467 10577 10578 10468)
4(10566 10567 10578 10577)
4(10468 10578 10579 10469)
4(10567 10568 10579 10578)
4(10460 10471 10581 10570)
4(10470 10580 10581 10471)
4(10569 10570 10581 10580)
4(10461 10472 10582 10571)
4(10471 10581 10582 10472)
4(10570 10571 10582 10581)
4(10462 10473 10583 10572)
4(10472 10582 10583 10473)
4(10571 10572 10583 10582)
4(10463 10474 10584 10573)
4(10473 10583 10584 10474)
4(10572 10573 10584 10583)
4(10464 10475 10585 10574)
4(10474 10584 10585 10475)
4(10573 10574 10585 10584)
4(10465 10476 10586 10575)
4(10475 10585 10586 10476)
4(10574 10575 10586 10585)
4(10466 10477 10587 10576)
4(10476 10586 10587 10477)
4(10575 10576 10587 10586)
4(10467 10478 10588 10577)
4(10477 10587 10588 10478)
4(10576 10577 10588 10587)
4(10468 10479 10589 10578)
4(10478 10588 10589 10479)
4(10577 10578 10589 10588)
4(10479 10589 10590 10480)
4(10578 10579 10590 10589)
4(10471 10482 10592 10581)
4(10481 10591 10592 10482)
4(10580 10581 10592 10591)
4(10472 10483 10593 10582)
4(10482 10592 10593 10483)
4(10581 10582 10593 10592)
4(10473 10484 10594 10583)
4(10483 10593 10594 10484)
4(10582 10583 10594 10593)
4(10474 10485 10595 10584)
4(10484 10594 10595 10485)
4(10583 10584 10595 10594)
4(10475 10486 10596 10585)
4(10485 10595 10596 10486)
4(10584 10585 10596 10595)
4(10476 10487 10597 10586)
4(10486 10596 10597 10487)
4(10585 10586 10597 10596)
4(10477 10488 10598 10587)
4(10487 10597 10598 10488)
4(10586 10587 10598 10597)
4(10478 10489 10599 10588)
4(10488 10598 10599 10489)
4(10587 10588 10599 10598)
4(10479 10490 10600 10589)
4(10489 10599 10600 10490)
4(10588 10589 10600 10599)
4(10490 10600 10601 10491)
4(10589 10590 10601 10600)
4(10482 10493 10603 10592)
4(10492 10602 10603 10493)
4(10591 10592 10603 10602)
4(10483 10494 10604 10593)
4(10493 10603 10604 10494)
4(10592 10593 10604 10603)
4(10484 10495 10605 10594)
4(10494 10604 10605 10495)
4(10593 10594 10605 10604)
4(10485 10496 10606 10595)
4(10495 10605 10606 10496)
4(10594 10595 10606 10605)
4(10486 10497 10607 10596)
4(10496 10606 10607 10497)
4(10595 10596 10607 10606)
4(10487 10498 10608 10597)
4(10497 10607 10608 10498)
4(10596 10597 10608 10607)
4(10488 10499 10609 10598)
4(10498 10608 10609 10499)
4(10597 10598 10609 10608)
4(10489 10500 10610 10599)
4(10499 10609 10610 10500)
4(10598 10599 10610 10609)
4(10490 10501 10611 10600)
4(10500 10610 10611 10501)
4(10599 10600 10611 10610)
4(10501 10611 10612 10502)
4(10600 10601 10612 10611)
4(10493 10504 10614 10603)
4(10503 10613 10614 10504)
4(10602 10603 10614 10613)
4(10494 10505 10615 10604)
4(10504 10614 10615 10505)
4(10603 10604 10615 10614)
4(10495 10506 10616 10605)
4(10505 10615 10616 10506)
4(10604 10605 10616 10615)
4(10496 10507 10617 10606)
4(10506 10616 10617 10507)
4(10605 10606 10617 10616)
4(10497 10508 10618 10607)
4(10507 10617 10618 10508)
4(10606 10607 10618 10617)
4(10498 10509 10619 10608)
4(10508 10618 10619 10509)
4(10607 10608 10619 10618)
4(10499 10510 10620 10609)
4(10509 10619 10620 10510)
4(10608 10609 10620 10619)
4(10500 10511 10621 10610)
4(10510 10620 10621 10511)
4(10609 10610 10621 10620)
4(10501 10512 10622 10611)
4(10511 10621 10622 10512)
4(10610 10611 10622 10621)
4(10512 10622 10623 10513)
4(10611 10612 10623 10622)
4(10504 10515 10625 10614)
4(10514 10624 10625 10515)
4(10613 10614 10625 10624)
4(10505 10516 10626 10615)
4(10515 10625 10626 10516)
4(10614 10615 10626 10625)
4(10506 10517 10627 10616)
4(10516 10626 10627 10517)
4(10615 10616 10627 10626)
4(10507 10518 10628 10617)
4(10517 10627 10628 10518)
4(10616 10617 10628 10627)
4(10508 10519 10629 10618)
4(10518 10628 10629 10519)
4(10617 10618 10629 10628)
4(10509 10520 10630 10619)
4(10519 10629 10630 10520)
4(10618 10619 10630 10629)
4(10510 10521 10631 10620)
4(10520 10630 10631 10521)
4(10619 10620 10631 10630)
4(10511 10522 10632 10621)
4(10521 10631 10632 10522)
4(10620 10621 10632 10631)
4(10512 10523 10633 10622)
4(10522 10632 10633 10523)
4(10621 10622 10633 10632)
4(10523 10633 10634 10524)
4(10622 10623 10634 10633)
4(10515 10526 10636 10625)
4(10525 10635 10636 10526)
4(10624 10625 10636 10635)
4(10516 10527 10637 10626)
4(10526 10636 10637 10527)
4(10625 10626 10637 10636)
4(10517 10528 10638 10627)
4(10527 10637 10638 10528)
4(10626 10627 10638 10637)
4(10518 10529 10639 10628)
4(10528 10638 10639 10529)
4(10627 10628 10639 10638)
4(10519 10530 10640 10629)
4(10529 10639 10640 10530)
4(10628 10629 10640 10639)
4(10520 10531 10641 10630)
4(10530 10640 10641 10531)
4(10629 10630 10641 10640)
4(10521 10532 10642 10631)
4(10531 10641 10642 10532)
4(10630 10631 10642 10641)
4(10522 10533 10643 10632)
4(10532 10642 10643 10533)
4(10631 10632 10643 10642)
4(10523 10534 10644 10633)
4(10533 10643 10644 10534)
4(10632 10633 10644 10643)
4(10534 10644 10645 10535)
4(10633 10634 10645 10644)
4(10526 10537 10647 10636)
4(10536 10646 10647 10537)
4(10635 10636 10647 10646)
4(10527 10538 10648 10637)
4(10537 10647 10648 10538)
4(10636 10637 10648 10647)
4(10528 10539 10649 10638)
4(10538 10648 10649 10539)
4(10637 10638 10649 10648)
4(10529 10540 10650 10639)
4(10539 10649 10650 10540)
4(10638 10639 10650 10649)
4(10530 10541 10651 10640)
4(10540 10650 10651 10541)
4(10639 10640 10651 10650)
4(10531 10542 10652 10641)
4(10541 10651 10652 10542)
4(10640 10641 10652 10651)
4(10532 10543 10653 10642)
4(10542 10652 10653 10543)
4(10641 10642 10653 10652)
4(10533 10544 10654 10643)
4(10543 10653 10654 10544)
4(10642 10643 10654 10653)
4(10534 10545 10655 10644)
4(10544 10654 10655 10545)
4(10643 10644 10655 10654)
4(10545 10655 10656 10546)
4(10644 10645 10656 10655)
4(10537 10548 10658 10647)
4(10547 10657 10658 10548)
4(10646 10647 10658 10657)
4(10538 10549 10659 10648)
4(10548 10658 10659 10549)
4(10647 10648 10659 10658)
4(10539 10550 10660 10649)
4(10549 10659 10660 10550)
4(10648 10649 10660 10659)
4(10540 10551 10661 10650)
4(10550 10660 10661 10551)
4(10649 10650 10661 10660)
4(10541 10552 10662 10651)
4(10551 10661 10662 10552)
4(10650 10651 10662 10661)
4(10542 10553 10663 10652)
4(10552 10662 10663 10553)
4(10651 10652 10663 10662)
4(10543 10554 10664 10653)
4(10553 10663 10664 10554)
4(10652 10653 10664 10663)
4(10544 10555 10665 10654)
4(10554 10664 10665 10555)
4(10653 10654 10665 10664)
4(10545 10556 10666 10655)
4(10555 10665 10666 10556)
4(10654 10655 10666 10665)
4(10556 10666 10667 10557)
4(10655 10656 10667 10666)
4(10548 177 199 10658)
4(10657 10658 199 198)
4(10549 178 200 10659)
4(10658 10659 200 199)
4(10550 179 201 10660)
4(10659 10660 201 200)
4(10551 180 202 10661)
4(10660 10661 202 201)
4(10552 181 203 10662)
4(10661 10662 203 202)
4(10553 182 204 10663)
4(10662 10663 204 203)
4(10554 183 205 10664)
4(10663 10664 205 204)
4(10555 184 206 10665)
4(10664 10665 206 205)
4(10556 185 207 10666)
4(10665 10666 207 206)
4(10666 10667 208 207)
4(10559 10570 10680 10669)
4(10569 10679 10680 10570)
4(10668 10669 10680 10679)
4(10560 10571 10681 10670)
4(10570 10680 10681 10571)
4(10669 10670 10681 10680)
4(10561 10572 10682 10671)
4(10571 10681 10682 10572)
4(10670 10671 10682 10681)
4(10562 10573 10683 10672)
4(10572 10682 10683 10573)
4(10671 10672 10683 10682)
4(10563 10574 10684 10673)
4(10573 10683 10684 10574)
4(10672 10673 10684 10683)
4(10564 10575 10685 10674)
4(10574 10684 10685 10575)
4(10673 10674 10685 10684)
4(10565 10576 10686 10675)
4(10575 10685 10686 10576)
4(10674 10675 10686 10685)
4(10566 10577 10687 10676)
4(10576 10686 10687 10577)
4(10675 10676 10687 10686)
4(10567 10578 10688 10677)
4(10577 10687 10688 10578)
4(10676 10677 10688 10687)
4(10578 10688 10689 10579)
4(10677 10678 10689 10688)
4(10570 10581 10691 10680)
4(10580 10690 10691 10581)
4(10679 10680 10691 10690)
4(10571 10582 10692 10681)
4(10581 10691 10692 10582)
4(10680 10681 10692 10691)
4(10572 10583 10693 10682)
4(10582 10692 10693 10583)
4(10681 10682 10693 10692)
4(10573 10584 10694 10683)
4(10583 10693 10694 10584)
4(10682 10683 10694 10693)
4(10574 10585 10695 10684)
4(10584 10694 10695 10585)
4(10683 10684 10695 10694)
4(10575 10586 10696 10685)
4(10585 10695 10696 10586)
4(10684 10685 10696 10695)
4(10576 10587 10697 10686)
4(10586 10696 10697 10587)
4(10685 10686 10697 10696)
4(10577 10588 10698 10687)
4(10587 10697 10698 10588)
4(10686 10687 10698 10697)
4(10578 10589 10699 10688)
4(10588 10698 10699 10589)
4(10687 10688 10699 10698)
4(10589 10699 10700 10590)
4(10688 10689 10700 10699)
4(10581 10592 10702 10691)
4(10591 10701 10702 10592)
4(10690 10691 10702 10701)
4(10582 10593 10703 10692)
4(10592 10702 10703 10593)
4(10691 10692 10703 10702)
4(10583 10594 10704 10693)
4(10593 10703 10704 10594)
4(10692 10693 10704 10703)
4(10584 10595 10705 10694)
4(10594 10704 10705 10595)
4(10693 10694 10705 10704)
4(10585 10596 10706 10695)
4(10595 10705 10706 10596)
4(10694 10695 10706 10705)
4(10586 10597 10707 10696)
4(10596 10706 10707 10597)
4(10695 10696 10707 10706)
4(10587 10598 10708 10697)
4(10597 10707 10708 10598)
4(10696 10697 10708 10707)
4(10588 10599 10709 10698)
4(10598 10708 10709 10599)
4(10697 10698 10709 10708)
4(10589 10600 10710 10699)
4(10599 10709 10710 10600)
4(10698 10699 10710 10709)
4(10600 10710 10711 10601)
4(10699 10700 10711 10710)
4(10592 10603 10713 10702)
4(10602 10712 10713 10603)
4(10701 10702 10713 10712)
4(10593 10604 10714 10703)
4(10603 10713 10714 10604)
4(10702 10703 10714 10713)
4(10594 10605 10715 10704)
4(10604 10714 10715 10605)
4(10703 10704 10715 10714)
4(10595 10606 10716 10705)
4(10605 10715 10716 10606)
4(10704 10705 10716 10715)
4(10596 10607 10717 10706)
4(10606 10716 10717 10607)
4(10705 10706 10717 10716)
4(10597 10608 10718 10707)
4(10607 10717 10718 10608)
4(10706 10707 10718 10717)
4(10598 10609 10719 10708)
4(10608 10718 10719 10609)
4(10707 10708 10719 10718)
4(10599 10610 10720 10709)
4(10609 10719 10720 10610)
4(10708 10709 10720 10719)
4(10600 10611 10721 10710)
4(10610 10720 10721 10611)
4(10709 10710 10721 10720)
4(10611 10721 10722 10612)
4(10710 10711 10722 10721)
4(10603 10614 10724 10713)
4(10613 10723 10724 10614)
4(10712 10713 10724 10723)
4(10604 10615 10725 10714)
4(10614 10724 10725 10615)
4(10713 10714 10725 10724)
4(10605 10616 10726 10715)
4(10615 10725 10726 10616)
4(10714 10715 10726 10725)
4(10606 10617 10727 10716)
4(10616 10726 10727 10617)
4(10715 10716 10727 10726)
4(10607 10618 10728 10717)
4(10617 10727 10728 10618)
4(10716 10717 10728 10727)
4(10608 10619 10729 10718)
4(10618 10728 10729 10619)
4(10717 10718 10729 10728)
4(10609 10620 10730 10719)
4(10619 10729 10730 10620)
4(10718 10719 10730 10729)
4(10610 10621 10731 10720)
4(10620 10730 10731 10621)
4(10719 10720 10731 10730)
4(10611 10622 10732 10721)
4(10621 10731 10732 10622)
4(10720 10721 10732 10731)
4(10622 10732 10733 10623)
4(10721 10722 10733 10732)
4(10614 10625 10735 10724)
4(10624 10734 10735 10625)
4(10723 10724 10735 10734)
4(10615 10626 10736 10725)
4(10625 10735 10736 10626)
4(10724 10725 10736 10735)
4(10616 10627 10737 10726)
4(10626 10736 10737 10627)
4(10725 10726 10737 10736)
4(10617 10628 10738 10727)
4(10627 10737 10738 10628)
4(10726 10727 10738 10737)
4(10618 10629 10739 10728)
4(10628 10738 10739 10629)
4(10727 10728 10739 10738)
4(10619 10630 10740 10729)
4(10629 10739 10740 10630)
4(10728 10729 10740 10739)
4(10620 10631 10741 10730)
4(10630 10740 10741 10631)
4(10729 10730 10741 10740)
4(10621 10632 10742 10731)
4(10631 10741 10742 10632)
4(10730 10731 10742 10741)
4(10622 10633 10743 10732)
4(10632 10742 10743 10633)
4(10731 10732 10743 10742)
4(10633 10743 10744 10634)
4(10732 10733 10744 10743)
4(10625 10636 10746 10735)
4(10635 10745 10746 10636)
4(10734 10735 10746 10745)
4(10626 10637 10747 10736)
4(10636 10746 10747 10637)
4(10735 10736 10747 10746)
4(10627 10638 10748 10737)
4(10637 10747 10748 10638)
4(10736 10737 10748 10747)
4(10628 10639 10749 10738)
4(10638 10748 10749 10639)
4(10737 10738 10749 10748)
4(10629 10640 10750 10739)
4(10639 10749 10750 10640)
4(10738 10739 10750 10749)
4(10630 10641 10751 10740)
4(10640 10750 10751 10641)
4(10739 10740 10751 10750)
4(10631 10642 10752 10741)
4(10641 10751 10752 10642)
4(10740 10741 10752 10751)
4(10632 10643 10753 10742)
4(10642 10752 10753 10643)
4(10741 10742 10753 10752)
4(10633 10644 10754 10743)
4(10643 10753 10754 10644)
4(10742 10743 10754 10753)
4(10644 10754 10755 10645)
4(10743 10744 10755 10754)
4(10636 10647 10757 10746)
4(10646 10756 10757 10647)
4(10745 10746 10757 10756)
4(10637 10648 10758 10747)
4(10647 10757 10758 10648)
4(10746 10747 10758 10757)
4(10638 10649 10759 10748)
4(10648 10758 10759 10649)
4(10747 10748 10759 10758)
4(10639 10650 10760 10749)
4(10649 10759 10760 10650)
4(10748 10749 10760 10759)
4(10640 10651 10761 10750)
4(10650 10760 10761 10651)
4(10749 10750 10761 10760)
4(10641 10652 10762 10751)
4(10651 10761 10762 10652)
4(10750 10751 10762 10761)
4(10642 10653 10763 10752)
4(10652 10762 10763 10653)
4(10751 10752 10763 10762)
4(10643 10654 10764 10753)
4(10653 10763 10764 10654)
4(10752 10753 10764 10763)
4(10644 10655 10765 10754)
4(10654 10764 10765 10655)
4(10753 10754 10765 10764)
4(10655 10765 10766 10656)
4(10754 10755 10766 10765)
4(10647 10658 10768 10757)
4(10657 10767 10768 10658)
4(10756 10757 10768 10767)
4(10648 10659 10769 10758)
4(10658 10768 10769 10659)
4(10757 10758 10769 10768)
4(10649 10660 10770 10759)
4(10659 10769 10770 10660)
4(10758 10759 10770 10769)
4(10650 10661 10771 10760)
4(10660 10770 10771 10661)
4(10759 10760 10771 10770)
4(10651 10662 10772 10761)
4(10661 10771 10772 10662)
4(10760 10761 10772 10771)
4(10652 10663 10773 10762)
4(10662 10772 10773 10663)
4(10761 10762 10773 10772)
4(10653 10664 10774 10763)
4(10663 10773 10774 10664)
4(10762 10763 10774 10773)
4(10654 10665 10775 10764)
4(10664 10774 10775 10665)
4(10763 10764 10775 10774)
4(10655 10666 10776 10765)
4(10665 10775 10776 10666)
4(10764 10765 10776 10775)
4(10666 10776 10777 10667)
4(10765 10766 10777 10776)
4(10658 199 221 10768)
4(10767 10768 221 220)
4(10659 200 222 10769)
4(10768 10769 222 221)
4(10660 201 223 10770)
4(10769 10770 223 222)
4(10661 202 224 10771)
4(10770 10771 224 223)
4(10662 203 225 10772)
4(10771 10772 225 224)
4(10663 204 226 10773)
4(10772 10773 226 225)
4(10664 205 227 10774)
4(10773 10774 227 226)
4(10665 206 228 10775)
4(10774 10775 228 227)
4(10666 207 229 10776)
4(10775 10776 229 228)
4(10776 10777 230 229)
4(10669 10680 10790 10779)
4(10679 10789 10790 10680)
4(10778 10779 10790 10789)
4(10670 10681 10791 10780)
4(10680 10790 10791 10681)
4(10779 10780 10791 10790)
4(10671 10682 10792 10781)
4(10681 10791 10792 10682)
4(10780 10781 10792 10791)
4(10672 10683 10793 10782)
4(10682 10792 10793 10683)
4(10781 10782 10793 10792)
4(10673 10684 10794 10783)
4(10683 10793 10794 10684)
4(10782 10783 10794 10793)
4(10674 10685 10795 10784)
4(10684 10794 10795 10685)
4(10783 10784 10795 10794)
4(10675 10686 10796 10785)
4(10685 10795 10796 10686)
4(10784 10785 10796 10795)
4(10676 10687 10797 10786)
4(10686 10796 10797 10687)
4(10785 10786 10797 10796)
4(10677 10688 10798 10787)
4(10687 10797 10798 10688)
4(10786 10787 10798 10797)
4(10688 10798 10799 10689)
4(10787 10788 10799 10798)
4(10680 10691 10801 10790)
4(10690 10800 10801 10691)
4(10789 10790 10801 10800)
4(10681 10692 10802 10791)
4(10691 10801 10802 10692)
4(10790 10791 10802 10801)
4(10682 10693 10803 10792)
4(10692 10802 10803 10693)
4(10791 10792 10803 10802)
4(10683 10694 10804 10793)
4(10693 10803 10804 10694)
4(10792 10793 10804 10803)
4(10684 10695 10805 10794)
4(10694 10804 10805 10695)
4(10793 10794 10805 10804)
4(10685 10696 10806 10795)
4(10695 10805 10806 10696)
4(10794 10795 10806 10805)
4(10686 10697 10807 10796)
4(10696 10806 10807 10697)
4(10795 10796 10807 10806)
4(10687 10698 10808 10797)
4(10697 10807 10808 10698)
4(10796 10797 10808 10807)
4(10688 10699 10809 10798)
4(10698 10808 10809 10699)
4(10797 10798 10809 10808)
4(10699 10809 10810 10700)
4(10798 10799 10810 10809)
4(10691 10702 10812 10801)
4(10701 10811 10812 10702)
4(10800 10801 10812 10811)
4(10692 10703 10813 10802)
4(10702 10812 10813 10703)
4(10801 10802 10813 10812)
4(10693 10704 10814 10803)
4(10703 10813 10814 10704)
4(10802 10803 10814 10813)
4(10694 10705 10815 10804)
4(10704 10814 10815 10705)
4(10803 10804 10815 10814)
4(10695 10706 10816 10805)
4(10705 10815 10816 10706)
4(10804 10805 10816 10815)
4(10696 10707 10817 10806)
4(10706 10816 10817 10707)
4(10805 10806 10817 10816)
4(10697 10708 10818 10807)
4(10707 10817 10818 10708)
4(10806 10807 10818 10817)
4(10698 10709 10819 10808)
4(10708 10818 10819 10709)
4(10807 10808 10819 10818)
4(10699 10710 10820 10809)
4(10709 10819 10820 10710)
4(10808 10809 10820 10819)
4(10710 10820 10821 10711)
4(10809 10810 10821 10820)
4(10702 10713 10823 10812)
4(10712 10822 10823 10713)
4(10811 10812 10823 10822)
4(10703 10714 10824 10813)
4(10713 10823 10824 10714)
4(10812 10813 10824 10823)
4(10704 10715 10825 10814)
4(10714 10824 10825 10715)
4(10813 10814 10825 10824)
4(10705 10716 10826 10815)
4(10715 10825 10826 10716)
4(10814 10815 10826 10825)
4(10706 10717 10827 10816)
4(10716 10826 10827 10717)
4(10815 10816 10827 10826)
4(10707 10718 10828 10817)
4(10717 10827 10828 10718)
4(10816 10817 10828 10827)
4(10708 10719 10829 10818)
4(10718 10828 10829 10719)
4(10817 10818 10829 10828)
4(10709 10720 10830 10819)
4(10719 10829 10830 10720)
4(10818 10819 10830 10829)
4(10710 10721 10831 10820)
4(10720 10830 10831 10721)
4(10819 10820 10831 10830)
4(10721 10831 10832 10722)
4(10820 10821 10832 10831)
4(10713 10724 10834 10823)
4(10723 10833 10834 10724)
4(10822 10823 10834 10833)
4(10714 10725 10835 10824)
4(10724 10834 10835 10725)
4(10823 10824 10835 10834)
4(10715 10726 10836 10825)
4(10725 10835 10836 10726)
4(10824 10825 10836 10835)
4(10716 10727 10837 10826)
4(10726 10836 10837 10727)
4(10825 10826 10837 10836)
4(10717 10728 10838 10827)
4(10727 10837 10838 10728)
4(10826 10827 10838 10837)
4(10718 10729 10839 10828)
4(10728 10838 10839 10729)
4(10827 10828 10839 10838)
4(10719 10730 10840 10829)
4(10729 10839 10840 10730)
4(10828 10829 10840 10839)
4(10720 10731 10841 10830)
4(10730 10840 10841 10731)
4(10829 10830 10841 10840)
4(10721 10732 10842 10831)
4(10731 10841 10842 10732)
4(10830 10831 10842 10841)
4(10732 10842 10843 10733)
4(10831 10832 10843 10842)
4(10724 10735 10845 10834)
4(10734 10844 10845 10735)
4(10833 10834 10845 10844)
4(10725 10736 10846 10835)
4(10735 10845 10846 10736)
4(10834 10835 10846 10845)
4(10726 10737 10847 10836)
4(10736 10846 10847 10737)
4(10835 10836 10847 10846)
4(10727 10738 10848 10837)
4(10737 10847 10848 10738)
4(10836 10837 10848 10847)
4(10728 10739 10849 10838)
4(10738 10848 10849 10739)
4(10837 10838 10849 10848)
4(10729 10740 10850 10839)
4(10739 10849 10850 10740)
4(10838 10839 10850 10849)
4(10730 10741 10851 10840)
4(10740 10850 10851 10741)
4(10839 10840 10851 10850)
4(10731 10742 10852 10841)
4(10741 10851 10852 10742)
4(10840 10841 10852 10851)
4(10732 10743 10853 10842)
4(10742 10852 10853 10743)
4(10841 10842 10853 10852)
4(10743 10853 10854 10744)
4(10842 10843 10854 10853)
4(10735 10746 10856 10845)
4(10745 10855 10856 10746)
4(10844 10845 10856 10855)
4(10736 10747 10857 10846)
4(10746 10856 10857 10747)
4(10845 10846 10857 10856)
4(10737 10748 10858 10847)
4(10747 10857 10858 10748)
4(10846 10847 10858 10857)
4(10738 10749 10859 10848)
4(10748 10858 10859 10749)
4(10847 10848 10859 10858)
4(10739 10750 10860 10849)
4(10749 10859 10860 10750)
4(10848 10849 10860 10859)
4(10740 10751 10861 10850)
4(10750 10860 10861 10751)
4(10849 10850 10861 10860)
4(10741 10752 10862 10851)
4(10751 10861 10862 10752)
4(10850 10851 10862 10861)
4(10742 10753 10863 10852)
4(10752 10862 10863 10753)
4(10851 10852 10863 10862)
4(10743 10754 10864 10853)
4(10753 10863 10864 10754)
4(10852 10853 10864 10863)
4(10754 10864 10865 10755)
4(10853 10854 10865 10864)
4(10746 10757 10867 10856)
4(10756 10866 10867 10757)
4(10855 10856 10867 10866)
4(10747 10758 10868 10857)
4(10757 10867 10868 10758)
4(10856 10857 10868 10867)
4(10748 10759 10869 10858)
4(10758 10868 10869 10759)
4(10857 10858 10869 10868)
4(10749 10760 10870 10859)
4(10759 10869 10870 10760)
4(10858 10859 10870 10869)
4(10750 10761 10871 10860)
4(10760 10870 10871 10761)
4(10859 10860 10871 10870)
4(10751 10762 10872 10861)
4(10761 10871 10872 10762)
4(10860 10861 10872 10871)
4(10752 10763 10873 10862)
4(10762 10872 10873 10763)
4(10861 10862 10873 10872)
4(10753 10764 10874 10863)
4(10763 10873 10874 10764)
4(10862 10863 10874 10873)
4(10754 10765 10875 10864)
4(10764 10874 10875 10765)
4(10863 10864 10875 10874)
4(10765 10875 10876 10766)
4(10864 10865 10876 10875)
4(10757 10768 10878 10867)
4(10767 10877 10878 10768)
4(10866 10867 10878 10877)
4(10758 10769 10879 10868)
4(10768 10878 10879 10769)
4(10867 10868 10879 10878)
4(10759 10770 10880 10869)
4(10769 10879 10880 10770)
4(10868 10869 10880 10879)
4(10760 10771 10881 10870)
4(10770 10880 10881 10771)
4(10869 10870 10881 10880)
4(10761 10772 10882 10871)
4(10771 10881 10882 10772)
4(10870 10871 10882 10881)
4(10762 10773 10883 10872)
4(10772 10882 10883 10773)
4(10871 10872 10883 10882)
4(10763 10774 10884 10873)
4(10773 10883 10884 10774)
4(10872 10873 10884 10883)
4(10764 10775 10885 10874)
4(10774 10884 10885 10775)
4(10873 10874 10885 10884)
4(10765 10776 10886 10875)
4(10775 10885 10886 10776)
4(10874 10875 10886 10885)
4(10776 10886 10887 10777)
4(10875 10876 10887 10886)
4(10768 221 243 10878)
4(10877 10878 243 242)
4(10769 222 244 10879)
4(10878 10879 244 243)
4(10770 223 245 10880)
4(10879 10880 245 244)
4(10771 224 246 10881)
4(10880 10881 246 245)
4(10772 225 247 10882)
4(10881 10882 247 246)
4(10773 226 248 10883)
4(10882 10883 248 247)
4(10774 227 249 10884)
4(10883 10884 249 248)
4(10775 228 250 10885)
4(10884 10885 250 249)
4(10776 229 251 10886)
4(10885 10886 251 250)
4(10886 10887 252 251)
4(10779 10790 10900 10889)
4(10789 10899 10900 10790)
4(10888 10889 10900 10899)
4(10780 10791 10901 10890)
4(10790 10900 10901 10791)
4(10889 10890 10901 10900)
4(10781 10792 10902 10891)
4(10791 10901 10902 10792)
4(10890 10891 10902 10901)
4(10782 10793 10903 10892)
4(10792 10902 10903 10793)
4(10891 10892 10903 10902)
4(10783 10794 10904 10893)
4(10793 10903 10904 10794)
4(10892 10893 10904 10903)
4(10784 10795 10905 10894)
4(10794 10904 10905 10795)
4(10893 10894 10905 10904)
4(10785 10796 10906 10895)
4(10795 10905 10906 10796)
4(10894 10895 10906 10905)
4(10786 10797 10907 10896)
4(10796 10906 10907 10797)
4(10895 10896 10907 10906)
4(10787 10798 10908 10897)
4(10797 10907 10908 10798)
4(10896 10897 10908 10907)
4(10798 10908 10909 10799)
4(10897 10898 10909 10908)
4(10790 10801 10911 10900)
4(10800 10910 10911 10801)
4(10899 10900 10911 10910)
4(10791 10802 10912 10901)
4(10801 10911 10912 10802)
4(10900 10901 10912 10911)
4(10792 10803 10913 10902)
4(10802 10912 10913 10803)
4(10901 10902 10913 10912)
4(10793 10804 10914 10903)
4(10803 10913 10914 10804)
4(10902 10903 10914 10913)
4(10794 10805 10915 10904)
4(10804 10914 10915 10805)
4(10903 10904 10915 10914)
4(10795 10806 10916 10905)
4(10805 10915 10916 10806)
4(10904 10905 10916 10915)
4(10796 10807 10917 10906)
4(10806 10916 10917 10807)
4(10905 10906 10917 10916)
4(10797 10808 10918 10907)
4(10807 10917 10918 10808)
4(10906 10907 10918 10917)
4(10798 10809 10919 10908)
4(10808 10918 10919 10809)
4(10907 10908 10919 10918)
4(10809 10919 10920 10810)
4(10908 10909 10920 10919)
4(10801 10812 10922 10911)
4(10811 10921 10922 10812)
4(10910 10911 10922 10921)
4(10802 10813 10923 10912)
4(10812 10922 10923 10813)
4(10911 10912 10923 10922)
4(10803 10814 10924 10913)
4(10813 10923 10924 10814)
4(10912 10913 10924 10923)
4(10804 10815 10925 10914)
4(10814 10924 10925 10815)
4(10913 10914 10925 10924)
4(10805 10816 10926 10915)
4(10815 10925 10926 10816)
4(10914 10915 10926 10925)
4(10806 10817 10927 10916)
4(10816 10926 10927 10817)
4(10915 10916 10927 10926)
4(10807 10818 10928 10917)
4(10817 10927 10928 10818)
4(10916 10917 10928 10927)
4(10808 10819 10929 10918)
4(10818 10928 10929 10819)
4(10917 10918 10929 10928)
4(10809 10820 10930 10919)
4(10819 10929 10930 10820)
4(10918 10919 10930 10929)
4(10820 10930 10931 10821)
4(10919 10920 10931 10930)
4(10812 10823 10933 10922)
4(10822 10932 10933 10823)
4(10921 10922 10933 10932)
4(10813 10824 10934 10923)
4(10823 10933 10934 10824)
4(10922 10923 10934 10933)
4(10814 10825 10935 10924)
4(10824 10934 10935 10825)
4(10923 10924 10935 10934)
4(10815 10826 10936 10925)
4(10825 10935 10936 10826)
4(10924 10925 10936 10935)
4(10816 10827 10937 10926)
4(10826 10936 10937 10827)
4(10925 10926 10937 10936)
4(10817 10828 10938 10927)
4(10827 10937 10938 10828)
4(10926 10927 10938 10937)
4(10818 10829 10939 10928)
4(10828 10938 10939 10829)
4(10927 10928 10939 10938)
4(10819 10830 10940 10929)
4(10829 10939 10940 10830)
4(10928 10929 10940 10939)
4(10820 10831 10941 10930)
4(10830 10940 10941 10831)
4(10929 10930 10941 10940)
4(10831 10941 10942 10832)
4(10930 10931 10942 10941)
4(10823 10834 10944 10933)
4(10833 10943 10944 10834)
4(10932 10933 10944 10943)
4(10824 10835 10945 10934)
4(10834 10944 10945 10835)
4(10933 10934 10945 10944)
4(10825 10836 10946 10935)
4(10835 10945 10946 10836)
4(10934 10935 10946 10945)
4(10826 10837 10947 10936)
4(10836 10946 10947 10837)
4(10935 10936 10947 10946)
4(10827 10838 10948 10937)
4(10837 10947 10948 10838)
4(10936 10937 10948 10947)
4(10828 10839 10949 10938)
4(10838 10948 10949 10839)
4(10937 10938 10949 10948)
4(10829 10840 10950 10939)
4(10839 10949 10950 10840)
4(10938 10939 10950 10949)
4(10830 10841 10951 10940)
4(10840 10950 10951 10841)
4(10939 10940 10951 10950)
4(10831 10842 10952 10941)
4(10841 10951 10952 10842)
4(10940 10941 10952 10951)
4(10842 10952 10953 10843)
4(10941 10942 10953 10952)
4(10834 10845 10955 10944)
4(10844 10954 10955 10845)
4(10943 10944 10955 10954)
4(10835 10846 10956 10945)
4(10845 10955 10956 10846)
4(10944 10945 10956 10955)
4(10836 10847 10957 10946)
4(10846 10956 10957 10847)
4(10945 10946 10957 10956)
4(10837 10848 10958 10947)
4(10847 10957 10958 10848)
4(10946 10947 10958 10957)
4(10838 10849 10959 10948)
4(10848 10958 10959 10849)
4(10947 10948 10959 10958)
4(10839 10850 10960 10949)
4(10849 10959 10960 10850)
4(10948 10949 10960 10959)
4(10840 10851 10961 10950)
4(10850 10960 10961 10851)
4(10949 10950 10961 10960)
4(10841 10852 10962 10951)
4(10851 10961 10962 10852)
4(10950 10951 10962 10961)
4(10842 10853 10963 10952)
4(10852 10962 10963 10853)
4(10951 10952 10963 10962)
4(10853 10963 10964 10854)
4(10952 10953 10964 10963)
4(10845 10856 10966 10955)
4(10855 10965 10966 10856)
4(10954 10955 10966 10965)
4(10846 10857 10967 10956)
4(10856 10966 10967 10857)
4(10955 10956 10967 10966)
4(10847 10858 10968 10957)
4(10857 10967 10968 10858)
4(10956 10957 10968 10967)
4(10848 10859 10969 10958)
4(10858 10968 10969 10859)
4(10957 10958 10969 10968)
4(10849 10860 10970 10959)
4(10859 10969 10970 10860)
4(10958 10959 10970 10969)
4(10850 10861 10971 10960)
4(10860 10970 10971 10861)
4(10959 10960 10971 10970)
4(10851 10862 10972 10961)
4(10861 10971 10972 10862)
4(10960 10961 10972 10971)
4(10852 10863 10973 10962)
4(10862 10972 10973 10863)
4(10961 10962 10973 10972)
4(10853 10864 10974 10963)
4(10863 10973 10974 10864)
4(10962 10963 10974 10973)
4(10864 10974 10975 10865)
4(10963 10964 10975 10974)
4(10856 10867 10977 10966)
4(10866 10976 10977 10867)
4(10965 10966 10977 10976)
4(10857 10868 10978 10967)
4(10867 10977 10978 10868)
4(10966 10967 10978 10977)
4(10858 10869 10979 10968)
4(10868 10978 10979 10869)
4(10967 10968 10979 10978)
4(10859 10870 10980 10969)
4(10869 10979 10980 10870)
4(10968 10969 10980 10979)
4(10860 10871 10981 10970)
4(10870 10980 10981 10871)
4(10969 10970 10981 10980)
4(10861 10872 10982 10971)
4(10871 10981 10982 10872)
4(10970 10971 10982 10981)
4(10862 10873 10983 10972)
4(10872 10982 10983 10873)
4(10971 10972 10983 10982)
4(10863 10874 10984 10973)
4(10873 10983 10984 10874)
4(10972 10973 10984 10983)
4(10864 10875 10985 10974)
4(10874 10984 10985 10875)
4(10973 10974 10985 10984)
4(10875 10985 10986 10876)
4(10974 10975 10986 10985)
4(10867 10878 10988 10977)
4(10877 10987 10988 10878)
4(10976 10977 10988 10987)
4(10868 10879 10989 10978)
4(10878 10988 10989 10879)
4(10977 10978 10989 10988)
4(10869 10880 10990 10979)
4(10879 10989 10990 10880)
4(10978 10979 10990 10989)
4(10870 10881 10991 10980)
4(10880 10990 10991 10881)
4(10979 10980 10991 10990)
4(10871 10882 10992 10981)
4(10881 10991 10992 10882)
4(10980 10981 10992 10991)
4(10872 10883 10993 10982)
4(10882 10992 10993 10883)
4(10981 10982 10993 10992)
4(10873 10884 10994 10983)
4(10883 10993 10994 10884)
4(10982 10983 10994 10993)
4(10874 10885 10995 10984)
4(10884 10994 10995 10885)
4(10983 10984 10995 10994)
4(10875 10886 10996 10985)
4(10885 10995 10996 10886)
4(10984 10985 10996 10995)
4(10886 10996 10997 10887)
4(10985 10986 10997 10996)
4(10878 243 265 10988)
4(10987 10988 265 264)
4(10879 244 266 10989)
4(10988 10989 266 265)
4(10880 245 267 10990)
4(10989 10990 267 266)
4(10881 246 268 10991)
4(10990 10991 268 267)
4(10882 247 269 10992)
4(10991 10992 269 268)
4(10883 248 270 10993)
4(10992 10993 270 269)
4(10884 249 271 10994)
4(10993 10994 271 270)
4(10885 250 272 10995)
4(10994 10995 272 271)
4(10886 251 273 10996)
4(10995 10996 273 272)
4(10996 10997 274 273)
4(10889 10900 11010 10999)
4(10899 11009 11010 10900)
4(10998 10999 11010 11009)
4(10890 10901 11011 11000)
4(10900 11010 11011 10901)
4(10999 11000 11011 11010)
4(10891 10902 11012 11001)
4(10901 11011 11012 10902)
4(11000 11001 11012 11011)
4(10892 10903 11013 11002)
4(10902 11012 11013 10903)
4(11001 11002 11013 11012)
4(10893 10904 11014 11003)
4(10903 11013 11014 10904)
4(11002 11003 11014 11013)
4(10894 10905 11015 11004)
4(10904 11014 11015 10905)
4(11003 11004 11015 11014)
4(10895 10906 11016 11005)
4(10905 11015 11016 10906)
4(11004 11005 11016 11015)
4(10896 10907 11017 11006)
4(10906 11016 11017 10907)
4(11005 11006 11017 11016)
4(10897 10908 11018 11007)
4(10907 11017 11018 10908)
4(11006 11007 11018 11017)
4(10908 11018 11019 10909)
4(11007 11008 11019 11018)
4(10900 10911 11021 11010)
4(10910 11020 11021 10911)
4(11009 11010 11021 11020)
4(10901 10912 11022 11011)
4(10911 11021 11022 10912)
4(11010 11011 11022 11021)
4(10902 10913 11023 11012)
4(10912 11022 11023 10913)
4(11011 11012 11023 11022)
4(10903 10914 11024 11013)
4(10913 11023 11024 10914)
4(11012 11013 11024 11023)
4(10904 10915 11025 11014)
4(10914 11024 11025 10915)
4(11013 11014 11025 11024)
4(10905 10916 11026 11015)
4(10915 11025 11026 10916)
4(11014 11015 11026 11025)
4(10906 10917 11027 11016)
4(10916 11026 11027 10917)
4(11015 11016 11027 11026)
4(10907 10918 11028 11017)
4(10917 11027 11028 10918)
4(11016 11017 11028 11027)
4(10908 10919 11029 11018)
4(10918 11028 11029 10919)
4(11017 11018 11029 11028)
4(10919 11029 11030 10920)
4(11018 11019 11030 11029)
4(10911 10922 11032 11021)
4(10921 11031 11032 10922)
4(11020 11021 11032 11031)
4(10912 10923 11033 11022)
4(10922 11032 11033 10923)
4(11021 11022 11033 11032)
4(10913 10924 11034 11023)
4(10923 11033 11034 10924)
4(11022 11023 11034 11033)
4(10914 10925 11035 11024)
4(10924 11034 11035 10925)
4(11023 11024 11035 11034)
4(10915 10926 11036 11025)
4(10925 11035 11036 10926)
4(11024 11025 11036 11035)
4(10916 10927 11037 11026)
4(10926 11036 11037 10927)
4(11025 11026 11037 11036)
4(10917 10928 11038 11027)
4(10927 11037 11038 10928)
4(11026 11027 11038 11037)
4(10918 10929 11039 11028)
4(10928 11038 11039 10929)
4(11027 11028 11039 11038)
4(10919 10930 11040 11029)
4(10929 11039 11040 10930)
4(11028 11029 11040 11039)
4(10930 11040 11041 10931)
4(11029 11030 11041 11040)
4(10922 10933 11043 11032)
4(10932 11042 11043 10933)
4(11031 11032 11043 11042)
4(10923 10934 11044 11033)
4(10933 11043 11044 10934)
4(11032 11033 11044 11043)
4(10924 10935 11045 11034)
4(10934 11044 11045 10935)
4(11033 11034 11045 11044)
4(10925 10936 11046 11035)
4(10935 11045 11046 10936)
4(11034 11035 11046 11045)
4(10926 10937 11047 11036)
4(10936 11046 11047 10937)
4(11035 11036 11047 11046)
4(10927 10938 11048 11037)
4(10937 11047 11048 10938)
4(11036 11037 11048 11047)
4(10928 10939 11049 11038)
4(10938 11048 11049 10939)
4(11037 11038 11049 11048)
4(10929 10940 11050 11039)
4(10939 11049 11050 10940)
4(11038 11039 11050 11049)
4(10930 10941 11051 11040)
4(10940 11050 11051 10941)
4(11039 11040 11051 11050)
4(10941 11051 11052 10942)
4(11040 11041 11052 11051)
4(10933 10944 11054 11043)
4(10943 11053 11054 10944)
4(11042 11043 11054 11053)
4(10934 10945 11055 11044)
4(10944 11054 11055 10945)
4(11043 11044 11055 11054)
4(10935 10946 11056 11045)
4(10945 11055 11056 10946)
4(11044 11045 11056 11055)
4(10936 10947 11057 11046)
4(10946 11056 11057 10947)
4(11045 11046 11057 11056)
4(10937 10948 11058 11047)
4(10947 11057 11058 10948)
4(11046 11047 11058 11057)
4(10938 10949 11059 11048)
4(10948 11058 11059 10949)
4(11047 11048 11059 11058)
4(10939 10950 11060 11049)
4(10949 11059 11060 10950)
4(11048 11049 11060 11059)
4(10940 10951 11061 11050)
4(10950 11060 11061 10951)
4(11049 11050 11061 11060)
4(10941 10952 11062 11051)
4(10951 11061 11062 10952)
4(11050 11051 11062 11061)
4(10952 11062 11063 10953)
4(11051 11052 11063 11062)
4(10944 10955 11065 11054)
4(10954 11064 11065 10955)
4(11053 11054 11065 11064)
4(10945 10956 11066 11055)
4(10955 11065 11066 10956)
4(11054 11055 11066 11065)
4(10946 10957 11067 11056)
4(10956 11066 11067 10957)
4(11055 11056 11067 11066)
4(10947 10958 11068 11057)
4(10957 11067 11068 10958)
4(11056 11057 11068 11067)
4(10948 10959 11069 11058)
4(10958 11068 11069 10959)
4(11057 11058 11069 11068)
4(10949 10960 11070 11059)
4(10959 11069 11070 10960)
4(11058 11059 11070 11069)
4(10950 10961 11071 11060)
4(10960 11070 11071 10961)
4(11059 11060 11071 11070)
4(10951 10962 11072 11061)
4(10961 11071 11072 10962)
4(11060 11061 11072 11071)
4(10952 10963 11073 11062)
4(10962 11072 11073 10963)
4(11061 11062 11073 11072)
4(10963 11073 11074 10964)
4(11062 11063 11074 11073)
4(10955 10966 11076 11065)
4(10965 11075 11076 10966)
4(11064 11065 11076 11075)
4(10956 10967 11077 11066)
4(10966 11076 11077 10967)
4(11065 11066 11077 11076)
4(10957 10968 11078 11067)
4(10967 11077 11078 10968)
4(11066 11067 11078 11077)
4(10958 10969 11079 11068)
4(10968 11078 11079 10969)
4(11067 11068 11079 11078)
4(10959 10970 11080 11069)
4(10969 11079 11080 10970)
4(11068 11069 11080 11079)
4(10960 10971 11081 11070)
4(10970 11080 11081 10971)
4(11069 11070 11081 11080)
4(10961 10972 11082 11071)
4(10971 11081 11082 10972)
4(11070 11071 11082 11081)
4(10962 10973 11083 11072)
4(10972 11082 11083 10973)
4(11071 11072 11083 11082)
4(10963 10974 11084 11073)
4(10973 11083 11084 10974)
4(11072 11073 11084 11083)
4(10974 11084 11085 10975)
4(11073 11074 11085 11084)
4(10966 10977 11087 11076)
4(10976 11086 11087 10977)
4(11075 11076 11087 11086)
4(10967 10978 11088 11077)
4(10977 11087 11088 10978)
4(11076 11077 11088 11087)
4(10968 10979 11089 11078)
4(10978 11088 11089 10979)
4(11077 11078 11089 11088)
4(10969 10980 11090 11079)
4(10979 11089 11090 10980)
4(11078 11079 11090 11089)
4(10970 10981 11091 11080)
4(10980 11090 11091 10981)
4(11079 11080 11091 11090)
4(10971 10982 11092 11081)
4(10981 11091 11092 10982)
4(11080 11081 11092 11091)
4(10972 10983 11093 11082)
4(10982 11092 11093 10983)
4(11081 11082 11093 11092)
4(10973 10984 11094 11083)
4(10983 11093 11094 10984)
4(11082 11083 11094 11093)
4(10974 10985 11095 11084)
4(10984 11094 11095 10985)
4(11083 11084 11095 11094)
4(10985 11095 11096 10986)
4(11084 11085 11096 11095)
4(10977 10988 11098 11087)
4(10987 11097 11098 10988)
4(11086 11087 11098 11097)
4(10978 10989 11099 11088)
4(10988 11098 11099 10989)
4(11087 11088 11099 11098)
4(10979 10990 11100 11089)
4(10989 11099 11100 10990)
4(11088 11089 11100 11099)
4(10980 10991 11101 11090)
4(10990 11100 11101 10991)
4(11089 11090 11101 11100)
4(10981 10992 11102 11091)
4(10991 11101 11102 10992)
4(11090 11091 11102 11101)
4(10982 10993 11103 11092)
4(10992 11102 11103 10993)
4(11091 11092 11103 11102)
4(10983 10994 11104 11093)
4(10993 11103 11104 10994)
4(11092 11093 11104 11103)
4(10984 10995 11105 11094)
4(10994 11104 11105 10995)
4(11093 11094 11105 11104)
4(10985 10996 11106 11095)
4(10995 11105 11106 10996)
4(11094 11095 11106 11105)
4(10996 11106 11107 10997)
4(11095 11096 11107 11106)
4(10988 265 287 11098)
4(11097 11098 287 286)
4(10989 266 288 11099)
4(11098 11099 288 287)
4(10990 267 289 11100)
4(11099 11100 289 288)
4(10991 268 290 11101)
4(11100 11101 290 289)
4(10992 269 291 11102)
4(11101 11102 291 290)
4(10993 270 292 11103)
4(11102 11103 292 291)
4(10994 271 293 11104)
4(11103 11104 293 292)
4(10995 272 294 11105)
4(11104 11105 294 293)
4(10996 273 295 11106)
4(11105 11106 295 294)
4(11106 11107 296 295)
4(10999 11010 11120 11109)
4(11009 11119 11120 11010)
4(11108 11109 11120 11119)
4(11000 11011 11121 11110)
4(11010 11120 11121 11011)
4(11109 11110 11121 11120)
4(11001 11012 11122 11111)
4(11011 11121 11122 11012)
4(11110 11111 11122 11121)
4(11002 11013 11123 11112)
4(11012 11122 11123 11013)
4(11111 11112 11123 11122)
4(11003 11014 11124 11113)
4(11013 11123 11124 11014)
4(11112 11113 11124 11123)
4(11004 11015 11125 11114)
4(11014 11124 11125 11015)
4(11113 11114 11125 11124)
4(11005 11016 11126 11115)
4(11015 11125 11126 11016)
4(11114 11115 11126 11125)
4(11006 11017 11127 11116)
4(11016 11126 11127 11017)
4(11115 11116 11127 11126)
4(11007 11018 11128 11117)
4(11017 11127 11128 11018)
4(11116 11117 11128 11127)
4(11018 11128 11129 11019)
4(11117 11118 11129 11128)
4(11010 11021 11131 11120)
4(11020 11130 11131 11021)
4(11119 11120 11131 11130)
4(11011 11022 11132 11121)
4(11021 11131 11132 11022)
4(11120 11121 11132 11131)
4(11012 11023 11133 11122)
4(11022 11132 11133 11023)
4(11121 11122 11133 11132)
4(11013 11024 11134 11123)
4(11023 11133 11134 11024)
4(11122 11123 11134 11133)
4(11014 11025 11135 11124)
4(11024 11134 11135 11025)
4(11123 11124 11135 11134)
4(11015 11026 11136 11125)
4(11025 11135 11136 11026)
4(11124 11125 11136 11135)
4(11016 11027 11137 11126)
4(11026 11136 11137 11027)
4(11125 11126 11137 11136)
4(11017 11028 11138 11127)
4(11027 11137 11138 11028)
4(11126 11127 11138 11137)
4(11018 11029 11139 11128)
4(11028 11138 11139 11029)
4(11127 11128 11139 11138)
4(11029 11139 11140 11030)
4(11128 11129 11140 11139)
4(11021 11032 11142 11131)
4(11031 11141 11142 11032)
4(11130 11131 11142 11141)
4(11022 11033 11143 11132)
4(11032 11142 11143 11033)
4(11131 11132 11143 11142)
4(11023 11034 11144 11133)
4(11033 11143 11144 11034)
4(11132 11133 11144 11143)
4(11024 11035 11145 11134)
4(11034 11144 11145 11035)
4(11133 11134 11145 11144)
4(11025 11036 11146 11135)
4(11035 11145 11146 11036)
4(11134 11135 11146 11145)
4(11026 11037 11147 11136)
4(11036 11146 11147 11037)
4(11135 11136 11147 11146)
4(11027 11038 11148 11137)
4(11037 11147 11148 11038)
4(11136 11137 11148 11147)
4(11028 11039 11149 11138)
4(11038 11148 11149 11039)
4(11137 11138 11149 11148)
4(11029 11040 11150 11139)
4(11039 11149 11150 11040)
4(11138 11139 11150 11149)
4(11040 11150 11151 11041)
4(11139 11140 11151 11150)
4(11032 11043 11153 11142)
4(11042 11152 11153 11043)
4(11141 11142 11153 11152)
4(11033 11044 11154 11143)
4(11043 11153 11154 11044)
4(11142 11143 11154 11153)
4(11034 11045 11155 11144)
4(11044 11154 11155 11045)
4(11143 11144 11155 11154)
4(11035 11046 11156 11145)
4(11045 11155 11156 11046)
4(11144 11145 11156 11155)
4(11036 11047 11157 11146)
4(11046 11156 11157 11047)
4(11145 11146 11157 11156)
4(11037 11048 11158 11147)
4(11047 11157 11158 11048)
4(11146 11147 11158 11157)
4(11038 11049 11159 11148)
4(11048 11158 11159 11049)
4(11147 11148 11159 11158)
4(11039 11050 11160 11149)
4(11049 11159 11160 11050)
4(11148 11149 11160 11159)
4(11040 11051 11161 11150)
4(11050 11160 11161 11051)
4(11149 11150 11161 11160)
4(11051 11161 11162 11052)
4(11150 11151 11162 11161)
4(11043 11054 11164 11153)
4(11053 11163 11164 11054)
4(11152 11153 11164 11163)
4(11044 11055 11165 11154)
4(11054 11164 11165 11055)
4(11153 11154 11165 11164)
4(11045 11056 11166 11155)
4(11055 11165 11166 11056)
4(11154 11155 11166 11165)
4(11046 11057 11167 11156)
4(11056 11166 11167 11057)
4(11155 11156 11167 11166)
4(11047 11058 11168 11157)
4(11057 11167 11168 11058)
4(11156 11157 11168 11167)
4(11048 11059 11169 11158)
4(11058 11168 11169 11059)
4(11157 11158 11169 11168)
4(11049 11060 11170 11159)
4(11059 11169 11170 11060)
4(11158 11159 11170 11169)
4(11050 11061 11171 11160)
4(11060 11170 11171 11061)
4(11159 11160 11171 11170)
4(11051 11062 11172 11161)
4(11061 11171 11172 11062)
4(11160 11161 11172 11171)
4(11062 11172 11173 11063)
4(11161 11162 11173 11172)
4(11054 11065 11175 11164)
4(11064 11174 11175 11065)
4(11163 11164 11175 11174)
4(11055 11066 11176 11165)
4(11065 11175 11176 11066)
4(11164 11165 11176 11175)
4(11056 11067 11177 11166)
4(11066 11176 11177 11067)
4(11165 11166 11177 11176)
4(11057 11068 11178 11167)
4(11067 11177 11178 11068)
4(11166 11167 11178 11177)
4(11058 11069 11179 11168)
4(11068 11178 11179 11069)
4(11167 11168 11179 11178)
4(11059 11070 11180 11169)
4(11069 11179 11180 11070)
4(11168 11169 11180 11179)
4(11060 11071 11181 11170)
4(11070 11180 11181 11071)
4(11169 11170 11181 11180)
4(11061 11072 11182 11171)
4(11071 11181 11182 11072)
4(11170 11171 11182 11181)
4(11062 11073 11183 11172)
4(11072 11182 11183 11073)
4(11171 11172 11183 11182)
4(11073 11183 11184 11074)
4(11172 11173 11184 11183)
4(11065 11076 11186 11175)
4(11075 11185 11186 11076)
4(11174 11175 11186 11185)
4(11066 11077 11187 11176)
4(11076 11186 11187 11077)
4(11175 11176 11187 11186)
4(11067 11078 11188 11177)
4(11077 11187 11188 11078)
4(11176 11177 11188 11187)
4(11068 11079 11189 11178)
4(11078 11188 11189 11079)
4(11177 11178 11189 11188)
4(11069 11080 11190 11179)
4(11079 11189 11190 11080)
4(11178 11179 11190 11189)
4(11070 11081 11191 11180)
4(11080 11190 11191 11081)
4(11179 11180 11191 11190)
4(11071 11082 11192 11181)
4(11081 11191 11192 11082)
4(11180 11181 11192 11191)
4(11072 11083 11193 11182)
4(11082 11192 11193 11083)
4(11181 11182 11193 11192)
4(11073 11084 11194 11183)
4(11083 11193 11194 11084)
4(11182 11183 11194 11193)
4(11084 11194 11195 11085)
4(11183 11184 11195 11194)
4(11076 11087 11197 11186)
4(11086 11196 11197 11087)
4(11185 11186 11197 11196)
4(11077 11088 11198 11187)
4(11087 11197 11198 11088)
4(11186 11187 11198 11197)
4(11078 11089 11199 11188)
4(11088 11198 11199 11089)
4(11187 11188 11199 11198)
4(11079 11090 11200 11189)
4(11089 11199 11200 11090)
4(11188 11189 11200 11199)
4(11080 11091 11201 11190)
4(11090 11200 11201 11091)
4(11189 11190 11201 11200)
4(11081 11092 11202 11191)
4(11091 11201 11202 11092)
4(11190 11191 11202 11201)
4(11082 11093 11203 11192)
4(11092 11202 11203 11093)
4(11191 11192 11203 11202)
4(11083 11094 11204 11193)
4(11093 11203 11204 11094)
4(11192 11193 11204 11203)
4(11084 11095 11205 11194)
4(11094 11204 11205 11095)
4(11193 11194 11205 11204)
4(11095 11205 11206 11096)
4(11194 11195 11206 11205)
4(11087 11098 11208 11197)
4(11097 11207 11208 11098)
4(11196 11197 11208 11207)
4(11088 11099 11209 11198)
4(11098 11208 11209 11099)
4(11197 11198 11209 11208)
4(11089 11100 11210 11199)
4(11099 11209 11210 11100)
4(11198 11199 11210 11209)
4(11090 11101 11211 11200)
4(11100 11210 11211 11101)
4(11199 11200 11211 11210)
4(11091 11102 11212 11201)
4(11101 11211 11212 11102)
4(11200 11201 11212 11211)
4(11092 11103 11213 11202)
4(11102 11212 11213 11103)
4(11201 11202 11213 11212)
4(11093 11104 11214 11203)
4(11103 11213 11214 11104)
4(11202 11203 11214 11213)
4(11094 11105 11215 11204)
4(11104 11214 11215 11105)
4(11203 11204 11215 11214)
4(11095 11106 11216 11205)
4(11105 11215 11216 11106)
4(11204 11205 11216 11215)
4(11106 11216 11217 11107)
4(11205 11206 11217 11216)
4(11098 287 309 11208)
4(11207 11208 309 308)
4(11099 288 310 11209)
4(11208 11209 310 309)
4(11100 289 311 11210)
4(11209 11210 311 310)
4(11101 290 312 11211)
4(11210 11211 312 311)
4(11102 291 313 11212)
4(11211 11212 313 312)
4(11103 292 314 11213)
4(11212 11213 314 313)
4(11104 293 315 11214)
4(11213 11214 315 314)
4(11105 294 316 11215)
4(11214 11215 316 315)
4(11106 295 317 11216)
4(11215 11216 317 316)
4(11216 11217 318 317)
4(11109 11120 11230 11219)
4(11119 11229 11230 11120)
4(11110 11121 11231 11220)
4(11120 11230 11231 11121)
4(11111 11122 11232 11221)
4(11121 11231 11232 11122)
4(11112 11123 11233 11222)
4(11122 11232 11233 11123)
4(11113 11124 11234 11223)
4(11123 11233 11234 11124)
4(11114 11125 11235 11224)
4(11124 11234 11235 11125)
4(11115 11126 11236 11225)
4(11125 11235 11236 11126)
4(11116 11127 11237 11226)
4(11126 11236 11237 11127)
4(11117 11128 11238 11227)
4(11127 11237 11238 11128)
4(11128 11238 11239 11129)
4(11120 11131 11241 11230)
4(11130 11240 11241 11131)
4(11121 11132 11242 11231)
4(11131 11241 11242 11132)
4(11122 11133 11243 11232)
4(11132 11242 11243 11133)
4(11123 11134 11244 11233)
4(11133 11243 11244 11134)
4(11124 11135 11245 11234)
4(11134 11244 11245 11135)
4(11125 11136 11246 11235)
4(11135 11245 11246 11136)
4(11126 11137 11247 11236)
4(11136 11246 11247 11137)
4(11127 11138 11248 11237)
4(11137 11247 11248 11138)
4(11128 11139 11249 11238)
4(11138 11248 11249 11139)
4(11139 11249 11250 11140)
4(11131 11142 11252 11241)
4(11141 11251 11252 11142)
4(11132 11143 11253 11242)
4(11142 11252 11253 11143)
4(11133 11144 11254 11243)
4(11143 11253 11254 11144)
4(11134 11145 11255 11244)
4(11144 11254 11255 11145)
4(11135 11146 11256 11245)
4(11145 11255 11256 11146)
4(11136 11147 11257 11246)
4(11146 11256 11257 11147)
4(11137 11148 11258 11247)
4(11147 11257 11258 11148)
4(11138 11149 11259 11248)
4(11148 11258 11259 11149)
4(11139 11150 11260 11249)
4(11149 11259 11260 11150)
4(11150 11260 11261 11151)
4(11142 11153 11263 11252)
4(11152 11262 11263 11153)
4(11143 11154 11264 11253)
4(11153 11263 11264 11154)
4(11144 11155 11265 11254)
4(11154 11264 11265 11155)
4(11145 11156 11266 11255)
4(11155 11265 11266 11156)
4(11146 11157 11267 11256)
4(11156 11266 11267 11157)
4(11147 11158 11268 11257)
4(11157 11267 11268 11158)
4(11148 11159 11269 11258)
4(11158 11268 11269 11159)
4(11149 11160 11270 11259)
4(11159 11269 11270 11160)
4(11150 11161 11271 11260)
4(11160 11270 11271 11161)
4(11161 11271 11272 11162)
4(11153 11164 11274 11263)
4(11163 11273 11274 11164)
4(11154 11165 11275 11264)
4(11164 11274 11275 11165)
4(11155 11166 11276 11265)
4(11165 11275 11276 11166)
4(11156 11167 11277 11266)
4(11166 11276 11277 11167)
4(11157 11168 11278 11267)
4(11167 11277 11278 11168)
4(11158 11169 11279 11268)
4(11168 11278 11279 11169)
4(11159 11170 11280 11269)
4(11169 11279 11280 11170)
4(11160 11171 11281 11270)
4(11170 11280 11281 11171)
4(11161 11172 11282 11271)
4(11171 11281 11282 11172)
4(11172 11282 11283 11173)
4(11164 11175 11285 11274)
4(11174 11284 11285 11175)
4(11165 11176 11286 11275)
4(11175 11285 11286 11176)
4(11166 11177 11287 11276)
4(11176 11286 11287 11177)
4(11167 11178 11288 11277)
4(11177 11287 11288 11178)
4(11168 11179 11289 11278)
4(11178 11288 11289 11179)
4(11169 11180 11290 11279)
4(11179 11289 11290 11180)
4(11170 11181 11291 11280)
4(11180 11290 11291 11181)
4(11171 11182 11292 11281)
4(11181 11291 11292 11182)
4(11172 11183 11293 11282)
4(11182 11292 11293 11183)
4(11183 11293 11294 11184)
4(11175 11186 11296 11285)
4(11185 11295 11296 11186)
4(11176 11187 11297 11286)
4(11186 11296 11297 11187)
4(11177 11188 11298 11287)
4(11187 11297 11298 11188)
4(11178 11189 11299 11288)
4(11188 11298 11299 11189)
4(11179 11190 11300 11289)
4(11189 11299 11300 11190)
4(11180 11191 11301 11290)
4(11190 11300 11301 11191)
4(11181 11192 11302 11291)
4(11191 11301 11302 11192)
4(11182 11193 11303 11292)
4(11192 11302 11303 11193)
4(11183 11194 11304 11293)
4(11193 11303 11304 11194)
4(11194 11304 11305 11195)
4(11186 11197 11307 11296)
4(11196 11306 11307 11197)
4(11187 11198 11308 11297)
4(11197 11307 11308 11198)
4(11188 11199 11309 11298)
4(11198 11308 11309 11199)
4(11189 11200 11310 11299)
4(11199 11309 11310 11200)
4(11190 11201 11311 11300)
4(11200 11310 11311 11201)
4(11191 11202 11312 11301)
4(11201 11311 11312 11202)
4(11192 11203 11313 11302)
4(11202 11312 11313 11203)
4(11193 11204 11314 11303)
4(11203 11313 11314 11204)
4(11194 11205 11315 11304)
4(11204 11314 11315 11205)
4(11205 11315 11316 11206)
4(11197 11208 11318 11307)
4(11207 11317 11318 11208)
4(11198 11209 11319 11308)
4(11208 11318 11319 11209)
4(11199 11210 11320 11309)
4(11209 11319 11320 11210)
4(11200 11211 11321 11310)
4(11210 11320 11321 11211)
4(11201 11212 11322 11311)
4(11211 11321 11322 11212)
4(11202 11213 11323 11312)
4(11212 11322 11323 11213)
4(11203 11214 11324 11313)
4(11213 11323 11324 11214)
4(11204 11215 11325 11314)
4(11214 11324 11325 11215)
4(11205 11216 11326 11315)
4(11215 11325 11326 11216)
4(11216 11326 11327 11217)
4(11208 309 331 11318)
4(11209 310 332 11319)
4(11210 311 333 11320)
4(11211 312 334 11321)
4(11212 313 335 11322)
4(11213 314 336 11323)
4(11214 315 337 11324)
4(11215 316 338 11325)
4(11216 317 339 11326)
4(11329 11340 11450 11439)
4(11339 11449 11450 11340)
4(11438 11439 11450 11449)
4(11330 11341 11451 11440)
4(11340 11450 11451 11341)
4(11439 11440 11451 11450)
4(11331 11342 11452 11441)
4(11341 11451 11452 11342)
4(11440 11441 11452 11451)
4(11332 11343 11453 11442)
4(11342 11452 11453 11343)
4(11441 11442 11453 11452)
4(11333 11344 11454 11443)
4(11343 11453 11454 11344)
4(11442 11443 11454 11453)
4(11334 11345 11455 11444)
4(11344 11454 11455 11345)
4(11443 11444 11455 11454)
4(11335 11346 11456 11445)
4(11345 11455 11456 11346)
4(11444 11445 11456 11455)
4(11336 11347 11457 11446)
4(11346 11456 11457 11347)
4(11445 11446 11457 11456)
4(11337 11348 11458 11447)
4(11347 11457 11458 11348)
4(11446 11447 11458 11457)
4(11348 11458 11459 11349)
4(11447 11448 11459 11458)
4(11340 11351 11461 11450)
4(11350 11460 11461 11351)
4(11449 11450 11461 11460)
4(11341 11352 11462 11451)
4(11351 11461 11462 11352)
4(11450 11451 11462 11461)
4(11342 11353 11463 11452)
4(11352 11462 11463 11353)
4(11451 11452 11463 11462)
4(11343 11354 11464 11453)
4(11353 11463 11464 11354)
4(11452 11453 11464 11463)
4(11344 11355 11465 11454)
4(11354 11464 11465 11355)
4(11453 11454 11465 11464)
4(11345 11356 11466 11455)
4(11355 11465 11466 11356)
4(11454 11455 11466 11465)
4(11346 11357 11467 11456)
4(11356 11466 11467 11357)
4(11455 11456 11467 11466)
4(11347 11358 11468 11457)
4(11357 11467 11468 11358)
4(11456 11457 11468 11467)
4(11348 11359 11469 11458)
4(11358 11468 11469 11359)
4(11457 11458 11469 11468)
4(11359 11469 11470 11360)
4(11458 11459 11470 11469)
4(11351 11362 11472 11461)
4(11361 11471 11472 11362)
4(11460 11461 11472 11471)
4(11352 11363 11473 11462)
4(11362 11472 11473 11363)
4(11461 11462 11473 11472)
4(11353 11364 11474 11463)
4(11363 11473 11474 11364)
4(11462 11463 11474 11473)
4(11354 11365 11475 11464)
4(11364 11474 11475 11365)
4(11463 11464 11475 11474)
4(11355 11366 11476 11465)
4(11365 11475 11476 11366)
4(11464 11465 11476 11475)
4(11356 11367 11477 11466)
4(11366 11476 11477 11367)
4(11465 11466 11477 11476)
4(11357 11368 11478 11467)
4(11367 11477 11478 11368)
4(11466 11467 11478 11477)
4(11358 11369 11479 11468)
4(11368 11478 11479 11369)
4(11467 11468 11479 11478)
4(11359 11370 11480 11469)
4(11369 11479 11480 11370)
4(11468 11469 11480 11479)
4(11370 11480 11481 11371)
4(11469 11470 11481 11480)
4(11362 11373 11483 11472)
4(11372 11482 11483 11373)
4(11471 11472 11483 11482)
4(11363 11374 11484 11473)
4(11373 11483 11484 11374)
4(11472 11473 11484 11483)
4(11364 11375 11485 11474)
4(11374 11484 11485 11375)
4(11473 11474 11485 11484)
4(11365 11376 11486 11475)
4(11375 11485 11486 11376)
4(11474 11475 11486 11485)
4(11366 11377 11487 11476)
4(11376 11486 11487 11377)
4(11475 11476 11487 11486)
4(11367 11378 11488 11477)
4(11377 11487 11488 11378)
4(11476 11477 11488 11487)
4(11368 11379 11489 11478)
4(11378 11488 11489 11379)
4(11477 11478 11489 11488)
4(11369 11380 11490 11479)
4(11379 11489 11490 11380)
4(11478 11479 11490 11489)
4(11370 11381 11491 11480)
4(11380 11490 11491 11381)
4(11479 11480 11491 11490)
4(11381 11491 11492 11382)
4(11480 11481 11492 11491)
4(11373 11384 11494 11483)
4(11383 11493 11494 11384)
4(11482 11483 11494 11493)
4(11374 11385 11495 11484)
4(11384 11494 11495 11385)
4(11483 11484 11495 11494)
4(11375 11386 11496 11485)
4(11385 11495 11496 11386)
4(11484 11485 11496 11495)
4(11376 11387 11497 11486)
4(11386 11496 11497 11387)
4(11485 11486 11497 11496)
4(11377 11388 11498 11487)
4(11387 11497 11498 11388)
4(11486 11487 11498 11497)
4(11378 11389 11499 11488)
4(11388 11498 11499 11389)
4(11487 11488 11499 11498)
4(11379 11390 11500 11489)
4(11389 11499 11500 11390)
4(11488 11489 11500 11499)
4(11380 11391 11501 11490)
4(11390 11500 11501 11391)
4(11489 11490 11501 11500)
4(11381 11392 11502 11491)
4(11391 11501 11502 11392)
4(11490 11491 11502 11501)
4(11392 11502 11503 11393)
4(11491 11492 11503 11502)
4(11384 11395 11505 11494)
4(11394 11504 11505 11395)
4(11493 11494 11505 11504)
4(11385 11396 11506 11495)
4(11395 11505 11506 11396)
4(11494 11495 11506 11505)
4(11386 11397 11507 11496)
4(11396 11506 11507 11397)
4(11495 11496 11507 11506)
4(11387 11398 11508 11497)
4(11397 11507 11508 11398)
4(11496 11497 11508 11507)
4(11388 11399 11509 11498)
4(11398 11508 11509 11399)
4(11497 11498 11509 11508)
4(11389 11400 11510 11499)
4(11399 11509 11510 11400)
4(11498 11499 11510 11509)
4(11390 11401 11511 11500)
4(11400 11510 11511 11401)
4(11499 11500 11511 11510)
4(11391 11402 11512 11501)
4(11401 11511 11512 11402)
4(11500 11501 11512 11511)
4(11392 11403 11513 11502)
4(11402 11512 11513 11403)
4(11501 11502 11513 11512)
4(11403 11513 11514 11404)
4(11502 11503 11514 11513)
4(11395 11406 11516 11505)
4(11405 11515 11516 11406)
4(11504 11505 11516 11515)
4(11396 11407 11517 11506)
4(11406 11516 11517 11407)
4(11505 11506 11517 11516)
4(11397 11408 11518 11507)
4(11407 11517 11518 11408)
4(11506 11507 11518 11517)
4(11398 11409 11519 11508)
4(11408 11518 11519 11409)
4(11507 11508 11519 11518)
4(11399 11410 11520 11509)
4(11409 11519 11520 11410)
4(11508 11509 11520 11519)
4(11400 11411 11521 11510)
4(11410 11520 11521 11411)
4(11509 11510 11521 11520)
4(11401 11412 11522 11511)
4(11411 11521 11522 11412)
4(11510 11511 11522 11521)
4(11402 11413 11523 11512)
4(11412 11522 11523 11413)
4(11511 11512 11523 11522)
4(11403 11414 11524 11513)
4(11413 11523 11524 11414)
4(11512 11513 11524 11523)
4(11414 11524 11525 11415)
4(11513 11514 11525 11524)
4(11406 11417 11527 11516)
4(11416 11526 11527 11417)
4(11515 11516 11527 11526)
4(11407 11418 11528 11517)
4(11417 11527 11528 11418)
4(11516 11517 11528 11527)
4(11408 11419 11529 11518)
4(11418 11528 11529 11419)
4(11517 11518 11529 11528)
4(11409 11420 11530 11519)
4(11419 11529 11530 11420)
4(11518 11519 11530 11529)
4(11410 11421 11531 11520)
4(11420 11530 11531 11421)
4(11519 11520 11531 11530)
4(11411 11422 11532 11521)
4(11421 11531 11532 11422)
4(11520 11521 11532 11531)
4(11412 11423 11533 11522)
4(11422 11532 11533 11423)
4(11521 11522 11533 11532)
4(11413 11424 11534 11523)
4(11423 11533 11534 11424)
4(11522 11523 11534 11533)
4(11414 11425 11535 11524)
4(11424 11534 11535 11425)
4(11523 11524 11535 11534)
4(11425 11535 11536 11426)
4(11524 11525 11536 11535)
4(11417 11428 11538 11527)
4(11427 11537 11538 11428)
4(11526 11527 11538 11537)
4(11418 11429 11539 11528)
4(11428 11538 11539 11429)
4(11527 11528 11539 11538)
4(11419 11430 11540 11529)
4(11429 11539 11540 11430)
4(11528 11529 11540 11539)
4(11420 11431 11541 11530)
4(11430 11540 11541 11431)
4(11529 11530 11541 11540)
4(11421 11432 11542 11531)
4(11431 11541 11542 11432)
4(11530 11531 11542 11541)
4(11422 11433 11543 11532)
4(11432 11542 11543 11433)
4(11531 11532 11543 11542)
4(11423 11434 11544 11533)
4(11433 11543 11544 11434)
4(11532 11533 11544 11543)
4(11424 11435 11545 11534)
4(11434 11544 11545 11435)
4(11533 11534 11545 11544)
4(11425 11436 11546 11535)
4(11435 11545 11546 11436)
4(11534 11535 11546 11545)
4(11436 11546 11547 11437)
4(11535 11536 11547 11546)
4(11428 544 564 11538)
4(11537 11538 564 514)
4(11429 545 565 11539)
4(11538 11539 565 564)
4(11430 546 566 11540)
4(11539 11540 566 565)
4(11431 547 567 11541)
4(11540 11541 567 566)
4(11432 548 568 11542)
4(11541 11542 568 567)
4(11433 549 569 11543)
4(11542 11543 569 568)
4(11434 550 570 11544)
4(11543 11544 570 569)
4(11435 551 571 11545)
4(11544 11545 571 570)
4(11436 552 572 11546)
4(11545 11546 572 571)
4(11546 11547 573 572)
4(11439 11450 11560 11549)
4(11449 11559 11560 11450)
4(11548 11549 11560 11559)
4(11440 11451 11561 11550)
4(11450 11560 11561 11451)
4(11549 11550 11561 11560)
4(11441 11452 11562 11551)
4(11451 11561 11562 11452)
4(11550 11551 11562 11561)
4(11442 11453 11563 11552)
4(11452 11562 11563 11453)
4(11551 11552 11563 11562)
4(11443 11454 11564 11553)
4(11453 11563 11564 11454)
4(11552 11553 11564 11563)
4(11444 11455 11565 11554)
4(11454 11564 11565 11455)
4(11553 11554 11565 11564)
4(11445 11456 11566 11555)
4(11455 11565 11566 11456)
4(11554 11555 11566 11565)
4(11446 11457 11567 11556)
4(11456 11566 11567 11457)
4(11555 11556 11567 11566)
4(11447 11458 11568 11557)
4(11457 11567 11568 11458)
4(11556 11557 11568 11567)
4(11458 11568 11569 11459)
4(11557 11558 11569 11568)
4(11450 11461 11571 11560)
4(11460 11570 11571 11461)
4(11559 11560 11571 11570)
4(11451 11462 11572 11561)
4(11461 11571 11572 11462)
4(11560 11561 11572 11571)
4(11452 11463 11573 11562)
4(11462 11572 11573 11463)
4(11561 11562 11573 11572)
4(11453 11464 11574 11563)
4(11463 11573 11574 11464)
4(11562 11563 11574 11573)
4(11454 11465 11575 11564)
4(11464 11574 11575 11465)
4(11563 11564 11575 11574)
4(11455 11466 11576 11565)
4(11465 11575 11576 11466)
4(11564 11565 11576 11575)
4(11456 11467 11577 11566)
4(11466 11576 11577 11467)
4(11565 11566 11577 11576)
4(11457 11468 11578 11567)
4(11467 11577 11578 11468)
4(11566 11567 11578 11577)
4(11458 11469 11579 11568)
4(11468 11578 11579 11469)
4(11567 11568 11579 11578)
4(11469 11579 11580 11470)
4(11568 11569 11580 11579)
4(11461 11472 11582 11571)
4(11471 11581 11582 11472)
4(11570 11571 11582 11581)
4(11462 11473 11583 11572)
4(11472 11582 11583 11473)
4(11571 11572 11583 11582)
4(11463 11474 11584 11573)
4(11473 11583 11584 11474)
4(11572 11573 11584 11583)
4(11464 11475 11585 11574)
4(11474 11584 11585 11475)
4(11573 11574 11585 11584)
4(11465 11476 11586 11575)
4(11475 11585 11586 11476)
4(11574 11575 11586 11585)
4(11466 11477 11587 11576)
4(11476 11586 11587 11477)
4(11575 11576 11587 11586)
4(11467 11478 11588 11577)
4(11477 11587 11588 11478)
4(11576 11577 11588 11587)
4(11468 11479 11589 11578)
4(11478 11588 11589 11479)
4(11577 11578 11589 11588)
4(11469 11480 11590 11579)
4(11479 11589 11590 11480)
4(11578 11579 11590 11589)
4(11480 11590 11591 11481)
4(11579 11580 11591 11590)
4(11472 11483 11593 11582)
4(11482 11592 11593 11483)
4(11581 11582 11593 11592)
4(11473 11484 11594 11583)
4(11483 11593 11594 11484)
4(11582 11583 11594 11593)
4(11474 11485 11595 11584)
4(11484 11594 11595 11485)
4(11583 11584 11595 11594)
4(11475 11486 11596 11585)
4(11485 11595 11596 11486)
4(11584 11585 11596 11595)
4(11476 11487 11597 11586)
4(11486 11596 11597 11487)
4(11585 11586 11597 11596)
4(11477 11488 11598 11587)
4(11487 11597 11598 11488)
4(11586 11587 11598 11597)
4(11478 11489 11599 11588)
4(11488 11598 11599 11489)
4(11587 11588 11599 11598)
4(11479 11490 11600 11589)
4(11489 11599 11600 11490)
4(11588 11589 11600 11599)
4(11480 11491 11601 11590)
4(11490 11600 11601 11491)
4(11589 11590 11601 11600)
4(11491 11601 11602 11492)
4(11590 11591 11602 11601)
4(11483 11494 11604 11593)
4(11493 11603 11604 11494)
4(11592 11593 11604 11603)
4(11484 11495 11605 11594)
4(11494 11604 11605 11495)
4(11593 11594 11605 11604)
4(11485 11496 11606 11595)
4(11495 11605 11606 11496)
4(11594 11595 11606 11605)
4(11486 11497 11607 11596)
4(11496 11606 11607 11497)
4(11595 11596 11607 11606)
4(11487 11498 11608 11597)
4(11497 11607 11608 11498)
4(11596 11597 11608 11607)
4(11488 11499 11609 11598)
4(11498 11608 11609 11499)
4(11597 11598 11609 11608)
4(11489 11500 11610 11599)
4(11499 11609 11610 11500)
4(11598 11599 11610 11609)
4(11490 11501 11611 11600)
4(11500 11610 11611 11501)
4(11599 11600 11611 11610)
4(11491 11502 11612 11601)
4(11501 11611 11612 11502)
4(11600 11601 11612 11611)
4(11502 11612 11613 11503)
4(11601 11602 11613 11612)
4(11494 11505 11615 11604)
4(11504 11614 11615 11505)
4(11603 11604 11615 11614)
4(11495 11506 11616 11605)
4(11505 11615 11616 11506)
4(11604 11605 11616 11615)
4(11496 11507 11617 11606)
4(11506 11616 11617 11507)
4(11605 11606 11617 11616)
4(11497 11508 11618 11607)
4(11507 11617 11618 11508)
4(11606 11607 11618 11617)
4(11498 11509 11619 11608)
4(11508 11618 11619 11509)
4(11607 11608 11619 11618)
4(11499 11510 11620 11609)
4(11509 11619 11620 11510)
4(11608 11609 11620 11619)
4(11500 11511 11621 11610)
4(11510 11620 11621 11511)
4(11609 11610 11621 11620)
4(11501 11512 11622 11611)
4(11511 11621 11622 11512)
4(11610 11611 11622 11621)
4(11502 11513 11623 11612)
4(11512 11622 11623 11513)
4(11611 11612 11623 11622)
4(11513 11623 11624 11514)
4(11612 11613 11624 11623)
4(11505 11516 11626 11615)
4(11515 11625 11626 11516)
4(11614 11615 11626 11625)
4(11506 11517 11627 11616)
4(11516 11626 11627 11517)
4(11615 11616 11627 11626)
4(11507 11518 11628 11617)
4(11517 11627 11628 11518)
4(11616 11617 11628 11627)
4(11508 11519 11629 11618)
4(11518 11628 11629 11519)
4(11617 11618 11629 11628)
4(11509 11520 11630 11619)
4(11519 11629 11630 11520)
4(11618 11619 11630 11629)
4(11510 11521 11631 11620)
4(11520 11630 11631 11521)
4(11619 11620 11631 11630)
4(11511 11522 11632 11621)
4(11521 11631 11632 11522)
4(11620 11621 11632 11631)
4(11512 11523 11633 11622)
4(11522 11632 11633 11523)
4(11621 11622 11633 11632)
4(11513 11524 11634 11623)
4(11523 11633 11634 11524)
4(11622 11623 11634 11633)
4(11524 11634 11635 11525)
4(11623 11624 11635 11634)
4(11516 11527 11637 11626)
4(11526 11636 11637 11527)
4(11625 11626 11637 11636)
4(11517 11528 11638 11627)
4(11527 11637 11638 11528)
4(11626 11627 11638 11637)
4(11518 11529 11639 11628)
4(11528 11638 11639 11529)
4(11627 11628 11639 11638)
4(11519 11530 11640 11629)
4(11529 11639 11640 11530)
4(11628 11629 11640 11639)
4(11520 11531 11641 11630)
4(11530 11640 11641 11531)
4(11629 11630 11641 11640)
4(11521 11532 11642 11631)
4(11531 11641 11642 11532)
4(11630 11631 11642 11641)
4(11522 11533 11643 11632)
4(11532 11642 11643 11533)
4(11631 11632 11643 11642)
4(11523 11534 11644 11633)
4(11533 11643 11644 11534)
4(11632 11633 11644 11643)
4(11524 11535 11645 11634)
4(11534 11644 11645 11535)
4(11633 11634 11645 11644)
4(11535 11645 11646 11536)
4(11634 11635 11646 11645)
4(11527 11538 11648 11637)
4(11537 11647 11648 11538)
4(11636 11637 11648 11647)
4(11528 11539 11649 11638)
4(11538 11648 11649 11539)
4(11637 11638 11649 11648)
4(11529 11540 11650 11639)
4(11539 11649 11650 11540)
4(11638 11639 11650 11649)
4(11530 11541 11651 11640)
4(11540 11650 11651 11541)
4(11639 11640 11651 11650)
4(11531 11542 11652 11641)
4(11541 11651 11652 11542)
4(11640 11641 11652 11651)
4(11532 11543 11653 11642)
4(11542 11652 11653 11543)
4(11641 11642 11653 11652)
4(11533 11544 11654 11643)
4(11543 11653 11654 11544)
4(11642 11643 11654 11653)
4(11534 11545 11655 11644)
4(11544 11654 11655 11545)
4(11643 11644 11655 11654)
4(11535 11546 11656 11645)
4(11545 11655 11656 11546)
4(11644 11645 11656 11655)
4(11546 11656 11657 11547)
4(11645 11646 11657 11656)
4(11538 564 584 11648)
4(11647 11648 584 516)
4(11539 565 585 11649)
4(11648 11649 585 584)
4(11540 566 586 11650)
4(11649 11650 586 585)
4(11541 567 587 11651)
4(11650 11651 587 586)
4(11542 568 588 11652)
4(11651 11652 588 587)
4(11543 569 589 11653)
4(11652 11653 589 588)
4(11544 570 590 11654)
4(11653 11654 590 589)
4(11545 571 591 11655)
4(11654 11655 591 590)
4(11546 572 592 11656)
4(11655 11656 592 591)
4(11656 11657 593 592)
4(11549 11560 11670 11659)
4(11559 11669 11670 11560)
4(11658 11659 11670 11669)
4(11550 11561 11671 11660)
4(11560 11670 11671 11561)
4(11659 11660 11671 11670)
4(11551 11562 11672 11661)
4(11561 11671 11672 11562)
4(11660 11661 11672 11671)
4(11552 11563 11673 11662)
4(11562 11672 11673 11563)
4(11661 11662 11673 11672)
4(11553 11564 11674 11663)
4(11563 11673 11674 11564)
4(11662 11663 11674 11673)
4(11554 11565 11675 11664)
4(11564 11674 11675 11565)
4(11663 11664 11675 11674)
4(11555 11566 11676 11665)
4(11565 11675 11676 11566)
4(11664 11665 11676 11675)
4(11556 11567 11677 11666)
4(11566 11676 11677 11567)
4(11665 11666 11677 11676)
4(11557 11568 11678 11667)
4(11567 11677 11678 11568)
4(11666 11667 11678 11677)
4(11568 11678 11679 11569)
4(11667 11668 11679 11678)
4(11560 11571 11681 11670)
4(11570 11680 11681 11571)
4(11669 11670 11681 11680)
4(11561 11572 11682 11671)
4(11571 11681 11682 11572)
4(11670 11671 11682 11681)
4(11562 11573 11683 11672)
4(11572 11682 11683 11573)
4(11671 11672 11683 11682)
4(11563 11574 11684 11673)
4(11573 11683 11684 11574)
4(11672 11673 11684 11683)
4(11564 11575 11685 11674)
4(11574 11684 11685 11575)
4(11673 11674 11685 11684)
4(11565 11576 11686 11675)
4(11575 11685 11686 11576)
4(11674 11675 11686 11685)
4(11566 11577 11687 11676)
4(11576 11686 11687 11577)
4(11675 11676 11687 11686)
4(11567 11578 11688 11677)
4(11577 11687 11688 11578)
4(11676 11677 11688 11687)
4(11568 11579 11689 11678)
4(11578 11688 11689 11579)
4(11677 11678 11689 11688)
4(11579 11689 11690 11580)
4(11678 11679 11690 11689)
4(11571 11582 11692 11681)
4(11581 11691 11692 11582)
4(11680 11681 11692 11691)
4(11572 11583 11693 11682)
4(11582 11692 11693 11583)
4(11681 11682 11693 11692)
4(11573 11584 11694 11683)
4(11583 11693 11694 11584)
4(11682 11683 11694 11693)
4(11574 11585 11695 11684)
4(11584 11694 11695 11585)
4(11683 11684 11695 11694)
4(11575 11586 11696 11685)
4(11585 11695 11696 11586)
4(11684 11685 11696 11695)
4(11576 11587 11697 11686)
4(11586 11696 11697 11587)
4(11685 11686 11697 11696)
4(11577 11588 11698 11687)
4(11587 11697 11698 11588)
4(11686 11687 11698 11697)
4(11578 11589 11699 11688)
4(11588 11698 11699 11589)
4(11687 11688 11699 11698)
4(11579 11590 11700 11689)
4(11589 11699 11700 11590)
4(11688 11689 11700 11699)
4(11590 11700 11701 11591)
4(11689 11690 11701 11700)
4(11582 11593 11703 11692)
4(11592 11702 11703 11593)
4(11691 11692 11703 11702)
4(11583 11594 11704 11693)
4(11593 11703 11704 11594)
4(11692 11693 11704 11703)
4(11584 11595 11705 11694)
4(11594 11704 11705 11595)
4(11693 11694 11705 11704)
4(11585 11596 11706 11695)
4(11595 11705 11706 11596)
4(11694 11695 11706 11705)
4(11586 11597 11707 11696)
4(11596 11706 11707 11597)
4(11695 11696 11707 11706)
4(11587 11598 11708 11697)
4(11597 11707 11708 11598)
4(11696 11697 11708 11707)
4(11588 11599 11709 11698)
4(11598 11708 11709 11599)
4(11697 11698 11709 11708)
4(11589 11600 11710 11699)
4(11599 11709 11710 11600)
4(11698 11699 11710 11709)
4(11590 11601 11711 11700)
4(11600 11710 11711 11601)
4(11699 11700 11711 11710)
4(11601 11711 11712 11602)
4(11700 11701 11712 11711)
4(11593 11604 11714 11703)
4(11603 11713 11714 11604)
4(11702 11703 11714 11713)
4(11594 11605 11715 11704)
4(11604 11714 11715 11605)
4(11703 11704 11715 11714)
4(11595 11606 11716 11705)
4(11605 11715 11716 11606)
4(11704 11705 11716 11715)
4(11596 11607 11717 11706)
4(11606 11716 11717 11607)
4(11705 11706 11717 11716)
4(11597 11608 11718 11707)
4(11607 11717 11718 11608)
4(11706 11707 11718 11717)
4(11598 11609 11719 11708)
4(11608 11718 11719 11609)
4(11707 11708 11719 11718)
4(11599 11610 11720 11709)
4(11609 11719 11720 11610)
4(11708 11709 11720 11719)
4(11600 11611 11721 11710)
4(11610 11720 11721 11611)
4(11709 11710 11721 11720)
4(11601 11612 11722 11711)
4(11611 11721 11722 11612)
4(11710 11711 11722 11721)
4(11612 11722 11723 11613)
4(11711 11712 11723 11722)
4(11604 11615 11725 11714)
4(11614 11724 11725 11615)
4(11713 11714 11725 11724)
4(11605 11616 11726 11715)
4(11615 11725 11726 11616)
4(11714 11715 11726 11725)
4(11606 11617 11727 11716)
4(11616 11726 11727 11617)
4(11715 11716 11727 11726)
4(11607 11618 11728 11717)
4(11617 11727 11728 11618)
4(11716 11717 11728 11727)
4(11608 11619 11729 11718)
4(11618 11728 11729 11619)
4(11717 11718 11729 11728)
4(11609 11620 11730 11719)
4(11619 11729 11730 11620)
4(11718 11719 11730 11729)
4(11610 11621 11731 11720)
4(11620 11730 11731 11621)
4(11719 11720 11731 11730)
4(11611 11622 11732 11721)
4(11621 11731 11732 11622)
4(11720 11721 11732 11731)
4(11612 11623 11733 11722)
4(11622 11732 11733 11623)
4(11721 11722 11733 11732)
4(11623 11733 11734 11624)
4(11722 11723 11734 11733)
4(11615 11626 11736 11725)
4(11625 11735 11736 11626)
4(11724 11725 11736 11735)
4(11616 11627 11737 11726)
4(11626 11736 11737 11627)
4(11725 11726 11737 11736)
4(11617 11628 11738 11727)
4(11627 11737 11738 11628)
4(11726 11727 11738 11737)
4(11618 11629 11739 11728)
4(11628 11738 11739 11629)
4(11727 11728 11739 11738)
4(11619 11630 11740 11729)
4(11629 11739 11740 11630)
4(11728 11729 11740 11739)
4(11620 11631 11741 11730)
4(11630 11740 11741 11631)
4(11729 11730 11741 11740)
4(11621 11632 11742 11731)
4(11631 11741 11742 11632)
4(11730 11731 11742 11741)
4(11622 11633 11743 11732)
4(11632 11742 11743 11633)
4(11731 11732 11743 11742)
4(11623 11634 11744 11733)
4(11633 11743 11744 11634)
4(11732 11733 11744 11743)
4(11634 11744 11745 11635)
4(11733 11734 11745 11744)
4(11626 11637 11747 11736)
4(11636 11746 11747 11637)
4(11735 11736 11747 11746)
4(11627 11638 11748 11737)
4(11637 11747 11748 11638)
4(11736 11737 11748 11747)
4(11628 11639 11749 11738)
4(11638 11748 11749 11639)
4(11737 11738 11749 11748)
4(11629 11640 11750 11739)
4(11639 11749 11750 11640)
4(11738 11739 11750 11749)
4(11630 11641 11751 11740)
4(11640 11750 11751 11641)
4(11739 11740 11751 11750)
4(11631 11642 11752 11741)
4(11641 11751 11752 11642)
4(11740 11741 11752 11751)
4(11632 11643 11753 11742)
4(11642 11752 11753 11643)
4(11741 11742 11753 11752)
4(11633 11644 11754 11743)
4(11643 11753 11754 11644)
4(11742 11743 11754 11753)
4(11634 11645 11755 11744)
4(11644 11754 11755 11645)
4(11743 11744 11755 11754)
4(11645 11755 11756 11646)
4(11744 11745 11756 11755)
4(11637 11648 11758 11747)
4(11647 11757 11758 11648)
4(11746 11747 11758 11757)
4(11638 11649 11759 11748)
4(11648 11758 11759 11649)
4(11747 11748 11759 11758)
4(11639 11650 11760 11749)
4(11649 11759 11760 11650)
4(11748 11749 11760 11759)
4(11640 11651 11761 11750)
4(11650 11760 11761 11651)
4(11749 11750 11761 11760)
4(11641 11652 11762 11751)
4(11651 11761 11762 11652)
4(11750 11751 11762 11761)
4(11642 11653 11763 11752)
4(11652 11762 11763 11653)
4(11751 11752 11763 11762)
4(11643 11654 11764 11753)
4(11653 11763 11764 11654)
4(11752 11753 11764 11763)
4(11644 11655 11765 11754)
4(11654 11764 11765 11655)
4(11753 11754 11765 11764)
4(11645 11656 11766 11755)
4(11655 11765 11766 11656)
4(11754 11755 11766 11765)
4(11656 11766 11767 11657)
4(11755 11756 11767 11766)
4(11648 584 604 11758)
4(11757 11758 604 518)
4(11649 585 605 11759)
4(11758 11759 605 604)
4(11650 586 606 11760)
4(11759 11760 606 605)
4(11651 587 607 11761)
4(11760 11761 607 606)
4(11652 588 608 11762)
4(11761 11762 608 607)
4(11653 589 609 11763)
4(11762 11763 609 608)
4(11654 590 610 11764)
4(11763 11764 610 609)
4(11655 591 611 11765)
4(11764 11765 611 610)
4(11656 592 612 11766)
4(11765 11766 612 611)
4(11766 11767 613 612)
4(11659 11670 11780 11769)
4(11669 11779 11780 11670)
4(11768 11769 11780 11779)
4(11660 11671 11781 11770)
4(11670 11780 11781 11671)
4(11769 11770 11781 11780)
4(11661 11672 11782 11771)
4(11671 11781 11782 11672)
4(11770 11771 11782 11781)
4(11662 11673 11783 11772)
4(11672 11782 11783 11673)
4(11771 11772 11783 11782)
4(11663 11674 11784 11773)
4(11673 11783 11784 11674)
4(11772 11773 11784 11783)
4(11664 11675 11785 11774)
4(11674 11784 11785 11675)
4(11773 11774 11785 11784)
4(11665 11676 11786 11775)
4(11675 11785 11786 11676)
4(11774 11775 11786 11785)
4(11666 11677 11787 11776)
4(11676 11786 11787 11677)
4(11775 11776 11787 11786)
4(11667 11678 11788 11777)
4(11677 11787 11788 11678)
4(11776 11777 11788 11787)
4(11678 11788 11789 11679)
4(11777 11778 11789 11788)
4(11670 11681 11791 11780)
4(11680 11790 11791 11681)
4(11779 11780 11791 11790)
4(11671 11682 11792 11781)
4(11681 11791 11792 11682)
4(11780 11781 11792 11791)
4(11672 11683 11793 11782)
4(11682 11792 11793 11683)
4(11781 11782 11793 11792)
4(11673 11684 11794 11783)
4(11683 11793 11794 11684)
4(11782 11783 11794 11793)
4(11674 11685 11795 11784)
4(11684 11794 11795 11685)
4(11783 11784 11795 11794)
4(11675 11686 11796 11785)
4(11685 11795 11796 11686)
4(11784 11785 11796 11795)
4(11676 11687 11797 11786)
4(11686 11796 11797 11687)
4(11785 11786 11797 11796)
4(11677 11688 11798 11787)
4(11687 11797 11798 11688)
4(11786 11787 11798 11797)
4(11678 11689 11799 11788)
4(11688 11798 11799 11689)
4(11787 11788 11799 11798)
4(11689 11799 11800 11690)
4(11788 11789 11800 11799)
4(11681 11692 11802 11791)
4(11691 11801 11802 11692)
4(11790 11791 11802 11801)
4(11682 11693 11803 11792)
4(11692 11802 11803 11693)
4(11791 11792 11803 11802)
4(11683 11694 11804 11793)
4(11693 11803 11804 11694)
4(11792 11793 11804 11803)
4(11684 11695 11805 11794)
4(11694 11804 11805 11695)
4(11793 11794 11805 11804)
4(11685 11696 11806 11795)
4(11695 11805 11806 11696)
4(11794 11795 11806 11805)
4(11686 11697 11807 11796)
4(11696 11806 11807 11697)
4(11795 11796 11807 11806)
4(11687 11698 11808 11797)
4(11697 11807 11808 11698)
4(11796 11797 11808 11807)
4(11688 11699 11809 11798)
4(11698 11808 11809 11699)
4(11797 11798 11809 11808)
4(11689 11700 11810 11799)
4(11699 11809 11810 11700)
4(11798 11799 11810 11809)
4(11700 11810 11811 11701)
4(11799 11800 11811 11810)
4(11692 11703 11813 11802)
4(11702 11812 11813 11703)
4(11801 11802 11813 11812)
4(11693 11704 11814 11803)
4(11703 11813 11814 11704)
4(11802 11803 11814 11813)
4(11694 11705 11815 11804)
4(11704 11814 11815 11705)
4(11803 11804 11815 11814)
4(11695 11706 11816 11805)
4(11705 11815 11816 11706)
4(11804 11805 11816 11815)
4(11696 11707 11817 11806)
4(11706 11816 11817 11707)
4(11805 11806 11817 11816)
4(11697 11708 11818 11807)
4(11707 11817 11818 11708)
4(11806 11807 11818 11817)
4(11698 11709 11819 11808)
4(11708 11818 11819 11709)
4(11807 11808 11819 11818)
4(11699 11710 11820 11809)
4(11709 11819 11820 11710)
4(11808 11809 11820 11819)
4(11700 11711 11821 11810)
4(11710 11820 11821 11711)
4(11809 11810 11821 11820)
4(11711 11821 11822 11712)
4(11810 11811 11822 11821)
4(11703 11714 11824 11813)
4(11713 11823 11824 11714)
4(11812 11813 11824 11823)
4(11704 11715 11825 11814)
4(11714 11824 11825 11715)
4(11813 11814 11825 11824)
4(11705 11716 11826 11815)
4(11715 11825 11826 11716)
4(11814 11815 11826 11825)
4(11706 11717 11827 11816)
4(11716 11826 11827 11717)
4(11815 11816 11827 11826)
4(11707 11718 11828 11817)
4(11717 11827 11828 11718)
4(11816 11817 11828 11827)
4(11708 11719 11829 11818)
4(11718 11828 11829 11719)
4(11817 11818 11829 11828)
4(11709 11720 11830 11819)
4(11719 11829 11830 11720)
4(11818 11819 11830 11829)
4(11710 11721 11831 11820)
4(11720 11830 11831 11721)
4(11819 11820 11831 11830)
4(11711 11722 11832 11821)
4(11721 11831 11832 11722)
4(11820 11821 11832 11831)
4(11722 11832 11833 11723)
4(11821 11822 11833 11832)
4(11714 11725 11835 11824)
4(11724 11834 11835 11725)
4(11823 11824 11835 11834)
4(11715 11726 11836 11825)
4(11725 11835 11836 11726)
4(11824 11825 11836 11835)
4(11716 11727 11837 11826)
4(11726 11836 11837 11727)
4(11825 11826 11837 11836)
4(11717 11728 11838 11827)
4(11727 11837 11838 11728)
4(11826 11827 11838 11837)
4(11718 11729 11839 11828)
4(11728 11838 11839 11729)
4(11827 11828 11839 11838)
4(11719 11730 11840 11829)
4(11729 11839 11840 11730)
4(11828 11829 11840 11839)
4(11720 11731 11841 11830)
4(11730 11840 11841 11731)
4(11829 11830 11841 11840)
4(11721 11732 11842 11831)
4(11731 11841 11842 11732)
4(11830 11831 11842 11841)
4(11722 11733 11843 11832)
4(11732 11842 11843 11733)
4(11831 11832 11843 11842)
4(11733 11843 11844 11734)
4(11832 11833 11844 11843)
4(11725 11736 11846 11835)
4(11735 11845 11846 11736)
4(11834 11835 11846 11845)
4(11726 11737 11847 11836)
4(11736 11846 11847 11737)
4(11835 11836 11847 11846)
4(11727 11738 11848 11837)
4(11737 11847 11848 11738)
4(11836 11837 11848 11847)
4(11728 11739 11849 11838)
4(11738 11848 11849 11739)
4(11837 11838 11849 11848)
4(11729 11740 11850 11839)
4(11739 11849 11850 11740)
4(11838 11839 11850 11849)
4(11730 11741 11851 11840)
4(11740 11850 11851 11741)
4(11839 11840 11851 11850)
4(11731 11742 11852 11841)
4(11741 11851 11852 11742)
4(11840 11841 11852 11851)
4(11732 11743 11853 11842)
4(11742 11852 11853 11743)
4(11841 11842 11853 11852)
4(11733 11744 11854 11843)
4(11743 11853 11854 11744)
4(11842 11843 11854 11853)
4(11744 11854 11855 11745)
4(11843 11844 11855 11854)
4(11736 11747 11857 11846)
4(11746 11856 11857 11747)
4(11845 11846 11857 11856)
4(11737 11748 11858 11847)
4(11747 11857 11858 11748)
4(11846 11847 11858 11857)
4(11738 11749 11859 11848)
4(11748 11858 11859 11749)
4(11847 11848 11859 11858)
4(11739 11750 11860 11849)
4(11749 11859 11860 11750)
4(11848 11849 11860 11859)
4(11740 11751 11861 11850)
4(11750 11860 11861 11751)
4(11849 11850 11861 11860)
4(11741 11752 11862 11851)
4(11751 11861 11862 11752)
4(11850 11851 11862 11861)
4(11742 11753 11863 11852)
4(11752 11862 11863 11753)
4(11851 11852 11863 11862)
4(11743 11754 11864 11853)
4(11753 11863 11864 11754)
4(11852 11853 11864 11863)
4(11744 11755 11865 11854)
4(11754 11864 11865 11755)
4(11853 11854 11865 11864)
4(11755 11865 11866 11756)
4(11854 11855 11866 11865)
4(11747 11758 11868 11857)
4(11757 11867 11868 11758)
4(11856 11857 11868 11867)
4(11748 11759 11869 11858)
4(11758 11868 11869 11759)
4(11857 11858 11869 11868)
4(11749 11760 11870 11859)
4(11759 11869 11870 11760)
4(11858 11859 11870 11869)
4(11750 11761 11871 11860)
4(11760 11870 11871 11761)
4(11859 11860 11871 11870)
4(11751 11762 11872 11861)
4(11761 11871 11872 11762)
4(11860 11861 11872 11871)
4(11752 11763 11873 11862)
4(11762 11872 11873 11763)
4(11861 11862 11873 11872)
4(11753 11764 11874 11863)
4(11763 11873 11874 11764)
4(11862 11863 11874 11873)
4(11754 11765 11875 11864)
4(11764 11874 11875 11765)
4(11863 11864 11875 11874)
4(11755 11766 11876 11865)
4(11765 11875 11876 11766)
4(11864 11865 11876 11875)
4(11766 11876 11877 11767)
4(11865 11866 11877 11876)
4(11758 604 624 11868)
4(11867 11868 624 520)
4(11759 605 625 11869)
4(11868 11869 625 624)
4(11760 606 626 11870)
4(11869 11870 626 625)
4(11761 607 627 11871)
4(11870 11871 627 626)
4(11762 608 628 11872)
4(11871 11872 628 627)
4(11763 609 629 11873)
4(11872 11873 629 628)
4(11764 610 630 11874)
4(11873 11874 630 629)
4(11765 611 631 11875)
4(11874 11875 631 630)
4(11766 612 632 11876)
4(11875 11876 632 631)
4(11876 11877 633 632)
4(11769 11780 11890 11879)
4(11779 11889 11890 11780)
4(11878 11879 11890 11889)
4(11770 11781 11891 11880)
4(11780 11890 11891 11781)
4(11879 11880 11891 11890)
4(11771 11782 11892 11881)
4(11781 11891 11892 11782)
4(11880 11881 11892 11891)
4(11772 11783 11893 11882)
4(11782 11892 11893 11783)
4(11881 11882 11893 11892)
4(11773 11784 11894 11883)
4(11783 11893 11894 11784)
4(11882 11883 11894 11893)
4(11774 11785 11895 11884)
4(11784 11894 11895 11785)
4(11883 11884 11895 11894)
4(11775 11786 11896 11885)
4(11785 11895 11896 11786)
4(11884 11885 11896 11895)
4(11776 11787 11897 11886)
4(11786 11896 11897 11787)
4(11885 11886 11897 11896)
4(11777 11788 11898 11887)
4(11787 11897 11898 11788)
4(11886 11887 11898 11897)
4(11788 11898 11899 11789)
4(11887 11888 11899 11898)
4(11780 11791 11901 11890)
4(11790 11900 11901 11791)
4(11889 11890 11901 11900)
4(11781 11792 11902 11891)
4(11791 11901 11902 11792)
4(11890 11891 11902 11901)
4(11782 11793 11903 11892)
4(11792 11902 11903 11793)
4(11891 11892 11903 11902)
4(11783 11794 11904 11893)
4(11793 11903 11904 11794)
4(11892 11893 11904 11903)
4(11784 11795 11905 11894)
4(11794 11904 11905 11795)
4(11893 11894 11905 11904)
4(11785 11796 11906 11895)
4(11795 11905 11906 11796)
4(11894 11895 11906 11905)
4(11786 11797 11907 11896)
4(11796 11906 11907 11797)
4(11895 11896 11907 11906)
4(11787 11798 11908 11897)
4(11797 11907 11908 11798)
4(11896 11897 11908 11907)
4(11788 11799 11909 11898)
4(11798 11908 11909 11799)
4(11897 11898 11909 11908)
4(11799 11909 11910 11800)
4(11898 11899 11910 11909)
4(11791 11802 11912 11901)
4(11801 11911 11912 11802)
4(11900 11901 11912 11911)
4(11792 11803 11913 11902)
4(11802 11912 11913 11803)
4(11901 11902 11913 11912)
4(11793 11804 11914 11903)
4(11803 11913 11914 11804)
4(11902 11903 11914 11913)
4(11794 11805 11915 11904)
4(11804 11914 11915 11805)
4(11903 11904 11915 11914)
4(11795 11806 11916 11905)
4(11805 11915 11916 11806)
4(11904 11905 11916 11915)
4(11796 11807 11917 11906)
4(11806 11916 11917 11807)
4(11905 11906 11917 11916)
4(11797 11808 11918 11907)
4(11807 11917 11918 11808)
4(11906 11907 11918 11917)
4(11798 11809 11919 11908)
4(11808 11918 11919 11809)
4(11907 11908 11919 11918)
4(11799 11810 11920 11909)
4(11809 11919 11920 11810)
4(11908 11909 11920 11919)
4(11810 11920 11921 11811)
4(11909 11910 11921 11920)
4(11802 11813 11923 11912)
4(11812 11922 11923 11813)
4(11911 11912 11923 11922)
4(11803 11814 11924 11913)
4(11813 11923 11924 11814)
4(11912 11913 11924 11923)
4(11804 11815 11925 11914)
4(11814 11924 11925 11815)
4(11913 11914 11925 11924)
4(11805 11816 11926 11915)
4(11815 11925 11926 11816)
4(11914 11915 11926 11925)
4(11806 11817 11927 11916)
4(11816 11926 11927 11817)
4(11915 11916 11927 11926)
4(11807 11818 11928 11917)
4(11817 11927 11928 11818)
4(11916 11917 11928 11927)
4(11808 11819 11929 11918)
4(11818 11928 11929 11819)
4(11917 11918 11929 11928)
4(11809 11820 11930 11919)
4(11819 11929 11930 11820)
4(11918 11919 11930 11929)
4(11810 11821 11931 11920)
4(11820 11930 11931 11821)
4(11919 11920 11931 11930)
4(11821 11931 11932 11822)
4(11920 11921 11932 11931)
4(11813 11824 11934 11923)
4(11823 11933 11934 11824)
4(11922 11923 11934 11933)
4(11814 11825 11935 11924)
4(11824 11934 11935 11825)
4(11923 11924 11935 11934)
4(11815 11826 11936 11925)
4(11825 11935 11936 11826)
4(11924 11925 11936 11935)
4(11816 11827 11937 11926)
4(11826 11936 11937 11827)
4(11925 11926 11937 11936)
4(11817 11828 11938 11927)
4(11827 11937 11938 11828)
4(11926 11927 11938 11937)
4(11818 11829 11939 11928)
4(11828 11938 11939 11829)
4(11927 11928 11939 11938)
4(11819 11830 11940 11929)
4(11829 11939 11940 11830)
4(11928 11929 11940 11939)
4(11820 11831 11941 11930)
4(11830 11940 11941 11831)
4(11929 11930 11941 11940)
4(11821 11832 11942 11931)
4(11831 11941 11942 11832)
4(11930 11931 11942 11941)
4(11832 11942 11943 11833)
4(11931 11932 11943 11942)
4(11824 11835 11945 11934)
4(11834 11944 11945 11835)
4(11933 11934 11945 11944)
4(11825 11836 11946 11935)
4(11835 11945 11946 11836)
4(11934 11935 11946 11945)
4(11826 11837 11947 11936)
4(11836 11946 11947 11837)
4(11935 11936 11947 11946)
4(11827 11838 11948 11937)
4(11837 11947 11948 11838)
4(11936 11937 11948 11947)
4(11828 11839 11949 11938)
4(11838 11948 11949 11839)
4(11937 11938 11949 11948)
4(11829 11840 11950 11939)
4(11839 11949 11950 11840)
4(11938 11939 11950 11949)
4(11830 11841 11951 11940)
4(11840 11950 11951 11841)
4(11939 11940 11951 11950)
4(11831 11842 11952 11941)
4(11841 11951 11952 11842)
4(11940 11941 11952 11951)
4(11832 11843 11953 11942)
4(11842 11952 11953 11843)
4(11941 11942 11953 11952)
4(11843 11953 11954 11844)
4(11942 11943 11954 11953)
4(11835 11846 11956 11945)
4(11845 11955 11956 11846)
4(11944 11945 11956 11955)
4(11836 11847 11957 11946)
4(11846 11956 11957 11847)
4(11945 11946 11957 11956)
4(11837 11848 11958 11947)
4(11847 11957 11958 11848)
4(11946 11947 11958 11957)
4(11838 11849 11959 11948)
4(11848 11958 11959 11849)
4(11947 11948 11959 11958)
4(11839 11850 11960 11949)
4(11849 11959 11960 11850)
4(11948 11949 11960 11959)
4(11840 11851 11961 11950)
4(11850 11960 11961 11851)
4(11949 11950 11961 11960)
4(11841 11852 11962 11951)
4(11851 11961 11962 11852)
4(11950 11951 11962 11961)
4(11842 11853 11963 11952)
4(11852 11962 11963 11853)
4(11951 11952 11963 11962)
4(11843 11854 11964 11953)
4(11853 11963 11964 11854)
4(11952 11953 11964 11963)
4(11854 11964 11965 11855)
4(11953 11954 11965 11964)
4(11846 11857 11967 11956)
4(11856 11966 11967 11857)
4(11955 11956 11967 11966)
4(11847 11858 11968 11957)
4(11857 11967 11968 11858)
4(11956 11957 11968 11967)
4(11848 11859 11969 11958)
4(11858 11968 11969 11859)
4(11957 11958 11969 11968)
4(11849 11860 11970 11959)
4(11859 11969 11970 11860)
4(11958 11959 11970 11969)
4(11850 11861 11971 11960)
4(11860 11970 11971 11861)
4(11959 11960 11971 11970)
4(11851 11862 11972 11961)
4(11861 11971 11972 11862)
4(11960 11961 11972 11971)
4(11852 11863 11973 11962)
4(11862 11972 11973 11863)
4(11961 11962 11973 11972)
4(11853 11864 11974 11963)
4(11863 11973 11974 11864)
4(11962 11963 11974 11973)
4(11854 11865 11975 11964)
4(11864 11974 11975 11865)
4(11963 11964 11975 11974)
4(11865 11975 11976 11866)
4(11964 11965 11976 11975)
4(11857 11868 11978 11967)
4(11867 11977 11978 11868)
4(11966 11967 11978 11977)
4(11858 11869 11979 11968)
4(11868 11978 11979 11869)
4(11967 11968 11979 11978)
4(11859 11870 11980 11969)
4(11869 11979 11980 11870)
4(11968 11969 11980 11979)
4(11860 11871 11981 11970)
4(11870 11980 11981 11871)
4(11969 11970 11981 11980)
4(11861 11872 11982 11971)
4(11871 11981 11982 11872)
4(11970 11971 11982 11981)
4(11862 11873 11983 11972)
4(11872 11982 11983 11873)
4(11971 11972 11983 11982)
4(11863 11874 11984 11973)
4(11873 11983 11984 11874)
4(11972 11973 11984 11983)
4(11864 11875 11985 11974)
4(11874 11984 11985 11875)
4(11973 11974 11985 11984)
4(11865 11876 11986 11975)
4(11875 11985 11986 11876)
4(11974 11975 11986 11985)
4(11876 11986 11987 11877)
4(11975 11976 11987 11986)
4(11868 624 644 11978)
4(11977 11978 644 522)
4(11869 625 645 11979)
4(11978 11979 645 644)
4(11870 626 646 11980)
4(11979 11980 646 645)
4(11871 627 647 11981)
4(11980 11981 647 646)
4(11872 628 648 11982)
4(11981 11982 648 647)
4(11873 629 649 11983)
4(11982 11983 649 648)
4(11874 630 650 11984)
4(11983 11984 650 649)
4(11875 631 651 11985)
4(11984 11985 651 650)
4(11876 632 652 11986)
4(11985 11986 652 651)
4(11986 11987 653 652)
4(11879 11890 12000 11989)
4(11889 11999 12000 11890)
4(11988 11989 12000 11999)
4(11880 11891 12001 11990)
4(11890 12000 12001 11891)
4(11989 11990 12001 12000)
4(11881 11892 12002 11991)
4(11891 12001 12002 11892)
4(11990 11991 12002 12001)
4(11882 11893 12003 11992)
4(11892 12002 12003 11893)
4(11991 11992 12003 12002)
4(11883 11894 12004 11993)
4(11893 12003 12004 11894)
4(11992 11993 12004 12003)
4(11884 11895 12005 11994)
4(11894 12004 12005 11895)
4(11993 11994 12005 12004)
4(11885 11896 12006 11995)
4(11895 12005 12006 11896)
4(11994 11995 12006 12005)
4(11886 11897 12007 11996)
4(11896 12006 12007 11897)
4(11995 11996 12007 12006)
4(11887 11898 12008 11997)
4(11897 12007 12008 11898)
4(11996 11997 12008 12007)
4(11898 12008 12009 11899)
4(11997 11998 12009 12008)
4(11890 11901 12011 12000)
4(11900 12010 12011 11901)
4(11999 12000 12011 12010)
4(11891 11902 12012 12001)
4(11901 12011 12012 11902)
4(12000 12001 12012 12011)
4(11892 11903 12013 12002)
4(11902 12012 12013 11903)
4(12001 12002 12013 12012)
4(11893 11904 12014 12003)
4(11903 12013 12014 11904)
4(12002 12003 12014 12013)
4(11894 11905 12015 12004)
4(11904 12014 12015 11905)
4(12003 12004 12015 12014)
4(11895 11906 12016 12005)
4(11905 12015 12016 11906)
4(12004 12005 12016 12015)
4(11896 11907 12017 12006)
4(11906 12016 12017 11907)
4(12005 12006 12017 12016)
4(11897 11908 12018 12007)
4(11907 12017 12018 11908)
4(12006 12007 12018 12017)
4(11898 11909 12019 12008)
4(11908 12018 12019 11909)
4(12007 12008 12019 12018)
4(11909 12019 12020 11910)
4(12008 12009 12020 12019)
4(11901 11912 12022 12011)
4(11911 12021 12022 11912)
4(12010 12011 12022 12021)
4(11902 11913 12023 12012)
4(11912 12022 12023 11913)
4(12011 12012 12023 12022)
4(11903 11914 12024 12013)
4(11913 12023 12024 11914)
4(12012 12013 12024 12023)
4(11904 11915 12025 12014)
4(11914 12024 12025 11915)
4(12013 12014 12025 12024)
4(11905 11916 12026 12015)
4(11915 12025 12026 11916)
4(12014 12015 12026 12025)
4(11906 11917 12027 12016)
4(11916 12026 12027 11917)
4(12015 12016 12027 12026)
4(11907 11918 12028 12017)
4(11917 12027 12028 11918)
4(12016 12017 12028 12027)
4(11908 11919 12029 12018)
4(11918 12028 12029 11919)
4(12017 12018 12029 12028)
4(11909 11920 12030 12019)
4(11919 12029 12030 11920)
4(12018 12019 12030 12029)
4(11920 12030 12031 11921)
4(12019 12020 12031 12030)
4(11912 11923 12033 12022)
4(11922 12032 12033 11923)
4(12021 12022 12033 12032)
4(11913 11924 12034 12023)
4(11923 12033 12034 11924)
4(12022 12023 12034 12033)
4(11914 11925 12035 12024)
4(11924 12034 12035 11925)
4(12023 12024 12035 12034)
4(11915 11926 12036 12025)
4(11925 12035 12036 11926)
4(12024 12025 12036 12035)
4(11916 11927 12037 12026)
4(11926 12036 12037 11927)
4(12025 12026 12037 12036)
4(11917 11928 12038 12027)
4(11927 12037 12038 11928)
4(12026 12027 12038 12037)
4(11918 11929 12039 12028)
4(11928 12038 12039 11929)
4(12027 12028 12039 12038)
4(11919 11930 12040 12029)
4(11929 12039 12040 11930)
4(12028 12029 12040 12039)
4(11920 11931 12041 12030)
4(11930 12040 12041 11931)
4(12029 12030 12041 12040)
4(11931 12041 12042 11932)
4(12030 12031 12042 12041)
4(11923 11934 12044 12033)
4(11933 12043 12044 11934)
4(12032 12033 12044 12043)
4(11924 11935 12045 12034)
4(11934 12044 12045 11935)
4(12033 12034 12045 12044)
4(11925 11936 12046 12035)
4(11935 12045 12046 11936)
4(12034 12035 12046 12045)
4(11926 11937 12047 12036)
4(11936 12046 12047 11937)
4(12035 12036 12047 12046)
4(11927 11938 12048 12037)
4(11937 12047 12048 11938)
4(12036 12037 12048 12047)
4(11928 11939 12049 12038)
4(11938 12048 12049 11939)
4(12037 12038 12049 12048)
4(11929 11940 12050 12039)
4(11939 12049 12050 11940)
4(12038 12039 12050 12049)
4(11930 11941 12051 12040)
4(11940 12050 12051 11941)
4(12039 12040 12051 12050)
4(11931 11942 12052 12041)
4(11941 12051 12052 11942)
4(12040 12041 12052 12051)
4(11942 12052 12053 11943)
4(12041 12042 12053 12052)
4(11934 11945 12055 12044)
4(11944 12054 12055 11945)
4(12043 12044 12055 12054)
4(11935 11946 12056 12045)
4(11945 12055 12056 11946)
4(12044 12045 12056 12055)
4(11936 11947 12057 12046)
4(11946 12056 12057 11947)
4(12045 12046 12057 12056)
4(11937 11948 12058 12047)
4(11947 12057 12058 11948)
4(12046 12047 12058 12057)
4(11938 11949 12059 12048)
4(11948 12058 12059 11949)
4(12047 12048 12059 12058)
4(11939 11950 12060 12049)
4(11949 12059 12060 11950)
4(12048 12049 12060 12059)
4(11940 11951 12061 12050)
4(11950 12060 12061 11951)
4(12049 12050 12061 12060)
4(11941 11952 12062 12051)
4(11951 12061 12062 11952)
4(12050 12051 12062 12061)
4(11942 11953 12063 12052)
4(11952 12062 12063 11953)
4(12051 12052 12063 12062)
4(11953 12063 12064 11954)
4(12052 12053 12064 12063)
4(11945 11956 12066 12055)
4(11955 12065 12066 11956)
4(12054 12055 12066 12065)
4(11946 11957 12067 12056)
4(11956 12066 12067 11957)
4(12055 12056 12067 12066)
4(11947 11958 12068 12057)
4(11957 12067 12068 11958)
4(12056 12057 12068 12067)
4(11948 11959 12069 12058)
4(11958 12068 12069 11959)
4(12057 12058 12069 12068)
4(11949 11960 12070 12059)
4(11959 12069 12070 11960)
4(12058 12059 12070 12069)
4(11950 11961 12071 12060)
4(11960 12070 12071 11961)
4(12059 12060 12071 12070)
4(11951 11962 12072 12061)
4(11961 12071 12072 11962)
4(12060 12061 12072 12071)
4(11952 11963 12073 12062)
4(11962 12072 12073 11963)
4(12061 12062 12073 12072)
4(11953 11964 12074 12063)
4(11963 12073 12074 11964)
4(12062 12063 12074 12073)
4(11964 12074 12075 11965)
4(12063 12064 12075 12074)
4(11956 11967 12077 12066)
4(11966 12076 12077 11967)
4(12065 12066 12077 12076)
4(11957 11968 12078 12067)
4(11967 12077 12078 11968)
4(12066 12067 12078 12077)
4(11958 11969 12079 12068)
4(11968 12078 12079 11969)
4(12067 12068 12079 12078)
4(11959 11970 12080 12069)
4(11969 12079 12080 11970)
4(12068 12069 12080 12079)
4(11960 11971 12081 12070)
4(11970 12080 12081 11971)
4(12069 12070 12081 12080)
4(11961 11972 12082 12071)
4(11971 12081 12082 11972)
4(12070 12071 12082 12081)
4(11962 11973 12083 12072)
4(11972 12082 12083 11973)
4(12071 12072 12083 12082)
4(11963 11974 12084 12073)
4(11973 12083 12084 11974)
4(12072 12073 12084 12083)
4(11964 11975 12085 12074)
4(11974 12084 12085 11975)
4(12073 12074 12085 12084)
4(11975 12085 12086 11976)
4(12074 12075 12086 12085)
4(11967 11978 12088 12077)
4(11977 12087 12088 11978)
4(12076 12077 12088 12087)
4(11968 11979 12089 12078)
4(11978 12088 12089 11979)
4(12077 12078 12089 12088)
4(11969 11980 12090 12079)
4(11979 12089 12090 11980)
4(12078 12079 12090 12089)
4(11970 11981 12091 12080)
4(11980 12090 12091 11981)
4(12079 12080 12091 12090)
4(11971 11982 12092 12081)
4(11981 12091 12092 11982)
4(12080 12081 12092 12091)
4(11972 11983 12093 12082)
4(11982 12092 12093 11983)
4(12081 12082 12093 12092)
4(11973 11984 12094 12083)
4(11983 12093 12094 11984)
4(12082 12083 12094 12093)
4(11974 11985 12095 12084)
4(11984 12094 12095 11985)
4(12083 12084 12095 12094)
4(11975 11986 12096 12085)
4(11985 12095 12096 11986)
4(12084 12085 12096 12095)
4(11986 12096 12097 11987)
4(12085 12086 12097 12096)
4(11978 644 664 12088)
4(12087 12088 664 524)
4(11979 645 665 12089)
4(12088 12089 665 664)
4(11980 646 666 12090)
4(12089 12090 666 665)
4(11981 647 667 12091)
4(12090 12091 667 666)
4(11982 648 668 12092)
4(12091 12092 668 667)
4(11983 649 669 12093)
4(12092 12093 669 668)
4(11984 650 670 12094)
4(12093 12094 670 669)
4(11985 651 671 12095)
4(12094 12095 671 670)
4(11986 652 672 12096)
4(12095 12096 672 671)
4(12096 12097 673 672)
4(11989 12000 12110 12099)
4(11999 12109 12110 12000)
4(12098 12099 12110 12109)
4(11990 12001 12111 12100)
4(12000 12110 12111 12001)
4(12099 12100 12111 12110)
4(11991 12002 12112 12101)
4(12001 12111 12112 12002)
4(12100 12101 12112 12111)
4(11992 12003 12113 12102)
4(12002 12112 12113 12003)
4(12101 12102 12113 12112)
4(11993 12004 12114 12103)
4(12003 12113 12114 12004)
4(12102 12103 12114 12113)
4(11994 12005 12115 12104)
4(12004 12114 12115 12005)
4(12103 12104 12115 12114)
4(11995 12006 12116 12105)
4(12005 12115 12116 12006)
4(12104 12105 12116 12115)
4(11996 12007 12117 12106)
4(12006 12116 12117 12007)
4(12105 12106 12117 12116)
4(11997 12008 12118 12107)
4(12007 12117 12118 12008)
4(12106 12107 12118 12117)
4(12008 12118 12119 12009)
4(12107 12108 12119 12118)
4(12000 12011 12121 12110)
4(12010 12120 12121 12011)
4(12109 12110 12121 12120)
4(12001 12012 12122 12111)
4(12011 12121 12122 12012)
4(12110 12111 12122 12121)
4(12002 12013 12123 12112)
4(12012 12122 12123 12013)
4(12111 12112 12123 12122)
4(12003 12014 12124 12113)
4(12013 12123 12124 12014)
4(12112 12113 12124 12123)
4(12004 12015 12125 12114)
4(12014 12124 12125 12015)
4(12113 12114 12125 12124)
4(12005 12016 12126 12115)
4(12015 12125 12126 12016)
4(12114 12115 12126 12125)
4(12006 12017 12127 12116)
4(12016 12126 12127 12017)
4(12115 12116 12127 12126)
4(12007 12018 12128 12117)
4(12017 12127 12128 12018)
4(12116 12117 12128 12127)
4(12008 12019 12129 12118)
4(12018 12128 12129 12019)
4(12117 12118 12129 12128)
4(12019 12129 12130 12020)
4(12118 12119 12130 12129)
4(12011 12022 12132 12121)
4(12021 12131 12132 12022)
4(12120 12121 12132 12131)
4(12012 12023 12133 12122)
4(12022 12132 12133 12023)
4(12121 12122 12133 12132)
4(12013 12024 12134 12123)
4(12023 12133 12134 12024)
4(12122 12123 12134 12133)
4(12014 12025 12135 12124)
4(12024 12134 12135 12025)
4(12123 12124 12135 12134)
4(12015 12026 12136 12125)
4(12025 12135 12136 12026)
4(12124 12125 12136 12135)
4(12016 12027 12137 12126)
4(12026 12136 12137 12027)
4(12125 12126 12137 12136)
4(12017 12028 12138 12127)
4(12027 12137 12138 12028)
4(12126 12127 12138 12137)
4(12018 12029 12139 12128)
4(12028 12138 12139 12029)
4(12127 12128 12139 12138)
4(12019 12030 12140 12129)
4(12029 12139 12140 12030)
4(12128 12129 12140 12139)
4(12030 12140 12141 12031)
4(12129 12130 12141 12140)
4(12022 12033 12143 12132)
4(12032 12142 12143 12033)
4(12131 12132 12143 12142)
4(12023 12034 12144 12133)
4(12033 12143 12144 12034)
4(12132 12133 12144 12143)
4(12024 12035 12145 12134)
4(12034 12144 12145 12035)
4(12133 12134 12145 12144)
4(12025 12036 12146 12135)
4(12035 12145 12146 12036)
4(12134 12135 12146 12145)
4(12026 12037 12147 12136)
4(12036 12146 12147 12037)
4(12135 12136 12147 12146)
4(12027 12038 12148 12137)
4(12037 12147 12148 12038)
4(12136 12137 12148 12147)
4(12028 12039 12149 12138)
4(12038 12148 12149 12039)
4(12137 12138 12149 12148)
4(12029 12040 12150 12139)
4(12039 12149 12150 12040)
4(12138 12139 12150 12149)
4(12030 12041 12151 12140)
4(12040 12150 12151 12041)
4(12139 12140 12151 12150)
4(12041 12151 12152 12042)
4(12140 12141 12152 12151)
4(12033 12044 12154 12143)
4(12043 12153 12154 12044)
4(12142 12143 12154 12153)
4(12034 12045 12155 12144)
4(12044 12154 12155 12045)
4(12143 12144 12155 12154)
4(12035 12046 12156 12145)
4(12045 12155 12156 12046)
4(12144 12145 12156 12155)
4(12036 12047 12157 12146)
4(12046 12156 12157 12047)
4(12145 12146 12157 12156)
4(12037 12048 12158 12147)
4(12047 12157 12158 12048)
4(12146 12147 12158 12157)
4(12038 12049 12159 12148)
4(12048 12158 12159 12049)
4(12147 12148 12159 12158)
4(12039 12050 12160 12149)
4(12049 12159 12160 12050)
4(12148 12149 12160 12159)
4(12040 12051 12161 12150)
4(12050 12160 12161 12051)
4(12149 12150 12161 12160)
4(12041 12052 12162 12151)
4(12051 12161 12162 12052)
4(12150 12151 12162 12161)
4(12052 12162 12163 12053)
4(12151 12152 12163 12162)
4(12044 12055 12165 12154)
4(12054 12164 12165 12055)
4(12153 12154 12165 12164)
4(12045 12056 12166 12155)
4(12055 12165 12166 12056)
4(12154 12155 12166 12165)
4(12046 12057 12167 12156)
4(12056 12166 12167 12057)
4(12155 12156 12167 12166)
4(12047 12058 12168 12157)
4(12057 12167 12168 12058)
4(12156 12157 12168 12167)
4(12048 12059 12169 12158)
4(12058 12168 12169 12059)
4(12157 12158 12169 12168)
4(12049 12060 12170 12159)
4(12059 12169 12170 12060)
4(12158 12159 12170 12169)
4(12050 12061 12171 12160)
4(12060 12170 12171 12061)
4(12159 12160 12171 12170)
4(12051 12062 12172 12161)
4(12061 12171 12172 12062)
4(12160 12161 12172 12171)
4(12052 12063 12173 12162)
4(12062 12172 12173 12063)
4(12161 12162 12173 12172)
4(12063 12173 12174 12064)
4(12162 12163 12174 12173)
4(12055 12066 12176 12165)
4(12065 12175 12176 12066)
4(12164 12165 12176 12175)
4(12056 12067 12177 12166)
4(12066 12176 12177 12067)
4(12165 12166 12177 12176)
4(12057 12068 12178 12167)
4(12067 12177 12178 12068)
4(12166 12167 12178 12177)
4(12058 12069 12179 12168)
4(12068 12178 12179 12069)
4(12167 12168 12179 12178)
4(12059 12070 12180 12169)
4(12069 12179 12180 12070)
4(12168 12169 12180 12179)
4(12060 12071 12181 12170)
4(12070 12180 12181 12071)
4(12169 12170 12181 12180)
4(12061 12072 12182 12171)
4(12071 12181 12182 12072)
4(12170 12171 12182 12181)
4(12062 12073 12183 12172)
4(12072 12182 12183 12073)
4(12171 12172 12183 12182)
4(12063 12074 12184 12173)
4(12073 12183 12184 12074)
4(12172 12173 12184 12183)
4(12074 12184 12185 12075)
4(12173 12174 12185 12184)
4(12066 12077 12187 12176)
4(12076 12186 12187 12077)
4(12175 12176 12187 12186)
4(12067 12078 12188 12177)
4(12077 12187 12188 12078)
4(12176 12177 12188 12187)
4(12068 12079 12189 12178)
4(12078 12188 12189 12079)
4(12177 12178 12189 12188)
4(12069 12080 12190 12179)
4(12079 12189 12190 12080)
4(12178 12179 12190 12189)
4(12070 12081 12191 12180)
4(12080 12190 12191 12081)
4(12179 12180 12191 12190)
4(12071 12082 12192 12181)
4(12081 12191 12192 12082)
4(12180 12181 12192 12191)
4(12072 12083 12193 12182)
4(12082 12192 12193 12083)
4(12181 12182 12193 12192)
4(12073 12084 12194 12183)
4(12083 12193 12194 12084)
4(12182 12183 12194 12193)
4(12074 12085 12195 12184)
4(12084 12194 12195 12085)
4(12183 12184 12195 12194)
4(12085 12195 12196 12086)
4(12184 12185 12196 12195)
4(12077 12088 12198 12187)
4(12087 12197 12198 12088)
4(12186 12187 12198 12197)
4(12078 12089 12199 12188)
4(12088 12198 12199 12089)
4(12187 12188 12199 12198)
4(12079 12090 12200 12189)
4(12089 12199 12200 12090)
4(12188 12189 12200 12199)
4(12080 12091 12201 12190)
4(12090 12200 12201 12091)
4(12189 12190 12201 12200)
4(12081 12092 12202 12191)
4(12091 12201 12202 12092)
4(12190 12191 12202 12201)
4(12082 12093 12203 12192)
4(12092 12202 12203 12093)
4(12191 12192 12203 12202)
4(12083 12094 12204 12193)
4(12093 12203 12204 12094)
4(12192 12193 12204 12203)
4(12084 12095 12205 12194)
4(12094 12204 12205 12095)
4(12193 12194 12205 12204)
4(12085 12096 12206 12195)
4(12095 12205 12206 12096)
4(12194 12195 12206 12205)
4(12096 12206 12207 12097)
4(12195 12196 12207 12206)
4(12088 664 684 12198)
4(12197 12198 684 526)
4(12089 665 685 12199)
4(12198 12199 685 684)
4(12090 666 686 12200)
4(12199 12200 686 685)
4(12091 667 687 12201)
4(12200 12201 687 686)
4(12092 668 688 12202)
4(12201 12202 688 687)
4(12093 669 689 12203)
4(12202 12203 689 688)
4(12094 670 690 12204)
4(12203 12204 690 689)
4(12095 671 691 12205)
4(12204 12205 691 690)
4(12096 672 692 12206)
4(12205 12206 692 691)
4(12206 12207 693 692)
4(12099 12110 12220 12209)
4(12109 12219 12220 12110)
4(12208 12209 12220 12219)
4(12100 12111 12221 12210)
4(12110 12220 12221 12111)
4(12209 12210 12221 12220)
4(12101 12112 12222 12211)
4(12111 12221 12222 12112)
4(12210 12211 12222 12221)
4(12102 12113 12223 12212)
4(12112 12222 12223 12113)
4(12211 12212 12223 12222)
4(12103 12114 12224 12213)
4(12113 12223 12224 12114)
4(12212 12213 12224 12223)
4(12104 12115 12225 12214)
4(12114 12224 12225 12115)
4(12213 12214 12225 12224)
4(12105 12116 12226 12215)
4(12115 12225 12226 12116)
4(12214 12215 12226 12225)
4(12106 12117 12227 12216)
4(12116 12226 12227 12117)
4(12215 12216 12227 12226)
4(12107 12118 12228 12217)
4(12117 12227 12228 12118)
4(12216 12217 12228 12227)
4(12118 12228 12229 12119)
4(12217 12218 12229 12228)
4(12110 12121 12231 12220)
4(12120 12230 12231 12121)
4(12219 12220 12231 12230)
4(12111 12122 12232 12221)
4(12121 12231 12232 12122)
4(12220 12221 12232 12231)
4(12112 12123 12233 12222)
4(12122 12232 12233 12123)
4(12221 12222 12233 12232)
4(12113 12124 12234 12223)
4(12123 12233 12234 12124)
4(12222 12223 12234 12233)
4(12114 12125 12235 12224)
4(12124 12234 12235 12125)
4(12223 12224 12235 12234)
4(12115 12126 12236 12225)
4(12125 12235 12236 12126)
4(12224 12225 12236 12235)
4(12116 12127 12237 12226)
4(12126 12236 12237 12127)
4(12225 12226 12237 12236)
4(12117 12128 12238 12227)
4(12127 12237 12238 12128)
4(12226 12227 12238 12237)
4(12118 12129 12239 12228)
4(12128 12238 12239 12129)
4(12227 12228 12239 12238)
4(12129 12239 12240 12130)
4(12228 12229 12240 12239)
4(12121 12132 12242 12231)
4(12131 12241 12242 12132)
4(12230 12231 12242 12241)
4(12122 12133 12243 12232)
4(12132 12242 12243 12133)
4(12231 12232 12243 12242)
4(12123 12134 12244 12233)
4(12133 12243 12244 12134)
4(12232 12233 12244 12243)
4(12124 12135 12245 12234)
4(12134 12244 12245 12135)
4(12233 12234 12245 12244)
4(12125 12136 12246 12235)
4(12135 12245 12246 12136)
4(12234 12235 12246 12245)
4(12126 12137 12247 12236)
4(12136 12246 12247 12137)
4(12235 12236 12247 12246)
4(12127 12138 12248 12237)
4(12137 12247 12248 12138)
4(12236 12237 12248 12247)
4(12128 12139 12249 12238)
4(12138 12248 12249 12139)
4(12237 12238 12249 12248)
4(12129 12140 12250 12239)
4(12139 12249 12250 12140)
4(12238 12239 12250 12249)
4(12140 12250 12251 12141)
4(12239 12240 12251 12250)
4(12132 12143 12253 12242)
4(12142 12252 12253 12143)
4(12241 12242 12253 12252)
4(12133 12144 12254 12243)
4(12143 12253 12254 12144)
4(12242 12243 12254 12253)
4(12134 12145 12255 12244)
4(12144 12254 12255 12145)
4(12243 12244 12255 12254)
4(12135 12146 12256 12245)
4(12145 12255 12256 12146)
4(12244 12245 12256 12255)
4(12136 12147 12257 12246)
4(12146 12256 12257 12147)
4(12245 12246 12257 12256)
4(12137 12148 12258 12247)
4(12147 12257 12258 12148)
4(12246 12247 12258 12257)
4(12138 12149 12259 12248)
4(12148 12258 12259 12149)
4(12247 12248 12259 12258)
4(12139 12150 12260 12249)
4(12149 12259 12260 12150)
4(12248 12249 12260 12259)
4(12140 12151 12261 12250)
4(12150 12260 12261 12151)
4(12249 12250 12261 12260)
4(12151 12261 12262 12152)
4(12250 12251 12262 12261)
4(12143 12154 12264 12253)
4(12153 12263 12264 12154)
4(12252 12253 12264 12263)
4(12144 12155 12265 12254)
4(12154 12264 12265 12155)
4(12253 12254 12265 12264)
4(12145 12156 12266 12255)
4(12155 12265 12266 12156)
4(12254 12255 12266 12265)
4(12146 12157 12267 12256)
4(12156 12266 12267 12157)
4(12255 12256 12267 12266)
4(12147 12158 12268 12257)
4(12157 12267 12268 12158)
4(12256 12257 12268 12267)
4(12148 12159 12269 12258)
4(12158 12268 12269 12159)
4(12257 12258 12269 12268)
4(12149 12160 12270 12259)
4(12159 12269 12270 12160)
4(12258 12259 12270 12269)
4(12150 12161 12271 12260)
4(12160 12270 12271 12161)
4(12259 12260 12271 12270)
4(12151 12162 12272 12261)
4(12161 12271 12272 12162)
4(12260 12261 12272 12271)
4(12162 12272 12273 12163)
4(12261 12262 12273 12272)
4(12154 12165 12275 12264)
4(12164 12274 12275 12165)
4(12263 12264 12275 12274)
4(12155 12166 12276 12265)
4(12165 12275 12276 12166)
4(12264 12265 12276 12275)
4(12156 12167 12277 12266)
4(12166 12276 12277 12167)
4(12265 12266 12277 12276)
4(12157 12168 12278 12267)
4(12167 12277 12278 12168)
4(12266 12267 12278 12277)
4(12158 12169 12279 12268)
4(12168 12278 12279 12169)
4(12267 12268 12279 12278)
4(12159 12170 12280 12269)
4(12169 12279 12280 12170)
4(12268 12269 12280 12279)
4(12160 12171 12281 12270)
4(12170 12280 12281 12171)
4(12269 12270 12281 12280)
4(12161 12172 12282 12271)
4(12171 12281 12282 12172)
4(12270 12271 12282 12281)
4(12162 12173 12283 12272)
4(12172 12282 12283 12173)
4(12271 12272 12283 12282)
4(12173 12283 12284 12174)
4(12272 12273 12284 12283)
4(12165 12176 12286 12275)
4(12175 12285 12286 12176)
4(12274 12275 12286 12285)
4(12166 12177 12287 12276)
4(12176 12286 12287 12177)
4(12275 12276 12287 12286)
4(12167 12178 12288 12277)
4(12177 12287 12288 12178)
4(12276 12277 12288 12287)
4(12168 12179 12289 12278)
4(12178 12288 12289 12179)
4(12277 12278 12289 12288)
4(12169 12180 12290 12279)
4(12179 12289 12290 12180)
4(12278 12279 12290 12289)
4(12170 12181 12291 12280)
4(12180 12290 12291 12181)
4(12279 12280 12291 12290)
4(12171 12182 12292 12281)
4(12181 12291 12292 12182)
4(12280 12281 12292 12291)
4(12172 12183 12293 12282)
4(12182 12292 12293 12183)
4(12281 12282 12293 12292)
4(12173 12184 12294 12283)
4(12183 12293 12294 12184)
4(12282 12283 12294 12293)
4(12184 12294 12295 12185)
4(12283 12284 12295 12294)
4(12176 12187 12297 12286)
4(12186 12296 12297 12187)
4(12285 12286 12297 12296)
4(12177 12188 12298 12287)
4(12187 12297 12298 12188)
4(12286 12287 12298 12297)
4(12178 12189 12299 12288)
4(12188 12298 12299 12189)
4(12287 12288 12299 12298)
4(12179 12190 12300 12289)
4(12189 12299 12300 12190)
4(12288 12289 12300 12299)
4(12180 12191 12301 12290)
4(12190 12300 12301 12191)
4(12289 12290 12301 12300)
4(12181 12192 12302 12291)
4(12191 12301 12302 12192)
4(12290 12291 12302 12301)
4(12182 12193 12303 12292)
4(12192 12302 12303 12193)
4(12291 12292 12303 12302)
4(12183 12194 12304 12293)
4(12193 12303 12304 12194)
4(12292 12293 12304 12303)
4(12184 12195 12305 12294)
4(12194 12304 12305 12195)
4(12293 12294 12305 12304)
4(12195 12305 12306 12196)
4(12294 12295 12306 12305)
4(12187 12198 12308 12297)
4(12197 12307 12308 12198)
4(12296 12297 12308 12307)
4(12188 12199 12309 12298)
4(12198 12308 12309 12199)
4(12297 12298 12309 12308)
4(12189 12200 12310 12299)
4(12199 12309 12310 12200)
4(12298 12299 12310 12309)
4(12190 12201 12311 12300)
4(12200 12310 12311 12201)
4(12299 12300 12311 12310)
4(12191 12202 12312 12301)
4(12201 12311 12312 12202)
4(12300 12301 12312 12311)
4(12192 12203 12313 12302)
4(12202 12312 12313 12203)
4(12301 12302 12313 12312)
4(12193 12204 12314 12303)
4(12203 12313 12314 12204)
4(12302 12303 12314 12313)
4(12194 12205 12315 12304)
4(12204 12314 12315 12205)
4(12303 12304 12315 12314)
4(12195 12206 12316 12305)
4(12205 12315 12316 12206)
4(12304 12305 12316 12315)
4(12206 12316 12317 12207)
4(12305 12306 12317 12316)
4(12198 684 704 12308)
4(12307 12308 704 528)
4(12199 685 705 12309)
4(12308 12309 705 704)
4(12200 686 706 12310)
4(12309 12310 706 705)
4(12201 687 707 12311)
4(12310 12311 707 706)
4(12202 688 708 12312)
4(12311 12312 708 707)
4(12203 689 709 12313)
4(12312 12313 709 708)
4(12204 690 710 12314)
4(12313 12314 710 709)
4(12205 691 711 12315)
4(12314 12315 711 710)
4(12206 692 712 12316)
4(12315 12316 712 711)
4(12316 12317 713 712)
4(12209 12220 12330 12319)
4(12219 12329 12330 12220)
4(12318 12319 12330 12329)
4(12210 12221 12331 12320)
4(12220 12330 12331 12221)
4(12319 12320 12331 12330)
4(12211 12222 12332 12321)
4(12221 12331 12332 12222)
4(12320 12321 12332 12331)
4(12212 12223 12333 12322)
4(12222 12332 12333 12223)
4(12321 12322 12333 12332)
4(12213 12224 12334 12323)
4(12223 12333 12334 12224)
4(12322 12323 12334 12333)
4(12214 12225 12335 12324)
4(12224 12334 12335 12225)
4(12323 12324 12335 12334)
4(12215 12226 12336 12325)
4(12225 12335 12336 12226)
4(12324 12325 12336 12335)
4(12216 12227 12337 12326)
4(12226 12336 12337 12227)
4(12325 12326 12337 12336)
4(12217 12228 12338 12327)
4(12227 12337 12338 12228)
4(12326 12327 12338 12337)
4(12228 12338 12339 12229)
4(12327 12328 12339 12338)
4(12220 12231 12341 12330)
4(12230 12340 12341 12231)
4(12329 12330 12341 12340)
4(12221 12232 12342 12331)
4(12231 12341 12342 12232)
4(12330 12331 12342 12341)
4(12222 12233 12343 12332)
4(12232 12342 12343 12233)
4(12331 12332 12343 12342)
4(12223 12234 12344 12333)
4(12233 12343 12344 12234)
4(12332 12333 12344 12343)
4(12224 12235 12345 12334)
4(12234 12344 12345 12235)
4(12333 12334 12345 12344)
4(12225 12236 12346 12335)
4(12235 12345 12346 12236)
4(12334 12335 12346 12345)
4(12226 12237 12347 12336)
4(12236 12346 12347 12237)
4(12335 12336 12347 12346)
4(12227 12238 12348 12337)
4(12237 12347 12348 12238)
4(12336 12337 12348 12347)
4(12228 12239 12349 12338)
4(12238 12348 12349 12239)
4(12337 12338 12349 12348)
4(12239 12349 12350 12240)
4(12338 12339 12350 12349)
4(12231 12242 12352 12341)
4(12241 12351 12352 12242)
4(12340 12341 12352 12351)
4(12232 12243 12353 12342)
4(12242 12352 12353 12243)
4(12341 12342 12353 12352)
4(12233 12244 12354 12343)
4(12243 12353 12354 12244)
4(12342 12343 12354 12353)
4(12234 12245 12355 12344)
4(12244 12354 12355 12245)
4(12343 12344 12355 12354)
4(12235 12246 12356 12345)
4(12245 12355 12356 12246)
4(12344 12345 12356 12355)
4(12236 12247 12357 12346)
4(12246 12356 12357 12247)
4(12345 12346 12357 12356)
4(12237 12248 12358 12347)
4(12247 12357 12358 12248)
4(12346 12347 12358 12357)
4(12238 12249 12359 12348)
4(12248 12358 12359 12249)
4(12347 12348 12359 12358)
4(12239 12250 12360 12349)
4(12249 12359 12360 12250)
4(12348 12349 12360 12359)
4(12250 12360 12361 12251)
4(12349 12350 12361 12360)
4(12242 12253 12363 12352)
4(12252 12362 12363 12253)
4(12351 12352 12363 12362)
4(12243 12254 12364 12353)
4(12253 12363 12364 12254)
4(12352 12353 12364 12363)
4(12244 12255 12365 12354)
4(12254 12364 12365 12255)
4(12353 12354 12365 12364)
4(12245 12256 12366 12355)
4(12255 12365 12366 12256)
4(12354 12355 12366 12365)
4(12246 12257 12367 12356)
4(12256 12366 12367 12257)
4(12355 12356 12367 12366)
4(12247 12258 12368 12357)
4(12257 12367 12368 12258)
4(12356 12357 12368 12367)
4(12248 12259 12369 12358)
4(12258 12368 12369 12259)
4(12357 12358 12369 12368)
4(12249 12260 12370 12359)
4(12259 12369 12370 12260)
4(12358 12359 12370 12369)
4(12250 12261 12371 12360)
4(12260 12370 12371 12261)
4(12359 12360 12371 12370)
4(12261 12371 12372 12262)
4(12360 12361 12372 12371)
4(12253 12264 12374 12363)
4(12263 12373 12374 12264)
4(12362 12363 12374 12373)
4(12254 12265 12375 12364)
4(12264 12374 12375 12265)
4(12363 12364 12375 12374)
4(12255 12266 12376 12365)
4(12265 12375 12376 12266)
4(12364 12365 12376 12375)
4(12256 12267 12377 12366)
4(12266 12376 12377 12267)
4(12365 12366 12377 12376)
4(12257 12268 12378 12367)
4(12267 12377 12378 12268)
4(12366 12367 12378 12377)
4(12258 12269 12379 12368)
4(12268 12378 12379 12269)
4(12367 12368 12379 12378)
4(12259 12270 12380 12369)
4(12269 12379 12380 12270)
4(12368 12369 12380 12379)
4(12260 12271 12381 12370)
4(12270 12380 12381 12271)
4(12369 12370 12381 12380)
4(12261 12272 12382 12371)
4(12271 12381 12382 12272)
4(12370 12371 12382 12381)
4(12272 12382 12383 12273)
4(12371 12372 12383 12382)
4(12264 12275 12385 12374)
4(12274 12384 12385 12275)
4(12373 12374 12385 12384)
4(12265 12276 12386 12375)
4(12275 12385 12386 12276)
4(12374 12375 12386 12385)
4(12266 12277 12387 12376)
4(12276 12386 12387 12277)
4(12375 12376 12387 12386)
4(12267 12278 12388 12377)
4(12277 12387 12388 12278)
4(12376 12377 12388 12387)
4(12268 12279 12389 12378)
4(12278 12388 12389 12279)
4(12377 12378 12389 12388)
4(12269 12280 12390 12379)
4(12279 12389 12390 12280)
4(12378 12379 12390 12389)
4(12270 12281 12391 12380)
4(12280 12390 12391 12281)
4(12379 12380 12391 12390)
4(12271 12282 12392 12381)
4(12281 12391 12392 12282)
4(12380 12381 12392 12391)
4(12272 12283 12393 12382)
4(12282 12392 12393 12283)
4(12381 12382 12393 12392)
4(12283 12393 12394 12284)
4(12382 12383 12394 12393)
4(12275 12286 12396 12385)
4(12285 12395 12396 12286)
4(12384 12385 12396 12395)
4(12276 12287 12397 12386)
4(12286 12396 12397 12287)
4(12385 12386 12397 12396)
4(12277 12288 12398 12387)
4(12287 12397 12398 12288)
4(12386 12387 12398 12397)
4(12278 12289 12399 12388)
4(12288 12398 12399 12289)
4(12387 12388 12399 12398)
4(12279 12290 12400 12389)
4(12289 12399 12400 12290)
4(12388 12389 12400 12399)
4(12280 12291 12401 12390)
4(12290 12400 12401 12291)
4(12389 12390 12401 12400)
4(12281 12292 12402 12391)
4(12291 12401 12402 12292)
4(12390 12391 12402 12401)
4(12282 12293 12403 12392)
4(12292 12402 12403 12293)
4(12391 12392 12403 12402)
4(12283 12294 12404 12393)
4(12293 12403 12404 12294)
4(12392 12393 12404 12403)
4(12294 12404 12405 12295)
4(12393 12394 12405 12404)
4(12286 12297 12407 12396)
4(12296 12406 12407 12297)
4(12395 12396 12407 12406)
4(12287 12298 12408 12397)
4(12297 12407 12408 12298)
4(12396 12397 12408 12407)
4(12288 12299 12409 12398)
4(12298 12408 12409 12299)
4(12397 12398 12409 12408)
4(12289 12300 12410 12399)
4(12299 12409 12410 12300)
4(12398 12399 12410 12409)
4(12290 12301 12411 12400)
4(12300 12410 12411 12301)
4(12399 12400 12411 12410)
4(12291 12302 12412 12401)
4(12301 12411 12412 12302)
4(12400 12401 12412 12411)
4(12292 12303 12413 12402)
4(12302 12412 12413 12303)
4(12401 12402 12413 12412)
4(12293 12304 12414 12403)
4(12303 12413 12414 12304)
4(12402 12403 12414 12413)
4(12294 12305 12415 12404)
4(12304 12414 12415 12305)
4(12403 12404 12415 12414)
4(12305 12415 12416 12306)
4(12404 12405 12416 12415)
4(12297 12308 12418 12407)
4(12307 12417 12418 12308)
4(12406 12407 12418 12417)
4(12298 12309 12419 12408)
4(12308 12418 12419 12309)
4(12407 12408 12419 12418)
4(12299 12310 12420 12409)
4(12309 12419 12420 12310)
4(12408 12409 12420 12419)
4(12300 12311 12421 12410)
4(12310 12420 12421 12311)
4(12409 12410 12421 12420)
4(12301 12312 12422 12411)
4(12311 12421 12422 12312)
4(12410 12411 12422 12421)
4(12302 12313 12423 12412)
4(12312 12422 12423 12313)
4(12411 12412 12423 12422)
4(12303 12314 12424 12413)
4(12313 12423 12424 12314)
4(12412 12413 12424 12423)
4(12304 12315 12425 12414)
4(12314 12424 12425 12315)
4(12413 12414 12425 12424)
4(12305 12316 12426 12415)
4(12315 12425 12426 12316)
4(12414 12415 12426 12425)
4(12316 12426 12427 12317)
4(12415 12416 12427 12426)
4(12308 704 724 12418)
4(12417 12418 724 530)
4(12309 705 725 12419)
4(12418 12419 725 724)
4(12310 706 726 12420)
4(12419 12420 726 725)
4(12311 707 727 12421)
4(12420 12421 727 726)
4(12312 708 728 12422)
4(12421 12422 728 727)
4(12313 709 729 12423)
4(12422 12423 729 728)
4(12314 710 730 12424)
4(12423 12424 730 729)
4(12315 711 731 12425)
4(12424 12425 731 730)
4(12316 712 732 12426)
4(12425 12426 732 731)
4(12426 12427 733 732)
4(12319 12330 12440 12429)
4(12329 12439 12440 12330)
4(12428 12429 12440 12439)
4(12320 12331 12441 12430)
4(12330 12440 12441 12331)
4(12429 12430 12441 12440)
4(12321 12332 12442 12431)
4(12331 12441 12442 12332)
4(12430 12431 12442 12441)
4(12322 12333 12443 12432)
4(12332 12442 12443 12333)
4(12431 12432 12443 12442)
4(12323 12334 12444 12433)
4(12333 12443 12444 12334)
4(12432 12433 12444 12443)
4(12324 12335 12445 12434)
4(12334 12444 12445 12335)
4(12433 12434 12445 12444)
4(12325 12336 12446 12435)
4(12335 12445 12446 12336)
4(12434 12435 12446 12445)
4(12326 12337 12447 12436)
4(12336 12446 12447 12337)
4(12435 12436 12447 12446)
4(12327 12338 12448 12437)
4(12337 12447 12448 12338)
4(12436 12437 12448 12447)
4(12338 12448 12449 12339)
4(12437 12438 12449 12448)
4(12330 12341 12451 12440)
4(12340 12450 12451 12341)
4(12439 12440 12451 12450)
4(12331 12342 12452 12441)
4(12341 12451 12452 12342)
4(12440 12441 12452 12451)
4(12332 12343 12453 12442)
4(12342 12452 12453 12343)
4(12441 12442 12453 12452)
4(12333 12344 12454 12443)
4(12343 12453 12454 12344)
4(12442 12443 12454 12453)
4(12334 12345 12455 12444)
4(12344 12454 12455 12345)
4(12443 12444 12455 12454)
4(12335 12346 12456 12445)
4(12345 12455 12456 12346)
4(12444 12445 12456 12455)
4(12336 12347 12457 12446)
4(12346 12456 12457 12347)
4(12445 12446 12457 12456)
4(12337 12348 12458 12447)
4(12347 12457 12458 12348)
4(12446 12447 12458 12457)
4(12338 12349 12459 12448)
4(12348 12458 12459 12349)
4(12447 12448 12459 12458)
4(12349 12459 12460 12350)
4(12448 12449 12460 12459)
4(12341 12352 12462 12451)
4(12351 12461 12462 12352)
4(12450 12451 12462 12461)
4(12342 12353 12463 12452)
4(12352 12462 12463 12353)
4(12451 12452 12463 12462)
4(12343 12354 12464 12453)
4(12353 12463 12464 12354)
4(12452 12453 12464 12463)
4(12344 12355 12465 12454)
4(12354 12464 12465 12355)
4(12453 12454 12465 12464)
4(12345 12356 12466 12455)
4(12355 12465 12466 12356)
4(12454 12455 12466 12465)
4(12346 12357 12467 12456)
4(12356 12466 12467 12357)
4(12455 12456 12467 12466)
4(12347 12358 12468 12457)
4(12357 12467 12468 12358)
4(12456 12457 12468 12467)
4(12348 12359 12469 12458)
4(12358 12468 12469 12359)
4(12457 12458 12469 12468)
4(12349 12360 12470 12459)
4(12359 12469 12470 12360)
4(12458 12459 12470 12469)
4(12360 12470 12471 12361)
4(12459 12460 12471 12470)
4(12352 12363 12473 12462)
4(12362 12472 12473 12363)
4(12461 12462 12473 12472)
4(12353 12364 12474 12463)
4(12363 12473 12474 12364)
4(12462 12463 12474 12473)
4(12354 12365 12475 12464)
4(12364 12474 12475 12365)
4(12463 12464 12475 12474)
4(12355 12366 12476 12465)
4(12365 12475 12476 12366)
4(12464 12465 12476 12475)
4(12356 12367 12477 12466)
4(12366 12476 12477 12367)
4(12465 12466 12477 12476)
4(12357 12368 12478 12467)
4(12367 12477 12478 12368)
4(12466 12467 12478 12477)
4(12358 12369 12479 12468)
4(12368 12478 12479 12369)
4(12467 12468 12479 12478)
4(12359 12370 12480 12469)
4(12369 12479 12480 12370)
4(12468 12469 12480 12479)
4(12360 12371 12481 12470)
4(12370 12480 12481 12371)
4(12469 12470 12481 12480)
4(12371 12481 12482 12372)
4(12470 12471 12482 12481)
4(12363 12374 12484 12473)
4(12373 12483 12484 12374)
4(12472 12473 12484 12483)
4(12364 12375 12485 12474)
4(12374 12484 12485 12375)
4(12473 12474 12485 12484)
4(12365 12376 12486 12475)
4(12375 12485 12486 12376)
4(12474 12475 12486 12485)
4(12366 12377 12487 12476)
4(12376 12486 12487 12377)
4(12475 12476 12487 12486)
4(12367 12378 12488 12477)
4(12377 12487 12488 12378)
4(12476 12477 12488 12487)
4(12368 12379 12489 12478)
4(12378 12488 12489 12379)
4(12477 12478 12489 12488)
4(12369 12380 12490 12479)
4(12379 12489 12490 12380)
4(12478 12479 12490 12489)
4(12370 12381 12491 12480)
4(12380 12490 12491 12381)
4(12479 12480 12491 12490)
4(12371 12382 12492 12481)
4(12381 12491 12492 12382)
4(12480 12481 12492 12491)
4(12382 12492 12493 12383)
4(12481 12482 12493 12492)
4(12374 12385 12495 12484)
4(12384 12494 12495 12385)
4(12483 12484 12495 12494)
4(12375 12386 12496 12485)
4(12385 12495 12496 12386)
4(12484 12485 12496 12495)
4(12376 12387 12497 12486)
4(12386 12496 12497 12387)
4(12485 12486 12497 12496)
4(12377 12388 12498 12487)
4(12387 12497 12498 12388)
4(12486 12487 12498 12497)
4(12378 12389 12499 12488)
4(12388 12498 12499 12389)
4(12487 12488 12499 12498)
4(12379 12390 12500 12489)
4(12389 12499 12500 12390)
4(12488 12489 12500 12499)
4(12380 12391 12501 12490)
4(12390 12500 12501 12391)
4(12489 12490 12501 12500)
4(12381 12392 12502 12491)
4(12391 12501 12502 12392)
4(12490 12491 12502 12501)
4(12382 12393 12503 12492)
4(12392 12502 12503 12393)
4(12491 12492 12503 12502)
4(12393 12503 12504 12394)
4(12492 12493 12504 12503)
4(12385 12396 12506 12495)
4(12395 12505 12506 12396)
4(12494 12495 12506 12505)
4(12386 12397 12507 12496)
4(12396 12506 12507 12397)
4(12495 12496 12507 12506)
4(12387 12398 12508 12497)
4(12397 12507 12508 12398)
4(12496 12497 12508 12507)
4(12388 12399 12509 12498)
4(12398 12508 12509 12399)
4(12497 12498 12509 12508)
4(12389 12400 12510 12499)
4(12399 12509 12510 12400)
4(12498 12499 12510 12509)
4(12390 12401 12511 12500)
4(12400 12510 12511 12401)
4(12499 12500 12511 12510)
4(12391 12402 12512 12501)
4(12401 12511 12512 12402)
4(12500 12501 12512 12511)
4(12392 12403 12513 12502)
4(12402 12512 12513 12403)
4(12501 12502 12513 12512)
4(12393 12404 12514 12503)
4(12403 12513 12514 12404)
4(12502 12503 12514 12513)
4(12404 12514 12515 12405)
4(12503 12504 12515 12514)
4(12396 12407 12517 12506)
4(12406 12516 12517 12407)
4(12505 12506 12517 12516)
4(12397 12408 12518 12507)
4(12407 12517 12518 12408)
4(12506 12507 12518 12517)
4(12398 12409 12519 12508)
4(12408 12518 12519 12409)
4(12507 12508 12519 12518)
4(12399 12410 12520 12509)
4(12409 12519 12520 12410)
4(12508 12509 12520 12519)
4(12400 12411 12521 12510)
4(12410 12520 12521 12411)
4(12509 12510 12521 12520)
4(12401 12412 12522 12511)
4(12411 12521 12522 12412)
4(12510 12511 12522 12521)
4(12402 12413 12523 12512)
4(12412 12522 12523 12413)
4(12511 12512 12523 12522)
4(12403 12414 12524 12513)
4(12413 12523 12524 12414)
4(12512 12513 12524 12523)
4(12404 12415 12525 12514)
4(12414 12524 12525 12415)
4(12513 12514 12525 12524)
4(12415 12525 12526 12416)
4(12514 12515 12526 12525)
4(12407 12418 12528 12517)
4(12417 12527 12528 12418)
4(12516 12517 12528 12527)
4(12408 12419 12529 12518)
4(12418 12528 12529 12419)
4(12517 12518 12529 12528)
4(12409 12420 12530 12519)
4(12419 12529 12530 12420)
4(12518 12519 12530 12529)
4(12410 12421 12531 12520)
4(12420 12530 12531 12421)
4(12519 12520 12531 12530)
4(12411 12422 12532 12521)
4(12421 12531 12532 12422)
4(12520 12521 12532 12531)
4(12412 12423 12533 12522)
4(12422 12532 12533 12423)
4(12521 12522 12533 12532)
4(12413 12424 12534 12523)
4(12423 12533 12534 12424)
4(12522 12523 12534 12533)
4(12414 12425 12535 12524)
4(12424 12534 12535 12425)
4(12523 12524 12535 12534)
4(12415 12426 12536 12525)
4(12425 12535 12536 12426)
4(12524 12525 12536 12535)
4(12426 12536 12537 12427)
4(12525 12526 12537 12536)
4(12418 724 744 12528)
4(12527 12528 744 532)
4(12419 725 745 12529)
4(12528 12529 745 744)
4(12420 726 746 12530)
4(12529 12530 746 745)
4(12421 727 747 12531)
4(12530 12531 747 746)
4(12422 728 748 12532)
4(12531 12532 748 747)
4(12423 729 749 12533)
4(12532 12533 749 748)
4(12424 730 750 12534)
4(12533 12534 750 749)
4(12425 731 751 12535)
4(12534 12535 751 750)
4(12426 732 752 12536)
4(12535 12536 752 751)
4(12536 12537 753 752)
4(12429 12440 12550 12539)
4(12439 12549 12550 12440)
4(12538 12539 12550 12549)
4(12430 12441 12551 12540)
4(12440 12550 12551 12441)
4(12539 12540 12551 12550)
4(12431 12442 12552 12541)
4(12441 12551 12552 12442)
4(12540 12541 12552 12551)
4(12432 12443 12553 12542)
4(12442 12552 12553 12443)
4(12541 12542 12553 12552)
4(12433 12444 12554 12543)
4(12443 12553 12554 12444)
4(12542 12543 12554 12553)
4(12434 12445 12555 12544)
4(12444 12554 12555 12445)
4(12543 12544 12555 12554)
4(12435 12446 12556 12545)
4(12445 12555 12556 12446)
4(12544 12545 12556 12555)
4(12436 12447 12557 12546)
4(12446 12556 12557 12447)
4(12545 12546 12557 12556)
4(12437 12448 12558 12547)
4(12447 12557 12558 12448)
4(12546 12547 12558 12557)
4(12448 12558 12559 12449)
4(12547 12548 12559 12558)
4(12440 12451 12561 12550)
4(12450 12560 12561 12451)
4(12549 12550 12561 12560)
4(12441 12452 12562 12551)
4(12451 12561 12562 12452)
4(12550 12551 12562 12561)
4(12442 12453 12563 12552)
4(12452 12562 12563 12453)
4(12551 12552 12563 12562)
4(12443 12454 12564 12553)
4(12453 12563 12564 12454)
4(12552 12553 12564 12563)
4(12444 12455 12565 12554)
4(12454 12564 12565 12455)
4(12553 12554 12565 12564)
4(12445 12456 12566 12555)
4(12455 12565 12566 12456)
4(12554 12555 12566 12565)
4(12446 12457 12567 12556)
4(12456 12566 12567 12457)
4(12555 12556 12567 12566)
4(12447 12458 12568 12557)
4(12457 12567 12568 12458)
4(12556 12557 12568 12567)
4(12448 12459 12569 12558)
4(12458 12568 12569 12459)
4(12557 12558 12569 12568)
4(12459 12569 12570 12460)
4(12558 12559 12570 12569)
4(12451 12462 12572 12561)
4(12461 12571 12572 12462)
4(12560 12561 12572 12571)
4(12452 12463 12573 12562)
4(12462 12572 12573 12463)
4(12561 12562 12573 12572)
4(12453 12464 12574 12563)
4(12463 12573 12574 12464)
4(12562 12563 12574 12573)
4(12454 12465 12575 12564)
4(12464 12574 12575 12465)
4(12563 12564 12575 12574)
4(12455 12466 12576 12565)
4(12465 12575 12576 12466)
4(12564 12565 12576 12575)
4(12456 12467 12577 12566)
4(12466 12576 12577 12467)
4(12565 12566 12577 12576)
4(12457 12468 12578 12567)
4(12467 12577 12578 12468)
4(12566 12567 12578 12577)
4(12458 12469 12579 12568)
4(12468 12578 12579 12469)
4(12567 12568 12579 12578)
4(12459 12470 12580 12569)
4(12469 12579 12580 12470)
4(12568 12569 12580 12579)
4(12470 12580 12581 12471)
4(12569 12570 12581 12580)
4(12462 12473 12583 12572)
4(12472 12582 12583 12473)
4(12571 12572 12583 12582)
4(12463 12474 12584 12573)
4(12473 12583 12584 12474)
4(12572 12573 12584 12583)
4(12464 12475 12585 12574)
4(12474 12584 12585 12475)
4(12573 12574 12585 12584)
4(12465 12476 12586 12575)
4(12475 12585 12586 12476)
4(12574 12575 12586 12585)
4(12466 12477 12587 12576)
4(12476 12586 12587 12477)
4(12575 12576 12587 12586)
4(12467 12478 12588 12577)
4(12477 12587 12588 12478)
4(12576 12577 12588 12587)
4(12468 12479 12589 12578)
4(12478 12588 12589 12479)
4(12577 12578 12589 12588)
4(12469 12480 12590 12579)
4(12479 12589 12590 12480)
4(12578 12579 12590 12589)
4(12470 12481 12591 12580)
4(12480 12590 12591 12481)
4(12579 12580 12591 12590)
4(12481 12591 12592 12482)
4(12580 12581 12592 12591)
4(12473 12484 12594 12583)
4(12483 12593 12594 12484)
4(12582 12583 12594 12593)
4(12474 12485 12595 12584)
4(12484 12594 12595 12485)
4(12583 12584 12595 12594)
4(12475 12486 12596 12585)
4(12485 12595 12596 12486)
4(12584 12585 12596 12595)
4(12476 12487 12597 12586)
4(12486 12596 12597 12487)
4(12585 12586 12597 12596)
4(12477 12488 12598 12587)
4(12487 12597 12598 12488)
4(12586 12587 12598 12597)
4(12478 12489 12599 12588)
4(12488 12598 12599 12489)
4(12587 12588 12599 12598)
4(12479 12490 12600 12589)
4(12489 12599 12600 12490)
4(12588 12589 12600 12599)
4(12480 12491 12601 12590)
4(12490 12600 12601 12491)
4(12589 12590 12601 12600)
4(12481 12492 12602 12591)
4(12491 12601 12602 12492)
4(12590 12591 12602 12601)
4(12492 12602 12603 12493)
4(12591 12592 12603 12602)
4(12484 12495 12605 12594)
4(12494 12604 12605 12495)
4(12593 12594 12605 12604)
4(12485 12496 12606 12595)
4(12495 12605 12606 12496)
4(12594 12595 12606 12605)
4(12486 12497 12607 12596)
4(12496 12606 12607 12497)
4(12595 12596 12607 12606)
4(12487 12498 12608 12597)
4(12497 12607 12608 12498)
4(12596 12597 12608 12607)
4(12488 12499 12609 12598)
4(12498 12608 12609 12499)
4(12597 12598 12609 12608)
4(12489 12500 12610 12599)
4(12499 12609 12610 12500)
4(12598 12599 12610 12609)
4(12490 12501 12611 12600)
4(12500 12610 12611 12501)
4(12599 12600 12611 12610)
4(12491 12502 12612 12601)
4(12501 12611 12612 12502)
4(12600 12601 12612 12611)
4(12492 12503 12613 12602)
4(12502 12612 12613 12503)
4(12601 12602 12613 12612)
4(12503 12613 12614 12504)
4(12602 12603 12614 12613)
4(12495 12506 12616 12605)
4(12505 12615 12616 12506)
4(12604 12605 12616 12615)
4(12496 12507 12617 12606)
4(12506 12616 12617 12507)
4(12605 12606 12617 12616)
4(12497 12508 12618 12607)
4(12507 12617 12618 12508)
4(12606 12607 12618 12617)
4(12498 12509 12619 12608)
4(12508 12618 12619 12509)
4(12607 12608 12619 12618)
4(12499 12510 12620 12609)
4(12509 12619 12620 12510)
4(12608 12609 12620 12619)
4(12500 12511 12621 12610)
4(12510 12620 12621 12511)
4(12609 12610 12621 12620)
4(12501 12512 12622 12611)
4(12511 12621 12622 12512)
4(12610 12611 12622 12621)
4(12502 12513 12623 12612)
4(12512 12622 12623 12513)
4(12611 12612 12623 12622)
4(12503 12514 12624 12613)
4(12513 12623 12624 12514)
4(12612 12613 12624 12623)
4(12514 12624 12625 12515)
4(12613 12614 12625 12624)
4(12506 12517 12627 12616)
4(12516 12626 12627 12517)
4(12615 12616 12627 12626)
4(12507 12518 12628 12617)
4(12517 12627 12628 12518)
4(12616 12617 12628 12627)
4(12508 12519 12629 12618)
4(12518 12628 12629 12519)
4(12617 12618 12629 12628)
4(12509 12520 12630 12619)
4(12519 12629 12630 12520)
4(12618 12619 12630 12629)
4(12510 12521 12631 12620)
4(12520 12630 12631 12521)
4(12619 12620 12631 12630)
4(12511 12522 12632 12621)
4(12521 12631 12632 12522)
4(12620 12621 12632 12631)
4(12512 12523 12633 12622)
4(12522 12632 12633 12523)
4(12621 12622 12633 12632)
4(12513 12524 12634 12623)
4(12523 12633 12634 12524)
4(12622 12623 12634 12633)
4(12514 12525 12635 12624)
4(12524 12634 12635 12525)
4(12623 12624 12635 12634)
4(12525 12635 12636 12526)
4(12624 12625 12636 12635)
4(12517 12528 12638 12627)
4(12527 12637 12638 12528)
4(12626 12627 12638 12637)
4(12518 12529 12639 12628)
4(12528 12638 12639 12529)
4(12627 12628 12639 12638)
4(12519 12530 12640 12629)
4(12529 12639 12640 12530)
4(12628 12629 12640 12639)
4(12520 12531 12641 12630)
4(12530 12640 12641 12531)
4(12629 12630 12641 12640)
4(12521 12532 12642 12631)
4(12531 12641 12642 12532)
4(12630 12631 12642 12641)
4(12522 12533 12643 12632)
4(12532 12642 12643 12533)
4(12631 12632 12643 12642)
4(12523 12534 12644 12633)
4(12533 12643 12644 12534)
4(12632 12633 12644 12643)
4(12524 12535 12645 12634)
4(12534 12644 12645 12535)
4(12633 12634 12645 12644)
4(12525 12536 12646 12635)
4(12535 12645 12646 12536)
4(12634 12635 12646 12645)
4(12536 12646 12647 12537)
4(12635 12636 12647 12646)
4(12528 744 764 12638)
4(12637 12638 764 534)
4(12529 745 765 12639)
4(12638 12639 765 764)
4(12530 746 766 12640)
4(12639 12640 766 765)
4(12531 747 767 12641)
4(12640 12641 767 766)
4(12532 748 768 12642)
4(12641 12642 768 767)
4(12533 749 769 12643)
4(12642 12643 769 768)
4(12534 750 770 12644)
4(12643 12644 770 769)
4(12535 751 771 12645)
4(12644 12645 771 770)
4(12536 752 772 12646)
4(12645 12646 772 771)
4(12646 12647 773 772)
4(12539 12550 12660 12649)
4(12549 12659 12660 12550)
4(12648 12649 12660 12659)
4(12540 12551 12661 12650)
4(12550 12660 12661 12551)
4(12649 12650 12661 12660)
4(12541 12552 12662 12651)
4(12551 12661 12662 12552)
4(12650 12651 12662 12661)
4(12542 12553 12663 12652)
4(12552 12662 12663 12553)
4(12651 12652 12663 12662)
4(12543 12554 12664 12653)
4(12553 12663 12664 12554)
4(12652 12653 12664 12663)
4(12544 12555 12665 12654)
4(12554 12664 12665 12555)
4(12653 12654 12665 12664)
4(12545 12556 12666 12655)
4(12555 12665 12666 12556)
4(12654 12655 12666 12665)
4(12546 12557 12667 12656)
4(12556 12666 12667 12557)
4(12655 12656 12667 12666)
4(12547 12558 12668 12657)
4(12557 12667 12668 12558)
4(12656 12657 12668 12667)
4(12558 12668 12669 12559)
4(12657 12658 12669 12668)
4(12550 12561 12671 12660)
4(12560 12670 12671 12561)
4(12659 12660 12671 12670)
4(12551 12562 12672 12661)
4(12561 12671 12672 12562)
4(12660 12661 12672 12671)
4(12552 12563 12673 12662)
4(12562 12672 12673 12563)
4(12661 12662 12673 12672)
4(12553 12564 12674 12663)
4(12563 12673 12674 12564)
4(12662 12663 12674 12673)
4(12554 12565 12675 12664)
4(12564 12674 12675 12565)
4(12663 12664 12675 12674)
4(12555 12566 12676 12665)
4(12565 12675 12676 12566)
4(12664 12665 12676 12675)
4(12556 12567 12677 12666)
4(12566 12676 12677 12567)
4(12665 12666 12677 12676)
4(12557 12568 12678 12667)
4(12567 12677 12678 12568)
4(12666 12667 12678 12677)
4(12558 12569 12679 12668)
4(12568 12678 12679 12569)
4(12667 12668 12679 12678)
4(12569 12679 12680 12570)
4(12668 12669 12680 12679)
4(12561 12572 12682 12671)
4(12571 12681 12682 12572)
4(12670 12671 12682 12681)
4(12562 12573 12683 12672)
4(12572 12682 12683 12573)
4(12671 12672 12683 12682)
4(12563 12574 12684 12673)
4(12573 12683 12684 12574)
4(12672 12673 12684 12683)
4(12564 12575 12685 12674)
4(12574 12684 12685 12575)
4(12673 12674 12685 12684)
4(12565 12576 12686 12675)
4(12575 12685 12686 12576)
4(12674 12675 12686 12685)
4(12566 12577 12687 12676)
4(12576 12686 12687 12577)
4(12675 12676 12687 12686)
4(12567 12578 12688 12677)
4(12577 12687 12688 12578)
4(12676 12677 12688 12687)
4(12568 12579 12689 12678)
4(12578 12688 12689 12579)
4(12677 12678 12689 12688)
4(12569 12580 12690 12679)
4(12579 12689 12690 12580)
4(12678 12679 12690 12689)
4(12580 12690 12691 12581)
4(12679 12680 12691 12690)
4(12572 12583 12693 12682)
4(12582 12692 12693 12583)
4(12681 12682 12693 12692)
4(12573 12584 12694 12683)
4(12583 12693 12694 12584)
4(12682 12683 12694 12693)
4(12574 12585 12695 12684)
4(12584 12694 12695 12585)
4(12683 12684 12695 12694)
4(12575 12586 12696 12685)
4(12585 12695 12696 12586)
4(12684 12685 12696 12695)
4(12576 12587 12697 12686)
4(12586 12696 12697 12587)
4(12685 12686 12697 12696)
4(12577 12588 12698 12687)
4(12587 12697 12698 12588)
4(12686 12687 12698 12697)
4(12578 12589 12699 12688)
4(12588 12698 12699 12589)
4(12687 12688 12699 12698)
4(12579 12590 12700 12689)
4(12589 12699 12700 12590)
4(12688 12689 12700 12699)
4(12580 12591 12701 12690)
4(12590 12700 12701 12591)
4(12689 12690 12701 12700)
4(12591 12701 12702 12592)
4(12690 12691 12702 12701)
4(12583 12594 12704 12693)
4(12593 12703 12704 12594)
4(12692 12693 12704 12703)
4(12584 12595 12705 12694)
4(12594 12704 12705 12595)
4(12693 12694 12705 12704)
4(12585 12596 12706 12695)
4(12595 12705 12706 12596)
4(12694 12695 12706 12705)
4(12586 12597 12707 12696)
4(12596 12706 12707 12597)
4(12695 12696 12707 12706)
4(12587 12598 12708 12697)
4(12597 12707 12708 12598)
4(12696 12697 12708 12707)
4(12588 12599 12709 12698)
4(12598 12708 12709 12599)
4(12697 12698 12709 12708)
4(12589 12600 12710 12699)
4(12599 12709 12710 12600)
4(12698 12699 12710 12709)
4(12590 12601 12711 12700)
4(12600 12710 12711 12601)
4(12699 12700 12711 12710)
4(12591 12602 12712 12701)
4(12601 12711 12712 12602)
4(12700 12701 12712 12711)
4(12602 12712 12713 12603)
4(12701 12702 12713 12712)
4(12594 12605 12715 12704)
4(12604 12714 12715 12605)
4(12703 12704 12715 12714)
4(12595 12606 12716 12705)
4(12605 12715 12716 12606)
4(12704 12705 12716 12715)
4(12596 12607 12717 12706)
4(12606 12716 12717 12607)
4(12705 12706 12717 12716)
4(12597 12608 12718 12707)
4(12607 12717 12718 12608)
4(12706 12707 12718 12717)
4(12598 12609 12719 12708)
4(12608 12718 12719 12609)
4(12707 12708 12719 12718)
4(12599 12610 12720 12709)
4(12609 12719 12720 12610)
4(12708 12709 12720 12719)
4(12600 12611 12721 12710)
4(12610 12720 12721 12611)
4(12709 12710 12721 12720)
4(12601 12612 12722 12711)
4(12611 12721 12722 12612)
4(12710 12711 12722 12721)
4(12602 12613 12723 12712)
4(12612 12722 12723 12613)
4(12711 12712 12723 12722)
4(12613 12723 12724 12614)
4(12712 12713 12724 12723)
4(12605 12616 12726 12715)
4(12615 12725 12726 12616)
4(12714 12715 12726 12725)
4(12606 12617 12727 12716)
4(12616 12726 12727 12617)
4(12715 12716 12727 12726)
4(12607 12618 12728 12717)
4(12617 12727 12728 12618)
4(12716 12717 12728 12727)
4(12608 12619 12729 12718)
4(12618 12728 12729 12619)
4(12717 12718 12729 12728)
4(12609 12620 12730 12719)
4(12619 12729 12730 12620)
4(12718 12719 12730 12729)
4(12610 12621 12731 12720)
4(12620 12730 12731 12621)
4(12719 12720 12731 12730)
4(12611 12622 12732 12721)
4(12621 12731 12732 12622)
4(12720 12721 12732 12731)
4(12612 12623 12733 12722)
4(12622 12732 12733 12623)
4(12721 12722 12733 12732)
4(12613 12624 12734 12723)
4(12623 12733 12734 12624)
4(12722 12723 12734 12733)
4(12624 12734 12735 12625)
4(12723 12724 12735 12734)
4(12616 12627 12737 12726)
4(12626 12736 12737 12627)
4(12725 12726 12737 12736)
4(12617 12628 12738 12727)
4(12627 12737 12738 12628)
4(12726 12727 12738 12737)
4(12618 12629 12739 12728)
4(12628 12738 12739 12629)
4(12727 12728 12739 12738)
4(12619 12630 12740 12729)
4(12629 12739 12740 12630)
4(12728 12729 12740 12739)
4(12620 12631 12741 12730)
4(12630 12740 12741 12631)
4(12729 12730 12741 12740)
4(12621 12632 12742 12731)
4(12631 12741 12742 12632)
4(12730 12731 12742 12741)
4(12622 12633 12743 12732)
4(12632 12742 12743 12633)
4(12731 12732 12743 12742)
4(12623 12634 12744 12733)
4(12633 12743 12744 12634)
4(12732 12733 12744 12743)
4(12624 12635 12745 12734)
4(12634 12744 12745 12635)
4(12733 12734 12745 12744)
4(12635 12745 12746 12636)
4(12734 12735 12746 12745)
4(12627 12638 12748 12737)
4(12637 12747 12748 12638)
4(12736 12737 12748 12747)
4(12628 12639 12749 12738)
4(12638 12748 12749 12639)
4(12737 12738 12749 12748)
4(12629 12640 12750 12739)
4(12639 12749 12750 12640)
4(12738 12739 12750 12749)
4(12630 12641 12751 12740)
4(12640 12750 12751 12641)
4(12739 12740 12751 12750)
4(12631 12642 12752 12741)
4(12641 12751 12752 12642)
4(12740 12741 12752 12751)
4(12632 12643 12753 12742)
4(12642 12752 12753 12643)
4(12741 12742 12753 12752)
4(12633 12644 12754 12743)
4(12643 12753 12754 12644)
4(12742 12743 12754 12753)
4(12634 12645 12755 12744)
4(12644 12754 12755 12645)
4(12743 12744 12755 12754)
4(12635 12646 12756 12745)
4(12645 12755 12756 12646)
4(12744 12745 12756 12755)
4(12646 12756 12757 12647)
4(12745 12746 12757 12756)
4(12638 764 784 12748)
4(12747 12748 784 536)
4(12639 765 785 12749)
4(12748 12749 785 784)
4(12640 766 786 12750)
4(12749 12750 786 785)
4(12641 767 787 12751)
4(12750 12751 787 786)
4(12642 768 788 12752)
4(12751 12752 788 787)
4(12643 769 789 12753)
4(12752 12753 789 788)
4(12644 770 790 12754)
4(12753 12754 790 789)
4(12645 771 791 12755)
4(12754 12755 791 790)
4(12646 772 792 12756)
4(12755 12756 792 791)
4(12756 12757 793 792)
4(12649 12660 12770 12759)
4(12659 12769 12770 12660)
4(12758 12759 12770 12769)
4(12650 12661 12771 12760)
4(12660 12770 12771 12661)
4(12759 12760 12771 12770)
4(12651 12662 12772 12761)
4(12661 12771 12772 12662)
4(12760 12761 12772 12771)
4(12652 12663 12773 12762)
4(12662 12772 12773 12663)
4(12761 12762 12773 12772)
4(12653 12664 12774 12763)
4(12663 12773 12774 12664)
4(12762 12763 12774 12773)
4(12654 12665 12775 12764)
4(12664 12774 12775 12665)
4(12763 12764 12775 12774)
4(12655 12666 12776 12765)
4(12665 12775 12776 12666)
4(12764 12765 12776 12775)
4(12656 12667 12777 12766)
4(12666 12776 12777 12667)
4(12765 12766 12777 12776)
4(12657 12668 12778 12767)
4(12667 12777 12778 12668)
4(12766 12767 12778 12777)
4(12668 12778 12779 12669)
4(12767 12768 12779 12778)
4(12660 12671 12781 12770)
4(12670 12780 12781 12671)
4(12769 12770 12781 12780)
4(12661 12672 12782 12771)
4(12671 12781 12782 12672)
4(12770 12771 12782 12781)
4(12662 12673 12783 12772)
4(12672 12782 12783 12673)
4(12771 12772 12783 12782)
4(12663 12674 12784 12773)
4(12673 12783 12784 12674)
4(12772 12773 12784 12783)
4(12664 12675 12785 12774)
4(12674 12784 12785 12675)
4(12773 12774 12785 12784)
4(12665 12676 12786 12775)
4(12675 12785 12786 12676)
4(12774 12775 12786 12785)
4(12666 12677 12787 12776)
4(12676 12786 12787 12677)
4(12775 12776 12787 12786)
4(12667 12678 12788 12777)
4(12677 12787 12788 12678)
4(12776 12777 12788 12787)
4(12668 12679 12789 12778)
4(12678 12788 12789 12679)
4(12777 12778 12789 12788)
4(12679 12789 12790 12680)
4(12778 12779 12790 12789)
4(12671 12682 12792 12781)
4(12681 12791 12792 12682)
4(12780 12781 12792 12791)
4(12672 12683 12793 12782)
4(12682 12792 12793 12683)
4(12781 12782 12793 12792)
4(12673 12684 12794 12783)
4(12683 12793 12794 12684)
4(12782 12783 12794 12793)
4(12674 12685 12795 12784)
4(12684 12794 12795 12685)
4(12783 12784 12795 12794)
4(12675 12686 12796 12785)
4(12685 12795 12796 12686)
4(12784 12785 12796 12795)
4(12676 12687 12797 12786)
4(12686 12796 12797 12687)
4(12785 12786 12797 12796)
4(12677 12688 12798 12787)
4(12687 12797 12798 12688)
4(12786 12787 12798 12797)
4(12678 12689 12799 12788)
4(12688 12798 12799 12689)
4(12787 12788 12799 12798)
4(12679 12690 12800 12789)
4(12689 12799 12800 12690)
4(12788 12789 12800 12799)
4(12690 12800 12801 12691)
4(12789 12790 12801 12800)
4(12682 12693 12803 12792)
4(12692 12802 12803 12693)
4(12791 12792 12803 12802)
4(12683 12694 12804 12793)
4(12693 12803 12804 12694)
4(12792 12793 12804 12803)
4(12684 12695 12805 12794)
4(12694 12804 12805 12695)
4(12793 12794 12805 12804)
4(12685 12696 12806 12795)
4(12695 12805 12806 12696)
4(12794 12795 12806 12805)
4(12686 12697 12807 12796)
4(12696 12806 12807 12697)
4(12795 12796 12807 12806)
4(12687 12698 12808 12797)
4(12697 12807 12808 12698)
4(12796 12797 12808 12807)
4(12688 12699 12809 12798)
4(12698 12808 12809 12699)
4(12797 12798 12809 12808)
4(12689 12700 12810 12799)
4(12699 12809 12810 12700)
4(12798 12799 12810 12809)
4(12690 12701 12811 12800)
4(12700 12810 12811 12701)
4(12799 12800 12811 12810)
4(12701 12811 12812 12702)
4(12800 12801 12812 12811)
4(12693 12704 12814 12803)
4(12703 12813 12814 12704)
4(12802 12803 12814 12813)
4(12694 12705 12815 12804)
4(12704 12814 12815 12705)
4(12803 12804 12815 12814)
4(12695 12706 12816 12805)
4(12705 12815 12816 12706)
4(12804 12805 12816 12815)
4(12696 12707 12817 12806)
4(12706 12816 12817 12707)
4(12805 12806 12817 12816)
4(12697 12708 12818 12807)
4(12707 12817 12818 12708)
4(12806 12807 12818 12817)
4(12698 12709 12819 12808)
4(12708 12818 12819 12709)
4(12807 12808 12819 12818)
4(12699 12710 12820 12809)
4(12709 12819 12820 12710)
4(12808 12809 12820 12819)
4(12700 12711 12821 12810)
4(12710 12820 12821 12711)
4(12809 12810 12821 12820)
4(12701 12712 12822 12811)
4(12711 12821 12822 12712)
4(12810 12811 12822 12821)
4(12712 12822 12823 12713)
4(12811 12812 12823 12822)
4(12704 12715 12825 12814)
4(12714 12824 12825 12715)
4(12813 12814 12825 12824)
4(12705 12716 12826 12815)
4(12715 12825 12826 12716)
4(12814 12815 12826 12825)
4(12706 12717 12827 12816)
4(12716 12826 12827 12717)
4(12815 12816 12827 12826)
4(12707 12718 12828 12817)
4(12717 12827 12828 12718)
4(12816 12817 12828 12827)
4(12708 12719 12829 12818)
4(12718 12828 12829 12719)
4(12817 12818 12829 12828)
4(12709 12720 12830 12819)
4(12719 12829 12830 12720)
4(12818 12819 12830 12829)
4(12710 12721 12831 12820)
4(12720 12830 12831 12721)
4(12819 12820 12831 12830)
4(12711 12722 12832 12821)
4(12721 12831 12832 12722)
4(12820 12821 12832 12831)
4(12712 12723 12833 12822)
4(12722 12832 12833 12723)
4(12821 12822 12833 12832)
4(12723 12833 12834 12724)
4(12822 12823 12834 12833)
4(12715 12726 12836 12825)
4(12725 12835 12836 12726)
4(12824 12825 12836 12835)
4(12716 12727 12837 12826)
4(12726 12836 12837 12727)
4(12825 12826 12837 12836)
4(12717 12728 12838 12827)
4(12727 12837 12838 12728)
4(12826 12827 12838 12837)
4(12718 12729 12839 12828)
4(12728 12838 12839 12729)
4(12827 12828 12839 12838)
4(12719 12730 12840 12829)
4(12729 12839 12840 12730)
4(12828 12829 12840 12839)
4(12720 12731 12841 12830)
4(12730 12840 12841 12731)
4(12829 12830 12841 12840)
4(12721 12732 12842 12831)
4(12731 12841 12842 12732)
4(12830 12831 12842 12841)
4(12722 12733 12843 12832)
4(12732 12842 12843 12733)
4(12831 12832 12843 12842)
4(12723 12734 12844 12833)
4(12733 12843 12844 12734)
4(12832 12833 12844 12843)
4(12734 12844 12845 12735)
4(12833 12834 12845 12844)
4(12726 12737 12847 12836)
4(12736 12846 12847 12737)
4(12835 12836 12847 12846)
4(12727 12738 12848 12837)
4(12737 12847 12848 12738)
4(12836 12837 12848 12847)
4(12728 12739 12849 12838)
4(12738 12848 12849 12739)
4(12837 12838 12849 12848)
4(12729 12740 12850 12839)
4(12739 12849 12850 12740)
4(12838 12839 12850 12849)
4(12730 12741 12851 12840)
4(12740 12850 12851 12741)
4(12839 12840 12851 12850)
4(12731 12742 12852 12841)
4(12741 12851 12852 12742)
4(12840 12841 12852 12851)
4(12732 12743 12853 12842)
4(12742 12852 12853 12743)
4(12841 12842 12853 12852)
4(12733 12744 12854 12843)
4(12743 12853 12854 12744)
4(12842 12843 12854 12853)
4(12734 12745 12855 12844)
4(12744 12854 12855 12745)
4(12843 12844 12855 12854)
4(12745 12855 12856 12746)
4(12844 12845 12856 12855)
4(12737 12748 12858 12847)
4(12747 12857 12858 12748)
4(12846 12847 12858 12857)
4(12738 12749 12859 12848)
4(12748 12858 12859 12749)
4(12847 12848 12859 12858)
4(12739 12750 12860 12849)
4(12749 12859 12860 12750)
4(12848 12849 12860 12859)
4(12740 12751 12861 12850)
4(12750 12860 12861 12751)
4(12849 12850 12861 12860)
4(12741 12752 12862 12851)
4(12751 12861 12862 12752)
4(12850 12851 12862 12861)
4(12742 12753 12863 12852)
4(12752 12862 12863 12753)
4(12851 12852 12863 12862)
4(12743 12754 12864 12853)
4(12753 12863 12864 12754)
4(12852 12853 12864 12863)
4(12744 12755 12865 12854)
4(12754 12864 12865 12755)
4(12853 12854 12865 12864)
4(12745 12756 12866 12855)
4(12755 12865 12866 12756)
4(12854 12855 12866 12865)
4(12756 12866 12867 12757)
4(12855 12856 12867 12866)
4(12748 784 804 12858)
4(12857 12858 804 538)
4(12749 785 805 12859)
4(12858 12859 805 804)
4(12750 786 806 12860)
4(12859 12860 806 805)
4(12751 787 807 12861)
4(12860 12861 807 806)
4(12752 788 808 12862)
4(12861 12862 808 807)
4(12753 789 809 12863)
4(12862 12863 809 808)
4(12754 790 810 12864)
4(12863 12864 810 809)
4(12755 791 811 12865)
4(12864 12865 811 810)
4(12756 792 812 12866)
4(12865 12866 812 811)
4(12866 12867 813 812)
4(12759 12770 12880 12869)
4(12769 12879 12880 12770)
4(12868 12869 12880 12879)
4(12760 12771 12881 12870)
4(12770 12880 12881 12771)
4(12869 12870 12881 12880)
4(12761 12772 12882 12871)
4(12771 12881 12882 12772)
4(12870 12871 12882 12881)
4(12762 12773 12883 12872)
4(12772 12882 12883 12773)
4(12871 12872 12883 12882)
4(12763 12774 12884 12873)
4(12773 12883 12884 12774)
4(12872 12873 12884 12883)
4(12764 12775 12885 12874)
4(12774 12884 12885 12775)
4(12873 12874 12885 12884)
4(12765 12776 12886 12875)
4(12775 12885 12886 12776)
4(12874 12875 12886 12885)
4(12766 12777 12887 12876)
4(12776 12886 12887 12777)
4(12875 12876 12887 12886)
4(12767 12778 12888 12877)
4(12777 12887 12888 12778)
4(12876 12877 12888 12887)
4(12778 12888 12889 12779)
4(12877 12878 12889 12888)
4(12770 12781 12891 12880)
4(12780 12890 12891 12781)
4(12879 12880 12891 12890)
4(12771 12782 12892 12881)
4(12781 12891 12892 12782)
4(12880 12881 12892 12891)
4(12772 12783 12893 12882)
4(12782 12892 12893 12783)
4(12881 12882 12893 12892)
4(12773 12784 12894 12883)
4(12783 12893 12894 12784)
4(12882 12883 12894 12893)
4(12774 12785 12895 12884)
4(12784 12894 12895 12785)
4(12883 12884 12895 12894)
4(12775 12786 12896 12885)
4(12785 12895 12896 12786)
4(12884 12885 12896 12895)
4(12776 12787 12897 12886)
4(12786 12896 12897 12787)
4(12885 12886 12897 12896)
4(12777 12788 12898 12887)
4(12787 12897 12898 12788)
4(12886 12887 12898 12897)
4(12778 12789 12899 12888)
4(12788 12898 12899 12789)
4(12887 12888 12899 12898)
4(12789 12899 12900 12790)
4(12888 12889 12900 12899)
4(12781 12792 12902 12891)
4(12791 12901 12902 12792)
4(12890 12891 12902 12901)
4(12782 12793 12903 12892)
4(12792 12902 12903 12793)
4(12891 12892 12903 12902)
4(12783 12794 12904 12893)
4(12793 12903 12904 12794)
4(12892 12893 12904 12903)
4(12784 12795 12905 12894)
4(12794 12904 12905 12795)
4(12893 12894 12905 12904)
4(12785 12796 12906 12895)
4(12795 12905 12906 12796)
4(12894 12895 12906 12905)
4(12786 12797 12907 12896)
4(12796 12906 12907 12797)
4(12895 12896 12907 12906)
4(12787 12798 12908 12897)
4(12797 12907 12908 12798)
4(12896 12897 12908 12907)
4(12788 12799 12909 12898)
4(12798 12908 12909 12799)
4(12897 12898 12909 12908)
4(12789 12800 12910 12899)
4(12799 12909 12910 12800)
4(12898 12899 12910 12909)
4(12800 12910 12911 12801)
4(12899 12900 12911 12910)
4(12792 12803 12913 12902)
4(12802 12912 12913 12803)
4(12901 12902 12913 12912)
4(12793 12804 12914 12903)
4(12803 12913 12914 12804)
4(12902 12903 12914 12913)
4(12794 12805 12915 12904)
4(12804 12914 12915 12805)
4(12903 12904 12915 12914)
4(12795 12806 12916 12905)
4(12805 12915 12916 12806)
4(12904 12905 12916 12915)
4(12796 12807 12917 12906)
4(12806 12916 12917 12807)
4(12905 12906 12917 12916)
4(12797 12808 12918 12907)
4(12807 12917 12918 12808)
4(12906 12907 12918 12917)
4(12798 12809 12919 12908)
4(12808 12918 12919 12809)
4(12907 12908 12919 12918)
4(12799 12810 12920 12909)
4(12809 12919 12920 12810)
4(12908 12909 12920 12919)
4(12800 12811 12921 12910)
4(12810 12920 12921 12811)
4(12909 12910 12921 12920)
4(12811 12921 12922 12812)
4(12910 12911 12922 12921)
4(12803 12814 12924 12913)
4(12813 12923 12924 12814)
4(12912 12913 12924 12923)
4(12804 12815 12925 12914)
4(12814 12924 12925 12815)
4(12913 12914 12925 12924)
4(12805 12816 12926 12915)
4(12815 12925 12926 12816)
4(12914 12915 12926 12925)
4(12806 12817 12927 12916)
4(12816 12926 12927 12817)
4(12915 12916 12927 12926)
4(12807 12818 12928 12917)
4(12817 12927 12928 12818)
4(12916 12917 12928 12927)
4(12808 12819 12929 12918)
4(12818 12928 12929 12819)
4(12917 12918 12929 12928)
4(12809 12820 12930 12919)
4(12819 12929 12930 12820)
4(12918 12919 12930 12929)
4(12810 12821 12931 12920)
4(12820 12930 12931 12821)
4(12919 12920 12931 12930)
4(12811 12822 12932 12921)
4(12821 12931 12932 12822)
4(12920 12921 12932 12931)
4(12822 12932 12933 12823)
4(12921 12922 12933 12932)
4(12814 12825 12935 12924)
4(12824 12934 12935 12825)
4(12923 12924 12935 12934)
4(12815 12826 12936 12925)
4(12825 12935 12936 12826)
4(12924 12925 12936 12935)
4(12816 12827 12937 12926)
4(12826 12936 12937 12827)
4(12925 12926 12937 12936)
4(12817 12828 12938 12927)
4(12827 12937 12938 12828)
4(12926 12927 12938 12937)
4(12818 12829 12939 12928)
4(12828 12938 12939 12829)
4(12927 12928 12939 12938)
4(12819 12830 12940 12929)
4(12829 12939 12940 12830)
4(12928 12929 12940 12939)
4(12820 12831 12941 12930)
4(12830 12940 12941 12831)
4(12929 12930 12941 12940)
4(12821 12832 12942 12931)
4(12831 12941 12942 12832)
4(12930 12931 12942 12941)
4(12822 12833 12943 12932)
4(12832 12942 12943 12833)
4(12931 12932 12943 12942)
4(12833 12943 12944 12834)
4(12932 12933 12944 12943)
4(12825 12836 12946 12935)
4(12835 12945 12946 12836)
4(12934 12935 12946 12945)
4(12826 12837 12947 12936)
4(12836 12946 12947 12837)
4(12935 12936 12947 12946)
4(12827 12838 12948 12937)
4(12837 12947 12948 12838)
4(12936 12937 12948 12947)
4(12828 12839 12949 12938)
4(12838 12948 12949 12839)
4(12937 12938 12949 12948)
4(12829 12840 12950 12939)
4(12839 12949 12950 12840)
4(12938 12939 12950 12949)
4(12830 12841 12951 12940)
4(12840 12950 12951 12841)
4(12939 12940 12951 12950)
4(12831 12842 12952 12941)
4(12841 12951 12952 12842)
4(12940 12941 12952 12951)
4(12832 12843 12953 12942)
4(12842 12952 12953 12843)
4(12941 12942 12953 12952)
4(12833 12844 12954 12943)
4(12843 12953 12954 12844)
4(12942 12943 12954 12953)
4(12844 12954 12955 12845)
4(12943 12944 12955 12954)
4(12836 12847 12957 12946)
4(12846 12956 12957 12847)
4(12945 12946 12957 12956)
4(12837 12848 12958 12947)
4(12847 12957 12958 12848)
4(12946 12947 12958 12957)
4(12838 12849 12959 12948)
4(12848 12958 12959 12849)
4(12947 12948 12959 12958)
4(12839 12850 12960 12949)
4(12849 12959 12960 12850)
4(12948 12949 12960 12959)
4(12840 12851 12961 12950)
4(12850 12960 12961 12851)
4(12949 12950 12961 12960)
4(12841 12852 12962 12951)
4(12851 12961 12962 12852)
4(12950 12951 12962 12961)
4(12842 12853 12963 12952)
4(12852 12962 12963 12853)
4(12951 12952 12963 12962)
4(12843 12854 12964 12953)
4(12853 12963 12964 12854)
4(12952 12953 12964 12963)
4(12844 12855 12965 12954)
4(12854 12964 12965 12855)
4(12953 12954 12965 12964)
4(12855 12965 12966 12856)
4(12954 12955 12966 12965)
4(12847 12858 12968 12957)
4(12857 12967 12968 12858)
4(12956 12957 12968 12967)
4(12848 12859 12969 12958)
4(12858 12968 12969 12859)
4(12957 12958 12969 12968)
4(12849 12860 12970 12959)
4(12859 12969 12970 12860)
4(12958 12959 12970 12969)
4(12850 12861 12971 12960)
4(12860 12970 12971 12861)
4(12959 12960 12971 12970)
4(12851 12862 12972 12961)
4(12861 12971 12972 12862)
4(12960 12961 12972 12971)
4(12852 12863 12973 12962)
4(12862 12972 12973 12863)
4(12961 12962 12973 12972)
4(12853 12864 12974 12963)
4(12863 12973 12974 12864)
4(12962 12963 12974 12973)
4(12854 12865 12975 12964)
4(12864 12974 12975 12865)
4(12963 12964 12975 12974)
4(12855 12866 12976 12965)
4(12865 12975 12976 12866)
4(12964 12965 12976 12975)
4(12866 12976 12977 12867)
4(12965 12966 12977 12976)
4(12858 804 824 12968)
4(12967 12968 824 540)
4(12859 805 825 12969)
4(12968 12969 825 824)
4(12860 806 826 12970)
4(12969 12970 826 825)
4(12861 807 827 12971)
4(12970 12971 827 826)
4(12862 808 828 12972)
4(12971 12972 828 827)
4(12863 809 829 12973)
4(12972 12973 829 828)
4(12864 810 830 12974)
4(12973 12974 830 829)
4(12865 811 831 12975)
4(12974 12975 831 830)
4(12866 812 832 12976)
4(12975 12976 832 831)
4(12976 12977 833 832)
4(12869 12880 12990 12979)
4(12879 12989 12990 12880)
4(12870 12881 12991 12980)
4(12880 12990 12991 12881)
4(12871 12882 12992 12981)
4(12881 12991 12992 12882)
4(12872 12883 12993 12982)
4(12882 12992 12993 12883)
4(12873 12884 12994 12983)
4(12883 12993 12994 12884)
4(12874 12885 12995 12984)
4(12884 12994 12995 12885)
4(12875 12886 12996 12985)
4(12885 12995 12996 12886)
4(12876 12887 12997 12986)
4(12886 12996 12997 12887)
4(12877 12888 12998 12987)
4(12887 12997 12998 12888)
4(12888 12998 12999 12889)
4(12880 12891 13001 12990)
4(12890 13000 13001 12891)
4(12881 12892 13002 12991)
4(12891 13001 13002 12892)
4(12882 12893 13003 12992)
4(12892 13002 13003 12893)
4(12883 12894 13004 12993)
4(12893 13003 13004 12894)
4(12884 12895 13005 12994)
4(12894 13004 13005 12895)
4(12885 12896 13006 12995)
4(12895 13005 13006 12896)
4(12886 12897 13007 12996)
4(12896 13006 13007 12897)
4(12887 12898 13008 12997)
4(12897 13007 13008 12898)
4(12888 12899 13009 12998)
4(12898 13008 13009 12899)
4(12899 13009 13010 12900)
4(12891 12902 13012 13001)
4(12901 13011 13012 12902)
4(12892 12903 13013 13002)
4(12902 13012 13013 12903)
4(12893 12904 13014 13003)
4(12903 13013 13014 12904)
4(12894 12905 13015 13004)
4(12904 13014 13015 12905)
4(12895 12906 13016 13005)
4(12905 13015 13016 12906)
4(12896 12907 13017 13006)
4(12906 13016 13017 12907)
4(12897 12908 13018 13007)
4(12907 13017 13018 12908)
4(12898 12909 13019 13008)
4(12908 13018 13019 12909)
4(12899 12910 13020 13009)
4(12909 13019 13020 12910)
4(12910 13020 13021 12911)
4(12902 12913 13023 13012)
4(12912 13022 13023 12913)
4(12903 12914 13024 13013)
4(12913 13023 13024 12914)
4(12904 12915 13025 13014)
4(12914 13024 13025 12915)
4(12905 12916 13026 13015)
4(12915 13025 13026 12916)
4(12906 12917 13027 13016)
4(12916 13026 13027 12917)
4(12907 12918 13028 13017)
4(12917 13027 13028 12918)
4(12908 12919 13029 13018)
4(12918 13028 13029 12919)
4(12909 12920 13030 13019)
4(12919 13029 13030 12920)
4(12910 12921 13031 13020)
4(12920 13030 13031 12921)
4(12921 13031 13032 12922)
4(12913 12924 13034 13023)
4(12923 13033 13034 12924)
4(12914 12925 13035 13024)
4(12924 13034 13035 12925)
4(12915 12926 13036 13025)
4(12925 13035 13036 12926)
4(12916 12927 13037 13026)
4(12926 13036 13037 12927)
4(12917 12928 13038 13027)
4(12927 13037 13038 12928)
4(12918 12929 13039 13028)
4(12928 13038 13039 12929)
4(12919 12930 13040 13029)
4(12929 13039 13040 12930)
4(12920 12931 13041 13030)
4(12930 13040 13041 12931)
4(12921 12932 13042 13031)
4(12931 13041 13042 12932)
4(12932 13042 13043 12933)
4(12924 12935 13045 13034)
4(12934 13044 13045 12935)
4(12925 12936 13046 13035)
4(12935 13045 13046 12936)
4(12926 12937 13047 13036)
4(12936 13046 13047 12937)
4(12927 12938 13048 13037)
4(12937 13047 13048 12938)
4(12928 12939 13049 13038)
4(12938 13048 13049 12939)
4(12929 12940 13050 13039)
4(12939 13049 13050 12940)
4(12930 12941 13051 13040)
4(12940 13050 13051 12941)
4(12931 12942 13052 13041)
4(12941 13051 13052 12942)
4(12932 12943 13053 13042)
4(12942 13052 13053 12943)
4(12943 13053 13054 12944)
4(12935 12946 13056 13045)
4(12945 13055 13056 12946)
4(12936 12947 13057 13046)
4(12946 13056 13057 12947)
4(12937 12948 13058 13047)
4(12947 13057 13058 12948)
4(12938 12949 13059 13048)
4(12948 13058 13059 12949)
4(12939 12950 13060 13049)
4(12949 13059 13060 12950)
4(12940 12951 13061 13050)
4(12950 13060 13061 12951)
4(12941 12952 13062 13051)
4(12951 13061 13062 12952)
4(12942 12953 13063 13052)
4(12952 13062 13063 12953)
4(12943 12954 13064 13053)
4(12953 13063 13064 12954)
4(12954 13064 13065 12955)
4(12946 12957 13067 13056)
4(12956 13066 13067 12957)
4(12947 12958 13068 13057)
4(12957 13067 13068 12958)
4(12948 12959 13069 13058)
4(12958 13068 13069 12959)
4(12949 12960 13070 13059)
4(12959 13069 13070 12960)
4(12950 12961 13071 13060)
4(12960 13070 13071 12961)
4(12951 12962 13072 13061)
4(12961 13071 13072 12962)
4(12952 12963 13073 13062)
4(12962 13072 13073 12963)
4(12953 12964 13074 13063)
4(12963 13073 13074 12964)
4(12954 12965 13075 13064)
4(12964 13074 13075 12965)
4(12965 13075 13076 12966)
4(12957 12968 13078 13067)
4(12967 13077 13078 12968)
4(12958 12969 13079 13068)
4(12968 13078 13079 12969)
4(12959 12970 13080 13069)
4(12969 13079 13080 12970)
4(12960 12971 13081 13070)
4(12970 13080 13081 12971)
4(12961 12972 13082 13071)
4(12971 13081 13082 12972)
4(12962 12973 13083 13072)
4(12972 13082 13083 12973)
4(12963 12974 13084 13073)
4(12973 13083 13084 12974)
4(12964 12975 13085 13074)
4(12974 13084 13085 12975)
4(12965 12976 13086 13075)
4(12975 13085 13086 12976)
4(12976 13086 13087 12977)
4(12968 824 844 13078)
4(12969 825 845 13079)
4(12970 826 846 13080)
4(12971 827 847 13081)
4(12972 828 848 13082)
4(12973 829 849 13083)
4(12974 830 850 13084)
4(12975 831 851 13085)
4(12976 832 852 13086)
4(9568 9678 9689 9579)
4(9579 9689 9700 9590)
4(9590 9700 9711 9601)
4(9601 9711 9722 9612)
4(9612 9722 9733 9623)
4(9623 9733 9744 9634)
4(9634 9744 9755 9645)
4(9645 9755 9766 9656)
4(9656 9766 9777 9667)
4(9667 9777 22 0)
4(9678 9788 9799 9689)
4(9689 9799 9810 9700)
4(9700 9810 9821 9711)
4(9711 9821 9832 9722)
4(9722 9832 9843 9733)
4(9733 9843 9854 9744)
4(9744 9854 9865 9755)
4(9755 9865 9876 9766)
4(9766 9876 9887 9777)
4(9777 9887 44 22)
4(9788 9898 9909 9799)
4(9799 9909 9920 9810)
4(9810 9920 9931 9821)
4(9821 9931 9942 9832)
4(9832 9942 9953 9843)
4(9843 9953 9964 9854)
4(9854 9964 9975 9865)
4(9865 9975 9986 9876)
4(9876 9986 9997 9887)
4(9887 9997 66 44)
4(9898 10008 10019 9909)
4(9909 10019 10030 9920)
4(9920 10030 10041 9931)
4(9931 10041 10052 9942)
4(9942 10052 10063 9953)
4(9953 10063 10074 9964)
4(9964 10074 10085 9975)
4(9975 10085 10096 9986)
4(9986 10096 10107 9997)
4(9997 10107 88 66)
4(10008 10118 10129 10019)
4(10019 10129 10140 10030)
4(10030 10140 10151 10041)
4(10041 10151 10162 10052)
4(10052 10162 10173 10063)
4(10063 10173 10184 10074)
4(10074 10184 10195 10085)
4(10085 10195 10206 10096)
4(10096 10206 10217 10107)
4(10107 10217 110 88)
4(10118 10228 10239 10129)
4(10129 10239 10250 10140)
4(10140 10250 10261 10151)
4(10151 10261 10272 10162)
4(10162 10272 10283 10173)
4(10173 10283 10294 10184)
4(10184 10294 10305 10195)
4(10195 10305 10316 10206)
4(10206 10316 10327 10217)
4(10217 10327 132 110)
4(10228 10338 10349 10239)
4(10239 10349 10360 10250)
4(10250 10360 10371 10261)
4(10261 10371 10382 10272)
4(10272 10382 10393 10283)
4(10283 10393 10404 10294)
4(10294 10404 10415 10305)
4(10305 10415 10426 10316)
4(10316 10426 10437 10327)
4(10327 10437 154 132)
4(10338 10448 10459 10349)
4(10349 10459 10470 10360)
4(10360 10470 10481 10371)
4(10371 10481 10492 10382)
4(10382 10492 10503 10393)
4(10393 10503 10514 10404)
4(10404 10514 10525 10415)
4(10415 10525 10536 10426)
4(10426 10536 10547 10437)
4(10437 10547 176 154)
4(10448 10558 10569 10459)
4(10459 10569 10580 10470)
4(10470 10580 10591 10481)
4(10481 10591 10602 10492)
4(10492 10602 10613 10503)
4(10503 10613 10624 10514)
4(10514 10624 10635 10525)
4(10525 10635 10646 10536)
4(10536 10646 10657 10547)
4(10547 10657 198 176)
4(10558 10668 10679 10569)
4(10569 10679 10690 10580)
4(10580 10690 10701 10591)
4(10591 10701 10712 10602)
4(10602 10712 10723 10613)
4(10613 10723 10734 10624)
4(10624 10734 10745 10635)
4(10635 10745 10756 10646)
4(10646 10756 10767 10657)
4(10657 10767 220 198)
4(10668 10778 10789 10679)
4(10679 10789 10800 10690)
4(10690 10800 10811 10701)
4(10701 10811 10822 10712)
4(10712 10822 10833 10723)
4(10723 10833 10844 10734)
4(10734 10844 10855 10745)
4(10745 10855 10866 10756)
4(10756 10866 10877 10767)
4(10767 10877 242 220)
4(10778 10888 10899 10789)
4(10789 10899 10910 10800)
4(10800 10910 10921 10811)
4(10811 10921 10932 10822)
4(10822 10932 10943 10833)
4(10833 10943 10954 10844)
4(10844 10954 10965 10855)
4(10855 10965 10976 10866)
4(10866 10976 10987 10877)
4(10877 10987 264 242)
4(10888 10998 11009 10899)
4(10899 11009 11020 10910)
4(10910 11020 11031 10921)
4(10921 11031 11042 10932)
4(10932 11042 11053 10943)
4(10943 11053 11064 10954)
4(10954 11064 11075 10965)
4(10965 11075 11086 10976)
4(10976 11086 11097 10987)
4(10987 11097 286 264)
4(10998 11108 11119 11009)
4(11009 11119 11130 11020)
4(11020 11130 11141 11031)
4(11031 11141 11152 11042)
4(11042 11152 11163 11053)
4(11053 11163 11174 11064)
4(11064 11174 11185 11075)
4(11075 11185 11196 11086)
4(11086 11196 11207 11097)
4(11097 11207 308 286)
4(11108 11218 11229 11119)
4(11119 11229 11240 11130)
4(11130 11240 11251 11141)
4(11141 11251 11262 11152)
4(11152 11262 11273 11163)
4(11163 11273 11284 11174)
4(11174 11284 11295 11185)
4(11185 11295 11306 11196)
4(11196 11306 11317 11207)
4(11207 11317 330 308)
4(0 22 33 11)
4(22 44 55 33)
4(44 66 77 55)
4(66 88 99 77)
4(88 110 121 99)
4(110 132 143 121)
4(132 154 165 143)
4(154 176 187 165)
4(176 198 209 187)
4(198 220 231 209)
4(220 242 253 231)
4(242 264 275 253)
4(264 286 297 275)
4(286 308 319 297)
4(308 330 341 319)
4(11 33 941 864)
4(864 941 952 875)
4(875 952 963 886)
4(886 963 974 897)
4(897 974 985 908)
4(908 985 996 919)
4(919 996 1007 930)
4(33 55 1018 941)
4(941 1018 1029 952)
4(952 1029 1040 963)
4(963 1040 1051 974)
4(974 1051 1062 985)
4(985 1062 1073 996)
4(996 1073 1084 1007)
4(55 77 1095 1018)
4(1018 1095 1106 1029)
4(1029 1106 1117 1040)
4(1040 1117 1128 1051)
4(1051 1128 1139 1062)
4(1062 1139 1150 1073)
4(1073 1150 1161 1084)
4(77 99 1172 1095)
4(1095 1172 1183 1106)
4(1106 1183 1194 1117)
4(1117 1194 1205 1128)
4(1128 1205 1216 1139)
4(1139 1216 1227 1150)
4(1150 1227 1238 1161)
4(99 121 1249 1172)
4(1172 1249 1260 1183)
4(1183 1260 1271 1194)
4(1194 1271 1282 1205)
4(1205 1282 1293 1216)
4(1216 1293 1304 1227)
4(1227 1304 1315 1238)
4(121 143 1326 1249)
4(1249 1326 1337 1260)
4(1260 1337 1348 1271)
4(1271 1348 1359 1282)
4(1282 1359 1370 1293)
4(1293 1370 1381 1304)
4(1304 1381 1392 1315)
4(143 165 1403 1326)
4(1326 1403 1414 1337)
4(1337 1414 1425 1348)
4(1348 1425 1436 1359)
4(1359 1436 1447 1370)
4(1370 1447 1458 1381)
4(1381 1458 1469 1392)
4(165 187 1480 1403)
4(1403 1480 1491 1414)
4(1414 1491 1502 1425)
4(1425 1502 1513 1436)
4(1436 1513 1524 1447)
4(1447 1524 1535 1458)
4(1458 1535 1546 1469)
4(187 209 1557 1480)
4(1480 1557 1568 1491)
4(1491 1568 1579 1502)
4(1502 1579 1590 1513)
4(1513 1590 1601 1524)
4(1524 1601 1612 1535)
4(1535 1612 1623 1546)
4(209 231 1634 1557)
4(1557 1634 1645 1568)
4(1568 1645 1656 1579)
4(1579 1656 1667 1590)
4(1590 1667 1678 1601)
4(1601 1678 1689 1612)
4(1612 1689 1700 1623)
4(231 253 1711 1634)
4(1634 1711 1722 1645)
4(1645 1722 1733 1656)
4(1656 1733 1744 1667)
4(1667 1744 1755 1678)
4(1678 1755 1766 1689)
4(1689 1766 1777 1700)
4(253 275 1788 1711)
4(1711 1788 1799 1722)
4(1722 1799 1810 1733)
4(1733 1810 1821 1744)
4(1744 1821 1832 1755)
4(1755 1832 1843 1766)
4(1766 1843 1854 1777)
4(275 297 1865 1788)
4(1788 1865 1876 1799)
4(1799 1876 1887 1810)
4(1810 1887 1898 1821)
4(1821 1898 1909 1832)
4(1832 1909 1920 1843)
4(1843 1920 1931 1854)
4(297 319 1942 1865)
4(1865 1942 1953 1876)
4(1876 1953 1964 1887)
4(1887 1964 1975 1898)
4(1898 1975 1986 1909)
4(1909 1986 1997 1920)
4(1920 1997 2008 1931)
4(319 341 2019 1942)
4(1942 2019 2030 1953)
4(1953 2030 2041 1964)
4(1964 2041 2052 1975)
4(1975 2052 2063 1986)
4(1986 2063 2074 1997)
4(1997 2074 2085 2008)
4(930 1007 4558 4448)
4(4448 4558 4569 4459)
4(4459 4569 4580 4470)
4(4470 4580 4591 4481)
4(4481 4591 4602 4492)
4(4492 4602 4613 4503)
4(4503 4613 4624 4514)
4(4514 4624 4635 4525)
4(4525 4635 4646 4536)
4(4536 4646 4657 4547)
4(1007 1084 4668 4558)
4(4558 4668 4679 4569)
4(4569 4679 4690 4580)
4(4580 4690 4701 4591)
4(4591 4701 4712 4602)
4(4602 4712 4723 4613)
4(4613 4723 4734 4624)
4(4624 4734 4745 4635)
4(4635 4745 4756 4646)
4(4646 4756 4767 4657)
4(1084 1161 4778 4668)
4(4668 4778 4789 4679)
4(4679 4789 4800 4690)
4(4690 4800 4811 4701)
4(4701 4811 4822 4712)
4(4712 4822 4833 4723)
4(4723 4833 4844 4734)
4(4734 4844 4855 4745)
4(4745 4855 4866 4756)
4(4756 4866 4877 4767)
4(1161 1238 4888 4778)
4(4778 4888 4899 4789)
4(4789 4899 4910 4800)
4(4800 4910 4921 4811)
4(4811 4921 4932 4822)
4(4822 4932 4943 4833)
4(4833 4943 4954 4844)
4(4844 4954 4965 4855)
4(4855 4965 4976 4866)
4(4866 4976 4987 4877)
4(1238 1315 4998 4888)
4(4888 4998 5009 4899)
4(4899 5009 5020 4910)
4(4910 5020 5031 4921)
4(4921 5031 5042 4932)
4(4932 5042 5053 4943)
4(4943 5053 5064 4954)
4(4954 5064 5075 4965)
4(4965 5075 5086 4976)
4(4976 5086 5097 4987)
4(1315 1392 5108 4998)
4(4998 5108 5119 5009)
4(5009 5119 5130 5020)
4(5020 5130 5141 5031)
4(5031 5141 5152 5042)
4(5042 5152 5163 5053)
4(5053 5163 5174 5064)
4(5064 5174 5185 5075)
4(5075 5185 5196 5086)
4(5086 5196 5207 5097)
4(1392 1469 5218 5108)
4(5108 5218 5229 5119)
4(5119 5229 5240 5130)
4(5130 5240 5251 5141)
4(5141 5251 5262 5152)
4(5152 5262 5273 5163)
4(5163 5273 5284 5174)
4(5174 5284 5295 5185)
4(5185 5295 5306 5196)
4(5196 5306 5317 5207)
4(1469 1546 5328 5218)
4(5218 5328 5339 5229)
4(5229 5339 5350 5240)
4(5240 5350 5361 5251)
4(5251 5361 5372 5262)
4(5262 5372 5383 5273)
4(5273 5383 5394 5284)
4(5284 5394 5405 5295)
4(5295 5405 5416 5306)
4(5306 5416 5427 5317)
4(1546 1623 5438 5328)
4(5328 5438 5449 5339)
4(5339 5449 5460 5350)
4(5350 5460 5471 5361)
4(5361 5471 5482 5372)
4(5372 5482 5493 5383)
4(5383 5493 5504 5394)
4(5394 5504 5515 5405)
4(5405 5515 5526 5416)
4(5416 5526 5537 5427)
4(1623 1700 5548 5438)
4(5438 5548 5559 5449)
4(5449 5559 5570 5460)
4(5460 5570 5581 5471)
4(5471 5581 5592 5482)
4(5482 5592 5603 5493)
4(5493 5603 5614 5504)
4(5504 5614 5625 5515)
4(5515 5625 5636 5526)
4(5526 5636 5647 5537)
4(1700 1777 5658 5548)
4(5548 5658 5669 5559)
4(5559 5669 5680 5570)
4(5570 5680 5691 5581)
4(5581 5691 5702 5592)
4(5592 5702 5713 5603)
4(5603 5713 5724 5614)
4(5614 5724 5735 5625)
4(5625 5735 5746 5636)
4(5636 5746 5757 5647)
4(1777 1854 5768 5658)
4(5658 5768 5779 5669)
4(5669 5779 5790 5680)
4(5680 5790 5801 5691)
4(5691 5801 5812 5702)
4(5702 5812 5823 5713)
4(5713 5823 5834 5724)
4(5724 5834 5845 5735)
4(5735 5845 5856 5746)
4(5746 5856 5867 5757)
4(1854 1931 5878 5768)
4(5768 5878 5889 5779)
4(5779 5889 5900 5790)
4(5790 5900 5911 5801)
4(5801 5911 5922 5812)
4(5812 5922 5933 5823)
4(5823 5933 5944 5834)
4(5834 5944 5955 5845)
4(5845 5955 5966 5856)
4(5856 5966 5977 5867)
4(1931 2008 5988 5878)
4(5878 5988 5999 5889)
4(5889 5999 6010 5900)
4(5900 6010 6021 5911)
4(5911 6021 6032 5922)
4(5922 6032 6043 5933)
4(5933 6043 6054 5944)
4(5944 6054 6065 5955)
4(5955 6065 6076 5966)
4(5966 6076 6087 5977)
4(2008 2085 6098 5988)
4(5988 6098 6109 5999)
4(5999 6109 6120 6010)
4(6010 6120 6131 6021)
4(6021 6131 6142 6032)
4(6032 6142 6153 6043)
4(6043 6153 6164 6054)
4(6054 6164 6175 6065)
4(6065 6175 6186 6076)
4(6076 6186 6197 6087)
4(11338 11349 11459 11448)
4(11349 11360 11470 11459)
4(11360 11371 11481 11470)
4(11371 11382 11492 11481)
4(11382 11393 11503 11492)
4(11393 11404 11514 11503)
4(11404 11415 11525 11514)
4(11415 11426 11536 11525)
4(11426 11437 11547 11536)
4(11437 553 573 11547)
4(11448 11459 11569 11558)
4(11459 11470 11580 11569)
4(11470 11481 11591 11580)
4(11481 11492 11602 11591)
4(11492 11503 11613 11602)
4(11503 11514 11624 11613)
4(11514 11525 11635 11624)
4(11525 11536 11646 11635)
4(11536 11547 11657 11646)
4(11547 573 593 11657)
4(11558 11569 11679 11668)
4(11569 11580 11690 11679)
4(11580 11591 11701 11690)
4(11591 11602 11712 11701)
4(11602 11613 11723 11712)
4(11613 11624 11734 11723)
4(11624 11635 11745 11734)
4(11635 11646 11756 11745)
4(11646 11657 11767 11756)
4(11657 593 613 11767)
4(11668 11679 11789 11778)
4(11679 11690 11800 11789)
4(11690 11701 11811 11800)
4(11701 11712 11822 11811)
4(11712 11723 11833 11822)
4(11723 11734 11844 11833)
4(11734 11745 11855 11844)
4(11745 11756 11866 11855)
4(11756 11767 11877 11866)
4(11767 613 633 11877)
4(11778 11789 11899 11888)
4(11789 11800 11910 11899)
4(11800 11811 11921 11910)
4(11811 11822 11932 11921)
4(11822 11833 11943 11932)
4(11833 11844 11954 11943)
4(11844 11855 11965 11954)
4(11855 11866 11976 11965)
4(11866 11877 11987 11976)
4(11877 633 653 11987)
4(11888 11899 12009 11998)
4(11899 11910 12020 12009)
4(11910 11921 12031 12020)
4(11921 11932 12042 12031)
4(11932 11943 12053 12042)
4(11943 11954 12064 12053)
4(11954 11965 12075 12064)
4(11965 11976 12086 12075)
4(11976 11987 12097 12086)
4(11987 653 673 12097)
4(11998 12009 12119 12108)
4(12009 12020 12130 12119)
4(12020 12031 12141 12130)
4(12031 12042 12152 12141)
4(12042 12053 12163 12152)
4(12053 12064 12174 12163)
4(12064 12075 12185 12174)
4(12075 12086 12196 12185)
4(12086 12097 12207 12196)
4(12097 673 693 12207)
4(12108 12119 12229 12218)
4(12119 12130 12240 12229)
4(12130 12141 12251 12240)
4(12141 12152 12262 12251)
4(12152 12163 12273 12262)
4(12163 12174 12284 12273)
4(12174 12185 12295 12284)
4(12185 12196 12306 12295)
4(12196 12207 12317 12306)
4(12207 693 713 12317)
4(12218 12229 12339 12328)
4(12229 12240 12350 12339)
4(12240 12251 12361 12350)
4(12251 12262 12372 12361)
4(12262 12273 12383 12372)
4(12273 12284 12394 12383)
4(12284 12295 12405 12394)
4(12295 12306 12416 12405)
4(12306 12317 12427 12416)
4(12317 713 733 12427)
4(12328 12339 12449 12438)
4(12339 12350 12460 12449)
4(12350 12361 12471 12460)
4(12361 12372 12482 12471)
4(12372 12383 12493 12482)
4(12383 12394 12504 12493)
4(12394 12405 12515 12504)
4(12405 12416 12526 12515)
4(12416 12427 12537 12526)
4(12427 733 753 12537)
4(12438 12449 12559 12548)
4(12449 12460 12570 12559)
4(12460 12471 12581 12570)
4(12471 12482 12592 12581)
4(12482 12493 12603 12592)
4(12493 12504 12614 12603)
4(12504 12515 12625 12614)
4(12515 12526 12636 12625)
4(12526 12537 12647 12636)
4(12537 753 773 12647)
4(12548 12559 12669 12658)
4(12559 12570 12680 12669)
4(12570 12581 12691 12680)
4(12581 12592 12702 12691)
4(12592 12603 12713 12702)
4(12603 12614 12724 12713)
4(12614 12625 12735 12724)
4(12625 12636 12746 12735)
4(12636 12647 12757 12746)
4(12647 773 793 12757)
4(12658 12669 12779 12768)
4(12669 12680 12790 12779)
4(12680 12691 12801 12790)
4(12691 12702 12812 12801)
4(12702 12713 12823 12812)
4(12713 12724 12834 12823)
4(12724 12735 12845 12834)
4(12735 12746 12856 12845)
4(12746 12757 12867 12856)
4(12757 793 813 12867)
4(12768 12779 12889 12878)
4(12779 12790 12900 12889)
4(12790 12801 12911 12900)
4(12801 12812 12922 12911)
4(12812 12823 12933 12922)
4(12823 12834 12944 12933)
4(12834 12845 12955 12944)
4(12845 12856 12966 12955)
4(12856 12867 12977 12966)
4(12867 813 833 12977)
4(12878 12889 12999 12988)
4(12889 12900 13010 12999)
4(12900 12911 13021 13010)
4(12911 12922 13032 13021)
4(12922 12933 13043 13032)
4(12933 12944 13054 13043)
4(12944 12955 13065 13054)
4(12955 12966 13076 13065)
4(12966 12977 13087 13076)
4(12977 833 853 13087)
4(553 563 583 573)
4(573 583 603 593)
4(593 603 623 613)
4(613 623 643 633)
4(633 643 663 653)
4(653 663 683 673)
4(673 683 703 693)
4(693 703 723 713)
4(713 723 743 733)
4(733 743 763 753)
4(753 763 783 773)
4(773 783 803 793)
4(793 803 823 813)
4(813 823 843 833)
4(833 843 863 853)
4(563 3337 3407 583)
4(3337 3347 3417 3407)
4(3347 3357 3427 3417)
4(3357 3367 3437 3427)
4(3367 3377 3447 3437)
4(3377 3387 3457 3447)
4(3387 3397 3467 3457)
4(583 3407 3477 603)
4(3407 3417 3487 3477)
4(3417 3427 3497 3487)
4(3427 3437 3507 3497)
4(3437 3447 3517 3507)
4(3447 3457 3527 3517)
4(3457 3467 3537 3527)
4(603 3477 3547 623)
4(3477 3487 3557 3547)
4(3487 3497 3567 3557)
4(3497 3507 3577 3567)
4(3507 3517 3587 3577)
4(3517 3527 3597 3587)
4(3527 3537 3607 3597)
4(623 3547 3617 643)
4(3547 3557 3627 3617)
4(3557 3567 3637 3627)
4(3567 3577 3647 3637)
4(3577 3587 3657 3647)
4(3587 3597 3667 3657)
4(3597 3607 3677 3667)
4(643 3617 3687 663)
4(3617 3627 3697 3687)
4(3627 3637 3707 3697)
4(3637 3647 3717 3707)
4(3647 3657 3727 3717)
4(3657 3667 3737 3727)
4(3667 3677 3747 3737)
4(663 3687 3757 683)
4(3687 3697 3767 3757)
4(3697 3707 3777 3767)
4(3707 3717 3787 3777)
4(3717 3727 3797 3787)
4(3727 3737 3807 3797)
4(3737 3747 3817 3807)
4(683 3757 3827 703)
4(3757 3767 3837 3827)
4(3767 3777 3847 3837)
4(3777 3787 3857 3847)
4(3787 3797 3867 3857)
4(3797 3807 3877 3867)
4(3807 3817 3887 3877)
4(703 3827 3897 723)
4(3827 3837 3907 3897)
4(3837 3847 3917 3907)
4(3847 3857 3927 3917)
4(3857 3867 3937 3927)
4(3867 3877 3947 3937)
4(3877 3887 3957 3947)
4(723 3897 3967 743)
4(3897 3907 3977 3967)
4(3907 3917 3987 3977)
4(3917 3927 3997 3987)
4(3927 3937 4007 3997)
4(3937 3947 4017 4007)
4(3947 3957 4027 4017)
4(743 3967 4037 763)
4(3967 3977 4047 4037)
4(3977 3987 4057 4047)
4(3987 3997 4067 4057)
4(3997 4007 4077 4067)
4(4007 4017 4087 4077)
4(4017 4027 4097 4087)
4(763 4037 4107 783)
4(4037 4047 4117 4107)
4(4047 4057 4127 4117)
4(4057 4067 4137 4127)
4(4067 4077 4147 4137)
4(4077 4087 4157 4147)
4(4087 4097 4167 4157)
4(783 4107 4177 803)
4(4107 4117 4187 4177)
4(4117 4127 4197 4187)
4(4127 4137 4207 4197)
4(4137 4147 4217 4207)
4(4147 4157 4227 4217)
4(4157 4167 4237 4227)
4(803 4177 4247 823)
4(4177 4187 4257 4247)
4(4187 4197 4267 4257)
4(4197 4207 4277 4267)
4(4207 4217 4287 4277)
4(4217 4227 4297 4287)
4(4227 4237 4307 4297)
4(823 4247 4317 843)
4(4247 4257 4327 4317)
4(4257 4267 4337 4327)
4(4267 4277 4347 4337)
4(4277 4287 4357 4347)
4(4287 4297 4367 4357)
4(4297 4307 4377 4367)
4(843 4317 4387 863)
4(4317 4327 4397 4387)
4(4327 4337 4407 4397)
4(4337 4347 4417 4407)
4(4347 4357 4427 4417)
4(4357 4367 4437 4427)
4(4367 4377 4447 4437)
4(3397 7977 8077 3467)
4(7977 7987 8087 8077)
4(7987 7997 8097 8087)
4(7997 8007 8107 8097)
4(8007 8017 8117 8107)
4(8017 8027 8127 8117)
4(8027 8037 8137 8127)
4(8037 8047 8147 8137)
4(8047 8057 8157 8147)
4(8057 8067 8167 8157)
4(3467 8077 8177 3537)
4(8077 8087 8187 8177)
4(8087 8097 8197 8187)
4(8097 8107 8207 8197)
4(8107 8117 8217 8207)
4(8117 8127 8227 8217)
4(8127 8137 8237 8227)
4(8137 8147 8247 8237)
4(8147 8157 8257 8247)
4(8157 8167 8267 8257)
4(3537 8177 8277 3607)
4(8177 8187 8287 8277)
4(8187 8197 8297 8287)
4(8197 8207 8307 8297)
4(8207 8217 8317 8307)
4(8217 8227 8327 8317)
4(8227 8237 8337 8327)
4(8237 8247 8347 8337)
4(8247 8257 8357 8347)
4(8257 8267 8367 8357)
4(3607 8277 8377 3677)
4(8277 8287 8387 8377)
4(8287 8297 8397 8387)
4(8297 8307 8407 8397)
4(8307 8317 8417 8407)
4(8317 8327 8427 8417)
4(8327 8337 8437 8427)
4(8337 8347 8447 8437)
4(8347 8357 8457 8447)
4(8357 8367 8467 8457)
4(3677 8377 8477 3747)
4(8377 8387 8487 8477)
4(8387 8397 8497 8487)
4(8397 8407 8507 8497)
4(8407 8417 8517 8507)
4(8417 8427 8527 8517)
4(8427 8437 8537 8527)
4(8437 8447 8547 8537)
4(8447 8457 8557 8547)
4(8457 8467 8567 8557)
4(3747 8477 8577 3817)
4(8477 8487 8587 8577)
4(8487 8497 8597 8587)
4(8497 8507 8607 8597)
4(8507 8517 8617 8607)
4(8517 8527 8627 8617)
4(8527 8537 8637 8627)
4(8537 8547 8647 8637)
4(8547 8557 8657 8647)
4(8557 8567 8667 8657)
4(3817 8577 8677 3887)
4(8577 8587 8687 8677)
4(8587 8597 8697 8687)
4(8597 8607 8707 8697)
4(8607 8617 8717 8707)
4(8617 8627 8727 8717)
4(8627 8637 8737 8727)
4(8637 8647 8747 8737)
4(8647 8657 8757 8747)
4(8657 8667 8767 8757)
4(3887 8677 8777 3957)
4(8677 8687 8787 8777)
4(8687 8697 8797 8787)
4(8697 8707 8807 8797)
4(8707 8717 8817 8807)
4(8717 8727 8827 8817)
4(8727 8737 8837 8827)
4(8737 8747 8847 8837)
4(8747 8757 8857 8847)
4(8757 8767 8867 8857)
4(3957 8777 8877 4027)
4(8777 8787 8887 8877)
4(8787 8797 8897 8887)
4(8797 8807 8907 8897)
4(8807 8817 8917 8907)
4(8817 8827 8927 8917)
4(8827 8837 8937 8927)
4(8837 8847 8947 8937)
4(8847 8857 8957 8947)
4(8857 8867 8967 8957)
4(4027 8877 8977 4097)
4(8877 8887 8987 8977)
4(8887 8897 8997 8987)
4(8897 8907 9007 8997)
4(8907 8917 9017 9007)
4(8917 8927 9027 9017)
4(8927 8937 9037 9027)
4(8937 8947 9047 9037)
4(8947 8957 9057 9047)
4(8957 8967 9067 9057)
4(4097 8977 9077 4167)
4(8977 8987 9087 9077)
4(8987 8997 9097 9087)
4(8997 9007 9107 9097)
4(9007 9017 9117 9107)
4(9017 9027 9127 9117)
4(9027 9037 9137 9127)
4(9037 9047 9147 9137)
4(9047 9057 9157 9147)
4(9057 9067 9167 9157)
4(4167 9077 9177 4237)
4(9077 9087 9187 9177)
4(9087 9097 9197 9187)
4(9097 9107 9207 9197)
4(9107 9117 9217 9207)
4(9117 9127 9227 9217)
4(9127 9137 9237 9227)
4(9137 9147 9247 9237)
4(9147 9157 9257 9247)
4(9157 9167 9267 9257)
4(4237 9177 9277 4307)
4(9177 9187 9287 9277)
4(9187 9197 9297 9287)
4(9197 9207 9307 9297)
4(9207 9217 9317 9307)
4(9217 9227 9327 9317)
4(9227 9237 9337 9327)
4(9237 9247 9347 9337)
4(9247 9257 9357 9347)
4(9257 9267 9367 9357)
4(4307 9277 9377 4377)
4(9277 9287 9387 9377)
4(9287 9297 9397 9387)
4(9297 9307 9407 9397)
4(9307 9317 9417 9407)
4(9317 9327 9427 9417)
4(9327 9337 9437 9427)
4(9337 9347 9447 9437)
4(9347 9357 9457 9447)
4(9357 9367 9467 9457)
4(4377 9377 9477 4447)
4(9377 9387 9487 9477)
4(9387 9397 9497 9487)
4(9397 9407 9507 9497)
4(9407 9417 9517 9507)
4(9417 9427 9527 9517)
4(9427 9437 9537 9527)
4(9437 9447 9547 9537)
4(9447 9457 9557 9547)
4(9457 9467 9567 9557)
4(9578 9589 9699 9688)
4(9589 9600 9710 9699)
4(9600 9611 9721 9710)
4(9611 9622 9732 9721)
4(9622 9633 9743 9732)
4(9633 9644 9754 9743)
4(9644 9655 9765 9754)
4(9655 9666 9776 9765)
4(9666 9677 9787 9776)
4(9677 10 32 9787)
4(9688 9699 9809 9798)
4(9699 9710 9820 9809)
4(9710 9721 9831 9820)
4(9721 9732 9842 9831)
4(9732 9743 9853 9842)
4(9743 9754 9864 9853)
4(9754 9765 9875 9864)
4(9765 9776 9886 9875)
4(9776 9787 9897 9886)
4(9787 32 54 9897)
4(9798 9809 9919 9908)
4(9809 9820 9930 9919)
4(9820 9831 9941 9930)
4(9831 9842 9952 9941)
4(9842 9853 9963 9952)
4(9853 9864 9974 9963)
4(9864 9875 9985 9974)
4(9875 9886 9996 9985)
4(9886 9897 10007 9996)
4(9897 54 76 10007)
4(9908 9919 10029 10018)
4(9919 9930 10040 10029)
4(9930 9941 10051 10040)
4(9941 9952 10062 10051)
4(9952 9963 10073 10062)
4(9963 9974 10084 10073)
4(9974 9985 10095 10084)
4(9985 9996 10106 10095)
4(9996 10007 10117 10106)
4(10007 76 98 10117)
4(10018 10029 10139 10128)
4(10029 10040 10150 10139)
4(10040 10051 10161 10150)
4(10051 10062 10172 10161)
4(10062 10073 10183 10172)
4(10073 10084 10194 10183)
4(10084 10095 10205 10194)
4(10095 10106 10216 10205)
4(10106 10117 10227 10216)
4(10117 98 120 10227)
4(10128 10139 10249 10238)
4(10139 10150 10260 10249)
4(10150 10161 10271 10260)
4(10161 10172 10282 10271)
4(10172 10183 10293 10282)
4(10183 10194 10304 10293)
4(10194 10205 10315 10304)
4(10205 10216 10326 10315)
4(10216 10227 10337 10326)
4(10227 120 142 10337)
4(10238 10249 10359 10348)
4(10249 10260 10370 10359)
4(10260 10271 10381 10370)
4(10271 10282 10392 10381)
4(10282 10293 10403 10392)
4(10293 10304 10414 10403)
4(10304 10315 10425 10414)
4(10315 10326 10436 10425)
4(10326 10337 10447 10436)
4(10337 142 164 10447)
4(10348 10359 10469 10458)
4(10359 10370 10480 10469)
4(10370 10381 10491 10480)
4(10381 10392 10502 10491)
4(10392 10403 10513 10502)
4(10403 10414 10524 10513)
4(10414 10425 10535 10524)
4(10425 10436 10546 10535)
4(10436 10447 10557 10546)
4(10447 164 186 10557)
4(10458 10469 10579 10568)
4(10469 10480 10590 10579)
4(10480 10491 10601 10590)
4(10491 10502 10612 10601)
4(10502 10513 10623 10612)
4(10513 10524 10634 10623)
4(10524 10535 10645 10634)
4(10535 10546 10656 10645)
4(10546 10557 10667 10656)
4(10557 186 208 10667)
4(10568 10579 10689 10678)
4(10579 10590 10700 10689)
4(10590 10601 10711 10700)
4(10601 10612 10722 10711)
4(10612 10623 10733 10722)
4(10623 10634 10744 10733)
4(10634 10645 10755 10744)
4(10645 10656 10766 10755)
4(10656 10667 10777 10766)
4(10667 208 230 10777)
4(10678 10689 10799 10788)
4(10689 10700 10810 10799)
4(10700 10711 10821 10810)
4(10711 10722 10832 10821)
4(10722 10733 10843 10832)
4(10733 10744 10854 10843)
4(10744 10755 10865 10854)
4(10755 10766 10876 10865)
4(10766 10777 10887 10876)
4(10777 230 252 10887)
4(10788 10799 10909 10898)
4(10799 10810 10920 10909)
4(10810 10821 10931 10920)
4(10821 10832 10942 10931)
4(10832 10843 10953 10942)
4(10843 10854 10964 10953)
4(10854 10865 10975 10964)
4(10865 10876 10986 10975)
4(10876 10887 10997 10986)
4(10887 252 274 10997)
4(10898 10909 11019 11008)
4(10909 10920 11030 11019)
4(10920 10931 11041 11030)
4(10931 10942 11052 11041)
4(10942 10953 11063 11052)
4(10953 10964 11074 11063)
4(10964 10975 11085 11074)
4(10975 10986 11096 11085)
4(10986 10997 11107 11096)
4(10997 274 296 11107)
4(11008 11019 11129 11118)
4(11019 11030 11140 11129)
4(11030 11041 11151 11140)
4(11041 11052 11162 11151)
4(11052 11063 11173 11162)
4(11063 11074 11184 11173)
4(11074 11085 11195 11184)
4(11085 11096 11206 11195)
4(11096 11107 11217 11206)
4(11107 296 318 11217)
4(11118 11129 11239 11228)
4(11129 11140 11250 11239)
4(11140 11151 11261 11250)
4(11151 11162 11272 11261)
4(11162 11173 11283 11272)
4(11173 11184 11294 11283)
4(11184 11195 11305 11294)
4(11195 11206 11316 11305)
4(11206 11217 11327 11316)
4(11217 318 340 11327)
4(11328 11438 11449 11339)
4(11339 11449 11460 11350)
4(11350 11460 11471 11361)
4(11361 11471 11482 11372)
4(11372 11482 11493 11383)
4(11383 11493 11504 11394)
4(11394 11504 11515 11405)
4(11405 11515 11526 11416)
4(11416 11526 11537 11427)
4(11427 11537 514 512)
4(11438 11548 11559 11449)
4(11449 11559 11570 11460)
4(11460 11570 11581 11471)
4(11471 11581 11592 11482)
4(11482 11592 11603 11493)
4(11493 11603 11614 11504)
4(11504 11614 11625 11515)
4(11515 11625 11636 11526)
4(11526 11636 11647 11537)
4(11537 11647 516 514)
4(11548 11658 11669 11559)
4(11559 11669 11680 11570)
4(11570 11680 11691 11581)
4(11581 11691 11702 11592)
4(11592 11702 11713 11603)
4(11603 11713 11724 11614)
4(11614 11724 11735 11625)
4(11625 11735 11746 11636)
4(11636 11746 11757 11647)
4(11647 11757 518 516)
4(11658 11768 11779 11669)
4(11669 11779 11790 11680)
4(11680 11790 11801 11691)
4(11691 11801 11812 11702)
4(11702 11812 11823 11713)
4(11713 11823 11834 11724)
4(11724 11834 11845 11735)
4(11735 11845 11856 11746)
4(11746 11856 11867 11757)
4(11757 11867 520 518)
4(11768 11878 11889 11779)
4(11779 11889 11900 11790)
4(11790 11900 11911 11801)
4(11801 11911 11922 11812)
4(11812 11922 11933 11823)
4(11823 11933 11944 11834)
4(11834 11944 11955 11845)
4(11845 11955 11966 11856)
4(11856 11966 11977 11867)
4(11867 11977 522 520)
4(11878 11988 11999 11889)
4(11889 11999 12010 11900)
4(11900 12010 12021 11911)
4(11911 12021 12032 11922)
4(11922 12032 12043 11933)
4(11933 12043 12054 11944)
4(11944 12054 12065 11955)
4(11955 12065 12076 11966)
4(11966 12076 12087 11977)
4(11977 12087 524 522)
4(11988 12098 12109 11999)
4(11999 12109 12120 12010)
4(12010 12120 12131 12021)
4(12021 12131 12142 12032)
4(12032 12142 12153 12043)
4(12043 12153 12164 12054)
4(12054 12164 12175 12065)
4(12065 12175 12186 12076)
4(12076 12186 12197 12087)
4(12087 12197 526 524)
4(12098 12208 12219 12109)
4(12109 12219 12230 12120)
4(12120 12230 12241 12131)
4(12131 12241 12252 12142)
4(12142 12252 12263 12153)
4(12153 12263 12274 12164)
4(12164 12274 12285 12175)
4(12175 12285 12296 12186)
4(12186 12296 12307 12197)
4(12197 12307 528 526)
4(12208 12318 12329 12219)
4(12219 12329 12340 12230)
4(12230 12340 12351 12241)
4(12241 12351 12362 12252)
4(12252 12362 12373 12263)
4(12263 12373 12384 12274)
4(12274 12384 12395 12285)
4(12285 12395 12406 12296)
4(12296 12406 12417 12307)
4(12307 12417 530 528)
4(12318 12428 12439 12329)
4(12329 12439 12450 12340)
4(12340 12450 12461 12351)
4(12351 12461 12472 12362)
4(12362 12472 12483 12373)
4(12373 12483 12494 12384)
4(12384 12494 12505 12395)
4(12395 12505 12516 12406)
4(12406 12516 12527 12417)
4(12417 12527 532 530)
4(12428 12538 12549 12439)
4(12439 12549 12560 12450)
4(12450 12560 12571 12461)
4(12461 12571 12582 12472)
4(12472 12582 12593 12483)
4(12483 12593 12604 12494)
4(12494 12604 12615 12505)
4(12505 12615 12626 12516)
4(12516 12626 12637 12527)
4(12527 12637 534 532)
4(12538 12648 12659 12549)
4(12549 12659 12670 12560)
4(12560 12670 12681 12571)
4(12571 12681 12692 12582)
4(12582 12692 12703 12593)
4(12593 12703 12714 12604)
4(12604 12714 12725 12615)
4(12615 12725 12736 12626)
4(12626 12736 12747 12637)
4(12637 12747 536 534)
4(12648 12758 12769 12659)
4(12659 12769 12780 12670)
4(12670 12780 12791 12681)
4(12681 12791 12802 12692)
4(12692 12802 12813 12703)
4(12703 12813 12824 12714)
4(12714 12824 12835 12725)
4(12725 12835 12846 12736)
4(12736 12846 12857 12747)
4(12747 12857 538 536)
4(12758 12868 12879 12769)
4(12769 12879 12890 12780)
4(12780 12890 12901 12791)
4(12791 12901 12912 12802)
4(12802 12912 12923 12813)
4(12813 12923 12934 12824)
4(12824 12934 12945 12835)
4(12835 12945 12956 12846)
4(12846 12956 12967 12857)
4(12857 12967 540 538)
4(12868 12978 12989 12879)
4(12879 12989 13000 12890)
4(12890 13000 13011 12901)
4(12901 13011 13022 12912)
4(12912 13022 13033 12923)
4(12923 13033 13044 12934)
4(12934 13044 13055 12945)
4(12945 13055 13066 12956)
4(12956 13066 13077 12967)
4(12967 13077 542 540)
4(9568 9569 9679 9678)
4(9678 9679 9789 9788)
4(9788 9789 9899 9898)
4(9898 9899 10009 10008)
4(10008 10009 10119 10118)
4(10118 10119 10229 10228)
4(10228 10229 10339 10338)
4(10338 10339 10449 10448)
4(10448 10449 10559 10558)
4(10558 10559 10669 10668)
4(10668 10669 10779 10778)
4(10778 10779 10889 10888)
4(10888 10889 10999 10998)
4(10998 10999 11109 11108)
4(11108 11109 11219 11218)
4(9569 9570 9680 9679)
4(9679 9680 9790 9789)
4(9789 9790 9900 9899)
4(9899 9900 10010 10009)
4(10009 10010 10120 10119)
4(10119 10120 10230 10229)
4(10229 10230 10340 10339)
4(10339 10340 10450 10449)
4(10449 10450 10560 10559)
4(10559 10560 10670 10669)
4(10669 10670 10780 10779)
4(10779 10780 10890 10889)
4(10889 10890 11000 10999)
4(10999 11000 11110 11109)
4(11109 11110 11220 11219)
4(9570 9571 9681 9680)
4(9680 9681 9791 9790)
4(9790 9791 9901 9900)
4(9900 9901 10011 10010)
4(10010 10011 10121 10120)
4(10120 10121 10231 10230)
4(10230 10231 10341 10340)
4(10340 10341 10451 10450)
4(10450 10451 10561 10560)
4(10560 10561 10671 10670)
4(10670 10671 10781 10780)
4(10780 10781 10891 10890)
4(10890 10891 11001 11000)
4(11000 11001 11111 11110)
4(11110 11111 11221 11220)
4(9571 9572 9682 9681)
4(9681 9682 9792 9791)
4(9791 9792 9902 9901)
4(9901 9902 10012 10011)
4(10011 10012 10122 10121)
4(10121 10122 10232 10231)
4(10231 10232 10342 10341)
4(10341 10342 10452 10451)
4(10451 10452 10562 10561)
4(10561 10562 10672 10671)
4(10671 10672 10782 10781)
4(10781 10782 10892 10891)
4(10891 10892 11002 11001)
4(11001 11002 11112 11111)
4(11111 11112 11222 11221)
4(9572 9573 9683 9682)
4(9682 9683 9793 9792)
4(9792 9793 9903 9902)
4(9902 9903 10013 10012)
4(10012 10013 10123 10122)
4(10122 10123 10233 10232)
4(10232 10233 10343 10342)
4(10342 10343 10453 10452)
4(10452 10453 10563 10562)
4(10562 10563 10673 10672)
4(10672 10673 10783 10782)
4(10782 10783 10893 10892)
4(10892 10893 11003 11002)
4(11002 11003 11113 11112)
4(11112 11113 11223 11222)
4(9573 9574 9684 9683)
4(9683 9684 9794 9793)
4(9793 9794 9904 9903)
4(9903 9904 10014 10013)
4(10013 10014 10124 10123)
4(10123 10124 10234 10233)
4(10233 10234 10344 10343)
4(10343 10344 10454 10453)
4(10453 10454 10564 10563)
4(10563 10564 10674 10673)
4(10673 10674 10784 10783)
4(10783 10784 10894 10893)
4(10893 10894 11004 11003)
4(11003 11004 11114 11113)
4(11113 11114 11224 11223)
4(9574 9575 9685 9684)
4(9684 9685 9795 9794)
4(9794 9795 9905 9904)
4(9904 9905 10015 10014)
4(10014 10015 10125 10124)
4(10124 10125 10235 10234)
4(10234 10235 10345 10344)
4(10344 10345 10455 10454)
4(10454 10455 10565 10564)
4(10564 10565 10675 10674)
4(10674 10675 10785 10784)
4(10784 10785 10895 10894)
4(10894 10895 11005 11004)
4(11004 11005 11115 11114)
4(11114 11115 11225 11224)
4(9575 9576 9686 9685)
4(9685 9686 9796 9795)
4(9795 9796 9906 9905)
4(9905 9906 10016 10015)
4(10015 10016 10126 10125)
4(10125 10126 10236 10235)
4(10235 10236 10346 10345)
4(10345 10346 10456 10455)
4(10455 10456 10566 10565)
4(10565 10566 10676 10675)
4(10675 10676 10786 10785)
4(10785 10786 10896 10895)
4(10895 10896 11006 11005)
4(11005 11006 11116 11115)
4(11115 11116 11226 11225)
4(9576 9577 9687 9686)
4(9686 9687 9797 9796)
4(9796 9797 9907 9906)
4(9906 9907 10017 10016)
4(10016 10017 10127 10126)
4(10126 10127 10237 10236)
4(10236 10237 10347 10346)
4(10346 10347 10457 10456)
4(10456 10457 10567 10566)
4(10566 10567 10677 10676)
4(10676 10677 10787 10786)
4(10786 10787 10897 10896)
4(10896 10897 11007 11006)
4(11006 11007 11117 11116)
4(11116 11117 11227 11226)
4(9577 9578 9688 9687)
4(9687 9688 9798 9797)
4(9797 9798 9908 9907)
4(9907 9908 10018 10017)
4(10017 10018 10128 10127)
4(10127 10128 10238 10237)
4(10237 10238 10348 10347)
4(10347 10348 10458 10457)
4(10457 10458 10568 10567)
4(10567 10568 10678 10677)
4(10677 10678 10788 10787)
4(10787 10788 10898 10897)
4(10897 10898 11008 11007)
4(11007 11008 11118 11117)
4(11117 11118 11228 11227)
4(11328 11329 11439 11438)
4(11438 11439 11549 11548)
4(11548 11549 11659 11658)
4(11658 11659 11769 11768)
4(11768 11769 11879 11878)
4(11878 11879 11989 11988)
4(11988 11989 12099 12098)
4(12098 12099 12209 12208)
4(12208 12209 12319 12318)
4(12318 12319 12429 12428)
4(12428 12429 12539 12538)
4(12538 12539 12649 12648)
4(12648 12649 12759 12758)
4(12758 12759 12869 12868)
4(12868 12869 12979 12978)
4(11329 11330 11440 11439)
4(11439 11440 11550 11549)
4(11549 11550 11660 11659)
4(11659 11660 11770 11769)
4(11769 11770 11880 11879)
4(11879 11880 11990 11989)
4(11989 11990 12100 12099)
4(12099 12100 12210 12209)
4(12209 12210 12320 12319)
4(12319 12320 12430 12429)
4(12429 12430 12540 12539)
4(12539 12540 12650 12649)
4(12649 12650 12760 12759)
4(12759 12760 12870 12869)
4(12869 12870 12980 12979)
4(11330 11331 11441 11440)
4(11440 11441 11551 11550)
4(11550 11551 11661 11660)
4(11660 11661 11771 11770)
4(11770 11771 11881 11880)
4(11880 11881 11991 11990)
4(11990 11991 12101 12100)
4(12100 12101 12211 12210)
4(12210 12211 12321 12320)
4(12320 12321 12431 12430)
4(12430 12431 12541 12540)
4(12540 12541 12651 12650)
4(12650 12651 12761 12760)
4(12760 12761 12871 12870)
4(12870 12871 12981 12980)
4(11331 11332 11442 11441)
4(11441 11442 11552 11551)
4(11551 11552 11662 11661)
4(11661 11662 11772 11771)
4(11771 11772 11882 11881)
4(11881 11882 11992 11991)
4(11991 11992 12102 12101)
4(12101 12102 12212 12211)
4(12211 12212 12322 12321)
4(12321 12322 12432 12431)
4(12431 12432 12542 12541)
4(12541 12542 12652 12651)
4(12651 12652 12762 12761)
4(12761 12762 12872 12871)
4(12871 12872 12982 12981)
4(11332 11333 11443 11442)
4(11442 11443 11553 11552)
4(11552 11553 11663 11662)
4(11662 11663 11773 11772)
4(11772 11773 11883 11882)
4(11882 11883 11993 11992)
4(11992 11993 12103 12102)
4(12102 12103 12213 12212)
4(12212 12213 12323 12322)
4(12322 12323 12433 12432)
4(12432 12433 12543 12542)
4(12542 12543 12653 12652)
4(12652 12653 12763 12762)
4(12762 12763 12873 12872)
4(12872 12873 12983 12982)
4(11333 11334 11444 11443)
4(11443 11444 11554 11553)
4(11553 11554 11664 11663)
4(11663 11664 11774 11773)
4(11773 11774 11884 11883)
4(11883 11884 11994 11993)
4(11993 11994 12104 12103)
4(12103 12104 12214 12213)
4(12213 12214 12324 12323)
4(12323 12324 12434 12433)
4(12433 12434 12544 12543)
4(12543 12544 12654 12653)
4(12653 12654 12764 12763)
4(12763 12764 12874 12873)
4(12873 12874 12984 12983)
4(11334 11335 11445 11444)
4(11444 11445 11555 11554)
4(11554 11555 11665 11664)
4(11664 11665 11775 11774)
4(11774 11775 11885 11884)
4(11884 11885 11995 11994)
4(11994 11995 12105 12104)
4(12104 12105 12215 12214)
4(12214 12215 12325 12324)
4(12324 12325 12435 12434)
4(12434 12435 12545 12544)
4(12544 12545 12655 12654)
4(12654 12655 12765 12764)
4(12764 12765 12875 12874)
4(12874 12875 12985 12984)
4(11335 11336 11446 11445)
4(11445 11446 11556 11555)
4(11555 11556 11666 11665)
4(11665 11666 11776 11775)
4(11775 11776 11886 11885)
4(11885 11886 11996 11995)
4(11995 11996 12106 12105)
4(12105 12106 12216 12215)
4(12215 12216 12326 12325)
4(12325 12326 12436 12435)
4(12435 12436 12546 12545)
4(12545 12546 12656 12655)
4(12655 12656 12766 12765)
4(12765 12766 12876 12875)
4(12875 12876 12986 12985)
4(11336 11337 11447 11446)
4(11446 11447 11557 11556)
4(11556 11557 11667 11666)
4(11666 11667 11777 11776)
4(11776 11777 11887 11886)
4(11886 11887 11997 11996)
4(11996 11997 12107 12106)
4(12106 12107 12217 12216)
4(12216 12217 12327 12326)
4(12326 12327 12437 12436)
4(12436 12437 12547 12546)
4(12546 12547 12657 12656)
4(12656 12657 12767 12766)
4(12766 12767 12877 12876)
4(12876 12877 12987 12986)
4(11337 11338 11448 11447)
4(11447 11448 11558 11557)
4(11557 11558 11668 11667)
4(11667 11668 11778 11777)
4(11777 11778 11888 11887)
4(11887 11888 11998 11997)
4(11997 11998 12108 12107)
4(12107 12108 12218 12217)
4(12217 12218 12328 12327)
4(12327 12328 12438 12437)
4(12437 12438 12548 12547)
4(12547 12548 12658 12657)
4(12657 12658 12768 12767)
4(12767 12768 12878 12877)
4(12877 12878 12988 12987)
4(4547 4657 4658 4548)
4(4657 4767 4768 4658)
4(4767 4877 4878 4768)
4(4877 4987 4988 4878)
4(4987 5097 5098 4988)
4(5097 5207 5208 5098)
4(5207 5317 5318 5208)
4(5317 5427 5428 5318)
4(5427 5537 5538 5428)
4(5537 5647 5648 5538)
4(5647 5757 5758 5648)
4(5757 5867 5868 5758)
4(5867 5977 5978 5868)
4(5977 6087 6088 5978)
4(6087 6197 6198 6088)
4(4548 4658 4659 4549)
4(4658 4768 4769 4659)
4(4768 4878 4879 4769)
4(4878 4988 4989 4879)
4(4988 5098 5099 4989)
4(5098 5208 5209 5099)
4(5208 5318 5319 5209)
4(5318 5428 5429 5319)
4(5428 5538 5539 5429)
4(5538 5648 5649 5539)
4(5648 5758 5759 5649)
4(5758 5868 5869 5759)
4(5868 5978 5979 5869)
4(5978 6088 6089 5979)
4(6088 6198 6199 6089)
4(4549 4659 4660 4550)
4(4659 4769 4770 4660)
4(4769 4879 4880 4770)
4(4879 4989 4990 4880)
4(4989 5099 5100 4990)
4(5099 5209 5210 5100)
4(5209 5319 5320 5210)
4(5319 5429 5430 5320)
4(5429 5539 5540 5430)
4(5539 5649 5650 5540)
4(5649 5759 5760 5650)
4(5759 5869 5870 5760)
4(5869 5979 5980 5870)
4(5979 6089 6090 5980)
4(6089 6199 6200 6090)
4(4550 4660 4661 4551)
4(4660 4770 4771 4661)
4(4770 4880 4881 4771)
4(4880 4990 4991 4881)
4(4990 5100 5101 4991)
4(5100 5210 5211 5101)
4(5210 5320 5321 5211)
4(5320 5430 5431 5321)
4(5430 5540 5541 5431)
4(5540 5650 5651 5541)
4(5650 5760 5761 5651)
4(5760 5870 5871 5761)
4(5870 5980 5981 5871)
4(5980 6090 6091 5981)
4(6090 6200 6201 6091)
4(4551 4661 4662 4552)
4(4661 4771 4772 4662)
4(4771 4881 4882 4772)
4(4881 4991 4992 4882)
4(4991 5101 5102 4992)
4(5101 5211 5212 5102)
4(5211 5321 5322 5212)
4(5321 5431 5432 5322)
4(5431 5541 5542 5432)
4(5541 5651 5652 5542)
4(5651 5761 5762 5652)
4(5761 5871 5872 5762)
4(5871 5981 5982 5872)
4(5981 6091 6092 5982)
4(6091 6201 6202 6092)
4(4552 4662 4663 4553)
4(4662 4772 4773 4663)
4(4772 4882 4883 4773)
4(4882 4992 4993 4883)
4(4992 5102 5103 4993)
4(5102 5212 5213 5103)
4(5212 5322 5323 5213)
4(5322 5432 5433 5323)
4(5432 5542 5543 5433)
4(5542 5652 5653 5543)
4(5652 5762 5763 5653)
4(5762 5872 5873 5763)
4(5872 5982 5983 5873)
4(5982 6092 6093 5983)
4(6092 6202 6203 6093)
4(4553 4663 4664 4554)
4(4663 4773 4774 4664)
4(4773 4883 4884 4774)
4(4883 4993 4994 4884)
4(4993 5103 5104 4994)
4(5103 5213 5214 5104)
4(5213 5323 5324 5214)
4(5323 5433 5434 5324)
4(5433 5543 5544 5434)
4(5543 5653 5654 5544)
4(5653 5763 5764 5654)
4(5763 5873 5874 5764)
4(5873 5983 5984 5874)
4(5983 6093 6094 5984)
4(6093 6203 6204 6094)
4(4554 4664 4665 4555)
4(4664 4774 4775 4665)
4(4774 4884 4885 4775)
4(4884 4994 4995 4885)
4(4994 5104 5105 4995)
4(5104 5214 5215 5105)
4(5214 5324 5325 5215)
4(5324 5434 5435 5325)
4(5434 5544 5545 5435)
4(5544 5654 5655 5545)
4(5654 5764 5765 5655)
4(5764 5874 5875 5765)
4(5874 5984 5985 5875)
4(5984 6094 6095 5985)
4(6094 6204 6205 6095)
4(4555 4665 4666 4556)
4(4665 4775 4776 4666)
4(4775 4885 4886 4776)
4(4885 4995 4996 4886)
4(4995 5105 5106 4996)
4(5105 5215 5216 5106)
4(5215 5325 5326 5216)
4(5325 5435 5436 5326)
4(5435 5545 5546 5436)
4(5545 5655 5656 5546)
4(5655 5765 5766 5656)
4(5765 5875 5876 5766)
4(5875 5985 5986 5876)
4(5985 6095 6096 5986)
4(6095 6205 6206 6096)
4(4556 4666 4667 4557)
4(4666 4776 4777 4667)
4(4776 4886 4887 4777)
4(4886 4996 4997 4887)
4(4996 5106 5107 4997)
4(5106 5216 5217 5107)
4(5216 5326 5327 5217)
4(5326 5436 5437 5327)
4(5436 5546 5547 5437)
4(5546 5656 5657 5547)
4(5656 5766 5767 5657)
4(5766 5876 5877 5767)
4(5876 5986 5987 5877)
4(5986 6096 6097 5987)
4(6096 6206 6207 6097)
4(4557 4667 6227 6217)
4(4667 4777 6237 6227)
4(4777 4887 6247 6237)
4(4887 4997 6257 6247)
4(4997 5107 6267 6257)
4(5107 5217 6277 6267)
4(5217 5327 6287 6277)
4(5327 5437 6297 6287)
4(5437 5547 6307 6297)
4(5547 5657 6317 6307)
4(5657 5767 6327 6317)
4(5767 5877 6337 6327)
4(5877 5987 6347 6337)
4(5987 6097 6357 6347)
4(6097 6207 6367 6357)
4(6217 6227 6444 6404)
4(6227 6237 6484 6444)
4(6237 6247 6524 6484)
4(6247 6257 6564 6524)
4(6257 6267 6604 6564)
4(6267 6277 6644 6604)
4(6277 6287 6684 6644)
4(6287 6297 6724 6684)
4(6297 6307 6764 6724)
4(6307 6317 6804 6764)
4(6317 6327 6844 6804)
4(6327 6337 6884 6844)
4(6337 6347 6924 6884)
4(6347 6357 6964 6924)
4(6357 6367 7004 6964)
4(6404 6444 6445 6405)
4(6444 6484 6485 6445)
4(6484 6524 6525 6485)
4(6524 6564 6565 6525)
4(6564 6604 6605 6565)
4(6604 6644 6645 6605)
4(6644 6684 6685 6645)
4(6684 6724 6725 6685)
4(6724 6764 6765 6725)
4(6764 6804 6805 6765)
4(6804 6844 6845 6805)
4(6844 6884 6885 6845)
4(6884 6924 6925 6885)
4(6924 6964 6965 6925)
4(6964 7004 7005 6965)
4(6405 6445 6446 6406)
4(6445 6485 6486 6446)
4(6485 6525 6526 6486)
4(6525 6565 6566 6526)
4(6565 6605 6606 6566)
4(6605 6645 6646 6606)
4(6645 6685 6686 6646)
4(6685 6725 6726 6686)
4(6725 6765 6766 6726)
4(6765 6805 6806 6766)
4(6805 6845 6846 6806)
4(6845 6885 6886 6846)
4(6885 6925 6926 6886)
4(6925 6965 6966 6926)
4(6965 7005 7006 6966)
4(6406 6446 6447 6407)
4(6446 6486 6487 6447)
4(6486 6526 6527 6487)
4(6526 6566 6567 6527)
4(6566 6606 6607 6567)
4(6606 6646 6647 6607)
4(6646 6686 6687 6647)
4(6686 6726 6727 6687)
4(6726 6766 6767 6727)
4(6766 6806 6807 6767)
4(6806 6846 6847 6807)
4(6846 6886 6887 6847)
4(6886 6926 6927 6887)
4(6926 6966 6967 6927)
4(6966 7006 7007 6967)
4(6407 6447 7027 7017)
4(6447 6487 7037 7027)
4(6487 6527 7047 7037)
4(6527 6567 7057 7047)
4(6567 6607 7067 7057)
4(6607 6647 7077 7067)
4(6647 6687 7087 7077)
4(6687 6727 7097 7087)
4(6727 6767 7107 7097)
4(6767 6807 7117 7107)
4(6807 6847 7127 7117)
4(6847 6887 7137 7127)
4(6887 6927 7147 7137)
4(6927 6967 7157 7147)
4(6967 7007 7167 7157)
4(7017 7027 7244 7204)
4(7027 7037 7284 7244)
4(7037 7047 7324 7284)
4(7047 7057 7364 7324)
4(7057 7067 7404 7364)
4(7067 7077 7444 7404)
4(7077 7087 7484 7444)
4(7087 7097 7524 7484)
4(7097 7107 7564 7524)
4(7107 7117 7604 7564)
4(7117 7127 7644 7604)
4(7127 7137 7684 7644)
4(7137 7147 7724 7684)
4(7147 7157 7764 7724)
4(7157 7167 7804 7764)
4(7204 7244 7245 7205)
4(7244 7284 7285 7245)
4(7284 7324 7325 7285)
4(7324 7364 7365 7325)
4(7364 7404 7405 7365)
4(7404 7444 7445 7405)
4(7444 7484 7485 7445)
4(7484 7524 7525 7485)
4(7524 7564 7565 7525)
4(7564 7604 7605 7565)
4(7604 7644 7645 7605)
4(7644 7684 7685 7645)
4(7684 7724 7725 7685)
4(7724 7764 7765 7725)
4(7764 7804 7805 7765)
4(7205 7245 7246 7206)
4(7245 7285 7286 7246)
4(7285 7325 7326 7286)
4(7325 7365 7366 7326)
4(7365 7405 7406 7366)
4(7405 7445 7446 7406)
4(7445 7485 7486 7446)
4(7485 7525 7526 7486)
4(7525 7565 7566 7526)
4(7565 7605 7606 7566)
4(7605 7645 7646 7606)
4(7645 7685 7686 7646)
4(7685 7725 7726 7686)
4(7725 7765 7766 7726)
4(7765 7805 7806 7766)
4(7206 7246 7247 7207)
4(7246 7286 7287 7247)
4(7286 7326 7327 7287)
4(7326 7366 7367 7327)
4(7366 7406 7407 7367)
4(7406 7446 7447 7407)
4(7446 7486 7487 7447)
4(7486 7526 7527 7487)
4(7526 7566 7567 7527)
4(7566 7606 7607 7567)
4(7606 7646 7647 7607)
4(7646 7686 7687 7647)
4(7686 7726 7727 7687)
4(7726 7766 7767 7727)
4(7766 7806 7807 7767)
4(7207 7247 7827 7817)
4(7247 7287 7837 7827)
4(7287 7327 7847 7837)
4(7327 7367 7857 7847)
4(7367 7407 7867 7857)
4(7407 7447 7877 7867)
4(7447 7487 7887 7877)
4(7487 7527 7897 7887)
4(7527 7567 7907 7897)
4(7567 7607 7917 7907)
4(7607 7647 7927 7917)
4(7647 7687 7937 7927)
4(7687 7727 7947 7937)
4(7727 7767 7957 7947)
4(7767 7807 7967 7957)
4(7817 7827 8158 8058)
4(7827 7837 8258 8158)
4(7837 7847 8358 8258)
4(7847 7857 8458 8358)
4(7857 7867 8558 8458)
4(7867 7877 8658 8558)
4(7877 7887 8758 8658)
4(7887 7897 8858 8758)
4(7897 7907 8958 8858)
4(7907 7917 9058 8958)
4(7917 7927 9158 9058)
4(7927 7937 9258 9158)
4(7937 7947 9358 9258)
4(7947 7957 9458 9358)
4(7957 7967 9558 9458)
4(8058 8158 8159 8059)
4(8158 8258 8259 8159)
4(8258 8358 8359 8259)
4(8358 8458 8459 8359)
4(8458 8558 8559 8459)
4(8558 8658 8659 8559)
4(8658 8758 8759 8659)
4(8758 8858 8859 8759)
4(8858 8958 8959 8859)
4(8958 9058 9059 8959)
4(9058 9158 9159 9059)
4(9158 9258 9259 9159)
4(9258 9358 9359 9259)
4(9358 9458 9459 9359)
4(9458 9558 9559 9459)
4(8059 8159 8160 8060)
4(8159 8259 8260 8160)
4(8259 8359 8360 8260)
4(8359 8459 8460 8360)
4(8459 8559 8560 8460)
4(8559 8659 8660 8560)
4(8659 8759 8760 8660)
4(8759 8859 8860 8760)
4(8859 8959 8960 8860)
4(8959 9059 9060 8960)
4(9059 9159 9160 9060)
4(9159 9259 9260 9160)
4(9259 9359 9360 9260)
4(9359 9459 9460 9360)
4(9459 9559 9560 9460)
4(8060 8160 8161 8061)
4(8160 8260 8261 8161)
4(8260 8360 8361 8261)
4(8360 8460 8461 8361)
4(8460 8560 8561 8461)
4(8560 8660 8661 8561)
4(8660 8760 8761 8661)
4(8760 8860 8861 8761)
4(8860 8960 8961 8861)
4(8960 9060 9061 8961)
4(9060 9160 9161 9061)
4(9160 9260 9261 9161)
4(9260 9360 9361 9261)
4(9360 9460 9461 9361)
4(9460 9560 9561 9461)
4(8061 8161 8162 8062)
4(8161 8261 8262 8162)
4(8261 8361 8362 8262)
4(8361 8461 8462 8362)
4(8461 8561 8562 8462)
4(8561 8661 8662 8562)
4(8661 8761 8762 8662)
4(8761 8861 8862 8762)
4(8861 8961 8962 8862)
4(8961 9061 9062 8962)
4(9061 9161 9162 9062)
4(9161 9261 9262 9162)
4(9261 9361 9362 9262)
4(9361 9461 9462 9362)
4(9461 9561 9562 9462)
4(8062 8162 8163 8063)
4(8162 8262 8263 8163)
4(8262 8362 8363 8263)
4(8362 8462 8463 8363)
4(8462 8562 8563 8463)
4(8562 8662 8663 8563)
4(8662 8762 8763 8663)
4(8762 8862 8863 8763)
4(8862 8962 8963 8863)
4(8962 9062 9063 8963)
4(9062 9162 9163 9063)
4(9162 9262 9263 9163)
4(9262 9362 9363 9263)
4(9362 9462 9463 9363)
4(9462 9562 9563 9463)
4(8063 8163 8164 8064)
4(8163 8263 8264 8164)
4(8263 8363 8364 8264)
4(8363 8463 8464 8364)
4(8463 8563 8564 8464)
4(8563 8663 8664 8564)
4(8663 8763 8764 8664)
4(8763 8863 8864 8764)
4(8863 8963 8964 8864)
4(8963 9063 9064 8964)
4(9063 9163 9164 9064)
4(9163 9263 9264 9164)
4(9263 9363 9364 9264)
4(9363 9463 9464 9364)
4(9463 9563 9564 9464)
4(8064 8164 8165 8065)
4(8164 8264 8265 8165)
4(8264 8364 8365 8265)
4(8364 8464 8465 8365)
4(8464 8564 8565 8465)
4(8564 8664 8665 8565)
4(8664 8764 8765 8665)
4(8764 8864 8865 8765)
4(8864 8964 8965 8865)
4(8964 9064 9065 8965)
4(9064 9164 9165 9065)
4(9164 9264 9265 9165)
4(9264 9364 9365 9265)
4(9364 9464 9465 9365)
4(9464 9564 9565 9465)
4(8065 8165 8166 8066)
4(8165 8265 8266 8166)
4(8265 8365 8366 8266)
4(8365 8465 8466 8366)
4(8465 8565 8566 8466)
4(8565 8665 8666 8566)
4(8665 8765 8766 8666)
4(8765 8865 8866 8766)
4(8865 8965 8966 8866)
4(8965 9065 9066 8966)
4(9065 9165 9166 9066)
4(9165 9265 9266 9166)
4(9265 9365 9366 9266)
4(9365 9465 9466 9366)
4(9465 9565 9566 9466)
4(8066 8166 8167 8067)
4(8166 8266 8267 8167)
4(8266 8366 8367 8267)
4(8366 8466 8467 8367)
4(8466 8566 8567 8467)
4(8566 8666 8667 8567)
4(8666 8766 8767 8667)
4(8766 8866 8867 8767)
4(8866 8966 8967 8867)
4(8966 9066 9067 8967)
4(9066 9166 9167 9067)
4(9166 9266 9267 9167)
4(9266 9366 9367 9267)
4(9366 9466 9467 9367)
4(9466 9566 9567 9467)
4(9568 9579 9580 9569)
4(9579 9590 9591 9580)
4(9590 9601 9602 9591)
4(9601 9612 9613 9602)
4(9612 9623 9624 9613)
4(9623 9634 9635 9624)
4(9634 9645 9646 9635)
4(9645 9656 9657 9646)
4(9656 9667 9668 9657)
4(9667 0 1 9668)
4(9569 9580 9581 9570)
4(9580 9591 9592 9581)
4(9591 9602 9603 9592)
4(9602 9613 9614 9603)
4(9613 9624 9625 9614)
4(9624 9635 9636 9625)
4(9635 9646 9647 9636)
4(9646 9657 9658 9647)
4(9657 9668 9669 9658)
4(9668 1 2 9669)
4(9570 9581 9582 9571)
4(9581 9592 9593 9582)
4(9592 9603 9604 9593)
4(9603 9614 9615 9604)
4(9614 9625 9626 9615)
4(9625 9636 9637 9626)
4(9636 9647 9648 9637)
4(9647 9658 9659 9648)
4(9658 9669 9670 9659)
4(9669 2 3 9670)
4(9571 9582 9583 9572)
4(9582 9593 9594 9583)
4(9593 9604 9605 9594)
4(9604 9615 9616 9605)
4(9615 9626 9627 9616)
4(9626 9637 9638 9627)
4(9637 9648 9649 9638)
4(9648 9659 9660 9649)
4(9659 9670 9671 9660)
4(9670 3 4 9671)
4(9572 9583 9584 9573)
4(9583 9594 9595 9584)
4(9594 9605 9606 9595)
4(9605 9616 9617 9606)
4(9616 9627 9628 9617)
4(9627 9638 9639 9628)
4(9638 9649 9650 9639)
4(9649 9660 9661 9650)
4(9660 9671 9672 9661)
4(9671 4 5 9672)
4(9573 9584 9585 9574)
4(9584 9595 9596 9585)
4(9595 9606 9607 9596)
4(9606 9617 9618 9607)
4(9617 9628 9629 9618)
4(9628 9639 9640 9629)
4(9639 9650 9651 9640)
4(9650 9661 9662 9651)
4(9661 9672 9673 9662)
4(9672 5 6 9673)
4(9574 9585 9586 9575)
4(9585 9596 9597 9586)
4(9596 9607 9608 9597)
4(9607 9618 9619 9608)
4(9618 9629 9630 9619)
4(9629 9640 9641 9630)
4(9640 9651 9652 9641)
4(9651 9662 9663 9652)
4(9662 9673 9674 9663)
4(9673 6 7 9674)
4(9575 9586 9587 9576)
4(9586 9597 9598 9587)
4(9597 9608 9609 9598)
4(9608 9619 9620 9609)
4(9619 9630 9631 9620)
4(9630 9641 9642 9631)
4(9641 9652 9653 9642)
4(9652 9663 9664 9653)
4(9663 9674 9675 9664)
4(9674 7 8 9675)
4(9576 9587 9588 9577)
4(9587 9598 9599 9588)
4(9598 9609 9610 9599)
4(9609 9620 9621 9610)
4(9620 9631 9632 9621)
4(9631 9642 9643 9632)
4(9642 9653 9654 9643)
4(9653 9664 9665 9654)
4(9664 9675 9676 9665)
4(9675 8 9 9676)
4(9577 9588 9589 9578)
4(9588 9599 9600 9589)
4(9599 9610 9611 9600)
4(9610 9621 9622 9611)
4(9621 9632 9633 9622)
4(9632 9643 9644 9633)
4(9643 9654 9655 9644)
4(9654 9665 9666 9655)
4(9665 9676 9677 9666)
4(9676 9 10 9677)
4(11328 11339 11340 11329)
4(11339 11350 11351 11340)
4(11350 11361 11362 11351)
4(11361 11372 11373 11362)
4(11372 11383 11384 11373)
4(11383 11394 11395 11384)
4(11394 11405 11406 11395)
4(11405 11416 11417 11406)
4(11416 11427 11428 11417)
4(11427 512 544 11428)
4(11329 11340 11341 11330)
4(11340 11351 11352 11341)
4(11351 11362 11363 11352)
4(11362 11373 11374 11363)
4(11373 11384 11385 11374)
4(11384 11395 11396 11385)
4(11395 11406 11407 11396)
4(11406 11417 11418 11407)
4(11417 11428 11429 11418)
4(11428 544 545 11429)
4(11330 11341 11342 11331)
4(11341 11352 11353 11342)
4(11352 11363 11364 11353)
4(11363 11374 11375 11364)
4(11374 11385 11386 11375)
4(11385 11396 11397 11386)
4(11396 11407 11408 11397)
4(11407 11418 11419 11408)
4(11418 11429 11430 11419)
4(11429 545 546 11430)
4(11331 11342 11343 11332)
4(11342 11353 11354 11343)
4(11353 11364 11365 11354)
4(11364 11375 11376 11365)
4(11375 11386 11387 11376)
4(11386 11397 11398 11387)
4(11397 11408 11409 11398)
4(11408 11419 11420 11409)
4(11419 11430 11431 11420)
4(11430 546 547 11431)
4(11332 11343 11344 11333)
4(11343 11354 11355 11344)
4(11354 11365 11366 11355)
4(11365 11376 11377 11366)
4(11376 11387 11388 11377)
4(11387 11398 11399 11388)
4(11398 11409 11410 11399)
4(11409 11420 11421 11410)
4(11420 11431 11432 11421)
4(11431 547 548 11432)
4(11333 11344 11345 11334)
4(11344 11355 11356 11345)
4(11355 11366 11367 11356)
4(11366 11377 11378 11367)
4(11377 11388 11389 11378)
4(11388 11399 11400 11389)
4(11399 11410 11411 11400)
4(11410 11421 11422 11411)
4(11421 11432 11433 11422)
4(11432 548 549 11433)
4(11334 11345 11346 11335)
4(11345 11356 11357 11346)
4(11356 11367 11368 11357)
4(11367 11378 11379 11368)
4(11378 11389 11390 11379)
4(11389 11400 11401 11390)
4(11400 11411 11412 11401)
4(11411 11422 11423 11412)
4(11422 11433 11434 11423)
4(11433 549 550 11434)
4(11335 11346 11347 11336)
4(11346 11357 11358 11347)
4(11357 11368 11369 11358)
4(11368 11379 11380 11369)
4(11379 11390 11391 11380)
4(11390 11401 11402 11391)
4(11401 11412 11413 11402)
4(11412 11423 11424 11413)
4(11423 11434 11435 11424)
4(11434 550 551 11435)
4(11336 11347 11348 11337)
4(11347 11358 11359 11348)
4(11358 11369 11370 11359)
4(11369 11380 11381 11370)
4(11380 11391 11392 11381)
4(11391 11402 11403 11392)
4(11402 11413 11414 11403)
4(11413 11424 11425 11414)
4(11424 11435 11436 11425)
4(11435 551 552 11436)
4(11337 11348 11349 11338)
4(11348 11359 11360 11349)
4(11359 11370 11371 11360)
4(11370 11381 11382 11371)
4(11381 11392 11393 11382)
4(11392 11403 11404 11393)
4(11403 11414 11415 11404)
4(11414 11425 11426 11415)
4(11425 11436 11437 11426)
4(11436 552 553 11437)
4(0 11 12 1)
4(1 12 13 2)
4(2 13 14 3)
4(3 14 15 4)
4(4 15 16 5)
4(5 16 17 6)
4(6 17 18 7)
4(7 18 19 8)
4(8 19 20 9)
4(9 20 21 10)
4(512 513 554 544)
4(544 554 555 545)
4(545 555 556 546)
4(546 556 557 547)
4(547 557 558 548)
4(548 558 559 549)
4(549 559 560 550)
4(550 560 561 551)
4(551 561 562 552)
4(552 562 563 553)
4(11 864 865 12)
4(864 875 876 865)
4(875 886 887 876)
4(886 897 898 887)
4(897 908 909 898)
4(908 919 920 909)
4(919 930 931 920)
4(12 865 866 13)
4(865 876 877 866)
4(876 887 888 877)
4(887 898 899 888)
4(898 909 910 899)
4(909 920 921 910)
4(920 931 932 921)
4(13 866 867 14)
4(866 877 878 867)
4(877 888 889 878)
4(888 899 900 889)
4(899 910 911 900)
4(910 921 922 911)
4(921 932 933 922)
4(14 867 868 15)
4(867 878 879 868)
4(878 889 890 879)
4(889 900 901 890)
4(900 911 912 901)
4(911 922 923 912)
4(922 933 934 923)
4(15 868 869 16)
4(868 879 880 869)
4(879 890 891 880)
4(890 901 902 891)
4(901 912 913 902)
4(912 923 924 913)
4(923 934 935 924)
4(16 869 870 17)
4(869 880 881 870)
4(880 891 892 881)
4(891 902 903 892)
4(902 913 914 903)
4(913 924 925 914)
4(924 935 936 925)
4(17 870 871 18)
4(870 881 882 871)
4(881 892 893 882)
4(892 903 904 893)
4(903 914 915 904)
4(914 925 926 915)
4(925 936 937 926)
4(18 871 872 19)
4(871 882 883 872)
4(882 893 894 883)
4(893 904 905 894)
4(904 915 916 905)
4(915 926 927 916)
4(926 937 938 927)
4(19 872 873 20)
4(872 883 884 873)
4(883 894 895 884)
4(894 905 906 895)
4(905 916 917 906)
4(916 927 928 917)
4(927 938 939 928)
4(20 873 874 21)
4(873 884 885 874)
4(884 895 896 885)
4(895 906 907 896)
4(906 917 918 907)
4(917 928 929 918)
4(928 939 940 929)
4(352 2096 2208 368)
4(2096 2097 2212 2208)
4(2097 2098 2216 2212)
4(2098 2099 2220 2216)
4(2099 2100 2224 2220)
4(2100 2101 2228 2224)
4(2101 2102 2232 2228)
4(368 2208 2209 369)
4(2208 2212 2213 2209)
4(2212 2216 2217 2213)
4(2216 2220 2221 2217)
4(2220 2224 2225 2221)
4(2224 2228 2229 2225)
4(2228 2232 2233 2229)
4(369 2209 2210 370)
4(2209 2213 2214 2210)
4(2213 2217 2218 2214)
4(2217 2221 2222 2218)
4(2221 2225 2226 2222)
4(2225 2229 2230 2226)
4(2229 2233 2234 2230)
4(370 2210 2211 371)
4(2210 2214 2215 2211)
4(2214 2218 2219 2215)
4(2218 2222 2223 2219)
4(2222 2226 2227 2223)
4(2226 2230 2231 2227)
4(2230 2234 2235 2231)
4(432 2656 2768 448)
4(2656 2657 2772 2768)
4(2657 2658 2776 2772)
4(2658 2659 2780 2776)
4(2659 2660 2784 2780)
4(2660 2661 2788 2784)
4(2661 2662 2792 2788)
4(448 2768 2769 449)
4(2768 2772 2773 2769)
4(2772 2776 2777 2773)
4(2776 2780 2781 2777)
4(2780 2784 2785 2781)
4(2784 2788 2789 2785)
4(2788 2792 2793 2789)
4(449 2769 2770 450)
4(2769 2773 2774 2770)
4(2773 2777 2778 2774)
4(2777 2781 2782 2778)
4(2781 2785 2786 2782)
4(2785 2789 2790 2786)
4(2789 2793 2794 2790)
4(450 2770 2771 451)
4(2770 2774 2775 2771)
4(2774 2778 2779 2775)
4(2778 2782 2783 2779)
4(2782 2786 2787 2783)
4(2786 2790 2791 2787)
4(2790 2794 2795 2791)
4(513 3216 3328 554)
4(3216 3217 3338 3328)
4(3217 3218 3348 3338)
4(3218 3219 3358 3348)
4(3219 3220 3368 3358)
4(3220 3221 3378 3368)
4(3221 3222 3388 3378)
4(554 3328 3329 555)
4(3328 3338 3339 3329)
4(3338 3348 3349 3339)
4(3348 3358 3359 3349)
4(3358 3368 3369 3359)
4(3368 3378 3379 3369)
4(3378 3388 3389 3379)
4(555 3329 3330 556)
4(3329 3339 3340 3330)
4(3339 3349 3350 3340)
4(3349 3359 3360 3350)
4(3359 3369 3370 3360)
4(3369 3379 3380 3370)
4(3379 3389 3390 3380)
4(556 3330 3331 557)
4(3330 3340 3341 3331)
4(3340 3350 3351 3341)
4(3350 3360 3361 3351)
4(3360 3370 3371 3361)
4(3370 3380 3381 3371)
4(3380 3390 3391 3381)
4(557 3331 3332 558)
4(3331 3341 3342 3332)
4(3341 3351 3352 3342)
4(3351 3361 3362 3352)
4(3361 3371 3372 3362)
4(3371 3381 3382 3372)
4(3381 3391 3392 3382)
4(558 3332 3333 559)
4(3332 3342 3343 3333)
4(3342 3352 3353 3343)
4(3352 3362 3363 3353)
4(3362 3372 3373 3363)
4(3372 3382 3383 3373)
4(3382 3392 3393 3383)
4(559 3333 3334 560)
4(3333 3343 3344 3334)
4(3343 3353 3354 3344)
4(3353 3363 3364 3354)
4(3363 3373 3374 3364)
4(3373 3383 3384 3374)
4(3383 3393 3394 3384)
4(560 3334 3335 561)
4(3334 3344 3345 3335)
4(3344 3354 3355 3345)
4(3354 3364 3365 3355)
4(3364 3374 3375 3365)
4(3374 3384 3385 3375)
4(3384 3394 3395 3385)
4(561 3335 3336 562)
4(3335 3345 3346 3336)
4(3345 3355 3356 3346)
4(3355 3365 3366 3356)
4(3365 3375 3376 3366)
4(3375 3385 3386 3376)
4(3385 3395 3396 3386)
4(562 3336 3337 563)
4(3336 3346 3347 3337)
4(3346 3356 3357 3347)
4(3356 3366 3367 3357)
4(3366 3376 3377 3367)
4(3376 3386 3387 3377)
4(3386 3396 3397 3387)
4(930 4448 4449 931)
4(4448 4459 4460 4449)
4(4459 4470 4471 4460)
4(4470 4481 4482 4471)
4(4481 4492 4493 4482)
4(4492 4503 4504 4493)
4(4503 4514 4515 4504)
4(4514 4525 4526 4515)
4(4525 4536 4537 4526)
4(4536 4547 4548 4537)
4(931 4449 4450 932)
4(4449 4460 4461 4450)
4(4460 4471 4472 4461)
4(4471 4482 4483 4472)
4(4482 4493 4494 4483)
4(4493 4504 4505 4494)
4(4504 4515 4516 4505)
4(4515 4526 4527 4516)
4(4526 4537 4538 4527)
4(4537 4548 4549 4538)
4(932 4450 4451 933)
4(4450 4461 4462 4451)
4(4461 4472 4473 4462)
4(4472 4483 4484 4473)
4(4483 4494 4495 4484)
4(4494 4505 4506 4495)
4(4505 4516 4517 4506)
4(4516 4527 4528 4517)
4(4527 4538 4539 4528)
4(4538 4549 4550 4539)
4(933 4451 4452 934)
4(4451 4462 4463 4452)
4(4462 4473 4474 4463)
4(4473 4484 4485 4474)
4(4484 4495 4496 4485)
4(4495 4506 4507 4496)
4(4506 4517 4518 4507)
4(4517 4528 4529 4518)
4(4528 4539 4540 4529)
4(4539 4550 4551 4540)
4(934 4452 4453 935)
4(4452 4463 4464 4453)
4(4463 4474 4475 4464)
4(4474 4485 4486 4475)
4(4485 4496 4497 4486)
4(4496 4507 4508 4497)
4(4507 4518 4519 4508)
4(4518 4529 4530 4519)
4(4529 4540 4541 4530)
4(4540 4551 4552 4541)
4(935 4453 4454 936)
4(4453 4464 4465 4454)
4(4464 4475 4476 4465)
4(4475 4486 4487 4476)
4(4486 4497 4498 4487)
4(4497 4508 4509 4498)
4(4508 4519 4520 4509)
4(4519 4530 4531 4520)
4(4530 4541 4542 4531)
4(4541 4552 4553 4542)
4(936 4454 4455 937)
4(4454 4465 4466 4455)
4(4465 4476 4477 4466)
4(4476 4487 4488 4477)
4(4487 4498 4499 4488)
4(4498 4509 4510 4499)
4(4509 4520 4521 4510)
4(4520 4531 4532 4521)
4(4531 4542 4543 4532)
4(4542 4553 4554 4543)
4(937 4455 4456 938)
4(4455 4466 4467 4456)
4(4466 4477 4478 4467)
4(4477 4488 4489 4478)
4(4488 4499 4500 4489)
4(4499 4510 4511 4500)
4(4510 4521 4522 4511)
4(4521 4532 4533 4522)
4(4532 4543 4544 4533)
4(4543 4554 4555 4544)
4(938 4456 4457 939)
4(4456 4467 4468 4457)
4(4467 4478 4479 4468)
4(4478 4489 4490 4479)
4(4489 4500 4501 4490)
4(4500 4511 4512 4501)
4(4511 4522 4523 4512)
4(4522 4533 4534 4523)
4(4533 4544 4545 4534)
4(4544 4555 4556 4545)
4(939 4457 4458 940)
4(4457 4468 4469 4458)
4(4468 4479 4480 4469)
4(4479 4490 4491 4480)
4(4490 4501 4502 4491)
4(4501 4512 4513 4502)
4(4512 4523 4524 4513)
4(4523 4534 4535 4524)
4(4534 4545 4546 4535)
4(4545 4556 4557 4546)
4(940 4458 6208 2102)
4(4458 4469 6209 6208)
4(4469 4480 6210 6209)
4(4480 4491 6211 6210)
4(4491 4502 6212 6211)
4(4502 4513 6213 6212)
4(4513 4524 6214 6213)
4(4524 4535 6215 6214)
4(4535 4546 6216 6215)
4(4546 4557 6217 6216)
4(2102 6208 6368 2232)
4(6208 6209 6372 6368)
4(6209 6210 6376 6372)
4(6210 6211 6380 6376)
4(6211 6212 6384 6380)
4(6212 6213 6388 6384)
4(6213 6214 6392 6388)
4(6214 6215 6396 6392)
4(6215 6216 6400 6396)
4(6216 6217 6404 6400)
4(2232 6368 6369 2233)
4(6368 6372 6373 6369)
4(6372 6376 6377 6373)
4(6376 6380 6381 6377)
4(6380 6384 6385 6381)
4(6384 6388 6389 6385)
4(6388 6392 6393 6389)
4(6392 6396 6397 6393)
4(6396 6400 6401 6397)
4(6400 6404 6405 6401)
4(2233 6369 6370 2234)
4(6369 6373 6374 6370)
4(6373 6377 6378 6374)
4(6377 6381 6382 6378)
4(6381 6385 6386 6382)
4(6385 6389 6390 6386)
4(6389 6393 6394 6390)
4(6393 6397 6398 6394)
4(6397 6401 6402 6398)
4(6401 6405 6406 6402)
4(2234 6370 6371 2235)
4(6370 6374 6375 6371)
4(6374 6378 6379 6375)
4(6378 6382 6383 6379)
4(6382 6386 6387 6383)
4(6386 6390 6391 6387)
4(6390 6394 6395 6391)
4(6394 6398 6399 6395)
4(6398 6402 6403 6399)
4(6402 6406 6407 6403)
4(2235 6371 7008 2662)
4(6371 6375 7009 7008)
4(6375 6379 7010 7009)
4(6379 6383 7011 7010)
4(6383 6387 7012 7011)
4(6387 6391 7013 7012)
4(6391 6395 7014 7013)
4(6395 6399 7015 7014)
4(6399 6403 7016 7015)
4(6403 6407 7017 7016)
4(2662 7008 7168 2792)
4(7008 7009 7172 7168)
4(7009 7010 7176 7172)
4(7010 7011 7180 7176)
4(7011 7012 7184 7180)
4(7012 7013 7188 7184)
4(7013 7014 7192 7188)
4(7014 7015 7196 7192)
4(7015 7016 7200 7196)
4(7016 7017 7204 7200)
4(2792 7168 7169 2793)
4(7168 7172 7173 7169)
4(7172 7176 7177 7173)
4(7176 7180 7181 7177)
4(7180 7184 7185 7181)
4(7184 7188 7189 7185)
4(7188 7192 7193 7189)
4(7192 7196 7197 7193)
4(7196 7200 7201 7197)
4(7200 7204 7205 7201)
4(2793 7169 7170 2794)
4(7169 7173 7174 7170)
4(7173 7177 7178 7174)
4(7177 7181 7182 7178)
4(7181 7185 7186 7182)
4(7185 7189 7190 7186)
4(7189 7193 7194 7190)
4(7193 7197 7198 7194)
4(7197 7201 7202 7198)
4(7201 7205 7206 7202)
4(2794 7170 7171 2795)
4(7170 7174 7175 7171)
4(7174 7178 7179 7175)
4(7178 7182 7183 7179)
4(7182 7186 7187 7183)
4(7186 7190 7191 7187)
4(7190 7194 7195 7191)
4(7194 7198 7199 7195)
4(7198 7202 7203 7199)
4(7202 7206 7207 7203)
4(2795 7171 7808 3222)
4(7171 7175 7809 7808)
4(7175 7179 7810 7809)
4(7179 7183 7811 7810)
4(7183 7187 7812 7811)
4(7187 7191 7813 7812)
4(7191 7195 7814 7813)
4(7195 7199 7815 7814)
4(7199 7203 7816 7815)
4(7203 7207 7817 7816)
4(3222 7808 7968 3388)
4(7808 7809 7978 7968)
4(7809 7810 7988 7978)
4(7810 7811 7998 7988)
4(7811 7812 8008 7998)
4(7812 7813 8018 8008)
4(7813 7814 8028 8018)
4(7814 7815 8038 8028)
4(7815 7816 8048 8038)
4(7816 7817 8058 8048)
4(3388 7968 7969 3389)
4(7968 7978 7979 7969)
4(7978 7988 7989 7979)
4(7988 7998 7999 7989)
4(7998 8008 8009 7999)
4(8008 8018 8019 8009)
4(8018 8028 8029 8019)
4(8028 8038 8039 8029)
4(8038 8048 8049 8039)
4(8048 8058 8059 8049)
4(3389 7969 7970 3390)
4(7969 7979 7980 7970)
4(7979 7989 7990 7980)
4(7989 7999 8000 7990)
4(7999 8009 8010 8000)
4(8009 8019 8020 8010)
4(8019 8029 8030 8020)
4(8029 8039 8040 8030)
4(8039 8049 8050 8040)
4(8049 8059 8060 8050)
4(3390 7970 7971 3391)
4(7970 7980 7981 7971)
4(7980 7990 7991 7981)
4(7990 8000 8001 7991)
4(8000 8010 8011 8001)
4(8010 8020 8021 8011)
4(8020 8030 8031 8021)
4(8030 8040 8041 8031)
4(8040 8050 8051 8041)
4(8050 8060 8061 8051)
4(3391 7971 7972 3392)
4(7971 7981 7982 7972)
4(7981 7991 7992 7982)
4(7991 8001 8002 7992)
4(8001 8011 8012 8002)
4(8011 8021 8022 8012)
4(8021 8031 8032 8022)
4(8031 8041 8042 8032)
4(8041 8051 8052 8042)
4(8051 8061 8062 8052)
4(3392 7972 7973 3393)
4(7972 7982 7983 7973)
4(7982 7992 7993 7983)
4(7992 8002 8003 7993)
4(8002 8012 8013 8003)
4(8012 8022 8023 8013)
4(8022 8032 8033 8023)
4(8032 8042 8043 8033)
4(8042 8052 8053 8043)
4(8052 8062 8063 8053)
4(3393 7973 7974 3394)
4(7973 7983 7984 7974)
4(7983 7993 7994 7984)
4(7993 8003 8004 7994)
4(8003 8013 8014 8004)
4(8013 8023 8024 8014)
4(8023 8033 8034 8024)
4(8033 8043 8044 8034)
4(8043 8053 8054 8044)
4(8053 8063 8064 8054)
4(3394 7974 7975 3395)
4(7974 7984 7985 7975)
4(7984 7994 7995 7985)
4(7994 8004 8005 7995)
4(8004 8014 8015 8005)
4(8014 8024 8025 8015)
4(8024 8034 8035 8025)
4(8034 8044 8045 8035)
4(8044 8054 8055 8045)
4(8054 8064 8065 8055)
4(3395 7975 7976 3396)
4(7975 7985 7986 7976)
4(7985 7995 7996 7986)
4(7995 8005 8006 7996)
4(8005 8015 8016 8006)
4(8015 8025 8026 8016)
4(8025 8035 8036 8026)
4(8035 8045 8046 8036)
4(8045 8055 8056 8046)
4(8055 8065 8066 8056)
4(3396 7976 7977 3397)
4(7976 7986 7987 7977)
4(7986 7996 7997 7987)
4(7996 8006 8007 7997)
4(8006 8016 8017 8007)
4(8016 8026 8027 8017)
4(8026 8036 8037 8027)
4(8036 8046 8047 8037)
4(8046 8056 8057 8047)
4(8056 8066 8067 8057)
4(11218 11219 11230 11229)
4(11229 11230 11241 11240)
4(11240 11241 11252 11251)
4(11251 11252 11263 11262)
4(11262 11263 11274 11273)
4(11273 11274 11285 11284)
4(11284 11285 11296 11295)
4(11295 11296 11307 11306)
4(11306 11307 11318 11317)
4(11317 11318 331 330)
4(11219 11220 11231 11230)
4(11230 11231 11242 11241)
4(11241 11242 11253 11252)
4(11252 11253 11264 11263)
4(11263 11264 11275 11274)
4(11274 11275 11286 11285)
4(11285 11286 11297 11296)
4(11296 11297 11308 11307)
4(11307 11308 11319 11318)
4(11318 11319 332 331)
4(11220 11221 11232 11231)
4(11231 11232 11243 11242)
4(11242 11243 11254 11253)
4(11253 11254 11265 11264)
4(11264 11265 11276 11275)
4(11275 11276 11287 11286)
4(11286 11287 11298 11297)
4(11297 11298 11309 11308)
4(11308 11309 11320 11319)
4(11319 11320 333 332)
4(11221 11222 11233 11232)
4(11232 11233 11244 11243)
4(11243 11244 11255 11254)
4(11254 11255 11266 11265)
4(11265 11266 11277 11276)
4(11276 11277 11288 11287)
4(11287 11288 11299 11298)
4(11298 11299 11310 11309)
4(11309 11310 11321 11320)
4(11320 11321 334 333)
4(11222 11223 11234 11233)
4(11233 11234 11245 11244)
4(11244 11245 11256 11255)
4(11255 11256 11267 11266)
4(11266 11267 11278 11277)
4(11277 11278 11289 11288)
4(11288 11289 11300 11299)
4(11299 11300 11311 11310)
4(11310 11311 11322 11321)
4(11321 11322 335 334)
4(11223 11224 11235 11234)
4(11234 11235 11246 11245)
4(11245 11246 11257 11256)
4(11256 11257 11268 11267)
4(11267 11268 11279 11278)
4(11278 11279 11290 11289)
4(11289 11290 11301 11300)
4(11300 11301 11312 11311)
4(11311 11312 11323 11322)
4(11322 11323 336 335)
4(11224 11225 11236 11235)
4(11235 11236 11247 11246)
4(11246 11247 11258 11257)
4(11257 11258 11269 11268)
4(11268 11269 11280 11279)
4(11279 11280 11291 11290)
4(11290 11291 11302 11301)
4(11301 11302 11313 11312)
4(11312 11313 11324 11323)
4(11323 11324 337 336)
4(11225 11226 11237 11236)
4(11236 11237 11248 11247)
4(11247 11248 11259 11258)
4(11258 11259 11270 11269)
4(11269 11270 11281 11280)
4(11280 11281 11292 11291)
4(11291 11292 11303 11302)
4(11302 11303 11314 11313)
4(11313 11314 11325 11324)
4(11324 11325 338 337)
4(11226 11227 11238 11237)
4(11237 11238 11249 11248)
4(11248 11249 11260 11259)
4(11259 11260 11271 11270)
4(11270 11271 11282 11281)
4(11281 11282 11293 11292)
4(11292 11293 11304 11303)
4(11303 11304 11315 11314)
4(11314 11315 11326 11325)
4(11325 11326 339 338)
4(11227 11228 11239 11238)
4(11238 11239 11250 11249)
4(11249 11250 11261 11260)
4(11260 11261 11272 11271)
4(11271 11272 11283 11282)
4(11282 11283 11294 11293)
4(11293 11294 11305 11304)
4(11304 11305 11316 11315)
4(11315 11316 11327 11326)
4(11326 11327 340 339)
4(12978 12979 12990 12989)
4(12989 12990 13001 13000)
4(13000 13001 13012 13011)
4(13011 13012 13023 13022)
4(13022 13023 13034 13033)
4(13033 13034 13045 13044)
4(13044 13045 13056 13055)
4(13055 13056 13067 13066)
4(13066 13067 13078 13077)
4(13077 13078 844 542)
4(12979 12980 12991 12990)
4(12990 12991 13002 13001)
4(13001 13002 13013 13012)
4(13012 13013 13024 13023)
4(13023 13024 13035 13034)
4(13034 13035 13046 13045)
4(13045 13046 13057 13056)
4(13056 13057 13068 13067)
4(13067 13068 13079 13078)
4(13078 13079 845 844)
4(12980 12981 12992 12991)
4(12991 12992 13003 13002)
4(13002 13003 13014 13013)
4(13013 13014 13025 13024)
4(13024 13025 13036 13035)
4(13035 13036 13047 13046)
4(13046 13047 13058 13057)
4(13057 13058 13069 13068)
4(13068 13069 13080 13079)
4(13079 13080 846 845)
4(12981 12982 12993 12992)
4(12992 12993 13004 13003)
4(13003 13004 13015 13014)
4(13014 13015 13026 13025)
4(13025 13026 13037 13036)
4(13036 13037 13048 13047)
4(13047 13048 13059 13058)
4(13058 13059 13070 13069)
4(13069 13070 13081 13080)
4(13080 13081 847 846)
4(12982 12983 12994 12993)
4(12993 12994 13005 13004)
4(13004 13005 13016 13015)
4(13015 13016 13027 13026)
4(13026 13027 13038 13037)
4(13037 13038 13049 13048)
4(13048 13049 13060 13059)
4(13059 13060 13071 13070)
4(13070 13071 13082 13081)
4(13081 13082 848 847)
4(12983 12984 12995 12994)
4(12994 12995 13006 13005)
4(13005 13006 13017 13016)
4(13016 13017 13028 13027)
4(13027 13028 13039 13038)
4(13038 13039 13050 13049)
4(13049 13050 13061 13060)
4(13060 13061 13072 13071)
4(13071 13072 13083 13082)
4(13082 13083 849 848)
4(12984 12985 12996 12995)
4(12995 12996 13007 13006)
4(13006 13007 13018 13017)
4(13017 13018 13029 13028)
4(13028 13029 13040 13039)
4(13039 13040 13051 13050)
4(13050 13051 13062 13061)
4(13061 13062 13073 13072)
4(13072 13073 13084 13083)
4(13083 13084 850 849)
4(12985 12986 12997 12996)
4(12996 12997 13008 13007)
4(13007 13008 13019 13018)
4(13018 13019 13030 13029)
4(13029 13030 13041 13040)
4(13040 13041 13052 13051)
4(13051 13052 13063 13062)
4(13062 13063 13074 13073)
4(13073 13074 13085 13084)
4(13084 13085 851 850)
4(12986 12987 12998 12997)
4(12997 12998 13009 13008)
4(13008 13009 13020 13019)
4(13019 13020 13031 13030)
4(13030 13031 13042 13041)
4(13041 13042 13053 13052)
4(13052 13053 13064 13063)
4(13063 13064 13075 13074)
4(13074 13075 13086 13085)
4(13085 13086 852 851)
4(12987 12988 12999 12998)
4(12998 12999 13010 13009)
4(13009 13010 13021 13020)
4(13020 13021 13032 13031)
4(13031 13032 13043 13042)
4(13042 13043 13054 13053)
4(13053 13054 13065 13064)
4(13064 13065 13076 13075)
4(13075 13076 13087 13086)
4(13086 13087 853 852)
4(330 331 342 341)
4(331 332 343 342)
4(332 333 344 343)
4(333 334 345 344)
4(334 335 346 345)
4(335 336 347 346)
4(336 337 348 347)
4(337 338 349 348)
4(338 339 350 349)
4(339 340 351 350)
4(542 844 854 543)
4(844 845 855 854)
4(845 846 856 855)
4(846 847 857 856)
4(847 848 858 857)
4(848 849 859 858)
4(849 850 860 859)
4(850 851 861 860)
4(851 852 862 861)
4(852 853 863 862)
4(341 342 2020 2019)
4(2019 2020 2031 2030)
4(2030 2031 2042 2041)
4(2041 2042 2053 2052)
4(2052 2053 2064 2063)
4(2063 2064 2075 2074)
4(2074 2075 2086 2085)
4(342 343 2021 2020)
4(2020 2021 2032 2031)
4(2031 2032 2043 2042)
4(2042 2043 2054 2053)
4(2053 2054 2065 2064)
4(2064 2065 2076 2075)
4(2075 2076 2087 2086)
4(343 344 2022 2021)
4(2021 2022 2033 2032)
4(2032 2033 2044 2043)
4(2043 2044 2055 2054)
4(2054 2055 2066 2065)
4(2065 2066 2077 2076)
4(2076 2077 2088 2087)
4(344 345 2023 2022)
4(2022 2023 2034 2033)
4(2033 2034 2045 2044)
4(2044 2045 2056 2055)
4(2055 2056 2067 2066)
4(2066 2067 2078 2077)
4(2077 2078 2089 2088)
4(345 346 2024 2023)
4(2023 2024 2035 2034)
4(2034 2035 2046 2045)
4(2045 2046 2057 2056)
4(2056 2057 2068 2067)
4(2067 2068 2079 2078)
4(2078 2079 2090 2089)
4(346 347 2025 2024)
4(2024 2025 2036 2035)
4(2035 2036 2047 2046)
4(2046 2047 2058 2057)
4(2057 2058 2069 2068)
4(2068 2069 2080 2079)
4(2079 2080 2091 2090)
4(347 348 2026 2025)
4(2025 2026 2037 2036)
4(2036 2037 2048 2047)
4(2047 2048 2059 2058)
4(2058 2059 2070 2069)
4(2069 2070 2081 2080)
4(2080 2081 2092 2091)
4(348 349 2027 2026)
4(2026 2027 2038 2037)
4(2037 2038 2049 2048)
4(2048 2049 2060 2059)
4(2059 2060 2071 2070)
4(2070 2071 2082 2081)
4(2081 2082 2093 2092)
4(349 350 2028 2027)
4(2027 2028 2039 2038)
4(2038 2039 2050 2049)
4(2049 2050 2061 2060)
4(2060 2061 2072 2071)
4(2071 2072 2083 2082)
4(2082 2083 2094 2093)
4(350 351 2029 2028)
4(2028 2029 2040 2039)
4(2039 2040 2051 2050)
4(2050 2051 2062 2061)
4(2061 2062 2073 2072)
4(2072 2073 2084 2083)
4(2083 2084 2095 2094)
4(367 428 2628 2201)
4(2201 2628 2632 2202)
4(2202 2632 2636 2203)
4(2203 2636 2640 2204)
4(2204 2640 2644 2205)
4(2205 2644 2648 2206)
4(2206 2648 2652 2207)
4(428 429 2629 2628)
4(2628 2629 2633 2632)
4(2632 2633 2637 2636)
4(2636 2637 2641 2640)
4(2640 2641 2645 2644)
4(2644 2645 2649 2648)
4(2648 2649 2653 2652)
4(429 430 2630 2629)
4(2629 2630 2634 2633)
4(2633 2634 2638 2637)
4(2637 2638 2642 2641)
4(2641 2642 2646 2645)
4(2645 2646 2650 2649)
4(2649 2650 2654 2653)
4(430 431 2631 2630)
4(2630 2631 2635 2634)
4(2634 2635 2639 2638)
4(2638 2639 2643 2642)
4(2642 2643 2647 2646)
4(2646 2647 2651 2650)
4(2650 2651 2655 2654)
4(447 508 3188 2761)
4(2761 3188 3192 2762)
4(2762 3192 3196 2763)
4(2763 3196 3200 2764)
4(2764 3200 3204 2765)
4(2765 3204 3208 2766)
4(2766 3208 3212 2767)
4(508 509 3189 3188)
4(3188 3189 3193 3192)
4(3192 3193 3197 3196)
4(3196 3197 3201 3200)
4(3200 3201 3205 3204)
4(3204 3205 3209 3208)
4(3208 3209 3213 3212)
4(509 510 3190 3189)
4(3189 3190 3194 3193)
4(3193 3194 3198 3197)
4(3197 3198 3202 3201)
4(3201 3202 3206 3205)
4(3205 3206 3210 3209)
4(3209 3210 3214 3213)
4(510 511 3191 3190)
4(3190 3191 3195 3194)
4(3194 3195 3199 3198)
4(3198 3199 3203 3202)
4(3202 3203 3207 3206)
4(3206 3207 3211 3210)
4(3210 3211 3215 3214)
4(543 854 4378 3321)
4(3321 4378 4388 3322)
4(3322 4388 4398 3323)
4(3323 4398 4408 3324)
4(3324 4408 4418 3325)
4(3325 4418 4428 3326)
4(3326 4428 4438 3327)
4(854 855 4379 4378)
4(4378 4379 4389 4388)
4(4388 4389 4399 4398)
4(4398 4399 4409 4408)
4(4408 4409 4419 4418)
4(4418 4419 4429 4428)
4(4428 4429 4439 4438)
4(855 856 4380 4379)
4(4379 4380 4390 4389)
4(4389 4390 4400 4399)
4(4399 4400 4410 4409)
4(4409 4410 4420 4419)
4(4419 4420 4430 4429)
4(4429 4430 4440 4439)
4(856 857 4381 4380)
4(4380 4381 4391 4390)
4(4390 4391 4401 4400)
4(4400 4401 4411 4410)
4(4410 4411 4421 4420)
4(4420 4421 4431 4430)
4(4430 4431 4441 4440)
4(857 858 4382 4381)
4(4381 4382 4392 4391)
4(4391 4392 4402 4401)
4(4401 4402 4412 4411)
4(4411 4412 4422 4421)
4(4421 4422 4432 4431)
4(4431 4432 4442 4441)
4(858 859 4383 4382)
4(4382 4383 4393 4392)
4(4392 4393 4403 4402)
4(4402 4403 4413 4412)
4(4412 4413 4423 4422)
4(4422 4423 4433 4432)
4(4432 4433 4443 4442)
4(859 860 4384 4383)
4(4383 4384 4394 4393)
4(4393 4394 4404 4403)
4(4403 4404 4414 4413)
4(4413 4414 4424 4423)
4(4423 4424 4434 4433)
4(4433 4434 4444 4443)
4(860 861 4385 4384)
4(4384 4385 4395 4394)
4(4394 4395 4405 4404)
4(4404 4405 4415 4414)
4(4414 4415 4425 4424)
4(4424 4425 4435 4434)
4(4434 4435 4445 4444)
4(861 862 4386 4385)
4(4385 4386 4396 4395)
4(4395 4396 4406 4405)
4(4405 4406 4416 4415)
4(4415 4416 4426 4425)
4(4425 4426 4436 4435)
4(4435 4436 4446 4445)
4(862 863 4387 4386)
4(4386 4387 4397 4396)
4(4396 4397 4407 4406)
4(4406 4407 4417 4416)
4(4416 4417 4427 4426)
4(4426 4427 4437 4436)
4(4436 4437 4447 4446)
4(2085 2086 6099 6098)
4(6098 6099 6110 6109)
4(6109 6110 6121 6120)
4(6120 6121 6132 6131)
4(6131 6132 6143 6142)
4(6142 6143 6154 6153)
4(6153 6154 6165 6164)
4(6164 6165 6176 6175)
4(6175 6176 6187 6186)
4(6186 6187 6198 6197)
4(2086 2087 6100 6099)
4(6099 6100 6111 6110)
4(6110 6111 6122 6121)
4(6121 6122 6133 6132)
4(6132 6133 6144 6143)
4(6143 6144 6155 6154)
4(6154 6155 6166 6165)
4(6165 6166 6177 6176)
4(6176 6177 6188 6187)
4(6187 6188 6199 6198)
4(2087 2088 6101 6100)
4(6100 6101 6112 6111)
4(6111 6112 6123 6122)
4(6122 6123 6134 6133)
4(6133 6134 6145 6144)
4(6144 6145 6156 6155)
4(6155 6156 6167 6166)
4(6166 6167 6178 6177)
4(6177 6178 6189 6188)
4(6188 6189 6200 6199)
4(2088 2089 6102 6101)
4(6101 6102 6113 6112)
4(6112 6113 6124 6123)
4(6123 6124 6135 6134)
4(6134 6135 6146 6145)
4(6145 6146 6157 6156)
4(6156 6157 6168 6167)
4(6167 6168 6179 6178)
4(6178 6179 6190 6189)
4(6189 6190 6201 6200)
4(2089 2090 6103 6102)
4(6102 6103 6114 6113)
4(6113 6114 6125 6124)
4(6124 6125 6136 6135)
4(6135 6136 6147 6146)
4(6146 6147 6158 6157)
4(6157 6158 6169 6168)
4(6168 6169 6180 6179)
4(6179 6180 6191 6190)
4(6190 6191 6202 6201)
4(2090 2091 6104 6103)
4(6103 6104 6115 6114)
4(6114 6115 6126 6125)
4(6125 6126 6137 6136)
4(6136 6137 6148 6147)
4(6147 6148 6159 6158)
4(6158 6159 6170 6169)
4(6169 6170 6181 6180)
4(6180 6181 6192 6191)
4(6191 6192 6203 6202)
4(2091 2092 6105 6104)
4(6104 6105 6116 6115)
4(6115 6116 6127 6126)
4(6126 6127 6138 6137)
4(6137 6138 6149 6148)
4(6148 6149 6160 6159)
4(6159 6160 6171 6170)
4(6170 6171 6182 6181)
4(6181 6182 6193 6192)
4(6192 6193 6204 6203)
4(2092 2093 6106 6105)
4(6105 6106 6117 6116)
4(6116 6117 6128 6127)
4(6127 6128 6139 6138)
4(6138 6139 6150 6149)
4(6149 6150 6161 6160)
4(6160 6161 6172 6171)
4(6171 6172 6183 6182)
4(6182 6183 6194 6193)
4(6193 6194 6205 6204)
4(2093 2094 6107 6106)
4(6106 6107 6118 6117)
4(6117 6118 6129 6128)
4(6128 6129 6140 6139)
4(6139 6140 6151 6150)
4(6150 6151 6162 6161)
4(6161 6162 6173 6172)
4(6172 6173 6184 6183)
4(6183 6184 6195 6194)
4(6194 6195 6206 6205)
4(2094 2095 6108 6107)
4(6107 6108 6119 6118)
4(6118 6119 6130 6129)
4(6129 6130 6141 6140)
4(6140 6141 6152 6151)
4(6151 6152 6163 6162)
4(6162 6163 6174 6173)
4(6173 6174 6185 6184)
4(6184 6185 6196 6195)
4(6195 6196 6207 6206)
4(2095 2207 6358 6108)
4(6108 6358 6359 6119)
4(6119 6359 6360 6130)
4(6130 6360 6361 6141)
4(6141 6361 6362 6152)
4(6152 6362 6363 6163)
4(6163 6363 6364 6174)
4(6174 6364 6365 6185)
4(6185 6365 6366 6196)
4(6196 6366 6367 6207)
4(2207 2652 6968 6358)
4(6358 6968 6972 6359)
4(6359 6972 6976 6360)
4(6360 6976 6980 6361)
4(6361 6980 6984 6362)
4(6362 6984 6988 6363)
4(6363 6988 6992 6364)
4(6364 6992 6996 6365)
4(6365 6996 7000 6366)
4(6366 7000 7004 6367)
4(2652 2653 6969 6968)
4(6968 6969 6973 6972)
4(6972 6973 6977 6976)
4(6976 6977 6981 6980)
4(6980 6981 6985 6984)
4(6984 6985 6989 6988)
4(6988 6989 6993 6992)
4(6992 6993 6997 6996)
4(6996 6997 7001 7000)
4(7000 7001 7005 7004)
4(2653 2654 6970 6969)
4(6969 6970 6974 6973)
4(6973 6974 6978 6977)
4(6977 6978 6982 6981)
4(6981 6982 6986 6985)
4(6985 6986 6990 6989)
4(6989 6990 6994 6993)
4(6993 6994 6998 6997)
4(6997 6998 7002 7001)
4(7001 7002 7006 7005)
4(2654 2655 6971 6970)
4(6970 6971 6975 6974)
4(6974 6975 6979 6978)
4(6978 6979 6983 6982)
4(6982 6983 6987 6986)
4(6986 6987 6991 6990)
4(6990 6991 6995 6994)
4(6994 6995 6999 6998)
4(6998 6999 7003 7002)
4(7002 7003 7007 7006)
4(2655 2767 7158 6971)
4(6971 7158 7159 6975)
4(6975 7159 7160 6979)
4(6979 7160 7161 6983)
4(6983 7161 7162 6987)
4(6987 7162 7163 6991)
4(6991 7163 7164 6995)
4(6995 7164 7165 6999)
4(6999 7165 7166 7003)
4(7003 7166 7167 7007)
4(2767 3212 7768 7158)
4(7158 7768 7772 7159)
4(7159 7772 7776 7160)
4(7160 7776 7780 7161)
4(7161 7780 7784 7162)
4(7162 7784 7788 7163)
4(7163 7788 7792 7164)
4(7164 7792 7796 7165)
4(7165 7796 7800 7166)
4(7166 7800 7804 7167)
4(3212 3213 7769 7768)
4(7768 7769 7773 7772)
4(7772 7773 7777 7776)
4(7776 7777 7781 7780)
4(7780 7781 7785 7784)
4(7784 7785 7789 7788)
4(7788 7789 7793 7792)
4(7792 7793 7797 7796)
4(7796 7797 7801 7800)
4(7800 7801 7805 7804)
4(3213 3214 7770 7769)
4(7769 7770 7774 7773)
4(7773 7774 7778 7777)
4(7777 7778 7782 7781)
4(7781 7782 7786 7785)
4(7785 7786 7790 7789)
4(7789 7790 7794 7793)
4(7793 7794 7798 7797)
4(7797 7798 7802 7801)
4(7801 7802 7806 7805)
4(3214 3215 7771 7770)
4(7770 7771 7775 7774)
4(7774 7775 7779 7778)
4(7778 7779 7783 7782)
4(7782 7783 7787 7786)
4(7786 7787 7791 7790)
4(7790 7791 7795 7794)
4(7794 7795 7799 7798)
4(7798 7799 7803 7802)
4(7802 7803 7807 7806)
4(3215 3327 7958 7771)
4(7771 7958 7959 7775)
4(7775 7959 7960 7779)
4(7779 7960 7961 7783)
4(7783 7961 7962 7787)
4(7787 7962 7963 7791)
4(7791 7963 7964 7795)
4(7795 7964 7965 7799)
4(7799 7965 7966 7803)
4(7803 7966 7967 7807)
4(3327 4438 9468 7958)
4(7958 9468 9478 7959)
4(7959 9478 9488 7960)
4(7960 9488 9498 7961)
4(7961 9498 9508 7962)
4(7962 9508 9518 7963)
4(7963 9518 9528 7964)
4(7964 9528 9538 7965)
4(7965 9538 9548 7966)
4(7966 9548 9558 7967)
4(4438 4439 9469 9468)
4(9468 9469 9479 9478)
4(9478 9479 9489 9488)
4(9488 9489 9499 9498)
4(9498 9499 9509 9508)
4(9508 9509 9519 9518)
4(9518 9519 9529 9528)
4(9528 9529 9539 9538)
4(9538 9539 9549 9548)
4(9548 9549 9559 9558)
4(4439 4440 9470 9469)
4(9469 9470 9480 9479)
4(9479 9480 9490 9489)
4(9489 9490 9500 9499)
4(9499 9500 9510 9509)
4(9509 9510 9520 9519)
4(9519 9520 9530 9529)
4(9529 9530 9540 9539)
4(9539 9540 9550 9549)
4(9549 9550 9560 9559)
4(4440 4441 9471 9470)
4(9470 9471 9481 9480)
4(9480 9481 9491 9490)
4(9490 9491 9501 9500)
4(9500 9501 9511 9510)
4(9510 9511 9521 9520)
4(9520 9521 9531 9530)
4(9530 9531 9541 9540)
4(9540 9541 9551 9550)
4(9550 9551 9561 9560)
4(4441 4442 9472 9471)
4(9471 9472 9482 9481)
4(9481 9482 9492 9491)
4(9491 9492 9502 9501)
4(9501 9502 9512 9511)
4(9511 9512 9522 9521)
4(9521 9522 9532 9531)
4(9531 9532 9542 9541)
4(9541 9542 9552 9551)
4(9551 9552 9562 9561)
4(4442 4443 9473 9472)
4(9472 9473 9483 9482)
4(9482 9483 9493 9492)
4(9492 9493 9503 9502)
4(9502 9503 9513 9512)
4(9512 9513 9523 9522)
4(9522 9523 9533 9532)
4(9532 9533 9543 9542)
4(9542 9543 9553 9552)
4(9552 9553 9563 9562)
4(4443 4444 9474 9473)
4(9473 9474 9484 9483)
4(9483 9484 9494 9493)
4(9493 9494 9504 9503)
4(9503 9504 9514 9513)
4(9513 9514 9524 9523)
4(9523 9524 9534 9533)
4(9533 9534 9544 9543)
4(9543 9544 9554 9553)
4(9553 9554 9564 9563)
4(4444 4445 9475 9474)
4(9474 9475 9485 9484)
4(9484 9485 9495 9494)
4(9494 9495 9505 9504)
4(9504 9505 9515 9514)
4(9514 9515 9525 9524)
4(9524 9525 9535 9534)
4(9534 9535 9545 9544)
4(9544 9545 9555 9554)
4(9554 9555 9565 9564)
4(4445 4446 9476 9475)
4(9475 9476 9486 9485)
4(9485 9486 9496 9495)
4(9495 9496 9506 9505)
4(9505 9506 9516 9515)
4(9515 9516 9526 9525)
4(9525 9526 9536 9535)
4(9535 9536 9546 9545)
4(9545 9546 9556 9555)
4(9555 9556 9566 9565)
4(4446 4447 9477 9476)
4(9476 9477 9487 9486)
4(9486 9487 9497 9496)
4(9496 9497 9507 9506)
4(9506 9507 9517 9516)
4(9516 9517 9527 9526)
4(9526 9527 9537 9536)
4(9536 9537 9547 9546)
4(9546 9547 9557 9556)
4(9556 9557 9567 9566)
4(10 21 43 32)
4(32 43 65 54)
4(54 65 87 76)
4(76 87 109 98)
4(98 109 131 120)
4(120 131 153 142)
4(142 153 175 164)
4(164 175 197 186)
4(186 197 219 208)
4(208 219 241 230)
4(230 241 263 252)
4(252 263 285 274)
4(274 285 307 296)
4(296 307 329 318)
4(318 329 351 340)
4(352 368 372 353)
4(368 369 373 372)
4(369 370 374 373)
4(370 371 375 374)
4(353 372 376 354)
4(372 373 377 376)
4(373 374 378 377)
4(374 375 379 378)
4(354 376 380 355)
4(376 377 381 380)
4(377 378 382 381)
4(378 379 383 382)
4(355 380 384 356)
4(380 381 385 384)
4(381 382 386 385)
4(382 383 387 386)
4(356 384 388 357)
4(384 385 389 388)
4(385 386 390 389)
4(386 387 391 390)
4(357 388 392 358)
4(388 389 393 392)
4(389 390 394 393)
4(390 391 395 394)
4(358 392 396 359)
4(392 393 397 396)
4(393 394 398 397)
4(394 395 399 398)
4(359 396 400 360)
4(396 397 401 400)
4(397 398 402 401)
4(398 399 403 402)
4(360 400 404 361)
4(400 401 405 404)
4(401 402 406 405)
4(402 403 407 406)
4(361 404 408 362)
4(404 405 409 408)
4(405 406 410 409)
4(406 407 411 410)
4(362 408 412 363)
4(408 409 413 412)
4(409 410 414 413)
4(410 411 415 414)
4(363 412 416 364)
4(412 413 417 416)
4(413 414 418 417)
4(414 415 419 418)
4(364 416 420 365)
4(416 417 421 420)
4(417 418 422 421)
4(418 419 423 422)
4(365 420 424 366)
4(420 421 425 424)
4(421 422 426 425)
4(422 423 427 426)
4(366 424 428 367)
4(424 425 429 428)
4(425 426 430 429)
4(426 427 431 430)
4(432 448 452 433)
4(448 449 453 452)
4(449 450 454 453)
4(450 451 455 454)
4(433 452 456 434)
4(452 453 457 456)
4(453 454 458 457)
4(454 455 459 458)
4(434 456 460 435)
4(456 457 461 460)
4(457 458 462 461)
4(458 459 463 462)
4(435 460 464 436)
4(460 461 465 464)
4(461 462 466 465)
4(462 463 467 466)
4(436 464 468 437)
4(464 465 469 468)
4(465 466 470 469)
4(466 467 471 470)
4(437 468 472 438)
4(468 469 473 472)
4(469 470 474 473)
4(470 471 475 474)
4(438 472 476 439)
4(472 473 477 476)
4(473 474 478 477)
4(474 475 479 478)
4(439 476 480 440)
4(476 477 481 480)
4(477 478 482 481)
4(478 479 483 482)
4(440 480 484 441)
4(480 481 485 484)
4(481 482 486 485)
4(482 483 487 486)
4(441 484 488 442)
4(484 485 489 488)
4(485 486 490 489)
4(486 487 491 490)
4(442 488 492 443)
4(488 489 493 492)
4(489 490 494 493)
4(490 491 495 494)
4(443 492 496 444)
4(492 493 497 496)
4(493 494 498 497)
4(494 495 499 498)
4(444 496 500 445)
4(496 497 501 500)
4(497 498 502 501)
4(498 499 503 502)
4(445 500 504 446)
4(500 501 505 504)
4(501 502 506 505)
4(502 503 507 506)
4(446 504 508 447)
4(504 505 509 508)
4(505 506 510 509)
4(506 507 511 510)
4(512 514 515 513)
4(514 516 517 515)
4(516 518 519 517)
4(518 520 521 519)
4(520 522 523 521)
4(522 524 525 523)
4(524 526 527 525)
4(526 528 529 527)
4(528 530 531 529)
4(530 532 533 531)
4(532 534 535 533)
4(534 536 537 535)
4(536 538 539 537)
4(538 540 541 539)
4(540 542 543 541)
4(21 874 951 43)
4(874 885 962 951)
4(885 896 973 962)
4(896 907 984 973)
4(907 918 995 984)
4(918 929 1006 995)
4(929 940 1017 1006)
4(43 951 1028 65)
4(951 962 1039 1028)
4(962 973 1050 1039)
4(973 984 1061 1050)
4(984 995 1072 1061)
4(995 1006 1083 1072)
4(1006 1017 1094 1083)
4(65 1028 1105 87)
4(1028 1039 1116 1105)
4(1039 1050 1127 1116)
4(1050 1061 1138 1127)
4(1061 1072 1149 1138)
4(1072 1083 1160 1149)
4(1083 1094 1171 1160)
4(87 1105 1182 109)
4(1105 1116 1193 1182)
4(1116 1127 1204 1193)
4(1127 1138 1215 1204)
4(1138 1149 1226 1215)
4(1149 1160 1237 1226)
4(1160 1171 1248 1237)
4(109 1182 1259 131)
4(1182 1193 1270 1259)
4(1193 1204 1281 1270)
4(1204 1215 1292 1281)
4(1215 1226 1303 1292)
4(1226 1237 1314 1303)
4(1237 1248 1325 1314)
4(131 1259 1336 153)
4(1259 1270 1347 1336)
4(1270 1281 1358 1347)
4(1281 1292 1369 1358)
4(1292 1303 1380 1369)
4(1303 1314 1391 1380)
4(1314 1325 1402 1391)
4(153 1336 1413 175)
4(1336 1347 1424 1413)
4(1347 1358 1435 1424)
4(1358 1369 1446 1435)
4(1369 1380 1457 1446)
4(1380 1391 1468 1457)
4(1391 1402 1479 1468)
4(175 1413 1490 197)
4(1413 1424 1501 1490)
4(1424 1435 1512 1501)
4(1435 1446 1523 1512)
4(1446 1457 1534 1523)
4(1457 1468 1545 1534)
4(1468 1479 1556 1545)
4(197 1490 1567 219)
4(1490 1501 1578 1567)
4(1501 1512 1589 1578)
4(1512 1523 1600 1589)
4(1523 1534 1611 1600)
4(1534 1545 1622 1611)
4(1545 1556 1633 1622)
4(219 1567 1644 241)
4(1567 1578 1655 1644)
4(1578 1589 1666 1655)
4(1589 1600 1677 1666)
4(1600 1611 1688 1677)
4(1611 1622 1699 1688)
4(1622 1633 1710 1699)
4(241 1644 1721 263)
4(1644 1655 1732 1721)
4(1655 1666 1743 1732)
4(1666 1677 1754 1743)
4(1677 1688 1765 1754)
4(1688 1699 1776 1765)
4(1699 1710 1787 1776)
4(263 1721 1798 285)
4(1721 1732 1809 1798)
4(1732 1743 1820 1809)
4(1743 1754 1831 1820)
4(1754 1765 1842 1831)
4(1765 1776 1853 1842)
4(1776 1787 1864 1853)
4(285 1798 1875 307)
4(1798 1809 1886 1875)
4(1809 1820 1897 1886)
4(1820 1831 1908 1897)
4(1831 1842 1919 1908)
4(1842 1853 1930 1919)
4(1853 1864 1941 1930)
4(307 1875 1952 329)
4(1875 1886 1963 1952)
4(1886 1897 1974 1963)
4(1897 1908 1985 1974)
4(1908 1919 1996 1985)
4(1919 1930 2007 1996)
4(1930 1941 2018 2007)
4(329 1952 2029 351)
4(1952 1963 2040 2029)
4(1963 1974 2051 2040)
4(1974 1985 2062 2051)
4(1985 1996 2073 2062)
4(1996 2007 2084 2073)
4(2007 2018 2095 2084)
4(352 353 2103 2096)
4(2096 2103 2104 2097)
4(2097 2104 2105 2098)
4(2098 2105 2106 2099)
4(2099 2106 2107 2100)
4(2100 2107 2108 2101)
4(2101 2108 2109 2102)
4(940 2102 2109 1017)
4(353 354 2110 2103)
4(2103 2110 2111 2104)
4(2104 2111 2112 2105)
4(2105 2112 2113 2106)
4(2106 2113 2114 2107)
4(2107 2114 2115 2108)
4(2108 2115 2116 2109)
4(1017 2109 2116 1094)
4(354 355 2117 2110)
4(2110 2117 2118 2111)
4(2111 2118 2119 2112)
4(2112 2119 2120 2113)
4(2113 2120 2121 2114)
4(2114 2121 2122 2115)
4(2115 2122 2123 2116)
4(1094 2116 2123 1171)
4(355 356 2124 2117)
4(2117 2124 2125 2118)
4(2118 2125 2126 2119)
4(2119 2126 2127 2120)
4(2120 2127 2128 2121)
4(2121 2128 2129 2122)
4(2122 2129 2130 2123)
4(1171 2123 2130 1248)
4(356 357 2131 2124)
4(2124 2131 2132 2125)
4(2125 2132 2133 2126)
4(2126 2133 2134 2127)
4(2127 2134 2135 2128)
4(2128 2135 2136 2129)
4(2129 2136 2137 2130)
4(1248 2130 2137 1325)
4(357 358 2138 2131)
4(2131 2138 2139 2132)
4(2132 2139 2140 2133)
4(2133 2140 2141 2134)
4(2134 2141 2142 2135)
4(2135 2142 2143 2136)
4(2136 2143 2144 2137)
4(1325 2137 2144 1402)
4(358 359 2145 2138)
4(2138 2145 2146 2139)
4(2139 2146 2147 2140)
4(2140 2147 2148 2141)
4(2141 2148 2149 2142)
4(2142 2149 2150 2143)
4(2143 2150 2151 2144)
4(1402 2144 2151 1479)
4(359 360 2152 2145)
4(2145 2152 2153 2146)
4(2146 2153 2154 2147)
4(2147 2154 2155 2148)
4(2148 2155 2156 2149)
4(2149 2156 2157 2150)
4(2150 2157 2158 2151)
4(1479 2151 2158 1556)
4(360 361 2159 2152)
4(2152 2159 2160 2153)
4(2153 2160 2161 2154)
4(2154 2161 2162 2155)
4(2155 2162 2163 2156)
4(2156 2163 2164 2157)
4(2157 2164 2165 2158)
4(1556 2158 2165 1633)
4(361 362 2166 2159)
4(2159 2166 2167 2160)
4(2160 2167 2168 2161)
4(2161 2168 2169 2162)
4(2162 2169 2170 2163)
4(2163 2170 2171 2164)
4(2164 2171 2172 2165)
4(1633 2165 2172 1710)
4(362 363 2173 2166)
4(2166 2173 2174 2167)
4(2167 2174 2175 2168)
4(2168 2175 2176 2169)
4(2169 2176 2177 2170)
4(2170 2177 2178 2171)
4(2171 2178 2179 2172)
4(1710 2172 2179 1787)
4(363 364 2180 2173)
4(2173 2180 2181 2174)
4(2174 2181 2182 2175)
4(2175 2182 2183 2176)
4(2176 2183 2184 2177)
4(2177 2184 2185 2178)
4(2178 2185 2186 2179)
4(1787 2179 2186 1864)
4(364 365 2187 2180)
4(2180 2187 2188 2181)
4(2181 2188 2189 2182)
4(2182 2189 2190 2183)
4(2183 2190 2191 2184)
4(2184 2191 2192 2185)
4(2185 2192 2193 2186)
4(1864 2186 2193 1941)
4(365 366 2194 2187)
4(2187 2194 2195 2188)
4(2188 2195 2196 2189)
4(2189 2196 2197 2190)
4(2190 2197 2198 2191)
4(2191 2198 2199 2192)
4(2192 2199 2200 2193)
4(1941 2193 2200 2018)
4(366 367 2201 2194)
4(2194 2201 2202 2195)
4(2195 2202 2203 2196)
4(2196 2203 2204 2197)
4(2197 2204 2205 2198)
4(2198 2205 2206 2199)
4(2199 2206 2207 2200)
4(2018 2200 2207 2095)
4(371 2211 2239 375)
4(2211 2215 2243 2239)
4(2215 2219 2247 2243)
4(2219 2223 2251 2247)
4(2223 2227 2255 2251)
4(2227 2231 2259 2255)
4(2231 2235 2263 2259)
4(375 2239 2267 379)
4(2239 2243 2271 2267)
4(2243 2247 2275 2271)
4(2247 2251 2279 2275)
4(2251 2255 2283 2279)
4(2255 2259 2287 2283)
4(2259 2263 2291 2287)
4(379 2267 2295 383)
4(2267 2271 2299 2295)
4(2271 2275 2303 2299)
4(2275 2279 2307 2303)
4(2279 2283 2311 2307)
4(2283 2287 2315 2311)
4(2287 2291 2319 2315)
4(383 2295 2323 387)
4(2295 2299 2327 2323)
4(2299 2303 2331 2327)
4(2303 2307 2335 2331)
4(2307 2311 2339 2335)
4(2311 2315 2343 2339)
4(2315 2319 2347 2343)
4(387 2323 2351 391)
4(2323 2327 2355 2351)
4(2327 2331 2359 2355)
4(2331 2335 2363 2359)
4(2335 2339 2367 2363)
4(2339 2343 2371 2367)
4(2343 2347 2375 2371)
4(391 2351 2379 395)
4(2351 2355 2383 2379)
4(2355 2359 2387 2383)
4(2359 2363 2391 2387)
4(2363 2367 2395 2391)
4(2367 2371 2399 2395)
4(2371 2375 2403 2399)
4(395 2379 2407 399)
4(2379 2383 2411 2407)
4(2383 2387 2415 2411)
4(2387 2391 2419 2415)
4(2391 2395 2423 2419)
4(2395 2399 2427 2423)
4(2399 2403 2431 2427)
4(399 2407 2435 403)
4(2407 2411 2439 2435)
4(2411 2415 2443 2439)
4(2415 2419 2447 2443)
4(2419 2423 2451 2447)
4(2423 2427 2455 2451)
4(2427 2431 2459 2455)
4(403 2435 2463 407)
4(2435 2439 2467 2463)
4(2439 2443 2471 2467)
4(2443 2447 2475 2471)
4(2447 2451 2479 2475)
4(2451 2455 2483 2479)
4(2455 2459 2487 2483)
4(407 2463 2491 411)
4(2463 2467 2495 2491)
4(2467 2471 2499 2495)
4(2471 2475 2503 2499)
4(2475 2479 2507 2503)
4(2479 2483 2511 2507)
4(2483 2487 2515 2511)
4(411 2491 2519 415)
4(2491 2495 2523 2519)
4(2495 2499 2527 2523)
4(2499 2503 2531 2527)
4(2503 2507 2535 2531)
4(2507 2511 2539 2535)
4(2511 2515 2543 2539)
4(415 2519 2547 419)
4(2519 2523 2551 2547)
4(2523 2527 2555 2551)
4(2527 2531 2559 2555)
4(2531 2535 2563 2559)
4(2535 2539 2567 2563)
4(2539 2543 2571 2567)
4(419 2547 2575 423)
4(2547 2551 2579 2575)
4(2551 2555 2583 2579)
4(2555 2559 2587 2583)
4(2559 2563 2591 2587)
4(2563 2567 2595 2591)
4(2567 2571 2599 2595)
4(423 2575 2603 427)
4(2575 2579 2607 2603)
4(2579 2583 2611 2607)
4(2583 2587 2615 2611)
4(2587 2591 2619 2615)
4(2591 2595 2623 2619)
4(2595 2599 2627 2623)
4(427 2603 2631 431)
4(2603 2607 2635 2631)
4(2607 2611 2639 2635)
4(2611 2615 2643 2639)
4(2615 2619 2647 2643)
4(2619 2623 2651 2647)
4(2623 2627 2655 2651)
4(432 433 2663 2656)
4(2656 2663 2664 2657)
4(2657 2664 2665 2658)
4(2658 2665 2666 2659)
4(2659 2666 2667 2660)
4(2660 2667 2668 2661)
4(2661 2668 2669 2662)
4(2235 2662 2669 2263)
4(433 434 2670 2663)
4(2663 2670 2671 2664)
4(2664 2671 2672 2665)
4(2665 2672 2673 2666)
4(2666 2673 2674 2667)
4(2667 2674 2675 2668)
4(2668 2675 2676 2669)
4(2263 2669 2676 2291)
4(434 435 2677 2670)
4(2670 2677 2678 2671)
4(2671 2678 2679 2672)
4(2672 2679 2680 2673)
4(2673 2680 2681 2674)
4(2674 2681 2682 2675)
4(2675 2682 2683 2676)
4(2291 2676 2683 2319)
4(435 436 2684 2677)
4(2677 2684 2685 2678)
4(2678 2685 2686 2679)
4(2679 2686 2687 2680)
4(2680 2687 2688 2681)
4(2681 2688 2689 2682)
4(2682 2689 2690 2683)
4(2319 2683 2690 2347)
4(436 437 2691 2684)
4(2684 2691 2692 2685)
4(2685 2692 2693 2686)
4(2686 2693 2694 2687)
4(2687 2694 2695 2688)
4(2688 2695 2696 2689)
4(2689 2696 2697 2690)
4(2347 2690 2697 2375)
4(437 438 2698 2691)
4(2691 2698 2699 2692)
4(2692 2699 2700 2693)
4(2693 2700 2701 2694)
4(2694 2701 2702 2695)
4(2695 2702 2703 2696)
4(2696 2703 2704 2697)
4(2375 2697 2704 2403)
4(438 439 2705 2698)
4(2698 2705 2706 2699)
4(2699 2706 2707 2700)
4(2700 2707 2708 2701)
4(2701 2708 2709 2702)
4(2702 2709 2710 2703)
4(2703 2710 2711 2704)
4(2403 2704 2711 2431)
4(439 440 2712 2705)
4(2705 2712 2713 2706)
4(2706 2713 2714 2707)
4(2707 2714 2715 2708)
4(2708 2715 2716 2709)
4(2709 2716 2717 2710)
4(2710 2717 2718 2711)
4(2431 2711 2718 2459)
4(440 441 2719 2712)
4(2712 2719 2720 2713)
4(2713 2720 2721 2714)
4(2714 2721 2722 2715)
4(2715 2722 2723 2716)
4(2716 2723 2724 2717)
4(2717 2724 2725 2718)
4(2459 2718 2725 2487)
4(441 442 2726 2719)
4(2719 2726 2727 2720)
4(2720 2727 2728 2721)
4(2721 2728 2729 2722)
4(2722 2729 2730 2723)
4(2723 2730 2731 2724)
4(2724 2731 2732 2725)
4(2487 2725 2732 2515)
4(442 443 2733 2726)
4(2726 2733 2734 2727)
4(2727 2734 2735 2728)
4(2728 2735 2736 2729)
4(2729 2736 2737 2730)
4(2730 2737 2738 2731)
4(2731 2738 2739 2732)
4(2515 2732 2739 2543)
4(443 444 2740 2733)
4(2733 2740 2741 2734)
4(2734 2741 2742 2735)
4(2735 2742 2743 2736)
4(2736 2743 2744 2737)
4(2737 2744 2745 2738)
4(2738 2745 2746 2739)
4(2543 2739 2746 2571)
4(444 445 2747 2740)
4(2740 2747 2748 2741)
4(2741 2748 2749 2742)
4(2742 2749 2750 2743)
4(2743 2750 2751 2744)
4(2744 2751 2752 2745)
4(2745 2752 2753 2746)
4(2571 2746 2753 2599)
4(445 446 2754 2747)
4(2747 2754 2755 2748)
4(2748 2755 2756 2749)
4(2749 2756 2757 2750)
4(2750 2757 2758 2751)
4(2751 2758 2759 2752)
4(2752 2759 2760 2753)
4(2599 2753 2760 2627)
4(446 447 2761 2754)
4(2754 2761 2762 2755)
4(2755 2762 2763 2756)
4(2756 2763 2764 2757)
4(2757 2764 2765 2758)
4(2758 2765 2766 2759)
4(2759 2766 2767 2760)
4(2627 2760 2767 2655)
4(451 2771 2799 455)
4(2771 2775 2803 2799)
4(2775 2779 2807 2803)
4(2779 2783 2811 2807)
4(2783 2787 2815 2811)
4(2787 2791 2819 2815)
4(2791 2795 2823 2819)
4(455 2799 2827 459)
4(2799 2803 2831 2827)
4(2803 2807 2835 2831)
4(2807 2811 2839 2835)
4(2811 2815 2843 2839)
4(2815 2819 2847 2843)
4(2819 2823 2851 2847)
4(459 2827 2855 463)
4(2827 2831 2859 2855)
4(2831 2835 2863 2859)
4(2835 2839 2867 2863)
4(2839 2843 2871 2867)
4(2843 2847 2875 2871)
4(2847 2851 2879 2875)
4(463 2855 2883 467)
4(2855 2859 2887 2883)
4(2859 2863 2891 2887)
4(2863 2867 2895 2891)
4(2867 2871 2899 2895)
4(2871 2875 2903 2899)
4(2875 2879 2907 2903)
4(467 2883 2911 471)
4(2883 2887 2915 2911)
4(2887 2891 2919 2915)
4(2891 2895 2923 2919)
4(2895 2899 2927 2923)
4(2899 2903 2931 2927)
4(2903 2907 2935 2931)
4(471 2911 2939 475)
4(2911 2915 2943 2939)
4(2915 2919 2947 2943)
4(2919 2923 2951 2947)
4(2923 2927 2955 2951)
4(2927 2931 2959 2955)
4(2931 2935 2963 2959)
4(475 2939 2967 479)
4(2939 2943 2971 2967)
4(2943 2947 2975 2971)
4(2947 2951 2979 2975)
4(2951 2955 2983 2979)
4(2955 2959 2987 2983)
4(2959 2963 2991 2987)
4(479 2967 2995 483)
4(2967 2971 2999 2995)
4(2971 2975 3003 2999)
4(2975 2979 3007 3003)
4(2979 2983 3011 3007)
4(2983 2987 3015 3011)
4(2987 2991 3019 3015)
4(483 2995 3023 487)
4(2995 2999 3027 3023)
4(2999 3003 3031 3027)
4(3003 3007 3035 3031)
4(3007 3011 3039 3035)
4(3011 3015 3043 3039)
4(3015 3019 3047 3043)
4(487 3023 3051 491)
4(3023 3027 3055 3051)
4(3027 3031 3059 3055)
4(3031 3035 3063 3059)
4(3035 3039 3067 3063)
4(3039 3043 3071 3067)
4(3043 3047 3075 3071)
4(491 3051 3079 495)
4(3051 3055 3083 3079)
4(3055 3059 3087 3083)
4(3059 3063 3091 3087)
4(3063 3067 3095 3091)
4(3067 3071 3099 3095)
4(3071 3075 3103 3099)
4(495 3079 3107 499)
4(3079 3083 3111 3107)
4(3083 3087 3115 3111)
4(3087 3091 3119 3115)
4(3091 3095 3123 3119)
4(3095 3099 3127 3123)
4(3099 3103 3131 3127)
4(499 3107 3135 503)
4(3107 3111 3139 3135)
4(3111 3115 3143 3139)
4(3115 3119 3147 3143)
4(3119 3123 3151 3147)
4(3123 3127 3155 3151)
4(3127 3131 3159 3155)
4(503 3135 3163 507)
4(3135 3139 3167 3163)
4(3139 3143 3171 3167)
4(3143 3147 3175 3171)
4(3147 3151 3179 3175)
4(3151 3155 3183 3179)
4(3155 3159 3187 3183)
4(507 3163 3191 511)
4(3163 3167 3195 3191)
4(3167 3171 3199 3195)
4(3171 3175 3203 3199)
4(3175 3179 3207 3203)
4(3179 3183 3211 3207)
4(3183 3187 3215 3211)
4(513 515 3223 3216)
4(3216 3223 3224 3217)
4(3217 3224 3225 3218)
4(3218 3225 3226 3219)
4(3219 3226 3227 3220)
4(3220 3227 3228 3221)
4(3221 3228 3229 3222)
4(2795 3222 3229 2823)
4(515 517 3230 3223)
4(3223 3230 3231 3224)
4(3224 3231 3232 3225)
4(3225 3232 3233 3226)
4(3226 3233 3234 3227)
4(3227 3234 3235 3228)
4(3228 3235 3236 3229)
4(2823 3229 3236 2851)
4(517 519 3237 3230)
4(3230 3237 3238 3231)
4(3231 3238 3239 3232)
4(3232 3239 3240 3233)
4(3233 3240 3241 3234)
4(3234 3241 3242 3235)
4(3235 3242 3243 3236)
4(2851 3236 3243 2879)
4(519 521 3244 3237)
4(3237 3244 3245 3238)
4(3238 3245 3246 3239)
4(3239 3246 3247 3240)
4(3240 3247 3248 3241)
4(3241 3248 3249 3242)
4(3242 3249 3250 3243)
4(2879 3243 3250 2907)
4(521 523 3251 3244)
4(3244 3251 3252 3245)
4(3245 3252 3253 3246)
4(3246 3253 3254 3247)
4(3247 3254 3255 3248)
4(3248 3255 3256 3249)
4(3249 3256 3257 3250)
4(2907 3250 3257 2935)
4(523 525 3258 3251)
4(3251 3258 3259 3252)
4(3252 3259 3260 3253)
4(3253 3260 3261 3254)
4(3254 3261 3262 3255)
4(3255 3262 3263 3256)
4(3256 3263 3264 3257)
4(2935 3257 3264 2963)
4(525 527 3265 3258)
4(3258 3265 3266 3259)
4(3259 3266 3267 3260)
4(3260 3267 3268 3261)
4(3261 3268 3269 3262)
4(3262 3269 3270 3263)
4(3263 3270 3271 3264)
4(2963 3264 3271 2991)
4(527 529 3272 3265)
4(3265 3272 3273 3266)
4(3266 3273 3274 3267)
4(3267 3274 3275 3268)
4(3268 3275 3276 3269)
4(3269 3276 3277 3270)
4(3270 3277 3278 3271)
4(2991 3271 3278 3019)
4(529 531 3279 3272)
4(3272 3279 3280 3273)
4(3273 3280 3281 3274)
4(3274 3281 3282 3275)
4(3275 3282 3283 3276)
4(3276 3283 3284 3277)
4(3277 3284 3285 3278)
4(3019 3278 3285 3047)
4(531 533 3286 3279)
4(3279 3286 3287 3280)
4(3280 3287 3288 3281)
4(3281 3288 3289 3282)
4(3282 3289 3290 3283)
4(3283 3290 3291 3284)
4(3284 3291 3292 3285)
4(3047 3285 3292 3075)
4(533 535 3293 3286)
4(3286 3293 3294 3287)
4(3287 3294 3295 3288)
4(3288 3295 3296 3289)
4(3289 3296 3297 3290)
4(3290 3297 3298 3291)
4(3291 3298 3299 3292)
4(3075 3292 3299 3103)
4(535 537 3300 3293)
4(3293 3300 3301 3294)
4(3294 3301 3302 3295)
4(3295 3302 3303 3296)
4(3296 3303 3304 3297)
4(3297 3304 3305 3298)
4(3298 3305 3306 3299)
4(3103 3299 3306 3131)
4(537 539 3307 3300)
4(3300 3307 3308 3301)
4(3301 3308 3309 3302)
4(3302 3309 3310 3303)
4(3303 3310 3311 3304)
4(3304 3311 3312 3305)
4(3305 3312 3313 3306)
4(3131 3306 3313 3159)
4(539 541 3314 3307)
4(3307 3314 3315 3308)
4(3308 3315 3316 3309)
4(3309 3316 3317 3310)
4(3310 3317 3318 3311)
4(3311 3318 3319 3312)
4(3312 3319 3320 3313)
4(3159 3313 3320 3187)
4(541 543 3321 3314)
4(3314 3321 3322 3315)
4(3315 3322 3323 3316)
4(3316 3323 3324 3317)
4(3317 3324 3325 3318)
4(3318 3325 3326 3319)
4(3319 3326 3327 3320)
4(3187 3320 3327 3215)
)


// ************************************************************************* //
